frame,wall_s,sim_time_s,frame_ms,cpu_ms,gpu_ms,gpu_available,steps,fixed_dt_s,sim_cpu_ms,sim_advanced_s,requested_warp,effective_warp,backlog_ms,bodies,vehicles,patches_visible,patches_wanted,jobs_in_flight,eye_speed_mps,detail_bias,lod_min,lod_max,wanted_lod_max,patches_generated,triangles,cache_hits,cache_misses,streaming_queued,assets_pending,rss_bytes,rails_advanced_s,server_compute_s,server_wall_s,server_effective_warp,lod_l0,lod_l1,lod_l2,lod_l3,lod_l4,lod_l5,lod_l6,lod_l7,lod_l8,lod_l9,lod_l10,lod_l11,lod_l12,lod_l13,lod_l14,lod_l15,lod_l16,lod_l17,scope:client.camera_ms,scope:client.celestial_visuals_ms,scope:client.hud_ms,scope:client.pilot_hud_ms,scope:client.pilot_preview_ms,scope:client.pilot_simulation_ms,scope:client.starfield_ms,scope:frame.cpu_ms,scope:render.atmosphere_ms,scope:sim.total_ms,scope:world.streaming_ms,scope:world.terrain_asset_upload_ms,scope:world.terrain_cbt_submit_ms,scope:world.terrain_counters_ms,scope:world.terrain_entity_sync_ms,scope:world.terrain_job_poll_ms,scope:world.terrain_selection_ms
1263,17.9781,0.0000,11.4198,5.8105,,true,0,0.008333,0.0000,0.0000,1.00,0.00,0.0000,22,1,295,295,0,0,100,1,11,11,0,246528,0,295,0,0,799395840,0.000000,0.000000,17.609471,0.00,0,2,4,25,17,20,26,13,24,55,97,12,0,0,0,0,0,0,0.0013,0.0491,0.0702,0.0044,0.0205,0.0704,0.0489,5.8105,0.0770,0.0000,1.0653,0.0033,0.0001,0.4176,0.0099,0.0031,0.0001
1264,17.9907,0.0000,12.0419,6.4053,,true,0,0.008333,0.0000,0.0000,1.00,0.00,0.0000,22,1,295,295,0,0,100,1,11,11,0,246528,0,295,0,0,799395840,0.000000,0.000000,17.609471,0.00,0,2,4,25,17,20,26,13,24,55,97,12,0,0,0,0,0,0,0.0013,0.0552,0.0677,0.0056,0.0286,0.0856,0.0455,6.4053,0.0759,0.0000,1.0927,0.0213,0.0001,0.4187,0.0082,0.0206,0.0001
1265,18.0024,0.0000,12.3326,5.6149,,true,0,0.008333,0.0000,0.0000,1.00,0.00,0.0000,22,1,295,295,0,0,100,1,11,11,0,246528,0,295,0,0,799399936,0.000000,0.000000,17.609471,0.00,0,2,4,25,17,20,26,13,24,55,97,12,0,0,0,0,0,0,0.0022,0.0562,0.0688,0.0068,0.0256,0.0900,0.0491,5.6149,0.0783,0.0000,1.0458,0.0025,0.0001,0.4073,0.0104,0.0027,0.0001
1266,18.0141,0.0000,11.9261,5.7278,,true,0,0.008333,0.0000,0.0000,1.00,0.00,0.0000,22,1,295,295,0,0,100,1,11,11,0,246528,0,295,0,0,799399936,0.000000,0.000000,17.609471,0.00,0,2,4,25,17,20,26,13,24,55,97,12,0,0,0,0,0,0,0.0015,0.0532,0.0667,0.0059,0.0219,0.0768,0.0459,5.7278,0.0703,0.0000,1.0105,0.0041,0.0001,0.4092,0.0104,0.0062,0.0002
1267,18.0249,0.0000,10.5361,5.8713,,true,0,0.008333,0.0000,0.0000,1.00,0.00,0.0000,22,1,295,295,0,0,100,1,11,11,0,246528,0,295,0,0,799399936,0.000000,0.000000,17.609471,0.00,0,2,4,25,17,20,26,13,24,55,97,12,0,0,0,0,0,0,0.0018,0.0496,0.0669,0.0048,0.0236,0.0695,0.0457,5.8713,0.0772,0.0000,1.0324,0.0040,0.0001,0.4007,0.0089,0.0061,0.0002
1268,18.0371,0.0000,11.9196,5.9396,,true,0,0.008333,0.0000,0.0000,1.00,0.00,0.0000,22,1,295,295,0,0,100,1,11,11,0,246528,0,295,0,0,799399936,0.000000,0.000000,17.609471,0.00,0,2,4,25,17,20,26,13,24,55,97,12,0,0,0,0,0,0,0.0014,0.0476,0.0666,0.0043,0.0195,0.0653,0.0469,5.9396,0.0759,0.0000,0.9935,0.0034,0.0001,0.3982,0.0102,0.0053,0.0002
1269,18.0478,0.0000,11.1353,5.7931,,true,0,0.008333,0.0000,0.0000,1.00,0.00,0.0000,22,1,295,295,0,0,100,1,11,11,0,246528,0,295,0,0,799399936,0.000000,0.000000,17.609471,0.00,0,2,4,25,17,20,26,13,24,55,97,12,0,0,0,0,0,0,0.0031,0.0463,0.0720,0.0049,0.0245,0.0780,0.0512,5.7931,0.0888,0.0000,1.1052,0.0054,0.0001,0.4785,0.0085,0.0066,0.0002
1270,18.0598,0.0000,11.6529,5.9642,,true,0,0.008333,0.0000,0.0000,1.00,0.00,0.0000,22,1,295,295,0,0,100,1,11,11,0,246528,0,295,0,0,799399936,0.000000,0.000000,17.609471,0.00,0,2,4,25,17,20,26,13,24,55,97,12,0,0,0,0,0,0,0.0018,0.0596,0.0663,0.0046,0.0278,0.1153,0.0485,5.9642,0.0837,0.0000,1.0551,0.0052,0.0003,0.4062,0.0117,0.0061,0.0002
1271,18.0894,0.0000,12.5709,23.1238,,true,0,0.008333,0.0000,0.0000,1.00,0.00,0.0000,22,1,295,295,0,0,100,1,11,11,0,246528,0,295,0,0,799399936,0.000000,0.000000,17.609471,0.00,0,2,4,25,17,20,26,13,24,55,97,12,0,0,0,0,0,0,0.0019,0.0548,0.1119,0.0051,0.0204,0.0686,0.0458,23.1238,0.0834,0.0000,17.6566,0.0036,1.0764,0.4025,0.0322,0.0052,15.4822
1272,18.0970,0.0000,10.9047,6.1643,,true,0,0.008333,0.0000,0.0000,1.00,0.00,0.0000,22,1,295,295,0,0,100,1,11,11,0,246528,0,295,0,0,799399936,0.000000,0.000000,17.609471,0.00,0,2,4,25,17,20,26,13,24,55,97,12,0,0,0,0,0,0,0.0032,0.0743,0.0622,0.0073,0.0236,0.0630,0.0835,6.1643,0.0641,0.0000,1.0422,0.0057,0.0003,0.3100,0.0276,0.0067,0.0002
1273,18.1050,0.0000,22.5496,5.5508,,true,0,0.008333,0.0000,0.0000,1.00,0.00,0.0000,22,1,295,295,0,0,100,1,11,11,0,246528,0,295,0,0,799399936,0.000000,0.000000,17.609471,0.00,0,2,4,25,17,20,26,13,24,55,97,12,0,0,0,0,0,0,0.0039,0.0402,0.1083,0.0066,0.0229,0.0645,0.0500,5.5508,0.0656,0.0000,0.8388,0.0061,0.0001,0.2895,0.0137,0.0072,0.0001
1274,18.1119,0.0000,5.9532,5.4952,,true,0,0.008333,0.0000,0.0000,1.00,0.00,0.0000,22,1,295,295,0,0,100,1,11,11,0,246528,0,295,0,0,799399936,0.000000,0.000000,17.609471,0.00,0,2,4,25,17,20,26,13,24,55,97,12,0,0,0,0,0,0,0.0024,0.0551,0.0581,0.0087,0.0382,0.0855,0.0562,5.4952,0.0810,0.0000,0.8349,0.0060,0.0001,0.3122,0.0083,0.0065,0.0001
1275,18.1189,0.0000,7.5842,5.5452,,true,0,0.008333,0.0000,0.0000,1.00,0.00,0.0000,22,1,295,295,0,0,100,1,11,11,0,246528,0,295,0,0,799404032,0.000000,0.000000,17.609471,0.00,0,2,4,25,17,20,26,13,24,55,97,12,0,0,0,0,0,0,0.0017,0.0517,0.0644,0.0042,0.0297,0.0694,0.0430,5.5452,0.0729,0.0000,1.0099,0.0052,0.0001,0.3976,0.0096,0.0044,0.0001
1276,18.1323,0.0000,12.6959,6.1196,,true,0,0.008333,0.0000,0.0000,1.00,0.00,0.0000,22,1,295,295,0,0,100,1,11,11,0,246528,0,295,0,0,799404032,0.000000,0.000000,17.609471,0.00,0,2,4,25,17,20,26,13,24,55,97,12,0,0,0,0,0,0,0.0016,0.0468,0.0682,0.0038,0.0227,0.0754,0.0452,6.1196,0.0740,0.0000,1.0388,0.0039,0.0001,0.3931,0.0100,0.0056,0.0002
1277,18.1429,0.0000,11.0505,5.7570,,true,0,0.008333,0.0000,0.0000,1.00,0.00,0.0000,22,1,295,295,0,0,100,1,11,11,0,246528,0,295,0,0,799404032,0.000000,0.000000,17.609471,0.00,0,2,4,25,17,20,26,13,24,55,97,12,0,0,0,0,0,0,0.0016,0.0519,0.0634,0.0050,0.0192,0.0815,0.0482,5.7570,0.0766,0.0000,1.0108,0.0048,0.0001,0.3909,0.0115,0.0052,0.0002
1278,18.1572,0.0000,12.5991,7.5391,,true,0,0.008333,0.0000,0.0000,1.00,0.00,0.0000,22,1,295,295,0,0,100,1,11,11,0,246528,0,295,0,0,799404032,0.000000,0.000000,17.609471,0.00,0,2,4,25,17,20,26,13,24,55,97,12,0,0,0,0,0,0,0.0019,0.0591,0.1039,0.0188,0.0243,0.0780,0.0743,7.5391,0.0783,0.0000,1.5216,0.0040,0.0001,0.6432,0.0117,0.0058,0.0002
1279,18.1676,0.0000,11.8748,6.0781,,true,0,0.008333,0.0000,0.0000,1.00,0.00,0.0000,22,1,295,295,0,0,100,1,11,11,0,246528,0,295,0,0,799404032,0.000000,0.000000,17.609471,0.00,0,2,4,25,17,20,26,13,24,55,97,12,0,0,0,0,0,0,0.0016,0.0558,0.0674,0.0058,0.0252,0.0860,0.0589,6.0781,0.0728,0.0000,0.9875,0.0047,0.0001,0.3934,0.0086,0.0044,0.0001
1280,18.1799,0.0000,12.4621,5.8428,,true,0,0.008333,0.0000,0.0000,1.00,0.00,0.0000,22,1,295,295,0,0,100,1,11,11,0,246528,0,295,0,0,799404032,0.000000,0.000000,17.609471,0.00,0,2,4,25,17,20,26,13,24,55,97,12,0,0,0,0,0,0,0.0014,0.0472,0.0795,0.0057,0.0239,0.0734,0.0440,5.8428,0.0834,0.0000,0.9933,0.0037,0.0001,0.3947,0.0093,0.0060,0.0001
1281,18.1956,0.0000,13.2899,8.0332,,true,0,0.008333,0.0000,0.0000,1.00,0.00,0.0000,22,1,295,295,0,0,100,1,11,11,0,246528,0,295,0,0,799404032,0.000000,0.000000,17.915610,0.00,0,2,4,25,17,20,26,13,24,55,97,12,0,0,0,0,0,0,0.0017,0.0542,0.0574,0.0060,0.0214,0.2616,0.0516,8.0332,0.0643,0.0000,0.9769,0.0047,0.0001,0.3783,0.0080,0.0068,0.0001
1282,18.2064,0.0000,12.8207,6.2275,,true,0,0.008333,0.0000,0.0000,1.00,0.00,0.0000,22,1,295,295,0,0,100,1,11,11,0,246528,0,295,0,0,799404032,0.000000,0.000000,17.915610,0.00,0,2,4,25,17,20,26,13,24,55,97,12,0,0,0,0,0,0,0.0016,0.0510,0.0599,0.0057,0.0114,0.0792,0.0458,6.2275,0.1048,0.0000,0.9561,0.0035,0.0001,0.3831,0.0087,0.0056,0.0001
1283,18.2168,0.0000,10.7725,6.0054,,true,0,0.008333,0.0000,0.0000,1.00,0.00,0.0000,22,1,295,295,0,0,100,1,11,11,0,246528,0,295,0,0,799404032,0.000000,0.000000,17.915610,0.00,0,2,4,25,17,20,26,13,24,55,97,12,0,0,0,0,0,0,0.0015,0.0516,0.0762,0.0053,0.0251,0.1145,0.0374,6.0054,0.0901,0.0000,0.8292,0.0057,0.0001,0.3032,0.0130,0.0059,0.0004
1284,18.2290,0.0000,12.3781,5.4212,,true,0,0.008333,0.0000,0.0000,1.00,0.00,0.0000,22,1,295,295,0,0,100,1,11,11,0,246528,0,295,0,0,799408128,0.000000,0.000000,17.915610,0.00,0,2,4,25,17,20,26,13,24,55,97,12,0,0,0,0,0,0,0.0015,0.0561,0.0555,0.0047,0.0215,0.0674,0.0623,5.4212,0.0729,0.0000,0.7301,0.0014,0.0001,0.2872,0.0096,0.0020,0.0001
1285,18.2403,0.0000,11.1622,5.9507,,true,0,0.008333,0.0000,0.0000,1.00,0.00,0.0000,22,1,295,295,0,0,100,1,11,11,0,246528,0,295,0,0,799408128,0.000000,0.000000,17.915610,0.00,0,2,4,25,17,20,26,13,24,55,97,12,0,0,0,0,0,0,0.0012,0.0672,0.0667,0.0048,0.0247,0.0857,0.0445,5.9507,0.0755,0.0000,1.0379,0.0048,0.0001,0.3990,0.0085,0.0060,0.0001
1286,18.2558,0.0000,12.4052,7.3349,,true,0,0.008333,0.0000,0.0000,1.00,0.00,0.0000,22,1,295,295,0,0,100,1,11,11,0,246528,0,295,0,0,799408128,0.000000,0.000000,17.915610,0.00,0,2,4,25,17,20,26,13,24,55,97,12,0,0,0,0,0,0,0.0026,0.0595,0.0664,0.0041,0.0248,0.0854,0.0562,7.3349,0.0732,0.0000,1.0787,0.0040,0.0001,0.3691,0.0163,0.0061,0.0002
1287,18.2675,0.0000,13.4162,7.1674,,true,0,0.008333,0.0000,0.0000,1.00,0.00,0.0000,22,1,295,295,0,0,100,1,11,11,0,246528,0,295,0,0,799408128,0.000000,0.000000,17.915610,0.00,0,2,4,25,17,20,26,13,24,55,97,12,0,0,0,0,0,0,0.0018,0.0426,0.0743,0.0048,0.0186,0.0742,0.0432,7.1674,0.0804,0.0000,1.0809,0.0046,0.0001,0.4362,0.0135,0.0053,0.0002
1288,18.2801,0.0000,13.3091,5.9870,,true,0,0.008333,0.0000,0.0000,1.00,0.00,0.0000,22,1,295,295,0,0,100,1,11,11,0,246528,0,295,0,0,799408128,0.000000,0.000000,17.915610,0.00,0,2,4,25,17,20,26,13,24,55,97,12,0,0,0,0,0,0,0.0022,0.0608,0.0611,0.0052,0.0244,0.0938,0.0391,5.9870,0.0805,0.0000,0.8052,0.0053,0.0001,0.2845,0.0086,0.0054,0.0001
1289,18.2918,0.0000,12.0243,6.6892,,true,0,0.008333,0.0000,0.0000,1.00,0.00,0.0000,22,1,295,295,0,0,100,1,11,11,0,246528,0,295,0,0,799408128,0.000000,0.000000,17.915610,0.00,0,2,4,25,17,20,26,13,24,55,97,12,0,0,0,0,0,0,0.0025,0.1047,0.0961,0.0040,0.0252,0.0979,0.0501,6.6892,0.0926,0.0000,1.4170,0.0065,0.0001,0.5546,0.0108,0.0049,0.0005
1290,18.3055,0.0000,13.8703,5.9956,,true,0,0.008333,0.0000,0.0000,1.00,0.00,0.0000,22,1,295,295,0,0,100,1,11,11,0,246528,0,295,0,0,799408128,0.000000,0.000000,17.915610,0.00,0,2,4,25,17,20,26,13,24,55,97,12,0,0,0,0,0,0,0.0012,0.0569,0.0618,0.0047,0.0239,0.0848,0.0407,5.9956,0.0690,0.0000,0.9358,0.0040,0.0002,0.3786,0.0085,0.0044,0.0001
1291,18.3165,0.0000,10.7474,6.4691,,true,0,0.008333,0.0000,0.0000,1.00,0.00,0.0000,22,1,295,295,0,0,100,1,11,11,0,246528,0,295,0,0,799408128,0.000000,0.000000,17.915610,0.00,0,2,4,25,17,20,26,13,24,55,97,12,0,0,0,0,0,0,0.0042,0.0432,0.0735,0.0042,0.0254,0.1393,0.0371,6.4691,0.0839,0.0000,0.8028,0.0052,0.0001,0.2813,0.0103,0.0058,0.0002
1292,18.3288,0.0000,12.4740,5.9440,,true,0,0.008333,0.0000,0.0000,1.00,0.00,0.0000,22,1,295,295,0,0,100,1,11,11,0,246528,0,295,0,0,799408128,0.000000,0.000000,17.915610,0.00,0,2,4,25,17,20,26,13,24,55,97,12,0,0,0,0,0,0,0.0013,0.0588,0.0642,0.0058,0.0273,0.0797,0.0429,5.9440,0.0743,0.0000,0.9738,0.0045,0.0001,0.3682,0.0096,0.0066,0.0001
1293,18.3396,0.0000,11.2002,5.6445,,true,0,0.008333,0.0000,0.0000,1.00,0.00,0.0000,22,1,295,295,0,0,100,1,11,11,0,246528,0,295,0,0,799453184,0.000000,0.000000,17.915610,0.00,0,2,4,25,17,20,26,13,24,55,97,12,0,0,0,0,0,0,0.0015,0.0464,0.0710,0.0055,0.0239,0.0926,0.0372,5.6445,0.0786,0.0000,0.8028,0.0036,0.0001,0.3078,0.0088,0.0049,0.0001
1294,18.3519,0.0000,11.5925,6.3058,,true,0,0.008333,0.0000,0.0000,1.00,0.00,0.0000,22,1,295,295,0,0,100,1,11,11,0,246528,0,295,0,0,799453184,0.000000,0.000000,17.915610,0.00,0,2,4,25,17,20,26,13,24,55,97,12,0,0,0,0,0,0,0.0014,0.0519,0.0799,0.0061,0.0232,0.0867,0.0472,6.3058,0.1576,0.0000,1.1709,0.0043,0.0001,0.4420,0.0186,0.0070,0.0002
1295,18.3647,0.0000,12.7912,6.1297,,true,0,0.008333,0.0000,0.0000,1.00,0.00,0.0000,22,1,295,295,0,0,100,1,11,11,0,246528,0,295,0,0,799510528,0.000000,0.000000,17.915610,0.00,0,2,4,25,17,20,26,13,24,55,97,12,0,0,0,0,0,0,0.0018,0.0452,0.0588,0.0045,0.0263,0.0850,0.0362,6.1297,0.0847,0.0000,0.8136,0.0050,0.0001,0.3178,0.0091,0.0049,0.0001
1296,18.3760,0.0000,11.4539,6.3614,,true,0,0.008333,0.0000,0.0000,1.00,0.00,0.0000,22,1,295,295,0,0,100,1,11,11,0,246528,0,295,0,0,799633408,0.000000,0.000000,17.915610,0.00,0,2,4,25,17,20,26,13,24,55,97,12,0,0,0,0,0,0,0.0016,0.0463,0.0732,0.0059,0.0220,0.0831,0.0504,6.3614,0.0918,0.0000,1.1866,0.0051,0.0001,0.4532,0.0152,0.0063,0.0003
1297,18.3905,0.0000,12.7511,7.8203,,true,0,0.008333,0.0000,0.0000,1.00,0.00,0.0000,22,1,295,295,0,0,100,1,11,11,0,246528,0,295,0,0,799633408,0.000000,0.000000,17.915610,0.00,0,2,4,25,17,20,26,13,24,55,97,12,0,0,0,0,0,0,0.0019,0.0467,0.0792,0.0058,0.0239,0.0783,0.0449,7.8203,0.0929,0.0000,1.2013,0.0045,0.0001,0.3996,0.0127,0.0062,0.0001
1298,18.4031,0.0000,13.0110,7.6608,,true,0,0.008333,0.0000,0.0000,1.00,0.00,0.0000,22,1,295,295,0,0,100,1,11,11,0,246528,0,295,0,0,799633408,0.000000,0.000000,17.915610,0.00,0,2,4,25,17,20,26,13,24,55,97,12,0,0,0,0,0,0,0.0028,0.0595,0.0733,0.0061,0.0292,0.1046,0.0444,7.6608,0.0826,0.0000,1.1640,0.0049,0.0001,0.3752,0.0113,0.0084,0.0001
1299,18.4161,0.0000,13.7453,6.5159,,true,0,0.008333,0.0000,0.0000,1.00,0.00,0.0000,22,1,295,295,0,0,100,1,11,11,0,246528,0,295,0,0,799633408,0.000000,0.000000,17.915610,0.00,0,2,4,25,17,20,26,13,24,55,97,12,0,0,0,0,0,0,0.0021,0.0553,0.0614,0.0072,0.0239,0.0901,0.0430,6.5159,0.0682,0.0000,0.9920,0.0060,0.0001,0.3640,0.0103,0.0059,0.0005
1300,18.4252,0.0000,10.8668,5.2016,,true,0,0.008333,0.0000,0.0000,1.00,0.00,0.0000,22,1,295,295,0,0,100,1,11,11,0,246528,0,295,0,0,799633408,0.000000,0.000000,17.915610,0.00,0,2,4,25,17,20,26,13,24,55,97,12,0,0,0,0,0,0,0.0010,0.0382,0.0625,0.0043,0.0205,0.0655,0.0386,5.2016,0.0766,0.0000,0.8982,0.0046,0.0001,0.3697,0.0080,0.0054,0.0001
1301,18.4409,0.0000,13.9742,6.3721,,true,0,0.008333,0.0000,0.0000,1.00,0.00,0.0000,22,1,295,295,0,0,100,1,11,11,0,246528,0,295,0,0,799633408,0.000000,0.000000,17.915610,0.00,0,2,4,25,17,20,26,13,24,55,97,12,0,0,0,0,0,0,0.0021,0.0513,0.0614,0.0040,0.0254,0.0859,0.0433,6.3721,0.0711,0.0000,0.9995,0.0036,0.0001,0.3824,0.0098,0.0075,0.0001
1302,18.4521,0.0000,11.2785,6.6651,,true,0,0.008333,0.0000,0.0000,1.00,0.00,0.0000,22,1,295,295,0,0,100,1,11,11,0,246528,0,295,0,0,799633408,0.000000,0.000000,17.915610,0.00,0,2,4,25,17,20,26,13,24,55,97,12,0,0,0,0,0,0,0.0031,0.0609,0.0769,0.0058,0.0279,0.0816,0.0430,6.6651,0.0771,0.0000,0.9516,0.0019,0.0001,0.3523,0.0110,0.0033,0.0001
1303,18.4651,0.0000,14.1320,5.5939,,true,0,0.008333,0.0000,0.0000,1.00,0.00,0.0000,22,1,295,295,0,0,100,1,11,11,0,246528,0,295,0,0,799637504,0.000000,0.000000,17.915610,0.00,0,2,4,25,17,20,26,13,24,55,97,12,0,0,0,0,0,0,0.0011,0.0371,0.0618,0.0040,0.0207,0.0484,0.0407,5.5939,0.0619,0.0000,0.9474,0.0033,0.0001,0.3676,0.0080,0.0053,0.0001
1304,18.4753,0.0000,10.0360,5.8530,,true,0,0.008333,0.0000,0.0000,1.00,0.00,0.0000,22,1,295,295,0,0,100,1,11,11,0,246528,0,295,0,0,799637504,0.000000,0.000000,17.915610,0.00,0,2,4,25,17,20,26,13,24,55,97,12,0,0,0,0,0,0,0.0013,0.0555,0.0599,0.0041,0.0237,0.0695,0.0476,5.8530,0.0724,0.0000,0.9075,0.0043,0.0001,0.3577,0.0095,0.0051,0.0001
1305,18.4886,0.0000,12.7190,6.3636,,true,0,0.008333,0.0000,0.0000,1.00,0.00,0.0000,22,1,295,295,0,0,100,1,11,11,0,246528,0,295,0,0,799637504,0.000000,0.000000,18.221083,0.00,0,2,4,25,17,20,26,13,24,55,97,12,0,0,0,0,0,0,0.0014,0.0496,0.0634,0.0045,0.0246,0.2844,0.0435,6.3636,0.0770,0.0000,0.9375,0.0029,0.0001,0.3704,0.0095,0.0066,0.0001
1306,18.5039,0.0000,11.5273,9.7119,,true,0,0.008333,0.0000,0.0000,1.00,0.00,0.0000,22,1,295,295,0,0,100,1,11,11,0,246528,0,295,0,0,799637504,0.000000,0.000000,18.221083,0.00,0,2,4,25,17,20,26,13,24,55,97,12,0,0,0,0,0,0,0.0017,0.2523,0.0689,0.0092,0.0423,0.0888,0.1072,9.7119,0.0792,0.0000,1.2404,0.0110,0.0001,0.4068,0.0176,0.0105,0.0001
1307,18.5141,0.0000,14.5276,5.6925,,true,0,0.008333,0.0000,0.0000,1.00,0.00,0.0000,22,1,295,295,0,0,100,1,11,11,0,246528,0,295,0,0,799637504,0.000000,0.000000,18.221083,0.00,0,2,4,25,17,20,26,13,24,55,97,12,0,0,0,0,0,0,0.0011,0.0451,0.0787,0.0022,0.0242,0.0812,0.0419,5.6925,0.0679,0.0000,0.9073,0.0044,0.0001,0.3517,0.0086,0.0061,0.0001
1308,18.5249,0.0000,10.8367,5.6514,,true,0,0.008333,0.0000,0.0000,1.00,0.00,0.0000,22,1,295,295,0,0,100,1,11,11,0,246528,0,295,0,0,799637504,0.000000,0.000000,18.221083,0.00,0,2,4,25,17,20,26,13,24,55,97,12,0,0,0,0,0,0,0.0017,0.0456,0.0599,0.0043,0.0235,0.0689,0.0440,5.6514,0.0757,0.0000,0.8825,0.0044,0.0001,0.3466,0.0081,0.0126,0.0001
1309,18.5361,0.0000,11.8929,5.0227,,true,0,0.008333,0.0000,0.0000,1.00,0.00,0.0000,22,1,295,295,0,0,100,1,11,11,0,246528,0,295,0,0,799637504,0.000000,0.000000,18.221083,0.00,0,2,4,25,17,20,26,13,24,55,97,12,0,0,0,0,0,0,0.0016,0.0452,0.0571,0.0048,0.0224,0.0846,0.0460,5.0227,0.0665,0.0000,0.8696,0.0021,0.0001,0.3481,0.0069,0.0025,0.0001
1310,18.5474,0.0000,11.2188,5.2647,,true,0,0.008333,0.0000,0.0000,1.00,0.00,0.0000,22,1,295,295,0,0,100,1,11,11,0,246528,0,295,0,0,799637504,0.000000,0.000000,18.221083,0.00,0,2,4,25,17,20,26,13,24,55,97,12,0,0,0,0,0,0,0.0017,0.0551,0.0592,0.0048,0.0198,0.0757,0.0384,5.2647,0.1073,0.0000,0.7917,0.0048,0.0001,0.2861,0.0082,0.0064,0.0001
1311,18.5584,0.0000,10.7975,5.6130,,true,0,0.008333,0.0000,0.0000,1.00,0.00,0.0000,22,1,295,295,0,0,100,1,11,11,0,246528,0,295,0,0,799637504,0.000000,0.000000,18.221083,0.00,0,2,4,25,17,20,26,13,24,55,97,12,0,0,0,0,0,0,0.0012,0.0436,0.0737,0.0051,0.0237,0.0707,0.0419,5.6130,0.0866,0.0000,0.9017,0.0044,0.0001,0.3683,0.0078,0.0056,0.0001
1312,18.5705,0.0000,12.0858,5.3529,,true,0,0.008333,0.0000,0.0000,1.00,0.00,0.0000,22,1,295,295,0,0,100,1,11,11,0,246528,0,295,0,0,799641600,0.000000,0.000000,18.221083,0.00,0,2,4,25,17,20,26,13,24,55,97,12,0,0,0,0,0,0,0.0011,0.0494,0.0798,0.0043,0.0172,0.0809,0.0437,5.3529,0.0832,0.0000,0.9318,0.0038,0.0001,0.3546,0.0097,0.0065,0.0001
1313,18.5819,0.0000,11.2803,5.4783,,true,0,0.008333,0.0000,0.0000,1.00,0.00,0.0000,22,1,295,295,0,0,100,1,11,11,0,246528,0,295,0,0,799641600,0.000000,0.000000,18.221083,0.00,0,2,4,25,17,20,26,13,24,55,97,12,0,0,0,0,0,0,0.0017,0.0505,0.0628,0.0074,0.0197,0.0809,0.0426,5.4783,0.0734,0.0000,0.9423,0.0041,0.0001,0.3466,0.0088,0.0069,0.0001
1314,18.5946,0.0000,12.3461,5.6256,,true,0,0.008333,0.0000,0.0000,1.00,0.00,0.0000,22,1,295,295,0,0,100,1,11,11,0,246528,0,295,0,0,799641600,0.000000,0.000000,18.221083,0.00,0,2,4,25,17,20,26,13,24,55,97,12,0,0,0,0,0,0,0.0015,0.0525,0.0613,0.0054,0.0259,0.0710,0.0405,5.6256,0.0735,0.0000,0.9081,0.0051,0.0001,0.3529,0.0094,0.0067,0.0001
1315,18.6080,0.0000,12.2089,6.9429,,true,0,0.008333,0.0000,0.0000,1.00,0.00,0.0000,22,1,295,295,0,0,100,1,11,11,0,246528,0,295,0,0,799641600,0.000000,0.000000,18.221083,0.00,0,2,4,25,17,20,26,13,24,55,97,12,0,0,0,0,0,0,0.0013,0.0559,0.0740,0.0043,0.0272,0.0864,0.0405,6.9429,0.0930,0.0000,0.8702,0.0040,0.0001,0.3185,0.0144,0.0058,0.0001
1316,18.6200,0.0000,13.2307,5.7731,,true,0,0.008333,0.0000,0.0000,1.00,0.00,0.0000,22,1,295,295,0,0,100,1,11,11,0,246528,0,295,0,0,799641600,0.000000,0.000000,18.221083,0.00,0,2,4,25,17,20,26,13,24,55,97,12,0,0,0,0,0,0,0.0013,0.0305,0.0652,0.0055,0.0234,0.0761,0.0416,5.7731,0.0793,0.0000,0.8886,0.0031,0.0001,0.3496,0.0090,0.0058,0.0001
1317,18.6323,0.0000,11.9313,5.8371,,true,0,0.008333,0.0000,0.0000,1.00,0.00,0.0000,22,1,295,295,0,0,100,1,11,11,0,246528,0,295,0,0,799641600,0.000000,0.000000,18.221083,0.00,0,2,4,25,17,20,26,13,24,55,97,12,0,0,0,0,0,0,0.0014,0.0487,0.0702,0.0032,0.0219,0.0784,0.0553,5.8371,0.0809,0.0000,0.9518,0.0047,0.0001,0.3528,0.0089,0.0052,0.0001
1318,18.6433,0.0000,11.3540,5.8638,,true,0,0.008333,0.0000,0.0000,1.00,0.00,0.0000,22,1,295,295,0,0,100,1,11,11,0,246528,0,295,0,0,799641600,0.000000,0.000000,18.221083,0.00,0,2,4,25,17,20,26,13,24,55,97,12,0,0,0,0,0,0,0.0016,0.0509,0.0871,0.0043,0.0277,0.0895,0.0423,5.8638,0.0746,0.0000,1.1301,0.0050,0.0001,0.4179,0.0089,0.0042,0.0002
1319,18.6552,0.0000,12.0668,5.6717,,true,0,0.008333,0.0000,0.0000,1.00,0.00,0.0000,22,1,295,295,0,0,100,1,11,11,0,246528,0,295,0,0,799641600,0.000000,0.000000,18.221083,0.00,0,2,4,25,17,20,26,13,24,55,97,12,0,0,0,0,0,0,0.0018,0.0681,0.0621,0.0057,0.0263,0.0919,0.0411,5.6717,0.0779,0.0000,0.9053,0.0039,0.0001,0.3523,0.0098,0.0065,0.0001
1320,18.6717,0.0000,12.9439,8.9393,,true,0,0.008333,0.0000,0.0000,1.00,0.00,0.0000,22,1,295,295,0,0,100,1,11,11,0,246528,0,295,0,0,799641600,0.000000,0.000000,18.221083,0.00,0,2,4,25,17,20,26,13,24,55,97,12,0,0,0,0,0,0,0.0011,0.0552,0.0688,0.0053,0.0170,0.1011,0.0554,8.9393,0.1043,0.0000,0.8966,0.0038,0.0001,0.3460,0.0139,0.0054,0.0001
1321,18.6852,0.0000,14.1867,8.2635,,true,0,0.008333,0.0000,0.0000,1.00,0.00,0.0000,22,1,295,295,0,0,100,1,11,11,0,246528,0,295,0,0,799645696,0.000000,0.000000,18.221083,0.00,0,2,4,25,17,20,26,13,24,55,97,12,0,0,0,0,0,0,0.0021,0.0872,0.0702,0.0087,0.0450,0.1389,0.0543,8.2635,0.0637,0.0000,1.1958,0.0043,0.0001,0.3450,0.0121,0.0096,0.0001
1322,18.7001,0.0000,14.1503,7.9163,,true,0,0.008333,0.0000,0.0000,1.00,0.00,0.0000,22,1,295,295,0,0,100,1,11,11,0,246528,0,295,0,0,799645696,0.000000,0.000000,18.221083,0.00,0,2,4,25,17,20,26,13,24,55,97,12,0,0,0,0,0,0,0.0026,0.0438,0.1437,0.0052,0.0299,0.0794,0.0395,7.9163,0.1001,0.0000,0.9906,0.0022,0.0001,0.4522,0.0082,0.0026,0.0001
1323,18.7120,0.0000,12.1602,8.7972,,true,0,0.008333,0.0000,0.0000,1.00,0.00,0.0000,22,1,295,295,0,0,100,1,11,11,0,246528,0,295,0,0,799645696,0.000000,0.000000,18.221083,0.00,0,2,4,25,17,20,26,13,24,55,97,12,0,0,0,0,0,0,0.0014,0.0619,0.0700,0.0051,0.0318,0.0974,0.0452,8.7972,0.0836,0.0000,1.0627,0.0071,0.0001,0.3962,0.0118,0.0057,0.0001
1324,18.7262,0.0000,15.8254,7.1626,,true,0,0.008333,0.0000,0.0000,1.00,0.00,0.0000,22,1,295,295,0,0,100,1,11,11,0,246528,0,295,0,0,799645696,0.000000,0.000000,18.221083,0.00,0,2,4,25,17,20,26,13,24,55,97,12,0,0,0,0,0,0,0.0016,0.0558,0.0898,0.0037,0.0229,0.0684,0.0477,7.1626,0.0952,0.0000,1.2888,0.0043,0.0001,0.5538,0.0047,0.0048,0.0002
1325,18.7347,0.0000,9.9072,5.8575,,true,0,0.008333,0.0000,0.0000,1.00,0.00,0.0000,22,1,295,295,0,0,100,1,11,11,0,246528,0,295,0,0,799645696,0.000000,0.000000,18.221083,0.00,0,2,4,25,17,20,26,13,24,55,97,12,0,0,0,0,0,0,0.0020,0.0575,0.0882,0.0050,0.0277,0.0860,0.0440,5.8575,0.0970,0.0000,1.0888,0.0041,0.0001,0.4118,0.0133,0.0051,0.0002
1326,18.7502,0.0000,12.9236,8.4595,,true,0,0.008333,0.0000,0.0000,1.00,0.00,0.0000,22,1,295,295,0,0,100,1,11,11,0,246528,0,295,0,0,799645696,0.000000,0.000000,18.221083,0.00,0,2,4,25,17,20,26,13,24,55,97,12,0,0,0,0,0,0,0.0012,0.0505,0.0862,0.0054,0.0275,0.1110,0.0381,8.4595,0.0779,0.0000,1.1041,0.0039,0.0001,0.4118,0.0141,0.0068,0.0001
1327,18.7651,0.0000,15.3296,7.0629,,true,0,0.008333,0.0000,0.0000,1.00,0.00,0.0000,22,1,295,295,0,0,100,1,11,11,0,246528,0,295,0,0,799645696,0.000000,0.000000,18.221083,0.00,0,2,4,25,17,20,26,13,24,55,97,12,0,0,0,0,0,0,0.0020,0.0446,0.0475,0.0057,0.0292,0.0868,0.0400,7.0629,0.0520,0.0000,0.8475,0.0038,0.0001,0.3360,0.0063,0.0050,0.0001
1328,18.7752,0.0000,12.0286,6.0834,,true,0,0.008333,0.0000,0.0000,1.00,0.00,0.0000,22,1,295,295,0,0,100,1,11,11,0,246528,0,295,0,0,799645696,0.000000,0.000000,18.221083,0.00,0,2,4,25,17,20,26,13,24,55,97,12,0,0,0,0,0,0,0.0014,0.0466,0.0560,0.0042,0.0212,0.0577,0.0417,6.0834,0.0605,0.0000,0.8931,0.0036,0.0001,0.3422,0.0103,0.0047,0.0001
1329,18.7860,0.0000,10.9086,6.1085,,true,0,0.008333,0.0000,0.0000,1.00,0.00,0.0000,22,1,295,295,0,0,100,1,11,11,0,246528,0,295,0,0,799645696,0.000000,0.000000,18.221083,0.00,0,2,4,25,17,20,26,13,24,55,97,12,0,0,0,0,0,0,0.0017,0.0413,0.0617,0.0055,0.0221,0.0866,0.0418,6.1085,0.0702,0.0000,0.8685,0.0045,0.0001,0.3384,0.0088,0.0057,0.0001
1330,18.7992,0.0000,12.7316,6.5383,,true,0,0.008333,0.0000,0.0000,1.00,0.00,0.0000,22,1,295,295,0,0,100,1,11,11,0,246528,0,295,0,0,799649792,0.000000,0.000000,18.526806,0.00,0,2,4,25,17,20,26,13,24,55,97,12,0,0,0,0,0,0,0.0018,0.0524,0.0838,0.0069,0.0272,0.2778,0.0403,6.5383,0.1030,0.0000,0.9576,0.0053,0.0001,0.2960,0.0149,0.0058,0.0001
1331,18.8126,0.0000,12.8394,6.7719,,true,0,0.008333,0.0000,0.0000,1.00,0.00,0.0000,22,1,295,295,0,0,100,1,11,11,0,246528,0,295,0,0,799649792,0.000000,0.000000,18.526806,0.00,0,2,4,25,17,20,26,13,24,55,97,12,0,0,0,0,0,0,0.0010,0.0348,0.0559,0.0044,0.0233,0.0581,0.0325,6.7719,0.0583,0.0000,0.9037,0.0046,0.0001,0.3232,0.0113,0.0056,0.0001
1332,18.8343,0.0000,11.5365,17.2252,,true,0,0.008333,0.0000,0.0000,1.00,0.00,0.0000,22,1,295,295,0,0,100,1,11,11,0,246528,0,295,0,0,799649792,0.000000,0.000000,18.526806,0.00,0,2,4,25,17,20,26,13,24,55,97,12,0,0,0,0,0,0,0.0016,0.0330,0.0570,0.0044,0.0237,0.0728,0.0383,17.2252,0.0592,0.0000,12.5495,0.0082,1.0985,0.3230,0.0256,0.0053,10.4337
1333,18.8413,0.0000,12.8829,5.7087,,true,0,0.008333,0.0000,0.0000,1.00,0.00,0.0000,22,1,295,295,0,0,100,1,11,11,0,246528,0,295,0,0,799649792,0.000000,0.000000,18.526806,0.00,0,2,4,25,17,20,26,13,24,55,97,12,0,0,0,0,0,0,0.0036,0.0234,0.0731,0.0030,0.0130,0.0377,0.0317,5.7087,0.1188,0.0000,0.8331,0.0023,0.0001,0.3496,0.0138,0.0024,0.0002
1334,18.8490,0.0000,13.1966,5.9362,,true,0,0.008333,0.0000,0.0000,1.00,0.00,0.0000,22,1,295,295,0,0,100,1,11,11,0,246528,0,295,0,0,799649792,0.000000,0.000000,18.526806,0.00,0,2,4,25,17,20,26,13,24,55,97,12,0,0,0,0,0,0,0.0011,0.0291,0.0784,0.0036,0.0159,0.0493,0.0386,5.9362,0.1037,0.0000,0.9977,0.0020,0.0001,0.4287,0.0187,0.0024,0.0001
1335,18.8576,0.0000,7.9723,6.6788,,true,0,0.008333,0.0000,0.0000,1.00,0.00,0.0000,22,1,295,295,0,0,100,1,11,11,0,246528,0,295,0,0,799649792,0.000000,0.000000,18.526806,0.00,0,2,4,25,17,20,26,13,24,55,97,12,0,0,0,0,0,0,0.0022,0.0412,0.1094,0.0053,0.0204,0.0651,0.0557,6.6788,0.1363,0.0000,0.9473,0.0050,0.0001,0.4354,0.0079,0.0051,0.0001
1336,18.8695,0.0000,12.7192,5.5262,,true,0,0.008333,0.0000,0.0000,1.00,0.00,0.0000,22,1,295,295,0,0,100,1,11,11,0,246528,0,295,0,0,799649792,0.000000,0.000000,18.526806,0.00,0,2,4,25,17,20,26,13,24,55,97,12,0,0,0,0,0,0,0.0013,0.0512,0.0670,0.0052,0.0259,0.0991,0.0405,5.5262,0.0758,0.0000,0.8937,0.0052,0.0001,0.3370,0.0088,0.0067,0.0001
1337,18.8800,0.0000,11.6769,4.8052,,true,0,0.008333,0.0000,0.0000,1.00,0.00,0.0000,22,1,295,295,0,0,100,1,11,11,0,246528,0,295,0,0,799649792,0.000000,0.000000,18.526806,0.00,0,2,4,25,17,20,26,13,24,55,97,12,0,0,0,0,0,0,0.0051,0.0396,0.0593,0.0039,0.0227,0.0653,0.0382,4.8052,0.0719,0.0000,0.8633,0.0034,0.0001,0.3329,0.0100,0.0038,0.0001
1338,18.8922,0.0000,11.3063,5.5038,,true,0,0.008333,0.0000,0.0000,1.00,0.00,0.0000,22,1,295,295,0,0,100,1,11,11,0,246528,0,295,0,0,799649792,0.000000,0.000000,18.526806,0.00,0,2,4,25,17,20,26,13,24,55,97,12,0,0,0,0,0,0,0.0021,0.0447,0.0592,0.0053,0.0233,0.0719,0.0422,5.5038,0.1161,0.0000,1.0051,0.0081,0.0001,0.3660,0.0111,0.0151,0.0001
1339,18.9068,0.0000,13.2168,6.5688,,true,0,0.008333,0.0000,0.0000,1.00,0.00,0.0000,22,1,295,295,0,0,100,1,11,11,0,246528,0,295,0,0,799649792,0.000000,0.000000,18.526806,0.00,0,2,4,25,17,20,26,13,24,55,97,12,0,0,0,0,0,0,0.0012,0.0488,0.0727,0.0046,0.0282,0.0798,0.0539,6.5688,0.0780,0.0000,0.9645,0.0048,0.0001,0.3843,0.0116,0.0058,0.0001
1340,18.9178,0.0000,12.3411,5.5153,,true,0,0.008333,0.0000,0.0000,1.00,0.00,0.0000,22,1,295,295,0,0,100,1,11,11,0,246528,0,295,0,0,799653888,0.000000,0.000000,18.526806,0.00,0,2,4,25,17,20,26,13,24,55,97,12,0,0,0,0,0,0,0.0016,0.0536,0.0620,0.0053,0.0241,0.0873,0.0385,5.5153,0.0750,0.0000,0.8783,0.0040,0.0001,0.3421,0.0083,0.0050,0.0001
1341,18.9294,0.0000,11.5412,5.7048,,true,0,0.008333,0.0000,0.0000,1.00,0.00,0.0000,22,1,295,295,0,0,100,1,11,11,0,246528,0,295,0,0,799653888,0.000000,0.000000,18.526806,0.00,0,2,4,25,17,20,26,13,24,55,97,12,0,0,0,0,0,0,0.0014,0.0411,0.0622,0.0037,0.0215,0.0675,0.0395,5.7048,0.0714,0.0000,0.8935,0.0045,0.0001,0.3424,0.0093,0.0052,0.0001
1342,18.9419,0.0000,11.5509,6.5148,,true,0,0.008333,0.0000,0.0000,1.00,0.00,0.0000,22,1,295,295,0,0,100,1,11,11,0,246528,0,295,0,0,799653888,0.000000,0.000000,18.526806,0.00,0,2,4,25,17,20,26,13,24,55,97,12,0,0,0,0,0,0,0.0017,0.0624,0.0759,0.0339,0.0221,0.0705,0.0575,6.5148,0.0806,0.0000,1.3858,0.0038,0.0001,0.5891,0.0086,0.0049,0.0001
1343,18.9546,0.0000,12.5677,6.2227,,true,0,0.008333,0.0000,0.0000,1.00,0.00,0.0000,22,1,295,295,0,0,100,1,11,11,0,246528,0,295,0,0,799653888,0.000000,0.000000,18.526806,0.00,0,2,4,25,17,20,26,13,24,55,97,12,0,0,0,0,0,0,0.0014,0.0466,0.0596,0.0057,0.0216,0.0716,0.0398,6.2227,0.0787,0.0000,0.8638,0.0037,0.0001,0.3333,0.0089,0.0055,0.0001
1344,18.9702,0.0000,14.5201,7.3196,,true,0,0.008333,0.0000,0.0000,1.00,0.00,0.0000,22,1,295,295,0,0,100,1,11,11,0,246528,0,295,0,0,799653888,0.000000,0.000000,18.526806,0.00,0,2,4,25,17,20,26,13,24,55,97,12,0,0,0,0,0,0,0.0017,0.0529,0.0784,0.0072,0.0278,0.0861,0.0508,7.3196,0.0574,0.0000,1.0262,0.0050,0.0001,0.3187,0.0325,0.0048,0.0002
1345,18.9784,0.0000,10.7340,5.1012,,true,0,0.008333,0.0000,0.0000,1.00,0.00,0.0000,22,1,295,295,0,0,100,1,11,11,0,246528,0,295,0,0,799653888,0.000000,0.000000,18.526806,0.00,0,2,4,25,17,20,26,13,24,55,97,12,0,0,0,0,0,0,0.0011,0.0453,0.0560,0.0043,0.0206,0.0760,0.0395,5.1012,0.0673,0.0000,0.8609,0.0038,0.0001,0.3348,0.0078,0.0052,0.0001
1346,18.9898,0.0000,11.2759,5.5246,,true,0,0.008333,0.0000,0.0000,1.00,0.00,0.0000,22,1,295,295,0,0,100,1,11,11,0,246528,0,295,0,0,799653888,0.000000,0.000000,18.526806,0.00,0,2,4,25,17,20,26,13,24,55,97,12,0,0,0,0,0,0,0.0050,0.0430,0.0604,0.0046,0.0198,0.0707,0.0364,5.5246,0.0777,0.0000,0.8872,0.0045,0.0001,0.3640,0.0072,0.0054,0.0001
1347,19.0023,0.0000,11.9999,5.8855,,true,0,0.008333,0.0000,0.0000,1.00,0.00,0.0000,22,1,295,295,0,0,100,1,11,11,0,246528,0,295,0,0,799653888,0.000000,0.000000,18.526806,0.00,0,2,4,25,17,20,26,13,24,55,97,12,0,0,0,0,0,0,0.0025,0.0607,0.0651,0.0056,0.0272,0.0773,0.0461,5.8855,0.0703,0.0000,0.9338,0.0040,0.0001,0.3441,0.0055,0.0063,0.0002
1348,19.0152,0.0000,13.0120,5.6907,,true,0,0.008333,0.0000,0.0000,1.00,0.00,0.0000,22,1,295,295,0,0,100,1,11,11,0,246528,0,295,0,0,799653888,0.000000,0.000000,18.526806,0.00,0,2,4,25,17,20,26,13,24,55,97,12,0,0,0,0,0,0,0.0017,0.0534,0.0566,0.0044,0.0212,0.0688,0.0437,5.6907,0.0702,0.0000,0.8101,0.0043,0.0001,0.2927,0.0085,0.0058,0.0001
1349,19.0258,0.0000,10.6994,5.6568,,true,0,0.008333,0.0000,0.0000,1.00,0.00,0.0000,22,1,295,295,0,0,100,1,11,11,0,246528,0,295,0,0,799657984,0.000000,0.000000,18.526806,0.00,0,2,4,25,17,20,26,13,24,55,97,12,0,0,0,0,0,0,0.0011,0.0412,0.0654,0.0058,0.0225,0.0610,0.0431,5.6568,0.1193,0.0000,0.9014,0.0323,0.0001,0.3075,0.0191,0.0051,0.0001
1350,19.0369,0.0000,11.7278,5.0875,,true,0,0.008333,0.0000,0.0000,1.00,0.00,0.0000,22,1,295,295,0,0,100,1,11,11,0,246528,0,295,0,0,799657984,0.000000,0.000000,18.526806,0.00,0,2,4,25,17,20,26,13,24,55,97,12,0,0,0,0,0,0,0.0012,0.0417,0.0560,0.0040,0.0323,0.0647,0.0397,5.0875,0.0810,0.0000,0.8420,0.0028,0.0001,0.3392,0.0089,0.0049,0.0001
1351,19.0479,0.0000,10.7264,5.3368,,true,0,0.008333,0.0000,0.0000,1.00,0.00,0.0000,22,1,295,295,0,0,100,1,11,11,0,246528,0,295,0,0,799657984,0.000000,0.000000,18.526806,0.00,0,2,4,25,17,20,26,13,24,55,97,12,0,0,0,0,0,0,0.0029,0.0394,0.0676,0.0047,0.0208,0.0671,0.0471,5.3368,0.0693,0.0000,0.8499,0.0040,0.0001,0.3218,0.0112,0.0051,0.0001
1352,19.0591,0.0000,11.4390,4.9960,,true,0,0.008333,0.0000,0.0000,1.00,0.00,0.0000,22,1,295,295,0,0,100,1,11,11,0,246528,0,295,0,0,799657984,0.000000,0.000000,18.526806,0.00,0,2,4,25,17,20,26,13,24,55,97,12,0,0,0,0,0,0,0.0013,0.0376,0.0422,0.0025,0.0178,0.0811,0.0369,4.9960,0.0682,0.0000,0.8644,0.0048,0.0001,0.3530,0.0071,0.0052,0.0002
1353,19.0710,0.0000,11.4327,5.4924,,true,0,0.008333,0.0000,0.0000,1.00,0.00,0.0000,22,1,295,295,0,0,100,1,11,11,0,246528,0,295,0,0,799657984,0.000000,0.000000,18.526806,0.00,0,2,4,25,17,20,26,13,24,55,97,12,0,0,0,0,0,0,0.0026,0.0651,0.0737,0.0034,0.0194,0.0736,0.0477,5.4924,0.0805,0.0000,1.1544,0.0044,0.0001,0.4646,0.0130,0.0047,0.0001
1354,19.0810,0.0000,10.7334,5.0332,,true,0,0.008333,0.0000,0.0000,1.00,0.00,0.0000,22,1,295,295,0,0,100,1,11,11,0,246528,0,295,0,0,799657984,0.000000,0.000000,18.526806,0.00,0,2,4,25,17,20,26,13,24,55,97,12,0,0,0,0,0,0,0.0024,0.0382,0.0617,0.0052,0.0337,0.0616,0.0459,5.0332,0.0726,0.0000,0.8489,0.0034,0.0001,0.3658,0.0081,0.0042,0.0001
1355,19.0937,0.0000,11.4678,5.9856,,true,0,0.008333,0.0000,0.0000,1.00,0.00,0.0000,22,1,295,295,0,0,100,1,11,11,0,246528,0,295,0,0,799657984,0.000000,0.000000,18.526806,0.00,0,2,4,25,17,20,26,13,24,55,97,12,0,0,0,0,0,0,0.0015,0.0455,0.0768,0.0046,0.0195,0.0781,0.0350,5.9856,0.0846,0.0000,0.9532,0.0034,0.0001,0.3787,0.0098,0.0032,0.0001
1356,19.1078,0.0000,13.7549,6.0836,,true,0,0.008333,0.0000,0.0000,1.00,0.00,0.0000,22,1,295,295,0,0,100,1,11,11,0,246528,0,295,0,0,799686656,0.000000,0.000000,18.832095,0.00,0,2,4,25,17,20,26,13,24,55,97,12,0,0,0,0,0,0,0.0020,0.0514,0.0570,0.0045,0.0223,0.2155,0.0422,6.0836,0.0813,0.0000,0.8841,0.0055,0.0001,0.2977,0.0103,0.0049,0.0001
1357,19.1185,0.0000,11.3897,5.5923,,true,0,0.008333,0.0000,0.0000,1.00,0.00,0.0000,22,1,295,295,0,0,100,1,11,11,0,246528,0,295,0,0,799686656,0.000000,0.000000,18.832095,0.00,0,2,4,25,17,20,26,13,24,55,97,12,0,0,0,0,0,0,0.0012,0.0449,0.0611,0.0048,0.0250,0.0771,0.0417,5.5923,0.0777,0.0000,0.8880,0.0037,0.0001,0.3232,0.0084,0.0046,0.0001
1358,19.1303,0.0000,11.9236,5.4563,,true,0,0.008333,0.0000,0.0000,1.00,0.00,0.0000,22,1,295,295,0,0,100,1,11,11,0,246528,0,295,0,0,799690752,0.000000,0.000000,18.832095,0.00,0,2,4,25,17,20,26,13,24,55,97,12,0,0,0,0,0,0,0.0016,0.0515,0.0639,0.0064,0.0277,0.0896,0.0394,5.4563,0.0772,0.0000,0.8839,0.0041,0.0001,0.3265,0.0096,0.0056,0.0001
1359,19.1425,0.0000,11.7069,6.0081,,true,0,0.008333,0.0000,0.0000,1.00,0.00,0.0000,22,1,295,295,0,0,100,1,11,11,0,246528,0,295,0,0,799690752,0.000000,0.000000,18.832095,0.00,0,2,4,25,17,20,26,13,24,55,97,12,0,0,0,0,0,0,0.0013,0.0530,0.0648,0.0033,0.0259,0.0869,0.0420,6.0081,0.0747,0.0000,0.8998,0.0035,0.0001,0.3451,0.0103,0.0054,0.0001
1360,19.1566,0.0000,13.5965,6.2386,,true,0,0.008333,0.0000,0.0000,1.00,0.00,0.0000,22,1,295,295,0,0,100,1,11,11,0,246528,0,295,0,0,799690752,0.000000,0.000000,18.882877,0.00,0,2,4,25,17,20,26,13,24,55,97,12,0,0,0,0,0,0,0.0014,0.0474,0.0590,0.0054,0.0265,0.2636,0.0392,6.2386,0.0636,0.0000,0.8660,0.0037,0.0001,0.3440,0.0082,0.0052,0.0001
1361,19.1657,0.0000,10.2650,5.2635,,true,0,0.008333,0.0000,0.0000,1.00,0.00,0.0000,22,1,295,295,0,0,100,1,11,11,0,246528,0,295,0,0,799690752,0.000000,0.000000,18.882877,0.00,0,2,4,25,17,20,26,13,24,55,97,12,0,0,0,0,0,0,0.0018,0.0545,0.0610,0.0033,0.0209,0.0828,0.0472,5.2635,0.0719,0.0000,0.8603,0.0038,0.0001,0.3259,0.0110,0.0059,0.0001
1362,19.1790,0.0000,13.1852,5.3921,,true,0,0.008333,0.0000,0.0000,1.00,0.00,0.0000,22,1,295,295,0,0,100,1,11,11,0,246528,0,295,0,0,799690752,0.000000,0.000000,18.882877,0.00,0,2,4,25,17,20,26,13,24,55,97,12,0,0,0,0,0,0,0.0016,0.0502,0.0651,0.0043,0.0274,0.0918,0.0401,5.3921,0.0754,0.0000,0.8901,0.0045,0.0001,0.3475,0.0101,0.0052,0.0001
1363,19.1905,0.0000,11.0359,5.8217,,true,0,0.008333,0.0000,0.0000,1.00,0.00,0.0000,22,1,295,295,0,0,100,1,11,11,0,246528,0,295,0,0,799690752,0.000000,0.000000,18.882877,0.00,0,2,4,25,17,20,26,13,24,55,97,12,0,0,0,0,0,0,0.0014,0.0461,0.0628,0.0048,0.0267,0.0734,0.0408,5.8217,0.0764,0.0000,0.9510,0.0036,0.0005,0.3335,0.0091,0.0058,0.0006
1364,19.2072,0.0000,14.9401,7.1543,,true,0,0.008333,0.0000,0.0000,1.00,0.00,0.0000,22,1,295,295,0,0,100,1,11,11,0,246528,0,295,0,0,799690752,0.000000,0.000000,18.882877,0.00,0,2,4,25,17,20,26,13,24,55,97,12,0,0,0,0,0,0,0.0016,0.0543,0.0653,0.0032,0.0383,0.0872,0.0403,7.1543,0.0760,0.0000,0.8614,0.0044,0.0001,0.3477,0.0067,0.0061,0.0001
1365,19.2170,0.0000,11.6809,5.8633,,true,0,0.008333,0.0000,0.0000,1.00,0.00,0.0000,22,1,295,295,0,0,100,1,11,11,0,246528,0,295,0,0,799690752,0.000000,0.000000,18.882877,0.00,0,2,4,25,17,20,26,13,24,55,97,12,0,0,0,0,0,0,0.0011,0.0488,0.0878,0.0069,0.0183,0.0843,0.0397,5.8633,0.0877,0.0000,0.8856,0.0044,0.0001,0.3261,0.0098,0.0061,0.0001
1366,19.2282,0.0000,11.4672,5.2529,,true,0,0.008333,0.0000,0.0000,1.00,0.00,0.0000,22,1,295,295,0,0,100,1,11,11,0,246528,0,295,0,0,799690752,0.000000,0.000000,18.882877,0.00,0,2,4,25,17,20,26,13,24,55,97,12,0,0,0,0,0,0,0.0025,0.0561,0.0659,0.0043,0.0180,0.0771,0.0404,5.2529,0.0774,0.0000,0.8715,0.0048,0.0001,0.3292,0.0099,0.0053,0.0001
1367,19.2400,0.0000,11.5505,5.7407,,true,0,0.008333,0.0000,0.0000,1.00,0.00,0.0000,22,1,295,295,0,0,100,1,11,11,0,246528,0,295,0,0,799690752,0.000000,0.000000,18.882877,0.00,0,2,4,25,17,20,26,13,24,55,97,12,0,0,0,0,0,0,0.0018,0.0550,0.0750,0.0053,0.0185,0.0668,0.0439,5.7407,0.0816,0.0000,0.8719,0.0037,0.0001,0.3250,0.0091,0.0046,0.0001
1368,19.2544,0.0000,12.3254,6.7315,,true,0,0.008333,0.0000,0.0000,1.00,0.00,0.0000,22,1,295,295,0,0,100,1,11,11,0,246528,0,295,0,0,799694848,0.000000,0.000000,18.882877,0.00,0,2,4,25,17,20,26,13,24,55,97,12,0,0,0,0,0,0,0.0014,0.0544,0.0744,0.0047,0.0234,0.0881,0.0400,6.7315,0.0709,0.0000,0.9310,0.0040,0.0001,0.3258,0.0094,0.0059,0.0003
1369,19.2655,0.0000,13.2213,5.7070,,true,0,0.008333,0.0000,0.0000,1.00,0.00,0.0000,22,1,295,295,0,0,100,1,11,11,0,246528,0,295,0,0,799694848,0.000000,0.000000,18.882877,0.00,0,2,4,25,17,20,26,13,24,55,97,12,0,0,0,0,0,0,0.0015,0.0341,0.0633,0.0054,0.0216,0.0771,0.0407,5.7070,0.0734,0.0000,0.8823,0.0048,0.0001,0.3290,0.0083,0.0048,0.0001
1370,19.2754,0.0000,10.5781,5.2049,,true,0,0.008333,0.0000,0.0000,1.00,0.00,0.0000,22,1,295,295,0,0,100,1,11,11,0,246528,0,295,0,0,799694848,0.000000,0.000000,18.882877,0.00,0,2,4,25,17,20,26,13,24,55,97,12,0,0,0,0,0,0,0.0014,0.0471,0.0617,0.0034,0.0177,0.0793,0.0389,5.2049,0.1184,0.0000,0.8856,0.0038,0.0001,0.3301,0.0109,0.0052,0.0001
1371,19.2883,0.0000,12.9590,5.4999,,true,0,0.008333,0.0000,0.0000,1.00,0.00,0.0000,22,1,295,295,0,0,100,1,11,11,0,246528,0,295,0,0,799694848,0.000000,0.000000,18.882877,0.00,0,2,4,25,17,20,26,13,24,55,97,12,0,0,0,0,0,0,0.0014,0.0461,0.0702,0.0058,0.0160,0.0731,0.0400,5.4999,0.0814,0.0000,0.8900,0.0051,0.0001,0.3326,0.0108,0.0058,0.0001
1372,19.3006,0.0000,11.7308,5.4906,,true,0,0.008333,0.0000,0.0000,1.00,0.00,0.0000,22,1,295,295,0,0,100,1,11,11,0,246528,0,295,0,0,799694848,0.000000,0.000000,18.882877,0.00,0,2,4,25,17,20,26,13,24,55,97,12,0,0,0,0,0,0,0.0012,0.0456,0.0756,0.0044,0.0234,0.0794,0.0416,5.4906,0.0838,0.0000,0.9844,0.0046,0.0001,0.3616,0.0147,0.0080,0.0003
1373,19.3142,0.0000,12.9605,6.2166,,true,0,0.008333,0.0000,0.0000,1.00,0.00,0.0000,22,1,295,295,0,0,100,1,11,11,0,246528,0,295,0,0,799694848,0.000000,0.000000,18.882877,0.00,0,2,4,25,17,20,26,13,24,55,97,12,0,0,0,0,0,0,0.0014,0.0693,0.0624,0.0046,0.0221,0.0788,0.0357,6.2166,0.0720,0.0000,0.8323,0.0040,0.0001,0.3210,0.0082,0.0055,0.0001
1374,19.3237,0.0000,10.5688,5.2312,,true,0,0.008333,0.0000,0.0000,1.00,0.00,0.0000,22,1,295,295,0,0,100,1,11,11,0,246528,0,295,0,0,799694848,0.000000,0.000000,18.882877,0.00,0,2,4,25,17,20,26,13,24,55,97,12,0,0,0,0,0,0,0.0017,0.0404,0.0580,0.0051,0.0212,0.0675,0.0391,5.2312,0.1154,0.0000,0.8237,0.0035,0.0001,0.3198,0.0089,0.0050,0.0001
1375,19.3368,0.0000,13.2833,4.7092,,true,0,0.008333,0.0000,0.0000,1.00,0.00,0.0000,22,1,295,295,0,0,100,1,11,11,0,246528,0,295,0,0,799694848,0.000000,0.000000,18.882877,0.00,0,2,4,25,17,20,26,13,24,55,97,12,0,0,0,0,0,0,0.0018,0.0422,0.0558,0.0044,0.0208,0.0701,0.0351,4.7092,0.0748,0.0000,0.8212,0.0041,0.0001,0.3185,0.0086,0.0055,0.0001
1376,19.3483,0.0000,10.9425,5.4835,,true,0,0.008333,0.0000,0.0000,1.00,0.00,0.0000,22,1,295,295,0,0,100,1,11,11,0,246528,0,295,0,0,799694848,0.000000,0.000000,18.882877,0.00,0,2,4,25,17,20,26,13,24,55,97,12,0,0,0,0,0,0,0.0026,0.0434,0.0597,0.0048,0.0218,0.0719,0.0375,5.4835,0.0744,0.0000,0.8547,0.0045,0.0001,0.3278,0.0086,0.0066,0.0001
1377,19.3596,0.0000,10.9194,5.8437,,true,0,0.008333,0.0000,0.0000,1.00,0.00,0.0000,22,1,295,295,0,0,100,1,11,11,0,246528,0,295,0,0,799698944,0.000000,0.000000,18.882877,0.00,0,2,4,25,17,20,26,13,24,55,97,12,0,0,0,0,0,0,0.0066,0.0674,0.0681,0.0044,0.0190,0.0684,0.0631,5.8437,0.0761,0.0000,0.9695,0.0063,0.0001,0.3050,0.0184,0.0072,0.0001
1378,19.3715,0.0000,12.5646,5.1297,,true,0,0.008333,0.0000,0.0000,1.00,0.00,0.0000,22,1,295,295,0,0,100,1,11,11,0,246528,0,295,0,0,799698944,0.000000,0.000000,18.882877,0.00,0,2,4,25,17,20,26,13,24,55,97,12,0,0,0,0,0,0,0.0016,0.0627,0.0706,0.0048,0.0221,0.0591,0.0367,5.1297,0.0719,0.0000,0.8284,0.0032,0.0001,0.3185,0.0097,0.0060,0.0001
1379,19.3836,0.0000,11.7370,5.6770,,true,0,0.008333,0.0000,0.0000,1.00,0.00,0.0000,22,1,295,295,0,0,100,1,11,11,0,246528,0,295,0,0,799698944,0.000000,0.000000,18.882877,0.00,0,2,4,25,17,20,26,13,24,55,97,12,0,0,0,0,0,0,0.0014,0.0494,0.0655,0.0061,0.0238,0.1004,0.0397,5.6770,0.0730,0.0000,0.8738,0.0041,0.0001,0.3236,0.0084,0.0069,0.0001
1380,19.3963,0.0000,12.4492,5.7452,,true,0,0.008333,0.0000,0.0000,1.00,0.00,0.0000,22,1,295,295,0,0,100,1,11,11,0,246528,0,295,0,0,799698944,0.000000,0.000000,18.882877,0.00,0,2,4,25,17,20,26,13,24,55,97,12,0,0,0,0,0,0,0.0020,0.0557,0.0761,0.0049,0.0276,0.0898,0.0430,5.7452,0.0803,0.0000,1.1237,0.0031,0.0001,0.4393,0.0154,0.0063,0.0002
1381,19.4129,0.0000,13.1766,8.6508,,true,0,0.008333,0.0000,0.0000,1.00,0.00,0.0000,22,1,295,295,0,0,100,1,11,11,0,246528,0,295,0,0,799698944,0.000000,0.000000,18.882877,0.00,0,2,4,25,17,20,26,13,24,55,97,12,0,0,0,0,0,0,0.0072,0.0933,0.0646,0.0067,0.0241,0.0728,0.0426,8.6508,0.0826,0.0000,0.9259,0.0041,0.0001,0.3330,0.0127,0.0062,0.0001
1382,19.4236,0.0000,13.5483,5.9275,,true,0,0.008333,0.0000,0.0000,1.00,0.00,0.0000,22,1,295,295,0,0,100,1,11,11,0,246528,0,295,0,0,799698944,0.000000,0.000000,18.882877,0.00,0,2,4,25,17,20,26,13,24,55,97,12,0,0,0,0,0,0,0.0011,0.0414,0.0487,0.0055,0.0230,0.0741,0.0400,5.9275,0.0584,0.0000,0.8806,0.0035,0.0001,0.3536,0.0088,0.0047,0.0001
1383,19.4339,0.0000,10.9653,5.8325,,true,0,0.008333,0.0000,0.0000,1.00,0.00,0.0000,22,1,295,295,0,0,100,1,11,11,0,246528,0,295,0,0,799698944,0.000000,0.000000,18.882877,0.00,0,2,4,25,17,20,26,13,24,55,97,12,0,0,0,0,0,0,0.0014,0.0410,0.0653,0.0042,0.0181,0.1188,0.0390,5.8325,0.0722,0.0000,0.8544,0.0038,0.0001,0.3258,0.0108,0.0053,0.0001
1384,19.4471,0.0000,13.4281,5.3706,,true,0,0.008333,0.0000,0.0000,1.00,0.00,0.0000,22,1,295,295,0,0,100,1,11,11,0,246528,0,295,0,0,799698944,0.000000,0.000000,18.882877,0.00,0,2,4,25,17,20,26,13,24,55,97,12,0,0,0,0,0,0,0.0014,0.0458,0.0625,0.0048,0.0232,0.0960,0.0383,5.3706,0.0719,0.0000,0.8342,0.0044,0.0001,0.3166,0.0229,0.0042,0.0004
1385,19.4605,0.0000,11.5947,7.1492,,true,0,0.008333,0.0000,0.0000,1.00,0.00,0.0000,22,1,295,295,0,0,100,1,11,11,0,246528,0,295,0,0,799698944,0.000000,0.000000,18.882877,0.00,0,2,4,25,17,20,26,13,24,55,97,12,0,0,0,0,0,0,0.0023,0.0498,0.0905,0.0072,0.0299,0.0950,0.0306,7.1492,0.1092,0.0000,1.0642,0.0035,0.0001,0.4381,0.0470,0.0068,0.0003
1386,19.4724,0.0000,13.2321,5.9835,,true,0,0.008333,0.0000,0.0000,1.00,0.00,0.0000,22,1,295,295,0,0,100,1,11,11,0,246528,0,295,0,0,799703040,0.000000,0.000000,18.882877,0.00,0,2,4,25,17,20,26,13,24,55,97,12,0,0,0,0,0,0,0.0011,0.0513,0.0669,0.0057,0.0266,0.0783,0.0383,5.9835,0.0721,0.0000,0.8965,0.0046,0.0001,0.3178,0.0109,0.0065,0.0001
1387,19.4827,0.0000,11.0280,5.3005,,true,0,0.008333,0.0000,0.0000,1.00,0.00,0.0000,22,1,295,295,0,0,100,1,11,11,0,246528,0,295,0,0,799703040,0.000000,0.000000,18.882877,0.00,0,2,4,25,17,20,26,13,24,55,97,12,0,0,0,0,0,0,0.0013,0.0396,0.0597,0.0046,0.0281,0.1300,0.0415,5.3005,0.0841,0.0000,0.8543,0.0041,0.0001,0.3207,0.0089,0.0070,0.0001
1388,19.4956,0.0000,12.5398,5.3195,,true,0,0.008333,0.0000,0.0000,1.00,0.00,0.0000,22,1,295,295,0,0,100,1,11,11,0,246528,0,295,0,0,799703040,0.000000,0.000000,18.882877,0.00,0,2,4,25,17,20,26,13,24,55,97,12,0,0,0,0,0,0,0.0015,0.0455,0.0634,0.0050,0.0218,0.0779,0.0367,5.3195,0.0882,0.0000,0.8193,0.0040,0.0001,0.3120,0.0093,0.0044,0.0001
1389,19.5102,0.0000,13.2067,6.9714,,true,0,0.008333,0.0000,0.0000,1.00,0.00,0.0000,22,1,295,295,0,0,100,1,11,11,0,246528,0,295,0,0,799703040,0.000000,0.000000,19.238530,0.00,0,2,4,25,17,20,26,13,24,55,97,12,0,0,0,0,0,0,0.0017,0.0452,0.0658,0.0051,0.0251,0.2320,0.0417,6.9714,0.0901,0.0000,0.8457,0.0047,0.0001,0.3208,0.0100,0.0076,0.0001
1390,19.5222,0.0000,13.6078,5.3442,,true,0,0.008333,0.0000,0.0000,1.00,0.00,0.0000,22,1,295,295,0,0,100,1,11,11,0,246528,0,295,0,0,799760384,0.000000,0.000000,19.238530,0.00,0,2,4,25,17,20,26,13,24,55,97,12,0,0,0,0,0,0,0.0018,0.0474,0.0545,0.0055,0.0297,0.0834,0.0416,5.3442,0.0683,0.0000,0.8187,0.0045,0.0001,0.3155,0.0094,0.0037,0.0001
1391,19.5344,0.0000,11.6203,5.7273,,true,0,0.008333,0.0000,0.0000,1.00,0.00,0.0000,22,1,295,295,0,0,100,1,11,11,0,246528,0,295,0,0,799760384,0.000000,0.000000,19.238530,0.00,0,2,4,25,17,20,26,13,24,55,97,12,0,0,0,0,0,0,0.0013,0.0452,0.0737,0.0054,0.0263,0.0841,0.0407,5.7273,0.0809,0.0000,0.8520,0.0038,0.0001,0.3454,0.0108,0.0064,0.0001
1392,19.5447,0.0000,11.7715,4.6651,,true,0,0.008333,0.0000,0.0000,1.00,0.00,0.0000,22,1,295,295,0,0,100,1,11,11,0,246528,0,295,0,0,799760384,0.000000,0.000000,19.238530,0.00,0,2,4,25,17,20,26,13,24,55,97,12,0,0,0,0,0,0,0.0016,0.0354,0.0538,0.0048,0.0184,0.0605,0.0368,4.6651,0.0737,0.0000,0.8132,0.0039,0.0001,0.3219,0.0088,0.0050,0.0001
1393,19.5556,0.0000,10.6896,4.8821,,true,0,0.008333,0.0000,0.0000,1.00,0.00,0.0000,22,1,295,295,0,0,100,1,11,11,0,246528,0,295,0,0,799760384,0.000000,0.000000,19.289554,0.00,0,2,4,25,17,20,26,13,24,55,97,12,0,0,0,0,0,0,0.0017,0.0398,0.1062,0.0024,0.0143,0.1999,0.0481,4.8821,0.0743,0.0000,0.8138,0.0037,0.0001,0.3119,0.0087,0.0046,0.0001
1394,19.5672,0.0000,11.2176,5.0637,,true,0,0.008333,0.0000,0.0000,1.00,0.00,0.0000,22,1,295,295,0,0,100,1,11,11,0,246528,0,295,0,0,799760384,0.000000,0.000000,19.289554,0.00,0,2,4,25,17,20,26,13,24,55,97,12,0,0,0,0,0,0,0.0013,0.0405,0.0962,0.0051,0.0220,0.0720,0.0348,5.0637,0.0563,0.0000,0.8729,0.0044,0.0001,0.3113,0.0103,0.0057,0.0001
1395,19.5937,0.0000,12.1985,19.2019,,true,0,0.008333,0.0000,0.0000,1.00,0.00,0.0000,22,1,295,295,0,0,100,1,11,11,0,246528,0,295,0,0,799760384,0.000000,0.000000,19.289554,0.00,0,2,4,25,17,20,26,13,24,55,97,12,0,0,0,0,0,0,0.0040,0.0444,0.1135,0.0050,0.0257,0.0820,0.0385,19.2019,0.0854,0.0000,13.2160,0.0027,0.8121,0.3234,0.0346,0.0045,11.5088
1396,19.6011,0.0000,11.0519,5.9136,,true,0,0.008333,0.0000,0.0000,1.00,0.00,0.0000,22,1,295,295,0,0,100,1,11,11,0,246528,0,295,0,0,799764480,0.000000,0.000000,19.289554,0.00,0,2,4,25,17,20,26,13,24,55,97,12,0,0,0,0,0,0,0.0012,0.0274,0.0981,0.0031,0.0110,0.0351,0.0360,5.9136,0.1755,0.0000,1.3040,0.0088,0.0001,0.5688,0.0172,0.0110,0.0001
1397,19.6094,0.0000,17.8514,6.2023,,true,0,0.008333,0.0000,0.0000,1.00,0.00,0.0000,22,1,295,295,0,0,100,1,11,11,0,246528,0,295,0,0,799764480,0.000000,0.000000,19.289554,0.00,0,2,4,25,17,20,26,13,24,55,97,12,0,0,0,0,0,0,0.0059,0.0734,0.0937,0.0071,0.0359,0.0990,0.0554,6.2023,0.1078,0.0000,0.9827,0.0123,0.0001,0.3350,0.0115,0.0106,0.0001
1398,19.6158,0.0000,7.9345,4.8676,,true,0,0.008333,0.0000,0.0000,1.00,0.00,0.0000,22,1,295,295,0,0,100,1,11,11,0,246528,0,295,0,0,799764480,0.000000,0.000000,19.289554,0.00,0,2,4,25,17,20,26,13,24,55,97,12,0,0,0,0,0,0,0.0016,0.0491,0.0583,0.0042,0.0195,0.0259,0.0424,4.8676,0.0806,0.0000,0.8253,0.0044,0.0001,0.3249,0.0099,0.0049,0.0001
1399,19.6280,0.0000,11.5571,5.4419,,true,0,0.008333,0.0000,0.0000,1.00,0.00,0.0000,22,1,295,295,0,0,100,1,11,11,0,246528,0,295,0,0,799764480,0.000000,0.000000,19.289554,0.00,0,2,4,25,17,20,26,13,24,55,97,12,0,0,0,0,0,0,0.0019,0.0761,0.0819,0.0048,0.0156,0.0337,0.0438,5.4419,0.0837,0.0000,1.2070,0.0056,0.0001,0.4707,0.0106,0.0067,0.0001
1400,19.6381,0.0000,10.8078,4.9423,,true,0,0.008333,0.0000,0.0000,1.00,0.00,0.0000,22,1,295,295,0,0,100,1,11,11,0,246528,0,295,0,0,799764480,0.000000,0.000000,19.289554,0.00,0,2,4,25,17,20,26,13,24,55,97,12,0,0,0,0,0,0,0.0012,0.0465,0.0585,0.0046,0.0188,0.0616,0.0354,4.9423,0.0717,0.0000,0.8087,0.0033,0.0001,0.3211,0.0097,0.0048,0.0001
1401,19.6495,0.0000,11.2347,5.0262,,true,0,0.008333,0.0000,0.0000,1.00,0.00,0.0000,22,1,295,295,0,0,100,1,11,11,0,246528,0,295,0,0,799764480,0.000000,0.000000,19.289554,0.00,0,2,4,25,17,20,26,13,24,55,97,12,0,0,0,0,0,0,0.0014,0.0376,0.0508,0.0045,0.0182,0.0572,0.0347,5.0262,0.0795,0.0000,0.7824,0.0031,0.0001,0.3067,0.0101,0.0049,0.0001
1402,19.6609,0.0000,11.2644,5.2042,,true,0,0.008333,0.0000,0.0000,1.00,0.00,0.0000,22,1,295,295,0,0,100,1,11,11,0,246528,0,295,0,0,799764480,0.000000,0.000000,19.289554,0.00,0,2,4,25,17,20,26,13,24,55,97,12,0,0,0,0,0,0,0.0015,0.0377,0.0423,0.0043,0.0201,0.0577,0.0393,5.2042,0.0698,0.0000,0.8079,0.0040,0.0001,0.3216,0.0101,0.0055,0.0001
1403,19.6716,0.0000,11.0556,4.6620,,true,0,0.008333,0.0000,0.0000,1.00,0.00,0.0000,22,1,295,295,0,0,100,1,11,11,0,246528,0,295,0,0,799764480,0.000000,0.000000,19.289554,0.00,0,2,4,25,17,20,26,13,24,55,97,12,0,0,0,0,0,0,0.0012,0.0327,0.0438,0.0049,0.0183,0.0607,0.0347,4.6620,0.0432,0.0000,0.6668,0.0033,0.0001,0.2509,0.0081,0.0044,0.0001
1404,19.6833,0.0000,11.0463,5.4866,,true,0,0.008333,0.0000,0.0000,1.00,0.00,0.0000,22,1,295,295,0,0,100,1,11,11,0,246528,0,295,0,0,799764480,0.000000,0.000000,19.289554,0.00,0,2,4,25,17,20,26,13,24,55,97,12,0,0,0,0,0,0,0.0013,0.0467,0.0559,0.0047,0.0241,0.0744,0.0480,5.4866,0.0679,0.0000,0.8513,0.0046,0.0001,0.2576,0.0115,0.0050,0.0001
1405,19.6948,0.0000,11.7340,5.0443,,true,0,0.008333,0.0000,0.0000,1.00,0.00,0.0000,22,1,295,295,0,0,100,1,11,11,0,246528,0,295,0,0,799768576,0.000000,0.000000,19.289554,0.00,0,2,4,25,17,20,26,13,24,55,97,12,0,0,0,0,0,0,0.0044,0.0340,0.0479,0.0047,0.0229,0.0737,0.0361,5.0443,0.0389,0.0000,0.7635,0.0051,0.0001,0.2785,0.0122,0.0063,0.0001
1406,19.7073,0.0000,11.2890,6.4718,,true,0,0.008333,0.0000,0.0000,1.00,0.00,0.0000,22,1,295,295,0,0,100,1,11,11,0,246528,0,295,0,0,799768576,0.000000,0.000000,19.289554,0.00,0,2,4,25,17,20,26,13,24,55,97,12,0,0,0,0,0,0,0.0013,0.0745,0.0634,0.0042,0.0166,0.0473,0.0449,6.4718,0.0790,0.0000,0.8777,0.0047,0.0001,0.3413,0.0078,0.0059,0.0001
1407,19.7183,0.0000,12.3769,4.6424,,true,0,0.008333,0.0000,0.0000,1.00,0.00,0.0000,22,1,295,295,0,0,100,1,11,11,0,246528,0,295,0,0,799768576,0.000000,0.000000,19.289554,0.00,0,2,4,25,17,20,26,13,24,55,97,12,0,0,0,0,0,0,0.0025,0.0350,0.0718,0.0045,0.0212,0.0631,0.0344,4.6424,0.0698,0.0000,0.7912,0.0026,0.0000,0.3050,0.0085,0.0046,0.0001
1408,19.7286,0.0000,10.5619,4.8251,,true,0,0.008333,0.0000,0.0000,1.00,0.00,0.0000,22,1,295,295,0,0,100,1,11,11,0,246528,0,295,0,0,799768576,0.000000,0.000000,19.289554,0.00,0,2,4,25,17,20,26,13,24,55,97,12,0,0,0,0,0,0,0.0010,0.0395,0.0638,0.0040,0.0155,0.0556,0.0377,4.8251,0.0803,0.0000,0.8131,0.0060,0.0001,0.3059,0.0090,0.0054,0.0001
1409,19.7393,0.0000,10.7706,4.6087,,true,0,0.008333,0.0000,0.0000,1.00,0.00,0.0000,22,1,295,295,0,0,100,1,11,11,0,246528,0,295,0,0,799768576,0.000000,0.000000,19.289554,0.00,0,2,4,25,17,20,26,13,24,55,97,12,0,0,0,0,0,0,0.0013,0.0354,0.0543,0.0050,0.0179,0.0560,0.0381,4.6087,0.0747,0.0000,0.8065,0.0035,0.0000,0.3312,0.0090,0.0041,0.0005
1410,19.7501,0.0000,10.7661,4.6964,,true,0,0.008333,0.0000,0.0000,1.00,0.00,0.0000,22,1,295,295,0,0,100,1,11,11,0,246528,0,295,0,0,799768576,0.000000,0.000000,19.289554,0.00,0,2,4,25,17,20,26,13,24,55,97,12,0,0,0,0,0,0,0.0015,0.0430,0.0596,0.0043,0.0217,0.0996,0.0398,4.6964,0.0700,0.0000,0.8531,0.0049,0.0001,0.3023,0.0092,0.0049,0.0001
1411,19.7608,0.0000,10.7804,4.7370,,true,0,0.008333,0.0000,0.0000,1.00,0.00,0.0000,22,1,295,295,0,0,100,1,11,11,0,246528,0,295,0,0,799768576,0.000000,0.000000,19.289554,0.00,0,2,4,25,17,20,26,13,24,55,97,12,0,0,0,0,0,0,0.0011,0.0385,0.0552,0.0046,0.0188,0.0590,0.0384,4.7370,0.0629,0.0000,0.8055,0.0042,0.0001,0.3269,0.0086,0.0058,0.0001
1412,19.7715,0.0000,10.5093,4.8408,,true,0,0.008333,0.0000,0.0000,1.00,0.00,0.0000,22,1,295,295,0,0,100,1,11,11,0,246528,0,295,0,0,799768576,0.000000,0.000000,19.289554,0.00,0,2,4,25,17,20,26,13,24,55,97,12,0,0,0,0,0,0,0.0014,0.0386,0.0599,0.0034,0.0171,0.0660,0.0505,4.8408,0.0665,0.0000,0.7927,0.0043,0.0001,0.3060,0.0081,0.0061,0.0001
1413,19.7819,0.0000,10.7192,4.6424,,true,0,0.008333,0.0000,0.0000,1.00,0.00,0.0000,22,1,295,295,0,0,100,1,11,11,0,246528,0,295,0,0,799768576,0.000000,0.000000,19.289554,0.00,0,2,4,25,17,20,26,13,24,55,97,12,0,0,0,0,0,0,0.0012,0.0409,0.0567,0.0051,0.0166,0.0394,0.0360,4.6424,0.0616,0.0000,0.7949,0.0034,0.0001,0.3164,0.0082,0.0049,0.0001
1414,19.7929,0.0000,10.8949,4.6239,,true,0,0.008333,0.0000,0.0000,1.00,0.00,0.0000,22,1,295,295,0,0,100,1,11,11,0,246528,0,295,0,0,799772672,0.000000,0.000000,19.289554,0.00,0,2,4,25,17,20,26,13,24,55,97,12,0,0,0,0,0,0,0.0023,0.0408,0.0532,0.0046,0.0204,0.0609,0.0349,4.6239,0.0701,0.0000,0.8001,0.0030,0.0001,0.3096,0.0072,0.0037,0.0001
1415,19.8053,0.0000,11.3525,5.6191,,true,0,0.008333,0.0000,0.0000,1.00,0.00,0.0000,22,1,295,295,0,0,100,1,11,11,0,246528,0,295,0,0,799772672,0.000000,0.000000,19.289554,0.00,0,2,4,25,17,20,26,13,24,55,97,12,0,0,0,0,0,0,0.0021,0.0476,0.0516,0.0056,0.0257,0.0762,0.0370,5.6191,0.0782,0.0000,0.8428,0.0039,0.0001,0.3126,0.0094,0.0062,0.0001
1416,19.8162,0.0000,11.6513,4.9243,,true,0,0.008333,0.0000,0.0000,1.00,0.00,0.0000,22,1,295,295,0,0,100,1,11,11,0,246528,0,295,0,0,799772672,0.000000,0.000000,19.289554,0.00,0,2,4,25,17,20,26,13,24,55,97,12,0,0,0,0,0,0,0.0014,0.0404,0.0588,0.0046,0.0197,0.0667,0.0427,4.9243,0.0758,0.0000,0.8000,0.0026,0.0001,0.3068,0.0094,0.0055,0.0001
1417,19.8271,0.0000,11.0606,4.7438,,true,0,0.008333,0.0000,0.0000,1.00,0.00,0.0000,22,1,295,295,0,0,100,1,11,11,0,246528,0,295,0,0,799772672,0.000000,0.000000,19.289554,0.00,0,2,4,25,17,20,26,13,24,55,97,12,0,0,0,0,0,0,0.0013,0.0382,0.0554,0.0059,0.0190,0.0736,0.0401,4.7438,0.0645,0.0000,0.7762,0.0044,0.0001,0.2835,0.0071,0.0064,0.0001
1418,19.8375,0.0000,10.7302,4.6346,,true,0,0.008333,0.0000,0.0000,1.00,0.00,0.0000,22,1,295,295,0,0,100,1,11,11,0,246528,0,295,0,0,799789056,0.000000,0.000000,19.289554,0.00,0,2,4,25,17,20,26,13,24,55,97,12,0,0,0,0,0,0,0.0011,0.0359,0.0633,0.0041,0.0166,0.0425,0.0428,4.6346,0.0712,0.0000,0.8102,0.0023,0.0001,0.3019,0.0072,0.0043,0.0001
1419,19.8494,0.0000,10.5913,5.8232,,true,0,0.008333,0.0000,0.0000,1.00,0.00,0.0000,22,1,295,295,0,0,100,1,11,11,0,246528,0,295,0,0,799789056,0.000000,0.000000,19.289554,0.00,0,2,4,25,17,20,26,13,24,55,97,12,0,0,0,0,0,0,0.0014,0.0784,0.0556,0.0043,0.0222,0.0604,0.0392,5.8232,0.0686,0.0000,0.8045,0.0036,0.0001,0.3014,0.0098,0.0055,0.0001
1420,19.8610,0.0000,12.5240,4.7776,,true,0,0.008333,0.0000,0.0000,1.00,0.00,0.0000,22,1,295,295,0,0,100,1,11,11,0,246528,0,295,0,0,799789056,0.000000,0.000000,19.593989,0.00,0,2,4,25,17,20,26,13,24,55,97,12,0,0,0,0,0,0,0.0013,0.0409,0.0567,0.0052,0.0202,0.2042,0.0421,4.7776,0.0654,0.0000,0.8060,0.0045,0.0001,0.3066,0.0090,0.0053,0.0003
1421,19.8720,0.0000,10.8145,4.9182,,true,0,0.008333,0.0000,0.0000,1.00,0.00,0.0000,22,1,295,295,0,0,100,1,11,11,0,246528,0,295,0,0,799789056,0.000000,0.000000,19.593989,0.00,0,2,4,25,17,20,26,13,24,55,97,12,0,0,0,0,0,0,0.0008,0.0415,0.0441,0.0046,0.0202,0.0827,0.0343,4.9182,0.0753,0.0000,0.8092,0.0036,0.0001,0.3121,0.0070,0.0070,0.0001
1422,19.8834,0.0000,11.3301,4.9222,,true,0,0.008333,0.0000,0.0000,1.00,0.00,0.0000,22,1,295,295,0,0,100,1,11,11,0,246528,0,295,0,0,799789056,0.000000,0.000000,19.593989,0.00,0,2,4,25,17,20,26,13,24,55,97,12,0,0,0,0,0,0,0.0013,0.0429,0.0570,0.0045,0.0222,0.0607,0.0431,4.9222,0.0825,0.0000,0.7971,0.0036,0.0001,0.3024,0.0091,0.0042,0.0001
1423,19.8953,0.0000,11.5032,5.2595,,true,0,0.008333,0.0000,0.0000,1.00,0.00,0.0000,22,1,295,295,0,0,100,1,11,11,0,246528,0,295,0,0,799789056,0.000000,0.000000,19.593989,0.00,0,2,4,25,17,20,26,13,24,55,97,12,0,0,0,0,0,0,0.0010,0.0407,0.0559,0.0048,0.0243,0.0717,0.0393,5.2595,0.0637,0.0000,0.7904,0.0046,0.0001,0.3044,0.0107,0.0037,0.0001
1424,19.9071,0.0000,11.0180,5.9000,,true,0,0.008333,0.0000,0.0000,1.00,0.00,0.0000,22,1,295,295,0,0,100,1,11,11,0,246528,0,295,0,0,799793152,0.000000,0.000000,19.593989,0.00,0,2,4,25,17,20,26,13,24,55,97,12,0,0,0,0,0,0,0.0017,0.0494,0.0639,0.0032,0.0230,0.0695,0.0440,5.9000,0.0740,0.0000,0.9892,0.0055,0.0001,0.3136,0.0110,0.0050,0.0001
1425,19.9204,0.0000,13.4679,5.7308,,true,0,0.008333,0.0000,0.0000,1.00,0.00,0.0000,22,1,295,295,0,0,100,1,11,11,0,246528,0,295,0,0,799793152,0.000000,0.000000,19.593989,0.00,0,2,4,25,17,20,26,13,24,55,97,12,0,0,0,0,0,0,0.0013,0.0619,0.0684,0.0049,0.0321,0.0798,0.0439,5.7308,0.0897,0.0000,0.8224,0.0056,0.0001,0.2946,0.0092,0.0072,0.0001
1426,19.9301,0.0000,10.9325,4.9292,,true,0,0.008333,0.0000,0.0000,1.00,0.00,0.0000,22,1,295,295,0,0,100,1,11,11,0,246528,0,295,0,0,799793152,0.000000,0.000000,19.593989,0.00,0,2,4,25,17,20,26,13,24,55,97,12,0,0,0,0,0,0,0.0044,0.0399,0.0497,0.0047,0.0178,0.0810,0.0464,4.9292,0.0607,0.0000,0.7376,0.0033,0.0001,0.2824,0.0093,0.0047,0.0001
1427,19.9422,0.0000,11.2301,5.7567,,true,0,0.008333,0.0000,0.0000,1.00,0.00,0.0000,22,1,295,295,0,0,100,1,11,11,0,246528,0,295,0,0,799793152,0.000000,0.000000,19.593989,0.00,0,2,4,25,17,20,26,13,24,55,97,12,0,0,0,0,0,0,0.0057,0.0328,0.0598,0.0046,0.0211,0.0606,0.0462,5.7567,0.0539,0.0000,0.8485,0.0044,0.0001,0.3047,0.0119,0.0040,0.0001
1428,19.9537,0.0000,12.3326,4.7321,,true,0,0.008333,0.0000,0.0000,1.00,0.00,0.0000,22,1,295,295,0,0,100,1,11,11,0,246528,0,295,0,0,799793152,0.000000,0.000000,19.593989,0.00,0,2,4,25,17,20,26,13,24,55,97,12,0,0,0,0,0,0,0.0010,0.0365,0.0449,0.0043,0.0179,0.0505,0.0431,4.7321,0.0606,0.0000,0.7160,0.0032,0.0001,0.2856,0.0083,0.0040,0.0003
1429,19.9640,0.0000,10.2530,4.8243,,true,0,0.008333,0.0000,0.0000,1.00,0.00,0.0000,22,1,295,295,0,0,100,1,11,11,0,246528,0,295,0,0,799793152,0.000000,0.000000,19.593989,0.00,0,2,4,25,17,20,26,13,24,55,97,12,0,0,0,0,0,0,0.0014,0.0405,0.0336,0.0021,0.0078,0.0213,0.0431,4.8243,0.0281,0.0000,0.7420,0.0032,0.0001,0.3022,0.0074,0.0038,0.0003
1430,19.9750,0.0000,11.0773,4.7852,,true,0,0.008333,0.0000,0.0000,1.00,0.00,0.0000,22,1,295,295,0,0,100,1,11,11,0,246528,0,295,0,0,799793152,0.000000,0.000000,19.593989,0.00,0,2,4,25,17,20,26,13,24,55,97,12,0,0,0,0,0,0,0.0019,0.0390,0.0570,0.0046,0.0221,0.0646,0.0371,4.7852,0.0652,0.0000,0.7980,0.0047,0.0001,0.3020,0.0090,0.0048,0.0001
1431,19.9861,0.0000,10.9883,4.9454,,true,0,0.008333,0.0000,0.0000,1.00,0.00,0.0000,22,1,295,295,0,0,100,1,11,11,0,246528,0,295,0,0,799793152,0.000000,0.000000,19.593989,0.00,0,2,4,25,17,20,26,13,24,55,97,12,0,0,0,0,0,0,0.0024,0.0418,0.0540,0.0038,0.0214,0.0708,0.0386,4.9454,0.0672,0.0000,0.7800,0.0038,0.0001,0.2991,0.0221,0.0033,0.0001
1432,19.9969,0.0000,11.1070,4.6888,,true,0,0.008333,0.0000,0.0000,1.00,0.00,0.0000,22,1,295,295,0,0,100,1,11,11,0,246528,0,295,0,0,799793152,0.000000,0.000000,19.593989,0.00,0,2,4,25,17,20,26,13,24,55,97,12,0,0,0,0,0,0,0.0020,0.0330,0.0497,0.0052,0.0198,0.0538,0.0341,4.6888,0.0669,0.0000,0.7766,0.0046,0.0001,0.3142,0.0085,0.0041,0.0001
1433,20.0092,0.0000,11.3403,5.2673,,true,0,0.008333,0.0000,0.0000,1.00,0.00,0.0000,22,1,295,295,0,0,100,1,11,11,0,246528,0,295,0,0,799797248,0.000000,0.000000,19.593989,0.00,0,2,4,25,17,20,26,13,24,55,97,12,0,0,0,0,0,0,0.0013,0.0432,0.0586,0.0055,0.0281,0.0771,0.0313,5.2673,0.0541,0.0000,0.8692,0.0048,0.0001,0.3487,0.0106,0.0059,0.0001
1434,20.0204,0.0000,12.1341,4.6292,,true,0,0.008333,0.0000,0.0000,1.00,0.00,0.0000,22,1,295,295,0,0,100,1,11,11,0,246528,0,295,0,0,799797248,0.000000,0.000000,19.593989,0.00,0,2,4,25,17,20,26,13,24,55,97,12,0,0,0,0,0,0,0.0008,0.0469,0.0515,0.0043,0.0207,0.0664,0.0341,4.6292,0.0664,0.0000,0.7916,0.0042,0.0001,0.3110,0.0078,0.0052,0.0001
1435,20.0322,0.0000,11.4393,4.9663,,true,0,0.008333,0.0000,0.0000,1.00,0.00,0.0000,22,1,295,295,0,0,100,1,11,11,0,246528,0,295,0,0,799797248,0.000000,0.000000,19.593989,0.00,0,2,4,25,17,20,26,13,24,55,97,12,0,0,0,0,0,0,0.0012,0.0381,0.0547,0.0038,0.0228,0.0764,0.0404,4.9663,0.0647,0.0000,0.7876,0.0043,0.0001,0.3007,0.0078,0.0050,0.0001
1436,20.0424,0.0000,10.0766,4.9323,,true,0,0.008333,0.0000,0.0000,1.00,0.00,0.0000,22,1,295,295,0,0,100,1,11,11,0,246528,0,295,0,0,799797248,0.000000,0.000000,19.593989,0.00,0,2,4,25,17,20,26,13,24,55,97,12,0,0,0,0,0,0,0.0031,0.0434,0.0568,0.0029,0.0198,0.0634,0.0380,4.9323,0.0659,0.0000,0.8252,0.0041,0.0001,0.3394,0.0072,0.0047,0.0001
1437,20.0528,0.0000,11.0066,4.6108,,true,0,0.008333,0.0000,0.0000,1.00,0.00,0.0000,22,1,295,295,0,0,100,1,11,11,0,246528,0,295,0,0,799797248,0.000000,0.000000,19.593989,0.00,0,2,4,25,17,20,26,13,24,55,97,12,0,0,0,0,0,0,0.0012,0.0486,0.0531,0.0036,0.0174,0.0605,0.0456,4.6108,0.0631,0.0000,0.7575,0.0039,0.0001,0.2934,0.0082,0.0048,0.0001
1438,20.0630,0.0000,10.7562,4.1113,,true,0,0.008333,0.0000,0.0000,1.00,0.00,0.0000,22,1,295,295,0,0,100,1,11,11,0,246528,0,295,0,0,799797248,0.000000,0.000000,19.593989,0.00,0,2,4,25,17,20,26,13,24,55,97,12,0,0,0,0,0,0,0.0013,0.0372,0.0497,0.0044,0.0173,0.0512,0.0343,4.1113,0.0563,0.0000,0.7612,0.0030,0.0001,0.2888,0.0075,0.0050,0.0002
1439,20.0746,0.0000,10.7651,4.9644,,true,0,0.008333,0.0000,0.0000,1.00,0.00,0.0000,22,1,295,295,0,0,100,1,11,11,0,246528,0,295,0,0,799797248,0.000000,0.000000,19.593989,0.00,0,2,4,25,17,20,26,13,24,55,97,12,0,0,0,0,0,0,0.0010,0.0412,0.0707,0.0035,0.0206,0.0683,0.0492,4.9644,0.0906,0.0000,0.8249,0.0045,0.0001,0.3430,0.0117,0.0038,0.0001
1440,20.0860,0.0000,11.3662,4.6523,,true,0,0.008333,0.0000,0.0000,1.00,0.00,0.0000,22,1,295,295,0,0,100,1,11,11,0,246528,0,295,0,0,799797248,0.000000,0.000000,19.593989,0.00,0,2,4,25,17,20,26,13,24,55,97,12,0,0,0,0,0,0,0.0013,0.0368,0.0605,0.0023,0.0183,0.0594,0.0375,4.6523,0.0639,0.0000,0.8081,0.0032,0.0001,0.3022,0.0102,0.0050,0.0001
1441,20.0969,0.0000,10.3766,5.5239,,true,0,0.008333,0.0000,0.0000,1.00,0.00,0.0000,22,1,295,295,0,0,100,1,11,11,0,246528,0,295,0,0,799797248,0.000000,0.000000,19.593989,0.00,0,2,4,25,17,20,26,13,24,55,97,12,0,0,0,0,0,0,0.0012,0.0389,0.0569,0.0046,0.0190,0.0682,0.0373,5.5239,0.0700,0.0000,0.8143,0.0028,0.0001,0.3075,0.0100,0.0036,0.0001
1442,20.1083,0.0000,11.0493,5.9832,,true,0,0.008333,0.0000,0.0000,1.00,0.00,0.0000,22,1,295,295,0,0,100,1,11,11,0,246528,0,295,0,0,799801344,0.000000,0.000000,19.593989,0.00,0,2,4,25,17,20,26,13,24,55,97,12,0,0,0,0,0,0,0.0022,0.0526,0.0865,0.0047,0.0294,0.1096,0.0461,5.9832,0.0850,0.0000,1.0649,0.0049,0.0001,0.4445,0.0114,0.0056,0.0001
1443,20.1211,0.0000,13.0767,5.1203,,true,0,0.008333,0.0000,0.0000,1.00,0.00,0.0000,22,1,295,295,0,0,100,1,11,11,0,246528,0,295,0,0,799801344,0.000000,0.000000,19.593989,0.00,0,2,4,25,17,20,26,13,24,55,97,12,0,0,0,0,0,0,0.0016,0.0444,0.0494,0.0046,0.0261,0.0881,0.0362,5.1203,0.0701,0.0000,0.8137,0.0038,0.0001,0.3009,0.0057,0.0048,0.0001
1444,20.1311,0.0000,10.5491,4.9968,,true,0,0.008333,0.0000,0.0000,1.00,0.00,0.0000,22,1,295,295,0,0,100,1,11,11,0,246528,0,295,0,0,799801344,0.000000,0.000000,19.593989,0.00,0,2,4,25,17,20,26,13,24,55,97,12,0,0,0,0,0,0,0.0015,0.0480,0.0498,0.0035,0.0234,0.0758,0.0373,4.9968,0.0649,0.0000,0.8266,0.0041,0.0001,0.3363,0.0088,0.0054,0.0001
1445,20.1436,0.0000,12.1998,4.9962,,true,0,0.008333,0.0000,0.0000,1.00,0.00,0.0000,22,1,295,295,0,0,100,1,11,11,0,246528,0,295,0,0,799801344,0.000000,0.000000,19.593989,0.00,0,2,4,25,17,20,26,13,24,55,97,12,0,0,0,0,0,0,0.0012,0.0430,0.0577,0.0043,0.0272,0.0831,0.0377,4.9962,0.0749,0.0000,0.8067,0.0033,0.0001,0.3126,0.0095,0.0058,0.0001
1446,20.1549,0.0000,11.3223,4.9538,,true,0,0.008333,0.0000,0.0000,1.00,0.00,0.0000,22,1,295,295,0,0,100,1,11,11,0,246528,0,295,0,0,799801344,0.000000,0.000000,19.593989,0.00,0,2,4,25,17,20,26,13,24,55,97,12,0,0,0,0,0,0,0.0013,0.0490,0.0484,0.0042,0.0388,0.0731,0.0363,4.9538,0.0646,0.0000,0.8139,0.0033,0.0001,0.3141,0.0083,0.0047,0.0001
1447,20.1661,0.0000,10.8769,5.4637,,true,0,0.008333,0.0000,0.0000,1.00,0.00,0.0000,22,1,295,295,0,0,100,1,11,11,0,246528,0,295,0,0,799801344,0.000000,0.000000,19.593989,0.00,0,2,4,25,17,20,26,13,24,55,97,12,0,0,0,0,0,0,0.0031,0.0506,0.0605,0.0047,0.0260,0.0802,0.0367,5.4637,0.0679,0.0000,0.8009,0.0051,0.0001,0.3141,0.0044,0.0052,0.0001
1448,20.1775,0.0000,11.3723,5.2362,,true,0,0.008333,0.0000,0.0000,1.00,0.00,0.0000,22,1,295,295,0,0,100,1,11,11,0,246528,0,295,0,0,799801344,0.000000,0.000000,19.593989,0.00,0,2,4,25,17,20,26,13,24,55,97,12,0,0,0,0,0,0,0.0021,0.0412,0.0639,0.0042,0.0243,0.0823,0.0383,5.2362,0.0745,0.0000,0.9094,0.0053,0.0001,0.2871,0.0098,0.0058,0.0005
1449,20.1884,0.0000,11.3278,5.0592,,true,0,0.008333,0.0000,0.0000,1.00,0.00,0.0000,22,1,295,295,0,0,100,1,11,11,0,246528,0,295,0,0,799801344,0.000000,0.000000,19.593989,0.00,0,2,4,25,17,20,26,13,24,55,97,12,0,0,0,0,0,0,0.0039,0.0473,0.0563,0.0054,0.0223,0.0810,0.0407,5.0592,0.0658,0.0000,0.7618,0.0041,0.0001,0.3011,0.0086,0.0041,0.0001
1450,20.2000,0.0000,11.1874,5.3924,,true,0,0.008333,0.0000,0.0000,1.00,0.00,0.0000,22,1,295,295,0,0,100,1,11,11,0,246528,0,295,0,0,799801344,0.000000,0.000000,19.593989,0.00,0,2,4,25,17,20,26,13,24,55,97,12,0,0,0,0,0,0,0.0020,0.0438,0.0578,0.0035,0.0238,0.0782,0.0358,5.3924,0.0702,0.0000,0.8133,0.0045,0.0001,0.3125,0.0081,0.0063,0.0001
1451,20.2120,0.0000,11.7947,5.3319,,true,0,0.008333,0.0000,0.0000,1.00,0.00,0.0000,22,1,295,295,0,0,100,1,11,11,0,246528,0,295,0,0,799805440,0.000000,0.000000,19.593989,0.00,0,2,4,25,17,20,26,13,24,55,97,12,0,0,0,0,0,0,0.0024,0.0456,0.0659,0.0046,0.0239,0.0758,0.0392,5.3319,0.0741,0.0000,0.7978,0.0045,0.0001,0.3163,0.0085,0.0053,0.0001
1452,20.2234,0.0000,11.5135,5.4094,,true,0,0.008333,0.0000,0.0000,1.00,0.00,0.0000,22,1,295,295,0,0,100,1,11,11,0,246528,0,295,0,0,799805440,0.000000,0.000000,19.949051,0.00,0,2,4,25,17,20,26,13,24,55,97,12,0,0,0,0,0,0,0.0014,0.0472,0.0645,0.0038,0.0217,0.2681,0.0408,5.4094,0.0764,0.0000,0.8514,0.0026,0.0001,0.3059,0.0097,0.0029,0.0001
1453,20.2345,0.0000,11.4871,5.0412,,true,0,0.008333,0.0000,0.0000,1.00,0.00,0.0000,22,1,295,295,0,0,100,1,11,11,0,246528,0,295,0,0,799805440,0.000000,0.000000,19.949051,0.00,0,2,4,25,17,20,26,13,24,55,97,12,0,0,0,0,0,0,0.0014,0.0438,0.0615,0.0051,0.0219,0.0833,0.0388,5.0412,0.0698,0.0000,0.8256,0.0032,0.0001,0.3011,0.0100,0.0066,0.0001
1454,20.2449,0.0000,10.9191,4.7421,,true,0,0.008333,0.0000,0.0000,1.00,0.00,0.0000,22,1,295,295,0,0,100,1,11,11,0,246528,0,295,0,0,799805440,0.000000,0.000000,19.949051,0.00,0,2,4,25,17,20,26,13,24,55,97,12,0,0,0,0,0,0,0.0017,0.0446,0.0557,0.0033,0.0200,0.0691,0.0364,4.7421,0.0709,0.0000,0.7988,0.0036,0.0001,0.3140,0.0098,0.0039,0.0001
1455,20.2572,0.0000,10.7706,6.3306,,true,0,0.008333,0.0000,0.0000,1.00,0.00,0.0000,22,1,295,295,0,0,100,1,11,11,0,246528,0,295,0,0,799805440,0.000000,0.000000,19.949051,0.00,0,2,4,25,17,20,26,13,24,55,97,12,0,0,0,0,0,0,0.0015,0.0419,0.0831,0.0046,0.0204,0.0682,0.0500,6.3306,0.0741,0.0000,0.7895,0.0032,0.0001,0.3069,0.0084,0.0042,0.0001
1456,20.2692,0.0000,12.2496,5.5047,,true,0,0.008333,0.0000,0.0000,1.00,0.00,0.0000,22,1,295,295,0,0,100,1,11,11,0,246528,0,295,0,0,799805440,0.000000,0.000000,19.949051,0.00,0,2,4,25,17,20,26,13,24,55,97,12,0,0,0,0,0,0,0.0019,0.0509,0.0582,0.0059,0.0202,0.0820,0.0389,5.5047,0.0639,0.0000,0.8279,0.0038,0.0001,0.2856,0.0095,0.0038,0.0002
1457,20.2802,0.0000,12.0137,4.9151,,true,0,0.008333,0.0000,0.0000,1.00,0.00,0.0000,22,1,295,295,0,0,100,1,11,11,0,246528,0,295,0,0,799805440,0.000000,0.000000,19.949051,0.00,0,2,4,25,17,20,26,13,24,55,97,12,0,0,0,0,0,0,0.0012,0.0475,0.0588,0.0041,0.0185,0.0779,0.0374,4.9151,0.0695,0.0000,0.8082,0.0058,0.0001,0.2971,0.0117,0.0052,0.0001
1458,20.2908,0.0000,10.5700,4.9693,,true,0,0.008333,0.0000,0.0000,1.00,0.00,0.0000,22,1,295,295,0,0,100,1,11,11,0,246528,0,295,0,0,799805440,0.000000,0.000000,19.949051,0.00,0,2,4,25,17,20,26,13,24,55,97,12,0,0,0,0,0,0,0.0013,0.0283,0.0736,0.0164,0.0218,0.0408,0.0317,4.9693,0.1104,0.0000,0.7755,0.0032,0.0001,0.2888,0.0080,0.0043,0.0001
1459,20.3033,0.0000,12.4773,4.9917,,true,0,0.008333,0.0000,0.0000,1.00,0.00,0.0000,22,1,295,295,0,0,100,1,11,11,0,246528,0,295,0,0,799805440,0.000000,0.000000,19.949051,0.00,0,2,4,25,17,20,26,13,24,55,97,12,0,0,0,0,0,0,0.0072,0.0498,0.0635,0.0036,0.0164,0.0519,0.0491,4.9917,0.0801,0.0000,0.8533,0.0075,0.0001,0.2987,0.0083,0.0068,0.0001
1460,20.3153,0.0000,10.7974,6.0632,,true,0,0.008333,0.0000,0.0000,1.00,0.00,0.0000,22,1,295,295,0,0,100,1,11,11,0,246528,0,295,0,0,799805440,0.000000,0.000000,19.949051,0.00,0,2,4,25,17,20,26,13,24,55,97,12,0,0,0,0,0,0,0.0071,0.0584,0.0712,0.0053,0.0344,0.0829,0.0478,6.0632,0.0786,0.0000,0.8874,0.0045,0.0001,0.3049,0.0094,0.0058,0.0001
1461,20.3263,0.0000,11.6418,5.3380,,true,0,0.008333,0.0000,0.0000,1.00,0.00,0.0000,22,1,295,295,0,0,100,1,11,11,0,246528,0,295,0,0,799809536,0.000000,0.000000,19.949051,0.00,0,2,4,25,17,20,26,13,24,55,97,12,0,0,0,0,0,0,0.0016,0.0560,0.0714,0.0034,0.0204,0.0755,0.0442,5.3380,0.0805,0.0000,0.9099,0.0646,0.0001,0.3015,0.0105,0.0063,0.0001
1462,20.3490,0.0000,11.4025,16.7532,,true,0,0.008333,0.0000,0.0000,1.00,0.00,0.0000,22,1,295,295,0,0,100,1,11,11,0,246528,0,295,0,0,799809536,0.000000,0.000000,19.949051,0.00,0,2,4,25,17,20,26,13,24,55,97,12,0,0,0,0,0,0,0.0009,0.0398,0.0660,0.0040,0.0196,0.0710,0.0354,16.7532,0.1030,0.0000,12.1315,0.0028,0.9398,0.2920,0.0187,0.0047,10.3993
1463,20.3557,0.0000,10.3069,5.4145,,true,0,0.008333,0.0000,0.0000,1.00,0.00,0.0000,22,1,295,295,0,0,100,1,11,11,0,246528,0,295,0,0,799809536,0.000000,0.000000,19.949051,0.00,0,2,4,25,17,20,26,13,24,55,97,12,0,0,0,0,0,0,0.0023,0.0331,0.1479,0.0027,0.0129,0.0709,0.0357,5.4145,0.0797,0.0000,0.7067,0.0013,0.0001,0.2914,0.0040,0.0021,0.0001
1464,20.3629,0.0000,14.7187,5.6444,,true,0,0.008333,0.0000,0.0000,1.00,0.00,0.0000,22,1,295,295,0,0,100,1,11,11,0,246528,0,295,0,0,799809536,0.000000,0.000000,19.949051,0.00,0,2,4,25,17,20,26,13,24,55,97,12,0,0,0,0,0,0,0.0046,0.0358,0.0754,0.0042,0.0183,0.0672,0.0409,5.6444,0.0899,0.0000,0.7315,0.0025,0.0001,0.2833,0.0078,0.0044,0.0001
1465,20.3707,0.0000,8.3080,4.9811,,true,0,0.008333,0.0000,0.0000,1.00,0.00,0.0000,22,1,295,295,0,0,100,1,11,11,0,246528,0,295,0,0,799809536,0.000000,0.000000,19.949051,0.00,0,2,4,25,17,20,26,13,24,55,97,12,0,0,0,0,0,0,0.0013,0.0370,0.0603,0.0050,0.0219,0.0707,0.0485,4.9811,0.0562,0.0000,0.7225,0.0040,0.0001,0.2803,0.0082,0.0054,0.0001
1466,20.3814,0.0000,10.9928,4.8933,,true,0,0.008333,0.0000,0.0000,1.00,0.00,0.0000,22,1,295,295,0,0,100,1,11,11,0,246528,0,295,0,0,799809536,0.000000,0.000000,19.949051,0.00,0,2,4,25,17,20,26,13,24,55,97,12,0,0,0,0,0,0,0.0014,0.0518,0.0474,0.0043,0.0175,0.0467,0.0411,4.8933,0.0450,0.0000,0.7550,0.0031,0.0001,0.2849,0.0139,0.0037,0.0001
1467,20.3929,0.0000,11.2958,4.9373,,true,0,0.008333,0.0000,0.0000,1.00,0.00,0.0000,22,1,295,295,0,0,100,1,11,11,0,246528,0,295,0,0,799809536,0.000000,0.000000,19.949051,0.00,0,2,4,25,17,20,26,13,24,55,97,12,0,0,0,0,0,0,0.0014,0.0455,0.0593,0.0048,0.0250,0.0778,0.0381,4.9373,0.0787,0.0000,0.8492,0.0039,0.0001,0.3024,0.0096,0.0063,0.0001
1468,20.4045,0.0000,11.0413,5.4874,,true,0,0.008333,0.0000,0.0000,1.00,0.00,0.0000,22,1,295,295,0,0,100,1,11,11,0,246528,0,295,0,0,799809536,0.000000,0.000000,19.949051,0.00,0,2,4,25,17,20,26,13,24,55,97,12,0,0,0,0,0,0,0.0012,0.0423,0.0665,0.0048,0.0209,0.0780,0.0386,5.4874,0.0753,0.0000,1.0898,0.0045,0.0001,0.4207,0.0102,0.0052,0.0001
1469,20.4167,0.0000,11.9449,5.7810,,true,0,0.008333,0.0000,0.0000,1.00,0.00,0.0000,22,1,295,295,0,0,100,1,11,11,0,246528,0,295,0,0,799809536,0.000000,0.000000,19.949051,0.00,0,2,4,25,17,20,26,13,24,55,97,12,0,0,0,0,0,0,0.0014,0.0440,0.0562,0.0046,0.0237,0.0868,0.0385,5.7810,0.0845,0.0000,0.8316,0.0025,0.0001,0.3039,0.0100,0.0059,0.0001
1470,20.4285,0.0000,12.1419,5.4986,,true,0,0.008333,0.0000,0.0000,1.00,0.00,0.0000,22,1,295,295,0,0,100,1,11,11,0,246528,0,295,0,0,799813632,0.000000,0.000000,19.949051,0.00,0,2,4,25,17,20,26,13,24,55,97,12,0,0,0,0,0,0,0.0028,0.0459,0.0578,0.0050,0.0220,0.0830,0.0376,5.4986,0.0870,0.0000,0.8146,0.0048,0.0001,0.3042,0.0088,0.0055,0.0001
1471,20.4388,0.0000,10.9089,4.8846,,true,0,0.008333,0.0000,0.0000,1.00,0.00,0.0000,22,1,295,295,0,0,100,1,11,11,0,246528,0,295,0,0,799813632,0.000000,0.000000,19.949051,0.00,0,2,4,25,17,20,26,13,24,55,97,12,0,0,0,0,0,0,0.0013,0.0407,0.0539,0.0030,0.0154,0.0733,0.0361,4.8846,0.0666,0.0000,0.7804,0.0044,0.0001,0.2992,0.0087,0.0043,0.0001
1472,20.4505,0.0000,11.1243,5.3433,,true,0,0.008333,0.0000,0.0000,1.00,0.00,0.0000,22,1,295,295,0,0,100,1,11,11,0,246528,0,295,0,0,799813632,0.000000,0.000000,19.949051,0.00,0,2,4,25,17,20,26,13,24,55,97,12,0,0,0,0,0,0,0.0013,0.0617,0.0608,0.0050,0.0216,0.0850,0.0332,5.3433,0.0708,0.0000,0.7925,0.0036,0.0001,0.2843,0.0090,0.0034,0.0001
1473,20.4614,0.0000,11.4261,5.0319,,true,0,0.008333,0.0000,0.0000,1.00,0.00,0.0000,22,1,295,295,0,0,100,1,11,11,0,246528,0,295,0,0,799813632,0.000000,0.000000,19.949051,0.00,0,2,4,25,17,20,26,13,24,55,97,12,0,0,0,0,0,0,0.0025,0.0408,0.0515,0.0043,0.0204,0.0758,0.0348,5.0319,0.0607,0.0000,0.7954,0.0039,0.0001,0.2839,0.0076,0.0050,0.0004
1474,20.4720,0.0000,10.4761,5.0704,,true,0,0.008333,0.0000,0.0000,1.00,0.00,0.0000,22,1,295,295,0,0,100,1,11,11,0,246528,0,295,0,0,799813632,0.000000,0.000000,19.949051,0.00,0,2,4,25,17,20,26,13,24,55,97,12,0,0,0,0,0,0,0.0021,0.0425,0.0491,0.0027,0.0158,0.0857,0.0361,5.0704,0.0585,0.0000,0.7526,0.0025,0.0001,0.3329,0.0077,0.0038,0.0001
1475,20.4825,0.0000,10.8023,4.9013,,true,0,0.008333,0.0000,0.0000,1.00,0.00,0.0000,22,1,295,295,0,0,100,1,11,11,0,246528,0,295,0,0,799813632,0.000000,0.000000,19.949051,0.00,0,2,4,25,17,20,26,13,24,55,97,12,0,0,0,0,0,0,0.0010,0.0410,0.0671,0.0061,0.0247,0.0794,0.0347,4.9013,0.0760,0.0000,0.7094,0.0044,0.0001,0.2596,0.0112,0.0050,0.0001
1476,20.4960,0.0000,11.4486,6.8088,,true,0,0.008333,0.0000,0.0000,1.00,0.00,0.0000,22,1,295,295,0,0,100,1,11,11,0,246528,0,295,0,0,799813632,0.000000,0.000000,19.949051,0.00,0,2,4,25,17,20,26,13,24,55,97,12,0,0,0,0,0,0,0.0033,0.0398,0.0508,0.0047,0.0177,0.0676,0.0554,6.8088,0.0486,0.0000,0.6852,0.0033,0.0001,0.2688,0.0064,0.0043,0.0001
1477,20.5044,0.0000,10.6595,4.7289,,true,0,0.008333,0.0000,0.0000,1.00,0.00,0.0000,22,1,295,295,0,0,100,1,11,11,0,246528,0,295,0,0,799813632,0.000000,0.000000,19.949051,0.00,0,2,4,25,17,20,26,13,24,55,97,12,0,0,0,0,0,0,0.0012,0.0399,0.0486,0.0050,0.0199,0.0554,0.0419,4.7289,0.0547,0.0000,0.7793,0.0041,0.0001,0.2970,0.0076,0.0037,0.0001
1478,20.5162,0.0000,10.6627,5.2527,,true,0,0.008333,0.0000,0.0000,1.00,0.00,0.0000,22,1,295,295,0,0,100,1,11,11,0,246528,0,295,0,0,799813632,0.000000,0.000000,19.949051,0.00,0,2,4,25,17,20,26,13,24,55,97,12,0,0,0,0,0,0,0.0016,0.0458,0.0804,0.0064,0.0231,0.0786,0.0401,5.2527,0.0801,0.0000,0.9299,0.0045,0.0001,0.4089,0.0104,0.0061,0.0001
1479,20.5271,0.0000,11.7156,4.8112,,true,0,0.008333,0.0000,0.0000,1.00,0.00,0.0000,22,1,295,295,0,0,100,1,11,11,0,246528,0,295,0,0,799817728,0.000000,0.000000,20.252913,0.00,0,2,4,25,17,20,26,13,24,55,97,12,0,0,0,0,0,0,0.0016,0.0417,0.0553,0.0031,0.0197,0.2279,0.0368,4.8112,0.0666,0.0000,0.8136,0.0050,0.0001,0.3050,0.0089,0.0063,0.0001
1480,20.5373,0.0000,10.6496,4.6890,,true,0,0.008333,0.0000,0.0000,1.00,0.00,0.0000,22,1,295,295,0,0,100,1,11,11,0,246528,0,295,0,0,799817728,0.000000,0.000000,20.252913,0.00,0,2,4,25,17,20,26,13,24,55,97,12,0,0,0,0,0,0,0.0013,0.0413,0.0614,0.0043,0.0199,0.0649,0.0350,4.6890,0.0690,0.0000,0.8023,0.0038,0.0001,0.3178,0.0101,0.0056,0.0003
1481,20.5479,0.0000,10.1902,5.0614,,true,0,0.008333,0.0000,0.0000,1.00,0.00,0.0000,22,1,295,295,0,0,100,1,11,11,0,246528,0,295,0,0,799817728,0.000000,0.000000,20.252913,0.00,0,2,4,25,17,20,26,13,24,55,97,12,0,0,0,0,0,0,0.0021,0.0393,0.0566,0.0042,0.0169,0.0585,0.0337,5.0614,0.0766,0.0000,0.7758,0.0040,0.0001,0.3029,0.0080,0.0046,0.0001
1482,20.5588,0.0000,10.9934,4.8298,,true,0,0.008333,0.0000,0.0000,1.00,0.00,0.0000,22,1,295,295,0,0,100,1,11,11,0,246528,0,295,0,0,799817728,0.000000,0.000000,20.252913,0.00,0,2,4,25,17,20,26,13,24,55,97,12,0,0,0,0,0,0,0.0032,0.0326,0.0521,0.0053,0.0192,0.0608,0.0323,4.8298,0.0671,0.0000,0.7837,0.0034,0.0001,0.3123,0.0093,0.0049,0.0001
1483,20.5747,0.0000,13.7563,6.7475,,true,0,0.008333,0.0000,0.0000,1.00,0.00,0.0000,22,1,295,295,0,0,100,1,11,11,0,246528,0,295,0,0,799817728,0.000000,0.000000,20.252913,0.00,0,2,4,25,17,20,26,13,24,55,97,12,0,0,0,0,0,0,0.0017,0.0573,0.0599,0.0030,0.0217,0.0702,0.0469,6.7475,0.0600,0.0000,0.9588,0.0050,0.0001,0.3075,0.0087,0.0051,0.0001
1484,20.5840,0.0000,10.5497,5.8000,,true,0,0.008333,0.0000,0.0000,1.00,0.00,0.0000,22,1,295,295,0,0,100,1,11,11,0,246528,0,295,0,0,799817728,0.000000,0.000000,20.252913,0.00,0,2,4,25,17,20,26,13,24,55,97,12,0,0,0,0,0,0,0.0017,0.0658,0.0909,0.0055,0.0256,0.0636,0.0547,5.8000,0.0737,0.0000,1.2357,0.0033,0.0001,0.4588,0.0129,0.0047,0.0001
1485,20.5979,0.0000,13.9725,5.4031,,true,0,0.008333,0.0000,0.0000,1.00,0.00,0.0000,22,1,295,295,0,0,100,1,11,11,0,246528,0,295,0,0,799817728,0.000000,0.000000,20.252913,0.00,0,2,4,25,17,20,26,13,24,55,97,12,0,0,0,0,0,0,0.0015,0.0419,0.0495,0.0038,0.0215,0.0742,0.0367,5.4031,0.0527,0.0000,0.8071,0.0037,0.0001,0.3324,0.0048,0.0050,0.0003
1486,20.6065,0.0000,9.5572,4.7154,,true,0,0.008333,0.0000,0.0000,1.00,0.00,0.0000,22,1,295,295,0,0,100,1,11,11,0,246528,0,295,0,0,799817728,0.000000,0.000000,20.252913,0.00,0,2,4,25,17,20,26,13,24,55,97,12,0,0,0,0,0,0,0.0013,0.0355,0.0659,0.0045,0.0192,0.0673,0.0350,4.7154,0.0755,0.0000,0.8560,0.0036,0.0001,0.3303,0.0109,0.0044,0.0001
1487,20.6199,0.0000,12.2582,5.9013,,true,0,0.008333,0.0000,0.0000,1.00,0.00,0.0000,22,1,295,295,0,0,100,1,11,11,0,246528,0,295,0,0,799817728,0.000000,0.000000,20.252913,0.00,0,2,4,25,17,20,26,13,24,55,97,12,0,0,0,0,0,0,0.0021,0.0489,0.0792,0.0057,0.0260,0.0971,0.0439,5.9013,0.0812,0.0000,1.1588,0.0032,0.0001,0.4781,0.0108,0.0054,0.0001
1488,20.6347,0.0000,14.7124,5.3369,,true,0,0.008333,0.0000,0.0000,1.00,0.00,0.0000,22,1,295,295,0,0,100,1,11,11,0,246528,0,295,0,0,799817728,0.000000,0.000000,20.252913,0.00,0,2,4,25,17,20,26,13,24,55,97,12,0,0,0,0,0,0,0.0012,0.0415,0.0511,0.0046,0.0187,0.0723,0.0365,5.3369,0.0585,0.0000,0.8268,0.0032,0.0001,0.3051,0.0076,0.0048,0.0001
1489,20.6464,0.0000,11.4956,5.9517,,true,0,0.008333,0.0000,0.0000,1.00,0.00,0.0000,22,1,295,295,0,0,100,1,11,11,0,246528,0,295,0,0,799821824,0.000000,0.000000,20.252913,0.00,0,2,4,25,17,20,26,13,24,55,97,12,0,0,0,0,0,0,0.0028,0.0470,0.0524,0.0136,0.0211,0.0745,0.0351,5.9517,0.0643,0.0000,0.7837,0.0025,0.0001,0.3227,0.0085,0.0050,0.0003
1490,20.6586,0.0000,13.3407,4.8379,,true,0,0.008333,0.0000,0.0000,1.00,0.00,0.0000,22,1,295,295,0,0,100,1,11,11,0,246528,0,295,0,0,799821824,0.000000,0.000000,20.252913,0.00,0,2,4,25,17,20,26,13,24,55,97,12,0,0,0,0,0,0,0.0014,0.0519,0.0524,0.0045,0.0229,0.0644,0.0365,4.8379,0.0686,0.0000,0.7693,0.0048,0.0001,0.3021,0.0079,0.0059,0.0001
1491,20.6719,0.0000,12.7116,5.4589,,true,0,0.008333,0.0000,0.0000,1.00,0.00,0.0000,22,1,295,295,0,0,100,1,11,11,0,246528,0,295,0,0,799821824,0.000000,0.000000,20.252913,0.00,0,2,4,25,17,20,26,13,24,55,97,12,0,0,0,0,0,0,0.0015,0.0634,0.0646,0.0041,0.0250,0.0926,0.0378,5.4589,0.0718,0.0000,0.7950,0.0052,0.0001,0.3060,0.0079,0.0046,0.0001
1492,20.6857,0.0000,14.3526,4.9411,,true,0,0.008333,0.0000,0.0000,1.00,0.00,0.0000,22,1,295,295,0,0,100,1,11,11,0,246528,0,295,0,0,799821824,0.000000,0.000000,20.252913,0.00,0,2,4,25,17,20,26,13,24,55,97,12,0,0,0,0,0,0,0.0026,0.0450,0.0527,0.0048,0.0199,0.0738,0.0362,4.9411,0.0690,0.0000,0.8040,0.0037,0.0001,0.3120,0.0098,0.0067,0.0001
1493,20.6990,0.0000,13.1150,5.0910,,true,0,0.008333,0.0000,0.0000,1.00,0.00,0.0000,22,1,295,295,0,0,100,1,11,11,0,246528,0,295,0,0,799821824,0.000000,0.000000,20.252913,0.00,0,2,4,25,17,20,26,13,24,55,97,12,0,0,0,0,0,0,0.0015,0.0484,0.0585,0.0045,0.0225,0.0680,0.0357,5.0910,0.0776,0.0000,0.8515,0.0047,0.0001,0.3063,0.0108,0.0071,0.0001
1494,20.7105,0.0000,12.0023,5.0618,,true,0,0.008333,0.0000,0.0000,1.00,0.00,0.0000,22,1,295,295,0,0,100,1,11,11,0,246528,0,295,0,0,799821824,0.000000,0.000000,20.252913,0.00,0,2,4,25,17,20,26,13,24,55,97,12,0,0,0,0,0,0,0.0014,0.0430,0.0523,0.0027,0.0181,0.0615,0.0376,5.0618,0.0711,0.0000,0.7846,0.0033,0.0001,0.3020,0.0097,0.0047,0.0001
1495,20.7286,0.0000,15.0805,7.1505,,true,0,0.008333,0.0000,0.0000,1.00,0.00,0.0000,22,1,295,295,0,0,100,1,11,11,0,246528,0,295,0,0,799821824,0.000000,0.000000,20.252913,0.00,0,2,4,25,17,20,26,13,24,55,97,12,0,0,0,0,0,0,0.0016,0.0520,0.0664,0.0040,0.0318,0.1012,0.0407,7.1505,0.0833,0.0000,0.8469,0.0043,0.0001,0.3159,0.0124,0.0056,0.0001
1496,20.7453,0.0000,14.9192,8.1646,,true,0,0.008333,0.0000,0.0000,1.00,0.00,0.0000,22,1,295,295,0,0,100,1,11,11,0,246528,0,295,0,0,799821824,0.000000,0.000000,20.252913,0.00,0,2,4,25,17,20,26,13,24,55,97,12,0,0,0,0,0,0,0.0018,0.0525,0.0529,0.0073,0.0321,0.0972,0.0371,8.1646,0.0533,0.0000,0.7719,0.0036,0.0001,0.2965,0.0074,0.0044,0.0001
1497,20.7592,0.0000,12.9334,9.9997,,true,0,0.008333,0.0000,0.0000,1.00,0.00,0.0000,22,1,295,295,0,0,100,1,11,11,0,246528,0,295,0,0,799821824,0.000000,0.000000,20.252913,0.00,0,2,4,25,17,20,26,13,24,55,97,12,0,0,0,0,0,0,0.0031,0.0632,0.0851,0.0044,0.0250,0.0917,0.0490,9.9997,0.1170,0.0000,1.4606,0.0055,0.0001,0.4615,0.0206,0.0069,0.0003
1498,20.7688,0.0000,13.8907,5.4268,,true,0,0.008333,0.0000,0.0000,1.00,0.00,0.0000,22,1,295,295,0,0,100,1,11,11,0,246528,0,295,0,0,799825920,0.000000,0.000000,20.252913,0.00,0,2,4,25,17,20,26,13,24,55,97,12,0,0,0,0,0,0,0.0012,0.0488,0.0502,0.0036,0.0228,0.0652,0.0380,5.4268,0.0984,0.0000,0.7744,0.0029,0.0001,0.3035,0.0085,0.0043,0.0001
1499,20.7805,0.0000,12.4412,5.5713,,true,0,0.008333,0.0000,0.0000,1.00,0.00,0.0000,22,1,295,295,0,0,100,1,11,11,0,246528,0,295,0,0,799825920,0.000000,0.000000,20.252913,0.00,0,2,4,25,17,20,26,13,24,55,97,12,0,0,0,0,0,0,0.0013,0.0522,0.0635,0.0046,0.0478,0.0802,0.0393,5.5713,0.0847,0.0000,0.8227,0.0036,0.0001,0.3287,0.0093,0.0066,0.0001
1500,20.7947,0.0000,13.6626,5.8712,,true,0,0.008333,0.0000,0.0000,1.00,0.00,0.0000,22,1,295,295,0,0,100,1,11,11,0,246528,0,295,0,0,799825920,0.000000,0.000000,20.252913,0.00,0,2,4,25,17,20,26,13,24,55,97,12,0,0,0,0,0,0,0.0019,0.0564,0.0644,0.0057,0.0337,0.0869,0.0388,5.8712,0.0954,0.0000,0.8447,0.0044,0.0001,0.3139,0.0103,0.0053,0.0001
1501,20.8110,0.0000,13.2932,8.2949,,true,0,0.008333,0.0000,0.0000,1.00,0.00,0.0000,22,1,295,295,0,0,100,1,11,11,0,246528,0,295,0,0,799825920,0.000000,0.000000,20.252913,0.00,0,2,4,25,17,20,26,13,24,55,97,12,0,0,0,0,0,0,0.0025,0.0499,0.0687,0.0047,0.0251,0.0848,0.0377,8.2949,0.0843,0.0000,0.8772,0.0036,0.0001,0.3349,0.0089,0.0055,0.0001
1502,20.8241,0.0000,14.2701,7.4017,,true,0,0.008333,0.0000,0.0000,1.00,0.00,0.0000,22,1,295,295,0,0,100,1,11,11,0,246528,0,295,0,0,799825920,0.000000,0.000000,20.252913,0.00,0,2,4,25,17,20,26,13,24,55,97,12,0,0,0,0,0,0,0.0013,0.0649,0.0575,0.0062,0.0283,0.0873,0.0433,7.4017,0.0640,0.0000,0.8734,0.0040,0.0001,0.3633,0.0082,0.0050,0.0001
1503,20.8374,0.0000,12.8730,7.8477,,true,0,0.008333,0.0000,0.0000,1.00,0.00,0.0000,22,1,295,295,0,0,100,1,11,11,0,246528,0,295,0,0,799825920,0.000000,0.000000,20.558204,0.00,0,2,4,25,17,20,26,13,24,55,97,12,0,0,0,0,0,0,0.0017,0.0670,0.1526,0.0052,0.0217,0.2909,0.0388,7.8477,0.0865,0.0000,0.9325,0.0044,0.0001,0.3522,0.0108,0.0073,0.0001
1504,20.8525,0.0000,14.9545,7.8053,,true,0,0.008333,0.0000,0.0000,1.00,0.00,0.0000,22,1,295,295,0,0,100,1,11,11,0,246528,0,295,0,0,799825920,0.000000,0.000000,20.558204,0.00,0,2,4,25,17,20,26,13,24,55,97,12,0,0,0,0,0,0,0.0016,0.0581,0.1225,0.0050,0.0260,0.0960,0.0387,7.8053,0.1319,0.0000,0.8376,0.0052,0.0001,0.3008,0.0055,0.0061,0.0001
1505,20.8659,0.0000,13.2850,7.0796,,true,0,0.008333,0.0000,0.0000,1.00,0.00,0.0000,22,1,295,295,0,0,100,1,11,11,0,246528,0,295,0,0,799825920,0.000000,0.000000,20.558204,0.00,0,2,4,25,17,20,26,13,24,55,97,12,0,0,0,0,0,0,0.0017,0.0445,0.0546,0.0064,0.0245,0.0824,0.0415,7.0796,0.0769,0.0000,0.8596,0.0047,0.0001,0.3377,0.0108,0.0061,0.0003
1506,20.8785,0.0000,14.0302,6.3861,,true,0,0.008333,0.0000,0.0000,1.00,0.00,0.0000,22,1,295,295,0,0,100,1,11,11,0,246528,0,295,0,0,799825920,0.000000,0.000000,20.558204,0.00,0,2,4,25,17,20,26,13,24,55,97,12,0,0,0,0,0,0,0.0017,0.0593,0.0789,0.0044,0.0223,0.0622,0.0546,6.3861,0.0697,0.0000,0.9030,0.0066,0.0001,0.3149,0.0109,0.0063,0.0001
1507,20.8910,0.0000,13.7857,5.5940,,true,0,0.008333,0.0000,0.0000,1.00,0.00,0.0000,22,1,295,295,0,0,100,1,11,11,0,246528,0,295,0,0,799830016,0.000000,0.000000,20.558204,0.00,0,2,4,25,17,20,26,13,24,55,97,12,0,0,0,0,0,0,0.0011,0.0477,0.0548,0.0057,0.0279,0.1072,0.0497,5.5940,0.0754,0.0000,0.7868,0.0039,0.0001,0.3012,0.0094,0.0048,0.0001
1508,20.9027,0.0000,12.0171,5.2246,,true,0,0.008333,0.0000,0.0000,1.00,0.00,0.0000,22,1,295,295,0,0,100,1,11,11,0,246528,0,295,0,0,799830016,0.000000,0.000000,20.558204,0.00,0,2,4,25,17,20,26,13,24,55,97,12,0,0,0,0,0,0,0.0159,0.0436,0.0578,0.0055,0.0225,0.0760,0.0386,5.2246,0.0656,0.0000,0.7821,0.0036,0.0001,0.2985,0.0103,0.0044,0.0005
1509,20.9176,0.0000,12.9317,7.0657,,true,0,0.008333,0.0000,0.0000,1.00,0.00,0.0000,22,1,295,295,0,0,100,1,11,11,0,246528,0,295,0,0,799830016,0.000000,0.000000,20.558204,0.00,0,2,4,25,17,20,26,13,24,55,97,12,0,0,0,0,0,0,0.0020,0.0498,0.0774,0.0052,0.0202,0.1152,0.0614,7.0657,0.0920,0.0000,0.9649,0.0057,0.0001,0.3288,0.0131,0.0068,0.0001
1510,20.9331,0.0000,15.2680,6.9362,,true,0,0.008333,0.0000,0.0000,1.00,0.00,0.0000,22,1,295,295,0,0,100,1,11,11,0,246528,0,295,0,0,799830016,0.000000,0.000000,20.558204,0.00,0,2,4,25,17,20,26,13,24,55,97,12,0,0,0,0,0,0,0.0020,0.0466,0.0670,0.0045,0.0270,0.0792,0.0397,6.9362,0.0695,0.0000,0.8966,0.0070,0.0001,0.3054,0.0092,0.0104,0.0001
1511,20.9442,0.0000,12.7361,5.6648,,true,0,0.008333,0.0000,0.0000,1.00,0.00,0.0000,22,1,295,295,0,0,100,1,11,11,0,246528,0,295,0,0,799830016,0.000000,0.000000,20.558204,0.00,0,2,4,25,17,20,26,13,24,55,97,12,0,0,0,0,0,0,0.0016,0.0607,0.0639,0.0057,0.0317,0.0864,0.0518,5.6648,0.0748,0.0000,0.8685,0.0052,0.0001,0.3060,0.0112,0.0069,0.0001
1512,20.9583,0.0000,12.5734,6.6954,,true,0,0.008333,0.0000,0.0000,1.00,0.00,0.0000,22,1,295,295,0,0,100,1,11,11,0,246528,0,295,0,0,799830016,0.000000,0.000000,20.558204,0.00,0,2,4,25,17,20,26,13,24,55,97,12,0,0,0,0,0,0,0.0024,0.0471,0.0768,0.0044,0.0272,0.0930,0.0400,6.6954,0.0856,0.0000,0.8575,0.0050,0.0001,0.3090,0.0093,0.0065,0.0001
1513,20.9692,0.0000,13.5005,4.8945,,true,0,0.008333,0.0000,0.0000,1.00,0.00,0.0000,22,1,295,295,0,0,100,1,11,11,0,246528,0,295,0,0,799830016,0.000000,0.000000,20.558204,0.00,0,2,4,25,17,20,26,13,24,55,97,12,0,0,0,0,0,0,0.0014,0.0450,0.0564,0.0047,0.0228,0.0735,0.0378,4.8945,0.0684,0.0000,0.8104,0.0037,0.0001,0.3072,0.0096,0.0053,0.0001
1514,20.9873,0.0000,14.3077,7.4819,,true,0,0.008333,0.0000,0.0000,1.00,0.00,0.0000,22,1,295,295,0,0,100,1,11,11,0,246528,0,295,0,0,799830016,0.000000,0.000000,20.558204,0.00,0,2,4,25,17,20,26,13,24,55,97,12,0,0,0,0,0,0,0.0010,0.0389,0.0552,0.0125,0.0180,0.0694,0.0352,7.4819,0.0615,0.0000,0.8110,0.0038,0.0001,0.3308,0.0076,0.0053,0.0001
1515,21.0003,0.0000,12.4135,8.6498,,true,0,0.008333,0.0000,0.0000,1.00,0.00,0.0000,22,1,295,295,0,0,100,1,11,11,0,246528,0,295,0,0,799830016,0.000000,0.000000,20.558204,0.00,0,2,4,25,17,20,26,13,24,55,97,12,0,0,0,0,0,0,0.0017,0.0678,0.0839,0.0062,0.0280,0.1188,0.0354,8.6498,0.1041,0.0000,0.9890,0.0063,0.0001,0.3610,0.0123,0.0065,0.0001
1516,21.0197,0.0000,15.8168,12.2168,,true,0,0.008333,0.0000,0.0000,1.00,0.00,0.0000,22,1,295,295,0,0,100,1,11,11,0,246528,0,295,0,0,799830016,0.000000,0.000000,20.558204,0.00,0,2,4,25,17,20,26,13,24,55,97,12,0,0,0,0,0,0,0.0018,0.0707,0.0980,0.0090,0.0466,0.1720,0.0412,12.2168,0.1018,0.0000,1.0876,0.0064,0.0001,0.3938,0.0067,0.0075,0.0001
1517,21.0368,0.0000,19.0716,9.5455,,true,0,0.008333,0.0000,0.0000,1.00,0.00,0.0000,22,1,295,295,0,0,100,1,11,11,0,246528,0,295,0,0,799834112,0.000000,0.000000,20.558204,0.00,0,2,4,25,17,20,26,13,24,55,97,12,0,0,0,0,0,0,0.0061,0.1083,0.0914,0.0169,0.0522,0.0600,0.1036,9.5455,0.1076,0.0000,1.4815,0.0071,0.0001,0.4200,0.0177,0.0099,0.0002
1518,21.0479,0.0000,13.7712,7.5294,,true,0,0.008333,0.0000,0.0000,1.00,0.00,0.0000,22,1,295,295,0,0,100,1,11,11,0,246528,0,295,0,0,799834112,0.000000,0.000000,20.558204,0.00,0,2,4,25,17,20,26,13,24,55,97,12,0,0,0,0,0,0,0.0014,0.0437,0.0672,0.0128,0.0224,0.0825,0.0319,7.5294,0.0629,0.0000,0.9263,0.0039,0.0001,0.3981,0.0217,0.0037,0.0001
1519,21.0597,0.0000,12.0067,8.0112,,true,0,0.008333,0.0000,0.0000,1.00,0.00,0.0000,22,1,295,295,0,0,100,1,11,11,0,246528,0,295,0,0,799834112,0.000000,0.000000,20.558204,0.00,0,2,4,25,17,20,26,13,24,55,97,12,0,0,0,0,0,0,0.0019,0.0675,0.0890,0.0054,0.0242,0.0719,0.0518,8.0112,0.0987,0.0000,1.2703,0.0053,0.0001,0.5171,0.0166,0.0074,0.0001
1520,21.0742,0.0000,15.4464,6.7117,,true,0,0.008333,0.0000,0.0000,1.00,0.00,0.0000,22,1,295,295,0,0,100,1,11,11,0,246528,0,295,0,0,799834112,0.000000,0.000000,20.558204,0.00,0,2,4,25,17,20,26,13,24,55,97,12,0,0,0,0,0,0,0.0022,0.0517,0.0659,0.0053,0.0226,0.0885,0.0428,6.7117,0.0659,0.0000,1.1642,0.0037,0.0001,0.4734,0.0083,0.0041,0.0001
1521,21.0835,0.0000,11.1229,5.2162,,true,0,0.008333,0.0000,0.0000,1.00,0.00,0.0000,22,1,295,295,0,0,100,1,11,11,0,246528,0,295,0,0,799834112,0.000000,0.000000,20.558204,0.00,0,2,4,25,17,20,26,13,24,55,97,12,0,0,0,0,0,0,0.0018,0.0614,0.0532,0.0060,0.0254,0.0891,0.0367,5.2162,0.0671,0.0000,0.8401,0.0054,0.0001,0.3087,0.0084,0.0060,0.0001
1522,21.1097,0.0000,12.8472,18.9974,,true,0,0.008333,0.0000,0.0000,1.00,0.00,0.0000,22,1,295,295,0,0,100,1,11,11,0,246528,0,295,0,0,799834112,0.000000,0.000000,20.558204,0.00,0,2,4,25,17,20,26,13,24,55,97,12,0,0,0,0,0,0,0.0018,0.0452,0.0789,0.0041,0.0426,0.0667,0.0396,18.9974,0.0689,0.0000,14.3013,0.0039,0.7951,0.2985,0.0210,0.0053,12.6426
1523,21.1172,0.0000,13.0109,6.1431,,true,0,0.008333,0.0000,0.0000,1.00,0.00,0.0000,22,1,295,295,0,0,100,1,11,11,0,246528,0,295,0,0,799956992,0.000000,0.000000,20.558204,0.00,0,2,4,25,17,20,26,13,24,55,97,12,0,0,0,0,0,0,0.0064,0.0527,0.0511,0.0106,0.0368,0.0787,0.0372,6.1431,0.0420,0.0000,0.9209,0.0064,0.0001,0.3234,0.0121,0.0081,0.0001
1524,21.1271,0.0000,15.8041,6.3865,,true,0,0.008333,0.0000,0.0000,1.00,0.00,0.0000,22,1,295,295,0,0,100,1,11,11,0,246528,0,295,0,0,799956992,0.000000,0.000000,20.558204,0.00,0,2,4,25,17,20,26,13,24,55,97,12,0,0,0,0,0,0,0.0011,0.0264,0.1048,0.0074,0.0166,0.0533,0.0325,6.3865,0.0982,0.0000,0.9103,0.0034,0.0001,0.4193,0.0115,0.0039,0.0001
1525,21.1348,0.0000,9.1957,5.6608,,true,0,0.008333,0.0000,0.0000,1.00,0.00,0.0000,22,1,295,295,0,0,100,1,11,11,0,246528,0,295,0,0,799956992,0.000000,0.000000,20.864269,0.00,0,2,4,25,17,20,26,13,24,55,97,12,0,0,0,0,0,0,0.0015,0.0375,0.0848,0.0040,0.0165,0.2206,0.0362,5.6608,0.0725,0.0000,0.8667,0.0035,0.0001,0.2930,0.0128,0.0058,0.0007
1526,21.1468,0.0000,12.6758,5.0976,,true,0,0.008333,0.0000,0.0000,1.00,0.00,0.0000,22,1,295,295,0,0,100,1,11,11,0,246528,0,295,0,0,799961088,0.000000,0.000000,20.864269,0.00,0,2,4,25,17,20,26,13,24,55,97,12,0,0,0,0,0,0,0.0015,0.0451,0.0625,0.0088,0.0223,0.0684,0.0506,5.0976,0.0666,0.0000,0.7568,0.0027,0.0001,0.3043,0.0081,0.0037,0.0001
1527,21.1620,0.0000,11.7645,6.4550,,true,0,0.008333,0.0000,0.0000,1.00,0.00,0.0000,22,1,295,295,0,0,100,1,11,11,0,246528,0,295,0,0,799961088,0.000000,0.000000,20.864269,0.00,0,2,4,25,17,20,26,13,24,55,97,12,0,0,0,0,0,0,0.0060,0.0429,0.0540,0.0064,0.0417,0.0938,0.0386,6.4550,0.0687,0.0000,0.7935,0.0039,0.0001,0.3062,0.0087,0.0045,0.0001
1528,21.1726,0.0000,13.4751,5.7306,,true,0,0.008333,0.0000,0.0000,1.00,0.00,0.0000,22,1,295,295,0,0,100,1,11,11,0,246528,0,295,0,0,799961088,0.000000,0.000000,20.864269,0.00,0,2,4,25,17,20,26,13,24,55,97,12,0,0,0,0,0,0,0.0016,0.0438,0.0529,0.0049,0.0245,0.0681,0.0383,5.7306,0.0696,0.0000,0.7815,0.0036,0.0001,0.3174,0.0089,0.0045,0.0001
1529,21.1863,0.0000,13.8357,5.3139,,true,0,0.008333,0.0000,0.0000,1.00,0.00,0.0000,22,1,295,295,0,0,100,1,11,11,0,246528,0,295,0,0,799961088,0.000000,0.000000,20.864269,0.00,0,2,4,25,17,20,26,13,24,55,97,12,0,0,0,0,0,0,0.0013,0.0413,0.0513,0.0041,0.0250,0.0902,0.0360,5.3139,0.0678,0.0000,0.8103,0.0016,0.0001,0.3011,0.0084,0.0025,0.0001
1530,21.1985,0.0000,11.4980,6.2426,,true,0,0.008333,0.0000,0.0000,1.00,0.00,0.0000,22,1,295,295,0,0,100,1,11,11,0,246528,0,295,0,0,799961088,0.000000,0.000000,20.864269,0.00,0,2,4,25,17,20,26,13,24,55,97,12,0,0,0,0,0,0,0.0016,0.0436,0.0594,0.0047,0.0229,0.0621,0.0360,6.2426,0.1190,0.0000,0.8020,0.0042,0.0001,0.3112,0.0092,0.0046,0.0001
1531,21.2121,0.0000,14.0247,5.5343,,true,0,0.008333,0.0000,0.0000,1.00,0.00,0.0000,22,1,295,295,0,0,100,1,11,11,0,246528,0,295,0,0,799961088,0.000000,0.000000,20.864269,0.00,0,2,4,25,17,20,26,13,24,55,97,12,0,0,0,0,0,0,0.0011,0.0428,0.0500,0.0059,0.0242,0.0735,0.0386,5.5343,0.0724,0.0000,0.8075,0.0046,0.0001,0.3163,0.0098,0.0057,0.0001
1532,21.2237,0.0000,11.8701,5.6076,,true,0,0.008333,0.0000,0.0000,1.00,0.00,0.0000,22,1,295,295,0,0,100,1,11,11,0,246528,0,295,0,0,799961088,0.000000,0.000000,20.864269,0.00,0,2,4,25,17,20,26,13,24,55,97,12,0,0,0,0,0,0,0.0013,0.0380,0.0779,0.0043,0.0210,0.0560,0.0362,5.6076,0.0880,0.0000,0.9646,0.0027,0.0001,0.3168,0.0306,0.0022,0.0001
1533,21.2362,0.0000,12.8970,4.8767,,true,0,0.008333,0.0000,0.0000,1.00,0.00,0.0000,22,1,295,295,0,0,100,1,11,11,0,246528,0,295,0,0,799961088,0.000000,0.000000,20.864269,0.00,0,2,4,25,17,20,26,13,24,55,97,12,0,0,0,0,0,0,0.0015,0.0420,0.0587,0.0031,0.0173,0.0677,0.0372,4.8767,0.0652,0.0000,0.7904,0.0048,0.0001,0.2921,0.0096,0.0059,0.0001
1534,21.2478,0.0000,11.7055,5.0186,,true,0,0.008333,0.0000,0.0000,1.00,0.00,0.0000,22,1,295,295,0,0,100,1,11,11,0,246528,0,295,0,0,799961088,0.000000,0.000000,20.864269,0.00,0,2,4,25,17,20,26,13,24,55,97,12,0,0,0,0,0,0,0.0019,0.0474,0.0535,0.0035,0.0191,0.0530,0.0416,5.0186,0.0725,0.0000,0.7925,0.0043,0.0001,0.3105,0.0088,0.0054,0.0001
1535,21.2596,0.0000,10.8358,6.0452,,true,0,0.008333,0.0000,0.0000,1.00,0.00,0.0000,22,1,295,295,0,0,100,1,11,11,0,246528,0,295,0,0,799965184,0.000000,0.000000,20.864269,0.00,0,2,4,25,17,20,26,13,24,55,97,12,0,0,0,0,0,0,0.0013,0.0542,0.0618,0.0060,0.0356,0.1073,0.0392,6.0452,0.0483,0.0000,0.9147,0.0054,0.0001,0.3195,0.0108,0.0058,0.0001
1536,21.2708,0.0000,12.2889,4.8274,,true,0,0.008333,0.0000,0.0000,1.00,0.00,0.0000,22,1,295,295,0,0,100,1,11,11,0,246528,0,295,0,0,799965184,0.000000,0.000000,20.864269,0.00,0,2,4,25,17,20,26,13,24,55,97,12,0,0,0,0,0,0,0.0012,0.0453,0.0571,0.0053,0.0196,0.0784,0.0349,4.8274,0.0672,0.0000,0.8310,0.0044,0.0001,0.3212,0.0088,0.0049,0.0001
1537,21.2812,0.0000,10.4160,4.8795,,true,0,0.008333,0.0000,0.0000,1.00,0.00,0.0000,22,1,295,295,0,0,100,1,11,11,0,246528,0,295,0,0,799965184,0.000000,0.000000,20.864269,0.00,0,2,4,25,17,20,26,13,24,55,97,12,0,0,0,0,0,0,0.0013,0.0439,0.0544,0.0034,0.0178,0.0796,0.0369,4.8795,0.0712,0.0000,0.8211,0.0036,0.0001,0.3008,0.0098,0.0046,0.0001
1538,21.2928,0.0000,11.4635,5.2960,,true,0,0.008333,0.0000,0.0000,1.00,0.00,0.0000,22,1,295,295,0,0,100,1,11,11,0,246528,0,295,0,0,799965184,0.000000,0.000000,20.864269,0.00,0,2,4,25,17,20,26,13,24,55,97,12,0,0,0,0,0,0,0.0012,0.0562,0.0788,0.0044,0.0200,0.0632,0.0424,5.2960,0.0823,0.0000,1.1912,0.0042,0.0001,0.4969,0.0109,0.0064,0.0002
1539,21.3063,0.0000,12.3748,5.9450,,true,0,0.008333,0.0000,0.0000,1.00,0.00,0.0000,22,1,295,295,0,0,100,1,11,11,0,246528,0,295,0,0,799965184,0.000000,0.000000,20.864269,0.00,0,2,4,25,17,20,26,13,24,55,97,12,0,0,0,0,0,0,0.0022,0.0461,0.0644,0.0039,0.0150,0.0734,0.0353,5.9450,0.0628,0.0000,0.8577,0.0037,0.0001,0.3312,0.0107,0.0051,0.0003
1540,21.3156,0.0000,10.4279,5.0366,,true,0,0.008333,0.0000,0.0000,1.00,0.00,0.0000,22,1,295,295,0,0,100,1,11,11,0,246528,0,295,0,0,799965184,0.000000,0.000000,20.864269,0.00,0,2,4,25,17,20,26,13,24,55,97,12,0,0,0,0,0,0,0.0033,0.0440,0.0683,0.0050,0.0166,0.0555,0.0372,5.0366,0.0780,0.0000,0.7850,0.0045,0.0001,0.3051,0.0079,0.0051,0.0001
1541,21.3270,0.0000,10.7620,5.2575,,true,0,0.008333,0.0000,0.0000,1.00,0.00,0.0000,22,1,295,295,0,0,100,1,11,11,0,246528,0,295,0,0,799965184,0.000000,0.000000,20.864269,0.00,0,2,4,25,17,20,26,13,24,55,97,12,0,0,0,0,0,0,0.0021,0.0390,0.0728,0.0052,0.0237,0.0696,0.0433,5.2575,0.0760,0.0000,0.8159,0.0031,0.0001,0.3082,0.0103,0.0062,0.0001
1542,21.3396,0.0000,12.2991,5.4769,,true,0,0.008333,0.0000,0.0000,1.00,0.00,0.0000,22,1,295,295,0,0,100,1,11,11,0,246528,0,295,0,0,799965184,0.000000,0.000000,20.864269,0.00,0,2,4,25,17,20,26,13,24,55,97,12,0,0,0,0,0,0,0.0060,0.0515,0.0558,0.0053,0.0198,0.0740,0.0322,5.4769,0.0610,0.0000,0.8231,0.0032,0.0001,0.3121,0.0087,0.0047,0.0001
1543,21.3492,0.0000,10.4529,5.1199,,true,0,0.008333,0.0000,0.0000,1.00,0.00,0.0000,22,1,295,295,0,0,100,1,11,11,0,246528,0,295,0,0,799965184,0.000000,0.000000,20.864269,0.00,0,2,4,25,17,20,26,13,24,55,97,12,0,0,0,0,0,0,0.0012,0.0487,0.0559,0.0044,0.0256,0.1090,0.0408,5.1199,0.0684,0.0000,0.8484,0.0060,0.0001,0.3135,0.0089,0.0057,0.0001
1544,21.3599,0.0000,10.5788,5.0231,,true,0,0.008333,0.0000,0.0000,1.00,0.00,0.0000,22,1,295,295,0,0,100,1,11,11,0,246528,0,295,0,0,799965184,0.000000,0.000000,20.864269,0.00,0,2,4,25,17,20,26,13,24,55,97,12,0,0,0,0,0,0,0.0028,0.0395,0.0482,0.0051,0.0209,0.0718,0.0471,5.0231,0.0707,0.0000,0.7846,0.0032,0.0001,0.3198,0.0070,0.0042,0.0003
1545,21.3714,0.0000,11.4827,5.1194,,true,0,0.008333,0.0000,0.0000,1.00,0.00,0.0000,22,1,295,295,0,0,100,1,11,11,0,246528,0,295,0,0,799969280,0.000000,0.000000,20.864269,0.00,0,2,4,25,17,20,26,13,24,55,97,12,0,0,0,0,0,0,0.0012,0.0409,0.0602,0.0035,0.0209,0.0711,0.0427,5.1194,0.0624,0.0000,0.7664,0.0038,0.0001,0.2992,0.0083,0.0057,0.0001
1546,21.3824,0.0000,10.8948,5.2350,,true,0,0.008333,0.0000,0.0000,1.00,0.00,0.0000,22,1,295,295,0,0,100,1,11,11,0,246528,0,295,0,0,799969280,0.000000,0.000000,20.864269,0.00,0,2,4,25,17,20,26,13,24,55,97,12,0,0,0,0,0,0,0.0020,0.0283,0.0520,0.0090,0.0193,0.0714,0.0418,5.2350,0.0563,0.0000,0.7485,0.0044,0.0001,0.2875,0.0075,0.0048,0.0005
1547,21.3939,0.0000,11.6382,5.0925,,true,0,0.008333,0.0000,0.0000,1.00,0.00,0.0000,22,1,295,295,0,0,100,1,11,11,0,246528,0,295,0,0,799969280,0.000000,0.000000,21.118330,0.00,0,2,4,25,17,20,26,13,24,55,97,12,0,0,0,0,0,0,0.0010,0.0396,0.0579,0.0037,0.0193,0.2514,0.0389,5.0925,0.0695,0.0000,0.8080,0.0038,0.0001,0.3079,0.0097,0.0055,0.0001
1548,21.4055,0.0000,11.3497,5.4420,,true,0,0.008333,0.0000,0.0000,1.00,0.00,0.0000,22,1,295,295,0,0,100,1,11,11,0,246528,0,295,0,0,799969280,0.000000,0.000000,21.118330,0.00,0,2,4,25,17,20,26,13,24,55,97,12,0,0,0,0,0,0,0.0007,0.0455,0.0634,0.0062,0.0220,0.0909,0.0353,5.4420,0.0731,0.0000,0.8188,0.0042,0.0001,0.3033,0.0099,0.0054,0.0001
1549,21.4176,0.0000,11.7939,5.4844,,true,0,0.008333,0.0000,0.0000,1.00,0.00,0.0000,22,1,295,295,0,0,100,1,11,11,0,246528,0,295,0,0,799969280,0.000000,0.000000,21.118330,0.00,0,2,4,25,17,20,26,13,24,55,97,12,0,0,0,0,0,0,0.0011,0.0509,0.0613,0.0050,0.0235,0.1004,0.0484,5.4844,0.0720,0.0000,1.0066,0.0039,0.0001,0.3888,0.0097,0.0047,0.0001
1550,21.4300,0.0000,12.2328,5.6418,,true,0,0.008333,0.0000,0.0000,1.00,0.00,0.0000,22,1,295,295,0,0,100,1,11,11,0,246528,0,295,0,0,799969280,0.000000,0.000000,21.118330,0.00,0,2,4,25,17,20,26,13,24,55,97,12,0,0,0,0,0,0,0.0013,0.0504,0.0560,0.0044,0.0220,0.0715,0.0416,5.6418,0.0692,0.0000,0.8082,0.0036,0.0001,0.3188,0.0087,0.0025,0.0001
1551,21.4406,0.0000,11.4364,5.0449,,true,0,0.008333,0.0000,0.0000,1.00,0.00,0.0000,22,1,295,295,0,0,100,1,11,11,0,246528,0,295,0,0,799969280,0.000000,0.000000,21.118330,0.00,0,2,4,25,17,20,26,13,24,55,97,12,0,0,0,0,0,0,0.0019,0.0267,0.1054,0.0073,0.0329,0.0566,0.0375,5.0449,0.0738,0.0000,0.6982,0.0035,0.0001,0.2773,0.0084,0.0038,0.0002
1552,21.4530,0.0000,12.3504,5.0644,,true,0,0.008333,0.0000,0.0000,1.00,0.00,0.0000,22,1,295,295,0,0,100,1,11,11,0,246528,0,295,0,0,799969280,0.000000,0.000000,21.118330,0.00,0,2,4,25,17,20,26,13,24,55,97,12,0,0,0,0,0,0,0.0011,0.0512,0.0606,0.0051,0.0270,0.0721,0.0485,5.0644,0.0660,0.0000,0.7927,0.0035,0.0001,0.3020,0.0079,0.0070,0.0001
1553,21.4636,0.0000,10.5832,5.1091,,true,0,0.008333,0.0000,0.0000,1.00,0.00,0.0000,22,1,295,295,0,0,100,1,11,11,0,246528,0,295,0,0,799969280,0.000000,0.000000,21.118330,0.00,0,2,4,25,17,20,26,13,24,55,97,12,0,0,0,0,0,0,0.0016,0.0606,0.0644,0.0033,0.0153,0.0628,0.0529,5.1091,0.0718,0.0000,0.8207,0.0049,0.0004,0.3000,0.0093,0.0060,0.0001
1554,21.4748,0.0000,11.1623,5.1026,,true,0,0.008333,0.0000,0.0000,1.00,0.00,0.0000,22,1,295,295,0,0,100,1,11,11,0,246528,0,295,0,0,799973376,0.000000,0.000000,21.118330,0.00,0,2,4,25,17,20,26,13,24,55,97,12,0,0,0,0,0,0,0.0012,0.0410,0.0550,0.0041,0.0272,0.0735,0.0431,5.1026,0.0670,0.0000,0.8084,0.0042,0.0000,0.3270,0.0104,0.0050,0.0001
1555,21.4860,0.0000,11.5111,4.7387,,true,0,0.008333,0.0000,0.0000,1.00,0.00,0.0000,22,1,295,295,0,0,100,1,11,11,0,246528,0,295,0,0,799973376,0.000000,0.000000,21.118330,0.00,0,2,4,25,17,20,26,13,24,55,97,12,0,0,0,0,0,0,0.0023,0.0346,0.0483,0.0039,0.0184,0.0586,0.0346,4.7387,0.0612,0.0000,0.7325,0.0039,0.0001,0.2855,0.0082,0.0049,0.0003
1556,21.4973,0.0000,10.5221,5.5923,,true,0,0.008333,0.0000,0.0000,1.00,0.00,0.0000,22,1,295,295,0,0,100,1,11,11,0,246528,0,295,0,0,799973376,0.000000,0.000000,21.118330,0.00,0,2,4,25,17,20,26,13,24,55,97,12,0,0,0,0,0,0,0.0017,0.0299,0.0454,0.0047,0.0175,0.0512,0.0371,5.5923,0.0581,0.0000,0.6899,0.0021,0.0001,0.2689,0.0053,0.0039,0.0001
1557,21.5082,0.0000,11.4221,5.1244,,true,0,0.008333,0.0000,0.0000,1.00,0.00,0.0000,22,1,295,295,0,0,100,1,11,11,0,246528,0,295,0,0,799973376,0.000000,0.000000,21.118330,0.00,0,2,4,25,17,20,26,13,24,55,97,12,0,0,0,0,0,0,0.0007,0.0290,0.0542,0.0033,0.0218,0.0420,0.0338,5.1244,0.0794,0.0000,0.7446,0.0032,0.0001,0.3185,0.0089,0.0041,0.0001
1558,21.5202,0.0000,10.7596,6.3322,,true,0,0.008333,0.0000,0.0000,1.00,0.00,0.0000,22,1,295,295,0,0,100,1,11,11,0,246528,0,295,0,0,799973376,0.000000,0.000000,21.118330,0.00,0,2,4,25,17,20,26,13,24,55,97,12,0,0,0,0,0,0,0.0020,0.0553,0.0526,0.0045,0.0161,0.0603,0.0514,6.3322,0.0790,0.0000,0.8519,0.0048,0.0001,0.3043,0.0107,0.0058,0.0001
1559,21.5315,0.0000,12.3937,5.2982,,true,0,0.008333,0.0000,0.0000,1.00,0.00,0.0000,22,1,295,295,0,0,100,1,11,11,0,246528,0,295,0,0,799973376,0.000000,0.000000,21.118330,0.00,0,2,4,25,17,20,26,13,24,55,97,12,0,0,0,0,0,0,0.0007,0.0327,0.0459,0.0038,0.0164,0.0435,0.0301,5.2982,0.0584,0.0000,0.7147,0.0032,0.0001,0.2893,0.0082,0.0057,0.0001
1560,21.5430,0.0000,11.7930,4.8760,,true,0,0.008333,0.0000,0.0000,1.00,0.00,0.0000,22,1,295,295,0,0,100,1,11,11,0,246528,0,295,0,0,799973376,0.000000,0.000000,21.118330,0.00,0,2,4,25,17,20,26,13,24,55,97,12,0,0,0,0,0,0,0.0025,0.0508,0.0509,0.0046,0.0222,0.0743,0.0449,4.8760,0.0670,0.0000,0.8130,0.0046,0.0001,0.3028,0.0088,0.0042,0.0001
1561,21.5553,0.0000,12.0312,5.2551,,true,0,0.008333,0.0000,0.0000,1.00,0.00,0.0000,22,1,295,295,0,0,100,1,11,11,0,246528,0,295,0,0,799973376,0.000000,0.000000,21.118330,0.00,0,2,4,25,17,20,26,13,24,55,97,12,0,0,0,0,0,0,0.0020,0.0433,0.0573,0.0035,0.0160,0.0463,0.0440,5.2551,0.0550,0.0000,0.8524,0.0046,0.0001,0.3146,0.0085,0.0047,0.0001
1562,21.5643,0.0000,10.0526,4.3361,,true,0,0.008333,0.0000,0.0000,1.00,0.00,0.0000,22,1,295,295,0,0,100,1,11,11,0,246528,0,295,0,0,799973376,0.000000,0.000000,21.118330,0.00,0,2,4,25,17,20,26,13,24,55,97,12,0,0,0,0,0,0,0.0007,0.0341,0.0440,0.0030,0.0124,0.0459,0.0369,4.3361,0.0622,0.0000,0.7674,0.0032,0.0001,0.2916,0.0233,0.0062,0.0001
1563,21.5784,0.0000,10.6046,6.0546,,true,0,0.008333,0.0000,0.0000,1.00,0.00,0.0000,22,1,295,295,0,0,100,1,11,11,0,246528,0,295,0,0,799977472,0.000000,0.000000,21.118330,0.00,0,2,4,25,17,20,26,13,24,55,97,12,0,0,0,0,0,0,0.0010,0.0482,0.0431,0.0040,0.0187,0.1268,0.0347,6.0546,0.0598,0.0000,0.7418,0.0036,0.0001,0.2799,0.0068,0.0049,0.0001
1564,21.5899,0.0000,13.2765,5.5810,,true,0,0.008333,0.0000,0.0000,1.00,0.00,0.0000,22,1,295,295,0,0,100,1,11,11,0,246528,0,295,0,0,799977472,0.000000,0.000000,21.118330,0.00,0,2,4,25,17,20,26,13,24,55,97,12,0,0,0,0,0,0,0.0010,0.0391,0.0571,0.0045,0.0239,0.0810,0.0378,5.5810,0.0679,0.0000,0.9410,0.0043,0.0001,0.2868,0.0103,0.0051,0.0001
1565,21.6008,0.0000,10.9219,5.8001,,true,0,0.008333,0.0000,0.0000,1.00,0.00,0.0000,22,1,295,295,0,0,100,1,11,11,0,246528,0,295,0,0,799977472,0.000000,0.000000,21.118330,0.00,0,2,4,25,17,20,26,13,24,55,97,12,0,0,0,0,0,0,0.0013,0.0472,0.0485,0.0055,0.0187,0.0764,0.0493,5.8001,0.0664,0.0000,0.8217,0.0041,0.0001,0.3036,0.0080,0.0053,0.0001
1566,21.6129,0.0000,11.9099,5.9074,,true,0,0.008333,0.0000,0.0000,1.00,0.00,0.0000,22,1,295,295,0,0,100,1,11,11,0,246528,0,295,0,0,799977472,0.000000,0.000000,21.118330,0.00,0,2,4,25,17,20,26,13,24,55,97,12,0,0,0,0,0,0,0.0012,0.0371,0.0640,0.0038,0.0194,0.0587,0.0351,5.9074,0.0843,0.0000,0.7847,0.0047,0.0001,0.3073,0.0098,0.0065,0.0001
1567,21.6237,0.0000,11.4470,5.5514,,true,0,0.008333,0.0000,0.0000,1.00,0.00,0.0000,22,1,295,295,0,0,100,1,11,11,0,246528,0,295,0,0,799977472,0.000000,0.000000,21.118330,0.00,0,2,4,25,17,20,26,13,24,55,97,12,0,0,0,0,0,0,0.0056,0.0578,0.0615,0.0044,0.0127,0.0498,0.0552,5.5514,0.0765,0.0000,0.8614,0.0049,0.0001,0.3033,0.0083,0.0056,0.0001
1568,21.6368,0.0000,12.8788,5.3763,,true,0,0.008333,0.0000,0.0000,1.00,0.00,0.0000,22,1,295,295,0,0,100,1,11,11,0,246528,0,295,0,0,799977472,0.000000,0.000000,21.118330,0.00,0,2,4,25,17,20,26,13,24,55,97,12,0,0,0,0,0,0,0.0015,0.0514,0.0583,0.0041,0.0220,0.0829,0.0357,5.3763,0.0671,0.0000,0.8236,0.0041,0.0001,0.2860,0.0104,0.0054,0.0001
1569,21.6478,0.0000,11.9222,4.7142,,true,0,0.008333,0.0000,0.0000,1.00,0.00,0.0000,22,1,295,295,0,0,100,1,11,11,0,246528,0,295,0,0,799977472,0.000000,0.000000,21.118330,0.00,0,2,4,25,17,20,26,13,24,55,97,12,0,0,0,0,0,0,0.0011,0.0286,0.0467,0.0041,0.0238,0.0396,0.0331,4.7142,0.0568,0.0000,0.7198,0.0038,0.0001,0.2869,0.0208,0.0037,0.0001
1570,21.6602,0.0000,11.3543,5.6224,,true,0,0.008333,0.0000,0.0000,1.00,0.00,0.0000,22,1,295,295,0,0,100,1,11,11,0,246528,0,295,0,0,799977472,0.000000,0.000000,21.118330,0.00,0,2,4,25,17,20,26,13,24,55,97,12,0,0,0,0,0,0,0.0020,0.0421,0.0625,0.0036,0.0210,0.0706,0.0401,5.6224,0.0723,0.0000,0.7688,0.0035,0.0001,0.2732,0.0075,0.0034,0.0001
1571,21.6704,0.0000,10.8702,5.1564,,true,0,0.008333,0.0000,0.0000,1.00,0.00,0.0000,22,1,295,295,0,0,100,1,11,11,0,246528,0,295,0,0,799977472,0.000000,0.000000,21.118330,0.00,0,2,4,25,17,20,26,13,24,55,97,12,0,0,0,0,0,0,0.0014,0.0529,0.0550,0.0033,0.0161,0.0517,0.0407,5.1564,0.0791,0.0000,0.8087,0.0048,0.0001,0.3009,0.0089,0.0040,0.0001
1572,21.6810,0.0000,11.0411,4.4617,,true,0,0.008333,0.0000,0.0000,1.00,0.00,0.0000,22,1,295,295,0,0,100,1,11,11,0,246528,0,295,0,0,799981568,0.000000,0.000000,21.118330,0.00,0,2,4,25,17,20,26,13,24,55,97,12,0,0,0,0,0,0,0.0010,0.0295,0.0443,0.0038,0.0194,0.0625,0.0413,4.4617,0.0360,0.0000,0.7464,0.0025,0.0001,0.2790,0.0106,0.0035,0.0001
1573,21.6932,0.0000,10.9215,5.8562,,true,0,0.008333,0.0000,0.0000,1.00,0.00,0.0000,22,1,295,295,0,0,100,1,11,11,0,246528,0,295,0,0,799981568,0.000000,0.000000,21.118330,0.00,0,2,4,25,17,20,26,13,24,55,97,12,0,0,0,0,0,0,0.0017,0.0513,0.0784,0.0056,0.0184,0.0827,0.0402,5.8562,0.0687,0.0000,0.9462,0.0038,0.0001,0.4059,0.0116,0.0056,0.0001
1574,21.7061,0.0000,13.2904,5.3778,,true,0,0.008333,0.0000,0.0000,1.00,0.00,0.0000,22,1,295,295,0,0,100,1,11,11,0,246528,0,295,0,0,799981568,0.000000,0.000000,21.118330,0.00,0,2,4,25,17,20,26,13,24,55,97,12,0,0,0,0,0,0,0.0012,0.0433,0.0599,0.0042,0.0256,0.0805,0.0331,5.3778,0.0667,0.0000,0.8125,0.0031,0.0001,0.3200,0.0096,0.0045,0.0001
1575,21.7168,0.0000,10.8986,5.2871,,true,0,0.008333,0.0000,0.0000,1.00,0.00,0.0000,22,1,295,295,0,0,100,1,11,11,0,246528,0,295,0,0,799981568,0.000000,0.000000,21.118330,0.00,0,2,4,25,17,20,26,13,24,55,97,12,0,0,0,0,0,0,0.0014,0.0410,0.0743,0.0051,0.0221,0.0645,0.0436,5.2871,0.0896,0.0000,0.8063,0.0045,0.0001,0.2938,0.0081,0.0059,0.0001
1576,21.7288,0.0000,11.3489,5.7205,,true,0,0.008333,0.0000,0.0000,1.00,0.00,0.0000,22,1,295,295,0,0,100,1,11,11,0,246528,0,295,0,0,799981568,0.000000,0.000000,21.118330,0.00,0,2,4,25,17,20,26,13,24,55,97,12,0,0,0,0,0,0,0.0018,0.0562,0.0693,0.0045,0.0233,0.0808,0.0436,5.7205,0.0800,0.0000,0.8928,0.0037,0.0001,0.3141,0.0156,0.0046,0.0001
1577,21.7410,0.0000,12.5298,5.5574,,true,0,0.008333,0.0000,0.0000,1.00,0.00,0.0000,22,1,295,295,0,0,100,1,11,11,0,246528,0,295,0,0,799981568,0.000000,0.000000,21.473249,0.00,0,2,4,25,17,20,26,13,24,55,97,12,0,0,0,0,0,0,0.0013,0.0241,0.0603,0.0045,0.0184,0.2552,0.0402,5.5574,0.0731,0.0000,0.7816,0.0030,0.0001,0.3354,0.0083,0.0046,0.0001
1578,21.7521,0.0000,11.1352,5.3876,,true,0,0.008333,0.0000,0.0000,1.00,0.00,0.0000,22,1,295,295,0,0,100,1,11,11,0,246528,0,295,0,0,799981568,0.000000,0.000000,21.473249,0.00,0,2,4,25,17,20,26,13,24,55,97,12,0,0,0,0,0,0,0.0010,0.0423,0.0810,0.0039,0.0225,0.0833,0.0311,5.3876,0.0832,0.0000,1.0652,0.0034,0.0001,0.3581,0.0200,0.0042,0.0002
1579,21.7641,0.0000,12.0460,5.4416,,true,0,0.008333,0.0000,0.0000,1.00,0.00,0.0000,22,1,295,295,0,0,100,1,11,11,0,246528,0,295,0,0,799981568,0.000000,0.000000,21.473249,0.00,0,2,4,25,17,20,26,13,24,55,97,12,0,0,0,0,0,0,0.0014,0.0438,0.0594,0.0055,0.0233,0.0731,0.0410,5.4416,0.0746,0.0000,0.8221,0.0046,0.0001,0.3258,0.0093,0.0054,0.0001
1580,21.7760,0.0000,11.2841,6.2291,,true,0,0.008333,0.0000,0.0000,1.00,0.00,0.0000,22,1,295,295,0,0,100,1,11,11,0,246528,0,295,0,0,799981568,0.000000,0.000000,21.473249,0.00,0,2,4,25,17,20,26,13,24,55,97,12,0,0,0,0,0,0,0.0015,0.0470,0.0938,0.0042,0.0224,0.0697,0.0498,6.2291,0.0998,0.0000,0.8840,0.0047,0.0001,0.3436,0.0121,0.0053,0.0001
1581,21.7871,0.0000,12.0908,4.8433,,true,0,0.008333,0.0000,0.0000,1.00,0.00,0.0000,22,1,295,295,0,0,100,1,11,11,0,246528,0,295,0,0,799981568,0.000000,0.000000,21.473249,0.00,0,2,4,25,17,20,26,13,24,55,97,12,0,0,0,0,0,0,0.0020,0.0352,0.0494,0.0048,0.0215,0.0686,0.0374,4.8433,0.0630,0.0000,0.7467,0.0031,0.0001,0.2860,0.0076,0.0046,0.0003
1582,21.7982,0.0000,10.8527,5.4755,,true,0,0.008333,0.0000,0.0000,1.00,0.00,0.0000,22,1,295,295,0,0,100,1,11,11,0,246528,0,295,0,0,799985664,0.000000,0.000000,21.473249,0.00,0,2,4,25,17,20,26,13,24,55,97,12,0,0,0,0,0,0,0.0016,0.0383,0.0556,0.0049,0.0278,0.0725,0.0509,5.4755,0.0531,0.0000,0.8192,0.0045,0.0001,0.3355,0.0095,0.0051,0.0001
1583,21.8104,0.0000,12.2119,5.0732,,true,0,0.008333,0.0000,0.0000,1.00,0.00,0.0000,22,1,295,295,0,0,100,1,11,11,0,246528,0,295,0,0,799985664,0.000000,0.000000,21.473249,0.00,0,2,4,25,17,20,26,13,24,55,97,12,0,0,0,0,0,0,0.0010,0.0364,0.0527,0.0051,0.0253,0.1141,0.0359,5.0732,0.0671,0.0000,0.7502,0.0032,0.0001,0.2891,0.0077,0.0032,0.0001
1584,21.8210,0.0000,11.3712,4.7543,,true,0,0.008333,0.0000,0.0000,1.00,0.00,0.0000,22,1,295,295,0,0,100,1,11,11,0,246528,0,295,0,0,799985664,0.000000,0.000000,21.473249,0.00,0,2,4,25,17,20,26,13,24,55,97,12,0,0,0,0,0,0,0.0014,0.0418,0.0518,0.0047,0.0219,0.0673,0.0376,4.7543,0.0625,0.0000,0.8040,0.0038,0.0001,0.3041,0.0073,0.0048,0.0001
1585,21.8317,0.0000,10.0190,5.3400,,true,0,0.008333,0.0000,0.0000,1.00,0.00,0.0000,22,1,295,295,0,0,100,1,11,11,0,246528,0,295,0,0,799985664,0.000000,0.000000,21.473249,0.00,0,2,4,25,17,20,26,13,24,55,97,12,0,0,0,0,0,0,0.0010,0.0336,0.0467,0.0059,0.0241,0.0836,0.0374,5.3400,0.0836,0.0000,0.8220,0.0051,0.0001,0.2898,0.0089,0.0050,0.0001
1586,21.8451,0.0000,11.4457,7.2618,,true,0,0.008333,0.0000,0.0000,1.00,0.00,0.0000,22,1,295,295,0,0,100,1,11,11,0,246528,0,295,0,0,799985664,0.000000,0.000000,21.574877,0.00,0,2,4,25,17,20,26,13,24,55,97,12,0,0,0,0,0,0,0.0025,0.0463,0.0727,0.0032,0.0217,0.2340,0.0372,7.2618,0.0645,0.0000,0.8261,0.0038,0.0001,0.2998,0.0085,0.0040,0.0001
1587,21.8685,0.0000,12.8223,17.6303,,true,0,0.008333,0.0000,0.0000,1.00,0.00,0.0000,22,1,295,295,0,0,100,1,11,11,0,246528,0,295,0,0,799985664,0.000000,0.000000,21.574877,0.00,0,2,4,25,17,20,26,13,24,55,97,12,0,0,0,0,0,0,0.0013,0.0465,0.0573,0.0044,0.0154,0.0701,0.0411,17.6303,0.0803,0.0000,12.3007,0.0027,0.7964,0.2793,0.0167,0.0036,10.7394
1588,21.8758,0.0000,10.0565,5.8000,,true,0,0.008333,0.0000,0.0000,1.00,0.00,0.0000,22,1,295,295,0,0,100,1,11,11,0,246528,0,295,0,0,799985664,0.000000,0.000000,21.574877,0.00,0,2,4,25,17,20,26,13,24,55,97,12,0,0,0,0,0,0,0.0052,0.0445,0.0587,0.0087,0.0322,0.0329,0.0661,5.8000,0.0819,0.0000,0.9351,0.0036,0.0001,0.3323,0.0123,0.0053,0.0001
1589,21.8829,0.0000,16.6744,5.6210,,true,0,0.008333,0.0000,0.0000,1.00,0.00,0.0000,22,1,295,295,0,0,100,1,11,11,0,246528,0,295,0,0,799985664,0.000000,0.000000,21.574877,0.00,0,2,4,25,17,20,26,13,24,55,97,12,0,0,0,0,0,0,0.0026,0.0455,0.0688,0.0086,0.0342,0.0779,0.0543,5.6210,0.0857,0.0000,1.0708,0.0056,0.0001,0.3729,0.0111,0.0059,0.0002
1590,21.8888,0.0000,6.3835,4.7926,,true,0,0.008333,0.0000,0.0000,1.00,0.00,0.0000,22,1,295,295,0,0,100,1,11,11,0,246528,0,295,0,0,799985664,0.000000,0.000000,21.574877,0.00,0,2,4,25,17,20,26,13,24,55,97,12,0,0,0,0,0,0,0.0008,0.0381,0.0494,0.0043,0.0209,0.0633,0.0379,4.7926,0.0987,0.0000,0.7561,0.0039,0.0001,0.3060,0.0063,0.0033,0.0001
1591,21.8996,0.0000,10.6856,5.2770,,true,0,0.008333,0.0000,0.0000,1.00,0.00,0.0000,22,1,295,295,0,0,100,1,11,11,0,246528,0,295,0,0,799989760,0.000000,0.000000,21.574877,0.00,0,2,4,25,17,20,26,13,24,55,97,12,0,0,0,0,0,0,0.0019,0.0511,0.0671,0.0036,0.0205,0.0667,0.0459,5.2770,0.0577,0.0000,0.8436,0.0048,0.0001,0.3067,0.0094,0.0043,0.0001
1592,21.9133,0.0000,12.4099,6.3362,,true,0,0.008333,0.0000,0.0000,1.00,0.00,0.0000,22,1,295,295,0,0,100,1,11,11,0,246528,0,295,0,0,799989760,0.000000,0.000000,21.574877,0.00,0,2,4,25,17,20,26,13,24,55,97,12,0,0,0,0,0,0,0.0035,0.0521,0.0617,0.0091,0.0301,0.0904,0.0413,6.3362,0.0654,0.0000,0.8379,0.0019,0.0001,0.3292,0.0095,0.0023,0.0001
1593,21.9235,0.0000,11.4077,5.1868,,true,0,0.008333,0.0000,0.0000,1.00,0.00,0.0000,22,1,295,295,0,0,100,1,11,11,0,246528,0,295,0,0,799989760,0.000000,0.000000,21.574877,0.00,0,2,4,25,17,20,26,13,24,55,97,12,0,0,0,0,0,0,0.0011,0.0464,0.0478,0.0040,0.0201,0.0639,0.0370,5.1868,0.0679,0.0000,0.8715,0.0045,0.0001,0.3045,0.0086,0.0052,0.0001
1594,21.9361,0.0000,11.7776,5.8343,,true,0,0.008333,0.0000,0.0000,1.00,0.00,0.0000,22,1,295,295,0,0,100,1,11,11,0,246528,0,295,0,0,799989760,0.000000,0.000000,21.574877,0.00,0,2,4,25,17,20,26,13,24,55,97,12,0,0,0,0,0,0,0.0017,0.0456,0.0678,0.0064,0.0160,0.0832,0.0428,5.8343,0.0810,0.0000,0.9312,0.0055,0.0001,0.3351,0.0096,0.0053,0.0001
1595,21.9466,0.0000,11.5898,5.0708,,true,0,0.008333,0.0000,0.0000,1.00,0.00,0.0000,22,1,295,295,0,0,100,1,11,11,0,246528,0,295,0,0,799989760,0.000000,0.000000,21.574877,0.00,0,2,4,25,17,20,26,13,24,55,97,12,0,0,0,0,0,0,0.0016,0.0413,0.0542,0.0050,0.0440,0.0833,0.0419,5.0708,0.0621,0.0000,0.7379,0.0044,0.0001,0.2920,0.0082,0.0042,0.0001
1596,21.9576,0.0000,11.1833,5.0393,,true,0,0.008333,0.0000,0.0000,1.00,0.00,0.0000,22,1,295,295,0,0,100,1,11,11,0,246528,0,295,0,0,799989760,0.000000,0.000000,21.574877,0.00,0,2,4,25,17,20,26,13,24,55,97,12,0,0,0,0,0,0,0.0011,0.0367,0.0659,0.0037,0.0225,0.0763,0.0396,5.0393,0.0805,0.0000,0.7613,0.0038,0.0001,0.2939,0.0089,0.0056,0.0001
1597,21.9687,0.0000,11.0507,4.8154,,true,0,0.008333,0.0000,0.0000,1.00,0.00,0.0000,22,1,295,295,0,0,100,1,11,11,0,246528,0,295,0,0,799989760,0.000000,0.000000,21.574877,0.00,0,2,4,25,17,20,26,13,24,55,97,12,0,0,0,0,0,0,0.0024,0.0390,0.0539,0.0042,0.0198,0.0911,0.0355,4.8154,0.0558,0.0000,0.7845,0.0043,0.0001,0.3122,0.0092,0.0056,0.0001
1598,21.9790,0.0000,10.8009,4.5951,,true,0,0.008333,0.0000,0.0000,1.00,0.00,0.0000,22,1,295,295,0,0,100,1,11,11,0,246528,0,295,0,0,799989760,0.000000,0.000000,21.574877,0.00,0,2,4,25,17,20,26,13,24,55,97,12,0,0,0,0,0,0,0.0018,0.0456,0.0527,0.0046,0.0183,0.0646,0.0370,4.5951,0.0629,0.0000,0.7381,0.0037,0.0001,0.2885,0.0082,0.0048,0.0001
1599,21.9901,0.0000,10.3259,5.3079,,true,0,0.008333,0.0000,0.0000,1.00,0.00,0.0000,22,1,295,295,0,0,100,1,11,11,0,246528,0,295,0,0,799989760,0.000000,0.000000,21.574877,0.00,0,2,4,25,17,20,26,13,24,55,97,12,0,0,0,0,0,0,0.0016,0.0451,0.0538,0.0040,0.0238,0.0697,0.0378,5.3079,0.0656,0.0000,0.8071,0.0042,0.0001,0.3081,0.0092,0.0043,0.0001
1600,22.0019,0.0000,10.9382,6.0021,,true,0,0.008333,0.0000,0.0000,1.00,0.00,0.0000,22,1,295,295,0,0,100,1,11,11,0,246528,0,295,0,0,799993856,0.000000,0.000000,21.574877,0.00,0,2,4,25,17,20,26,13,24,55,97,12,0,0,0,0,0,0,0.0023,0.0380,0.0533,0.0051,0.0254,0.0722,0.0352,6.0021,0.0578,0.0000,0.7951,0.0017,0.0001,0.3025,0.0086,0.0022,0.0001
1601,22.0126,0.0000,11.7618,4.8988,,true,0,0.008333,0.0000,0.0000,1.00,0.00,0.0000,22,1,295,295,0,0,100,1,11,11,0,246528,0,295,0,0,800092160,0.000000,0.000000,21.574877,0.00,0,2,4,25,17,20,26,13,24,55,97,12,0,0,0,0,0,0,0.0014,0.0505,0.0554,0.0040,0.0203,0.0733,0.0351,4.8988,0.0676,0.0000,0.8087,0.0045,0.0001,0.2873,0.0078,0.0056,0.0001
1602,22.0239,0.0000,10.7141,5.2126,,true,0,0.008333,0.0000,0.0000,1.00,0.00,0.0000,22,1,295,295,0,0,100,1,11,11,0,246528,0,295,0,0,800092160,0.000000,0.000000,21.574877,0.00,0,2,4,25,17,20,26,13,24,55,97,12,0,0,0,0,0,0,0.0017,0.0484,0.0599,0.0037,0.0196,0.0619,0.0458,5.2126,0.0765,0.0000,0.8420,0.0055,0.0001,0.3161,0.0094,0.0045,0.0001
1603,22.0356,0.0000,11.4139,5.3991,,true,0,0.008333,0.0000,0.0000,1.00,0.00,0.0000,22,1,295,295,0,0,100,1,11,11,0,246528,0,295,0,0,800092160,0.000000,0.000000,21.574877,0.00,0,2,4,25,17,20,26,13,24,55,97,12,0,0,0,0,0,0,0.0015,0.0474,0.0699,0.0044,0.0310,0.1170,0.0382,5.3991,0.0733,0.0000,0.8077,0.0013,0.0001,0.3061,0.0087,0.0020,0.0001
1604,22.0458,0.0000,11.3158,4.7938,,true,0,0.008333,0.0000,0.0000,1.00,0.00,0.0000,22,1,295,295,0,0,100,1,11,11,0,246528,0,295,0,0,800092160,0.000000,0.000000,21.574877,0.00,0,2,4,25,17,20,26,13,24,55,97,12,0,0,0,0,0,0,0.0012,0.0436,0.0506,0.0047,0.0178,0.0756,0.0394,4.7938,0.0488,0.0000,0.8139,0.0029,0.0001,0.3130,0.0091,0.0044,0.0006
1605,22.0564,0.0000,10.3127,5.1681,,true,0,0.008333,0.0000,0.0000,1.00,0.00,0.0000,22,1,295,295,0,0,100,1,11,11,0,246528,0,295,0,0,800092160,0.000000,0.000000,21.574877,0.00,0,2,4,25,17,20,26,13,24,55,97,12,0,0,0,0,0,0,0.0011,0.0433,0.0676,0.0050,0.0222,0.0766,0.0390,5.1681,0.0748,0.0000,0.8126,0.0043,0.0001,0.3135,0.0109,0.0039,0.0001
1606,22.0672,0.0000,10.8259,4.9881,,true,0,0.008333,0.0000,0.0000,1.00,0.00,0.0000,22,1,295,295,0,0,100,1,11,11,0,246528,0,295,0,0,800092160,0.000000,0.000000,21.574877,0.00,0,2,4,25,17,20,26,13,24,55,97,12,0,0,0,0,0,0,0.0013,0.0420,0.0539,0.0053,0.0214,0.0744,0.0364,4.9881,0.0649,0.0000,0.7867,0.0025,0.0001,0.3034,0.0082,0.0033,0.0001
1607,22.0776,0.0000,10.8463,4.6662,,true,0,0.008333,0.0000,0.0000,1.00,0.00,0.0000,22,1,295,295,0,0,100,1,11,11,0,246528,0,295,0,0,800092160,0.000000,0.000000,21.574877,0.00,0,2,4,25,17,20,26,13,24,55,97,12,0,0,0,0,0,0,0.0012,0.0529,0.0523,0.0034,0.0175,0.0664,0.0368,4.6662,0.0715,0.0000,0.7881,0.0036,0.0004,0.3029,0.0107,0.0055,0.0001
1608,22.0884,0.0000,10.4914,4.9649,,true,0,0.008333,0.0000,0.0000,1.00,0.00,0.0000,22,1,295,295,0,0,100,1,11,11,0,246528,0,295,0,0,800092160,0.000000,0.000000,21.574877,0.00,0,2,4,25,17,20,26,13,24,55,97,12,0,0,0,0,0,0,0.0011,0.0426,0.0593,0.0037,0.0191,0.0617,0.0418,4.9649,0.0708,0.0000,0.7884,0.0044,0.0001,0.3061,0.0077,0.0046,0.0003
1609,22.0993,0.0000,10.6325,5.3222,,true,0,0.008333,0.0000,0.0000,1.00,0.00,0.0000,22,1,295,295,0,0,100,1,11,11,0,246528,0,295,0,0,800092160,0.000000,0.000000,21.574877,0.00,0,2,4,25,17,20,26,13,24,55,97,12,0,0,0,0,0,0,0.0023,0.0525,0.0725,0.0057,0.0262,0.1022,0.0413,5.3222,0.0776,0.0000,0.8274,0.0050,0.0001,0.3061,0.0101,0.0069,0.0001
1610,22.1107,0.0000,11.4867,5.0301,,true,0,0.008333,0.0000,0.0000,1.00,0.00,0.0000,22,1,295,295,0,0,100,1,11,11,0,246528,0,295,0,0,800096256,0.000000,0.000000,21.574877,0.00,0,2,4,25,17,20,26,13,24,55,97,12,0,0,0,0,0,0,0.0050,0.0421,0.0523,0.0040,0.0214,0.0723,0.0465,5.0301,0.0631,0.0000,0.8098,0.0049,0.0001,0.3123,0.0081,0.0049,0.0001
1611,22.1220,0.0000,11.3446,4.6909,,true,0,0.008333,0.0000,0.0000,1.00,0.00,0.0000,22,1,295,295,0,0,100,1,11,11,0,246528,0,295,0,0,800096256,0.000000,0.000000,21.574877,0.00,0,2,4,25,17,20,26,13,24,55,97,12,0,0,0,0,0,0,0.0042,0.0285,0.0435,0.0034,0.0164,0.0625,0.0333,4.6909,0.0541,0.0000,0.7192,0.0033,0.0001,0.2847,0.0074,0.0047,0.0001
1612,22.1334,0.0000,10.4752,5.7871,,true,0,0.008333,0.0000,0.0000,1.00,0.00,0.0000,22,1,295,295,0,0,100,1,11,11,0,246528,0,295,0,0,800096256,0.000000,0.000000,21.574877,0.00,0,2,4,25,17,20,26,13,24,55,97,12,0,0,0,0,0,0,0.0030,0.0347,0.1064,0.0040,0.0177,0.0735,0.0630,5.7871,0.1050,0.0000,0.7563,0.0038,0.0001,0.3042,0.0108,0.0053,0.0001
1613,22.1457,0.0000,12.7625,5.2962,,true,0,0.008333,0.0000,0.0000,1.00,0.00,0.0000,22,1,295,295,0,0,100,1,11,11,0,246528,0,295,0,0,800096256,0.000000,0.000000,21.574877,0.00,0,2,4,25,17,20,26,13,24,55,97,12,0,0,0,0,0,0,0.0181,0.0419,0.0604,0.0045,0.0262,0.0752,0.0400,5.2962,0.0693,0.0000,0.8079,0.0037,0.0001,0.3121,0.0080,0.0057,0.0002
1614,22.1556,0.0000,10.4742,4.9434,,true,0,0.008333,0.0000,0.0000,1.00,0.00,0.0000,22,1,295,295,0,0,100,1,11,11,0,246528,0,295,0,0,800096256,0.000000,0.000000,21.574877,0.00,0,2,4,25,17,20,26,13,24,55,97,12,0,0,0,0,0,0,0.0017,0.0417,0.0563,0.0036,0.0223,0.0667,0.0427,4.9434,0.0636,0.0000,0.7881,0.0025,0.0001,0.3016,0.0079,0.0041,0.0001
1615,22.1671,0.0000,11.0069,5.4523,,true,0,0.008333,0.0000,0.0000,1.00,0.00,0.0000,22,1,295,295,0,0,100,1,11,11,0,246528,0,295,0,0,800096256,0.000000,0.000000,21.574877,0.00,0,2,4,25,17,20,26,13,24,55,97,12,0,0,0,0,0,0,0.0017,0.0556,0.0570,0.0039,0.0251,0.0513,0.0476,5.4523,0.0635,0.0000,1.1107,0.0046,0.0001,0.4333,0.0096,0.0067,0.0002
1616,22.1790,0.0000,11.5360,5.5894,,true,0,0.008333,0.0000,0.0000,1.00,0.00,0.0000,22,1,295,295,0,0,100,1,11,11,0,246528,0,295,0,0,800096256,0.000000,0.000000,21.574877,0.00,0,2,4,25,17,20,26,13,24,55,97,12,0,0,0,0,0,0,0.0013,0.0608,0.0511,0.0048,0.0266,0.0816,0.0436,5.5894,0.0653,0.0000,1.0937,0.0046,0.0001,0.4208,0.0089,0.0051,0.0002
1617,22.1896,0.0000,11.0187,5.1498,,true,0,0.008333,0.0000,0.0000,1.00,0.00,0.0000,22,1,295,295,0,0,100,1,11,11,0,246528,0,295,0,0,800096256,0.000000,0.000000,21.574877,0.00,0,2,4,25,17,20,26,13,24,55,97,12,0,0,0,0,0,0,0.0015,0.0421,0.0543,0.0034,0.0203,0.0783,0.0358,5.1498,0.0751,0.0000,0.8166,0.0048,0.0001,0.3150,0.0094,0.0049,0.0001
1618,22.2015,0.0000,11.5717,5.5149,,true,0,0.008333,0.0000,0.0000,1.00,0.00,0.0000,22,1,295,295,0,0,100,1,11,11,0,246528,0,295,0,0,800096256,0.000000,0.000000,21.930007,0.00,0,2,4,25,17,20,26,13,24,55,97,12,0,0,0,0,0,0,0.0012,0.0429,0.0675,0.0033,0.0208,0.2512,0.0393,5.5149,0.0833,0.0000,0.8758,0.0035,0.0001,0.3495,0.0075,0.0050,0.0001
1619,22.2127,0.0000,11.9793,4.8331,,true,0,0.008333,0.0000,0.0000,1.00,0.00,0.0000,22,1,295,295,0,0,100,1,11,11,0,246528,0,295,0,0,800100352,0.000000,0.000000,21.930007,0.00,0,2,4,25,17,20,26,13,24,55,97,12,0,0,0,0,0,0,0.0020,0.0458,0.0546,0.0067,0.0225,0.0711,0.0379,4.8331,0.0681,0.0000,0.8458,0.0045,0.0000,0.3177,0.0071,0.0057,0.0006
1620,22.2234,0.0000,9.9113,5.7818,,true,0,0.008333,0.0000,0.0000,1.00,0.00,0.0000,22,1,295,295,0,0,100,1,11,11,0,246528,0,295,0,0,800100352,0.000000,0.000000,21.930007,0.00,0,2,4,25,17,20,26,13,24,55,97,12,0,0,0,0,0,0,0.0010,0.0485,0.0712,0.0040,0.0217,0.0686,0.0405,5.7818,0.0827,0.0000,0.9086,0.0037,0.0001,0.3989,0.0080,0.0046,0.0001
1621,22.2339,0.0000,10.9386,5.3200,,true,0,0.008333,0.0000,0.0000,1.00,0.00,0.0000,22,1,295,295,0,0,100,1,11,11,0,246528,0,295,0,0,800100352,0.000000,0.000000,21.930007,0.00,0,2,4,25,17,20,26,13,24,55,97,12,0,0,0,0,0,0,0.0015,0.0541,0.0742,0.0067,0.0239,0.0718,0.0387,5.3200,0.0738,0.0000,0.8938,0.0060,0.0001,0.3294,0.0137,0.0067,0.0001
1622,22.2463,0.0000,12.5134,5.0184,,true,0,0.008333,0.0000,0.0000,1.00,0.00,0.0000,22,1,295,295,0,0,100,1,11,11,0,246528,0,295,0,0,800100352,0.000000,0.000000,21.930007,0.00,0,2,4,25,17,20,26,13,24,55,97,12,0,0,0,0,0,0,0.0014,0.0482,0.0615,0.0046,0.0253,0.0723,0.0370,5.0184,0.0700,0.0000,0.7983,0.0039,0.0001,0.3022,0.0089,0.0048,0.0001
1623,22.2596,0.0000,10.2134,8.2190,,true,0,0.008333,0.0000,0.0000,1.00,0.00,0.0000,22,1,295,295,0,0,100,1,11,11,0,246528,0,295,0,0,800100352,0.000000,0.000000,21.930007,0.00,0,2,4,25,17,20,26,13,24,55,97,12,0,0,0,0,0,0,0.0017,0.0418,0.1541,0.0048,0.0214,0.0825,0.0387,8.2190,0.2362,0.0000,0.8324,0.0139,0.0001,0.3092,0.0060,0.0057,0.0001
1624,22.2696,0.0000,13.1192,4.9585,,true,0,0.008333,0.0000,0.0000,1.00,0.00,0.0000,22,1,295,295,0,0,100,1,11,11,0,246528,0,295,0,0,800100352,0.000000,0.000000,21.930007,0.00,0,2,4,25,17,20,26,13,24,55,97,12,0,0,0,0,0,0,0.0013,0.0476,0.0618,0.0049,0.0202,0.0693,0.0386,4.9585,0.0713,0.0000,0.8077,0.0038,0.0001,0.3145,0.0087,0.0056,0.0001
1625,22.2804,0.0000,10.7823,5.1086,,true,0,0.008333,0.0000,0.0000,1.00,0.00,0.0000,22,1,295,295,0,0,100,1,11,11,0,246528,0,295,0,0,800100352,0.000000,0.000000,21.930007,0.00,0,2,4,25,17,20,26,13,24,55,97,12,0,0,0,0,0,0,0.0022,0.0441,0.0537,0.0046,0.0237,0.0771,0.0338,5.1086,0.0654,0.0000,0.8019,0.0030,0.0001,0.3083,0.0069,0.0049,0.0001
1626,22.2921,0.0000,11.5309,5.5640,,true,0,0.008333,0.0000,0.0000,1.00,0.00,0.0000,22,1,295,295,0,0,100,1,11,11,0,246528,0,295,0,0,800100352,0.000000,0.000000,21.930007,0.00,0,2,4,25,17,20,26,13,24,55,97,12,0,0,0,0,0,0,0.0008,0.0724,0.0589,0.0049,0.0283,0.0708,0.0391,5.5640,0.1107,0.0000,0.8793,0.0087,0.0001,0.2838,0.0100,0.0076,0.0001
1627,22.3053,0.0000,12.9953,5.3469,,true,0,0.008333,0.0000,0.0000,1.00,0.00,0.0000,22,1,295,295,0,0,100,1,11,11,0,246528,0,295,0,0,800100352,0.000000,0.000000,21.930007,0.00,0,2,4,25,17,20,26,13,24,55,97,12,0,0,0,0,0,0,0.0022,0.0454,0.0715,0.0051,0.0252,0.0806,0.0381,5.3469,0.0700,0.0000,0.8306,0.0041,0.0001,0.3062,0.0100,0.0059,0.0001
1628,22.3200,0.0000,13.4392,6.4528,,true,0,0.008333,0.0000,0.0000,1.00,0.00,0.0000,22,1,295,295,0,0,100,1,11,11,0,246528,0,295,0,0,800104448,0.000000,0.000000,21.930007,0.00,0,2,4,25,17,20,26,13,24,55,97,12,0,0,0,0,0,0,0.0027,0.0429,0.0597,0.0052,0.0246,0.0721,0.0370,6.4528,0.0602,0.0000,0.8644,0.0046,0.0001,0.3220,0.0105,0.0068,0.0001
1629,22.3289,0.0000,10.2491,5.2308,,true,0,0.008333,0.0000,0.0000,1.00,0.00,0.0000,22,1,295,295,0,0,100,1,11,11,0,246528,0,295,0,0,800104448,0.000000,0.000000,21.930007,0.00,0,2,4,25,17,20,26,13,24,55,97,12,0,0,0,0,0,0,0.0025,0.0515,0.1252,0.0051,0.0227,0.0635,0.0385,5.2308,0.0835,0.0000,0.7851,0.0043,0.0001,0.3040,0.0083,0.0054,0.0001
1630,22.3413,0.0000,11.4940,6.0734,,true,0,0.008333,0.0000,0.0000,1.00,0.00,0.0000,22,1,295,295,0,0,100,1,11,11,0,246528,0,295,0,0,800104448,0.000000,0.000000,21.930007,0.00,0,2,4,25,17,20,26,13,24,55,97,12,0,0,0,0,0,0,0.0015,0.0647,0.0716,0.0062,0.0359,0.1273,0.0431,6.0734,0.0824,0.0000,0.9374,0.0064,0.0001,0.3046,0.0109,0.0067,0.0001
1631,22.3524,0.0000,12.2162,4.9400,,true,0,0.008333,0.0000,0.0000,1.00,0.00,0.0000,22,1,295,295,0,0,100,1,11,11,0,246528,0,295,0,0,800104448,0.000000,0.000000,21.930007,0.00,0,2,4,25,17,20,26,13,24,55,97,12,0,0,0,0,0,0,0.0013,0.0592,0.0593,0.0043,0.0205,0.0680,0.0390,4.9400,0.0687,0.0000,0.7937,0.0018,0.0001,0.3056,0.0088,0.0024,0.0001
1632,22.3630,0.0000,10.4209,5.4830,,true,0,0.008333,0.0000,0.0000,1.00,0.00,0.0000,22,1,295,295,0,0,100,1,11,11,0,246528,0,295,0,0,800104448,0.000000,0.000000,21.930007,0.00,0,2,4,25,17,20,26,13,24,55,97,12,0,0,0,0,0,0,0.0020,0.0542,0.0546,0.0055,0.0264,0.0846,0.0407,5.4830,0.0775,0.0000,0.8663,0.0049,0.0001,0.3190,0.0093,0.0066,0.0002
1633,22.3732,0.0000,10.7497,4.8452,,true,0,0.008333,0.0000,0.0000,1.00,0.00,0.0000,22,1,295,295,0,0,100,1,11,11,0,246528,0,295,0,0,800104448,0.000000,0.000000,21.930007,0.00,0,2,4,25,17,20,26,13,24,55,97,12,0,0,0,0,0,0,0.0017,0.0466,0.0561,0.0044,0.0248,0.0742,0.0424,4.8452,0.0743,0.0000,0.8189,0.0040,0.0001,0.3031,0.0095,0.0050,0.0001
1634,22.3855,0.0000,11.2517,5.6514,,true,0,0.008333,0.0000,0.0000,1.00,0.00,0.0000,22,1,295,295,0,0,100,1,11,11,0,246528,0,295,0,0,800104448,0.000000,0.000000,21.930007,0.00,0,2,4,25,17,20,26,13,24,55,97,12,0,0,0,0,0,0,0.0010,0.0498,0.0615,0.0049,0.0242,0.0742,0.0374,5.6514,0.0797,0.0000,1.1315,0.0041,0.0001,0.4430,0.0108,0.0050,0.0001
1635,22.3968,0.0000,11.8465,5.0033,,true,0,0.008333,0.0000,0.0000,1.00,0.00,0.0000,22,1,295,295,0,0,100,1,11,11,0,246528,0,295,0,0,800104448,0.000000,0.000000,21.930007,0.00,0,2,4,25,17,20,26,13,24,55,97,12,0,0,0,0,0,0,0.0018,0.0457,0.0566,0.0054,0.0185,0.0863,0.0384,5.0033,0.0714,0.0000,0.8346,0.0038,0.0001,0.3247,0.0097,0.0063,0.0001
1636,22.4090,0.0000,11.6066,5.8231,,true,0,0.008333,0.0000,0.0000,1.00,0.00,0.0000,22,1,295,295,0,0,100,1,11,11,0,246528,0,295,0,0,800104448,0.000000,0.000000,21.930007,0.00,0,2,4,25,17,20,26,13,24,55,97,12,0,0,0,0,0,0,0.0018,0.0570,0.0616,0.0050,0.0268,0.0974,0.0362,5.8231,0.1074,0.0000,0.8453,0.0049,0.0001,0.2876,0.0102,0.0055,0.0001
1637,22.4203,0.0000,12.0120,4.9101,,true,0,0.008333,0.0000,0.0000,1.00,0.00,0.0000,22,1,295,295,0,0,100,1,11,11,0,246528,0,295,0,0,800104448,0.000000,0.000000,21.930007,0.00,0,2,4,25,17,20,26,13,24,55,97,12,0,0,0,0,0,0,0.0013,0.0405,0.0503,0.0042,0.0218,0.0717,0.0365,4.9101,0.0795,0.0000,0.7653,0.0048,0.0001,0.2830,0.0067,0.0054,0.0001
1638,22.4309,0.0000,10.6330,5.0269,,true,0,0.008333,0.0000,0.0000,1.00,0.00,0.0000,22,1,295,295,0,0,100,1,11,11,0,246528,0,295,0,0,800108544,0.000000,0.000000,21.930007,0.00,0,2,4,25,17,20,26,13,24,55,97,12,0,0,0,0,0,0,0.0024,0.0342,0.0608,0.0049,0.0224,0.0739,0.0357,5.0269,0.0718,0.0000,0.8357,0.0039,0.0001,0.3131,0.0103,0.0048,0.0001
1639,22.4439,0.0000,11.9921,5.7125,,true,0,0.008333,0.0000,0.0000,1.00,0.00,0.0000,22,1,295,295,0,0,100,1,11,11,0,246528,0,295,0,0,800108544,0.000000,0.000000,21.930007,0.00,0,2,4,25,17,20,26,13,24,55,97,12,0,0,0,0,0,0,0.0018,0.0475,0.0536,0.0059,0.0245,0.0782,0.0381,5.7125,0.0757,0.0000,0.7989,0.0019,0.0001,0.3221,0.0074,0.0023,0.0001
1640,22.4548,0.0000,12.2786,4.7929,,true,0,0.008333,0.0000,0.0000,1.00,0.00,0.0000,22,1,295,295,0,0,100,1,11,11,0,246528,0,295,0,0,800108544,0.000000,0.000000,21.930007,0.00,0,2,4,25,17,20,26,13,24,55,97,12,0,0,0,0,0,0,0.0014,0.0488,0.0500,0.0038,0.0205,0.0681,0.0377,4.7929,0.0660,0.0000,0.7743,0.0050,0.0001,0.2861,0.0091,0.0050,0.0001
1641,22.4652,0.0000,10.1021,5.1177,,true,0,0.008333,0.0000,0.0000,1.00,0.00,0.0000,22,1,295,295,0,0,100,1,11,11,0,246528,0,295,0,0,800108544,0.000000,0.000000,21.930007,0.00,0,2,4,25,17,20,26,13,24,55,97,12,0,0,0,0,0,0,0.0011,0.0390,0.0708,0.0044,0.0183,0.0574,0.0370,5.1177,0.0740,0.0000,0.8853,0.0025,0.0001,0.3587,0.0095,0.0066,0.0001
1642,22.4765,0.0000,10.8849,5.3927,,true,0,0.008333,0.0000,0.0000,1.00,0.00,0.0000,22,1,295,295,0,0,100,1,11,11,0,246528,0,295,0,0,800108544,0.000000,0.000000,21.930007,0.00,0,2,4,25,17,20,26,13,24,55,97,12,0,0,0,0,0,0,0.0014,0.0524,0.0581,0.0047,0.0230,0.0870,0.0358,5.3927,0.0772,0.0000,0.8699,0.0044,0.0001,0.3059,0.0079,0.0046,0.0001
1643,22.4870,0.0000,11.0252,4.8450,,true,0,0.008333,0.0000,0.0000,1.00,0.00,0.0000,22,1,295,295,0,0,100,1,11,11,0,246528,0,295,0,0,800108544,0.000000,0.000000,21.930007,0.00,0,2,4,25,17,20,26,13,24,55,97,12,0,0,0,0,0,0,0.0014,0.0405,0.0737,0.0042,0.0210,0.0639,0.0374,4.8450,0.0631,0.0000,0.7999,0.0046,0.0001,0.3163,0.0076,0.0049,0.0001
1644,22.4971,0.0000,10.2431,5.0325,,true,0,0.008333,0.0000,0.0000,1.00,0.00,0.0000,22,1,295,295,0,0,100,1,11,11,0,246528,0,295,0,0,800108544,0.000000,0.000000,21.930007,0.00,0,2,4,25,17,20,26,13,24,55,97,12,0,0,0,0,0,0,0.0013,0.0425,0.0587,0.0039,0.0192,0.0841,0.0403,5.0325,0.0733,0.0000,0.8141,0.0034,0.0001,0.3186,0.0093,0.0045,0.0001
1645,22.5082,0.0000,10.7760,5.2341,,true,0,0.008333,0.0000,0.0000,1.00,0.00,0.0000,22,1,295,295,0,0,100,1,11,11,0,246528,0,295,0,0,800108544,0.000000,0.000000,22.234231,0.00,0,2,4,25,17,20,26,13,24,55,97,12,0,0,0,0,0,0,0.0014,0.0424,0.0581,0.0048,0.0193,0.2147,0.0460,5.2341,0.0740,0.0000,0.8050,0.0034,0.0001,0.3193,0.0084,0.0053,0.0001
1646,22.5186,0.0000,10.7676,4.8669,,true,0,0.008333,0.0000,0.0000,1.00,0.00,0.0000,22,1,295,295,0,0,100,1,11,11,0,246528,0,295,0,0,800108544,0.000000,0.000000,22.234231,0.00,0,2,4,25,17,20,26,13,24,55,97,12,0,0,0,0,0,0,0.0013,0.0498,0.0503,0.0048,0.0229,0.1046,0.0410,4.8669,0.0651,0.0000,0.7689,0.0044,0.0001,0.2981,0.0097,0.0048,0.0001
1647,22.5288,0.0000,10.5800,4.5677,,true,0,0.008333,0.0000,0.0000,1.00,0.00,0.0000,22,1,295,295,0,0,100,1,11,11,0,246528,0,295,0,0,800112640,0.000000,0.000000,22.234231,0.00,0,2,4,25,17,20,26,13,24,55,97,12,0,0,0,0,0,0,0.0017,0.0326,0.0456,0.0046,0.0188,0.0553,0.0329,4.5677,0.0574,0.0000,0.7358,0.0030,0.0001,0.3082,0.0051,0.0037,0.0001
1648,22.5401,0.0000,10.6752,5.1945,,true,0,0.008333,0.0000,0.0000,1.00,0.00,0.0000,22,1,295,295,0,0,100,1,11,11,0,246528,0,295,0,0,800112640,0.000000,0.000000,22.234231,0.00,0,2,4,25,17,20,26,13,24,55,97,12,0,0,0,0,0,0,0.0014,0.0433,0.0563,0.0042,0.0216,0.0585,0.0416,5.1945,0.0693,0.0000,0.8249,0.0037,0.0001,0.3100,0.0070,0.0039,0.0003
1649,22.5522,0.0000,12.0048,4.8929,,true,0,0.008333,0.0000,0.0000,1.00,0.00,0.0000,22,1,295,295,0,0,100,1,11,11,0,246528,0,295,0,0,800112640,0.000000,0.000000,22.234231,0.00,0,2,4,25,17,20,26,13,24,55,97,12,0,0,0,0,0,0,0.0015,0.0464,0.0519,0.0038,0.0182,0.0652,0.0441,4.8929,0.0684,0.0000,0.7643,0.0032,0.0001,0.2857,0.0089,0.0030,0.0001
1650,22.5621,0.0000,10.6004,4.5767,,true,0,0.008333,0.0000,0.0000,1.00,0.00,0.0000,22,1,295,295,0,0,100,1,11,11,0,246528,0,295,0,0,800112640,0.000000,0.000000,22.234231,0.00,0,2,4,25,17,20,26,13,24,55,97,12,0,0,0,0,0,0,0.0012,0.0389,0.0573,0.0047,0.0179,0.0548,0.0363,4.5767,0.0653,0.0000,0.7836,0.0037,0.0001,0.3012,0.0085,0.0053,0.0001
1651,22.5721,0.0000,10.2707,4.3724,,true,0,0.008333,0.0000,0.0000,1.00,0.00,0.0000,22,1,295,295,0,0,100,1,11,11,0,246528,0,295,0,0,800112640,0.000000,0.000000,22.234231,0.00,0,2,4,25,17,20,26,13,24,55,97,12,0,0,0,0,0,0,0.0013,0.0378,0.0476,0.0042,0.0169,0.0372,0.0382,4.3724,0.0978,0.0000,0.7660,0.0040,0.0001,0.2973,0.0067,0.0052,0.0001
1652,22.5846,0.0000,11.1659,5.4381,,true,0,0.008333,0.0000,0.0000,1.00,0.00,0.0000,22,1,295,295,0,0,100,1,11,11,0,246528,0,295,0,0,800112640,0.000000,0.000000,22.234231,0.00,0,2,4,25,17,20,26,13,24,55,97,12,0,0,0,0,0,0,0.0015,0.0439,0.0506,0.0056,0.0238,0.0907,0.0365,5.4381,0.0748,0.0000,0.8156,0.0048,0.0001,0.2884,0.0089,0.0059,0.0003
1653,22.5948,0.0000,11.1809,4.6045,,true,0,0.008333,0.0000,0.0000,1.00,0.00,0.0000,22,1,295,295,0,0,100,1,11,11,0,246528,0,295,0,0,800112640,0.000000,0.000000,22.234231,0.00,0,2,4,25,17,20,26,13,24,55,97,12,0,0,0,0,0,0,0.0013,0.0335,0.0450,0.0030,0.0197,0.0566,0.0356,4.6045,0.0623,0.0000,0.7513,0.0021,0.0001,0.3150,0.0054,0.0046,0.0001
1654,22.6182,0.0000,10.4088,17.5311,,true,0,0.008333,0.0000,0.0000,1.00,0.00,0.0000,22,1,295,295,0,0,100,1,11,11,0,246528,0,295,0,0,800112640,0.000000,0.000000,22.234231,0.00,0,2,4,25,17,20,26,13,24,55,97,12,0,0,0,0,0,0,0.0011,0.0314,0.0630,0.0049,0.0206,0.0634,0.0384,17.5311,0.0650,0.0000,13.2515,0.0030,0.7445,0.3124,0.0193,0.0044,11.6678
1655,22.6244,0.0000,10.4789,4.9914,,true,0,0.008333,0.0000,0.0000,1.00,0.00,0.0000,22,1,295,295,0,0,100,1,11,11,0,246528,0,295,0,0,800112640,0.000000,0.000000,22.234231,0.00,0,2,4,25,17,20,26,13,24,55,97,12,0,0,0,0,0,0,0.0009,0.0330,0.0548,0.0033,0.0107,0.0306,0.0366,4.9914,0.0597,0.0000,0.7868,0.0020,0.0001,0.3134,0.0110,0.0026,0.0001
1656,22.6320,0.0000,14.8413,5.6084,,true,0,0.008333,0.0000,0.0000,1.00,0.00,0.0000,22,1,295,295,0,0,100,1,11,11,0,246528,0,295,0,0,800116736,0.000000,0.000000,22.234231,0.00,0,2,4,25,17,20,26,13,24,55,97,12,0,0,0,0,0,0,0.0009,0.0311,0.1002,0.0033,0.0145,0.0487,0.0404,5.6084,0.0765,0.0000,0.7711,0.0027,0.0001,0.3448,0.0062,0.0039,0.0001
1657,22.6380,0.0000,7.5675,4.6008,,true,0,0.008333,0.0000,0.0000,1.00,0.00,0.0000,22,1,295,295,0,0,100,1,11,11,0,246528,0,295,0,0,800116736,0.000000,0.000000,22.234231,0.00,0,2,4,25,17,20,26,13,24,55,97,12,0,0,0,0,0,0,0.0017,0.0261,0.0552,0.0034,0.0122,0.0307,0.0364,4.6008,0.0769,0.0000,0.7814,0.0050,0.0001,0.2981,0.0064,0.0052,0.0001
1658,22.6526,0.0000,13.4852,5.0479,,true,0,0.008333,0.0000,0.0000,1.00,0.00,0.0000,22,1,295,295,0,0,100,1,11,11,0,246528,0,295,0,0,800116736,0.000000,0.000000,22.234231,0.00,0,2,4,25,17,20,26,13,24,55,97,12,0,0,0,0,0,0,0.0019,0.0604,0.0627,0.0127,0.0349,0.0635,0.0404,5.0479,0.0772,0.0000,0.8339,0.0037,0.0001,0.3227,0.0095,0.0048,0.0001
1659,22.6641,0.0000,11.5318,5.1784,,true,0,0.008333,0.0000,0.0000,1.00,0.00,0.0000,22,1,295,295,0,0,100,1,11,11,0,246528,0,295,0,0,800116736,0.000000,0.000000,22.234231,0.00,0,2,4,25,17,20,26,13,24,55,97,12,0,0,0,0,0,0,0.0040,0.0404,0.0898,0.0053,0.0228,0.0699,0.0343,5.1784,0.0668,0.0000,0.7476,0.0049,0.0001,0.2940,0.0071,0.0043,0.0001
1660,22.6758,0.0000,11.1440,6.0243,,true,0,0.008333,0.0000,0.0000,1.00,0.00,0.0000,22,1,295,295,0,0,100,1,11,11,0,246528,0,295,0,0,800116736,0.000000,0.000000,22.234231,0.00,0,2,4,25,17,20,26,13,24,55,97,12,0,0,0,0,0,0,0.0013,0.0260,0.0502,0.0049,0.0227,0.0709,0.0367,6.0243,0.0601,0.0000,0.7325,0.0033,0.0001,0.2918,0.0079,0.0049,0.0001
1661,22.6868,0.0000,11.6656,5.1226,,true,0,0.008333,0.0000,0.0000,1.00,0.00,0.0000,22,1,295,295,0,0,100,1,11,11,0,246528,0,295,0,0,800116736,0.000000,0.000000,22.234231,0.00,0,2,4,25,17,20,26,13,24,55,97,12,0,0,0,0,0,0,0.0012,0.0437,0.0558,0.0059,0.0253,0.0772,0.0392,5.1226,0.0827,0.0000,0.8067,0.0036,0.0001,0.3151,0.0089,0.0050,0.0001
1662,22.6975,0.0000,10.9075,5.1505,,true,0,0.008333,0.0000,0.0000,1.00,0.00,0.0000,22,1,295,295,0,0,100,1,11,11,0,246528,0,295,0,0,800116736,0.000000,0.000000,22.234231,0.00,0,2,4,25,17,20,26,13,24,55,97,12,0,0,0,0,0,0,0.0013,0.0377,0.0522,0.0055,0.0236,0.0780,0.0339,5.1505,0.1163,0.0000,0.7788,0.0043,0.0001,0.2865,0.0116,0.0042,0.0001
1663,22.7097,0.0000,11.3832,5.7168,,true,0,0.008333,0.0000,0.0000,1.00,0.00,0.0000,22,1,295,295,0,0,100,1,11,11,0,246528,0,295,0,0,800116736,0.000000,0.000000,22.234231,0.00,0,2,4,25,17,20,26,13,24,55,97,12,0,0,0,0,0,0,0.0012,0.0455,0.0631,0.0069,0.0249,0.0944,0.0394,5.7168,0.0709,0.0000,1.2163,0.0038,0.0001,0.4901,0.0118,0.0050,0.0003
1664,22.7204,0.0000,11.6837,4.9031,,true,0,0.008333,0.0000,0.0000,1.00,0.00,0.0000,22,1,295,295,0,0,100,1,11,11,0,246528,0,295,0,0,800116736,0.000000,0.000000,22.234231,0.00,0,2,4,25,17,20,26,13,24,55,97,12,0,0,0,0,0,0,0.0028,0.0435,0.0552,0.0040,0.0211,0.0781,0.0393,4.9031,0.0645,0.0000,0.8020,0.0019,0.0001,0.3087,0.0093,0.0042,0.0001
1665,22.7311,0.0000,10.8214,4.8738,,true,0,0.008333,0.0000,0.0000,1.00,0.00,0.0000,22,1,295,295,0,0,100,1,11,11,0,246528,0,295,0,0,800116736,0.000000,0.000000,22.234231,0.00,0,2,4,25,17,20,26,13,24,55,97,12,0,0,0,0,0,0,0.0011,0.0407,0.0577,0.0027,0.0204,0.0833,0.0395,4.8738,0.0647,0.0000,0.8013,0.0045,0.0001,0.2970,0.0182,0.0050,0.0001
1666,22.7433,0.0000,11.2282,5.5331,,true,0,0.008333,0.0000,0.0000,1.00,0.00,0.0000,22,1,295,295,0,0,100,1,11,11,0,246528,0,295,0,0,800120832,0.000000,0.000000,22.234231,0.00,0,2,4,25,17,20,26,13,24,55,97,12,0,0,0,0,0,0,0.0013,0.0347,0.0529,0.0059,0.0215,0.0864,0.0372,5.5331,0.0701,0.0000,0.7597,0.0032,0.0001,0.2781,0.0036,0.0037,0.0001
1667,22.7553,0.0000,12.5599,5.1153,,true,0,0.008333,0.0000,0.0000,1.00,0.00,0.0000,22,1,295,295,0,0,100,1,11,11,0,246528,0,295,0,0,800120832,0.000000,0.000000,22.234231,0.00,0,2,4,25,17,20,26,13,24,55,97,12,0,0,0,0,0,0,0.0011,0.0438,0.0583,0.0042,0.0255,0.0967,0.0398,5.1153,0.0717,0.0000,0.8050,0.0039,0.0001,0.3075,0.0088,0.0052,0.0001
1668,22.7655,0.0000,10.0864,5.2771,,true,0,0.008333,0.0000,0.0000,1.00,0.00,0.0000,22,1,295,295,0,0,100,1,11,11,0,246528,0,295,0,0,800120832,0.000000,0.000000,22.234231,0.00,0,2,4,25,17,20,26,13,24,55,97,12,0,0,0,0,0,0,0.0033,0.0382,0.0737,0.0049,0.0190,0.0839,0.0351,5.2771,0.0869,0.0000,0.8308,0.0029,0.0001,0.3136,0.0125,0.0068,0.0001
1669,22.7766,0.0000,11.5016,4.8506,,true,0,0.008333,0.0000,0.0000,1.00,0.00,0.0000,22,1,295,295,0,0,100,1,11,11,0,246528,0,295,0,0,800120832,0.000000,0.000000,22.234231,0.00,0,2,4,25,17,20,26,13,24,55,97,12,0,0,0,0,0,0,0.0009,0.0428,0.0676,0.0045,0.0226,0.0647,0.0433,4.8506,0.0755,0.0000,0.8060,0.0038,0.0001,0.3083,0.0055,0.0052,0.0001
1670,22.7875,0.0000,10.7367,5.1268,,true,0,0.008333,0.0000,0.0000,1.00,0.00,0.0000,22,1,295,295,0,0,100,1,11,11,0,246528,0,295,0,0,800120832,0.000000,0.000000,22.234231,0.00,0,2,4,25,17,20,26,13,24,55,97,12,0,0,0,0,0,0,0.0013,0.0429,0.0619,0.0049,0.0217,0.0730,0.0356,5.1268,0.0996,0.0000,0.8445,0.0032,0.0001,0.2811,0.0092,0.0040,0.0004
1671,22.7988,0.0000,10.6820,5.7753,,true,0,0.008333,0.0000,0.0000,1.00,0.00,0.0000,22,1,295,295,0,0,100,1,11,11,0,246528,0,295,0,0,800120832,0.000000,0.000000,22.234231,0.00,0,2,4,25,17,20,26,13,24,55,97,12,0,0,0,0,0,0,0.0009,0.0418,0.0521,0.0047,0.0228,0.0769,0.0410,5.7753,0.0876,0.0000,0.8153,0.0041,0.0001,0.2979,0.0082,0.0054,0.0001
1672,22.8102,0.0000,11.7243,5.2459,,true,0,0.008333,0.0000,0.0000,1.00,0.00,0.0000,22,1,295,295,0,0,100,1,11,11,0,246528,0,295,0,0,800120832,0.000000,0.000000,22.538597,0.00,0,2,4,25,17,20,26,13,24,55,97,12,0,0,0,0,0,0,0.0021,0.0491,0.0612,0.0065,0.0251,0.2545,0.0372,5.2459,0.0719,0.0000,0.8395,0.0031,0.0001,0.3018,0.0100,0.0052,0.0004
1673,22.8209,0.0000,11.1621,4.9481,,true,0,0.008333,0.0000,0.0000,1.00,0.00,0.0000,22,1,295,295,0,0,100,1,11,11,0,246528,0,295,0,0,800120832,0.000000,0.000000,22.538597,0.00,0,2,4,25,17,20,26,13,24,55,97,12,0,0,0,0,0,0,0.0022,0.0333,0.0490,0.0031,0.0148,0.0899,0.0371,4.9481,0.0609,0.0000,0.7604,0.0039,0.0001,0.2943,0.0087,0.0047,0.0001
1674,22.8317,0.0000,10.6171,5.1803,,true,0,0.008333,0.0000,0.0000,1.00,0.00,0.0000,22,1,295,295,0,0,100,1,11,11,0,246528,0,295,0,0,800120832,0.000000,0.000000,22.538597,0.00,0,2,4,25,17,20,26,13,24,55,97,12,0,0,0,0,0,0,0.0068,0.0493,0.0780,0.0046,0.0162,0.0563,0.0535,5.1803,0.0720,0.0000,0.8962,0.0048,0.0001,0.3032,0.0114,0.0057,0.0002
1675,22.8431,0.0000,10.7602,5.7371,,true,0,0.008333,0.0000,0.0000,1.00,0.00,0.0000,22,1,295,295,0,0,100,1,11,11,0,246528,0,295,0,0,800124928,0.000000,0.000000,22.538597,0.00,0,2,4,25,17,20,26,13,24,55,97,12,0,0,0,0,0,0,0.0031,0.0352,0.0441,0.0036,0.0480,0.1003,0.0329,5.7371,0.0717,0.0000,0.7887,0.0178,0.0001,0.2970,0.0069,0.0275,0.0001
1676,22.8568,0.0000,13.5086,5.1339,,true,0,0.008333,0.0000,0.0000,1.00,0.00,0.0000,22,1,295,295,0,0,100,1,11,11,0,246528,0,295,0,0,800124928,0.000000,0.000000,22.538597,0.00,0,2,4,25,17,20,26,13,24,55,97,12,0,0,0,0,0,0,0.0014,0.0388,0.0452,0.0037,0.0169,0.0652,0.0440,5.1339,0.0650,0.0000,0.7231,0.0028,0.0001,0.2804,0.0069,0.0042,0.0002
1677,22.8675,0.0000,10.8972,5.6842,,true,0,0.008333,0.0000,0.0000,1.00,0.00,0.0000,22,1,295,295,0,0,100,1,11,11,0,246528,0,295,0,0,800124928,0.000000,0.000000,22.538597,0.00,0,2,4,25,17,20,26,13,24,55,97,12,0,0,0,0,0,0,0.0012,0.0610,0.0615,0.0043,0.0189,0.0645,0.0430,5.6842,0.0748,0.0000,0.8397,0.0020,0.0001,0.3059,0.0095,0.0025,0.0001
1678,22.8793,0.0000,12.2576,4.9783,,true,0,0.008333,0.0000,0.0000,1.00,0.00,0.0000,22,1,295,295,0,0,100,1,11,11,0,246528,0,295,0,0,800124928,0.000000,0.000000,22.538597,0.00,0,2,4,25,17,20,26,13,24,55,97,12,0,0,0,0,0,0,0.0014,0.0393,0.0468,0.0053,0.0268,0.0765,0.0353,4.9783,0.0674,0.0000,0.7656,0.0041,0.0001,0.2814,0.0088,0.0048,0.0001
1679,22.8900,0.0000,10.8605,5.2020,,true,0,0.008333,0.0000,0.0000,1.00,0.00,0.0000,22,1,295,295,0,0,100,1,11,11,0,246528,0,295,0,0,800124928,0.000000,0.000000,22.538597,0.00,0,2,4,25,17,20,26,13,24,55,97,12,0,0,0,0,0,0,0.0012,0.0867,0.0494,0.0038,0.0192,0.0799,0.0351,5.2020,0.0555,0.0000,0.7691,0.0032,0.0001,0.2726,0.0066,0.0055,0.0001
1680,22.9018,0.0000,11.5538,5.2323,,true,0,0.008333,0.0000,0.0000,1.00,0.00,0.0000,22,1,295,295,0,0,100,1,11,11,0,246528,0,295,0,0,800124928,0.000000,0.000000,22.538597,0.00,0,2,4,25,17,20,26,13,24,55,97,12,0,0,0,0,0,0,0.0023,0.0572,0.0601,0.0034,0.0174,0.0594,0.0448,5.2323,0.0764,0.0000,0.8319,0.0052,0.0001,0.3013,0.0089,0.0052,0.0001
1681,22.9141,0.0000,12.0480,5.3626,,true,0,0.008333,0.0000,0.0000,1.00,0.00,0.0000,22,1,295,295,0,0,100,1,11,11,0,246528,0,295,0,0,800124928,0.000000,0.000000,22.538597,0.00,0,2,4,25,17,20,26,13,24,55,97,12,0,0,0,0,0,0,0.0011,0.0423,0.0554,0.0033,0.0186,0.0884,0.0405,5.3626,0.0665,0.0000,0.8052,0.0034,0.0001,0.3071,0.0081,0.0053,0.0001
1682,22.9252,0.0000,11.0669,5.6264,,true,0,0.008333,0.0000,0.0000,1.00,0.00,0.0000,22,1,295,295,0,0,100,1,11,11,0,246528,0,295,0,0,800124928,0.000000,0.000000,22.538597,0.00,0,2,4,25,17,20,26,13,24,55,97,12,0,0,0,0,0,0,0.0013,0.0582,0.0588,0.0036,0.0202,0.0663,0.0550,5.6264,0.0780,0.0000,0.8305,0.0032,0.0001,0.3145,0.0098,0.0031,0.0001
1683,22.9362,0.0000,11.6490,5.1062,,true,0,0.008333,0.0000,0.0000,1.00,0.00,0.0000,22,1,295,295,0,0,100,1,11,11,0,246528,0,295,0,0,800124928,0.000000,0.000000,22.538597,0.00,0,2,4,25,17,20,26,13,24,55,97,12,0,0,0,0,0,0,0.0013,0.0510,0.0559,0.0052,0.0270,0.0709,0.0487,5.1062,0.0684,0.0000,0.8209,0.0045,0.0001,0.2975,0.0104,0.0056,0.0004
1684,22.9483,0.0000,11.0655,5.8537,,true,0,0.008333,0.0000,0.0000,1.00,0.00,0.0000,22,1,295,295,0,0,100,1,11,11,0,246528,0,295,0,0,800129024,0.000000,0.000000,22.538597,0.00,0,2,4,25,17,20,26,13,24,55,97,12,0,0,0,0,0,0,0.0017,0.0440,0.0646,0.0055,0.0229,0.0812,0.0438,5.8537,0.0781,0.0000,0.8705,0.0045,0.0001,0.3591,0.0099,0.0061,0.0001
1685,22.9602,0.0000,12.5287,5.3148,,true,0,0.008333,0.0000,0.0000,1.00,0.00,0.0000,22,1,295,295,0,0,100,1,11,11,0,246528,0,295,0,0,800129024,0.000000,0.000000,22.538597,0.00,0,2,4,25,17,20,26,13,24,55,97,12,0,0,0,0,0,0,0.0019,0.0495,0.0624,0.0043,0.0210,0.0797,0.0503,5.3148,0.0755,0.0000,0.7985,0.0036,0.0001,0.3010,0.0086,0.0053,0.0001
1686,22.9716,0.0000,11.0782,5.7216,,true,0,0.008333,0.0000,0.0000,1.00,0.00,0.0000,22,1,295,295,0,0,100,1,11,11,0,246528,0,295,0,0,800129024,0.000000,0.000000,22.538597,0.00,0,2,4,25,17,20,26,13,24,55,97,12,0,0,0,0,0,0,0.0022,0.0622,0.0762,0.0027,0.0141,0.0667,0.0514,5.7216,0.0971,0.0000,1.1907,0.0051,0.0001,0.4382,0.0161,0.0065,0.0002
1687,22.9817,0.0000,10.7476,5.1689,,true,0,0.008333,0.0000,0.0000,1.00,0.00,0.0000,22,1,295,295,0,0,100,1,11,11,0,246528,0,295,0,0,800129024,0.000000,0.000000,22.538597,0.00,0,2,4,25,17,20,26,13,24,55,97,12,0,0,0,0,0,0,0.0014,0.0452,0.0539,0.0052,0.0253,0.0899,0.0454,5.1689,0.0726,0.0000,0.8321,0.0050,0.0001,0.3047,0.0094,0.0067,0.0001
1688,22.9933,0.0000,10.7999,5.7559,,true,0,0.008333,0.0000,0.0000,1.00,0.00,0.0000,22,1,295,295,0,0,100,1,11,11,0,246528,0,295,0,0,800129024,0.000000,0.000000,22.538597,0.00,0,2,4,25,17,20,26,13,24,55,97,12,0,0,0,0,0,0,0.0011,0.0523,0.0660,0.0054,0.0218,0.0631,0.0398,5.7559,0.0728,0.0000,0.9589,0.0029,0.0001,0.2881,0.0119,0.0041,0.0001
1689,23.0042,0.0000,11.2757,5.3249,,true,0,0.008333,0.0000,0.0000,1.00,0.00,0.0000,22,1,295,295,0,0,100,1,11,11,0,246528,0,295,0,0,800129024,0.000000,0.000000,22.538597,0.00,0,2,4,25,17,20,26,13,24,55,97,12,0,0,0,0,0,0,0.0012,0.0453,0.0573,0.0047,0.0220,0.0728,0.0361,5.3249,0.0699,0.0000,0.7827,0.0038,0.0001,0.3232,0.0085,0.0044,0.0001
1690,23.0159,0.0000,11.9175,5.1299,,true,0,0.008333,0.0000,0.0000,1.00,0.00,0.0000,22,1,295,295,0,0,100,1,11,11,0,246528,0,295,0,0,800129024,0.000000,0.000000,22.538597,0.00,0,2,4,25,17,20,26,13,24,55,97,12,0,0,0,0,0,0,0.0020,0.0473,0.0637,0.0048,0.0224,0.0800,0.0314,5.1299,0.0754,0.0000,0.8053,0.0033,0.0001,0.3197,0.0086,0.0056,0.0001
1691,23.0259,0.0000,10.3664,4.8163,,true,0,0.008333,0.0000,0.0000,1.00,0.00,0.0000,22,1,295,295,0,0,100,1,11,11,0,246528,0,295,0,0,800129024,0.000000,0.000000,22.538597,0.00,0,2,4,25,17,20,26,13,24,55,97,12,0,0,0,0,0,0,0.0015,0.0431,0.0585,0.0041,0.0207,0.0927,0.0378,4.8163,0.0757,0.0000,0.8407,0.0037,0.0001,0.3062,0.0096,0.0055,0.0003
1692,23.0365,0.0000,10.7193,4.7291,,true,0,0.008333,0.0000,0.0000,1.00,0.00,0.0000,22,1,295,295,0,0,100,1,11,11,0,246528,0,295,0,0,800129024,0.000000,0.000000,22.538597,0.00,0,2,4,25,17,20,26,13,24,55,97,12,0,0,0,0,0,0,0.0014,0.0524,0.0527,0.0044,0.0240,0.0743,0.0369,4.7291,0.0717,0.0000,0.7900,0.0040,0.0001,0.3052,0.0114,0.0048,0.0001
1693,23.0472,0.0000,10.5911,5.0998,,true,0,0.008333,0.0000,0.0000,1.00,0.00,0.0000,22,1,295,295,0,0,100,1,11,11,0,246528,0,295,0,0,800133120,0.000000,0.000000,22.538597,0.00,0,2,4,25,17,20,26,13,24,55,97,12,0,0,0,0,0,0,0.0028,0.0413,0.0613,0.0042,0.0234,0.0928,0.0363,5.0998,0.0801,0.0000,0.8106,0.0044,0.0001,0.3042,0.0093,0.0059,0.0001
1694,23.0602,0.0000,12.3536,5.4276,,true,0,0.008333,0.0000,0.0000,1.00,0.00,0.0000,22,1,295,295,0,0,100,1,11,11,0,246528,0,295,0,0,800133120,0.000000,0.000000,22.538597,0.00,0,2,4,25,17,20,26,13,24,55,97,12,0,0,0,0,0,0,0.0016,0.0503,0.0654,0.0048,0.0240,0.0820,0.0389,5.4276,0.0721,0.0000,0.8527,0.0037,0.0001,0.3068,0.0100,0.0038,0.0002
1695,23.0711,0.0000,11.6425,4.8784,,true,0,0.008333,0.0000,0.0000,1.00,0.00,0.0000,22,1,295,295,0,0,100,1,11,11,0,246528,0,295,0,0,800133120,0.000000,0.000000,22.538597,0.00,0,2,4,25,17,20,26,13,24,55,97,12,0,0,0,0,0,0,0.0018,0.0441,0.0532,0.0048,0.0244,0.0694,0.0383,4.8784,0.0662,0.0000,0.8354,0.0029,0.0001,0.3010,0.0080,0.0028,0.0001
1696,23.0813,0.0000,10.1079,4.9537,,true,0,0.008333,0.0000,0.0000,1.00,0.00,0.0000,22,1,295,295,0,0,100,1,11,11,0,246528,0,295,0,0,800133120,0.000000,0.000000,22.538597,0.00,0,2,4,25,17,20,26,13,24,55,97,12,0,0,0,0,0,0,0.0018,0.0422,0.0603,0.0042,0.0226,0.0840,0.0359,4.9537,0.0643,0.0000,0.8148,0.0044,0.0001,0.3079,0.0083,0.0046,0.0001
1697,23.0926,0.0000,11.0141,5.1388,,true,0,0.008333,0.0000,0.0000,1.00,0.00,0.0000,22,1,295,295,0,0,100,1,11,11,0,246528,0,295,0,0,800133120,0.000000,0.000000,22.538597,0.00,0,2,4,25,17,20,26,13,24,55,97,12,0,0,0,0,0,0,0.0013,0.0352,0.0548,0.0049,0.0250,0.0928,0.0326,5.1388,0.0461,0.0000,0.7661,0.0036,0.0001,0.3137,0.0086,0.0046,0.0001
1698,23.1035,0.0000,11.3374,4.7467,,true,0,0.008333,0.0000,0.0000,1.00,0.00,0.0000,22,1,295,295,0,0,100,1,11,11,0,246528,0,295,0,0,800133120,0.000000,0.000000,22.538597,0.00,0,2,4,25,17,20,26,13,24,55,97,12,0,0,0,0,0,0,0.0010,0.0289,0.0902,0.0039,0.0168,0.0604,0.0334,4.7467,0.0785,0.0000,0.7877,0.0040,0.0001,0.3030,0.0097,0.0056,0.0001
1699,23.1152,0.0000,11.1224,5.3402,,true,0,0.008333,0.0000,0.0000,1.00,0.00,0.0000,22,1,295,295,0,0,100,1,11,11,0,246528,0,295,0,0,800133120,0.000000,0.000000,22.843635,0.00,0,2,4,25,17,20,26,13,24,55,97,12,0,0,0,0,0,0,0.0016,0.0532,0.0633,0.0033,0.0242,0.1777,0.0436,5.3402,0.0891,0.0000,0.8470,0.0039,0.0001,0.3135,0.0208,0.0049,0.0001
1700,23.1266,0.0000,11.4868,5.0392,,true,0,0.008333,0.0000,0.0000,1.00,0.00,0.0000,22,1,295,295,0,0,100,1,11,11,0,246528,0,295,0,0,800133120,0.000000,0.000000,22.843635,0.00,0,2,4,25,17,20,26,13,24,55,97,12,0,0,0,0,0,0,0.0017,0.0885,0.0565,0.0046,0.0211,0.0745,0.0471,5.0392,0.0740,0.0000,0.8053,0.0041,0.0001,0.3001,0.0092,0.0056,0.0001
1701,23.1377,0.0000,11.3981,4.9582,,true,0,0.008333,0.0000,0.0000,1.00,0.00,0.0000,22,1,295,295,0,0,100,1,11,11,0,246528,0,295,0,0,800133120,0.000000,0.000000,22.843635,0.00,0,2,4,25,17,20,26,13,24,55,97,12,0,0,0,0,0,0,0.0011,0.0457,0.0615,0.0055,0.0229,0.0704,0.0396,4.9582,0.0728,0.0000,0.8134,0.0040,0.0000,0.3076,0.0091,0.0064,0.0001
1702,23.1498,0.0000,10.9013,6.0225,,true,0,0.008333,0.0000,0.0000,1.00,0.00,0.0000,22,1,295,295,0,0,100,1,11,11,0,246528,0,295,0,0,800133120,0.000000,0.000000,22.843635,0.00,0,2,4,25,17,20,26,13,24,55,97,12,0,0,0,0,0,0,0.0014,0.0454,0.0598,0.0044,0.0222,0.1142,0.0391,6.0225,0.0787,0.0000,0.8285,0.0052,0.0001,0.3125,0.0099,0.0068,0.0001
1703,23.1619,0.0000,12.9661,5.1226,,true,0,0.008333,0.0000,0.0000,1.00,0.00,0.0000,22,1,295,295,0,0,100,1,11,11,0,246528,0,295,0,0,800137216,0.000000,0.000000,22.843635,0.00,0,2,4,25,17,20,26,13,24,55,97,12,0,0,0,0,0,0,0.0022,0.0443,0.0659,0.0056,0.0238,0.0809,0.0351,5.1226,0.0759,0.0000,0.8426,0.0030,0.0001,0.3053,0.0211,0.0059,0.0001
1704,23.1724,0.0000,10.8560,5.0674,,true,0,0.008333,0.0000,0.0000,1.00,0.00,0.0000,22,1,295,295,0,0,100,1,11,11,0,246528,0,295,0,0,800137216,0.000000,0.000000,22.843635,0.00,0,2,4,25,17,20,26,13,24,55,97,12,0,0,0,0,0,0,0.0014,0.0386,0.1034,0.0050,0.0159,0.0651,0.0391,5.0674,0.0711,0.0000,0.8229,0.0033,0.0000,0.3163,0.0093,0.0049,0.0001
1705,23.1844,0.0000,11.4088,5.3975,,true,0,0.008333,0.0000,0.0000,1.00,0.00,0.0000,22,1,295,295,0,0,100,1,11,11,0,246528,0,295,0,0,800137216,0.000000,0.000000,22.843635,0.00,0,2,4,25,17,20,26,13,24,55,97,12,0,0,0,0,0,0,0.0015,0.0477,0.0602,0.0047,0.0247,0.0948,0.0369,5.3975,0.0692,0.0000,0.8327,0.0039,0.0001,0.3154,0.0097,0.0064,0.0001
1706,23.1957,0.0000,11.6598,5.0307,,true,0,0.008333,0.0000,0.0000,1.00,0.00,0.0000,22,1,295,295,0,0,100,1,11,11,0,246528,0,295,0,0,800137216,0.000000,0.000000,22.843635,0.00,0,2,4,25,17,20,26,13,24,55,97,12,0,0,0,0,0,0,0.0013,0.0450,0.0547,0.0056,0.0251,0.0685,0.0380,5.0307,0.0678,0.0000,0.8274,0.0039,0.0001,0.3146,0.0089,0.0047,0.0001
1707,23.2076,0.0000,11.2928,5.5802,,true,0,0.008333,0.0000,0.0000,1.00,0.00,0.0000,22,1,295,295,0,0,100,1,11,11,0,246528,0,295,0,0,800137216,0.000000,0.000000,22.843635,0.00,0,2,4,25,17,20,26,13,24,55,97,12,0,0,0,0,0,0,0.0018,0.0456,0.0638,0.0047,0.0237,0.0940,0.0377,5.5802,0.0733,0.0000,0.8021,0.0044,0.0001,0.3080,0.0095,0.0054,0.0001
1708,23.2175,0.0000,10.6100,4.9431,,true,0,0.008333,0.0000,0.0000,1.00,0.00,0.0000,22,1,295,295,0,0,100,1,11,11,0,246528,0,295,0,0,800137216,0.000000,0.000000,22.843635,0.00,0,2,4,25,17,20,26,13,24,55,97,12,0,0,0,0,0,0,0.0026,0.0403,0.0579,0.0040,0.0186,0.0821,0.0483,4.9431,0.0588,0.0000,0.7735,0.0047,0.0001,0.2773,0.0345,0.0048,0.0001
1709,23.2285,0.0000,11.0720,4.9014,,true,0,0.008333,0.0000,0.0000,1.00,0.00,0.0000,22,1,295,295,0,0,100,1,11,11,0,246528,0,295,0,0,800137216,0.000000,0.000000,22.843635,0.00,0,2,4,25,17,20,26,13,24,55,97,12,0,0,0,0,0,0,0.0013,0.0356,0.0552,0.0041,0.0242,0.0649,0.0463,4.9014,0.0781,0.0000,0.7761,0.0048,0.0001,0.2916,0.0094,0.0046,0.0002
1710,23.2394,0.0000,10.9450,5.0764,,true,0,0.008333,0.0000,0.0000,1.00,0.00,0.0000,22,1,295,295,0,0,100,1,11,11,0,246528,0,295,0,0,800137216,0.000000,0.000000,22.843635,0.00,0,2,4,25,17,20,26,13,24,55,97,12,0,0,0,0,0,0,0.0019,0.0565,0.0589,0.0025,0.0177,0.0475,0.0414,5.0764,0.0799,0.0000,0.8502,0.0043,0.0001,0.3156,0.0096,0.0047,0.0001
1711,23.2516,0.0000,11.4535,5.3924,,true,0,0.008333,0.0000,0.0000,1.00,0.00,0.0000,22,1,295,295,0,0,100,1,11,11,0,246528,0,295,0,0,800137216,0.000000,0.000000,22.843635,0.00,0,2,4,25,17,20,26,13,24,55,97,12,0,0,0,0,0,0,0.0013,0.0512,0.0651,0.0053,0.0268,0.0823,0.0383,5.3924,0.0754,0.0000,0.8404,0.0056,0.0001,0.3035,0.0088,0.0070,0.0001
1712,23.2637,0.0000,12.6324,5.1171,,true,0,0.008333,0.0000,0.0000,1.00,0.00,0.0000,22,1,295,295,0,0,100,1,11,11,0,246528,0,295,0,0,800141312,0.000000,0.000000,22.843635,0.00,0,2,4,25,17,20,26,13,24,55,97,12,0,0,0,0,0,0,0.0012,0.0488,0.0526,0.0045,0.0231,0.0713,0.0451,5.1171,0.0655,0.0000,0.7600,0.0048,0.0001,0.2876,0.0078,0.0046,0.0001
1713,23.2741,0.0000,10.3850,5.1671,,true,0,0.008333,0.0000,0.0000,1.00,0.00,0.0000,22,1,295,295,0,0,100,1,11,11,0,246528,0,295,0,0,800141312,0.000000,0.000000,22.843635,0.00,0,2,4,25,17,20,26,13,24,55,97,12,0,0,0,0,0,0,0.0016,0.0396,0.0651,0.0047,0.0246,0.0684,0.0366,5.1671,0.0756,0.0000,0.7973,0.0049,0.0001,0.2974,0.0110,0.0050,0.0001
1714,23.2851,0.0000,11.4460,4.9677,,true,0,0.008333,0.0000,0.0000,1.00,0.00,0.0000,22,1,295,295,0,0,100,1,11,11,0,246528,0,295,0,0,800141312,0.000000,0.000000,22.843635,0.00,0,2,4,25,17,20,26,13,24,55,97,12,0,0,0,0,0,0,0.0015,0.0408,0.0562,0.0055,0.0215,0.0563,0.0386,4.9677,0.0626,0.0000,0.8626,0.0037,0.0001,0.3084,0.0157,0.0048,0.0001
1715,23.2966,0.0000,11.4643,4.8526,,true,0,0.008333,0.0000,0.0000,1.00,0.00,0.0000,22,1,295,295,0,0,100,1,11,11,0,246528,0,295,0,0,800141312,0.000000,0.000000,22.843635,0.00,0,2,4,25,17,20,26,13,24,55,97,12,0,0,0,0,0,0,0.0014,0.0389,0.0778,0.0045,0.0233,0.0604,0.0371,4.8526,0.0546,0.0000,0.7330,0.0045,0.0001,0.2786,0.0062,0.0046,0.0001
1716,23.3073,0.0000,10.6774,4.9799,,true,0,0.008333,0.0000,0.0000,1.00,0.00,0.0000,22,1,295,295,0,0,100,1,11,11,0,246528,0,295,0,0,800141312,0.000000,0.000000,22.843635,0.00,0,2,4,25,17,20,26,13,24,55,97,12,0,0,0,0,0,0,0.0013,0.0541,0.0649,0.0041,0.0189,0.0586,0.0541,4.9799,0.0878,0.0000,0.8781,0.0044,0.0001,0.3233,0.0128,0.0057,0.0004
1717,23.3183,0.0000,10.9786,4.7609,,true,0,0.008333,0.0000,0.0000,1.00,0.00,0.0000,22,1,295,295,0,0,100,1,11,11,0,246528,0,295,0,0,800141312,0.000000,0.000000,22.843635,0.00,0,2,4,25,17,20,26,13,24,55,97,12,0,0,0,0,0,0,0.0011,0.0357,0.0553,0.0053,0.0254,0.0702,0.0338,4.7609,0.0608,0.0000,0.8051,0.0038,0.0001,0.3048,0.0089,0.0041,0.0001
1718,23.3293,0.0000,10.8693,5.0452,,true,0,0.008333,0.0000,0.0000,1.00,0.00,0.0000,22,1,295,295,0,0,100,1,11,11,0,246528,0,295,0,0,800141312,0.000000,0.000000,22.843635,0.00,0,2,4,25,17,20,26,13,24,55,97,12,0,0,0,0,0,0,0.0013,0.0500,0.0596,0.0033,0.0209,0.0631,0.0414,5.0452,0.0620,0.0000,0.8219,0.0038,0.0001,0.3016,0.0084,0.0057,0.0001
1719,23.3402,0.0000,10.8133,5.0549,,true,0,0.008333,0.0000,0.0000,1.00,0.00,0.0000,22,1,295,295,0,0,100,1,11,11,0,246528,0,295,0,0,800141312,0.000000,0.000000,22.843635,0.00,0,2,4,25,17,20,26,13,24,55,97,12,0,0,0,0,0,0,0.0030,0.0468,0.0554,0.0049,0.0241,0.0709,0.0374,5.0549,0.0621,0.0000,0.8062,0.0036,0.0001,0.3031,0.0088,0.0057,0.0001
1720,23.3539,0.0000,11.6735,6.5904,,true,0,0.008333,0.0000,0.0000,1.00,0.00,0.0000,22,1,295,295,0,0,100,1,11,11,0,246528,0,295,0,0,800141312,0.000000,0.000000,22.843635,0.00,0,2,4,25,17,20,26,13,24,55,97,12,0,0,0,0,0,0,0.0014,0.0467,0.0702,0.0039,0.0232,0.0698,0.0409,6.5904,0.0822,0.0000,1.0402,0.0040,0.0001,0.4024,0.0094,0.0053,0.0001
1721,23.3755,0.0000,11.9661,16.6401,,true,0,0.008333,0.0000,0.0000,1.00,0.00,0.0000,22,1,295,295,0,0,100,1,11,11,0,246528,0,295,0,0,800145408,0.000000,0.000000,22.843635,0.00,0,2,4,25,17,20,26,13,24,55,97,12,0,0,0,0,0,0,0.0012,0.0301,0.0992,0.0036,0.0134,0.0521,0.0351,16.6401,0.0768,0.0000,11.8511,0.0035,0.7587,0.2922,0.0118,0.0036,10.3416
1722,23.3821,0.0000,10.5020,5.3370,,true,0,0.008333,0.0000,0.0000,1.00,0.00,0.0000,22,1,295,295,0,0,100,1,11,11,0,246528,0,295,0,0,800145408,0.000000,0.000000,22.843635,0.00,0,2,4,25,17,20,26,13,24,55,97,12,0,0,0,0,0,0,0.0019,0.0249,0.0630,0.0076,0.0284,0.0652,0.0361,5.3370,0.0764,0.0000,0.7251,0.0014,0.0001,0.3415,0.0045,0.0019,0.0001
1723,23.3899,0.0000,14.7661,5.8487,,true,0,0.008333,0.0000,0.0000,1.00,0.00,0.0000,22,1,295,295,0,0,100,1,11,11,0,246528,0,295,0,0,800219136,0.000000,0.000000,22.843635,0.00,0,2,4,25,17,20,26,13,24,55,97,12,0,0,0,0,0,0,0.0021,0.0245,0.1064,0.0024,0.0116,0.0345,0.0294,5.8487,0.1104,0.0000,0.6145,0.0018,0.0000,0.2652,0.0047,0.0025,0.0001
1724,23.3968,0.0000,7.9498,4.7626,,true,0,0.008333,0.0000,0.0000,1.00,0.00,0.0000,22,1,295,295,0,0,100,1,11,11,0,246528,0,295,0,0,800219136,0.000000,0.000000,22.843635,0.00,0,2,4,25,17,20,26,13,24,55,97,12,0,0,0,0,0,0,0.0012,0.0472,0.0552,0.0037,0.0231,0.0744,0.0455,4.7626,0.0694,0.0000,0.7796,0.0040,0.0001,0.2967,0.0091,0.0053,0.0001
1725,23.4080,0.0000,10.6830,5.2104,,true,0,0.008333,0.0000,0.0000,1.00,0.00,0.0000,22,1,295,295,0,0,100,1,11,11,0,246528,0,295,0,0,800219136,0.000000,0.000000,22.843635,0.00,0,2,4,25,17,20,26,13,24,55,97,12,0,0,0,0,0,0,0.0018,0.0491,0.0603,0.0044,0.0220,0.0890,0.0365,5.2104,0.0689,0.0000,0.8284,0.0043,0.0001,0.3033,0.0111,0.0050,0.0001
1726,23.4206,0.0000,12.5297,5.0280,,true,0,0.008333,0.0000,0.0000,1.00,0.00,0.0000,22,1,295,295,0,0,100,1,11,11,0,246528,0,295,0,0,800219136,0.000000,0.000000,23.148804,0.00,0,2,4,25,17,20,26,13,24,55,97,12,0,0,0,0,0,0,0.0013,0.0466,0.0583,0.0039,0.0264,0.2358,0.0371,5.0280,0.0664,0.0000,0.8150,0.0045,0.0001,0.3148,0.0158,0.0055,0.0001
1727,23.4330,0.0000,10.8629,6.9746,,true,0,0.008333,0.0000,0.0000,1.00,0.00,0.0000,22,1,295,295,0,0,100,1,11,11,0,246528,0,295,0,0,800219136,0.000000,0.000000,23.148804,0.00,0,2,4,25,17,20,26,13,24,55,97,12,0,0,0,0,0,0,0.0048,0.0445,0.0713,0.0043,0.0204,0.0803,0.0368,6.9746,0.0747,0.0000,0.9796,0.0047,0.0001,0.4047,0.0148,0.0050,0.0003
1728,23.4426,0.0000,11.4520,5.0495,,true,0,0.008333,0.0000,0.0000,1.00,0.00,0.0000,22,1,295,295,0,0,100,1,11,11,0,246528,0,295,0,0,800219136,0.000000,0.000000,23.148804,0.00,0,2,4,25,17,20,26,13,24,55,97,12,0,0,0,0,0,0,0.0011,0.0414,0.0539,0.0044,0.0223,0.0688,0.0401,5.0495,0.0702,0.0000,0.8066,0.0034,0.0001,0.2897,0.0092,0.0060,0.0001
1729,23.4549,0.0000,11.7446,5.4703,,true,0,0.008333,0.0000,0.0000,1.00,0.00,0.0000,22,1,295,295,0,0,100,1,11,11,0,246528,0,295,0,0,800219136,0.000000,0.000000,23.148804,0.00,0,2,4,25,17,20,26,13,24,55,97,12,0,0,0,0,0,0,0.0049,0.0480,0.0579,0.0050,0.0185,0.0901,0.0375,5.4703,0.0799,0.0000,0.8192,0.0039,0.0001,0.3052,0.0100,0.0064,0.0001
1730,23.4657,0.0000,11.2494,5.1244,,true,0,0.008333,0.0000,0.0000,1.00,0.00,0.0000,22,1,295,295,0,0,100,1,11,11,0,246528,0,295,0,0,800219136,0.000000,0.000000,23.148804,0.00,0,2,4,25,17,20,26,13,24,55,97,12,0,0,0,0,0,0,0.0013,0.0411,0.0707,0.0026,0.0187,0.0712,0.0342,5.1244,0.0863,0.0000,0.7645,0.0039,0.0001,0.2878,0.0102,0.0065,0.0001
1731,23.4768,0.0000,11.1042,4.8261,,true,0,0.008333,0.0000,0.0000,1.00,0.00,0.0000,22,1,295,295,0,0,100,1,11,11,0,246528,0,295,0,0,800223232,0.000000,0.000000,23.148804,0.00,0,2,4,25,17,20,26,13,24,55,97,12,0,0,0,0,0,0,0.0024,0.0417,0.0514,0.0043,0.0201,0.0626,0.0417,4.8261,0.0646,0.0000,0.7881,0.0035,0.0001,0.3065,0.0094,0.0046,0.0001
1732,23.4875,0.0000,11.0317,4.8477,,true,0,0.008333,0.0000,0.0000,1.00,0.00,0.0000,22,1,295,295,0,0,100,1,11,11,0,246528,0,295,0,0,800223232,0.000000,0.000000,23.148804,0.00,0,2,4,25,17,20,26,13,24,55,97,12,0,0,0,0,0,0,0.0017,0.0462,0.0569,0.0025,0.0172,0.0737,0.0350,4.8477,0.0689,0.0000,0.8050,0.0035,0.0001,0.2987,0.0108,0.0070,0.0001
1733,23.4986,0.0000,11.0246,4.9395,,true,0,0.008333,0.0000,0.0000,1.00,0.00,0.0000,22,1,295,295,0,0,100,1,11,11,0,246528,0,295,0,0,800223232,0.000000,0.000000,23.148804,0.00,0,2,4,25,17,20,26,13,24,55,97,12,0,0,0,0,0,0,0.0019,0.0810,0.0673,0.0040,0.0209,0.0671,0.0359,4.9395,0.0707,0.0000,0.7687,0.0040,0.0001,0.2893,0.0116,0.0043,0.0001
1734,23.5094,0.0000,10.8231,4.8730,,true,0,0.008333,0.0000,0.0000,1.00,0.00,0.0000,22,1,295,295,0,0,100,1,11,11,0,246528,0,295,0,0,800223232,0.000000,0.000000,23.148804,0.00,0,2,4,25,17,20,26,13,24,55,97,12,0,0,0,0,0,0,0.0010,0.0405,0.0584,0.0048,0.0206,0.0630,0.0378,4.8730,0.0637,0.0000,0.8229,0.0045,0.0001,0.3036,0.0060,0.0037,0.0001
1735,23.5202,0.0000,10.6333,5.1262,,true,0,0.008333,0.0000,0.0000,1.00,0.00,0.0000,22,1,295,295,0,0,100,1,11,11,0,246528,0,295,0,0,800223232,0.000000,0.000000,23.148804,0.00,0,2,4,25,17,20,26,13,24,55,97,12,0,0,0,0,0,0,0.0015,0.0401,0.0443,0.0042,0.0227,0.0802,0.0381,5.1262,0.0667,0.0000,0.7483,0.0034,0.0001,0.2782,0.0070,0.0042,0.0001
1736,23.5306,0.0000,10.6389,4.8228,,true,0,0.008333,0.0000,0.0000,1.00,0.00,0.0000,22,1,295,295,0,0,100,1,11,11,0,246528,0,295,0,0,800223232,0.000000,0.000000,23.148804,0.00,0,2,4,25,17,20,26,13,24,55,97,12,0,0,0,0,0,0,0.0012,0.0214,0.0470,0.0037,0.0176,0.0542,0.0409,4.8228,0.0632,0.0000,0.7101,0.0028,0.0001,0.2795,0.0058,0.0053,0.0001
1737,23.5416,0.0000,10.9830,4.8007,,true,0,0.008333,0.0000,0.0000,1.00,0.00,0.0000,22,1,295,295,0,0,100,1,11,11,0,246528,0,295,0,0,800223232,0.000000,0.000000,23.148804,0.00,0,2,4,25,17,20,26,13,24,55,97,12,0,0,0,0,0,0,0.0017,0.0256,0.0445,0.0051,0.0197,0.0816,0.0353,4.8007,0.0541,0.0000,0.6947,0.0029,0.0001,0.2802,0.0066,0.0037,0.0001
1738,23.5533,0.0000,11.3281,4.9467,,true,0,0.008333,0.0000,0.0000,1.00,0.00,0.0000,22,1,295,295,0,0,100,1,11,11,0,246528,0,295,0,0,800223232,0.000000,0.000000,23.148804,0.00,0,2,4,25,17,20,26,13,24,55,97,12,0,0,0,0,0,0,0.0015,0.0299,0.0491,0.0039,0.0178,0.0606,0.0325,4.9467,0.0581,0.0000,0.7299,0.0037,0.0001,0.2984,0.0085,0.0050,0.0002
1739,23.5649,0.0000,11.7096,4.9981,,true,0,0.008333,0.0000,0.0000,1.00,0.00,0.0000,22,1,295,295,0,0,100,1,11,11,0,246528,0,295,0,0,800223232,0.000000,0.000000,23.148804,0.00,0,2,4,25,17,20,26,13,24,55,97,12,0,0,0,0,0,0,0.0017,0.0547,0.0520,0.0021,0.0147,0.0425,0.0443,4.9981,0.0586,0.0000,0.9527,0.0053,0.0001,0.3908,0.0082,0.0051,0.0001
1740,23.5754,0.0000,10.5780,5.0364,,true,0,0.008333,0.0000,0.0000,1.00,0.00,0.0000,22,1,295,295,0,0,100,1,11,11,0,246528,0,295,0,0,800227328,0.000000,0.000000,23.148804,0.00,0,2,4,25,17,20,26,13,24,55,97,12,0,0,0,0,0,0,0.0032,0.0442,0.0550,0.0062,0.0207,0.0866,0.0434,5.0364,0.0570,0.0000,0.7611,0.0031,0.0001,0.2712,0.0071,0.0038,0.0001
1741,23.5868,0.0000,11.4288,4.9181,,true,0,0.008333,0.0000,0.0000,1.00,0.00,0.0000,22,1,295,295,0,0,100,1,11,11,0,246528,0,295,0,0,800227328,0.000000,0.000000,23.148804,0.00,0,2,4,25,17,20,26,13,24,55,97,12,0,0,0,0,0,0,0.0014,0.0442,0.0530,0.0042,0.0213,0.0731,0.0365,4.9181,0.0793,0.0000,0.8224,0.0039,0.0001,0.3362,0.0084,0.0051,0.0001
1742,23.5994,0.0000,11.6852,5.7227,,true,0,0.008333,0.0000,0.0000,1.00,0.00,0.0000,22,1,295,295,0,0,100,1,11,11,0,246528,0,295,0,0,800272384,0.000000,0.000000,23.148804,0.00,0,2,4,25,17,20,26,13,24,55,97,12,0,0,0,0,0,0,0.0019,0.0517,0.0682,0.0062,0.0131,0.0909,0.0510,5.7227,0.0724,0.0000,0.8768,0.0047,0.0001,0.3503,0.0086,0.0067,0.0001
1743,23.6086,0.0000,9.9610,5.0805,,true,0,0.008333,0.0000,0.0000,1.00,0.00,0.0000,22,1,295,295,0,0,100,1,11,11,0,246528,0,295,0,0,800272384,0.000000,0.000000,23.148804,0.00,0,2,4,25,17,20,26,13,24,55,97,12,0,0,0,0,0,0,0.0013,0.0532,0.0550,0.0039,0.0222,0.0768,0.0373,5.0805,0.0714,0.0000,0.8354,0.0048,0.0001,0.3000,0.0095,0.0056,0.0003
1744,23.6197,0.0000,11.0562,5.0918,,true,0,0.008333,0.0000,0.0000,1.00,0.00,0.0000,22,1,295,295,0,0,100,1,11,11,0,246528,0,295,0,0,800272384,0.000000,0.000000,23.148804,0.00,0,2,4,25,17,20,26,13,24,55,97,12,0,0,0,0,0,0,0.0023,0.0374,0.0551,0.0047,0.0205,0.0663,0.0396,5.0918,0.0710,0.0000,0.7464,0.0040,0.0001,0.2868,0.0077,0.0050,0.0004
1745,23.6306,0.0000,10.8163,5.1607,,true,0,0.008333,0.0000,0.0000,1.00,0.00,0.0000,22,1,295,295,0,0,100,1,11,11,0,246528,0,295,0,0,800272384,0.000000,0.000000,23.148804,0.00,0,2,4,25,17,20,26,13,24,55,97,12,0,0,0,0,0,0,0.0013,0.0303,0.0584,0.0037,0.0221,0.0805,0.0321,5.1607,0.0623,0.0000,0.7597,0.0032,0.0002,0.2774,0.0091,0.0042,0.0001
1746,23.6417,0.0000,11.1823,5.0681,,true,0,0.008333,0.0000,0.0000,1.00,0.00,0.0000,22,1,295,295,0,0,100,1,11,11,0,246528,0,295,0,0,800272384,0.000000,0.000000,23.148804,0.00,0,2,4,25,17,20,26,13,24,55,97,12,0,0,0,0,0,0,0.0009,0.0404,0.0570,0.0043,0.0240,0.0766,0.0380,5.0681,0.0721,0.0000,0.7942,0.0044,0.0001,0.3048,0.0088,0.0044,0.0001
1747,23.6546,0.0000,12.1971,5.6491,,true,0,0.008333,0.0000,0.0000,1.00,0.00,0.0000,22,1,295,295,0,0,100,1,11,11,0,246528,0,295,0,0,800272384,0.000000,0.000000,23.148804,0.00,0,2,4,25,17,20,26,13,24,55,97,12,0,0,0,0,0,0,0.0015,0.0443,0.0562,0.0050,0.0284,0.0941,0.0365,5.6491,0.0809,0.0000,0.8351,0.0028,0.0001,0.3046,0.0117,0.0055,0.0001
1748,23.6686,0.0000,12.0571,7.6856,,true,0,0.008333,0.0000,0.0000,1.00,0.00,0.0000,22,1,295,295,0,0,100,1,11,11,0,246528,0,295,0,0,800272384,0.000000,0.000000,23.148804,0.00,0,2,4,25,17,20,26,13,24,55,97,12,0,0,0,0,0,0,0.0017,0.0552,0.0593,0.0033,0.0230,0.1196,0.0397,7.6856,0.0710,0.0000,0.7818,0.0036,0.0001,0.2864,0.0084,0.0039,0.0001
1749,23.6772,0.0000,11.1432,5.1953,,true,0,0.008333,0.0000,0.0000,1.00,0.00,0.0000,22,1,295,295,0,0,100,1,11,11,0,246528,0,295,0,0,800276480,0.000000,0.000000,23.148804,0.00,0,2,4,25,17,20,26,13,24,55,97,12,0,0,0,0,0,0,0.0031,0.0410,0.0631,0.0029,0.0182,0.0632,0.0354,5.1953,0.0718,0.0000,0.8580,0.0031,0.0001,0.3052,0.0113,0.0059,0.0001
1750,23.6883,0.0000,11.0538,5.3496,,true,0,0.008333,0.0000,0.0000,1.00,0.00,0.0000,22,1,295,295,0,0,100,1,11,11,0,246528,0,295,0,0,800276480,0.000000,0.000000,23.148804,0.00,0,2,4,25,17,20,26,13,24,55,97,12,0,0,0,0,0,0,0.0016,0.0443,0.0552,0.0052,0.0239,0.0717,0.0375,5.3496,0.0685,0.0000,1.1670,0.0042,0.0001,0.4740,0.0096,0.0035,0.0002
1751,23.6996,0.0000,11.2975,5.3170,,true,0,0.008333,0.0000,0.0000,1.00,0.00,0.0000,22,1,295,295,0,0,100,1,11,11,0,246528,0,295,0,0,800276480,0.000000,0.000000,23.148804,0.00,0,2,4,25,17,20,26,13,24,55,97,12,0,0,0,0,0,0,0.0013,0.0376,0.0583,0.0045,0.0248,0.0737,0.0363,5.3170,0.0668,0.0000,0.7933,0.0033,0.0001,0.3065,0.0066,0.0060,0.0001
1752,23.7112,0.0000,11.8172,4.7318,,true,0,0.008333,0.0000,0.0000,1.00,0.00,0.0000,22,1,295,295,0,0,100,1,11,11,0,246528,0,295,0,0,800276480,0.000000,0.000000,23.148804,0.00,0,2,4,25,17,20,26,13,24,55,97,12,0,0,0,0,0,0,0.0010,0.0422,0.0523,0.0036,0.0215,0.0659,0.0457,4.7318,0.0695,0.0000,0.7585,0.0036,0.0001,0.2879,0.0071,0.0050,0.0001
1753,23.7215,0.0000,10.4185,5.0541,,true,0,0.008333,0.0000,0.0000,1.00,0.00,0.0000,22,1,295,295,0,0,100,1,11,11,0,246528,0,295,0,0,800276480,0.000000,0.000000,23.454310,0.00,0,2,4,25,17,20,26,13,24,55,97,12,0,0,0,0,0,0,0.0012,0.0431,0.0598,0.0025,0.0171,0.1921,0.0347,5.0541,0.0573,0.0000,0.7104,0.0017,0.0001,0.2809,0.0063,0.0043,0.0001
1754,23.7322,0.0000,10.8776,4.9058,,true,0,0.008333,0.0000,0.0000,1.00,0.00,0.0000,22,1,295,295,0,0,100,1,11,11,0,246528,0,295,0,0,800276480,0.000000,0.000000,23.454310,0.00,0,2,4,25,17,20,26,13,24,55,97,12,0,0,0,0,0,0,0.0049,0.0345,0.0583,0.0036,0.0220,0.0700,0.0429,4.9058,0.0730,0.0000,0.7844,0.0033,0.0001,0.3032,0.0090,0.0041,0.0001
1755,23.7437,0.0000,11.2232,4.8980,,true,0,0.008333,0.0000,0.0000,1.00,0.00,0.0000,22,1,295,295,0,0,100,1,11,11,0,246528,0,295,0,0,800276480,0.000000,0.000000,23.454310,0.00,0,2,4,25,17,20,26,13,24,55,97,12,0,0,0,0,0,0,0.0011,0.0408,0.0543,0.0040,0.0213,0.1064,0.0402,4.8980,0.0683,0.0000,0.8080,0.0035,0.0001,0.3124,0.0070,0.0056,0.0001
1756,23.7551,0.0000,11.0059,5.5003,,true,0,0.008333,0.0000,0.0000,1.00,0.00,0.0000,22,1,295,295,0,0,100,1,11,11,0,246528,0,295,0,0,800276480,0.000000,0.000000,23.454310,0.00,0,2,4,25,17,20,26,13,24,55,97,12,0,0,0,0,0,0,0.0017,0.0432,0.0635,0.0046,0.0207,0.0797,0.0360,5.5003,0.0754,0.0000,1.0549,0.0031,0.0001,0.4267,0.0095,0.0051,0.0001
1757,23.7668,0.0000,12.4011,4.7799,,true,0,0.008333,0.0000,0.0000,1.00,0.00,0.0000,22,1,295,295,0,0,100,1,11,11,0,246528,0,295,0,0,800276480,0.000000,0.000000,23.454310,0.00,0,2,4,25,17,20,26,13,24,55,97,12,0,0,0,0,0,0,0.0011,0.0371,0.0572,0.0049,0.0281,0.0622,0.0343,4.7799,0.0634,0.0000,0.8573,0.0041,0.0001,0.3224,0.0106,0.0041,0.0008
1758,23.7773,0.0000,10.9443,4.4313,,true,0,0.008333,0.0000,0.0000,1.00,0.00,0.0000,22,1,295,295,0,0,100,1,11,11,0,246528,0,295,0,0,800276480,0.000000,0.000000,23.454310,0.00,0,2,4,25,17,20,26,13,24,55,97,12,0,0,0,0,0,0,0.0007,0.0299,0.0460,0.0029,0.0164,0.0535,0.0385,4.4313,0.0540,0.0000,0.7022,0.0037,0.0001,0.2802,0.0070,0.0036,0.0001
1759,23.7878,0.0000,10.1207,4.8275,,true,0,0.008333,0.0000,0.0000,1.00,0.00,0.0000,22,1,295,295,0,0,100,1,11,11,0,246528,0,295,0,0,800280576,0.000000,0.000000,23.454310,0.00,0,2,4,25,17,20,26,13,24,55,97,12,0,0,0,0,0,0,0.0014,0.0346,0.0501,0.0041,0.0215,0.0688,0.0527,4.8275,0.0457,0.0000,0.7749,0.0041,0.0001,0.3033,0.0071,0.0041,0.0002
1760,23.7995,0.0000,10.8013,5.6316,,true,0,0.008333,0.0000,0.0000,1.00,0.00,0.0000,22,1,295,295,0,0,100,1,11,11,0,246528,0,295,0,0,800280576,0.000000,0.000000,23.454310,0.00,0,2,4,25,17,20,26,13,24,55,97,12,0,0,0,0,0,0,0.0021,0.0414,0.0577,0.0037,0.0259,0.1089,0.0448,5.6316,0.0827,0.0000,0.7982,0.0037,0.0001,0.3121,0.0065,0.0047,0.0001
1761,23.8111,0.0000,12.2971,4.8284,,true,0,0.008333,0.0000,0.0000,1.00,0.00,0.0000,22,1,295,295,0,0,100,1,11,11,0,246528,0,295,0,0,800280576,0.000000,0.000000,23.454310,0.00,0,2,4,25,17,20,26,13,24,55,97,12,0,0,0,0,0,0,0.0012,0.0442,0.0543,0.0040,0.0250,0.0740,0.0376,4.8284,0.0681,0.0000,0.7997,0.0045,0.0001,0.3033,0.0092,0.0053,0.0001
1762,23.8212,0.0000,10.1090,5.0265,,true,0,0.008333,0.0000,0.0000,1.00,0.00,0.0000,22,1,295,295,0,0,100,1,11,11,0,246528,0,295,0,0,800280576,0.000000,0.000000,23.454310,0.00,0,2,4,25,17,20,26,13,24,55,97,12,0,0,0,0,0,0,0.0014,0.0425,0.0516,0.0042,0.0232,0.0685,0.0372,5.0265,0.0632,0.0000,0.8158,0.0041,0.0001,0.3075,0.0223,0.0058,0.0001
1763,23.8318,0.0000,10.7333,4.9966,,true,0,0.008333,0.0000,0.0000,1.00,0.00,0.0000,22,1,295,295,0,0,100,1,11,11,0,246528,0,295,0,0,800280576,0.000000,0.000000,23.454310,0.00,0,2,4,25,17,20,26,13,24,55,97,12,0,0,0,0,0,0,0.0019,0.0684,0.0566,0.0038,0.0172,0.0631,0.0388,4.9966,0.0751,0.0000,0.8011,0.0036,0.0001,0.3103,0.0074,0.0036,0.0001
1764,23.8426,0.0000,10.7703,4.7624,,true,0,0.008333,0.0000,0.0000,1.00,0.00,0.0000,22,1,295,295,0,0,100,1,11,11,0,246528,0,295,0,0,800280576,0.000000,0.000000,23.454310,0.00,0,2,4,25,17,20,26,13,24,55,97,12,0,0,0,0,0,0,0.0012,0.0441,0.0526,0.0036,0.0222,0.0681,0.0365,4.7624,0.0634,0.0000,0.8107,0.0029,0.0001,0.3042,0.0086,0.0062,0.0001
1765,23.8547,0.0000,11.0775,5.8658,,true,0,0.008333,0.0000,0.0000,1.00,0.00,0.0000,22,1,295,295,0,0,100,1,11,11,0,246528,0,295,0,0,800280576,0.000000,0.000000,23.454310,0.00,0,2,4,25,17,20,26,13,24,55,97,12,0,0,0,0,0,0,0.0021,0.0471,0.0758,0.0050,0.0328,0.1139,0.0376,5.8658,0.0799,0.0000,0.9940,0.0043,0.0001,0.3133,0.0149,0.0080,0.0001
1766,23.8665,0.0000,12.1495,5.3625,,true,0,0.008333,0.0000,0.0000,1.00,0.00,0.0000,22,1,295,295,0,0,100,1,11,11,0,246528,0,295,0,0,800280576,0.000000,0.000000,23.454310,0.00,0,2,4,25,17,20,26,13,24,55,97,12,0,0,0,0,0,0,0.0016,0.0543,0.0560,0.0037,0.0263,0.0761,0.0439,5.3625,0.0721,0.0000,0.8048,0.0033,0.0001,0.3114,0.0058,0.0060,0.0001
1767,23.8788,0.0000,12.0900,5.4640,,true,0,0.008333,0.0000,0.0000,1.00,0.00,0.0000,22,1,295,295,0,0,100,1,11,11,0,246528,0,295,0,0,800280576,0.000000,0.000000,23.454310,0.00,0,2,4,25,17,20,26,13,24,55,97,12,0,0,0,0,0,0,0.0012,0.0469,0.0604,0.0039,0.0278,0.0884,0.0375,5.4640,0.0706,0.0000,0.8129,0.0046,0.0001,0.3164,0.0072,0.0067,0.0001
1768,23.8891,0.0000,10.9160,5.0426,,true,0,0.008333,0.0000,0.0000,1.00,0.00,0.0000,22,1,295,295,0,0,100,1,11,11,0,246528,0,295,0,0,800284672,0.000000,0.000000,23.454310,0.00,0,2,4,25,17,20,26,13,24,55,97,12,0,0,0,0,0,0,0.0013,0.0457,0.0579,0.0035,0.0213,0.0695,0.0346,5.0426,0.0805,0.0000,0.8111,0.0038,0.0001,0.3117,0.0084,0.0050,0.0001
1769,23.9001,0.0000,11.0341,4.9997,,true,0,0.008333,0.0000,0.0000,1.00,0.00,0.0000,22,1,295,295,0,0,100,1,11,11,0,246528,0,295,0,0,800284672,0.000000,0.000000,23.454310,0.00,0,2,4,25,17,20,26,13,24,55,97,12,0,0,0,0,0,0,0.0050,0.0433,0.0571,0.0061,0.0256,0.0717,0.0372,4.9997,0.0762,0.0000,0.8092,0.0027,0.0001,0.2985,0.0100,0.0049,0.0001
1770,23.9128,0.0000,12.2580,5.4668,,true,0,0.008333,0.0000,0.0000,1.00,0.00,0.0000,22,1,295,295,0,0,100,1,11,11,0,246528,0,295,0,0,800284672,0.000000,0.000000,23.454310,0.00,0,2,4,25,17,20,26,13,24,55,97,12,0,0,0,0,0,0,0.0014,0.0574,0.0597,0.0058,0.0270,0.0897,0.0462,5.4668,0.0684,0.0000,0.8681,0.0053,0.0001,0.3160,0.0069,0.0061,0.0001
1771,23.9230,0.0000,10.8227,4.8181,,true,0,0.008333,0.0000,0.0000,1.00,0.00,0.0000,22,1,295,295,0,0,100,1,11,11,0,246528,0,295,0,0,800284672,0.000000,0.000000,23.454310,0.00,0,2,4,25,17,20,26,13,24,55,97,12,0,0,0,0,0,0,0.0024,0.0339,0.0587,0.0039,0.0251,0.0866,0.0374,4.8181,0.0568,0.0000,0.8423,0.0037,0.0001,0.3047,0.0113,0.0047,0.0001
1772,23.9349,0.0000,11.4453,5.2420,,true,0,0.008333,0.0000,0.0000,1.00,0.00,0.0000,22,1,295,295,0,0,100,1,11,11,0,246528,0,295,0,0,800284672,0.000000,0.000000,23.454310,0.00,0,2,4,25,17,20,26,13,24,55,97,12,0,0,0,0,0,0,0.0011,0.0434,0.0582,0.0050,0.0249,0.0793,0.0345,5.2420,0.0588,0.0000,0.8276,0.0035,0.0001,0.3055,0.0094,0.0049,0.0003
1773,23.9464,0.0000,11.3844,5.2359,,true,0,0.008333,0.0000,0.0000,1.00,0.00,0.0000,22,1,295,295,0,0,100,1,11,11,0,246528,0,295,0,0,800284672,0.000000,0.000000,23.454310,0.00,0,2,4,25,17,20,26,13,24,55,97,12,0,0,0,0,0,0,0.0018,0.0444,0.0506,0.0044,0.0167,0.0777,0.0454,5.2359,0.0667,0.0000,0.7728,0.0041,0.0001,0.2914,0.0085,0.0050,0.0001
1774,23.9574,0.0000,10.8988,5.4900,,true,0,0.008333,0.0000,0.0000,1.00,0.00,0.0000,22,1,295,295,0,0,100,1,11,11,0,246528,0,295,0,0,800284672,0.000000,0.000000,23.454310,0.00,0,2,4,25,17,20,26,13,24,55,97,12,0,0,0,0,0,0,0.0015,0.0405,0.0627,0.0063,0.0390,0.0813,0.0410,5.4900,0.0517,0.0000,0.8057,0.0040,0.0001,0.3056,0.0103,0.0043,0.0004
1775,23.9695,0.0000,12.9332,4.6466,,true,0,0.008333,0.0000,0.0000,1.00,0.00,0.0000,22,1,295,295,0,0,100,1,11,11,0,246528,0,295,0,0,800284672,0.000000,0.000000,23.454310,0.00,0,2,4,25,17,20,26,13,24,55,97,12,0,0,0,0,0,0,0.0011,0.0419,0.0531,0.0049,0.0217,0.0743,0.0358,4.6466,0.0662,0.0000,0.7994,0.0022,0.0001,0.3219,0.0081,0.0042,0.0001
1776,23.9796,0.0000,9.7970,4.9763,,true,0,0.008333,0.0000,0.0000,1.00,0.00,0.0000,22,1,295,295,0,0,100,1,11,11,0,246528,0,295,0,0,800284672,0.000000,0.000000,23.454310,0.00,0,2,4,25,17,20,26,13,24,55,97,12,0,0,0,0,0,0,0.0046,0.0364,0.0654,0.0046,0.0181,0.0690,0.0363,4.9763,0.0431,0.0000,0.8105,0.0034,0.0001,0.3016,0.0077,0.0050,0.0001
1777,23.9906,0.0000,10.8373,5.2451,,true,0,0.008333,0.0000,0.0000,1.00,0.00,0.0000,22,1,295,295,0,0,100,1,11,11,0,246528,0,295,0,0,800288768,0.000000,0.000000,23.454310,0.00,0,2,4,25,17,20,26,13,24,55,97,12,0,0,0,0,0,0,0.0014,0.0480,0.0526,0.0049,0.0232,0.0709,0.0381,5.2451,0.0753,0.0000,0.8723,0.0050,0.0001,0.3146,0.0104,0.0061,0.0001
1778,24.0020,0.0000,11.2582,5.1945,,true,0,0.008333,0.0000,0.0000,1.00,0.00,0.0000,22,1,295,295,0,0,100,1,11,11,0,246528,0,295,0,0,800288768,0.000000,0.000000,23.454310,0.00,0,2,4,25,17,20,26,13,24,55,97,12,0,0,0,0,0,0,0.0009,0.0460,0.0411,0.0061,0.0258,0.0859,0.0376,5.1945,0.0774,0.0000,0.8186,0.0039,0.0001,0.3176,0.0093,0.0057,0.0001
1779,24.0140,0.0000,12.2614,5.0348,,true,0,0.008333,0.0000,0.0000,1.00,0.00,0.0000,22,1,295,295,0,0,100,1,11,11,0,246528,0,295,0,0,800288768,0.000000,0.000000,23.454310,0.00,0,2,4,25,17,20,26,13,24,55,97,12,0,0,0,0,0,0,0.0014,0.0445,0.0772,0.0042,0.0239,0.0807,0.0382,5.0348,0.0714,0.0000,0.7873,0.0047,0.0001,0.3114,0.0091,0.0057,0.0001
1780,24.0236,0.0000,9.5998,5.0355,,true,0,0.008333,0.0000,0.0000,1.00,0.00,0.0000,22,1,295,295,0,0,100,1,11,11,0,246528,0,295,0,0,800288768,0.000000,0.000000,23.454310,0.00,0,2,4,25,17,20,26,13,24,55,97,12,0,0,0,0,0,0,0.0009,0.0378,0.0658,0.0042,0.0217,0.0729,0.0373,5.0355,0.0716,0.0000,0.8444,0.0040,0.0001,0.3021,0.0102,0.0048,0.0001
1781,24.0344,0.0000,10.6191,5.2552,,true,0,0.008333,0.0000,0.0000,1.00,0.00,0.0000,22,1,295,295,0,0,100,1,11,11,0,246528,0,295,0,0,800288768,0.000000,0.000000,23.759846,0.00,0,2,4,25,17,20,26,13,24,55,97,12,0,0,0,0,0,0,0.0017,0.0469,0.0511,0.0052,0.0209,0.2275,0.0422,5.2552,0.0660,0.0000,0.8019,0.0042,0.0001,0.2932,0.0067,0.0048,0.0001
1782,24.0447,0.0000,10.8570,4.7133,,true,0,0.008333,0.0000,0.0000,1.00,0.00,0.0000,22,1,295,295,0,0,100,1,11,11,0,246528,0,295,0,0,800288768,0.000000,0.000000,23.759846,0.00,0,2,4,25,17,20,26,13,24,55,97,12,0,0,0,0,0,0,0.0013,0.0325,0.0521,0.0042,0.0271,0.0687,0.0350,4.7133,0.0426,0.0000,0.7642,0.0032,0.0001,0.3194,0.0085,0.0050,0.0001
1783,24.0557,0.0000,10.4359,5.3530,,true,0,0.008333,0.0000,0.0000,1.00,0.00,0.0000,22,1,295,295,0,0,100,1,11,11,0,246528,0,295,0,0,800288768,0.000000,0.000000,23.759846,0.00,0,2,4,25,17,20,26,13,24,55,97,12,0,0,0,0,0,0,0.0012,0.0467,0.0528,0.0036,0.0159,0.0628,0.0400,5.3530,0.0718,0.0000,0.6847,0.0033,0.0001,0.2780,0.0070,0.0044,0.0001
1784,24.0679,0.0000,11.8369,5.3387,,true,0,0.008333,0.0000,0.0000,1.00,0.00,0.0000,22,1,295,295,0,0,100,1,11,11,0,246528,0,295,0,0,800288768,0.000000,0.000000,23.759846,0.00,0,2,4,25,17,20,26,13,24,55,97,12,0,0,0,0,0,0,0.0016,0.0465,0.0632,0.0056,0.0315,0.0845,0.0379,5.3387,0.0646,0.0000,0.7680,0.0036,0.0001,0.2947,0.0072,0.0064,0.0001
1785,24.0786,0.0000,11.4431,4.8452,,true,0,0.008333,0.0000,0.0000,1.00,0.00,0.0000,22,1,295,295,0,0,100,1,11,11,0,246528,0,295,0,0,800288768,0.000000,0.000000,23.759846,0.00,0,2,4,25,17,20,26,13,24,55,97,12,0,0,0,0,0,0,0.0009,0.0414,0.0665,0.0034,0.0219,0.0644,0.0395,4.8452,0.0661,0.0000,0.7383,0.0044,0.0001,0.3068,0.0089,0.0046,0.0001
1786,24.0895,0.0000,10.8286,5.0770,,true,0,0.008333,0.0000,0.0000,1.00,0.00,0.0000,22,1,295,295,0,0,100,1,11,11,0,246528,0,295,0,0,800288768,0.000000,0.000000,23.759846,0.00,0,2,4,25,17,20,26,13,24,55,97,12,0,0,0,0,0,0,0.0011,0.0374,0.0566,0.0046,0.0229,0.0769,0.0393,5.0770,0.0738,0.0000,0.8179,0.0025,0.0001,0.3303,0.0079,0.0046,0.0001
1787,24.1006,0.0000,10.7694,5.1587,,true,0,0.008333,0.0000,0.0000,1.00,0.00,0.0000,22,1,295,295,0,0,100,1,11,11,0,246528,0,295,0,0,800292864,0.000000,0.000000,23.759846,0.00,0,2,4,25,17,20,26,13,24,55,97,12,0,0,0,0,0,0,0.0013,0.0910,0.0480,0.0110,0.0289,0.0969,0.0454,5.1587,0.0672,0.0000,0.8643,0.0040,0.0001,0.3345,0.0099,0.0056,0.0001
1788,24.1113,0.0000,11.0415,5.0593,,true,0,0.008333,0.0000,0.0000,1.00,0.00,0.0000,22,1,295,295,0,0,100,1,11,11,0,246528,0,295,0,0,800292864,0.000000,0.000000,23.759846,0.00,0,2,4,25,17,20,26,13,24,55,97,12,0,0,0,0,0,0,0.0013,0.0437,0.0571,0.0044,0.0259,0.0768,0.0379,5.0593,0.0681,0.0000,0.8015,0.0042,0.0001,0.3033,0.0085,0.0047,0.0001
1789,24.1341,0.0000,10.7069,17.3031,,true,0,0.008333,0.0000,0.0000,1.00,0.00,0.0000,22,1,295,295,0,0,100,1,11,11,0,246528,0,295,0,0,800292864,0.000000,0.000000,23.759846,0.00,0,2,4,25,17,20,26,13,24,55,97,12,0,0,0,0,0,0,0.0014,0.0390,0.1127,0.0042,0.0249,0.0508,0.0351,17.3031,0.0776,0.0000,12.8810,0.0046,0.7994,0.2794,0.0209,0.0050,11.2690
1790,24.1406,0.0000,11.1965,5.2992,,true,0,0.008333,0.0000,0.0000,1.00,0.00,0.0000,22,1,295,295,0,0,100,1,11,11,0,246528,0,295,0,0,800292864,0.000000,0.000000,23.759846,0.00,0,2,4,25,17,20,26,13,24,55,97,12,0,0,0,0,0,0,0.0062,0.0648,0.0425,0.0105,0.0287,0.0904,0.0718,5.2992,0.0504,0.0000,0.9244,0.0016,0.0001,0.3736,0.0121,0.0022,0.0001
1791,24.1471,0.0000,13.7458,4.9915,,true,0,0.008333,0.0000,0.0000,1.00,0.00,0.0000,22,1,295,295,0,0,100,1,11,11,0,246528,0,295,0,0,800292864,0.000000,0.000000,23.759846,0.00,0,2,4,25,17,20,26,13,24,55,97,12,0,0,0,0,0,0,0.0010,0.0396,0.0479,0.0040,0.0202,0.0788,0.0390,4.9915,0.0488,0.0000,0.7956,0.0043,0.0001,0.3061,0.0101,0.0069,0.0001
1792,24.1561,0.0000,8.9766,5.2284,,true,0,0.008333,0.0000,0.0000,1.00,0.00,0.0000,22,1,295,295,0,0,100,1,11,11,0,246528,0,295,0,0,800292864,0.000000,0.000000,23.759846,0.00,0,2,4,25,17,20,26,13,24,55,97,12,0,0,0,0,0,0,0.0014,0.0516,0.1055,0.0040,0.0210,0.0567,0.0369,5.2284,0.1003,0.0000,0.7905,0.0042,0.0001,0.3021,0.0092,0.0057,0.0001
1793,24.1694,0.0000,12.9378,5.1408,,true,0,0.008333,0.0000,0.0000,1.00,0.00,0.0000,22,1,295,295,0,0,100,1,11,11,0,246528,0,295,0,0,800292864,0.000000,0.000000,23.759846,0.00,0,2,4,25,17,20,26,13,24,55,97,12,0,0,0,0,0,0,0.0019,0.0402,0.0648,0.0049,0.0232,0.0766,0.0374,5.1408,0.0717,0.0000,0.8041,0.0047,0.0001,0.2882,0.0111,0.0054,0.0002
1794,24.1797,0.0000,10.6834,5.0262,,true,0,0.008333,0.0000,0.0000,1.00,0.00,0.0000,22,1,295,295,0,0,100,1,11,11,0,246528,0,295,0,0,800292864,0.000000,0.000000,23.759846,0.00,0,2,4,25,17,20,26,13,24,55,97,12,0,0,0,0,0,0,0.0012,0.0413,0.0446,0.0040,0.0175,0.0577,0.0405,5.0262,0.0710,0.0000,0.8038,0.0040,0.0001,0.2968,0.0095,0.0055,0.0001
1795,24.1909,0.0000,11.1844,5.2809,,true,0,0.008333,0.0000,0.0000,1.00,0.00,0.0000,22,1,295,295,0,0,100,1,11,11,0,246528,0,295,0,0,800292864,0.000000,0.000000,23.759846,0.00,0,2,4,25,17,20,26,13,24,55,97,12,0,0,0,0,0,0,0.0012,0.0434,0.0554,0.0046,0.0218,0.0828,0.0403,5.2809,0.0764,0.0000,0.7704,0.0036,0.0001,0.3000,0.0105,0.0053,0.0001
1796,24.2029,0.0000,12.0169,4.9720,,true,0,0.008333,0.0000,0.0000,1.00,0.00,0.0000,22,1,295,295,0,0,100,1,11,11,0,246528,0,295,0,0,800292864,0.000000,0.000000,23.759846,0.00,0,2,4,25,17,20,26,13,24,55,97,12,0,0,0,0,0,0,0.0023,0.0464,0.0495,0.0055,0.0245,0.0803,0.0377,4.9720,0.0660,0.0000,0.7722,0.0017,0.0001,0.3112,0.0082,0.0019,0.0001
1797,24.2141,0.0000,11.0820,5.1620,,true,0,0.008333,0.0000,0.0000,1.00,0.00,0.0000,22,1,295,295,0,0,100,1,11,11,0,246528,0,295,0,0,800292864,0.000000,0.000000,23.759846,0.00,0,2,4,25,17,20,26,13,24,55,97,12,0,0,0,0,0,0,0.0019,0.0421,0.0896,0.0064,0.0362,0.0722,0.0481,5.1620,0.0703,0.0000,0.8034,0.0051,0.0001,0.3145,0.0084,0.0050,0.0001
1798,24.2240,0.0000,10.2961,4.8273,,true,0,0.008333,0.0000,0.0000,1.00,0.00,0.0000,22,1,295,295,0,0,100,1,11,11,0,246528,0,295,0,0,800292864,0.000000,0.000000,23.759846,0.00,0,2,4,25,17,20,26,13,24,55,97,12,0,0,0,0,0,0,0.0014,0.0404,0.0568,0.0042,0.0186,0.0701,0.0390,4.8273,0.0744,0.0000,0.8099,0.0024,0.0001,0.3137,0.0099,0.0060,0.0001
1799,24.2359,0.0000,11.3052,5.2616,,true,0,0.008333,0.0000,0.0000,1.00,0.00,0.0000,22,1,295,295,0,0,100,1,11,11,0,246528,0,295,0,0,800292864,0.000000,0.000000,23.759846,0.00,0,2,4,25,17,20,26,13,24,55,97,12,0,0,0,0,0,0,0.0016,0.0490,0.0579,0.0139,0.0168,0.0706,0.0401,5.2616,0.0721,0.0000,0.8031,0.0022,0.0001,0.3117,0.0087,0.0026,0.0001
1800,24.2464,0.0000,11.0653,4.8794,,true,0,0.008333,0.0000,0.0000,1.00,0.00,0.0000,22,1,295,295,0,0,100,1,11,11,0,246528,0,295,0,0,800292864,0.000000,0.000000,23.759846,0.00,0,2,4,25,17,20,26,13,24,55,97,12,0,0,0,0,0,0,0.0012,0.0441,0.0533,0.0031,0.0175,0.0556,0.0594,4.8794,0.0750,0.0000,0.7945,0.0025,0.0001,0.2995,0.0085,0.0058,0.0001
1801,24.2601,0.0000,10.2828,8.1803,,true,0,0.008333,0.0000,0.0000,1.00,0.00,0.0000,22,1,295,295,0,0,100,1,11,11,0,246528,0,295,0,0,800292864,0.000000,0.000000,23.759846,0.00,0,2,4,25,17,20,26,13,24,55,97,12,0,0,0,0,0,0,0.0014,0.0443,0.1255,0.0033,0.0179,0.0745,0.0402,8.1803,0.1677,0.0000,1.3318,0.0044,0.0001,0.5806,0.0357,0.0050,0.0001
1802,24.2725,0.0000,14.7531,5.7579,,true,0,0.008333,0.0000,0.0000,1.00,0.00,0.0000,22,1,295,295,0,0,100,1,11,11,0,246528,0,295,0,0,800292864,0.000000,0.000000,23.759846,0.00,0,2,4,25,17,20,26,13,24,55,97,12,0,0,0,0,0,0,0.0023,0.0405,0.0487,0.0046,0.0205,0.0839,0.0360,5.7579,0.0582,0.0000,0.7634,0.0032,0.0001,0.2991,0.0060,0.0025,0.0001
1803,24.2800,0.0000,8.6890,4.8001,,true,0,0.008333,0.0000,0.0000,1.00,0.00,0.0000,22,1,295,295,0,0,100,1,11,11,0,246528,0,295,0,0,800292864,0.000000,0.000000,23.759846,0.00,0,2,4,25,17,20,26,13,24,55,97,12,0,0,0,0,0,0,0.0011,0.0411,0.0530,0.0047,0.0389,0.0653,0.0367,4.8001,0.0671,0.0000,0.7856,0.0040,0.0001,0.3120,0.0087,0.0048,0.0001
1804,24.2913,0.0000,11.1736,4.8881,,true,0,0.008333,0.0000,0.0000,1.00,0.00,0.0000,22,1,295,295,0,0,100,1,11,11,0,246528,0,295,0,0,800292864,0.000000,0.000000,23.759846,0.00,0,2,4,25,17,20,26,13,24,55,97,12,0,0,0,0,0,0,0.0010,0.0426,0.0587,0.0048,0.0241,0.0755,0.0311,4.8881,0.0703,0.0000,0.7981,0.0033,0.0001,0.3067,0.0055,0.0061,0.0001
1805,24.3035,0.0000,12.1306,4.9008,,true,0,0.008333,0.0000,0.0000,1.00,0.00,0.0000,22,1,295,295,0,0,100,1,11,11,0,246528,0,295,0,0,800292864,0.000000,0.000000,23.759846,0.00,0,2,4,25,17,20,26,13,24,55,97,12,0,0,0,0,0,0,0.0012,0.0364,0.0551,0.0041,0.0227,0.0723,0.0352,4.9008,0.0783,0.0000,0.7843,0.0035,0.0001,0.2987,0.0092,0.0052,0.0001
1806,24.3140,0.0000,10.5510,4.9749,,true,0,0.008333,0.0000,0.0000,1.00,0.00,0.0000,22,1,295,295,0,0,100,1,11,11,0,246528,0,295,0,0,800292864,0.000000,0.000000,23.759846,0.00,0,2,4,25,17,20,26,13,24,55,97,12,0,0,0,0,0,0,0.0019,0.0485,0.0879,0.0046,0.0200,0.0622,0.0409,4.9749,0.0643,0.0000,0.7967,0.0035,0.0001,0.3140,0.0086,0.0048,0.0001
1807,24.3250,0.0000,10.7952,5.2175,,true,0,0.008333,0.0000,0.0000,1.00,0.00,0.0000,22,1,295,295,0,0,100,1,11,11,0,246528,0,295,0,0,800292864,0.000000,0.000000,23.759846,0.00,0,2,4,25,17,20,26,13,24,55,97,12,0,0,0,0,0,0,0.0163,0.0451,0.0539,0.0047,0.0239,0.0666,0.1081,5.2175,0.0717,0.0000,0.8171,0.0034,0.0001,0.3182,0.0090,0.0053,0.0001
1808,24.3358,0.0000,11.1060,4.8520,,true,0,0.008333,0.0000,0.0000,1.00,0.00,0.0000,22,1,295,295,0,0,100,1,11,11,0,246528,0,295,0,0,800292864,0.000000,0.000000,24.065019,0.00,0,2,4,25,17,20,26,13,24,55,97,12,0,0,0,0,0,0,0.0017,0.0374,0.0590,0.0048,0.0204,0.2375,0.0338,4.8520,0.0570,0.0000,0.7861,0.0040,0.0001,0.3125,0.0075,0.0041,0.0001
1809,24.3462,0.0000,10.4273,4.8683,,true,0,0.008333,0.0000,0.0000,1.00,0.00,0.0000,22,1,295,295,0,0,100,1,11,11,0,246528,0,295,0,0,800292864,0.000000,0.000000,24.065019,0.00,0,2,4,25,17,20,26,13,24,55,97,12,0,0,0,0,0,0,0.0024,0.0426,0.0583,0.0060,0.0249,0.0851,0.0444,4.8683,0.0691,0.0000,0.8241,0.0040,0.0001,0.3054,0.0078,0.0071,0.0001
1810,24.3571,0.0000,10.6124,5.2741,,true,0,0.008333,0.0000,0.0000,1.00,0.00,0.0000,22,1,295,295,0,0,100,1,11,11,0,246528,0,295,0,0,800292864,0.000000,0.000000,24.065019,0.00,0,2,4,25,17,20,26,13,24,55,97,12,0,0,0,0,0,0,0.0022,0.0552,0.0643,0.0048,0.0216,0.0645,0.0470,5.2741,0.0740,0.0000,0.8310,0.0034,0.0001,0.3160,0.0087,0.0057,0.0001
1811,24.3704,0.0000,12.3251,5.9329,,true,0,0.008333,0.0000,0.0000,1.00,0.00,0.0000,22,1,295,295,0,0,100,1,11,11,0,246528,0,295,0,0,800292864,0.000000,0.000000,24.065019,0.00,0,2,4,25,17,20,26,13,24,55,97,12,0,0,0,0,0,0,0.0017,0.0496,0.0767,0.0048,0.0254,0.1110,0.0369,5.9329,0.0748,0.0000,0.8426,0.0041,0.0001,0.3309,0.0086,0.0055,0.0001
1812,24.3807,0.0000,11.2528,5.1546,,true,0,0.008333,0.0000,0.0000,1.00,0.00,0.0000,22,1,295,295,0,0,100,1,11,11,0,246528,0,295,0,0,800292864,0.000000,0.000000,24.065019,0.00,0,2,4,25,17,20,26,13,24,55,97,12,0,0,0,0,0,0,0.0009,0.0340,0.0537,0.0038,0.0195,0.0777,0.0345,5.1546,0.0764,0.0000,0.7232,0.0040,0.0001,0.2818,0.0067,0.0044,0.0002
1813,24.3924,0.0000,11.1416,5.3749,,true,0,0.008333,0.0000,0.0000,1.00,0.00,0.0000,22,1,295,295,0,0,100,1,11,11,0,246528,0,295,0,0,800292864,0.000000,0.000000,24.065019,0.00,0,2,4,25,17,20,26,13,24,55,97,12,0,0,0,0,0,0,0.0009,0.0437,0.0367,0.0062,0.0238,0.0877,0.0453,5.3749,0.0998,0.0000,0.7909,0.0029,0.0001,0.2788,0.0084,0.0057,0.0001
1814,24.4040,0.0000,11.7367,5.3102,,true,0,0.008333,0.0000,0.0000,1.00,0.00,0.0000,22,1,295,295,0,0,100,1,11,11,0,246528,0,295,0,0,800292864,0.000000,0.000000,24.065019,0.00,0,2,4,25,17,20,26,13,24,55,97,12,0,0,0,0,0,0,0.0011,0.0369,0.0541,0.0043,0.0238,0.0837,0.0295,5.3102,0.0641,0.0000,0.8197,0.0031,0.0001,0.3118,0.0103,0.0051,0.0001
1815,24.4154,0.0000,11.8231,5.0080,,true,0,0.008333,0.0000,0.0000,1.00,0.00,0.0000,22,1,295,295,0,0,100,1,11,11,0,246528,0,295,0,0,800292864,0.000000,0.000000,24.065019,0.00,0,2,4,25,17,20,26,13,24,55,97,12,0,0,0,0,0,0,0.0023,0.0356,0.0552,0.0059,0.0552,0.0596,0.0393,5.0080,0.0639,0.0000,0.7611,0.0138,0.0001,0.2898,0.0095,0.0047,0.0001
1816,24.4271,0.0000,11.7173,4.9443,,true,0,0.008333,0.0000,0.0000,1.00,0.00,0.0000,22,1,295,295,0,0,100,1,11,11,0,246528,0,295,0,0,800292864,0.000000,0.000000,24.065019,0.00,0,2,4,25,17,20,26,13,24,55,97,12,0,0,0,0,0,0,0.0016,0.0429,0.0568,0.0045,0.0214,0.0685,0.0417,4.9443,0.0746,0.0000,0.8056,0.0031,0.0001,0.2985,0.0099,0.0057,0.0001
1817,24.4389,0.0000,11.7094,4.9262,,true,0,0.008333,0.0000,0.0000,1.00,0.00,0.0000,22,1,295,295,0,0,100,1,11,11,0,246528,0,295,0,0,800292864,0.000000,0.000000,24.065019,0.00,0,2,4,25,17,20,26,13,24,55,97,12,0,0,0,0,0,0,0.0016,0.0440,0.0480,0.0045,0.0268,0.0682,0.0386,4.9262,0.0647,0.0000,0.8707,0.0029,0.0001,0.4151,0.0075,0.0043,0.0001
1818,24.4490,0.0000,10.2691,5.0384,,true,0,0.008333,0.0000,0.0000,1.00,0.00,0.0000,22,1,295,295,0,0,100,1,11,11,0,246528,0,295,0,0,800292864,0.000000,0.000000,24.065019,0.00,0,2,4,25,17,20,26,13,24,55,97,12,0,0,0,0,0,0,0.0020,0.0350,0.0540,0.0066,0.0227,0.0623,0.0440,5.0384,0.0576,0.0000,0.7494,0.0030,0.0001,0.3079,0.0056,0.0036,0.0001
1819,24.4611,0.0000,11.7225,5.1586,,true,0,0.008333,0.0000,0.0000,1.00,0.00,0.0000,22,1,295,295,0,0,100,1,11,11,0,246528,0,295,0,0,800292864,0.000000,0.000000,24.065019,0.00,0,2,4,25,17,20,26,13,24,55,97,12,0,0,0,0,0,0,0.0021,0.0421,0.0503,0.0045,0.0196,0.0720,0.0407,5.1586,0.0606,0.0000,0.7448,0.0037,0.0001,0.2899,0.0082,0.0034,0.0001
1820,24.4736,0.0000,11.9440,5.6669,,true,0,0.008333,0.0000,0.0000,1.00,0.00,0.0000,22,1,295,295,0,0,100,1,11,11,0,246528,0,295,0,0,800292864,0.000000,0.000000,24.065019,0.00,0,2,4,25,17,20,26,13,24,55,97,12,0,0,0,0,0,0,0.0015,0.0257,0.0718,0.0034,0.0184,0.0792,0.0342,5.6669,0.0769,0.0000,0.9710,0.0035,0.0001,0.4226,0.0115,0.0052,0.0001
1821,24.4845,0.0000,11.4537,5.1037,,true,0,0.008333,0.0000,0.0000,1.00,0.00,0.0000,22,1,295,295,0,0,100,1,11,11,0,246528,0,295,0,0,800292864,0.000000,0.000000,24.065019,0.00,0,2,4,25,17,20,26,13,24,55,97,12,0,0,0,0,0,0,0.0018,0.0732,0.0485,0.0027,0.0170,0.0754,0.0425,5.1037,0.0620,0.0000,0.7719,0.0035,0.0001,0.2856,0.0076,0.0050,0.0001
1822,24.4959,0.0000,11.4388,5.1586,,true,0,0.008333,0.0000,0.0000,1.00,0.00,0.0000,22,1,295,295,0,0,100,1,11,11,0,246528,0,295,0,0,800292864,0.000000,0.000000,24.065019,0.00,0,2,4,25,17,20,26,13,24,55,97,12,0,0,0,0,0,0,0.0015,0.0525,0.0596,0.0051,0.0313,0.0990,0.0425,5.1586,0.0701,0.0000,0.8221,0.0044,0.0001,0.3148,0.0101,0.0053,0.0001
1823,24.5068,0.0000,11.0832,5.0671,,true,0,0.008333,0.0000,0.0000,1.00,0.00,0.0000,22,1,295,295,0,0,100,1,11,11,0,246528,0,295,0,0,800292864,0.000000,0.000000,24.065019,0.00,0,2,4,25,17,20,26,13,24,55,97,12,0,0,0,0,0,0,0.0017,0.0372,0.0596,0.0045,0.0240,0.0737,0.0324,5.0671,0.0638,0.0000,0.7926,0.0038,0.0001,0.3026,0.0084,0.0061,0.0001
1824,24.5175,0.0000,10.8042,4.9982,,true,0,0.008333,0.0000,0.0000,1.00,0.00,0.0000,22,1,295,295,0,0,100,1,11,11,0,246528,0,295,0,0,800292864,0.000000,0.000000,24.065019,0.00,0,2,4,25,17,20,26,13,24,55,97,12,0,0,0,0,0,0,0.0013,0.0386,0.0375,0.0121,0.0232,0.0740,0.0353,4.9982,0.0615,0.0000,0.7257,0.0037,0.0001,0.2859,0.0076,0.0054,0.0002
1825,24.5281,0.0000,10.9636,4.6015,,true,0,0.008333,0.0000,0.0000,1.00,0.00,0.0000,22,1,295,295,0,0,100,1,11,11,0,246528,0,295,0,0,800292864,0.000000,0.000000,24.065019,0.00,0,2,4,25,17,20,26,13,24,55,97,12,0,0,0,0,0,0,0.0017,0.0451,0.0450,0.0041,0.0180,0.0526,0.0368,4.6015,0.0543,0.0000,0.7188,0.0020,0.0001,0.2832,0.0090,0.0029,0.0001
1826,24.5387,0.0000,10.5570,4.8064,,true,0,0.008333,0.0000,0.0000,1.00,0.00,0.0000,22,1,295,295,0,0,100,1,11,11,0,246528,0,295,0,0,800292864,0.000000,0.000000,24.065019,0.00,0,2,4,25,17,20,26,13,24,55,97,12,0,0,0,0,0,0,0.0012,0.0448,0.0578,0.0176,0.0228,0.0630,0.0387,4.8064,0.0613,0.0000,0.7842,0.0031,0.0001,0.3122,0.0086,0.0044,0.0001
1827,24.5505,0.0000,10.7959,5.6693,,true,0,0.008333,0.0000,0.0000,1.00,0.00,0.0000,22,1,295,295,0,0,100,1,11,11,0,246528,0,295,0,0,800292864,0.000000,0.000000,24.065019,0.00,0,2,4,25,17,20,26,13,24,55,97,12,0,0,0,0,0,0,0.0017,0.0594,0.0761,0.0049,0.0284,0.0874,0.0426,5.6693,0.0845,0.0000,1.2089,0.0066,0.0001,0.4670,0.0141,0.0055,0.0001
1828,24.5625,0.0000,10.9928,6.5720,,true,0,0.008333,0.0000,0.0000,1.00,0.00,0.0000,22,1,295,295,0,0,100,1,11,11,0,246528,0,295,0,0,800292864,0.000000,0.000000,24.065019,0.00,0,2,4,25,17,20,26,13,24,55,97,12,0,0,0,0,0,0,0.0012,0.0407,0.0590,0.0046,0.0224,0.0718,0.0345,6.5720,0.0910,0.0000,0.7967,0.0032,0.0001,0.3128,0.0082,0.0059,0.0001
1829,24.5764,0.0000,13.4749,6.8106,,true,0,0.008333,0.0000,0.0000,1.00,0.00,0.0000,22,1,295,295,0,0,100,1,11,11,0,246528,0,295,0,0,800292864,0.000000,0.000000,24.065019,0.00,0,2,4,25,17,20,26,13,24,55,97,12,0,0,0,0,0,0,0.0014,0.0485,0.1606,0.0048,0.0237,0.0795,0.0441,6.8106,0.1256,0.0000,1.1322,0.0046,0.0001,0.5447,0.0111,0.0072,0.0001
1830,24.5882,0.0000,12.5841,6.0569,,true,0,0.008333,0.0000,0.0000,1.00,0.00,0.0000,22,1,295,295,0,0,100,1,11,11,0,246528,0,295,0,0,800292864,0.000000,0.000000,24.065019,0.00,0,2,4,25,17,20,26,13,24,55,97,12,0,0,0,0,0,0,0.0013,0.0524,0.0609,0.0067,0.0291,0.0948,0.0413,6.0569,0.0772,0.0000,0.8283,0.0041,0.0001,0.3231,0.0093,0.0032,0.0001
1831,24.6006,0.0000,12.7966,5.8569,,true,0,0.008333,0.0000,0.0000,1.00,0.00,0.0000,22,1,295,295,0,0,100,1,11,11,0,246528,0,295,0,0,800309248,0.000000,0.000000,24.065019,0.00,0,2,4,25,17,20,26,13,24,55,97,12,0,0,0,0,0,0,0.0050,0.0484,0.0553,0.0046,0.0257,0.0748,0.0362,5.8569,0.0734,0.0000,0.8308,0.0040,0.0001,0.3162,0.0109,0.0059,0.0001
1832,24.6124,0.0000,12.0655,5.3967,,true,0,0.008333,0.0000,0.0000,1.00,0.00,0.0000,22,1,295,295,0,0,100,1,11,11,0,246528,0,295,0,0,800309248,0.000000,0.000000,24.065019,0.00,0,2,4,25,17,20,26,13,24,55,97,12,0,0,0,0,0,0,0.0020,0.0409,0.0745,0.0041,0.0221,0.0833,0.0361,5.3967,0.0830,0.0000,0.8795,0.0035,0.0001,0.3419,0.0100,0.0051,0.0001
1833,24.6279,0.0000,14.6514,5.9822,,true,0,0.008333,0.0000,0.0000,1.00,0.00,0.0000,22,1,295,295,0,0,100,1,11,11,0,246528,0,295,0,0,800309248,0.000000,0.000000,24.065019,0.00,0,2,4,25,17,20,26,13,24,55,97,12,0,0,0,0,0,0,0.0011,0.0494,0.0590,0.0023,0.0213,0.0931,0.0385,5.9822,0.0776,0.0000,0.8130,0.0038,0.0001,0.3079,0.0099,0.0058,0.0001
1834,24.6415,0.0000,13.3718,6.0187,,true,0,0.008333,0.0000,0.0000,1.00,0.00,0.0000,22,1,295,295,0,0,100,1,11,11,0,246528,0,295,0,0,800309248,0.000000,0.000000,24.370149,0.00,0,2,4,25,17,20,26,13,24,55,97,12,0,0,0,0,0,0,0.0021,0.0467,0.0630,0.0061,0.0252,0.2871,0.0362,6.0187,0.0758,0.0000,0.8270,0.0038,0.0001,0.2988,0.0084,0.0057,0.0001
1835,24.6577,0.0000,15.2687,7.3283,,true,0,0.008333,0.0000,0.0000,1.00,0.00,0.0000,22,1,295,295,0,0,100,1,11,11,0,246528,0,295,0,0,800309248,0.000000,0.000000,24.370149,0.00,0,2,4,25,17,20,26,13,24,55,97,12,0,0,0,0,0,0,0.0028,0.0513,0.0641,0.0055,0.0287,0.0817,0.0408,7.3283,0.0672,0.0000,0.8747,0.0035,0.0001,0.3016,0.0083,0.0068,0.0001
1836,24.6728,0.0000,12.7911,9.0656,,true,0,0.008333,0.0000,0.0000,1.00,0.00,0.0000,22,1,295,295,0,0,100,1,11,11,0,246528,0,295,0,0,800309248,0.000000,0.000000,24.370149,0.00,0,2,4,25,17,20,26,13,24,55,97,12,0,0,0,0,0,0,0.0020,0.0596,0.0618,0.0051,0.0282,0.1086,0.0326,9.0656,0.0686,0.0000,0.8547,0.0036,0.0001,0.3088,0.0099,0.0057,0.0001
1837,24.6865,0.0000,14.0443,8.4189,,true,0,0.008333,0.0000,0.0000,1.00,0.00,0.0000,22,1,295,295,0,0,100,1,11,11,0,246528,0,295,0,0,800309248,0.000000,0.000000,24.370149,0.00,0,2,4,25,17,20,26,13,24,55,97,12,0,0,0,0,0,0,0.0022,0.0430,0.1155,0.0057,0.0250,0.0838,0.0369,8.4189,0.0695,0.0000,1.2922,0.0059,0.0001,0.3904,0.0261,0.0065,0.0007
1838,24.7035,0.0000,19.2942,6.9270,,true,0,0.008333,0.0000,0.0000,1.00,0.00,0.0000,22,1,295,295,0,0,100,1,11,11,0,246528,0,295,0,0,800309248,0.000000,0.000000,24.370149,0.00,0,2,4,25,17,20,26,13,24,55,97,12,0,0,0,0,0,0,0.0012,0.0449,0.1204,0.0042,0.0258,0.0664,0.0342,6.9270,0.1021,0.0000,1.1649,0.0143,0.0001,0.3284,0.0106,0.0194,0.0004
1839,24.7117,0.0000,8.8690,6.5068,,true,0,0.008333,0.0000,0.0000,1.00,0.00,0.0000,22,1,295,295,0,0,100,1,11,11,0,246528,0,295,0,0,800309248,0.000000,0.000000,24.370149,0.00,0,2,4,25,17,20,26,13,24,55,97,12,0,0,0,0,0,0,0.0014,0.0493,0.0860,0.0060,0.0249,0.1283,0.0380,6.5068,0.0785,0.0000,1.0183,0.0043,0.0001,0.3326,0.0308,0.0053,0.0002
1840,24.7247,0.0000,13.8767,5.4542,,true,0,0.008333,0.0000,0.0000,1.00,0.00,0.0000,22,1,295,295,0,0,100,1,11,11,0,246528,0,295,0,0,800309248,0.000000,0.000000,24.370149,0.00,0,2,4,25,17,20,26,13,24,55,97,12,0,0,0,0,0,0,0.0024,0.0464,0.0637,0.0055,0.0256,0.0925,0.0423,5.4542,0.0773,0.0000,0.8422,0.0048,0.0001,0.3123,0.0102,0.0057,0.0001
1841,24.7388,0.0000,13.9305,5.9634,,true,0,0.008333,0.0000,0.0000,1.00,0.00,0.0000,22,1,295,295,0,0,100,1,11,11,0,246528,0,295,0,0,800309248,0.000000,0.000000,24.370149,0.00,0,2,4,25,17,20,26,13,24,55,97,12,0,0,0,0,0,0,0.0013,0.0547,0.0593,0.0046,0.0239,0.0788,0.0391,5.9634,0.0755,0.0000,0.8344,0.0036,0.0001,0.3051,0.0102,0.0049,0.0001
1842,24.7529,0.0000,13.6064,6.3327,,true,0,0.008333,0.0000,0.0000,1.00,0.00,0.0000,22,1,295,295,0,0,100,1,11,11,0,246528,0,295,0,0,800309248,0.000000,0.000000,24.370149,0.00,0,2,4,25,17,20,26,13,24,55,97,12,0,0,0,0,0,0,0.0021,0.0568,0.0638,0.0084,0.0284,0.0964,0.0446,6.3327,0.0722,0.0000,0.8241,0.0043,0.0001,0.3102,0.0089,0.0052,0.0001
1843,24.7656,0.0000,12.7035,6.0898,,true,0,0.008333,0.0000,0.0000,1.00,0.00,0.0000,22,1,295,295,0,0,100,1,11,11,0,246528,0,295,0,0,800309248,0.000000,0.000000,24.370149,0.00,0,2,4,25,17,20,26,13,24,55,97,12,0,0,0,0,0,0,0.0014,0.0606,0.0726,0.0064,0.0235,0.0731,0.0421,6.0898,0.0876,0.0000,0.9148,0.0053,0.0001,0.3375,0.0128,0.0054,0.0001
1844,24.7828,0.0000,15.2112,7.9268,,true,0,0.008333,0.0000,0.0000,1.00,0.00,0.0000,22,1,295,295,0,0,100,1,11,11,0,246528,0,295,0,0,800309248,0.000000,0.000000,24.370149,0.00,0,2,4,25,17,20,26,13,24,55,97,12,0,0,0,0,0,0,0.0013,0.0452,0.0609,0.0047,0.0253,0.1003,0.0395,7.9268,0.0637,0.0000,0.8250,0.0049,0.0001,0.3090,0.0095,0.0058,0.0001
1845,24.7931,0.0000,12.3822,6.1649,,true,0,0.008333,0.0000,0.0000,1.00,0.00,0.0000,22,1,295,295,0,0,100,1,11,11,0,246528,0,295,0,0,800309248,0.000000,0.000000,24.370149,0.00,0,2,4,25,17,20,26,13,24,55,97,12,0,0,0,0,0,0,0.0014,0.0485,0.0555,0.0050,0.0245,0.0973,0.0372,6.1649,0.0693,0.0000,0.8180,0.0038,0.0001,0.3028,0.0075,0.0053,0.0001
1846,24.8078,0.0000,13.4680,6.9707,,true,0,0.008333,0.0000,0.0000,1.00,0.00,0.0000,22,1,295,295,0,0,100,1,11,11,0,246528,0,295,0,0,800309248,0.000000,0.000000,24.370149,0.00,0,2,4,25,17,20,26,13,24,55,97,12,0,0,0,0,0,0,0.0023,0.0533,0.0620,0.0081,0.0534,0.1394,0.0413,6.9707,0.0764,0.0000,0.8270,0.0045,0.0001,0.3054,0.0075,0.0059,0.0001
1847,24.8211,0.0000,13.3991,7.2632,,true,0,0.008333,0.0000,0.0000,1.00,0.00,0.0000,22,1,295,295,0,0,100,1,11,11,0,246528,0,295,0,0,800309248,0.000000,0.000000,24.370149,0.00,0,2,4,25,17,20,26,13,24,55,97,12,0,0,0,0,0,0,0.0123,0.1072,0.0855,0.0060,0.0263,0.0840,0.0839,7.2632,0.0700,0.0000,1.1259,0.0087,0.0001,0.2962,0.0168,0.0126,0.0001
1848,24.8314,0.0000,11.9448,5.8301,,true,0,0.008333,0.0000,0.0000,1.00,0.00,0.0000,22,1,295,295,0,0,100,1,11,11,0,246528,0,295,0,0,800309248,0.000000,0.000000,24.370149,0.00,0,2,4,25,17,20,26,13,24,55,97,12,0,0,0,0,0,0,0.0012,0.0440,0.0571,0.0056,0.0189,0.0726,0.0578,5.8301,0.0792,0.0000,0.8041,0.0036,0.0001,0.3026,0.0082,0.0062,0.0001
1849,24.8475,0.0000,13.7582,7.8733,,true,0,0.008333,0.0000,0.0000,1.00,0.00,0.0000,22,1,295,295,0,0,100,1,11,11,0,246528,0,295,0,0,800309248,0.000000,0.000000,24.370149,0.00,0,2,4,25,17,20,26,13,24,55,97,12,0,0,0,0,0,0,0.0014,0.0402,0.0678,0.0056,0.0260,0.0741,0.0430,7.8733,0.0887,0.0000,0.8202,0.0035,0.0001,0.3240,0.0087,0.0049,0.0001
1850,24.8617,0.0000,13.1432,8.9351,,true,0,0.008333,0.0000,0.0000,1.00,0.00,0.0000,22,1,295,295,0,0,100,1,11,11,0,246528,0,295,0,0,800309248,0.000000,0.000000,24.370149,0.00,0,2,4,25,17,20,26,13,24,55,97,12,0,0,0,0,0,0,0.0014,0.0626,0.0830,0.0069,0.0454,0.0898,0.0473,8.9351,0.0763,0.0000,1.3957,0.0163,0.0001,0.3351,0.0470,0.0092,0.0013
1851,24.8871,0.0000,14.9128,19.0728,,true,0,0.008333,0.0000,0.0000,1.00,0.00,0.0000,22,1,295,295,0,0,100,1,11,11,0,246528,0,295,0,0,800309248,0.000000,0.000000,24.370149,0.00,0,2,4,25,17,20,26,13,24,55,97,12,0,0,0,0,0,0,0.0021,0.0680,0.0835,0.0050,0.0249,0.1294,0.0392,19.0728,0.0832,0.0000,12.6391,0.0046,0.7679,0.2795,0.0313,0.0075,10.9950
1852,24.8956,0.0000,13.3534,6.8328,,true,0,0.008333,0.0000,0.0000,1.00,0.00,0.0000,22,1,295,295,0,0,100,1,11,11,0,246528,0,295,0,0,800309248,0.000000,0.000000,24.370149,0.00,0,2,4,25,17,20,26,13,24,55,97,12,0,0,0,0,0,0,0.0036,0.0297,0.0490,0.0074,0.0336,0.1223,0.0325,6.8328,0.0925,0.0000,0.8329,0.0017,0.0001,0.3633,0.0053,0.0029,0.0001
1853,24.9050,0.0000,16.5306,7.1434,,true,0,0.008333,0.0000,0.0000,1.00,0.00,0.0000,22,1,295,295,0,0,100,1,11,11,0,246528,0,295,0,0,800309248,0.000000,0.000000,24.370149,0.00,0,2,4,25,17,20,26,13,24,55,97,12,0,0,0,0,0,0,0.0010,0.0453,0.0962,0.0091,0.0296,0.0834,0.0306,7.1434,0.1329,0.0000,1.1085,0.0039,0.0001,0.5339,0.0453,0.0053,0.0001
1854,24.9163,0.0000,12.0024,6.6731,,true,0,0.008333,0.0000,0.0000,1.00,0.00,0.0000,22,1,295,295,0,0,100,1,11,11,0,246528,0,295,0,0,800366592,0.000000,0.000000,24.370149,0.00,0,2,4,25,17,20,26,13,24,55,97,12,0,0,0,0,0,0,0.0058,0.0690,0.0562,0.0043,0.0212,0.0703,0.0378,6.6731,0.0694,0.0000,0.9714,0.0057,0.0001,0.3809,0.0121,0.0054,0.0002
1855,24.9306,0.0000,13.1882,7.5712,,true,0,0.008333,0.0000,0.0000,1.00,0.00,0.0000,22,1,295,295,0,0,100,1,11,11,0,246528,0,295,0,0,800366592,0.000000,0.000000,24.370149,0.00,0,2,4,25,17,20,26,13,24,55,97,12,0,0,0,0,0,0,0.0016,0.0482,0.0489,0.0066,0.0253,0.0859,0.0382,7.5712,0.0855,0.0000,0.7992,0.0046,0.0001,0.2922,0.0065,0.0061,0.0001
1856,24.9407,0.0000,12.4896,5.4298,,true,0,0.008333,0.0000,0.0000,1.00,0.00,0.0000,22,1,295,295,0,0,100,1,11,11,0,246528,0,295,0,0,800366592,0.000000,0.000000,24.370149,0.00,0,2,4,25,17,20,26,13,24,55,97,12,0,0,0,0,0,0,0.0014,0.0406,0.0595,0.0047,0.0253,0.1225,0.0381,5.4298,0.0732,0.0000,0.8067,0.0047,0.0001,0.3067,0.0088,0.0056,0.0001
1857,24.9594,0.0000,14.1771,10.0288,,true,0,0.008333,0.0000,0.0000,1.00,0.00,0.0000,22,1,295,295,0,0,100,1,11,11,0,246528,0,295,0,0,800366592,0.000000,0.000000,24.676022,0.00,0,2,4,25,17,20,26,13,24,55,97,12,0,0,0,0,0,0,0.0021,0.2060,0.0931,0.0055,0.0341,0.3195,0.0446,10.0288,0.1259,0.0000,0.8345,0.0045,0.0001,0.3240,0.0048,0.0058,0.0001
1858,24.9757,0.0000,16.3415,9.0750,,true,0,0.008333,0.0000,0.0000,1.00,0.00,0.0000,22,1,295,295,0,0,100,1,11,11,0,246528,0,295,0,0,800366592,0.000000,0.000000,24.676022,0.00,0,2,4,25,17,20,26,13,24,55,97,12,0,0,0,0,0,0,0.0017,0.0501,0.1606,0.0048,0.0252,0.0917,0.0387,9.0750,0.1405,0.0000,0.9734,0.0059,0.0001,0.4002,0.0091,0.0069,0.0001
1859,24.9933,0.0000,18.6970,8.1064,,true,0,0.008333,0.0000,0.0000,1.00,0.00,0.0000,22,1,295,295,0,0,100,1,11,11,0,246528,0,295,0,0,800366592,0.000000,0.000000,24.676022,0.00,0,2,4,25,17,20,26,13,24,55,97,12,0,0,0,0,0,0,0.0182,0.0753,0.0911,0.0161,0.0720,0.1015,0.0494,8.1064,0.1372,0.0000,1.0297,0.0057,0.0001,0.3804,0.0099,0.0064,0.0001
1860,25.0025,0.0000,11.5850,6.4546,,true,0,0.008333,0.0000,0.0000,1.00,0.00,0.0000,22,1,295,295,0,0,100,1,11,11,0,246528,0,295,0,0,800366592,0.000000,0.000000,24.676022,0.00,0,2,4,25,17,20,26,13,24,55,97,12,0,0,0,0,0,0,0.0014,0.0392,0.0539,0.0048,0.0172,0.1090,0.0336,6.4546,0.0596,0.0000,0.7822,0.0040,0.0001,0.2909,0.0085,0.0053,0.0001
1861,25.0163,0.0000,10.5592,8.7195,,true,0,0.008333,0.0000,0.0000,1.00,0.00,0.0000,22,1,295,295,0,0,100,1,11,11,0,246528,0,295,0,0,800366592,0.000000,0.000000,24.676022,0.00,0,2,4,25,17,20,26,13,24,55,97,12,0,0,0,0,0,0,0.0020,0.0550,0.0981,0.0091,0.0327,0.0983,0.0424,8.7195,0.0758,0.0000,0.8301,0.0041,0.0001,0.2939,0.0118,0.0054,0.0001
1862,25.0289,0.0000,14.8971,7.1464,,true,0,0.008333,0.0000,0.0000,1.00,0.00,0.0000,22,1,295,295,0,0,100,1,11,11,0,246528,0,295,0,0,800366592,0.000000,0.000000,24.676022,0.00,0,2,4,25,17,20,26,13,24,55,97,12,0,0,0,0,0,0,0.0013,0.0464,0.0577,0.0059,0.0258,0.0886,0.0371,7.1464,0.0768,0.0000,0.8459,0.0044,0.0001,0.3085,0.0095,0.0058,0.0001
1863,25.0394,0.0000,12.3376,5.5392,,true,0,0.008333,0.0000,0.0000,1.00,0.00,0.0000,22,1,295,295,0,0,100,1,11,11,0,246528,0,295,0,0,800366592,0.000000,0.000000,24.676022,0.00,0,2,4,25,17,20,26,13,24,55,97,12,0,0,0,0,0,0,0.0018,0.0464,0.0798,0.0065,0.0195,0.0838,0.0349,5.5392,0.0756,0.0000,0.9281,0.0068,0.0001,0.3298,0.0115,0.0093,0.0001
1864,25.0529,0.0000,12.9959,5.8899,,true,0,0.008333,0.0000,0.0000,1.00,0.00,0.0000,22,1,295,295,0,0,100,1,11,11,0,246528,0,295,0,0,800366592,0.000000,0.000000,24.676022,0.00,0,2,4,25,17,20,26,13,24,55,97,12,0,0,0,0,0,0,0.0019,0.0442,0.0615,0.0048,0.0241,0.0849,0.0289,5.8899,0.0676,0.0000,0.7999,0.0031,0.0001,0.3094,0.0082,0.0042,0.0001
1865,25.0629,0.0000,11.4788,5.0125,,true,0,0.008333,0.0000,0.0000,1.00,0.00,0.0000,22,1,295,295,0,0,100,1,11,11,0,246528,0,295,0,0,800366592,0.000000,0.000000,24.676022,0.00,0,2,4,25,17,20,26,13,24,55,97,12,0,0,0,0,0,0,0.0016,0.0452,0.0576,0.0042,0.0223,0.0702,0.0423,5.0125,0.0677,0.0000,0.8122,0.0033,0.0001,0.3167,0.0086,0.0058,0.0001
1866,25.0760,0.0000,11.6528,6.2692,,true,0,0.008333,0.0000,0.0000,1.00,0.00,0.0000,22,1,295,295,0,0,100,1,11,11,0,246528,0,295,0,0,800366592,0.000000,0.000000,24.676022,0.00,0,2,4,25,17,20,26,13,24,55,97,12,0,0,0,0,0,0,0.0017,0.0617,0.0758,0.0045,0.0246,0.0725,0.0428,6.2692,0.1618,0.0000,1.0579,0.0052,0.0001,0.5171,0.0103,0.0059,0.0001
1867,25.0892,0.0000,13.4113,5.9040,,true,0,0.008333,0.0000,0.0000,1.00,0.00,0.0000,22,1,295,295,0,0,100,1,11,11,0,246528,0,295,0,0,800366592,0.000000,0.000000,24.676022,0.00,0,2,4,25,17,20,26,13,24,55,97,12,0,0,0,0,0,0,0.0016,0.0463,0.0828,0.0047,0.0190,0.0816,0.0377,5.9040,0.0761,0.0000,0.7443,0.0035,0.0001,0.2788,0.0083,0.0038,0.0001
1868,25.1024,0.0000,12.0099,6.9781,,true,0,0.008333,0.0000,0.0000,1.00,0.00,0.0000,22,1,295,295,0,0,100,1,11,11,0,246528,0,295,0,0,800366592,0.000000,0.000000,24.676022,0.00,0,2,4,25,17,20,26,13,24,55,97,12,0,0,0,0,0,0,0.0016,0.0401,0.0631,0.0127,0.0196,0.0642,0.0331,6.9781,0.0748,0.0000,0.7992,0.0047,0.0001,0.3192,0.0081,0.0043,0.0002
1869,25.1173,0.0000,14.6041,6.7450,,true,0,0.008333,0.0000,0.0000,1.00,0.00,0.0000,22,1,295,295,0,0,100,1,11,11,0,246528,0,295,0,0,800366592,0.000000,0.000000,24.676022,0.00,0,2,4,25,17,20,26,13,24,55,97,12,0,0,0,0,0,0,0.0015,0.0412,0.0541,0.0050,0.0245,0.0778,0.0378,6.7450,0.0606,0.0000,0.7957,0.0034,0.0001,0.2968,0.0079,0.0045,0.0001
1870,25.1271,0.0000,11.2059,5.9508,,true,0,0.008333,0.0000,0.0000,1.00,0.00,0.0000,22,1,295,295,0,0,100,1,11,11,0,246528,0,295,0,0,800366592,0.000000,0.000000,24.676022,0.00,0,2,4,25,17,20,26,13,24,55,97,12,0,0,0,0,0,0,0.0022,0.0563,0.0704,0.0047,0.0249,0.0813,0.0469,5.9508,0.0806,0.0000,0.8665,0.0050,0.0001,0.3060,0.0096,0.0060,0.0002
1871,25.1405,0.0000,13.8464,5.3490,,true,0,0.008333,0.0000,0.0000,1.00,0.00,0.0000,22,1,295,295,0,0,100,1,11,11,0,246528,0,295,0,0,800366592,0.000000,0.000000,24.676022,0.00,0,2,4,25,17,20,26,13,24,55,97,12,0,0,0,0,0,0,0.0015,0.0441,0.0595,0.0062,0.0260,0.0798,0.0369,5.3490,0.0719,0.0000,0.8048,0.0039,0.0001,0.2986,0.0088,0.0050,0.0001
1872,25.1553,0.0000,12.7962,7.0924,,true,0,0.008333,0.0000,0.0000,1.00,0.00,0.0000,22,1,295,295,0,0,100,1,11,11,0,246528,0,295,0,0,800366592,0.000000,0.000000,24.676022,0.00,0,2,4,25,17,20,26,13,24,55,97,12,0,0,0,0,0,0,0.0019,0.0503,0.1423,0.0040,0.0192,0.0713,0.0395,7.0924,0.1310,0.0000,1.0132,0.0066,0.0001,0.3382,0.0108,0.0056,0.0001
1873,25.1826,0.0000,16.6911,17.5771,,true,0,0.008333,0.0000,0.0000,1.00,0.00,0.0000,22,1,295,295,0,0,100,1,11,11,0,246528,0,295,0,0,800366592,0.000000,0.000000,24.676022,0.00,0,2,4,25,17,20,26,13,24,55,97,12,0,0,0,0,0,0,0.0026,0.1485,0.0657,0.0111,0.0683,0.1596,0.0909,17.5771,0.2512,0.0000,1.4397,0.0093,0.0001,0.4090,0.0073,0.0090,0.0001
1874,25.2035,0.0000,26.2784,11.4850,,true,0,0.008333,0.0000,0.0000,1.00,0.00,0.0000,22,1,295,295,0,0,100,1,11,11,0,246528,0,295,0,0,800366592,0.000000,0.000000,24.676022,0.00,0,2,4,25,17,20,26,13,24,55,97,12,0,0,0,0,0,0,0.0052,0.1174,0.2712,0.0091,0.0404,0.1042,0.0763,11.4850,0.2227,0.0000,1.4980,0.0111,0.0001,0.4588,0.0242,0.0120,0.0001
1875,25.2176,0.0000,14.8849,11.3968,,true,0,0.008333,0.0000,0.0000,1.00,0.00,0.0000,22,1,295,295,0,0,100,1,11,11,0,246528,0,295,0,0,800366592,0.000000,0.000000,24.676022,0.00,0,2,4,25,17,20,26,13,24,55,97,12,0,0,0,0,0,0,0.0019,0.0835,0.0788,0.0129,0.0352,0.1044,0.0502,11.3968,0.0724,0.0000,0.9676,0.0061,0.0001,0.3583,0.0100,0.0068,0.0001
1876,25.2367,0.0000,16.1067,13.9550,,true,0,0.008333,0.0000,0.0000,1.00,0.00,0.0000,22,1,295,295,0,0,100,1,11,11,0,246528,0,295,0,0,800366592,0.000000,0.000000,24.676022,0.00,0,2,4,25,17,20,26,13,24,55,97,12,0,0,0,0,0,0,0.0032,0.1346,0.1461,0.0113,0.0621,0.0994,0.0775,13.9550,0.2398,0.0000,1.6575,0.0129,0.0001,0.4535,0.0220,0.0155,0.0001
1877,25.2573,0.0000,19.4642,14.2817,,true,0,0.008333,0.0000,0.0000,1.00,0.00,0.0000,22,1,295,295,0,0,100,1,11,11,0,246528,0,295,0,0,800366592,0.000000,0.000000,24.982647,0.00,0,2,4,25,17,20,26,13,24,55,97,12,0,0,0,0,0,0,0.0027,0.0698,0.1457,0.0238,0.0349,0.1479,0.0603,14.2817,0.1334,0.0000,1.3692,0.0321,0.0001,0.3921,0.0221,0.0081,0.0001
1878,25.2766,0.0000,20.8638,13.8760,,true,0,0.008333,0.0000,0.0000,1.00,0.00,0.0000,22,1,295,295,0,0,100,1,11,11,0,246528,0,295,0,0,800366592,0.000000,0.000000,24.982647,0.00,0,2,4,25,17,20,26,13,24,55,97,12,0,0,0,0,0,0,0.0140,0.1781,0.1151,0.0338,0.0449,0.3288,0.0866,13.8760,0.0689,0.0000,2.0900,0.0205,0.0001,0.6508,0.0324,0.0172,0.0001
1879,25.2923,0.0000,16.7413,11.5995,,true,0,0.008333,0.0000,0.0000,1.00,0.00,0.0000,22,1,295,295,0,0,100,1,11,11,0,246528,0,295,0,0,814227456,0.000000,0.000000,24.982647,0.00,0,2,4,25,17,20,26,13,24,55,97,12,0,0,0,0,0,0,0.0017,0.0874,0.1139,0.0138,0.0673,0.1609,0.0861,11.5995,0.1289,0.0000,1.8685,0.0082,0.0001,0.6328,0.0233,0.0095,0.0002
1880,25.5867,0.0000,16.4838,290.6269,,true,0,0.008333,0.0000,0.0000,1.00,0.00,0.0000,22,1,295,295,0,0,100,1,11,11,0,246528,0,295,0,0,845561856,0.000000,0.000000,24.982647,0.00,0,2,4,25,17,20,26,13,24,55,97,12,0,0,0,0,0,0,0.0012,0.0347,0.0855,0.0031,0.0156,0.0495,0.0364,290.6269,0.0690,0.0000,1.5274,0.0063,0.0001,0.5272,0.0197,0.0063,0.0001
1881,25.5930,0.0000,11.7766,4.6249,,true,0,0.008333,0.0000,0.0000,1.00,0.00,0.0000,22,1,295,295,0,0,100,1,11,11,0,246528,0,295,0,0,845561856,0.000000,0.000000,25.287778,0.00,0,2,4,25,17,20,26,13,24,55,97,12,0,0,0,0,0,0,0.0022,0.0390,0.0619,0.0034,0.0167,0.1490,0.0739,4.6249,0.0726,0.0000,0.8730,0.0043,0.0001,0.3202,0.0074,0.0043,0.0001
1882,25.6080,0.0000,290.6528,9.3200,,true,0,0.008333,0.0000,0.0000,1.00,0.00,0.0000,22,1,295,295,0,0,100,1,11,11,0,246528,0,295,0,0,845561856,0.000000,0.000000,25.287778,0.00,0,2,4,25,17,20,26,13,24,55,97,12,0,0,0,0,0,0,0.0019,0.0665,0.1725,0.0098,0.0695,0.1441,0.0474,9.3200,0.1043,0.0000,1.1386,0.0052,0.0001,0.3834,0.0150,0.0111,0.0001
1883,25.6184,0.0000,11.0282,8.7661,,true,0,0.008333,0.0000,0.0000,1.00,0.00,0.0000,22,1,295,295,0,0,100,1,11,11,0,246528,0,295,0,0,845561856,0.000000,0.000000,25.287778,0.00,0,2,4,25,17,20,26,13,24,55,97,12,0,0,0,0,0,0,0.0038,0.0840,0.0717,0.0084,0.0296,0.0777,0.0562,8.7661,0.2036,0.0000,0.6869,0.0028,0.0001,0.2248,0.0059,0.0025,0.0001
1884,25.6276,0.0000,12.8028,6.3840,,true,0,0.008333,0.0000,0.0000,1.00,0.00,0.0000,22,1,295,295,0,0,100,1,11,11,0,246528,0,295,0,0,845561856,0.000000,0.000000,25.287778,0.00,0,2,4,25,17,20,26,13,24,55,97,12,0,0,0,0,0,0,0.0020,0.0353,0.0505,0.0129,0.0478,0.0928,0.0363,6.3840,0.0714,0.0000,0.8243,0.0046,0.0001,0.2957,0.0116,0.0037,0.0001
1885,25.6360,0.0000,8.5004,6.0064,,true,0,0.008333,0.0000,0.0000,1.00,0.00,0.0000,22,1,295,295,0,0,100,1,11,11,0,246528,0,295,0,0,845561856,0.000000,0.000000,25.287778,0.00,0,2,4,25,17,20,26,13,24,55,97,12,0,0,0,0,0,0,0.0012,0.0241,0.0984,0.0031,0.0236,0.0687,0.0323,6.0064,0.0679,0.0000,0.8840,0.0028,0.0000,0.4510,0.0278,0.0024,0.0001
1886,25.6429,0.0000,9.1968,3.7591,,true,0,0.008333,0.0000,0.0000,1.00,0.00,0.0000,22,1,295,295,0,0,100,1,11,11,0,246528,0,295,0,0,845561856,0.000000,0.000000,25.287778,0.00,0,2,4,25,17,20,26,13,24,55,97,12,0,0,0,0,0,0,0.0158,0.0191,0.0442,0.0017,0.0067,0.0220,0.0305,3.7591,0.0576,0.0000,0.5370,0.0006,0.0001,0.2004,0.0060,0.0018,0.0001
1887,25.6473,0.0000,5.6858,2.6941,,true,0,0.008333,0.0000,0.0000,1.00,0.00,0.0000,22,1,295,295,0,0,100,1,11,11,0,246528,0,295,0,0,845561856,0.000000,0.000000,25.287778,0.00,0,2,4,25,17,20,26,13,24,55,97,12,0,0,0,0,0,0,0.0005,0.0156,0.0323,0.0022,0.0094,0.0240,0.0219,2.6941,0.0408,0.0000,0.4381,0.0006,0.0000,0.1937,0.0034,0.0014,0.0001
1888,25.6596,0.0000,9.8579,4.7356,,true,0,0.008333,0.0000,0.0000,1.00,0.00,0.0000,22,1,295,295,0,0,100,1,11,11,0,246528,0,295,0,0,845561856,0.000000,0.000000,25.287778,0.00,0,2,4,25,17,20,26,13,24,55,97,12,0,0,0,0,0,0,0.0095,0.0675,0.0743,0.0090,0.0071,0.0208,0.0727,4.7356,0.0788,0.0000,0.8590,0.0028,0.0001,0.3315,0.0078,0.0044,0.0001
1889,25.6955,0.0000,12.5424,27.0383,,true,0,0.008333,0.0000,0.0000,1.00,0.00,0.0000,22,1,295,295,0,0,100,1,11,11,0,246528,0,295,0,0,845561856,0.000000,0.000000,25.287778,0.00,0,2,4,25,17,20,26,13,24,55,97,12,0,0,0,0,0,0,0.0014,0.0781,0.1355,0.0036,0.0071,0.0386,0.0620,27.0383,0.1270,0.0000,19.4055,0.0059,0.8882,0.3745,0.0593,0.0070,17.2953
1890,25.7108,0.0000,13.7440,13.1829,,true,0,0.008333,0.0000,0.0000,1.00,0.00,0.0000,22,1,295,295,0,0,100,1,11,11,0,246528,0,295,0,0,845561856,0.000000,0.000000,25.287778,0.00,0,2,4,25,17,20,26,13,24,55,97,12,0,0,0,0,0,0,0.0024,0.1166,0.0899,0.0102,0.0384,0.0932,0.0644,13.1829,0.2314,0.0000,1.2523,0.0112,0.0001,0.3473,0.0139,0.0137,0.0001
1891,25.7215,0.0000,32.3510,7.0084,,true,0,0.008333,0.0000,0.0000,1.00,0.00,0.0000,22,1,295,295,0,0,100,1,11,11,0,246528,0,295,0,0,845561856,0.000000,0.000000,25.287778,0.00,0,2,4,25,17,20,26,13,24,55,97,12,0,0,0,0,0,0,0.0127,0.0985,0.0683,0.0039,0.0346,0.0908,0.0510,7.0084,0.0976,0.0000,1.1658,0.0057,0.0001,0.3543,0.0189,0.0056,0.0001
1892,25.7314,0.0000,10.0525,7.1863,,true,0,0.008333,0.0000,0.0000,1.00,0.00,0.0000,22,1,295,295,0,0,100,1,11,11,0,246528,0,295,0,0,845561856,0.000000,0.000000,25.287778,0.00,0,2,4,25,17,20,26,13,24,55,97,12,0,0,0,0,0,0,0.0021,0.0933,0.0653,0.0072,0.0415,0.0637,0.0520,7.1863,0.1029,0.0000,1.0587,0.0065,0.0006,0.3740,0.0124,0.0061,0.0001
1893,25.7411,0.0000,10.2841,6.9870,,true,0,0.008333,0.0000,0.0000,1.00,0.00,0.0000,22,1,295,295,0,0,100,1,11,11,0,246528,0,295,0,0,845561856,0.000000,0.000000,25.287778,0.00,0,2,4,25,17,20,26,13,24,55,97,12,0,0,0,0,0,0,0.0031,0.0764,0.0531,0.0133,0.0309,0.0814,0.0528,6.9870,0.0818,0.0000,0.7743,0.0057,0.0001,0.2477,0.0135,0.0055,0.0001
1894,25.7479,0.0000,8.6977,5.7481,,true,0,0.008333,0.0000,0.0000,1.00,0.00,0.0000,22,1,295,295,0,0,100,1,11,11,0,246528,0,295,0,0,845561856,0.000000,0.000000,25.287778,0.00,0,2,4,25,17,20,26,13,24,55,97,12,0,0,0,0,0,0,0.0012,0.0434,0.0953,0.0038,0.0178,0.1069,0.0313,5.7481,0.0929,0.0000,0.8134,0.0102,0.0000,0.2612,0.0105,0.0065,0.0008
1895,25.7607,0.0000,10.5536,7.0524,,true,0,0.008333,0.0000,0.0000,1.00,0.00,0.0000,22,1,295,295,0,0,100,1,11,11,0,246528,0,295,0,0,845561856,0.000000,0.000000,25.287778,0.00,0,2,4,25,17,20,26,13,24,55,97,12,0,0,0,0,0,0,0.0010,0.0223,0.0626,0.0059,0.0307,0.0930,0.0285,7.0524,0.1659,0.0000,0.6960,0.0016,0.0000,0.2994,0.0109,0.0026,0.0001
1896,25.7687,0.0000,11.6067,4.2624,,true,0,0.008333,0.0000,0.0000,1.00,0.00,0.0000,22,1,295,295,0,0,100,1,11,11,0,246528,0,295,0,0,845561856,0.000000,0.000000,25.287778,0.00,0,2,4,25,17,20,26,13,24,55,97,12,0,0,0,0,0,0,0.0013,0.0324,0.0373,0.0046,0.0291,0.0910,0.0345,4.2624,0.0494,0.0000,0.6130,0.0034,0.0001,0.2491,0.0065,0.0034,0.0001
1897,25.7785,0.0000,10.7764,3.3275,,true,0,0.008333,0.0000,0.0000,1.00,0.00,0.0000,22,1,295,295,0,0,100,1,11,11,0,246528,0,295,0,0,845561856,0.000000,0.000000,25.287778,0.00,0,2,4,25,17,20,26,13,24,55,97,12,0,0,0,0,0,0,0.0008,0.0356,0.0303,0.0041,0.0129,0.0490,0.0242,3.3275,0.0391,0.0000,0.5225,0.0016,0.0000,0.2183,0.0046,0.0032,0.0001
1898,25.7902,0.0000,11.5404,3.7758,,true,0,0.008333,0.0000,0.0000,1.00,0.00,0.0000,22,1,295,295,0,0,100,1,11,11,0,246528,0,295,0,0,845561856,0.000000,0.000000,25.287778,0.00,0,2,4,25,17,20,26,13,24,55,97,12,0,0,0,0,0,0,0.0021,0.0216,0.0311,0.0038,0.0091,0.0395,0.0250,3.7758,0.0517,0.0000,0.5303,0.0014,0.0000,0.2166,0.0067,0.0031,0.0001
1899,25.8051,0.0000,13.4162,4.8469,,true,0,0.008333,0.0000,0.0000,1.00,0.00,0.0000,22,1,295,295,0,0,100,1,11,11,0,246528,0,295,0,0,845561856,0.000000,0.000000,25.287778,0.00,0,2,4,25,17,20,26,13,24,55,97,12,0,0,0,0,0,0,0.0022,0.0270,0.0589,0.0033,0.0112,0.0515,0.0261,4.8469,0.0480,0.0000,0.5863,0.0029,0.0001,0.2199,0.0066,0.0044,0.0003
1900,25.8202,0.0000,12.6796,6.9905,,true,0,0.008333,0.0000,0.0000,1.00,0.00,0.0000,22,1,295,295,0,0,100,1,11,11,0,246528,0,295,0,0,845561856,0.000000,0.000000,25.287778,0.00,0,2,4,25,17,20,26,13,24,55,97,12,0,0,0,0,0,0,0.0018,0.0863,0.0724,0.0248,0.0364,0.1333,0.0977,6.9905,0.0831,0.0000,1.0922,0.0066,0.0001,0.3993,0.0111,0.0069,0.0005
1901,25.8306,0.0000,12.5891,4.7548,,true,0,0.008333,0.0000,0.0000,1.00,0.00,0.0000,22,1,295,295,0,0,100,1,11,11,0,246528,0,295,0,0,845561856,0.000000,0.000000,25.287778,0.00,0,2,4,25,17,20,26,13,24,55,97,12,0,0,0,0,0,0,0.0021,0.0185,0.0377,0.0041,0.0171,0.0667,0.0325,4.7548,0.0529,0.0000,0.6318,0.0027,0.0001,0.2615,0.0066,0.0040,0.0001
1902,25.8431,0.0000,12.7444,5.0438,,true,0,0.008333,0.0000,0.0000,1.00,0.00,0.0000,22,1,295,295,0,0,100,1,11,11,0,246528,0,295,0,0,845561856,0.000000,0.000000,25.287778,0.00,0,2,4,25,17,20,26,13,24,55,97,12,0,0,0,0,0,0,0.0012,0.0185,0.0482,0.0031,0.0151,0.0422,0.0369,5.0438,0.0685,0.0000,0.9137,0.0026,0.0001,0.4239,0.0085,0.0033,0.0001
1903,25.8574,0.0000,13.8344,4.9978,,true,0,0.008333,0.0000,0.0000,1.00,0.00,0.0000,22,1,295,295,0,0,100,1,11,11,0,246528,0,295,0,0,845561856,0.000000,0.000000,25.287778,0.00,0,2,4,25,17,20,26,13,24,55,97,12,0,0,0,0,0,0,0.0011,0.0218,0.0354,0.0031,0.0126,0.0460,0.0296,4.9978,0.0423,0.0000,0.5491,0.0031,0.0001,0.2087,0.0053,0.0041,0.0002
1904,25.8735,0.0000,13.5186,7.4837,,true,0,0.008333,0.0000,0.0000,1.00,0.00,0.0000,22,1,295,295,0,0,100,1,11,11,0,246528,0,295,0,0,845561856,0.000000,0.000000,25.593975,0.00,0,2,4,25,17,20,26,13,24,55,97,12,0,0,0,0,0,0,0.0079,0.0656,0.0580,0.0058,0.0302,0.3084,0.0631,7.4837,0.0727,0.0000,1.0814,0.0069,0.0001,0.3309,0.0101,0.0113,0.0002
1905,25.8880,0.0000,12.8381,9.0335,,true,0,0.008333,0.0000,0.0000,1.00,0.00,0.0000,22,1,295,295,0,0,100,1,11,11,0,246528,0,295,0,0,845561856,0.000000,0.000000,25.593975,0.00,0,2,4,25,17,20,26,13,24,55,97,12,0,0,0,0,0,0,0.0029,0.0629,0.0913,0.0060,0.0260,0.0940,0.0794,9.0335,0.1085,0.0000,1.0625,0.0062,0.0001,0.3723,0.0155,0.0079,0.0001
1906,25.8987,0.0000,14.1162,5.6913,,true,0,0.008333,0.0000,0.0000,1.00,0.00,0.0000,22,1,295,295,0,0,100,1,11,11,0,246528,0,295,0,0,845561856,0.000000,0.000000,25.593975,0.00,0,2,4,25,17,20,26,13,24,55,97,12,0,0,0,0,0,0,0.0054,0.0450,0.0568,0.0053,0.0276,0.0733,0.0443,5.6913,0.0444,0.0000,0.6444,0.0037,0.0001,0.2314,0.0076,0.0044,0.0003
1907,25.9127,0.0000,12.9049,7.0808,,true,0,0.008333,0.0000,0.0000,1.00,0.00,0.0000,22,1,295,295,0,0,100,1,11,11,0,246528,0,295,0,0,845561856,0.000000,0.000000,25.593975,0.00,0,2,4,25,17,20,26,13,24,55,97,12,0,0,0,0,0,0,0.0063,0.0478,0.0622,0.0048,0.0251,0.0937,0.0630,7.0808,0.0650,0.0000,0.9099,0.0044,0.0001,0.3541,0.0089,0.0069,0.0003
1908,25.9232,0.0000,12.4502,5.5436,,true,0,0.008333,0.0000,0.0000,1.00,0.00,0.0000,22,1,295,295,0,0,100,1,11,11,0,246528,0,295,0,0,845561856,0.000000,0.000000,25.593975,0.00,0,2,4,25,17,20,26,13,24,55,97,12,0,0,0,0,0,0,0.0012,0.0312,0.0436,0.0042,0.0184,0.0638,0.0275,5.5436,0.0573,0.0000,0.6680,0.0040,0.0001,0.2643,0.0079,0.0039,0.0001
1909,25.9371,0.0000,12.9876,6.0613,,true,0,0.008333,0.0000,0.0000,1.00,0.00,0.0000,22,1,295,295,0,0,100,1,11,11,0,246528,0,295,0,0,845561856,0.000000,0.000000,25.593975,0.00,0,2,4,25,17,20,26,13,24,55,97,12,0,0,0,0,0,0,0.0079,0.0637,0.0779,0.0051,0.0277,0.0917,0.0600,6.0613,0.1007,0.0000,0.9706,0.0034,0.0001,0.3630,0.0126,0.0070,0.0001
1910,25.9517,0.0000,13.5449,7.1926,,true,0,0.008333,0.0000,0.0000,1.00,0.00,0.0000,22,1,295,295,0,0,100,1,11,11,0,246528,0,295,0,0,845561856,0.000000,0.000000,25.593975,0.00,0,2,4,25,17,20,26,13,24,55,97,12,0,0,0,0,0,0,0.0015,0.0430,0.0756,0.0067,0.0165,0.0905,0.0475,7.1926,0.0918,0.0000,0.8835,0.0033,0.0001,0.3448,0.0084,0.0049,0.0001
1911,25.9635,0.0000,13.8775,5.0075,,true,0,0.008333,0.0000,0.0000,1.00,0.00,0.0000,22,1,295,295,0,0,100,1,11,11,0,246528,0,295,0,0,845561856,0.000000,0.000000,25.593975,0.00,0,2,4,25,17,20,26,13,24,55,97,12,0,0,0,0,0,0,0.0014,0.0348,0.0403,0.0038,0.0192,0.0767,0.0301,5.0075,0.0458,0.0000,0.5977,0.0034,0.0000,0.2140,0.0059,0.0050,0.0001
1912,25.9735,0.0000,10.2595,4.8735,,true,0,0.008333,0.0000,0.0000,1.00,0.00,0.0000,22,1,295,295,0,0,100,1,11,11,0,246528,0,295,0,0,845561856,0.000000,0.000000,25.593975,0.00,0,2,4,25,17,20,26,13,24,55,97,12,0,0,0,0,0,0,0.0006,0.0184,0.0415,0.0054,0.0229,0.0707,0.0315,4.8735,0.0513,0.0000,0.5598,0.0041,0.0001,0.2078,0.0075,0.0046,0.0001
1913,25.9855,0.0000,11.5552,5.0305,,true,0,0.008333,0.0000,0.0000,1.00,0.00,0.0000,22,1,295,295,0,0,100,1,11,11,0,246528,0,295,0,0,845561856,0.000000,0.000000,25.593975,0.00,0,2,4,25,17,20,26,13,24,55,97,12,0,0,0,0,0,0,0.0015,0.0167,0.0335,0.0024,0.0117,0.0411,0.0267,5.0305,0.0450,0.0000,0.5220,0.0024,0.0001,0.2034,0.0056,0.0060,0.0001
1914,25.9981,0.0000,12.7796,5.1238,,true,0,0.008333,0.0000,0.0000,1.00,0.00,0.0000,22,1,295,295,0,0,100,1,11,11,0,246528,0,295,0,0,845561856,0.000000,0.000000,25.593975,0.00,0,2,4,25,17,20,26,13,24,55,97,12,0,0,0,0,0,0,0.0024,0.0205,0.0389,0.0042,0.0114,0.0497,0.0296,5.1238,0.0528,0.0000,0.5800,0.0033,0.0000,0.2159,0.0066,0.0042,0.0001
1915,26.0085,0.0000,10.3195,5.2168,,true,0,0.008333,0.0000,0.0000,1.00,0.00,0.0000,22,1,295,295,0,0,100,1,11,11,0,246528,0,295,0,0,845561856,0.000000,0.000000,25.593975,0.00,0,2,4,25,17,20,26,13,24,55,97,12,0,0,0,0,0,0,0.0014,0.0183,0.0353,0.0041,0.0147,0.0412,0.0314,5.2168,0.0486,0.0000,0.5270,0.0022,0.0001,0.2019,0.0065,0.0037,0.0001
1916,26.0241,0.0000,13.1050,7.8691,,true,0,0.008333,0.0000,0.0000,1.00,0.00,0.0000,22,1,295,295,0,0,100,1,11,11,0,246528,0,295,0,0,845561856,0.000000,0.000000,25.593975,0.00,0,2,4,25,17,20,26,13,24,55,97,12,0,0,0,0,0,0,0.0044,0.0676,0.0828,0.0037,0.0178,0.0564,0.0637,7.8691,0.0893,0.0000,1.3922,0.0048,0.0001,0.5548,0.0148,0.0066,0.0002
1917,26.0327,0.0000,10.5596,5.8360,,true,0,0.008333,0.0000,0.0000,1.00,0.00,0.0000,22,1,295,295,0,0,100,1,11,11,0,246528,0,295,0,0,845561856,0.000000,0.000000,25.593975,0.00,0,2,4,25,17,20,26,13,24,55,97,12,0,0,0,0,0,0,0.0022,0.0743,0.0709,0.0034,0.0227,0.0858,0.0456,5.8360,0.0827,0.0000,0.8913,0.0044,0.0001,0.3304,0.0102,0.0053,0.0001
1918,26.0439,0.0000,11.5239,5.4813,,true,0,0.008333,0.0000,0.0000,1.00,0.00,0.0000,22,1,295,295,0,0,100,1,11,11,0,246528,0,295,0,0,845561856,0.000000,0.000000,25.593975,0.00,0,2,4,25,17,20,26,13,24,55,97,12,0,0,0,0,0,0,0.0011,0.0387,0.0470,0.0048,0.0237,0.0835,0.0305,5.4813,0.0522,0.0000,0.6169,0.0038,0.0000,0.2250,0.0071,0.0042,0.0001
1919,26.0550,0.0000,11.4505,5.0805,,true,0,0.008333,0.0000,0.0000,1.00,0.00,0.0000,22,1,295,295,0,0,100,1,11,11,0,246528,0,295,0,0,845561856,0.000000,0.000000,25.593975,0.00,0,2,4,25,17,20,26,13,24,55,97,12,0,0,0,0,0,0,0.0013,0.0435,0.0637,0.0048,0.0219,0.0810,0.0441,5.0805,0.0759,0.0000,0.9179,0.0039,0.0001,0.3520,0.0099,0.0062,0.0001
1920,26.0671,0.0000,11.3485,6.0341,,true,0,0.008333,0.0000,0.0000,1.00,0.00,0.0000,22,1,295,295,0,0,100,1,11,11,0,246528,0,295,0,0,845561856,0.000000,0.000000,25.593975,0.00,0,2,4,25,17,20,26,13,24,55,97,12,0,0,0,0,0,0,0.0018,0.0687,0.0814,0.0043,0.0205,0.0719,0.0501,6.0341,0.0928,0.0000,1.0455,0.0216,0.0001,0.3772,0.0144,0.0076,0.0001
1921,26.0800,0.0000,12.6653,5.9154,,true,0,0.008333,0.0000,0.0000,1.00,0.00,0.0000,22,1,295,295,0,0,100,1,11,11,0,246528,0,295,0,0,845561856,0.000000,0.000000,25.593975,0.00,0,2,4,25,17,20,26,13,24,55,97,12,0,0,0,0,0,0,0.0017,0.0610,0.0745,0.0036,0.0176,0.0607,0.0669,5.9154,0.0934,0.0000,0.9768,0.0051,0.0001,0.3588,0.0102,0.0060,0.0001
1922,26.0927,0.0000,12.3265,6.0964,,true,0,0.008333,0.0000,0.0000,1.00,0.00,0.0000,22,1,295,295,0,0,100,1,11,11,0,246528,0,295,0,0,845561856,0.000000,0.000000,25.593975,0.00,0,2,4,25,17,20,26,13,24,55,97,12,0,0,0,0,0,0,0.0020,0.0598,0.0673,0.0041,0.0196,0.0832,0.0515,6.0964,0.0972,0.0000,1.0036,0.0046,0.0001,0.3918,0.0134,0.0052,0.0001
1923,26.1034,0.0000,11.8092,5.3749,,true,0,0.008333,0.0000,0.0000,1.00,0.00,0.0000,22,1,295,295,0,0,100,1,11,11,0,246528,0,295,0,0,845561856,0.000000,0.000000,25.593975,0.00,0,2,4,25,17,20,26,13,24,55,97,12,0,0,0,0,0,0,0.0013,0.0638,0.0700,0.0033,0.0176,0.0590,0.0514,5.3749,0.0651,0.0000,0.9096,0.0035,0.0001,0.3459,0.0227,0.0035,0.0001
1924,26.1158,0.0000,12.1323,5.7095,,true,0,0.008333,0.0000,0.0000,1.00,0.00,0.0000,22,1,295,295,0,0,100,1,11,11,0,246528,0,295,0,0,845561856,0.000000,0.000000,25.593975,0.00,0,2,4,25,17,20,26,13,24,55,97,12,0,0,0,0,0,0,0.0022,0.0505,0.0519,0.0049,0.0215,0.0881,0.0378,5.7095,0.0651,0.0000,0.6675,0.0044,0.0001,0.2274,0.0105,0.0068,0.0003
1925,26.1295,0.0000,12.9716,6.2918,,true,0,0.008333,0.0000,0.0000,1.00,0.00,0.0000,22,1,295,295,0,0,100,1,11,11,0,246528,0,295,0,0,845561856,0.000000,0.000000,25.593975,0.00,0,2,4,25,17,20,26,13,24,55,97,12,0,0,0,0,0,0,0.0035,0.0431,0.0699,0.0051,0.0463,0.0970,0.0464,6.2918,0.0619,0.0000,0.9359,0.0042,0.0001,0.3481,0.0104,0.0052,0.0001
1926,26.1402,0.0000,11.1790,5.9714,,true,0,0.008333,0.0000,0.0000,1.00,0.00,0.0000,22,1,295,295,0,0,100,1,11,11,0,246528,0,295,0,0,845561856,0.000000,0.000000,25.593975,0.00,0,2,4,25,17,20,26,13,24,55,97,12,0,0,0,0,0,0,0.0016,0.0571,0.0755,0.0034,0.0163,0.0663,0.0458,5.9714,0.0825,0.0000,0.9999,0.0056,0.0001,0.4018,0.0083,0.0066,0.0001
1927,26.1527,0.0000,12.1295,6.2156,,true,0,0.008333,0.0000,0.0000,1.00,0.00,0.0000,22,1,295,295,0,0,100,1,11,11,0,246528,0,295,0,0,845561856,0.000000,0.000000,25.593975,0.00,0,2,4,25,17,20,26,13,24,55,97,12,0,0,0,0,0,0,0.0017,0.0532,0.0716,0.0055,0.0285,0.0897,0.0587,6.2156,0.1553,0.0000,1.3170,0.0049,0.0001,0.5448,0.0118,0.0053,0.0007
1928,26.1629,0.0000,11.9007,4.8027,,true,0,0.008333,0.0000,0.0000,1.00,0.00,0.0000,22,1,295,295,0,0,100,1,11,11,0,246528,0,295,0,0,845561856,0.000000,0.000000,25.593975,0.00,0,2,4,25,17,20,26,13,24,55,97,12,0,0,0,0,0,0,0.0042,0.0342,0.0465,0.0034,0.0186,0.0641,0.0254,4.8027,0.0591,0.0000,0.6356,0.0035,0.0001,0.2263,0.0086,0.0053,0.0001
1929,26.1751,0.0000,11.9947,4.7860,,true,0,0.008333,0.0000,0.0000,1.00,0.00,0.0000,22,1,295,295,0,0,100,1,11,11,0,246528,0,295,0,0,845561856,0.000000,0.000000,25.899282,0.00,0,2,4,25,17,20,26,13,24,55,97,12,0,0,0,0,0,0,0.0021,0.0303,0.0482,0.0037,0.0139,0.1755,0.0361,4.7860,0.0639,0.0000,0.6542,0.0040,0.0001,0.2402,0.0091,0.0058,0.0001
1930,26.1895,0.0000,13.0549,5.9463,,true,0,0.008333,0.0000,0.0000,1.00,0.00,0.0000,22,1,295,295,0,0,100,1,11,11,0,246528,0,295,0,0,845561856,0.000000,0.000000,25.899282,0.00,0,2,4,25,17,20,26,13,24,55,97,12,0,0,0,0,0,0,0.0016,0.0528,0.0658,0.0053,0.0284,0.1287,0.0512,5.9463,0.0870,0.0000,0.9226,0.0032,0.0001,0.3324,0.0110,0.0058,0.0001
1931,26.2020,0.0000,13.5214,5.1164,,true,0,0.008333,0.0000,0.0000,1.00,0.00,0.0000,22,1,295,295,0,0,100,1,11,11,0,246528,0,295,0,0,845561856,0.000000,0.000000,25.899282,0.00,0,2,4,25,17,20,26,13,24,55,97,12,0,0,0,0,0,0,0.0056,0.0385,0.0495,0.0048,0.0232,0.0722,0.0320,5.1164,0.0641,0.0000,0.6530,0.0036,0.0001,0.2575,0.0087,0.0050,0.0001
1932,26.2125,0.0000,11.1680,4.5962,,true,0,0.008333,0.0000,0.0000,1.00,0.00,0.0000,22,1,295,295,0,0,100,1,11,11,0,246528,0,295,0,0,845561856,0.000000,0.000000,25.899282,0.00,0,2,4,25,17,20,26,13,24,55,97,12,0,0,0,0,0,0,0.0015,0.0345,0.0430,0.0046,0.0143,0.0515,0.0286,4.5962,0.0584,0.0000,0.6088,0.0037,0.0001,0.2279,0.0090,0.0047,0.0001
1933,26.2242,0.0000,10.8329,5.4598,,true,0,0.008333,0.0000,0.0000,1.00,0.00,0.0000,22,1,295,295,0,0,100,1,11,11,0,246528,0,295,0,0,845807616,0.000000,0.000000,25.899282,0.00,0,2,4,25,17,20,26,13,24,55,97,12,0,0,0,0,0,0,0.0018,0.0579,0.0671,0.0036,0.0131,0.0426,0.0584,5.4598,0.0762,0.0000,1.0128,0.0048,0.0001,0.3503,0.0106,0.0055,0.0001
1934,26.2352,0.0000,11.4382,4.8608,,true,0,0.008333,0.0000,0.0000,1.00,0.00,0.0000,22,1,295,295,0,0,100,1,11,11,0,246528,0,295,0,0,845807616,0.000000,0.000000,25.899282,0.00,0,2,4,25,17,20,26,13,24,55,97,12,0,0,0,0,0,0,0.0020,0.0307,0.0788,0.0057,0.0192,0.0513,0.0349,4.8608,0.1038,0.0000,0.6620,0.0030,0.0001,0.2439,0.0088,0.0048,0.0001
1935,26.2465,0.0000,12.1655,4.2572,,true,0,0.008333,0.0000,0.0000,1.00,0.00,0.0000,22,1,295,295,0,0,100,1,11,11,0,246528,0,295,0,0,845807616,0.000000,0.000000,25.899282,0.00,0,2,4,25,17,20,26,13,24,55,97,12,0,0,0,0,0,0,0.0009,0.0289,0.0593,0.0028,0.0156,0.0391,0.0380,4.2572,0.0603,0.0000,0.6090,0.0030,0.0001,0.2425,0.0066,0.0043,0.0001
1936,26.2606,0.0000,12.2969,5.9385,,true,0,0.008333,0.0000,0.0000,1.00,0.00,0.0000,22,1,295,295,0,0,100,1,11,11,0,246528,0,295,0,0,845807616,0.000000,0.000000,25.899282,0.00,0,2,4,25,17,20,26,13,24,55,97,12,0,0,0,0,0,0,0.0008,0.0346,0.0926,0.0032,0.0229,0.1406,0.0338,5.9385,0.0930,0.0000,0.7399,0.0034,0.0001,0.2997,0.0119,0.0044,0.0001
1937,26.2705,0.0000,11.9705,3.9546,,true,0,0.008333,0.0000,0.0000,1.00,0.00,0.0000,22,1,295,295,0,0,100,1,11,11,0,246528,0,295,0,0,845807616,0.000000,0.000000,25.899282,0.00,0,2,4,25,17,20,26,13,24,55,97,12,0,0,0,0,0,0,0.0009,0.0296,0.0408,0.0036,0.0160,0.0475,0.0294,3.9546,0.0535,0.0000,0.6457,0.0032,0.0001,0.2470,0.0067,0.0042,0.0001
1938,26.2848,0.0000,11.8058,6.0872,,true,0,0.008333,0.0000,0.0000,1.00,0.00,0.0000,22,1,295,295,0,0,100,1,11,11,0,246528,0,295,0,0,845807616,0.000000,0.000000,25.899282,0.00,0,2,4,25,17,20,26,13,24,55,97,12,0,0,0,0,0,0,0.0017,0.0581,0.0656,0.0026,0.0141,0.0420,0.0725,6.0872,0.0861,0.0000,1.0229,0.0075,0.0001,0.4028,0.0098,0.0080,0.0001
1939,26.2958,0.0000,13.1483,4.4303,,true,0,0.008333,0.0000,0.0000,1.00,0.00,0.0000,22,1,295,295,0,0,100,1,11,11,0,246528,0,295,0,0,845807616,0.000000,0.000000,25.899282,0.00,0,2,4,25,17,20,26,13,24,55,97,12,0,0,0,0,0,0,0.0019,0.0322,0.0419,0.0031,0.0089,0.0457,0.0316,4.4303,0.0582,0.0000,0.6730,0.0113,0.0001,0.2615,0.0061,0.0049,0.0001
1940,26.3081,0.0000,11.2254,5.3623,,true,0,0.008333,0.0000,0.0000,1.00,0.00,0.0000,22,1,295,295,0,0,100,1,11,11,0,246528,0,295,0,0,845807616,0.000000,0.000000,25.899282,0.00,0,2,4,25,17,20,26,13,24,55,97,12,0,0,0,0,0,0,0.0014,0.0474,0.0599,0.0031,0.0139,0.0877,0.0700,5.3623,0.0646,0.0000,0.9575,0.0040,0.0001,0.3989,0.0089,0.0056,0.0001
1941,26.3187,0.0000,11.3254,4.9524,,true,0,0.008333,0.0000,0.0000,1.00,0.00,0.0000,22,1,295,295,0,0,100,1,11,11,0,246528,0,295,0,0,845807616,0.000000,0.000000,25.899282,0.00,0,2,4,25,17,20,26,13,24,55,97,12,0,0,0,0,0,0,0.0016,0.0393,0.0403,0.0201,0.0083,0.0503,0.0407,4.9524,0.0587,0.0000,0.6795,0.0031,0.0001,0.2626,0.0075,0.0058,0.0006
1942,26.3329,0.0000,12.5347,6.1560,,true,0,0.008333,0.0000,0.0000,1.00,0.00,0.0000,22,1,295,295,0,0,100,1,11,11,0,246528,0,295,0,0,845807616,0.000000,0.000000,25.899282,0.00,0,2,4,25,17,20,26,13,24,55,97,12,0,0,0,0,0,0,0.0014,0.0465,0.0889,0.0057,0.0371,0.0823,0.0547,6.1560,0.0840,0.0000,1.0689,0.0036,0.0001,0.3465,0.0149,0.0050,0.0002
1943,26.3434,0.0000,11.5623,4.9028,,true,0,0.008333,0.0000,0.0000,1.00,0.00,0.0000,22,1,295,295,0,0,100,1,11,11,0,246528,0,295,0,0,845807616,0.000000,0.000000,25.899282,0.00,0,2,4,25,17,20,26,13,24,55,97,12,0,0,0,0,0,0,0.0014,0.0312,0.0665,0.0045,0.0230,0.0662,0.0580,4.9028,0.0552,0.0000,0.6854,0.0016,0.0001,0.2714,0.0087,0.0023,0.0001
1944,26.3555,0.0000,11.6525,5.4831,,true,0,0.008333,0.0000,0.0000,1.00,0.00,0.0000,22,1,295,295,0,0,100,1,11,11,0,246528,0,295,0,0,845807616,0.000000,0.000000,25.899282,0.00,0,2,4,25,17,20,26,13,24,55,97,12,0,0,0,0,0,0,0.0020,0.0679,0.0710,0.0032,0.0152,0.0419,0.0500,5.4831,0.0840,0.0000,0.9165,0.0059,0.0001,0.3396,0.0094,0.0053,0.0001
1945,26.3660,0.0000,11.2811,4.9811,,true,0,0.008333,0.0000,0.0000,1.00,0.00,0.0000,22,1,295,295,0,0,100,1,11,11,0,246528,0,295,0,0,845807616,0.000000,0.000000,25.899282,0.00,0,2,4,25,17,20,26,13,24,55,97,12,0,0,0,0,0,0,0.0024,0.0276,0.0434,0.0060,0.0246,0.0908,0.0338,4.9811,0.0532,0.0000,0.6977,0.0033,0.0001,0.2875,0.0080,0.0039,0.0001
1946,26.3791,0.0000,12.1937,5.4824,,true,0,0.008333,0.0000,0.0000,1.00,0.00,0.0000,22,1,295,295,0,0,100,1,11,11,0,246528,0,295,0,0,845807616,0.000000,0.000000,25.899282,0.00,0,2,4,25,17,20,26,13,24,55,97,12,0,0,0,0,0,0,0.0076,0.0684,0.0680,0.0034,0.0186,0.0487,0.0736,5.4824,0.0807,0.0000,0.9726,0.0056,0.0001,0.3638,0.0106,0.0059,0.0001
1947,26.3910,0.0000,11.5209,6.0305,,true,0,0.008333,0.0000,0.0000,1.00,0.00,0.0000,22,1,295,295,0,0,100,1,11,11,0,246528,0,295,0,0,845807616,0.000000,0.000000,25.899282,0.00,0,2,4,25,17,20,26,13,24,55,97,12,0,0,0,0,0,0,0.0021,0.0719,0.0611,0.0031,0.0300,0.0405,0.0522,6.0305,0.0777,0.0000,0.8778,0.0031,0.0001,0.2836,0.0093,0.0055,0.0001
1948,26.4054,0.0000,14.4681,5.6841,,true,0,0.008333,0.0000,0.0000,1.00,0.00,0.0000,22,1,295,295,0,0,100,1,11,11,0,246528,0,295,0,0,845807616,0.000000,0.000000,25.899282,0.00,0,2,4,25,17,20,26,13,24,55,97,12,0,0,0,0,0,0,0.0024,0.0389,0.0419,0.0041,0.0247,0.0602,0.0346,5.6841,0.0480,0.0000,0.7312,0.0033,0.0001,0.2923,0.0085,0.0050,0.0001
1949,26.4158,0.0000,10.5158,5.8751,,true,0,0.008333,0.0000,0.0000,1.00,0.00,0.0000,22,1,295,295,0,0,100,1,11,11,0,246528,0,295,0,0,845807616,0.000000,0.000000,25.899282,0.00,0,2,4,25,17,20,26,13,24,55,97,12,0,0,0,0,0,0,0.0016,0.0781,0.0659,0.0044,0.0254,0.0813,0.0575,5.8751,0.0799,0.0000,0.9790,0.0043,0.0001,0.3401,0.0106,0.0060,0.0001
1950,26.4456,0.0000,14.9161,20.1704,,true,0,0.008333,0.0000,0.0000,1.00,0.00,0.0000,22,1,295,295,0,0,100,1,11,11,0,246528,0,295,0,0,845807616,0.000000,0.000000,25.899282,0.00,0,2,4,25,17,20,26,13,24,55,97,12,0,0,0,0,0,0,0.0017,0.0508,0.1064,0.0042,0.0270,0.0635,0.0374,20.1704,0.1510,0.0000,13.3031,0.0042,1.3426,0.3965,0.0170,0.0051,10.9568
1951,26.4533,0.0000,11.4754,6.8346,,true,0,0.008333,0.0000,0.0000,1.00,0.00,0.0000,22,1,295,295,0,0,100,1,11,11,0,246528,0,295,0,0,845807616,0.000000,0.000000,25.899282,0.00,0,2,4,25,17,20,26,13,24,55,97,12,0,0,0,0,0,0,0.0013,0.0599,0.0869,0.0092,0.0579,0.0678,0.0408,6.8346,0.0817,0.0000,1.0183,0.0044,0.0001,0.3463,0.0147,0.0054,0.0001
1952,26.4622,0.0000,18.4820,7.2334,,true,0,0.008333,0.0000,0.0000,1.00,0.00,0.0000,22,1,295,295,0,0,100,1,11,11,0,246528,0,295,0,0,845807616,0.000000,0.000000,25.899282,0.00,0,2,4,25,17,20,26,13,24,55,97,12,0,0,0,0,0,0,0.0012,0.0586,0.0913,0.0123,0.0589,0.1065,0.0582,7.2334,0.0514,0.0000,0.8926,0.0036,0.0001,0.3295,0.0104,0.0056,0.0001
1953,26.4698,0.0000,8.0628,6.2290,,true,0,0.008333,0.0000,0.0000,1.00,0.00,0.0000,22,1,295,295,0,0,100,1,11,11,0,246528,0,295,0,0,845807616,0.000000,0.000000,25.899282,0.00,0,2,4,25,17,20,26,13,24,55,97,12,0,0,0,0,0,0,0.0027,0.0432,0.0595,0.0052,0.0226,0.0688,0.0366,6.2290,0.0618,0.0000,0.9226,0.0043,0.0001,0.3234,0.0097,0.0057,0.0001
1954,26.4788,0.0000,10.5314,5.3675,,true,0,0.008333,0.0000,0.0000,1.00,0.00,0.0000,22,1,295,295,0,0,100,1,11,11,0,246528,0,295,0,0,845807616,0.000000,0.000000,26.204502,0.00,0,2,4,25,17,20,26,13,24,55,97,12,0,0,0,0,0,0,0.0013,0.0574,0.0573,0.0047,0.0215,0.2176,0.0392,5.3675,0.0789,0.0000,0.8484,0.0029,0.0001,0.3371,0.0114,0.0056,0.0001
1955,26.4908,0.0000,11.3187,5.9250,,true,0,0.008333,0.0000,0.0000,1.00,0.00,0.0000,22,1,295,295,0,0,100,1,11,11,0,246528,0,295,0,0,845807616,0.000000,0.000000,26.204502,0.00,0,2,4,25,17,20,26,13,24,55,97,12,0,0,0,0,0,0,0.0022,0.0462,0.0621,0.0046,0.0236,0.0742,0.0435,5.9250,0.0743,0.0000,0.8135,0.0037,0.0001,0.2871,0.0124,0.0047,0.0001
1956,26.5046,0.0000,14.2687,5.5639,,true,0,0.008333,0.0000,0.0000,1.00,0.00,0.0000,22,1,295,295,0,0,100,1,11,11,0,246528,0,295,0,0,845807616,0.000000,0.000000,26.204502,0.00,0,2,4,25,17,20,26,13,24,55,97,12,0,0,0,0,0,0,0.0016,0.0406,0.0511,0.0056,0.0228,0.0911,0.0405,5.5639,0.0577,0.0000,0.8800,0.0038,0.0001,0.3316,0.0090,0.0053,0.0001
1957,26.5151,0.0000,9.9952,5.9750,,true,0,0.008333,0.0000,0.0000,1.00,0.00,0.0000,22,1,295,295,0,0,100,1,11,11,0,246528,0,295,0,0,845807616,0.000000,0.000000,26.204502,0.00,0,2,4,25,17,20,26,13,24,55,97,12,0,0,0,0,0,0,0.0015,0.0593,0.0744,0.0041,0.0197,0.0544,0.0410,5.9750,0.0823,0.0000,0.9562,0.0044,0.0001,0.3318,0.0334,0.0050,0.0002
1958,26.5270,0.0000,12.3177,5.4282,,true,0,0.008333,0.0000,0.0000,1.00,0.00,0.0000,22,1,295,295,0,0,100,1,11,11,0,246528,0,295,0,0,845807616,0.000000,0.000000,26.204502,0.00,0,2,4,25,17,20,26,13,24,55,97,12,0,0,0,0,0,0,0.0020,0.0479,0.0555,0.0051,0.0261,0.0848,0.0446,5.4282,0.0719,0.0000,0.8483,0.0035,0.0001,0.3316,0.0086,0.0040,0.0002
1959,26.5386,0.0000,11.8928,5.3643,,true,0,0.008333,0.0000,0.0000,1.00,0.00,0.0000,22,1,295,295,0,0,100,1,11,11,0,246528,0,295,0,0,845807616,0.000000,0.000000,26.204502,0.00,0,2,4,25,17,20,26,13,24,55,97,12,0,0,0,0,0,0,0.0014,0.0409,0.0648,0.0048,0.0183,0.0819,0.0415,5.3643,0.0821,0.0000,0.8545,0.0043,0.0001,0.2909,0.0165,0.0067,0.0001
1960,26.5502,0.0000,11.7754,5.1517,,true,0,0.008333,0.0000,0.0000,1.00,0.00,0.0000,22,1,295,295,0,0,100,1,11,11,0,246528,0,295,0,0,845807616,0.000000,0.000000,26.204502,0.00,0,2,4,25,17,20,26,13,24,55,97,12,0,0,0,0,0,0,0.0012,0.0431,0.0589,0.0045,0.0224,0.0775,0.0415,5.1517,0.0692,0.0000,0.8684,0.0046,0.0001,0.3381,0.0089,0.0053,0.0001
1961,26.5615,0.0000,11.1922,5.3567,,true,0,0.008333,0.0000,0.0000,1.00,0.00,0.0000,22,1,295,295,0,0,100,1,11,11,0,246528,0,295,0,0,845807616,0.000000,0.000000,26.204502,0.00,0,2,4,25,17,20,26,13,24,55,97,12,0,0,0,0,0,0,0.0018,0.0427,0.0582,0.0039,0.0227,0.0831,0.0445,5.3567,0.0692,0.0000,0.8589,0.0050,0.0001,0.3318,0.0084,0.0054,0.0001
1962,26.5731,0.0000,11.2409,5.6854,,true,0,0.008333,0.0000,0.0000,1.00,0.00,0.0000,22,1,295,295,0,0,100,1,11,11,0,246528,0,295,0,0,845807616,0.000000,0.000000,26.204502,0.00,0,2,4,25,17,20,26,13,24,55,97,12,0,0,0,0,0,0,0.0014,0.0431,0.0573,0.0049,0.0193,0.0789,0.0445,5.6854,0.0782,0.0000,0.8574,0.0031,0.0001,0.3312,0.0096,0.0053,0.0002
1963,26.5855,0.0000,12.5250,5.4537,,true,0,0.008333,0.0000,0.0000,1.00,0.00,0.0000,22,1,295,295,0,0,100,1,11,11,0,246528,0,295,0,0,845807616,0.000000,0.000000,26.204502,0.00,0,2,4,25,17,20,26,13,24,55,97,12,0,0,0,0,0,0,0.0027,0.0436,0.0743,0.0039,0.0231,0.0835,0.0380,5.4537,0.0869,0.0000,0.9076,0.0038,0.0001,0.3733,0.0089,0.0048,0.0001
1964,26.5998,0.0000,12.8493,6.7712,,true,0,0.008333,0.0000,0.0000,1.00,0.00,0.0000,22,1,295,295,0,0,100,1,11,11,0,246528,0,295,0,0,845807616,0.000000,0.000000,26.204502,0.00,0,2,4,25,17,20,26,13,24,55,97,12,0,0,0,0,0,0,0.0014,0.0505,0.0554,0.0054,0.0222,0.0916,0.0363,6.7712,0.0631,0.0000,0.8677,0.0040,0.0001,0.3469,0.0097,0.0066,0.0001
1965,26.6097,0.0000,11.4608,5.3845,,true,0,0.008333,0.0000,0.0000,1.00,0.00,0.0000,22,1,295,295,0,0,100,1,11,11,0,246528,0,295,0,0,845807616,0.000000,0.000000,26.204502,0.00,0,2,4,25,17,20,26,13,24,55,97,12,0,0,0,0,0,0,0.0026,0.0567,0.0532,0.0039,0.0250,0.0588,0.0529,5.3845,0.0709,0.0000,0.8677,0.0042,0.0001,0.2818,0.0091,0.0062,0.0001
1966,26.6220,0.0000,12.2607,5.2163,,true,0,0.008333,0.0000,0.0000,1.00,0.00,0.0000,22,1,295,295,0,0,100,1,11,11,0,246528,0,295,0,0,845807616,0.000000,0.000000,26.204502,0.00,0,2,4,25,17,20,26,13,24,55,97,12,0,0,0,0,0,0,0.0012,0.0403,0.0564,0.0048,0.0196,0.0731,0.0476,5.2163,0.0607,0.0000,0.8357,0.0041,0.0001,0.3370,0.0075,0.0043,0.0001
1967,26.6343,0.0000,11.4834,5.9878,,true,0,0.008333,0.0000,0.0000,1.00,0.00,0.0000,22,1,295,295,0,0,100,1,11,11,0,246528,0,295,0,0,845807616,0.000000,0.000000,26.204502,0.00,0,2,4,25,17,20,26,13,24,55,97,12,0,0,0,0,0,0,0.0011,0.0498,0.0544,0.0057,0.0223,0.0753,0.0417,5.9878,0.0846,0.0000,0.8835,0.0042,0.0001,0.2892,0.0080,0.0049,0.0004
1968,26.6471,0.0000,12.9113,5.9968,,true,0,0.008333,0.0000,0.0000,1.00,0.00,0.0000,22,1,295,295,0,0,100,1,11,11,0,246528,0,295,0,0,845807616,0.000000,0.000000,26.204502,0.00,0,2,4,25,17,20,26,13,24,55,97,12,0,0,0,0,0,0,0.0028,0.0439,0.0684,0.0055,0.0212,0.0992,0.0488,5.9968,0.0806,0.0000,0.9589,0.0037,0.0001,0.3606,0.0095,0.0055,0.0001
1969,26.6579,0.0000,11.4224,5.4524,,true,0,0.008333,0.0000,0.0000,1.00,0.00,0.0000,22,1,295,295,0,0,100,1,11,11,0,246528,0,295,0,0,845807616,0.000000,0.000000,26.204502,0.00,0,2,4,25,17,20,26,13,24,55,97,12,0,0,0,0,0,0,0.0013,0.0457,0.0571,0.0036,0.0229,0.0873,0.0414,5.4524,0.0667,0.0000,0.8412,0.0043,0.0001,0.3216,0.0088,0.0051,0.0001
1970,26.6706,0.0000,11.9923,6.2788,,true,0,0.008333,0.0000,0.0000,1.00,0.00,0.0000,22,1,295,295,0,0,100,1,11,11,0,246528,0,295,0,0,845807616,0.000000,0.000000,26.204502,0.00,0,2,4,25,17,20,26,13,24,55,97,12,0,0,0,0,0,0,0.0033,0.0694,0.0830,0.0052,0.0243,0.0703,0.0705,6.2788,0.0897,0.0000,1.2823,0.0050,0.0001,0.4578,0.0152,0.0078,0.0001
1971,26.6812,0.0000,11.5473,5.3738,,true,0,0.008333,0.0000,0.0000,1.00,0.00,0.0000,22,1,295,295,0,0,100,1,11,11,0,246528,0,295,0,0,845807616,0.000000,0.000000,26.204502,0.00,0,2,4,25,17,20,26,13,24,55,97,12,0,0,0,0,0,0,0.0014,0.0432,0.0761,0.0043,0.0180,0.0716,0.0382,5.3738,0.0744,0.0000,0.7490,0.0051,0.0001,0.2808,0.0065,0.0045,0.0001
1972,26.6942,0.0000,12.0974,5.8106,,true,0,0.008333,0.0000,0.0000,1.00,0.00,0.0000,22,1,295,295,0,0,100,1,11,11,0,246528,0,295,0,0,845807616,0.000000,0.000000,26.204502,0.00,0,2,4,25,17,20,26,13,24,55,97,12,0,0,0,0,0,0,0.0022,0.0628,0.0758,0.0058,0.0261,0.0760,0.0396,5.8106,0.0912,0.0000,0.9213,0.0035,0.0001,0.3360,0.0118,0.0064,0.0001
1973,26.7064,0.0000,12.2737,5.8429,,true,0,0.008333,0.0000,0.0000,1.00,0.00,0.0000,22,1,295,295,0,0,100,1,11,11,0,246528,0,295,0,0,845807616,0.000000,0.000000,26.204502,0.00,0,2,4,25,17,20,26,13,24,55,97,12,0,0,0,0,0,0,0.0016,0.0508,0.0785,0.0046,0.0268,0.0721,0.0396,5.8429,0.0778,0.0000,0.9306,0.0039,0.0001,0.3886,0.0093,0.0062,0.0001
1974,26.7174,0.0000,11.4087,5.7320,,true,0,0.008333,0.0000,0.0000,1.00,0.00,0.0000,22,1,295,295,0,0,100,1,11,11,0,246528,0,295,0,0,845807616,0.000000,0.000000,26.204502,0.00,0,2,4,25,17,20,26,13,24,55,97,12,0,0,0,0,0,0,0.0030,0.0477,0.0619,0.0192,0.0243,0.0809,0.0448,5.7320,0.1086,0.0000,0.9100,0.0046,0.0001,0.3522,0.0101,0.0054,0.0001
1975,26.7285,0.0000,11.7597,5.1519,,true,0,0.008333,0.0000,0.0000,1.00,0.00,0.0000,22,1,295,295,0,0,100,1,11,11,0,246528,0,295,0,0,845807616,0.000000,0.000000,26.204502,0.00,0,2,4,25,17,20,26,13,24,55,97,12,0,0,0,0,0,0,0.0026,0.0445,0.0764,0.0036,0.0256,0.0741,0.0389,5.1519,0.0601,0.0000,0.8683,0.0039,0.0001,0.3287,0.0086,0.0051,0.0001
1976,26.7393,0.0000,10.9136,5.4725,,true,0,0.008333,0.0000,0.0000,1.00,0.00,0.0000,22,1,295,295,0,0,100,1,11,11,0,246528,0,295,0,0,845807616,0.000000,0.000000,26.204502,0.00,0,2,4,25,17,20,26,13,24,55,97,12,0,0,0,0,0,0,0.0020,0.0407,0.0613,0.0052,0.0193,0.0556,0.0499,5.4725,0.0696,0.0000,0.8631,0.0039,0.0001,0.3384,0.0105,0.0067,0.0001
1977,26.7536,0.0000,12.0301,6.2945,,true,0,0.008333,0.0000,0.0000,1.00,0.00,0.0000,22,1,295,295,0,0,100,1,11,11,0,246528,0,295,0,0,845807616,0.000000,0.000000,26.204502,0.00,0,2,4,25,17,20,26,13,24,55,97,12,0,0,0,0,0,0,0.0012,0.0528,0.0496,0.0080,0.0196,0.0718,0.0388,6.2945,0.0749,0.0000,0.8479,0.0036,0.0001,0.3293,0.0084,0.0054,0.0001
1978,26.7645,0.0000,12.2538,5.9730,,true,0,0.008333,0.0000,0.0000,1.00,0.00,0.0000,22,1,295,295,0,0,100,1,11,11,0,246528,0,295,0,0,845807616,0.000000,0.000000,26.204502,0.00,0,2,4,25,17,20,26,13,24,55,97,12,0,0,0,0,0,0,0.0015,0.0628,0.0754,0.0040,0.0247,0.0704,0.0478,5.9730,0.0832,0.0000,1.2322,0.0043,0.0001,0.5163,0.0106,0.0056,0.0002
1979,26.7757,0.0000,11.6615,5.4537,,true,0,0.008333,0.0000,0.0000,1.00,0.00,0.0000,22,1,295,295,0,0,100,1,11,11,0,246528,0,295,0,0,845807616,0.000000,0.000000,26.510231,0.00,0,2,4,25,17,20,26,13,24,55,97,12,0,0,0,0,0,0,0.0021,0.0492,0.0611,0.0041,0.0254,0.2450,0.0388,5.4537,0.0729,0.0000,0.9041,0.0050,0.0001,0.3215,0.0137,0.0073,0.0001
1980,26.7872,0.0000,11.7400,5.2526,,true,0,0.008333,0.0000,0.0000,1.00,0.00,0.0000,22,1,295,295,0,0,100,1,11,11,0,246528,0,295,0,0,845807616,0.000000,0.000000,26.510231,0.00,0,2,4,25,17,20,26,13,24,55,97,12,0,0,0,0,0,0,0.0014,0.0561,0.0557,0.0042,0.0226,0.0614,0.0384,5.2526,0.0713,0.0000,0.7871,0.0043,0.0001,0.2978,0.0031,0.0061,0.0001
1981,26.7997,0.0000,11.3991,6.2736,,true,0,0.008333,0.0000,0.0000,1.00,0.00,0.0000,22,1,295,295,0,0,100,1,11,11,0,246528,0,295,0,0,845807616,0.000000,0.000000,26.510231,0.00,0,2,4,25,17,20,26,13,24,55,97,12,0,0,0,0,0,0,0.0013,0.0452,0.0981,0.0037,0.0206,0.0669,0.0361,6.2736,0.1464,0.0000,0.8583,0.0046,0.0001,0.3589,0.0069,0.0052,0.0001
1982,26.8138,0.0000,14.2269,5.8714,,true,0,0.008333,0.0000,0.0000,1.00,0.00,0.0000,22,1,295,295,0,0,100,1,11,11,0,246528,0,295,0,0,845807616,0.000000,0.000000,26.510231,0.00,0,2,4,25,17,20,26,13,24,55,97,12,0,0,0,0,0,0,0.0012,0.0569,0.0609,0.0050,0.0224,0.0744,0.0498,5.8714,0.0627,0.0000,0.8589,0.0040,0.0001,0.3172,0.0095,0.0043,0.0001
1983,26.8243,0.0000,10.0835,6.4815,,true,0,0.008333,0.0000,0.0000,1.00,0.00,0.0000,22,1,295,295,0,0,100,1,11,11,0,246528,0,295,0,0,845807616,0.000000,0.000000,26.510231,0.00,0,2,4,25,17,20,26,13,24,55,97,12,0,0,0,0,0,0,0.0010,0.0487,0.0673,0.0032,0.0137,0.0662,0.0404,6.4815,0.0711,0.0000,1.5726,0.7560,0.0001,0.2876,0.0140,0.0065,0.0001
1984,26.8356,0.0000,12.5394,5.0707,,true,0,0.008333,0.0000,0.0000,1.00,0.00,0.0000,22,1,295,295,0,0,100,1,11,11,0,246528,0,295,0,0,845807616,0.000000,0.000000,26.510231,0.00,0,2,4,25,17,20,26,13,24,55,97,12,0,0,0,0,0,0,0.0018,0.0435,0.0578,0.0056,0.0217,0.0769,0.0403,5.0707,0.0689,0.0000,0.8228,0.0030,0.0001,0.3226,0.0090,0.0050,0.0001
1985,26.8473,0.0000,11.6207,5.3553,,true,0,0.008333,0.0000,0.0000,1.00,0.00,0.0000,22,1,295,295,0,0,100,1,11,11,0,246528,0,295,0,0,845807616,0.000000,0.000000,26.510231,0.00,0,2,4,25,17,20,26,13,24,55,97,12,0,0,0,0,0,0,0.0016,0.0379,0.0626,0.0047,0.0225,0.0754,0.0376,5.3553,0.1078,0.0000,0.8509,0.0040,0.0001,0.3192,0.0098,0.0060,0.0001
1986,26.8594,0.0000,11.5635,5.8850,,true,0,0.008333,0.0000,0.0000,1.00,0.00,0.0000,22,1,295,295,0,0,100,1,11,11,0,246528,0,295,0,0,845807616,0.000000,0.000000,26.510231,0.00,0,2,4,25,17,20,26,13,24,55,97,12,0,0,0,0,0,0,0.0057,0.0634,0.0671,0.0075,0.0341,0.0671,0.0454,5.8850,0.0707,0.0000,0.9439,0.0054,0.0001,0.3281,0.0087,0.0061,0.0001
1987,26.8741,0.0000,14.0556,6.3096,,true,0,0.008333,0.0000,0.0000,1.00,0.00,0.0000,22,1,295,295,0,0,100,1,11,11,0,246528,0,295,0,0,845807616,0.000000,0.000000,26.510231,0.00,0,2,4,25,17,20,26,13,24,55,97,12,0,0,0,0,0,0,0.0013,0.0431,0.0506,0.0043,0.0203,0.0753,0.0337,6.3096,0.0592,0.0000,0.7911,0.0031,0.0001,0.2869,0.0042,0.0042,0.0001
1988,26.8864,0.0000,11.6858,6.9854,,true,0,0.008333,0.0000,0.0000,1.00,0.00,0.0000,22,1,295,295,0,0,100,1,11,11,0,246528,0,295,0,0,845811712,0.000000,0.000000,26.510231,0.00,0,2,4,25,17,20,26,13,24,55,97,12,0,0,0,0,0,0,0.0018,0.0654,0.0735,0.0052,0.0217,0.0624,0.0677,6.9854,0.0685,0.0000,1.1956,0.0050,0.0001,0.3471,0.0155,0.0044,0.0003
1989,26.8979,0.0000,11.7812,6.6816,,true,0,0.008333,0.0000,0.0000,1.00,0.00,0.0000,22,1,295,295,0,0,100,1,11,11,0,246528,0,295,0,0,845811712,0.000000,0.000000,26.510231,0.00,0,2,4,25,17,20,26,13,24,55,97,12,0,0,0,0,0,0,0.0020,0.0632,0.0912,0.0063,0.0296,0.1074,0.0478,6.6816,0.0597,0.0000,0.8995,0.0068,0.0001,0.3266,0.0087,0.0059,0.0001
1990,26.9106,0.0000,13.2001,6.2543,,true,0,0.008333,0.0000,0.0000,1.00,0.00,0.0000,22,1,295,295,0,0,100,1,11,11,0,246528,0,295,0,0,845811712,0.000000,0.000000,26.510231,0.00,0,2,4,25,17,20,26,13,24,55,97,12,0,0,0,0,0,0,0.0019,0.0513,0.0684,0.0055,0.0206,0.0783,0.0475,6.2543,0.0580,0.0000,1.0323,0.0041,0.0001,0.3265,0.0120,0.0227,0.0004
1991,26.9217,0.0000,11.6654,5.6934,,true,0,0.008333,0.0000,0.0000,1.00,0.00,0.0000,22,1,295,295,0,0,100,1,11,11,0,246528,0,295,0,0,845811712,0.000000,0.000000,26.510231,0.00,0,2,4,25,17,20,26,13,24,55,97,12,0,0,0,0,0,0,0.0014,0.0429,0.0653,0.0045,0.0228,0.0722,0.0396,5.6934,0.0704,0.0000,0.8606,0.0030,0.0001,0.3224,0.0102,0.0048,0.0001
1992,26.9333,0.0000,11.9564,5.4109,,true,0,0.008333,0.0000,0.0000,1.00,0.00,0.0000,22,1,295,295,0,0,100,1,11,11,0,246528,0,295,0,0,845811712,0.000000,0.000000,26.510231,0.00,0,2,4,25,17,20,26,13,24,55,97,12,0,0,0,0,0,0,0.0012,0.0422,0.0550,0.0057,0.0203,0.0582,0.0424,5.4109,0.0724,0.0000,0.8376,0.0040,0.0001,0.3296,0.0079,0.0049,0.0001
1993,26.9453,0.0000,12.0756,5.3710,,true,0,0.008333,0.0000,0.0000,1.00,0.00,0.0000,22,1,295,295,0,0,100,1,11,11,0,246528,0,295,0,0,845811712,0.000000,0.000000,26.510231,0.00,0,2,4,25,17,20,26,13,24,55,97,12,0,0,0,0,0,0,0.0016,0.0448,0.0576,0.0043,0.0187,0.0563,0.0379,5.3710,0.0734,0.0000,0.8567,0.0039,0.0001,0.3264,0.0089,0.0052,0.0001
1994,26.9568,0.0000,11.3032,5.7771,,true,0,0.008333,0.0000,0.0000,1.00,0.00,0.0000,22,1,295,295,0,0,100,1,11,11,0,246528,0,295,0,0,845811712,0.000000,0.000000,26.510231,0.00,0,2,4,25,17,20,26,13,24,55,97,12,0,0,0,0,0,0,0.0019,0.0419,0.0663,0.0046,0.0200,0.0605,0.0413,5.7771,0.0596,0.0000,0.8553,0.0031,0.0001,0.3248,0.0312,0.0043,0.0001
1995,26.9684,0.0000,11.5623,5.6159,,true,0,0.008333,0.0000,0.0000,1.00,0.00,0.0000,22,1,295,295,0,0,100,1,11,11,0,246528,0,295,0,0,845811712,0.000000,0.000000,26.510231,0.00,0,2,4,25,17,20,26,13,24,55,97,12,0,0,0,0,0,0,0.0024,0.0505,0.0622,0.0062,0.0269,0.1021,0.0394,5.6159,0.0722,0.0000,0.8740,0.0040,0.0001,0.3163,0.0106,0.0041,0.0001
1996,26.9804,0.0000,12.2273,5.3761,,true,0,0.008333,0.0000,0.0000,1.00,0.00,0.0000,22,1,295,295,0,0,100,1,11,11,0,246528,0,295,0,0,845811712,0.000000,0.000000,26.510231,0.00,0,2,4,25,17,20,26,13,24,55,97,12,0,0,0,0,0,0,0.0015,0.0588,0.0717,0.0040,0.0152,0.0760,0.0432,5.3761,0.0801,0.0000,0.8842,0.0026,0.0001,0.3229,0.0081,0.0047,0.0001
1997,26.9926,0.0000,11.5996,6.0413,,true,0,0.008333,0.0000,0.0000,1.00,0.00,0.0000,22,1,295,295,0,0,100,1,11,11,0,246528,0,295,0,0,845811712,0.000000,0.000000,26.510231,0.00,0,2,4,25,17,20,26,13,24,55,97,12,0,0,0,0,0,0,0.0017,0.0594,0.0727,0.0062,0.0275,0.0766,0.0521,6.0413,0.0806,0.0000,0.9527,0.0067,0.0001,0.3287,0.0091,0.0063,0.0001
1998,27.0065,0.0000,13.3989,6.3182,,true,0,0.008333,0.0000,0.0000,1.00,0.00,0.0000,22,1,295,295,0,0,100,1,11,11,0,246528,0,295,0,0,845811712,0.000000,0.000000,26.510231,0.00,0,2,4,25,17,20,26,13,24,55,97,12,0,0,0,0,0,0,0.0015,0.0514,0.0724,0.0064,0.0251,0.0912,0.0440,6.3182,0.1329,0.0000,0.9623,0.0041,0.0001,0.3274,0.0120,0.0070,0.0001
1999,27.0161,0.0000,10.8983,5.2731,,true,0,0.008333,0.0000,0.0000,1.00,0.00,0.0000,22,1,295,295,0,0,100,1,11,11,0,246528,0,295,0,0,845811712,0.000000,0.000000,26.510231,0.00,0,2,4,25,17,20,26,13,24,55,97,12,0,0,0,0,0,0,0.0012,0.0429,0.0765,0.0038,0.0188,0.0771,0.0491,5.2731,0.0895,0.0000,0.8576,0.0035,0.0001,0.3451,0.0110,0.0037,0.0001
2000,27.0271,0.0000,11.4275,4.8626,,true,0,0.008333,0.0000,0.0000,1.00,0.00,0.0000,22,1,295,295,0,0,100,1,11,11,0,246528,0,295,0,0,845811712,0.000000,0.000000,26.510231,0.00,0,2,4,25,17,20,26,13,24,55,97,12,0,0,0,0,0,0,0.0010,0.0346,0.0502,0.0035,0.0168,0.0580,0.0375,4.8626,0.0608,0.0000,0.6989,0.0018,0.0001,0.2903,0.0082,0.0034,0.0001
2001,27.0383,0.0000,11.2508,4.7759,,true,0,0.008333,0.0000,0.0000,1.00,0.00,0.0000,22,1,295,295,0,0,100,1,11,11,0,246528,0,295,0,0,845811712,0.000000,0.000000,26.510231,0.00,0,2,4,25,17,20,26,13,24,55,97,12,0,0,0,0,0,0,0.0044,0.0306,0.0462,0.0034,0.0137,0.0722,0.0341,4.7759,0.0569,0.0000,0.6816,0.0022,0.0001,0.2771,0.0065,0.0027,0.0005
2002,27.0502,0.0000,11.2556,5.6199,,true,0,0.008333,0.0000,0.0000,1.00,0.00,0.0000,22,1,295,295,0,0,100,1,11,11,0,246528,0,295,0,0,845811712,0.000000,0.000000,26.510231,0.00,0,2,4,25,17,20,26,13,24,55,97,12,0,0,0,0,0,0,0.0012,0.0391,0.0498,0.0066,0.0261,0.0748,0.0398,5.6199,0.0597,0.0000,0.8042,0.0032,0.0001,0.3212,0.0080,0.0041,0.0002
2003,27.0619,0.0000,11.7167,5.3669,,true,0,0.008333,0.0000,0.0000,1.00,0.00,0.0000,22,1,295,295,0,0,100,1,11,11,0,246528,0,295,0,0,845811712,0.000000,0.000000,26.510231,0.00,0,2,4,25,17,20,26,13,24,55,97,12,0,0,0,0,0,0,0.0013,0.0546,0.0664,0.0034,0.0156,0.0470,0.0552,5.3669,0.0788,0.0000,0.8935,0.0043,0.0001,0.3219,0.0102,0.0062,0.0001
2004,27.0732,0.0000,11.2733,5.4623,,true,0,0.008333,0.0000,0.0000,1.00,0.00,0.0000,22,1,295,295,0,0,100,1,11,11,0,246528,0,295,0,0,845811712,0.000000,0.000000,26.510231,0.00,0,2,4,25,17,20,26,13,24,55,97,12,0,0,0,0,0,0,0.0015,0.0719,0.0677,0.0028,0.0137,0.0428,0.0479,5.4623,0.0500,0.0000,0.9123,0.0047,0.0001,0.3406,0.0108,0.0050,0.0001
2005,27.0857,0.0000,11.5739,5.9944,,true,0,0.008333,0.0000,0.0000,1.00,0.00,0.0000,22,1,295,295,0,0,100,1,11,11,0,246528,0,295,0,0,845811712,0.000000,0.000000,26.816018,0.00,0,2,4,25,17,20,26,13,24,55,97,12,0,0,0,0,0,0,0.0013,0.0474,0.0592,0.0045,0.0258,0.2482,0.0410,5.9944,0.0830,0.0000,0.8352,0.0047,0.0001,0.3209,0.0102,0.0061,0.0001
2006,27.0975,0.0000,12.7564,5.2893,,true,0,0.008333,0.0000,0.0000,1.00,0.00,0.0000,22,1,295,295,0,0,100,1,11,11,0,246528,0,295,0,0,845811712,0.000000,0.000000,26.816018,0.00,0,2,4,25,17,20,26,13,24,55,97,12,0,0,0,0,0,0,0.0016,0.0431,0.0681,0.0051,0.0208,0.0713,0.0382,5.2893,0.0762,0.0000,0.9726,0.0038,0.0001,0.4026,0.0150,0.0053,0.0002
2007,27.1104,0.0000,12.2357,5.9599,,true,0,0.008333,0.0000,0.0000,1.00,0.00,0.0000,22,1,295,295,0,0,100,1,11,11,0,246528,0,295,0,0,845811712,0.000000,0.000000,26.816018,0.00,0,2,4,25,17,20,26,13,24,55,97,12,0,0,0,0,0,0,0.0020,0.0544,0.0662,0.0053,0.0246,0.0921,0.0780,5.9599,0.0695,0.0000,0.8452,0.0041,0.0001,0.3336,0.0087,0.0050,0.0001
2008,27.1227,0.0000,12.1414,5.7635,,true,0,0.008333,0.0000,0.0000,1.00,0.00,0.0000,22,1,295,295,0,0,100,1,11,11,0,246528,0,295,0,0,845811712,0.000000,0.000000,26.816018,0.00,0,2,4,25,17,20,26,13,24,55,97,12,0,0,0,0,0,0,0.0013,0.0437,0.0602,0.0062,0.0247,0.0778,0.0435,5.7635,0.0680,0.0000,0.8390,0.0043,0.0001,0.3261,0.0076,0.0044,0.0001
2009,27.1326,0.0000,11.0741,4.9695,,true,0,0.008333,0.0000,0.0000,1.00,0.00,0.0000,22,1,295,295,0,0,100,1,11,11,0,246528,0,295,0,0,845811712,0.000000,0.000000,26.816018,0.00,0,2,4,25,17,20,26,13,24,55,97,12,0,0,0,0,0,0,0.0041,0.0399,0.0591,0.0046,0.0256,0.0698,0.0490,4.9695,0.0496,0.0000,0.8302,0.0036,0.0001,0.3167,0.0093,0.0046,0.0001
2010,27.1454,0.0000,12.4247,5.3025,,true,0,0.008333,0.0000,0.0000,1.00,0.00,0.0000,22,1,295,295,0,0,100,1,11,11,0,246528,0,295,0,0,845811712,0.000000,0.000000,26.816018,0.00,0,2,4,25,17,20,26,13,24,55,97,12,0,0,0,0,0,0,0.0017,0.0490,0.0599,0.0051,0.0262,0.0715,0.0382,5.3025,0.0684,0.0000,0.8465,0.0043,0.0001,0.3211,0.0101,0.0066,0.0001
2011,27.1584,0.0000,11.9826,6.3330,,true,0,0.008333,0.0000,0.0000,1.00,0.00,0.0000,22,1,295,295,0,0,100,1,11,11,0,246528,0,295,0,0,845811712,0.000000,0.000000,26.816018,0.00,0,2,4,25,17,20,26,13,24,55,97,12,0,0,0,0,0,0,0.0016,0.0465,0.0736,0.0059,0.0264,0.0864,0.0390,6.3330,0.0992,0.0000,0.8907,0.0042,0.0001,0.3286,0.0076,0.0050,0.0001
2012,27.1709,0.0000,12.9720,5.7311,,true,0,0.008333,0.0000,0.0000,1.00,0.00,0.0000,22,1,295,295,0,0,100,1,11,11,0,246528,0,295,0,0,845811712,0.000000,0.000000,26.816018,0.00,0,2,4,25,17,20,26,13,24,55,97,12,0,0,0,0,0,0,0.0029,0.0502,0.0577,0.0057,0.0263,0.0837,0.0394,5.7311,0.0674,0.0000,0.8299,0.0024,0.0001,0.3191,0.0088,0.0040,0.0001
2013,27.1969,0.0000,12.6717,19.0429,,true,0,0.008333,0.0000,0.0000,1.00,0.00,0.0000,22,1,295,295,0,0,100,1,11,11,0,246528,0,295,0,0,845811712,0.000000,0.000000,26.816018,0.00,0,2,4,25,17,20,26,13,24,55,97,12,0,0,0,0,0,0,0.0112,0.0714,0.0954,0.0055,0.0257,0.0794,0.0482,19.0429,0.1050,0.0000,13.1944,0.0030,0.7945,0.3127,0.0491,0.0060,11.4117
2014,27.2063,0.0000,13.1161,7.5944,,true,0,0.008333,0.0000,0.0000,1.00,0.00,0.0000,22,1,295,295,0,0,100,1,11,11,0,246528,0,295,0,0,845811712,0.000000,0.000000,26.816018,0.00,0,2,4,25,17,20,26,13,24,55,97,12,0,0,0,0,0,0,0.0025,0.0321,0.1502,0.0068,0.0363,0.1112,0.0527,7.5944,0.0818,0.0000,0.9345,0.0023,0.0001,0.3805,0.0081,0.0035,0.0001
2015,27.2137,0.0000,15.6583,5.8914,,true,0,0.008333,0.0000,0.0000,1.00,0.00,0.0000,22,1,295,295,0,0,100,1,11,11,0,246528,0,295,0,0,845975552,0.000000,0.000000,26.816018,0.00,0,2,4,25,17,20,26,13,24,55,97,12,0,0,0,0,0,0,0.0026,0.0232,0.1043,0.0033,0.0150,0.0471,0.0338,5.8914,0.0989,0.0000,0.9315,0.0022,0.0001,0.4024,0.0104,0.0022,0.0001
2016,27.2208,0.0000,9.4245,5.0284,,true,0,0.008333,0.0000,0.0000,1.00,0.00,0.0000,22,1,295,295,0,0,100,1,11,11,0,246528,0,295,0,0,845975552,0.000000,0.000000,26.816018,0.00,0,2,4,25,17,20,26,13,24,55,97,12,0,0,0,0,0,0,0.0051,0.0371,0.0511,0.0048,0.0224,0.0580,0.0364,5.0284,0.0706,0.0000,0.8082,0.0029,0.0001,0.3024,0.0072,0.0043,0.0001
2017,27.2341,0.0000,11.8126,6.3321,,true,0,0.008333,0.0000,0.0000,1.00,0.00,0.0000,22,1,295,295,0,0,100,1,11,11,0,246528,0,295,0,0,845975552,0.000000,0.000000,26.816018,0.00,0,2,4,25,17,20,26,13,24,55,97,12,0,0,0,0,0,0,0.0011,0.0515,0.0745,0.0045,0.0227,0.0605,0.0478,6.3321,0.0817,0.0000,0.8731,0.0049,0.0001,0.3202,0.0091,0.0071,0.0001
2018,27.2456,0.0000,12.4997,5.3107,,true,0,0.008333,0.0000,0.0000,1.00,0.00,0.0000,22,1,295,295,0,0,100,1,11,11,0,246528,0,295,0,0,845975552,0.000000,0.000000,26.816018,0.00,0,2,4,25,17,20,26,13,24,55,97,12,0,0,0,0,0,0,0.0015,0.0420,0.0625,0.0039,0.0203,0.0777,0.0348,5.3107,0.0700,0.0000,0.8094,0.0041,0.0001,0.3097,0.0081,0.0047,0.0001
2019,27.2614,0.0000,11.6173,9.5486,,true,0,0.008333,0.0000,0.0000,1.00,0.00,0.0000,22,1,295,295,0,0,100,1,11,11,0,246528,0,295,0,0,845975552,0.000000,0.000000,26.816018,0.00,0,2,4,25,17,20,26,13,24,55,97,12,0,0,0,0,0,0,0.0010,0.0388,0.1038,0.0064,0.0225,0.0811,0.0411,9.5486,0.1496,0.0000,0.8747,0.0040,0.0001,0.3679,0.0078,0.0051,0.0002
2020,27.2711,0.0000,13.4715,5.4515,,true,0,0.008333,0.0000,0.0000,1.00,0.00,0.0000,22,1,295,295,0,0,100,1,11,11,0,246528,0,295,0,0,845975552,0.000000,0.000000,26.816018,0.00,0,2,4,25,17,20,26,13,24,55,97,12,0,0,0,0,0,0,0.0015,0.0419,0.0618,0.0038,0.0189,0.0746,0.0366,5.4515,0.0607,0.0000,0.8373,0.0032,0.0001,0.3259,0.0084,0.0049,0.0001
2021,27.2812,0.0000,10.4240,5.5859,,true,0,0.008333,0.0000,0.0000,1.00,0.00,0.0000,22,1,295,295,0,0,100,1,11,11,0,246528,0,295,0,0,845975552,0.000000,0.000000,26.816018,0.00,0,2,4,25,17,20,26,13,24,55,97,12,0,0,0,0,0,0,0.0016,0.0424,0.0604,0.0054,0.0194,0.0721,0.0364,5.5859,0.0758,0.0000,0.8577,0.0035,0.0001,0.3602,0.0082,0.0041,0.0002
2022,27.2927,0.0000,12.6088,4.8614,,true,0,0.008333,0.0000,0.0000,1.00,0.00,0.0000,22,1,295,295,0,0,100,1,11,11,0,246528,0,295,0,0,845975552,0.000000,0.000000,26.816018,0.00,0,2,4,25,17,20,26,13,24,55,97,12,0,0,0,0,0,0,0.0021,0.0400,0.0504,0.0036,0.0216,0.0640,0.0414,4.8614,0.0627,0.0000,0.8337,0.0042,0.0001,0.3233,0.0091,0.0054,0.0001
2023,27.3067,0.0000,12.7801,5.5831,,true,0,0.008333,0.0000,0.0000,1.00,0.00,0.0000,22,1,295,295,0,0,100,1,11,11,0,246528,0,295,0,0,845975552,0.000000,0.000000,26.816018,0.00,0,2,4,25,17,20,26,13,24,55,97,12,0,0,0,0,0,0,0.0018,0.0483,0.0615,0.0053,0.0230,0.0766,0.0391,5.5831,0.0704,0.0000,0.8826,0.0048,0.0001,0.3076,0.0096,0.0058,0.0005
2024,27.3204,0.0000,12.9653,6.2270,,true,0,0.008333,0.0000,0.0000,1.00,0.00,0.0000,22,1,295,295,0,0,100,1,11,11,0,246528,0,295,0,0,846032896,0.000000,0.000000,26.816018,0.00,0,2,4,25,17,20,26,13,24,55,97,12,0,0,0,0,0,0,0.0023,0.0496,0.0690,0.0060,0.0280,0.0892,0.0375,6.2270,0.0809,0.0000,0.8802,0.0045,0.0001,0.3223,0.0106,0.0058,0.0002
2025,27.3303,0.0000,11.3386,5.0021,,true,0,0.008333,0.0000,0.0000,1.00,0.00,0.0000,22,1,295,295,0,0,100,1,11,11,0,246528,0,295,0,0,846032896,0.000000,0.000000,26.816018,0.00,0,2,4,25,17,20,26,13,24,55,97,12,0,0,0,0,0,0,0.0015,0.0441,0.0571,0.0047,0.0226,0.0664,0.0365,5.0021,0.0648,0.0000,0.8248,0.0034,0.0001,0.3087,0.0085,0.0058,0.0001
2026,27.3420,0.0000,11.5018,5.4041,,true,0,0.008333,0.0000,0.0000,1.00,0.00,0.0000,22,1,295,295,0,0,100,1,11,11,0,246528,0,295,0,0,846032896,0.000000,0.000000,26.816018,0.00,0,2,4,25,17,20,26,13,24,55,97,12,0,0,0,0,0,0,0.0021,0.0472,0.0840,0.0050,0.0203,0.0675,0.0465,5.4041,0.0849,0.0000,0.8161,0.0038,0.0001,0.3073,0.0082,0.0048,0.0001
2027,27.3539,0.0000,11.8464,5.2062,,true,0,0.008333,0.0000,0.0000,1.00,0.00,0.0000,22,1,295,295,0,0,100,1,11,11,0,246528,0,295,0,0,846032896,0.000000,0.000000,26.816018,0.00,0,2,4,25,17,20,26,13,24,55,97,12,0,0,0,0,0,0,0.0017,0.0529,0.0525,0.0047,0.0188,0.0546,0.0497,5.2062,0.0822,0.0000,0.8356,0.0072,0.0001,0.3224,0.0078,0.0064,0.0001
2028,27.3658,0.0000,11.4630,5.6812,,true,0,0.008333,0.0000,0.0000,1.00,0.00,0.0000,22,1,295,295,0,0,100,1,11,11,0,246528,0,295,0,0,846032896,0.000000,0.000000,26.816018,0.00,0,2,4,25,17,20,26,13,24,55,97,12,0,0,0,0,0,0,0.0013,0.0475,0.0476,0.0046,0.0217,0.0793,0.0393,5.6812,0.0731,0.0000,0.8222,0.0056,0.0001,0.3121,0.0075,0.0228,0.0001
2029,27.3788,0.0000,13.2752,5.2830,,true,0,0.008333,0.0000,0.0000,1.00,0.00,0.0000,22,1,295,295,0,0,100,1,11,11,0,246528,0,295,0,0,846032896,0.000000,0.000000,26.816018,0.00,0,2,4,25,17,20,26,13,24,55,97,12,0,0,0,0,0,0,0.0026,0.0413,0.0581,0.0042,0.0224,0.0684,0.0366,5.2830,0.0670,0.0000,0.8265,0.0042,0.0001,0.3392,0.0096,0.0043,0.0001
2030,27.3919,0.0000,11.9196,6.5206,,true,0,0.008333,0.0000,0.0000,1.00,0.00,0.0000,22,1,295,295,0,0,100,1,11,11,0,246528,0,295,0,0,846032896,0.000000,0.000000,27.121600,0.00,0,2,4,25,17,20,26,13,24,55,97,12,0,0,0,0,0,0,0.0013,0.0421,0.0644,0.0034,0.0201,0.2465,0.0332,6.5206,0.0783,0.0000,0.8111,0.0042,0.0001,0.3250,0.0083,0.0056,0.0001
2031,27.4057,0.0000,12.0723,8.1002,,true,0,0.008333,0.0000,0.0000,1.00,0.00,0.0000,22,1,295,295,0,0,100,1,11,11,0,246528,0,295,0,0,846032896,0.000000,0.000000,27.121600,0.00,0,2,4,25,17,20,26,13,24,55,97,12,0,0,0,0,0,0,0.0016,0.0554,0.1154,0.0046,0.0223,0.0693,0.0533,8.1002,0.1557,0.0000,1.0633,0.0036,0.0001,0.4224,0.0145,0.0051,0.0001
2032,27.4194,0.0000,14.3369,7.0859,,true,0,0.008333,0.0000,0.0000,1.00,0.00,0.0000,22,1,295,295,0,0,100,1,11,11,0,246528,0,295,0,0,846032896,0.000000,0.000000,27.121600,0.00,0,2,4,25,17,20,26,13,24,55,97,12,0,0,0,0,0,0,0.0017,0.0442,0.0605,0.0050,0.0253,0.0859,0.0380,7.0859,0.0717,0.0000,0.9766,0.0053,0.0001,0.3540,0.0110,0.0066,0.0001
2033,27.4308,0.0000,12.7978,6.1061,,true,0,0.008333,0.0000,0.0000,1.00,0.00,0.0000,22,1,295,295,0,0,100,1,11,11,0,246528,0,295,0,0,846032896,0.000000,0.000000,27.121600,0.00,0,2,4,25,17,20,26,13,24,55,97,12,0,0,0,0,0,0,0.0024,0.0582,0.0698,0.0052,0.0253,0.1161,0.0397,6.1061,0.0798,0.0000,0.8524,0.0054,0.0001,0.3136,0.0094,0.0064,0.0001
2034,27.4433,0.0000,11.6712,6.8976,,true,0,0.008333,0.0000,0.0000,1.00,0.00,0.0000,22,1,295,295,0,0,100,1,11,11,0,246528,0,295,0,0,846032896,0.000000,0.000000,27.121600,0.00,0,2,4,25,17,20,26,13,24,55,97,12,0,0,0,0,0,0,0.0022,0.0611,0.0725,0.0069,0.0257,0.0956,0.0495,6.8976,0.0730,0.0000,0.9644,0.0044,0.0001,0.3383,0.0155,0.0067,0.0001
2035,27.4553,0.0000,13.3498,5.4451,,true,0,0.008333,0.0000,0.0000,1.00,0.00,0.0000,22,1,295,295,0,0,100,1,11,11,0,246528,0,295,0,0,846032896,0.000000,0.000000,27.121600,0.00,0,2,4,25,17,20,26,13,24,55,97,12,0,0,0,0,0,0,0.0038,0.0355,0.0430,0.0037,0.0233,0.0992,0.0335,5.4451,0.0524,0.0000,0.7119,0.0027,0.0001,0.2798,0.0074,0.0049,0.0001
2036,27.4666,0.0000,11.3410,5.4843,,true,0,0.008333,0.0000,0.0000,1.00,0.00,0.0000,22,1,295,295,0,0,100,1,11,11,0,246528,0,295,0,0,846032896,0.000000,0.000000,27.121600,0.00,0,2,4,25,17,20,26,13,24,55,97,12,0,0,0,0,0,0,0.0009,0.0241,0.0408,0.0026,0.0127,0.0421,0.0314,5.4843,0.0314,0.0000,0.7059,0.0016,0.0001,0.2765,0.0062,0.0029,0.0001
2037,27.4778,0.0000,12.5417,4.3982,,true,0,0.008333,0.0000,0.0000,1.00,0.00,0.0000,22,1,295,295,0,0,100,1,11,11,0,246528,0,295,0,0,846032896,0.000000,0.000000,27.121600,0.00,0,2,4,25,17,20,26,13,24,55,97,12,0,0,0,0,0,0,0.0028,0.0237,0.0343,0.0026,0.0145,0.0329,0.0284,4.3982,0.0376,0.0000,0.6352,0.0011,0.0001,0.2791,0.0042,0.0022,0.0003
2038,27.4891,0.0000,11.2521,4.4259,,true,0,0.008333,0.0000,0.0000,1.00,0.00,0.0000,22,1,295,295,0,0,100,1,11,11,0,246528,0,295,0,0,846032896,0.000000,0.000000,27.121600,0.00,0,2,4,25,17,20,26,13,24,55,97,12,0,0,0,0,0,0,0.0019,0.0249,0.0361,0.0025,0.0105,0.0335,0.0325,4.4259,0.0428,0.0000,0.6440,0.0017,0.0001,0.2736,0.0038,0.0024,0.0001
2039,27.5028,0.0000,11.9733,5.7487,,true,0,0.008333,0.0000,0.0000,1.00,0.00,0.0000,22,1,295,295,0,0,100,1,11,11,0,246528,0,295,0,0,846032896,0.000000,0.000000,27.121600,0.00,0,2,4,25,17,20,26,13,24,55,97,12,0,0,0,0,0,0,0.0026,0.0286,0.0509,0.0037,0.0181,0.0606,0.0315,5.7487,0.0589,0.0000,0.6877,0.0017,0.0001,0.2776,0.0080,0.0038,0.0001
2040,27.5142,0.0000,12.2618,5.1639,,true,0,0.008333,0.0000,0.0000,1.00,0.00,0.0000,22,1,295,295,0,0,100,1,11,11,0,246528,0,295,0,0,846032896,0.000000,0.000000,27.121600,0.00,0,2,4,25,17,20,26,13,24,55,97,12,0,0,0,0,0,0,0.0044,0.0279,0.0452,0.0035,0.0138,0.0546,0.0346,5.1639,0.0524,0.0000,0.6829,0.0018,0.0001,0.2936,0.0052,0.0035,0.0001
2041,27.5256,0.0000,11.5457,5.0691,,true,0,0.008333,0.0000,0.0000,1.00,0.00,0.0000,22,1,295,295,0,0,100,1,11,11,0,246528,0,295,0,0,846032896,0.000000,0.000000,27.121600,0.00,0,2,4,25,17,20,26,13,24,55,97,12,0,0,0,0,0,0,0.0013,0.0292,0.0400,0.0036,0.0226,0.0551,0.0444,5.0691,0.0481,0.0000,0.7304,0.0032,0.0001,0.2741,0.0062,0.0044,0.0001
2042,27.5377,0.0000,12.0180,5.0277,,true,0,0.008333,0.0000,0.0000,1.00,0.00,0.0000,22,1,295,295,0,0,100,1,11,11,0,246528,0,295,0,0,846032896,0.000000,0.000000,27.121600,0.00,0,2,4,25,17,20,26,13,24,55,97,12,0,0,0,0,0,0,0.0028,0.0420,0.0507,0.0033,0.0140,0.0723,0.0570,5.0277,0.0662,0.0000,0.7931,0.0021,0.0001,0.3037,0.0073,0.0053,0.0001
2043,27.5491,0.0000,11.0217,5.5754,,true,0,0.008333,0.0000,0.0000,1.00,0.00,0.0000,22,1,295,295,0,0,100,1,11,11,0,246528,0,295,0,0,846032896,0.000000,0.000000,27.121600,0.00,0,2,4,25,17,20,26,13,24,55,97,12,0,0,0,0,0,0,0.0013,0.0507,0.0632,0.0058,0.0255,0.0828,0.0398,5.5754,0.1268,0.0000,0.8925,0.0038,0.0001,0.3785,0.0088,0.0052,0.0003
2044,27.5607,0.0000,11.6207,5.5602,,true,0,0.008333,0.0000,0.0000,1.00,0.00,0.0000,22,1,295,295,0,0,100,1,11,11,0,246528,0,295,0,0,846032896,0.000000,0.000000,27.121600,0.00,0,2,4,25,17,20,26,13,24,55,97,12,0,0,0,0,0,0,0.0019,0.0460,0.0699,0.0041,0.0183,0.0699,0.0431,5.5602,0.0776,0.0000,1.2640,0.0050,0.0001,0.4880,0.0134,0.0052,0.0001
2045,27.5715,0.0000,11.3027,5.1336,,true,0,0.008333,0.0000,0.0000,1.00,0.00,0.0000,22,1,295,295,0,0,100,1,11,11,0,246528,0,295,0,0,846032896,0.000000,0.000000,27.121600,0.00,0,2,4,25,17,20,26,13,24,55,97,12,0,0,0,0,0,0,0.0018,0.0461,0.0556,0.0049,0.0205,0.0697,0.0388,5.1336,0.0708,0.0000,0.8500,0.0172,0.0001,0.3125,0.0082,0.0060,0.0001
2046,27.5860,0.0000,12.2711,7.0332,,true,0,0.008333,0.0000,0.0000,1.00,0.00,0.0000,22,1,295,295,0,0,100,1,11,11,0,246528,0,295,0,0,846032896,0.000000,0.000000,27.121600,0.00,0,2,4,25,17,20,26,13,24,55,97,12,0,0,0,0,0,0,0.0016,0.0999,0.0755,0.0067,0.0436,0.2156,0.0478,7.0332,0.0772,0.0000,1.1349,0.0058,0.0001,0.3687,0.0124,0.0067,0.0005
2047,27.5960,0.0000,12.5629,4.7640,,true,0,0.008333,0.0000,0.0000,1.00,0.00,0.0000,22,1,295,295,0,0,100,1,11,11,0,246528,0,295,0,0,846032896,0.000000,0.000000,27.121600,0.00,0,2,4,25,17,20,26,13,24,55,97,12,0,0,0,0,0,0,0.0045,0.0357,0.0515,0.0038,0.0206,0.0647,0.0376,4.7640,0.0598,0.0000,0.7460,0.0033,0.0001,0.2793,0.0084,0.0052,0.0001
2048,27.6096,0.0000,11.8053,6.2110,,true,0,0.008333,0.0000,0.0000,1.00,0.00,0.0000,22,1,295,295,0,0,100,1,11,11,0,246528,0,295,0,0,846032896,0.000000,0.000000,27.121600,0.00,0,2,4,25,17,20,26,13,24,55,97,12,0,0,0,0,0,0,0.0011,0.0739,0.0673,0.0038,0.0241,0.0661,0.0674,6.2110,0.0780,0.0000,1.3101,0.0064,0.0002,0.4194,0.0176,0.0086,0.0001
2049,27.6216,0.0000,12.4787,5.7705,,true,0,0.008333,0.0000,0.0000,1.00,0.00,0.0000,22,1,295,295,0,0,100,1,11,11,0,246528,0,295,0,0,846032896,0.000000,0.000000,27.121600,0.00,0,2,4,25,17,20,26,13,24,55,97,12,0,0,0,0,0,0,0.0030,0.0647,0.0647,0.0060,0.0267,0.1185,0.0411,5.7705,0.0796,0.0000,0.8455,0.0041,0.0001,0.3148,0.0093,0.0058,0.0001
2050,27.6332,0.0000,11.7627,5.8940,,true,0,0.008333,0.0000,0.0000,1.00,0.00,0.0000,22,1,295,295,0,0,100,1,11,11,0,246528,0,295,0,0,846032896,0.000000,0.000000,27.121600,0.00,0,2,4,25,17,20,26,13,24,55,97,12,0,0,0,0,0,0,0.0013,0.0390,0.0700,0.0052,0.0203,0.0514,0.0568,5.8940,0.0812,0.0000,1.0563,0.0039,0.0001,0.4497,0.0155,0.0127,0.0001
2051,27.6461,0.0000,13.5218,4.9524,,true,0,0.008333,0.0000,0.0000,1.00,0.00,0.0000,22,1,295,295,0,0,100,1,11,11,0,246528,0,295,0,0,846032896,0.000000,0.000000,27.121600,0.00,0,2,4,25,17,20,26,13,24,55,97,12,0,0,0,0,0,0,0.0019,0.0607,0.0478,0.0052,0.0185,0.0655,0.0281,4.9524,0.0601,0.0000,0.7365,0.0033,0.0001,0.2821,0.0076,0.0044,0.0001
2052,27.6586,0.0000,11.6087,6.0876,,true,0,0.008333,0.0000,0.0000,1.00,0.00,0.0000,22,1,295,295,0,0,100,1,11,11,0,246528,0,295,0,0,846032896,0.000000,0.000000,27.121600,0.00,0,2,4,25,17,20,26,13,24,55,97,12,0,0,0,0,0,0,0.0013,0.0498,0.0724,0.0062,0.0268,0.0947,0.0505,6.0876,0.0817,0.0000,0.8714,0.0049,0.0001,0.3262,0.0104,0.0071,0.0001
2053,27.6705,0.0000,12.6412,5.3107,,true,0,0.008333,0.0000,0.0000,1.00,0.00,0.0000,22,1,295,295,0,0,100,1,11,11,0,246528,0,295,0,0,846032896,0.000000,0.000000,27.121600,0.00,0,2,4,25,17,20,26,13,24,55,97,12,0,0,0,0,0,0,0.0023,0.0442,0.0517,0.0048,0.0241,0.0666,0.0399,5.3107,0.0617,0.0000,0.7265,0.0044,0.0001,0.2831,0.0065,0.0050,0.0001
2054,27.6833,0.0000,11.1950,7.0599,,true,0,0.008333,0.0000,0.0000,1.00,0.00,0.0000,22,1,295,295,0,0,100,1,11,11,0,246528,0,295,0,0,846032896,0.000000,0.000000,27.121600,0.00,0,2,4,25,17,20,26,13,24,55,97,12,0,0,0,0,0,0,0.0022,0.0433,0.0676,0.0040,0.0226,0.0764,0.0580,7.0599,0.0989,0.0000,0.9257,0.0046,0.0001,0.3111,0.0131,0.0055,0.0001
2055,27.7017,0.0000,16.7821,8.1437,,true,0,0.008333,0.0000,0.0000,1.00,0.00,0.0000,22,1,295,295,0,0,100,1,11,11,0,246528,0,295,0,0,846032896,0.000000,0.000000,27.426988,0.00,0,2,4,25,17,20,26,13,24,55,97,12,0,0,0,0,0,0,0.0017,0.0405,0.0490,0.0064,0.0349,0.3108,0.0344,8.1437,0.0377,0.0000,0.7188,0.0030,0.0001,0.2773,0.0057,0.0039,0.0001
2056,27.7164,0.0000,12.7809,9.4033,,true,0,0.008333,0.0000,0.0000,1.00,0.00,0.0000,22,1,295,295,0,0,100,1,11,11,0,246528,0,295,0,0,846032896,0.000000,0.000000,27.426988,0.00,0,2,4,25,17,20,26,13,24,55,97,12,0,0,0,0,0,0,0.0012,0.0592,0.0899,0.0033,0.0193,0.0693,0.0614,9.4033,0.1276,0.0000,1.2065,0.0046,0.0001,0.4605,0.0119,0.0058,0.0001
2057,27.7278,0.0000,13.4046,7.5017,,true,0,0.008333,0.0000,0.0000,1.00,0.00,0.0000,22,1,295,295,0,0,100,1,11,11,0,246528,0,295,0,0,846032896,0.000000,0.000000,27.426988,0.00,0,2,4,25,17,20,26,13,24,55,97,12,0,0,0,0,0,0,0.0015,0.0471,0.0874,0.0073,0.0546,0.1197,0.0376,7.5017,0.0826,0.0000,0.9768,0.0064,0.0001,0.3232,0.0112,0.0099,0.0001
2058,27.7365,0.0000,11.7221,5.6949,,true,0,0.008333,0.0000,0.0000,1.00,0.00,0.0000,22,1,295,295,0,0,100,1,11,11,0,246528,0,295,0,0,846032896,0.000000,0.000000,27.426988,0.00,0,2,4,25,17,20,26,13,24,55,97,12,0,0,0,0,0,0,0.0013,0.0382,0.0571,0.0043,0.0211,0.0739,0.0391,5.6949,0.0761,0.0000,0.7521,0.0034,0.0001,0.3001,0.0088,0.0044,0.0001
2059,27.7495,0.0000,12.2004,6.3594,,true,0,0.008333,0.0000,0.0000,1.00,0.00,0.0000,22,1,295,295,0,0,100,1,11,11,0,246528,0,295,0,0,846032896,0.000000,0.000000,27.426988,0.00,0,2,4,25,17,20,26,13,24,55,97,12,0,0,0,0,0,0,0.0025,0.0492,0.1070,0.0050,0.0227,0.0880,0.0585,6.3594,0.1397,0.0000,0.9974,0.0043,0.0001,0.3755,0.0134,0.0066,0.0001
2060,27.7617,0.0000,12.9122,5.6644,,true,0,0.008333,0.0000,0.0000,1.00,0.00,0.0000,22,1,295,295,0,0,100,1,11,11,0,246528,0,295,0,0,846032896,0.000000,0.000000,27.426988,0.00,0,2,4,25,17,20,26,13,24,55,97,12,0,0,0,0,0,0,0.0026,0.0523,0.0704,0.0051,0.0267,0.0862,0.0430,5.6644,0.0782,0.0000,0.8585,0.0039,0.0001,0.3190,0.0115,0.0050,0.0001
2061,27.7746,0.0000,12.2141,6.3522,,true,0,0.008333,0.0000,0.0000,1.00,0.00,0.0000,22,1,295,295,0,0,100,1,11,11,0,246528,0,295,0,0,846032896,0.000000,0.000000,27.426988,0.00,0,2,4,25,17,20,26,13,24,55,97,12,0,0,0,0,0,0,0.0015,0.0492,0.0872,0.0056,0.0242,0.0798,0.0424,6.3522,0.1103,0.0000,0.9509,0.0044,0.0010,0.3416,0.0168,0.0061,0.0001
2062,27.7880,0.0000,13.5867,5.8328,,true,0,0.008333,0.0000,0.0000,1.00,0.00,0.0000,22,1,295,295,0,0,100,1,11,11,0,246528,0,295,0,0,846032896,0.000000,0.000000,27.426988,0.00,0,2,4,25,17,20,26,13,24,55,97,12,0,0,0,0,0,0,0.0017,0.0516,0.0692,0.0052,0.0261,0.0855,0.0378,5.8328,0.0791,0.0000,0.8735,0.0055,0.0001,0.3163,0.0097,0.0061,0.0001
2063,27.8053,0.0000,13.2569,9.8327,,true,0,0.008333,0.0000,0.0000,1.00,0.00,0.0000,22,1,295,295,0,0,100,1,11,11,0,246528,0,295,0,0,846032896,0.000000,0.000000,27.426988,0.00,0,2,4,25,17,20,26,13,24,55,97,12,0,0,0,0,0,0,0.0029,0.0800,0.1184,0.0074,0.0297,0.0799,0.0481,9.8327,0.1057,0.0000,1.1438,0.0063,0.0001,0.3940,0.0136,0.0080,0.0001
2064,27.8200,0.0000,16.9536,7.3533,,true,0,0.008333,0.0000,0.0000,1.00,0.00,0.0000,22,1,295,295,0,0,100,1,11,11,0,246528,0,295,0,0,846032896,0.000000,0.000000,27.426988,0.00,0,2,4,25,17,20,26,13,24,55,97,12,0,0,0,0,0,0,0.0020,0.0664,0.0604,0.0070,0.0197,0.0896,0.0530,7.3533,0.0449,0.0000,0.8794,0.0044,0.0001,0.3144,0.0101,0.0057,0.0001
2065,27.8311,0.0000,12.1201,6.5566,,true,0,0.008333,0.0000,0.0000,1.00,0.00,0.0000,22,1,295,295,0,0,100,1,11,11,0,246528,0,295,0,0,846032896,0.000000,0.000000,27.426988,0.00,0,2,4,25,17,20,26,13,24,55,97,12,0,0,0,0,0,0,0.0023,0.0504,0.0558,0.0054,0.0124,0.0954,0.0437,6.5566,0.0992,0.0000,0.8829,0.0046,0.0001,0.3388,0.0105,0.0059,0.0003
2066,27.8435,0.0000,12.1195,6.9168,,true,0,0.008333,0.0000,0.0000,1.00,0.00,0.0000,22,1,295,295,0,0,100,1,11,11,0,246528,0,295,0,0,846032896,0.000000,0.000000,27.426988,0.00,0,2,4,25,17,20,26,13,24,55,97,12,0,0,0,0,0,0,0.0024,0.0965,0.0728,0.0067,0.0248,0.0959,0.0572,6.9168,0.0778,0.0000,0.9287,0.0037,0.0001,0.3578,0.0136,0.0053,0.0001
2067,27.8575,0.0000,14.0799,6.7544,,true,0,0.008333,0.0000,0.0000,1.00,0.00,0.0000,22,1,295,295,0,0,100,1,11,11,0,246528,0,295,0,0,846032896,0.000000,0.000000,27.426988,0.00,0,2,4,25,17,20,26,13,24,55,97,12,0,0,0,0,0,0,0.0021,0.0408,0.0653,0.0048,0.0254,0.0834,0.0388,6.7544,0.0822,0.0000,0.8347,0.0037,0.0001,0.2889,0.0106,0.0051,0.0001
2068,27.8773,0.0000,15.0304,11.2772,,true,0,0.008333,0.0000,0.0000,1.00,0.00,0.0000,22,1,295,295,0,0,100,1,11,11,0,246528,0,295,0,0,846032896,0.000000,0.000000,27.426988,0.00,0,2,4,25,17,20,26,13,24,55,97,12,0,0,0,0,0,0,0.0091,0.0650,0.1364,0.0085,0.0336,0.0992,0.0513,11.2772,0.1065,0.0000,1.3903,0.0103,0.0001,0.4478,0.0147,0.0110,0.0002
2069,27.8965,0.0000,21.5676,9.0496,,true,0,0.008333,0.0000,0.0000,1.00,0.00,0.0000,22,1,295,295,0,0,100,1,11,11,0,246528,0,295,0,0,846032896,0.000000,0.000000,27.426988,0.00,0,2,4,25,17,20,26,13,24,55,97,12,0,0,0,0,0,0,0.0014,0.0853,0.0902,0.0156,0.1364,0.1886,0.0434,9.0496,0.1095,0.0000,1.0207,0.0064,0.0001,0.3682,0.0048,0.0080,0.0001
2070,27.9079,0.0000,10.8827,8.8766,,true,0,0.008333,0.0000,0.0000,1.00,0.00,0.0000,22,1,295,295,0,0,100,1,11,11,0,246528,0,295,0,0,846032896,0.000000,0.000000,27.426988,0.00,0,2,4,25,17,20,26,13,24,55,97,12,0,0,0,0,0,0,0.0035,0.0747,0.1744,0.0107,0.0518,0.0648,0.0570,8.8766,0.1800,0.0000,1.7472,0.0116,0.0001,0.4594,0.0283,0.0812,0.0001
2071,27.9196,0.0000,12.9334,8.2058,,true,0,0.008333,0.0000,0.0000,1.00,0.00,0.0000,22,1,295,295,0,0,100,1,11,11,0,246528,0,295,0,0,846032896,0.000000,0.000000,27.426988,0.00,0,2,4,25,17,20,26,13,24,55,97,12,0,0,0,0,0,0,0.0015,0.0506,0.0466,0.0069,0.0261,0.0791,0.0387,8.2058,0.1468,0.0000,0.8749,0.0038,0.0001,0.3224,0.0087,0.0044,0.0001
2072,27.9324,0.0000,13.2996,7.6991,,true,0,0.008333,0.0000,0.0000,1.00,0.00,0.0000,22,1,295,295,0,0,100,1,11,11,0,246528,0,295,0,0,846032896,0.000000,0.000000,27.426988,0.00,0,2,4,25,17,20,26,13,24,55,97,12,0,0,0,0,0,0,0.0020,0.0675,0.0663,0.0066,0.0278,0.0968,0.0535,7.6991,0.0584,0.0000,0.9510,0.0042,0.0001,0.3477,0.0085,0.0048,0.0001
2073,27.9565,0.0000,12.0284,19.9180,,true,0,0.008333,0.0000,0.0000,1.00,0.00,0.0000,22,1,295,295,0,0,100,1,11,11,0,246528,0,295,0,0,846032896,0.000000,0.000000,27.426988,0.00,0,2,4,25,17,20,26,13,24,55,97,12,0,0,0,0,0,0,0.0023,0.0537,0.0857,0.0048,0.0243,0.0905,0.0404,19.9180,0.0872,0.0000,13.6422,0.0062,0.7831,0.3780,0.0441,0.0073,11.7279
2074,27.9664,0.0000,15.4313,8.4000,,true,0,0.008333,0.0000,0.0000,1.00,0.00,0.0000,22,1,295,295,0,0,100,1,11,11,0,246528,0,295,0,0,846032896,0.000000,0.000000,27.426988,0.00,0,2,4,25,17,20,26,13,24,55,97,12,0,0,0,0,0,0,0.0047,0.1211,0.0509,0.0060,0.0265,0.0874,0.0642,8.4000,0.0608,0.0000,0.9667,0.0043,0.0001,0.2981,0.0046,0.0060,0.0003
2075,27.9759,0.0000,17.6957,6.3604,,true,0,0.008333,0.0000,0.0000,1.00,0.00,0.0000,22,1,295,295,0,0,100,1,11,11,0,246528,0,295,0,0,846032896,0.000000,0.000000,27.426988,0.00,0,2,4,25,17,20,26,13,24,55,97,12,0,0,0,0,0,0,0.0027,0.1147,0.0943,0.0109,0.0516,0.0853,0.0817,6.3604,0.0858,0.0000,1.1195,0.0060,0.0001,0.4360,0.0198,0.0072,0.0004
2076,27.9841,0.0000,8.5133,6.2339,,true,0,0.008333,0.0000,0.0000,1.00,0.00,0.0000,22,1,295,295,0,0,100,1,11,11,0,246528,0,295,0,0,846032896,0.000000,0.000000,27.426988,0.00,0,2,4,25,17,20,26,13,24,55,97,12,0,0,0,0,0,0,0.0013,0.0460,0.0602,0.0032,0.0195,0.0737,0.0373,6.2339,0.0811,0.0000,0.8738,0.0040,0.0001,0.3330,0.0096,0.0062,0.0001
2077,27.9979,0.0000,12.3800,7.2923,,true,0,0.008333,0.0000,0.0000,1.00,0.00,0.0000,22,1,295,295,0,0,100,1,11,11,0,246528,0,295,0,0,846032896,0.000000,0.000000,27.426988,0.00,0,2,4,25,17,20,26,13,24,55,97,12,0,0,0,0,0,0,0.0015,0.0451,0.0705,0.0045,0.0251,0.0608,0.0386,7.2923,0.0734,0.0000,0.8683,0.0033,0.0001,0.3435,0.0104,0.0050,0.0001
2078,28.0129,0.0000,13.6107,8.5151,,true,0,0.008333,0.0000,0.0000,1.00,0.00,0.0000,22,1,295,295,0,0,100,1,11,11,0,246528,0,295,0,0,846032896,0.000000,0.000000,27.733563,0.00,0,2,4,25,17,20,26,13,24,55,97,12,0,0,0,0,0,0,0.0019,0.0532,0.0938,0.0058,0.0692,0.3042,0.0545,8.5151,0.0701,0.0000,0.9526,0.0048,0.0003,0.3402,0.0101,0.0065,0.0001
2079,28.0267,0.0000,15.4880,7.2262,,true,0,0.008333,0.0000,0.0000,1.00,0.00,0.0000,22,1,295,295,0,0,100,1,11,11,0,246528,0,295,0,0,846032896,0.000000,0.000000,27.733563,0.00,0,2,4,25,17,20,26,13,24,55,97,12,0,0,0,0,0,0,0.0017,0.0539,0.0699,0.0060,0.0244,0.0763,0.0429,7.2262,0.0469,0.0000,0.8405,0.0028,0.0001,0.3279,0.0088,0.0047,0.0001
2080,28.0373,0.0000,10.5124,7.2652,,true,0,0.008333,0.0000,0.0000,1.00,0.00,0.0000,22,1,295,295,0,0,100,1,11,11,0,246528,0,295,0,0,846032896,0.000000,0.000000,27.733563,0.00,0,2,4,25,17,20,26,13,24,55,97,12,0,0,0,0,0,0,0.0025,0.0519,0.0973,0.0052,0.0215,0.0896,0.0383,7.2652,0.0958,0.0000,0.9553,0.0039,0.0001,0.4009,0.0091,0.0071,0.0001
2081,28.0498,0.0000,13.4162,6.3861,,true,0,0.008333,0.0000,0.0000,1.00,0.00,0.0000,22,1,295,295,0,0,100,1,11,11,0,246528,0,295,0,0,846032896,0.000000,0.000000,27.733563,0.00,0,2,4,25,17,20,26,13,24,55,97,12,0,0,0,0,0,0,0.0012,0.0444,0.0607,0.0056,0.0250,0.0831,0.0397,6.3861,0.0791,0.0000,0.8981,0.0043,0.0001,0.3462,0.0090,0.0057,0.0005
2082,28.0628,0.0000,12.7687,6.1589,,true,0,0.008333,0.0000,0.0000,1.00,0.00,0.0000,22,1,295,295,0,0,100,1,11,11,0,246528,0,295,0,0,846032896,0.000000,0.000000,27.733563,0.00,0,2,4,25,17,20,26,13,24,55,97,12,0,0,0,0,0,0,0.0018,0.0517,0.0621,0.0056,0.0219,0.0852,0.0416,6.1589,0.0670,0.0000,0.8750,0.0038,0.0001,0.3265,0.0101,0.0055,0.0001
2083,28.0755,0.0000,12.5085,6.7589,,true,0,0.008333,0.0000,0.0000,1.00,0.00,0.0000,22,1,295,295,0,0,100,1,11,11,0,246528,0,295,0,0,846032896,0.000000,0.000000,27.733563,0.00,0,2,4,25,17,20,26,13,24,55,97,12,0,0,0,0,0,0,0.0015,0.0563,0.0740,0.0054,0.0280,0.0816,0.0414,6.7589,0.0965,0.0000,0.8459,0.0041,0.0001,0.3034,0.0105,0.0043,0.0001
2084,28.0891,0.0000,13.7449,6.5079,,true,0,0.008333,0.0000,0.0000,1.00,0.00,0.0000,22,1,295,295,0,0,100,1,11,11,0,246528,0,295,0,0,846032896,0.000000,0.000000,27.733563,0.00,0,2,4,25,17,20,26,13,24,55,97,12,0,0,0,0,0,0,0.0018,0.0450,0.0722,0.0051,0.0244,0.0653,0.0410,6.5079,0.0807,0.0000,0.8859,0.0041,0.0001,0.3409,0.0085,0.0075,0.0001
2085,28.1010,0.0000,11.5404,7.1642,,true,0,0.008333,0.0000,0.0000,1.00,0.00,0.0000,22,1,295,295,0,0,100,1,11,11,0,246528,0,295,0,0,846032896,0.000000,0.000000,27.733563,0.00,0,2,4,25,17,20,26,13,24,55,97,12,0,0,0,0,0,0,0.0016,0.0533,0.1008,0.0053,0.0275,0.0793,0.0436,7.1642,0.0940,0.0000,1.2613,0.0057,0.0001,0.4674,0.0130,0.0078,0.0002
2086,28.1169,0.0000,14.3305,8.1327,,true,0,0.008333,0.0000,0.0000,1.00,0.00,0.0000,22,1,295,295,0,0,100,1,11,11,0,246528,0,295,0,0,846032896,0.000000,0.000000,27.733563,0.00,0,2,4,25,17,20,26,13,24,55,97,12,0,0,0,0,0,0,0.0014,0.0622,0.0653,0.0055,0.0297,0.0981,0.0455,8.1327,0.0708,0.0000,0.9943,0.0055,0.0001,0.3556,0.0168,0.0075,0.0001
2087,28.1309,0.0000,14.8300,7.5770,,true,0,0.008333,0.0000,0.0000,1.00,0.00,0.0000,22,1,295,295,0,0,100,1,11,11,0,246528,0,295,0,0,846032896,0.000000,0.000000,27.733563,0.00,0,2,4,25,17,20,26,13,24,55,97,12,0,0,0,0,0,0,0.0063,0.0628,0.0621,0.0075,0.0184,0.0792,0.0453,7.5770,0.0764,0.0000,0.8899,0.0049,0.0001,0.3410,0.0100,0.0057,0.0001
2088,28.1415,0.0000,11.3915,6.9267,,true,0,0.008333,0.0000,0.0000,1.00,0.00,0.0000,22,1,295,295,0,0,100,1,11,11,0,246528,0,295,0,0,846032896,0.000000,0.000000,27.733563,0.00,0,2,4,25,17,20,26,13,24,55,97,12,0,0,0,0,0,0,0.0015,0.0535,0.0676,0.0044,0.0254,0.0857,0.0436,6.9267,0.1471,0.0000,0.8877,0.0047,0.0001,0.3362,0.0099,0.0056,0.0001
2089,28.1542,0.0000,13.3698,6.2320,,true,0,0.008333,0.0000,0.0000,1.00,0.00,0.0000,22,1,295,295,0,0,100,1,11,11,0,246528,0,295,0,0,846032896,0.000000,0.000000,27.733563,0.00,0,2,4,25,17,20,26,13,24,55,97,12,0,0,0,0,0,0,0.0018,0.0410,0.0831,0.0046,0.0239,0.1022,0.0393,6.2320,0.1334,0.0000,0.9434,0.0040,0.0001,0.3927,0.0103,0.0063,0.0001
2090,28.1660,0.0000,11.9996,6.1506,,true,0,0.008333,0.0000,0.0000,1.00,0.00,0.0000,22,1,295,295,0,0,100,1,11,11,0,246528,0,295,0,0,846032896,0.000000,0.000000,27.733563,0.00,0,2,4,25,17,20,26,13,24,55,97,12,0,0,0,0,0,0,0.0018,0.0786,0.0839,0.0049,0.0308,0.0969,0.0542,6.1506,0.0817,0.0000,0.9850,0.0050,0.0001,0.3308,0.0129,0.0057,0.0001
2091,28.1809,0.0000,14.3034,6.6759,,true,0,0.008333,0.0000,0.0000,1.00,0.00,0.0000,22,1,295,295,0,0,100,1,11,11,0,246528,0,295,0,0,846032896,0.000000,0.000000,27.733563,0.00,0,2,4,25,17,20,26,13,24,55,97,12,0,0,0,0,0,0,0.0016,0.0525,0.0630,0.0060,0.0187,0.0899,0.0436,6.6759,0.0820,0.0000,1.0164,0.0051,0.0001,0.4178,0.0122,0.0065,0.0001
2092,28.1928,0.0000,12.3481,6.2316,,true,0,0.008333,0.0000,0.0000,1.00,0.00,0.0000,22,1,295,295,0,0,100,1,11,11,0,246528,0,295,0,0,846032896,0.000000,0.000000,27.733563,0.00,0,2,4,25,17,20,26,13,24,55,97,12,0,0,0,0,0,0,0.0015,0.0463,0.0669,0.0048,0.0270,0.0860,0.0387,6.2316,0.0801,0.0000,1.0323,0.0100,0.0001,0.3460,0.0143,0.0097,0.0003
2093,28.2117,0.0000,15.4885,8.9862,,true,0,0.008333,0.0000,0.0000,1.00,0.00,0.0000,22,1,295,295,0,0,100,1,11,11,0,246528,0,295,0,0,846041088,0.000000,0.000000,27.733563,0.00,0,2,4,25,17,20,26,13,24,55,97,12,0,0,0,0,0,0,0.0062,0.0636,0.0500,0.0061,0.0306,0.1023,0.0509,8.9862,0.0993,0.0000,0.9129,0.0038,0.0001,0.3593,0.0280,0.0054,0.0003
2094,28.2226,0.0000,13.1309,6.9064,,true,0,0.008333,0.0000,0.0000,1.00,0.00,0.0000,22,1,295,295,0,0,100,1,11,11,0,246528,0,295,0,0,846041088,0.000000,0.000000,27.733563,0.00,0,2,4,25,17,20,26,13,24,55,97,12,0,0,0,0,0,0,0.0027,0.0503,0.0639,0.0045,0.0236,0.0920,0.0384,6.9064,0.0715,0.0000,0.9064,0.0034,0.0001,0.3397,0.0096,0.0055,0.0001
2095,28.2329,0.0000,11.9846,5.8311,,true,0,0.008333,0.0000,0.0000,1.00,0.00,0.0000,22,1,295,295,0,0,100,1,11,11,0,246528,0,295,0,0,846041088,0.000000,0.000000,27.733563,0.00,0,2,4,25,17,20,26,13,24,55,97,12,0,0,0,0,0,0,0.0020,0.0471,0.0598,0.0053,0.0265,0.0794,0.0415,5.8311,0.0746,0.0000,0.8673,0.0045,0.0001,0.3378,0.0096,0.0055,0.0001
2096,28.2450,0.0000,12.3249,5.5409,,true,0,0.008333,0.0000,0.0000,1.00,0.00,0.0000,22,1,295,295,0,0,100,1,11,11,0,246528,0,295,0,0,846041088,0.000000,0.000000,27.733563,0.00,0,2,4,25,17,20,26,13,24,55,97,12,0,0,0,0,0,0,0.0014,0.0522,0.0673,0.0047,0.0254,0.0855,0.0520,5.5409,0.0786,0.0000,0.9118,0.0049,0.0001,0.3493,0.0104,0.0062,0.0001
2097,28.2712,0.0000,13.9740,16.9852,,true,0,0.008333,0.0000,0.0000,1.00,0.00,0.0000,22,1,295,295,0,0,100,1,11,11,0,246528,0,295,0,0,846041088,0.000000,0.000000,27.988961,0.00,0,2,4,25,17,20,26,13,24,55,97,12,0,0,0,0,0,0,0.0028,0.0520,0.2344,0.0043,0.0503,0.5646,0.0518,16.9852,0.1609,0.0000,1.9141,0.0084,0.0001,0.4733,0.0197,0.0465,0.0002
2098,28.2851,0.0000,20.1267,11.2389,,true,0,0.008333,0.0000,0.0000,1.00,0.00,0.0000,22,1,295,295,0,0,100,1,11,11,0,246528,0,295,0,0,846041088,0.000000,0.000000,27.988961,0.00,0,2,4,25,17,20,26,13,24,55,97,12,0,0,0,0,0,0,0.0040,0.1169,0.1397,0.0112,0.1098,0.1717,0.0854,11.2389,0.1994,0.0000,1.3649,0.0131,0.0001,0.3952,0.0071,0.0119,0.0003
2099,28.2960,0.0000,12.9027,9.4825,,true,0,0.008333,0.0000,0.0000,1.00,0.00,0.0000,22,1,295,295,0,0,100,1,11,11,0,246528,0,295,0,0,846041088,0.000000,0.000000,27.988961,0.00,0,2,4,25,17,20,26,13,24,55,97,12,0,0,0,0,0,0,0.0067,0.0900,0.1471,0.0039,0.0288,0.1388,0.0456,9.4825,0.1430,0.0000,1.5653,0.0086,0.0001,0.5080,0.0474,0.0475,0.0001
2100,28.3046,0.0000,10.4314,6.2772,,true,0,0.008333,0.0000,0.0000,1.00,0.00,0.0000,22,1,295,295,0,0,100,1,11,11,0,246528,0,295,0,0,846041088,0.000000,0.000000,27.988961,0.00,0,2,4,25,17,20,26,13,24,55,97,12,0,0,0,0,0,0,0.0019,0.0689,0.0579,0.0059,0.0252,0.1206,0.0485,6.2772,0.0608,0.0000,1.0655,0.0046,0.0001,0.3515,0.0086,0.0048,0.0002
2101,28.3168,0.0000,13.6307,6.2064,,true,0,0.008333,0.0000,0.0000,1.00,0.00,0.0000,22,1,295,295,0,0,100,1,11,11,0,246528,0,295,0,0,846041088,0.000000,0.000000,27.988961,0.00,0,2,4,25,17,20,26,13,24,55,97,12,0,0,0,0,0,0,0.0015,0.0554,0.0674,0.0057,0.0257,0.0881,0.0459,6.2064,0.0794,0.0000,0.9384,0.0048,0.0001,0.3417,0.0097,0.0071,0.0001
2102,28.3283,0.0000,12.4638,5.2579,,true,0,0.008333,0.0000,0.0000,1.00,0.00,0.0000,22,1,295,295,0,0,100,1,11,11,0,246528,0,295,0,0,846041088,0.000000,0.000000,27.988961,0.00,0,2,4,25,17,20,26,13,24,55,97,12,0,0,0,0,0,0,0.0023,0.0414,0.0661,0.0049,0.0241,0.0836,0.0425,5.2579,0.0726,0.0000,0.8512,0.0025,0.0001,0.3327,0.0096,0.0024,0.0002
2103,28.3392,0.0000,11.2497,5.2638,,true,0,0.008333,0.0000,0.0000,1.00,0.00,0.0000,22,1,295,295,0,0,100,1,11,11,0,246528,0,295,0,0,846041088,0.000000,0.000000,27.988961,0.00,0,2,4,25,17,20,26,13,24,55,97,12,0,0,0,0,0,0,0.0013,0.0488,0.0549,0.0050,0.0223,0.0776,0.0399,5.2638,0.0771,0.0000,0.8544,0.0046,0.0001,0.3385,0.0092,0.0050,0.0001
2104,28.3530,0.0000,13.2667,5.3386,,true,0,0.008333,0.0000,0.0000,1.00,0.00,0.0000,22,1,295,295,0,0,100,1,11,11,0,246528,0,295,0,0,846041088,0.000000,0.000000,27.988961,0.00,0,2,4,25,17,20,26,13,24,55,97,12,0,0,0,0,0,0,0.0015,0.0462,0.0642,0.0048,0.0209,0.0729,0.0392,5.3386,0.0699,0.0000,0.8623,0.0035,0.0001,0.3433,0.0101,0.0052,0.0001
2105,28.3653,0.0000,12.1208,5.4208,,true,0,0.008333,0.0000,0.0000,1.00,0.00,0.0000,22,1,295,295,0,0,100,1,11,11,0,246528,0,295,0,0,846041088,0.000000,0.000000,27.988961,0.00,0,2,4,25,17,20,26,13,24,55,97,12,0,0,0,0,0,0,0.0010,0.0343,0.0560,0.0049,0.0224,0.0832,0.0366,5.4208,0.0642,0.0000,0.8419,0.0034,0.0001,0.3292,0.0080,0.0046,0.0001
2106,28.3773,0.0000,11.4688,6.3261,,true,0,0.008333,0.0000,0.0000,1.00,0.00,0.0000,22,1,295,295,0,0,100,1,11,11,0,246528,0,295,0,0,846041088,0.000000,0.000000,27.988961,0.00,0,2,4,25,17,20,26,13,24,55,97,12,0,0,0,0,0,0,0.0057,0.0456,0.0602,0.0051,0.0240,0.0839,0.0395,6.3261,0.0767,0.0000,0.8981,0.0040,0.0001,0.3302,0.0104,0.0056,0.0004
2107,28.3894,0.0000,12.7542,5.6993,,true,0,0.008333,0.0000,0.0000,1.00,0.00,0.0000,22,1,295,295,0,0,100,1,11,11,0,246528,0,295,0,0,846041088,0.000000,0.000000,27.988961,0.00,0,2,4,25,17,20,26,13,24,55,97,12,0,0,0,0,0,0,0.0017,0.0495,0.0742,0.0063,0.0253,0.0740,0.0421,5.6993,0.0797,0.0000,0.9242,0.0031,0.0001,0.3226,0.0184,0.0043,0.0001
2108,28.4002,0.0000,11.5001,4.9664,,true,0,0.008333,0.0000,0.0000,1.00,0.00,0.0000,22,1,295,295,0,0,100,1,11,11,0,246528,0,295,0,0,846041088,0.000000,0.000000,27.988961,0.00,0,2,4,25,17,20,26,13,24,55,97,12,0,0,0,0,0,0,0.0010,0.0398,0.0567,0.0048,0.0239,0.0918,0.0449,4.9664,0.0683,0.0000,0.8453,0.0031,0.0001,0.3308,0.0094,0.0041,0.0001
2109,28.4147,0.0000,13.7529,5.3235,,true,0,0.008333,0.0000,0.0000,1.00,0.00,0.0000,22,1,295,295,0,0,100,1,11,11,0,246528,0,295,0,0,846041088,0.000000,0.000000,27.988961,0.00,0,2,4,25,17,20,26,13,24,55,97,12,0,0,0,0,0,0,0.0012,0.0398,0.0571,0.0051,0.0190,0.0636,0.0441,5.3235,0.0697,0.0000,0.8356,0.0035,0.0001,0.3433,0.0075,0.0051,0.0001
2110,28.4253,0.0000,10.8326,5.3187,,true,0,0.008333,0.0000,0.0000,1.00,0.00,0.0000,22,1,295,295,0,0,100,1,11,11,0,246528,0,295,0,0,846041088,0.000000,0.000000,27.988961,0.00,0,2,4,25,17,20,26,13,24,55,97,12,0,0,0,0,0,0,0.0010,0.0428,0.0562,0.0039,0.0153,0.0920,0.0369,5.3187,0.0719,0.0000,0.8309,0.0033,0.0001,0.3456,0.0081,0.0046,0.0001
2111,28.4378,0.0000,13.1410,4.9956,,true,0,0.008333,0.0000,0.0000,1.00,0.00,0.0000,22,1,295,295,0,0,100,1,11,11,0,246528,0,295,0,0,846041088,0.000000,0.000000,27.988961,0.00,0,2,4,25,17,20,26,13,24,55,97,12,0,0,0,0,0,0,0.0011,0.0379,0.0533,0.0041,0.0151,0.0586,0.0410,4.9956,0.0626,0.0000,0.8177,0.0048,0.0001,0.3308,0.0095,0.0052,0.0005
2112,28.4486,0.0000,10.9154,4.8409,,true,0,0.008333,0.0000,0.0000,1.00,0.00,0.0000,22,1,295,295,0,0,100,1,11,11,0,246528,0,295,0,0,846041088,0.000000,0.000000,27.988961,0.00,0,2,4,25,17,20,26,13,24,55,97,12,0,0,0,0,0,0,0.0013,0.0393,0.1032,0.0043,0.0215,0.0600,0.0453,4.8409,0.0622,0.0000,0.7983,0.0033,0.0001,0.3199,0.0079,0.0047,0.0001
2113,28.4609,0.0000,11.7695,5.3996,,true,0,0.008333,0.0000,0.0000,1.00,0.00,0.0000,22,1,295,295,0,0,100,1,11,11,0,246528,0,295,0,0,846041088,0.000000,0.000000,27.988961,0.00,0,2,4,25,17,20,26,13,24,55,97,12,0,0,0,0,0,0,0.0016,0.0605,0.0673,0.0034,0.0199,0.0566,0.0536,5.3996,0.0801,0.0000,0.7963,0.0047,0.0001,0.2883,0.0092,0.0042,0.0001
2114,28.4728,0.0000,11.7170,5.5311,,true,0,0.008333,0.0000,0.0000,1.00,0.00,0.0000,22,1,295,295,0,0,100,1,11,11,0,246528,0,295,0,0,846041088,0.000000,0.000000,27.988961,0.00,0,2,4,25,17,20,26,13,24,55,97,12,0,0,0,0,0,0,0.0009,0.0323,0.0488,0.0057,0.0172,0.0611,0.0405,5.5311,0.0467,0.0000,0.8079,0.0032,0.0001,0.3217,0.0092,0.0049,0.0001
2115,28.4848,0.0000,11.5888,5.8280,,true,0,0.008333,0.0000,0.0000,1.00,0.00,0.0000,22,1,295,295,0,0,100,1,11,11,0,246528,0,295,0,0,846041088,0.000000,0.000000,27.988961,0.00,0,2,4,25,17,20,26,13,24,55,97,12,0,0,0,0,0,0,0.0027,0.0431,0.0476,0.0060,0.0210,0.0655,0.0461,5.8280,0.0602,0.0000,0.8384,0.0040,0.0001,0.3252,0.0058,0.0053,0.0001
2116,28.4972,0.0000,12.7357,5.5477,,true,0,0.008333,0.0000,0.0000,1.00,0.00,0.0000,22,1,295,295,0,0,100,1,11,11,0,246528,0,295,0,0,846041088,0.000000,0.000000,27.988961,0.00,0,2,4,25,17,20,26,13,24,55,97,12,0,0,0,0,0,0,0.0012,0.0490,0.0545,0.0048,0.0169,0.0546,0.0462,5.5477,0.0672,0.0000,0.7690,0.0046,0.0001,0.2910,0.0082,0.0047,0.0001
2117,28.5066,0.0000,10.2361,4.7687,,true,0,0.008333,0.0000,0.0000,1.00,0.00,0.0000,22,1,295,295,0,0,100,1,11,11,0,246528,0,295,0,0,846041088,0.000000,0.000000,27.988961,0.00,0,2,4,25,17,20,26,13,24,55,97,12,0,0,0,0,0,0,0.0009,0.0381,0.0581,0.0036,0.0212,0.0568,0.0341,4.7687,0.0641,0.0000,0.7990,0.0023,0.0001,0.3077,0.0081,0.0033,0.0001
2118,28.5194,0.0000,12.1555,5.0653,,true,0,0.008333,0.0000,0.0000,1.00,0.00,0.0000,22,1,295,295,0,0,100,1,11,11,0,246528,0,295,0,0,846041088,0.000000,0.000000,27.988961,0.00,0,2,4,25,17,20,26,13,24,55,97,12,0,0,0,0,0,0,0.0014,0.0443,0.0598,0.0041,0.0207,0.0806,0.0399,5.0653,0.0655,0.0000,0.8247,0.0033,0.0001,0.3182,0.0104,0.0051,0.0001
2119,28.5304,0.0000,11.5643,4.9593,,true,0,0.008333,0.0000,0.0000,1.00,0.00,0.0000,22,1,295,295,0,0,100,1,11,11,0,246528,0,295,0,0,846041088,0.000000,0.000000,27.988961,0.00,0,2,4,25,17,20,26,13,24,55,97,12,0,0,0,0,0,0,0.0013,0.0410,0.0714,0.0034,0.0199,0.0644,0.0338,4.9593,0.0821,0.0000,0.8685,0.0030,0.0001,0.3134,0.0252,0.0038,0.0001
2120,28.5416,0.0000,11.3253,4.6857,,true,0,0.008333,0.0000,0.0000,1.00,0.00,0.0000,22,1,295,295,0,0,100,1,11,11,0,246528,0,295,0,0,846041088,0.000000,0.000000,27.988961,0.00,0,2,4,25,17,20,26,13,24,55,97,12,0,0,0,0,0,0,0.0022,0.0559,0.0553,0.0039,0.0136,0.0450,0.0351,4.6857,0.0603,0.0000,0.7725,0.0026,0.0001,0.3109,0.0063,0.0033,0.0001
2121,28.5532,0.0000,11.5989,4.8277,,true,0,0.008333,0.0000,0.0000,1.00,0.00,0.0000,22,1,295,295,0,0,100,1,11,11,0,246528,0,295,0,0,846041088,0.000000,0.000000,27.988961,0.00,0,2,4,25,17,20,26,13,24,55,97,12,0,0,0,0,0,0,0.0010,0.0408,0.0526,0.0046,0.0217,0.0667,0.0385,4.8277,0.0643,0.0000,0.7884,0.0027,0.0001,0.3106,0.0094,0.0042,0.0001
2122,28.5651,0.0000,11.2450,5.2816,,true,0,0.008333,0.0000,0.0000,1.00,0.00,0.0000,22,1,295,295,0,0,100,1,11,11,0,246528,0,295,0,0,846041088,0.000000,0.000000,27.988961,0.00,0,2,4,25,17,20,26,13,24,55,97,12,0,0,0,0,0,0,0.0017,0.0524,0.0774,0.0043,0.0180,0.0456,0.0585,5.2816,0.0908,0.0000,0.8719,0.0054,0.0001,0.3320,0.0085,0.0053,0.0001
2123,28.5835,0.0000,13.6976,7.9466,,true,0,0.008333,0.0000,0.0000,1.00,0.00,0.0000,22,1,295,295,0,0,100,1,11,11,0,246528,0,295,0,0,846041088,0.000000,0.000000,27.988961,0.00,0,2,4,25,17,20,26,13,24,55,97,12,0,0,0,0,0,0,0.0017,0.0818,0.1023,0.0055,0.0360,0.0818,0.0455,7.9466,0.1338,0.0000,0.9426,0.0047,0.0001,0.3198,0.0088,0.0053,0.0001
2124,28.5934,0.0000,12.4411,7.0649,,true,0,0.008333,0.0000,0.0000,1.00,0.00,0.0000,22,1,295,295,0,0,100,1,11,11,0,246528,0,295,0,0,846041088,0.000000,0.000000,27.988961,0.00,0,2,4,25,17,20,26,13,24,55,97,12,0,0,0,0,0,0,0.0015,0.0485,0.0625,0.0054,0.0309,0.0738,0.0434,7.0649,0.0817,0.0000,0.9376,0.0048,0.0001,0.3547,0.0086,0.0067,0.0001
2125,28.6055,0.0000,12.7067,6.7226,,true,0,0.008333,0.0000,0.0000,1.00,0.00,0.0000,22,1,295,295,0,0,100,1,11,11,0,246528,0,295,0,0,846041088,0.000000,0.000000,27.988961,0.00,0,2,4,25,17,20,26,13,24,55,97,12,0,0,0,0,0,0,0.0010,0.0475,0.0643,0.0033,0.0222,0.0734,0.0418,6.7226,0.0846,0.0000,0.9330,0.0049,0.0001,0.3481,0.0111,0.0072,0.0001
2126,28.6179,0.0000,12.7367,6.5009,,true,0,0.008333,0.0000,0.0000,1.00,0.00,0.0000,22,1,295,295,0,0,100,1,11,11,0,246528,0,295,0,0,846041088,0.000000,0.000000,28.346090,0.00,0,2,4,25,17,20,26,13,24,55,97,12,0,0,0,0,0,0,0.0056,0.0418,0.1083,0.0062,0.0262,0.2761,0.0429,6.5009,0.1121,0.0000,0.9301,0.0045,0.0001,0.3610,0.0103,0.0060,0.0001
2127,28.6326,0.0000,14.6492,6.3637,,true,0,0.008333,0.0000,0.0000,1.00,0.00,0.0000,22,1,295,295,0,0,100,1,11,11,0,246528,0,295,0,0,846041088,0.000000,0.000000,28.346090,0.00,0,2,4,25,17,20,26,13,24,55,97,12,0,0,0,0,0,0,0.0014,0.0432,0.0532,0.0039,0.0188,0.0563,0.0373,6.3637,0.1196,0.0000,0.9249,0.0035,0.0002,0.3634,0.0087,0.0046,0.0001
2128,28.6438,0.0000,11.2391,6.2973,,true,0,0.008333,0.0000,0.0000,1.00,0.00,0.0000,22,1,295,295,0,0,100,1,11,11,0,246528,0,295,0,0,846041088,0.000000,0.000000,28.346090,0.00,0,2,4,25,17,20,26,13,24,55,97,12,0,0,0,0,0,0,0.0031,0.0413,0.0563,0.0045,0.0215,0.0638,0.0419,6.2973,0.0699,0.0000,0.9410,0.0038,0.0001,0.3647,0.0092,0.0046,0.0001
2129,28.6562,0.0000,13.6443,5.3835,,true,0,0.008333,0.0000,0.0000,1.00,0.00,0.0000,22,1,295,295,0,0,100,1,11,11,0,246528,0,295,0,0,846041088,0.000000,0.000000,28.346090,0.00,0,2,4,25,17,20,26,13,24,55,97,12,0,0,0,0,0,0,0.0019,0.0448,0.0615,0.0050,0.0265,0.0743,0.0472,5.3835,0.0679,0.0000,0.9980,0.0048,0.0001,0.3793,0.0404,0.0053,0.0002
2130,28.6708,0.0000,13.8687,5.8797,,true,0,0.008333,0.0000,0.0000,1.00,0.00,0.0000,22,1,295,295,0,0,100,1,11,11,0,246528,0,295,0,0,846041088,0.000000,0.000000,28.346090,0.00,0,2,4,25,17,20,26,13,24,55,97,12,0,0,0,0,0,0,0.0014,0.0436,0.0632,0.0044,0.0190,0.0757,0.0428,5.8797,0.0671,0.0000,0.9744,0.0041,0.0001,0.3967,0.0084,0.0055,0.0002
2131,28.6831,0.0000,12.9952,5.2006,,true,0,0.008333,0.0000,0.0000,1.00,0.00,0.0000,22,1,295,295,0,0,100,1,11,11,0,246528,0,295,0,0,846041088,0.000000,0.000000,28.346090,0.00,0,2,4,25,17,20,26,13,24,55,97,12,0,0,0,0,0,0,0.0019,0.0431,0.0616,0.0052,0.0244,0.0731,0.0495,5.2006,0.0682,0.0000,1.0121,0.0038,0.0001,0.4011,0.0087,0.0059,0.0002
2132,28.7144,0.0000,12.2293,24.4312,,true,0,0.008333,0.0000,0.0000,1.00,0.00,0.0000,22,1,295,295,0,0,100,1,11,11,0,246528,0,295,0,0,846053376,0.000000,0.000000,28.346090,0.00,0,2,4,25,17,20,26,13,24,55,97,12,0,0,0,0,0,0,0.0016,0.0442,0.1148,0.0054,0.0239,0.0761,0.0482,24.4312,0.1310,0.0000,19.1067,0.0051,1.1182,0.4176,0.0298,0.0061,16.7860
2133,28.7228,0.0000,13.0211,7.2646,,true,0,0.008333,0.0000,0.0000,1.00,0.00,0.0000,22,1,295,295,0,0,100,1,11,11,0,246528,0,295,0,0,846053376,0.000000,0.000000,28.346090,0.00,0,2,4,25,17,20,26,13,24,55,97,12,0,0,0,0,0,0,0.0020,0.0987,0.1360,0.0079,0.0243,0.0769,0.0512,7.2646,0.1021,0.0000,1.1688,0.0057,0.0001,0.4828,0.0111,0.0065,0.0002
2134,28.7326,0.0000,22.2894,7.1239,,true,0,0.008333,0.0000,0.0000,1.00,0.00,0.0000,22,1,295,295,0,0,100,1,11,11,0,246528,0,295,0,0,846053376,0.000000,0.000000,28.346090,0.00,0,2,4,25,17,20,26,13,24,55,97,12,0,0,0,0,0,0,0.0076,0.1018,0.0879,0.0077,0.0389,0.0982,0.0843,7.1239,0.0963,0.0000,1.2261,0.0053,0.0002,0.3982,0.0081,0.0078,0.0002
2135,28.7393,0.0000,7.8800,5.5676,,true,0,0.008333,0.0000,0.0000,1.00,0.00,0.0000,22,1,295,295,0,0,100,1,11,11,0,246528,0,295,0,0,846053376,0.000000,0.000000,28.346090,0.00,0,2,4,25,17,20,26,13,24,55,97,12,0,0,0,0,0,0,0.0012,0.0409,0.0536,0.0041,0.0187,0.0630,0.0430,5.5676,0.0559,0.0000,0.9433,0.0023,0.0001,0.3922,0.0066,0.0025,0.0002
2136,28.7480,0.0000,9.8938,5.1152,,true,0,0.008333,0.0000,0.0000,1.00,0.00,0.0000,22,1,295,295,0,0,100,1,11,11,0,246528,0,295,0,0,846053376,0.000000,0.000000,28.346090,0.00,0,2,4,25,17,20,26,13,24,55,97,12,0,0,0,0,0,0,0.0018,0.0463,0.0633,0.0043,0.0237,0.0721,0.0464,5.1152,0.0514,0.0000,0.9838,0.0034,0.0001,0.4066,0.0067,0.0043,0.0001
2137,28.7610,0.0000,12.5376,5.4519,,true,0,0.008333,0.0000,0.0000,1.00,0.00,0.0000,22,1,295,295,0,0,100,1,11,11,0,246528,0,295,0,0,846053376,0.000000,0.000000,28.346090,0.00,0,2,4,25,17,20,26,13,24,55,97,12,0,0,0,0,0,0,0.0017,0.0482,0.0742,0.0044,0.0211,0.0812,0.0460,5.4519,0.0945,0.0000,0.9704,0.0032,0.0001,0.3967,0.0083,0.0050,0.0002
2138,28.7744,0.0000,12.5665,6.2850,,true,0,0.008333,0.0000,0.0000,1.00,0.00,0.0000,22,1,295,295,0,0,100,1,11,11,0,246528,0,295,0,0,846053376,0.000000,0.000000,28.346090,0.00,0,2,4,25,17,20,26,13,24,55,97,12,0,0,0,0,0,0,0.0019,0.0451,0.0553,0.0052,0.0195,0.0835,0.0472,6.2850,0.0746,0.0000,1.0039,0.0053,0.0001,0.3982,0.0080,0.0066,0.0002
2139,28.7873,0.0000,12.6811,6.1945,,true,0,0.008333,0.0000,0.0000,1.00,0.00,0.0000,22,1,295,295,0,0,100,1,11,11,0,246528,0,295,0,0,846053376,0.000000,0.000000,28.346090,0.00,0,2,4,25,17,20,26,13,24,55,97,12,0,0,0,0,0,0,0.0014,0.0567,0.0770,0.0050,0.0174,0.0728,0.0479,6.1945,0.0744,0.0000,0.9927,0.0041,0.0001,0.4082,0.0067,0.0044,0.0002
2140,28.7996,0.0000,13.3104,5.3652,,true,0,0.008333,0.0000,0.0000,1.00,0.00,0.0000,22,1,295,295,0,0,100,1,11,11,0,246528,0,295,0,0,846053376,0.000000,0.000000,28.346090,0.00,0,2,4,25,17,20,26,13,24,55,97,12,0,0,0,0,0,0,0.0016,0.0378,0.0561,0.0044,0.0191,0.0654,0.0502,5.3652,0.0668,0.0000,0.9712,0.0030,0.0001,0.3965,0.0069,0.0155,0.0001
2141,28.8159,0.0000,14.0630,7.3493,,true,0,0.008333,0.0000,0.0000,1.00,0.00,0.0000,22,1,295,295,0,0,100,1,11,11,0,246528,0,295,0,0,846053376,0.000000,0.000000,28.346090,0.00,0,2,4,25,17,20,26,13,24,55,97,12,0,0,0,0,0,0,0.0020,0.0681,0.0826,0.0044,0.0276,0.0849,0.0415,7.3493,0.1115,0.0000,1.1217,0.0036,0.0001,0.4769,0.0095,0.0062,0.0001
2142,28.8286,0.0000,13.6739,6.6252,,true,0,0.008333,0.0000,0.0000,1.00,0.00,0.0000,22,1,295,295,0,0,100,1,11,11,0,246528,0,295,0,0,846053376,0.000000,0.000000,28.346090,0.00,0,2,4,25,17,20,26,13,24,55,97,12,0,0,0,0,0,0,0.0018,0.0547,0.0665,0.0053,0.0205,0.0670,0.0814,6.6252,0.0664,0.0000,0.9136,0.0040,0.0001,0.3409,0.0160,0.0053,0.0001
2143,28.8420,0.0000,13.9348,5.8334,,true,0,0.008333,0.0000,0.0000,1.00,0.00,0.0000,22,1,295,295,0,0,100,1,11,11,0,246528,0,295,0,0,846053376,0.000000,0.000000,28.346090,0.00,0,2,4,25,17,20,26,13,24,55,97,12,0,0,0,0,0,0,0.0016,0.1004,0.0509,0.0042,0.0202,0.0391,0.0468,5.8334,0.0631,0.0000,0.7774,0.0062,0.0001,0.2720,0.0090,0.0057,0.0001
2144,28.8527,0.0000,10.9824,5.9674,,true,0,0.008333,0.0000,0.0000,1.00,0.00,0.0000,22,1,295,295,0,0,100,1,11,11,0,246528,0,295,0,0,846053376,0.000000,0.000000,28.346090,0.00,0,2,4,25,17,20,26,13,24,55,97,12,0,0,0,0,0,0,0.0043,0.0447,0.0633,0.0034,0.0232,0.0633,0.0489,5.9674,0.0800,0.0000,0.9852,0.0056,0.0001,0.4066,0.0084,0.0059,0.0002
2145,28.8669,0.0000,13.4087,6.5299,,true,0,0.008333,0.0000,0.0000,1.00,0.00,0.0000,22,1,295,295,0,0,100,1,11,11,0,246528,0,295,0,0,846053376,0.000000,0.000000,28.346090,0.00,0,2,4,25,17,20,26,13,24,55,97,12,0,0,0,0,0,0,0.0014,0.0530,0.0624,0.0059,0.0453,0.1945,0.0475,6.5299,0.0685,0.0000,1.0130,0.0039,0.0001,0.4099,0.0084,0.0057,0.0005
2146,28.8798,0.0000,13.0901,6.1782,,true,0,0.008333,0.0000,0.0000,1.00,0.00,0.0000,22,1,295,295,0,0,100,1,11,11,0,246528,0,295,0,0,846053376,0.000000,0.000000,28.346090,0.00,0,2,4,25,17,20,26,13,24,55,97,12,0,0,0,0,0,0,0.0016,0.0468,0.0699,0.0045,0.0153,0.0769,0.0464,6.1782,0.0746,0.0000,1.1255,0.0049,0.0001,0.4813,0.0101,0.0076,0.0002
2147,28.8950,0.0000,14.7698,6.4549,,true,0,0.008333,0.0000,0.0000,1.00,0.00,0.0000,22,1,295,295,0,0,100,1,11,11,0,246528,0,295,0,0,846053376,0.000000,0.000000,28.346090,0.00,0,2,4,25,17,20,26,13,24,55,97,12,0,0,0,0,0,0,0.0016,0.0601,0.0511,0.0053,0.0212,0.0613,0.0641,6.4549,0.0599,0.0000,0.9265,0.0064,0.0001,0.3383,0.0113,0.0063,0.0001
2148,28.9067,0.0000,12.4304,6.1953,,true,0,0.008333,0.0000,0.0000,1.00,0.00,0.0000,22,1,295,295,0,0,100,1,11,11,0,246528,0,295,0,0,846053376,0.000000,0.000000,28.346090,0.00,0,2,4,25,17,20,26,13,24,55,97,12,0,0,0,0,0,0,0.0022,0.0859,0.0707,0.0100,0.0621,0.0740,0.0452,6.1953,0.0812,0.0000,0.9200,0.0060,0.0001,0.2964,0.0123,0.0065,0.0007
2149,28.9236,0.0000,13.9575,8.7249,,true,0,0.008333,0.0000,0.0000,1.00,0.00,0.0000,22,1,295,295,0,0,100,1,11,11,0,246528,0,295,0,0,846053376,0.000000,0.000000,28.651051,0.00,0,2,4,25,17,20,26,13,24,55,97,12,0,0,0,0,0,0,0.0020,0.0649,0.0860,0.0029,0.0238,0.2643,0.0527,8.7249,0.0819,0.0000,1.5153,0.0051,0.0001,0.6275,0.0132,0.0057,0.0002
2150,28.9370,0.0000,14.5487,7.6442,,true,0,0.008333,0.0000,0.0000,1.00,0.00,0.0000,22,1,295,295,0,0,100,1,11,11,0,246528,0,295,0,0,846053376,0.000000,0.000000,28.651051,0.00,0,2,4,25,17,20,26,13,24,55,97,12,0,0,0,0,0,0,0.0012,0.0541,0.0764,0.0069,0.0242,0.0950,0.0369,7.6442,0.0936,0.0000,0.9200,0.0054,0.0001,0.3068,0.0072,0.0061,0.0001
2151,28.9467,0.0000,11.3361,6.0131,,true,0,0.008333,0.0000,0.0000,1.00,0.00,0.0000,22,1,295,295,0,0,100,1,11,11,0,246528,0,295,0,0,846053376,0.000000,0.000000,28.651051,0.00,0,2,4,25,17,20,26,13,24,55,97,12,0,0,0,0,0,0,0.0016,0.0447,0.0776,0.0042,0.0222,0.0786,0.0543,6.0131,0.0860,0.0000,1.0014,0.0043,0.0001,0.3827,0.0075,0.0043,0.0002
2152,28.9597,0.0000,14.1480,5.1954,,true,0,0.008333,0.0000,0.0000,1.00,0.00,0.0000,22,1,295,295,0,0,100,1,11,11,0,246528,0,295,0,0,846053376,0.000000,0.000000,28.651051,0.00,0,2,4,25,17,20,26,13,24,55,97,12,0,0,0,0,0,0,0.0013,0.0503,0.0638,0.0043,0.0208,0.0706,0.0524,5.1954,0.0706,0.0000,1.0312,0.0041,0.0001,0.4077,0.0097,0.0075,0.0002
2153,28.9723,0.0000,12.6019,5.4374,,true,0,0.008333,0.0000,0.0000,1.00,0.00,0.0000,22,1,295,295,0,0,100,1,11,11,0,246528,0,295,0,0,846053376,0.000000,0.000000,28.651051,0.00,0,2,4,25,17,20,26,13,24,55,97,12,0,0,0,0,0,0,0.0013,0.0451,0.0602,0.0042,0.0206,0.0689,0.0454,5.4374,0.1059,0.0000,0.9801,0.0036,0.0001,0.4035,0.0096,0.0046,0.0002
2154,28.9861,0.0000,13.7647,5.1550,,true,0,0.008333,0.0000,0.0000,1.00,0.00,0.0000,22,1,295,295,0,0,100,1,11,11,0,246528,0,295,0,0,846053376,0.000000,0.000000,28.651051,0.00,0,2,4,25,17,20,26,13,24,55,97,12,0,0,0,0,0,0,0.0022,0.0512,0.0618,0.0048,0.0204,0.0564,0.0525,5.1550,0.0658,0.0000,1.0460,0.0049,0.0001,0.4055,0.0055,0.0048,0.0002
2155,28.9996,0.0000,12.8356,5.6151,,true,0,0.008333,0.0000,0.0000,1.00,0.00,0.0000,22,1,295,295,0,0,100,1,11,11,0,246528,0,295,0,0,846053376,0.000000,0.000000,28.651051,0.00,0,2,4,25,17,20,26,13,24,55,97,12,0,0,0,0,0,0,0.0013,0.0469,0.0614,0.0048,0.0176,0.0751,0.0451,5.6151,0.0834,0.0000,1.0270,0.0043,0.0001,0.4055,0.0122,0.0060,0.0002
2156,29.0117,0.0000,12.8870,5.2876,,true,0,0.008333,0.0000,0.0000,1.00,0.00,0.0000,22,1,295,295,0,0,100,1,11,11,0,246528,0,295,0,0,846053376,0.000000,0.000000,28.651051,0.00,0,2,4,25,17,20,26,13,24,55,97,12,0,0,0,0,0,0,0.0017,0.0455,0.0579,0.0048,0.0226,0.0684,0.0454,5.2876,0.0650,0.0000,0.9939,0.0037,0.0001,0.4018,0.0084,0.0050,0.0002
2157,29.0275,0.0000,13.9731,6.6895,,true,0,0.008333,0.0000,0.0000,1.00,0.00,0.0000,22,1,295,295,0,0,100,1,11,11,0,246528,0,295,0,0,846053376,0.000000,0.000000,28.651051,0.00,0,2,4,25,17,20,26,13,24,55,97,12,0,0,0,0,0,0,0.0015,0.0478,0.0699,0.0028,0.0299,0.1128,0.0487,6.6895,0.0818,0.0000,1.0639,0.0038,0.0001,0.4079,0.0110,0.0044,0.0002
2158,29.0394,0.0000,13.2918,5.6955,,true,0,0.008333,0.0000,0.0000,1.00,0.00,0.0000,22,1,295,295,0,0,100,1,11,11,0,246528,0,295,0,0,846053376,0.000000,0.000000,28.651051,0.00,0,2,4,25,17,20,26,13,24,55,97,12,0,0,0,0,0,0,0.0020,0.0500,0.0708,0.0035,0.0254,0.0808,0.0458,5.6955,0.0523,0.0000,1.0271,0.0030,0.0001,0.4152,0.0104,0.0039,0.0002
2159,29.0508,0.0000,11.9809,5.1845,,true,0,0.008333,0.0000,0.0000,1.00,0.00,0.0000,22,1,295,295,0,0,100,1,11,11,0,246528,0,295,0,0,846053376,0.000000,0.000000,28.651051,0.00,0,2,4,25,17,20,26,13,24,55,97,12,0,0,0,0,0,0,0.0020,0.0653,0.0605,0.0040,0.0233,0.0836,0.0469,5.1845,0.0636,0.0000,1.0300,0.0032,0.0001,0.4315,0.0074,0.0047,0.0002
2160,29.0632,0.0000,12.2610,5.2972,,true,0,0.008333,0.0000,0.0000,1.00,0.00,0.0000,22,1,295,295,0,0,100,1,11,11,0,246528,0,295,0,0,846053376,0.000000,0.000000,28.651051,0.00,0,2,4,25,17,20,26,13,24,55,97,12,0,0,0,0,0,0,0.0016,0.0541,0.0634,0.0050,0.0207,0.0700,0.0477,5.2972,0.0554,0.0000,0.9796,0.0031,0.0001,0.4108,0.0087,0.0037,0.0002
2161,29.0748,0.0000,11.8177,5.0836,,true,0,0.008333,0.0000,0.0000,1.00,0.00,0.0000,22,1,295,295,0,0,100,1,11,11,0,246528,0,295,0,0,846053376,0.000000,0.000000,28.651051,0.00,0,2,4,25,17,20,26,13,24,55,97,12,0,0,0,0,0,0,0.0023,0.0441,0.0587,0.0038,0.0205,0.0645,0.0464,5.0836,0.0647,0.0000,0.9695,0.0035,0.0001,0.4023,0.0086,0.0060,0.0003
2162,29.0867,0.0000,12.0677,4.8253,,true,0,0.008333,0.0000,0.0000,1.00,0.00,0.0000,22,1,295,295,0,0,100,1,11,11,0,246528,0,295,0,0,846053376,0.000000,0.000000,28.651051,0.00,0,2,4,25,17,20,26,13,24,55,97,12,0,0,0,0,0,0,0.0013,0.0466,0.0755,0.0042,0.0157,0.0706,0.0573,4.8253,0.0636,0.0000,0.9761,0.0040,0.0001,0.4107,0.0077,0.0043,0.0002
2163,29.0986,0.0000,11.4595,5.2452,,true,0,0.008333,0.0000,0.0000,1.00,0.00,0.0000,22,1,295,295,0,0,100,1,11,11,0,246528,0,295,0,0,846053376,0.000000,0.000000,28.651051,0.00,0,2,4,25,17,20,26,13,24,55,97,12,0,0,0,0,0,0,0.0017,0.0432,0.0541,0.0047,0.0179,0.0562,0.0428,5.2452,0.0507,0.0000,1.0043,0.0040,0.0001,0.3968,0.0078,0.0050,0.0002
2164,29.1105,0.0000,12.2627,4.7693,,true,0,0.008333,0.0000,0.0000,1.00,0.00,0.0000,22,1,295,295,0,0,100,1,11,11,0,246528,0,295,0,0,846053376,0.000000,0.000000,28.651051,0.00,0,2,4,25,17,20,26,13,24,55,97,12,0,0,0,0,0,0,0.0027,0.0376,0.0582,0.0031,0.0185,0.0557,0.0417,4.7693,0.0612,0.0000,0.9633,0.0036,0.0001,0.3965,0.0068,0.0054,0.0002
2165,29.1254,0.0000,12.7829,6.7563,,true,0,0.008333,0.0000,0.0000,1.00,0.00,0.0000,22,1,295,295,0,0,100,1,11,11,0,246528,0,295,0,0,846053376,0.000000,0.000000,28.651051,0.00,0,2,4,25,17,20,26,13,24,55,97,12,0,0,0,0,0,0,0.0014,0.0577,0.0777,0.0044,0.0257,0.0797,0.0467,6.7563,0.1011,0.0000,1.1169,0.0060,0.0001,0.4419,0.0161,0.0066,0.0002
2166,29.1378,0.0000,13.9200,5.2683,,true,0,0.008333,0.0000,0.0000,1.00,0.00,0.0000,22,1,295,295,0,0,100,1,11,11,0,246528,0,295,0,0,846053376,0.000000,0.000000,28.651051,0.00,0,2,4,25,17,20,26,13,24,55,97,12,0,0,0,0,0,0,0.0015,0.0460,0.0614,0.0047,0.0182,0.0761,0.0488,5.2683,0.0649,0.0000,1.0096,0.0041,0.0001,0.4103,0.0086,0.0056,0.0002
2167,29.1488,0.0000,11.2755,5.0242,,true,0,0.008333,0.0000,0.0000,1.00,0.00,0.0000,22,1,295,295,0,0,100,1,11,11,0,246528,0,295,0,0,846053376,0.000000,0.000000,28.651051,0.00,0,2,4,25,17,20,26,13,24,55,97,12,0,0,0,0,0,0,0.0016,0.0498,0.0584,0.0058,0.0200,0.0657,0.0539,5.0242,0.0660,0.0000,0.9891,0.0044,0.0001,0.4105,0.0083,0.0057,0.0002
2168,29.1609,0.0000,12.2599,5.1654,,true,0,0.008333,0.0000,0.0000,1.00,0.00,0.0000,22,1,295,295,0,0,100,1,11,11,0,246528,0,295,0,0,846053376,0.000000,0.000000,28.651051,0.00,0,2,4,25,17,20,26,13,24,55,97,12,0,0,0,0,0,0,0.0014,0.0423,0.0625,0.0048,0.0180,0.0642,0.0581,5.1654,0.0705,0.0000,0.9801,0.0031,0.0001,0.4049,0.0091,0.0045,0.0001
2169,29.1765,0.0000,14.3128,6.0624,,true,0,0.008333,0.0000,0.0000,1.00,0.00,0.0000,22,1,295,295,0,0,100,1,11,11,0,246528,0,295,0,0,846053376,0.000000,0.000000,28.651051,0.00,0,2,4,25,17,20,26,13,24,55,97,12,0,0,0,0,0,0,0.0015,0.0551,0.0749,0.0055,0.0246,0.0771,0.0472,6.0624,0.0897,0.0000,1.0244,0.0044,0.0001,0.4329,0.0083,0.0063,0.0002
2170,29.1912,0.0000,15.2576,5.8047,,true,0,0.008333,0.0000,0.0000,1.00,0.00,0.0000,22,1,295,295,0,0,100,1,11,11,0,246528,0,295,0,0,846053376,0.000000,0.000000,28.651051,0.00,0,2,4,25,17,20,26,13,24,55,97,12,0,0,0,0,0,0,0.0016,0.0478,0.0596,0.0050,0.0189,0.1127,0.0477,5.8047,0.0718,0.0000,1.0072,0.0040,0.0001,0.4192,0.0087,0.0054,0.0002
2171,29.2046,0.0000,13.4051,5.6836,,true,0,0.008333,0.0000,0.0000,1.00,0.00,0.0000,22,1,295,295,0,0,100,1,11,11,0,246528,0,295,0,0,846053376,0.000000,0.000000,28.651051,0.00,0,2,4,25,17,20,26,13,24,55,97,12,0,0,0,0,0,0,0.0014,0.0388,0.0666,0.0049,0.0219,0.0890,0.0452,5.6836,0.0572,0.0000,1.0581,0.0038,0.0001,0.4023,0.0094,0.0055,0.0001
2172,29.2202,0.0000,14.1935,6.8902,,true,0,0.008333,0.0000,0.0000,1.00,0.00,0.0000,22,1,295,295,0,0,100,1,11,11,0,246528,0,295,0,0,846053376,0.000000,0.000000,28.651051,0.00,0,2,4,25,17,20,26,13,24,55,97,12,0,0,0,0,0,0,0.0014,0.0413,0.0753,0.0050,0.0195,0.0477,0.0463,6.8902,0.0888,0.0000,0.9934,0.0034,0.0001,0.4120,0.0087,0.0052,0.0001
2173,29.2348,0.0000,12.3401,9.1086,,true,0,0.008333,0.0000,0.0000,1.00,0.00,0.0000,22,1,295,295,0,0,100,1,11,11,0,246528,0,295,0,0,846053376,0.000000,0.000000,28.956217,0.00,0,2,4,25,17,20,26,13,24,55,97,12,0,0,0,0,0,0,0.0044,0.1293,0.0799,0.0110,0.0225,0.3264,0.0706,9.1086,0.0806,0.0000,1.3214,0.0041,0.0001,0.4086,0.0138,0.0054,0.0002
2174,29.2463,0.0000,13.7965,6.4927,,true,0,0.008333,0.0000,0.0000,1.00,0.00,0.0000,22,1,295,295,0,0,100,1,11,11,0,246528,0,295,0,0,846053376,0.000000,0.000000,28.956217,0.00,0,2,4,25,17,20,26,13,24,55,97,12,0,0,0,0,0,0,0.0013,0.0496,0.0608,0.0043,0.0205,0.0778,0.0454,6.4927,0.0599,0.0000,1.0062,0.0035,0.0001,0.4023,0.0085,0.0043,0.0002
2175,29.2580,0.0000,12.0616,6.6603,,true,0,0.008333,0.0000,0.0000,1.00,0.00,0.0000,22,1,295,295,0,0,100,1,11,11,0,246528,0,295,0,0,846053376,0.000000,0.000000,28.956217,0.00,0,2,4,25,17,20,26,13,24,55,97,12,0,0,0,0,0,0,0.0014,0.0423,0.0755,0.0047,0.0245,0.0685,0.0500,6.6603,0.1724,0.0000,0.8628,0.0037,0.0001,0.2931,0.0104,0.0038,0.0001
2176,29.2719,0.0000,13.9027,6.5028,,true,0,0.008333,0.0000,0.0000,1.00,0.00,0.0000,22,1,295,295,0,0,100,1,11,11,0,246528,0,295,0,0,846053376,0.000000,0.000000,28.956217,0.00,0,2,4,25,17,20,26,13,24,55,97,12,0,0,0,0,0,0,0.0013,0.0513,0.0677,0.0042,0.0247,0.0773,0.0470,6.5028,0.0668,0.0000,1.0147,0.0035,0.0001,0.4116,0.0087,0.0057,0.0002
2177,29.2836,0.0000,11.7410,6.6535,,true,0,0.008333,0.0000,0.0000,1.00,0.00,0.0000,22,1,295,295,0,0,100,1,11,11,0,246528,0,295,0,0,846053376,0.000000,0.000000,28.956217,0.00,0,2,4,25,17,20,26,13,24,55,97,12,0,0,0,0,0,0,0.0048,0.0420,0.0592,0.0049,0.0185,0.1190,0.0473,6.6535,0.0773,0.0000,0.9926,0.0039,0.0001,0.4012,0.0078,0.0056,0.0002
2178,29.2952,0.0000,12.5627,5.8720,,true,0,0.008333,0.0000,0.0000,1.00,0.00,0.0000,22,1,295,295,0,0,100,1,11,11,0,246528,0,295,0,0,846094336,0.000000,0.000000,28.956217,0.00,0,2,4,25,17,20,26,13,24,55,97,12,0,0,0,0,0,0,0.0014,0.0375,0.0888,0.0053,0.0251,0.0708,0.0442,5.8720,0.0826,0.0000,1.0207,0.0039,0.0001,0.4038,0.0091,0.0049,0.0002
2179,29.3089,0.0000,13.0686,6.3707,,true,0,0.008333,0.0000,0.0000,1.00,0.00,0.0000,22,1,295,295,0,0,100,1,11,11,0,246528,0,295,0,0,846094336,0.000000,0.000000,28.956217,0.00,0,2,4,25,17,20,26,13,24,55,97,12,0,0,0,0,0,0,0.0054,0.0465,0.0854,0.0057,0.0261,0.0711,0.0399,6.3707,0.0930,0.0000,0.8740,0.0035,0.0001,0.3483,0.0098,0.0066,0.0001
2180,29.3208,0.0000,12.0807,6.0045,,true,0,0.008333,0.0000,0.0000,1.00,0.00,0.0000,22,1,295,295,0,0,100,1,11,11,0,246528,0,295,0,0,846094336,0.000000,0.000000,28.956217,0.00,0,2,4,25,17,20,26,13,24,55,97,12,0,0,0,0,0,0,0.0015,0.0431,0.0651,0.0048,0.0217,0.0842,0.0384,6.0045,0.0833,0.0000,0.8153,0.0034,0.0001,0.3136,0.0072,0.0064,0.0001
2181,29.3380,0.0000,13.7317,9.2000,,true,0,0.008333,0.0000,0.0000,1.00,0.00,0.0000,22,1,295,295,0,0,100,1,11,11,0,246528,0,295,0,0,846094336,0.000000,0.000000,28.956217,0.00,0,2,4,25,17,20,26,13,24,55,97,12,0,0,0,0,0,0,0.0056,0.0554,0.0658,0.0050,0.0241,0.0802,0.0638,9.2000,0.0716,0.0000,1.0765,0.0048,0.0001,0.4104,0.0130,0.0064,0.0001
2182,29.3487,0.0000,13.8694,6.3844,,true,0,0.008333,0.0000,0.0000,1.00,0.00,0.0000,22,1,295,295,0,0,100,1,11,11,0,246528,0,295,0,0,846094336,0.000000,0.000000,28.956217,0.00,0,2,4,25,17,20,26,13,24,55,97,12,0,0,0,0,0,0,0.0017,0.0437,0.0767,0.0043,0.0205,0.0708,0.0456,6.3844,0.0653,0.0000,1.0336,0.0042,0.0001,0.4298,0.0070,0.0052,0.0002
2183,29.3579,0.0000,9.7492,5.9532,,true,0,0.008333,0.0000,0.0000,1.00,0.00,0.0000,22,1,295,295,0,0,100,1,11,11,0,246528,0,295,0,0,846094336,0.000000,0.000000,28.956217,0.00,0,2,4,25,17,20,26,13,24,55,97,12,0,0,0,0,0,0,0.0015,0.0443,0.0603,0.0037,0.0179,0.1113,0.0493,5.9532,0.0687,0.0000,0.9970,0.0042,0.0001,0.4002,0.0086,0.0052,0.0002
2184,29.3704,0.0000,12.5696,5.8438,,true,0,0.008333,0.0000,0.0000,1.00,0.00,0.0000,22,1,295,295,0,0,100,1,11,11,0,246528,0,295,0,0,846094336,0.000000,0.000000,28.956217,0.00,0,2,4,25,17,20,26,13,24,55,97,12,0,0,0,0,0,0,0.0022,0.0672,0.0635,0.0045,0.0202,0.0611,0.0528,5.8438,0.0709,0.0000,1.0084,0.0036,0.0001,0.4104,0.0090,0.0058,0.0001
2185,29.3825,0.0000,11.6998,6.1429,,true,0,0.008333,0.0000,0.0000,1.00,0.00,0.0000,22,1,295,295,0,0,100,1,11,11,0,246528,0,295,0,0,846094336,0.000000,0.000000,28.956217,0.00,0,2,4,25,17,20,26,13,24,55,97,12,0,0,0,0,0,0,0.0012,0.0421,0.0932,0.0050,0.0231,0.0703,0.0492,6.1429,0.0942,0.0000,1.0277,0.0040,0.0001,0.4089,0.0087,0.0040,0.0002
2186,29.3948,0.0000,13.0430,5.3292,,true,0,0.008333,0.0000,0.0000,1.00,0.00,0.0000,22,1,295,295,0,0,100,1,11,11,0,246528,0,295,0,0,846094336,0.000000,0.000000,28.956217,0.00,0,2,4,25,17,20,26,13,24,55,97,12,0,0,0,0,0,0,0.0012,0.0399,0.0596,0.0042,0.0177,0.0590,0.0470,5.3292,0.0689,0.0000,0.9622,0.0036,0.0001,0.3932,0.0099,0.0040,0.0001
2187,29.4070,0.0000,12.3225,5.4140,,true,0,0.008333,0.0000,0.0000,1.00,0.00,0.0000,22,1,295,295,0,0,100,1,11,11,0,246528,0,295,0,0,846094336,0.000000,0.000000,28.956217,0.00,0,2,4,25,17,20,26,13,24,55,97,12,0,0,0,0,0,0,0.0014,0.0397,0.0615,0.0046,0.0196,0.0702,0.0736,5.4140,0.0688,0.0000,0.9860,0.0033,0.0001,0.4058,0.0093,0.0060,0.0001
2188,29.4205,0.0000,13.0503,5.7521,,true,0,0.008333,0.0000,0.0000,1.00,0.00,0.0000,22,1,295,295,0,0,100,1,11,11,0,246528,0,295,0,0,846094336,0.000000,0.000000,28.956217,0.00,0,2,4,25,17,20,26,13,24,55,97,12,0,0,0,0,0,0,0.0013,0.0475,0.0649,0.0046,0.0253,0.0657,0.0464,5.7521,0.0820,0.0000,0.9921,0.0038,0.0001,0.4074,0.0072,0.0041,0.0002
2189,29.4348,0.0000,12.8378,7.1632,,true,0,0.008333,0.0000,0.0000,1.00,0.00,0.0000,22,1,295,295,0,0,100,1,11,11,0,246528,0,295,0,0,846094336,0.000000,0.000000,28.956217,0.00,0,2,4,25,17,20,26,13,24,55,97,12,0,0,0,0,0,0,0.0018,0.0549,0.1052,0.0041,0.0215,0.0908,0.0467,7.1632,0.1777,0.0000,1.1712,0.0067,0.0001,0.5090,0.0107,0.0069,0.0002
2190,29.4594,0.0000,12.9385,18.8811,,true,0,0.008333,0.0000,0.0000,1.00,0.00,0.0000,22,1,295,295,0,0,100,1,11,11,0,246528,0,295,0,0,846094336,0.000000,0.000000,28.956217,0.00,0,2,4,25,17,20,26,13,24,55,97,12,0,0,0,0,0,0,0.0017,0.0471,0.1004,0.0051,0.0179,0.0853,0.0512,18.8811,0.1194,0.0000,13.2640,0.0034,0.7945,0.2938,0.0275,0.0051,11.6017
2191,29.4672,0.0000,13.0163,6.4254,,true,0,0.008333,0.0000,0.0000,1.00,0.00,0.0000,22,1,295,295,0,0,100,1,11,11,0,246528,0,295,0,0,846094336,0.000000,0.000000,28.956217,0.00,0,2,4,25,17,20,26,13,24,55,97,12,0,0,0,0,0,0,0.0029,0.1325,0.0840,0.0059,0.0365,0.0763,0.0627,6.4254,0.1107,0.0000,1.0471,0.0027,0.0001,0.3803,0.0060,0.0029,0.0002
2192,29.4759,0.0000,16.5891,5.8725,,true,0,0.008333,0.0000,0.0000,1.00,0.00,0.0000,22,1,295,295,0,0,100,1,11,11,0,246528,0,295,0,0,846094336,0.000000,0.000000,28.956217,0.00,0,2,4,25,17,20,26,13,24,55,97,12,0,0,0,0,0,0,0.0012,0.0320,0.0776,0.0057,0.0151,0.0636,0.0392,5.8725,0.1333,0.0000,1.2400,0.0040,0.0001,0.4563,0.0086,0.0048,0.0002
2193,29.4831,0.0000,7.4584,5.5074,,true,0,0.008333,0.0000,0.0000,1.00,0.00,0.0000,22,1,295,295,0,0,100,1,11,11,0,246528,0,295,0,0,846094336,0.000000,0.000000,28.956217,0.00,0,2,4,25,17,20,26,13,24,55,97,12,0,0,0,0,0,0,0.0016,0.0400,0.0617,0.0060,0.0177,0.1141,0.0427,5.5074,0.0650,0.0000,0.9811,0.0035,0.0001,0.4106,0.0081,0.0056,0.0002
2194,29.4957,0.0000,12.3193,5.7289,,true,0,0.008333,0.0000,0.0000,1.00,0.00,0.0000,22,1,295,295,0,0,100,1,11,11,0,246528,0,295,0,0,846094336,0.000000,0.000000,28.956217,0.00,0,2,4,25,17,20,26,13,24,55,97,12,0,0,0,0,0,0,0.0012,0.0366,0.0597,0.0046,0.0212,0.0810,0.0466,5.7289,0.0679,0.0000,0.9884,0.0041,0.0001,0.3988,0.0077,0.0063,0.0002
2195,29.5076,0.0000,12.3663,5.5902,,true,0,0.008333,0.0000,0.0000,1.00,0.00,0.0000,22,1,295,295,0,0,100,1,11,11,0,246528,0,295,0,0,846094336,0.000000,0.000000,28.956217,0.00,0,2,4,25,17,20,26,13,24,55,97,12,0,0,0,0,0,0,0.0014,0.0430,0.0591,0.0048,0.0219,0.0611,0.0451,5.5902,0.0641,0.0000,0.9782,0.0041,0.0001,0.4042,0.0085,0.0060,0.0002
2196,29.5214,0.0000,12.5790,6.2660,,true,0,0.008333,0.0000,0.0000,1.00,0.00,0.0000,22,1,295,295,0,0,100,1,11,11,0,246528,0,295,0,0,846094336,0.000000,0.000000,28.956217,0.00,0,2,4,25,17,20,26,13,24,55,97,12,0,0,0,0,0,0,0.0016,0.0449,0.0678,0.0052,0.0205,0.1079,0.0473,6.2660,0.1127,0.0000,1.0155,0.0036,0.0001,0.4202,0.0106,0.0058,0.0002
2197,29.5364,0.0000,14.0131,7.4573,,true,0,0.008333,0.0000,0.0000,1.00,0.00,0.0000,22,1,295,295,0,0,100,1,11,11,0,246528,0,295,0,0,846094336,0.000000,0.000000,29.261609,0.00,0,2,4,25,17,20,26,13,24,55,97,12,0,0,0,0,0,0,0.0019,0.0565,0.0748,0.0054,0.0290,0.3233,0.0536,7.4573,0.0907,0.0000,1.1429,0.0046,0.0001,0.4365,0.0119,0.0066,0.0002
2198,29.5466,0.0000,12.6827,5.1622,,true,0,0.008333,0.0000,0.0000,1.00,0.00,0.0000,22,1,295,295,0,0,100,1,11,11,0,246528,0,295,0,0,846094336,0.000000,0.000000,29.261609,0.00,0,2,4,25,17,20,26,13,24,55,97,12,0,0,0,0,0,0,0.0016,0.0491,0.0602,0.0103,0.0216,0.0708,0.0466,5.1622,0.0669,0.0000,0.9974,0.0039,0.0001,0.4144,0.0086,0.0053,0.0002
2199,29.5581,0.0000,11.3011,5.4378,,true,0,0.008333,0.0000,0.0000,1.00,0.00,0.0000,22,1,295,295,0,0,100,1,11,11,0,246528,0,295,0,0,846094336,0.000000,0.000000,29.261609,0.00,0,2,4,25,17,20,26,13,24,55,97,12,0,0,0,0,0,0,0.0013,0.0488,0.0894,0.0044,0.0188,0.0728,0.0449,5.4378,0.0820,0.0000,1.1716,0.0046,0.0001,0.5727,0.0121,0.0052,0.0002
2200,29.5734,0.0000,12.9806,6.5944,,true,0,0.008333,0.0000,0.0000,1.00,0.00,0.0000,22,1,295,295,0,0,100,1,11,11,0,246528,0,295,0,0,846094336,0.000000,0.000000,29.261609,0.00,0,2,4,25,17,20,26,13,24,55,97,12,0,0,0,0,0,0,0.0015,0.0480,0.0625,0.0045,0.0244,0.0848,0.0481,6.5944,0.0658,0.0000,1.0082,0.0027,0.0001,0.3938,0.0089,0.0039,0.0002
2201,29.5839,0.0000,11.1341,6.7987,,true,0,0.008333,0.0000,0.0000,1.00,0.00,0.0000,22,1,295,295,0,0,100,1,11,11,0,246528,0,295,0,0,846094336,0.000000,0.000000,29.261609,0.00,0,2,4,25,17,20,26,13,24,55,97,12,0,0,0,0,0,0,0.0018,0.0447,0.0746,0.0042,0.0242,0.0793,0.0459,6.7987,0.0854,0.0000,0.9956,0.0026,0.0001,0.4055,0.0083,0.0055,0.0001
2202,29.5982,0.0000,14.1352,5.9139,,true,0,0.008333,0.0000,0.0000,1.00,0.00,0.0000,22,1,295,295,0,0,100,1,11,11,0,246528,0,295,0,0,846094336,0.000000,0.000000,29.261609,0.00,0,2,4,25,17,20,26,13,24,55,97,12,0,0,0,0,0,0,0.0012,0.0397,0.0627,0.0044,0.0162,0.0515,0.0429,5.9139,0.0939,0.0000,0.9656,0.0036,0.0001,0.4167,0.0060,0.0034,0.0002
2203,29.6057,0.0000,9.7220,5.0919,,true,0,0.008333,0.0000,0.0000,1.00,0.00,0.0000,22,1,295,295,0,0,100,1,11,11,0,246528,0,295,0,0,846094336,0.000000,0.000000,29.261609,0.00,0,2,4,25,17,20,26,13,24,55,97,12,0,0,0,0,0,0,0.0016,0.0419,0.0643,0.0050,0.0230,0.0734,0.0467,5.0919,0.0772,0.0000,1.0028,0.0040,0.0001,0.3986,0.0079,0.0046,0.0001
2204,29.6172,0.0000,11.3645,4.9901,,true,0,0.008333,0.0000,0.0000,1.00,0.00,0.0000,22,1,295,295,0,0,100,1,11,11,0,246528,0,295,0,0,846094336,0.000000,0.000000,29.261609,0.00,0,2,4,25,17,20,26,13,24,55,97,12,0,0,0,0,0,0,0.0029,0.0389,0.0508,0.0052,0.0202,0.0782,0.0466,4.9901,0.0693,0.0000,1.0071,0.0041,0.0001,0.4140,0.0080,0.0065,0.0003
2205,29.6318,0.0000,12.5481,6.6870,,true,0,0.008333,0.0000,0.0000,1.00,0.00,0.0000,22,1,295,295,0,0,100,1,11,11,0,246528,0,295,0,0,846094336,0.000000,0.000000,29.261609,0.00,0,2,4,25,17,20,26,13,24,55,97,12,0,0,0,0,0,0,0.0018,0.0478,0.0592,0.0051,0.0258,0.0928,0.0478,6.6870,0.0869,0.0000,1.1233,0.0039,0.0001,0.4950,0.0095,0.0057,0.0002
2206,29.6417,0.0000,11.4190,5.5873,,true,0,0.008333,0.0000,0.0000,1.00,0.00,0.0000,22,1,295,295,0,0,100,1,11,11,0,246528,0,295,0,0,846094336,0.000000,0.000000,29.261609,0.00,0,2,4,25,17,20,26,13,24,55,97,12,0,0,0,0,0,0,0.0017,0.0470,0.0665,0.0058,0.0207,0.0716,0.0490,5.5873,0.1181,0.0000,1.0045,0.0040,0.0001,0.3953,0.0093,0.0054,0.0003
2207,29.6534,0.0000,12.1398,5.2277,,true,0,0.008333,0.0000,0.0000,1.00,0.00,0.0000,22,1,295,295,0,0,100,1,11,11,0,246528,0,295,0,0,846094336,0.000000,0.000000,29.261609,0.00,0,2,4,25,17,20,26,13,24,55,97,12,0,0,0,0,0,0,0.0019,0.0469,0.0592,0.0056,0.0228,0.0612,0.0464,5.2277,0.0663,0.0000,1.0048,0.0038,0.0001,0.4034,0.0085,0.0055,0.0002
2208,29.6644,0.0000,11.2148,5.0182,,true,0,0.008333,0.0000,0.0000,1.00,0.00,0.0000,22,1,295,295,0,0,100,1,11,11,0,246528,0,295,0,0,846094336,0.000000,0.000000,29.261609,0.00,0,2,4,25,17,20,26,13,24,55,97,12,0,0,0,0,0,0,0.0013,0.0404,0.0620,0.0035,0.0177,0.0460,0.0442,5.0182,0.0806,0.0000,1.0398,0.0051,0.0001,0.4451,0.0093,0.0046,0.0002
2209,29.6756,0.0000,11.4609,4.8089,,true,0,0.008333,0.0000,0.0000,1.00,0.00,0.0000,22,1,295,295,0,0,100,1,11,11,0,246528,0,295,0,0,846094336,0.000000,0.000000,29.261609,0.00,0,2,4,25,17,20,26,13,24,55,97,12,0,0,0,0,0,0,0.0020,0.0565,0.0543,0.0036,0.0190,0.0527,0.0444,4.8089,0.0632,0.0000,1.0112,0.0041,0.0001,0.4353,0.0078,0.0049,0.0002
2210,29.6878,0.0000,11.5089,5.3924,,true,0,0.008333,0.0000,0.0000,1.00,0.00,0.0000,22,1,295,295,0,0,100,1,11,11,0,246528,0,295,0,0,846094336,0.000000,0.000000,29.261609,0.00,0,2,4,25,17,20,26,13,24,55,97,12,0,0,0,0,0,0,0.0017,0.0441,0.0617,0.0044,0.0220,0.0819,0.0538,5.3924,0.0696,0.0000,1.0054,0.0041,0.0001,0.4116,0.0061,0.0056,0.0002
2211,29.6985,0.0000,10.9750,5.2603,,true,0,0.008333,0.0000,0.0000,1.00,0.00,0.0000,22,1,295,295,0,0,100,1,11,11,0,246528,0,295,0,0,846094336,0.000000,0.000000,29.261609,0.00,0,2,4,25,17,20,26,13,24,55,97,12,0,0,0,0,0,0,0.0016,0.0440,0.0796,0.0033,0.0130,0.0839,0.0463,5.2603,0.0893,0.0000,1.0076,0.0042,0.0001,0.3850,0.0085,0.0049,0.0001
2212,29.7100,0.0000,11.8525,4.8095,,true,0,0.008333,0.0000,0.0000,1.00,0.00,0.0000,22,1,295,295,0,0,100,1,11,11,0,246528,0,295,0,0,846094336,0.000000,0.000000,29.261609,0.00,0,2,4,25,17,20,26,13,24,55,97,12,0,0,0,0,0,0,0.0016,0.0453,0.0638,0.0032,0.0326,0.0540,0.0468,4.8095,0.0746,0.0000,0.9627,0.0039,0.0001,0.3939,0.0074,0.0053,0.0006
2213,29.7207,0.0000,10.5659,4.9811,,true,0,0.008333,0.0000,0.0000,1.00,0.00,0.0000,22,1,295,295,0,0,100,1,11,11,0,246528,0,295,0,0,846094336,0.000000,0.000000,29.261609,0.00,0,2,4,25,17,20,26,13,24,55,97,12,0,0,0,0,0,0,0.0018,0.0403,0.0575,0.0041,0.0149,0.0550,0.0436,4.9811,0.0712,0.0000,0.9675,0.0028,0.0001,0.4061,0.0072,0.0051,0.0002
2214,29.7321,0.0000,10.3540,5.9942,,true,0,0.008333,0.0000,0.0000,1.00,0.00,0.0000,22,1,295,295,0,0,100,1,11,11,0,246528,0,295,0,0,846094336,0.000000,0.000000,29.261609,0.00,0,2,4,25,17,20,26,13,24,55,97,12,0,0,0,0,0,0,0.0018,0.0481,0.0835,0.0039,0.0232,0.0827,0.0476,5.9942,0.0841,0.0000,1.0591,0.0035,0.0001,0.4073,0.0098,0.0059,0.0002
2215,29.7433,0.0000,11.7333,5.4378,,true,0,0.008333,0.0000,0.0000,1.00,0.00,0.0000,22,1,295,295,0,0,100,1,11,11,0,246528,0,295,0,0,846094336,0.000000,0.000000,29.261609,0.00,0,2,4,25,17,20,26,13,24,55,97,12,0,0,0,0,0,0,0.0013,0.0435,0.0677,0.0035,0.0191,0.0756,0.0440,5.4378,0.0671,0.0000,1.1289,0.0160,0.0001,0.4624,0.0105,0.0063,0.0002
2216,29.7543,0.0000,11.5002,4.8794,,true,0,0.008333,0.0000,0.0000,1.00,0.00,0.0000,22,1,295,295,0,0,100,1,11,11,0,246528,0,295,0,0,846094336,0.000000,0.000000,29.261609,0.00,0,2,4,25,17,20,26,13,24,55,97,12,0,0,0,0,0,0,0.0016,0.0466,0.0569,0.0039,0.0181,0.0517,0.0465,4.8794,0.0689,0.0000,0.9740,0.0029,0.0001,0.3986,0.0075,0.0045,0.0002
2217,29.7655,0.0000,10.3803,5.8892,,true,0,0.008333,0.0000,0.0000,1.00,0.00,0.0000,22,1,295,295,0,0,100,1,11,11,0,246528,0,295,0,0,846094336,0.000000,0.000000,29.261609,0.00,0,2,4,25,17,20,26,13,24,55,97,12,0,0,0,0,0,0,0.0015,0.0438,0.0830,0.0037,0.0153,0.0517,0.0492,5.8892,0.0814,0.0000,1.1275,0.0032,0.0001,0.4701,0.0085,0.0055,0.0005
2218,29.7762,0.0000,11.2674,5.2688,,true,0,0.008333,0.0000,0.0000,1.00,0.00,0.0000,22,1,295,295,0,0,100,1,11,11,0,246528,0,295,0,0,846106624,0.000000,0.000000,29.261609,0.00,0,2,4,25,17,20,26,13,24,55,97,12,0,0,0,0,0,0,0.0015,0.0377,0.0590,0.0040,0.0230,0.0674,0.0514,5.2688,0.0788,0.0000,1.0019,0.0040,0.0001,0.3987,0.0060,0.0051,0.0002
2219,29.7871,0.0000,10.9900,5.1618,,true,0,0.008333,0.0000,0.0000,1.00,0.00,0.0000,22,1,295,295,0,0,100,1,11,11,0,246528,0,295,0,0,846106624,0.000000,0.000000,29.261609,0.00,0,2,4,25,17,20,26,13,24,55,97,12,0,0,0,0,0,0,0.0037,0.0387,0.0672,0.0045,0.0199,0.0659,0.0433,5.1618,0.0647,0.0000,0.9875,0.0032,0.0001,0.4160,0.0079,0.0046,0.0002
2220,29.7985,0.0000,11.1046,5.3284,,true,0,0.008333,0.0000,0.0000,1.00,0.00,0.0000,22,1,295,295,0,0,100,1,11,11,0,246528,0,295,0,0,846106624,0.000000,0.000000,29.261609,0.00,0,2,4,25,17,20,26,13,24,55,97,12,0,0,0,0,0,0,0.0015,0.0389,0.0573,0.0045,0.0196,0.0508,0.0436,5.3284,0.0636,0.0000,0.9648,0.0022,0.0001,0.3951,0.0042,0.0035,0.0008
2221,29.8102,0.0000,11.7665,5.2115,,true,0,0.008333,0.0000,0.0000,1.00,0.00,0.0000,22,1,295,295,0,0,100,1,11,11,0,246528,0,295,0,0,846106624,0.000000,0.000000,29.261609,0.00,0,2,4,25,17,20,26,13,24,55,97,12,0,0,0,0,0,0,0.0019,0.0474,0.0579,0.0042,0.0224,0.0665,0.0447,5.2115,0.0698,0.0000,0.9106,0.0052,0.0001,0.2666,0.0097,0.0065,0.0011
2222,29.8219,0.0000,11.8420,5.0944,,true,0,0.008333,0.0000,0.0000,1.00,0.00,0.0000,22,1,295,295,0,0,100,1,11,11,0,246528,0,295,0,0,846106624,0.000000,0.000000,29.261609,0.00,0,2,4,25,17,20,26,13,24,55,97,12,0,0,0,0,0,0,0.0015,0.0394,0.0626,0.0053,0.0189,0.0605,0.0469,5.0944,0.0679,0.0000,0.9584,0.0030,0.0001,0.4093,0.0084,0.0040,0.0002
2223,29.8321,0.0000,9.8779,5.4130,,true,0,0.008333,0.0000,0.0000,1.00,0.00,0.0000,22,1,295,295,0,0,100,1,11,11,0,246528,0,295,0,0,846106624,0.000000,0.000000,29.261609,0.00,0,2,4,25,17,20,26,13,24,55,97,12,0,0,0,0,0,0,0.0015,0.0984,0.0655,0.0041,0.0242,0.0774,0.0458,5.4130,0.0703,0.0000,1.0070,0.0036,0.0001,0.4118,0.0094,0.0050,0.0002
2224,29.8449,0.0000,12.0071,6.0383,,true,0,0.008333,0.0000,0.0000,1.00,0.00,0.0000,22,1,295,295,0,0,100,1,11,11,0,246528,0,295,0,0,846106624,0.000000,0.000000,29.566927,0.00,0,2,4,25,17,20,26,13,24,55,97,12,0,0,0,0,0,0,0.0014,0.0441,0.0641,0.0050,0.0196,0.2300,0.0433,6.0383,0.0692,0.0000,0.9884,0.0045,0.0001,0.3968,0.0082,0.0074,0.0002
2225,29.8548,0.0000,11.1760,4.9479,,true,0,0.008333,0.0000,0.0000,1.00,0.00,0.0000,22,1,295,295,0,0,100,1,11,11,0,246528,0,295,0,0,846106624,0.000000,0.000000,29.566927,0.00,0,2,4,25,17,20,26,13,24,55,97,12,0,0,0,0,0,0,0.0024,0.0367,0.0583,0.0039,0.0194,0.0539,0.0697,4.9479,0.0641,0.0000,0.9715,0.0033,0.0001,0.4093,0.0076,0.0054,0.0002
2226,29.8668,0.0000,10.9453,6.2308,,true,0,0.008333,0.0000,0.0000,1.00,0.00,0.0000,22,1,295,295,0,0,100,1,11,11,0,246528,0,295,0,0,846106624,0.000000,0.000000,29.566927,0.00,0,2,4,25,17,20,26,13,24,55,97,12,0,0,0,0,0,0,0.0037,0.0783,0.0598,0.0101,0.0495,0.0986,0.0880,6.2308,0.0694,0.0000,1.1998,0.0099,0.0001,0.4041,0.0131,0.0221,0.0001
2227,29.8800,0.0000,12.9917,6.0893,,true,0,0.008333,0.0000,0.0000,1.00,0.00,0.0000,22,1,295,295,0,0,100,1,11,11,0,246528,0,295,0,0,846106624,0.000000,0.000000,29.566927,0.00,0,2,4,25,17,20,26,13,24,55,97,12,0,0,0,0,0,0,0.0022,0.0502,0.0642,0.0020,0.0284,0.0827,0.0474,6.0893,0.0637,0.0000,1.0351,0.0042,0.0001,0.4011,0.0095,0.0057,0.0002
2228,29.8904,0.0000,10.8725,5.7523,,true,0,0.008333,0.0000,0.0000,1.00,0.00,0.0000,22,1,295,295,0,0,100,1,11,11,0,246528,0,295,0,0,846106624,0.000000,0.000000,29.566927,0.00,0,2,4,25,17,20,26,13,24,55,97,12,0,0,0,0,0,0,0.0017,0.0470,0.0658,0.0041,0.0172,0.0696,0.0679,5.7523,0.0770,0.0000,1.0690,0.0045,0.0001,0.4074,0.0111,0.0065,0.0002
2229,29.9033,0.0000,12.9016,5.6694,,true,0,0.008333,0.0000,0.0000,1.00,0.00,0.0000,22,1,295,295,0,0,100,1,11,11,0,246528,0,295,0,0,846106624,0.000000,0.000000,29.566927,0.00,0,2,4,25,17,20,26,13,24,55,97,12,0,0,0,0,0,0,0.0016,0.0447,0.0649,0.0045,0.0203,0.0718,0.0468,5.6694,0.0692,0.0000,1.0467,0.0039,0.0001,0.4434,0.0094,0.0047,0.0002
2230,29.9147,0.0000,11.8066,5.3265,,true,0,0.008333,0.0000,0.0000,1.00,0.00,0.0000,22,1,295,295,0,0,100,1,11,11,0,246528,0,295,0,0,846106624,0.000000,0.000000,29.566927,0.00,0,2,4,25,17,20,26,13,24,55,97,12,0,0,0,0,0,0,0.0016,0.0414,0.0608,0.0030,0.0220,0.0600,0.0430,5.3265,0.0761,0.0000,0.9952,0.0031,0.0001,0.4157,0.0086,0.0045,0.0002
2231,29.9249,0.0000,10.4085,5.2989,,true,0,0.008333,0.0000,0.0000,1.00,0.00,0.0000,22,1,295,295,0,0,100,1,11,11,0,246528,0,295,0,0,846106624,0.000000,0.000000,29.566927,0.00,0,2,4,25,17,20,26,13,24,55,97,12,0,0,0,0,0,0,0.0022,0.0608,0.0635,0.0047,0.0192,0.0699,0.0506,5.2989,0.0660,0.0000,1.0507,0.0038,0.0001,0.4132,0.0094,0.0063,0.0002
2232,29.9381,0.0000,12.1784,5.9480,,true,0,0.008333,0.0000,0.0000,1.00,0.00,0.0000,22,1,295,295,0,0,100,1,11,11,0,246528,0,295,0,0,846106624,0.000000,0.000000,29.566927,0.00,0,2,4,25,17,20,26,13,24,55,97,12,0,0,0,0,0,0,0.0019,0.0462,0.0659,0.0058,0.0250,0.0867,0.0472,5.9480,0.0761,0.0000,1.0469,0.0037,0.0001,0.4145,0.0095,0.0059,0.0002
2233,29.9484,0.0000,11.1662,5.3440,,true,0,0.008333,0.0000,0.0000,1.00,0.00,0.0000,22,1,295,295,0,0,100,1,11,11,0,246528,0,295,0,0,846106624,0.000000,0.000000,29.566927,0.00,0,2,4,25,17,20,26,13,24,55,97,12,0,0,0,0,0,0,0.0013,0.0452,0.0578,0.0034,0.0206,0.0623,0.0444,5.3440,0.0660,0.0000,1.0174,0.0035,0.0001,0.4026,0.0099,0.0048,0.0002
2234,29.9598,0.0000,11.2058,5.4662,,true,0,0.008333,0.0000,0.0000,1.00,0.00,0.0000,22,1,295,295,0,0,100,1,11,11,0,246528,0,295,0,0,846106624,0.000000,0.000000,29.566927,0.00,0,2,4,25,17,20,26,13,24,55,97,12,0,0,0,0,0,0,0.0022,0.0362,0.0584,0.0039,0.0198,0.0538,0.0485,5.4662,0.0637,0.0000,0.9881,0.0039,0.0001,0.4101,0.0085,0.0056,0.0002
2235,29.9705,0.0000,11.1911,4.9329,,true,0,0.008333,0.0000,0.0000,1.00,0.00,0.0000,22,1,295,295,0,0,100,1,11,11,0,246528,0,295,0,0,846106624,0.000000,0.000000,29.566927,0.00,0,2,4,25,17,20,26,13,24,55,97,12,0,0,0,0,0,0,0.0014,0.0370,0.0625,0.0042,0.0172,0.0605,0.0412,4.9329,0.0695,0.0000,0.8353,0.0046,0.0001,0.2736,0.0093,0.0047,0.0004
2236,29.9810,0.0000,10.7175,4.9174,,true,0,0.008333,0.0000,0.0000,1.00,0.00,0.0000,22,1,295,295,0,0,100,1,11,11,0,246528,0,295,0,0,846106624,0.000000,0.000000,29.566927,0.00,0,2,4,25,17,20,26,13,24,55,97,12,0,0,0,0,0,0,0.0015,0.0420,0.0602,0.0039,0.0191,0.0568,0.0459,4.9174,0.0601,0.0000,0.9762,0.0041,0.0001,0.4025,0.0081,0.0054,0.0002
2237,29.9925,0.0000,10.6484,5.5310,,true,0,0.008333,0.0000,0.0000,1.00,0.00,0.0000,22,1,295,295,0,0,100,1,11,11,0,246528,0,295,0,0,846106624,0.000000,0.000000,29.566927,0.00,0,2,4,25,17,20,26,13,24,55,97,12,0,0,0,0,0,0,0.0046,0.0580,0.0743,0.0093,0.0279,0.0885,0.0590,5.5310,0.0694,0.0000,0.8063,0.0056,0.0001,0.2885,0.0101,0.0052,0.0001
2238,30.0052,0.0000,12.3140,5.9945,,true,0,0.008333,0.0000,0.0000,1.00,0.00,0.0000,22,1,295,295,0,0,100,1,11,11,0,246528,0,295,0,0,846106624,0.000000,0.000000,29.566927,0.00,0,2,4,25,17,20,26,13,24,55,97,12,0,0,0,0,0,0,0.0011,0.0436,0.0639,0.0036,0.0211,0.0666,0.0334,5.9945,0.1046,0.0000,0.9779,0.0028,0.0001,0.3865,0.0101,0.0046,0.0003
2239,30.0151,0.0000,10.8359,5.0612,,true,0,0.008333,0.0000,0.0000,1.00,0.00,0.0000,22,1,295,295,0,0,100,1,11,11,0,246528,0,295,0,0,846106624,0.000000,0.000000,29.566927,0.00,0,2,4,25,17,20,26,13,24,55,97,12,0,0,0,0,0,0,0.0019,0.0387,0.0597,0.0049,0.0160,0.0712,0.0444,5.0612,0.0685,0.0000,0.7836,0.0020,0.0001,0.2521,0.0105,0.0031,0.0001
2240,30.0255,0.0000,10.6241,4.9041,,true,0,0.008333,0.0000,0.0000,1.00,0.00,0.0000,22,1,295,295,0,0,100,1,11,11,0,246528,0,295,0,0,846106624,0.000000,0.000000,29.566927,0.00,0,2,4,25,17,20,26,13,24,55,97,12,0,0,0,0,0,0,0.0054,0.0376,0.0551,0.0047,0.0201,0.0846,0.0452,4.9041,0.0685,0.0000,0.9942,0.0033,0.0001,0.4249,0.0087,0.0050,0.0006
2241,30.0388,0.0000,12.5310,5.5801,,true,0,0.008333,0.0000,0.0000,1.00,0.00,0.0000,22,1,295,295,0,0,100,1,11,11,0,246528,0,295,0,0,846106624,0.000000,0.000000,29.566927,0.00,0,2,4,25,17,20,26,13,24,55,97,12,0,0,0,0,0,0,0.0011,0.0482,0.0507,0.0058,0.0249,0.0781,0.0346,5.5801,0.0696,0.0000,0.7172,0.0049,0.0001,0.2530,0.0094,0.0058,0.0001
2242,30.0504,0.0000,10.6651,6.4798,,true,0,0.008333,0.0000,0.0000,1.00,0.00,0.0000,22,1,295,295,0,0,100,1,11,11,0,246528,0,295,0,0,846106624,0.000000,0.000000,29.566927,0.00,0,2,4,25,17,20,26,13,24,55,97,12,0,0,0,0,0,0,0.0047,0.0382,0.0978,0.0064,0.0251,0.0696,0.0360,6.4798,0.1274,0.0000,0.9008,0.0021,0.0001,0.3729,0.0170,0.0020,0.0001
2243,30.0611,0.0000,11.5925,5.4541,,true,0,0.008333,0.0000,0.0000,1.00,0.00,0.0000,22,1,295,295,0,0,100,1,11,11,0,246528,0,295,0,0,846106624,0.000000,0.000000,29.566927,0.00,0,2,4,25,17,20,26,13,24,55,97,12,0,0,0,0,0,0,0.0011,0.0444,0.0645,0.0055,0.0206,0.0683,0.0430,5.4541,0.0659,0.0000,1.0113,0.0040,0.0001,0.4338,0.0089,0.0048,0.0002
2244,30.0714,0.0000,11.2569,4.8934,,true,0,0.008333,0.0000,0.0000,1.00,0.00,0.0000,22,1,295,295,0,0,100,1,11,11,0,246528,0,295,0,0,846106624,0.000000,0.000000,29.566927,0.00,0,2,4,25,17,20,26,13,24,55,97,12,0,0,0,0,0,0,0.0014,0.0408,0.0586,0.0049,0.0209,0.0554,0.0543,4.8934,0.0664,0.0000,0.9909,0.0041,0.0001,0.3994,0.0046,0.0061,0.0002
2245,30.0825,0.0000,10.5856,5.4094,,true,0,0.008333,0.0000,0.0000,1.00,0.00,0.0000,22,1,295,295,0,0,100,1,11,11,0,246528,0,295,0,0,846106624,0.000000,0.000000,29.566927,0.00,0,2,4,25,17,20,26,13,24,55,97,12,0,0,0,0,0,0,0.0030,0.0407,0.0624,0.0052,0.0215,0.0632,0.0437,5.4094,0.0712,0.0000,0.9735,0.0038,0.0001,0.3965,0.0086,0.0041,0.0002
2246,30.0938,0.0000,11.1097,5.3100,,true,0,0.008333,0.0000,0.0000,1.00,0.00,0.0000,22,1,295,295,0,0,100,1,11,11,0,246528,0,295,0,0,846106624,0.000000,0.000000,29.566927,0.00,0,2,4,25,17,20,26,13,24,55,97,12,0,0,0,0,0,0,0.0017,0.0483,0.0608,0.0040,0.0213,0.0695,0.0528,5.3100,0.0669,0.0000,0.9800,0.0036,0.0001,0.4111,0.0077,0.0041,0.0002
2247,30.1038,0.0000,10.6707,4.9783,,true,0,0.008333,0.0000,0.0000,1.00,0.00,0.0000,22,1,295,295,0,0,100,1,11,11,0,246528,0,295,0,0,846106624,0.000000,0.000000,29.566927,0.00,0,2,4,25,17,20,26,13,24,55,97,12,0,0,0,0,0,0,0.0015,0.0543,0.0577,0.0047,0.0199,0.0601,0.0440,4.9783,0.0629,0.0000,0.9814,0.0033,0.0001,0.4261,0.0073,0.0054,0.0002
2248,30.1147,0.0000,10.3858,5.3776,,true,0,0.008333,0.0000,0.0000,1.00,0.00,0.0000,22,1,295,295,0,0,100,1,11,11,0,246528,0,295,0,0,846106624,0.000000,0.000000,29.566927,0.00,0,2,4,25,17,20,26,13,24,55,97,12,0,0,0,0,0,0,0.0018,0.0402,0.0559,0.0049,0.0192,0.0518,0.0429,5.3776,0.0593,0.0000,0.9828,0.0034,0.0001,0.4016,0.0094,0.0044,0.0002
2249,30.1276,0.0000,12.1376,5.9078,,true,0,0.008333,0.0000,0.0000,1.00,0.00,0.0000,22,1,295,295,0,0,100,1,11,11,0,246528,0,295,0,0,846106624,0.000000,0.000000,29.566927,0.00,0,2,4,25,17,20,26,13,24,55,97,12,0,0,0,0,0,0,0.0016,0.0532,0.0672,0.0047,0.0227,0.1139,0.0498,5.9078,0.0753,0.0000,1.0763,0.0026,0.0001,0.4125,0.0110,0.0060,0.0002
2250,30.1409,0.0000,13.0008,6.1380,,true,0,0.008333,0.0000,0.0000,1.00,0.00,0.0000,22,1,295,295,0,0,100,1,11,11,0,246528,0,295,0,0,846106624,0.000000,0.000000,29.871989,0.00,0,2,4,25,17,20,26,13,24,55,97,12,0,0,0,0,0,0,0.0028,0.0416,0.0508,0.0048,0.0117,0.2525,0.0379,6.1380,0.0571,0.0000,0.7155,0.0032,0.0001,0.2574,0.0083,0.0177,0.0001
2251,30.1512,0.0000,11.3002,5.0502,,true,0,0.008333,0.0000,0.0000,1.00,0.00,0.0000,22,1,295,295,0,0,100,1,11,11,0,246528,0,295,0,0,846106624,0.000000,0.000000,29.871989,0.00,0,2,4,25,17,20,26,13,24,55,97,12,0,0,0,0,0,0,0.0011,0.0383,0.0492,0.0064,0.0248,0.0822,0.0347,5.0502,0.0667,0.0000,0.7922,0.0051,0.0002,0.2571,0.0096,0.0083,0.0001
2252,30.1633,0.0000,12.1568,5.2788,,true,0,0.008333,0.0000,0.0000,1.00,0.00,0.0000,22,1,295,295,0,0,100,1,11,11,0,246528,0,295,0,0,846106624,0.000000,0.000000,29.871989,0.00,0,2,4,25,17,20,26,13,24,55,97,12,0,0,0,0,0,0,0.0019,0.0481,0.0607,0.0052,0.0228,0.0713,0.0616,5.2788,0.0655,0.0000,0.9973,0.0041,0.0001,0.3977,0.0076,0.0053,0.0002
2253,30.1728,0.0000,10.0442,4.8223,,true,0,0.008333,0.0000,0.0000,1.00,0.00,0.0000,22,1,295,295,0,0,100,1,11,11,0,246528,0,295,0,0,846106624,0.000000,0.000000,29.871989,0.00,0,2,4,25,17,20,26,13,24,55,97,12,0,0,0,0,0,0,0.0016,0.0431,0.0619,0.0037,0.0208,0.0620,0.0451,4.8223,0.0664,0.0000,1.0195,0.0036,0.0001,0.4151,0.0088,0.0047,0.0002
2254,30.1850,0.0000,11.6415,5.1659,,true,0,0.008333,0.0000,0.0000,1.00,0.00,0.0000,22,1,295,295,0,0,100,1,11,11,0,246528,0,295,0,0,846106624,0.000000,0.000000,29.871989,0.00,0,2,4,25,17,20,26,13,24,55,97,12,0,0,0,0,0,0,0.0017,0.0401,0.0579,0.0046,0.0179,0.0586,0.0529,5.1659,0.0657,0.0000,0.9790,0.0038,0.0001,0.4000,0.0078,0.0042,0.0001
2255,30.2132,0.0000,12.3654,21.3267,,true,0,0.008333,0.0000,0.0000,1.00,0.00,0.0000,22,1,295,295,0,0,100,1,11,11,0,246528,0,295,0,0,846106624,0.000000,0.000000,29.871989,0.00,0,2,4,25,17,20,26,13,24,55,97,12,0,0,0,0,0,0,0.0014,0.0432,0.0598,0.0041,0.0184,0.0654,0.0598,21.3267,0.0728,0.0000,16.2376,0.0031,0.6311,0.2477,0.0204,0.0033,14.8420
2256,30.2208,0.0000,11.4771,6.2716,,true,0,0.008333,0.0000,0.0000,1.00,0.00,0.0000,22,1,295,295,0,0,100,1,11,11,0,246528,0,295,0,0,846106624,0.000000,0.000000,29.871989,0.00,0,2,4,25,17,20,26,13,24,55,97,12,0,0,0,0,0,0,0.0014,0.0490,0.0762,0.0091,0.0405,0.0413,0.0481,6.2716,0.0828,0.0000,1.2139,0.0044,0.0002,0.4246,0.0139,0.0050,0.0002
2257,30.2273,0.0000,18.2788,5.5290,,true,0,0.008333,0.0000,0.0000,1.00,0.00,0.0000,22,1,295,295,0,0,100,1,11,11,0,246528,0,295,0,0,846106624,0.000000,0.000000,29.871989,0.00,0,2,4,25,17,20,26,13,24,55,97,12,0,0,0,0,0,0,0.0030,0.0555,0.0789,0.0036,0.0165,0.0537,0.0834,5.5290,0.0760,0.0000,1.1178,0.0044,0.0001,0.4522,0.0122,0.0070,0.0002
2258,30.2340,0.0000,6.3985,5.6755,,true,0,0.008333,0.0000,0.0000,1.00,0.00,0.0000,22,1,295,295,0,0,100,1,11,11,0,246528,0,295,0,0,846106624,0.000000,0.000000,29.871989,0.00,0,2,4,25,17,20,26,13,24,55,97,12,0,0,0,0,0,0,0.0016,0.0385,0.0720,0.0044,0.0183,0.0629,0.0467,5.6755,0.1031,0.0000,1.0340,0.0042,0.0001,0.4335,0.0106,0.0066,0.0001
2259,30.2472,0.0000,13.6945,5.2919,,true,0,0.008333,0.0000,0.0000,1.00,0.00,0.0000,22,1,295,295,0,0,100,1,11,11,0,246528,0,295,0,0,846106624,0.000000,0.000000,29.871989,0.00,0,2,4,25,17,20,26,13,24,55,97,12,0,0,0,0,0,0,0.0014,0.0485,0.0932,0.0052,0.0195,0.0706,0.0468,5.2919,0.0705,0.0000,1.0126,0.0039,0.0001,0.4034,0.0090,0.0060,0.0002
2260,30.2601,0.0000,11.7314,6.7068,,true,0,0.008333,0.0000,0.0000,1.00,0.00,0.0000,22,1,295,295,0,0,100,1,11,11,0,246528,0,295,0,0,846106624,0.000000,0.000000,29.871989,0.00,0,2,4,25,17,20,26,13,24,55,97,12,0,0,0,0,0,0,0.0030,0.0550,0.0808,0.0067,0.0241,0.0869,0.0477,6.7068,0.0858,0.0000,1.0914,0.0047,0.0001,0.4184,0.0123,0.0073,0.0002
2261,30.2720,0.0000,13.2768,5.1132,,true,0,0.008333,0.0000,0.0000,1.00,0.00,0.0000,22,1,295,295,0,0,100,1,11,11,0,246528,0,295,0,0,846106624,0.000000,0.000000,29.871989,0.00,0,2,4,25,17,20,26,13,24,55,97,12,0,0,0,0,0,0,0.0015,0.0484,0.0654,0.0053,0.0274,0.0707,0.0460,5.1132,0.0677,0.0000,1.0067,0.0045,0.0001,0.4152,0.0090,0.0055,0.0002
2262,30.2859,0.0000,12.4102,6.4444,,true,0,0.008333,0.0000,0.0000,1.00,0.00,0.0000,22,1,295,295,0,0,100,1,11,11,0,246528,0,295,0,0,846106624,0.000000,0.000000,29.871989,0.00,0,2,4,25,17,20,26,13,24,55,97,12,0,0,0,0,0,0,0.0017,0.0488,0.0625,0.0047,0.0248,0.0849,0.0581,6.4444,0.0592,0.0000,0.9930,0.0046,0.0001,0.4131,0.0086,0.0054,0.0002
2263,30.2958,0.0000,11.2958,5.3568,,true,0,0.008333,0.0000,0.0000,1.00,0.00,0.0000,22,1,295,295,0,0,100,1,11,11,0,246528,0,295,0,0,846106624,0.000000,0.000000,29.871989,0.00,0,2,4,25,17,20,26,13,24,55,97,12,0,0,0,0,0,0,0.0015,0.0454,0.0607,0.0045,0.0222,0.0690,0.0460,5.3568,0.0678,0.0000,0.9941,0.0044,0.0001,0.4153,0.0085,0.0049,0.0002
2264,30.3110,0.0000,14.4999,5.7398,,true,0,0.008333,0.0000,0.0000,1.00,0.00,0.0000,22,1,295,295,0,0,100,1,11,11,0,246528,0,295,0,0,846106624,0.000000,0.000000,29.871989,0.00,0,2,4,25,17,20,26,13,24,55,97,12,0,0,0,0,0,0,0.0015,0.0411,0.1114,0.0068,0.0192,0.0817,0.0510,5.7398,0.0741,0.0000,0.9010,0.0115,0.0001,0.2659,0.0237,0.0050,0.0001
2265,30.3256,0.0000,13.4967,6.8036,,true,0,0.008333,0.0000,0.0000,1.00,0.00,0.0000,22,1,295,295,0,0,100,1,11,11,0,246528,0,295,0,0,846106624,0.000000,0.000000,29.871989,0.00,0,2,4,25,17,20,26,13,24,55,97,12,0,0,0,0,0,0,0.0016,0.0526,0.0666,0.0046,0.0184,0.0649,0.0558,6.8036,0.0737,0.0000,1.0618,0.0038,0.0001,0.4279,0.0127,0.0065,0.0002
2266,30.3437,0.0000,17.1113,7.7583,,true,0,0.008333,0.0000,0.0000,1.00,0.00,0.0000,22,1,295,295,0,0,100,1,11,11,0,246528,0,295,0,0,846106624,0.000000,0.000000,29.871989,0.00,0,2,4,25,17,20,26,13,24,55,97,12,0,0,0,0,0,0,0.0015,0.0485,0.1153,0.0049,0.0240,0.0967,0.0467,7.7583,0.0897,0.0000,1.0347,0.0035,0.0001,0.4352,0.0103,0.0046,0.0002
2267,30.3507,0.0000,9.7610,5.1514,,true,0,0.008333,0.0000,0.0000,1.00,0.00,0.0000,22,1,295,295,0,0,100,1,11,11,0,246528,0,295,0,0,846106624,0.000000,0.000000,29.871989,0.00,0,2,4,25,17,20,26,13,24,55,97,12,0,0,0,0,0,0,0.0013,0.0595,0.0619,0.0044,0.0201,0.0663,0.0481,5.1514,0.0672,0.0000,1.0582,0.0037,0.0001,0.4104,0.0106,0.0046,0.0002
2268,30.3613,0.0000,11.4180,4.7241,,true,0,0.008333,0.0000,0.0000,1.00,0.00,0.0000,22,1,295,295,0,0,100,1,11,11,0,246528,0,295,0,0,846106624,0.000000,0.000000,29.871989,0.00,0,2,4,25,17,20,26,13,24,55,97,12,0,0,0,0,0,0,0.0010,0.0504,0.0500,0.0040,0.0181,0.0461,0.0406,4.7241,0.0721,0.0000,0.7165,0.0046,0.0001,0.2671,0.0066,0.0048,0.0001
2269,30.3731,0.0000,11.5321,5.0354,,true,0,0.008333,0.0000,0.0000,1.00,0.00,0.0000,22,1,295,295,0,0,100,1,11,11,0,246528,0,295,0,0,846106624,0.000000,0.000000,29.871989,0.00,0,2,4,25,17,20,26,13,24,55,97,12,0,0,0,0,0,0,0.0012,0.0453,0.0453,0.0044,0.0277,0.0441,0.0540,5.0354,0.0498,0.0000,0.9220,0.0026,0.0001,0.2754,0.0086,0.0039,0.0002
2270,30.3846,0.0000,11.6713,4.9442,,true,0,0.008333,0.0000,0.0000,1.00,0.00,0.0000,22,1,295,295,0,0,100,1,11,11,0,246528,0,295,0,0,846106624,0.000000,0.000000,29.871989,0.00,0,2,4,25,17,20,26,13,24,55,97,12,0,0,0,0,0,0,0.0012,0.0450,0.0539,0.0037,0.0190,0.0562,0.0477,4.9442,0.0555,0.0000,1.0144,0.0151,0.0001,0.3979,0.0080,0.0226,0.0002
2271,30.3966,0.0000,11.8397,4.9657,,true,0,0.008333,0.0000,0.0000,1.00,0.00,0.0000,22,1,295,295,0,0,100,1,11,11,0,246528,0,295,0,0,846106624,0.000000,0.000000,29.871989,0.00,0,2,4,25,17,20,26,13,24,55,97,12,0,0,0,0,0,0,0.0009,0.0498,0.0399,0.0055,0.0204,0.0491,0.0480,4.9657,0.0617,0.0000,0.6846,0.0037,0.0001,0.2464,0.0088,0.0040,0.0001
2272,30.4085,0.0000,11.5394,5.2699,,true,0,0.008333,0.0000,0.0000,1.00,0.00,0.0000,22,1,295,295,0,0,100,1,11,11,0,246528,0,295,0,0,846106624,0.000000,0.000000,29.871989,0.00,0,2,4,25,17,20,26,13,24,55,97,12,0,0,0,0,0,0,0.0017,0.0392,0.0690,0.0062,0.0177,0.0473,0.0481,5.2699,0.0679,0.0000,0.9651,0.0031,0.0001,0.4006,0.0071,0.0037,0.0001
2273,30.4204,0.0000,11.9822,5.1409,,true,0,0.008333,0.0000,0.0000,1.00,0.00,0.0000,22,1,295,295,0,0,100,1,11,11,0,246528,0,295,0,0,846106624,0.000000,0.000000,29.871989,0.00,0,2,4,25,17,20,26,13,24,55,97,12,0,0,0,0,0,0,0.0019,0.0402,0.0617,0.0037,0.0170,0.0496,0.0448,5.1409,0.0667,0.0000,0.9621,0.0034,0.0001,0.3958,0.0083,0.0045,0.0001
2274,30.4315,0.0000,11.3846,4.9504,,true,0,0.008333,0.0000,0.0000,1.00,0.00,0.0000,22,1,295,295,0,0,100,1,11,11,0,246528,0,295,0,0,846106624,0.000000,0.000000,29.871989,0.00,0,2,4,25,17,20,26,13,24,55,97,12,0,0,0,0,0,0,0.0019,0.0361,0.0630,0.0038,0.0119,0.0403,0.0454,4.9504,0.0650,0.0000,0.9810,0.0037,0.0001,0.3998,0.0081,0.0046,0.0002
2275,30.4451,0.0000,12.5635,5.9469,,true,0,0.008333,0.0000,0.0000,1.00,0.00,0.0000,22,1,295,295,0,0,100,1,11,11,0,246528,0,295,0,0,846106624,0.000000,0.000000,30.177139,0.00,0,2,4,25,17,20,26,13,24,55,97,12,0,0,0,0,0,0,0.0011,0.0469,0.0723,0.0062,0.0238,0.2411,0.0371,5.9469,0.1073,0.0000,0.9322,0.0050,0.0001,0.2841,0.0114,0.0058,0.0002
2276,30.4576,0.0000,12.8867,5.4036,,true,0,0.008333,0.0000,0.0000,1.00,0.00,0.0000,22,1,295,295,0,0,100,1,11,11,0,246528,0,295,0,0,846106624,0.000000,0.000000,30.177139,0.00,0,2,4,25,17,20,26,13,24,55,97,12,0,0,0,0,0,0,0.0017,0.0464,0.0664,0.0054,0.0230,0.0701,0.0454,5.4036,0.0925,0.0000,0.8326,0.0041,0.0001,0.2813,0.0164,0.0051,0.0002
2277,30.4704,0.0000,12.5565,5.5061,,true,0,0.008333,0.0000,0.0000,1.00,0.00,0.0000,22,1,295,295,0,0,100,1,11,11,0,246528,0,295,0,0,846106624,0.000000,0.000000,30.177139,0.00,0,2,4,25,17,20,26,13,24,55,97,12,0,0,0,0,0,0,0.0014,0.0498,0.0593,0.0034,0.0203,0.0636,0.0440,5.5061,0.0731,0.0000,0.9968,0.0035,0.0001,0.4047,0.0090,0.0057,0.0002
2278,30.4819,0.0000,11.9233,5.2451,,true,0,0.008333,0.0000,0.0000,1.00,0.00,0.0000,22,1,295,295,0,0,100,1,11,11,0,246528,0,295,0,0,846106624,0.000000,0.000000,30.177139,0.00,0,2,4,25,17,20,26,13,24,55,97,12,0,0,0,0,0,0,0.0018,0.0476,0.0580,0.0040,0.0175,0.0504,0.0555,5.2451,0.0653,0.0000,0.9720,0.0039,0.0001,0.4054,0.0074,0.0058,0.0002
2279,30.4942,0.0000,12.5064,5.3069,,true,0,0.008333,0.0000,0.0000,1.00,0.00,0.0000,22,1,295,295,0,0,100,1,11,11,0,246528,0,295,0,0,846106624,0.000000,0.000000,30.177139,0.00,0,2,4,25,17,20,26,13,24,55,97,12,0,0,0,0,0,0,0.0016,0.0465,0.0598,0.0046,0.0138,0.0590,0.0475,5.3069,0.0668,0.0000,0.9934,0.0045,0.0001,0.4099,0.0093,0.0058,0.0002
2280,30.5066,0.0000,11.9671,5.6412,,true,0,0.008333,0.0000,0.0000,1.00,0.00,0.0000,22,1,295,295,0,0,100,1,11,11,0,246528,0,295,0,0,846106624,0.000000,0.000000,30.177139,0.00,0,2,4,25,17,20,26,13,24,55,97,12,0,0,0,0,0,0,0.0016,0.0441,0.0776,0.0042,0.0229,0.0561,0.0475,5.6412,0.0757,0.0000,1.0525,0.0040,0.0001,0.4624,0.0082,0.0076,0.0002
2281,30.5189,0.0000,12.7408,5.1713,,true,0,0.008333,0.0000,0.0000,1.00,0.00,0.0000,22,1,295,295,0,0,100,1,11,11,0,246528,0,295,0,0,846106624,0.000000,0.000000,30.177139,0.00,0,2,4,25,17,20,26,13,24,55,97,12,0,0,0,0,0,0,0.0010,0.0438,0.0614,0.0053,0.0244,0.0731,0.0400,5.1713,0.0749,0.0000,0.6973,0.0026,0.0001,0.2544,0.0077,0.0044,0.0001
2282,30.5310,0.0000,12.0296,5.1646,,true,0,0.008333,0.0000,0.0000,1.00,0.00,0.0000,22,1,295,295,0,0,100,1,11,11,0,246528,0,295,0,0,846106624,0.000000,0.000000,30.177139,0.00,0,2,4,25,17,20,26,13,24,55,97,12,0,0,0,0,0,0,0.0014,0.0440,0.0598,0.0047,0.0200,0.0634,0.0543,5.1646,0.0659,0.0000,1.0088,0.0046,0.0001,0.4402,0.0078,0.0052,0.0002
2283,30.5458,0.0000,13.7570,5.7830,,true,0,0.008333,0.0000,0.0000,1.00,0.00,0.0000,22,1,295,295,0,0,100,1,11,11,0,246528,0,295,0,0,846106624,0.000000,0.000000,30.177139,0.00,0,2,4,25,17,20,26,13,24,55,97,12,0,0,0,0,0,0,0.0018,0.0466,0.0601,0.0044,0.0268,0.0828,0.0359,5.7830,0.0647,0.0000,0.7640,0.0052,0.0001,0.2632,0.0088,0.0053,0.0001
2284,30.5568,0.0000,11.3177,5.6031,,true,0,0.008333,0.0000,0.0000,1.00,0.00,0.0000,22,1,295,295,0,0,100,1,11,11,0,246528,0,295,0,0,846106624,0.000000,0.000000,30.177139,0.00,0,2,4,25,17,20,26,13,24,55,97,12,0,0,0,0,0,0,0.0016,0.0565,0.0748,0.0053,0.0226,0.0753,0.0506,5.6031,0.0729,0.0000,1.1265,0.0043,0.0001,0.4065,0.0091,0.0067,0.0002
2285,30.5681,0.0000,12.0025,5.0947,,true,0,0.008333,0.0000,0.0000,1.00,0.00,0.0000,22,1,295,295,0,0,100,1,11,11,0,246528,0,295,0,0,846106624,0.000000,0.000000,30.177139,0.00,0,2,4,25,17,20,26,13,24,55,97,12,0,0,0,0,0,0,0.0020,0.0479,0.0633,0.0063,0.0226,0.0632,0.0468,5.0947,0.0752,0.0000,1.0065,0.0041,0.0001,0.4074,0.0098,0.0049,0.0002
2286,30.5817,0.0000,13.1876,5.5620,,true,0,0.008333,0.0000,0.0000,1.00,0.00,0.0000,22,1,295,295,0,0,100,1,11,11,0,246528,0,295,0,0,846106624,0.000000,0.000000,30.177139,0.00,0,2,4,25,17,20,26,13,24,55,97,12,0,0,0,0,0,0,0.0029,0.0491,0.0688,0.0058,0.0211,0.0706,0.0467,5.5620,0.0782,0.0000,1.0554,0.0047,0.0002,0.4052,0.0100,0.0109,0.0002
2287,30.5944,0.0000,13.0305,5.3089,,true,0,0.008333,0.0000,0.0000,1.00,0.00,0.0000,22,1,295,295,0,0,100,1,11,11,0,246528,0,295,0,0,846106624,0.000000,0.000000,30.177139,0.00,0,2,4,25,17,20,26,13,24,55,97,12,0,0,0,0,0,0,0.0010,0.0400,0.0663,0.0042,0.0213,0.0762,0.0453,5.3089,0.0680,0.0000,1.0112,0.0038,0.0001,0.4027,0.0089,0.0049,0.0002
2288,30.6068,0.0000,12.5339,5.3047,,true,0,0.008333,0.0000,0.0000,1.00,0.00,0.0000,22,1,295,295,0,0,100,1,11,11,0,246528,0,295,0,0,846106624,0.000000,0.000000,30.177139,0.00,0,2,4,25,17,20,26,13,24,55,97,12,0,0,0,0,0,0,0.0015,0.0438,0.0804,0.0050,0.0194,0.0622,0.0433,5.3047,0.0830,0.0000,1.1061,0.0041,0.0001,0.4828,0.0099,0.0038,0.0002
2289,30.6197,0.0000,12.3763,5.6350,,true,0,0.008333,0.0000,0.0000,1.00,0.00,0.0000,22,1,295,295,0,0,100,1,11,11,0,246528,0,295,0,0,846106624,0.000000,0.000000,30.177139,0.00,0,2,4,25,17,20,26,13,24,55,97,12,0,0,0,0,0,0,0.0017,0.0445,0.0631,0.0054,0.0225,0.0785,0.0470,5.6350,0.0669,0.0000,1.0131,0.0038,0.0001,0.4045,0.0086,0.0054,0.0002
2290,30.6313,0.0000,12.1137,4.9284,,true,0,0.008333,0.0000,0.0000,1.00,0.00,0.0000,22,1,295,295,0,0,100,1,11,11,0,246528,0,295,0,0,846106624,0.000000,0.000000,30.177139,0.00,0,2,4,25,17,20,26,13,24,55,97,12,0,0,0,0,0,0,0.0016,0.0401,0.0565,0.0046,0.0189,0.0682,0.0425,4.9284,0.0739,0.0000,0.9918,0.0033,0.0001,0.3967,0.0076,0.0055,0.0002
2291,30.6439,0.0000,12.0926,5.4833,,true,0,0.008333,0.0000,0.0000,1.00,0.00,0.0000,22,1,295,295,0,0,100,1,11,11,0,246528,0,295,0,0,846106624,0.000000,0.000000,30.177139,0.00,0,2,4,25,17,20,26,13,24,55,97,12,0,0,0,0,0,0,0.0014,0.0620,0.0659,0.0050,0.0240,0.0784,0.0472,5.4833,0.0671,0.0000,0.9745,0.0041,0.0001,0.4108,0.0100,0.0047,0.0002
2292,30.6540,0.0000,11.0289,4.6547,,true,0,0.008333,0.0000,0.0000,1.00,0.00,0.0000,22,1,295,295,0,0,100,1,11,11,0,246528,0,295,0,0,846106624,0.000000,0.000000,30.177139,0.00,0,2,4,25,17,20,26,13,24,55,97,12,0,0,0,0,0,0,0.0012,0.0546,0.0446,0.0039,0.0155,0.0506,0.0532,4.6547,0.0652,0.0000,0.7274,0.0046,0.0001,0.2612,0.0086,0.0046,0.0001
2293,30.6648,0.0000,10.5957,4.8937,,true,0,0.008333,0.0000,0.0000,1.00,0.00,0.0000,22,1,295,295,0,0,100,1,11,11,0,246528,0,295,0,0,846106624,0.000000,0.000000,30.177139,0.00,0,2,4,25,17,20,26,13,24,55,97,12,0,0,0,0,0,0,0.0016,0.0385,0.0597,0.0049,0.0188,0.0555,0.0494,4.8937,0.0656,0.0000,0.9881,0.0031,0.0001,0.4094,0.0073,0.0058,0.0004
2294,30.6763,0.0000,11.5807,4.8131,,true,0,0.008333,0.0000,0.0000,1.00,0.00,0.0000,22,1,295,295,0,0,100,1,11,11,0,246528,0,295,0,0,846106624,0.000000,0.000000,30.177139,0.00,0,2,4,25,17,20,26,13,24,55,97,12,0,0,0,0,0,0,0.0013,0.0412,0.0564,0.0035,0.0147,0.0470,0.0446,4.8131,0.0709,0.0000,0.9887,0.0037,0.0001,0.3997,0.0062,0.0057,0.0005
2295,30.6869,0.0000,10.6023,4.7430,,true,0,0.008333,0.0000,0.0000,1.00,0.00,0.0000,22,1,295,295,0,0,100,1,11,11,0,246528,0,295,0,0,846106624,0.000000,0.000000,30.177139,0.00,0,2,4,25,17,20,26,13,24,55,97,12,0,0,0,0,0,0,0.0021,0.0398,0.0560,0.0035,0.0168,0.0501,0.0441,4.7430,0.0607,0.0000,0.9814,0.0033,0.0001,0.4199,0.0079,0.0037,0.0001
2296,30.6979,0.0000,10.7292,5.1738,,true,0,0.008333,0.0000,0.0000,1.00,0.00,0.0000,22,1,295,295,0,0,100,1,11,11,0,246528,0,295,0,0,846106624,0.000000,0.000000,30.177139,0.00,0,2,4,25,17,20,26,13,24,55,97,12,0,0,0,0,0,0,0.0012,0.0420,0.0621,0.0044,0.0141,0.0349,0.0431,5.1738,0.0708,0.0000,1.0260,0.0039,0.0001,0.4435,0.0079,0.0057,0.0003
2297,30.7099,0.0000,11.9597,4.9417,,true,0,0.008333,0.0000,0.0000,1.00,0.00,0.0000,22,1,295,295,0,0,100,1,11,11,0,246528,0,295,0,0,846106624,0.000000,0.000000,30.177139,0.00,0,2,4,25,17,20,26,13,24,55,97,12,0,0,0,0,0,0,0.0012,0.0423,0.0556,0.0038,0.0307,0.0513,0.0540,4.9417,0.0603,0.0000,0.9705,0.0038,0.0001,0.4124,0.0078,0.0041,0.0002
2298,30.7208,0.0000,10.9808,4.9877,,true,0,0.008333,0.0000,0.0000,1.00,0.00,0.0000,22,1,295,295,0,0,100,1,11,11,0,246528,0,295,0,0,846106624,0.000000,0.000000,30.177139,0.00,0,2,4,25,17,20,26,13,24,55,97,12,0,0,0,0,0,0,0.0015,0.0403,0.0528,0.0055,0.0241,0.0725,0.0449,4.9877,0.0628,0.0000,0.9631,0.0032,0.0001,0.4057,0.0075,0.0051,0.0002
2299,30.7325,0.0000,11.4868,5.1476,,true,0,0.008333,0.0000,0.0000,1.00,0.00,0.0000,22,1,295,295,0,0,100,1,11,11,0,246528,0,295,0,0,846106624,0.000000,0.000000,30.177139,0.00,0,2,4,25,17,20,26,13,24,55,97,12,0,0,0,0,0,0,0.0013,0.0377,0.0772,0.0040,0.0169,0.0554,0.0486,5.1476,0.0908,0.0000,0.8761,0.0032,0.0001,0.2837,0.0239,0.0045,0.0001
2300,30.7445,0.0000,11.6491,5.3347,,true,0,0.008333,0.0000,0.0000,1.00,0.00,0.0000,22,1,295,295,0,0,100,1,11,11,0,246528,0,295,0,0,846106624,0.000000,0.000000,30.177139,0.00,0,2,4,25,17,20,26,13,24,55,97,12,0,0,0,0,0,0,0.0034,0.0407,0.0632,0.0054,0.0164,0.0619,0.0447,5.3347,0.0731,0.0000,0.9954,0.0036,0.0001,0.4058,0.0086,0.0047,0.0002
2301,30.7575,0.0000,12.4998,5.9680,,true,0,0.008333,0.0000,0.0000,1.00,0.00,0.0000,22,1,295,295,0,0,100,1,11,11,0,246528,0,295,0,0,846106624,0.000000,0.000000,30.481999,0.00,0,2,4,25,17,20,26,13,24,55,97,12,0,0,0,0,0,0,0.0030,0.0475,0.1085,0.0047,0.0100,0.2348,0.0458,5.9680,0.0763,0.0000,1.0420,0.0036,0.0002,0.4105,0.0096,0.0064,0.0002
2302,30.7670,0.0000,10.6607,4.9706,,true,0,0.008333,0.0000,0.0000,1.00,0.00,0.0000,22,1,295,295,0,0,100,1,11,11,0,246528,0,295,0,0,846106624,0.000000,0.000000,30.481999,0.00,0,2,4,25,17,20,26,13,24,55,97,12,0,0,0,0,0,0,0.0012,0.0413,0.0671,0.0045,0.0169,0.0508,0.0473,4.9706,0.0687,0.0000,1.0973,0.0043,0.0001,0.4252,0.0068,0.0059,0.0001
2303,30.7802,0.0000,11.6816,6.2095,,true,0,0.008333,0.0000,0.0000,1.00,0.00,0.0000,22,1,295,295,0,0,100,1,11,11,0,246528,0,295,0,0,846106624,0.000000,0.000000,30.481999,0.00,0,2,4,25,17,20,26,13,24,55,97,12,0,0,0,0,0,0,0.0015,0.0412,0.0749,0.0057,0.0292,0.0961,0.0449,6.2095,0.0741,0.0000,1.1028,0.0036,0.0001,0.4754,0.0098,0.0046,0.0002
2304,30.7908,0.0000,11.2257,5.7245,,true,0,0.008333,0.0000,0.0000,1.00,0.00,0.0000,22,1,295,295,0,0,100,1,11,11,0,246528,0,295,0,0,846106624,0.000000,0.000000,30.481999,0.00,0,2,4,25,17,20,26,13,24,55,97,12,0,0,0,0,0,0,0.0012,0.0407,0.0725,0.0069,0.0272,0.1033,0.0443,5.7245,0.0753,0.0000,1.0044,0.0038,0.0001,0.4047,0.0039,0.0037,0.0001
2305,30.8022,0.0000,11.9641,5.1171,,true,0,0.008333,0.0000,0.0000,1.00,0.00,0.0000,22,1,295,295,0,0,100,1,11,11,0,246528,0,295,0,0,846106624,0.000000,0.000000,30.481999,0.00,0,2,4,25,17,20,26,13,24,55,97,12,0,0,0,0,0,0,0.0019,0.0496,0.0534,0.0038,0.0199,0.0846,0.0378,5.1171,0.0674,0.0000,0.7503,0.0058,0.0001,0.2628,0.0092,0.0061,0.0001
2306,30.8148,0.0000,12.4564,5.2335,,true,0,0.008333,0.0000,0.0000,1.00,0.00,0.0000,22,1,295,295,0,0,100,1,11,11,0,246528,0,295,0,0,846106624,0.000000,0.000000,30.481999,0.00,0,2,4,25,17,20,26,13,24,55,97,12,0,0,0,0,0,0,0.0012,0.0498,0.0600,0.0050,0.0226,0.0754,0.0463,5.2335,0.0682,0.0000,1.0194,0.0038,0.0001,0.4064,0.0081,0.0049,0.0001
2307,30.8260,0.0000,11.0250,5.3619,,true,0,0.008333,0.0000,0.0000,1.00,0.00,0.0000,22,1,295,295,0,0,100,1,11,11,0,246528,0,295,0,0,846106624,0.000000,0.000000,30.481999,0.00,0,2,4,25,17,20,26,13,24,55,97,12,0,0,0,0,0,0,0.0016,0.0459,0.0598,0.0057,0.0161,0.0850,0.0540,5.3619,0.0678,0.0000,0.9964,0.0035,0.0001,0.4085,0.0083,0.0054,0.0001
2308,30.8378,0.0000,11.8838,5.3207,,true,0,0.008333,0.0000,0.0000,1.00,0.00,0.0000,22,1,295,295,0,0,100,1,11,11,0,246528,0,295,0,0,846106624,0.000000,0.000000,30.481999,0.00,0,2,4,25,17,20,26,13,24,55,97,12,0,0,0,0,0,0,0.0019,0.0436,0.0604,0.0051,0.0224,0.0667,0.0488,5.3207,0.0678,0.0000,0.9990,0.0039,0.0001,0.4046,0.0076,0.0039,0.0002
2309,30.8502,0.0000,11.8666,5.8109,,true,0,0.008333,0.0000,0.0000,1.00,0.00,0.0000,22,1,295,295,0,0,100,1,11,11,0,246528,0,295,0,0,846106624,0.000000,0.000000,30.481999,0.00,0,2,4,25,17,20,26,13,24,55,97,12,0,0,0,0,0,0,0.0032,0.0660,0.0771,0.0052,0.0238,0.0811,0.0489,5.8109,0.0518,0.0000,1.0642,0.0037,0.0001,0.4418,0.0085,0.0056,0.0002
2310,30.8621,0.0000,12.1019,5.5472,,true,0,0.008333,0.0000,0.0000,1.00,0.00,0.0000,22,1,295,295,0,0,100,1,11,11,0,246528,0,295,0,0,846106624,0.000000,0.000000,30.481999,0.00,0,2,4,25,17,20,26,13,24,55,97,12,0,0,0,0,0,0,0.0028,0.0532,0.0643,0.0044,0.0222,0.0593,0.0509,5.5472,0.0585,0.0000,0.7712,0.0035,0.0001,0.2962,0.0088,0.0059,0.0001
2311,30.8760,0.0000,12.1313,7.2324,,true,0,0.008333,0.0000,0.0000,1.00,0.00,0.0000,22,1,295,295,0,0,100,1,11,11,0,246528,0,295,0,0,846106624,0.000000,0.000000,30.481999,0.00,0,2,4,25,17,20,26,13,24,55,97,12,0,0,0,0,0,0,0.0021,0.0537,0.0612,0.0036,0.0223,0.0805,0.0529,7.2324,0.0630,0.0000,1.0468,0.0041,0.0001,0.3899,0.0102,0.0053,0.0002
2312,30.8851,0.0000,11.3741,5.1640,,true,0,0.008333,0.0000,0.0000,1.00,0.00,0.0000,22,1,295,295,0,0,100,1,11,11,0,246528,0,295,0,0,846106624,0.000000,0.000000,30.481999,0.00,0,2,4,25,17,20,26,13,24,55,97,12,0,0,0,0,0,0,0.0015,0.0492,0.0607,0.0064,0.0284,0.0761,0.0442,5.1640,0.0739,0.0000,0.7287,0.0024,0.0001,0.2605,0.0094,0.0049,0.0001
2313,30.8957,0.0000,10.9482,4.9338,,true,0,0.008333,0.0000,0.0000,1.00,0.00,0.0000,22,1,295,295,0,0,100,1,11,11,0,246528,0,295,0,0,846106624,0.000000,0.000000,30.481999,0.00,0,2,4,25,17,20,26,13,24,55,97,12,0,0,0,0,0,0,0.0013,0.0426,0.0393,0.0034,0.0188,0.0810,0.0349,4.9338,0.0751,0.0000,0.7249,0.0041,0.0001,0.2687,0.0100,0.0049,0.0001
2314,30.9074,0.0000,11.2998,5.2367,,true,0,0.008333,0.0000,0.0000,1.00,0.00,0.0000,22,1,295,295,0,0,100,1,11,11,0,246528,0,295,0,0,846106624,0.000000,0.000000,30.481999,0.00,0,2,4,25,17,20,26,13,24,55,97,12,0,0,0,0,0,0,0.0016,0.0449,0.0599,0.0045,0.0212,0.0764,0.0469,5.2367,0.0698,0.0000,1.0027,0.0032,0.0001,0.4025,0.0090,0.0045,0.0002
2315,30.9185,0.0000,11.2177,5.0786,,true,0,0.008333,0.0000,0.0000,1.00,0.00,0.0000,22,1,295,295,0,0,100,1,11,11,0,246528,0,295,0,0,846106624,0.000000,0.000000,30.481999,0.00,0,2,4,25,17,20,26,13,24,55,97,12,0,0,0,0,0,0,0.0014,0.0475,0.0576,0.0044,0.0358,0.0561,0.0531,5.0786,0.0658,0.0000,0.9723,0.0035,0.0001,0.3992,0.0096,0.0034,0.0002
2316,30.9293,0.0000,11.1219,4.7776,,true,0,0.008333,0.0000,0.0000,1.00,0.00,0.0000,22,1,295,295,0,0,100,1,11,11,0,246528,0,295,0,0,846106624,0.000000,0.000000,30.481999,0.00,0,2,4,25,17,20,26,13,24,55,97,12,0,0,0,0,0,0,0.0014,0.0385,0.0568,0.0052,0.0192,0.0556,0.0436,4.7776,0.0695,0.0000,0.9842,0.0044,0.0001,0.3998,0.0075,0.0054,0.0002
2317,30.9411,0.0000,11.1146,5.6322,,true,0,0.008333,0.0000,0.0000,1.00,0.00,0.0000,22,1,295,295,0,0,100,1,11,11,0,246528,0,295,0,0,846106624,0.000000,0.000000,30.481999,0.00,0,2,4,25,17,20,26,13,24,55,97,12,0,0,0,0,0,0,0.0015,0.0559,0.0619,0.0050,0.0324,0.0676,0.0455,5.6322,0.0728,0.0000,1.1222,0.0052,0.0001,0.4047,0.0115,0.0093,0.0007
2318,30.9707,0.0000,15.4992,19.2206,,true,0,0.008333,0.0000,0.0000,1.00,0.00,0.0000,22,1,295,295,0,0,100,1,11,11,0,246528,0,295,0,0,846106624,0.000000,0.000000,30.481999,0.00,0,2,4,25,17,20,26,13,24,55,97,12,0,0,0,0,0,0,0.0014,0.0991,0.0615,0.0055,0.0213,0.0747,0.0450,19.2206,0.0657,0.0000,12.3999,0.0043,0.7010,0.2486,0.0212,0.0051,10.9048
2319,30.9780,0.0000,10.1056,6.0216,,true,0,0.008333,0.0000,0.0000,1.00,0.00,0.0000,22,1,295,295,0,0,100,1,11,11,0,246528,0,295,0,0,846106624,0.000000,0.000000,30.481999,0.00,0,2,4,25,17,20,26,13,24,55,97,12,0,0,0,0,0,0,0.0079,0.0447,0.0802,0.0041,0.0167,0.0643,0.0541,6.0216,0.0701,0.0000,1.1313,0.0046,0.0001,0.4174,0.0096,0.0057,0.0001
2320,30.9866,0.0000,19.0144,6.2981,,true,0,0.008333,0.0000,0.0000,1.00,0.00,0.0000,22,1,295,295,0,0,100,1,11,11,0,246528,0,295,0,0,846106624,0.000000,0.000000,30.481999,0.00,0,2,4,25,17,20,26,13,24,55,97,12,0,0,0,0,0,0,0.0044,0.0535,0.0621,0.0065,0.0438,0.0939,0.0474,6.2981,0.0465,0.0000,1.2158,0.0041,0.0002,0.4313,0.0121,0.0056,0.0005
2321,30.9963,0.0000,8.3200,6.6574,,true,0,0.008333,0.0000,0.0000,1.00,0.00,0.0000,22,1,295,295,0,0,100,1,11,11,0,246528,0,295,0,0,846106624,0.000000,0.000000,30.481999,0.00,0,2,4,25,17,20,26,13,24,55,97,12,0,0,0,0,0,0,0.0013,0.0471,0.0689,0.0032,0.0153,0.0491,0.0512,6.6574,0.0642,0.0000,0.9335,0.0033,0.0001,0.4016,0.0071,0.0032,0.0002
2322,31.0082,0.0000,10.9993,8.2376,,true,0,0.008333,0.0000,0.0000,1.00,0.00,0.0000,22,1,295,295,0,0,100,1,11,11,0,246528,0,295,0,0,846106624,0.000000,0.000000,30.481999,0.00,0,2,4,25,17,20,26,13,24,55,97,12,0,0,0,0,0,0,0.0025,0.0446,0.0868,0.0039,0.0213,0.0719,0.0446,8.2376,0.1948,0.0000,1.0350,0.0030,0.0001,0.4252,0.0095,0.0050,0.0005
2323,31.0205,0.0000,13.1937,7.0493,,true,0,0.008333,0.0000,0.0000,1.00,0.00,0.0000,22,1,295,295,0,0,100,1,11,11,0,246528,0,295,0,0,846106624,0.000000,0.000000,30.481999,0.00,0,2,4,25,17,20,26,13,24,55,97,12,0,0,0,0,0,0,0.0016,0.0346,0.0654,0.0039,0.0191,0.0510,0.0420,7.0493,0.0733,0.0000,1.0092,0.0031,0.0001,0.4181,0.0096,0.0050,0.0002
2324,31.0300,0.0000,12.3329,5.1521,,true,0,0.008333,0.0000,0.0000,1.00,0.00,0.0000,22,1,295,295,0,0,100,1,11,11,0,246528,0,295,0,0,846106624,0.000000,0.000000,30.481999,0.00,0,2,4,25,17,20,26,13,24,55,97,12,0,0,0,0,0,0,0.0015,0.0396,0.0724,0.0039,0.0168,0.0371,0.0526,5.1521,0.1062,0.0000,1.0022,0.0030,0.0001,0.4159,0.0085,0.0039,0.0002
2325,31.0430,0.0000,12.4303,5.6258,,true,0,0.008333,0.0000,0.0000,1.00,0.00,0.0000,22,1,295,295,0,0,100,1,11,11,0,246528,0,295,0,0,846106624,0.000000,0.000000,30.481999,0.00,0,2,4,25,17,20,26,13,24,55,97,12,0,0,0,0,0,0,0.0016,0.0439,0.0608,0.0047,0.0196,0.0605,0.0449,5.6258,0.0732,0.0000,1.0083,0.0045,0.0001,0.4143,0.0089,0.0052,0.0002
2326,31.0580,0.0000,13.1140,7.0658,,true,0,0.008333,0.0000,0.0000,1.00,0.00,0.0000,22,1,295,295,0,0,100,1,11,11,0,246528,0,295,0,0,846106624,0.000000,0.000000,30.787355,0.00,0,2,4,25,17,20,26,13,24,55,97,12,0,0,0,0,0,0,0.0017,0.0518,0.0925,0.0022,0.0233,0.2936,0.0467,7.0658,0.0885,0.0000,1.0130,0.0058,0.0001,0.2763,0.0105,0.0060,0.0005
2327,31.0688,0.0000,12.3909,5.4909,,true,0,0.008333,0.0000,0.0000,1.00,0.00,0.0000,22,1,295,295,0,0,100,1,11,11,0,246528,0,295,0,0,846106624,0.000000,0.000000,30.787355,0.00,0,2,4,25,17,20,26,13,24,55,97,12,0,0,0,0,0,0,0.0013,0.0595,0.0553,0.0050,0.0170,0.0667,0.0511,5.4909,0.0833,0.0000,0.7836,0.0027,0.0001,0.2677,0.0084,0.0038,0.0001
2328,31.0799,0.0000,11.3680,5.2879,,true,0,0.008333,0.0000,0.0000,1.00,0.00,0.0000,22,1,295,295,0,0,100,1,11,11,0,246528,0,295,0,0,846106624,0.000000,0.000000,30.787355,0.00,0,2,4,25,17,20,26,13,24,55,97,12,0,0,0,0,0,0,0.0016,0.0444,0.0653,0.0060,0.0218,0.0635,0.0585,5.2879,0.0701,0.0000,0.9795,0.0020,0.0001,0.4058,0.0088,0.0022,0.0002
2329,31.0913,0.0000,11.4070,5.4857,,true,0,0.008333,0.0000,0.0000,1.00,0.00,0.0000,22,1,295,295,0,0,100,1,11,11,0,246528,0,295,0,0,846106624,0.000000,0.000000,30.787355,0.00,0,2,4,25,17,20,26,13,24,55,97,12,0,0,0,0,0,0,0.0009,0.0512,0.0519,0.0048,0.0213,0.0683,0.0471,5.4857,0.0876,0.0000,0.8985,0.0044,0.0001,0.2797,0.0094,0.0055,0.0001
2330,31.1025,0.0000,11.3175,5.3209,,true,0,0.008333,0.0000,0.0000,1.00,0.00,0.0000,22,1,295,295,0,0,100,1,11,11,0,246528,0,295,0,0,846106624,0.000000,0.000000,30.787355,0.00,0,2,4,25,17,20,26,13,24,55,97,12,0,0,0,0,0,0,0.0019,0.0434,0.0650,0.0048,0.0243,0.0905,0.0444,5.3209,0.0802,0.0000,0.9901,0.0032,0.0001,0.3930,0.0092,0.0038,0.0002
2331,31.1140,0.0000,11.4380,5.5210,,true,0,0.008333,0.0000,0.0000,1.00,0.00,0.0000,22,1,295,295,0,0,100,1,11,11,0,246528,0,295,0,0,846106624,0.000000,0.000000,30.787355,0.00,0,2,4,25,17,20,26,13,24,55,97,12,0,0,0,0,0,0,0.0015,0.0447,0.0623,0.0050,0.0199,0.0724,0.0487,5.5210,0.0688,0.0000,1.0039,0.0035,0.0001,0.4038,0.0098,0.0053,0.0003
2332,31.1261,0.0000,12.3979,5.2217,,true,0,0.008333,0.0000,0.0000,1.00,0.00,0.0000,22,1,295,295,0,0,100,1,11,11,0,246528,0,295,0,0,846106624,0.000000,0.000000,30.787355,0.00,0,2,4,25,17,20,26,13,24,55,97,12,0,0,0,0,0,0,0.0020,0.0470,0.0607,0.0043,0.0327,0.0703,0.0481,5.2217,0.0659,0.0000,1.0023,0.0046,0.0001,0.4078,0.0080,0.0061,0.0002
2333,31.1383,0.0000,11.6255,5.7038,,true,0,0.008333,0.0000,0.0000,1.00,0.00,0.0000,22,1,295,295,0,0,100,1,11,11,0,246528,0,295,0,0,846106624,0.000000,0.000000,30.787355,0.00,0,2,4,25,17,20,26,13,24,55,97,12,0,0,0,0,0,0,0.0014,0.0446,0.0606,0.0060,0.0232,0.0640,0.0430,5.7038,0.0675,0.0000,0.9993,0.0029,0.0001,0.4137,0.0082,0.0042,0.0002
2334,31.1514,0.0000,13.0851,5.5841,,true,0,0.008333,0.0000,0.0000,1.00,0.00,0.0000,22,1,295,295,0,0,100,1,11,11,0,246528,0,295,0,0,846106624,0.000000,0.000000,30.787355,0.00,0,2,4,25,17,20,26,13,24,55,97,12,0,0,0,0,0,0,0.0015,0.0491,0.0689,0.0048,0.0382,0.0726,0.0477,5.5841,0.0774,0.0000,1.0194,0.0039,0.0001,0.4020,0.0094,0.0063,0.0002
2335,31.1614,0.0000,11.1177,4.7302,,true,0,0.008333,0.0000,0.0000,1.00,0.00,0.0000,22,1,295,295,0,0,100,1,11,11,0,246528,0,295,0,0,846106624,0.000000,0.000000,30.787355,0.00,0,2,4,25,17,20,26,13,24,55,97,12,0,0,0,0,0,0,0.0014,0.0413,0.0664,0.0041,0.0185,0.0537,0.0441,4.7302,0.0635,0.0000,0.9902,0.0042,0.0001,0.4008,0.0083,0.0058,0.0002
2336,31.1721,0.0000,10.7865,4.6471,,true,0,0.008333,0.0000,0.0000,1.00,0.00,0.0000,22,1,295,295,0,0,100,1,11,11,0,246528,0,295,0,0,846106624,0.000000,0.000000,30.787355,0.00,0,2,4,25,17,20,26,13,24,55,97,12,0,0,0,0,0,0,0.0016,0.0445,0.0620,0.0046,0.0191,0.0447,0.0438,4.6471,0.0600,0.0000,1.0073,0.0035,0.0001,0.4321,0.0089,0.0028,0.0002
2337,31.1837,0.0000,11.0315,5.1572,,true,0,0.008333,0.0000,0.0000,1.00,0.00,0.0000,22,1,295,295,0,0,100,1,11,11,0,246528,0,295,0,0,846106624,0.000000,0.000000,30.787355,0.00,0,2,4,25,17,20,26,13,24,55,97,12,0,0,0,0,0,0,0.0015,0.0468,0.0602,0.0053,0.0274,0.0542,0.0457,5.1572,0.0795,0.0000,0.8113,0.0064,0.0001,0.2670,0.0105,0.0054,0.0004
2338,31.1953,0.0000,11.8383,4.9442,,true,0,0.008333,0.0000,0.0000,1.00,0.00,0.0000,22,1,295,295,0,0,100,1,11,11,0,246528,0,295,0,0,846106624,0.000000,0.000000,30.787355,0.00,0,2,4,25,17,20,26,13,24,55,97,12,0,0,0,0,0,0,0.0011,0.0368,0.0596,0.0045,0.0184,0.0608,0.0423,4.9442,0.0510,0.0000,0.9679,0.0026,0.0001,0.3976,0.0066,0.0033,0.0002
2339,31.2070,0.0000,11.4001,5.1430,,true,0,0.008333,0.0000,0.0000,1.00,0.00,0.0000,22,1,295,295,0,0,100,1,11,11,0,246528,0,295,0,0,846106624,0.000000,0.000000,30.787355,0.00,0,2,4,25,17,20,26,13,24,55,97,12,0,0,0,0,0,0,0.0015,0.0426,0.0590,0.0048,0.0178,0.0590,0.0446,5.1430,0.0648,0.0000,1.0195,0.0029,0.0001,0.4069,0.0083,0.0056,0.0001
2340,31.2182,0.0000,11.3614,5.0055,,true,0,0.008333,0.0000,0.0000,1.00,0.00,0.0000,22,1,295,295,0,0,100,1,11,11,0,246528,0,295,0,0,846106624,0.000000,0.000000,30.787355,0.00,0,2,4,25,17,20,26,13,24,55,97,12,0,0,0,0,0,0,0.0013,0.0390,0.0578,0.0045,0.0198,0.0605,0.0479,5.0055,0.0648,0.0000,0.9743,0.0040,0.0001,0.3982,0.0068,0.0049,0.0003
2341,31.2297,0.0000,11.5888,5.0082,,true,0,0.008333,0.0000,0.0000,1.00,0.00,0.0000,22,1,295,295,0,0,100,1,11,11,0,246528,0,295,0,0,846106624,0.000000,0.000000,30.787355,0.00,0,2,4,25,17,20,26,13,24,55,97,12,0,0,0,0,0,0,0.0017,0.0398,0.0575,0.0045,0.0218,0.0677,0.0429,5.0082,0.0647,0.0000,0.9851,0.0034,0.0001,0.4097,0.0143,0.0052,0.0002
2342,31.2411,0.0000,11.4811,4.9760,,true,0,0.008333,0.0000,0.0000,1.00,0.00,0.0000,22,1,295,295,0,0,100,1,11,11,0,246528,0,295,0,0,846106624,0.000000,0.000000,30.787355,0.00,0,2,4,25,17,20,26,13,24,55,97,12,0,0,0,0,0,0,0.0015,0.0425,0.0574,0.0038,0.0174,0.0644,0.0496,4.9760,0.0747,0.0000,0.9839,0.0045,0.0001,0.3973,0.0076,0.0056,0.0002
2343,31.2558,0.0000,12.3220,7.0267,,true,0,0.008333,0.0000,0.0000,1.00,0.00,0.0000,22,1,295,295,0,0,100,1,11,11,0,246528,0,295,0,0,846106624,0.000000,0.000000,30.787355,0.00,0,2,4,25,17,20,26,13,24,55,97,12,0,0,0,0,0,0,0.0012,0.0430,0.0576,0.0038,0.0202,0.0581,0.0590,7.0267,0.0636,0.0000,0.9863,0.0040,0.0001,0.4148,0.0078,0.0056,0.0005
2344,31.2699,0.0000,14.2770,6.8780,,true,0,0.008333,0.0000,0.0000,1.00,0.00,0.0000,22,1,295,295,0,0,100,1,11,11,0,246528,0,295,0,0,846106624,0.000000,0.000000,30.990888,0.00,0,2,4,25,17,20,26,13,24,55,97,12,0,0,0,0,0,0,0.0020,0.0574,0.1008,0.0045,0.0244,0.2321,0.0481,6.8780,0.2030,0.0000,1.0247,0.0040,0.0001,0.4129,0.0128,0.0153,0.0002
2345,31.2766,0.0000,9.0886,4.7857,,true,0,0.008333,0.0000,0.0000,1.00,0.00,0.0000,22,1,295,295,0,0,100,1,11,11,0,246528,0,295,0,0,846106624,0.000000,0.000000,30.990888,0.00,0,2,4,25,17,20,26,13,24,55,97,12,0,0,0,0,0,0,0.0012,0.0487,0.0575,0.0029,0.0185,0.0576,0.0568,4.7857,0.0622,0.0000,0.9655,0.0045,0.0001,0.4095,0.0038,0.0054,0.0001
2346,31.2893,0.0000,12.0821,5.5108,,true,0,0.008333,0.0000,0.0000,1.00,0.00,0.0000,22,1,295,295,0,0,100,1,11,11,0,246528,0,295,0,0,846106624,0.000000,0.000000,30.990888,0.00,0,2,4,25,17,20,26,13,24,55,97,12,0,0,0,0,0,0,0.0012,0.0444,0.0705,0.0041,0.0160,0.0608,0.0465,5.5108,0.1092,0.0000,0.9975,0.0059,0.0001,0.4090,0.0075,0.0035,0.0002
2347,31.3039,0.0000,13.8854,5.8661,,true,0,0.008333,0.0000,0.0000,1.00,0.00,0.0000,22,1,295,295,0,0,100,1,11,11,0,246528,0,295,0,0,846106624,0.000000,0.000000,30.990888,0.00,0,2,4,25,17,20,26,13,24,55,97,12,0,0,0,0,0,0,0.0014,0.0572,0.0566,0.0048,0.0144,0.0722,0.0407,5.8661,0.0632,0.0000,0.7891,0.0045,0.0001,0.2815,0.0114,0.0050,0.0001
2348,31.3134,0.0000,10.4831,5.0033,,true,0,0.008333,0.0000,0.0000,1.00,0.00,0.0000,22,1,295,295,0,0,100,1,11,11,0,246528,0,295,0,0,846106624,0.000000,0.000000,30.990888,0.00,0,2,4,25,17,20,26,13,24,55,97,12,0,0,0,0,0,0,0.0015,0.0488,0.0641,0.0040,0.0200,0.0570,0.0565,5.0033,0.0639,0.0000,0.9934,0.0048,0.0001,0.3990,0.0065,0.0042,0.0002
2349,31.3247,0.0000,11.0769,5.0688,,true,0,0.008333,0.0000,0.0000,1.00,0.00,0.0000,22,1,295,295,0,0,100,1,11,11,0,246528,0,295,0,0,846106624,0.000000,0.000000,30.990888,0.00,0,2,4,25,17,20,26,13,24,55,97,12,0,0,0,0,0,0,0.0017,0.0442,0.0465,0.0045,0.0199,0.0667,0.0418,5.0688,0.0630,0.0000,0.7170,0.0035,0.0001,0.2912,0.0078,0.0040,0.0001
2350,31.3350,0.0000,10.8021,4.8743,,true,0,0.008333,0.0000,0.0000,1.00,0.00,0.0000,22,1,295,295,0,0,100,1,11,11,0,246528,0,295,0,0,846106624,0.000000,0.000000,30.990888,0.00,0,2,4,25,17,20,26,13,24,55,97,12,0,0,0,0,0,0,0.0015,0.0401,0.0610,0.0031,0.0181,0.0597,0.0507,4.8743,0.0647,0.0000,1.0183,0.0040,0.0001,0.3966,0.0090,0.0046,0.0002
2351,31.3460,0.0000,10.4510,5.1819,,true,0,0.008333,0.0000,0.0000,1.00,0.00,0.0000,22,1,295,295,0,0,100,1,11,11,0,246528,0,295,0,0,846106624,0.000000,0.000000,30.990888,0.00,0,2,4,25,17,20,26,13,24,55,97,12,0,0,0,0,0,0,0.0020,0.0758,0.0773,0.0037,0.0190,0.0628,0.0534,5.1819,0.0765,0.0000,1.0069,0.0034,0.0001,0.4154,0.0111,0.0052,0.0002
2352,31.3597,0.0000,12.2034,6.4605,,true,0,0.008333,0.0000,0.0000,1.00,0.00,0.0000,22,1,295,295,0,0,100,1,11,11,0,246528,0,295,0,0,846106624,0.000000,0.000000,30.990888,0.00,0,2,4,25,17,20,26,13,24,55,97,12,0,0,0,0,0,0,0.0018,0.0473,0.0591,0.0052,0.0111,0.0879,0.0514,6.4605,0.0602,0.0000,1.1121,0.0035,0.0001,0.5135,0.0092,0.0045,0.0002
2353,31.3692,0.0000,11.1430,5.2083,,true,0,0.008333,0.0000,0.0000,1.00,0.00,0.0000,22,1,295,295,0,0,100,1,11,11,0,246528,0,295,0,0,846106624,0.000000,0.000000,30.990888,0.00,0,2,4,25,17,20,26,13,24,55,97,12,0,0,0,0,0,0,0.0014,0.0459,0.0572,0.0040,0.0196,0.0640,0.0510,5.2083,0.0680,0.0000,0.9990,0.0043,0.0001,0.4009,0.0079,0.0049,0.0002
2354,31.3796,0.0000,10.7013,4.9490,,true,0,0.008333,0.0000,0.0000,1.00,0.00,0.0000,22,1,295,295,0,0,100,1,11,11,0,246528,0,295,0,0,846106624,0.000000,0.000000,30.990888,0.00,0,2,4,25,17,20,26,13,24,55,97,12,0,0,0,0,0,0,0.0011,0.0564,0.0564,0.0060,0.0212,0.0552,0.0479,4.9490,0.0709,0.0000,0.7408,0.0041,0.0001,0.2713,0.0087,0.0049,0.0001
2355,31.3904,0.0000,10.7344,4.9430,,true,0,0.008333,0.0000,0.0000,1.00,0.00,0.0000,22,1,295,295,0,0,100,1,11,11,0,246528,0,295,0,0,846106624,0.000000,0.000000,30.990888,0.00,0,2,4,25,17,20,26,13,24,55,97,12,0,0,0,0,0,0,0.0013,0.0443,0.0623,0.0037,0.0167,0.0619,0.0537,4.9430,0.0656,0.0000,1.0063,0.0037,0.0001,0.4082,0.0086,0.0058,0.0002
2356,31.4017,0.0000,11.0641,5.1694,,true,0,0.008333,0.0000,0.0000,1.00,0.00,0.0000,22,1,295,295,0,0,100,1,11,11,0,246528,0,295,0,0,846106624,0.000000,0.000000,30.990888,0.00,0,2,4,25,17,20,26,13,24,55,97,12,0,0,0,0,0,0,0.0013,0.0540,0.0607,0.0041,0.0200,0.0651,0.0467,5.1694,0.0676,0.0000,0.9965,0.0032,0.0001,0.4043,0.0072,0.0049,0.0002
2357,31.4122,0.0000,10.6627,4.9884,,true,0,0.008333,0.0000,0.0000,1.00,0.00,0.0000,22,1,295,295,0,0,100,1,11,11,0,246528,0,295,0,0,846106624,0.000000,0.000000,30.990888,0.00,0,2,4,25,17,20,26,13,24,55,97,12,0,0,0,0,0,0,0.0014,0.0399,0.0550,0.0045,0.0212,0.0804,0.0434,4.9884,0.0641,0.0000,0.9677,0.0035,0.0001,0.4014,0.0081,0.0042,0.0003
2358,31.4250,0.0000,11.6970,6.0407,,true,0,0.008333,0.0000,0.0000,1.00,0.00,0.0000,22,1,295,295,0,0,100,1,11,11,0,246528,0,295,0,0,846106624,0.000000,0.000000,30.990888,0.00,0,2,4,25,17,20,26,13,24,55,97,12,0,0,0,0,0,0,0.0014,0.0444,0.0648,0.0051,0.0231,0.0783,0.0459,6.0407,0.0692,0.0000,1.0109,0.0050,0.0001,0.4014,0.0086,0.0064,0.0002
2359,31.4370,0.0000,11.5931,6.4184,,true,0,0.008333,0.0000,0.0000,1.00,0.00,0.0000,22,1,295,295,0,0,100,1,11,11,0,246528,0,295,0,0,846106624,0.000000,0.000000,30.990888,0.00,0,2,4,25,17,20,26,13,24,55,97,12,0,0,0,0,0,0,0.0018,0.0646,0.0628,0.0061,0.0235,0.0758,0.0488,6.4184,0.1124,0.0000,1.1217,0.0047,0.0001,0.4444,0.0098,0.0056,0.0002
2360,31.4473,0.0000,11.0265,5.6756,,true,0,0.008333,0.0000,0.0000,1.00,0.00,0.0000,22,1,295,295,0,0,100,1,11,11,0,246528,0,295,0,0,846106624,0.000000,0.000000,30.990888,0.00,0,2,4,25,17,20,26,13,24,55,97,12,0,0,0,0,0,0,0.0020,0.0615,0.0591,0.0050,0.0200,0.0704,0.0447,5.6756,0.0814,0.0000,0.7783,0.0056,0.0001,0.2855,0.0101,0.0054,0.0001
2361,31.4609,0.0000,12.9112,6.1898,,true,0,0.008333,0.0000,0.0000,1.00,0.00,0.0000,22,1,295,295,0,0,100,1,11,11,0,246528,0,295,0,0,846106624,0.000000,0.000000,30.990888,0.00,0,2,4,25,17,20,26,13,24,55,97,12,0,0,0,0,0,0,0.0013,0.0437,0.0652,0.0065,0.0222,0.0948,0.0360,6.1898,0.0519,0.0000,0.8051,0.0043,0.0001,0.3214,0.0090,0.0055,0.0001
2362,31.4727,0.0000,11.8573,6.2972,,true,0,0.008333,0.0000,0.0000,1.00,0.00,0.0000,22,1,295,295,0,0,100,1,11,11,0,246528,0,295,0,0,846106624,0.000000,0.000000,30.990888,0.00,0,2,4,25,17,20,26,13,24,55,97,12,0,0,0,0,0,0,0.0015,0.0607,0.0728,0.0041,0.0185,0.0728,0.0559,6.2972,0.0728,0.0000,1.0251,0.0043,0.0001,0.4120,0.0084,0.0054,0.0002
2363,31.4828,0.0000,10.8957,5.5386,,true,0,0.008333,0.0000,0.0000,1.00,0.00,0.0000,22,1,295,295,0,0,100,1,11,11,0,246528,0,295,0,0,846106624,0.000000,0.000000,30.990888,0.00,0,2,4,25,17,20,26,13,24,55,97,12,0,0,0,0,0,0,0.0017,0.0515,0.0681,0.0061,0.0221,0.0919,0.0494,5.5386,0.0674,0.0000,1.0534,0.0021,0.0001,0.4128,0.0082,0.0023,0.0002
2364,31.4951,0.0000,11.2294,6.7068,,true,0,0.008333,0.0000,0.0000,1.00,0.00,0.0000,22,1,295,295,0,0,100,1,11,11,0,246528,0,295,0,0,846106624,0.000000,0.000000,30.990888,0.00,0,2,4,25,17,20,26,13,24,55,97,12,0,0,0,0,0,0,0.0017,0.0453,0.1823,0.0048,0.0197,0.0613,0.0469,6.7068,0.1083,0.0000,0.9984,0.0053,0.0001,0.4012,0.0075,0.0061,0.0002
2365,31.5062,0.0000,11.4845,6.2661,,true,0,0.008333,0.0000,0.0000,1.00,0.00,0.0000,22,1,295,295,0,0,100,1,11,11,0,246528,0,295,0,0,846106624,0.000000,0.000000,30.990888,0.00,0,2,4,25,17,20,26,13,24,55,97,12,0,0,0,0,0,0,0.0014,0.0465,0.0608,0.0045,0.0217,0.0616,0.0502,6.2661,0.0612,0.0000,1.0346,0.0038,0.0001,0.4508,0.0089,0.0042,0.0002
2366,31.5171,0.0000,11.1000,5.9794,,true,0,0.008333,0.0000,0.0000,1.00,0.00,0.0000,22,1,295,295,0,0,100,1,11,11,0,246528,0,295,0,0,846106624,0.000000,0.000000,30.990888,0.00,0,2,4,25,17,20,26,13,24,55,97,12,0,0,0,0,0,0,0.0015,0.0526,0.0653,0.0050,0.0220,0.0748,0.0486,5.9794,0.0678,0.0000,1.0260,0.0048,0.0001,0.4162,0.0077,0.0062,0.0008
2367,31.5277,0.0000,11.6124,5.0662,,true,0,0.008333,0.0000,0.0000,1.00,0.00,0.0000,22,1,295,295,0,0,100,1,11,11,0,246528,0,295,0,0,846106624,0.000000,0.000000,30.990888,0.00,0,2,4,25,17,20,26,13,24,55,97,12,0,0,0,0,0,0,0.0016,0.0440,0.0556,0.0054,0.0190,0.0662,0.0448,5.0662,0.0698,0.0000,0.9700,0.0040,0.0001,0.4032,0.0079,0.0061,0.0002
2368,31.5400,0.0000,11.3888,5.9269,,true,0,0.008333,0.0000,0.0000,1.00,0.00,0.0000,22,1,295,295,0,0,100,1,11,11,0,246528,0,295,0,0,846106624,0.000000,0.000000,30.990888,0.00,0,2,4,25,17,20,26,13,24,55,97,12,0,0,0,0,0,0,0.0019,0.0446,0.0766,0.0051,0.0207,0.0721,0.0488,5.9269,0.0708,0.0000,0.9695,0.0039,0.0001,0.3331,0.0195,0.0059,0.0001
2369,31.5529,0.0000,11.0223,7.2890,,true,0,0.008333,0.0000,0.0000,1.00,0.00,0.0000,22,1,295,295,0,0,100,1,11,11,0,246528,0,295,0,0,846106624,0.000000,0.000000,30.990888,0.00,0,2,4,25,17,20,26,13,24,55,97,12,0,0,0,0,0,0,0.0017,0.0513,0.0797,0.0050,0.0236,0.1228,0.0391,7.2890,0.0803,0.0000,0.7841,0.0048,0.0001,0.2791,0.0086,0.0054,0.0001
2370,31.5660,0.0000,14.2270,6.6097,,true,0,0.008333,0.0000,0.0000,1.00,0.00,0.0000,22,1,295,295,0,0,100,1,11,11,0,246528,0,295,0,0,846106624,0.000000,0.000000,30.990888,0.00,0,2,4,25,17,20,26,13,24,55,97,12,0,0,0,0,0,0,0.0020,0.0617,0.0542,0.0048,0.0235,0.0728,0.0463,6.6097,0.0611,0.0000,1.0272,0.0212,0.0001,0.4018,0.0077,0.0190,0.0002
2371,31.5741,0.0000,9.9947,4.9701,,true,0,0.008333,0.0000,0.0000,1.00,0.00,0.0000,22,1,295,295,0,0,100,1,11,11,0,246528,0,295,0,0,846106624,0.000000,0.000000,30.990888,0.00,0,2,4,25,17,20,26,13,24,55,97,12,0,0,0,0,0,0,0.0013,0.0369,0.0638,0.0041,0.0160,0.0485,0.0518,4.9701,0.0659,0.0000,0.9724,0.0034,0.0001,0.3954,0.0097,0.0044,0.0002
2372,31.5859,0.0000,11.4107,5.0732,,true,0,0.008333,0.0000,0.0000,1.00,0.00,0.0000,22,1,295,295,0,0,100,1,11,11,0,246528,0,295,0,0,846106624,0.000000,0.000000,30.990888,0.00,0,2,4,25,17,20,26,13,24,55,97,12,0,0,0,0,0,0,0.0015,0.0440,0.0585,0.0025,0.0212,0.0641,0.0444,5.0732,0.0657,0.0000,0.9866,0.0038,0.0001,0.4119,0.0078,0.0055,0.0002
2373,31.5973,0.0000,11.9762,4.6544,,true,0,0.008333,0.0000,0.0000,1.00,0.00,0.0000,22,1,295,295,0,0,100,1,11,11,0,246528,0,295,0,0,846221312,0.000000,0.000000,30.990888,0.00,0,2,4,25,17,20,26,13,24,55,97,12,0,0,0,0,0,0,0.0014,0.0368,0.0549,0.0041,0.0162,0.0551,0.0437,4.6544,0.0612,0.0000,0.9836,0.0044,0.0001,0.4203,0.0087,0.0047,0.0002
2374,31.6074,0.0000,10.1590,4.7451,,true,0,0.008333,0.0000,0.0000,1.00,0.00,0.0000,22,1,295,295,0,0,100,1,11,11,0,246528,0,295,0,0,846221312,0.000000,0.000000,30.990888,0.00,0,2,4,25,17,20,26,13,24,55,97,12,0,0,0,0,0,0,0.0014,0.0412,0.0592,0.0040,0.0152,0.0513,0.0437,4.7451,0.0606,0.0000,0.9720,0.0039,0.0001,0.3960,0.0098,0.0059,0.0002
2375,31.6201,0.0000,11.3071,6.0342,,true,0,0.008333,0.0000,0.0000,1.00,0.00,0.0000,22,1,295,295,0,0,100,1,11,11,0,246528,0,295,0,0,846221312,0.000000,0.000000,31.346946,0.00,0,2,4,25,17,20,26,13,24,55,97,12,0,0,0,0,0,0,0.0020,0.0521,0.0652,0.0045,0.0225,0.2182,0.0471,6.0342,0.0651,0.0000,1.0220,0.0037,0.0001,0.4338,0.0091,0.0048,0.0002
2376,31.6298,0.0000,10.5562,5.0949,,true,0,0.008333,0.0000,0.0000,1.00,0.00,0.0000,22,1,295,295,0,0,100,1,11,11,0,246528,0,295,0,0,846221312,0.000000,0.000000,31.346946,0.00,0,2,4,25,17,20,26,13,24,55,97,12,0,0,0,0,0,0,0.0013,0.0370,0.0555,0.0032,0.0216,0.0615,0.0443,5.0949,0.0620,0.0000,0.9650,0.0033,0.0001,0.4028,0.0085,0.0046,0.0002
2377,31.6406,0.0000,10.7992,5.3699,,true,0,0.008333,0.0000,0.0000,1.00,0.00,0.0000,22,1,295,295,0,0,100,1,11,11,0,246528,0,295,0,0,846221312,0.000000,0.000000,31.346946,0.00,0,2,4,25,17,20,26,13,24,55,97,12,0,0,0,0,0,0,0.0013,0.0375,0.0636,0.0322,0.0245,0.0486,0.0436,5.3699,0.0706,0.0000,0.9539,0.0029,0.0001,0.3958,0.0061,0.0044,0.0001
2378,31.6535,0.0000,11.9425,5.7628,,true,0,0.008333,0.0000,0.0000,1.00,0.00,0.0000,22,1,295,295,0,0,100,1,11,11,0,246528,0,295,0,0,846221312,0.000000,0.000000,31.346946,0.00,0,2,4,25,17,20,26,13,24,55,97,12,0,0,0,0,0,0,0.0022,0.0565,0.0550,0.0050,0.0256,0.0675,0.0449,5.7628,0.0892,0.0000,0.7821,0.0049,0.0001,0.2760,0.0088,0.0064,0.0005
2379,31.6652,0.0000,12.0321,5.5861,,true,0,0.008333,0.0000,0.0000,1.00,0.00,0.0000,22,1,295,295,0,0,100,1,11,11,0,246528,0,295,0,0,846221312,0.000000,0.000000,31.346946,0.00,0,2,4,25,17,20,26,13,24,55,97,12,0,0,0,0,0,0,0.0029,0.0482,0.0567,0.0044,0.0223,0.0563,0.0459,5.5861,0.0585,0.0000,0.7656,0.0042,0.0001,0.2796,0.0074,0.0056,0.0001
2380,31.6753,0.0000,10.2642,5.5193,,true,0,0.008333,0.0000,0.0000,1.00,0.00,0.0000,22,1,295,295,0,0,100,1,11,11,0,246528,0,295,0,0,846221312,0.000000,0.000000,31.346946,0.00,0,2,4,25,17,20,26,13,24,55,97,12,0,0,0,0,0,0,0.0013,0.0457,0.0723,0.0047,0.0189,0.0634,0.0483,5.5193,0.0684,0.0000,1.0460,0.0056,0.0001,0.4256,0.0122,0.0050,0.0002
2381,31.6870,0.0000,11.6903,5.4217,,true,0,0.008333,0.0000,0.0000,1.00,0.00,0.0000,22,1,295,295,0,0,100,1,11,11,0,246528,0,295,0,0,846221312,0.000000,0.000000,31.346946,0.00,0,2,4,25,17,20,26,13,24,55,97,12,0,0,0,0,0,0,0.0014,0.0530,0.0629,0.0040,0.0197,0.0446,0.0518,5.4217,0.0632,0.0000,1.0187,0.0038,0.0001,0.4092,0.0090,0.0050,0.0002
2382,31.6986,0.0000,11.9299,5.1826,,true,0,0.008333,0.0000,0.0000,1.00,0.00,0.0000,22,1,295,295,0,0,100,1,11,11,0,246528,0,295,0,0,846221312,0.000000,0.000000,31.346946,0.00,0,2,4,25,17,20,26,13,24,55,97,12,0,0,0,0,0,0,0.0010,0.0348,0.0495,0.0047,0.0204,0.0607,0.0391,5.1826,0.0547,0.0000,0.7396,0.0036,0.0001,0.2801,0.0085,0.0060,0.0001
2383,31.7251,0.0000,9.4010,22.3762,,true,0,0.008333,0.0000,0.0000,1.00,0.00,0.0000,22,1,295,295,0,0,100,1,11,11,0,246528,0,295,0,0,846221312,0.000000,0.000000,31.346946,0.00,0,2,4,25,17,20,26,13,24,55,97,12,0,0,0,0,0,0,0.0019,0.0431,0.0527,0.0051,0.0244,0.0669,0.0592,22.3762,0.0429,0.0000,17.4997,0.0054,1.0903,0.4011,0.0262,0.0065,15.3415
2384,31.7324,0.0000,10.9313,6.2278,,true,0,0.008333,0.0000,0.0000,1.00,0.00,0.0000,22,1,295,295,0,0,100,1,11,11,0,246528,0,295,0,0,846221312,0.000000,0.000000,31.346946,0.00,0,2,4,25,17,20,26,13,24,55,97,12,0,0,0,0,0,0,0.0034,0.0687,0.0638,0.0053,0.0215,0.0699,0.0658,6.2278,0.0863,0.0000,1.0703,0.0034,0.0001,0.3977,0.0078,0.0044,0.0002
2385,31.7414,0.0000,20.6421,7.4287,,true,0,0.008333,0.0000,0.0000,1.00,0.00,0.0000,22,1,295,295,0,0,100,1,11,11,0,246528,0,295,0,0,846221312,0.000000,0.000000,31.346946,0.00,0,2,4,25,17,20,26,13,24,55,97,12,0,0,0,0,0,0,0.0015,0.0587,0.0618,0.0058,0.0239,0.0789,0.0529,7.4287,0.0672,0.0000,1.0757,0.0054,0.0001,0.3948,0.0083,0.0068,0.0002
2386,31.7490,0.0000,8.7684,5.7810,,true,0,0.008333,0.0000,0.0000,1.00,0.00,0.0000,22,1,295,295,0,0,100,1,11,11,0,246528,0,295,0,0,846221312,0.000000,0.000000,31.346946,0.00,0,2,4,25,17,20,26,13,24,55,97,12,0,0,0,0,0,0,0.0009,0.0276,0.0663,0.0020,0.0106,0.0497,0.0419,5.7810,0.0832,0.0000,1.0475,0.0018,0.0001,0.4282,0.0166,0.0022,0.0001
2387,31.7577,0.0000,7.6647,6.8604,,true,0,0.008333,0.0000,0.0000,1.00,0.00,0.0000,22,1,295,295,0,0,100,1,11,11,0,246528,0,295,0,0,846221312,0.000000,0.000000,31.346946,0.00,0,2,4,25,17,20,26,13,24,55,97,12,0,0,0,0,0,0,0.0013,0.0405,0.0778,0.0026,0.0153,0.0621,0.0409,6.8604,0.0873,0.0000,1.1722,0.0041,0.0001,0.5501,0.0129,0.0039,0.0002
2388,31.7696,0.0000,11.5408,7.1335,,true,0,0.008333,0.0000,0.0000,1.00,0.00,0.0000,22,1,295,295,0,0,100,1,11,11,0,246528,0,295,0,0,846221312,0.000000,0.000000,31.346946,0.00,0,2,4,25,17,20,26,13,24,55,97,12,0,0,0,0,0,0,0.0023,0.0436,0.1289,0.0041,0.0203,0.0654,0.0375,7.1335,0.1243,0.0000,1.4345,0.0082,0.0001,0.5377,0.0220,0.0075,0.0002
2389,31.7825,0.0000,10.0935,9.8366,,true,0,0.008333,0.0000,0.0000,1.00,0.00,0.0000,22,1,295,295,0,0,100,1,11,11,0,246528,0,295,0,0,846221312,0.000000,0.000000,31.346946,0.00,0,2,4,25,17,20,26,13,24,55,97,12,0,0,0,0,0,0,0.0026,0.1025,0.0692,0.0045,0.0206,0.0737,0.0490,9.8366,0.0683,0.0000,1.0657,0.0053,0.0001,0.3933,0.0096,0.0073,0.0002
2390,31.7969,0.0000,16.3604,7.6693,,true,0,0.008333,0.0000,0.0000,1.00,0.00,0.0000,22,1,295,295,0,0,100,1,11,11,0,246528,0,295,0,0,846221312,0.000000,0.000000,31.346946,0.00,0,2,4,25,17,20,26,13,24,55,97,12,0,0,0,0,0,0,0.0017,0.0387,0.0937,0.0045,0.0229,0.0681,0.0441,7.6693,0.1280,0.0000,1.3908,0.0099,0.0001,0.4896,0.0292,0.0097,0.0002
2391,31.8153,0.0000,14.7541,11.1308,,true,0,0.008333,0.0000,0.0000,1.00,0.00,0.0000,22,1,295,295,0,0,100,1,11,11,0,246528,0,295,0,0,846221312,0.000000,0.000000,31.346946,0.00,0,2,4,25,17,20,26,13,24,55,97,12,0,0,0,0,0,0,0.0065,0.1133,0.1722,0.0067,0.0389,0.1325,0.0589,11.1308,0.1726,0.0000,1.4573,0.0086,0.0001,0.4974,0.0619,0.0087,0.0002
2392,31.8248,0.0000,14.7193,6.2084,,true,0,0.008333,0.0000,0.0000,1.00,0.00,0.0000,22,1,295,295,0,0,100,1,11,11,0,246528,0,295,0,0,846262272,0.000000,0.000000,31.346946,0.00,0,2,4,25,17,20,26,13,24,55,97,12,0,0,0,0,0,0,0.0016,0.0654,0.0773,0.0033,0.0315,0.0655,0.0614,6.2084,0.1024,0.0000,1.1913,0.0052,0.0002,0.4110,0.0121,0.0077,0.0016
2393,31.8324,0.0000,7.9289,6.3050,,true,0,0.008333,0.0000,0.0000,1.00,0.00,0.0000,22,1,295,295,0,0,100,1,11,11,0,246528,0,295,0,0,846262272,0.000000,0.000000,31.346946,0.00,0,2,4,25,17,20,26,13,24,55,97,12,0,0,0,0,0,0,0.0015,0.0340,0.1098,0.0034,0.0204,0.0615,0.0421,6.3050,0.1638,0.0000,1.1388,0.0033,0.0001,0.5827,0.0134,0.0053,0.0001
2394,31.8475,0.0000,12.8857,8.0462,,true,0,0.008333,0.0000,0.0000,1.00,0.00,0.0000,22,1,295,295,0,0,100,1,11,11,0,246528,0,295,0,0,846266368,0.000000,0.000000,31.346946,0.00,0,2,4,25,17,20,26,13,24,55,97,12,0,0,0,0,0,0,0.0018,0.0629,0.0729,0.0064,0.0269,0.0897,0.0498,8.0462,0.0770,0.0000,1.1278,0.0030,0.0001,0.4037,0.0096,0.0063,0.0002
2395,31.8660,0.0000,15.0892,10.0627,,true,0,0.008333,0.0000,0.0000,1.00,0.00,0.0000,22,1,295,295,0,0,100,1,11,11,0,246528,0,295,0,0,846266368,0.000000,0.000000,31.346946,0.00,0,2,4,25,17,20,26,13,24,55,97,12,0,0,0,0,0,0,0.0015,0.0533,0.1107,0.0056,0.0339,0.1462,0.0622,10.0627,0.1301,0.0000,1.1711,0.0039,0.0001,0.5184,0.0095,0.0051,0.0001
2396,31.8790,0.0000,15.0057,9.3737,,true,0,0.008333,0.0000,0.0000,1.00,0.00,0.0000,22,1,295,295,0,0,100,1,11,11,0,246528,0,295,0,0,846266368,0.000000,0.000000,31.601320,0.00,0,2,4,25,17,20,26,13,24,55,97,12,0,0,0,0,0,0,0.0014,0.0684,0.1102,0.0040,0.0232,0.2544,0.0659,9.3737,0.1256,0.0000,1.1668,0.0045,0.0001,0.4643,0.0138,0.0051,0.0002
2397,31.8922,0.0000,14.0847,7.9064,,true,0,0.008333,0.0000,0.0000,1.00,0.00,0.0000,22,1,295,295,0,0,100,1,11,11,0,246528,0,295,0,0,846266368,0.000000,0.000000,31.601320,0.00,0,2,4,25,17,20,26,13,24,55,97,12,0,0,0,0,0,0,0.0015,0.0574,0.0903,0.0060,0.0223,0.0794,0.0543,7.9064,0.0709,0.0000,1.4532,0.0116,0.0001,0.4444,0.0198,0.0122,0.0002
2398,31.9088,0.0000,13.4437,11.1436,,true,0,0.008333,0.0000,0.0000,1.00,0.00,0.0000,22,1,295,295,0,0,100,1,11,11,0,246528,0,295,0,0,846266368,0.000000,0.000000,31.601320,0.00,0,2,4,25,17,20,26,13,24,55,97,12,0,0,0,0,0,0,0.0014,0.0467,0.0858,0.0135,0.0584,0.2549,0.0523,11.1436,0.0940,0.0000,1.7827,0.0153,0.0001,0.5012,0.0264,0.0160,0.0013
2399,31.9221,0.0000,16.6142,8.2950,,true,0,0.008333,0.0000,0.0000,1.00,0.00,0.0000,22,1,295,295,0,0,100,1,11,11,0,246528,0,295,0,0,846266368,0.000000,0.000000,31.601320,0.00,0,2,4,25,17,20,26,13,24,55,97,12,0,0,0,0,0,0,0.0012,0.0408,0.1521,0.0037,0.0195,0.0658,0.0451,8.2950,0.1799,0.0000,1.2848,0.0036,0.0001,0.6248,0.0150,0.0058,0.0003
2400,31.9307,0.0000,10.2351,6.9975,,true,0,0.008333,0.0000,0.0000,1.00,0.00,0.0000,22,1,295,295,0,0,100,1,11,11,0,246528,0,295,0,0,846266368,0.000000,0.000000,31.601320,0.00,0,2,4,25,17,20,26,13,24,55,97,12,0,0,0,0,0,0,0.0016,0.0493,0.1340,0.0051,0.0242,0.0803,0.0507,6.9975,0.1305,0.0000,1.5464,0.0077,0.0001,0.5920,0.0234,0.0124,0.0001
2401,31.9470,0.0000,14.1614,8.4502,,true,0,0.008333,0.0000,0.0000,1.00,0.00,0.0000,22,1,295,295,0,0,100,1,11,11,0,246528,0,295,0,0,846266368,0.000000,0.000000,31.601320,0.00,0,2,4,25,17,20,26,13,24,55,97,12,0,0,0,0,0,0,0.0024,0.0319,0.0603,0.0059,0.0316,0.0968,0.0419,8.4502,0.0667,0.0000,0.8112,0.0034,0.0001,0.2974,0.0097,0.0053,0.0001
2402,31.9678,0.0000,18.9262,8.2773,,true,0,0.008333,0.0000,0.0000,1.00,0.00,0.0000,22,1,295,295,0,0,100,1,11,11,0,246528,0,295,0,0,846266368,0.000000,0.000000,31.601320,0.00,0,2,4,25,17,20,26,13,24,55,97,12,0,0,0,0,0,0,0.0019,0.0693,0.0697,0.0060,0.0277,0.1004,0.0566,8.2773,0.0565,0.0000,1.6706,0.0067,0.0001,0.5440,0.0195,0.0079,0.0002
2403,31.9764,0.0000,13.0412,6.5753,,true,0,0.008333,0.0000,0.0000,1.00,0.00,0.0000,22,1,295,295,0,0,100,1,11,11,0,246528,0,295,0,0,846266368,0.000000,0.000000,31.601320,0.00,0,2,4,25,17,20,26,13,24,55,97,12,0,0,0,0,0,0,0.0020,0.0342,0.2231,0.0039,0.0165,0.0603,0.0462,6.5753,0.1148,0.0000,0.7942,0.0028,0.0001,0.3528,0.0048,0.0046,0.0002
2404,31.9864,0.0000,9.0871,7.4596,,true,0,0.008333,0.0000,0.0000,1.00,0.00,0.0000,22,1,295,295,0,0,100,1,11,11,0,246528,0,295,0,0,846266368,0.000000,0.000000,31.601320,0.00,0,2,4,25,17,20,26,13,24,55,97,12,0,0,0,0,0,0,0.0014,0.0446,0.0728,0.0047,0.0288,0.0651,0.0528,7.4596,0.0744,0.0000,1.0639,0.0047,0.0001,0.4257,0.0088,0.0047,0.0002
2405,31.9996,0.0000,14.0876,6.3633,,true,0,0.008333,0.0000,0.0000,1.00,0.00,0.0000,22,1,295,295,0,0,100,1,11,11,0,246528,0,295,0,0,846266368,0.000000,0.000000,31.601320,0.00,0,2,4,25,17,20,26,13,24,55,97,12,0,0,0,0,0,0,0.0016,0.0520,0.0665,0.0052,0.0210,0.1083,0.0325,6.3633,0.0681,0.0000,0.7549,0.0034,0.0001,0.2852,0.0086,0.0043,0.0001
2406,32.0152,0.0000,13.3787,8.2303,,true,0,0.008333,0.0000,0.0000,1.00,0.00,0.0000,22,1,295,295,0,0,100,1,11,11,0,246528,0,295,0,0,846266368,0.000000,0.000000,31.601320,0.00,0,2,4,25,17,20,26,13,24,55,97,12,0,0,0,0,0,0,0.0046,0.0726,0.1374,0.0048,0.0336,0.0843,0.0456,8.2303,0.1551,0.0000,1.4975,0.0129,0.0001,0.5075,0.0239,0.0115,0.0002
2407,32.0244,0.0000,12.6884,5.3998,,true,0,0.008333,0.0000,0.0000,1.00,0.00,0.0000,22,1,295,295,0,0,100,1,11,11,0,246528,0,295,0,0,846266368,0.000000,0.000000,31.601320,0.00,0,2,4,25,17,20,26,13,24,55,97,12,0,0,0,0,0,0,0.0018,0.0442,0.0613,0.0061,0.0233,0.0818,0.0492,5.3998,0.0647,0.0000,0.9819,0.0043,0.0001,0.3931,0.0078,0.0050,0.0002
2408,32.0372,0.0000,12.4744,5.6559,,true,0,0.008333,0.0000,0.0000,1.00,0.00,0.0000,22,1,295,295,0,0,100,1,11,11,0,246528,0,295,0,0,846266368,0.000000,0.000000,31.601320,0.00,0,2,4,25,17,20,26,13,24,55,97,12,0,0,0,0,0,0,0.0023,0.0538,0.0690,0.0048,0.0150,0.0762,0.0619,5.6559,0.0742,0.0000,1.0408,0.0057,0.0001,0.4167,0.0102,0.0053,0.0002
2409,32.0500,0.0000,12.4876,6.1716,,true,0,0.008333,0.0000,0.0000,1.00,0.00,0.0000,22,1,295,295,0,0,100,1,11,11,0,246528,0,295,0,0,846266368,0.000000,0.000000,31.601320,0.00,0,2,4,25,17,20,26,13,24,55,97,12,0,0,0,0,0,0,0.0018,0.0577,0.0759,0.0076,0.0263,0.0917,0.0520,6.1716,0.0730,0.0000,1.1336,0.0047,0.0001,0.4036,0.0112,0.0057,0.0002
2410,32.0650,0.0000,12.8295,7.8055,,true,0,0.008333,0.0000,0.0000,1.00,0.00,0.0000,22,1,295,295,0,0,100,1,11,11,0,246528,0,295,0,0,846266368,0.000000,0.000000,31.601320,0.00,0,2,4,25,17,20,26,13,24,55,97,12,0,0,0,0,0,0,0.0022,0.0485,0.0608,0.0040,0.0245,0.0801,0.0371,7.8055,0.0622,0.0000,0.8895,0.0046,0.0001,0.3244,0.0133,0.0052,0.0001
2411,32.0731,0.0000,11.3194,5.1137,,true,0,0.008333,0.0000,0.0000,1.00,0.00,0.0000,22,1,295,295,0,0,100,1,11,11,0,246528,0,295,0,0,846266368,0.000000,0.000000,31.601320,0.00,0,2,4,25,17,20,26,13,24,55,97,12,0,0,0,0,0,0,0.0013,0.0508,0.0675,0.0039,0.0208,0.0637,0.0491,5.1137,0.0677,0.0000,1.0814,0.0060,0.0001,0.3991,0.0059,0.0078,0.0002
2412,32.0843,0.0000,10.9191,5.3332,,true,0,0.008333,0.0000,0.0000,1.00,0.00,0.0000,22,1,295,295,0,0,100,1,11,11,0,246528,0,295,0,0,846266368,0.000000,0.000000,31.601320,0.00,0,2,4,25,17,20,26,13,24,55,97,12,0,0,0,0,0,0,0.0013,0.0470,0.0603,0.0045,0.0214,0.0762,0.0449,5.3332,0.0648,0.0000,1.0031,0.0038,0.0001,0.4017,0.0079,0.0037,0.0003
2413,32.0955,0.0000,11.3541,5.3061,,true,0,0.008333,0.0000,0.0000,1.00,0.00,0.0000,22,1,295,295,0,0,100,1,11,11,0,246528,0,295,0,0,846266368,0.000000,0.000000,31.601320,0.00,0,2,4,25,17,20,26,13,24,55,97,12,0,0,0,0,0,0,0.0014,0.0483,0.0720,0.0044,0.0251,0.0853,0.0477,5.3061,0.0702,0.0000,0.8998,0.0039,0.0001,0.2922,0.0141,0.0052,0.0002
2414,32.1063,0.0000,10.8283,5.2822,,true,0,0.008333,0.0000,0.0000,1.00,0.00,0.0000,22,1,295,295,0,0,100,1,11,11,0,246528,0,295,0,0,846266368,0.000000,0.000000,31.601320,0.00,0,2,4,25,17,20,26,13,24,55,97,12,0,0,0,0,0,0,0.0022,0.0396,0.0556,0.0052,0.0209,0.0788,0.0424,5.2822,0.0691,0.0000,1.0318,0.0037,0.0001,0.4072,0.0105,0.0057,0.0002
2415,32.1177,0.0000,11.6333,5.0845,,true,0,0.008333,0.0000,0.0000,1.00,0.00,0.0000,22,1,295,295,0,0,100,1,11,11,0,246528,0,295,0,0,846266368,0.000000,0.000000,31.601320,0.00,0,2,4,25,17,20,26,13,24,55,97,12,0,0,0,0,0,0,0.0012,0.0358,0.0576,0.0050,0.0178,0.0613,0.0500,5.0845,0.0682,0.0000,0.9999,0.0037,0.0001,0.4034,0.0237,0.0057,0.0002
2416,32.1285,0.0000,11.2448,4.6574,,true,0,0.008333,0.0000,0.0000,1.00,0.00,0.0000,22,1,295,295,0,0,100,1,11,11,0,246528,0,295,0,0,846266368,0.000000,0.000000,31.601320,0.00,0,2,4,25,17,20,26,13,24,55,97,12,0,0,0,0,0,0,0.0015,0.0345,0.0522,0.0042,0.0178,0.0505,0.0464,4.6574,0.0463,0.0000,0.9574,0.0025,0.0001,0.3963,0.0070,0.0050,0.0002
2417,32.1394,0.0000,10.6718,4.8599,,true,0,0.008333,0.0000,0.0000,1.00,0.00,0.0000,22,1,295,295,0,0,100,1,11,11,0,246528,0,295,0,0,846266368,0.000000,0.000000,31.601320,0.00,0,2,4,25,17,20,26,13,24,55,97,12,0,0,0,0,0,0,0.0019,0.0402,0.0569,0.0044,0.0182,0.0538,0.0463,4.8599,0.0629,0.0000,1.0349,0.0025,0.0001,0.3996,0.0116,0.0044,0.0002
2418,32.1512,0.0000,12.0511,4.4453,,true,0,0.008333,0.0000,0.0000,1.00,0.00,0.0000,22,1,295,295,0,0,100,1,11,11,0,246528,0,295,0,0,846266368,0.000000,0.000000,31.601320,0.00,0,2,4,25,17,20,26,13,24,55,97,12,0,0,0,0,0,0,0.0018,0.0334,0.0574,0.0049,0.0173,0.0542,0.0537,4.4453,0.0648,0.0000,0.9372,0.0024,0.0001,0.3922,0.0078,0.0045,0.0003
2419,32.1633,0.0000,10.8799,5.6789,,true,0,0.008333,0.0000,0.0000,1.00,0.00,0.0000,22,1,295,295,0,0,100,1,11,11,0,246528,0,295,0,0,846266368,0.000000,0.000000,31.601320,0.00,0,2,4,25,17,20,26,13,24,55,97,12,0,0,0,0,0,0,0.0015,0.0632,0.0597,0.0043,0.0206,0.0780,0.0462,5.6789,0.0707,0.0000,1.0151,0.0041,0.0001,0.4195,0.0074,0.0065,0.0002
2420,32.1751,0.0000,11.6796,5.8994,,true,0,0.008333,0.0000,0.0000,1.00,0.00,0.0000,22,1,295,295,0,0,100,1,11,11,0,246528,0,295,0,0,846266368,0.000000,0.000000,31.601320,0.00,0,2,4,25,17,20,26,13,24,55,97,12,0,0,0,0,0,0,0.0014,0.0527,0.0811,0.0042,0.0269,0.0814,0.0463,5.8994,0.0817,0.0000,1.1001,0.0043,0.0001,0.4264,0.0131,0.0051,0.0002
2421,32.1853,0.0000,11.2216,4.9754,,true,0,0.008333,0.0000,0.0000,1.00,0.00,0.0000,22,1,295,295,0,0,100,1,11,11,0,246528,0,295,0,0,846266368,0.000000,0.000000,31.601320,0.00,0,2,4,25,17,20,26,13,24,55,97,12,0,0,0,0,0,0,0.0013,0.0389,0.0739,0.0035,0.0174,0.0584,0.0416,4.9754,0.0678,0.0000,1.0450,0.0046,0.0001,0.4554,0.0069,0.0048,0.0002
2422,32.1955,0.0000,10.3603,4.9672,,true,0,0.008333,0.0000,0.0000,1.00,0.00,0.0000,22,1,295,295,0,0,100,1,11,11,0,246528,0,295,0,0,846266368,0.000000,0.000000,31.601320,0.00,0,2,4,25,17,20,26,13,24,55,97,12,0,0,0,0,0,0,0.0014,0.0394,0.0694,0.0043,0.0190,0.0510,0.0432,4.9672,0.0833,0.0000,0.9943,0.0041,0.0001,0.4182,0.0069,0.0050,0.0002
2423,32.2069,0.0000,10.7830,5.5084,,true,0,0.008333,0.0000,0.0000,1.00,0.00,0.0000,22,1,295,295,0,0,100,1,11,11,0,246528,0,295,0,0,846266368,0.000000,0.000000,31.601320,0.00,0,2,4,25,17,20,26,13,24,55,97,12,0,0,0,0,0,0,0.0017,0.0464,0.0805,0.0039,0.0178,0.0620,0.0529,5.5084,0.0745,0.0000,1.0422,0.0045,0.0001,0.4095,0.0081,0.0538,0.0002
2424,32.2185,0.0000,11.4297,5.5507,,true,0,0.008333,0.0000,0.0000,1.00,0.00,0.0000,22,1,295,295,0,0,100,1,11,11,0,246528,0,295,0,0,846266368,0.000000,0.000000,31.601320,0.00,0,2,4,25,17,20,26,13,24,55,97,12,0,0,0,0,0,0,0.0019,0.0436,0.0657,0.0048,0.0229,0.0684,0.0481,5.5507,0.0718,0.0000,1.0377,0.0044,0.0001,0.4018,0.0073,0.0068,0.0002
2425,32.2321,0.0000,12.8850,5.9784,,true,0,0.008333,0.0000,0.0000,1.00,0.00,0.0000,22,1,295,295,0,0,100,1,11,11,0,246528,0,295,0,0,846266368,0.000000,0.000000,31.958197,0.00,0,2,4,25,17,20,26,13,24,55,97,12,0,0,0,0,0,0,0.0016,0.0564,0.0744,0.0035,0.0106,0.2262,0.0495,5.9784,0.0637,0.0000,0.7594,0.0055,0.0001,0.2750,0.0096,0.0054,0.0001
2426,32.2423,0.0000,11.6653,4.7304,,true,0,0.008333,0.0000,0.0000,1.00,0.00,0.0000,22,1,295,295,0,0,100,1,11,11,0,246528,0,295,0,0,846266368,0.000000,0.000000,31.958197,0.00,0,2,4,25,17,20,26,13,24,55,97,12,0,0,0,0,0,0,0.0019,0.0428,0.0570,0.0042,0.0203,0.0622,0.0529,4.7304,0.0653,0.0000,1.0036,0.0035,0.0001,0.4050,0.0077,0.0054,0.0002
2427,32.2552,0.0000,11.9521,5.6549,,true,0,0.008333,0.0000,0.0000,1.00,0.00,0.0000,22,1,295,295,0,0,100,1,11,11,0,246528,0,295,0,0,846266368,0.000000,0.000000,31.958197,0.00,0,2,4,25,17,20,26,13,24,55,97,12,0,0,0,0,0,0,0.0017,0.0377,0.1079,0.0069,0.0257,0.0467,0.0437,5.6549,0.0640,0.0000,0.9852,0.0032,0.0001,0.3983,0.0079,0.0054,0.0002
2428,32.2731,0.0000,14.0316,8.9428,,true,0,0.008333,0.0000,0.0000,1.00,0.00,0.0000,22,1,295,295,0,0,100,1,11,11,0,246528,0,295,0,0,846266368,0.000000,0.000000,31.958197,0.00,0,2,4,25,17,20,26,13,24,55,97,12,0,0,0,0,0,0,0.0014,0.0480,0.0679,0.0045,0.0367,0.0932,0.0358,8.9428,0.0844,0.0000,0.7958,0.0042,0.0001,0.3035,0.0038,0.0055,0.0002
2429,32.2820,0.0000,12.4717,5.7649,,true,0,0.008333,0.0000,0.0000,1.00,0.00,0.0000,22,1,295,295,0,0,100,1,11,11,0,246528,0,295,0,0,846266368,0.000000,0.000000,31.958197,0.00,0,2,4,25,17,20,26,13,24,55,97,12,0,0,0,0,0,0,0.0014,0.0393,0.0544,0.0041,0.0189,0.0671,0.0368,5.7649,0.0611,0.0000,1.0015,0.0035,0.0001,0.3960,0.0064,0.0047,0.0001
2430,32.2986,0.0000,13.7970,8.1552,,true,0,0.008333,0.0000,0.0000,1.00,0.00,0.0000,22,1,295,295,0,0,100,1,11,11,0,246528,0,295,0,0,846266368,0.000000,0.000000,31.958197,0.00,0,2,4,25,17,20,26,13,24,55,97,12,0,0,0,0,0,0,0.0023,0.0642,0.0782,0.0031,0.0247,0.0783,0.0371,8.1552,0.0761,0.0000,1.0854,0.0065,0.0001,0.3248,0.0243,0.0064,0.0002
2431,32.3086,0.0000,12.6035,6.0072,,true,0,0.008333,0.0000,0.0000,1.00,0.00,0.0000,22,1,295,295,0,0,100,1,11,11,0,246528,0,295,0,0,846266368,0.000000,0.000000,31.958197,0.00,0,2,4,25,17,20,26,13,24,55,97,12,0,0,0,0,0,0,0.0028,0.0595,0.0709,0.0059,0.0225,0.0746,0.0507,6.0072,0.0698,0.0000,1.1219,0.0050,0.0001,0.4385,0.0252,0.0074,0.0002
2432,32.3276,0.0000,14.7733,9.8462,,true,0,0.008333,0.0000,0.0000,1.00,0.00,0.0000,22,1,295,295,0,0,100,1,11,11,0,246528,0,295,0,0,846266368,0.000000,0.000000,31.958197,0.00,0,2,4,25,17,20,26,13,24,55,97,12,0,0,0,0,0,0,0.0026,0.1050,0.0861,0.0083,0.0407,0.1292,0.0588,9.8462,0.0721,0.0000,1.4047,0.0058,0.0001,0.5586,0.0249,0.0058,0.0002
2433,32.3408,0.0000,14.9692,7.5471,,true,0,0.008333,0.0000,0.0000,1.00,0.00,0.0000,22,1,295,295,0,0,100,1,11,11,0,246528,0,295,0,0,846266368,0.000000,0.000000,31.958197,0.00,0,2,4,25,17,20,26,13,24,55,97,12,0,0,0,0,0,0,0.0016,0.0471,0.0625,0.0046,0.0278,0.0918,0.0455,7.5471,0.0611,0.0000,1.0069,0.0021,0.0001,0.4041,0.0080,0.0035,0.0002
2434,32.3498,0.0000,11.4980,6.3051,,true,0,0.008333,0.0000,0.0000,1.00,0.00,0.0000,22,1,295,295,0,0,100,1,11,11,0,246528,0,295,0,0,846266368,0.000000,0.000000,31.958197,0.00,0,2,4,25,17,20,26,13,24,55,97,12,0,0,0,0,0,0,0.0020,0.0365,0.0634,0.0306,0.0205,0.0505,0.0464,6.3051,0.0950,0.0000,1.1972,0.0046,0.0001,0.5767,0.0138,0.0066,0.0002
2435,32.3666,0.0000,15.4679,6.9522,,true,0,0.008333,0.0000,0.0000,1.00,0.00,0.0000,22,1,295,295,0,0,100,1,11,11,0,246528,0,295,0,0,846266368,0.000000,0.000000,31.958197,0.00,0,2,4,25,17,20,26,13,24,55,97,12,0,0,0,0,0,0,0.0023,0.0547,0.0676,0.0058,0.0623,0.0814,0.0488,6.9522,0.0707,0.0000,1.0607,0.0041,0.0001,0.4071,0.0109,0.0064,0.0002
2436,32.3799,0.0000,14.8506,5.6626,,true,0,0.008333,0.0000,0.0000,1.00,0.00,0.0000,22,1,295,295,0,0,100,1,11,11,0,246528,0,295,0,0,846266368,0.000000,0.000000,31.958197,0.00,0,2,4,25,17,20,26,13,24,55,97,12,0,0,0,0,0,0,0.0016,0.0647,0.0576,0.0054,0.0211,0.0606,0.0530,5.6626,0.0603,0.0000,0.9871,0.0032,0.0001,0.4172,0.0080,0.0057,0.0002
2437,32.3937,0.0000,12.2197,7.2677,,true,0,0.008333,0.0000,0.0000,1.00,0.00,0.0000,22,1,295,295,0,0,100,1,11,11,0,246528,0,295,0,0,846266368,0.000000,0.000000,31.958197,0.00,0,2,4,25,17,20,26,13,24,55,97,12,0,0,0,0,0,0,0.0029,0.0538,0.0612,0.0055,0.0205,0.0755,0.0452,7.2677,0.0727,0.0000,1.0346,0.0040,0.0001,0.4090,0.0103,0.0061,0.0002
2438,32.4103,0.0000,14.5374,9.7026,,true,0,0.008333,0.0000,0.0000,1.00,0.00,0.0000,22,1,295,295,0,0,100,1,11,11,0,246528,0,295,0,0,846307328,0.000000,0.000000,31.958197,0.00,0,2,4,25,17,20,26,13,24,55,97,12,0,0,0,0,0,0,0.0063,0.1372,0.1365,0.0042,0.0216,0.0713,0.1429,9.7026,0.1023,0.0000,1.1929,0.0102,0.0001,0.3657,0.0169,0.0069,0.0001
2439,32.4262,0.0000,16.4378,8.7009,,true,0,0.008333,0.0000,0.0000,1.00,0.00,0.0000,22,1,295,295,0,0,100,1,11,11,0,246528,0,295,0,0,846307328,0.000000,0.000000,31.958197,0.00,0,2,4,25,17,20,26,13,24,55,97,12,0,0,0,0,0,0,0.0020,0.0485,0.0698,0.0047,0.0242,0.1083,0.0487,8.7009,0.0676,0.0000,1.0253,0.0018,0.0001,0.4167,0.0089,0.0052,0.0002
2440,32.4423,0.0000,16.4039,6.7877,,true,0,0.008333,0.0000,0.0000,1.00,0.00,0.0000,22,1,295,295,0,0,100,1,11,11,0,246528,0,295,0,0,846307328,0.000000,0.000000,31.958197,0.00,0,2,4,25,17,20,26,13,24,55,97,12,0,0,0,0,0,0,0.0049,0.0563,0.0827,0.0118,0.0272,0.0776,0.0554,6.7877,0.0807,0.0000,1.1780,0.0063,0.0001,0.4179,0.0151,0.0066,0.0002
2441,32.4507,0.0000,10.9241,6.1442,,true,0,0.008333,0.0000,0.0000,1.00,0.00,0.0000,22,1,295,295,0,0,100,1,11,11,0,246528,0,295,0,0,846307328,0.000000,0.000000,31.958197,0.00,0,2,4,25,17,20,26,13,24,55,97,12,0,0,0,0,0,0,0.0018,0.0392,0.0619,0.0046,0.0200,0.0622,0.0437,6.1442,0.0691,0.0000,1.2882,0.0086,0.0001,0.2994,0.0184,0.0092,0.0017
2442,32.4833,0.0000,12.0248,25.7197,,true,0,0.008333,0.0000,0.0000,1.00,0.00,0.0000,22,1,295,295,0,0,100,1,11,11,0,246528,0,295,0,0,846307328,0.000000,0.000000,31.958197,0.00,0,2,4,25,17,20,26,13,24,55,97,12,0,0,0,0,0,0,0.0023,0.0672,0.0931,0.0073,0.0256,0.0810,0.0482,25.7197,0.1026,0.0000,16.2693,0.0039,0.8501,0.2916,0.0297,0.0038,14.4728
2443,32.4923,0.0000,12.5596,6.8971,,true,0,0.008333,0.0000,0.0000,1.00,0.00,0.0000,22,1,295,295,0,0,100,1,11,11,0,246528,0,295,0,0,846307328,0.000000,0.000000,31.958197,0.00,0,2,4,25,17,20,26,13,24,55,97,12,0,0,0,0,0,0,0.0029,0.0813,0.0895,0.0051,0.0244,0.0657,0.0593,6.8971,0.1160,0.0000,1.1076,0.0034,0.0001,0.4252,0.0112,0.0046,0.0002
2444,32.5014,0.0000,25.2987,7.0535,,true,0,0.008333,0.0000,0.0000,1.00,0.00,0.0000,22,1,295,295,0,0,100,1,11,11,0,246528,0,295,0,0,846307328,0.000000,0.000000,31.958197,0.00,0,2,4,25,17,20,26,13,24,55,97,12,0,0,0,0,0,0,0.0058,0.0601,0.0782,0.0239,0.0554,0.1463,0.0454,7.0535,0.0779,0.0000,0.8054,0.0043,0.0001,0.3036,0.0097,0.0064,0.0001
2445,32.5131,0.0000,11.0685,6.7301,,true,0,0.008333,0.0000,0.0000,1.00,0.00,0.0000,22,1,295,295,0,0,100,1,11,11,0,246528,0,295,0,0,846307328,0.000000,0.000000,31.958197,0.00,0,2,4,25,17,20,26,13,24,55,97,12,0,0,0,0,0,0,0.0022,0.0490,0.0888,0.0024,0.0118,0.1387,0.0428,6.7301,0.0777,0.0000,1.0332,0.0023,0.0001,0.4099,0.0106,0.0029,0.0002
2446,32.5200,0.0000,7.6170,5.5248,,true,0,0.008333,0.0000,0.0000,1.00,0.00,0.0000,22,1,295,295,0,0,100,1,11,11,0,246528,0,295,0,0,846307328,0.000000,0.000000,31.958197,0.00,0,2,4,25,17,20,26,13,24,55,97,12,0,0,0,0,0,0,0.0016,0.0375,0.0730,0.0038,0.0155,0.0592,0.0415,5.5248,0.0924,0.0000,1.1104,0.0037,0.0001,0.3962,0.0092,0.0054,0.0002
2447,32.5354,0.0000,14.3947,7.8866,,true,0,0.008333,0.0000,0.0000,1.00,0.00,0.0000,22,1,295,295,0,0,100,1,11,11,0,246528,0,295,0,0,846307328,0.000000,0.000000,32.264529,0.00,0,2,4,25,17,20,26,13,24,55,97,12,0,0,0,0,0,0,0.0014,0.0384,0.1548,0.0035,0.0175,0.1944,0.0438,7.8866,0.1231,0.0000,0.9739,0.0038,0.0001,0.4139,0.0102,0.0055,0.0002
2448,32.5447,0.0000,10.1622,6.6786,,true,0,0.008333,0.0000,0.0000,1.00,0.00,0.0000,22,1,295,295,0,0,100,1,11,11,0,246528,0,295,0,0,846307328,0.000000,0.000000,32.264529,0.00,0,2,4,25,17,20,26,13,24,55,97,12,0,0,0,0,0,0,0.0038,0.0642,0.0780,0.0056,0.0286,0.1297,0.0501,6.6786,0.0869,0.0000,1.0888,0.0041,0.0001,0.4133,0.0133,0.0057,0.0002
2449,32.5661,0.0000,18.4379,9.2113,,true,0,0.008333,0.0000,0.0000,1.00,0.00,0.0000,22,1,295,295,0,0,100,1,11,11,0,246528,0,295,0,0,846307328,0.000000,0.000000,32.264529,0.00,0,2,4,25,17,20,26,13,24,55,97,12,0,0,0,0,0,0,0.0022,0.1791,0.1226,0.0093,0.0318,0.0548,0.0669,9.2113,0.1597,0.0000,1.4028,0.0050,0.0001,0.5382,0.0254,0.0068,0.0002
2450,32.5750,0.0000,11.8744,6.5286,,true,0,0.008333,0.0000,0.0000,1.00,0.00,0.0000,22,1,295,295,0,0,100,1,11,11,0,246528,0,295,0,0,846307328,0.000000,0.000000,32.264529,0.00,0,2,4,25,17,20,26,13,24,55,97,12,0,0,0,0,0,0,0.0015,0.0445,0.0735,0.0053,0.0316,0.0760,0.0482,6.5286,0.0768,0.0000,1.0339,0.0039,0.0001,0.4090,0.0094,0.0058,0.0002
2451,32.5897,0.0000,14.6377,6.8551,,true,0,0.008333,0.0000,0.0000,1.00,0.00,0.0000,22,1,295,295,0,0,100,1,11,11,0,246528,0,295,0,0,846307328,0.000000,0.000000,32.264529,0.00,0,2,4,25,17,20,26,13,24,55,97,12,0,0,0,0,0,0,0.0024,0.0575,0.0635,0.0040,0.0213,0.0744,0.0534,6.8551,0.0766,0.0000,1.0086,0.0039,0.0001,0.4003,0.0096,0.0068,0.0002
2452,32.6071,0.0000,13.2339,9.9423,,true,0,0.008333,0.0000,0.0000,1.00,0.00,0.0000,22,1,295,295,0,0,100,1,11,11,0,246528,0,295,0,0,846307328,0.000000,0.000000,32.264529,0.00,0,2,4,25,17,20,26,13,24,55,97,12,0,0,0,0,0,0,0.0018,0.0531,0.2194,0.0067,0.0302,0.0890,0.0474,9.9423,0.2467,0.0000,1.0524,0.0045,0.0001,0.4067,0.0110,0.0077,0.0002
2453,32.6231,0.0000,17.1512,9.7225,,true,0,0.008333,0.0000,0.0000,1.00,0.00,0.0000,22,1,295,295,0,0,100,1,11,11,0,246528,0,295,0,0,846307328,0.000000,0.000000,32.264529,0.00,0,2,4,25,17,20,26,13,24,55,97,12,0,0,0,0,0,0,0.0024,0.0471,0.0482,0.0037,0.0232,0.0764,0.0468,9.7225,0.0706,0.0000,0.9638,0.0039,0.0001,0.3995,0.0089,0.0044,0.0002
2454,32.6371,0.0000,14.3190,8.7214,,true,0,0.008333,0.0000,0.0000,1.00,0.00,0.0000,22,1,295,295,0,0,100,1,11,11,0,246528,0,295,0,0,846307328,0.000000,0.000000,32.264529,0.00,0,2,4,25,17,20,26,13,24,55,97,12,0,0,0,0,0,0,0.0023,0.1134,0.1035,0.0074,0.0273,0.1220,0.0546,8.7214,0.1002,0.0000,1.1967,0.0039,0.0001,0.3702,0.0076,0.0060,0.0002
2455,32.6446,0.0000,11.3702,5.7971,,true,0,0.008333,0.0000,0.0000,1.00,0.00,0.0000,22,1,295,295,0,0,100,1,11,11,0,246528,0,295,0,0,846307328,0.000000,0.000000,32.264529,0.00,0,2,4,25,17,20,26,13,24,55,97,12,0,0,0,0,0,0,0.0013,0.0585,0.0630,0.0047,0.0223,0.0855,0.0560,5.7971,0.0791,0.0000,0.8323,0.0043,0.0001,0.2803,0.0145,0.0054,0.0001
2456,32.6567,0.0000,12.2633,5.8815,,true,0,0.008333,0.0000,0.0000,1.00,0.00,0.0000,22,1,295,295,0,0,100,1,11,11,0,246528,0,295,0,0,846307328,0.000000,0.000000,32.264529,0.00,0,2,4,25,17,20,26,13,24,55,97,12,0,0,0,0,0,0,0.0012,0.0438,0.0724,0.0049,0.0269,0.0731,0.0388,5.8815,0.0677,0.0000,1.0079,0.0030,0.0001,0.4704,0.0099,0.0049,0.0001
2457,32.6722,0.0000,13.7208,7.1691,,true,0,0.008333,0.0000,0.0000,1.00,0.00,0.0000,22,1,295,295,0,0,100,1,11,11,0,246528,0,295,0,0,846307328,0.000000,0.000000,32.264529,0.00,0,2,4,25,17,20,26,13,24,55,97,12,0,0,0,0,0,0,0.0017,0.0475,0.0682,0.0039,0.0285,0.0806,0.0475,7.1691,0.0858,0.0000,1.0297,0.0042,0.0001,0.4250,0.0091,0.0046,0.0002
2458,32.6845,0.0000,12.7437,6.6803,,true,0,0.008333,0.0000,0.0000,1.00,0.00,0.0000,22,1,295,295,0,0,100,1,11,11,0,246528,0,295,0,0,846307328,0.000000,0.000000,32.264529,0.00,0,2,4,25,17,20,26,13,24,55,97,12,0,0,0,0,0,0,0.0015,0.0464,0.0657,0.0048,0.0244,0.0812,0.0463,6.6803,0.0699,0.0000,1.0412,0.0049,0.0001,0.4020,0.0098,0.0052,0.0002
2459,32.6956,0.0000,12.3659,5.5567,,true,0,0.008333,0.0000,0.0000,1.00,0.00,0.0000,22,1,295,295,0,0,100,1,11,11,0,246528,0,295,0,0,846307328,0.000000,0.000000,32.264529,0.00,0,2,4,25,17,20,26,13,24,55,97,12,0,0,0,0,0,0,0.0015,0.0518,0.0609,0.0057,0.0266,0.0832,0.0491,5.5567,0.0650,0.0000,1.0075,0.0033,0.0001,0.4047,0.0087,0.0043,0.0002
2460,32.7138,0.0000,14.6225,9.1573,,true,0,0.008333,0.0000,0.0000,1.00,0.00,0.0000,22,1,295,295,0,0,100,1,11,11,0,246528,0,295,0,0,846307328,0.000000,0.000000,32.264529,0.00,0,2,4,25,17,20,26,13,24,55,97,12,0,0,0,0,0,0,0.0013,0.0475,0.0631,0.0036,0.0215,0.0621,0.0458,9.1573,0.0744,0.0000,1.0452,0.0045,0.0000,0.4126,0.0106,0.0059,0.0003
2461,32.7256,0.0000,14.9805,6.0040,,true,0,0.008333,0.0000,0.0000,1.00,0.00,0.0000,22,1,295,295,0,0,100,1,11,11,0,246528,0,295,0,0,846307328,0.000000,0.000000,32.264529,0.00,0,2,4,25,17,20,26,13,24,55,97,12,0,0,0,0,0,0,0.0014,0.0525,0.0480,0.0061,0.0200,0.0623,0.0455,6.0040,0.0606,0.0000,0.7828,0.0037,0.0001,0.2776,0.0072,0.0068,0.0003
2462,32.7353,0.0000,10.4540,5.7893,,true,0,0.008333,0.0000,0.0000,1.00,0.00,0.0000,22,1,295,295,0,0,100,1,11,11,0,246528,0,295,0,0,846307328,0.000000,0.000000,32.264529,0.00,0,2,4,25,17,20,26,13,24,55,97,12,0,0,0,0,0,0,0.0015,0.0620,0.0766,0.0028,0.0201,0.0432,0.0489,5.7893,0.0819,0.0000,1.0737,0.0036,0.0001,0.4243,0.0087,0.0049,0.0002
2463,32.7481,0.0000,12.5491,5.8899,,true,0,0.008333,0.0000,0.0000,1.00,0.00,0.0000,22,1,295,295,0,0,100,1,11,11,0,246528,0,295,0,0,846307328,0.000000,0.000000,32.264529,0.00,0,2,4,25,17,20,26,13,24,55,97,12,0,0,0,0,0,0,0.0010,0.0461,0.0871,0.0059,0.0197,0.0758,0.0471,5.8899,0.0848,0.0000,0.7793,0.0052,0.0001,0.3011,0.0084,0.0048,0.0001
2464,32.7593,0.0000,11.4525,5.2546,,true,0,0.008333,0.0000,0.0000,1.00,0.00,0.0000,22,1,295,295,0,0,100,1,11,11,0,246528,0,295,0,0,846307328,0.000000,0.000000,32.264529,0.00,0,2,4,25,17,20,26,13,24,55,97,12,0,0,0,0,0,0,0.0019,0.0520,0.0624,0.0038,0.0216,0.0715,0.0478,5.2546,0.0692,0.0000,1.0370,0.0039,0.0001,0.4129,0.0103,0.0058,0.0002
2465,32.7741,0.0000,12.8991,7.0534,,true,0,0.008333,0.0000,0.0000,1.00,0.00,0.0000,22,1,295,295,0,0,100,1,11,11,0,246528,0,295,0,0,846307328,0.000000,0.000000,32.264529,0.00,0,2,4,25,17,20,26,13,24,55,97,12,0,0,0,0,0,0,0.0027,0.0498,0.0648,0.0056,0.0227,0.0740,0.0452,7.0534,0.0621,0.0000,1.1829,0.0039,0.0001,0.4513,0.0106,0.0067,0.0002
2466,32.7829,0.0000,11.0056,5.2557,,true,0,0.008333,0.0000,0.0000,1.00,0.00,0.0000,22,1,295,295,0,0,100,1,11,11,0,246528,0,295,0,0,846307328,0.000000,0.000000,32.264529,0.00,0,2,4,25,17,20,26,13,24,55,97,12,0,0,0,0,0,0,0.0015,0.0543,0.0669,0.0041,0.0192,0.0639,0.0473,5.2557,0.0695,0.0000,1.1221,0.0021,0.0001,0.4819,0.0110,0.0024,0.0001
2467,32.7928,0.0000,10.1348,5.0034,,true,0,0.008333,0.0000,0.0000,1.00,0.00,0.0000,22,1,295,295,0,0,100,1,11,11,0,246528,0,295,0,0,846389248,0.000000,0.000000,32.264529,0.00,0,2,4,25,17,20,26,13,24,55,97,12,0,0,0,0,0,0,0.0016,0.0431,0.0639,0.0050,0.0170,0.0629,0.0451,5.0034,0.0715,0.0000,0.9943,0.0037,0.0001,0.4056,0.0080,0.0046,0.0002
2468,32.8041,0.0000,10.6559,5.6220,,true,0,0.008333,0.0000,0.0000,1.00,0.00,0.0000,22,1,295,295,0,0,100,1,11,11,0,246528,0,295,0,0,846389248,0.000000,0.000000,32.264529,0.00,0,2,4,25,17,20,26,13,24,55,97,12,0,0,0,0,0,0,0.0017,0.0435,0.0777,0.0042,0.0183,0.0644,0.0486,5.6220,0.0765,0.0000,1.0003,0.0169,0.0001,0.4017,0.0084,0.0049,0.0002
2469,32.8161,0.0000,12.1859,5.3173,,true,0,0.008333,0.0000,0.0000,1.00,0.00,0.0000,22,1,295,295,0,0,100,1,11,11,0,246528,0,295,0,0,846389248,0.000000,0.000000,32.264529,0.00,0,2,4,25,17,20,26,13,24,55,97,12,0,0,0,0,0,0,0.0017,0.0439,0.0595,0.0039,0.0383,0.0692,0.0536,5.3173,0.0652,0.0000,0.9961,0.0041,0.0001,0.4177,0.0078,0.0050,0.0002
2470,32.8261,0.0000,10.5252,5.0700,,true,0,0.008333,0.0000,0.0000,1.00,0.00,0.0000,22,1,295,295,0,0,100,1,11,11,0,246528,0,295,0,0,846389248,0.000000,0.000000,32.264529,0.00,0,2,4,25,17,20,26,13,24,55,97,12,0,0,0,0,0,0,0.0010,0.0415,0.0600,0.0045,0.0165,0.0456,0.0666,5.0700,0.0615,0.0000,1.0495,0.0041,0.0001,0.4199,0.0085,0.0067,0.0001
2471,32.8384,0.0000,10.7643,6.4077,,true,0,0.008333,0.0000,0.0000,1.00,0.00,0.0000,22,1,295,295,0,0,100,1,11,11,0,246528,0,295,0,0,846389248,0.000000,0.000000,32.570312,0.00,0,2,4,25,17,20,26,13,24,55,97,12,0,0,0,0,0,0,0.0026,0.0394,0.0744,0.0076,0.0435,0.2996,0.0499,6.4077,0.1181,0.0000,1.0085,0.0082,0.0001,0.3411,0.0171,0.0088,0.0001
2472,32.8525,0.0000,14.1397,5.5664,,true,0,0.008333,0.0000,0.0000,1.00,0.00,0.0000,22,1,295,295,0,0,100,1,11,11,0,246528,0,295,0,0,846389248,0.000000,0.000000,32.570312,0.00,0,2,4,25,17,20,26,13,24,55,97,12,0,0,0,0,0,0,0.0015,0.0428,0.0618,0.0057,0.0215,0.0749,0.0456,5.5664,0.0722,0.0000,1.0349,0.0045,0.0001,0.4173,0.0092,0.0056,0.0002
2473,32.8691,0.0000,14.6750,8.2383,,true,0,0.008333,0.0000,0.0000,1.00,0.00,0.0000,22,1,295,295,0,0,100,1,11,11,0,246528,0,295,0,0,846389248,0.000000,0.000000,32.570312,0.00,0,2,4,25,17,20,26,13,24,55,97,12,0,0,0,0,0,0,0.0016,0.0393,0.0645,0.0054,0.0193,0.0623,0.0454,8.2383,0.0537,0.0000,0.9963,0.0029,0.0001,0.3944,0.0081,0.0046,0.0002
2474,32.8791,0.0000,12.2152,5.8845,,true,0,0.008333,0.0000,0.0000,1.00,0.00,0.0000,22,1,295,295,0,0,100,1,11,11,0,246528,0,295,0,0,846389248,0.000000,0.000000,32.570312,0.00,0,2,4,25,17,20,26,13,24,55,97,12,0,0,0,0,0,0,0.0049,0.0385,0.1148,0.0040,0.0209,0.0509,0.0348,5.8845,0.0621,0.0000,0.8887,0.0031,0.0001,0.3091,0.0143,0.0054,0.0001
2475,32.8893,0.0000,10.6872,5.6412,,true,0,0.008333,0.0000,0.0000,1.00,0.00,0.0000,22,1,295,295,0,0,100,1,11,11,0,246528,0,295,0,0,846389248,0.000000,0.000000,32.570312,0.00,0,2,4,25,17,20,26,13,24,55,97,12,0,0,0,0,0,0,0.0018,0.0556,0.0962,0.0042,0.0203,0.0589,0.0481,5.6412,0.1159,0.0000,1.0737,0.0042,0.0001,0.4751,0.0089,0.0037,0.0002
2476,32.9003,0.0000,11.2120,5.4064,,true,0,0.008333,0.0000,0.0000,1.00,0.00,0.0000,22,1,295,295,0,0,100,1,11,11,0,246528,0,295,0,0,846389248,0.000000,0.000000,32.570312,0.00,0,2,4,25,17,20,26,13,24,55,97,12,0,0,0,0,0,0,0.0013,0.0427,0.0679,0.0047,0.0203,0.0700,0.0482,5.4064,0.0673,0.0000,0.9950,0.0046,0.0001,0.3392,0.0122,0.0049,0.0002
2477,32.9118,0.0000,11.3790,5.6087,,true,0,0.008333,0.0000,0.0000,1.00,0.00,0.0000,22,1,295,295,0,0,100,1,11,11,0,246528,0,295,0,0,846389248,0.000000,0.000000,32.570312,0.00,0,2,4,25,17,20,26,13,24,55,97,12,0,0,0,0,0,0,0.0010,0.0490,0.0691,0.0055,0.0239,0.0682,0.0510,5.6087,0.0703,0.0000,1.0828,0.0033,0.0001,0.4081,0.0085,0.0048,0.0002
2478,32.9226,0.0000,11.4629,4.8900,,true,0,0.008333,0.0000,0.0000,1.00,0.00,0.0000,22,1,295,295,0,0,100,1,11,11,0,246528,0,295,0,0,846389248,0.000000,0.000000,32.570312,0.00,0,2,4,25,17,20,26,13,24,55,97,12,0,0,0,0,0,0,0.0012,0.0407,0.0570,0.0043,0.0193,0.0651,0.0474,4.8900,0.0746,0.0000,0.7698,0.0048,0.0001,0.3101,0.0072,0.0051,0.0001
2479,32.9332,0.0000,10.5393,4.9714,,true,0,0.008333,0.0000,0.0000,1.00,0.00,0.0000,22,1,295,295,0,0,100,1,11,11,0,246528,0,295,0,0,846389248,0.000000,0.000000,32.570312,0.00,0,2,4,25,17,20,26,13,24,55,97,12,0,0,0,0,0,0,0.0012,0.0435,0.0603,0.0041,0.0230,0.0855,0.0567,4.9714,0.0684,0.0000,0.9831,0.0041,0.0001,0.3981,0.0076,0.0045,0.0002
2480,32.9433,0.0000,10.4105,4.6680,,true,0,0.008333,0.0000,0.0000,1.00,0.00,0.0000,22,1,295,295,0,0,100,1,11,11,0,246528,0,295,0,0,846389248,0.000000,0.000000,32.570312,0.00,0,2,4,25,17,20,26,13,24,55,97,12,0,0,0,0,0,0,0.0013,0.0360,0.0597,0.0056,0.0301,0.0459,0.0553,4.6680,0.0616,0.0000,0.9923,0.0032,0.0001,0.3997,0.0064,0.0041,0.0002
2481,32.9544,0.0000,10.7451,5.1053,,true,0,0.008333,0.0000,0.0000,1.00,0.00,0.0000,22,1,295,295,0,0,100,1,11,11,0,246528,0,295,0,0,846389248,0.000000,0.000000,32.570312,0.00,0,2,4,25,17,20,26,13,24,55,97,12,0,0,0,0,0,0,0.0014,0.0413,0.0601,0.0044,0.0198,0.0531,0.0434,5.1053,0.0610,0.0000,0.9759,0.0038,0.0001,0.4004,0.0090,0.0055,0.0003
2482,32.9651,0.0000,10.4450,5.1260,,true,0,0.008333,0.0000,0.0000,1.00,0.00,0.0000,22,1,295,295,0,0,100,1,11,11,0,246528,0,295,0,0,846389248,0.000000,0.000000,32.570312,0.00,0,2,4,25,17,20,26,13,24,55,97,12,0,0,0,0,0,0,0.0016,0.0318,0.0528,0.0033,0.0153,0.0483,0.0416,5.1260,0.0644,0.0000,0.9675,0.0040,0.0001,0.4030,0.0059,0.0052,0.0003
2483,32.9770,0.0000,11.6301,5.4173,,true,0,0.008333,0.0000,0.0000,1.00,0.00,0.0000,22,1,295,295,0,0,100,1,11,11,0,246528,0,295,0,0,846389248,0.000000,0.000000,32.570312,0.00,0,2,4,25,17,20,26,13,24,55,97,12,0,0,0,0,0,0,0.0013,0.0576,0.0558,0.0038,0.0229,0.0791,0.0430,5.4173,0.0932,0.0000,0.8247,0.0032,0.0001,0.2827,0.0068,0.0074,0.0001
2484,32.9889,0.0000,10.9570,6.5146,,true,0,0.008333,0.0000,0.0000,1.00,0.00,0.0000,22,1,295,295,0,0,100,1,11,11,0,246528,0,295,0,0,846389248,0.000000,0.000000,32.570312,0.00,0,2,4,25,17,20,26,13,24,55,97,12,0,0,0,0,0,0,0.0058,0.0448,0.0673,0.0051,0.0218,0.0732,0.0462,6.5146,0.0784,0.0000,1.0095,0.0044,0.0001,0.4088,0.0102,0.0060,0.0002
2485,33.0004,0.0000,12.7354,5.0935,,true,0,0.008333,0.0000,0.0000,1.00,0.00,0.0000,22,1,295,295,0,0,100,1,11,11,0,246528,0,295,0,0,846389248,0.000000,0.000000,32.570312,0.00,0,2,4,25,17,20,26,13,24,55,97,12,0,0,0,0,0,0,0.0017,0.0460,0.0642,0.0039,0.0191,0.0642,0.0467,5.0935,0.0684,0.0000,0.9859,0.0042,0.0001,0.4012,0.0087,0.0047,0.0002
2486,33.0108,0.0000,10.3231,5.2648,,true,0,0.008333,0.0000,0.0000,1.00,0.00,0.0000,22,1,295,295,0,0,100,1,11,11,0,246528,0,295,0,0,846389248,0.000000,0.000000,32.570312,0.00,0,2,4,25,17,20,26,13,24,55,97,12,0,0,0,0,0,0,0.0015,0.0447,0.0648,0.0067,0.0228,0.0744,0.0512,5.2648,0.0650,0.0000,1.0142,0.0033,0.0001,0.4058,0.0086,0.0044,0.0002
2487,33.0217,0.0000,10.8069,5.3665,,true,0,0.008333,0.0000,0.0000,1.00,0.00,0.0000,22,1,295,295,0,0,100,1,11,11,0,246528,0,295,0,0,846389248,0.000000,0.000000,32.570312,0.00,0,2,4,25,17,20,26,13,24,55,97,12,0,0,0,0,0,0,0.0038,0.0368,0.0719,0.0035,0.0200,0.0724,0.0451,5.3665,0.0668,0.0000,1.0037,0.0035,0.0001,0.4010,0.0079,0.0064,0.0002
2488,33.0324,0.0000,11.1253,5.0238,,true,0,0.008333,0.0000,0.0000,1.00,0.00,0.0000,22,1,295,295,0,0,100,1,11,11,0,246528,0,295,0,0,846389248,0.000000,0.000000,32.570312,0.00,0,2,4,25,17,20,26,13,24,55,97,12,0,0,0,0,0,0,0.0017,0.0378,0.0578,0.0046,0.0183,0.0546,0.0455,5.0238,0.0639,0.0000,0.9835,0.0039,0.0001,0.3965,0.0107,0.0051,0.0004
2489,33.0436,0.0000,10.6766,5.3678,,true,0,0.008333,0.0000,0.0000,1.00,0.00,0.0000,22,1,295,295,0,0,100,1,11,11,0,246528,0,295,0,0,846389248,0.000000,0.000000,32.570312,0.00,0,2,4,25,17,20,26,13,24,55,97,12,0,0,0,0,0,0,0.0012,0.0440,0.0597,0.0044,0.0176,0.0586,0.0636,5.3678,0.0673,0.0000,0.9772,0.0041,0.0001,0.4008,0.0082,0.0046,0.0002
2490,33.0545,0.0000,10.4693,5.8295,,true,0,0.008333,0.0000,0.0000,1.00,0.00,0.0000,22,1,295,295,0,0,100,1,11,11,0,246528,0,295,0,0,846389248,0.000000,0.000000,32.570312,0.00,0,2,4,25,17,20,26,13,24,55,97,12,0,0,0,0,0,0,0.0022,0.0656,0.0732,0.0048,0.0183,0.0663,0.0533,5.8295,0.0754,0.0000,1.2688,0.0043,0.0001,0.4457,0.0099,0.0064,0.0002
2491,33.0653,0.0000,11.2294,5.4241,,true,0,0.008333,0.0000,0.0000,1.00,0.00,0.0000,22,1,295,295,0,0,100,1,11,11,0,246528,0,295,0,0,846389248,0.000000,0.000000,32.570312,0.00,0,2,4,25,17,20,26,13,24,55,97,12,0,0,0,0,0,0,0.0020,0.0932,0.0706,0.0030,0.0136,0.0592,0.0451,5.4241,0.0720,0.0000,0.9767,0.0037,0.0001,0.3489,0.0119,0.0056,0.0003
2492,33.0771,0.0000,12.1213,5.1719,,true,0,0.008333,0.0000,0.0000,1.00,0.00,0.0000,22,1,295,295,0,0,100,1,11,11,0,246528,0,295,0,0,846389248,0.000000,0.000000,32.570312,0.00,0,2,4,25,17,20,26,13,24,55,97,12,0,0,0,0,0,0,0.0018,0.0520,0.0569,0.0054,0.0161,0.0874,0.0447,5.1719,0.0735,0.0000,0.7431,0.0046,0.0001,0.2773,0.0086,0.0051,0.0001
2493,33.0885,0.0000,10.9478,5.5381,,true,0,0.008333,0.0000,0.0000,1.00,0.00,0.0000,22,1,295,295,0,0,100,1,11,11,0,246528,0,295,0,0,846389248,0.000000,0.000000,32.570312,0.00,0,2,4,25,17,20,26,13,24,55,97,12,0,0,0,0,0,0,0.0028,0.0705,0.0666,0.0040,0.0186,0.0593,0.0535,5.5381,0.0809,0.0000,0.9940,0.0032,0.0001,0.4022,0.0090,0.0043,0.0002
2494,33.0988,0.0000,10.7817,5.0867,,true,0,0.008333,0.0000,0.0000,1.00,0.00,0.0000,22,1,295,295,0,0,100,1,11,11,0,246528,0,295,0,0,846389248,0.000000,0.000000,32.570312,0.00,0,2,4,25,17,20,26,13,24,55,97,12,0,0,0,0,0,0,0.0009,0.0421,0.0494,0.0048,0.0229,0.0701,0.0487,5.0867,0.0632,0.0000,0.7171,0.0043,0.0001,0.2700,0.0077,0.0044,0.0001
2495,33.1093,0.0000,10.7403,4.7413,,true,0,0.008333,0.0000,0.0000,1.00,0.00,0.0000,22,1,295,295,0,0,100,1,11,11,0,246528,0,295,0,0,846389248,0.000000,0.000000,32.570312,0.00,0,2,4,25,17,20,26,13,24,55,97,12,0,0,0,0,0,0,0.0009,0.0318,0.0430,0.0037,0.0192,0.0668,0.0361,4.7413,0.0591,0.0000,0.7203,0.0038,0.0000,0.2546,0.0084,0.0123,0.0002
2496,33.1203,0.0000,10.8647,5.0851,,true,0,0.008333,0.0000,0.0000,1.00,0.00,0.0000,22,1,295,295,0,0,100,1,11,11,0,246528,0,295,0,0,846389248,0.000000,0.000000,32.570312,0.00,0,2,4,25,17,20,26,13,24,55,97,12,0,0,0,0,0,0,0.0013,0.0405,0.0647,0.0049,0.0187,0.0599,0.0524,5.0851,0.0712,0.0000,1.0332,0.0036,0.0001,0.4052,0.0098,0.0053,0.0002
2497,33.1316,0.0000,11.3969,4.8369,,true,0,0.008333,0.0000,0.0000,1.00,0.00,0.0000,22,1,295,295,0,0,100,1,11,11,0,246528,0,295,0,0,846389248,0.000000,0.000000,32.570312,0.00,0,2,4,25,17,20,26,13,24,55,97,12,0,0,0,0,0,0,0.0018,0.0680,0.0441,0.0051,0.0200,0.0532,0.1290,4.8369,0.0534,0.0000,0.6805,0.0039,0.0001,0.2677,0.0074,0.0050,0.0001
2498,33.1420,0.0000,10.5788,4.5509,,true,0,0.008333,0.0000,0.0000,1.00,0.00,0.0000,22,1,295,295,0,0,100,1,11,11,0,246528,0,295,0,0,846389248,0.000000,0.000000,32.875262,0.00,0,2,4,25,17,20,26,13,24,55,97,12,0,0,0,0,0,0,0.0014,0.0259,0.0337,0.0025,0.0132,0.1569,0.0354,4.5509,0.0453,0.0000,0.6420,0.0021,0.0000,0.2606,0.0060,0.0189,0.0001
2499,33.1525,0.0000,10.7802,4.4890,,true,0,0.008333,0.0000,0.0000,1.00,0.00,0.0000,22,1,295,295,0,0,100,1,11,11,0,246528,0,295,0,0,846389248,0.000000,0.000000,32.875262,0.00,0,2,4,25,17,20,26,13,24,55,97,12,0,0,0,0,0,0,0.0013,0.0340,0.0426,0.0046,0.0160,0.0573,0.0369,4.4890,0.0502,0.0000,0.6246,0.0034,0.0001,0.2485,0.0060,0.0028,0.0001
2500,33.1639,0.0000,10.6806,5.1556,,true,0,0.008333,0.0000,0.0000,1.00,0.00,0.0000,22,1,295,295,0,0,100,1,11,11,0,246528,0,295,0,0,846389248,0.000000,0.000000,32.875262,0.00,0,2,4,25,17,20,26,13,24,55,97,12,0,0,0,0,0,0,0.0019,0.0454,0.0855,0.0037,0.0199,0.0670,0.0538,5.1556,0.0635,0.0000,0.9801,0.0038,0.0001,0.4119,0.0094,0.0032,0.0002
2501,33.1762,0.0000,10.8575,6.5049,,true,0,0.008333,0.0000,0.0000,1.00,0.00,0.0000,22,1,295,295,0,0,100,1,11,11,0,246528,0,295,0,0,846389248,0.000000,0.000000,32.875262,0.00,0,2,4,25,17,20,26,13,24,55,97,12,0,0,0,0,0,0,0.0018,0.0620,0.0590,0.0056,0.0256,0.0792,0.0550,6.5049,0.0731,0.0000,1.4742,0.0051,0.0002,0.6064,0.0109,0.0060,0.0002
2502,33.1872,0.0000,12.0195,5.6134,,true,0,0.008333,0.0000,0.0000,1.00,0.00,0.0000,22,1,295,295,0,0,100,1,11,11,0,246528,0,295,0,0,846389248,0.000000,0.000000,32.875262,0.00,0,2,4,25,17,20,26,13,24,55,97,12,0,0,0,0,0,0,0.0014,0.0512,0.0682,0.0055,0.0233,0.0739,0.0501,5.6134,0.0706,0.0000,1.0009,0.0024,0.0001,0.4102,0.0085,0.0028,0.0002
2503,33.1979,0.0000,10.8486,5.4118,,true,0,0.008333,0.0000,0.0000,1.00,0.00,0.0000,22,1,295,295,0,0,100,1,11,11,0,246528,0,295,0,0,846389248,0.000000,0.000000,32.875262,0.00,0,2,4,25,17,20,26,13,24,55,97,12,0,0,0,0,0,0,0.0017,0.0415,0.0631,0.0056,0.0219,0.0694,0.0457,5.4118,0.0679,0.0000,0.9950,0.0037,0.0001,0.3987,0.0082,0.0048,0.0002
2504,33.2079,0.0000,10.4875,4.9555,,true,0,0.008333,0.0000,0.0000,1.00,0.00,0.0000,22,1,295,295,0,0,100,1,11,11,0,246528,0,295,0,0,846389248,0.000000,0.000000,32.875262,0.00,0,2,4,25,17,20,26,13,24,55,97,12,0,0,0,0,0,0,0.0016,0.0454,0.0536,0.0036,0.0302,0.0555,0.0503,4.9555,0.0622,0.0000,0.7109,0.0049,0.0001,0.2721,0.0085,0.0062,0.0001
2505,33.2290,0.0000,10.8384,15.2975,,true,0,0.008333,0.0000,0.0000,1.00,0.00,0.0000,22,1,295,295,0,0,100,1,11,11,0,246528,0,295,0,0,846389248,0.000000,0.000000,32.875262,0.00,0,2,4,25,17,20,26,13,24,55,97,12,0,0,0,0,0,0,0.0010,0.0418,0.0697,0.0049,0.0224,0.0660,0.0573,15.2975,0.0757,0.0000,10.6966,0.0035,0.6517,0.2560,0.0200,0.0044,9.3276
2506,33.2353,0.0000,10.7242,5.3952,,true,0,0.008333,0.0000,0.0000,1.00,0.00,0.0000,22,1,295,295,0,0,100,1,11,11,0,246528,0,295,0,0,846389248,0.000000,0.000000,32.875262,0.00,0,2,4,25,17,20,26,13,24,55,97,12,0,0,0,0,0,0,0.0012,0.0360,0.0874,0.0103,0.0271,0.0698,0.0340,5.3952,0.1084,0.0000,1.1032,0.0044,0.0001,0.4111,0.0080,0.0059,0.0002
2507,33.2417,0.0000,11.9967,5.2281,,true,0,0.008333,0.0000,0.0000,1.00,0.00,0.0000,22,1,295,295,0,0,100,1,11,11,0,246528,0,295,0,0,846389248,0.000000,0.000000,32.875262,0.00,0,2,4,25,17,20,26,13,24,55,97,12,0,0,0,0,0,0,0.0035,0.0389,0.0745,0.0038,0.0161,0.0475,0.0409,5.2281,0.0546,0.0000,1.0570,0.0040,0.0001,0.4658,0.0110,0.0047,0.0002
2508,33.2511,0.0000,9.7362,4.9798,,true,0,0.008333,0.0000,0.0000,1.00,0.00,0.0000,22,1,295,295,0,0,100,1,11,11,0,246528,0,295,0,0,846389248,0.000000,0.000000,32.875262,0.00,0,2,4,25,17,20,26,13,24,55,97,12,0,0,0,0,0,0,0.0020,0.0435,0.0586,0.0048,0.0176,0.0588,0.0474,4.9798,0.0630,0.0000,1.0091,0.0041,0.0001,0.3991,0.0082,0.0039,0.0002
2509,33.2691,0.0000,11.5296,10.9080,,true,0,0.008333,0.0000,0.0000,1.00,0.00,0.0000,22,1,295,295,0,0,100,1,11,11,0,246528,0,295,0,0,846389248,0.000000,0.000000,32.875262,0.00,0,2,4,25,17,20,26,13,24,55,97,12,0,0,0,0,0,0,0.0027,0.1009,0.0765,0.0148,0.0670,0.1668,0.0620,10.9080,0.1193,0.0000,1.4186,0.0088,0.0001,0.3200,0.0306,0.0122,0.0002
2510,33.2814,0.0000,16.0302,7.1109,,true,0,0.008333,0.0000,0.0000,1.00,0.00,0.0000,22,1,295,295,0,0,100,1,11,11,0,246528,0,295,0,0,846389248,0.000000,0.000000,32.875262,0.00,0,2,4,25,17,20,26,13,24,55,97,12,0,0,0,0,0,0,0.0020,0.0493,0.0534,0.0080,0.0294,0.0936,0.0336,7.1109,0.0623,0.0000,0.7933,0.0059,0.0001,0.2640,0.0108,0.0028,0.0001
2511,33.2912,0.0000,11.4769,6.0197,,true,0,0.008333,0.0000,0.0000,1.00,0.00,0.0000,22,1,295,295,0,0,100,1,11,11,0,246528,0,295,0,0,846389248,0.000000,0.000000,32.875262,0.00,0,2,4,25,17,20,26,13,24,55,97,12,0,0,0,0,0,0,0.0016,0.0544,0.1111,0.0059,0.0250,0.1377,0.0677,6.0197,0.1094,0.0000,1.0508,0.0038,0.0001,0.4204,0.0099,0.0059,0.0002
2512,33.3064,0.0000,13.3241,7.5759,,true,0,0.008333,0.0000,0.0000,1.00,0.00,0.0000,22,1,295,295,0,0,100,1,11,11,0,246528,0,295,0,0,846389248,0.000000,0.000000,32.875262,0.00,0,2,4,25,17,20,26,13,24,55,97,12,0,0,0,0,0,0,0.0016,0.0519,0.0883,0.0056,0.0304,0.0696,0.0540,7.5759,0.1508,0.0000,1.1089,0.0089,0.0001,0.2957,0.0177,0.0102,0.0002
2513,33.3156,0.0000,12.0407,4.9509,,true,0,0.008333,0.0000,0.0000,1.00,0.00,0.0000,22,1,295,295,0,0,100,1,11,11,0,246528,0,295,0,0,846389248,0.000000,0.000000,32.875262,0.00,0,2,4,25,17,20,26,13,24,55,97,12,0,0,0,0,0,0,0.0012,0.0457,0.0908,0.0041,0.0197,0.0617,0.0360,4.9509,0.0717,0.0000,0.6754,0.0044,0.0001,0.2452,0.0102,0.0054,0.0001
2514,33.3261,0.0000,10.5039,5.0534,,true,0,0.008333,0.0000,0.0000,1.00,0.00,0.0000,22,1,295,295,0,0,100,1,11,11,0,246528,0,295,0,0,846389248,0.000000,0.000000,32.875262,0.00,0,2,4,25,17,20,26,13,24,55,97,12,0,0,0,0,0,0,0.0016,0.0471,0.0617,0.0043,0.0194,0.0693,0.0464,5.0534,0.0757,0.0000,1.0090,0.0040,0.0001,0.3972,0.0087,0.0047,0.0002
2515,33.3371,0.0000,10.9074,5.0425,,true,0,0.008333,0.0000,0.0000,1.00,0.00,0.0000,22,1,295,295,0,0,100,1,11,11,0,246528,0,295,0,0,846389248,0.000000,0.000000,32.875262,0.00,0,2,4,25,17,20,26,13,24,55,97,12,0,0,0,0,0,0,0.0019,0.0367,0.0709,0.0042,0.0174,0.0564,0.0453,5.0425,0.0691,0.0000,0.9880,0.0041,0.0001,0.4002,0.0095,0.0046,0.0002
2516,33.3479,0.0000,10.9689,5.0006,,true,0,0.008333,0.0000,0.0000,1.00,0.00,0.0000,22,1,295,295,0,0,100,1,11,11,0,246528,0,295,0,0,846389248,0.000000,0.000000,32.875262,0.00,0,2,4,25,17,20,26,13,24,55,97,12,0,0,0,0,0,0,0.0020,0.0278,0.0612,0.0039,0.0197,0.0691,0.0322,5.0006,0.0706,0.0000,0.7766,0.0038,0.0001,0.3017,0.0103,0.0055,0.0001
2517,33.3588,0.0000,10.7804,4.9318,,true,0,0.008333,0.0000,0.0000,1.00,0.00,0.0000,22,1,295,295,0,0,100,1,11,11,0,246528,0,295,0,0,846389248,0.000000,0.000000,32.875262,0.00,0,2,4,25,17,20,26,13,24,55,97,12,0,0,0,0,0,0,0.0046,0.0466,0.0670,0.0044,0.0186,0.0605,0.0602,4.9318,0.0713,0.0000,1.0095,0.0042,0.0001,0.4129,0.0084,0.0046,0.0002
2518,33.3693,0.0000,10.4376,5.1316,,true,0,0.008333,0.0000,0.0000,1.00,0.00,0.0000,22,1,295,295,0,0,100,1,11,11,0,246528,0,295,0,0,846389248,0.000000,0.000000,32.875262,0.00,0,2,4,25,17,20,26,13,24,55,97,12,0,0,0,0,0,0,0.0015,0.0387,0.0705,0.0046,0.0227,0.0695,0.0429,5.1316,0.0767,0.0000,0.7626,0.0039,0.0001,0.3186,0.0093,0.0049,0.0002
2519,33.3814,0.0000,11.5333,5.5091,,true,0,0.008333,0.0000,0.0000,1.00,0.00,0.0000,22,1,295,295,0,0,100,1,11,11,0,246528,0,295,0,0,846389248,0.000000,0.000000,32.875262,0.00,0,2,4,25,17,20,26,13,24,55,97,12,0,0,0,0,0,0,0.0016,0.0486,0.0734,0.0055,0.0176,0.0831,0.0507,5.5091,0.0846,0.0000,1.0824,0.0038,0.0001,0.4224,0.0096,0.0064,0.0002
2520,33.3913,0.0000,10.7674,4.8023,,true,0,0.008333,0.0000,0.0000,1.00,0.00,0.0000,22,1,295,295,0,0,100,1,11,11,0,246528,0,295,0,0,846389248,0.000000,0.000000,32.875262,0.00,0,2,4,25,17,20,26,13,24,55,97,12,0,0,0,0,0,0,0.0032,0.0294,0.0498,0.0047,0.0232,0.0666,0.0472,4.8023,0.0615,0.0000,0.6736,0.0038,0.0001,0.2502,0.0070,0.0048,0.0001
2521,33.4019,0.0000,10.5724,4.8872,,true,0,0.008333,0.0000,0.0000,1.00,0.00,0.0000,22,1,295,295,0,0,100,1,11,11,0,246528,0,295,0,0,846389248,0.000000,0.000000,33.129206,0.00,0,2,4,25,17,20,26,13,24,55,97,12,0,0,0,0,0,0,0.0009,0.0335,0.0505,0.0040,0.0193,0.2529,0.0345,4.8872,0.0663,0.0000,0.6983,0.0035,0.0001,0.2547,0.0123,0.0052,0.0001
2522,33.4126,0.0000,10.8720,4.7886,,true,0,0.008333,0.0000,0.0000,1.00,0.00,0.0000,22,1,295,295,0,0,100,1,11,11,0,246528,0,295,0,0,846389248,0.000000,0.000000,33.129206,0.00,0,2,4,25,17,20,26,13,24,55,97,12,0,0,0,0,0,0,0.0018,0.0504,0.0650,0.0057,0.0172,0.0671,0.0450,4.7886,0.0680,0.0000,1.0253,0.0043,0.0001,0.4002,0.0104,0.0075,0.0001
2523,33.4232,0.0000,10.4344,4.9341,,true,0,0.008333,0.0000,0.0000,1.00,0.00,0.0000,22,1,295,295,0,0,100,1,11,11,0,246528,0,295,0,0,846389248,0.000000,0.000000,33.129206,0.00,0,2,4,25,17,20,26,13,24,55,97,12,0,0,0,0,0,0,0.0018,0.0474,0.0584,0.0039,0.0188,0.0758,0.0474,4.9341,0.0638,0.0000,0.9053,0.0046,0.0001,0.2823,0.0138,0.0034,0.0004
2524,33.4337,0.0000,10.7326,4.7231,,true,0,0.008333,0.0000,0.0000,1.00,0.00,0.0000,22,1,295,295,0,0,100,1,11,11,0,246528,0,295,0,0,846389248,0.000000,0.000000,33.129206,0.00,0,2,4,25,17,20,26,13,24,55,97,12,0,0,0,0,0,0,0.0040,0.0455,0.0808,0.0038,0.0157,0.0508,0.0529,4.7231,0.0637,0.0000,0.6423,0.0031,0.0001,0.2460,0.0092,0.0046,0.0001
2525,33.4454,0.0000,11.2055,4.9787,,true,0,0.008333,0.0000,0.0000,1.00,0.00,0.0000,22,1,295,295,0,0,100,1,11,11,0,246528,0,295,0,0,846389248,0.000000,0.000000,33.129206,0.00,0,2,4,25,17,20,26,13,24,55,97,12,0,0,0,0,0,0,0.0017,0.0424,0.0649,0.0043,0.0197,0.0593,0.0484,4.9787,0.0727,0.0000,0.9829,0.0035,0.0001,0.4000,0.0094,0.0043,0.0002
2526,33.4560,0.0000,10.5696,5.0298,,true,0,0.008333,0.0000,0.0000,1.00,0.00,0.0000,22,1,295,295,0,0,100,1,11,11,0,246528,0,295,0,0,846389248,0.000000,0.000000,33.129206,0.00,0,2,4,25,17,20,26,13,24,55,97,12,0,0,0,0,0,0,0.0012,0.0418,0.0557,0.0033,0.0204,0.0635,0.0489,5.0298,0.0655,0.0000,1.0150,0.0042,0.0001,0.4353,0.0077,0.0045,0.0001
2527,33.4663,0.0000,10.7419,4.6632,,true,0,0.008333,0.0000,0.0000,1.00,0.00,0.0000,22,1,295,295,0,0,100,1,11,11,0,246528,0,295,0,0,846389248,0.000000,0.000000,33.129206,0.00,0,2,4,25,17,20,26,13,24,55,97,12,0,0,0,0,0,0,0.0022,0.0342,0.0321,0.0036,0.0153,0.0553,0.0459,4.6632,0.0614,0.0000,0.6424,0.0024,0.0001,0.2449,0.0078,0.0043,0.0001
2528,33.4786,0.0000,11.7349,4.8498,,true,0,0.008333,0.0000,0.0000,1.00,0.00,0.0000,22,1,295,295,0,0,100,1,11,11,0,246528,0,295,0,0,846389248,0.000000,0.000000,33.129206,0.00,0,2,4,25,17,20,26,13,24,55,97,12,0,0,0,0,0,0,0.0019,0.0413,0.0519,0.0039,0.0236,0.0670,0.0315,4.8498,0.0646,0.0000,0.6752,0.0033,0.0001,0.2554,0.0090,0.0048,0.0001
2529,33.4900,0.0000,11.3152,5.2791,,true,0,0.008333,0.0000,0.0000,1.00,0.00,0.0000,22,1,295,295,0,0,100,1,11,11,0,246528,0,295,0,0,846389248,0.000000,0.000000,33.129206,0.00,0,2,4,25,17,20,26,13,24,55,97,12,0,0,0,0,0,0,0.0013,0.0509,0.0633,0.0054,0.0183,0.0647,0.0986,5.2791,0.0677,0.0000,1.0152,0.0048,0.0001,0.4188,0.0093,0.0050,0.0002
2530,33.4994,0.0000,10.0893,4.7210,,true,0,0.008333,0.0000,0.0000,1.00,0.00,0.0000,22,1,295,295,0,0,100,1,11,11,0,246528,0,295,0,0,846389248,0.000000,0.000000,33.129206,0.00,0,2,4,25,17,20,26,13,24,55,97,12,0,0,0,0,0,0,0.0015,0.0379,0.0537,0.0031,0.0143,0.0498,0.0439,4.7210,0.0777,0.0000,0.7547,0.0033,0.0001,0.2452,0.0079,0.0049,0.0003
2531,33.5101,0.0000,10.6861,4.6911,,true,0,0.008333,0.0000,0.0000,1.00,0.00,0.0000,22,1,295,295,0,0,100,1,11,11,0,246528,0,295,0,0,846389248,0.000000,0.000000,33.129206,0.00,0,2,4,25,17,20,26,13,24,55,97,12,0,0,0,0,0,0,0.0014,0.0394,0.0604,0.0029,0.0180,0.0854,0.0440,4.6911,0.0605,0.0000,0.9708,0.0032,0.0001,0.3998,0.0066,0.0047,0.0002
2532,33.5206,0.0000,10.4089,4.8906,,true,0,0.008333,0.0000,0.0000,1.00,0.00,0.0000,22,1,295,295,0,0,100,1,11,11,0,246528,0,295,0,0,846389248,0.000000,0.000000,33.129206,0.00,0,2,4,25,17,20,26,13,24,55,97,12,0,0,0,0,0,0,0.0013,0.0366,0.0592,0.0045,0.0145,0.0464,0.0431,4.8906,0.0586,0.0000,0.9777,0.0029,0.0001,0.4051,0.0090,0.0047,0.0002
2533,33.5309,0.0000,10.5272,4.7227,,true,0,0.008333,0.0000,0.0000,1.00,0.00,0.0000,22,1,295,295,0,0,100,1,11,11,0,246528,0,295,0,0,846389248,0.000000,0.000000,33.129206,0.00,0,2,4,25,17,20,26,13,24,55,97,12,0,0,0,0,0,0,0.0015,0.0347,0.0579,0.0048,0.0194,0.0344,0.0431,4.7227,0.0669,0.0000,0.9807,0.0027,0.0001,0.4278,0.0073,0.0052,0.0002
2534,33.5420,0.0000,10.9846,4.8101,,true,0,0.008333,0.0000,0.0000,1.00,0.00,0.0000,22,1,295,295,0,0,100,1,11,11,0,246528,0,295,0,0,846389248,0.000000,0.000000,33.129206,0.00,0,2,4,25,17,20,26,13,24,55,97,12,0,0,0,0,0,0,0.0012,0.0446,0.0566,0.0037,0.0193,0.0736,0.0432,4.8101,0.0649,0.0000,1.0046,0.0049,0.0001,0.3971,0.0078,0.0064,0.0002
2535,33.5541,0.0000,11.4459,5.0605,,true,0,0.008333,0.0000,0.0000,1.00,0.00,0.0000,22,1,295,295,0,0,100,1,11,11,0,246528,0,295,0,0,846389248,0.000000,0.000000,33.129206,0.00,0,2,4,25,17,20,26,13,24,55,97,12,0,0,0,0,0,0,0.0014,0.0430,0.0623,0.0041,0.0192,0.0668,0.0448,5.0605,0.0678,0.0000,1.0107,0.0036,0.0001,0.4079,0.0083,0.0053,0.0002
2536,33.5651,0.0000,11.0295,5.2539,,true,0,0.008333,0.0000,0.0000,1.00,0.00,0.0000,22,1,295,295,0,0,100,1,11,11,0,246528,0,295,0,0,846389248,0.000000,0.000000,33.129206,0.00,0,2,4,25,17,20,26,13,24,55,97,12,0,0,0,0,0,0,0.0014,0.0519,0.0576,0.0033,0.0195,0.0521,0.0415,5.2539,0.0653,0.0000,1.0176,0.0156,0.0001,0.4069,0.0071,0.0094,0.0003
2537,33.5770,0.0000,11.2531,5.8296,,true,0,0.008333,0.0000,0.0000,1.00,0.00,0.0000,22,1,295,295,0,0,100,1,11,11,0,246528,0,295,0,0,846389248,0.000000,0.000000,33.129206,0.00,0,2,4,25,17,20,26,13,24,55,97,12,0,0,0,0,0,0,0.0013,0.0432,0.0648,0.0038,0.0193,0.0501,0.0458,5.8296,0.0709,0.0000,0.9954,0.0036,0.0001,0.3995,0.0106,0.0052,0.0002
2538,33.5887,0.0000,12.2709,5.0314,,true,0,0.008333,0.0000,0.0000,1.00,0.00,0.0000,22,1,295,295,0,0,100,1,11,11,0,246528,0,295,0,0,846389248,0.000000,0.000000,33.129206,0.00,0,2,4,25,17,20,26,13,24,55,97,12,0,0,0,0,0,0,0.0011,0.0497,0.0599,0.0051,0.0205,0.0740,0.0448,5.0314,0.0669,0.0000,0.6990,0.0053,0.0001,0.2538,0.0081,0.0054,0.0001
2539,33.5996,0.0000,11.1934,4.9629,,true,0,0.008333,0.0000,0.0000,1.00,0.00,0.0000,22,1,295,295,0,0,100,1,11,11,0,246528,0,295,0,0,846389248,0.000000,0.000000,33.129206,0.00,0,2,4,25,17,20,26,13,24,55,97,12,0,0,0,0,0,0,0.0015,0.0471,0.0604,0.0047,0.0203,0.0649,0.0585,4.9629,0.0664,0.0000,0.9983,0.0046,0.0001,0.4119,0.0090,0.0047,0.0002
2540,33.6101,0.0000,10.7890,4.7858,,true,0,0.008333,0.0000,0.0000,1.00,0.00,0.0000,22,1,295,295,0,0,100,1,11,11,0,246528,0,295,0,0,846389248,0.000000,0.000000,33.129206,0.00,0,2,4,25,17,20,26,13,24,55,97,12,0,0,0,0,0,0,0.0015,0.0456,0.0617,0.0051,0.0455,0.0537,0.0496,4.7858,0.0593,0.0000,0.9673,0.0036,0.0001,0.3977,0.0084,0.0055,0.0004
2541,33.6217,0.0000,11.1875,5.0667,,true,0,0.008333,0.0000,0.0000,1.00,0.00,0.0000,22,1,295,295,0,0,100,1,11,11,0,246528,0,295,0,0,846389248,0.000000,0.000000,33.129206,0.00,0,2,4,25,17,20,26,13,24,55,97,12,0,0,0,0,0,0,0.0014,0.0484,0.0637,0.0042,0.0209,0.0650,0.0446,5.0667,0.0685,0.0000,1.0058,0.0043,0.0001,0.4076,0.0092,0.0048,0.0002
2542,33.6326,0.0000,11.1054,4.8608,,true,0,0.008333,0.0000,0.0000,1.00,0.00,0.0000,22,1,295,295,0,0,100,1,11,11,0,246528,0,295,0,0,846389248,0.000000,0.000000,33.129206,0.00,0,2,4,25,17,20,26,13,24,55,97,12,0,0,0,0,0,0,0.0018,0.0410,0.0575,0.0043,0.0190,0.0538,0.0444,4.8608,0.0657,0.0000,0.9722,0.0039,0.0001,0.4080,0.0084,0.0042,0.0001
2543,33.6433,0.0000,10.7538,5.0001,,true,0,0.008333,0.0000,0.0000,1.00,0.00,0.0000,22,1,295,295,0,0,100,1,11,11,0,246528,0,295,0,0,846389248,0.000000,0.000000,33.129206,0.00,0,2,4,25,17,20,26,13,24,55,97,12,0,0,0,0,0,0,0.0017,0.0379,0.0639,0.0054,0.0181,0.0583,0.0464,5.0001,0.0728,0.0000,0.9944,0.0029,0.0001,0.4140,0.0099,0.0032,0.0003
2544,33.6545,0.0000,11.0990,5.0301,,true,0,0.008333,0.0000,0.0000,1.00,0.00,0.0000,22,1,295,295,0,0,100,1,11,11,0,246528,0,295,0,0,846389248,0.000000,0.000000,33.129206,0.00,0,2,4,25,17,20,26,13,24,55,97,12,0,0,0,0,0,0,0.0014,0.0428,0.0611,0.0041,0.0194,0.0608,0.0433,5.0301,0.0688,0.0000,0.9992,0.0047,0.0001,0.4046,0.0092,0.0060,0.0001
2545,33.6657,0.0000,10.9390,5.0807,,true,0,0.008333,0.0000,0.0000,1.00,0.00,0.0000,22,1,295,295,0,0,100,1,11,11,0,246528,0,295,0,0,846389248,0.000000,0.000000,33.129206,0.00,0,2,4,25,17,20,26,13,24,55,97,12,0,0,0,0,0,0,0.0014,0.0462,0.0599,0.0044,0.0191,0.0584,0.0598,5.0807,0.0658,0.0000,0.9807,0.0030,0.0001,0.4163,0.0085,0.0045,0.0002
2546,33.6777,0.0000,11.4451,5.7659,,true,0,0.008333,0.0000,0.0000,1.00,0.00,0.0000,22,1,295,295,0,0,100,1,11,11,0,246528,0,295,0,0,846389248,0.000000,0.000000,33.129206,0.00,0,2,4,25,17,20,26,13,24,55,97,12,0,0,0,0,0,0,0.0016,0.0498,0.0661,0.0050,0.0233,0.0928,0.0446,5.7659,0.0843,0.0000,1.0153,0.0034,0.0001,0.4023,0.0080,0.0048,0.0002
2547,33.6894,0.0000,11.8263,5.5444,,true,0,0.008333,0.0000,0.0000,1.00,0.00,0.0000,22,1,295,295,0,0,100,1,11,11,0,246528,0,295,0,0,846389248,0.000000,0.000000,33.129206,0.00,0,2,4,25,17,20,26,13,24,55,97,12,0,0,0,0,0,0,0.0010,0.0440,0.0962,0.0031,0.0187,0.0656,0.0450,5.5444,0.0786,0.0000,1.0752,0.0040,0.0001,0.4725,0.0088,0.0054,0.0001
2548,33.7005,0.0000,11.1919,5.4887,,true,0,0.008333,0.0000,0.0000,1.00,0.00,0.0000,22,1,295,295,0,0,100,1,11,11,0,246528,0,295,0,0,846389248,0.000000,0.000000,33.129206,0.00,0,2,4,25,17,20,26,13,24,55,97,12,0,0,0,0,0,0,0.0014,0.0425,0.0750,0.0040,0.0214,0.0521,0.0482,5.4887,0.0772,0.0000,1.3705,0.0039,0.0001,0.6375,0.0106,0.0057,0.0002
2549,33.7125,0.0000,11.8876,5.6425,,true,0,0.008333,0.0000,0.0000,1.00,0.00,0.0000,22,1,295,295,0,0,100,1,11,11,0,246528,0,295,0,0,846389248,0.000000,0.000000,33.129206,0.00,0,2,4,25,17,20,26,13,24,55,97,12,0,0,0,0,0,0,0.0014,0.0634,0.0663,0.0052,0.0166,0.0564,0.0456,5.6425,0.0819,0.0000,0.9765,0.0020,0.0001,0.3887,0.0092,0.0022,0.0001
2550,33.7223,0.0000,10.3005,5.5124,,true,0,0.008333,0.0000,0.0000,1.00,0.00,0.0000,22,1,295,295,0,0,100,1,11,11,0,246528,0,295,0,0,846389248,0.000000,0.000000,33.129206,0.00,0,2,4,25,17,20,26,13,24,55,97,12,0,0,0,0,0,0,0.0014,0.0514,0.0658,0.0037,0.0130,0.0574,0.0542,5.5124,0.0813,0.0000,1.0192,0.0048,0.0001,0.4352,0.0084,0.0047,0.0002
2551,33.7339,0.0000,11.8849,4.7900,,true,0,0.008333,0.0000,0.0000,1.00,0.00,0.0000,22,1,295,295,0,0,100,1,11,11,0,246528,0,295,0,0,846389248,0.000000,0.000000,33.129206,0.00,0,2,4,25,17,20,26,13,24,55,97,12,0,0,0,0,0,0,0.0023,0.0582,0.0663,0.0036,0.0154,0.0686,0.0363,4.7900,0.0635,0.0000,0.9971,0.0036,0.0001,0.3701,0.0100,0.0046,0.0001
2552,33.7443,0.0000,10.5592,5.0202,,true,0,0.008333,0.0000,0.0000,1.00,0.00,0.0000,22,1,295,295,0,0,100,1,11,11,0,246528,0,295,0,0,846389248,0.000000,0.000000,33.129206,0.00,0,2,4,25,17,20,26,13,24,55,97,12,0,0,0,0,0,0,0.0016,0.0424,0.0608,0.0046,0.0222,0.0688,0.0452,5.0202,0.0638,0.0000,0.9764,0.0039,0.0001,0.3996,0.0069,0.0045,0.0002
2553,33.7592,0.0000,12.3600,7.1606,,true,0,0.008333,0.0000,0.0000,1.00,0.00,0.0000,22,1,295,295,0,0,100,1,11,11,0,246528,0,295,0,0,846389248,0.000000,0.000000,33.484575,0.00,0,2,4,25,17,20,26,13,24,55,97,12,0,0,0,0,0,0,0.0040,0.0742,0.0710,0.0112,0.0564,0.2886,0.0491,7.1606,0.0797,0.0000,1.0533,0.0045,0.0001,0.4152,0.0113,0.0061,0.0002
2554,33.7718,0.0000,12.5798,7.0594,,true,0,0.008333,0.0000,0.0000,1.00,0.00,0.0000,22,1,295,295,0,0,100,1,11,11,0,246528,0,295,0,0,846389248,0.000000,0.000000,33.484575,0.00,0,2,4,25,17,20,26,13,24,55,97,12,0,0,0,0,0,0,0.0013,0.1347,0.0709,0.0071,0.0230,0.0901,0.0856,7.0594,0.0788,0.0000,1.0141,0.0040,0.0001,0.4077,0.0081,0.0048,0.0001
2555,33.7827,0.0000,11.1496,6.8336,,true,0,0.008333,0.0000,0.0000,1.00,0.00,0.0000,22,1,295,295,0,0,100,1,11,11,0,246528,0,295,0,0,846389248,0.000000,0.000000,33.484575,0.00,0,2,4,25,17,20,26,13,24,55,97,12,0,0,0,0,0,0,0.0015,0.0501,0.1062,0.0033,0.0198,0.0745,0.0507,6.8336,0.0817,0.0000,1.6149,0.0106,0.0001,0.5476,0.0234,0.0135,0.0007
2556,33.7976,0.0000,14.3458,7.2302,,true,0,0.008333,0.0000,0.0000,1.00,0.00,0.0000,22,1,295,295,0,0,100,1,11,11,0,246528,0,295,0,0,846389248,0.000000,0.000000,33.484575,0.00,0,2,4,25,17,20,26,13,24,55,97,12,0,0,0,0,0,0,0.0016,0.0493,0.0807,0.0054,0.0230,0.0733,0.0479,7.2302,0.1071,0.0000,1.0650,0.0039,0.0001,0.4619,0.0106,0.0059,0.0002
2557,33.8141,0.0000,16.5682,7.4240,,true,0,0.008333,0.0000,0.0000,1.00,0.00,0.0000,22,1,295,295,0,0,100,1,11,11,0,246528,0,295,0,0,846389248,0.000000,0.000000,33.484575,0.00,0,2,4,25,17,20,26,13,24,55,97,12,0,0,0,0,0,0,0.0014,0.0504,0.0991,0.0040,0.0174,0.0660,0.0528,7.4240,0.1004,0.0000,1.3483,0.0021,0.0001,0.5819,0.0144,0.0026,0.0002
2558,33.8216,0.0000,9.3732,5.5910,,true,0,0.008333,0.0000,0.0000,1.00,0.00,0.0000,22,1,295,295,0,0,100,1,11,11,0,246528,0,295,0,0,846389248,0.000000,0.000000,33.484575,0.00,0,2,4,25,17,20,26,13,24,55,97,12,0,0,0,0,0,0,0.0030,0.0503,0.0637,0.0049,0.0209,0.0702,0.0542,5.5910,0.0704,0.0000,0.9967,0.0049,0.0001,0.3983,0.0091,0.0069,0.0001
2559,33.8342,0.0000,11.9653,6.1621,,true,0,0.008333,0.0000,0.0000,1.00,0.00,0.0000,22,1,295,295,0,0,100,1,11,11,0,246528,0,295,0,0,846389248,0.000000,0.000000,33.484575,0.00,0,2,4,25,17,20,26,13,24,55,97,12,0,0,0,0,0,0,0.0019,0.0520,0.0620,0.0054,0.0212,0.0801,0.0505,6.1621,0.0799,0.0000,1.0006,0.0043,0.0001,0.4009,0.0082,0.0055,0.0002
2560,33.8482,0.0000,13.7519,6.8498,,true,0,0.008333,0.0000,0.0000,1.00,0.00,0.0000,22,1,295,295,0,0,100,1,11,11,0,246528,0,295,0,0,846389248,0.000000,0.000000,33.484575,0.00,0,2,4,25,17,20,26,13,24,55,97,12,0,0,0,0,0,0,0.0012,0.0616,0.0603,0.0055,0.0228,0.0532,0.0455,6.8498,0.0751,0.0000,0.7179,0.0056,0.0001,0.2499,0.0094,0.0055,0.0001
2561,33.8706,0.0000,16.9043,11.3751,,true,0,0.008333,0.0000,0.0000,1.00,0.00,0.0000,22,1,295,295,0,0,100,1,11,11,0,246528,0,295,0,0,846389248,0.000000,0.000000,33.484575,0.00,0,2,4,25,17,20,26,13,24,55,97,12,0,0,0,0,0,0,0.0031,0.0828,0.1059,0.0063,0.0534,0.1105,0.0584,11.3751,0.1016,0.0000,1.5578,0.0048,0.0002,0.6215,0.0143,0.0056,0.0003
2562,33.8861,0.0000,18.0053,8.7274,,true,0,0.008333,0.0000,0.0000,1.00,0.00,0.0000,22,1,295,295,0,0,100,1,11,11,0,246528,0,295,0,0,846389248,0.000000,0.000000,33.484575,0.00,0,2,4,25,17,20,26,13,24,55,97,12,0,0,0,0,0,0,0.0014,0.0657,0.1268,0.0072,0.0273,0.0752,0.0528,8.7274,0.1828,0.0000,1.9109,0.0234,0.0002,0.6731,0.0232,0.0181,0.0002
2563,33.9006,0.0000,14.2443,8.7069,,true,0,0.008333,0.0000,0.0000,1.00,0.00,0.0000,22,1,295,295,0,0,100,1,11,11,0,246528,0,295,0,0,846389248,0.000000,0.000000,33.484575,0.00,0,2,4,25,17,20,26,13,24,55,97,12,0,0,0,0,0,0,0.0024,0.0607,0.1258,0.0064,0.0284,0.0953,0.0475,8.7069,0.1749,0.0000,1.3706,0.0050,0.0001,0.5376,0.0256,0.0057,0.0002
2564,33.9163,0.0000,12.6242,12.2038,,true,0,0.008333,0.0000,0.0000,1.00,0.00,0.0000,22,1,295,295,0,0,100,1,11,11,0,246528,0,295,0,0,846389248,0.000000,0.000000,33.484575,0.00,0,2,4,25,17,20,26,13,24,55,97,12,0,0,0,0,0,0,0.0019,0.0550,0.1200,0.0088,0.0796,0.3154,0.0298,12.2038,0.1763,0.0000,1.0337,0.0070,0.0001,0.3828,0.0108,0.0070,0.0005
2565,33.9289,0.0000,16.7249,8.2338,,true,0,0.008333,0.0000,0.0000,1.00,0.00,0.0000,22,1,295,295,0,0,100,1,11,11,0,246528,0,295,0,0,846389248,0.000000,0.000000,33.484575,0.00,0,2,4,25,17,20,26,13,24,55,97,12,0,0,0,0,0,0,0.0014,0.0479,0.0952,0.0038,0.0193,0.0627,0.0429,8.2338,0.1333,0.0000,1.2460,0.0078,0.0001,0.4605,0.0111,0.0125,0.0002
2566,33.9438,0.0000,14.0249,9.1176,,true,0,0.008333,0.0000,0.0000,1.00,0.00,0.0000,22,1,295,295,0,0,100,1,11,11,0,246528,0,295,0,0,846389248,0.000000,0.000000,33.484575,0.00,0,2,4,25,17,20,26,13,24,55,97,12,0,0,0,0,0,0,0.0014,0.0474,0.1054,0.0057,0.0250,0.0802,0.0367,9.1176,0.1422,0.0000,0.8296,0.0066,0.0001,0.2925,0.0110,0.0101,0.0001
2567,33.9577,0.0000,15.9970,7.4055,,true,0,0.008333,0.0000,0.0000,1.00,0.00,0.0000,22,1,295,295,0,0,100,1,11,11,0,246528,0,295,0,0,846389248,0.000000,0.000000,33.484575,0.00,0,2,4,25,17,20,26,13,24,55,97,12,0,0,0,0,0,0,0.0031,0.0523,0.1150,0.0036,0.0178,0.0541,0.0478,7.4055,0.1316,0.0000,1.2842,0.0046,0.0001,0.5153,0.0128,0.0067,0.0002
2568,33.9644,0.0000,8.3686,5.4847,,true,0,0.008333,0.0000,0.0000,1.00,0.00,0.0000,22,1,295,295,0,0,100,1,11,11,0,246528,0,295,0,0,846389248,0.000000,0.000000,33.484575,0.00,0,2,4,25,17,20,26,13,24,55,97,12,0,0,0,0,0,0,0.0058,0.0578,0.0594,0.0066,0.0270,0.0834,0.0602,5.4847,0.0772,0.0000,0.8297,0.0065,0.0001,0.2952,0.0105,0.0045,0.0003
2569,33.9997,0.0000,13.4887,27.1383,,true,0,0.008333,0.0000,0.0000,1.00,0.00,0.0000,22,1,295,295,0,0,100,1,11,11,0,246528,0,295,0,0,846389248,0.000000,0.000000,33.484575,0.00,0,2,4,25,17,20,26,13,24,55,97,12,0,0,0,0,0,0,0.0024,0.1005,0.1877,0.0057,0.0476,0.1852,0.0581,27.1383,0.0983,0.0000,19.1420,0.0091,1.2355,0.4784,0.0649,0.0121,16.2114
2570,34.0078,0.0000,15.1395,6.7493,,true,0,0.008333,0.0000,0.0000,1.00,0.00,0.0000,22,1,295,295,0,0,100,1,11,11,0,246528,0,295,0,0,846389248,0.000000,0.000000,33.484575,0.00,0,2,4,25,17,20,26,13,24,55,97,12,0,0,0,0,0,0,0.0022,0.1698,0.0761,0.0064,0.0281,0.0717,0.0652,6.7493,0.0899,0.0000,1.2111,0.0060,0.0001,0.5223,0.0095,0.0061,0.0002
2571,34.0180,0.0000,23.0141,7.4960,,true,0,0.008333,0.0000,0.0000,1.00,0.00,0.0000,22,1,295,295,0,0,100,1,11,11,0,246528,0,295,0,0,846389248,0.000000,0.000000,33.484575,0.00,0,2,4,25,17,20,26,13,24,55,97,12,0,0,0,0,0,0,0.0028,0.0426,0.0703,0.0057,0.0170,0.0483,0.0431,7.4960,0.0865,0.0000,1.1939,0.0077,0.0001,0.4254,0.0142,0.0071,0.0002
2572,34.0251,0.0000,8.6340,5.9357,,true,0,0.008333,0.0000,0.0000,1.00,0.00,0.0000,22,1,295,295,0,0,100,1,11,11,0,246528,0,295,0,0,846389248,0.000000,0.000000,33.484575,0.00,0,2,4,25,17,20,26,13,24,55,97,12,0,0,0,0,0,0,0.0015,0.0354,0.1052,0.0040,0.0175,0.0484,0.0431,5.9357,0.1015,0.0000,1.2865,0.0032,0.0001,0.6577,0.0201,0.0047,0.0001
2573,34.0331,0.0000,9.1865,5.1160,,true,0,0.008333,0.0000,0.0000,1.00,0.00,0.0000,22,1,295,295,0,0,100,1,11,11,0,246528,0,295,0,0,846389248,0.000000,0.000000,33.484575,0.00,0,2,4,25,17,20,26,13,24,55,97,12,0,0,0,0,0,0,0.0024,0.0388,0.0623,0.0053,0.0215,0.0565,0.0435,5.1160,0.0651,0.0000,0.9395,0.0037,0.0001,0.3912,0.0089,0.0054,0.0003
2574,34.0478,0.0000,14.6664,5.0532,,true,0,0.008333,0.0000,0.0000,1.00,0.00,0.0000,22,1,295,295,0,0,100,1,11,11,0,246528,0,295,0,0,846389248,0.000000,0.000000,33.484575,0.00,0,2,4,25,17,20,26,13,24,55,97,12,0,0,0,0,0,0,0.0011,0.0512,0.0611,0.0045,0.0189,0.0650,0.0443,5.0532,0.0749,0.0000,0.7684,0.0055,0.0001,0.2686,0.0096,0.0137,0.0001
2575,34.0617,0.0000,12.8784,6.0069,,true,0,0.008333,0.0000,0.0000,1.00,0.00,0.0000,22,1,295,295,0,0,100,1,11,11,0,246528,0,295,0,0,846389248,0.000000,0.000000,33.791466,0.00,0,2,4,25,17,20,26,13,24,55,97,12,0,0,0,0,0,0,0.0031,0.0573,0.0794,0.0039,0.0252,0.2416,0.0486,6.0069,0.0897,0.0000,1.0635,0.0033,0.0001,0.3021,0.0435,0.0058,0.0002
2576,34.0736,0.0000,12.4803,5.5974,,true,0,0.008333,0.0000,0.0000,1.00,0.00,0.0000,22,1,295,295,0,0,100,1,11,11,0,246528,0,295,0,0,846389248,0.000000,0.000000,33.791466,0.00,0,2,4,25,17,20,26,13,24,55,97,12,0,0,0,0,0,0,0.0019,0.0509,0.0794,0.0044,0.0191,0.0639,0.0465,5.5974,0.0750,0.0000,1.0818,0.0039,0.0001,0.4683,0.0089,0.0058,0.0002
2577,34.0855,0.0000,11.2423,6.0897,,true,0,0.008333,0.0000,0.0000,1.00,0.00,0.0000,22,1,295,295,0,0,100,1,11,11,0,246528,0,295,0,0,846389248,0.000000,0.000000,33.791466,0.00,0,2,4,25,17,20,26,13,24,55,97,12,0,0,0,0,0,0,0.0020,0.0613,0.1106,0.0051,0.0219,0.0735,0.0494,6.0897,0.0781,0.0000,1.0869,0.0056,0.0001,0.4226,0.0116,0.0058,0.0002
2578,34.0964,0.0000,11.8880,5.1322,,true,0,0.008333,0.0000,0.0000,1.00,0.00,0.0000,22,1,295,295,0,0,100,1,11,11,0,246528,0,295,0,0,846389248,0.000000,0.000000,33.791466,0.00,0,2,4,25,17,20,26,13,24,55,97,12,0,0,0,0,0,0,0.0017,0.0440,0.0467,0.0039,0.0211,0.0678,0.0411,5.1322,0.0663,0.0000,0.6928,0.0044,0.0001,0.2502,0.0082,0.0049,0.0001
2579,34.1072,0.0000,10.8160,5.2100,,true,0,0.008333,0.0000,0.0000,1.00,0.00,0.0000,22,1,295,295,0,0,100,1,11,11,0,246528,0,295,0,0,846389248,0.000000,0.000000,33.791466,0.00,0,2,4,25,17,20,26,13,24,55,97,12,0,0,0,0,0,0,0.0026,0.0370,0.0558,0.0044,0.0252,0.0734,0.0384,5.2100,0.0763,0.0000,0.7375,0.0050,0.0001,0.2591,0.0098,0.0063,0.0001
2580,34.1181,0.0000,10.8457,5.0708,,true,0,0.008333,0.0000,0.0000,1.00,0.00,0.0000,22,1,295,295,0,0,100,1,11,11,0,246528,0,295,0,0,846389248,0.000000,0.000000,33.791466,0.00,0,2,4,25,17,20,26,13,24,55,97,12,0,0,0,0,0,0,0.0013,0.0430,0.0509,0.0046,0.0206,0.0565,0.0404,5.0708,0.0731,0.0000,0.7037,0.0043,0.0001,0.2457,0.0066,0.0047,0.0001
2581,34.1291,0.0000,10.9190,5.3282,,true,0,0.008333,0.0000,0.0000,1.00,0.00,0.0000,22,1,295,295,0,0,100,1,11,11,0,246528,0,295,0,0,846389248,0.000000,0.000000,33.791466,0.00,0,2,4,25,17,20,26,13,24,55,97,12,0,0,0,0,0,0,0.0020,0.0431,0.0712,0.0047,0.0205,0.0635,0.0491,5.3282,0.0819,0.0000,1.0168,0.0052,0.0001,0.4121,0.0099,0.0065,0.0002
2582,34.1403,0.0000,10.6671,5.9713,,true,0,0.008333,0.0000,0.0000,1.00,0.00,0.0000,22,1,295,295,0,0,100,1,11,11,0,246528,0,295,0,0,846389248,0.000000,0.000000,33.791466,0.00,0,2,4,25,17,20,26,13,24,55,97,12,0,0,0,0,0,0,0.0015,0.0339,0.0782,0.0043,0.0223,0.0608,0.0414,5.9713,0.0818,0.0000,0.7539,0.0032,0.0001,0.3092,0.0118,0.0047,0.0001
2583,34.1527,0.0000,12.8179,5.4651,,true,0,0.008333,0.0000,0.0000,1.00,0.00,0.0000,22,1,295,295,0,0,100,1,11,11,0,246528,0,295,0,0,846389248,0.000000,0.000000,33.791466,0.00,0,2,4,25,17,20,26,13,24,55,97,12,0,0,0,0,0,0,0.0024,0.0425,0.0640,0.0047,0.0227,0.0776,0.0480,5.4651,0.0798,0.0000,1.1400,0.0041,0.0001,0.4778,0.0094,0.0052,0.0002
2584,34.1659,0.0000,12.7739,5.4700,,true,0,0.008333,0.0000,0.0000,1.00,0.00,0.0000,22,1,295,295,0,0,100,1,11,11,0,246528,0,295,0,0,846389248,0.000000,0.000000,33.791466,0.00,0,2,4,25,17,20,26,13,24,55,97,12,0,0,0,0,0,0,0.0023,0.0571,0.0662,0.0053,0.0234,0.0748,0.0546,5.4700,0.0718,0.0000,1.0358,0.0042,0.0001,0.4294,0.0087,0.0052,0.0002
2585,34.1764,0.0000,11.3456,4.9880,,true,0,0.008333,0.0000,0.0000,1.00,0.00,0.0000,22,1,295,295,0,0,100,1,11,11,0,246528,0,295,0,0,846389248,0.000000,0.000000,33.791466,0.00,0,2,4,25,17,20,26,13,24,55,97,12,0,0,0,0,0,0,0.0014,0.0436,0.0592,0.0049,0.0178,0.0630,0.0450,4.9880,0.0963,0.0000,0.9922,0.0038,0.0001,0.3929,0.0082,0.0058,0.0002
2586,34.1886,0.0000,11.4746,5.5882,,true,0,0.008333,0.0000,0.0000,1.00,0.00,0.0000,22,1,295,295,0,0,100,1,11,11,0,246528,0,295,0,0,846389248,0.000000,0.000000,33.791466,0.00,0,2,4,25,17,20,26,13,24,55,97,12,0,0,0,0,0,0,0.0014,0.0530,0.0632,0.0054,0.0225,0.0804,0.0484,5.5882,0.0701,0.0000,1.0120,0.0036,0.0001,0.4005,0.0087,0.0050,0.0002
2587,34.2002,0.0000,11.7819,5.5581,,true,0,0.008333,0.0000,0.0000,1.00,0.00,0.0000,22,1,295,295,0,0,100,1,11,11,0,246528,0,295,0,0,846389248,0.000000,0.000000,33.791466,0.00,0,2,4,25,17,20,26,13,24,55,97,12,0,0,0,0,0,0,0.0014,0.0478,0.0708,0.0046,0.0187,0.0669,0.0467,5.5581,0.0732,0.0000,1.0019,0.0027,0.0001,0.4058,0.0058,0.0036,0.0001
2588,34.2103,0.0000,10.7122,4.9612,,true,0,0.008333,0.0000,0.0000,1.00,0.00,0.0000,22,1,295,295,0,0,100,1,11,11,0,246528,0,295,0,0,846389248,0.000000,0.000000,33.791466,0.00,0,2,4,25,17,20,26,13,24,55,97,12,0,0,0,0,0,0,0.0013,0.0309,0.0547,0.0038,0.0170,0.0702,0.0445,4.9612,0.0685,0.0000,0.6784,0.0040,0.0001,0.2457,0.0093,0.0053,0.0001
2589,34.2214,0.0000,10.9148,5.2015,,true,0,0.008333,0.0000,0.0000,1.00,0.00,0.0000,22,1,295,295,0,0,100,1,11,11,0,246528,0,295,0,0,846389248,0.000000,0.000000,33.791466,0.00,0,2,4,25,17,20,26,13,24,55,97,12,0,0,0,0,0,0,0.0015,0.0400,0.0622,0.0064,0.0173,0.0632,0.0553,5.2015,0.0679,0.0000,0.9800,0.0031,0.0001,0.4046,0.0070,0.0048,0.0002
2590,34.2329,0.0000,11.4666,5.2638,,true,0,0.008333,0.0000,0.0000,1.00,0.00,0.0000,22,1,295,295,0,0,100,1,11,11,0,246528,0,295,0,0,846389248,0.000000,0.000000,33.791466,0.00,0,2,4,25,17,20,26,13,24,55,97,12,0,0,0,0,0,0,0.0012,0.0411,0.0633,0.0043,0.0203,0.0575,0.0563,5.2638,0.0703,0.0000,0.9645,0.0038,0.0001,0.4063,0.0067,0.0056,0.0002
2591,34.2439,0.0000,11.3763,4.8677,,true,0,0.008333,0.0000,0.0000,1.00,0.00,0.0000,22,1,295,295,0,0,100,1,11,11,0,246528,0,295,0,0,846389248,0.000000,0.000000,33.791466,0.00,0,2,4,25,17,20,26,13,24,55,97,12,0,0,0,0,0,0,0.0008,0.0401,0.0591,0.0038,0.0185,0.0449,0.0462,4.8677,0.0529,0.0000,0.9538,0.0028,0.0001,0.4074,0.0085,0.0050,0.0003
2592,34.2555,0.0000,10.8178,5.8017,,true,0,0.008333,0.0000,0.0000,1.00,0.00,0.0000,22,1,295,295,0,0,100,1,11,11,0,246528,0,295,0,0,846389248,0.000000,0.000000,33.791466,0.00,0,2,4,25,17,20,26,13,24,55,97,12,0,0,0,0,0,0,0.0010,0.0396,0.0620,0.0038,0.0155,0.0482,0.0492,5.8017,0.0612,0.0000,0.9568,0.0015,0.0001,0.4033,0.0103,0.0023,0.0001
2593,34.2720,0.0000,14.7937,6.9946,,true,0,0.008333,0.0000,0.0000,1.00,0.00,0.0000,22,1,295,295,0,0,100,1,11,11,0,246528,0,295,0,0,846389248,0.000000,0.000000,33.791466,0.00,0,2,4,25,17,20,26,13,24,55,97,12,0,0,0,0,0,0,0.0016,0.0495,0.0711,0.0044,0.0212,0.0601,0.0487,6.9946,0.0585,0.0000,1.0186,0.0035,0.0001,0.3949,0.0115,0.0051,0.0002
2594,34.2838,0.0000,11.4126,7.5815,,true,0,0.008333,0.0000,0.0000,1.00,0.00,0.0000,22,1,295,295,0,0,100,1,11,11,0,246528,0,295,0,0,846389248,0.000000,0.000000,33.791466,0.00,0,2,4,25,17,20,26,13,24,55,97,12,0,0,0,0,0,0,0.0015,0.0436,0.0654,0.0050,0.0215,0.0655,0.0457,7.5815,0.0707,0.0000,1.0182,0.0038,0.0001,0.4011,0.0078,0.0052,0.0002
2595,34.2956,0.0000,13.5480,5.7340,,true,0,0.008333,0.0000,0.0000,1.00,0.00,0.0000,22,1,295,295,0,0,100,1,11,11,0,246528,0,295,0,0,846389248,0.000000,0.000000,33.791466,0.00,0,2,4,25,17,20,26,13,24,55,97,12,0,0,0,0,0,0,0.0018,0.0507,0.0731,0.0046,0.0241,0.0897,0.0514,5.7340,0.0904,0.0000,1.0203,0.0035,0.0001,0.4061,0.0108,0.0069,0.0002
2596,34.3064,0.0000,11.7390,5.0010,,true,0,0.008333,0.0000,0.0000,1.00,0.00,0.0000,22,1,295,295,0,0,100,1,11,11,0,246528,0,295,0,0,846389248,0.000000,0.000000,33.791466,0.00,0,2,4,25,17,20,26,13,24,55,97,12,0,0,0,0,0,0,0.0013,0.0414,0.0579,0.0040,0.0154,0.0622,0.0447,5.0010,0.0598,0.0000,0.9878,0.0046,0.0001,0.3978,0.0099,0.0054,0.0002
2597,34.3173,0.0000,10.4328,5.2949,,true,0,0.008333,0.0000,0.0000,1.00,0.00,0.0000,22,1,295,295,0,0,100,1,11,11,0,246528,0,295,0,0,846389248,0.000000,0.000000,33.791466,0.00,0,2,4,25,17,20,26,13,24,55,97,12,0,0,0,0,0,0,0.0017,0.0397,0.0553,0.0037,0.0165,0.0498,0.0426,5.2949,0.0599,0.0000,0.9570,0.0034,0.0001,0.4054,0.0070,0.0054,0.0002
2598,34.3283,0.0000,11.2780,5.4676,,true,0,0.008333,0.0000,0.0000,1.00,0.00,0.0000,22,1,295,295,0,0,100,1,11,11,0,246528,0,295,0,0,846389248,0.000000,0.000000,33.791466,0.00,0,2,4,25,17,20,26,13,24,55,97,12,0,0,0,0,0,0,0.0025,0.0554,0.0743,0.0034,0.0139,0.0431,0.0581,5.4676,0.0941,0.0000,1.0047,0.0056,0.0001,0.3729,0.0132,0.0056,0.0001
2599,34.3391,0.0000,11.1454,5.0526,,true,0,0.008333,0.0000,0.0000,1.00,0.00,0.0000,22,1,295,295,0,0,100,1,11,11,0,246528,0,295,0,0,846389248,0.000000,0.000000,33.791466,0.00,0,2,4,25,17,20,26,13,24,55,97,12,0,0,0,0,0,0,0.0016,0.0394,0.0609,0.0039,0.0144,0.0507,0.0515,5.0526,0.0637,0.0000,0.9490,0.0032,0.0001,0.4031,0.0088,0.0040,0.0002
2600,34.3498,0.0000,10.8290,4.7410,,true,0,0.008333,0.0000,0.0000,1.00,0.00,0.0000,22,1,295,295,0,0,100,1,11,11,0,246528,0,295,0,0,846389248,0.000000,0.000000,33.791466,0.00,0,2,4,25,17,20,26,13,24,55,97,12,0,0,0,0,0,0,0.0013,0.0413,0.0578,0.0044,0.0196,0.0616,0.0456,4.7410,0.0675,0.0000,0.9689,0.0028,0.0001,0.4081,0.0081,0.0055,0.0002
2601,34.3607,0.0000,10.8844,4.7733,,true,0,0.008333,0.0000,0.0000,1.00,0.00,0.0000,22,1,295,295,0,0,100,1,11,11,0,246528,0,295,0,0,846389248,0.000000,0.000000,33.791466,0.00,0,2,4,25,17,20,26,13,24,55,97,12,0,0,0,0,0,0,0.0014,0.0437,0.0689,0.0046,0.0185,0.0519,0.0444,4.7733,0.0698,0.0000,0.9739,0.0031,0.0001,0.4057,0.0066,0.0048,0.0002
2602,34.3717,0.0000,10.7082,5.1014,,true,0,0.008333,0.0000,0.0000,1.00,0.00,0.0000,22,1,295,295,0,0,100,1,11,11,0,246528,0,295,0,0,846389248,0.000000,0.000000,34.096875,0.00,0,2,4,25,17,20,26,13,24,55,97,12,0,0,0,0,0,0,0.0019,0.0383,0.0623,0.0041,0.0166,0.2016,0.0460,5.1014,0.0818,0.0000,0.9742,0.0026,0.0001,0.4119,0.0073,0.0044,0.0002
2603,34.3821,0.0000,10.4693,5.1328,,true,0,0.008333,0.0000,0.0000,1.00,0.00,0.0000,22,1,295,295,0,0,100,1,11,11,0,246528,0,295,0,0,846389248,0.000000,0.000000,34.096875,0.00,0,2,4,25,17,20,26,13,24,55,97,12,0,0,0,0,0,0,0.0012,0.0399,0.0596,0.0041,0.0137,0.0560,0.0424,5.1328,0.0773,0.0000,0.9711,0.0035,0.0001,0.4096,0.0071,0.0056,0.0002
2604,34.3938,0.0000,11.1841,5.3457,,true,0,0.008333,0.0000,0.0000,1.00,0.00,0.0000,22,1,295,295,0,0,100,1,11,11,0,246528,0,295,0,0,846389248,0.000000,0.000000,34.096875,0.00,0,2,4,25,17,20,26,13,24,55,97,12,0,0,0,0,0,0,0.0014,0.0475,0.0787,0.0045,0.0200,0.0572,0.0544,5.3457,0.0664,0.0000,0.7073,0.0034,0.0001,0.2480,0.0099,0.0046,0.0001
2605,34.4059,0.0000,11.8592,5.6250,,true,0,0.008333,0.0000,0.0000,1.00,0.00,0.0000,22,1,295,295,0,0,100,1,11,11,0,246528,0,295,0,0,846389248,0.000000,0.000000,34.096875,0.00,0,2,4,25,17,20,26,13,24,55,97,12,0,0,0,0,0,0,0.0015,0.0492,0.0623,0.0049,0.0252,0.0856,0.0515,5.6250,0.0511,0.0000,0.9881,0.0042,0.0001,0.4016,0.0091,0.0047,0.0002
2606,34.4151,0.0000,10.3981,4.6987,,true,0,0.008333,0.0000,0.0000,1.00,0.00,0.0000,22,1,295,295,0,0,100,1,11,11,0,246528,0,295,0,0,846389248,0.000000,0.000000,34.096875,0.00,0,2,4,25,17,20,26,13,24,55,97,12,0,0,0,0,0,0,0.0017,0.0474,0.0615,0.0032,0.0120,0.0321,0.0616,4.6987,0.0691,0.0000,1.0105,0.0035,0.0001,0.4028,0.0081,0.0053,0.0002
2607,34.4257,0.0000,10.1407,5.1456,,true,0,0.008333,0.0000,0.0000,1.00,0.00,0.0000,22,1,295,295,0,0,100,1,11,11,0,246528,0,295,0,0,846389248,0.000000,0.000000,34.096875,0.00,0,2,4,25,17,20,26,13,24,55,97,12,0,0,0,0,0,0,0.0015,0.0402,0.0705,0.0043,0.0187,0.0577,0.0460,5.1456,0.0658,0.0000,1.1260,0.0026,0.0001,0.4957,0.0104,0.0044,0.0001
2608,34.4373,0.0000,11.3749,5.2042,,true,0,0.008333,0.0000,0.0000,1.00,0.00,0.0000,22,1,295,295,0,0,100,1,11,11,0,246528,0,295,0,0,846389248,0.000000,0.000000,34.096875,0.00,0,2,4,25,17,20,26,13,24,55,97,12,0,0,0,0,0,0,0.0015,0.0432,0.0583,0.0059,0.0614,0.0615,0.0467,5.2042,0.0687,0.0000,0.9769,0.0035,0.0001,0.4055,0.0063,0.0046,0.0002
2609,34.4485,0.0000,11.0917,5.2826,,true,0,0.008333,0.0000,0.0000,1.00,0.00,0.0000,22,1,295,295,0,0,100,1,11,11,0,246528,0,295,0,0,846389248,0.000000,0.000000,34.096875,0.00,0,2,4,25,17,20,26,13,24,55,97,12,0,0,0,0,0,0,0.0017,0.0486,0.0662,0.0031,0.0224,0.0787,0.0470,5.2826,0.0674,0.0000,1.0006,0.0036,0.0002,0.4060,0.0107,0.0052,0.0002
2610,34.4589,0.0000,10.7182,5.1256,,true,0,0.008333,0.0000,0.0000,1.00,0.00,0.0000,22,1,295,295,0,0,100,1,11,11,0,246528,0,295,0,0,846389248,0.000000,0.000000,34.096875,0.00,0,2,4,25,17,20,26,13,24,55,97,12,0,0,0,0,0,0,0.0015,0.0491,0.0580,0.0033,0.0192,0.0609,0.0527,5.1256,0.0504,0.0000,0.9906,0.0043,0.0001,0.4136,0.0082,0.0049,0.0002
2611,34.4706,0.0000,11.4884,5.0872,,true,0,0.008333,0.0000,0.0000,1.00,0.00,0.0000,22,1,295,295,0,0,100,1,11,11,0,246528,0,295,0,0,846389248,0.000000,0.000000,34.096875,0.00,0,2,4,25,17,20,26,13,24,55,97,12,0,0,0,0,0,0,0.0014,0.0444,0.0654,0.0039,0.0182,0.0609,0.0446,5.0872,0.0679,0.0000,0.9717,0.0034,0.0001,0.4070,0.0090,0.0056,0.0002
2612,34.4810,0.0000,10.7236,4.9188,,true,0,0.008333,0.0000,0.0000,1.00,0.00,0.0000,22,1,295,295,0,0,100,1,11,11,0,246528,0,295,0,0,846389248,0.000000,0.000000,34.096875,0.00,0,2,4,25,17,20,26,13,24,55,97,12,0,0,0,0,0,0,0.0017,0.0425,0.0598,0.0025,0.0146,0.0631,0.0446,4.9188,0.0678,0.0000,0.9776,0.0039,0.0001,0.3904,0.0062,0.0040,0.0002
2613,34.4935,0.0000,11.2614,5.9175,,true,0,0.008333,0.0000,0.0000,1.00,0.00,0.0000,22,1,295,295,0,0,100,1,11,11,0,246528,0,295,0,0,846389248,0.000000,0.000000,34.096875,0.00,0,2,4,25,17,20,26,13,24,55,97,12,0,0,0,0,0,0,0.0016,0.0572,0.0667,0.0048,0.0201,0.0750,0.0368,5.9175,0.0730,0.0000,0.9783,0.0046,0.0001,0.3693,0.0094,0.0040,0.0001
2614,34.5038,0.0000,11.7260,4.5654,,true,0,0.008333,0.0000,0.0000,1.00,0.00,0.0000,22,1,295,295,0,0,100,1,11,11,0,246528,0,295,0,0,846389248,0.000000,0.000000,34.096875,0.00,0,2,4,25,17,20,26,13,24,55,97,12,0,0,0,0,0,0,0.0013,0.0364,0.0487,0.0040,0.0193,0.0895,0.0493,4.5654,0.0575,0.0000,0.6395,0.0031,0.0001,0.2454,0.0091,0.0040,0.0001
2615,34.5141,0.0000,9.9627,5.1561,,true,0,0.008333,0.0000,0.0000,1.00,0.00,0.0000,22,1,295,295,0,0,100,1,11,11,0,246528,0,295,0,0,846389248,0.000000,0.000000,34.096875,0.00,0,2,4,25,17,20,26,13,24,55,97,12,0,0,0,0,0,0,0.0013,0.0420,0.0609,0.0042,0.0219,0.0655,0.0519,5.1561,0.0654,0.0000,0.9715,0.0033,0.0001,0.4010,0.0174,0.0042,0.0001
2616,34.5256,0.0000,11.1588,5.2389,,true,0,0.008333,0.0000,0.0000,1.00,0.00,0.0000,22,1,295,295,0,0,100,1,11,11,0,246528,0,295,0,0,846389248,0.000000,0.000000,34.096875,0.00,0,2,4,25,17,20,26,13,24,55,97,12,0,0,0,0,0,0,0.0016,0.0528,0.0657,0.0042,0.0196,0.0653,0.0605,5.2389,0.0692,0.0000,1.0131,0.0046,0.0001,0.4012,0.0051,0.0039,0.0002
2617,34.5361,0.0000,11.1738,4.6471,,true,0,0.008333,0.0000,0.0000,1.00,0.00,0.0000,22,1,295,295,0,0,100,1,11,11,0,246528,0,295,0,0,846389248,0.000000,0.000000,34.096875,0.00,0,2,4,25,17,20,26,13,24,55,97,12,0,0,0,0,0,0,0.0019,0.0412,0.0491,0.0045,0.0231,0.0658,0.0495,4.6471,0.0606,0.0000,0.6654,0.0030,0.0001,0.2406,0.0093,0.0053,0.0001
2618,34.5471,0.0000,10.2540,5.5863,,true,0,0.008333,0.0000,0.0000,1.00,0.00,0.0000,22,1,295,295,0,0,100,1,11,11,0,246528,0,295,0,0,846389248,0.000000,0.000000,34.096875,0.00,0,2,4,25,17,20,26,13,24,55,97,12,0,0,0,0,0,0,0.0014,0.0449,0.0769,0.0048,0.0161,0.0628,0.0641,5.5863,0.0784,0.0000,0.9845,0.0041,0.0003,0.3932,0.0100,0.0062,0.0002
2619,34.5640,0.0000,13.9694,8.0009,,true,0,0.008333,0.0000,0.0000,1.00,0.00,0.0000,22,1,295,295,0,0,100,1,11,11,0,246528,0,295,0,0,846389248,0.000000,0.000000,34.096875,0.00,0,2,4,25,17,20,26,13,24,55,97,12,0,0,0,0,0,0,0.0015,0.0532,0.0781,0.0045,0.0262,0.0892,0.0471,8.0009,0.0789,0.0000,1.0542,0.0046,0.0001,0.4190,0.0093,0.0060,0.0002
2620,34.5763,0.0000,13.5109,6.8761,,true,0,0.008333,0.0000,0.0000,1.00,0.00,0.0000,22,1,295,295,0,0,100,1,11,11,0,246528,0,295,0,0,846422016,0.000000,0.000000,34.096875,0.00,0,2,4,25,17,20,26,13,24,55,97,12,0,0,0,0,0,0,0.0017,0.0534,0.0688,0.0060,0.0227,0.0840,0.0471,6.8761,0.0698,0.0000,1.0526,0.0025,0.0001,0.4097,0.0085,0.0035,0.0002
2621,34.5866,0.0000,11.4249,5.8194,,true,0,0.008333,0.0000,0.0000,1.00,0.00,0.0000,22,1,295,295,0,0,100,1,11,11,0,246528,0,295,0,0,846422016,0.000000,0.000000,34.096875,0.00,0,2,4,25,17,20,26,13,24,55,97,12,0,0,0,0,0,0,0.0017,0.0552,0.0815,0.0043,0.0239,0.0795,0.0502,5.8194,0.0826,0.0000,1.0869,0.0052,0.0001,0.4150,0.0121,0.0071,0.0002
2622,34.6009,0.0000,12.8601,7.2243,,true,0,0.008333,0.0000,0.0000,1.00,0.00,0.0000,22,1,295,295,0,0,100,1,11,11,0,246528,0,295,0,0,846422016,0.000000,0.000000,34.096875,0.00,0,2,4,25,17,20,26,13,24,55,97,12,0,0,0,0,0,0,0.0027,0.0529,0.1001,0.0045,0.0216,0.0854,0.0475,7.2243,0.0767,0.0000,1.3880,0.0041,0.0001,0.6015,0.0123,0.0049,0.0002
2623,34.6138,0.0000,14.1243,6.0515,,true,0,0.008333,0.0000,0.0000,1.00,0.00,0.0000,22,1,295,295,0,0,100,1,11,11,0,246528,0,295,0,0,846422016,0.000000,0.000000,34.096875,0.00,0,2,4,25,17,20,26,13,24,55,97,12,0,0,0,0,0,0,0.0014,0.0513,0.0552,0.0052,0.0229,0.0808,0.0465,6.0515,0.0566,0.0000,0.9988,0.0042,0.0001,0.3919,0.0078,0.0081,0.0001
2624,34.6219,0.0000,9.4204,5.0491,,true,0,0.008333,0.0000,0.0000,1.00,0.00,0.0000,22,1,295,295,0,0,100,1,11,11,0,246528,0,295,0,0,846422016,0.000000,0.000000,34.096875,0.00,0,2,4,25,17,20,26,13,24,55,97,12,0,0,0,0,0,0,0.0015,0.0431,0.0585,0.0041,0.0150,0.0544,0.0453,5.0491,0.0632,0.0000,1.0025,0.0037,0.0001,0.4112,0.0071,0.0065,0.0002
2625,34.6325,0.0000,10.6632,4.9173,,true,0,0.008333,0.0000,0.0000,1.00,0.00,0.0000,22,1,295,295,0,0,100,1,11,11,0,246528,0,295,0,0,846422016,0.000000,0.000000,34.096875,0.00,0,2,4,25,17,20,26,13,24,55,97,12,0,0,0,0,0,0,0.0011,0.0365,0.0498,0.0052,0.0236,0.0621,0.0362,4.9173,0.0380,0.0000,0.6788,0.0051,0.0001,0.2480,0.0081,0.0039,0.0001
2626,34.6437,0.0000,11.0796,4.9607,,true,0,0.008333,0.0000,0.0000,1.00,0.00,0.0000,22,1,295,295,0,0,100,1,11,11,0,246528,0,295,0,0,846422016,0.000000,0.000000,34.096875,0.00,0,2,4,25,17,20,26,13,24,55,97,12,0,0,0,0,0,0,0.0014,0.0424,0.0630,0.0035,0.0213,0.0934,0.0426,4.9607,0.0656,0.0000,0.9920,0.0035,0.0001,0.4038,0.0075,0.0045,0.0002
2627,34.6539,0.0000,10.5061,4.9138,,true,0,0.008333,0.0000,0.0000,1.00,0.00,0.0000,22,1,295,295,0,0,100,1,11,11,0,246528,0,295,0,0,846422016,0.000000,0.000000,34.096875,0.00,0,2,4,25,17,20,26,13,24,55,97,12,0,0,0,0,0,0,0.0035,0.0454,0.0541,0.0038,0.0174,0.0602,0.0454,4.9138,0.0610,0.0000,0.9616,0.0027,0.0001,0.3572,0.0076,0.0040,0.0001
2628,34.6641,0.0000,10.5346,4.5508,,true,0,0.008333,0.0000,0.0000,1.00,0.00,0.0000,22,1,295,295,0,0,100,1,11,11,0,246528,0,295,0,0,846422016,0.000000,0.000000,34.096875,0.00,0,2,4,25,17,20,26,13,24,55,97,12,0,0,0,0,0,0,0.0016,0.0421,0.0552,0.0040,0.0107,0.0444,0.0489,4.5508,0.0666,0.0000,0.9881,0.0034,0.0001,0.4177,0.0060,0.0047,0.0001
2629,34.6758,0.0000,10.9125,5.1012,,true,0,0.008333,0.0000,0.0000,1.00,0.00,0.0000,22,1,295,295,0,0,100,1,11,11,0,246528,0,295,0,0,846422016,0.000000,0.000000,34.401139,0.00,0,2,4,25,17,20,26,13,24,55,97,12,0,0,0,0,0,0,0.0012,0.0449,0.0703,0.0051,0.0169,0.2222,0.0536,5.1012,0.0775,0.0000,1.0173,0.0036,0.0001,0.4462,0.0066,0.0051,0.0005
2630,34.6867,0.0000,10.8482,5.1395,,true,0,0.008333,0.0000,0.0000,1.00,0.00,0.0000,22,1,295,295,0,0,100,1,11,11,0,246528,0,295,0,0,846422016,0.000000,0.000000,34.401139,0.00,0,2,4,25,17,20,26,13,24,55,97,12,0,0,0,0,0,0,0.0016,0.0410,0.0585,0.0039,0.0200,0.0667,0.0502,5.1395,0.0636,0.0000,0.9795,0.0035,0.0001,0.4045,0.0068,0.0055,0.0002
2631,34.7003,0.0000,12.4629,6.1431,,true,0,0.008333,0.0000,0.0000,1.00,0.00,0.0000,22,1,295,295,0,0,100,1,11,11,0,246528,0,295,0,0,846422016,0.000000,0.000000,34.401139,0.00,0,2,4,25,17,20,26,13,24,55,97,12,0,0,0,0,0,0,0.0020,0.0580,0.0578,0.0034,0.0173,0.0718,0.0579,6.1431,0.0612,0.0000,1.0195,0.0047,0.0001,0.3999,0.0084,0.0054,0.0002
2632,34.7097,0.0000,11.0968,4.6881,,true,0,0.008333,0.0000,0.0000,1.00,0.00,0.0000,22,1,295,295,0,0,100,1,11,11,0,246528,0,295,0,0,846422016,0.000000,0.000000,34.401139,0.00,0,2,4,25,17,20,26,13,24,55,97,12,0,0,0,0,0,0,0.0047,0.0343,0.0568,0.0043,0.0207,0.0564,0.0399,4.6881,0.0645,0.0000,0.7308,0.0013,0.0001,0.3297,0.0077,0.0052,0.0001
2633,34.7202,0.0000,10.6411,4.4705,,true,0,0.008333,0.0000,0.0000,1.00,0.00,0.0000,22,1,295,295,0,0,100,1,11,11,0,246528,0,295,0,0,846422016,0.000000,0.000000,34.401139,0.00,0,2,4,25,17,20,26,13,24,55,97,12,0,0,0,0,0,0,0.0052,0.0293,0.0434,0.0025,0.0139,0.0545,0.0347,4.4705,0.0585,0.0000,0.6131,0.0027,0.0001,0.2317,0.0052,0.0035,0.0001
2634,34.7417,0.0000,9.7213,16.5791,,true,0,0.008333,0.0000,0.0000,1.00,0.00,0.0000,22,1,295,295,0,0,100,1,11,11,0,246528,0,295,0,0,846422016,0.000000,0.000000,34.401139,0.00,0,2,4,25,17,20,26,13,24,55,97,12,0,0,0,0,0,0,0.0017,0.0388,0.0608,0.0039,0.0230,0.0712,0.0438,16.5791,0.0667,0.0000,12.3656,0.0025,0.6127,0.2268,0.0165,0.0028,11.0681
2635,34.7484,0.0000,11.0772,5.5774,,true,0,0.008333,0.0000,0.0000,1.00,0.00,0.0000,22,1,295,295,0,0,100,1,11,11,0,246528,0,295,0,0,846422016,0.000000,0.000000,34.401139,0.00,0,2,4,25,17,20,26,13,24,55,97,12,0,0,0,0,0,0,0.0018,0.0496,0.0593,0.0081,0.0327,0.0786,0.0553,5.5774,0.0461,0.0000,1.1858,0.0054,0.0001,0.4276,0.0149,0.0062,0.0002
2636,34.7550,0.0000,12.4989,5.4125,,true,0,0.008333,0.0000,0.0000,1.00,0.00,0.0000,22,1,295,295,0,0,100,1,11,11,0,246528,0,295,0,0,846422016,0.000000,0.000000,34.401139,0.00,0,2,4,25,17,20,26,13,24,55,97,12,0,0,0,0,0,0,0.0020,0.0430,0.0560,0.0037,0.0138,0.0545,0.0519,5.4125,0.0599,0.0000,0.9800,0.0110,0.0001,0.3929,0.0078,0.0038,0.0002
2637,34.7645,0.0000,10.3772,5.1154,,true,0,0.008333,0.0000,0.0000,1.00,0.00,0.0000,22,1,295,295,0,0,100,1,11,11,0,246528,0,295,0,0,846422016,0.000000,0.000000,34.401139,0.00,0,2,4,25,17,20,26,13,24,55,97,12,0,0,0,0,0,0,0.0011,0.0434,0.0544,0.0039,0.0183,0.0722,0.0389,5.1154,0.0681,0.0000,0.7244,0.0031,0.0001,0.2359,0.0114,0.0053,0.0001
2638,34.7757,0.0000,10.6379,5.4121,,true,0,0.008333,0.0000,0.0000,1.00,0.00,0.0000,22,1,295,295,0,0,100,1,11,11,0,246528,0,295,0,0,846422016,0.000000,0.000000,34.401139,0.00,0,2,4,25,17,20,26,13,24,55,97,12,0,0,0,0,0,0,0.0018,0.0567,0.0627,0.0044,0.0198,0.0592,0.0531,5.4121,0.0640,0.0000,1.1081,0.0056,0.0001,0.4291,0.0098,0.0058,0.0002
2639,34.7864,0.0000,11.4310,4.8310,,true,0,0.008333,0.0000,0.0000,1.00,0.00,0.0000,22,1,295,295,0,0,100,1,11,11,0,246528,0,295,0,0,846422016,0.000000,0.000000,34.401139,0.00,0,2,4,25,17,20,26,13,24,55,97,12,0,0,0,0,0,0,0.0015,0.0310,0.0449,0.0044,0.0201,0.0600,0.0326,4.8310,0.0560,0.0000,0.6559,0.0040,0.0001,0.2348,0.0082,0.0045,0.0001
2640,34.7999,0.0000,11.5798,6.6769,,true,0,0.008333,0.0000,0.0000,1.00,0.00,0.0000,22,1,295,295,0,0,100,1,11,11,0,246528,0,295,0,0,846422016,0.000000,0.000000,34.401139,0.00,0,2,4,25,17,20,26,13,24,55,97,12,0,0,0,0,0,0,0.0013,0.0409,0.0647,0.0082,0.0551,0.1134,0.0528,6.6769,0.0672,0.0000,0.9599,0.0040,0.0001,0.3468,0.0140,0.0050,0.0003
2641,34.8123,0.0000,12.1512,6.8273,,true,0,0.008333,0.0000,0.0000,1.00,0.00,0.0000,22,1,295,295,0,0,100,1,11,11,0,246528,0,295,0,0,846422016,0.000000,0.000000,34.401139,0.00,0,2,4,25,17,20,26,13,24,55,97,12,0,0,0,0,0,0,0.0016,0.0613,0.0658,0.0064,0.0208,0.0884,0.0525,6.8273,0.0695,0.0000,1.0094,0.0047,0.0001,0.3921,0.0093,0.0041,0.0002
2642,34.8223,0.0000,11.3584,5.5612,,true,0,0.008333,0.0000,0.0000,1.00,0.00,0.0000,22,1,295,295,0,0,100,1,11,11,0,246528,0,295,0,0,846422016,0.000000,0.000000,34.401139,0.00,0,2,4,25,17,20,26,13,24,55,97,12,0,0,0,0,0,0,0.0012,0.0401,0.0529,0.0037,0.0323,0.0738,0.0364,5.5612,0.0679,0.0000,0.6085,0.0025,0.0001,0.2337,0.0073,0.0033,0.0001
2643,34.8327,0.0000,10.7305,5.4776,,true,0,0.008333,0.0000,0.0000,1.00,0.00,0.0000,22,1,295,295,0,0,100,1,11,11,0,246528,0,295,0,0,846422016,0.000000,0.000000,34.401139,0.00,0,2,4,25,17,20,26,13,24,55,97,12,0,0,0,0,0,0,0.0015,0.0494,0.0618,0.0037,0.0225,0.0730,0.0593,5.4776,0.0694,0.0000,1.0205,0.0048,0.0001,0.4160,0.0104,0.0060,0.0002
2644,34.8448,0.0000,11.9169,5.5566,,true,0,0.008333,0.0000,0.0000,1.00,0.00,0.0000,22,1,295,295,0,0,100,1,11,11,0,246528,0,295,0,0,846422016,0.000000,0.000000,34.401139,0.00,0,2,4,25,17,20,26,13,24,55,97,12,0,0,0,0,0,0,0.0016,0.0434,0.0638,0.0042,0.0200,0.0608,0.0430,5.5566,0.0494,0.0000,0.9916,0.0037,0.0001,0.4021,0.0074,0.0044,0.0002
2645,34.8547,0.0000,10.4759,4.9442,,true,0,0.008333,0.0000,0.0000,1.00,0.00,0.0000,22,1,295,295,0,0,100,1,11,11,0,246528,0,295,0,0,846422016,0.000000,0.000000,34.401139,0.00,0,2,4,25,17,20,26,13,24,55,97,12,0,0,0,0,0,0,0.0017,0.0472,0.0600,0.0038,0.0192,0.0625,0.0550,4.9442,0.0678,0.0000,0.9789,0.0035,0.0001,0.4033,0.0065,0.0049,0.0002
2646,34.8663,0.0000,10.9894,5.7236,,true,0,0.008333,0.0000,0.0000,1.00,0.00,0.0000,22,1,295,295,0,0,100,1,11,11,0,246528,0,295,0,0,846422016,0.000000,0.000000,34.401139,0.00,0,2,4,25,17,20,26,13,24,55,97,12,0,0,0,0,0,0,0.0021,0.0538,0.0714,0.0030,0.0196,0.0704,0.0476,5.7236,0.0704,0.0000,0.8907,0.0035,0.0001,0.2767,0.0139,0.0051,0.0005
2647,34.8794,0.0000,12.6021,5.8670,,true,0,0.008333,0.0000,0.0000,1.00,0.00,0.0000,22,1,295,295,0,0,100,1,11,11,0,246528,0,295,0,0,846422016,0.000000,0.000000,34.401139,0.00,0,2,4,25,17,20,26,13,24,55,97,12,0,0,0,0,0,0,0.0014,0.0479,0.0565,0.0046,0.0238,0.0697,0.0495,5.8670,0.0637,0.0000,0.9430,0.0036,0.0001,0.3639,0.0069,0.0055,0.0001
2648,34.8900,0.0000,11.1119,5.5342,,true,0,0.008333,0.0000,0.0000,1.00,0.00,0.0000,22,1,295,295,0,0,100,1,11,11,0,246528,0,295,0,0,846422016,0.000000,0.000000,34.401139,0.00,0,2,4,25,17,20,26,13,24,55,97,12,0,0,0,0,0,0,0.0015,0.0461,0.0605,0.0042,0.0216,0.0667,0.0489,5.5342,0.0693,0.0000,1.0597,0.0042,0.0001,0.4310,0.0102,0.0051,0.0002
2649,34.9034,0.0000,12.5272,6.1118,,true,0,0.008333,0.0000,0.0000,1.00,0.00,0.0000,22,1,295,295,0,0,100,1,11,11,0,246528,0,295,0,0,846479360,0.000000,0.000000,34.401139,0.00,0,2,4,25,17,20,26,13,24,55,97,12,0,0,0,0,0,0,0.0019,0.0580,0.0603,0.0041,0.0087,0.0682,0.0595,6.1118,0.0572,0.0000,0.6576,0.0030,0.0000,0.2373,0.0078,0.0047,0.0001
2650,34.9132,0.0000,11.2067,5.2268,,true,0,0.008333,0.0000,0.0000,1.00,0.00,0.0000,22,1,295,295,0,0,100,1,11,11,0,246528,0,295,0,0,846479360,0.000000,0.000000,34.401139,0.00,0,2,4,25,17,20,26,13,24,55,97,12,0,0,0,0,0,0,0.0018,0.0445,0.0651,0.0045,0.0217,0.0748,0.0507,5.2268,0.0704,0.0000,1.0091,0.0040,0.0001,0.4038,0.0066,0.0059,0.0002
2651,34.9302,0.0000,12.5514,8.3710,,true,0,0.008333,0.0000,0.0000,1.00,0.00,0.0000,22,1,295,295,0,0,100,1,11,11,0,246528,0,295,0,0,846479360,0.000000,0.000000,34.401139,0.00,0,2,4,25,17,20,26,13,24,55,97,12,0,0,0,0,0,0,0.0017,0.0484,0.0619,0.0054,0.0215,0.0838,0.0470,8.3710,0.0609,0.0000,0.9785,0.0039,0.0001,0.3865,0.0074,0.0053,0.0004
2652,34.9398,0.0000,12.3748,6.6404,,true,0,0.008333,0.0000,0.0000,1.00,0.00,0.0000,22,1,295,295,0,0,100,1,11,11,0,246528,0,295,0,0,846479360,0.000000,0.000000,34.401139,0.00,0,2,4,25,17,20,26,13,24,55,97,12,0,0,0,0,0,0,0.0015,0.0519,0.0664,0.0042,0.0195,0.0729,0.0555,6.6404,0.1142,0.0000,1.0785,0.0052,0.0001,0.4039,0.0097,0.0042,0.0004
2653,34.9552,0.0000,12.7600,7.8532,,true,0,0.008333,0.0000,0.0000,1.00,0.00,0.0000,22,1,295,295,0,0,100,1,11,11,0,246528,0,295,0,0,846479360,0.000000,0.000000,34.401139,0.00,0,2,4,25,17,20,26,13,24,55,97,12,0,0,0,0,0,0,0.0016,0.0474,0.0615,0.0053,0.0250,0.0782,0.0483,7.8532,0.0823,0.0000,1.0156,0.0044,0.0003,0.4020,0.0096,0.0049,0.0002
2654,34.9743,0.0000,19.4679,6.7095,,true,0,0.008333,0.0000,0.0000,1.00,0.00,0.0000,22,1,295,295,0,0,100,1,11,11,0,246528,0,295,0,0,846479360,0.000000,0.000000,34.705425,0.00,0,2,4,25,17,20,26,13,24,55,97,12,0,0,0,0,0,0,0.0026,0.0730,0.0717,0.0067,0.0300,0.3462,0.0519,6.7095,0.0844,0.0000,1.1180,0.0064,0.0001,0.4142,0.0112,0.0069,0.0002
2655,35.0056,0.0000,18.6084,21.4734,,true,0,0.008333,0.0000,0.0000,1.00,0.00,0.0000,22,1,295,295,0,0,100,1,11,11,0,246528,0,295,0,0,846479360,0.000000,0.000000,34.705425,0.00,0,2,4,25,17,20,26,13,24,55,97,12,0,0,0,0,0,0,0.0018,0.2105,0.3262,0.0307,0.1343,0.3706,0.0573,21.4734,0.3884,0.0000,1.9491,0.0078,0.0001,0.6888,0.0469,0.0128,0.0001
2656,35.0190,0.0000,22.8724,11.2871,,true,0,0.008333,0.0000,0.0000,1.00,0.00,0.0000,22,1,295,295,0,0,100,1,11,11,0,246528,0,295,0,0,846479360,0.000000,0.000000,34.705425,0.00,0,2,4,25,17,20,26,13,24,55,97,12,0,0,0,0,0,0,0.0034,0.1073,0.0921,0.0113,0.0788,0.2721,0.0595,11.2871,0.1041,0.0000,1.4731,0.0077,0.0002,0.4608,0.0161,0.0115,0.0005
2657,35.0375,0.0000,15.3779,13.6682,,true,0,0.008333,0.0000,0.0000,1.00,0.00,0.0000,22,1,295,295,0,0,100,1,11,11,0,246528,0,295,0,0,846479360,0.000000,0.000000,34.705425,0.00,0,2,4,25,17,20,26,13,24,55,97,12,0,0,0,0,0,0,0.0059,0.0929,0.1428,0.0093,0.0518,0.1672,0.0853,13.6682,0.2166,0.0000,1.5126,0.0038,0.0001,0.6812,0.0298,0.0055,0.0002
2658,35.0542,0.0000,16.4390,13.4706,,true,0,0.008333,0.0000,0.0000,1.00,0.00,0.0000,22,1,295,295,0,0,100,1,11,11,0,246528,0,295,0,0,846479360,0.000000,0.000000,34.705425,0.00,0,2,4,25,17,20,26,13,24,55,97,12,0,0,0,0,0,0,0.0017,0.0870,0.1062,0.0050,0.0506,0.2466,0.0895,13.4706,0.1194,0.0000,0.8861,0.0077,0.0001,0.2678,0.0099,0.0081,0.0001
2659,35.0681,0.0000,18.2357,10.5049,,true,0,0.008333,0.0000,0.0000,1.00,0.00,0.0000,22,1,295,295,0,0,100,1,11,11,0,246528,0,295,0,0,846479360,0.000000,0.000000,34.705425,0.00,0,2,4,25,17,20,26,13,24,55,97,12,0,0,0,0,0,0,0.0032,0.2982,0.1343,0.0201,0.0476,0.0716,0.0759,10.5049,0.1242,0.0000,1.2968,0.0201,0.0001,0.3979,0.0134,0.0190,0.0001
2660,35.0931,0.0000,18.1830,14.7568,,true,0,0.008333,0.0000,0.0000,1.00,0.00,0.0000,22,1,295,295,0,0,100,1,11,11,0,246528,0,295,0,0,846479360,0.000000,0.000000,34.705425,0.00,0,2,4,25,17,20,26,13,24,55,97,12,0,0,0,0,0,0,0.0077,0.1589,0.2440,0.0102,0.0347,0.1522,0.1543,14.7568,0.2249,0.0000,1.6671,0.0047,0.0001,0.6739,0.0231,0.0062,0.0002
2661,35.1123,0.0000,25.0130,11.4720,,true,0,0.008333,0.0000,0.0000,1.00,0.00,0.0000,22,1,295,295,0,0,100,1,11,11,0,246528,0,295,0,0,846479360,0.000000,0.000000,34.705425,0.00,0,2,4,25,17,20,26,13,24,55,97,12,0,0,0,0,0,0,0.0022,0.0610,0.0774,0.0090,0.0274,0.1085,0.0373,11.4720,0.1507,0.0000,0.8596,0.0085,0.0001,0.2715,0.0087,0.0090,0.0001
2662,35.1277,0.0000,16.1254,9.4668,,true,0,0.008333,0.0000,0.0000,1.00,0.00,0.0000,22,1,295,295,0,0,100,1,11,11,0,246528,0,295,0,0,846479360,0.000000,0.000000,34.705425,0.00,0,2,4,25,17,20,26,13,24,55,97,12,0,0,0,0,0,0,0.0049,0.0325,0.0794,0.0058,0.0205,0.0883,0.0383,9.4668,0.1022,0.0000,0.7750,0.0027,0.0001,0.2892,0.0075,0.0052,0.0001
2663,35.1445,0.0000,14.6117,13.3235,,true,0,0.008333,0.0000,0.0000,1.00,0.00,0.0000,22,1,295,295,0,0,100,1,11,11,0,246528,0,295,0,0,846479360,0.000000,0.000000,34.705425,0.00,0,2,4,25,17,20,26,13,24,55,97,12,0,0,0,0,0,0,0.0033,0.0572,0.0835,0.0059,0.0199,0.1306,0.0355,13.3235,0.0751,0.0000,1.3262,0.0039,0.0001,0.4486,0.0304,0.0067,0.0002
2664,35.1595,0.0000,17.3777,9.8518,,true,0,0.008333,0.0000,0.0000,1.00,0.00,0.0000,22,1,295,295,0,0,100,1,11,11,0,246528,0,295,0,0,846479360,0.000000,0.000000,34.705425,0.00,0,2,4,25,17,20,26,13,24,55,97,12,0,0,0,0,0,0,0.0012,0.0359,0.1827,0.0057,0.0761,0.1160,0.0331,9.8518,0.1732,0.0000,1.6942,0.0054,0.0001,0.5064,0.0189,0.0068,0.0002
2665,35.1771,0.0000,11.4570,15.7807,,true,0,0.008333,0.0000,0.0000,1.00,0.00,0.0000,22,1,295,295,0,0,100,1,11,11,0,246528,0,295,0,0,846479360,0.000000,0.000000,34.705425,0.00,0,2,4,25,17,20,26,13,24,55,97,12,0,0,0,0,0,0,0.0030,0.0722,0.1963,0.0112,0.0679,0.2503,0.0640,15.7807,0.1938,0.0000,1.9113,0.0170,0.0001,0.4890,0.0447,0.0213,0.0003
2666,35.1859,0.0000,18.9276,6.7438,,true,0,0.008333,0.0000,0.0000,1.00,0.00,0.0000,22,1,295,295,0,0,100,1,11,11,0,246528,0,295,0,0,846479360,0.000000,0.000000,34.705425,0.00,0,2,4,25,17,20,26,13,24,55,97,12,0,0,0,0,0,0,0.0025,0.0487,0.0937,0.0041,0.0154,0.0322,0.0285,6.7438,0.1018,0.0000,0.6350,0.0018,0.0001,0.2699,0.0124,0.0029,0.0001
2667,35.1968,0.0000,7.9065,9.2837,,true,0,0.008333,0.0000,0.0000,1.00,0.00,0.0000,22,1,295,295,0,0,100,1,11,11,0,246528,0,295,0,0,846479360,0.000000,0.000000,34.705425,0.00,0,2,4,25,17,20,26,13,24,55,97,12,0,0,0,0,0,0,0.0020,0.0417,0.2262,0.0075,0.0236,0.0956,0.0342,9.2837,0.1402,0.0000,0.9988,0.0030,0.0001,0.3543,0.0143,0.0038,0.0001
2668,35.2079,0.0000,12.7418,7.3575,,true,0,0.008333,0.0000,0.0000,1.00,0.00,0.0000,22,1,295,295,0,0,100,1,11,11,0,246528,0,295,0,0,846479360,0.000000,0.000000,34.705425,0.00,0,2,4,25,17,20,26,13,24,55,97,12,0,0,0,0,0,0,0.0010,0.1585,0.1189,0.0075,0.0302,0.0709,0.0898,7.3575,0.1153,0.0000,1.2170,0.0082,0.0001,0.4776,0.0121,0.0077,0.0002
2669,35.2209,0.0000,11.0637,10.4206,,true,0,0.008333,0.0000,0.0000,1.00,0.00,0.0000,22,1,295,295,0,0,100,1,11,11,0,246528,0,295,0,0,846479360,0.000000,0.000000,34.705425,0.00,0,2,4,25,17,20,26,13,24,55,97,12,0,0,0,0,0,0,0.0031,0.1341,0.1367,0.0098,0.0980,0.0629,0.0641,10.4206,0.2160,0.0000,1.3989,0.0060,0.0001,0.4508,0.0354,0.0088,0.0002
2670,35.2401,0.0000,15.2543,14.1980,,true,0,0.008333,0.0000,0.0000,1.00,0.00,0.0000,22,1,295,295,0,0,100,1,11,11,0,246528,0,295,0,0,846479360,0.000000,0.000000,34.705425,0.00,0,2,4,25,17,20,26,13,24,55,97,12,0,0,0,0,0,0,0.0243,0.0528,0.2261,0.0046,0.0149,0.0298,0.0373,14.1980,0.2854,0.0000,1.3595,0.0031,0.0001,0.7195,0.0144,0.0039,0.0001
2671,35.2504,0.0000,13.4607,7.5748,,true,0,0.008333,0.0000,0.0000,1.00,0.00,0.0000,22,1,295,295,0,0,100,1,11,11,0,246528,0,295,0,0,846479360,0.000000,0.000000,34.705425,0.00,0,2,4,25,17,20,26,13,24,55,97,12,0,0,0,0,0,0,0.0036,0.0643,0.1117,0.0076,0.0395,0.0776,0.0769,7.5748,0.1151,0.0000,1.5739,0.0101,0.0001,0.5854,0.0188,0.0096,0.0002
2672,35.2604,0.0000,11.7625,8.9635,,true,0,0.008333,0.0000,0.0000,1.00,0.00,0.0000,22,1,295,295,0,0,100,1,11,11,0,246528,0,295,0,0,846479360,0.000000,0.000000,34.705425,0.00,0,2,4,25,17,20,26,13,24,55,97,12,0,0,0,0,0,0,0.0022,0.1879,0.1449,0.0107,0.0383,0.1721,0.0724,8.9635,0.1381,0.0000,1.7122,0.0108,0.0001,0.6904,0.0311,0.0134,0.0002
2673,35.2723,0.0000,12.2113,8.4281,,true,0,0.008333,0.0000,0.0000,1.00,0.00,0.0000,22,1,295,295,0,0,100,1,11,11,0,246528,0,295,0,0,846479360,0.000000,0.000000,34.705425,0.00,0,2,4,25,17,20,26,13,24,55,97,12,0,0,0,0,0,0,0.0055,0.1019,0.0870,0.0048,0.0583,0.1106,0.0736,8.4281,0.0999,0.0000,1.6242,0.0146,0.0001,0.4488,0.0151,0.0129,0.0002
2674,35.2813,0.0000,11.4829,6.7438,,true,0,0.008333,0.0000,0.0000,1.00,0.00,0.0000,22,1,295,295,0,0,100,1,11,11,0,246528,0,295,0,0,846479360,0.000000,0.000000,35.014074,0.00,0,2,4,25,17,20,26,13,24,55,97,12,0,0,0,0,0,0,0.0010,0.0513,0.0486,0.0052,0.0219,0.2761,0.0365,6.7438,0.0589,0.0000,0.7202,0.0032,0.0001,0.2452,0.0078,0.0053,0.0001
2675,35.2904,0.0000,11.0356,5.1320,,true,0,0.008333,0.0000,0.0000,1.00,0.00,0.0000,22,1,295,295,0,0,100,1,11,11,0,246528,0,295,0,0,846479360,0.000000,0.000000,35.014074,0.00,0,2,4,25,17,20,26,13,24,55,97,12,0,0,0,0,0,0,0.0017,0.0532,0.0780,0.0042,0.0227,0.0863,0.0544,5.1320,0.0909,0.0000,1.0370,0.0036,0.0001,0.3950,0.0082,0.0040,0.0002
2676,35.3026,0.0000,11.4725,5.8607,,true,0,0.008333,0.0000,0.0000,1.00,0.00,0.0000,22,1,295,295,0,0,100,1,11,11,0,246528,0,295,0,0,846479360,0.000000,0.000000,35.014074,0.00,0,2,4,25,17,20,26,13,24,55,97,12,0,0,0,0,0,0,0.0014,0.0607,0.0666,0.0052,0.0249,0.0683,0.0472,5.8607,0.0838,0.0000,1.0646,0.0039,0.0001,0.4059,0.0121,0.0063,0.0002
2677,35.3156,0.0000,12.6046,5.7916,,true,0,0.008333,0.0000,0.0000,1.00,0.00,0.0000,22,1,295,295,0,0,100,1,11,11,0,246528,0,295,0,0,846479360,0.000000,0.000000,35.014074,0.00,0,2,4,25,17,20,26,13,24,55,97,12,0,0,0,0,0,0,0.0014,0.0445,0.0553,0.0048,0.0213,0.0709,0.0690,5.7916,0.0552,0.0000,0.9826,0.0033,0.0001,0.4082,0.0081,0.0043,0.0002
2678,35.3251,0.0000,10.4639,5.1030,,true,0,0.008333,0.0000,0.0000,1.00,0.00,0.0000,22,1,295,295,0,0,100,1,11,11,0,246528,0,295,0,0,846479360,0.000000,0.000000,35.014074,0.00,0,2,4,25,17,20,26,13,24,55,97,12,0,0,0,0,0,0,0.0019,0.0408,0.0592,0.0036,0.0199,0.0571,0.0561,5.1030,0.0645,0.0000,1.0120,0.0037,0.0001,0.4005,0.0083,0.0034,0.0001
2679,35.3357,0.0000,10.8617,4.9369,,true,0,0.008333,0.0000,0.0000,1.00,0.00,0.0000,22,1,295,295,0,0,100,1,11,11,0,246528,0,295,0,0,846479360,0.000000,0.000000,35.014074,0.00,0,2,4,25,17,20,26,13,24,55,97,12,0,0,0,0,0,0,0.0015,0.0455,0.0691,0.0046,0.0191,0.0554,0.0787,4.9369,0.0719,0.0000,0.7203,0.0040,0.0001,0.2413,0.0099,0.0054,0.0001
2680,35.3462,0.0000,10.6321,4.8438,,true,0,0.008333,0.0000,0.0000,1.00,0.00,0.0000,22,1,295,295,0,0,100,1,11,11,0,246528,0,295,0,0,846479360,0.000000,0.000000,35.014074,0.00,0,2,4,25,17,20,26,13,24,55,97,12,0,0,0,0,0,0,0.0013,0.0351,0.0475,0.0041,0.0175,0.0587,0.0454,4.8438,0.0652,0.0000,0.6769,0.0029,0.0001,0.2512,0.0082,0.0054,0.0001
2681,35.3566,0.0000,10.5080,4.8731,,true,0,0.008333,0.0000,0.0000,1.00,0.00,0.0000,22,1,295,295,0,0,100,1,11,11,0,246528,0,295,0,0,846479360,0.000000,0.000000,35.014074,0.00,0,2,4,25,17,20,26,13,24,55,97,12,0,0,0,0,0,0,0.0026,0.0390,0.0595,0.0039,0.0149,0.0409,0.0476,4.8731,0.0653,0.0000,1.0017,0.0044,0.0001,0.4059,0.0076,0.0059,0.0002
2682,35.3679,0.0000,11.2320,4.6771,,true,0,0.008333,0.0000,0.0000,1.00,0.00,0.0000,22,1,295,295,0,0,100,1,11,11,0,246528,0,295,0,0,846479360,0.000000,0.000000,35.014074,0.00,0,2,4,25,17,20,26,13,24,55,97,12,0,0,0,0,0,0,0.0007,0.0366,0.0497,0.0044,0.0190,0.0612,0.0366,4.6771,0.0454,0.0000,0.6775,0.0032,0.0001,0.2475,0.0087,0.0038,0.0001
2683,35.3787,0.0000,11.1586,4.4100,,true,0,0.008333,0.0000,0.0000,1.00,0.00,0.0000,22,1,295,295,0,0,100,1,11,11,0,246528,0,295,0,0,846479360,0.000000,0.000000,35.014074,0.00,0,2,4,25,17,20,26,13,24,55,97,12,0,0,0,0,0,0,0.0038,0.0279,0.0430,0.0034,0.0192,0.0575,0.0318,4.4100,0.0590,0.0000,0.6372,0.0042,0.0001,0.2532,0.0069,0.0041,0.0001
2684,35.3891,0.0000,10.2885,4.6297,,true,0,0.008333,0.0000,0.0000,1.00,0.00,0.0000,22,1,295,295,0,0,100,1,11,11,0,246528,0,295,0,0,846479360,0.000000,0.000000,35.014074,0.00,0,2,4,25,17,20,26,13,24,55,97,12,0,0,0,0,0,0,0.0015,0.0261,0.0451,0.0041,0.0151,0.0505,0.0315,4.6297,0.0577,0.0000,0.6402,0.0029,0.0001,0.2566,0.0076,0.0037,0.0001
2685,35.4015,0.0000,10.8634,5.7493,,true,0,0.008333,0.0000,0.0000,1.00,0.00,0.0000,22,1,295,295,0,0,100,1,11,11,0,246528,0,295,0,0,846479360,0.000000,0.000000,35.014074,0.00,0,2,4,25,17,20,26,13,24,55,97,12,0,0,0,0,0,0,0.0070,0.0608,0.0684,0.0050,0.0204,0.0605,0.0563,5.7493,0.0803,0.0000,1.0490,0.0045,0.0001,0.4146,0.0044,0.0064,0.0002
2686,35.4124,0.0000,12.1182,4.7130,,true,0,0.008333,0.0000,0.0000,1.00,0.00,0.0000,22,1,295,295,0,0,100,1,11,11,0,246528,0,295,0,0,846479360,0.000000,0.000000,35.014074,0.00,0,2,4,25,17,20,26,13,24,55,97,12,0,0,0,0,0,0,0.0012,0.0444,0.0625,0.0049,0.0179,0.0764,0.0317,4.7130,0.0690,0.0000,0.8462,0.0038,0.0001,0.3404,0.0147,0.0047,0.0001
2687,35.4230,0.0000,10.6912,4.6768,,true,0,0.008333,0.0000,0.0000,1.00,0.00,0.0000,22,1,295,295,0,0,100,1,11,11,0,246528,0,295,0,0,846479360,0.000000,0.000000,35.014074,0.00,0,2,4,25,17,20,26,13,24,55,97,12,0,0,0,0,0,0,0.0049,0.0272,0.0390,0.0046,0.0197,0.0792,0.0352,4.6768,0.0516,0.0000,0.6239,0.0032,0.0001,0.2384,0.0093,0.0040,0.0002
2688,35.4335,0.0000,10.5744,4.6298,,true,0,0.008333,0.0000,0.0000,1.00,0.00,0.0000,22,1,295,295,0,0,100,1,11,11,0,246528,0,295,0,0,846479360,0.000000,0.000000,35.014074,0.00,0,2,4,25,17,20,26,13,24,55,97,12,0,0,0,0,0,0,0.0010,0.0265,0.0411,0.0049,0.0197,0.0502,0.0331,4.6298,0.0569,0.0000,0.6480,0.0037,0.0001,0.2400,0.0064,0.0035,0.0001
2689,35.4453,0.0000,11.2369,5.3935,,true,0,0.008333,0.0000,0.0000,1.00,0.00,0.0000,22,1,295,295,0,0,100,1,11,11,0,246528,0,295,0,0,846479360,0.000000,0.000000,35.014074,0.00,0,2,4,25,17,20,26,13,24,55,97,12,0,0,0,0,0,0,0.0016,0.0476,0.0665,0.0049,0.0266,0.0737,0.0509,5.3935,0.0716,0.0000,1.0118,0.0042,0.0001,0.3963,0.0100,0.0052,0.0002
2690,35.4548,0.0000,10.5345,4.2672,,true,0,0.008333,0.0000,0.0000,1.00,0.00,0.0000,22,1,295,295,0,0,100,1,11,11,0,246528,0,295,0,0,846479360,0.000000,0.000000,35.014074,0.00,0,2,4,25,17,20,26,13,24,55,97,12,0,0,0,0,0,0,0.0009,0.0258,0.0401,0.0027,0.0164,0.0486,0.0435,4.2672,0.0568,0.0000,0.6371,0.0022,0.0001,0.2397,0.0083,0.0045,0.0001
2691,35.4652,0.0000,10.2065,4.5810,,true,0,0.008333,0.0000,0.0000,1.00,0.00,0.0000,22,1,295,295,0,0,100,1,11,11,0,246528,0,295,0,0,846479360,0.000000,0.000000,35.014074,0.00,0,2,4,25,17,20,26,13,24,55,97,12,0,0,0,0,0,0,0.0047,0.0300,0.0413,0.0049,0.0209,0.0720,0.0396,4.5810,0.0704,0.0000,0.6186,0.0041,0.0001,0.2465,0.0064,0.0033,0.0001
2692,35.4765,0.0000,10.7481,4.9321,,true,0,0.008333,0.0000,0.0000,1.00,0.00,0.0000,22,1,295,295,0,0,100,1,11,11,0,246528,0,295,0,0,846479360,0.000000,0.000000,35.014074,0.00,0,2,4,25,17,20,26,13,24,55,97,12,0,0,0,0,0,0,0.0029,0.0455,0.0736,0.0053,0.0197,0.0638,0.0551,4.9321,0.0786,0.0000,1.0206,0.0025,0.0001,0.4021,0.0099,0.0055,0.0002
2693,35.4979,0.0000,10.8096,15.6376,,true,0,0.008333,0.0000,0.0000,1.00,0.00,0.0000,22,1,295,295,0,0,100,1,11,11,0,246528,0,295,0,0,846479360,0.000000,0.000000,35.218177,0.00,0,2,4,25,17,20,26,13,24,55,97,12,0,0,0,0,0,0,0.0010,0.0281,0.0423,0.0031,0.0146,0.1810,0.0345,15.6376,0.0750,0.0000,11.1763,0.0030,0.7466,0.2718,0.0121,0.0038,9.7360
2694,35.5042,0.0000,10.7153,5.3418,,true,0,0.008333,0.0000,0.0000,1.00,0.00,0.0000,22,1,295,295,0,0,100,1,11,11,0,246528,0,295,0,0,846479360,0.000000,0.000000,35.218177,0.00,0,2,4,25,17,20,26,13,24,55,97,12,0,0,0,0,0,0,0.0055,0.0354,0.0627,0.0085,0.0366,0.0666,0.0410,5.3418,0.0987,0.0000,0.8547,0.0034,0.0001,0.2598,0.0107,0.0060,0.0002
2695,35.5100,0.0000,12.7845,4.2082,,true,0,0.008333,0.0000,0.0000,1.00,0.00,0.0000,22,1,295,295,0,0,100,1,11,11,0,246528,0,295,0,0,846479360,0.000000,0.000000,35.218177,0.00,0,2,4,25,17,20,26,13,24,55,97,12,0,0,0,0,0,0,0.0014,0.0632,0.0424,0.0032,0.0189,0.0494,0.0516,4.2082,0.0514,0.0000,0.5906,0.0022,0.0001,0.2358,0.0069,0.0040,0.0001
2696,35.5196,0.0000,8.9634,4.7574,,true,0,0.008333,0.0000,0.0000,1.00,0.00,0.0000,22,1,295,295,0,0,100,1,11,11,0,246528,0,295,0,0,846479360,0.000000,0.000000,35.218177,0.00,0,2,4,25,17,20,26,13,24,55,97,12,0,0,0,0,0,0,0.0014,0.0460,0.0547,0.0032,0.0161,0.0418,0.0457,4.7574,0.0640,0.0000,1.0032,0.0047,0.0001,0.4113,0.0072,0.0039,0.0002
2697,35.5299,0.0000,11.0811,4.2063,,true,0,0.008333,0.0000,0.0000,1.00,0.00,0.0000,22,1,295,295,0,0,100,1,11,11,0,246528,0,295,0,0,846479360,0.000000,0.000000,35.218177,0.00,0,2,4,25,17,20,26,13,24,55,97,12,0,0,0,0,0,0,0.0045,0.0305,0.0449,0.0052,0.0173,0.0446,0.0299,4.2063,0.0569,0.0000,0.6237,0.0032,0.0001,0.2396,0.0077,0.0042,0.0001
2698,35.5407,0.0000,10.1971,4.7561,,true,0,0.008333,0.0000,0.0000,1.00,0.00,0.0000,22,1,295,295,0,0,100,1,11,11,0,246528,0,295,0,0,846479360,0.000000,0.000000,35.218177,0.00,0,2,4,25,17,20,26,13,24,55,97,12,0,0,0,0,0,0,0.0020,0.0560,0.0720,0.0033,0.0204,0.0378,0.0519,4.7561,0.0765,0.0000,1.0796,0.0045,0.0001,0.4325,0.0091,0.0055,0.0002
2699,35.5515,0.0000,10.7344,5.0790,,true,0,0.008333,0.0000,0.0000,1.00,0.00,0.0000,22,1,295,295,0,0,100,1,11,11,0,246528,0,295,0,0,846479360,0.000000,0.000000,35.218177,0.00,0,2,4,25,17,20,26,13,24,55,97,12,0,0,0,0,0,0,0.0013,0.0555,0.0590,0.0034,0.0133,0.0396,0.0493,5.0790,0.0755,0.0000,1.0182,0.0036,0.0001,0.3971,0.0094,0.0042,0.0002
2700,35.5640,0.0000,11.9059,5.1599,,true,0,0.008333,0.0000,0.0000,1.00,0.00,0.0000,22,1,295,295,0,0,100,1,11,11,0,246528,0,295,0,0,846479360,0.000000,0.000000,35.218177,0.00,0,2,4,25,17,20,26,13,24,55,97,12,0,0,0,0,0,0,0.0028,0.0340,0.0680,0.0038,0.0128,0.0350,0.0354,5.1599,0.0690,0.0000,0.6452,0.0033,0.0001,0.2485,0.0081,0.0057,0.0001
2701,35.5749,0.0000,10.7950,5.2463,,true,0,0.008333,0.0000,0.0000,1.00,0.00,0.0000,22,1,295,295,0,0,100,1,11,11,0,246528,0,295,0,0,846479360,0.000000,0.000000,35.218177,0.00,0,2,4,25,17,20,26,13,24,55,97,12,0,0,0,0,0,0,0.0010,0.0317,0.0506,0.0043,0.0221,0.0666,0.0428,5.2463,0.0570,0.0000,0.9319,0.0021,0.0001,0.3981,0.0073,0.0032,0.0001
2702,35.5866,0.0000,12.2210,4.6255,,true,0,0.008333,0.0000,0.0000,1.00,0.00,0.0000,22,1,295,295,0,0,100,1,11,11,0,246528,0,295,0,0,846479360,0.000000,0.000000,35.218177,0.00,0,2,4,25,17,20,26,13,24,55,97,12,0,0,0,0,0,0,0.0008,0.0194,0.0386,0.0058,0.0231,0.0860,0.0304,4.6255,0.0527,0.0000,0.6274,0.0027,0.0001,0.2380,0.0084,0.0043,0.0003
2703,35.5970,0.0000,10.3135,5.0027,,true,0,0.008333,0.0000,0.0000,1.00,0.00,0.0000,22,1,295,295,0,0,100,1,11,11,0,246528,0,295,0,0,846479360,0.000000,0.000000,35.218177,0.00,0,2,4,25,17,20,26,13,24,55,97,12,0,0,0,0,0,0,0.0015,0.0461,0.0566,0.0046,0.0183,0.0643,0.0473,5.0027,0.0694,0.0000,0.9883,0.0035,0.0001,0.3961,0.0083,0.0046,0.0002
2704,35.6087,0.0000,10.8107,5.7129,,true,0,0.008333,0.0000,0.0000,1.00,0.00,0.0000,22,1,295,295,0,0,100,1,11,11,0,246528,0,295,0,0,846479360,0.000000,0.000000,35.218177,0.00,0,2,4,25,17,20,26,13,24,55,97,12,0,0,0,0,0,0,0.0027,0.0610,0.0755,0.0047,0.0259,0.0755,0.0484,5.7129,0.0838,0.0000,1.1110,0.0034,0.0001,0.4959,0.0099,0.0048,0.0002
2705,35.6180,0.0000,10.6712,4.5571,,true,0,0.008333,0.0000,0.0000,1.00,0.00,0.0000,22,1,295,295,0,0,100,1,11,11,0,246528,0,295,0,0,846479360,0.000000,0.000000,35.218177,0.00,0,2,4,25,17,20,26,13,24,55,97,12,0,0,0,0,0,0,0.0045,0.0388,0.0494,0.0044,0.0165,0.0569,0.0425,4.5571,0.0614,0.0000,0.6602,0.0039,0.0001,0.2386,0.0078,0.0049,0.0001
2706,35.6279,0.0000,10.1181,4.2888,,true,0,0.008333,0.0000,0.0000,1.00,0.00,0.0000,22,1,295,295,0,0,100,1,11,11,0,246528,0,295,0,0,846479360,0.000000,0.000000,35.218177,0.00,0,2,4,25,17,20,26,13,24,55,97,12,0,0,0,0,0,0,0.0011,0.0283,0.0466,0.0046,0.0190,0.0543,0.0317,4.2888,0.0616,0.0000,0.6390,0.0028,0.0001,0.2376,0.0090,0.0057,0.0001
2707,35.6394,0.0000,10.7805,4.9395,,true,0,0.008333,0.0000,0.0000,1.00,0.00,0.0000,22,1,295,295,0,0,100,1,11,11,0,246528,0,295,0,0,846479360,0.000000,0.000000,35.218177,0.00,0,2,4,25,17,20,26,13,24,55,97,12,0,0,0,0,0,0,0.0014,0.0514,0.0700,0.0027,0.0177,0.0565,0.0536,4.9395,0.0672,0.0000,0.9979,0.0034,0.0001,0.3981,0.0069,0.0047,0.0002
2708,35.6499,0.0000,10.8163,4.5834,,true,0,0.008333,0.0000,0.0000,1.00,0.00,0.0000,22,1,295,295,0,0,100,1,11,11,0,246528,0,295,0,0,846479360,0.000000,0.000000,35.218177,0.00,0,2,4,25,17,20,26,13,24,55,97,12,0,0,0,0,0,0,0.0015,0.0324,0.0473,0.0050,0.0226,0.0661,0.0318,4.5834,0.0564,0.0000,0.6448,0.0042,0.0001,0.2395,0.0076,0.0025,0.0001
2709,35.6609,0.0000,10.9014,5.0398,,true,0,0.008333,0.0000,0.0000,1.00,0.00,0.0000,22,1,295,295,0,0,100,1,11,11,0,246528,0,295,0,0,846479360,0.000000,0.000000,35.218177,0.00,0,2,4,25,17,20,26,13,24,55,97,12,0,0,0,0,0,0,0.0014,0.0552,0.0642,0.0022,0.0174,0.0539,0.0559,5.0398,0.0700,0.0000,0.9825,0.0044,0.0001,0.4036,0.0064,0.0050,0.0002
2710,35.6720,0.0000,10.6721,5.2957,,true,0,0.008333,0.0000,0.0000,1.00,0.00,0.0000,22,1,295,295,0,0,100,1,11,11,0,246528,0,295,0,0,846479360,0.000000,0.000000,35.218177,0.00,0,2,4,25,17,20,26,13,24,55,97,12,0,0,0,0,0,0,0.0016,0.0436,0.0548,0.0045,0.0154,0.0570,0.0460,5.2957,0.0682,0.0000,0.9786,0.0041,0.0001,0.4079,0.0082,0.0049,0.0003
2711,35.6825,0.0000,10.6536,5.1190,,true,0,0.008333,0.0000,0.0000,1.00,0.00,0.0000,22,1,295,295,0,0,100,1,11,11,0,246528,0,295,0,0,846479360,0.000000,0.000000,35.218177,0.00,0,2,4,25,17,20,26,13,24,55,97,12,0,0,0,0,0,0,0.0015,0.0433,0.0634,0.0045,0.0159,0.0516,0.0448,5.1190,0.0714,0.0000,0.9945,0.0046,0.0001,0.4031,0.0074,0.0038,0.0002
2712,35.6934,0.0000,11.1383,4.6832,,true,0,0.008333,0.0000,0.0000,1.00,0.00,0.0000,22,1,295,295,0,0,100,1,11,11,0,246528,0,295,0,0,846479360,0.000000,0.000000,35.218177,0.00,0,2,4,25,17,20,26,13,24,55,97,12,0,0,0,0,0,0,0.0012,0.0530,0.0474,0.0042,0.0196,0.0671,0.0363,4.6832,0.0729,0.0000,0.6476,0.0036,0.0000,0.2395,0.0072,0.0049,0.0002
2713,35.7043,0.0000,10.1014,5.3551,,true,0,0.008333,0.0000,0.0000,1.00,0.00,0.0000,22,1,295,295,0,0,100,1,11,11,0,246528,0,295,0,0,846479360,0.000000,0.000000,35.218177,0.00,0,2,4,25,17,20,26,13,24,55,97,12,0,0,0,0,0,0,0.0017,0.0449,0.0619,0.0051,0.0302,0.0648,0.0460,5.3551,0.0705,0.0000,1.0216,0.0042,0.0001,0.4008,0.0109,0.0061,0.0002
2714,35.7154,0.0000,11.4473,5.2226,,true,0,0.008333,0.0000,0.0000,1.00,0.00,0.0000,22,1,295,295,0,0,100,1,11,11,0,246528,0,295,0,0,846479360,0.000000,0.000000,35.218177,0.00,0,2,4,25,17,20,26,13,24,55,97,12,0,0,0,0,0,0,0.0016,0.0456,0.0766,0.0044,0.0163,0.0556,0.0469,5.2226,0.0824,0.0000,0.9951,0.0034,0.0001,0.3998,0.0086,0.0068,0.0002
2715,35.7253,0.0000,10.1499,4.9281,,true,0,0.008333,0.0000,0.0000,1.00,0.00,0.0000,22,1,295,295,0,0,100,1,11,11,0,246528,0,295,0,0,846479360,0.000000,0.000000,35.218177,0.00,0,2,4,25,17,20,26,13,24,55,97,12,0,0,0,0,0,0,0.0012,0.0376,0.0577,0.0040,0.0210,0.0596,0.0550,4.9281,0.0598,0.0000,0.9844,0.0042,0.0001,0.4018,0.0069,0.0034,0.0002
2716,35.7354,0.0000,10.2139,4.8338,,true,0,0.008333,0.0000,0.0000,1.00,0.00,0.0000,22,1,295,295,0,0,100,1,11,11,0,246528,0,295,0,0,846479360,0.000000,0.000000,35.218177,0.00,0,2,4,25,17,20,26,13,24,55,97,12,0,0,0,0,0,0,0.0013,0.0341,0.0638,0.0051,0.0223,0.0717,0.0494,4.8338,0.0603,0.0000,0.9658,0.0040,0.0001,0.4005,0.0075,0.0048,0.0001
2717,35.7461,0.0000,10.5620,5.1326,,true,0,0.008333,0.0000,0.0000,1.00,0.00,0.0000,22,1,295,295,0,0,100,1,11,11,0,246528,0,295,0,0,846479360,0.000000,0.000000,35.218177,0.00,0,2,4,25,17,20,26,13,24,55,97,12,0,0,0,0,0,0,0.0014,0.0396,0.0554,0.0051,0.0475,0.0547,0.0477,5.1326,0.0647,0.0000,0.9764,0.0038,0.0001,0.4062,0.0073,0.0048,0.0002
2718,35.7569,0.0000,10.9275,4.8506,,true,0,0.008333,0.0000,0.0000,1.00,0.00,0.0000,22,1,295,295,0,0,100,1,11,11,0,246528,0,295,0,0,846479360,0.000000,0.000000,35.218177,0.00,0,2,4,25,17,20,26,13,24,55,97,12,0,0,0,0,0,0,0.0013,0.0414,0.0610,0.0043,0.0201,0.0640,0.0464,4.8506,0.0655,0.0000,0.8877,0.0041,0.0001,0.3205,0.0096,0.0049,0.0002
2719,35.7681,0.0000,10.8904,5.0558,,true,0,0.008333,0.0000,0.0000,1.00,0.00,0.0000,22,1,295,295,0,0,100,1,11,11,0,246528,0,295,0,0,846479360,0.000000,0.000000,35.218177,0.00,0,2,4,25,17,20,26,13,24,55,97,12,0,0,0,0,0,0,0.0014,0.0448,0.0579,0.0042,0.0146,0.0634,0.0452,5.0558,0.0656,0.0000,0.9436,0.0020,0.0000,0.3917,0.0166,0.0049,0.0005
2720,35.7788,0.0000,10.8357,5.0746,,true,0,0.008333,0.0000,0.0000,1.00,0.00,0.0000,22,1,295,295,0,0,100,1,11,11,0,246528,0,295,0,0,846479360,0.000000,0.000000,35.218177,0.00,0,2,4,25,17,20,26,13,24,55,97,12,0,0,0,0,0,0,0.0020,0.0445,0.0579,0.0038,0.0192,0.0601,0.0530,5.0746,0.0673,0.0000,0.9843,0.0031,0.0001,0.4010,0.0078,0.0046,0.0002
2721,35.7888,0.0000,10.1307,4.9124,,true,0,0.008333,0.0000,0.0000,1.00,0.00,0.0000,22,1,295,295,0,0,100,1,11,11,0,246528,0,295,0,0,846479360,0.000000,0.000000,35.218177,0.00,0,2,4,25,17,20,26,13,24,55,97,12,0,0,0,0,0,0,0.0016,0.0420,0.0671,0.0038,0.0163,0.0656,0.0468,4.9124,0.0702,0.0000,1.0134,0.0043,0.0001,0.4146,0.0092,0.0045,0.0002
2722,35.7995,0.0000,10.4122,5.1653,,true,0,0.008333,0.0000,0.0000,1.00,0.00,0.0000,22,1,295,295,0,0,100,1,11,11,0,246528,0,295,0,0,846479360,0.000000,0.000000,35.218177,0.00,0,2,4,25,17,20,26,13,24,55,97,12,0,0,0,0,0,0,0.0015,0.0436,0.0618,0.0062,0.0239,0.0709,0.0500,5.1653,0.0637,0.0000,0.9763,0.0039,0.0001,0.4007,0.0079,0.0047,0.0002
2723,35.8112,0.0000,10.5391,6.1369,,true,0,0.008333,0.0000,0.0000,1.00,0.00,0.0000,22,1,295,295,0,0,100,1,11,11,0,246528,0,295,0,0,846479360,0.000000,0.000000,35.218177,0.00,0,2,4,25,17,20,26,13,24,55,97,12,0,0,0,0,0,0,0.0023,0.0496,0.0641,0.0046,0.0221,0.0755,0.0493,6.1369,0.0718,0.0000,1.0777,0.0045,0.0001,0.4075,0.0101,0.0054,0.0007
2724,35.8216,0.0000,12.0235,4.6786,,true,0,0.008333,0.0000,0.0000,1.00,0.00,0.0000,22,1,295,295,0,0,100,1,11,11,0,246528,0,295,0,0,846479360,0.000000,0.000000,35.218177,0.00,0,2,4,25,17,20,26,13,24,55,97,12,0,0,0,0,0,0,0.0014,0.0448,0.0479,0.0041,0.0219,0.0627,0.0450,4.6786,0.0621,0.0000,0.6353,0.0037,0.0001,0.2319,0.0039,0.0061,0.0001
2725,35.8324,0.0000,10.9886,4.4128,,true,0,0.008333,0.0000,0.0000,1.00,0.00,0.0000,22,1,295,295,0,0,100,1,11,11,0,246528,0,295,0,0,846479360,0.000000,0.000000,35.218177,0.00,0,2,4,25,17,20,26,13,24,55,97,12,0,0,0,0,0,0,0.0012,0.0362,0.0497,0.0038,0.0198,0.0575,0.0398,4.4128,0.0620,0.0000,0.6394,0.0030,0.0001,0.2410,0.0066,0.0046,0.0001
2726,35.8427,0.0000,10.2662,4.5751,,true,0,0.008333,0.0000,0.0000,1.00,0.00,0.0000,22,1,295,295,0,0,100,1,11,11,0,246528,0,295,0,0,846479360,0.000000,0.000000,35.572759,0.00,0,2,4,25,17,20,26,13,24,55,97,12,0,0,0,0,0,0,0.0050,0.0264,0.0303,0.0028,0.0124,0.1832,0.0291,4.5751,0.0569,0.0000,0.6092,0.0035,0.0000,0.2415,0.0078,0.0038,0.0001
2727,35.8537,0.0000,10.6103,5.0649,,true,0,0.008333,0.0000,0.0000,1.00,0.00,0.0000,22,1,295,295,0,0,100,1,11,11,0,246528,0,295,0,0,846479360,0.000000,0.000000,35.572759,0.00,0,2,4,25,17,20,26,13,24,55,97,12,0,0,0,0,0,0,0.0017,0.0428,0.0511,0.0052,0.0254,0.0692,0.0515,5.0649,0.0698,0.0000,1.0093,0.0036,0.0001,0.4063,0.0084,0.0039,0.0002
2728,35.8646,0.0000,10.8635,4.9282,,true,0,0.008333,0.0000,0.0000,1.00,0.00,0.0000,22,1,295,295,0,0,100,1,11,11,0,246528,0,295,0,0,846479360,0.000000,0.000000,35.572759,0.00,0,2,4,25,17,20,26,13,24,55,97,12,0,0,0,0,0,0,0.0013,0.0466,0.0505,0.0040,0.0187,0.0654,0.0352,4.9282,0.0604,0.0000,0.6598,0.0036,0.0001,0.2301,0.0090,0.0042,0.0001
2729,35.8774,0.0000,11.9219,5.7297,,true,0,0.008333,0.0000,0.0000,1.00,0.00,0.0000,22,1,295,295,0,0,100,1,11,11,0,246528,0,295,0,0,846479360,0.000000,0.000000,35.572759,0.00,0,2,4,25,17,20,26,13,24,55,97,12,0,0,0,0,0,0,0.0022,0.0470,0.0727,0.0040,0.0365,0.0737,0.0496,5.7297,0.0623,0.0000,0.8752,0.0043,0.0001,0.2586,0.0090,0.0056,0.0002
2730,35.8866,0.0000,10.1037,4.9902,,true,0,0.008333,0.0000,0.0000,1.00,0.00,0.0000,22,1,295,295,0,0,100,1,11,11,0,246528,0,295,0,0,846479360,0.000000,0.000000,35.572759,0.00,0,2,4,25,17,20,26,13,24,55,97,12,0,0,0,0,0,0,0.0016,0.0302,0.0553,0.0033,0.0187,0.0494,0.0500,4.9902,0.0656,0.0000,0.9880,0.0040,0.0001,0.4247,0.0106,0.0053,0.0002
2731,35.8965,0.0000,10.3207,4.5412,,true,0,0.008333,0.0000,0.0000,1.00,0.00,0.0000,22,1,295,295,0,0,100,1,11,11,0,246528,0,295,0,0,846479360,0.000000,0.000000,35.572759,0.00,0,2,4,25,17,20,26,13,24,55,97,12,0,0,0,0,0,0,0.0010,0.0522,0.0487,0.0051,0.0171,0.0470,0.0359,4.5412,0.0643,0.0000,0.6522,0.0037,0.0000,0.2314,0.0094,0.0050,0.0003
2732,35.9077,0.0000,10.6463,5.0099,,true,0,0.008333,0.0000,0.0000,1.00,0.00,0.0000,22,1,295,295,0,0,100,1,11,11,0,246528,0,295,0,0,846479360,0.000000,0.000000,35.572759,0.00,0,2,4,25,17,20,26,13,24,55,97,12,0,0,0,0,0,0,0.0012,0.0293,0.0601,0.0053,0.0216,0.0670,0.0329,5.0099,0.0761,0.0000,0.6662,0.0044,0.0001,0.2332,0.0086,0.0048,0.0001
2733,35.9196,0.0000,11.6484,5.3785,,true,0,0.008333,0.0000,0.0000,1.00,0.00,0.0000,22,1,295,295,0,0,100,1,11,11,0,246528,0,295,0,0,846479360,0.000000,0.000000,35.572759,0.00,0,2,4,25,17,20,26,13,24,55,97,12,0,0,0,0,0,0,0.0017,0.0447,0.0628,0.0068,0.0238,0.0645,0.0583,5.3785,0.0716,0.0000,1.0187,0.0042,0.0001,0.3984,0.0091,0.0055,0.0002
2734,35.9293,0.0000,10.2399,4.9043,,true,0,0.008333,0.0000,0.0000,1.00,0.00,0.0000,22,1,295,295,0,0,100,1,11,11,0,246528,0,295,0,0,846479360,0.000000,0.000000,35.572759,0.00,0,2,4,25,17,20,26,13,24,55,97,12,0,0,0,0,0,0,0.0015,0.0405,0.0579,0.0049,0.0197,0.0561,0.0498,4.9043,0.0604,0.0000,0.9611,0.0030,0.0001,0.3987,0.0080,0.0040,0.0002
2735,35.9399,0.0000,10.6249,4.8096,,true,0,0.008333,0.0000,0.0000,1.00,0.00,0.0000,22,1,295,295,0,0,100,1,11,11,0,246528,0,295,0,0,846479360,0.000000,0.000000,35.572759,0.00,0,2,4,25,17,20,26,13,24,55,97,12,0,0,0,0,0,0,0.0012,0.0366,0.0568,0.0044,0.0218,0.0424,0.0468,4.8096,0.0427,0.0000,1.0432,0.0041,0.0001,0.4450,0.0102,0.0057,0.0002
2736,35.9503,0.0000,10.5627,4.7375,,true,0,0.008333,0.0000,0.0000,1.00,0.00,0.0000,22,1,295,295,0,0,100,1,11,11,0,246528,0,295,0,0,846479360,0.000000,0.000000,35.572759,0.00,0,2,4,25,17,20,26,13,24,55,97,12,0,0,0,0,0,0,0.0012,0.0397,0.0649,0.0038,0.0164,0.0491,0.0512,4.7375,0.0506,0.0000,0.9567,0.0034,0.0001,0.3987,0.0108,0.0035,0.0001
2737,35.9604,0.0000,10.4224,4.4838,,true,0,0.008333,0.0000,0.0000,1.00,0.00,0.0000,22,1,295,295,0,0,100,1,11,11,0,246528,0,295,0,0,846479360,0.000000,0.000000,35.572759,0.00,0,2,4,25,17,20,26,13,24,55,97,12,0,0,0,0,0,0,0.0014,0.0442,0.0552,0.0035,0.0156,0.0426,0.0528,4.4838,0.0709,0.0000,0.6517,0.0039,0.0001,0.2286,0.0085,0.0045,0.0001
2738,35.9717,0.0000,10.8753,4.8081,,true,0,0.008333,0.0000,0.0000,1.00,0.00,0.0000,22,1,295,295,0,0,100,1,11,11,0,246528,0,295,0,0,846479360,0.000000,0.000000,35.572759,0.00,0,2,4,25,17,20,26,13,24,55,97,12,0,0,0,0,0,0,0.0012,0.0279,0.0505,0.0049,0.0225,0.0641,0.0407,4.8081,0.0670,0.0000,0.6415,0.0030,0.0000,0.2359,0.0083,0.0044,0.0001
2739,35.9820,0.0000,10.4211,4.8135,,true,0,0.008333,0.0000,0.0000,1.00,0.00,0.0000,22,1,295,295,0,0,100,1,11,11,0,246528,0,295,0,0,846479360,0.000000,0.000000,35.572759,0.00,0,2,4,25,17,20,26,13,24,55,97,12,0,0,0,0,0,0,0.0031,0.0407,0.0634,0.0046,0.0145,0.0538,0.0595,4.8135,0.0562,0.0000,0.9952,0.0030,0.0001,0.4050,0.0067,0.0037,0.0002
2740,35.9930,0.0000,10.9114,4.8170,,true,0,0.008333,0.0000,0.0000,1.00,0.00,0.0000,22,1,295,295,0,0,100,1,11,11,0,246528,0,295,0,0,846479360,0.000000,0.000000,35.572759,0.00,0,2,4,25,17,20,26,13,24,55,97,12,0,0,0,0,0,0,0.0016,0.0400,0.0661,0.0028,0.0196,0.0532,0.0439,4.8170,0.0654,0.0000,1.0483,0.0031,0.0001,0.4867,0.0079,0.0042,0.0002
2741,36.0031,0.0000,9.9094,4.8794,,true,0,0.008333,0.0000,0.0000,1.00,0.00,0.0000,22,1,295,295,0,0,100,1,11,11,0,246528,0,295,0,0,846479360,0.000000,0.000000,35.572759,0.00,0,2,4,25,17,20,26,13,24,55,97,12,0,0,0,0,0,0,0.0016,0.0370,0.0508,0.0034,0.0165,0.0422,0.0436,4.8794,0.0574,0.0000,0.9668,0.0033,0.0001,0.4011,0.0078,0.0034,0.0002
2742,36.0149,0.0000,11.0209,5.6343,,true,0,0.008333,0.0000,0.0000,1.00,0.00,0.0000,22,1,295,295,0,0,100,1,11,11,0,246528,0,295,0,0,846479360,0.000000,0.000000,35.572759,0.00,0,2,4,25,17,20,26,13,24,55,97,12,0,0,0,0,0,0,0.0018,0.1107,0.0632,0.0042,0.0158,0.0764,0.0467,5.6343,0.0693,0.0000,1.0989,0.0043,0.0001,0.4535,0.0119,0.0059,0.0001
2743,36.0251,0.0000,10.9100,4.8730,,true,0,0.008333,0.0000,0.0000,1.00,0.00,0.0000,22,1,295,295,0,0,100,1,11,11,0,246528,0,295,0,0,846479360,0.000000,0.000000,35.572759,0.00,0,2,4,25,17,20,26,13,24,55,97,12,0,0,0,0,0,0,0.0016,0.0357,0.0637,0.0052,0.0183,0.0572,0.0482,4.8730,0.0621,0.0000,1.0144,0.0041,0.0001,0.4031,0.0103,0.0048,0.0005
2744,36.0354,0.0000,10.4453,4.8858,,true,0,0.008333,0.0000,0.0000,1.00,0.00,0.0000,22,1,295,295,0,0,100,1,11,11,0,246528,0,295,0,0,846479360,0.000000,0.000000,35.572759,0.00,0,2,4,25,17,20,26,13,24,55,97,12,0,0,0,0,0,0,0.0029,0.0390,0.0646,0.0051,0.0160,0.0482,0.0453,4.8858,0.0981,0.0000,0.9572,0.0028,0.0001,0.4008,0.0059,0.0032,0.0001
2745,36.0463,0.0000,10.7585,5.1195,,true,0,0.008333,0.0000,0.0000,1.00,0.00,0.0000,22,1,295,295,0,0,100,1,11,11,0,246528,0,295,0,0,846479360,0.000000,0.000000,35.572759,0.00,0,2,4,25,17,20,26,13,24,55,97,12,0,0,0,0,0,0,0.0028,0.0342,0.0553,0.0053,0.0160,0.0407,0.0429,5.1195,0.0669,0.0000,0.9576,0.0036,0.0001,0.4074,0.0071,0.0052,0.0007
2746,36.0592,0.0000,11.6515,6.1044,,true,0,0.008333,0.0000,0.0000,1.00,0.00,0.0000,22,1,295,295,0,0,100,1,11,11,0,246528,0,295,0,0,846479360,0.000000,0.000000,35.572759,0.00,0,2,4,25,17,20,26,13,24,55,97,12,0,0,0,0,0,0,0.0018,0.0618,0.0650,0.0043,0.0278,0.0917,0.0471,6.1044,0.0524,0.0000,1.0943,0.0035,0.0001,0.4322,0.0092,0.0052,0.0002
2747,36.0683,0.0000,10.7417,4.6278,,true,0,0.008333,0.0000,0.0000,1.00,0.00,0.0000,22,1,295,295,0,0,100,1,11,11,0,246528,0,295,0,0,846479360,0.000000,0.000000,35.572759,0.00,0,2,4,25,17,20,26,13,24,55,97,12,0,0,0,0,0,0,0.0051,0.0343,0.0579,0.0034,0.0393,0.0639,0.0365,4.6278,0.0504,0.0000,0.6542,0.0039,0.0001,0.2317,0.0083,0.0054,0.0002
2748,36.0796,0.0000,10.7063,5.2245,,true,0,0.008333,0.0000,0.0000,1.00,0.00,0.0000,22,1,295,295,0,0,100,1,11,11,0,246528,0,295,0,0,846479360,0.000000,0.000000,35.572759,0.00,0,2,4,25,17,20,26,13,24,55,97,12,0,0,0,0,0,0,0.0017,0.0733,0.0625,0.0053,0.0199,0.0642,0.0536,5.2245,0.0678,0.0000,1.0177,0.0039,0.0001,0.4208,0.0078,0.0054,0.0001
2749,36.0909,0.0000,11.2213,5.1716,,true,0,0.008333,0.0000,0.0000,1.00,0.00,0.0000,22,1,295,295,0,0,100,1,11,11,0,246528,0,295,0,0,846479360,0.000000,0.000000,35.572759,0.00,0,2,4,25,17,20,26,13,24,55,97,12,0,0,0,0,0,0,0.0014,0.0385,0.0823,0.0035,0.0193,0.0826,0.0458,5.1716,0.0644,0.0000,0.9770,0.0038,0.0001,0.4092,0.0065,0.0045,0.0002
2750,36.1001,0.0000,10.1138,4.5958,,true,0,0.008333,0.0000,0.0000,1.00,0.00,0.0000,22,1,295,295,0,0,100,1,11,11,0,246528,0,295,0,0,846479360,0.000000,0.000000,35.572759,0.00,0,2,4,25,17,20,26,13,24,55,97,12,0,0,0,0,0,0,0.0050,0.0414,0.0473,0.0037,0.0178,0.0451,0.0506,4.5958,0.0653,0.0000,0.6792,0.0052,0.0000,0.2275,0.0062,0.0053,0.0001
2751,36.1116,0.0000,10.9556,4.7923,,true,0,0.008333,0.0000,0.0000,1.00,0.00,0.0000,22,1,295,295,0,0,100,1,11,11,0,246528,0,295,0,0,846479360,0.000000,0.000000,35.572759,0.00,0,2,4,25,17,20,26,13,24,55,97,12,0,0,0,0,0,0,0.0055,0.0308,0.0649,0.0051,0.0204,0.0616,0.0331,4.7923,0.0691,0.0000,0.6188,0.0030,0.0000,0.2508,0.0091,0.0037,0.0001
2752,36.1232,0.0000,11.6608,4.8003,,true,0,0.008333,0.0000,0.0000,1.00,0.00,0.0000,22,1,295,295,0,0,100,1,11,11,0,246528,0,295,0,0,846479360,0.000000,0.000000,35.572759,0.00,0,2,4,25,17,20,26,13,24,55,97,12,0,0,0,0,0,0,0.0030,0.0406,0.0492,0.0034,0.0179,0.0577,0.0526,4.8003,0.0660,0.0000,0.7600,0.0034,0.0001,0.2284,0.0093,0.0038,0.0004
2753,36.1335,0.0000,10.2756,4.8305,,true,0,0.008333,0.0000,0.0000,1.00,0.00,0.0000,22,1,295,295,0,0,100,1,11,11,0,246528,0,295,0,0,846479360,0.000000,0.000000,35.572759,0.00,0,2,4,25,17,20,26,13,24,55,97,12,0,0,0,0,0,0,0.0017,0.0437,0.0610,0.0042,0.0182,0.0625,0.0476,4.8305,0.0648,0.0000,0.9739,0.0035,0.0001,0.4067,0.0074,0.0049,0.0002
2754,36.1441,0.0000,10.5770,5.0153,,true,0,0.008333,0.0000,0.0000,1.00,0.00,0.0000,22,1,295,295,0,0,100,1,11,11,0,246528,0,295,0,0,846479360,0.000000,0.000000,35.876812,0.00,0,2,4,25,17,20,26,13,24,55,97,12,0,0,0,0,0,0,0.0015,0.0387,0.0645,0.0045,0.0169,0.2127,0.0475,5.0153,0.0587,0.0000,0.9991,0.0037,0.0001,0.4000,0.0067,0.0045,0.0002
2755,36.1552,0.0000,10.8609,5.0549,,true,0,0.008333,0.0000,0.0000,1.00,0.00,0.0000,22,1,295,295,0,0,100,1,11,11,0,246528,0,295,0,0,846479360,0.000000,0.000000,35.876812,0.00,0,2,4,25,17,20,26,13,24,55,97,12,0,0,0,0,0,0,0.0016,0.0419,0.0548,0.0063,0.0180,0.0686,0.0492,5.0549,0.0675,0.0000,1.0067,0.0034,0.0001,0.4206,0.0073,0.0044,0.0001
2756,36.1655,0.0000,10.5320,5.0433,,true,0,0.008333,0.0000,0.0000,1.00,0.00,0.0000,22,1,295,295,0,0,100,1,11,11,0,246528,0,295,0,0,846479360,0.000000,0.000000,35.876812,0.00,0,2,4,25,17,20,26,13,24,55,97,12,0,0,0,0,0,0,0.0014,0.0389,0.0539,0.0044,0.0170,0.0460,0.0494,5.0433,0.0549,0.0000,0.9431,0.0031,0.0001,0.3925,0.0081,0.0048,0.0001
2757,36.1769,0.0000,11.4194,4.7461,,true,0,0.008333,0.0000,0.0000,1.00,0.00,0.0000,22,1,295,295,0,0,100,1,11,11,0,246528,0,295,0,0,846479360,0.000000,0.000000,35.876812,0.00,0,2,4,25,17,20,26,13,24,55,97,12,0,0,0,0,0,0,0.0023,0.0455,0.0506,0.0088,0.0189,0.0477,0.0379,4.7461,0.0643,0.0000,0.6755,0.0038,0.0001,0.2396,0.0064,0.0037,0.0001
2758,36.1872,0.0000,10.2412,4.9484,,true,0,0.008333,0.0000,0.0000,1.00,0.00,0.0000,22,1,295,295,0,0,100,1,11,11,0,246528,0,295,0,0,846479360,0.000000,0.000000,35.876812,0.00,0,2,4,25,17,20,26,13,24,55,97,12,0,0,0,0,0,0,0.0017,0.0362,0.0582,0.0043,0.0206,0.0508,0.0430,4.9484,0.0617,0.0000,0.9982,0.0029,0.0001,0.4002,0.0093,0.0063,0.0001
2759,36.1979,0.0000,10.4245,5.0543,,true,0,0.008333,0.0000,0.0000,1.00,0.00,0.0000,22,1,295,295,0,0,100,1,11,11,0,246528,0,295,0,0,846479360,0.000000,0.000000,35.876812,0.00,0,2,4,25,17,20,26,13,24,55,97,12,0,0,0,0,0,0,0.0017,0.0400,0.0619,0.0047,0.0186,0.0567,0.0553,5.0543,0.0631,0.0000,0.9777,0.0034,0.0001,0.4019,0.0086,0.0064,0.0002
2760,36.2089,0.0000,10.6119,5.5050,,true,0,0.008333,0.0000,0.0000,1.00,0.00,0.0000,22,1,295,295,0,0,100,1,11,11,0,246528,0,295,0,0,846479360,0.000000,0.000000,35.876812,0.00,0,2,4,25,17,20,26,13,24,55,97,12,0,0,0,0,0,0,0.0018,0.0444,0.0637,0.0050,0.0196,0.0500,0.0479,5.5050,0.0544,0.0000,1.0389,0.0038,0.0001,0.4278,0.0094,0.0057,0.0002
2761,36.2222,0.0000,12.7167,5.9485,,true,0,0.008333,0.0000,0.0000,1.00,0.00,0.0000,22,1,295,295,0,0,100,1,11,11,0,246528,0,295,0,0,846479360,0.000000,0.000000,35.876812,0.00,0,2,4,25,17,20,26,13,24,55,97,12,0,0,0,0,0,0,0.0017,0.0508,0.0619,0.0037,0.0213,0.0697,0.0697,5.9485,0.0620,0.0000,1.0047,0.0041,0.0001,0.4181,0.0096,0.0047,0.0002
2762,36.2317,0.0000,10.8018,4.8655,,true,0,0.008333,0.0000,0.0000,1.00,0.00,0.0000,22,1,295,295,0,0,100,1,11,11,0,246528,0,295,0,0,846479360,0.000000,0.000000,35.876812,0.00,0,2,4,25,17,20,26,13,24,55,97,12,0,0,0,0,0,0,0.0013,0.0410,0.0532,0.0061,0.0200,0.0756,0.0355,4.8655,0.0752,0.0000,0.6926,0.0044,0.0000,0.2454,0.0093,0.0053,0.0001
2763,36.2652,0.0000,10.6343,27.6349,,true,0,0.008333,0.0000,0.0000,1.00,0.00,0.0000,22,1,295,295,0,0,100,1,11,11,0,246528,0,295,0,0,846479360,0.000000,0.000000,35.876812,0.00,0,2,4,25,17,20,26,13,24,55,97,12,0,0,0,0,0,0,0.0016,0.0448,0.0843,0.0044,0.0191,0.0525,0.0527,27.6349,0.1245,0.0000,19.1334,0.0038,1.0629,0.4052,0.0187,0.0038,17.0769
2764,36.2809,0.0000,10.9420,13.0513,,true,0,0.008333,0.0000,0.0000,1.00,0.00,0.0000,22,1,295,295,0,0,100,1,11,11,0,246528,0,295,0,0,846479360,0.000000,0.000000,35.876812,0.00,0,2,4,25,17,20,26,13,24,55,97,12,0,0,0,0,0,0,0.0015,0.0779,0.1686,0.0060,0.0193,0.0637,0.1515,13.0513,0.2597,0.0000,2.0522,0.0136,0.0001,0.7307,0.0378,0.0204,0.0002
2765,36.2911,0.0000,35.7933,6.4263,,true,0,0.008333,0.0000,0.0000,1.00,0.00,0.0000,22,1,295,295,0,0,100,1,11,11,0,246528,0,295,0,0,846479360,0.000000,0.000000,35.876812,0.00,0,2,4,25,17,20,26,13,24,55,97,12,0,0,0,0,0,0,0.0028,0.0377,0.0941,0.0039,0.0145,0.0854,0.0450,6.4263,0.1177,0.0000,0.9810,0.0027,0.0001,0.4147,0.0129,0.0030,0.0002
2766,36.2982,0.0000,7.8002,5.9627,,true,0,0.008333,0.0000,0.0000,1.00,0.00,0.0000,22,1,295,295,0,0,100,1,11,11,0,246528,0,295,0,0,846479360,0.000000,0.000000,36.028916,0.00,0,2,4,25,17,20,26,13,24,55,97,12,0,0,0,0,0,0,0.0016,0.0424,0.0700,0.0038,0.0227,0.2279,0.0484,5.9627,0.0874,0.0000,1.1052,0.0024,0.0001,0.4277,0.0426,0.0029,0.0002
2767,36.3073,0.0000,7.1838,8.3328,,true,0,0.008333,0.0000,0.0000,1.00,0.00,0.0000,22,1,295,295,0,0,100,1,11,11,0,246528,0,295,0,0,846479360,0.000000,0.000000,36.028916,0.00,0,2,4,25,17,20,26,13,24,55,97,12,0,0,0,0,0,0,0.0030,0.0932,0.0874,0.0069,0.0258,0.0630,0.0617,8.3328,0.0727,0.0000,1.2981,0.0050,0.0001,0.5162,0.0127,0.0060,0.0002
2768,36.3305,0.0000,7.6306,19.0431,,true,0,0.008333,0.0000,0.0000,1.00,0.00,0.0000,22,1,295,295,0,0,100,1,11,11,0,246528,0,295,0,0,846479360,0.000000,0.000000,36.028916,0.00,0,2,4,25,17,20,26,13,24,55,97,12,0,0,0,0,0,0,0.0020,0.0740,0.2101,0.0113,0.0486,0.1410,0.0692,19.0431,0.2649,0.0000,1.7313,0.0117,0.0002,0.4010,0.0526,0.0058,0.0002
2769,36.3567,0.0000,29.1627,19.7718,,true,0,0.008333,0.0000,0.0000,1.00,0.00,0.0000,22,1,295,295,0,0,100,1,11,11,0,246528,0,295,0,0,846479360,0.000000,0.000000,36.028916,0.00,0,2,4,25,17,20,26,13,24,55,97,12,0,0,0,0,0,0,0.0331,0.1980,0.0890,0.0120,0.1132,0.1405,0.1042,19.7718,0.1462,0.0000,1.3827,0.0090,0.0001,0.4376,0.0331,0.0126,0.0001
2770,36.3771,0.0000,23.2572,16.8305,,true,0,0.008333,0.0000,0.0000,1.00,0.00,0.0000,22,1,295,295,0,0,100,1,11,11,0,246528,0,295,0,0,846479360,0.000000,0.000000,36.028916,0.00,0,2,4,25,17,20,26,13,24,55,97,12,0,0,0,0,0,0,0.0018,0.0500,0.0819,0.0042,0.0177,0.1249,0.2174,16.8305,0.0895,0.0000,1.5153,0.0026,0.0001,0.6252,0.0109,0.0033,0.0002
2771,36.4079,0.0000,23.9449,23.0213,,true,0,0.008333,0.0000,0.0000,1.00,0.00,0.0000,22,1,295,295,0,0,100,1,11,11,0,246528,0,295,0,0,846479360,0.000000,0.000000,36.028916,0.00,0,2,4,25,17,20,26,13,24,55,97,12,0,0,0,0,0,0,0.0014,0.0483,0.0971,0.0043,0.0178,0.0684,0.0485,23.0213,0.0658,0.0000,1.5831,0.0032,0.0001,0.7780,0.0113,0.0037,0.0002
2772,36.4351,0.0000,28.2367,19.5944,,true,0,0.008333,0.0000,0.0000,1.00,0.00,0.0000,22,1,295,295,0,0,100,1,11,11,0,246528,0,295,0,0,846479360,0.000000,0.000000,36.028916,0.00,0,2,4,25,17,20,26,13,24,55,97,12,0,0,0,0,0,0,0.0016,0.0419,0.0784,0.0035,0.0200,0.0543,0.0472,19.5944,0.0666,0.0000,1.4163,0.0025,0.0001,0.6088,0.0085,0.0029,0.0002
2773,36.4628,0.0000,30.3332,15.1611,,true,0,0.008333,0.0000,0.0000,1.00,0.00,0.0000,22,1,295,295,0,0,100,1,11,11,0,246528,0,295,0,0,846479360,0.000000,0.000000,36.028916,0.00,0,2,4,25,17,20,26,13,24,55,97,12,0,0,0,0,0,0,0.0015,0.0485,0.0744,0.0047,0.0188,0.0685,0.0506,15.1611,0.0752,0.0000,1.5874,0.0033,0.0001,0.7377,0.0089,0.0042,0.0003
2774,36.4871,0.0000,24.1078,18.3356,,true,0,0.008333,0.0000,0.0000,1.00,0.00,0.0000,22,1,295,295,0,0,100,1,11,11,0,246528,0,295,0,0,846479360,0.000000,0.000000,36.028916,0.00,0,2,4,25,17,20,26,13,24,55,97,12,0,0,0,0,0,0,0.0021,0.0629,0.0565,0.0042,0.0156,0.0529,0.0504,18.3356,0.0530,0.0000,0.8297,0.0018,0.0001,0.3276,0.0067,0.0028,0.0001
2775,36.5076,0.0000,22.6191,17.6619,,true,0,0.008333,0.0000,0.0000,1.00,0.00,0.0000,22,1,295,295,0,0,100,1,11,11,0,246528,0,295,0,0,846479360,0.000000,0.000000,36.028916,0.00,0,2,4,25,17,20,26,13,24,55,97,12,0,0,0,0,0,0,0.0015,0.0517,0.0786,0.0069,0.0204,0.1725,0.0505,17.6619,0.0606,0.0000,1.5061,0.0036,0.0001,0.6498,0.0121,0.0033,0.0002
2776,36.5268,0.0000,20.0687,16.0627,,true,0,0.008333,0.0000,0.0000,1.00,0.00,0.0000,22,1,295,295,0,0,100,1,11,11,0,246528,0,295,0,0,846479360,0.000000,0.000000,36.028916,0.00,0,2,4,25,17,20,26,13,24,55,97,12,0,0,0,0,0,0,0.0017,0.0472,0.0772,0.0047,0.0172,0.0570,0.0453,16.0627,0.0642,0.0000,1.3663,0.0024,0.0001,0.5838,0.0082,0.0032,0.0002
2777,36.5488,0.0000,25.3526,13.4439,,true,0,0.008333,0.0000,0.0000,1.00,0.00,0.0000,22,1,295,295,0,0,100,1,11,11,0,246528,0,295,0,0,846479360,0.000000,0.000000,36.028916,0.00,0,2,4,25,17,20,26,13,24,55,97,12,0,0,0,0,0,0,0.0042,0.0536,0.0764,0.0088,0.0566,0.1678,0.0671,13.4439,0.0638,0.0000,1.6840,0.0072,0.0001,0.6215,0.0176,0.0092,0.0002
2778,36.5651,0.0000,17.7156,11.3312,,true,0,0.008333,0.0000,0.0000,1.00,0.00,0.0000,22,1,295,295,0,0,100,1,11,11,0,246528,0,295,0,0,846479360,0.000000,0.000000,36.028916,0.00,0,2,4,25,17,20,26,13,24,55,97,12,0,0,0,0,0,0,0.0212,0.1242,0.0687,0.0171,0.0542,0.1836,0.0962,11.3312,0.0578,0.0000,1.7906,0.0111,0.0001,0.5996,0.0625,0.0103,0.0002
2779,36.5830,0.0000,17.0448,11.9166,,true,0,0.008333,0.0000,0.0000,1.00,0.00,0.0000,22,1,295,295,0,0,100,1,11,11,0,246528,0,295,0,0,846479360,0.000000,0.000000,36.028916,0.00,0,2,4,25,17,20,26,13,24,55,97,12,0,0,0,0,0,0,0.0170,0.0926,0.1714,0.0132,0.0388,0.1224,0.0636,11.9166,0.1605,0.0000,1.9566,0.0103,0.0002,0.7498,0.0344,0.0107,0.0003
2780,36.5988,0.0000,16.9626,10.9037,,true,0,0.008333,0.0000,0.0000,1.00,0.00,0.0000,22,1,295,295,0,0,100,1,11,11,0,246528,0,295,0,0,846479360,0.000000,0.000000,36.028916,0.00,0,2,4,25,17,20,26,13,24,55,97,12,0,0,0,0,0,0,0.0102,0.0951,0.1729,0.0145,0.0384,0.1658,0.0517,10.9037,0.1410,0.0000,1.7987,0.0084,0.0002,0.6297,0.0224,0.0087,0.0002
2781,36.6166,0.0000,15.6151,13.2365,,true,0,0.008333,0.0000,0.0000,1.00,0.00,0.0000,22,1,295,295,0,0,100,1,11,11,0,246528,0,295,0,0,846479360,0.000000,0.000000,36.028916,0.00,0,2,4,25,17,20,26,13,24,55,97,12,0,0,0,0,0,0,0.0033,0.0598,0.0704,0.0093,0.0365,0.0963,0.0456,13.2365,0.3122,0.0000,1.1738,0.0064,0.0001,0.4251,0.0108,0.0061,0.0001
2782,36.6303,0.0000,16.8276,10.9536,,true,0,0.008333,0.0000,0.0000,1.00,0.00,0.0000,22,1,295,295,0,0,100,1,11,11,0,246528,0,295,0,0,846479360,0.000000,0.000000,36.028916,0.00,0,2,4,25,17,20,26,13,24,55,97,12,0,0,0,0,0,0,0.0033,0.0877,0.2362,0.0078,0.0392,0.1207,0.0642,10.9536,0.1715,0.0000,2.4226,0.0109,0.0001,0.7307,0.0413,0.0109,0.0005
2783,36.6437,0.0000,14.1512,9.9060,,true,0,0.008333,0.0000,0.0000,1.00,0.00,0.0000,22,1,295,295,0,0,100,1,11,11,0,246528,0,295,0,0,846479360,0.000000,0.000000,36.028916,0.00,0,2,4,25,17,20,26,13,24,55,97,12,0,0,0,0,0,0,0.0016,0.1183,0.0941,0.0077,0.0312,0.0378,0.0841,9.9060,0.0976,0.0000,1.0172,0.0073,0.0001,0.3108,0.0162,0.0076,0.0002
2784,36.6588,0.0000,16.1585,8.9774,,true,0,0.008333,0.0000,0.0000,1.00,0.00,0.0000,22,1,295,295,0,0,100,1,11,11,0,246528,0,295,0,0,846479360,0.000000,0.000000,36.028916,0.00,0,2,4,25,17,20,26,13,24,55,97,12,0,0,0,0,0,0,0.0035,0.0832,0.1763,0.0248,0.0824,0.1051,0.0366,8.9774,0.1377,0.0000,1.1931,0.0041,0.0001,0.4397,0.0119,0.0070,0.0001
2785,36.6736,0.0000,12.9357,11.2948,,true,0,0.008333,0.0000,0.0000,1.00,0.00,0.0000,22,1,295,295,0,0,100,1,11,11,0,246528,0,295,0,0,846479360,0.000000,0.000000,36.394764,0.00,0,2,4,25,17,20,26,13,24,55,97,12,0,0,0,0,0,0,0.0024,0.0469,0.1210,0.0033,0.0151,0.1704,0.0494,11.2948,0.1364,0.0000,1.7121,0.0067,0.0001,0.6226,0.0195,0.0086,0.0002
2786,36.6899,0.0000,15.4376,11.7877,,true,0,0.008333,0.0000,0.0000,1.00,0.00,0.0000,22,1,295,295,0,0,100,1,11,11,0,246528,0,295,0,0,846479360,0.000000,0.000000,36.394764,0.00,0,2,4,25,17,20,26,13,24,55,97,12,0,0,0,0,0,0,0.0062,0.0991,0.1703,0.0137,0.0426,0.1529,0.0637,11.7877,0.2077,0.0000,1.9466,0.0115,0.0001,0.6789,0.0281,0.0124,0.0003
2787,36.7037,0.0000,16.0381,9.9218,,true,0,0.008333,0.0000,0.0000,1.00,0.00,0.0000,22,1,295,295,0,0,100,1,11,11,0,246528,0,295,0,0,846479360,0.000000,0.000000,36.394764,0.00,0,2,4,25,17,20,26,13,24,55,97,12,0,0,0,0,0,0,0.0033,0.1158,0.1230,0.0043,0.0199,0.0529,0.0690,9.9218,0.1366,0.0000,1.8290,0.0032,0.0001,0.7122,0.0230,0.0080,0.0003
2788,36.7214,0.0000,14.6352,12.4019,,true,0,0.008333,0.0000,0.0000,1.00,0.00,0.0000,22,1,295,295,0,0,100,1,11,11,0,246528,0,295,0,0,846479360,0.000000,0.000000,36.394764,0.00,0,2,4,25,17,20,26,13,24,55,97,12,0,0,0,0,0,0,0.0035,0.0926,0.1332,0.0168,0.0798,0.1175,0.0772,12.4019,0.1364,0.0000,1.8375,0.0073,0.0001,0.6980,0.0170,0.0094,0.0002
2789,36.7411,0.0000,17.8747,14.2117,,true,0,0.008333,0.0000,0.0000,1.00,0.00,0.0000,22,1,295,295,0,0,100,1,11,11,0,246528,0,295,0,0,846479360,0.000000,0.000000,36.394764,0.00,0,2,4,25,17,20,26,13,24,55,97,12,0,0,0,0,0,0,0.0021,0.0548,0.0743,0.0165,0.0514,0.1110,0.0513,14.2117,0.0627,0.0000,1.1093,0.0022,0.0001,0.4176,0.0131,0.0026,0.0001
2790,36.7560,0.0000,17.3252,11.5728,,true,0,0.008333,0.0000,0.0000,1.00,0.00,0.0000,22,1,295,295,0,0,100,1,11,11,0,246528,0,295,0,0,846479360,0.000000,0.000000,36.394764,0.00,0,2,4,25,17,20,26,13,24,55,97,12,0,0,0,0,0,0,0.0026,0.1285,0.1453,0.0258,0.0446,0.1109,0.0820,11.5728,0.1240,0.0000,2.2747,0.0101,0.0003,0.5111,0.0339,0.0108,0.0002
2791,36.7686,0.0000,14.7523,10.3617,,true,0,0.008333,0.0000,0.0000,1.00,0.00,0.0000,22,1,295,295,0,0,100,1,11,11,0,246528,0,295,0,0,846479360,0.000000,0.000000,36.394764,0.00,0,2,4,25,17,20,26,13,24,55,97,12,0,0,0,0,0,0,0.0016,0.0566,0.1594,0.0058,0.0155,0.0544,0.0465,10.3617,0.1537,0.0000,1.3157,0.0096,0.0001,0.4525,0.0213,0.0074,0.0002
2792,36.7848,0.0000,11.6445,12.5749,,true,0,0.008333,0.0000,0.0000,1.00,0.00,0.0000,22,1,295,295,0,0,100,1,11,11,0,246528,0,295,0,0,846479360,0.000000,0.000000,36.394764,0.00,0,2,4,25,17,20,26,13,24,55,97,12,0,0,0,0,0,0,0.0019,0.0415,0.2042,0.0041,0.0182,0.0740,0.0474,12.5749,0.1298,0.0000,1.2367,0.0069,0.0001,0.4145,0.0069,0.0111,0.0005
2793,36.8010,0.0000,21.7687,9.4871,,true,0,0.008333,0.0000,0.0000,1.00,0.00,0.0000,22,1,295,295,0,0,100,1,11,11,0,246528,0,295,0,0,846479360,0.000000,0.000000,36.394764,0.00,0,2,4,25,17,20,26,13,24,55,97,12,0,0,0,0,0,0,0.0022,0.0567,0.1177,0.0084,0.0384,0.1279,0.0403,9.4871,0.1062,0.0000,1.2264,0.0067,0.0001,0.4273,0.0096,0.0068,0.0001
2794,36.8170,0.0000,12.6386,12.2445,,true,0,0.008333,0.0000,0.0000,1.00,0.00,0.0000,22,1,295,295,0,0,100,1,11,11,0,246528,0,295,0,0,846479360,0.000000,0.000000,36.394764,0.00,0,2,4,25,17,20,26,13,24,55,97,12,0,0,0,0,0,0,0.0011,0.0995,0.2272,0.0031,0.0140,0.0473,0.0332,12.2445,0.2326,0.0000,1.3353,0.0042,0.0001,0.4870,0.0124,0.0083,0.0002
2795,36.8348,0.0000,16.2628,13.1338,,true,0,0.008333,0.0000,0.0000,1.00,0.00,0.0000,22,1,295,295,0,0,100,1,11,11,0,246528,0,295,0,0,846479360,0.000000,0.000000,36.394764,0.00,0,2,4,25,17,20,26,13,24,55,97,12,0,0,0,0,0,0,0.0039,0.0865,0.1911,0.0049,0.0625,0.1275,0.0918,13.1338,0.1324,0.0000,1.7788,0.0072,0.0001,0.6439,0.0180,0.0100,0.0002
2796,36.8484,0.0000,15.9073,11.1094,,true,0,0.008333,0.0000,0.0000,1.00,0.00,0.0000,22,1,295,295,0,0,100,1,11,11,0,246528,0,295,0,0,846479360,0.000000,0.000000,36.394764,0.00,0,2,4,25,17,20,26,13,24,55,97,12,0,0,0,0,0,0,0.0034,0.0888,0.1232,0.0174,0.0342,0.1151,0.0601,11.1094,0.1263,0.0000,1.7490,0.0065,0.0001,0.6656,0.0352,0.0065,0.0002
2797,36.8619,0.0000,14.8060,10.4340,,true,0,0.008333,0.0000,0.0000,1.00,0.00,0.0000,22,1,295,295,0,0,100,1,11,11,0,246528,0,295,0,0,846479360,0.000000,0.000000,36.394764,0.00,0,2,4,25,17,20,26,13,24,55,97,12,0,0,0,0,0,0,0.0053,0.0766,0.1856,0.0059,0.0135,0.0484,0.0645,10.4340,0.2503,0.0000,1.1525,0.0066,0.0001,0.4113,0.0162,0.0065,0.0001
2798,36.8788,0.0000,13.7737,12.8635,,true,0,0.008333,0.0000,0.0000,1.00,0.00,0.0000,22,1,295,295,0,0,100,1,11,11,0,246528,0,295,0,0,846479360,0.000000,0.000000,36.394764,0.00,0,2,4,25,17,20,26,13,24,55,97,12,0,0,0,0,0,0,0.0068,0.0858,0.4473,0.0148,0.0508,0.0403,0.0424,12.8635,0.2408,0.0000,3.2124,0.0094,0.0001,1.4615,0.0839,0.0074,0.0005
2799,36.8928,0.0000,17.9923,9.3625,,true,0,0.008333,0.0000,0.0000,1.00,0.00,0.0000,22,1,295,295,0,0,100,1,11,11,0,246528,0,295,0,0,846479360,0.000000,0.000000,36.394764,0.00,0,2,4,25,17,20,26,13,24,55,97,12,0,0,0,0,0,0,0.0050,0.0501,0.1140,0.0035,0.0139,0.0440,0.0542,9.3625,0.1310,0.0000,1.3029,0.0067,0.0001,0.4564,0.0141,0.0104,0.0002
2800,36.9075,0.0000,12.6303,11.9432,,true,0,0.008333,0.0000,0.0000,1.00,0.00,0.0000,22,1,295,295,0,0,100,1,11,11,0,246528,0,295,0,0,846479360,0.000000,0.000000,36.394764,0.00,0,2,4,25,17,20,26,13,24,55,97,12,0,0,0,0,0,0,0.0099,0.0402,0.0981,0.0098,0.0412,0.1296,0.0343,11.9432,0.1229,0.0000,1.1151,0.0023,0.0001,0.5212,0.0259,0.0025,0.0002
2801,36.9239,0.0000,17.5581,9.9940,,true,0,0.008333,0.0000,0.0000,1.00,0.00,0.0000,22,1,295,295,0,0,100,1,11,11,0,246528,0,295,0,0,846479360,0.000000,0.000000,36.394764,0.00,0,2,4,25,17,20,26,13,24,55,97,12,0,0,0,0,0,0,0.0053,0.0668,0.1319,0.0338,0.0317,0.1304,0.0455,9.9940,0.1689,0.0000,1.3834,0.0049,0.0001,0.4287,0.0164,0.0074,0.0001
2802,36.9408,0.0000,15.8960,9.8596,,true,0,0.008333,0.0000,0.0000,1.00,0.00,0.0000,22,1,295,295,0,0,100,1,11,11,0,246528,0,295,0,0,846479360,0.000000,0.000000,36.394764,0.00,0,2,4,25,17,20,26,13,24,55,97,12,0,0,0,0,0,0,0.0073,0.0762,0.1001,0.0083,0.0337,0.1078,0.0384,9.8596,0.0849,0.0000,1.1214,0.0053,0.0001,0.3668,0.0243,0.0074,0.0001
2803,36.9581,0.0000,17.0413,11.5283,,true,0,0.008333,0.0000,0.0000,1.00,0.00,0.0000,22,1,295,295,0,0,100,1,11,11,0,246528,0,295,0,0,846479360,0.000000,0.000000,36.394764,0.00,0,2,4,25,17,20,26,13,24,55,97,12,0,0,0,0,0,0,0.0167,0.1546,0.1519,0.0114,0.0150,0.0425,0.0796,11.5283,0.1065,0.0000,2.1116,0.0098,0.0001,0.7943,0.0431,0.0088,0.0002
2804,36.9730,0.0000,14.8231,10.7577,,true,0,0.008333,0.0000,0.0000,1.00,0.00,0.0000,22,1,295,295,0,0,100,1,11,11,0,246528,0,295,0,0,846479360,0.000000,0.000000,36.394764,0.00,0,2,4,25,17,20,26,13,24,55,97,12,0,0,0,0,0,0,0.0028,0.0912,0.1052,0.0099,0.0518,0.1274,0.0626,10.7577,0.1209,0.0000,1.5886,0.0105,0.0001,0.5255,0.0196,0.0162,0.0002
2805,36.9894,0.0000,15.8370,12.3978,,true,0,0.008333,0.0000,0.0000,1.00,0.00,0.0000,22,1,295,295,0,0,100,1,11,11,0,246528,0,295,0,0,846479360,0.000000,0.000000,36.702978,0.00,0,2,4,25,17,20,26,13,24,55,97,12,0,0,0,0,0,0,0.0032,0.0931,0.4660,0.0044,0.0226,0.2033,0.0561,12.3978,0.2460,0.0000,1.3533,0.0066,0.0001,0.4718,0.0138,0.0075,0.0001
2806,37.0220,0.0000,17.5849,25.9053,,true,0,0.008333,0.0000,0.0000,1.00,0.00,0.0000,22,1,295,295,0,0,100,1,11,11,0,246528,0,295,0,0,846479360,0.000000,0.000000,36.702978,0.00,0,2,4,25,17,20,26,13,24,55,97,12,0,0,0,0,0,0,0.0049,0.0876,0.1520,0.0092,0.0364,0.1369,0.0858,25.9053,0.1613,0.0000,13.4060,0.0026,0.8218,0.3264,0.0198,0.0033,11.6561
2807,37.0319,0.0000,17.8644,8.7048,,true,0,0.008333,0.0000,0.0000,1.00,0.00,0.0000,22,1,295,295,0,0,100,1,11,11,0,246528,0,295,0,0,846479360,0.000000,0.000000,36.702978,0.00,0,2,4,25,17,20,26,13,24,55,97,12,0,0,0,0,0,0,0.0018,0.0475,0.0960,0.0033,0.0179,0.0582,0.0559,8.7048,0.0780,0.0000,1.4963,0.0026,0.0001,0.6209,0.0080,0.0035,0.0002
2808,37.0481,0.0000,23.4861,11.5002,,true,0,0.008333,0.0000,0.0000,1.00,0.00,0.0000,22,1,295,295,0,0,100,1,11,11,0,246528,0,295,0,0,846479360,0.000000,0.000000,36.702978,0.00,0,2,4,25,17,20,26,13,24,55,97,12,0,0,0,0,0,0,0.0084,0.0767,0.4064,0.0136,0.0660,0.0500,0.1011,11.5002,0.2271,0.0000,1.8423,0.0042,0.0001,0.8173,0.0247,0.0043,0.0002
2809,37.0635,0.0000,15.2456,11.8189,,true,0,0.008333,0.0000,0.0000,1.00,0.00,0.0000,22,1,295,295,0,0,100,1,11,11,0,246528,0,295,0,0,846479360,0.000000,0.000000,36.702978,0.00,0,2,4,25,17,20,26,13,24,55,97,12,0,0,0,0,0,0,0.0096,0.0920,0.1234,0.0397,0.0951,0.0644,0.0628,11.8189,0.1538,0.0000,1.3583,0.0106,0.0001,0.4471,0.0181,0.0110,0.0001
2810,37.0833,0.0000,17.0602,15.0691,,true,0,0.008333,0.0000,0.0000,1.00,0.00,0.0000,22,1,295,295,0,0,100,1,11,11,0,246528,0,295,0,0,846479360,0.000000,0.000000,36.702978,0.00,0,2,4,25,17,20,26,13,24,55,97,12,0,0,0,0,0,0,0.0135,0.1216,0.0858,0.0049,0.0170,0.0493,0.1282,15.0691,0.5038,0.0000,1.1432,0.0114,0.0001,0.3213,0.0154,0.0084,0.0001
2811,37.0953,0.0000,15.6408,9.8382,,true,0,0.008333,0.0000,0.0000,1.00,0.00,0.0000,22,1,295,295,0,0,100,1,11,11,0,246528,0,295,0,0,846479360,0.000000,0.000000,36.702978,0.00,0,2,4,25,17,20,26,13,24,55,97,12,0,0,0,0,0,0,0.0029,0.0626,0.1308,0.0097,0.0171,0.0438,0.0475,9.8382,0.1145,0.0000,1.3408,0.0052,0.0001,0.5077,0.0188,0.0102,0.0001
2812,37.1109,0.0000,14.4967,12.3299,,true,0,0.008333,0.0000,0.0000,1.00,0.00,0.0000,22,1,295,295,0,0,100,1,11,11,0,246528,0,295,0,0,846479360,0.000000,0.000000,36.702978,0.00,0,2,4,25,17,20,26,13,24,55,97,12,0,0,0,0,0,0,0.0085,0.1055,0.1186,0.0039,0.0189,0.0589,0.0749,12.3299,0.1744,0.0000,1.7491,0.0087,0.0001,0.6385,0.0193,0.0117,0.0001
2813,37.1350,0.0000,18.1870,16.8992,,true,0,0.008333,0.0000,0.0000,1.00,0.00,0.0000,22,1,295,295,0,0,100,1,11,11,0,246528,0,295,0,0,846479360,0.000000,0.000000,36.702978,0.00,0,2,4,25,17,20,26,13,24,55,97,12,0,0,0,0,0,0,0.0112,0.0789,0.0525,0.0067,0.0239,0.0957,0.0457,16.8992,0.0533,0.0000,1.3843,0.0066,0.0001,0.4464,0.0158,0.0079,0.0001
2814,37.1484,0.0000,21.2533,9.6265,,true,0,0.008333,0.0000,0.0000,1.00,0.00,0.0000,22,1,295,295,0,0,100,1,11,11,0,246528,0,295,0,0,846479360,0.000000,0.000000,36.702978,0.00,0,2,4,25,17,20,26,13,24,55,97,12,0,0,0,0,0,0,0.0037,0.0952,0.1455,0.0185,0.0502,0.1521,0.0453,9.6265,0.1512,0.0000,1.1575,0.0099,0.0001,0.3867,0.0194,0.0105,0.0001
2815,37.1633,0.0000,14.7938,10.6325,,true,0,0.008333,0.0000,0.0000,1.00,0.00,0.0000,22,1,295,295,0,0,100,1,11,11,0,246528,0,295,0,0,846479360,0.000000,0.000000,36.702978,0.00,0,2,4,25,17,20,26,13,24,55,97,12,0,0,0,0,0,0,0.0015,0.0660,0.1364,0.0124,0.0183,0.1280,0.0452,10.6325,0.1378,0.0000,0.8973,0.0054,0.0001,0.3032,0.0121,0.0059,0.0001
2816,37.1765,0.0000,14.6420,9.2740,,true,0,0.008333,0.0000,0.0000,1.00,0.00,0.0000,22,1,295,295,0,0,100,1,11,11,0,246528,0,295,0,0,846479360,0.000000,0.000000,36.702978,0.00,0,2,4,25,17,20,26,13,24,55,97,12,0,0,0,0,0,0,0.0029,0.0323,0.1209,0.0030,0.0113,0.0431,0.0314,9.2740,0.1985,0.0000,1.1910,0.0069,0.0001,0.4334,0.0070,0.0161,0.0001
2817,37.1920,0.0000,14.6741,9.8548,,true,0,0.008333,0.0000,0.0000,1.00,0.00,0.0000,22,1,295,295,0,0,100,1,11,11,0,246528,0,295,0,0,846479360,0.000000,0.000000,36.702978,0.00,0,2,4,25,17,20,26,13,24,55,97,12,0,0,0,0,0,0,0.0031,0.1379,0.1342,0.0030,0.0138,0.0483,0.0545,9.8548,0.2404,0.0000,1.4554,0.0045,0.0001,0.5051,0.0184,0.0064,0.0002
2818,37.2109,0.0000,14.3686,14.0813,,true,0,0.008333,0.0000,0.0000,1.00,0.00,0.0000,22,1,295,295,0,0,100,1,11,11,0,246528,0,295,0,0,846479360,0.000000,0.000000,36.702978,0.00,0,2,4,25,17,20,26,13,24,55,97,12,0,0,0,0,0,0,0.0244,0.1621,0.1479,0.0471,0.0507,0.0815,0.1096,14.0813,0.1391,0.0000,1.7406,0.0078,0.0001,0.6521,0.0190,0.0124,0.0002
2819,37.2245,0.0000,17.1378,10.5625,,true,0,0.008333,0.0000,0.0000,1.00,0.00,0.0000,22,1,295,295,0,0,100,1,11,11,0,246528,0,295,0,0,846479360,0.000000,0.000000,36.702978,0.00,0,2,4,25,17,20,26,13,24,55,97,12,0,0,0,0,0,0,0.0028,0.0946,0.1868,0.0144,0.0785,0.0508,0.0422,10.5625,0.1572,0.0000,1.3440,0.0080,0.0001,0.4795,0.0203,0.0061,0.0005
2820,37.2443,0.0000,16.7636,13.1297,,true,0,0.008333,0.0000,0.0000,1.00,0.00,0.0000,22,1,295,295,0,0,100,1,11,11,0,246528,0,295,0,0,846479360,0.000000,0.000000,36.702978,0.00,0,2,4,25,17,20,26,13,24,55,97,12,0,0,0,0,0,0,0.0015,0.0729,0.2626,0.0114,0.0727,0.1599,0.0515,13.1297,0.3709,0.0000,2.0418,0.0126,0.0001,0.7258,0.0371,0.0152,0.0001
2821,37.2686,0.0000,19.1084,18.8860,,true,0,0.008333,0.0000,0.0000,1.00,0.00,0.0000,22,1,295,295,0,0,100,1,11,11,0,246528,0,295,0,0,846479360,0.000000,0.000000,36.702978,0.00,0,2,4,25,17,20,26,13,24,55,97,12,0,0,0,0,0,0,0.0130,0.1086,0.1960,0.0123,0.0603,0.1751,0.1053,18.8860,0.1419,0.0000,2.0076,0.0096,0.0001,0.7562,0.0264,0.0088,0.0002
2822,37.2801,0.0000,20.2687,9.5584,,true,0,0.008333,0.0000,0.0000,1.00,0.00,0.0000,22,1,295,295,0,0,100,1,11,11,0,246528,0,295,0,0,846479360,0.000000,0.000000,36.702978,0.00,0,2,4,25,17,20,26,13,24,55,97,12,0,0,0,0,0,0,0.0028,0.0945,0.0859,0.0071,0.0465,0.1212,0.0668,9.5584,0.1111,0.0000,1.3028,0.0079,0.0001,0.4713,0.0163,0.0107,0.0001
2823,37.2973,0.0000,14.1570,13.7764,,true,0,0.008333,0.0000,0.0000,1.00,0.00,0.0000,22,1,295,295,0,0,100,1,11,11,0,246528,0,295,0,0,846479360,0.000000,0.000000,37.012200,0.00,0,2,4,25,17,20,26,13,24,55,97,12,0,0,0,0,0,0,0.0021,0.0673,0.1123,0.0131,0.0142,0.1397,0.0448,13.7764,0.1577,0.0000,1.3387,0.0043,0.0001,0.4936,0.0163,0.0047,0.0002
2824,37.3142,0.0000,18.4616,11.3549,,true,0,0.008333,0.0000,0.0000,1.00,0.00,0.0000,22,1,295,295,0,0,100,1,11,11,0,246528,0,295,0,0,846479360,0.000000,0.000000,37.012200,0.00,0,2,4,25,17,20,26,13,24,55,97,12,0,0,0,0,0,0,0.0014,0.0409,0.1697,0.0068,0.0282,0.0972,0.0370,11.3549,0.1919,0.0000,1.2255,0.0061,0.0001,0.4603,0.0158,0.0047,0.0001
2825,37.3363,0.0000,17.6389,16.0800,,true,0,0.008333,0.0000,0.0000,1.00,0.00,0.0000,22,1,295,295,0,0,100,1,11,11,0,246528,0,295,0,0,846479360,0.000000,0.000000,37.012200,0.00,0,2,4,25,17,20,26,13,24,55,97,12,0,0,0,0,0,0,0.0045,0.1171,0.1375,0.0066,0.0142,0.0435,0.0758,16.0800,0.1319,0.0000,1.8892,0.0041,0.0002,0.7487,0.0311,0.0036,0.0010
2826,37.3495,0.0000,16.0832,11.2448,,true,0,0.008333,0.0000,0.0000,1.00,0.00,0.0000,22,1,295,295,0,0,100,1,11,11,0,246528,0,295,0,0,846479360,0.000000,0.000000,37.012200,0.00,0,2,4,25,17,20,26,13,24,55,97,12,0,0,0,0,0,0,0.0033,0.1142,0.1637,0.0102,0.0364,0.1296,0.0732,11.2448,0.1202,0.0000,1.9784,0.0135,0.0001,0.6812,0.0240,0.0123,0.0002
2827,37.3636,0.0000,17.0066,10.3538,,true,0,0.008333,0.0000,0.0000,1.00,0.00,0.0000,22,1,295,295,0,0,100,1,11,11,0,246528,0,295,0,0,846479360,0.000000,0.000000,37.012200,0.00,0,2,4,25,17,20,26,13,24,55,97,12,0,0,0,0,0,0,0.0122,0.3600,0.1167,0.0044,0.0157,0.0801,0.0853,10.3538,0.1381,0.0000,1.6046,0.0044,0.0001,0.5173,0.0368,0.0033,0.0003
2828,37.3843,0.0000,18.4802,13.0663,,true,0,0.008333,0.0000,0.0000,1.00,0.00,0.0000,22,1,295,295,0,0,100,1,11,11,0,246528,0,295,0,0,846479360,0.000000,0.000000,37.012200,0.00,0,2,4,25,17,20,26,13,24,55,97,12,0,0,0,0,0,0,0.0050,0.1748,0.0756,0.0266,0.0447,0.1544,0.0835,13.0663,0.0690,0.0000,2.2186,0.0260,0.0001,0.6110,0.0244,0.0244,0.0005
2829,37.3969,0.0000,13.9784,9.2975,,true,0,0.008333,0.0000,0.0000,1.00,0.00,0.0000,22,1,295,295,0,0,100,1,11,11,0,246528,0,295,0,0,846479360,0.000000,0.000000,37.012200,0.00,0,2,4,25,17,20,26,13,24,55,97,12,0,0,0,0,0,0,0.0033,0.0709,0.0793,0.0057,0.0317,0.0945,0.0419,9.2975,0.1769,0.0000,1.0896,0.0062,0.0001,0.3774,0.0143,0.0070,0.0001
2830,37.4119,0.0000,16.3500,10.0077,,true,0,0.008333,0.0000,0.0000,1.00,0.00,0.0000,22,1,295,295,0,0,100,1,11,11,0,246528,0,295,0,0,846479360,0.000000,0.000000,37.012200,0.00,0,2,4,25,17,20,26,13,24,55,97,12,0,0,0,0,0,0,0.0025,0.0621,0.2457,0.0026,0.0122,0.0364,0.0424,10.0077,0.1534,0.0000,0.7930,0.0028,0.0001,0.3041,0.0093,0.0065,0.0001
2831,37.4277,0.0000,16.3966,9.1557,,true,0,0.008333,0.0000,0.0000,1.00,0.00,0.0000,22,1,295,295,0,0,100,1,11,11,0,246528,0,295,0,0,846479360,0.000000,0.000000,37.012200,0.00,0,2,4,25,17,20,26,13,24,55,97,12,0,0,0,0,0,0,0.0112,0.1063,0.1183,0.0025,0.0318,0.1089,0.0634,9.1557,0.1193,0.0000,1.4920,0.0092,0.0001,0.5468,0.0208,0.0105,0.0002
2832,37.4432,0.0000,14.0650,10.6750,,true,0,0.008333,0.0000,0.0000,1.00,0.00,0.0000,22,1,295,295,0,0,100,1,11,11,0,246528,0,295,0,0,846479360,0.000000,0.000000,37.012200,0.00,0,2,4,25,17,20,26,13,24,55,97,12,0,0,0,0,0,0,0.0039,0.1024,0.1867,0.0113,0.0450,0.0539,0.0643,10.6750,0.1857,0.0000,1.8652,0.0092,0.0001,0.6770,0.0179,0.0110,0.0008
2833,37.4585,0.0000,15.2846,11.0086,,true,0,0.008333,0.0000,0.0000,1.00,0.00,0.0000,22,1,295,295,0,0,100,1,11,11,0,246528,0,295,0,0,846479360,0.000000,0.000000,37.012200,0.00,0,2,4,25,17,20,26,13,24,55,97,12,0,0,0,0,0,0,0.0013,0.0353,0.1396,0.0021,0.0135,0.0380,0.0294,11.0086,0.1516,0.0000,1.6246,0.0119,0.0001,0.4986,0.0254,0.0169,0.0002
2834,37.4711,0.0000,11.5687,10.0460,,true,0,0.008333,0.0000,0.0000,1.00,0.00,0.0000,22,1,295,295,0,0,100,1,11,11,0,246528,0,295,0,0,846479360,0.000000,0.000000,37.012200,0.00,0,2,4,25,17,20,26,13,24,55,97,12,0,0,0,0,0,0,0.0018,0.0474,0.1413,0.0072,0.0198,0.0620,0.0439,10.0460,0.1427,0.0000,1.6986,0.0033,0.0001,0.4948,0.0300,0.0035,0.0002
2835,37.4907,0.0000,17.9328,13.0164,,true,0,0.008333,0.0000,0.0000,1.00,0.00,0.0000,22,1,295,295,0,0,100,1,11,11,0,246528,0,295,0,0,846479360,0.000000,0.000000,37.012200,0.00,0,2,4,25,17,20,26,13,24,55,97,12,0,0,0,0,0,0,0.0042,0.0812,0.1340,0.0134,0.0353,0.1485,0.0763,13.0164,0.1582,0.0000,1.7774,0.0075,0.0001,0.6579,0.0151,0.0128,0.0002
2836,37.5021,0.0000,13.7465,9.4805,,true,0,0.008333,0.0000,0.0000,1.00,0.00,0.0000,22,1,295,295,0,0,100,1,11,11,0,246528,0,295,0,0,846479360,0.000000,0.000000,37.012200,0.00,0,2,4,25,17,20,26,13,24,55,97,12,0,0,0,0,0,0,0.0031,0.1025,0.1760,0.0102,0.0321,0.1056,0.0582,9.4805,0.1418,0.0000,1.8223,0.0096,0.0001,0.4460,0.0214,0.0081,0.0009
2837,37.5180,0.0000,16.3907,10.1920,,true,0,0.008333,0.0000,0.0000,1.00,0.00,0.0000,22,1,295,295,0,0,100,1,11,11,0,246528,0,295,0,0,846479360,0.000000,0.000000,37.012200,0.00,0,2,4,25,17,20,26,13,24,55,97,12,0,0,0,0,0,0,0.0023,0.0707,0.1915,0.0058,0.0716,0.0441,0.0507,10.1920,0.1078,0.0000,1.9358,0.0094,0.0001,0.6510,0.0161,0.0148,0.0002
2838,37.5324,0.0000,14.5430,10.6401,,true,0,0.008333,0.0000,0.0000,1.00,0.00,0.0000,22,1,295,295,0,0,100,1,11,11,0,246528,0,295,0,0,846479360,0.000000,0.000000,37.012200,0.00,0,2,4,25,17,20,26,13,24,55,97,12,0,0,0,0,0,0,0.0030,0.0694,0.1715,0.0034,0.0150,0.0483,0.0475,10.6401,0.1796,0.0000,1.3853,0.0030,0.0001,0.6127,0.0304,0.0029,0.0002
2839,37.5503,0.0000,15.9010,12.1102,,true,0,0.008333,0.0000,0.0000,1.00,0.00,0.0000,22,1,295,295,0,0,100,1,11,11,0,246528,0,295,0,0,846479360,0.000000,0.000000,37.012200,0.00,0,2,4,25,17,20,26,13,24,55,97,12,0,0,0,0,0,0,0.0072,0.1130,0.1591,0.0146,0.0251,0.1572,0.0612,12.1102,0.1963,0.0000,1.6992,0.0082,0.0001,0.6260,0.0270,0.0118,0.0002
2840,37.5676,0.0000,17.9871,11.3660,,true,0,0.008333,0.0000,0.0000,1.00,0.00,0.0000,22,1,295,295,0,0,100,1,11,11,0,246528,0,295,0,0,846479360,0.000000,0.000000,37.012200,0.00,0,2,4,25,17,20,26,13,24,55,97,12,0,0,0,0,0,0,0.0029,0.0964,0.2123,0.0190,0.0423,0.1535,0.0574,11.3660,0.1824,0.0000,2.1708,0.0128,0.0002,0.8321,0.0250,0.0127,0.0002
2841,37.5858,0.0000,16.5730,12.4935,,true,0,0.008333,0.0000,0.0000,1.00,0.00,0.0000,22,1,295,295,0,0,100,1,11,11,0,246528,0,295,0,0,846479360,0.000000,0.000000,37.012200,0.00,0,2,4,25,17,20,26,13,24,55,97,12,0,0,0,0,0,0,0.0047,0.1242,0.3297,0.0116,0.0409,0.1513,0.0928,12.4935,0.2600,0.0000,2.2474,0.0117,0.0001,0.4630,0.0404,0.0117,0.0004
2842,37.6067,0.0000,21.6913,11.5091,,true,0,0.008333,0.0000,0.0000,1.00,0.00,0.0000,22,1,295,295,0,0,100,1,11,11,0,246528,0,295,0,0,846479360,0.000000,0.000000,37.324343,0.00,0,2,4,25,17,20,26,13,24,55,97,12,0,0,0,0,0,0,0.0022,0.0988,0.0974,0.0085,0.1975,0.7602,0.0598,11.5091,0.0721,0.0000,1.4958,0.0045,0.0001,0.4672,0.0218,0.0052,0.0007
2843,37.6226,0.0000,15.9391,12.4447,,true,0,0.008333,0.0000,0.0000,1.00,0.00,0.0000,22,1,295,295,0,0,100,1,11,11,0,246528,0,295,0,0,846479360,0.000000,0.000000,37.324343,0.00,0,2,4,25,17,20,26,13,24,55,97,12,0,0,0,0,0,0,0.0048,0.0928,0.1045,0.0090,0.0418,0.0770,0.0655,12.4447,0.1364,0.0000,2.2989,0.0110,0.0002,0.7661,0.0232,0.0158,0.0002
2844,37.6436,0.0000,17.3026,15.6125,,true,0,0.008333,0.0000,0.0000,1.00,0.00,0.0000,22,1,295,295,0,0,100,1,11,11,0,246528,0,295,0,0,846479360,0.000000,0.000000,37.324343,0.00,0,2,4,25,17,20,26,13,24,55,97,12,0,0,0,0,0,0,0.0057,0.1393,0.1648,0.0092,0.0537,0.1180,0.0882,15.6125,0.2051,0.0000,2.1185,0.0074,0.0002,0.7085,0.0405,0.0164,0.0007
2845,37.6577,0.0000,17.8479,10.9284,,true,0,0.008333,0.0000,0.0000,1.00,0.00,0.0000,22,1,295,295,0,0,100,1,11,11,0,246528,0,295,0,0,846479360,0.000000,0.000000,37.324343,0.00,0,2,4,25,17,20,26,13,24,55,97,12,0,0,0,0,0,0,0.0035,0.0974,0.2816,0.0117,0.0338,0.1256,0.0524,10.9284,0.1119,0.0000,1.4462,0.0083,0.0001,0.5027,0.0264,0.0111,0.0002
2846,37.6769,0.0000,16.3380,15.7336,,true,0,0.008333,0.0000,0.0000,1.00,0.00,0.0000,22,1,295,295,0,0,100,1,11,11,0,246528,0,295,0,0,846479360,0.000000,0.000000,37.324343,0.00,0,2,4,25,17,20,26,13,24,55,97,12,0,0,0,0,0,0,0.0047,0.1042,0.1194,0.0084,0.0319,0.1782,0.0812,15.7336,0.1295,0.0000,1.6082,0.0054,0.0001,0.7407,0.0245,0.0049,0.0002
2847,37.6981,0.0000,18.8982,14.3773,,true,0,0.008333,0.0000,0.0000,1.00,0.00,0.0000,22,1,295,295,0,0,100,1,11,11,0,246528,0,295,0,0,846479360,0.000000,0.000000,37.324343,0.00,0,2,4,25,17,20,26,13,24,55,97,12,0,0,0,0,0,0,0.0059,0.0754,0.0637,0.0070,0.0364,0.0764,0.0627,14.3773,0.0496,0.0000,1.3008,0.0033,0.0002,0.4586,0.0086,0.0031,0.0003
2848,37.7108,0.0000,17.7975,10.7114,,true,0,0.008333,0.0000,0.0000,1.00,0.00,0.0000,22,1,295,295,0,0,100,1,11,11,0,246528,0,295,0,0,846479360,0.000000,0.000000,37.324343,0.00,0,2,4,25,17,20,26,13,24,55,97,12,0,0,0,0,0,0,0.0048,0.0721,0.1152,0.0133,0.0283,0.1656,0.0857,10.7114,0.3387,0.0000,2.5430,0.0216,0.0001,0.8508,0.0678,0.0274,0.0002
2849,37.7257,0.0000,16.1563,11.5078,,true,0,0.008333,0.0000,0.0000,1.00,0.00,0.0000,22,1,295,295,0,0,100,1,11,11,0,246528,0,295,0,0,846479360,0.000000,0.000000,37.324343,0.00,0,2,4,25,17,20,26,13,24,55,97,12,0,0,0,0,0,0,0.0042,0.0352,0.1340,0.0037,0.0173,0.0486,0.0327,11.5078,0.1286,0.0000,0.9406,0.0055,0.0001,0.3817,0.0354,0.0066,0.0001
2850,37.7388,0.0000,12.5329,10.6634,,true,0,0.008333,0.0000,0.0000,1.00,0.00,0.0000,22,1,295,295,0,0,100,1,11,11,0,246528,0,295,0,0,846479360,0.000000,0.000000,37.324343,0.00,0,2,4,25,17,20,26,13,24,55,97,12,0,0,0,0,0,0,0.0045,0.0497,0.1538,0.0032,0.0131,0.0460,0.0694,10.6634,0.1771,0.0000,1.6430,0.0110,0.0001,0.6133,0.0161,0.0103,0.0002
2851,37.7540,0.0000,15.5560,11.7011,,true,0,0.008333,0.0000,0.0000,1.00,0.00,0.0000,22,1,295,295,0,0,100,1,11,11,0,246528,0,295,0,0,846479360,0.000000,0.000000,37.324343,0.00,0,2,4,25,17,20,26,13,24,55,97,12,0,0,0,0,0,0,0.0010,0.0615,0.1275,0.0097,0.2084,0.1099,0.0839,11.7011,0.1271,0.0000,2.2661,0.0032,0.0001,0.8859,0.0304,0.0035,0.0002
2852,37.7839,0.0000,13.2878,28.2274,,true,0,0.008333,0.0000,0.0000,1.00,0.00,0.0000,22,1,295,295,0,0,100,1,11,11,0,246528,0,295,0,0,846479360,0.000000,0.000000,37.324343,0.00,0,2,4,25,17,20,26,13,24,55,97,12,0,0,0,0,0,0,0.0161,0.0950,0.1323,0.0083,0.0482,0.1242,0.0663,28.2274,0.1584,0.0000,19.7596,0.0045,1.3671,0.4170,0.0424,0.0079,16.9528
2853,37.7909,0.0000,12.8193,5.4091,,true,0,0.008333,0.0000,0.0000,1.00,0.00,0.0000,22,1,295,295,0,0,100,1,11,11,0,246528,0,295,0,0,846479360,0.000000,0.000000,37.324343,0.00,0,2,4,25,17,20,26,13,24,55,97,12,0,0,0,0,0,0,0.0025,0.0656,0.0591,0.0082,0.0208,0.0922,0.0465,5.4091,0.0527,0.0000,1.1143,0.0026,0.0001,0.4662,0.0068,0.0028,0.0002
2854,37.8043,0.0000,25.8155,10.2400,,true,0,0.008333,0.0000,0.0000,1.00,0.00,0.0000,22,1,295,295,0,0,100,1,11,11,0,246528,0,295,0,0,846479360,0.000000,0.000000,37.324343,0.00,0,2,4,25,17,20,26,13,24,55,97,12,0,0,0,0,0,0,0.0012,0.0754,0.1070,0.0046,0.0115,0.0437,0.0340,10.2400,0.1633,0.0000,1.2823,0.0082,0.0001,0.4351,0.0180,0.0116,0.0001
2855,37.8213,0.0000,15.5004,10.2404,,true,0,0.008333,0.0000,0.0000,1.00,0.00,0.0000,22,1,295,295,0,0,100,1,11,11,0,246528,0,295,0,0,846479360,0.000000,0.000000,37.324343,0.00,0,2,4,25,17,20,26,13,24,55,97,12,0,0,0,0,0,0,0.0034,0.0785,0.1240,0.0176,0.0661,0.1241,0.0565,10.2404,0.1101,0.0000,1.4819,0.0108,0.0001,0.4947,0.0169,0.0140,0.0006
2856,37.8343,0.0000,11.6031,10.1431,,true,0,0.008333,0.0000,0.0000,1.00,0.00,0.0000,22,1,295,295,0,0,100,1,11,11,0,246528,0,295,0,0,846479360,0.000000,0.000000,37.324343,0.00,0,2,4,25,17,20,26,13,24,55,97,12,0,0,0,0,0,0,0.0089,0.0906,0.1461,0.0072,0.0243,0.0498,0.0847,10.1431,0.1332,0.0000,1.7205,0.0052,0.0001,0.4890,0.0172,0.0059,0.0002
2857,37.8481,0.0000,17.6740,9.4430,,true,0,0.008333,0.0000,0.0000,1.00,0.00,0.0000,22,1,295,295,0,0,100,1,11,11,0,246528,0,295,0,0,846479360,0.000000,0.000000,37.324343,0.00,0,2,4,25,17,20,26,13,24,55,97,12,0,0,0,0,0,0,0.0024,0.0515,0.0720,0.0022,0.0116,0.1315,0.0345,9.4430,0.0712,0.0000,0.8037,0.0022,0.0001,0.3633,0.0116,0.0032,0.0001
2858,37.8590,0.0000,11.5599,9.2580,,true,0,0.008333,0.0000,0.0000,1.00,0.00,0.0000,22,1,295,295,0,0,100,1,11,11,0,246528,0,295,0,0,846479360,0.000000,0.000000,37.324343,0.00,0,2,4,25,17,20,26,13,24,55,97,12,0,0,0,0,0,0,0.0031,0.0943,0.0909,0.0059,0.0307,0.0984,0.0636,9.2580,0.0978,0.0000,1.2771,0.0036,0.0001,0.4879,0.0174,0.0074,0.0002
2859,37.8690,0.0000,10.7197,8.5511,,true,0,0.008333,0.0000,0.0000,1.00,0.00,0.0000,22,1,295,295,0,0,100,1,11,11,0,246528,0,295,0,0,846479360,0.000000,0.000000,37.324343,0.00,0,2,4,25,17,20,26,13,24,55,97,12,0,0,0,0,0,0,0.0072,0.0792,0.1139,0.0041,0.0216,0.0788,0.0560,8.5511,0.1518,0.0000,1.3094,0.0065,0.0001,0.4763,0.0095,0.0067,0.0002
2860,37.8811,0.0000,10.0552,8.9755,,true,0,0.008333,0.0000,0.0000,1.00,0.00,0.0000,22,1,295,295,0,0,100,1,11,11,0,246528,0,295,0,0,846479360,0.000000,0.000000,37.324343,0.00,0,2,4,25,17,20,26,13,24,55,97,12,0,0,0,0,0,0,0.0041,0.0866,0.1026,0.0055,0.0332,0.1125,0.0648,8.9755,0.0897,0.0000,1.3971,0.0038,0.0001,0.5612,0.0072,0.0065,0.0007
2861,37.8911,0.0000,12.8168,8.0190,,true,0,0.008333,0.0000,0.0000,1.00,0.00,0.0000,22,1,295,295,0,0,100,1,11,11,0,246528,0,295,0,0,846479360,0.000000,0.000000,37.324343,0.00,0,2,4,25,17,20,26,13,24,55,97,12,0,0,0,0,0,0,0.0014,0.0826,0.1059,0.0048,0.0158,0.1224,0.0479,8.0190,0.1431,0.0000,1.0943,0.0067,0.0001,0.4269,0.0098,0.0077,0.0004
2862,37.9016,0.0000,8.0669,8.8101,,true,0,0.008333,0.0000,0.0000,1.00,0.00,0.0000,22,1,295,295,0,0,100,1,11,11,0,246528,0,295,0,0,846479360,0.000000,0.000000,37.632977,0.00,0,2,4,25,17,20,26,13,24,55,97,12,0,0,0,0,0,0,0.0037,0.1089,0.0713,0.0086,0.0396,0.2983,0.0626,8.8101,0.1260,0.0000,1.2399,0.0065,0.0001,0.4231,0.0064,0.0098,0.0002
2863,37.9115,0.0000,11.7375,7.9346,,true,0,0.008333,0.0000,0.0000,1.00,0.00,0.0000,22,1,295,295,0,0,100,1,11,11,0,246528,0,295,0,0,846479360,0.000000,0.000000,37.632977,0.00,0,2,4,25,17,20,26,13,24,55,97,12,0,0,0,0,0,0,0.0009,0.0752,0.1091,0.0030,0.0139,0.0770,0.0320,7.9346,0.1250,0.0000,1.4023,0.0035,0.0001,0.4364,0.0167,0.0066,0.0008
2864,37.9225,0.0000,11.2790,8.1007,,true,0,0.008333,0.0000,0.0000,1.00,0.00,0.0000,22,1,295,295,0,0,100,1,11,11,0,246528,0,295,0,0,846479360,0.000000,0.000000,37.632977,0.00,0,2,4,25,17,20,26,13,24,55,97,12,0,0,0,0,0,0,0.0026,0.0477,0.0662,0.0045,0.0272,0.0928,0.0465,8.1007,0.0641,0.0000,1.0447,0.0046,0.0001,0.4180,0.0084,0.0054,0.0002
2865,37.9367,0.0000,13.2169,8.8978,,true,0,0.008333,0.0000,0.0000,1.00,0.00,0.0000,22,1,295,295,0,0,100,1,11,11,0,246528,0,295,0,0,846479360,0.000000,0.000000,37.632977,0.00,0,2,4,25,17,20,26,13,24,55,97,12,0,0,0,0,0,0,0.0014,0.1040,0.0679,0.0072,0.0314,0.1118,0.0503,8.8978,0.0622,0.0000,1.0559,0.0043,0.0001,0.3971,0.0094,0.0049,0.0002
2866,37.9504,0.0000,14.4854,7.8830,,true,0,0.008333,0.0000,0.0000,1.00,0.00,0.0000,22,1,295,295,0,0,100,1,11,11,0,246528,0,295,0,0,846479360,0.000000,0.000000,37.632977,0.00,0,2,4,25,17,20,26,13,24,55,97,12,0,0,0,0,0,0,0.0014,0.0431,0.1491,0.0031,0.0125,0.0866,0.0429,7.8830,0.1758,0.0000,1.3224,0.0050,0.0002,0.4523,0.0170,0.0076,0.0002
2867,37.9593,0.0000,10.6152,6.6412,,true,0,0.008333,0.0000,0.0000,1.00,0.00,0.0000,22,1,295,295,0,0,100,1,11,11,0,246528,0,295,0,0,846479360,0.000000,0.000000,37.632977,0.00,0,2,4,25,17,20,26,13,24,55,97,12,0,0,0,0,0,0,0.0016,0.0484,0.0609,0.0049,0.0246,0.0963,0.0401,6.6412,0.0864,0.0000,1.0720,0.0036,0.0001,0.4231,0.0089,0.0048,0.0002
2868,37.9724,0.0000,13.4384,6.2436,,true,0,0.008333,0.0000,0.0000,1.00,0.00,0.0000,22,1,295,295,0,0,100,1,11,11,0,246528,0,295,0,0,846479360,0.000000,0.000000,37.632977,0.00,0,2,4,25,17,20,26,13,24,55,97,12,0,0,0,0,0,0,0.0021,0.0477,0.0611,0.0044,0.0225,0.0761,0.0457,6.2436,0.0589,0.0000,0.9886,0.0052,0.0001,0.3927,0.0059,0.0052,0.0002
2869,37.9833,0.0000,11.4301,5.8327,,true,0,0.008333,0.0000,0.0000,1.00,0.00,0.0000,22,1,295,295,0,0,100,1,11,11,0,246528,0,295,0,0,846479360,0.000000,0.000000,37.632977,0.00,0,2,4,25,17,20,26,13,24,55,97,12,0,0,0,0,0,0,0.0015,0.0521,0.0637,0.0057,0.0260,0.0854,0.0472,5.8327,0.0585,0.0000,0.9990,0.0035,0.0001,0.4110,0.0088,0.0056,0.0002
2870,37.9939,0.0000,11.2006,5.3459,,true,0,0.008333,0.0000,0.0000,1.00,0.00,0.0000,22,1,295,295,0,0,100,1,11,11,0,246528,0,295,0,0,846479360,0.000000,0.000000,37.632977,0.00,0,2,4,25,17,20,26,13,24,55,97,12,0,0,0,0,0,0,0.0018,0.0493,0.0600,0.0026,0.0209,0.0831,0.0475,5.3459,0.0643,0.0000,1.0379,0.0046,0.0001,0.4249,0.0086,0.0049,0.0002
2871,38.0075,0.0000,12.9919,5.8049,,true,0,0.008333,0.0000,0.0000,1.00,0.00,0.0000,22,1,295,295,0,0,100,1,11,11,0,246528,0,295,0,0,846479360,0.000000,0.000000,37.632977,0.00,0,2,4,25,17,20,26,13,24,55,97,12,0,0,0,0,0,0,0.0015,0.0537,0.0784,0.0061,0.0288,0.0858,0.0409,5.8049,0.0856,0.0000,1.0248,0.0046,0.0001,0.3991,0.0084,0.0056,0.0002
2872,38.0193,0.0000,12.1287,5.5268,,true,0,0.008333,0.0000,0.0000,1.00,0.00,0.0000,22,1,295,295,0,0,100,1,11,11,0,246528,0,295,0,0,846479360,0.000000,0.000000,37.632977,0.00,0,2,4,25,17,20,26,13,24,55,97,12,0,0,0,0,0,0,0.0015,0.0473,0.0665,0.0046,0.0225,0.0709,0.0449,5.5268,0.0700,0.0000,0.9867,0.0045,0.0001,0.4093,0.0086,0.0054,0.0002
2873,38.0346,0.0000,12.5659,8.2156,,true,0,0.008333,0.0000,0.0000,1.00,0.00,0.0000,22,1,295,295,0,0,100,1,11,11,0,246528,0,295,0,0,846479360,0.000000,0.000000,37.632977,0.00,0,2,4,25,17,20,26,13,24,55,97,12,0,0,0,0,0,0,0.0017,0.0596,0.0804,0.0072,0.0279,0.0926,0.0599,8.2156,0.0775,0.0000,1.2665,0.0040,0.0001,0.5811,0.0103,0.0067,0.0002
2874,38.0479,0.0000,13.0219,8.1259,,true,0,0.008333,0.0000,0.0000,1.00,0.00,0.0000,22,1,295,295,0,0,100,1,11,11,0,246528,0,295,0,0,846479360,0.000000,0.000000,37.632977,0.00,0,2,4,25,17,20,26,13,24,55,97,12,0,0,0,0,0,0,0.0019,0.0623,0.0900,0.0052,0.0242,0.1040,0.0559,8.1259,0.0808,0.0000,1.5259,0.0051,0.0001,0.6191,0.0163,0.0064,0.0004
2875,38.0613,0.0000,13.8549,7.8320,,true,0,0.008333,0.0000,0.0000,1.00,0.00,0.0000,22,1,295,295,0,0,100,1,11,11,0,246528,0,295,0,0,846479360,0.000000,0.000000,37.632977,0.00,0,2,4,25,17,20,26,13,24,55,97,12,0,0,0,0,0,0,0.0030,0.0575,0.0526,0.0054,0.0269,0.0829,0.0375,7.8320,0.0510,0.0000,0.7560,0.0038,0.0001,0.2954,0.0078,0.0042,0.0001
2876,38.0740,0.0000,12.1384,8.4722,,true,0,0.008333,0.0000,0.0000,1.00,0.00,0.0000,22,1,295,295,0,0,100,1,11,11,0,246528,0,295,0,0,846479360,0.000000,0.000000,37.632977,0.00,0,2,4,25,17,20,26,13,24,55,97,12,0,0,0,0,0,0,0.0021,0.0669,0.0724,0.0049,0.0221,0.0770,0.0568,8.4722,0.0651,0.0000,1.4861,0.0061,0.0002,0.6009,0.0100,0.0051,0.0002
2877,38.0849,0.0000,12.3325,7.1423,,true,0,0.008333,0.0000,0.0000,1.00,0.00,0.0000,22,1,295,295,0,0,100,1,11,11,0,246528,0,295,0,0,846479360,0.000000,0.000000,37.632977,0.00,0,2,4,25,17,20,26,13,24,55,97,12,0,0,0,0,0,0,0.0014,0.0479,0.0611,0.0067,0.0418,0.0794,0.0483,7.1423,0.0720,0.0000,1.0284,0.0045,0.0001,0.3972,0.0111,0.0056,0.0002
2878,38.0957,0.0000,11.9788,6.0047,,true,0,0.008333,0.0000,0.0000,1.00,0.00,0.0000,22,1,295,295,0,0,100,1,11,11,0,246528,0,295,0,0,846479360,0.000000,0.000000,37.632977,0.00,0,2,4,25,17,20,26,13,24,55,97,12,0,0,0,0,0,0,0.0016,0.0499,0.0590,0.0048,0.0230,0.0601,0.0457,6.0047,0.0580,0.0000,1.0325,0.0044,0.0001,0.4169,0.0087,0.0065,0.0002
2879,38.1089,0.0000,12.2304,6.7273,,true,0,0.008333,0.0000,0.0000,1.00,0.00,0.0000,22,1,295,295,0,0,100,1,11,11,0,246528,0,295,0,0,846479360,0.000000,0.000000,37.632977,0.00,0,2,4,25,17,20,26,13,24,55,97,12,0,0,0,0,0,0,0.0017,0.0562,0.0558,0.0044,0.0232,0.0504,0.0507,6.7273,0.0639,0.0000,1.0592,0.0051,0.0001,0.4165,0.0084,0.0053,0.0002
2880,38.1196,0.0000,12.0282,5.5513,,true,0,0.008333,0.0000,0.0000,1.00,0.00,0.0000,22,1,295,295,0,0,100,1,11,11,0,246528,0,295,0,0,846479360,0.000000,0.000000,37.632977,0.00,0,2,4,25,17,20,26,13,24,55,97,12,0,0,0,0,0,0,0.0019,0.0453,0.0795,0.0045,0.0246,0.0935,0.0463,5.5513,0.0741,0.0000,1.0118,0.0045,0.0001,0.4005,0.0103,0.0048,0.0002
2881,38.1316,0.0000,11.9380,5.7319,,true,0,0.008333,0.0000,0.0000,1.00,0.00,0.0000,22,1,295,295,0,0,100,1,11,11,0,246528,0,295,0,0,846479360,0.000000,0.000000,37.632977,0.00,0,2,4,25,17,20,26,13,24,55,97,12,0,0,0,0,0,0,0.0025,0.0565,0.0638,0.0053,0.0241,0.0787,0.0485,5.7319,0.0792,0.0000,1.0564,0.0043,0.0001,0.4026,0.0086,0.0059,0.0002
2882,38.1466,0.0000,12.4496,7.8990,,true,0,0.008333,0.0000,0.0000,1.00,0.00,0.0000,22,1,295,295,0,0,100,1,11,11,0,246528,0,295,0,0,846479360,0.000000,0.000000,37.632977,0.00,0,2,4,25,17,20,26,13,24,55,97,12,0,0,0,0,0,0,0.0031,0.0449,0.0684,0.0051,0.0253,0.1250,0.0484,7.8990,0.0700,0.0000,1.1245,0.0044,0.0001,0.4130,0.0110,0.0066,0.0002
2883,38.1569,0.0000,13.0419,5.5455,,true,0,0.008333,0.0000,0.0000,1.00,0.00,0.0000,22,1,295,295,0,0,100,1,11,11,0,246528,0,295,0,0,846479360,0.000000,0.000000,37.632977,0.00,0,2,4,25,17,20,26,13,24,55,97,12,0,0,0,0,0,0,0.0016,0.0468,0.0587,0.0047,0.0233,0.0755,0.0466,5.5455,0.0612,0.0000,1.0399,0.0036,0.0001,0.4059,0.0093,0.0054,0.0002
2884,38.1675,0.0000,10.7191,5.4100,,true,0,0.008333,0.0000,0.0000,1.00,0.00,0.0000,22,1,295,295,0,0,100,1,11,11,0,246528,0,295,0,0,846479360,0.000000,0.000000,37.632977,0.00,0,2,4,25,17,20,26,13,24,55,97,12,0,0,0,0,0,0,0.0017,0.0479,0.0673,0.0045,0.0268,0.1004,0.0468,5.4100,0.0873,0.0000,1.0345,0.0039,0.0001,0.4094,0.0107,0.0058,0.0002
2885,38.1804,0.0000,11.9495,6.3144,,true,0,0.008333,0.0000,0.0000,1.00,0.00,0.0000,22,1,295,295,0,0,100,1,11,11,0,246528,0,295,0,0,846479360,0.000000,0.000000,37.632977,0.00,0,2,4,25,17,20,26,13,24,55,97,12,0,0,0,0,0,0,0.0018,0.0566,0.0812,0.0042,0.0268,0.0756,0.0463,6.3144,0.0783,0.0000,1.0225,0.0053,0.0001,0.4031,0.0097,0.0169,0.0002
2886,38.1931,0.0000,12.2924,6.6607,,true,0,0.008333,0.0000,0.0000,1.00,0.00,0.0000,22,1,295,295,0,0,100,1,11,11,0,246528,0,295,0,0,846479360,0.000000,0.000000,37.632977,0.00,0,2,4,25,17,20,26,13,24,55,97,12,0,0,0,0,0,0,0.0023,0.0534,0.0709,0.0071,0.0254,0.1216,0.0495,6.6607,0.0798,0.0000,1.0236,0.0038,0.0001,0.3636,0.0087,0.0067,0.0002
2887,38.2052,0.0000,12.4813,6.3043,,true,0,0.008333,0.0000,0.0000,1.00,0.00,0.0000,22,1,295,295,0,0,100,1,11,11,0,246528,0,295,0,0,846479360,0.000000,0.000000,37.938885,0.00,0,2,4,25,17,20,26,13,24,55,97,12,0,0,0,0,0,0,0.0023,0.0489,0.0626,0.0046,0.0224,0.2487,0.0491,6.3043,0.0847,0.0000,1.0258,0.0037,0.0001,0.4055,0.0085,0.0057,0.0001
2888,38.2160,0.0000,11.2049,5.7351,,true,0,0.008333,0.0000,0.0000,1.00,0.00,0.0000,22,1,295,295,0,0,100,1,11,11,0,246528,0,295,0,0,846479360,0.000000,0.000000,37.938885,0.00,0,2,4,25,17,20,26,13,24,55,97,12,0,0,0,0,0,0,0.0018,0.0552,0.0670,0.0058,0.0228,0.1161,0.0471,5.7351,0.0765,0.0000,1.0420,0.0046,0.0001,0.4037,0.0085,0.0066,0.0001
2889,38.2293,0.0000,12.7010,6.4339,,true,0,0.008333,0.0000,0.0000,1.00,0.00,0.0000,22,1,295,295,0,0,100,1,11,11,0,246528,0,295,0,0,846479360,0.000000,0.000000,37.938885,0.00,0,2,4,25,17,20,26,13,24,55,97,12,0,0,0,0,0,0,0.0024,0.0514,0.0608,0.0127,0.0259,0.0890,0.0481,6.4339,0.0776,0.0000,1.0179,0.0041,0.0001,0.4006,0.0109,0.0061,0.0002
2890,38.2422,0.0000,12.1410,7.1644,,true,0,0.008333,0.0000,0.0000,1.00,0.00,0.0000,22,1,295,295,0,0,100,1,11,11,0,246528,0,295,0,0,846479360,0.000000,0.000000,37.938885,0.00,0,2,4,25,17,20,26,13,24,55,97,12,0,0,0,0,0,0,0.0012,0.0459,0.0567,0.0052,0.0227,0.0814,0.0346,7.1644,0.0746,0.0000,0.8015,0.0036,0.0001,0.2909,0.0098,0.0044,0.0121
2891,38.2582,0.0000,13.0732,10.0089,,true,0,0.008333,0.0000,0.0000,1.00,0.00,0.0000,22,1,295,295,0,0,100,1,11,11,0,246528,0,295,0,0,846479360,0.000000,0.000000,37.938885,0.00,0,2,4,25,17,20,26,13,24,55,97,12,0,0,0,0,0,0,0.0015,0.0485,0.0738,0.0035,0.0210,0.0712,0.0376,10.0089,0.1171,0.0000,1.1108,0.0033,0.0001,0.4686,0.0134,0.0043,0.0001
2892,38.2716,0.0000,13.8094,9.6691,,true,0,0.008333,0.0000,0.0000,1.00,0.00,0.0000,22,1,295,295,0,0,100,1,11,11,0,246528,0,295,0,0,846479360,0.000000,0.000000,37.938885,0.00,0,2,4,25,17,20,26,13,24,55,97,12,0,0,0,0,0,0,0.0016,0.0476,0.1365,0.0093,0.0344,0.0844,0.0640,9.6691,0.2575,0.0000,1.9635,0.0071,0.0002,0.7804,0.0215,0.0069,0.0002
2893,38.2818,0.0000,12.8794,7.0600,,true,0,0.008333,0.0000,0.0000,1.00,0.00,0.0000,22,1,295,295,0,0,100,1,11,11,0,246528,0,295,0,0,846479360,0.000000,0.000000,37.938885,0.00,0,2,4,25,17,20,26,13,24,55,97,12,0,0,0,0,0,0,0.0018,0.0436,0.1013,0.0040,0.0180,0.0746,0.0446,7.0600,0.2559,0.0000,0.9983,0.0040,0.0001,0.4091,0.0054,0.0048,0.0002
2894,38.2900,0.0000,10.0658,5.3164,,true,0,0.008333,0.0000,0.0000,1.00,0.00,0.0000,22,1,295,295,0,0,100,1,11,11,0,246528,0,295,0,0,846479360,0.000000,0.000000,37.938885,0.00,0,2,4,25,17,20,26,13,24,55,97,12,0,0,0,0,0,0,0.0014,0.0493,0.0694,0.0060,0.0243,0.0855,0.0444,5.3164,0.0770,0.0000,1.0508,0.0044,0.0001,0.4179,0.0095,0.0057,0.0002
2895,38.3038,0.0000,13.0386,5.9364,,true,0,0.008333,0.0000,0.0000,1.00,0.00,0.0000,22,1,295,295,0,0,100,1,11,11,0,246528,0,295,0,0,846479360,0.000000,0.000000,37.938885,0.00,0,2,4,25,17,20,26,13,24,55,97,12,0,0,0,0,0,0,0.0019,0.0469,0.0680,0.0050,0.0227,0.1023,0.0474,5.9364,0.0694,0.0000,1.0036,0.0032,0.0001,0.4009,0.0081,0.0050,0.0002
2896,38.3147,0.0000,11.6866,5.3553,,true,0,0.008333,0.0000,0.0000,1.00,0.00,0.0000,22,1,295,295,0,0,100,1,11,11,0,246528,0,295,0,0,846479360,0.000000,0.000000,37.938885,0.00,0,2,4,25,17,20,26,13,24,55,97,12,0,0,0,0,0,0,0.0015,0.0407,0.0605,0.0047,0.0206,0.0641,0.0450,5.3553,0.0711,0.0000,1.0043,0.0018,0.0001,0.4033,0.0082,0.0023,0.0002
2897,38.3259,0.0000,11.1951,5.2798,,true,0,0.008333,0.0000,0.0000,1.00,0.00,0.0000,22,1,295,295,0,0,100,1,11,11,0,246528,0,295,0,0,846479360,0.000000,0.000000,37.938885,0.00,0,2,4,25,17,20,26,13,24,55,97,12,0,0,0,0,0,0,0.0020,0.0417,0.0490,0.0053,0.0247,0.0790,0.0465,5.2798,0.0671,0.0000,0.7723,0.0041,0.0001,0.3034,0.0092,0.0055,0.0001
2898,38.3399,0.0000,12.1659,6.9529,,true,0,0.008333,0.0000,0.0000,1.00,0.00,0.0000,22,1,295,295,0,0,100,1,11,11,0,246528,0,295,0,0,846479360,0.000000,0.000000,37.938885,0.00,0,2,4,25,17,20,26,13,24,55,97,12,0,0,0,0,0,0,0.0014,0.0524,0.0673,0.0048,0.0232,0.0703,0.0493,6.9529,0.0701,0.0000,1.0445,0.0038,0.0001,0.4086,0.0109,0.0050,0.0002
2899,38.3527,0.0000,12.9426,6.7660,,true,0,0.008333,0.0000,0.0000,1.00,0.00,0.0000,22,1,295,295,0,0,100,1,11,11,0,246528,0,295,0,0,846479360,0.000000,0.000000,37.938885,0.00,0,2,4,25,17,20,26,13,24,55,97,12,0,0,0,0,0,0,0.0020,0.0494,0.0592,0.0053,0.0252,0.0824,0.0481,6.7660,0.0619,0.0000,1.0108,0.0049,0.0001,0.3979,0.0093,0.0068,0.0002
2900,38.3623,0.0000,10.6012,5.8523,,true,0,0.008333,0.0000,0.0000,1.00,0.00,0.0000,22,1,295,295,0,0,100,1,11,11,0,246528,0,295,0,0,846479360,0.000000,0.000000,37.938885,0.00,0,2,4,25,17,20,26,13,24,55,97,12,0,0,0,0,0,0,0.0018,0.0470,0.0525,0.0028,0.0191,0.0630,0.0487,5.8523,0.0725,0.0000,1.0139,0.0043,0.0000,0.4130,0.0085,0.0046,0.0003
2901,38.3743,0.0000,12.4952,5.5381,,true,0,0.008333,0.0000,0.0000,1.00,0.00,0.0000,22,1,295,295,0,0,100,1,11,11,0,246528,0,295,0,0,846479360,0.000000,0.000000,37.938885,0.00,0,2,4,25,17,20,26,13,24,55,97,12,0,0,0,0,0,0,0.0021,0.0396,0.0592,0.0035,0.0163,0.0597,0.0452,5.5381,0.0549,0.0000,0.9832,0.0033,0.0001,0.3986,0.0082,0.0056,0.0002
2902,38.3855,0.0000,11.5442,5.0360,,true,0,0.008333,0.0000,0.0000,1.00,0.00,0.0000,22,1,295,295,0,0,100,1,11,11,0,246528,0,295,0,0,846479360,0.000000,0.000000,37.938885,0.00,0,2,4,25,17,20,26,13,24,55,97,12,0,0,0,0,0,0,0.0015,0.0449,0.0718,0.0037,0.0203,0.0559,0.0449,5.0360,0.0558,0.0000,0.9749,0.0034,0.0001,0.3946,0.0082,0.0047,0.0001
2903,38.3979,0.0000,11.2625,6.2384,,true,0,0.008333,0.0000,0.0000,1.00,0.00,0.0000,22,1,295,295,0,0,100,1,11,11,0,246528,0,295,0,0,846479360,0.000000,0.000000,37.938885,0.00,0,2,4,25,17,20,26,13,24,55,97,12,0,0,0,0,0,0,0.0013,0.0401,0.0551,0.0065,0.0123,0.0764,0.0433,6.2384,0.0777,0.0000,0.9628,0.0035,0.0001,0.4026,0.0077,0.0048,0.0001
2904,38.4094,0.0000,12.0105,5.6795,,true,0,0.008333,0.0000,0.0000,1.00,0.00,0.0000,22,1,295,295,0,0,100,1,11,11,0,246528,0,295,0,0,846479360,0.000000,0.000000,37.938885,0.00,0,2,4,25,17,20,26,13,24,55,97,12,0,0,0,0,0,0,0.0015,0.0478,0.0640,0.0059,0.0354,0.0923,0.0448,5.6795,0.0557,0.0000,0.9882,0.0037,0.0001,0.3905,0.0089,0.0049,0.0002
2905,38.4214,0.0000,11.9514,5.8311,,true,0,0.008333,0.0000,0.0000,1.00,0.00,0.0000,22,1,295,295,0,0,100,1,11,11,0,246528,0,295,0,0,846479360,0.000000,0.000000,37.938885,0.00,0,2,4,25,17,20,26,13,24,55,97,12,0,0,0,0,0,0,0.0017,0.0484,0.0650,0.0051,0.0205,0.0699,0.0449,5.8311,0.0731,0.0000,0.9797,0.0041,0.0001,0.3960,0.0107,0.0044,0.0002
2906,38.4330,0.0000,10.8990,6.5721,,true,0,0.008333,0.0000,0.0000,1.00,0.00,0.0000,22,1,295,295,0,0,100,1,11,11,0,246528,0,295,0,0,846479360,0.000000,0.000000,37.938885,0.00,0,2,4,25,17,20,26,13,24,55,97,12,0,0,0,0,0,0,0.0015,0.0501,0.0693,0.0058,0.0203,0.0620,0.0453,6.5721,0.0740,0.0000,0.9951,0.0028,0.0001,0.3865,0.0092,0.0038,0.0002
2907,38.4455,0.0000,12.0700,6.9411,,true,0,0.008333,0.0000,0.0000,1.00,0.00,0.0000,22,1,295,295,0,0,100,1,11,11,0,246528,0,295,0,0,846479360,0.000000,0.000000,37.938885,0.00,0,2,4,25,17,20,26,13,24,55,97,12,0,0,0,0,0,0,0.0016,0.0431,0.0803,0.0063,0.0253,0.0880,0.0464,6.9411,0.0982,0.0000,1.0319,0.0042,0.0001,0.3974,0.0092,0.0058,0.0002
2908,38.4593,0.0000,14.0303,6.4952,,true,0,0.008333,0.0000,0.0000,1.00,0.00,0.0000,22,1,295,295,0,0,100,1,11,11,0,246528,0,295,0,0,846479360,0.000000,0.000000,37.938885,0.00,0,2,4,25,17,20,26,13,24,55,97,12,0,0,0,0,0,0,0.0026,0.0485,0.0518,0.0042,0.0244,0.0984,0.0379,6.4952,0.0549,0.0000,0.7885,0.0053,0.0001,0.2745,0.0076,0.0067,0.0001
2909,38.4693,0.0000,11.0706,5.5614,,true,0,0.008333,0.0000,0.0000,1.00,0.00,0.0000,22,1,295,295,0,0,100,1,11,11,0,246528,0,295,0,0,846479360,0.000000,0.000000,37.938885,0.00,0,2,4,25,17,20,26,13,24,55,97,12,0,0,0,0,0,0,0.0013,0.0402,0.0582,0.0068,0.0205,0.0761,0.0395,5.5614,0.0518,0.0000,0.7709,0.0037,0.0001,0.2952,0.0096,0.0047,0.0001
2910,38.4811,0.0000,11.6486,5.7466,,true,0,0.008333,0.0000,0.0000,1.00,0.00,0.0000,22,1,295,295,0,0,100,1,11,11,0,246528,0,295,0,0,846479360,0.000000,0.000000,37.938885,0.00,0,2,4,25,17,20,26,13,24,55,97,12,0,0,0,0,0,0,0.0020,0.0497,0.0546,0.0049,0.0176,0.0726,0.0557,5.7466,0.0624,0.0000,0.7458,0.0021,0.0001,0.2878,0.0089,0.0041,0.0001
2911,38.4918,0.0000,10.9795,5.5795,,true,0,0.008333,0.0000,0.0000,1.00,0.00,0.0000,22,1,295,295,0,0,100,1,11,11,0,246528,0,295,0,0,846479360,0.000000,0.000000,37.938885,0.00,0,2,4,25,17,20,26,13,24,55,97,12,0,0,0,0,0,0,0.0011,0.0423,0.0658,0.0038,0.0258,0.0792,0.0480,5.5795,0.0757,0.0000,0.9750,0.0036,0.0001,0.3766,0.0091,0.0060,0.0004
2912,38.5045,0.0000,12.3660,5.8439,,true,0,0.008333,0.0000,0.0000,1.00,0.00,0.0000,22,1,295,295,0,0,100,1,11,11,0,246528,0,295,0,0,846479360,0.000000,0.000000,37.938885,0.00,0,2,4,25,17,20,26,13,24,55,97,12,0,0,0,0,0,0,0.0028,0.0442,0.0621,0.0043,0.0229,0.0638,0.0572,5.8439,0.0677,0.0000,0.9566,0.0045,0.0001,0.3927,0.0093,0.0049,0.0001
2913,38.5312,0.0000,11.0372,21.6276,,true,0,0.008333,0.0000,0.0000,1.00,0.00,0.0000,22,1,295,295,0,0,100,1,11,11,0,246528,0,295,0,0,846479360,0.000000,0.000000,38.244294,0.00,0,2,4,25,17,20,26,13,24,55,97,12,0,0,0,0,0,0,0.0016,0.0390,0.0525,0.0040,0.0139,0.2324,0.0529,21.6276,0.0436,0.0000,17.1014,0.0034,1.0859,0.4234,0.0213,0.0053,14.9391
2914,38.5386,0.0000,11.1322,6.1132,,true,0,0.008333,0.0000,0.0000,1.00,0.00,0.0000,22,1,295,295,0,0,100,1,11,11,0,246528,0,295,0,0,846479360,0.000000,0.000000,38.244294,0.00,0,2,4,25,17,20,26,13,24,55,97,12,0,0,0,0,0,0,0.0032,0.0447,0.0647,0.0103,0.0214,0.0643,0.0660,6.1132,0.0766,0.0000,1.0395,0.0042,0.0001,0.4345,0.0063,0.0070,0.0002
2915,38.5473,0.0000,20.1977,6.7047,,true,0,0.008333,0.0000,0.0000,1.00,0.00,0.0000,22,1,295,295,0,0,100,1,11,11,0,246528,0,295,0,0,846479360,0.000000,0.000000,38.244294,0.00,0,2,4,25,17,20,26,13,24,55,97,12,0,0,0,0,0,0,0.0017,0.0689,0.0888,0.0035,0.0331,0.0786,0.0672,6.7047,0.0991,0.0000,1.1928,0.0042,0.0001,0.4853,0.0109,0.0068,0.0002
2916,38.5564,0.0000,7.6952,7.8292,,true,0,0.008333,0.0000,0.0000,1.00,0.00,0.0000,22,1,295,295,0,0,100,1,11,11,0,246528,0,295,0,0,846479360,0.000000,0.000000,38.244294,0.00,0,2,4,25,17,20,26,13,24,55,97,12,0,0,0,0,0,0,0.0032,0.1516,0.1152,0.0101,0.0296,0.0933,0.0642,7.8292,0.0650,0.0000,1.1496,0.0057,0.0001,0.3853,0.0151,0.0075,0.0004
2917,38.5642,0.0000,8.5698,6.5939,,true,0,0.008333,0.0000,0.0000,1.00,0.00,0.0000,22,1,295,295,0,0,100,1,11,11,0,246528,0,295,0,0,846520320,0.000000,0.000000,38.244294,0.00,0,2,4,25,17,20,26,13,24,55,97,12,0,0,0,0,0,0,0.0014,0.0517,0.0661,0.0048,0.0220,0.0655,0.0758,6.5939,0.0561,0.0000,0.9690,0.0043,0.0001,0.3986,0.0078,0.0036,0.0002
2918,38.5735,0.0000,10.6990,5.5179,,true,0,0.008333,0.0000,0.0000,1.00,0.00,0.0000,22,1,295,295,0,0,100,1,11,11,0,246528,0,295,0,0,846520320,0.000000,0.000000,38.244294,0.00,0,2,4,25,17,20,26,13,24,55,97,12,0,0,0,0,0,0,0.0007,0.0356,0.0549,0.0080,0.0212,0.0763,0.0334,5.5179,0.0660,0.0000,0.7410,0.0039,0.0001,0.2901,0.0079,0.0050,0.0001
2919,38.5864,0.0000,10.9515,7.0114,,true,0,0.008333,0.0000,0.0000,1.00,0.00,0.0000,22,1,295,295,0,0,100,1,11,11,0,246528,0,295,0,0,846520320,0.000000,0.000000,38.244294,0.00,0,2,4,25,17,20,26,13,24,55,97,12,0,0,0,0,0,0,0.0010,0.0368,0.0801,0.0053,0.0245,0.0807,0.0489,7.0114,0.1304,0.0000,1.0887,0.0041,0.0001,0.4137,0.0145,0.0056,0.0003
2920,38.5971,0.0000,12.5337,5.4305,,true,0,0.008333,0.0000,0.0000,1.00,0.00,0.0000,22,1,295,295,0,0,100,1,11,11,0,246528,0,295,0,0,846520320,0.000000,0.000000,38.244294,0.00,0,2,4,25,17,20,26,13,24,55,97,12,0,0,0,0,0,0,0.0046,0.0387,0.0500,0.0060,0.0229,0.0736,0.0362,5.4305,0.0644,0.0000,0.7485,0.0039,0.0001,0.2940,0.0083,0.0037,0.0001
2921,38.6088,0.0000,11.7835,5.5734,,true,0,0.008333,0.0000,0.0000,1.00,0.00,0.0000,22,1,295,295,0,0,100,1,11,11,0,246528,0,295,0,0,846520320,0.000000,0.000000,38.244294,0.00,0,2,4,25,17,20,26,13,24,55,97,12,0,0,0,0,0,0,0.0013,0.0447,0.0653,0.0049,0.0251,0.0701,0.0484,5.5734,0.0742,0.0000,1.0279,0.0036,0.0001,0.4069,0.0103,0.0049,0.0002
2922,38.6201,0.0000,11.5352,5.3219,,true,0,0.008333,0.0000,0.0000,1.00,0.00,0.0000,22,1,295,295,0,0,100,1,11,11,0,246528,0,295,0,0,846520320,0.000000,0.000000,38.244294,0.00,0,2,4,25,17,20,26,13,24,55,97,12,0,0,0,0,0,0,0.0010,0.0444,0.0690,0.0040,0.0243,0.0783,0.0471,5.3219,0.0751,0.0000,1.0260,0.0037,0.0001,0.4294,0.0094,0.0048,0.0002
2923,38.6319,0.0000,11.3901,5.5701,,true,0,0.008333,0.0000,0.0000,1.00,0.00,0.0000,22,1,295,295,0,0,100,1,11,11,0,246528,0,295,0,0,846520320,0.000000,0.000000,38.244294,0.00,0,2,4,25,17,20,26,13,24,55,97,12,0,0,0,0,0,0,0.0015,0.0472,0.0614,0.0047,0.0234,0.0833,0.0472,5.5701,0.0769,0.0000,1.0534,0.0037,0.0001,0.4105,0.0092,0.0064,0.0002
2924,38.6432,0.0000,11.6881,5.4185,,true,0,0.008333,0.0000,0.0000,1.00,0.00,0.0000,22,1,295,295,0,0,100,1,11,11,0,246528,0,295,0,0,846520320,0.000000,0.000000,38.244294,0.00,0,2,4,25,17,20,26,13,24,55,97,12,0,0,0,0,0,0,0.0058,0.0549,0.0561,0.0078,0.0748,0.0692,0.0375,5.4185,0.0717,0.0000,0.7690,0.0028,0.0001,0.2880,0.0105,0.0024,0.0001
2925,38.6557,0.0000,11.9551,5.8470,,true,0,0.008333,0.0000,0.0000,1.00,0.00,0.0000,22,1,295,295,0,0,100,1,11,11,0,246528,0,295,0,0,846520320,0.000000,0.000000,38.244294,0.00,0,2,4,25,17,20,26,13,24,55,97,12,0,0,0,0,0,0,0.0018,0.0499,0.0763,0.0052,0.0247,0.0758,0.0475,5.8470,0.0735,0.0000,1.0800,0.0048,0.0001,0.4125,0.0164,0.0060,0.0002
2926,38.6683,0.0000,12.5779,5.6086,,true,0,0.008333,0.0000,0.0000,1.00,0.00,0.0000,22,1,295,295,0,0,100,1,11,11,0,246528,0,295,0,0,846520320,0.000000,0.000000,38.244294,0.00,0,2,4,25,17,20,26,13,24,55,97,12,0,0,0,0,0,0,0.0012,0.0367,0.0534,0.0045,0.0218,0.0679,0.0390,5.6086,0.0662,0.0000,0.7714,0.0040,0.0001,0.2905,0.0083,0.0045,0.0001
2927,38.6805,0.0000,11.6059,6.4811,,true,0,0.008333,0.0000,0.0000,1.00,0.00,0.0000,22,1,295,295,0,0,100,1,11,11,0,246528,0,295,0,0,846520320,0.000000,0.000000,38.244294,0.00,0,2,4,25,17,20,26,13,24,55,97,12,0,0,0,0,0,0,0.0011,0.0261,0.0515,0.0037,0.0181,0.0629,0.0336,6.4811,0.0686,0.0000,0.7404,0.0037,0.0001,0.2948,0.0076,0.0038,0.0001
2928,38.6918,0.0000,11.3922,6.5486,,true,0,0.008333,0.0000,0.0000,1.00,0.00,0.0000,22,1,295,295,0,0,100,1,11,11,0,246528,0,295,0,0,846520320,0.000000,0.000000,38.244294,0.00,0,2,4,25,17,20,26,13,24,55,97,12,0,0,0,0,0,0,0.0028,0.0473,0.0800,0.0056,0.0249,0.0946,0.0796,6.5486,0.1003,0.0000,1.1387,0.0043,0.0001,0.4156,0.0238,0.0070,0.0002
2929,38.7036,0.0000,12.2749,5.9622,,true,0,0.008333,0.0000,0.0000,1.00,0.00,0.0000,22,1,295,295,0,0,100,1,11,11,0,246528,0,295,0,0,846520320,0.000000,0.000000,38.244294,0.00,0,2,4,25,17,20,26,13,24,55,97,12,0,0,0,0,0,0,0.0012,0.0522,0.0658,0.0052,0.0250,0.0802,0.0398,5.9622,0.0715,0.0000,0.8228,0.0025,0.0001,0.3025,0.0083,0.0038,0.0001
2930,38.7145,0.0000,11.1554,5.7755,,true,0,0.008333,0.0000,0.0000,1.00,0.00,0.0000,22,1,295,295,0,0,100,1,11,11,0,246528,0,295,0,0,846520320,0.000000,0.000000,38.244294,0.00,0,2,4,25,17,20,26,13,24,55,97,12,0,0,0,0,0,0,0.0016,0.0484,0.1587,0.0043,0.0200,0.0744,0.0428,5.7755,0.0961,0.0000,0.8462,0.0052,0.0001,0.3610,0.0060,0.0048,0.0001
2931,38.7264,0.0000,11.9831,5.5969,,true,0,0.008333,0.0000,0.0000,1.00,0.00,0.0000,22,1,295,295,0,0,100,1,11,11,0,246528,0,295,0,0,846520320,0.000000,0.000000,38.244294,0.00,0,2,4,25,17,20,26,13,24,55,97,12,0,0,0,0,0,0,0.0022,0.0436,0.0536,0.0062,0.0241,0.0785,0.0414,5.5969,0.0692,0.0000,0.7817,0.0031,0.0001,0.2861,0.0096,0.0050,0.0001
2932,38.7374,0.0000,11.5331,5.0305,,true,0,0.008333,0.0000,0.0000,1.00,0.00,0.0000,22,1,295,295,0,0,100,1,11,11,0,246528,0,295,0,0,846520320,0.000000,0.000000,38.244294,0.00,0,2,4,25,17,20,26,13,24,55,97,12,0,0,0,0,0,0,0.0014,0.0475,0.0698,0.0047,0.0229,0.0647,0.0542,5.0305,0.0686,0.0000,0.9905,0.0041,0.0001,0.3982,0.0086,0.0051,0.0002
2933,38.7511,0.0000,11.7394,6.8335,,true,0,0.008333,0.0000,0.0000,1.00,0.00,0.0000,22,1,295,295,0,0,100,1,11,11,0,246528,0,295,0,0,846520320,0.000000,0.000000,38.244294,0.00,0,2,4,25,17,20,26,13,24,55,97,12,0,0,0,0,0,0,0.0020,0.0533,0.0721,0.0057,0.0272,0.0883,0.0483,6.8335,0.0871,0.0000,1.0575,0.0050,0.0001,0.4173,0.0104,0.0057,0.0002
2934,38.7676,0.0000,14.8971,8.3668,,true,0,0.008333,0.0000,0.0000,1.00,0.00,0.0000,22,1,295,295,0,0,100,1,11,11,0,246528,0,295,0,0,846520320,0.000000,0.000000,38.244294,0.00,0,2,4,25,17,20,26,13,24,55,97,12,0,0,0,0,0,0,0.0012,0.0512,0.0539,0.0046,0.0218,0.0759,0.0317,8.3668,0.0667,0.0000,0.7298,0.0026,0.0001,0.2907,0.0073,0.0037,0.0001
2935,38.7789,0.0000,12.6178,7.1444,,true,0,0.008333,0.0000,0.0000,1.00,0.00,0.0000,22,1,295,295,0,0,100,1,11,11,0,246528,0,295,0,0,846520320,0.000000,0.000000,38.244294,0.00,0,2,4,25,17,20,26,13,24,55,97,12,0,0,0,0,0,0,0.0045,0.0326,0.0905,0.0038,0.0259,0.0687,0.0418,7.1444,0.0746,0.0000,0.7697,0.0032,0.0001,0.3069,0.0078,0.0056,0.0001
2936,38.7895,0.0000,12.0925,5.7544,,true,0,0.008333,0.0000,0.0000,1.00,0.00,0.0000,22,1,295,295,0,0,100,1,11,11,0,246528,0,295,0,0,846520320,0.000000,0.000000,38.244294,0.00,0,2,4,25,17,20,26,13,24,55,97,12,0,0,0,0,0,0,0.0016,0.0530,0.0662,0.0061,0.0273,0.1019,0.0467,5.7544,0.0710,0.0000,1.0252,0.0038,0.0001,0.4168,0.0091,0.0061,0.0002
2937,38.8035,0.0000,12.7035,6.8782,,true,0,0.008333,0.0000,0.0000,1.00,0.00,0.0000,22,1,295,295,0,0,100,1,11,11,0,246528,0,295,0,0,846520320,0.000000,0.000000,38.244294,0.00,0,2,4,25,17,20,26,13,24,55,97,12,0,0,0,0,0,0,0.0015,0.0481,0.0629,0.0034,0.0194,0.0800,0.0478,6.8782,0.0598,0.0000,0.9964,0.0034,0.0001,0.4109,0.0094,0.0048,0.0002
2938,38.8149,0.0000,11.7066,6.8052,,true,0,0.008333,0.0000,0.0000,1.00,0.00,0.0000,22,1,295,295,0,0,100,1,11,11,0,246528,0,295,0,0,846520320,0.000000,0.000000,38.244294,0.00,0,2,4,25,17,20,26,13,24,55,97,12,0,0,0,0,0,0,0.0027,0.0651,0.0835,0.0064,0.0227,0.0732,0.0427,6.8052,0.0835,0.0000,1.1510,0.0037,0.0001,0.4410,0.0137,0.0042,0.0003
2939,38.8338,0.0000,13.1762,11.9430,,true,0,0.008333,0.0000,0.0000,1.00,0.00,0.0000,22,1,295,295,0,0,100,1,11,11,0,246528,0,295,0,0,846520320,0.000000,0.000000,38.549351,0.00,0,2,4,25,17,20,26,13,24,55,97,12,0,0,0,0,0,0,0.0044,0.1084,0.1424,0.0129,0.0562,0.4585,0.0788,11.9430,0.0943,0.0000,1.6561,0.0114,0.0001,0.4913,0.0255,0.0123,0.0002
2940,38.8456,0.0000,16.5961,7.5702,,true,0,0.008333,0.0000,0.0000,1.00,0.00,0.0000,22,1,295,295,0,0,100,1,11,11,0,246528,0,295,0,0,846520320,0.000000,0.000000,38.549351,0.00,0,2,4,25,17,20,26,13,24,55,97,12,0,0,0,0,0,0,0.0018,0.0494,0.0677,0.0049,0.0234,0.0770,0.0485,7.5702,0.0850,0.0000,1.0155,0.0044,0.0001,0.3974,0.0092,0.0064,0.0002
2941,38.8642,0.0000,12.4294,13.1167,,true,0,0.008333,0.0000,0.0000,1.00,0.00,0.0000,22,1,295,295,0,0,100,1,11,11,0,246528,0,295,0,0,846520320,0.000000,0.000000,38.549351,0.00,0,2,4,25,17,20,26,13,24,55,97,12,0,0,0,0,0,0,0.0020,0.0630,0.1654,0.0045,0.0233,0.0891,0.0484,13.1167,0.3603,0.0000,1.4276,0.0047,0.0001,0.6875,0.0107,0.0050,0.0002
2942,38.8826,0.0000,23.9071,7.6606,,true,0,0.008333,0.0000,0.0000,1.00,0.00,0.0000,22,1,295,295,0,0,100,1,11,11,0,246528,0,295,0,0,846520320,0.000000,0.000000,38.549351,0.00,0,2,4,25,17,20,26,13,24,55,97,12,0,0,0,0,0,0,0.0013,0.0365,0.0940,0.0049,0.0145,0.0436,0.0332,7.6606,0.1102,0.0000,0.9667,0.0063,0.0001,0.4061,0.0078,0.0091,0.0001
2943,38.8942,0.0000,11.5319,7.5451,,true,0,0.008333,0.0000,0.0000,1.00,0.00,0.0000,22,1,295,295,0,0,100,1,11,11,0,246528,0,295,0,0,846520320,0.000000,0.000000,38.549351,0.00,0,2,4,25,17,20,26,13,24,55,97,12,0,0,0,0,0,0,0.0024,0.0838,0.1243,0.0135,0.0376,0.1476,0.0628,7.5451,0.1227,0.0000,1.3607,0.0062,0.0001,0.4503,0.0153,0.0074,0.0002
2944,38.9068,0.0000,10.3558,9.7730,,true,0,0.008333,0.0000,0.0000,1.00,0.00,0.0000,22,1,295,295,0,0,100,1,11,11,0,246528,0,295,0,0,846520320,0.000000,0.000000,38.549351,0.00,0,2,4,25,17,20,26,13,24,55,97,12,0,0,0,0,0,0,0.0021,0.0606,0.1837,0.0076,0.0224,0.0908,0.0517,9.7730,0.1109,0.0000,1.1515,0.0066,0.0001,0.4777,0.0105,0.0066,0.0002
2945,38.9210,0.0000,15.8735,8.0697,,true,0,0.008333,0.0000,0.0000,1.00,0.00,0.0000,22,1,295,295,0,0,100,1,11,11,0,246528,0,295,0,0,846520320,0.000000,0.000000,38.549351,0.00,0,2,4,25,17,20,26,13,24,55,97,12,0,0,0,0,0,0,0.0016,0.0857,0.1908,0.0060,0.0226,0.0682,0.0502,8.0697,0.1480,0.0000,1.0103,0.0037,0.0001,0.3959,0.0068,0.0045,0.0002
2946,38.9308,0.0000,12.2532,5.9313,,true,0,0.008333,0.0000,0.0000,1.00,0.00,0.0000,22,1,295,295,0,0,100,1,11,11,0,246528,0,295,0,0,846520320,0.000000,0.000000,38.549351,0.00,0,2,4,25,17,20,26,13,24,55,97,12,0,0,0,0,0,0,0.0014,0.0450,0.0972,0.0049,0.0204,0.0783,0.0492,5.9313,0.0781,0.0000,1.0109,0.0041,0.0001,0.4008,0.0091,0.0061,0.0002
2947,38.9455,0.0000,12.7092,7.9214,,true,0,0.008333,0.0000,0.0000,1.00,0.00,0.0000,22,1,295,295,0,0,100,1,11,11,0,246528,0,295,0,0,846520320,0.000000,0.000000,38.549351,0.00,0,2,4,25,17,20,26,13,24,55,97,12,0,0,0,0,0,0,0.0022,0.0533,0.0939,0.0072,0.0374,0.0803,0.0522,7.9214,0.0978,0.0000,1.1591,0.0053,0.0001,0.4484,0.0149,0.0086,0.0002
2948,38.9660,0.0000,20.1138,8.0998,,true,0,0.008333,0.0000,0.0000,1.00,0.00,0.0000,22,1,295,295,0,0,100,1,11,11,0,246528,0,295,0,0,846520320,0.000000,0.000000,38.549351,0.00,0,2,4,25,17,20,26,13,24,55,97,12,0,0,0,0,0,0,0.0019,0.0762,0.2147,0.0048,0.0240,0.1002,0.0573,8.0998,0.1093,0.0000,1.7461,0.0047,0.0001,0.5353,0.0110,0.0075,0.0002
2949,38.9737,0.0000,11.3725,5.4367,,true,0,0.008333,0.0000,0.0000,1.00,0.00,0.0000,22,1,295,295,0,0,100,1,11,11,0,246528,0,295,0,0,846520320,0.000000,0.000000,38.549351,0.00,0,2,4,25,17,20,26,13,24,55,97,12,0,0,0,0,0,0,0.0018,0.0453,0.0649,0.0049,0.0179,0.0608,0.0491,5.4367,0.0734,0.0000,0.9774,0.0038,0.0001,0.4001,0.0086,0.0043,0.0002
2950,38.9950,0.0000,19.7520,6.8179,,true,0,0.008333,0.0000,0.0000,1.00,0.00,0.0000,22,1,295,295,0,0,100,1,11,11,0,246528,0,295,0,0,846520320,0.000000,0.000000,38.549351,0.00,0,2,4,25,17,20,26,13,24,55,97,12,0,0,0,0,0,0,0.0028,0.0471,0.0797,0.0056,0.0199,0.0546,0.0441,6.8179,0.1092,0.0000,1.0943,0.0073,0.0001,0.4502,0.0111,0.0088,0.0003
2951,39.0042,0.0000,10.2931,5.3904,,true,0,0.008333,0.0000,0.0000,1.00,0.00,0.0000,22,1,295,295,0,0,100,1,11,11,0,246528,0,295,0,0,846520320,0.000000,0.000000,38.549351,0.00,0,2,4,25,17,20,26,13,24,55,97,12,0,0,0,0,0,0,0.0024,0.0390,0.0600,0.0049,0.0230,0.0671,0.0500,5.3904,0.0714,0.0000,0.9957,0.0034,0.0001,0.4112,0.0084,0.0050,0.0002
2952,39.0213,0.0000,14.7951,7.5975,,true,0,0.008333,0.0000,0.0000,1.00,0.00,0.0000,22,1,295,295,0,0,100,1,11,11,0,246528,0,295,0,0,846520320,0.000000,0.000000,38.549351,0.00,0,2,4,25,17,20,26,13,24,55,97,12,0,0,0,0,0,0,0.0043,0.0524,0.0616,0.0050,0.0233,0.0653,0.0467,7.5975,0.0634,0.0000,1.0475,0.0034,0.0001,0.4190,0.0085,0.0069,0.0002
2953,39.0370,0.0000,14.3214,8.9206,,true,0,0.008333,0.0000,0.0000,1.00,0.00,0.0000,22,1,295,295,0,0,100,1,11,11,0,246528,0,295,0,0,846520320,0.000000,0.000000,38.549351,0.00,0,2,4,25,17,20,26,13,24,55,97,12,0,0,0,0,0,0,0.0066,0.0483,0.3114,0.0058,0.0299,0.0896,0.0491,8.9206,0.0824,0.0000,1.0431,0.0048,0.0001,0.4127,0.0101,0.0072,0.0002
2954,39.0502,0.0000,15.3734,6.8260,,true,0,0.008333,0.0000,0.0000,1.00,0.00,0.0000,22,1,295,295,0,0,100,1,11,11,0,246528,0,295,0,0,846520320,0.000000,0.000000,38.549351,0.00,0,2,4,25,17,20,26,13,24,55,97,12,0,0,0,0,0,0,0.0023,0.0588,0.0607,0.0049,0.0219,0.0665,0.0479,6.8260,0.0759,0.0000,0.8247,0.0040,0.0001,0.2881,0.0119,0.0066,0.0001
2955,39.0691,0.0000,18.0252,7.3256,,true,0,0.008333,0.0000,0.0000,1.00,0.00,0.0000,22,1,295,295,0,0,100,1,11,11,0,246528,0,295,0,0,846520320,0.000000,0.000000,38.549351,0.00,0,2,4,25,17,20,26,13,24,55,97,12,0,0,0,0,0,0,0.0013,0.0675,0.1040,0.0047,0.0240,0.0901,0.0431,7.3256,0.1017,0.0000,1.3115,0.0063,0.0001,0.4575,0.0122,0.0068,0.0002
2956,39.0783,0.0000,10.6730,6.6299,,true,0,0.008333,0.0000,0.0000,1.00,0.00,0.0000,22,1,295,295,0,0,100,1,11,11,0,246528,0,295,0,0,846520320,0.000000,0.000000,38.549351,0.00,0,2,4,25,17,20,26,13,24,55,97,12,0,0,0,0,0,0,0.0028,0.0453,0.0922,0.0092,0.0253,0.1172,0.0487,6.6299,0.1120,0.0000,1.0644,0.0036,0.0001,0.4132,0.0119,0.0060,0.0002
2957,39.0931,0.0000,13.6495,7.8416,,true,0,0.008333,0.0000,0.0000,1.00,0.00,0.0000,22,1,295,295,0,0,100,1,11,11,0,246528,0,295,0,0,846520320,0.000000,0.000000,38.549351,0.00,0,2,4,25,17,20,26,13,24,55,97,12,0,0,0,0,0,0,0.0045,0.0380,0.2146,0.0044,0.0243,0.0651,0.0476,7.8416,0.1618,0.0000,1.0297,0.0035,0.0001,0.4195,0.0088,0.0064,0.0002
2958,39.1087,0.0000,16.2150,7.0981,,true,0,0.008333,0.0000,0.0000,1.00,0.00,0.0000,22,1,295,295,0,0,100,1,11,11,0,246528,0,295,0,0,846520320,0.000000,0.000000,38.549351,0.00,0,2,4,25,17,20,26,13,24,55,97,12,0,0,0,0,0,0,0.0021,0.0473,0.0650,0.0046,0.0240,0.0899,0.0383,7.0981,0.0750,0.0000,0.8888,0.0051,0.0001,0.3242,0.0123,0.0056,0.0001
2959,39.1215,0.0000,12.4485,7.3449,,true,0,0.008333,0.0000,0.0000,1.00,0.00,0.0000,22,1,295,295,0,0,100,1,11,11,0,246528,0,295,0,0,846520320,0.000000,0.000000,38.549351,0.00,0,2,4,25,17,20,26,13,24,55,97,12,0,0,0,0,0,0,0.0021,0.0563,0.0686,0.0067,0.0368,0.1424,0.0502,7.3449,0.0759,0.0000,1.0674,0.0048,0.0001,0.4059,0.0096,0.0073,0.0002
2960,39.1351,0.0000,12.6427,7.8897,,true,0,0.008333,0.0000,0.0000,1.00,0.00,0.0000,22,1,295,295,0,0,100,1,11,11,0,246528,0,295,0,0,846520320,0.000000,0.000000,38.857977,0.00,0,2,4,25,17,20,26,13,24,55,97,12,0,0,0,0,0,0,0.0029,0.0749,0.0608,0.0067,0.0453,0.3662,0.0787,7.8897,0.1218,0.0000,0.9878,0.0063,0.0001,0.3358,0.0123,0.0091,0.0001
2961,39.1474,0.0000,15.4266,5.4629,,true,0,0.008333,0.0000,0.0000,1.00,0.00,0.0000,22,1,295,295,0,0,100,1,11,11,0,246528,0,295,0,0,846520320,0.000000,0.000000,38.857977,0.00,0,2,4,25,17,20,26,13,24,55,97,12,0,0,0,0,0,0,0.0031,0.0422,0.0682,0.0039,0.0213,0.0596,0.0474,5.4629,0.0509,0.0000,1.0208,0.0041,0.0001,0.4066,0.0090,0.0041,0.0002
2962,39.1598,0.0000,10.8343,6.8791,,true,0,0.008333,0.0000,0.0000,1.00,0.00,0.0000,22,1,295,295,0,0,100,1,11,11,0,246528,0,295,0,0,846520320,0.000000,0.000000,38.857977,0.00,0,2,4,25,17,20,26,13,24,55,97,12,0,0,0,0,0,0,0.0016,0.0538,0.0720,0.0046,0.0248,0.0797,0.0471,6.8791,0.0797,0.0000,1.0910,0.0033,0.0001,0.4130,0.0107,0.0063,0.0002
2963,39.1709,0.0000,12.2801,5.8934,,true,0,0.008333,0.0000,0.0000,1.00,0.00,0.0000,22,1,295,295,0,0,100,1,11,11,0,246528,0,295,0,0,846520320,0.000000,0.000000,38.857977,0.00,0,2,4,25,17,20,26,13,24,55,97,12,0,0,0,0,0,0,0.0017,0.0473,0.0676,0.0050,0.0226,0.0760,0.0490,5.8934,0.0781,0.0000,1.0956,0.0039,0.0001,0.4203,0.0109,0.0053,0.0002
2964,39.1819,0.0000,11.3489,5.5396,,true,0,0.008333,0.0000,0.0000,1.00,0.00,0.0000,22,1,295,295,0,0,100,1,11,11,0,246528,0,295,0,0,846520320,0.000000,0.000000,38.857977,0.00,0,2,4,25,17,20,26,13,24,55,97,12,0,0,0,0,0,0,0.0040,0.0433,0.0713,0.0046,0.0222,0.0613,0.0464,5.5396,0.0725,0.0000,0.9918,0.0041,0.0001,0.4068,0.0079,0.0051,0.0002
2965,39.1927,0.0000,10.6067,5.4541,,true,0,0.008333,0.0000,0.0000,1.00,0.00,0.0000,22,1,295,295,0,0,100,1,11,11,0,246528,0,295,0,0,846520320,0.000000,0.000000,38.857977,0.00,0,2,4,25,17,20,26,13,24,55,97,12,0,0,0,0,0,0,0.0014,0.0403,0.0710,0.0038,0.0231,0.0663,0.0455,5.4541,0.0762,0.0000,0.9916,0.0034,0.0001,0.3952,0.0182,0.0046,0.0002
2966,39.2041,0.0000,11.8595,5.2042,,true,0,0.008333,0.0000,0.0000,1.00,0.00,0.0000,22,1,295,295,0,0,100,1,11,11,0,246528,0,295,0,0,846520320,0.000000,0.000000,38.857977,0.00,0,2,4,25,17,20,26,13,24,55,97,12,0,0,0,0,0,0,0.0014,0.0354,0.0630,0.0043,0.0185,0.0703,0.0484,5.2042,0.0641,0.0000,1.1026,0.0032,0.0001,0.4485,0.0091,0.0047,0.0002
2967,39.2153,0.0000,11.4321,5.0963,,true,0,0.008333,0.0000,0.0000,1.00,0.00,0.0000,22,1,295,295,0,0,100,1,11,11,0,246528,0,295,0,0,846520320,0.000000,0.000000,38.857977,0.00,0,2,4,25,17,20,26,13,24,55,97,12,0,0,0,0,0,0,0.0044,0.0339,0.0575,0.0038,0.0163,0.0513,0.0470,5.0963,0.0616,0.0000,0.9715,0.0036,0.0001,0.3954,0.0077,0.0065,0.0002
2968,39.2260,0.0000,10.8804,5.0341,,true,0,0.008333,0.0000,0.0000,1.00,0.00,0.0000,22,1,295,295,0,0,100,1,11,11,0,246528,0,295,0,0,846520320,0.000000,0.000000,38.857977,0.00,0,2,4,25,17,20,26,13,24,55,97,12,0,0,0,0,0,0,0.0013,0.0388,0.0562,0.0038,0.0138,0.0491,0.0479,5.0341,0.0610,0.0000,0.9929,0.0039,0.0001,0.4094,0.0080,0.0054,0.0002
2969,39.2376,0.0000,11.1521,5.3897,,true,0,0.008333,0.0000,0.0000,1.00,0.00,0.0000,22,1,295,295,0,0,100,1,11,11,0,246528,0,295,0,0,846520320,0.000000,0.000000,38.857977,0.00,0,2,4,25,17,20,26,13,24,55,97,12,0,0,0,0,0,0,0.0018,0.0541,0.0582,0.0045,0.0199,0.0642,0.0502,5.3897,0.0737,0.0000,0.7944,0.0047,0.0001,0.2949,0.0082,0.0049,0.0002
2970,39.2479,0.0000,10.6551,5.0991,,true,0,0.008333,0.0000,0.0000,1.00,0.00,0.0000,22,1,295,295,0,0,100,1,11,11,0,246528,0,295,0,0,846520320,0.000000,0.000000,38.857977,0.00,0,2,4,25,17,20,26,13,24,55,97,12,0,0,0,0,0,0,0.0014,0.0455,0.0626,0.0049,0.0231,0.0606,0.0484,5.0991,0.0688,0.0000,1.0049,0.0032,0.0001,0.4080,0.0084,0.0045,0.0002
2971,39.2661,0.0000,10.8787,11.2999,,true,0,0.008333,0.0000,0.0000,1.00,0.00,0.0000,22,1,295,295,0,0,100,1,11,11,0,246528,0,295,0,0,846520320,0.000000,0.000000,38.857977,0.00,0,2,4,25,17,20,26,13,24,55,97,12,0,0,0,0,0,0,0.0023,0.0672,0.1187,0.0048,0.0418,0.1342,0.0424,11.2999,0.1166,0.0000,1.1231,0.0042,0.0001,0.4993,0.0312,0.0057,0.0001
2972,39.2926,0.0000,16.5257,21.9855,,true,0,0.008333,0.0000,0.0000,1.00,0.00,0.0000,22,1,295,295,0,0,100,1,11,11,0,246528,0,295,0,0,846520320,0.000000,0.000000,38.857977,0.00,0,2,4,25,17,20,26,13,24,55,97,12,0,0,0,0,0,0,0.0010,0.0500,0.0563,0.0046,0.0297,0.0810,0.0360,21.9855,0.0461,0.0000,17.3080,0.0033,1.1042,0.4441,0.0347,0.0051,15.1257
2973,39.3019,0.0000,9.7448,7.9388,,true,0,0.008333,0.0000,0.0000,1.00,0.00,0.0000,22,1,295,295,0,0,100,1,11,11,0,246528,0,295,0,0,846520320,0.000000,0.000000,38.857977,0.00,0,2,4,25,17,20,26,13,24,55,97,12,0,0,0,0,0,0,0.0031,0.1409,0.1210,0.0064,0.0256,0.0781,0.1281,7.9388,0.1016,0.0000,1.3417,0.0038,0.0001,0.6479,0.0284,0.0046,0.0002
2974,39.3092,0.0000,23.0327,6.2442,,true,0,0.008333,0.0000,0.0000,1.00,0.00,0.0000,22,1,295,295,0,0,100,1,11,11,0,246528,0,295,0,0,846520320,0.000000,0.000000,38.857977,0.00,0,2,4,25,17,20,26,13,24,55,97,12,0,0,0,0,0,0,0.0028,0.0531,0.0740,0.0050,0.0233,0.0750,0.0553,6.2442,0.0866,0.0000,1.1787,0.0046,0.0001,0.4066,0.0157,0.0052,0.0002
2975,39.3158,0.0000,6.6864,5.4677,,true,0,0.008333,0.0000,0.0000,1.00,0.00,0.0000,22,1,295,295,0,0,100,1,11,11,0,246528,0,295,0,0,846520320,0.000000,0.000000,38.857977,0.00,0,2,4,25,17,20,26,13,24,55,97,12,0,0,0,0,0,0,0.0028,0.0441,0.0642,0.0043,0.0245,0.0897,0.0474,5.4677,0.0970,0.0000,1.0936,0.0047,0.0001,0.4202,0.0088,0.0059,0.0002
2976,39.3224,0.0000,6.7917,5.4922,,true,0,0.008333,0.0000,0.0000,1.00,0.00,0.0000,22,1,295,295,0,0,100,1,11,11,0,246528,0,295,0,0,846520320,0.000000,0.000000,38.857977,0.00,0,2,4,25,17,20,26,13,24,55,97,12,0,0,0,0,0,0,0.0013,0.0286,0.0517,0.0041,0.0167,0.0651,0.0413,5.4922,0.0620,0.0000,0.9027,0.0028,0.0001,0.3898,0.0052,0.0039,0.0002
2977,39.3327,0.0000,10.5428,5.6375,,true,0,0.008333,0.0000,0.0000,1.00,0.00,0.0000,22,1,295,295,0,0,100,1,11,11,0,246528,0,295,0,0,846520320,0.000000,0.000000,38.857977,0.00,0,2,4,25,17,20,26,13,24,55,97,12,0,0,0,0,0,0,0.0017,0.0547,0.0688,0.0047,0.0229,0.1131,0.0556,5.6375,0.0813,0.0000,1.0610,0.0048,0.0001,0.4019,0.0092,0.0070,0.0001
2978,39.3438,0.0000,11.3963,5.2663,,true,0,0.008333,0.0000,0.0000,1.00,0.00,0.0000,22,1,295,295,0,0,100,1,11,11,0,246528,0,295,0,0,846520320,0.000000,0.000000,38.857977,0.00,0,2,4,25,17,20,26,13,24,55,97,12,0,0,0,0,0,0,0.0027,0.0507,0.0601,0.0041,0.0206,0.0718,0.0479,5.2663,0.0660,0.0000,0.9916,0.0025,0.0001,0.4141,0.0076,0.0046,0.0002
2979,39.3552,0.0000,10.8661,5.6818,,true,0,0.008333,0.0000,0.0000,1.00,0.00,0.0000,22,1,295,295,0,0,100,1,11,11,0,246528,0,295,0,0,846520320,0.000000,0.000000,38.857977,0.00,0,2,4,25,17,20,26,13,24,55,97,12,0,0,0,0,0,0,0.0013,0.0561,0.0708,0.0052,0.0230,0.0784,0.0646,5.6818,0.0728,0.0000,1.0294,0.0065,0.0001,0.4068,0.0088,0.0059,0.0002
2980,39.3690,0.0000,12.9267,6.2309,,true,0,0.008333,0.0000,0.0000,1.00,0.00,0.0000,22,1,295,295,0,0,100,1,11,11,0,246528,0,295,0,0,846520320,0.000000,0.000000,38.857977,0.00,0,2,4,25,17,20,26,13,24,55,97,12,0,0,0,0,0,0,0.0016,0.0508,0.0593,0.0054,0.0218,0.0769,0.0521,6.2309,0.0598,0.0000,1.0063,0.0039,0.0001,0.4045,0.0055,0.0052,0.0002
2981,39.3775,0.0000,10.2369,4.9006,,true,0,0.008333,0.0000,0.0000,1.00,0.00,0.0000,22,1,295,295,0,0,100,1,11,11,0,246528,0,295,0,0,846520320,0.000000,0.000000,38.857977,0.00,0,2,4,25,17,20,26,13,24,55,97,12,0,0,0,0,0,0,0.0016,0.0408,0.0570,0.0038,0.0196,0.0482,0.0457,4.9006,0.0605,0.0000,0.9649,0.0032,0.0001,0.3966,0.0066,0.0051,0.0001
2982,39.3895,0.0000,10.9006,5.9925,,true,0,0.008333,0.0000,0.0000,1.00,0.00,0.0000,22,1,295,295,0,0,100,1,11,11,0,246528,0,295,0,0,846520320,0.000000,0.000000,38.857977,0.00,0,2,4,25,17,20,26,13,24,55,97,12,0,0,0,0,0,0,0.0019,0.0542,0.0669,0.0046,0.0205,0.0742,0.0490,5.9925,0.0805,0.0000,1.0001,0.0047,0.0001,0.4170,0.0073,0.0046,0.0002
2983,39.4006,0.0000,10.6940,6.4429,,true,0,0.008333,0.0000,0.0000,1.00,0.00,0.0000,22,1,295,295,0,0,100,1,11,11,0,246528,0,295,0,0,846520320,0.000000,0.000000,38.857977,0.00,0,2,4,25,17,20,26,13,24,55,97,12,0,0,0,0,0,0,0.0015,0.0712,0.1328,0.0056,0.0257,0.0751,0.0479,6.4429,0.1941,0.0000,1.0437,0.0033,0.0001,0.4037,0.0052,0.0038,0.0002
2984,39.4114,0.0000,11.8852,5.3124,,true,0,0.008333,0.0000,0.0000,1.00,0.00,0.0000,22,1,295,295,0,0,100,1,11,11,0,246528,0,295,0,0,846520320,0.000000,0.000000,38.857977,0.00,0,2,4,25,17,20,26,13,24,55,97,12,0,0,0,0,0,0,0.0015,0.0418,0.0594,0.0052,0.0235,0.0350,0.0471,5.3124,0.0680,0.0000,0.9933,0.0052,0.0001,0.3983,0.0101,0.0059,0.0002
2985,39.4225,0.0000,11.1774,5.3869,,true,0,0.008333,0.0000,0.0000,1.00,0.00,0.0000,22,1,295,295,0,0,100,1,11,11,0,246528,0,295,0,0,846520320,0.000000,0.000000,38.857977,0.00,0,2,4,25,17,20,26,13,24,55,97,12,0,0,0,0,0,0,0.0053,0.0374,0.0621,0.0045,0.0192,0.0610,0.0470,5.3869,0.0686,0.0000,1.0209,0.0034,0.0001,0.4064,0.0095,0.0050,0.0001
2986,39.4335,0.0000,10.7890,5.3825,,true,0,0.008333,0.0000,0.0000,1.00,0.00,0.0000,22,1,295,295,0,0,100,1,11,11,0,246528,0,295,0,0,846520320,0.000000,0.000000,39.163686,0.00,0,2,4,25,17,20,26,13,24,55,97,12,0,0,0,0,0,0,0.0015,0.0753,0.0535,0.0042,0.0173,0.2692,0.0486,5.3825,0.0755,0.0000,0.8576,0.0030,0.0001,0.3513,0.0074,0.0052,0.0001
2987,39.4443,0.0000,11.4201,4.7880,,true,0,0.008333,0.0000,0.0000,1.00,0.00,0.0000,22,1,295,295,0,0,100,1,11,11,0,246528,0,295,0,0,846520320,0.000000,0.000000,39.163686,0.00,0,2,4,25,17,20,26,13,24,55,97,12,0,0,0,0,0,0,0.0015,0.0370,0.0665,0.0050,0.0188,0.0509,0.0462,4.7880,0.0620,0.0000,0.9946,0.0036,0.0001,0.4022,0.0082,0.0057,0.0002
2988,39.4560,0.0000,10.8650,5.5593,,true,0,0.008333,0.0000,0.0000,1.00,0.00,0.0000,22,1,295,295,0,0,100,1,11,11,0,246528,0,295,0,0,846520320,0.000000,0.000000,39.163686,0.00,0,2,4,25,17,20,26,13,24,55,97,12,0,0,0,0,0,0,0.0013,0.0574,0.0696,0.0036,0.0218,0.0647,0.0537,5.5593,0.0757,0.0000,1.1052,0.0042,0.0001,0.4362,0.0102,0.0073,0.0002
2989,39.4694,0.0000,12.4068,6.5230,,true,0,0.008333,0.0000,0.0000,1.00,0.00,0.0000,22,1,295,295,0,0,100,1,11,11,0,246528,0,295,0,0,846520320,0.000000,0.000000,39.163686,0.00,0,2,4,25,17,20,26,13,24,55,97,12,0,0,0,0,0,0,0.0033,0.0497,0.0722,0.0027,0.0265,0.0724,0.0474,6.5230,0.0662,0.0000,1.0347,0.0042,0.0001,0.3987,0.0093,0.0058,0.0002
2990,39.4783,0.0000,10.6527,5.0557,,true,0,0.008333,0.0000,0.0000,1.00,0.00,0.0000,22,1,295,295,0,0,100,1,11,11,0,246528,0,295,0,0,846520320,0.000000,0.000000,39.163686,0.00,0,2,4,25,17,20,26,13,24,55,97,12,0,0,0,0,0,0,0.0017,0.0438,0.0617,0.0039,0.0207,0.0594,0.0482,5.0557,0.0739,0.0000,0.9962,0.0041,0.0001,0.4031,0.0067,0.0064,0.0001
2991,39.4889,0.0000,10.5568,5.1228,,true,0,0.008333,0.0000,0.0000,1.00,0.00,0.0000,22,1,295,295,0,0,100,1,11,11,0,246528,0,295,0,0,846520320,0.000000,0.000000,39.163686,0.00,0,2,4,25,17,20,26,13,24,55,97,12,0,0,0,0,0,0,0.0019,0.0445,0.0541,0.0040,0.0189,0.0634,0.0547,5.1228,0.0953,0.0000,0.7463,0.0045,0.0001,0.2852,0.0077,0.0045,0.0001
2992,39.5009,0.0000,11.1457,5.8175,,true,0,0.008333,0.0000,0.0000,1.00,0.00,0.0000,22,1,295,295,0,0,100,1,11,11,0,246528,0,295,0,0,846520320,0.000000,0.000000,39.163686,0.00,0,2,4,25,17,20,26,13,24,55,97,12,0,0,0,0,0,0,0.0017,0.0347,0.0619,0.0061,0.0184,0.0668,0.0387,5.8175,0.0577,0.0000,0.7373,0.0037,0.0001,0.2837,0.0079,0.0048,0.0002
2993,39.5126,0.0000,12.1841,5.4659,,true,0,0.008333,0.0000,0.0000,1.00,0.00,0.0000,22,1,295,295,0,0,100,1,11,11,0,246528,0,295,0,0,846520320,0.000000,0.000000,39.163686,0.00,0,2,4,25,17,20,26,13,24,55,97,12,0,0,0,0,0,0,0.0015,0.0399,0.0669,0.0050,0.0215,0.0620,0.0441,5.4659,0.1068,0.0000,1.0540,0.0033,0.0001,0.4548,0.0081,0.0042,0.0002
2994,39.5237,0.0000,10.8566,5.5607,,true,0,0.008333,0.0000,0.0000,1.00,0.00,0.0000,22,1,295,295,0,0,100,1,11,11,0,246528,0,295,0,0,846520320,0.000000,0.000000,39.163686,0.00,0,2,4,25,17,20,26,13,24,55,97,12,0,0,0,0,0,0,0.0021,0.0440,0.0653,0.0039,0.0167,0.0769,0.0524,5.5607,0.0813,0.0000,0.9869,0.0037,0.0001,0.3973,0.0087,0.0040,0.0002
2995,39.5336,0.0000,10.5177,4.9518,,true,0,0.008333,0.0000,0.0000,1.00,0.00,0.0000,22,1,295,295,0,0,100,1,11,11,0,246528,0,295,0,0,846520320,0.000000,0.000000,39.163686,0.00,0,2,4,25,17,20,26,13,24,55,97,12,0,0,0,0,0,0,0.0019,0.0876,0.0570,0.0040,0.0184,0.0544,0.0528,4.9518,0.1003,0.0000,0.7902,0.0047,0.0001,0.2969,0.0085,0.0045,0.0001
2996,39.5440,0.0000,10.5172,4.9331,,true,0,0.008333,0.0000,0.0000,1.00,0.00,0.0000,22,1,295,295,0,0,100,1,11,11,0,246528,0,295,0,0,846520320,0.000000,0.000000,39.163686,0.00,0,2,4,25,17,20,26,13,24,55,97,12,0,0,0,0,0,0,0.0013,0.0367,0.0580,0.0041,0.0187,0.0554,0.0468,4.9331,0.0678,0.0000,0.9713,0.0039,0.0001,0.3945,0.0178,0.0048,0.0001
2997,39.5557,0.0000,10.9920,5.6178,,true,0,0.008333,0.0000,0.0000,1.00,0.00,0.0000,22,1,295,295,0,0,100,1,11,11,0,246528,0,295,0,0,846520320,0.000000,0.000000,39.163686,0.00,0,2,4,25,17,20,26,13,24,55,97,12,0,0,0,0,0,0,0.0014,0.0447,0.0887,0.0044,0.0204,0.0589,0.0452,5.6178,0.1078,0.0000,1.0595,0.0050,0.0001,0.4149,0.0050,0.0065,0.0001
2998,39.5674,0.0000,11.6081,5.3752,,true,0,0.008333,0.0000,0.0000,1.00,0.00,0.0000,22,1,295,295,0,0,100,1,11,11,0,246528,0,295,0,0,846520320,0.000000,0.000000,39.163686,0.00,0,2,4,25,17,20,26,13,24,55,97,12,0,0,0,0,0,0,0.0015,0.0553,0.0618,0.0041,0.0206,0.0644,0.0464,5.3752,0.0811,0.0000,1.0575,0.0041,0.0001,0.4016,0.0105,0.0057,0.0002
2999,39.5777,0.0000,10.9182,5.0788,,true,0,0.008333,0.0000,0.0000,1.00,0.00,0.0000,22,1,295,295,0,0,100,1,11,11,0,246528,0,295,0,0,846520320,0.000000,0.000000,39.163686,0.00,0,2,4,25,17,20,26,13,24,55,97,12,0,0,0,0,0,0,0.0018,0.0406,0.0610,0.0037,0.0178,0.0510,0.0540,5.0788,0.0612,0.0000,1.0433,0.0040,0.0001,0.4165,0.0105,0.0056,0.0002
3000,39.5904,0.0000,11.6465,5.8179,,true,0,0.008333,0.0000,0.0000,1.00,0.00,0.0000,22,1,295,295,0,0,100,1,11,11,0,246528,0,295,0,0,846520320,0.000000,0.000000,39.163686,0.00,0,2,4,25,17,20,26,13,24,55,97,12,0,0,0,0,0,0,0.0015,0.0431,0.0612,0.0043,0.0204,0.0587,0.0476,5.8179,0.0763,0.0000,0.9973,0.0050,0.0001,0.4048,0.0090,0.0050,0.0002
3001,39.6016,0.0000,12.1884,5.0182,,true,0,0.008333,0.0000,0.0000,1.00,0.00,0.0000,22,1,295,295,0,0,100,1,11,11,0,246528,0,295,0,0,846520320,0.000000,0.000000,39.163686,0.00,0,2,4,25,17,20,26,13,24,55,97,12,0,0,0,0,0,0,0.0017,0.0418,0.0455,0.0040,0.0179,0.0632,0.0462,5.0182,0.0653,0.0000,0.7162,0.0030,0.0001,0.2795,0.0077,0.0045,0.0004
3002,39.6136,0.0000,11.0752,5.9259,,true,0,0.008333,0.0000,0.0000,1.00,0.00,0.0000,22,1,295,295,0,0,100,1,11,11,0,246528,0,295,0,0,846520320,0.000000,0.000000,39.163686,0.00,0,2,4,25,17,20,26,13,24,55,97,12,0,0,0,0,0,0,0.0022,0.0681,0.0608,0.0038,0.0177,0.0785,0.0534,5.9259,0.0729,0.0000,1.0546,0.0039,0.0001,0.4188,0.0126,0.0051,0.0001
3003,39.6228,0.0000,10.1661,5.2045,,true,0,0.008333,0.0000,0.0000,1.00,0.00,0.0000,22,1,295,295,0,0,100,1,11,11,0,246528,0,295,0,0,846520320,0.000000,0.000000,39.163686,0.00,0,2,4,25,17,20,26,13,24,55,97,12,0,0,0,0,0,0,0.0018,0.0385,0.0656,0.0045,0.0200,0.0583,0.0531,5.2045,0.0481,0.0000,0.9769,0.0037,0.0001,0.4101,0.0065,0.0052,0.0002
3004,39.6333,0.0000,10.9543,4.5367,,true,0,0.008333,0.0000,0.0000,1.00,0.00,0.0000,22,1,295,295,0,0,100,1,11,11,0,246528,0,295,0,0,846520320,0.000000,0.000000,39.163686,0.00,0,2,4,25,17,20,26,13,24,55,97,12,0,0,0,0,0,0,0.0046,0.0345,0.0481,0.0048,0.0234,0.0715,0.0360,4.5367,0.0759,0.0000,0.7234,0.0036,0.0001,0.2899,0.0090,0.0051,0.0001
3005,39.6447,0.0000,10.9422,5.2183,,true,0,0.008333,0.0000,0.0000,1.00,0.00,0.0000,22,1,295,295,0,0,100,1,11,11,0,246528,0,295,0,0,846520320,0.000000,0.000000,39.163686,0.00,0,2,4,25,17,20,26,13,24,55,97,12,0,0,0,0,0,0,0.0025,0.0398,0.0590,0.0049,0.0175,0.0566,0.0438,5.2183,0.0740,0.0000,0.9623,0.0113,0.0001,0.3982,0.0067,0.0044,0.0002
3006,39.6574,0.0000,11.1858,6.4572,,true,0,0.008333,0.0000,0.0000,1.00,0.00,0.0000,22,1,295,295,0,0,100,1,11,11,0,246528,0,295,0,0,846520320,0.000000,0.000000,39.163686,0.00,0,2,4,25,17,20,26,13,24,55,97,12,0,0,0,0,0,0,0.0012,0.0447,0.0715,0.0042,0.0231,0.0632,0.0482,6.4572,0.0722,0.0000,1.0149,0.0040,0.0001,0.4064,0.0074,0.0049,0.0002
3007,39.6683,0.0000,11.5664,5.7770,,true,0,0.008333,0.0000,0.0000,1.00,0.00,0.0000,22,1,295,295,0,0,100,1,11,11,0,246528,0,295,0,0,846520320,0.000000,0.000000,39.163686,0.00,0,2,4,25,17,20,26,13,24,55,97,12,0,0,0,0,0,0,0.0022,0.0517,0.0625,0.0044,0.0216,0.0666,0.0502,5.7770,0.0681,0.0000,1.0652,0.0027,0.0001,0.4340,0.0102,0.0024,0.0002
3008,39.6789,0.0000,11.2441,5.1805,,true,0,0.008333,0.0000,0.0000,1.00,0.00,0.0000,22,1,295,295,0,0,100,1,11,11,0,246528,0,295,0,0,846520320,0.000000,0.000000,39.163686,0.00,0,2,4,25,17,20,26,13,24,55,97,12,0,0,0,0,0,0,0.0018,0.0548,0.0614,0.0035,0.0207,0.0659,0.0470,5.1805,0.0666,0.0000,1.0078,0.0039,0.0001,0.4256,0.0078,0.0057,0.0002
3009,39.6897,0.0000,10.8301,5.3108,,true,0,0.008333,0.0000,0.0000,1.00,0.00,0.0000,22,1,295,295,0,0,100,1,11,11,0,246528,0,295,0,0,846520320,0.000000,0.000000,39.163686,0.00,0,2,4,25,17,20,26,13,24,55,97,12,0,0,0,0,0,0,0.0014,0.0604,0.0510,0.0043,0.0213,0.0597,0.0507,5.3108,0.0683,0.0000,0.8508,0.0053,0.0001,0.2751,0.0095,0.0045,0.0001
3010,39.7015,0.0000,11.5249,5.4636,,true,0,0.008333,0.0000,0.0000,1.00,0.00,0.0000,22,1,295,295,0,0,100,1,11,11,0,246528,0,295,0,0,846520320,0.000000,0.000000,39.163686,0.00,0,2,4,25,17,20,26,13,24,55,97,12,0,0,0,0,0,0,0.0015,0.0459,0.0626,0.0054,0.0235,0.0597,0.0552,5.4636,0.0675,0.0000,0.9976,0.0042,0.0001,0.4008,0.0087,0.0046,0.0001
3011,39.7126,0.0000,11.0990,5.5495,,true,0,0.008333,0.0000,0.0000,1.00,0.00,0.0000,22,1,295,295,0,0,100,1,11,11,0,246528,0,295,0,0,846520320,0.000000,0.000000,39.163686,0.00,0,2,4,25,17,20,26,13,24,55,97,12,0,0,0,0,0,0,0.0015,0.0503,0.0651,0.0052,0.0237,0.0712,0.0474,5.5495,0.0812,0.0000,1.0368,0.0048,0.0001,0.4015,0.0097,0.0051,0.0002
3012,39.7240,0.0000,11.5187,5.3786,,true,0,0.008333,0.0000,0.0000,1.00,0.00,0.0000,22,1,295,295,0,0,100,1,11,11,0,246528,0,295,0,0,846520320,0.000000,0.000000,39.163686,0.00,0,2,4,25,17,20,26,13,24,55,97,12,0,0,0,0,0,0,0.0015,0.0474,0.0596,0.0042,0.0205,0.0757,0.0591,5.3786,0.0695,0.0000,0.9939,0.0041,0.0001,0.4134,0.0079,0.0055,0.0002
3013,39.7355,0.0000,11.4156,5.4251,,true,0,0.008333,0.0000,0.0000,1.00,0.00,0.0000,22,1,295,295,0,0,100,1,11,11,0,246528,0,295,0,0,846520320,0.000000,0.000000,39.467932,0.00,0,2,4,25,17,20,26,13,24,55,97,12,0,0,0,0,0,0,0.0015,0.0505,0.0556,0.0037,0.0170,0.2598,0.0458,5.4251,0.0725,0.0000,0.7610,0.0038,0.0001,0.2761,0.0105,0.0043,0.0001
3014,39.7454,0.0000,10.2490,5.0895,,true,0,0.008333,0.0000,0.0000,1.00,0.00,0.0000,22,1,295,295,0,0,100,1,11,11,0,246528,0,295,0,0,846520320,0.000000,0.000000,39.467932,0.00,0,2,4,25,17,20,26,13,24,55,97,12,0,0,0,0,0,0,0.0014,0.0395,0.0635,0.0040,0.0187,0.0718,0.0461,5.0895,0.0642,0.0000,0.9925,0.0032,0.0001,0.4165,0.0078,0.0047,0.0002
3015,39.7563,0.0000,10.5841,5.4601,,true,0,0.008333,0.0000,0.0000,1.00,0.00,0.0000,22,1,295,295,0,0,100,1,11,11,0,246528,0,295,0,0,846520320,0.000000,0.000000,39.467932,0.00,0,2,4,25,17,20,26,13,24,55,97,12,0,0,0,0,0,0,0.0015,0.0429,0.0397,0.0047,0.0194,0.0592,0.0449,5.4601,0.0789,0.0000,0.8053,0.0029,0.0001,0.3361,0.0090,0.0057,0.0001
3016,39.7692,0.0000,12.2339,5.9701,,true,0,0.008333,0.0000,0.0000,1.00,0.00,0.0000,22,1,295,295,0,0,100,1,11,11,0,246528,0,295,0,0,846520320,0.000000,0.000000,39.467932,0.00,0,2,4,25,17,20,26,13,24,55,97,12,0,0,0,0,0,0,0.0011,0.0242,0.0406,0.0058,0.0257,0.0695,0.0344,5.9701,0.0660,0.0000,0.7042,0.0037,0.0001,0.2667,0.0069,0.0050,0.0001
3017,39.7808,0.0000,12.1302,5.6457,,true,0,0.008333,0.0000,0.0000,1.00,0.00,0.0000,22,1,295,295,0,0,100,1,11,11,0,246528,0,295,0,0,846520320,0.000000,0.000000,39.467932,0.00,0,2,4,25,17,20,26,13,24,55,97,12,0,0,0,0,0,0,0.0014,0.0498,0.0686,0.0034,0.0165,0.0430,0.0508,5.6457,0.0966,0.0000,1.0185,0.0041,0.0002,0.3911,0.0089,0.0045,0.0002
3018,39.7900,0.0000,9.6418,5.2302,,true,0,0.008333,0.0000,0.0000,1.00,0.00,0.0000,22,1,295,295,0,0,100,1,11,11,0,246528,0,295,0,0,846520320,0.000000,0.000000,39.467932,0.00,0,2,4,25,17,20,26,13,24,55,97,12,0,0,0,0,0,0,0.0013,0.0441,0.0717,0.0044,0.0200,0.0750,0.0657,5.2302,0.0797,0.0000,1.0038,0.0042,0.0001,0.4097,0.0087,0.0052,0.0002
3019,39.8009,0.0000,10.9133,5.1459,,true,0,0.008333,0.0000,0.0000,1.00,0.00,0.0000,22,1,295,295,0,0,100,1,11,11,0,246528,0,295,0,0,846520320,0.000000,0.000000,39.467932,0.00,0,2,4,25,17,20,26,13,24,55,97,12,0,0,0,0,0,0,0.0015,0.0399,0.0743,0.0040,0.0214,0.0646,0.0492,5.1459,0.0750,0.0000,1.0378,0.0038,0.0001,0.4477,0.0138,0.0049,0.0002
3020,39.8129,0.0000,11.2633,5.6057,,true,0,0.008333,0.0000,0.0000,1.00,0.00,0.0000,22,1,295,295,0,0,100,1,11,11,0,246528,0,295,0,0,846520320,0.000000,0.000000,39.467932,0.00,0,2,4,25,17,20,26,13,24,55,97,12,0,0,0,0,0,0,0.0034,0.0553,0.0589,0.0037,0.0182,0.0546,0.0547,5.6057,0.0609,0.0000,1.0095,0.0049,0.0001,0.3974,0.0075,0.0055,0.0002
3021,39.8232,0.0000,11.1798,4.9812,,true,0,0.008333,0.0000,0.0000,1.00,0.00,0.0000,22,1,295,295,0,0,100,1,11,11,0,246528,0,295,0,0,846520320,0.000000,0.000000,39.467932,0.00,0,2,4,25,17,20,26,13,24,55,97,12,0,0,0,0,0,0,0.0015,0.0465,0.0496,0.0054,0.0251,0.0802,0.0911,4.9812,0.0690,0.0000,0.7629,0.0051,0.0001,0.2667,0.0088,0.0066,0.0001
3022,39.8352,0.0000,11.6785,5.3585,,true,0,0.008333,0.0000,0.0000,1.00,0.00,0.0000,22,1,295,295,0,0,100,1,11,11,0,246528,0,295,0,0,846520320,0.000000,0.000000,39.467932,0.00,0,2,4,25,17,20,26,13,24,55,97,12,0,0,0,0,0,0,0.0012,0.0442,0.0686,0.0189,0.0178,0.0704,0.0448,5.3585,0.0706,0.0000,0.9985,0.0030,0.0001,0.4344,0.0077,0.0041,0.0002
3023,39.8455,0.0000,10.4323,5.1032,,true,0,0.008333,0.0000,0.0000,1.00,0.00,0.0000,22,1,295,295,0,0,100,1,11,11,0,246528,0,295,0,0,846520320,0.000000,0.000000,39.467932,0.00,0,2,4,25,17,20,26,13,24,55,97,12,0,0,0,0,0,0,0.0014,0.0421,0.0591,0.0037,0.0165,0.0716,0.0448,5.1032,0.0608,0.0000,0.9773,0.0036,0.0001,0.3973,0.0083,0.0059,0.0002
3024,39.8559,0.0000,10.6874,5.0216,,true,0,0.008333,0.0000,0.0000,1.00,0.00,0.0000,22,1,295,295,0,0,100,1,11,11,0,246528,0,295,0,0,846520320,0.000000,0.000000,39.467932,0.00,0,2,4,25,17,20,26,13,24,55,97,12,0,0,0,0,0,0,0.0011,0.0401,0.0592,0.0050,0.0204,0.0579,0.0493,5.0216,0.0587,0.0000,0.9901,0.0036,0.0001,0.4266,0.0092,0.0045,0.0001
3025,39.8677,0.0000,11.1654,5.3391,,true,0,0.008333,0.0000,0.0000,1.00,0.00,0.0000,22,1,295,295,0,0,100,1,11,11,0,246528,0,295,0,0,846520320,0.000000,0.000000,39.467932,0.00,0,2,4,25,17,20,26,13,24,55,97,12,0,0,0,0,0,0,0.0015,0.0597,0.0674,0.0036,0.0237,0.0708,0.0444,5.3391,0.0773,0.0000,0.7812,0.0058,0.0001,0.2626,0.0084,0.0060,0.0001
3026,39.8818,0.0000,13.1909,6.2111,,true,0,0.008333,0.0000,0.0000,1.00,0.00,0.0000,22,1,295,295,0,0,100,1,11,11,0,246528,0,295,0,0,846520320,0.000000,0.000000,39.467932,0.00,0,2,4,25,17,20,26,13,24,55,97,12,0,0,0,0,0,0,0.0021,0.0534,0.0597,0.0037,0.0292,0.0804,0.0477,6.2111,0.0652,0.0000,1.0369,0.0035,0.0001,0.4184,0.0082,0.0045,0.0002
3027,39.8922,0.0000,11.0614,5.5241,,true,0,0.008333,0.0000,0.0000,1.00,0.00,0.0000,22,1,295,295,0,0,100,1,11,11,0,246528,0,295,0,0,846520320,0.000000,0.000000,39.467932,0.00,0,2,4,25,17,20,26,13,24,55,97,12,0,0,0,0,0,0,0.0015,0.0325,0.1001,0.0048,0.0206,0.0681,0.0686,5.5241,0.0731,0.0000,0.9945,0.0044,0.0001,0.4223,0.0076,0.0046,0.0002
3028,39.9025,0.0000,10.8307,5.1177,,true,0,0.008333,0.0000,0.0000,1.00,0.00,0.0000,22,1,295,295,0,0,100,1,11,11,0,246528,0,295,0,0,846520320,0.000000,0.000000,39.467932,0.00,0,2,4,25,17,20,26,13,24,55,97,12,0,0,0,0,0,0,0.0015,0.0380,0.0986,0.0037,0.0142,0.0594,0.0485,5.1177,0.0633,0.0000,0.9786,0.0031,0.0001,0.3941,0.0088,0.0046,0.0002
3029,39.9146,0.0000,11.9323,4.9950,,true,0,0.008333,0.0000,0.0000,1.00,0.00,0.0000,22,1,295,295,0,0,100,1,11,11,0,246528,0,295,0,0,846520320,0.000000,0.000000,39.467932,0.00,0,2,4,25,17,20,26,13,24,55,97,12,0,0,0,0,0,0,0.0015,0.0349,0.0728,0.0035,0.0170,0.0439,0.0420,4.9950,0.0683,0.0000,0.9623,0.0023,0.0001,0.3989,0.0108,0.0021,0.0002
3030,39.9244,0.0000,10.5095,4.7763,,true,0,0.008333,0.0000,0.0000,1.00,0.00,0.0000,22,1,295,295,0,0,100,1,11,11,0,246528,0,295,0,0,846520320,0.000000,0.000000,39.467932,0.00,0,2,4,25,17,20,26,13,24,55,97,12,0,0,0,0,0,0,0.0006,0.0355,0.0657,0.0042,0.0200,0.0456,0.0454,4.7763,0.0733,0.0000,0.7706,0.0057,0.0001,0.2528,0.0198,0.0053,0.0002
3031,39.9350,0.0000,10.6968,4.7191,,true,0,0.008333,0.0000,0.0000,1.00,0.00,0.0000,22,1,295,295,0,0,100,1,11,11,0,246528,0,295,0,0,846520320,0.000000,0.000000,39.467932,0.00,0,2,4,25,17,20,26,13,24,55,97,12,0,0,0,0,0,0,0.0031,0.0536,0.0498,0.0030,0.0157,0.0424,0.0545,4.7191,0.0726,0.0000,0.6794,0.0039,0.0001,0.2534,0.0070,0.0048,0.0001
3032,39.9461,0.0000,10.6275,4.8194,,true,0,0.008333,0.0000,0.0000,1.00,0.00,0.0000,22,1,295,295,0,0,100,1,11,11,0,246528,0,295,0,0,846520320,0.000000,0.000000,39.467932,0.00,0,2,4,25,17,20,26,13,24,55,97,12,0,0,0,0,0,0,0.0015,0.0353,0.0602,0.0041,0.0173,0.0480,0.0451,4.8194,0.0628,0.0000,0.9755,0.0042,0.0001,0.4048,0.0088,0.0048,0.0002
3033,39.9573,0.0000,10.9625,5.3066,,true,0,0.008333,0.0000,0.0000,1.00,0.00,0.0000,22,1,295,295,0,0,100,1,11,11,0,246528,0,295,0,0,846520320,0.000000,0.000000,39.467932,0.00,0,2,4,25,17,20,26,13,24,55,97,12,0,0,0,0,0,0,0.0013,0.0416,0.0654,0.0053,0.0266,0.0751,0.0478,5.3066,0.0699,0.0000,1.0096,0.0037,0.0001,0.3948,0.0114,0.0056,0.0002
3034,39.9689,0.0000,11.2475,5.7148,,true,0,0.008333,0.0000,0.0000,1.00,0.00,0.0000,22,1,295,295,0,0,100,1,11,11,0,246528,0,295,0,0,846520320,0.000000,0.000000,39.467932,0.00,0,2,4,25,17,20,26,13,24,55,97,12,0,0,0,0,0,0,0.0021,0.0433,0.0714,0.0047,0.0602,0.0760,0.0457,5.7148,0.0700,0.0000,1.1086,0.0047,0.0002,0.4059,0.0096,0.0063,0.0002
3035,39.9794,0.0000,11.1289,5.0405,,true,0,0.008333,0.0000,0.0000,1.00,0.00,0.0000,22,1,295,295,0,0,100,1,11,11,0,246528,0,295,0,0,846520320,0.000000,0.000000,39.467932,0.00,0,2,4,25,17,20,26,13,24,55,97,12,0,0,0,0,0,0,0.0014,0.0389,0.0563,0.0041,0.0192,0.0638,0.0453,5.0405,0.0626,0.0000,0.9900,0.0038,0.0001,0.3959,0.0076,0.0117,0.0002
3036,39.9900,0.0000,10.8851,4.8285,,true,0,0.008333,0.0000,0.0000,1.00,0.00,0.0000,22,1,295,295,0,0,100,1,11,11,0,246528,0,295,0,0,846520320,0.000000,0.000000,39.467932,0.00,0,2,4,25,17,20,26,13,24,55,97,12,0,0,0,0,0,0,0.0014,0.0338,0.0496,0.0042,0.0149,0.0442,0.0450,4.8285,0.0726,0.0000,0.9578,0.0039,0.0001,0.4068,0.0077,0.0048,0.0002
3037,40.0015,0.0000,11.1825,5.1038,,true,0,0.008333,0.0000,0.0000,1.00,0.00,0.0000,22,1,295,295,0,0,100,1,11,11,0,246528,0,295,0,0,846520320,0.000000,0.000000,39.467932,0.00,0,2,4,25,17,20,26,13,24,55,97,12,0,0,0,0,0,0,0.0015,0.0363,0.0564,0.0043,0.0177,0.0490,0.0442,5.1038,0.0659,0.0000,0.9545,0.0027,0.0001,0.3993,0.0091,0.0028,0.0002
3038,40.0118,0.0000,10.6555,4.9253,,true,0,0.008333,0.0000,0.0000,1.00,0.00,0.0000,22,1,295,295,0,0,100,1,11,11,0,246528,0,295,0,0,846520320,0.000000,0.000000,39.467932,0.00,0,2,4,25,17,20,26,13,24,55,97,12,0,0,0,0,0,0,0.0015,0.0490,0.0681,0.0042,0.0157,0.0495,0.0536,4.9253,0.0680,0.0000,0.6979,0.0058,0.0001,0.2549,0.0080,0.0058,0.0001
3039,40.0230,0.0000,11.1224,4.9745,,true,0,0.008333,0.0000,0.0000,1.00,0.00,0.0000,22,1,295,295,0,0,100,1,11,11,0,246528,0,295,0,0,846520320,0.000000,0.000000,39.467932,0.00,0,2,4,25,17,20,26,13,24,55,97,12,0,0,0,0,0,0,0.0028,0.0405,0.0599,0.0031,0.0147,0.0422,0.0557,4.9745,0.0651,0.0000,0.9767,0.0032,0.0001,0.4084,0.0083,0.0054,0.0002
3040,40.0442,0.0000,10.6971,15.3774,,true,0,0.008333,0.0000,0.0000,1.00,0.00,0.0000,22,1,295,295,0,0,100,1,11,11,0,246528,0,295,0,0,846520320,0.000000,0.000000,39.467932,0.00,0,2,4,25,17,20,26,13,24,55,97,12,0,0,0,0,0,0,0.0064,0.0546,0.0765,0.0042,0.0182,0.0533,0.0551,15.3774,0.0769,0.0000,10.9054,0.0031,0.6628,0.2528,0.0215,0.0035,9.4960
3041,40.0510,0.0000,10.6000,5.7141,,true,0,0.008333,0.0000,0.0000,1.00,0.00,0.0000,22,1,295,295,0,0,100,1,11,11,0,246528,0,295,0,0,846520320,0.000000,0.000000,39.772451,0.00,0,2,4,25,17,20,26,13,24,55,97,12,0,0,0,0,0,0,0.0041,0.0607,0.1065,0.0045,0.0266,0.2515,0.0488,5.7141,0.1170,0.0000,1.1427,0.0053,0.0001,0.4109,0.0093,0.0079,0.0003
3042,40.0601,0.0000,13.4238,6.8419,,true,0,0.008333,0.0000,0.0000,1.00,0.00,0.0000,22,1,295,295,0,0,100,1,11,11,0,246528,0,295,0,0,846520320,0.000000,0.000000,39.772451,0.00,0,2,4,25,17,20,26,13,24,55,97,12,0,0,0,0,0,0,0.0014,0.0386,0.0778,0.0047,0.0208,0.0633,0.0431,6.8419,0.0709,0.0000,1.2432,0.0027,0.0001,0.5705,0.0075,0.0041,0.0002
3043,40.0694,0.0000,10.6252,5.7408,,true,0,0.008333,0.0000,0.0000,1.00,0.00,0.0000,22,1,295,295,0,0,100,1,11,11,0,246528,0,295,0,0,846520320,0.000000,0.000000,39.772451,0.00,0,2,4,25,17,20,26,13,24,55,97,12,0,0,0,0,0,0,0.0028,0.0571,0.0695,0.0053,0.0250,0.0683,0.0461,5.7408,0.0779,0.0000,1.0557,0.0043,0.0001,0.4135,0.0088,0.0039,0.0002
3044,40.0808,0.0000,11.6830,5.4338,,true,0,0.008333,0.0000,0.0000,1.00,0.00,0.0000,22,1,295,295,0,0,100,1,11,11,0,246528,0,295,0,0,846520320,0.000000,0.000000,39.772451,0.00,0,2,4,25,17,20,26,13,24,55,97,12,0,0,0,0,0,0,0.0015,0.0435,0.0748,0.0052,0.0193,0.0746,0.0441,5.4338,0.0675,0.0000,1.0384,0.0043,0.0001,0.4085,0.0102,0.0056,0.0002
3045,40.0922,0.0000,11.4817,5.1965,,true,0,0.008333,0.0000,0.0000,1.00,0.00,0.0000,22,1,295,295,0,0,100,1,11,11,0,246528,0,295,0,0,846520320,0.000000,0.000000,39.772451,0.00,0,2,4,25,17,20,26,13,24,55,97,12,0,0,0,0,0,0,0.0015,0.0465,0.0586,0.0044,0.0196,0.0570,0.0475,5.1965,0.0646,0.0000,1.0041,0.0026,0.0001,0.4166,0.0099,0.0037,0.0002
3046,40.1035,0.0000,11.7174,4.9614,,true,0,0.008333,0.0000,0.0000,1.00,0.00,0.0000,22,1,295,295,0,0,100,1,11,11,0,246528,0,295,0,0,846520320,0.000000,0.000000,39.772451,0.00,0,2,4,25,17,20,26,13,24,55,97,12,0,0,0,0,0,0,0.0011,0.0369,0.0576,0.0041,0.0215,0.0646,0.0441,4.9614,0.0643,0.0000,0.9892,0.0049,0.0001,0.4071,0.0083,0.0060,0.0003
3047,40.1149,0.0000,11.1630,5.3651,,true,0,0.008333,0.0000,0.0000,1.00,0.00,0.0000,22,1,295,295,0,0,100,1,11,11,0,246528,0,295,0,0,846520320,0.000000,0.000000,39.772451,0.00,0,2,4,25,17,20,26,13,24,55,97,12,0,0,0,0,0,0,0.0017,0.0398,0.0597,0.0042,0.0200,0.0544,0.0446,5.3651,0.0619,0.0000,1.0302,0.0041,0.0001,0.4159,0.0088,0.0056,0.0008
3048,40.1258,0.0000,11.3868,4.9744,,true,0,0.008333,0.0000,0.0000,1.00,0.00,0.0000,22,1,295,295,0,0,100,1,11,11,0,246528,0,295,0,0,846520320,0.000000,0.000000,39.772451,0.00,0,2,4,25,17,20,26,13,24,55,97,12,0,0,0,0,0,0,0.0056,0.0507,0.0542,0.0042,0.0224,0.0598,0.0420,4.9744,0.0742,0.0000,0.7463,0.0037,0.0001,0.2681,0.0372,0.0052,0.0001
3049,40.1372,0.0000,11.2781,5.0972,,true,0,0.008333,0.0000,0.0000,1.00,0.00,0.0000,22,1,295,295,0,0,100,1,11,11,0,246528,0,295,0,0,846520320,0.000000,0.000000,39.772451,0.00,0,2,4,25,17,20,26,13,24,55,97,12,0,0,0,0,0,0,0.0030,0.0362,0.0576,0.0051,0.0210,0.0562,0.0439,5.0972,0.0642,0.0000,1.0393,0.0035,0.0001,0.3981,0.0081,0.0046,0.0001
3050,40.1483,0.0000,11.1355,4.9356,,true,0,0.008333,0.0000,0.0000,1.00,0.00,0.0000,22,1,295,295,0,0,100,1,11,11,0,246528,0,295,0,0,846520320,0.000000,0.000000,39.772451,0.00,0,2,4,25,17,20,26,13,24,55,97,12,0,0,0,0,0,0,0.0017,0.0405,0.0576,0.0042,0.0191,0.0454,0.0500,4.9356,0.0611,0.0000,0.9770,0.0038,0.0001,0.3963,0.0065,0.0042,0.0002
3051,40.1605,0.0000,11.7057,5.4555,,true,0,0.008333,0.0000,0.0000,1.00,0.00,0.0000,22,1,295,295,0,0,100,1,11,11,0,246528,0,295,0,0,846520320,0.000000,0.000000,39.772451,0.00,0,2,4,25,17,20,26,13,24,55,97,12,0,0,0,0,0,0,0.0017,0.0551,0.0558,0.0036,0.0180,0.0591,0.0421,5.4555,0.0808,0.0000,0.7228,0.0042,0.0001,0.2508,0.0117,0.0047,0.0001
3052,40.1735,0.0000,12.0358,6.0852,,true,0,0.008333,0.0000,0.0000,1.00,0.00,0.0000,22,1,295,295,0,0,100,1,11,11,0,246528,0,295,0,0,846520320,0.000000,0.000000,39.772451,0.00,0,2,4,25,17,20,26,13,24,55,97,12,0,0,0,0,0,0,0.0016,0.0544,0.0541,0.0079,0.0271,0.0926,0.0392,6.0852,0.0717,0.0000,0.7382,0.0042,0.0001,0.2696,0.0089,0.0057,0.0001
3053,40.1842,0.0000,11.4322,5.4541,,true,0,0.008333,0.0000,0.0000,1.00,0.00,0.0000,22,1,295,295,0,0,100,1,11,11,0,246528,0,295,0,0,846520320,0.000000,0.000000,39.772451,0.00,0,2,4,25,17,20,26,13,24,55,97,12,0,0,0,0,0,0,0.0015,0.0457,0.0671,0.0046,0.0235,0.0683,0.0477,5.4541,0.0709,0.0000,1.0233,0.0035,0.0001,0.4392,0.0096,0.0070,0.0002
3054,40.1951,0.0000,11.0515,5.5683,,true,0,0.008333,0.0000,0.0000,1.00,0.00,0.0000,22,1,295,295,0,0,100,1,11,11,0,246528,0,295,0,0,846520320,0.000000,0.000000,39.772451,0.00,0,2,4,25,17,20,26,13,24,55,97,12,0,0,0,0,0,0,0.0013,0.0416,0.0600,0.0047,0.0217,0.0666,0.0561,5.5683,0.0634,0.0000,0.9781,0.0032,0.0001,0.4032,0.0094,0.0062,0.0001
3055,40.2076,0.0000,11.4819,6.4486,,true,0,0.008333,0.0000,0.0000,1.00,0.00,0.0000,22,1,295,295,0,0,100,1,11,11,0,246528,0,295,0,0,846520320,0.000000,0.000000,39.772451,0.00,0,2,4,25,17,20,26,13,24,55,97,12,0,0,0,0,0,0,0.0054,0.1204,0.0636,0.0047,0.0224,0.0693,0.0467,6.4486,0.0881,0.0000,0.9186,0.0076,0.0001,0.2444,0.0104,0.0064,0.0001
3056,40.2195,0.0000,12.5587,5.9806,,true,0,0.008333,0.0000,0.0000,1.00,0.00,0.0000,22,1,295,295,0,0,100,1,11,11,0,246528,0,295,0,0,846520320,0.000000,0.000000,39.772451,0.00,0,2,4,25,17,20,26,13,24,55,97,12,0,0,0,0,0,0,0.0017,0.0434,0.0655,0.0164,0.0206,0.0610,0.0534,5.9806,0.0820,0.0000,0.9856,0.0036,0.0001,0.4096,0.0098,0.0041,0.0001
3057,40.2311,0.0000,11.7926,5.4328,,true,0,0.008333,0.0000,0.0000,1.00,0.00,0.0000,22,1,295,295,0,0,100,1,11,11,0,246528,0,295,0,0,846520320,0.000000,0.000000,39.772451,0.00,0,2,4,25,17,20,26,13,24,55,97,12,0,0,0,0,0,0,0.0015,0.0456,0.0551,0.0219,0.0151,0.0505,0.0504,5.4328,0.0643,0.0000,0.9999,0.0033,0.0001,0.4089,0.0080,0.0045,0.0002
3058,40.2422,0.0000,11.5699,5.0769,,true,0,0.008333,0.0000,0.0000,1.00,0.00,0.0000,22,1,295,295,0,0,100,1,11,11,0,246528,0,295,0,0,846520320,0.000000,0.000000,39.772451,0.00,0,2,4,25,17,20,26,13,24,55,97,12,0,0,0,0,0,0,0.0012,0.0351,0.0538,0.0044,0.0240,0.0728,0.0473,5.0769,0.0637,0.0000,0.9928,0.0032,0.0001,0.4174,0.0059,0.0049,0.0002
3059,40.2536,0.0000,11.1441,5.0054,,true,0,0.008333,0.0000,0.0000,1.00,0.00,0.0000,22,1,295,295,0,0,100,1,11,11,0,246528,0,295,0,0,846520320,0.000000,0.000000,39.772451,0.00,0,2,4,25,17,20,26,13,24,55,97,12,0,0,0,0,0,0,0.0013,0.0367,0.0562,0.0044,0.0205,0.0590,0.0416,5.0054,0.0630,0.0000,0.9940,0.0040,0.0001,0.4037,0.0087,0.0042,0.0002
3060,40.2733,0.0000,12.6290,11.3217,,true,0,0.008333,0.0000,0.0000,1.00,0.00,0.0000,22,1,295,295,0,0,100,1,11,11,0,246528,0,295,0,0,846520320,0.000000,0.000000,39.772451,0.00,0,2,4,25,17,20,26,13,24,55,97,12,0,0,0,0,0,0,0.0021,0.1174,0.1488,0.0082,0.0311,0.1197,0.0495,11.3217,0.2228,0.0000,1.5833,0.0048,0.0001,0.6378,0.0155,0.0064,0.0002
3061,40.2852,0.0000,16.7369,7.4458,,true,0,0.008333,0.0000,0.0000,1.00,0.00,0.0000,22,1,295,295,0,0,100,1,11,11,0,246528,0,295,0,0,846520320,0.000000,0.000000,39.772451,0.00,0,2,4,25,17,20,26,13,24,55,97,12,0,0,0,0,0,0,0.0015,0.0437,0.1713,0.0045,0.0222,0.0806,0.0435,7.4458,0.1018,0.0000,0.9926,0.0036,0.0001,0.3830,0.0070,0.0050,0.0002
3062,40.2952,0.0000,11.3097,6.1603,,true,0,0.008333,0.0000,0.0000,1.00,0.00,0.0000,22,1,295,295,0,0,100,1,11,11,0,246528,0,295,0,0,846520320,0.000000,0.000000,39.772451,0.00,0,2,4,25,17,20,26,13,24,55,97,12,0,0,0,0,0,0,0.0075,0.0461,0.0472,0.0044,0.0190,0.0559,0.0463,6.1603,0.0590,0.0000,0.7038,0.0043,0.0001,0.2498,0.0110,0.0045,0.0001
