frame,wall_s,sim_time_s,frame_ms,cpu_ms,gpu_ms,gpu_available,steps,fixed_dt_s,sim_cpu_ms,sim_advanced_s,requested_warp,effective_warp,backlog_ms,bodies,vehicles,patches_visible,patches_wanted,jobs_in_flight,eye_speed_mps,detail_bias,lod_min,lod_max,wanted_lod_max,patches_generated,triangles,cache_hits,cache_misses,streaming_queued,assets_pending,rss_bytes,rails_advanced_s,server_compute_s,server_wall_s,server_effective_warp,lod_l0,lod_l1,lod_l2,lod_l3,lod_l4,lod_l5,lod_l6,lod_l7,lod_l8,lod_l9,lod_l10,lod_l11,lod_l12,lod_l13,lod_l14,lod_l15,lod_l16,lod_l17,scope:client.camera_ms,scope:client.celestial_visuals_ms,scope:client.hud_ms,scope:client.pilot_hud_ms,scope:client.pilot_preview_ms,scope:client.pilot_simulation_ms,scope:client.starfield_ms,scope:frame.cpu_ms,scope:render.atmosphere_ms,scope:sim.total_ms,scope:simulation.coast_bake_ms,scope:simulation.trajectory_prediction_ms,scope:world.streaming_ms,scope:world.terrain_asset_upload_ms,scope:world.terrain_cbt_submit_ms,scope:world.terrain_counters_ms,scope:world.terrain_entity_sync_ms,scope:world.terrain_job_poll_ms,scope:world.terrain_materials_ms,scope:world.terrain_meshing_ms,scope:world.terrain_selection_ms
316,6.1574,0.0000,29.5387,13.4506,,true,0,0.008333,0.0000,0.0000,1.00,0.00,0.0000,22,1,225,360,8,82,182,0,16,17,8,0,19140,824,83,40,911167488,0.000000,0.000000,0.000000,0.00,4,0,0,0,0,20,39,31,15,15,15,16,11,14,20,13,12,0,0.0011,0.0106,0.1384,0.0495,0.0075,0.0000,0.0305,13.4506,0.0670,0.0000,0.0000,0.0000,2.7744,0.0834,0.4497,0.3458,0.6427,0.1005,0.0000,52.8543,0.0011
317,6.1843,0.0000,30.3397,10.8279,,true,0,0.008333,0.0000,0.0000,1.00,0.00,0.0000,22,1,231,360,8,80,180,0,16,17,8,0,19371,832,75,40,911167488,0.000000,0.000000,0.000000,0.00,4,0,0,0,0,20,39,31,15,15,15,16,11,14,18,21,12,0,0.0002,0.0026,0.1292,0.0885,0.0060,0.0000,0.0056,10.8279,0.0909,0.0000,0.0000,0.0000,2.3948,0.0382,0.3068,0.1992,0.5493,0.0109,0.0000,57.8305,0.0011
318,6.2154,0.0000,24.5251,16.2670,,true,0,0.008333,0.0000,0.0000,1.00,0.00,0.0000,22,1,231,360,8,79,179,0,16,17,8,0,19371,840,67,40,911245312,0.000000,0.000000,0.000000,0.00,4,0,0,0,0,20,39,31,15,15,15,16,11,14,18,21,12,0,0.0004,0.0043,0.1046,0.1567,0.0130,0.0000,0.0089,16.2670,0.0488,0.0000,0.0000,0.0000,2.9515,0.0996,0.3890,0.5130,0.7170,0.0520,0.0000,42.2845,0.0007
319,6.2517,0.0000,32.2645,21.1834,,true,0,0.008333,0.0000,0.0000,1.00,0.00,0.0000,22,1,249,360,8,83,183,0,16,17,8,0,19620,848,59,40,911249408,0.000000,0.000000,0.000000,0.00,4,0,0,0,0,20,39,31,14,18,18,19,14,17,22,21,12,0,0.0005,0.0030,0.0602,0.1378,0.0137,0.0000,0.0147,21.1834,0.0200,0.0000,0.0000,0.0000,3.7943,0.2514,0.5161,0.1570,1.6232,0.0713,0.0000,64.6451,0.0011
320,6.2757,0.0000,30.5637,13.6601,,true,0,0.008333,0.0000,0.0000,1.00,0.00,0.0000,22,1,249,360,8,86,186,0,16,17,8,0,19620,856,51,40,911728640,0.000000,0.000000,0.000000,0.00,4,0,0,0,0,20,39,31,14,18,18,19,14,17,22,21,12,0,0.0002,0.0058,0.0505,0.1473,0.0164,0.0000,0.0203,13.6601,0.0181,0.0000,0.0000,0.0000,2.6724,0.0249,0.5226,0.2127,0.7485,0.0123,0.0000,61.0386,0.0009
321,6.3117,0.0000,30.7530,19.3071,,true,0,0.008333,0.0000,0.0000,1.00,0.00,0.0000,22,1,258,360,8,88,188,0,16,17,8,0,19878,864,43,40,911728640,0.000000,0.000000,0.000000,0.00,4,0,0,0,0,20,39,31,13,21,21,23,14,17,22,21,12,0,0.0005,0.0026,0.0751,0.1189,0.0133,0.0000,0.0097,19.3071,0.0261,0.0000,0.0000,0.0000,4.7657,0.1508,0.4026,2.1189,0.8933,0.0229,0.0000,57.0901,0.0012
322,6.3387,0.0000,29.0721,16.6221,,true,0,0.008333,0.0000,0.0000,1.00,0.00,0.0000,22,1,291,360,8,88,188,0,16,17,8,0,20169,872,35,40,911736832,0.000000,0.000000,0.000000,0.00,4,0,0,0,0,20,39,30,15,27,27,28,25,21,22,21,12,0,0.0002,0.0033,0.0766,0.0606,0.0088,0.0000,0.0070,16.6221,0.0238,0.0000,0.0000,0.0000,2.7361,0.0695,0.4388,0.3446,0.9219,0.0563,0.0000,68.6544,0.0013
323,6.3717,0.0000,31.6863,18.6392,,true,0,0.008333,0.0000,0.0000,1.00,0.00,0.0000,22,1,303,360,8,88,188,0,16,17,8,0,20472,880,27,40,911745024,0.000000,0.000000,0.000000,0.00,4,0,0,0,0,20,39,30,15,27,27,28,24,23,29,25,12,0,0.0012,0.0066,0.0592,0.1245,0.0231,0.0000,0.0100,18.6392,0.0207,0.0000,0.0000,0.0000,3.9379,0.0460,0.4898,0.1835,1.3114,0.0192,0.0000,68.2535,0.0010
324,6.3910,0.0000,25.8176,13.4333,,true,0,0.008333,0.0000,0.0000,1.00,0.00,0.0000,22,1,309,360,8,89,189,0,16,17,8,0,20781,888,19,40,911745024,0.000000,0.000000,0.000000,0.00,4,0,0,0,0,20,39,30,15,27,27,28,24,23,29,23,20,0,0.0004,0.0024,0.0500,0.0382,0.0039,0.0000,0.0063,13.4333,0.0277,0.0000,0.0000,0.0000,1.7603,0.0244,0.3876,0.1444,0.6228,0.0088,0.0000,60.1407,0.0015
325,6.4190,0.0000,26.4739,12.7811,,true,0,0.008333,0.0000,0.0000,1.00,0.00,0.0000,22,1,324,360,8,90,190,0,16,17,8,0,21105,896,11,40,911749120,0.000000,0.000000,0.000000,0.00,4,0,0,0,0,20,39,30,15,27,27,27,26,30,32,27,20,0,0.0008,0.0024,0.0640,0.0886,0.0205,0.0000,0.0115,12.7811,0.0221,0.0000,0.0000,0.0000,2.9263,0.0837,0.5322,0.1719,1.0394,0.0340,0.0000,53.3696,0.0017
326,6.4562,0.0000,31.7951,18.2458,,true,0,0.008333,0.0000,0.0000,1.00,0.00,0.0000,22,1,330,360,3,89,189,0,17,17,8,0,21435,899,3,15,911749120,0.000000,0.000000,0.000000,0.00,4,0,0,0,0,20,39,30,15,27,27,27,26,30,32,27,18,8,0.0002,0.0028,0.0863,0.1256,0.0125,0.0000,0.0221,18.2458,0.0416,0.0000,0.0000,0.0000,2.7042,0.0199,0.5313,0.4558,0.9828,0.0215,0.0000,60.3262,0.0013
327,6.4808,0.0000,30.5243,13.2207,,true,0,0.008333,0.0000,0.0000,1.00,0.00,0.0000,22,1,333,360,0,88,188,0,17,17,3,0,21768,899,0,0,911749120,0.000000,0.000000,0.000000,0.00,4,0,0,0,0,20,39,30,15,27,27,27,26,30,32,27,17,12,0.0001,0.0011,0.0476,0.0520,0.0061,0.0000,0.0048,13.2207,0.0287,0.0000,0.0000,0.0000,1.5997,0.0164,0.2594,0.2821,0.5961,0.0066,0.0000,18.1800,0.0006
328,6.5154,0.0000,27.3579,20.3771,,true,0,0.008333,0.0000,0.0000,1.00,0.00,0.0000,22,1,289,365,8,86,186,0,16,16,0,0,22057,907,187,40,911749120,0.000000,0.000000,0.000000,0.00,4,0,0,0,0,12,39,32,9,19,27,28,24,22,32,29,12,0,0.0003,0.0023,0.0735,0.1207,0.0176,0.0000,0.0071,20.3771,0.0393,0.0000,0.0000,0.0000,8.9476,0.0003,0.5935,0.1509,0.7210,0.0006,0.0000,0.0000,5.5923
329,6.5392,0.0000,28.6721,16.1717,,true,0,0.008333,0.0000,0.0000,1.00,0.00,0.0000,22,1,289,365,8,64,164,0,16,16,8,0,22057,915,179,40,913846272,0.000000,0.000000,0.000000,0.00,4,0,0,0,0,12,39,32,9,19,27,28,24,22,32,29,12,0,0.0006,0.0023,0.1367,0.1420,0.0118,0.0000,0.0135,16.1717,0.1387,0.0000,0.0000,0.0000,3.1704,0.0509,0.6261,0.1886,0.6674,0.0393,0.0000,61.9269,0.0053
330,6.5751,0.0000,40.2489,12.5079,,true,0,0.008333,0.0000,0.0000,1.00,0.00,0.0000,22,1,274,365,8,48,148,0,16,16,8,0,22331,923,171,40,915456000,0.000000,0.000000,0.000000,0.00,4,0,0,0,0,12,36,44,11,14,17,21,20,22,32,29,12,0,0.0002,0.0028,0.1232,0.0558,0.0063,0.0000,0.0111,12.5079,0.0639,0.0000,0.0000,0.0000,2.7545,0.0248,0.4179,0.3814,0.6850,0.0112,0.0000,49.5386,0.0011
331,6.6010,0.0000,26.8591,11.5521,,true,0,0.008333,0.0000,0.0000,1.00,0.00,0.0000,22,1,226,365,8,36,136,0,16,16,8,0,22557,931,163,40,915456000,0.000000,0.000000,0.000000,0.00,4,0,0,0,0,12,36,44,11,15,15,15,15,15,15,17,12,0,0.0002,0.0029,0.0523,0.0491,0.0068,0.0000,0.0084,11.5521,0.0228,0.0000,0.0000,0.0000,2.3399,0.0413,0.4253,0.1712,0.5174,0.0289,0.0000,40.3159,0.0006
332,6.6364,0.0000,36.5523,10.6007,,true,0,0.008333,0.0000,0.0000,1.00,0.00,0.0000,22,1,205,365,8,27,127,0,16,16,8,0,22762,939,155,40,915456000,0.000000,0.000000,0.000000,0.00,4,0,0,0,0,12,36,44,12,12,12,12,12,12,12,13,12,0,0.0007,0.0101,0.0439,0.0885,0.0068,0.0000,0.0049,10.6007,0.0310,0.0000,0.0000,0.0000,2.1099,0.0468,0.3934,0.1210,0.4159,0.0160,0.0000,43.7623,0.0007
333,6.7040,0.0000,39.2160,35.7948,,true,0,0.008333,0.0000,0.0000,1.00,0.00,0.0000,22,1,205,365,8,23,123,0,16,16,8,0,22762,947,147,40,915456000,0.000000,0.000000,0.000000,0.00,4,0,0,0,0,12,36,44,12,12,12,12,12,12,12,13,12,0,0.0003,0.0021,0.0520,0.0427,0.0046,0.0000,0.0097,35.7948,0.0237,0.0000,0.0000,0.0000,2.2226,0.0380,0.4948,0.1083,0.4416,0.0185,0.0000,45.2255,0.0003
334,6.7161,0.0000,41.2246,9.5719,,true,0,0.008333,0.0000,0.0000,1.00,0.00,0.0000,22,1,205,365,8,21,121,0,16,16,8,0,22762,955,139,40,915460096,0.000000,0.000000,0.000000,0.00,4,0,0,0,0,12,36,44,12,12,12,12,12,12,12,13,12,0,0.0002,0.0019,0.1793,0.0713,0.0055,0.0000,0.0056,9.5719,0.0506,0.0000,0.0000,0.0000,2.0640,0.0354,0.3614,0.1995,0.4198,0.0104,0.0000,51.0523,0.0013
335,6.7390,0.0000,23.7897,8.7256,,true,0,0.008333,0.0000,0.0000,1.00,0.00,0.0000,22,1,205,365,8,20,120,0,16,16,8,0,22762,963,131,40,915460096,0.000000,0.000000,0.000000,0.00,4,0,0,0,0,12,36,44,12,12,12,12,12,12,12,13,12,0,0.0002,0.0025,0.0675,0.0562,0.0063,0.0000,0.0148,8.7256,0.0476,0.0000,0.0000,0.0000,1.5730,0.0327,0.3128,0.1115,0.3332,0.0098,0.0000,38.1939,0.0004
336,6.7973,0.0000,31.4854,30.6059,,true,0,0.008333,0.0000,0.0000,1.00,0.00,0.0000,22,1,205,365,8,20,120,0,16,16,8,0,22762,971,123,40,915460096,0.000000,0.000000,0.000000,0.00,4,0,0,0,0,12,36,44,12,12,12,12,12,12,12,13,12,0,0.0007,0.0026,0.1261,0.0789,0.0096,0.0000,0.0188,30.6059,0.0493,0.0000,0.0000,0.0000,3.9259,0.0249,0.6344,0.2418,1.7534,0.0147,0.0000,38.4703,0.0007
337,6.8557,0.0000,66.1933,17.9672,,true,0,0.008333,0.0000,0.0000,1.00,0.00,0.0000,22,1,205,365,8,21,121,0,16,16,8,0,22762,979,115,40,915460096,0.000000,0.000000,0.000000,0.00,4,0,0,0,0,12,36,44,12,12,12,12,12,12,12,13,12,0,0.0015,0.0092,0.0568,0.2315,0.0102,0.0000,0.0394,17.9672,0.0224,0.0000,0.0000,0.0000,3.2961,0.0615,0.6927,0.1364,0.6044,0.0396,0.0000,79.8104,0.0021
338,6.8825,0.0000,42.7447,10.8963,,true,0,0.008333,0.0000,0.0000,1.00,0.00,0.0000,22,1,211,365,8,22,122,0,16,16,8,0,22973,987,107,40,915460096,0.000000,0.000000,0.000000,0.00,4,0,0,0,0,12,36,43,15,16,12,12,12,12,12,13,12,0,0.0006,0.0035,0.0729,0.0685,0.0105,0.0000,0.0075,10.8963,0.0428,0.0000,0.0000,0.0000,2.1051,0.0452,0.3201,0.2317,0.4771,0.0142,0.0000,72.3507,0.0003
339,6.9066,0.0000,24.6035,10.7780,,true,0,0.008333,0.0000,0.0000,1.00,0.00,0.0000,22,1,217,365,8,23,123,0,16,16,8,0,23190,995,99,40,915460096,0.000000,0.000000,0.000000,0.00,4,0,0,0,0,12,36,43,15,15,15,16,12,12,12,13,12,0,0.0004,0.0043,0.1208,0.0723,0.0068,0.0000,0.0144,10.7780,0.0682,0.0000,0.0000,0.0000,2.0356,0.0300,0.3753,0.2513,0.4660,0.0126,0.0000,42.0815,0.0006
340,6.9299,0.0000,24.2827,9.7384,,true,0,0.008333,0.0000,0.0000,1.00,0.00,0.0000,22,1,226,365,8,24,124,0,16,16,8,0,23416,1003,91,40,915460096,0.000000,0.000000,0.000000,0.00,4,0,0,0,0,12,36,43,15,15,15,15,15,15,16,13,12,0,0.0010,0.0024,0.0824,0.0570,0.0054,0.0000,0.0073,9.7384,0.0473,0.0000,0.0000,0.0000,2.1105,0.0538,0.3722,0.2275,0.5229,0.0104,0.0000,40.1605,0.0004
341,6.9517,0.0000,22.0633,9.9983,,true,0,0.008333,0.0000,0.0000,1.00,0.00,0.0000,22,1,229,365,8,24,124,0,16,16,8,0,23645,1011,83,40,915460096,0.000000,0.000000,0.000000,0.00,4,0,0,0,0,12,36,43,15,15,15,15,15,14,20,13,12,0,0.0002,0.0032,0.0723,0.0440,0.0068,0.0000,0.0156,9.9983,0.0492,0.0000,0.0000,0.0000,1.9105,0.0399,0.3165,0.1736,0.5256,0.0143,0.0000,38.1306,0.0010
342,6.9930,0.0000,39.5380,11.6958,,true,0,0.008333,0.0000,0.0000,1.00,0.00,0.0000,22,1,229,365,8,24,124,0,16,16,8,0,23645,1019,75,40,915701760,0.000000,0.000000,0.000000,0.00,4,0,0,0,0,12,36,43,15,15,15,15,15,14,20,13,12,0,0.0008,0.0039,0.1132,0.0582,0.0065,0.0000,0.0063,11.6958,0.0546,0.0000,0.0000,0.0000,1.9167,0.0288,0.3986,0.2725,0.5101,0.0060,0.0000,37.6673,0.0010
343,7.0198,0.0000,28.9032,8.5321,,true,0,0.008333,0.0000,0.0000,1.00,0.00,0.0000,22,1,229,365,8,24,124,0,16,16,8,0,23645,1027,67,40,915800064,0.000000,0.000000,0.000000,0.00,4,0,0,0,0,12,36,43,15,15,15,15,15,14,20,13,12,0,0.0002,0.0042,0.0493,0.0744,0.0146,0.0000,0.0168,8.5321,0.0230,0.0000,0.0000,0.0000,2.0618,0.0350,0.3823,0.1365,0.6756,0.0142,0.0000,42.6835,0.0004
344,7.0455,0.0000,25.8903,9.5016,,true,0,0.008333,0.0000,0.0000,1.00,0.00,0.0000,22,1,244,365,8,24,124,0,16,16,8,0,23889,1035,59,40,915804160,0.000000,0.000000,0.000000,0.00,4,0,0,0,0,12,36,43,14,18,18,18,18,18,20,13,12,0,0.0008,0.0022,0.0811,0.0478,0.0062,0.0000,0.0058,9.5016,0.0395,0.0000,0.0000,0.0000,2.0449,0.0315,0.3540,0.2453,0.6553,0.0096,0.0000,42.1313,0.0010
345,7.0672,0.0000,21.6835,9.4431,,true,0,0.008333,0.0000,0.0000,1.00,0.00,0.0000,22,1,247,365,8,24,124,0,16,16,8,0,24136,1043,51,40,915861504,0.000000,0.000000,0.000000,0.00,4,0,0,0,0,12,36,43,14,18,18,18,18,17,24,13,12,0,0.0006,0.0015,0.0530,0.0507,0.0073,0.0000,0.0059,9.4431,0.0217,0.0000,0.0000,0.0000,1.4205,0.0258,0.2793,0.1381,0.4209,0.0121,0.0000,41.5029,0.0008
346,7.0887,0.0000,21.5270,9.4418,,true,0,0.008333,0.0000,0.0000,1.00,0.00,0.0000,22,1,247,365,8,24,124,0,16,16,8,0,24136,1051,43,40,915861504,0.000000,0.000000,0.000000,0.00,4,0,0,0,0,12,36,43,14,18,18,18,18,17,24,13,12,0,0.0011,0.0035,0.0708,0.0598,0.0034,0.0000,0.0066,9.4418,0.0419,0.0000,0.0000,0.0000,2.1647,0.0371,0.3568,0.2810,0.8117,0.0149,0.0000,38.7763,0.0003
347,7.1105,0.0000,21.0955,10.0483,,true,0,0.008333,0.0000,0.0000,1.00,0.00,0.0000,22,1,253,365,8,24,124,0,16,16,8,0,24389,1059,35,40,915861504,0.000000,0.000000,0.000000,0.00,4,0,0,0,0,12,36,43,14,18,18,18,18,17,23,16,16,0,0.0002,0.0024,0.0638,0.1018,0.0086,0.0000,0.0031,10.0483,0.0579,0.0000,0.0000,0.0000,2.4222,0.1008,0.3452,0.1361,0.5217,0.0181,0.0000,38.4690,0.0011
348,7.1327,0.0000,22.6137,9.8001,,true,0,0.008333,0.0000,0.0000,1.00,0.00,0.0000,22,1,253,365,8,24,124,0,16,16,8,0,24389,1067,27,40,915861504,0.000000,0.000000,0.000000,0.00,4,0,0,0,0,12,36,43,14,18,18,18,18,17,23,16,16,0,0.0002,0.0017,0.0578,0.0456,0.0060,0.0000,0.0055,9.8001,0.0353,0.0000,0.0000,0.0000,1.8893,0.0711,0.3473,0.1912,0.5323,0.0443,0.0000,37.3455,0.0005
349,7.1535,0.0000,21.1096,9.6821,,true,0,0.008333,0.0000,0.0000,1.00,0.00,0.0000,22,1,253,365,8,24,124,0,16,16,8,0,24389,1075,19,40,915861504,0.000000,0.000000,0.000000,0.00,4,0,0,0,0,12,36,43,14,18,18,18,18,17,23,16,16,0,0.0004,0.0017,0.0489,0.0500,0.0073,0.0000,0.0045,9.6821,0.0251,0.0000,0.0000,0.0000,1.5768,0.0509,0.3256,0.1555,0.4895,0.0132,0.0000,39.0268,0.0004
350,7.1743,0.0000,20.5963,9.8726,,true,0,0.008333,0.0000,0.0000,1.00,0.00,0.0000,22,1,253,365,8,24,124,0,16,16,8,0,24389,1083,11,40,915861504,0.000000,0.000000,0.000000,0.00,4,0,0,0,0,12,36,43,14,18,18,18,18,17,23,16,16,0,0.0001,0.0039,0.0609,0.0877,0.0054,0.0000,0.0123,9.8726,0.0508,0.0000,0.0000,0.0000,1.7224,0.0726,0.3813,0.1932,0.5171,0.0161,0.0000,45.9280,0.0007
351,7.1948,0.0000,21.4694,8.7708,,true,0,0.008333,0.0000,0.0000,1.00,0.00,0.0000,22,1,313,365,3,25,125,0,16,16,8,0,24702,1086,3,15,915865600,0.000000,0.000000,0.000000,0.00,4,0,0,0,0,12,36,41,17,33,33,35,30,17,23,16,16,0,0.0002,0.0018,0.0510,0.0455,0.0045,0.0000,0.0050,8.7708,0.0326,0.0000,0.0000,0.0000,1.7363,0.0418,0.3608,0.2489,0.5990,0.0578,0.0000,39.6873,0.0006
352,7.2150,0.0000,21.3268,7.6475,,true,0,0.008333,0.0000,0.0000,1.00,0.00,0.0000,22,1,334,365,0,26,126,0,16,16,3,0,25036,1086,0,0,915865600,0.000000,0.000000,0.000000,0.00,4,0,0,0,0,12,36,41,17,33,33,33,34,32,27,16,16,0,0.0002,0.0033,0.0478,0.0607,0.0062,0.0000,0.0143,7.6475,0.0228,0.0000,0.0000,0.0000,1.6624,0.0276,0.3473,0.2174,0.6479,0.0077,0.0000,15.3873,0.0006
353,7.2434,0.0000,21.1382,14.6869,,true,0,0.008333,0.0000,0.0000,1.00,0.00,0.0000,22,1,295,360,8,27,127,0,16,16,0,0,25331,1094,121,40,916013056,0.000000,0.000000,0.000000,0.00,4,0,0,0,0,12,39,30,15,27,27,27,27,28,27,16,16,0,0.0002,0.0017,0.1728,0.1051,0.0130,0.0000,0.0052,14.6869,0.0868,0.0000,0.0000,0.0000,7.4181,0.0034,0.5885,0.3017,0.8944,0.0034,0.0000,0.0000,4.3862
354,7.2635,0.0000,24.1134,11.1395,,true,0,0.008333,0.0000,0.0000,1.00,0.00,0.0000,22,1,303,360,8,45,145,0,16,16,8,0,25634,1102,113,40,919478272,0.000000,0.000000,0.000000,0.00,4,0,0,0,0,20,39,30,15,27,27,27,27,28,27,16,16,0,0.0002,0.0017,0.0656,0.0940,0.0062,0.0000,0.0063,11.1395,0.0333,0.0000,0.0000,0.0000,2.6954,0.0760,0.5098,0.1817,0.6652,0.0363,0.0000,38.4187,0.0003
355,7.3032,0.0000,40.3897,10.0688,,true,0,0.008333,0.0000,0.0000,1.00,0.00,0.0000,22,1,279,360,8,59,159,0,16,16,8,0,25913,1110,105,40,919478272,0.000000,0.000000,0.000000,0.00,4,0,0,0,0,20,39,30,16,24,24,24,25,22,19,16,16,0,0.0002,0.0014,0.0405,0.0666,0.0071,0.0000,0.0059,10.0688,0.0130,0.0000,0.0000,0.0000,2.0182,0.0316,0.3626,0.1674,0.5895,0.0155,0.0000,39.3407,0.0007
356,7.3269,0.0000,23.3353,10.4995,,true,0,0.008333,0.0000,0.0000,1.00,0.00,0.0000,22,1,258,360,8,67,167,0,16,16,8,0,26171,1118,97,40,919478272,0.000000,0.000000,0.000000,0.00,4,0,0,0,0,20,39,30,17,21,21,21,22,19,16,12,16,0,0.0004,0.0030,0.0699,0.0551,0.0059,0.0000,0.0111,10.4995,0.0499,0.0000,0.0000,0.0000,2.1708,0.0826,0.3902,0.1987,0.5783,0.0313,0.0000,39.3545,0.0005
357,7.3651,0.0000,38.1106,10.3429,,true,0,0.008333,0.0000,0.0000,1.00,0.00,0.0000,22,1,258,360,8,71,171,0,16,16,8,0,26171,1126,89,40,919478272,0.000000,0.000000,0.000000,0.00,4,0,0,0,0,20,39,30,17,21,21,21,22,19,16,12,16,0,0.0006,0.0018,0.0714,0.0988,0.0065,0.0000,0.0117,10.3429,0.0248,0.0000,0.0000,0.0000,1.8964,0.0411,0.3977,0.1434,0.5050,0.0180,0.0000,40.5877,0.0004
358,7.3872,0.0000,23.6473,8.9643,,true,0,0.008333,0.0000,0.0000,1.00,0.00,0.0000,22,1,258,360,8,73,173,0,16,16,8,0,26171,1134,81,40,919478272,0.000000,0.000000,0.000000,0.00,4,0,0,0,0,20,39,30,17,21,21,21,22,19,16,12,16,0,0.0007,0.0022,0.0664,0.0507,0.0063,0.0000,0.0067,8.9643,0.0225,0.0000,0.0000,0.0000,1.5498,0.0277,0.3153,0.1488,0.4249,0.0112,0.0000,40.2549,0.0003
359,7.4115,0.0000,23.6083,9.6381,,true,0,0.008333,0.0000,0.0000,1.00,0.00,0.0000,22,1,264,360,8,73,173,0,16,16,8,0,26435,1142,73,40,919478272,0.000000,0.000000,0.000000,0.00,4,0,0,0,0,20,39,30,17,21,21,21,22,19,14,20,16,0,0.0002,0.0020,0.0494,0.0486,0.0055,0.0000,0.0078,9.6381,0.0201,0.0000,0.0000,0.0000,2.3127,0.0498,0.4193,0.2640,0.5953,0.0202,0.0000,38.1731,0.0004
360,7.4378,0.0000,24.4878,11.5844,,true,0,0.008333,0.0000,0.0000,1.00,0.00,0.0000,22,1,264,360,8,73,173,0,16,16,8,0,26435,1150,65,40,919478272,0.000000,0.000000,0.000000,0.00,4,0,0,0,0,20,39,30,17,21,21,21,22,19,14,20,16,0,0.0002,0.0019,0.0590,0.0524,0.0073,0.0000,0.0080,11.5844,0.0443,0.0000,0.0000,0.0000,2.3342,0.0415,0.4065,0.3185,0.7095,0.0255,0.0000,42.8707,0.0009
361,7.4735,0.0000,29.2183,15.7970,,true,0,0.008333,0.0000,0.0000,1.00,0.00,0.0000,22,1,276,360,8,72,172,0,16,16,8,0,26711,1158,57,40,919482368,0.000000,0.000000,0.000000,0.00,4,0,0,0,0,20,39,30,16,24,24,24,26,19,14,20,16,0,0.0003,0.0041,0.1106,0.0713,0.0048,0.0000,0.0090,15.7970,0.0510,0.0000,0.0000,0.0000,2.6010,0.0788,0.5797,0.2026,0.8509,0.0187,0.0000,44.7487,0.0007
362,7.5265,0.0000,40.8127,27.8685,,true,0,0.008333,0.0000,0.0000,1.00,0.00,0.0000,22,1,291,360,8,70,170,0,16,16,8,0,27002,1166,49,40,919486464,0.000000,0.000000,0.000000,0.00,4,0,0,0,0,20,39,30,16,24,24,24,24,25,21,24,16,0,0.0009,0.0036,0.0886,0.0981,0.0122,0.0000,0.0286,27.8685,0.0284,0.0000,0.0000,0.0000,2.4987,0.0488,0.6077,0.2734,0.7233,0.0289,0.0000,82.9179,0.0010
363,7.5767,0.0000,53.8293,20.8267,,true,0,0.008333,0.0000,0.0000,1.00,0.00,0.0000,22,1,297,360,8,68,168,0,16,16,8,0,27299,1174,41,40,919486464,0.000000,0.000000,0.000000,0.00,4,0,0,0,0,20,39,30,16,24,24,24,24,24,24,28,16,0,0.0008,0.0042,0.0644,0.0658,0.0086,0.0000,0.0149,20.8267,0.0205,0.0000,0.0000,0.0000,2.4774,0.0376,0.5933,0.1899,0.8665,0.0179,0.0000,78.6988,0.0007
364,7.6365,0.0000,54.1896,24.0730,,true,0,0.008333,0.0000,0.0000,1.00,0.00,0.0000,22,1,297,360,8,66,166,0,16,16,8,0,27299,1182,33,40,919769088,0.000000,0.000000,0.000000,0.00,4,0,0,0,0,20,39,30,16,24,24,24,24,24,24,28,16,0,0.0017,0.0074,0.0720,0.2225,0.0215,0.0000,0.0384,24.0730,0.0264,0.0000,0.0000,0.0000,2.9210,0.0669,0.7826,0.1639,0.8223,0.0372,0.0000,94.7590,0.0012
365,7.6828,0.0000,55.2908,21.0268,,true,0,0.008333,0.0000,0.0000,1.00,0.00,0.0000,22,1,297,360,8,63,163,0,16,16,8,0,27299,1190,25,40,919769088,0.000000,0.000000,0.000000,0.00,4,0,0,0,0,20,39,30,16,24,24,24,24,24,24,28,16,0,0.0003,0.0076,0.0617,0.0799,0.0052,0.0000,0.0280,21.0268,0.0188,0.0000,0.0000,0.0000,1.7014,0.0324,0.3601,0.1324,0.6274,0.0131,0.0000,87.4995,0.0007
366,7.7222,0.0000,43.9553,16.1006,,true,0,0.008333,0.0000,0.0000,1.00,0.00,0.0000,22,1,297,360,8,61,161,0,16,16,8,0,27299,1198,17,40,919769088,0.000000,0.000000,0.000000,0.00,4,0,0,0,0,20,39,30,16,24,24,24,24,24,24,28,16,0,0.0002,0.0056,0.0385,0.2424,0.0123,0.0000,0.0225,16.1006,0.0778,0.0000,0.0000,0.0000,2.3336,0.0444,0.7617,0.1643,0.7179,0.0208,0.0000,69.5994,0.0008
367,7.7583,0.0000,41.3078,11.5340,,true,0,0.008333,0.0000,0.0000,1.00,0.00,0.0000,22,1,312,360,8,59,159,0,16,16,8,0,27611,1206,9,40,919797760,0.000000,0.000000,0.000000,0.00,4,0,0,0,0,20,39,30,14,30,31,28,24,24,24,28,16,0,0.0009,0.0048,0.1056,0.0694,0.0096,0.0000,0.0079,11.5340,0.0462,0.0000,0.0000,0.0000,1.9912,0.0410,0.5531,0.2339,0.6171,0.0168,0.0000,65.4448,0.0013
368,7.7828,0.0000,28.7436,8.8253,,true,0,0.008333,0.0000,0.0000,1.00,0.00,0.0000,22,1,330,360,1,57,157,0,16,16,8,0,27941,1207,1,5,919797760,0.000000,0.000000,0.000000,0.00,4,0,0,0,0,20,39,30,14,30,30,30,30,31,28,28,16,0,0.0002,0.0029,0.0625,0.0648,0.0061,0.0000,0.0036,8.8253,0.0250,0.0000,0.0000,0.0000,1.6193,0.0336,0.3967,0.1730,0.6426,0.0113,0.0000,47.4338,0.0006
369,7.8237,0.0000,34.1043,15.2903,,true,0,0.008333,0.0000,0.0000,1.00,0.00,0.0000,22,1,243,361,8,55,155,0,16,16,1,0,28184,1215,127,40,919797760,0.000000,0.000000,0.000000,0.00,4,0,0,0,0,20,39,31,15,15,15,15,15,13,21,24,16,0,0.0012,0.0032,0.0475,0.1076,0.0156,0.0000,0.0172,15.2903,0.0164,0.0000,0.0000,0.0000,7.7154,0.0404,0.6786,0.3127,0.7400,0.0254,0.0000,5.1519,4.4437
370,7.8445,0.0000,25.5085,10.9711,,true,0,0.008333,0.0000,0.0000,1.00,0.00,0.0000,22,1,237,361,8,52,152,0,16,16,8,0,28421,1223,119,40,919797760,0.000000,0.000000,0.000000,0.00,4,0,0,0,0,20,39,31,15,15,15,15,15,14,18,20,16,0,0.0002,0.0014,0.0519,0.0572,0.0065,0.0000,0.0065,10.9711,0.0340,0.0000,0.0000,0.0000,1.8743,0.0308,0.3760,0.1557,0.4148,0.0121,0.0000,39.4026,0.0009
371,7.8856,0.0000,40.7942,11.2232,,true,0,0.008333,0.0000,0.0000,1.00,0.00,0.0000,22,1,231,361,8,51,151,0,16,16,8,0,28652,1231,111,40,919896064,0.000000,0.000000,0.000000,0.00,4,0,0,0,0,20,39,31,15,15,15,15,15,15,15,16,16,0,0.0007,0.0023,0.1129,0.0665,0.0112,0.0000,0.0113,11.2232,0.0666,0.0000,0.0000,0.0000,3.7207,0.0579,0.6446,0.9384,0.6811,0.0280,0.0000,40.1512,0.0017
372,7.9126,0.0000,28.6958,9.3983,,true,0,0.008333,0.0000,0.0000,1.00,0.00,0.0000,22,1,231,361,8,52,152,0,16,16,8,0,28652,1239,103,40,919900160,0.000000,0.000000,0.000000,0.00,4,0,0,0,0,20,39,31,15,15,15,15,15,15,15,16,16,0,0.0002,0.0018,0.0737,0.0908,0.0142,0.0000,0.0056,9.3983,0.0272,0.0000,0.0000,0.0000,2.9464,0.0397,0.4341,0.1618,0.5023,0.0299,0.0000,37.9356,0.0003
373,7.9535,0.0000,39.5315,11.1916,,true,0,0.008333,0.0000,0.0000,1.00,0.00,0.0000,22,1,231,361,8,56,156,0,16,16,8,0,28652,1247,95,40,919900160,0.000000,0.000000,0.000000,0.00,4,0,0,0,0,20,39,31,15,15,15,15,15,15,15,16,16,0,0.0009,0.0024,0.0415,0.0612,0.0062,0.0000,0.0084,11.1916,0.0148,0.0000,0.0000,0.0000,2.2457,0.0355,0.6350,0.1175,0.4377,0.0190,0.0000,38.1378,0.0009
374,7.9785,0.0000,25.4511,10.8054,,true,0,0.008333,0.0000,0.0000,1.00,0.00,0.0000,22,1,237,361,8,66,166,0,16,16,8,0,28889,1255,87,40,919900160,0.000000,0.000000,0.000000,0.00,4,0,0,0,0,20,39,30,18,19,15,15,15,15,15,16,16,0,0.0003,0.0022,0.1083,0.0671,0.0095,0.0000,0.0061,10.8054,0.0611,0.0000,0.0000,0.0000,2.3004,0.0720,0.5807,0.1392,0.4892,0.0397,0.0000,38.2181,0.0005
375,8.0249,0.0000,43.7383,13.5397,,true,0,0.008333,0.0000,0.0000,1.00,0.00,0.0000,22,1,246,361,8,79,179,0,16,16,8,0,29135,1263,79,40,919900160,0.000000,0.000000,0.000000,0.00,4,0,0,0,0,20,39,30,18,18,18,18,19,15,15,16,16,0,0.0011,0.0021,0.0581,0.0670,0.0076,0.0000,0.0077,13.5397,0.0234,0.0000,0.0000,0.0000,1.6632,0.0350,0.4037,0.1131,0.4100,0.0206,0.0000,40.0849,0.0007
376,8.0606,0.0000,27.1800,21.3110,,true,0,0.008333,0.0000,0.0000,1.00,0.00,0.0000,22,1,252,361,8,92,192,0,16,16,8,0,29387,1271,71,40,919900160,0.000000,0.000000,0.000000,0.00,4,0,0,0,0,20,39,30,18,18,18,18,18,18,19,16,16,0,0.0004,0.0019,0.0847,0.0792,0.0133,0.0000,0.0070,21.3110,0.0300,0.0000,0.0000,0.0000,2.0438,0.0388,0.4101,0.1919,0.6857,0.0159,0.0000,42.4443,0.0004
377,8.1110,0.0000,60.1122,11.5814,,true,0,0.008333,0.0000,0.0000,1.00,0.00,0.0000,22,1,252,361,8,102,202,0,16,16,8,0,29387,1279,63,40,919900160,0.000000,0.000000,0.000000,0.00,4,0,0,0,0,20,39,30,18,18,18,18,18,18,19,16,16,0,0.0016,0.0021,0.0535,0.1069,0.0125,0.0000,0.0082,11.5814,0.1163,0.0000,0.0000,0.0000,1.7983,0.0418,0.4459,0.1320,0.4746,0.0139,0.0000,57.1007,0.0009
378,8.1381,0.0000,29.1863,9.8423,,true,0,0.008333,0.0000,0.0000,1.00,0.00,0.0000,22,1,252,361,8,109,209,0,16,16,8,0,29387,1287,55,40,919900160,0.000000,0.000000,0.000000,0.00,4,0,0,0,0,20,39,30,18,18,18,18,18,18,19,16,16,0,0.0011,0.0072,0.1873,0.0588,0.0069,0.0000,0.0095,9.8423,0.0243,0.0000,0.0000,0.0000,1.6266,0.0256,0.4491,0.1039,0.4057,0.0169,0.0000,39.4874,0.0004
379,8.1919,0.0000,50.6197,12.4339,,true,0,0.008333,0.0000,0.0000,1.00,0.00,0.0000,22,1,255,361,8,114,214,0,16,16,8,0,29642,1295,47,40,919900160,0.000000,0.000000,0.000000,0.00,4,0,0,0,0,20,39,30,18,18,18,18,18,18,18,20,16,0,0.0002,0.0048,0.0669,0.1653,0.0229,0.0000,0.0111,12.4339,0.0263,0.0000,0.0000,0.0000,1.6684,0.0274,0.3659,0.1802,0.5206,0.0115,0.0000,42.6352,0.0012
380,8.2195,0.0000,29.9719,10.5840,,true,0,0.008333,0.0000,0.0000,1.00,0.00,0.0000,22,1,273,361,8,116,216,0,16,16,8,0,29915,1303,39,40,919900160,0.000000,0.000000,0.000000,0.00,4,0,0,0,0,20,39,30,17,21,21,21,21,21,22,20,16,0,0.0001,0.0014,0.0995,0.0593,0.0149,0.0000,0.0034,10.5840,0.0663,0.0000,0.0000,0.0000,2.2953,0.1402,0.4838,0.2063,0.5800,0.0532,0.0000,40.5250,0.0003
381,8.2684,0.0000,47.6586,11.8326,,true,0,0.008333,0.0000,0.0000,1.00,0.00,0.0000,22,1,273,361,8,116,216,0,16,16,8,0,29915,1311,31,40,919904256,0.000000,0.000000,0.000000,0.00,4,0,0,0,0,20,39,30,17,21,21,21,21,21,22,20,16,0,0.0003,0.0054,0.0851,0.0691,0.0093,0.0000,0.0276,11.8326,0.0287,0.0000,0.0000,0.0000,1.9936,0.0731,0.3928,0.1521,0.5516,0.0272,0.0000,38.2697,0.0018
382,8.2928,0.0000,26.0975,10.3802,,true,0,0.008333,0.0000,0.0000,1.00,0.00,0.0000,22,1,276,361,8,115,215,0,16,16,8,0,30191,1319,23,40,919904256,0.000000,0.000000,0.000000,0.00,4,0,0,0,0,20,39,30,17,21,21,21,21,21,21,24,16,0,0.0003,0.0014,0.0416,0.0455,0.0064,0.0000,0.0033,10.3802,0.0271,0.0000,0.0000,0.0000,1.5843,0.0345,0.3519,0.1564,0.6267,0.0142,0.0000,39.2948,0.0006
383,8.3175,0.0000,24.1948,11.0514,,true,0,0.008333,0.0000,0.0000,1.00,0.00,0.0000,22,1,276,361,8,113,213,0,16,16,8,0,30191,1327,15,40,919904256,0.000000,0.000000,0.000000,0.00,4,0,0,0,0,20,39,30,17,21,21,21,21,21,21,24,16,0,0.0008,0.0045,0.1167,0.0607,0.0088,0.0000,0.0155,11.0514,0.0502,0.0000,0.0000,0.0000,1.9955,0.0808,0.4496,0.2257,0.5996,0.0347,0.0000,39.1107,0.0014
384,8.3443,0.0000,26.1607,11.6971,,true,0,0.008333,0.0000,0.0000,1.00,0.00,0.0000,22,1,276,361,7,111,211,0,16,16,8,0,30191,1334,7,35,919904256,0.000000,0.000000,0.000000,0.00,4,0,0,0,0,20,39,30,17,21,21,21,21,21,21,24,16,0,0.0007,0.0020,0.0829,0.0681,0.0084,0.0000,0.0048,11.6971,0.0376,0.0000,0.0000,0.0000,2.2900,0.0751,0.5117,0.2868,0.7541,0.0344,0.0000,42.3752,0.0004
385,8.3734,0.0000,28.5480,10.8011,,true,0,0.008333,0.0000,0.0000,1.00,0.00,0.0000,22,1,333,361,0,108,208,0,16,16,7,0,30524,1334,0,0,919904256,0.000000,0.000000,0.000000,0.00,4,0,0,0,0,20,39,29,19,26,30,30,30,30,32,28,16,0,0.0003,0.0026,0.0559,0.0614,0.0077,0.0000,0.0080,10.8011,0.0234,0.0000,0.0000,0.0000,1.6195,0.0264,0.4400,0.1493,0.6013,0.0117,0.0000,40.6535,0.0005
386,8.4077,0.0000,28.9607,17.5185,,true,0,0.008333,0.0000,0.0000,1.00,0.00,0.0000,22,1,220,364,8,105,205,0,16,16,0,0,30744,1342,161,40,919904256,0.000000,0.000000,0.000000,0.00,4,0,0,0,0,12,39,32,11,15,15,15,15,15,15,16,16,0,0.0007,0.0032,0.1120,0.0740,0.0096,0.0000,0.0166,17.5185,0.0838,0.0000,0.0000,0.0000,6.8459,0.0009,0.4862,0.2114,0.8252,0.0012,0.0000,0.0000,3.8818
387,8.4461,0.0000,28.3577,27.0603,,true,0,0.008333,0.0000,0.0000,1.00,0.00,0.0000,22,1,220,364,8,83,183,0,16,16,8,0,30744,1350,153,40,922001408,0.000000,0.000000,0.000000,0.00,4,0,0,0,0,12,39,32,11,15,15,15,15,15,15,16,16,0,0.0029,0.0084,0.3595,0.1104,0.0374,0.0000,0.0416,27.0603,0.1996,0.0000,0.0000,0.0000,3.7014,0.0705,0.5091,0.4444,0.8395,0.0299,0.0000,41.9526,0.0004
388,8.6049,0.0000,154.3380,22.2608,,true,0,0.008333,0.0000,0.0000,1.00,0.00,0.0000,22,1,217,364,8,68,168,0,16,16,8,0,30961,1358,145,40,922001408,0.000000,0.000000,0.000000,0.00,4,0,0,0,0,12,36,44,12,12,12,12,11,15,15,16,16,0,0.0021,0.0087,0.1019,0.2497,0.0259,0.0000,0.0524,22.2608,0.0374,0.0000,0.0000,0.0000,4.6881,0.1079,1.1324,0.1783,0.6243,0.0706,0.0000,56.8299,0.0016
389,8.6450,0.0000,59.8033,10.8995,,true,0,0.008333,0.0000,0.0000,1.00,0.00,0.0000,22,1,208,364,8,58,158,0,16,16,8,0,31169,1366,137,40,921989120,0.000000,0.000000,0.000000,0.00,4,0,0,0,0,12,36,44,12,12,12,12,12,12,12,12,16,0,0.0003,0.0043,0.0590,0.0769,0.0125,0.0000,0.0048,10.8995,0.0151,0.0000,0.0000,0.0000,2.8408,0.0853,0.6798,0.1285,0.4641,0.0409,0.0000,68.0033,0.0010
390,8.6904,0.0000,43.8884,13.5206,,true,0,0.008333,0.0000,0.0000,1.00,0.00,0.0000,22,1,208,364,8,49,149,0,16,16,8,0,31169,1374,129,40,921997312,0.000000,0.000000,0.000000,0.00,4,0,0,0,0,12,36,44,12,12,12,12,12,12,12,12,16,0,0.0010,0.0042,0.0658,0.0660,0.0046,0.0000,0.0161,13.5206,0.0289,0.0000,0.0000,0.0000,2.3790,0.0527,0.4610,0.1929,0.4805,0.0222,0.0000,44.5650,0.0010
391,8.7115,0.0000,27.3515,7.5269,,true,0,0.008333,0.0000,0.0000,1.00,0.00,0.0000,22,1,208,364,8,43,143,0,16,16,8,0,31169,1382,121,40,921997312,0.000000,0.000000,0.000000,0.00,4,0,0,0,0,12,36,44,12,12,12,12,12,12,12,12,16,0,0.0008,0.0015,0.0385,0.0656,0.0082,0.0000,0.0069,7.5269,0.0262,0.0000,0.0000,0.0000,1.8608,0.0375,0.4042,0.1302,0.3955,0.0152,0.0000,46.0429,0.0004
392,8.7513,0.0000,37.9217,9.2194,,true,0,0.008333,0.0000,0.0000,1.00,0.00,0.0000,22,1,208,364,8,37,137,0,16,16,8,0,31169,1390,113,40,921997312,0.000000,0.000000,0.000000,0.00,4,0,0,0,0,12,36,44,12,12,12,12,12,12,12,12,16,0,0.0004,0.0044,0.0506,0.0602,0.0060,0.0000,0.0135,9.2194,0.0294,0.0000,0.0000,0.0000,1.9360,0.0275,0.3898,0.1492,0.4829,0.0105,0.0000,40.8895,0.0007
393,8.7757,0.0000,22.3891,11.5168,,true,0,0.008333,0.0000,0.0000,1.00,0.00,0.0000,22,1,208,364,8,33,133,0,16,16,8,0,31169,1398,105,40,921997312,0.000000,0.000000,0.000000,0.00,4,0,0,0,0,12,36,44,12,12,12,12,12,12,12,12,16,0,0.0006,0.0040,0.1323,0.1128,0.0112,0.0000,0.0076,11.5168,0.0258,0.0000,0.0000,0.0000,1.7870,0.0711,0.3676,0.1076,0.3309,0.0396,0.0000,43.6239,0.0008
394,8.8467,0.0000,55.2064,21.7938,,true,0,0.008333,0.0000,0.0000,1.00,0.00,0.0000,22,1,211,364,8,30,130,0,16,16,8,0,31380,1406,97,40,921997312,0.000000,0.000000,0.000000,0.00,4,0,0,0,0,12,36,44,12,12,12,12,12,11,16,12,16,0,0.0008,0.0040,0.0768,0.0770,0.0109,0.0000,0.0145,21.7938,0.0560,0.0000,0.0000,0.0000,3.0883,0.0588,0.7579,0.2456,0.5822,0.0174,0.0000,56.4443,0.0008
395,8.9140,0.0000,63.9306,26.7759,,true,0,0.008333,0.0000,0.0000,1.00,0.00,0.0000,22,1,217,364,8,26,126,0,16,16,8,0,31597,1414,89,40,921997312,0.000000,0.000000,0.000000,0.00,4,0,0,0,0,12,36,44,12,12,12,12,12,11,14,20,16,0,0.0010,0.0072,0.1084,0.1990,0.0241,0.0000,0.0277,26.7759,0.0601,0.0000,0.0000,0.0000,3.9255,0.1161,0.7537,0.1765,0.5573,0.0618,0.0000,70.3836,0.0040
396,9.0388,0.0000,116.8856,30.9307,,true,0,0.008333,0.0000,0.0000,1.00,0.00,0.0000,22,1,217,364,8,23,123,0,16,16,8,0,31597,1422,81,40,922095616,0.000000,0.000000,0.000000,0.00,4,0,0,0,0,12,36,44,12,12,12,12,12,11,14,20,16,0,0.0008,0.0048,0.0677,0.0807,0.0117,0.0000,0.0129,30.9307,0.0277,0.0000,0.0000,0.0000,2.3584,0.0415,0.6127,0.1453,0.5911,0.0169,0.0000,79.3019,0.0005
397,9.0822,0.0000,55.9275,23.9204,,true,0,0.008333,0.0000,0.0000,1.00,0.00,0.0000,22,1,217,364,8,20,120,0,16,16,6,0,31597,1428,75,40,922095616,0.000000,0.000000,0.000000,0.00,4,0,0,0,0,12,36,44,12,12,12,12,12,11,14,20,16,0,0.0009,0.0071,0.0734,0.1319,0.0168,0.0000,0.0256,23.9204,0.0319,0.0000,0.0000,0.0000,2.5849,0.0555,0.7374,0.1683,0.5792,0.0172,0.0000,79.6453,0.0015
398,9.1402,0.0000,56.2418,21.3726,,true,0,0.008333,0.0000,0.0000,1.00,0.00,0.0000,22,1,223,364,8,18,118,0,16,16,8,0,31820,1436,67,40,922095616,0.000000,0.000000,0.000000,0.00,4,0,0,0,0,12,36,43,15,16,12,12,12,11,14,20,16,0,0.0003,0.0025,0.1324,0.0482,0.0073,0.0000,0.0044,21.3726,0.1156,0.0000,0.0000,0.0000,3.8033,0.0810,0.9045,0.3299,1.1898,0.0351,0.0000,99.2975,0.0013
399,9.1808,0.0000,44.6555,20.3929,,true,0,0.008333,0.0000,0.0000,1.00,0.00,0.0000,22,1,241,364,8,16,116,0,16,16,8,0,32061,1444,59,40,922095616,0.000000,0.000000,0.000000,0.00,4,0,0,0,0,12,36,43,14,18,18,19,16,11,14,20,16,0,0.0003,0.0030,0.0829,0.0838,0.0099,0.0000,0.0104,20.3929,0.0310,0.0000,0.0000,0.0000,2.7656,0.1238,0.7068,0.1796,0.6934,0.0373,0.0000,57.9341,0.0008
400,9.2249,0.0000,42.4958,22.2755,,true,0,0.008333,0.0000,0.0000,1.00,0.00,0.0000,22,1,253,364,8,15,115,0,16,16,8,0,32314,1452,51,40,922099712,0.000000,0.000000,0.000000,0.00,4,0,0,0,0,12,36,43,14,18,18,18,18,18,18,20,16,0,0.0014,0.0071,0.1674,0.2849,0.0155,0.0000,0.0203,22.2755,0.1857,0.0000,0.0000,0.0000,2.7217,0.0570,0.6762,0.1782,0.6192,0.0346,0.0000,55.5646,0.0005
401,9.2807,0.0000,52.6951,23.4925,,true,0,0.008333,0.0000,0.0000,1.00,0.00,0.0000,22,1,253,364,8,13,113,0,16,16,8,0,32314,1460,43,40,922103808,0.000000,0.000000,0.000000,0.00,4,0,0,0,0,12,36,43,14,18,18,18,18,18,18,20,16,0,0.0004,0.0057,0.1735,0.0735,0.0115,0.0000,0.0117,23.4925,0.0352,0.0000,0.0000,0.0000,4.3628,0.1403,1.2114,0.5029,0.9088,0.0765,0.0000,54.1268,0.0015
402,9.3349,0.0000,50.5847,28.6250,,true,0,0.008333,0.0000,0.0000,1.00,0.00,0.0000,22,1,253,364,8,12,112,0,16,16,8,0,32314,1468,35,40,922112000,0.000000,0.000000,0.000000,0.00,4,0,0,0,0,12,36,43,14,18,18,18,18,18,18,20,16,0,0.0002,0.0017,0.0413,0.1210,0.0166,0.0000,0.0068,28.6250,0.0150,0.0000,0.0000,0.0000,1.8038,0.0467,0.4248,0.1218,0.5519,0.0165,0.0000,57.4924,0.0014
403,9.3961,0.0000,61.6490,21.7071,,true,0,0.008333,0.0000,0.0000,1.00,0.00,0.0000,22,1,253,364,8,11,111,0,16,16,8,0,32314,1476,27,40,922112000,0.000000,0.000000,0.000000,0.00,4,0,0,0,0,12,36,43,14,18,18,18,18,18,18,20,16,0,0.0006,0.0048,0.0638,0.0819,0.0106,0.0000,0.0154,21.7071,0.0189,0.0000,0.0000,0.0000,4.7631,0.0555,0.7824,0.1472,2.1932,0.0240,0.0000,88.6476,0.0004
404,9.4682,0.0000,68.7163,31.5191,,true,0,0.008333,0.0000,0.0000,1.00,0.00,0.0000,22,1,262,364,8,10,110,0,16,16,8,0,32576,1484,19,40,922112000,0.000000,0.000000,0.000000,0.00,4,0,0,0,0,12,36,43,14,18,18,18,18,17,20,28,16,0,0.0001,0.0013,0.0703,0.0406,0.0506,0.0000,0.0039,31.5191,0.0479,0.0000,0.0000,0.0000,1.8535,0.1261,0.5249,0.1151,0.5217,0.0395,0.0000,124.8726,0.0007
405,9.5221,0.0000,50.3638,36.2512,,true,0,0.008333,0.0000,0.0000,1.00,0.00,0.0000,22,1,262,364,8,9,109,0,16,16,8,0,32576,1492,11,40,922112000,0.000000,0.000000,0.000000,0.00,4,0,0,0,0,12,36,43,14,18,18,18,18,17,20,28,16,0,0.0023,0.0198,0.2062,0.1914,0.0551,0.0000,0.0457,36.2512,0.1079,0.0000,0.0000,0.0000,4.4289,0.0666,0.8037,0.2977,1.1206,0.0388,0.0000,72.9663,0.0008
406,9.5521,0.0000,43.1326,19.1670,,true,0,0.008333,0.0000,0.0000,1.00,0.00,0.0000,22,1,310,364,3,9,109,0,16,16,8,0,32886,1495,3,15,922112000,0.000000,0.000000,0.000000,0.00,4,0,0,0,0,12,36,42,15,26,30,31,29,21,20,28,16,0,0.0004,0.0017,0.0623,0.0525,0.0054,0.0000,0.0072,19.1670,0.0154,0.0000,0.0000,0.0000,2.2030,0.0289,0.6273,0.1498,0.9173,0.0127,0.0000,122.1157,0.0004
407,9.5921,0.0000,43.4693,20.2876,,true,0,0.008333,0.0000,0.0000,1.00,0.00,0.0000,22,1,334,364,0,8,108,0,16,16,3,0,33220,1495,0,0,922112000,0.000000,0.000000,0.000000,0.00,4,0,0,0,0,12,36,42,15,26,30,30,30,30,31,32,16,0,0.0004,0.0035,0.0608,0.0954,0.0122,0.0000,0.0208,20.2876,0.0256,0.0000,0.0000,0.0000,2.2982,0.0138,0.6007,0.2097,0.9664,0.0074,0.0000,61.0985,0.0004
408,9.6562,0.0000,38.3286,45.0522,,true,0,0.008333,0.0000,0.0000,1.00,0.00,0.0000,22,1,321,362,8,8,108,5,16,16,0,0,33541,1503,46,40,922112000,0.000000,0.000000,0.000000,0.00,0,0,0,0,0,12,39,30,15,26,30,30,30,30,31,32,16,0,0.0005,0.0018,0.0572,0.0621,0.0059,0.0000,0.0049,45.0522,0.0142,0.0000,0.0000,0.0000,16.7559,0.0003,0.9909,0.1410,0.9990,0.0007,0.0000,0.0000,13.7534
409,9.6913,0.0000,49.2691,33.5422,,true,0,0.008333,0.0000,0.0000,1.00,0.00,0.0000,22,1,328,362,8,6,106,5,16,16,7,0,33869,1510,39,40,922116096,0.000000,0.000000,0.000000,0.00,0,0,0,0,0,19,39,30,15,26,30,30,30,30,31,32,16,0,0.0005,0.0042,0.0656,0.0917,0.0121,0.0000,0.0257,33.5422,0.0173,0.0000,0.0000,0.0000,10.2470,0.0200,3.9091,0.9724,4.4670,0.0141,0.0000,78.8872,0.0010
410,9.7407,0.0000,52.9193,30.0217,,true,0,0.008333,0.0000,0.0000,1.00,0.00,0.0000,22,1,317,362,8,4,104,5,16,16,6,0,34186,1516,33,40,922116096,0.000000,0.000000,0.000000,0.00,0,0,0,0,0,20,39,30,15,27,27,26,30,31,28,28,16,0,0.0002,0.0020,0.0611,0.0598,0.0074,0.0000,0.0087,30.0217,0.0157,0.0000,0.0000,0.0000,2.3472,0.0243,0.5826,0.1583,0.9358,0.0120,0.0000,182.5472,0.0004
411,9.7950,0.0000,64.8615,16.8666,,true,0,0.008333,0.0000,0.0000,1.00,0.00,0.0000,22,1,314,362,8,3,103,5,16,16,8,0,34500,1524,25,40,922120192,0.000000,0.000000,0.000000,0.00,0,0,0,0,0,20,39,30,15,27,27,27,27,27,27,32,16,0,0.0001,0.0011,0.0408,0.0370,0.0041,0.0000,0.0035,16.8666,0.0118,0.0000,0.0000,0.0000,1.8459,0.0522,0.5037,0.1004,0.6613,0.0258,0.0000,168.4150,0.0004
412,9.8586,0.0000,47.2784,31.2866,,true,0,0.008333,0.0000,0.0000,1.00,0.00,0.0000,22,1,314,362,8,2,102,5,16,16,8,0,34500,1532,17,40,922120192,0.000000,0.000000,0.000000,0.00,0,0,0,0,0,20,39,30,15,27,27,27,27,27,27,32,16,0,0.0003,0.0017,0.0362,0.0821,0.0100,0.0000,0.0028,31.2866,0.0127,0.0000,0.0000,0.0000,1.7004,0.0214,0.4319,0.1559,0.6910,0.0079,0.0000,156.1186,0.0003
413,9.8955,0.0000,43.8209,27.6262,,true,0,0.008333,0.0000,0.0000,1.00,0.00,0.0000,22,1,314,362,8,2,102,5,16,16,3,0,34500,1535,14,40,922533888,0.000000,0.000000,0.000000,0.00,0,0,0,0,0,20,39,30,15,27,27,27,27,27,27,32,16,0,0.0003,0.0017,0.0451,0.1162,0.0167,0.0000,0.0128,27.6262,0.0172,0.0000,0.0000,0.0000,6.5413,0.0102,0.5124,0.1264,1.2080,0.0070,0.0000,58.2891,0.0008
414,9.9234,0.0000,43.6448,11.3257,,true,0,0.008333,0.0000,0.0000,1.00,0.00,0.0000,22,1,323,362,6,1,101,5,16,16,8,0,34823,1541,6,30,922533888,0.000000,0.000000,0.000000,0.00,0,0,0,0,0,20,39,30,14,30,30,31,27,27,27,32,16,0,0.0003,0.0043,0.0477,0.0628,0.0090,0.0000,0.0078,11.3257,0.0730,0.0000,0.0000,0.0000,2.0729,0.0442,0.5741,0.1667,0.8187,0.0236,0.0000,171.2338,0.0004
415,10.0272,0.0000,61.2640,38.9565,,true,0,0.008333,0.0000,0.0000,1.00,0.00,0.0000,22,1,335,362,0,1,101,5,16,16,6,0,35158,1541,0,0,923697152,0.000000,0.000000,0.000000,0.00,0,0,0,0,0,20,39,30,14,30,30,30,30,30,30,36,16,0,0.0001,0.0024,0.0884,0.0602,0.0104,0.0000,0.0069,38.9565,0.0191,0.0000,0.0000,0.0000,1.9301,0.0368,0.5452,0.1481,0.7628,0.0173,0.0000,98.2902,0.0010
416,10.0664,0.0000,68.2141,24.8171,,true,0,0.008333,0.0000,0.0000,1.00,0.00,0.0000,22,1,335,362,0,1,101,5,16,16,0,0,35158,1541,0,0,923697152,0.000000,0.000000,0.000000,0.00,0,0,0,0,0,20,39,30,14,30,30,30,30,30,30,36,16,0,0.0005,0.0035,0.0575,0.0862,0.0139,0.0000,0.0157,24.8171,0.0215,0.0000,0.0000,0.0000,1.0680,0.0005,0.4593,0.1338,0.0019,0.0008,0.0000,0.0000,0.0008
417,10.0975,0.0000,41.7278,15.8296,,true,0,0.008333,0.0000,0.0000,1.00,0.00,0.0000,22,1,335,362,0,1,101,5,16,16,0,0,35158,1541,0,0,923697152,0.000000,0.000000,0.000000,0.00,0,0,0,0,0,20,39,30,14,30,30,30,30,30,30,36,16,0,0.0001,0.0019,0.0465,0.1003,0.0088,0.0000,0.0150,15.8296,0.0255,0.0000,0.0000,0.0000,1.4494,0.0010,0.5374,0.2161,0.0024,0.0004,0.0000,0.0000,0.0006
418,10.1129,0.0000,13.4907,10.8287,,true,0,0.008333,0.0000,0.0000,1.00,0.00,0.0000,22,1,335,362,0,0,100,5,16,16,0,0,35158,1541,0,0,923701248,0.000000,0.000000,0.000000,0.00,0,0,0,0,0,20,39,30,14,30,30,30,30,30,30,36,16,0,0.0003,0.0019,0.0504,0.0590,0.0097,0.0000,0.0055,10.8287,0.0146,0.0000,0.0000,0.0000,1.2851,0.0006,0.5771,0.2854,0.0021,0.0007,0.0000,0.0000,0.0007
419,10.1311,0.0000,22.7288,13.1048,,true,0,0.008333,0.0000,0.0000,1.00,0.00,0.0000,22,1,335,362,0,0,100,5,16,16,0,0,35158,1541,0,0,923701248,0.000000,0.000000,0.000000,0.00,0,0,0,0,0,20,39,30,14,30,30,30,30,30,30,36,16,0,0.0003,0.0015,0.0422,0.0388,0.0033,0.0000,0.0065,13.1048,0.0181,0.0000,0.0000,0.0000,0.9618,0.0003,0.4902,0.1166,0.0006,0.0005,0.0000,0.0000,0.0002
420,10.1488,0.0000,16.4659,14.8443,,true,0,0.008333,0.0000,0.0000,1.00,0.00,0.0000,22,1,335,362,0,0,100,5,16,16,0,0,35158,1541,0,0,923701248,0.000000,0.000000,0.000000,0.00,0,0,0,0,0,20,39,30,14,30,30,30,30,30,30,36,16,0,0.0001,0.0014,0.0493,0.0512,0.0153,0.0000,0.0061,14.8443,0.0312,0.0000,0.0000,0.0000,0.9696,0.0008,0.5101,0.1234,0.0011,0.0004,0.0000,0.0000,0.0004
421,10.1804,0.0000,16.6443,29.2135,,true,0,0.008333,0.0000,0.0000,1.00,0.00,0.0000,22,1,335,362,0,0,100,5,16,16,0,0,35158,1541,0,0,923701248,0.000000,0.000000,0.000000,0.00,0,0,0,0,0,20,39,30,14,30,30,30,30,30,30,36,16,0,0.0003,0.0018,0.0402,0.0503,0.0067,0.0000,0.0051,29.2135,0.0202,0.0000,0.0000,0.0000,1.0639,0.0004,0.5512,0.1547,0.0017,0.0005,0.0000,0.0000,0.0009
422,10.1916,0.0000,29.1162,9.3268,,true,0,0.008333,0.0000,0.0000,1.00,0.00,0.0000,22,1,335,362,0,0,100,5,16,16,0,0,35158,1541,0,0,923701248,0.000000,0.000000,0.000000,0.00,0,0,0,0,0,20,39,30,14,30,30,30,30,30,30,36,16,0,0.0001,0.0009,0.0652,0.0333,0.0035,0.0000,0.0039,9.3268,0.0268,0.0000,0.0000,0.0000,0.9919,0.0005,0.4810,0.1612,0.0015,0.0012,0.0000,0.0000,0.0003
423,10.2131,0.0000,20.5175,11.9119,,true,0,0.008333,0.0000,0.0000,1.00,0.00,0.0000,22,1,335,362,0,0,100,5,16,16,0,0,35158,1541,0,0,923701248,0.000000,0.000000,0.000000,0.00,0,0,0,0,0,20,39,30,14,30,30,30,30,30,30,36,16,0,0.0001,0.0029,0.0744,0.0581,0.0133,0.0000,0.0063,11.9119,0.0320,0.0000,0.0000,0.0000,1.1734,0.0004,0.5587,0.1821,0.0013,0.0005,0.0000,0.0000,0.0007
424,10.2397,0.0000,20.1802,18.4771,,true,0,0.008333,0.0000,0.0000,1.00,0.00,0.0000,22,1,335,362,0,0,100,5,16,16,0,0,35158,1541,0,0,923701248,0.000000,0.000000,0.000000,0.00,0,0,0,0,0,20,39,30,14,30,30,30,30,30,30,36,16,0,0.0002,0.0009,0.0422,0.0530,0.0130,0.0000,0.0031,18.4771,0.0267,0.0000,0.0000,0.0000,0.9911,0.0015,0.4911,0.1515,0.0016,0.0012,0.0000,0.0000,0.0003
425,10.2791,0.0000,17.6653,37.5818,,true,0,0.008333,0.0000,0.0000,1.00,0.00,0.0000,22,1,335,362,0,0,100,5,16,16,0,0,35158,1541,0,0,923701248,0.000000,0.000000,0.000000,0.00,0,0,0,0,0,20,39,30,14,30,30,30,30,30,30,36,16,0,0.0017,0.0060,0.0513,0.0868,0.0087,0.0000,0.0293,37.5818,0.0168,0.0000,0.0000,0.0000,1.4554,0.0014,0.7034,0.1965,0.0032,0.0021,0.0000,0.0000,0.0014
426,10.3006,0.0000,37.2441,18.4432,,true,0,0.008333,0.0000,0.0000,1.00,0.00,0.0000,22,1,335,362,0,0,100,5,16,16,0,0,35158,1541,0,0,923701248,0.000000,0.000000,0.000000,0.00,0,0,0,0,0,20,39,30,14,30,30,30,30,30,30,36,16,0,0.0003,0.0017,0.0492,0.0512,0.0055,0.0000,0.0058,18.4432,0.0147,0.0000,0.0000,0.0000,1.2965,0.0004,0.6456,0.1657,0.0018,0.0004,0.0000,0.0000,0.0003
427,10.3295,0.0000,29.6279,21.8520,,true,0,0.008333,0.0000,0.0000,1.00,0.00,0.0000,22,1,335,362,0,0,100,5,16,16,0,0,35158,1541,0,0,923701248,0.000000,0.000000,0.000000,0.00,0,0,0,0,0,20,39,30,14,30,30,30,30,30,30,36,16,0,0.0014,0.0044,0.0620,0.0606,0.0101,0.0000,0.0097,21.8520,0.0160,0.0000,0.0000,0.0000,1.9615,0.0006,0.9676,0.3860,0.0014,0.0012,0.0000,0.0000,0.0008
428,10.3549,0.0000,29.6816,16.9351,,true,0,0.008333,0.0000,0.0000,1.00,0.00,0.0000,22,1,335,362,0,0,100,5,16,16,0,0,35158,1541,0,0,923705344,0.000000,0.000000,0.000000,0.00,0,0,0,0,0,20,39,30,14,30,30,30,30,30,30,36,16,0,0.0002,0.0014,0.0690,0.0470,0.0054,0.0000,0.0033,16.9351,0.0215,0.0000,0.0000,0.0000,0.9929,0.0003,0.4919,0.1431,0.0007,0.0016,0.0000,0.0000,0.0003
429,10.3979,0.0000,36.7198,24.1545,,true,0,0.008333,0.0000,0.0000,1.00,0.00,0.0000,22,1,335,362,0,0,100,5,16,16,0,0,35158,1541,0,0,923705344,0.000000,0.000000,0.000000,0.00,0,0,0,0,0,20,39,30,14,30,30,30,30,30,30,36,16,0,0.0001,0.0013,0.0396,0.0396,0.0036,0.0000,0.0039,24.1545,0.0120,0.0000,0.0000,0.0000,7.2737,0.0005,0.4683,0.1383,0.8543,0.0007,0.0000,0.0000,5.4379
430,10.4177,0.0000,22.7932,17.9656,,true,0,0.008333,0.0000,0.0000,1.00,0.00,0.0000,22,1,335,362,0,0,100,5,16,16,0,0,35158,1541,0,0,923705344,0.000000,0.000000,0.000000,0.00,0,0,0,0,0,20,39,30,14,30,30,30,30,30,30,36,16,0,0.0003,0.0010,0.0397,0.0470,0.0043,0.0000,0.0042,17.9656,0.0122,0.0000,0.0000,0.0000,1.4706,0.0010,0.6122,0.3531,0.0057,0.0018,0.0000,0.0000,0.0005
431,10.4335,0.0000,23.9596,14.2496,,true,0,0.008333,0.0000,0.0000,1.00,0.00,0.0000,22,1,335,362,0,0,100,5,16,16,0,0,35158,1541,0,0,923705344,0.000000,0.000000,0.000000,0.00,0,0,0,0,0,20,39,30,14,30,30,30,30,30,30,36,16,0,0.0001,0.0020,0.0524,0.5752,0.0040,0.0000,0.0109,14.2496,0.0261,0.0000,0.0000,0.0000,1.1724,0.0009,0.5701,0.1999,0.0025,0.0026,0.0000,0.0000,0.0004
432,10.4568,0.0000,20.1914,16.8882,,true,0,0.008333,0.0000,0.0000,1.00,0.00,0.0000,22,1,335,362,0,0,100,5,16,16,0,0,35158,1541,0,0,923705344,0.000000,0.000000,0.000000,0.00,0,0,0,0,0,20,39,30,14,30,30,30,30,30,30,36,16,0,0.0001,0.0010,0.0374,0.0495,0.0122,0.0000,0.0024,16.8882,0.0144,0.0000,0.0000,0.0000,2.7118,0.0004,0.4790,0.1328,0.0021,0.0004,0.0000,0.0000,0.0005
433,10.4806,0.0000,19.1712,21.4554,,true,0,0.008333,0.0000,0.0000,1.00,0.00,0.0000,22,1,335,362,0,0,100,5,16,16,0,0,35158,1541,0,0,923705344,0.000000,0.000000,0.000000,0.00,0,0,0,0,0,20,39,30,14,30,30,30,30,30,30,36,16,0,0.0001,0.0021,0.0424,0.0387,0.0033,0.0000,0.0055,21.4554,0.0175,0.0000,0.0000,0.0000,0.9812,0.0014,0.4949,0.1442,0.0010,0.0005,0.0000,0.0000,0.0003
434,10.5011,0.0000,22.4099,18.3807,,true,0,0.008333,0.0000,0.0000,1.00,0.00,0.0000,22,1,335,362,0,0,100,5,16,16,0,0,35158,1541,0,0,923705344,0.000000,0.000000,0.000000,0.00,0,0,0,0,0,20,39,30,14,30,30,30,30,30,30,36,16,0,0.0003,0.0012,0.0401,0.0368,0.0035,0.0000,0.0036,18.3807,0.0150,0.0000,0.0000,0.0000,1.0909,0.0003,0.5201,0.1762,0.0028,0.0032,0.0000,0.0000,0.0003
435,10.5365,0.0000,23.8432,28.4954,,true,0,0.008333,0.0000,0.0000,1.00,0.00,0.0000,22,1,335,362,0,0,100,5,16,16,0,0,35158,1541,0,0,923709440,0.000000,0.000000,0.000000,0.00,0,0,0,0,0,20,39,30,14,30,30,30,30,30,30,36,16,0,0.0001,0.0027,0.0681,0.0602,0.0110,0.0000,0.0105,28.4954,0.0255,0.0000,0.0000,0.0000,1.1804,0.0006,0.5669,0.1929,0.0022,0.0014,0.0000,0.0000,0.0007
436,10.5500,0.0000,21.1440,11.6790,,true,0,0.008333,0.0000,0.0000,1.00,0.00,0.0000,22,1,335,362,0,0,100,5,16,16,0,0,35158,1541,0,0,923709440,0.000000,0.000000,0.000000,0.00,0,0,0,0,0,20,39,30,14,30,30,30,30,30,30,36,16,0,0.0003,0.0015,0.0445,0.0325,0.0049,0.0000,0.0041,11.6790,0.0158,0.0000,0.0000,0.0000,1.3594,0.0002,0.8710,0.1794,0.0010,0.0004,0.0000,0.0000,0.0004
437,10.5788,0.0000,31.0431,20.9166,,true,0,0.008333,0.0000,0.0000,1.00,0.00,0.0000,22,1,335,362,0,0,100,5,16,16,0,0,35158,1541,0,0,923713536,0.000000,0.000000,0.000000,0.00,0,0,0,0,0,20,39,30,14,30,30,30,30,30,30,36,16,0,0.0002,0.0008,0.0396,0.0365,0.0029,0.0000,0.0034,20.9166,0.0133,0.0000,0.0000,0.0000,1.0587,0.0007,0.4913,0.2212,0.0027,0.0012,0.0000,0.0000,0.0003
438,10.5930,0.0000,24.9387,10.9682,,true,0,0.008333,0.0000,0.0000,1.00,0.00,0.0000,22,1,335,362,0,0,100,5,16,16,0,0,35158,1541,0,0,923713536,0.000000,0.000000,0.000000,0.00,0,0,0,0,0,20,39,30,14,30,30,30,30,30,30,36,16,0,0.0001,0.0008,0.0528,0.0543,0.0044,0.0000,0.0029,10.9682,0.0587,0.0000,0.0000,0.0000,1.1810,0.0004,0.5051,0.2192,0.0036,0.0011,0.0000,0.0000,0.0002
439,10.6281,0.0000,25.2938,20.3416,,true,0,0.008333,0.0000,0.0000,1.00,0.00,0.0000,22,1,335,362,0,0,100,5,16,16,0,0,35158,1541,0,0,923713536,0.000000,0.000000,0.000000,0.00,0,0,0,0,0,20,39,30,14,30,30,30,30,30,30,36,16,0,0.0003,0.0022,0.0760,0.0766,0.0104,0.0000,0.0103,20.3416,0.0337,0.0000,0.0000,0.0000,1.0992,0.0006,0.5101,0.1865,0.0022,0.0021,0.0000,0.0000,0.0009
440,10.6448,0.0000,22.7929,15.3882,,true,0,0.008333,0.0000,0.0000,1.00,0.00,0.0000,22,1,335,362,0,0,100,5,16,16,0,0,35158,1541,0,0,923713536,0.000000,0.000000,0.000000,0.00,0,0,0,0,0,20,39,30,14,30,30,30,30,30,30,36,16,0,0.0004,0.0019,0.0616,0.0856,0.0228,0.0000,0.0160,15.3882,0.0223,0.0000,0.0000,0.0000,0.9886,0.0008,0.4665,0.1425,0.0011,0.0010,0.0000,0.0000,0.0004
441,10.6668,0.0000,23.7478,13.1532,,true,0,0.008333,0.0000,0.0000,1.00,0.00,0.0000,22,1,335,362,0,0,100,5,16,16,0,0,35158,1541,0,0,923713536,0.000000,0.000000,0.000000,0.00,0,0,0,0,0,20,39,30,14,30,30,30,30,30,30,36,16,0,0.0003,0.0008,0.0444,0.0357,0.0035,0.0000,0.0040,13.1532,0.0482,0.0000,0.0000,0.0000,0.9475,0.0003,0.4471,0.1762,0.0011,0.0006,0.0000,0.0000,0.0005
442,10.6914,0.0000,19.8541,17.9214,,true,0,0.008333,0.0000,0.0000,1.00,0.00,0.0000,22,1,335,362,0,0,100,5,16,16,0,0,35158,1541,0,0,923713536,0.000000,0.000000,0.000000,0.00,0,0,0,0,0,20,39,30,14,30,30,30,30,30,30,36,16,0,0.0002,0.0020,0.0394,0.1231,0.0186,0.0000,0.0177,17.9214,0.0132,0.0000,0.0000,0.0000,1.1448,0.0002,0.5046,0.1320,0.0010,0.0005,0.0000,0.0000,0.0002
443,10.7026,0.0000,20.2978,9.2234,,true,0,0.008333,0.0000,0.0000,1.00,0.00,0.0000,22,1,335,362,0,0,100,5,16,16,0,0,35158,1541,0,0,923713536,0.000000,0.000000,0.000000,0.00,0,0,0,0,0,20,39,30,14,30,30,30,30,30,30,36,16,0,0.0001,0.0009,0.0400,0.0296,0.0028,0.0000,0.0023,9.2234,0.0148,0.0000,0.0000,0.0000,0.9665,0.0003,0.5063,0.1294,0.0006,0.0007,0.0000,0.0000,0.0009
444,10.7255,0.0000,16.1317,15.5174,,true,0,0.008333,0.0000,0.0000,1.00,0.00,0.0000,22,1,335,362,0,0,100,5,16,16,0,0,35158,1541,0,0,923713536,0.000000,0.000000,0.000000,0.00,0,0,0,0,0,20,39,30,14,30,30,30,30,30,30,36,16,0,0.0002,0.0022,0.0624,0.0301,0.0028,0.0000,0.0028,15.5174,0.0289,0.0000,0.0000,0.0000,0.8809,0.0005,0.4478,0.1206,0.0007,0.0003,0.0000,0.0000,0.0004
445,10.7439,0.0000,19.6867,14.3848,,true,0,0.008333,0.0000,0.0000,1.00,0.00,0.0000,22,1,335,362,0,0,100,5,16,16,0,0,35158,1541,0,0,923713536,0.000000,0.000000,0.000000,0.00,0,0,0,0,0,20,39,30,14,30,30,30,30,30,30,36,16,0,0.0001,0.0009,0.0395,0.0286,0.0029,0.0000,0.0026,14.3848,0.0104,0.0000,0.0000,0.0000,0.8962,0.0003,0.4580,0.1189,0.0006,0.0003,0.0000,0.0000,0.0003
446,10.7668,0.0000,20.2907,15.5965,,true,0,0.008333,0.0000,0.0000,1.00,0.00,0.0000,22,1,335,362,0,0,100,5,16,16,0,0,35158,1541,0,0,923717632,0.000000,0.000000,0.000000,0.00,0,0,0,0,0,20,39,30,14,30,30,30,30,30,30,36,16,0,0.0001,0.0016,0.0494,0.0492,0.0077,0.0000,0.0057,15.5965,0.0188,0.0000,0.0000,0.0000,1.0612,0.0007,0.5029,0.1635,0.0016,0.0005,0.0000,0.0000,0.0006
447,10.7792,0.0000,15.9130,10.8745,,true,0,0.008333,0.0000,0.0000,1.00,0.00,0.0000,22,1,335,362,0,0,100,5,16,16,0,0,35158,1541,0,0,923717632,0.000000,0.000000,0.000000,0.00,0,0,0,0,0,20,39,30,14,30,30,30,30,30,30,36,16,0,0.0003,0.0011,0.0663,0.0359,0.0044,0.0000,0.0043,10.8745,0.0240,0.0000,0.0000,0.0000,1.0364,0.0004,0.4908,0.1851,0.0026,0.0011,0.0000,0.0000,0.0004
448,10.8032,0.0000,19.1374,18.2848,,true,0,0.008333,0.0000,0.0000,1.00,0.00,0.0000,22,1,335,362,0,0,100,5,16,16,0,0,35158,1541,0,0,923717632,0.000000,0.000000,0.000000,0.00,0,0,0,0,0,20,39,30,14,30,30,30,30,30,30,36,16,0,0.0001,0.0022,0.0399,0.0586,0.0087,0.0000,0.0051,18.2848,0.0176,0.0000,0.0000,0.0000,0.9179,0.0004,0.4945,0.1257,0.0015,0.0006,0.0000,0.0000,0.0003
449,10.8184,0.0000,18.3977,13.0600,,true,0,0.008333,0.0000,0.0000,1.00,0.00,0.0000,22,1,335,362,0,0,100,5,16,16,0,0,35158,1541,0,0,923717632,0.000000,0.000000,0.000000,0.00,0,0,0,0,0,20,39,30,14,30,30,30,30,30,30,36,16,0,0.0001,0.0009,0.0408,0.0347,0.0025,0.0000,0.0032,13.0600,0.0118,0.0000,0.0000,0.0000,0.9921,0.0003,0.5144,0.1390,0.0013,0.0004,0.0000,0.0000,0.0007
450,10.8318,0.0000,18.2657,10.5174,,true,0,0.008333,0.0000,0.0000,1.00,0.00,0.0000,22,1,335,362,0,0,100,5,16,16,0,0,35158,1541,0,0,923717632,0.000000,0.000000,0.000000,0.00,0,0,0,0,0,20,39,30,14,30,30,30,30,30,30,36,16,0,0.0007,0.0010,0.0496,0.0667,0.0058,0.0000,0.0074,10.5174,0.0117,0.0000,0.0000,0.0000,1.1452,0.0003,0.5706,0.1872,0.0007,0.0005,0.0000,0.0000,0.0002
451,10.8515,0.0000,18.7738,10.8402,,true,0,0.008333,0.0000,0.0000,1.00,0.00,0.0000,22,1,335,362,0,0,100,5,16,16,0,0,35158,1541,0,0,923717632,0.000000,0.000000,0.000000,0.00,0,0,0,0,0,20,39,30,14,30,30,30,30,30,30,36,16,0,0.0004,0.0010,0.0424,0.0364,0.0054,0.0000,0.0077,10.8402,0.0119,0.0000,0.0000,0.0000,1.0039,0.0010,0.4880,0.1571,0.0008,0.0013,0.0000,0.0000,0.0009
452,10.8742,0.0000,18.7913,15.0520,,true,0,0.008333,0.0000,0.0000,1.00,0.00,0.0000,22,1,335,362,0,0,100,5,16,16,0,0,35158,1541,0,0,923717632,0.000000,0.000000,0.000000,0.00,0,0,0,0,0,20,39,30,14,30,30,30,30,30,30,36,16,0,0.0001,0.0012,0.1008,0.0309,0.0033,0.0000,0.0029,15.0520,0.0123,0.0000,0.0000,0.0000,1.0184,0.0002,0.5041,0.1684,0.0008,0.0005,0.0000,0.0000,0.0004
453,10.8931,0.0000,19.1224,15.1444,,true,0,0.008333,0.0000,0.0000,1.00,0.00,0.0000,22,1,335,362,0,0,100,5,16,16,0,0,35158,1541,0,0,923717632,0.000000,0.000000,0.000000,0.00,0,0,0,0,0,20,39,30,14,30,30,30,30,30,30,36,16,0,0.0002,0.0066,0.0405,0.0637,0.0089,0.0000,0.0105,15.1444,0.0129,0.0000,0.0000,0.0000,1.3789,0.0003,0.7144,0.2120,0.0005,0.0003,0.0000,0.0000,0.0009
454,10.9137,0.0000,18.9649,16.2934,,true,0,0.008333,0.0000,0.0000,1.00,0.00,0.0000,22,1,335,362,0,0,100,5,16,16,0,0,35158,1541,0,0,923713536,0.000000,0.000000,0.000000,0.00,0,0,0,0,0,20,39,30,14,30,30,30,30,30,30,36,16,0,0.0005,0.0019,0.0357,0.0654,0.0081,0.0000,0.0075,16.2934,0.0122,0.0000,0.0000,0.0000,1.0168,0.0003,0.5324,0.1276,0.0006,0.0003,0.0000,0.0000,0.0008
455,10.9337,0.0000,22.8501,12.9831,,true,0,0.008333,0.0000,0.0000,1.00,0.00,0.0000,22,1,335,362,0,0,100,5,16,16,0,0,35158,1541,0,0,923717632,0.000000,0.000000,0.000000,0.00,0,0,0,0,0,20,39,30,14,30,30,30,30,30,30,36,16,0,0.0002,0.0027,0.0491,0.0525,0.0084,0.0000,0.0074,12.9831,0.0488,0.0000,0.0000,0.0000,1.5981,0.0016,0.8118,0.3135,0.0052,0.0033,0.0000,0.0000,0.0004
456,10.9514,0.0000,16.6093,14.9889,,true,0,0.008333,0.0000,0.0000,1.00,0.00,0.0000,22,1,335,362,0,0,100,5,16,16,0,0,35158,1541,0,0,923717632,0.000000,0.000000,0.000000,0.00,0,0,0,0,0,20,39,30,14,30,30,30,30,30,30,36,16,0,0.0002,0.0009,0.0485,0.0323,0.0065,0.0000,0.0037,14.9889,0.0121,0.0000,0.0000,0.0000,0.8957,0.0002,0.4329,0.1729,0.0010,0.0003,0.0000,0.0000,0.0004
457,10.9706,0.0000,17.6460,15.9343,,true,0,0.008333,0.0000,0.0000,1.00,0.00,0.0000,22,1,335,362,0,0,100,5,16,16,0,0,35158,1541,0,0,923717632,0.000000,0.000000,0.000000,0.00,0,0,0,0,0,20,39,30,14,30,30,30,30,30,30,36,16,0,0.0002,0.0013,0.0560,0.0425,0.0030,0.0000,0.0047,15.9343,0.0350,0.0000,0.0000,0.0000,1.1251,0.0017,0.5727,0.1628,0.0009,0.0005,0.0000,0.0000,0.0010
458,10.9883,0.0000,19.1669,14.2110,,true,0,0.008333,0.0000,0.0000,1.00,0.00,0.0000,22,1,335,362,0,0,100,5,16,16,0,0,35158,1541,0,0,923701248,0.000000,0.000000,0.000000,0.00,0,0,0,0,0,20,39,30,14,30,30,30,30,30,30,36,16,0,0.0004,0.0011,0.0562,0.0481,0.0066,0.0000,0.0058,14.2110,0.0376,0.0000,0.0000,0.0000,1.0955,0.0007,0.5181,0.2285,0.0022,0.0005,0.0000,0.0000,0.0003
459,11.0041,0.0000,18.3344,12.7018,,true,0,0.008333,0.0000,0.0000,1.00,0.00,0.0000,22,1,335,362,0,0,100,5,16,16,0,0,35158,1541,0,0,923701248,0.000000,0.000000,0.000000,0.00,0,0,0,0,0,20,39,30,14,30,30,30,30,30,30,36,16,0,0.0003,0.0019,0.0678,0.0995,0.0142,0.0000,0.0103,12.7018,0.0357,0.0000,0.0000,0.0000,1.0266,0.0006,0.4649,0.1844,0.0020,0.0012,0.0000,0.0000,0.0006
460,11.0262,0.0000,18.7163,15.0016,,true,0,0.008333,0.0000,0.0000,1.00,0.00,0.0000,22,1,335,362,0,0,100,5,16,16,0,0,35158,1541,0,0,923701248,0.000000,0.000000,0.000000,0.00,0,0,0,0,0,20,39,30,14,30,30,30,30,30,30,36,16,0,0.0006,0.0017,0.0621,0.0705,0.0095,0.0000,0.0071,15.0016,0.0258,0.0000,0.0000,0.0000,4.7009,0.0003,0.5648,3.7402,0.0009,0.0005,0.0000,0.0000,0.0002
461,11.0568,0.0000,26.9103,18.5418,,true,0,0.008333,0.0000,0.0000,1.00,0.00,0.0000,22,1,335,362,0,0,100,5,16,16,0,0,35158,1541,0,0,923701248,0.000000,0.000000,0.000000,0.00,0,0,0,0,0,20,39,30,14,30,30,30,30,30,30,36,16,0,0.0003,0.0014,0.0348,0.0407,0.0046,0.0000,0.0031,18.5418,0.0269,0.0000,0.0000,0.0000,1.2080,0.0006,0.6327,0.1584,0.0022,0.0011,0.0000,0.0000,0.0020
462,11.0721,0.0000,22.0996,12.7878,,true,0,0.008333,0.0000,0.0000,1.00,0.00,0.0000,22,1,335,362,0,0,100,5,16,16,0,0,35158,1541,0,0,923701248,0.000000,0.000000,0.000000,0.00,0,0,0,0,0,20,39,30,14,30,30,30,30,30,30,36,16,0,0.0011,0.0029,0.0309,0.0842,0.0104,0.0000,0.0123,12.7878,0.0162,0.0000,0.0000,0.0000,0.9951,0.0006,0.4663,0.1788,0.0019,0.0010,0.0000,0.0000,0.0005
463,11.0911,0.0000,17.6349,14.0867,,true,0,0.008333,0.0000,0.0000,1.00,0.00,0.0000,22,1,335,362,0,0,100,5,16,16,0,0,35158,1541,0,0,923701248,0.000000,0.000000,0.000000,0.00,0,0,0,0,0,20,39,30,14,30,30,30,30,30,30,36,16,0,0.0002,0.0022,0.0333,0.0508,0.0075,0.0000,0.0076,14.0867,0.4295,0.0000,0.0000,0.0000,0.9840,0.0004,0.4757,0.1625,0.0018,0.0006,0.0000,0.0000,0.0005
464,11.1130,0.0000,18.0076,16.4743,,true,0,0.008333,0.0000,0.0000,1.00,0.00,0.0000,22,1,335,362,0,0,100,5,16,16,0,0,35158,1541,0,0,923701248,0.000000,0.000000,0.000000,0.00,0,0,0,0,0,20,39,30,14,30,30,30,30,30,30,36,16,0,0.0004,0.0028,0.0421,0.0736,0.0108,0.0000,0.0091,16.4743,0.0192,0.0000,0.0000,0.0000,1.0074,0.0005,0.4419,0.2035,0.0044,0.0013,0.0000,0.0000,0.0004
465,11.1251,0.0000,13.5417,10.2263,,true,0,0.008333,0.0000,0.0000,1.00,0.00,0.0000,22,1,335,362,0,0,100,5,16,16,0,0,35158,1541,0,0,923705344,0.000000,0.000000,0.000000,0.00,0,0,0,0,0,20,39,30,14,30,30,30,30,30,30,36,16,0,0.0001,0.0011,0.0334,0.0398,0.0056,0.0000,0.0063,10.2263,0.0152,0.0000,0.0000,0.0000,0.8705,0.0011,0.4326,0.1243,0.0012,0.0014,0.0000,0.0000,0.0003
466,11.1693,0.0000,23.5119,35.9742,,true,0,0.008333,0.0000,0.0000,1.00,0.00,0.0000,22,1,335,362,0,0,100,5,16,16,0,0,35158,1541,0,0,923705344,0.000000,0.000000,0.000000,0.00,0,0,0,0,0,20,39,30,14,30,30,30,30,30,30,36,16,0,0.0002,0.0025,0.0656,0.0412,0.0040,0.0000,0.0054,35.9742,0.0178,0.0000,0.0000,0.0000,27.1104,0.0005,0.7844,0.2074,4.6819,0.0031,0.0000,0.0000,21.0858
467,11.1865,0.0000,17.3009,15.2312,,true,0,0.008333,0.0000,0.0000,1.00,0.00,0.0000,22,1,335,362,0,0,100,5,16,16,0,0,35158,1541,0,0,923705344,0.000000,0.000000,0.000000,0.00,0,0,0,0,0,20,39,30,14,30,30,30,30,30,30,36,16,0,0.0001,0.0010,0.0385,0.0337,0.0033,0.0000,0.0035,15.2312,0.0132,0.0000,0.0000,0.0000,0.9863,0.0017,0.4961,0.1418,0.0009,0.0003,0.0000,0.0000,0.0002
468,11.2058,0.0000,39.3737,17.2483,,true,0,0.008333,0.0000,0.0000,1.00,0.00,0.0000,22,1,335,362,0,0,100,5,16,16,0,0,35158,1541,0,0,923705344,0.000000,0.000000,0.000000,0.00,0,0,0,0,0,20,39,30,14,30,30,30,30,30,30,36,16,0,0.0002,0.0010,0.0650,0.0282,0.0028,0.0000,0.0025,17.2483,0.0228,0.0000,0.0000,0.0000,1.0231,0.0011,0.4860,0.2206,0.0022,0.0023,0.0000,0.0000,0.0003
469,11.2287,0.0000,23.9487,16.3687,,true,0,0.008333,0.0000,0.0000,1.00,0.00,0.0000,22,1,335,362,0,0,100,5,16,16,0,0,35158,1541,0,0,923705344,0.000000,0.000000,0.000000,0.00,0,0,0,0,0,20,39,30,14,30,30,30,30,30,30,36,16,0,0.0001,0.0008,0.0378,0.0325,0.0027,0.0000,0.0025,16.3687,0.0139,0.0000,0.0000,0.0000,0.9579,0.0005,0.4819,0.1734,0.0008,0.0003,0.0000,0.0000,0.0002
470,11.2490,0.0000,22.7650,13.1108,,true,0,0.008333,0.0000,0.0000,1.00,0.00,0.0000,22,1,335,362,0,0,100,5,16,16,0,0,35158,1541,0,0,923705344,0.000000,0.000000,0.000000,0.00,0,0,0,0,0,20,39,30,14,30,30,30,30,30,30,36,16,0,0.0002,0.0012,0.0623,0.0390,0.0046,0.0000,0.0042,13.1108,0.0266,0.0000,0.0000,0.0000,0.9672,0.0004,0.4720,0.1350,0.0007,0.0005,0.0000,0.0000,0.0002
471,11.2702,0.0000,21.1463,13.0368,,true,0,0.008333,0.0000,0.0000,1.00,0.00,0.0000,22,1,335,362,0,0,100,5,16,16,0,0,35158,1541,0,0,923705344,0.000000,0.000000,0.000000,0.00,0,0,0,0,0,20,39,30,14,30,30,30,30,30,30,36,16,0,0.0003,0.0019,0.0449,0.0702,0.0125,0.0000,0.0107,13.0368,0.0144,0.0000,0.0000,0.0000,1.1210,0.0003,0.5839,0.1370,0.0011,0.0006,0.0000,0.0000,0.0011
472,11.2918,0.0000,21.5813,13.1583,,true,0,0.008333,0.0000,0.0000,1.00,0.00,0.0000,22,1,335,362,0,0,100,5,16,16,0,0,35158,1541,0,0,923705344,0.000000,0.000000,0.000000,0.00,0,0,0,0,0,20,39,30,14,30,30,30,30,30,30,36,16,0,0.0007,0.0007,0.0482,0.0390,0.0039,0.0000,0.0046,13.1583,0.0262,0.0000,0.0000,0.0000,3.0075,0.0003,0.5106,2.1041,0.0009,0.0004,0.0000,0.0000,0.0005
473,11.3038,0.0000,17.3284,8.4522,,true,0,0.008333,0.0000,0.0000,1.00,0.00,0.0000,22,1,335,362,0,0,100,5,16,16,0,0,35158,1541,0,0,923705344,0.000000,0.000000,0.000000,0.00,0,0,0,0,0,20,39,30,14,30,30,30,30,30,30,36,16,0,0.0001,0.0032,0.0677,0.0401,0.0036,0.0000,0.0048,8.4522,0.0284,0.0000,0.0000,0.0000,0.9766,0.0006,0.4495,0.1814,0.0017,0.0007,0.0000,0.0000,0.0004
474,11.3218,0.0000,12.9125,14.2385,,true,0,0.008333,0.0000,0.0000,1.00,0.00,0.0000,22,1,335,362,0,0,100,5,16,16,0,0,35158,1541,0,0,923709440,0.000000,0.000000,0.000000,0.00,0,0,0,0,0,20,39,30,14,30,30,30,30,30,30,36,16,0,0.0003,0.0020,0.0579,0.0566,0.0083,0.0000,0.0060,14.2385,0.0223,0.0000,0.0000,0.0000,1.1242,0.0005,0.5686,0.1714,0.0018,0.0005,0.0000,0.0000,0.0005
475,11.3437,0.0000,13.9172,18.4761,,true,0,0.008333,0.0000,0.0000,1.00,0.00,0.0000,22,1,335,362,0,0,100,5,16,16,0,0,35158,1541,0,0,923709440,0.000000,0.000000,0.000000,0.00,0,0,0,0,0,20,39,30,14,30,30,30,30,30,30,36,16,0,0.0007,0.0031,0.0419,0.0683,0.0104,0.0000,0.0085,18.4761,0.0141,0.0000,0.0000,0.0000,2.9340,0.0004,2.3663,0.1489,0.0011,0.0004,0.0000,0.0000,0.0006
476,11.3549,0.0000,19.1606,8.8143,,true,0,0.008333,0.0000,0.0000,1.00,0.00,0.0000,22,1,335,362,0,0,100,5,16,16,0,0,35158,1541,0,0,923709440,0.000000,0.000000,0.000000,0.00,0,0,0,0,0,20,39,30,14,30,30,30,30,30,30,36,16,0,0.0003,0.0007,0.0391,0.0326,0.0030,0.0000,0.0023,8.8143,0.0120,0.0000,0.0000,0.0000,1.0151,0.0002,0.5207,0.1731,0.0027,0.0004,0.0000,0.0000,0.0005
477,11.3838,0.0000,33.5100,7.8499,,true,0,0.008333,0.0000,0.0000,1.00,0.00,0.0000,22,1,335,362,0,0,100,5,16,16,0,0,35158,1541,0,0,923709440,0.000000,0.000000,0.000000,0.00,0,0,0,0,0,20,39,30,14,30,30,30,30,30,30,36,16,0,0.0003,0.0014,0.0625,0.0327,0.0034,0.0000,0.0030,7.8499,0.0161,0.0000,0.0000,0.0000,1.1430,0.0008,0.5843,0.2280,0.0017,0.0013,0.0000,0.0000,0.0009
478,11.3926,0.0000,10.2198,7.3246,,true,0,0.008333,0.0000,0.0000,1.00,0.00,0.0000,22,1,335,362,0,0,100,5,16,16,0,0,35158,1541,0,0,923709440,0.000000,0.000000,0.000000,0.00,0,0,0,0,0,20,39,30,14,30,30,30,30,30,30,36,16,0,0.0003,0.0022,0.0535,0.0840,0.0049,0.0000,0.0115,7.3246,0.0228,0.0000,0.0000,0.0000,1.3330,0.0003,0.6873,0.1791,0.0013,0.0011,0.0000,0.0000,0.0015
479,11.3998,0.0000,9.0677,6.2093,,true,0,0.008333,0.0000,0.0000,1.00,0.00,0.0000,22,1,335,362,0,0,100,5,16,16,0,0,35158,1541,0,0,923709440,0.000000,0.000000,0.000000,0.00,0,0,0,0,0,20,39,30,14,30,30,30,30,30,30,36,16,0,0.0002,0.0008,0.0503,0.0371,0.0031,0.0000,0.0038,6.2093,0.0134,0.0000,0.0000,0.0000,1.2323,0.0004,0.6098,0.2258,0.0027,0.0006,0.0000,0.0000,0.0005
480,11.4073,0.0000,6.3490,6.3259,,true,0,0.008333,0.0000,0.0000,1.00,0.00,0.0000,22,1,335,362,0,0,100,5,16,16,0,0,35158,1541,0,0,923709440,0.000000,0.000000,0.000000,0.00,0,0,0,0,0,20,39,30,14,30,30,30,30,30,30,36,16,0,0.0002,0.0010,0.0300,0.0784,0.0052,0.0000,0.0050,6.3259,0.0150,0.0000,0.0000,0.0000,0.8243,0.0005,0.3929,0.1271,0.0017,0.0013,0.0000,0.0000,0.0007
481,11.4131,0.0000,8.6627,4.8756,,true,0,0.008333,0.0000,0.0000,1.00,0.00,0.0000,22,1,335,362,0,0,100,5,16,16,0,0,35158,1541,0,0,923709440,0.000000,0.000000,0.000000,0.00,0,0,0,0,0,20,39,30,14,30,30,30,30,30,30,36,16,0,0.0003,0.0011,0.0454,0.0185,0.0009,0.0000,0.0050,4.8756,0.0116,0.0000,0.0000,0.0000,0.8636,0.0003,0.4297,0.1199,0.0008,0.0004,0.0000,0.0000,0.0002
482,11.4285,0.0000,14.7426,5.5090,,true,0,0.008333,0.0000,0.0000,1.00,0.00,0.0000,22,1,335,362,0,0,100,5,16,16,0,0,35158,1541,0,0,923709440,0.000000,0.000000,0.000000,0.00,0,0,0,0,0,20,39,30,14,30,30,30,30,30,30,36,16,0,0.0002,0.0009,0.0410,0.0314,0.0022,0.0000,0.0029,5.5090,0.0111,0.0000,0.0000,0.0000,0.9260,0.0004,0.4398,0.1705,0.0007,0.0004,0.0000,0.0000,0.0003
483,11.4421,0.0000,14.2106,5.0022,,true,0,0.008333,0.0000,0.0000,1.00,0.00,0.0000,22,1,335,362,0,0,100,5,16,16,0,0,35158,1541,0,0,923713536,0.000000,0.000000,0.000000,0.00,0,0,0,0,0,20,39,30,14,30,30,30,30,30,30,36,16,0,0.0006,0.0014,0.0485,0.0463,0.0048,0.0000,0.0124,5.0022,0.0101,0.0000,0.0000,0.0000,0.6964,0.0003,0.3140,0.1072,0.0009,0.0004,0.0000,0.0000,0.0004
484,11.4556,0.0000,13.3313,5.0640,,true,0,0.008333,0.0000,0.0000,1.00,0.00,0.0000,22,1,335,362,0,0,100,5,16,16,0,0,35158,1541,0,0,923713536,0.000000,0.000000,0.000000,0.00,0,0,0,0,0,20,39,30,14,30,30,30,30,30,30,36,16,0,0.0003,0.0006,0.0251,0.0240,0.0016,0.0000,0.0024,5.0640,0.0092,0.0000,0.0000,0.0000,0.7276,0.0003,0.3690,0.0948,0.0005,0.0003,0.0000,0.0000,0.0005
485,11.4728,0.0000,16.4468,5.8903,,true,0,0.008333,0.0000,0.0000,1.00,0.00,0.0000,22,1,335,362,0,0,100,5,16,16,0,0,35158,1541,0,0,923713536,0.000000,0.000000,0.000000,0.00,0,0,0,0,0,20,39,30,14,30,30,30,30,30,30,36,16,0,0.0005,0.0016,0.0477,0.0411,0.0029,0.0000,0.0054,5.8903,0.0142,0.0000,0.0000,0.0000,1.0081,0.0004,0.4813,0.1594,0.0010,0.0009,0.0000,0.0000,0.0005
486,11.4845,0.0000,12.4253,5.1735,,true,0,0.008333,0.0000,0.0000,1.00,0.00,0.0000,22,1,335,362,0,0,100,5,16,16,0,0,35158,1541,0,0,923713536,0.000000,0.000000,0.000000,0.00,0,0,0,0,0,20,39,30,14,30,30,30,30,30,30,36,16,0,0.0002,0.0009,0.0407,0.0288,0.0026,0.0000,0.0023,5.1735,0.0106,0.0000,0.0000,0.0000,0.9746,0.0002,0.4848,0.1315,0.0007,0.0005,0.0000,0.0000,0.0010
487,11.4985,0.0000,13.9705,5.2023,,true,0,0.008333,0.0000,0.0000,1.00,0.00,0.0000,22,1,335,362,0,0,100,5,16,16,0,0,35158,1541,0,0,923713536,0.000000,0.000000,0.000000,0.00,0,0,0,0,0,20,39,30,14,30,30,30,30,30,30,36,16,0,0.0005,0.0017,0.0345,0.0835,0.0061,0.0000,0.0080,5.2023,0.0102,0.0000,0.0000,0.0000,0.8836,0.0003,0.4640,0.0969,0.0012,0.0005,0.0000,0.0000,0.0003
488,11.5114,0.0000,12.8680,5.1452,,true,0,0.008333,0.0000,0.0000,1.00,0.00,0.0000,22,1,335,362,0,0,100,5,16,16,0,0,35158,1541,0,0,923713536,0.000000,0.000000,0.000000,0.00,0,0,0,0,0,20,39,30,14,30,30,30,30,30,30,36,16,0,0.0002,0.0011,0.0487,0.0308,0.0024,0.0000,0.0044,5.1452,0.0120,0.0000,0.0000,0.0000,1.2478,0.0003,0.6454,0.1901,0.0037,0.0004,0.0000,0.0000,0.0003
489,11.5270,0.0000,15.1566,5.5119,,true,0,0.008333,0.0000,0.0000,1.00,0.00,0.0000,22,1,335,362,0,0,100,5,16,16,0,0,35158,1541,0,0,923713536,0.000000,0.000000,0.000000,0.00,0,0,0,0,0,20,39,30,14,30,30,30,30,30,30,36,16,0,0.0002,0.0008,0.0375,0.0344,0.0025,0.0000,0.0036,5.5119,0.0121,0.0000,0.0000,0.0000,0.8491,0.0003,0.4239,0.1253,0.0006,0.0005,0.0000,0.0000,0.0004
490,11.5387,0.0000,12.0519,5.1618,,true,0,0.008333,0.0000,0.0000,1.00,0.00,0.0000,22,1,335,362,0,0,100,5,16,16,0,0,35158,1541,0,0,923713536,0.000000,0.000000,0.000000,0.00,0,0,0,0,0,20,39,30,14,30,30,30,30,30,30,36,16,0,0.0002,0.0009,0.0471,0.0324,0.0034,0.0000,0.0044,5.1618,0.0124,0.0000,0.0000,0.0000,1.1163,0.0005,0.5672,0.1489,0.0007,0.0004,0.0000,0.0000,0.0005
491,11.5524,0.0000,13.8987,4.9568,,true,0,0.008333,0.0000,0.0000,1.00,0.00,0.0000,22,1,335,362,0,0,100,5,16,16,0,0,35158,1541,0,0,923713536,0.000000,0.000000,0.000000,0.00,0,0,0,0,0,20,39,30,14,30,30,30,30,30,30,36,16,0,0.0002,0.0007,0.0623,0.0296,0.0029,0.0000,0.0023,4.9568,0.0110,0.0000,0.0000,0.0000,0.8264,0.0003,0.4583,0.0891,0.0011,0.0007,0.0000,0.0000,0.0003
492,11.5674,0.0000,14.8093,5.1462,,true,0,0.008333,0.0000,0.0000,1.00,0.00,0.0000,22,1,335,362,0,0,100,5,16,16,0,0,35158,1541,0,0,923713536,0.000000,0.000000,0.000000,0.00,0,0,0,0,0,20,39,30,14,30,30,30,30,30,30,36,16,0,0.0003,0.0015,0.0323,0.0314,0.0037,0.0000,0.0025,5.1462,0.0111,0.0000,0.0000,0.0000,0.9283,0.0003,0.4619,0.1189,0.0009,0.0003,0.0000,0.0000,0.0002
493,11.5799,0.0000,13.0701,4.4967,,true,0,0.008333,0.0000,0.0000,1.00,0.00,0.0000,22,1,335,362,0,0,100,5,16,16,0,0,35158,1541,0,0,923717632,0.000000,0.000000,0.000000,0.00,0,0,0,0,0,20,39,30,14,30,30,30,30,30,30,36,16,0,0.0002,0.0011,0.0371,0.0269,0.0027,0.0000,0.0033,4.4967,0.0181,0.0000,0.0000,0.0000,0.7879,0.0002,0.3852,0.1133,0.0008,0.0003,0.0000,0.0000,0.0003
494,11.5944,0.0000,14.6443,4.5389,,true,0,0.008333,0.0000,0.0000,1.00,0.00,0.0000,22,1,335,362,0,0,100,5,16,16,0,0,35158,1541,0,0,923717632,0.000000,0.000000,0.000000,0.00,0,0,0,0,0,20,39,30,14,30,30,30,30,30,30,36,16,0,0.0001,0.0012,0.0356,0.0288,0.0020,0.0000,0.0021,4.5389,0.0101,0.0000,0.0000,0.0000,0.8382,0.0003,0.3921,0.1137,0.0006,0.0003,0.0000,0.0000,0.0004
495,11.6080,0.0000,13.5032,4.6376,,true,0,0.008333,0.0000,0.0000,1.00,0.00,0.0000,22,1,335,362,0,0,100,5,16,16,0,0,35158,1541,0,0,923717632,0.000000,0.000000,0.000000,0.00,0,0,0,0,0,20,39,30,14,30,30,30,30,30,30,36,16,0,0.0001,0.0009,0.0361,0.0265,0.0025,0.0000,0.0032,4.6376,0.0096,0.0000,0.0000,0.0000,0.8608,0.0001,0.4457,0.1182,0.0014,0.0007,0.0000,0.0000,0.0004
496,11.6224,0.0000,13.9949,5.1045,,true,0,0.008333,0.0000,0.0000,1.00,0.00,0.0000,22,1,335,362,0,0,100,5,16,16,0,0,35158,1541,0,0,923717632,0.000000,0.000000,0.000000,0.00,0,0,0,0,0,20,39,30,14,30,30,30,30,30,30,36,16,0,0.0002,0.0006,0.0367,0.0251,0.0030,0.0000,0.0024,5.1045,0.0102,0.0000,0.0000,0.0000,1.2751,0.0002,0.8436,0.1161,0.0012,0.0004,0.0000,0.0000,0.0004
497,11.6359,0.0000,13.8844,4.4566,,true,0,0.008333,0.0000,0.0000,1.00,0.00,0.0000,22,1,335,362,0,0,100,5,16,16,0,0,35158,1541,0,0,923717632,0.000000,0.000000,0.000000,0.00,0,0,0,0,0,20,39,30,14,30,30,30,30,30,30,36,16,0,0.0002,0.0009,0.0362,0.0271,0.0029,0.0000,0.0024,4.4566,0.0105,0.0000,0.0000,0.0000,0.8975,0.0002,0.3891,0.1764,0.0046,0.0004,0.0000,0.0000,0.0003
498,11.6493,0.0000,13.8999,4.1734,,true,0,0.008333,0.0000,0.0000,1.00,0.00,0.0000,22,1,335,362,0,0,100,5,16,16,0,0,35158,1541,0,0,923717632,0.000000,0.000000,0.000000,0.00,0,0,0,0,0,20,39,30,14,30,30,30,30,30,30,36,16,0,0.0002,0.0008,0.0316,0.0282,0.0031,0.0000,0.0023,4.1734,0.0089,0.0000,0.0000,0.0000,0.7913,0.0004,0.3860,0.1262,0.0009,0.0005,0.0000,0.0000,0.0003
499,11.6628,0.0000,13.3652,4.2610,,true,0,0.008333,0.0000,0.0000,1.00,0.00,0.0000,22,1,335,362,0,0,100,5,16,16,0,0,35158,1541,0,0,923717632,0.000000,0.000000,0.000000,0.00,0,0,0,0,0,20,39,30,14,30,30,30,30,30,30,36,16,0,0.0001,0.0007,0.0326,0.0290,0.0029,0.0000,0.0017,4.2610,0.0103,0.0000,0.0000,0.0000,0.8366,0.0008,0.4055,0.1410,0.0028,0.0006,0.0000,0.0000,0.0003
500,11.6761,0.0000,13.4340,4.1288,,true,0,0.008333,0.0000,0.0000,1.00,0.00,0.0000,22,1,335,362,0,0,100,5,16,16,0,0,35158,1541,0,0,923717632,0.000000,0.000000,0.000000,0.00,0,0,0,0,0,20,39,30,14,30,30,30,30,30,30,36,16,0,0.0002,0.0007,0.0357,0.0250,0.0024,0.0000,0.0018,4.1288,0.0144,0.0000,0.0000,0.0000,0.7937,0.0002,0.3621,0.1484,0.0013,0.0003,0.0000,0.0000,0.0002
501,11.6976,0.0000,19.4245,6.0965,,true,0,0.008333,0.0000,0.0000,1.00,0.00,0.0000,22,1,335,362,0,0,100,5,16,16,0,0,35158,1541,0,0,923717632,0.000000,0.000000,0.000000,0.00,0,0,0,0,0,20,39,30,14,30,30,30,30,30,30,36,16,0,0.0001,0.0016,0.0429,0.0414,0.0031,0.0000,0.0036,6.0965,0.0147,0.0000,0.0000,0.0000,0.7573,0.0004,0.3299,0.1361,0.0008,0.0022,0.0000,0.0000,0.0004
502,11.7049,0.0000,7.8543,4.8113,,true,0,0.008333,0.0000,0.0000,1.00,0.00,0.0000,22,1,335,362,0,0,100,5,16,16,0,0,35158,1541,0,0,923721728,0.000000,0.000000,0.000000,0.00,0,0,0,0,0,20,39,30,14,30,30,30,30,30,30,36,16,0,0.0001,0.0005,0.0311,0.0346,0.0031,0.0000,0.0026,4.8113,0.0097,0.0000,0.0000,0.0000,0.7315,0.0003,0.3638,0.1112,0.0006,0.0003,0.0000,0.0000,0.0003
503,11.7177,0.0000,14.3098,4.3517,,true,0,0.008333,0.0000,0.0000,1.00,0.00,0.0000,22,1,335,362,0,0,100,5,16,16,0,0,35158,1541,0,0,923721728,0.000000,0.000000,0.000000,0.00,0,0,0,0,0,20,39,30,14,30,30,30,30,30,30,36,16,0,0.0004,0.0010,0.0438,0.0293,0.0026,0.0000,0.0020,4.3517,0.0125,0.0000,0.0000,0.0000,0.7567,0.0004,0.3700,0.1107,0.0010,0.0008,0.0000,0.0000,0.0002
504,11.7317,0.0000,13.7219,4.1520,,true,0,0.008333,0.0000,0.0000,1.00,0.00,0.0000,22,1,335,362,0,0,100,5,16,16,0,0,35158,1541,0,0,923721728,0.000000,0.000000,0.000000,0.00,0,0,0,0,0,20,39,30,14,30,30,30,30,30,30,36,16,0,0.0002,0.0009,0.0404,0.0260,0.0024,0.0000,0.0022,4.1520,0.0195,0.0000,0.0000,0.0000,0.7646,0.0003,0.3790,0.1218,0.0009,0.0004,0.0000,0.0000,0.0002
505,11.7460,0.0000,14.3684,4.1969,,true,0,0.008333,0.0000,0.0000,1.00,0.00,0.0000,22,1,335,362,0,0,100,5,16,16,0,0,35158,1541,0,0,923721728,0.000000,0.000000,0.000000,0.00,0,0,0,0,0,20,39,30,14,30,30,30,30,30,30,36,16,0,0.0003,0.0009,0.0352,0.0305,0.0028,0.0000,0.0022,4.1969,0.0171,0.0000,0.0000,0.0000,0.7819,0.0002,0.3625,0.1436,0.0006,0.0004,0.0000,0.0000,0.0002
506,11.7604,0.0000,14.0754,4.5973,,true,0,0.008333,0.0000,0.0000,1.00,0.00,0.0000,22,1,335,362,0,0,100,5,16,16,0,0,35158,1541,0,0,923721728,0.000000,0.000000,0.000000,0.00,0,0,0,0,0,20,39,30,14,30,30,30,30,30,30,36,16,0,0.0002,0.0007,0.0373,0.0256,0.0028,0.0000,0.0020,4.5973,0.0101,0.0000,0.0000,0.0000,1.0813,0.0004,0.5949,0.1873,0.0044,0.0014,0.0000,0.0000,0.0003
507,11.7737,0.0000,13.4557,4.3476,,true,0,0.008333,0.0000,0.0000,1.00,0.00,0.0000,22,1,335,362,0,0,100,5,16,16,0,0,35158,1541,0,0,923721728,0.000000,0.000000,0.000000,0.00,0,0,0,0,0,20,39,30,14,30,30,30,30,30,30,36,16,0,0.0001,0.0007,0.0350,0.0274,0.0031,0.0000,0.0030,4.3476,0.0147,0.0000,0.0000,0.0000,0.7278,0.0003,0.3427,0.1305,0.0006,0.0007,0.0000,0.0000,0.0003
508,11.8055,0.0000,20.3539,15.2659,,true,0,0.008333,0.0000,0.0000,1.00,0.00,0.0000,22,1,335,362,0,0,100,5,16,16,0,0,35158,1541,0,0,923721728,0.000000,0.000000,0.000000,0.00,0,0,0,0,0,20,39,30,14,30,30,30,30,30,30,36,16,0,0.0008,0.0028,0.0591,1.7182,0.0139,0.0000,0.0085,15.2659,0.0247,0.0000,0.0000,0.0000,1.5454,0.0017,0.6443,0.3054,0.0074,0.0027,0.0000,0.0000,0.0012
509,11.8216,0.0000,19.0248,12.2507,,true,0,0.008333,0.0000,0.0000,1.00,0.00,0.0000,22,1,335,362,0,0,100,5,16,16,0,0,35158,1541,0,0,923721728,0.000000,0.000000,0.000000,0.00,0,0,0,0,0,20,39,30,14,30,30,30,30,30,30,36,16,0,0.0010,0.0059,0.0712,0.1276,0.0072,0.0000,0.0113,12.2507,0.0894,0.0000,0.0000,0.0000,1.3803,0.0008,0.6229,0.1362,0.0010,0.0012,0.0000,0.0000,0.0016
510,11.8375,0.0000,16.5249,12.2893,,true,0,0.008333,0.0000,0.0000,1.00,0.00,0.0000,22,1,335,362,0,0,100,5,16,16,0,0,35158,1541,0,0,923721728,0.000000,0.000000,0.000000,0.00,0,0,0,0,0,20,39,30,14,30,30,30,30,30,30,36,16,0,0.0005,0.0013,0.0757,0.0577,0.0110,0.0000,0.0088,12.2893,0.0269,0.0000,0.0000,0.0000,1.5173,0.0014,0.7617,0.2604,0.0035,0.0013,0.0000,0.0000,0.0011
511,11.8526,0.0000,18.7577,8.2560,,true,0,0.008333,0.0000,0.0000,1.00,0.00,0.0000,22,1,335,362,0,0,100,5,16,16,0,0,35158,1541,0,0,923725824,0.000000,0.000000,0.000000,0.00,0,0,0,0,0,20,39,30,14,30,30,30,30,30,30,36,16,0,0.0002,0.0027,0.0542,0.0577,0.0110,0.0000,0.0165,8.2560,0.0305,0.0000,0.0000,0.0000,1.2406,0.0008,0.5513,0.2664,0.0048,0.0009,0.0000,0.0000,0.0013
512,11.8620,0.0000,12.8644,5.3070,,true,0,0.008333,0.0000,0.0000,1.00,0.00,0.0000,22,1,335,362,0,0,100,5,16,16,0,0,35158,1541,0,0,923725824,0.000000,0.000000,0.000000,0.00,0,0,0,0,0,20,39,30,14,30,30,30,30,30,30,36,16,0,0.0002,0.0006,0.0332,0.0575,0.0072,0.0000,0.0022,5.3070,0.0115,0.0000,0.0000,0.0000,0.6639,0.0003,0.3117,0.1005,0.0007,0.0003,0.0000,0.0000,0.0002
513,11.8765,0.0000,15.4416,4.3294,,true,0,0.008333,0.0000,0.0000,1.00,0.00,0.0000,22,1,335,362,0,0,100,5,16,16,0,0,35158,1541,0,0,923725824,0.000000,0.000000,0.000000,0.00,0,0,0,0,0,20,39,30,14,30,30,30,30,30,30,36,16,0,0.0001,0.0009,0.0354,0.0274,0.0038,0.0000,0.0025,4.3294,0.0110,0.0000,0.0000,0.0000,0.7538,0.0004,0.3745,0.1047,0.0012,0.0004,0.0000,0.0000,0.0009
514,11.8961,0.0000,14.0711,9.6081,,true,0,0.008333,0.0000,0.0000,1.00,0.00,0.0000,22,1,335,362,0,0,100,5,16,16,0,0,35158,1541,0,0,923725824,0.000000,0.000000,0.000000,0.00,0,0,0,0,0,20,39,30,14,30,30,30,30,30,30,36,16,0,0.0001,0.0013,0.0350,0.0341,0.0038,0.0000,0.0023,9.6081,0.0147,0.0000,0.0000,0.0000,5.0300,0.0014,0.3679,0.1099,0.5889,0.0010,0.0000,0.0000,3.6763
515,11.9045,0.0000,14.3246,4.1119,,true,0,0.008333,0.0000,0.0000,1.00,0.00,0.0000,22,1,335,362,0,0,100,5,16,16,0,0,35158,1541,0,0,923725824,0.000000,0.000000,0.000000,0.00,0,0,0,0,0,20,39,30,14,30,30,30,30,30,30,36,16,0,0.0002,0.0012,0.0407,0.0288,0.0025,0.0000,0.0037,4.1119,0.0129,0.0000,0.0000,0.0000,0.7367,0.0002,0.3517,0.1320,0.0005,0.0004,0.0000,0.0000,0.0002
516,11.9184,0.0000,13.3685,4.4467,,true,0,0.008333,0.0000,0.0000,1.00,0.00,0.0000,22,1,335,362,0,0,100,5,16,16,0,0,35158,1541,0,0,923725824,0.000000,0.000000,0.000000,0.00,0,0,0,0,0,20,39,30,14,30,30,30,30,30,30,36,16,0,0.0002,0.0008,0.0314,0.0329,0.0122,0.0000,0.0025,4.4467,0.0088,0.0000,0.0000,0.0000,0.8019,0.0005,0.3720,0.1520,0.0019,0.0005,0.0000,0.0000,0.0002
517,11.9323,0.0000,13.9979,4.4292,,true,0,0.008333,0.0000,0.0000,1.00,0.00,0.0000,22,1,335,362,0,0,100,5,16,16,0,0,35158,1541,0,0,923725824,0.000000,0.000000,0.000000,0.00,0,0,0,0,0,20,39,30,14,30,30,30,30,30,30,36,16,0,0.0002,0.0009,0.0324,0.0318,0.0030,0.0000,0.0024,4.4292,0.0101,0.0000,0.0000,0.0000,0.7659,0.0002,0.3672,0.1069,0.0005,0.0006,0.0000,0.0000,0.0012
518,11.9453,0.0000,13.2309,4.1808,,true,0,0.008333,0.0000,0.0000,1.00,0.00,0.0000,22,1,335,362,0,0,100,5,16,16,0,0,35158,1541,0,0,923725824,0.000000,0.000000,0.000000,0.00,0,0,0,0,0,20,39,30,14,30,30,30,30,30,30,36,16,0,0.0002,0.0009,0.0331,0.0273,0.0031,0.0000,0.0023,4.1808,0.0151,0.0000,0.0000,0.0000,0.8096,0.0006,0.3753,0.1533,0.0015,0.0003,0.0000,0.0000,0.0007
519,11.9598,0.0000,14.5399,4.2627,,true,0,0.008333,0.0000,0.0000,1.00,0.00,0.0000,22,1,335,362,0,0,100,5,16,16,0,0,35158,1541,0,0,923725824,0.000000,0.000000,0.000000,0.00,0,0,0,0,0,20,39,30,14,30,30,30,30,30,30,36,16,0,0.0003,0.0008,0.0334,0.0260,0.0022,0.0000,0.0018,4.2627,0.0083,0.0000,0.0000,0.0000,0.8116,0.0007,0.4021,0.1294,0.0020,0.0004,0.0000,0.0000,0.0003
520,11.9735,0.0000,12.7793,5.1060,,true,0,0.008333,0.0000,0.0000,1.00,0.00,0.0000,22,1,335,362,0,0,100,5,16,16,0,0,35158,1541,0,0,923725824,0.000000,0.000000,0.000000,0.00,0,0,0,0,0,20,39,30,14,30,30,30,30,30,30,36,16,0,0.0002,0.0008,0.0353,0.0276,0.0033,0.0000,0.0023,5.1060,0.0094,0.0000,0.0000,0.0000,0.8676,0.0007,0.4213,0.1447,0.0022,0.0010,0.0000,0.0000,0.0003
521,11.9893,0.0000,14.6001,6.1685,,true,0,0.008333,0.0000,0.0000,1.00,0.00,0.0000,22,1,335,362,0,0,100,5,16,16,0,0,35158,1541,0,0,923729920,0.000000,0.000000,0.000000,0.00,0,0,0,0,0,20,39,30,14,30,30,30,30,30,30,36,16,0,0.0002,0.0018,0.0361,0.0651,0.0099,0.0000,0.0058,6.1685,0.0110,0.0000,0.0000,0.0000,0.8184,0.0005,0.4040,0.1195,0.0007,0.0004,0.0000,0.0000,0.0003
522,12.0037,0.0000,14.5670,6.0867,,true,0,0.008333,0.0000,0.0000,1.00,0.00,0.0000,22,1,335,362,0,0,100,5,16,16,0,0,35158,1541,0,0,923729920,0.000000,0.000000,0.000000,0.00,0,0,0,0,0,20,39,30,14,30,30,30,30,30,30,36,16,0,0.0002,0.0022,0.0431,0.0593,0.0070,0.0000,0.0042,6.0867,0.0123,0.0000,0.0000,0.0000,1.0952,0.0004,0.5432,0.1802,0.0007,0.0003,0.0000,0.0000,0.0005
523,12.0178,0.0000,14.8292,5.3179,,true,0,0.008333,0.0000,0.0000,1.00,0.00,0.0000,22,1,335,362,0,0,100,5,16,16,0,0,35158,1541,0,0,923729920,0.000000,0.000000,0.000000,0.00,0,0,0,0,0,20,39,30,14,30,30,30,30,30,30,36,16,0,0.0001,0.0036,0.0381,0.0317,0.0028,0.0000,0.0030,5.3179,0.0142,0.0000,0.0000,0.0000,0.9840,0.0007,0.5279,0.1435,0.0014,0.0004,0.0000,0.0000,0.0008
524,12.0323,0.0000,15.3328,4.5598,,true,0,0.008333,0.0000,0.0000,1.00,0.00,0.0000,22,1,335,362,0,0,100,5,16,16,0,0,35158,1541,0,0,923729920,0.000000,0.000000,0.000000,0.00,0,0,0,0,0,20,39,30,14,30,30,30,30,30,30,36,16,0,0.0002,0.0009,0.0444,0.0279,0.0057,0.0000,0.0025,4.5598,0.0098,0.0000,0.0000,0.0000,0.8361,0.0002,0.4268,0.1152,0.0007,0.0003,0.0000,0.0000,0.0004
525,12.0488,0.0000,15.2795,5.7624,,true,0,0.008333,0.0000,0.0000,1.00,0.00,0.0000,22,1,335,362,0,0,100,5,16,16,0,0,35158,1541,0,0,923729920,0.000000,0.000000,0.000000,0.00,0,0,0,0,0,20,39,30,14,30,30,30,30,30,30,36,16,0,0.0002,0.0010,0.0427,0.0329,0.0056,0.0000,0.0028,5.7624,0.0152,0.0000,0.0000,0.0000,1.0534,0.0003,0.5407,0.1389,0.0009,0.0015,0.0000,0.0000,0.0004
526,12.0616,0.0000,13.5718,5.0193,,true,0,0.008333,0.0000,0.0000,1.00,0.00,0.0000,22,1,335,362,0,0,100,5,16,16,0,0,35158,1541,0,0,923729920,0.000000,0.000000,0.000000,0.00,0,0,0,0,0,20,39,30,14,30,30,30,30,30,30,36,16,0,0.0001,0.0008,0.0276,0.0276,0.0034,0.0000,0.0032,5.0193,0.0093,0.0000,0.0000,0.0000,0.7171,0.0003,0.3488,0.0946,0.0007,0.0003,0.0000,0.0000,0.0004
527,12.0768,0.0000,15.6862,4.4269,,true,0,0.008333,0.0000,0.0000,1.00,0.00,0.0000,22,1,335,362,0,0,100,5,16,16,0,0,35158,1541,0,0,923729920,0.000000,0.000000,0.000000,0.00,0,0,0,0,0,20,39,30,14,30,30,30,30,30,30,36,16,0,0.0003,0.0010,0.0357,0.0234,0.0028,0.0000,0.0029,4.4269,0.0103,0.0000,0.0000,0.0000,0.8128,0.0005,0.4100,0.1093,0.0006,0.0006,0.0000,0.0000,0.0002
528,12.0910,0.0000,13.4027,5.0808,,true,0,0.008333,0.0000,0.0000,1.00,0.00,0.0000,22,1,335,362,0,0,100,5,16,16,0,0,35158,1541,0,0,922333184,0.000000,0.000000,0.000000,0.00,0,0,0,0,0,20,39,30,14,30,30,30,30,30,30,36,16,0,0.0002,0.0008,0.0327,0.0257,0.0024,0.0000,0.0026,5.0808,0.0083,0.0000,0.0000,0.0000,0.8389,0.0004,0.4036,0.1116,0.0010,0.0006,0.0000,0.0000,0.0004
529,12.1050,0.0000,14.5545,4.8171,,true,0,0.008333,0.0000,0.0000,1.00,0.00,0.0000,22,1,335,362,0,0,100,5,16,16,0,0,35158,1541,0,0,922333184,0.000000,0.000000,0.000000,0.00,0,0,0,0,0,20,39,30,14,30,30,30,30,30,30,36,16,0,0.0001,0.0007,0.0335,0.0274,0.0027,0.0000,0.0021,4.8171,0.0101,0.0000,0.0000,0.0000,0.8020,0.0003,0.3719,0.1234,0.0007,0.0003,0.0000,0.0000,0.0006
530,12.1194,0.0000,14.1785,5.0714,,true,0,0.008333,0.0000,0.0000,1.00,0.00,0.0000,22,1,335,362,0,0,100,5,16,16,0,0,35158,1541,0,0,922337280,0.000000,0.000000,0.000000,0.00,0,0,0,0,0,20,39,30,14,30,30,30,30,30,30,36,16,0,0.0003,0.0013,0.0391,0.0458,0.0087,0.0000,0.0040,5.0714,0.0132,0.0000,0.0000,0.0000,0.8197,0.0003,0.4040,0.1072,0.0007,0.0005,0.0000,0.0000,0.0003
531,12.1319,0.0000,13.1837,4.3623,,true,0,0.008333,0.0000,0.0000,1.00,0.00,0.0000,22,1,335,362,0,0,100,5,16,16,0,0,35158,1541,0,0,922329088,0.000000,0.000000,0.000000,0.00,0,0,0,0,0,20,39,30,14,30,30,30,30,30,30,36,16,0,0.0002,0.0010,0.0326,0.0254,0.0026,0.0000,0.0030,4.3623,0.0110,0.0000,0.0000,0.0000,0.7804,0.0003,0.3831,0.1135,0.0006,0.0003,0.0000,0.0000,0.0008
532,12.1455,0.0000,13.1100,4.6707,,true,0,0.008333,0.0000,0.0000,1.00,0.00,0.0000,22,1,335,362,0,0,100,5,16,16,0,0,35158,1541,0,0,922329088,0.000000,0.000000,0.000000,0.00,0,0,0,0,0,20,39,30,14,30,30,30,30,30,30,36,16,0,0.0003,0.0010,0.0349,0.0306,0.0028,0.0000,0.0030,4.6707,0.0094,0.0000,0.0000,0.0000,0.8224,0.0003,0.3648,0.1566,0.0009,0.0004,0.0000,0.0000,0.0002
533,12.1603,0.0000,15.0371,4.3729,,true,0,0.008333,0.0000,0.0000,1.00,0.00,0.0000,22,1,335,362,0,0,100,5,16,16,0,0,35158,1541,0,0,922329088,0.000000,0.000000,0.000000,0.00,0,0,0,0,0,20,39,30,14,30,30,30,30,30,30,36,16,0,0.0002,0.0010,0.0350,0.0271,0.0029,0.0000,0.0025,4.3729,0.0094,0.0000,0.0000,0.0000,0.7633,0.0004,0.3362,0.1597,0.0010,0.0008,0.0000,0.0000,0.0002
534,12.1735,0.0000,13.5701,4.1949,,true,0,0.008333,0.0000,0.0000,1.00,0.00,0.0000,22,1,335,362,0,0,100,5,16,16,0,0,35158,1541,0,0,922296320,0.000000,0.000000,0.000000,0.00,0,0,0,0,0,20,39,30,14,30,30,30,30,30,30,36,16,0,0.0002,0.0006,0.0334,0.0279,0.0022,0.0000,0.0022,4.1949,0.0281,0.0000,0.0000,0.0000,0.8450,0.0009,0.4087,0.1550,0.0017,0.0007,0.0000,0.0000,0.0003
535,12.1877,0.0000,13.9850,4.5287,,true,0,0.008333,0.0000,0.0000,1.00,0.00,0.0000,22,1,335,362,0,0,100,5,16,16,0,0,35158,1541,0,0,922222592,0.000000,0.000000,0.000000,0.00,0,0,0,0,0,20,39,30,14,30,30,30,30,30,30,36,16,0,0.0001,0.0022,0.0317,0.0470,0.0034,0.0000,0.0083,4.5287,0.0078,0.0000,0.0000,0.0000,0.8342,0.0005,0.4060,0.1205,0.0006,0.0003,0.0000,0.0000,0.0005
536,12.2004,0.0000,13.3577,3.9287,,true,0,0.008333,0.0000,0.0000,1.00,0.00,0.0000,22,1,335,362,0,0,100,5,16,16,0,0,35158,1541,0,0,922222592,0.000000,0.000000,0.000000,0.00,0,0,0,0,0,20,39,30,14,30,30,30,30,30,30,36,16,0,0.0003,0.0006,0.0318,0.0269,0.0021,0.0000,0.0027,3.9287,0.0073,0.0000,0.0000,0.0000,0.7941,0.0002,0.3684,0.1357,0.0007,0.0004,0.0000,0.0000,0.0004
537,12.2145,0.0000,12.8160,5.0045,,true,0,0.008333,0.0000,0.0000,1.00,0.00,0.0000,22,1,335,362,0,0,100,5,16,16,0,0,35158,1541,0,0,922222592,0.000000,0.000000,0.000000,0.00,0,0,0,0,0,20,39,30,14,30,30,30,30,30,30,36,16,0,0.0002,0.0007,0.0454,0.0294,0.0025,0.0000,0.0020,5.0045,0.0150,0.0000,0.0000,0.0000,0.9623,0.0008,0.4802,0.1533,0.0018,0.0012,0.0000,0.0000,0.0005
538,12.2281,0.0000,13.7228,4.7294,,true,0,0.008333,0.0000,0.0000,1.00,0.00,0.0000,22,1,335,362,0,0,100,5,16,16,0,0,35158,1541,0,0,922222592,0.000000,0.000000,0.000000,0.00,0,0,0,0,0,20,39,30,14,30,30,30,30,30,30,36,16,0,0.0003,0.0009,0.0319,0.0323,0.0033,0.0000,0.0033,4.7294,0.0127,0.0000,0.0000,0.0000,0.8657,0.0009,0.4019,0.1545,0.0021,0.0011,0.0000,0.0000,0.0002
539,12.2425,0.0000,14.5286,4.9384,,true,0,0.008333,0.0000,0.0000,1.00,0.00,0.0000,22,1,335,362,0,0,100,5,16,16,0,0,35158,1541,0,0,922226688,0.000000,0.000000,0.000000,0.00,0,0,0,0,0,20,39,30,14,30,30,30,30,30,30,36,16,0,0.0002,0.0015,0.0463,0.0276,0.0044,0.0000,0.0020,4.9384,0.0130,0.0000,0.0000,0.0000,0.8392,0.0002,0.4541,0.0982,0.0012,0.0005,0.0000,0.0000,0.0008
540,12.2557,0.0000,12.8408,5.0100,,true,0,0.008333,0.0000,0.0000,1.00,0.00,0.0000,22,1,335,362,0,0,100,5,16,16,0,0,35158,1541,0,0,922226688,0.000000,0.000000,0.000000,0.00,0,0,0,0,0,20,39,30,14,30,30,30,30,30,30,36,16,0,0.0003,0.0011,0.0394,0.0281,0.0022,0.0000,0.0038,5.0100,0.0087,0.0000,0.0000,0.0000,0.9564,0.0004,0.4823,0.1729,0.0017,0.0010,0.0000,0.0000,0.0003
541,12.2701,0.0000,14.7371,4.8337,,true,0,0.008333,0.0000,0.0000,1.00,0.00,0.0000,22,1,335,362,0,0,100,5,16,16,0,0,35158,1541,0,0,922226688,0.000000,0.000000,0.000000,0.00,0,0,0,0,0,20,39,30,14,30,30,30,30,30,30,36,16,0,0.0002,0.0026,0.0328,0.0445,0.0024,0.0000,0.0066,4.8337,0.0103,0.0000,0.0000,0.0000,0.8246,0.0003,0.3992,0.1117,0.0005,0.0003,0.0000,0.0000,0.0006
542,12.2824,0.0000,12.8852,4.1660,,true,0,0.008333,0.0000,0.0000,1.00,0.00,0.0000,22,1,335,362,0,0,100,5,16,16,0,0,35158,1541,0,0,922226688,0.000000,0.000000,0.000000,0.00,0,0,0,0,0,20,39,30,14,30,30,30,30,30,30,36,16,0,0.0001,0.0007,0.0468,0.0277,0.0026,0.0000,0.0022,4.1660,0.0196,0.0000,0.0000,0.0000,0.7121,0.0004,0.3530,0.1012,0.0006,0.0003,0.0000,0.0000,0.0003
543,12.2966,0.0000,14.4090,4.1137,,true,0,0.008333,0.0000,0.0000,1.00,0.00,0.0000,22,1,335,362,0,0,100,5,16,16,0,0,35158,1541,0,0,922226688,0.000000,0.000000,0.000000,0.00,0,0,0,0,0,20,39,30,14,30,30,30,30,30,30,36,16,0,0.0002,0.0009,0.0316,0.0296,0.0025,0.0000,0.0021,4.1137,0.0102,0.0000,0.0000,0.0000,0.8020,0.0007,0.3799,0.1472,0.0020,0.0006,0.0000,0.0000,0.0002
544,12.3102,0.0000,12.9726,4.5221,,true,0,0.008333,0.0000,0.0000,1.00,0.00,0.0000,22,1,335,362,0,0,100,5,16,16,0,0,35158,1541,0,0,922226688,0.000000,0.000000,0.000000,0.00,0,0,0,0,0,20,39,30,14,30,30,30,30,30,30,36,16,0,0.0002,0.0008,0.0369,0.0240,0.0027,0.0000,0.0024,4.5221,0.0126,0.0000,0.0000,0.0000,0.7466,0.0003,0.3838,0.1050,0.0007,0.0010,0.0000,0.0000,0.0002
545,12.3235,0.0000,13.7218,4.1553,,true,0,0.008333,0.0000,0.0000,1.00,0.00,0.0000,22,1,335,362,0,0,100,5,16,16,0,0,35158,1541,0,0,922226688,0.000000,0.000000,0.000000,0.00,0,0,0,0,0,20,39,30,14,30,30,30,30,30,30,36,16,0,0.0002,0.0010,0.0321,0.0285,0.0030,0.0000,0.0024,4.1553,0.0179,0.0000,0.0000,0.0000,0.8150,0.0008,0.3748,0.1542,0.0103,0.0018,0.0000,0.0000,0.0003
546,12.3462,0.0000,16.9888,9.4655,,true,0,0.008333,0.0000,0.0000,1.00,0.00,0.0000,22,1,335,362,0,0,100,5,16,16,0,0,35158,1541,0,0,922226688,0.000000,0.000000,0.000000,0.00,0,0,0,0,0,20,39,30,14,30,30,30,30,30,30,36,16,0,0.0003,0.0051,0.0566,0.0524,0.0051,0.0000,0.0099,9.4655,0.0335,0.0000,0.0000,0.0000,1.3946,0.0006,0.6886,0.2126,0.0024,0.0011,0.0000,0.0000,0.0004
547,12.3663,0.0000,17.7358,12.1074,,true,0,0.008333,0.0000,0.0000,1.00,0.00,0.0000,22,1,335,362,0,0,100,5,16,16,0,0,35158,1541,0,0,922226688,0.000000,0.000000,0.000000,0.00,0,0,0,0,0,20,39,30,14,30,30,30,30,30,30,36,16,0,0.0002,0.0066,0.0756,0.0438,0.0083,0.0000,0.0026,12.1074,0.0258,0.0000,0.0000,0.0000,1.1281,0.0004,0.5578,0.2316,0.0016,0.0012,0.0000,0.0000,0.0005
548,12.3868,0.0000,17.1030,15.0473,,true,0,0.008333,0.0000,0.0000,1.00,0.00,0.0000,22,1,335,362,0,0,100,5,16,16,0,0,35158,1541,0,0,922226688,0.000000,0.000000,0.000000,0.00,0,0,0,0,0,20,39,30,14,30,30,30,30,30,30,36,16,0,0.0006,0.0013,0.0795,0.0772,0.0048,0.0000,0.0046,15.0473,0.0231,0.0000,0.0000,0.0000,1.4969,0.0007,0.7362,0.2511,0.0028,0.0010,0.0000,0.0000,0.0039
549,12.4068,0.0000,20.2185,14.9184,,true,0,0.008333,0.0000,0.0000,1.00,0.00,0.0000,22,1,335,362,0,0,100,5,16,16,0,0,35158,1541,0,0,922230784,0.000000,0.000000,0.000000,0.00,0,0,0,0,0,20,39,30,14,30,30,30,30,30,30,36,16,0,0.0007,0.0050,0.1551,0.1606,0.0093,0.0000,0.0126,14.9184,0.0346,0.0000,0.0000,0.0000,1.4081,0.0026,0.6618,0.2239,0.0024,0.0031,0.0000,0.0000,0.0003
550,12.4186,0.0000,16.3952,10.2118,,true,0,0.008333,0.0000,0.0000,1.00,0.00,0.0000,22,1,335,362,0,0,100,5,16,16,0,0,35158,1541,0,0,922230784,0.000000,0.000000,0.000000,0.00,0,0,0,0,0,20,39,30,14,30,30,30,30,30,30,36,16,0,0.0003,0.0019,0.0662,0.0642,0.0074,0.0000,0.0058,10.2118,0.0207,0.0000,0.0000,0.0000,0.9663,0.0008,0.4338,0.1620,0.0021,0.0014,0.0000,0.0000,0.0012
551,12.4309,0.0000,16.6842,6.4004,,true,0,0.008333,0.0000,0.0000,1.00,0.00,0.0000,22,1,335,362,0,0,100,5,16,16,0,0,35158,1541,0,0,922230784,0.000000,0.000000,0.000000,0.00,0,0,0,0,0,20,39,30,14,30,30,30,30,30,30,36,16,0,0.0002,0.0019,0.0405,0.0401,0.0041,0.0000,0.0031,6.4004,0.0145,0.0000,0.0000,0.0000,0.8983,0.0005,0.4208,0.1462,0.0010,0.0009,0.0000,0.0000,0.0003
552,12.4431,0.0000,13.8811,4.9551,,true,0,0.008333,0.0000,0.0000,1.00,0.00,0.0000,22,1,335,362,0,0,100,5,16,16,0,0,35158,1541,0,0,922230784,0.000000,0.000000,0.000000,0.00,0,0,0,0,0,20,39,30,14,30,30,30,30,30,30,36,16,0,0.0006,0.0024,0.0359,0.0553,0.0079,0.0000,0.0080,4.9551,0.0105,0.0000,0.0000,0.0000,0.9819,0.0006,0.4973,0.1097,0.0011,0.0005,0.0000,0.0000,0.0004
553,12.4625,0.0000,14.8679,9.0237,,true,0,0.008333,0.0000,0.0000,1.00,0.00,0.0000,22,1,335,362,0,0,100,5,16,16,0,0,35158,1541,0,0,922230784,0.000000,0.000000,0.000000,0.00,0,0,0,0,0,20,39,30,14,30,30,30,30,30,30,36,16,0,0.0006,0.0013,0.0412,0.0417,0.0034,0.0000,0.0043,9.0237,0.0123,0.0000,0.0000,0.0000,1.4233,0.0008,0.7721,0.1683,0.0011,0.0014,0.0000,0.0000,0.0003
554,12.4797,0.0000,18.7130,7.3214,,true,0,0.008333,0.0000,0.0000,1.00,0.00,0.0000,22,1,335,362,0,0,100,5,16,16,0,0,35158,1541,0,0,922230784,0.000000,0.000000,0.000000,0.00,0,0,0,0,0,20,39,30,14,30,30,30,30,30,30,36,16,0,0.0002,0.0014,0.0458,0.0394,0.0029,0.0000,0.0033,7.3214,0.0126,0.0000,0.0000,0.0000,1.0389,0.0002,0.5387,0.1529,0.0009,0.0004,0.0000,0.0000,0.0005
555,12.4951,0.0000,17.8388,5.2614,,true,0,0.008333,0.0000,0.0000,1.00,0.00,0.0000,22,1,335,362,0,0,100,5,16,16,0,0,35158,1541,0,0,922230784,0.000000,0.000000,0.000000,0.00,0,0,0,0,0,20,39,30,14,30,30,30,30,30,30,36,16,0,0.0004,0.0011,0.0441,0.0342,0.0033,0.0000,0.0025,5.2614,0.0209,0.0000,0.0000,0.0000,0.8121,0.0006,0.3768,0.1372,0.0010,0.0005,0.0000,0.0000,0.0005
556,12.5073,0.0000,12.8179,4.7487,,true,0,0.008333,0.0000,0.0000,1.00,0.00,0.0000,22,1,335,362,0,0,100,5,16,16,0,0,35158,1541,0,0,922230784,0.000000,0.000000,0.000000,0.00,0,0,0,0,0,20,39,30,14,30,30,30,30,30,30,36,16,0,0.0002,0.0020,0.0387,0.0461,0.0022,0.0000,0.0061,4.7487,0.0147,0.0000,0.0000,0.0000,0.7939,0.0004,0.3725,0.1136,0.0009,0.0005,0.0000,0.0000,0.0006
557,12.5252,0.0000,14.3209,8.1701,,true,0,0.008333,0.0000,0.0000,1.00,0.00,0.0000,22,1,335,362,0,0,100,5,16,16,0,0,35158,1541,0,0,922230784,0.000000,0.000000,0.000000,0.00,0,0,0,0,0,20,39,30,14,30,30,30,30,30,30,36,16,0,0.0002,0.0009,0.0363,0.0549,0.0030,0.0000,0.0023,8.1701,0.0146,0.0000,0.0000,0.0000,0.9731,0.0004,0.4348,0.1592,0.0008,0.0005,0.0000,0.0000,0.0003
558,12.5358,0.0000,14.4188,4.5119,,true,0,0.008333,0.0000,0.0000,1.00,0.00,0.0000,22,1,335,362,0,0,100,5,16,16,0,0,35158,1541,0,0,922234880,0.000000,0.000000,0.000000,0.00,0,0,0,0,0,20,39,30,14,30,30,30,30,30,30,36,16,0,0.0002,0.0009,0.0368,0.0303,0.0044,0.0000,0.0027,4.5119,0.0113,0.0000,0.0000,0.0000,0.8254,0.0002,0.4018,0.1259,0.0008,0.0003,0.0000,0.0000,0.0004
559,12.5625,0.0000,15.5350,14.6488,,true,0,0.008333,0.0000,0.0000,1.00,0.00,0.0000,22,1,335,362,0,0,100,5,16,16,0,0,35158,1541,0,0,922234880,0.000000,0.000000,0.000000,0.00,0,0,0,0,0,20,39,30,14,30,30,30,30,30,30,36,16,0,0.0018,0.0037,0.0628,0.0907,0.0062,0.0000,0.0097,14.6488,0.0300,0.0000,0.0000,0.0000,1.3884,0.0010,0.6050,0.2496,0.0012,0.0024,0.0000,0.0000,0.0004
560,12.5896,0.0000,23.9105,17.3358,,true,0,0.008333,0.0000,0.0000,1.00,0.00,0.0000,22,1,335,362,0,0,100,5,16,16,0,0,35158,1541,0,0,922234880,0.000000,0.000000,0.000000,0.00,0,0,0,0,0,20,39,30,14,30,30,30,30,30,30,36,16,0,0.0014,0.0021,0.0854,0.0998,0.0135,0.0000,0.0236,17.3358,0.0309,0.0000,0.0000,0.0000,1.8292,0.0015,0.8259,0.2943,0.0030,0.0022,0.0000,0.0000,0.0015
561,12.6062,0.0000,20.8035,13.1245,,true,0,0.008333,0.0000,0.0000,1.00,0.00,0.0000,22,1,335,362,0,0,100,5,16,16,0,0,35158,1541,0,0,922234880,0.000000,0.000000,0.000000,0.00,0,0,0,0,0,20,39,30,14,30,30,30,30,30,30,36,16,0,0.0003,0.0018,0.1071,0.0614,0.0088,0.0000,0.0210,13.1245,0.0364,0.0000,0.0000,0.0000,1.3089,0.0003,0.5940,0.2143,0.0021,0.0008,0.0000,0.0000,0.0003
562,12.6214,0.0000,14.7325,11.7585,,true,0,0.008333,0.0000,0.0000,1.00,0.00,0.0000,22,1,335,362,0,0,100,5,16,16,0,0,35158,1541,0,0,922234880,0.000000,0.000000,0.000000,0.00,0,0,0,0,0,20,39,30,14,30,30,30,30,30,30,36,16,0,0.0031,0.0026,0.0615,0.1262,0.0106,0.0000,0.0310,11.7585,0.0173,0.0000,0.0000,0.0000,1.3164,0.0003,0.6851,0.1461,0.0014,0.0005,0.0000,0.0000,0.0003
563,12.6325,0.0000,15.0853,8.6072,,true,0,0.008333,0.0000,0.0000,1.00,0.00,0.0000,22,1,335,362,0,0,100,5,16,16,0,0,35158,1541,0,0,922234880,0.000000,0.000000,0.000000,0.00,0,0,0,0,0,20,39,30,14,30,30,30,30,30,30,36,16,0,0.0004,0.0036,0.1092,0.0898,0.0335,0.0000,0.0095,8.6072,0.0312,0.0000,0.0000,0.0000,1.5315,0.0013,0.5650,0.3982,0.0033,0.0032,0.0000,0.0000,0.0004
564,12.6398,0.0000,13.0154,5.2516,,true,0,0.008333,0.0000,0.0000,1.00,0.00,0.0000,22,1,335,362,0,0,100,5,16,16,0,0,35158,1541,0,0,922234880,0.000000,0.000000,0.000000,0.00,0,0,0,0,0,20,39,30,14,30,30,30,30,30,30,36,16,0,0.0002,0.0011,0.0367,0.0357,0.0032,0.0000,0.0022,5.2516,0.0135,0.0000,0.0000,0.0000,1.0721,0.0004,0.5057,0.1247,0.0006,0.0004,0.0000,0.0000,0.0002
565,12.6592,0.0000,14.9109,10.0088,,true,0,0.008333,0.0000,0.0000,1.00,0.00,0.0000,22,1,335,362,0,0,100,5,16,16,0,0,35158,1541,0,0,922234880,0.000000,0.000000,0.000000,0.00,0,0,0,0,0,20,39,30,14,30,30,30,30,30,30,36,16,0,0.0002,0.0007,0.0397,0.0317,0.0037,0.0000,0.0021,10.0088,0.0168,0.0000,0.0000,0.0000,5.6468,0.0006,0.4223,0.1490,0.6725,0.0008,0.0000,0.0000,4.1059
566,12.6679,0.0000,13.4949,4.8701,,true,0,0.008333,0.0000,0.0000,1.00,0.00,0.0000,22,1,335,362,0,0,100,5,16,16,0,0,35158,1541,0,0,922234880,0.000000,0.000000,0.000000,0.00,0,0,0,0,0,20,39,30,14,30,30,30,30,30,30,36,16,0,0.0002,0.0007,0.0381,0.0284,0.0023,0.0000,0.0022,4.8701,0.0238,0.0000,0.0000,0.0000,0.8639,0.0003,0.4056,0.1659,0.0006,0.0003,0.0000,0.0000,0.0002
567,12.6813,0.0000,14.3588,4.2746,,true,0,0.008333,0.0000,0.0000,1.00,0.00,0.0000,22,1,335,362,0,0,100,5,16,16,0,0,35158,1541,0,0,922238976,0.000000,0.000000,0.000000,0.00,0,0,0,0,0,20,39,30,14,30,30,30,30,30,30,36,16,0,0.0001,0.0006,0.0421,0.0335,0.0029,0.0000,0.0021,4.2746,0.0183,0.0000,0.0000,0.0000,0.7685,0.0003,0.3681,0.1384,0.0005,0.0003,0.0000,0.0000,0.0003
568,12.6954,0.0000,13.6205,4.3840,,true,0,0.008333,0.0000,0.0000,1.00,0.00,0.0000,22,1,335,362,0,0,100,5,16,16,0,0,35158,1541,0,0,922238976,0.000000,0.000000,0.000000,0.00,0,0,0,0,0,20,39,30,14,30,30,30,30,30,30,36,16,0,0.0003,0.0008,0.0452,0.0349,0.0026,0.0000,0.0027,4.3840,0.0285,0.0000,0.0000,0.0000,0.8104,0.0006,0.3677,0.1671,0.0006,0.0004,0.0000,0.0000,0.0003
569,12.7103,0.0000,14.9840,4.4780,,true,0,0.008333,0.0000,0.0000,1.00,0.00,0.0000,22,1,335,362,0,0,100,5,16,16,0,0,35158,1541,0,0,922238976,0.000000,0.000000,0.000000,0.00,0,0,0,0,0,20,39,30,14,30,30,30,30,30,30,36,16,0,0.0002,0.0007,0.0411,0.0296,0.0030,0.0000,0.0021,4.4780,0.0091,0.0000,0.0000,0.0000,0.8519,0.0008,0.4236,0.1271,0.0020,0.0015,0.0000,0.0000,0.0003
570,12.7240,0.0000,13.7754,4.5630,,true,0,0.008333,0.0000,0.0000,1.00,0.00,0.0000,22,1,335,362,0,0,100,5,16,16,0,0,35158,1541,0,0,922238976,0.000000,0.000000,0.000000,0.00,0,0,0,0,0,20,39,30,14,30,30,30,30,30,30,36,16,0,0.0002,0.0008,0.0305,0.0297,0.0027,0.0000,0.0029,4.5630,0.0094,0.0000,0.0000,0.0000,0.8853,0.0009,0.4156,0.1783,0.0022,0.0005,0.0000,0.0000,0.0004
571,12.7399,0.0000,13.9304,6.3077,,true,0,0.008333,0.0000,0.0000,1.00,0.00,0.0000,22,1,335,362,0,0,100,5,16,16,0,0,35158,1541,0,0,922238976,0.000000,0.000000,0.000000,0.00,0,0,0,0,0,20,39,30,14,30,30,30,30,30,30,36,16,0,0.0003,0.0011,0.0304,0.0312,0.0031,0.0000,0.0024,6.3077,0.0085,0.0000,0.0000,0.0000,0.8683,0.0003,0.3928,0.1170,0.0006,0.0003,0.0000,0.0000,0.0002
572,12.7540,0.0000,14.5690,5.5615,,true,0,0.008333,0.0000,0.0000,1.00,0.00,0.0000,22,1,335,362,0,0,100,5,16,16,0,0,35158,1541,0,0,922238976,0.000000,0.000000,0.000000,0.00,0,0,0,0,0,20,39,30,14,30,30,30,30,30,30,36,16,0,0.0002,0.0008,0.0306,0.0287,0.0029,0.0000,0.0029,5.5615,0.0094,0.0000,0.0000,0.0000,0.7758,0.0002,0.3932,0.1160,0.0007,0.0004,0.0000,0.0000,0.0002
573,12.7684,0.0000,15.8196,4.6364,,true,0,0.008333,0.0000,0.0000,1.00,0.00,0.0000,22,1,335,362,0,0,100,5,16,16,0,0,35158,1541,0,0,922238976,0.000000,0.000000,0.000000,0.00,0,0,0,0,0,20,39,30,14,30,30,30,30,30,30,36,16,0,0.0002,0.0027,0.0316,0.0603,0.0070,0.0000,0.0057,4.6364,0.0120,0.0000,0.0000,0.0000,0.7428,0.0004,0.3520,0.1074,0.0007,0.0006,0.0000,0.0000,0.0002
574,12.8042,0.0000,12.3973,27.9716,,true,0,0.008333,0.0000,0.0000,1.00,0.00,0.0000,22,1,335,362,0,0,100,5,16,16,0,0,35158,1541,0,0,922238976,0.000000,0.000000,0.000000,0.00,0,0,0,0,0,20,39,30,14,30,30,30,30,30,30,36,16,0,0.0002,0.0007,0.0982,0.0257,0.0026,0.0000,0.0021,27.9716,0.0672,0.0000,0.0000,0.0000,1.0759,0.0003,0.3700,0.4297,0.0021,0.0003,0.0000,0.0000,0.0004
575,12.8634,0.0000,50.3779,31.1429,,true,0,0.008333,0.0000,0.0000,1.00,0.00,0.0000,22,1,335,362,0,0,100,5,16,16,0,0,35158,1541,0,0,922238976,0.000000,0.000000,0.000000,0.00,0,0,0,0,0,20,39,30,14,30,30,30,30,30,30,36,16,0,0.0013,0.0052,0.1535,0.1489,0.0148,0.0000,0.0206,31.1429,0.0512,0.0000,0.0000,0.0000,1.8413,0.0011,0.8468,0.3092,0.0045,0.0019,0.0000,0.0000,0.0007
576,12.8891,0.0000,45.7407,12.2380,,true,0,0.008333,0.0000,0.0000,1.00,0.00,0.0000,22,1,335,362,0,0,100,5,16,16,0,0,35158,1541,0,0,922238976,0.000000,0.000000,0.000000,0.00,0,0,0,0,0,20,39,30,14,30,30,30,30,30,30,36,16,0,0.0021,0.0049,0.0478,0.0705,0.0080,0.0000,0.0171,12.2380,0.0702,0.0000,0.0000,0.0000,1.1589,0.0006,0.5441,0.1796,0.0016,0.0010,0.0000,0.0000,0.0003
577,12.8954,0.0000,17.3897,5.2630,,true,0,0.008333,0.0000,0.0000,1.00,0.00,0.0000,22,1,335,362,0,0,100,5,16,16,0,0,35158,1541,0,0,922243072,0.000000,0.000000,0.000000,0.00,0,0,0,0,0,20,39,30,14,30,30,30,30,30,30,36,16,0,0.0002,0.0020,0.0409,0.0459,0.0045,0.0000,0.0078,5.2630,0.0195,0.0000,0.0000,0.0000,0.9962,0.0002,0.4440,0.1606,0.0007,0.0007,0.0000,0.0000,0.0004
578,12.9009,0.0000,6.0718,4.6262,,true,0,0.008333,0.0000,0.0000,1.00,0.00,0.0000,22,1,335,362,0,0,100,5,16,16,0,0,35158,1541,0,0,922243072,0.000000,0.000000,0.000000,0.00,0,0,0,0,0,20,39,30,14,30,30,30,30,30,30,36,16,0,0.0001,0.0009,0.0244,0.0252,0.0025,0.0000,0.0035,4.6262,0.0050,0.0000,0.0000,0.0000,0.7537,0.0004,0.3797,0.1086,0.0006,0.0004,0.0000,0.0000,0.0003
579,12.9069,0.0000,5.2997,5.1011,,true,0,0.008333,0.0000,0.0000,1.00,0.00,0.0000,22,1,335,362,0,0,100,5,16,16,0,0,35158,1541,0,0,922243072,0.000000,0.000000,0.000000,0.00,0,0,0,0,0,20,39,30,14,30,30,30,30,30,30,36,16,0,0.0002,0.0005,0.0273,0.0381,0.0074,0.0000,0.0027,5.1011,0.0054,0.0000,0.0000,0.0000,0.8208,0.0001,0.3635,0.1350,0.0008,0.0010,0.0000,0.0000,0.0004
580,12.9124,0.0000,7.4383,3.9907,,true,0,0.008333,0.0000,0.0000,1.00,0.00,0.0000,22,1,335,362,0,0,100,5,16,16,0,0,35158,1541,0,0,922243072,0.000000,0.000000,0.000000,0.00,0,0,0,0,0,20,39,30,14,30,30,30,30,30,30,36,16,0,0.0002,0.0006,0.0354,0.0236,0.0024,0.0000,0.0031,3.9907,0.0103,0.0000,0.0000,0.0000,0.7740,0.0002,0.3848,0.1173,0.0010,0.0009,0.0000,0.0000,0.0004
581,12.9255,0.0000,12.3159,4.4633,,true,0,0.008333,0.0000,0.0000,1.00,0.00,0.0000,22,1,335,362,0,0,100,5,16,16,0,0,35158,1541,0,0,922243072,0.000000,0.000000,0.000000,0.00,0,0,0,0,0,20,39,30,14,30,30,30,30,30,30,36,16,0,0.0003,0.0011,0.0524,0.0256,0.0023,0.0000,0.0040,4.4633,0.0224,0.0000,0.0000,0.0000,0.8296,0.0003,0.3839,0.1566,0.0012,0.0003,0.0000,0.0000,0.0003
582,12.9390,0.0000,13.8609,4.3501,,true,0,0.008333,0.0000,0.0000,1.00,0.00,0.0000,22,1,335,362,0,0,100,5,16,16,0,0,35158,1541,0,0,922243072,0.000000,0.000000,0.000000,0.00,0,0,0,0,0,20,39,30,14,30,30,30,30,30,30,36,16,0,0.0002,0.0009,0.0443,0.0279,0.0020,0.0000,0.0036,4.3501,0.0110,0.0000,0.0000,0.0000,0.8222,0.0006,0.4033,0.1486,0.0015,0.0005,0.0000,0.0000,0.0003
583,12.9532,0.0000,14.0502,4.4564,,true,0,0.008333,0.0000,0.0000,1.00,0.00,0.0000,22,1,335,362,0,0,100,5,16,16,0,0,35158,1541,0,0,922243072,0.000000,0.000000,0.000000,0.00,0,0,0,0,0,20,39,30,14,30,30,30,30,30,30,36,16,0,0.0002,0.0015,0.0341,0.0290,0.0022,0.0000,0.0021,4.4564,0.0100,0.0000,0.0000,0.0000,0.8244,0.0004,0.4259,0.1256,0.0015,0.0006,0.0000,0.0000,0.0002
584,12.9664,0.0000,13.4958,4.2264,,true,0,0.008333,0.0000,0.0000,1.00,0.00,0.0000,22,1,335,362,0,0,100,5,16,16,0,0,35158,1541,0,0,922243072,0.000000,0.000000,0.000000,0.00,0,0,0,0,0,20,39,30,14,30,30,30,30,30,30,36,16,0,0.0002,0.0007,0.0361,0.0350,0.0020,0.0000,0.0024,4.2264,0.0084,0.0000,0.0000,0.0000,0.7975,0.0001,0.4022,0.1201,0.0012,0.0007,0.0000,0.0000,0.0003
585,12.9791,0.0000,12.1905,4.3878,,true,0,0.008333,0.0000,0.0000,1.00,0.00,0.0000,22,1,335,362,0,0,100,5,16,16,0,0,35158,1541,0,0,922243072,0.000000,0.000000,0.000000,0.00,0,0,0,0,0,20,39,30,14,30,30,30,30,30,30,36,16,0,0.0001,0.0004,0.0405,0.0253,0.0019,0.0000,0.0019,4.3878,0.0092,0.0000,0.0000,0.0000,0.7106,0.0002,0.3528,0.0995,0.0003,0.0003,0.0000,0.0000,0.0002
586,12.9919,0.0000,13.2534,3.9958,,true,0,0.008333,0.0000,0.0000,1.00,0.00,0.0000,22,1,335,362,0,0,100,5,16,16,0,0,35158,1541,0,0,922247168,0.000000,0.000000,0.000000,0.00,0,0,0,0,0,20,39,30,14,30,30,30,30,30,30,36,16,0,0.0002,0.0007,0.0316,0.0229,0.0022,0.0000,0.0026,3.9958,0.0082,0.0000,0.0000,0.0000,0.7005,0.0002,0.3414,0.1020,0.0005,0.0003,0.0000,0.0000,0.0003
587,13.0063,0.0000,13.2016,5.1450,,true,0,0.008333,0.0000,0.0000,1.00,0.00,0.0000,22,1,335,362,0,0,100,5,16,16,0,0,35158,1541,0,0,922247168,0.000000,0.000000,0.000000,0.00,0,0,0,0,0,20,39,30,14,30,30,30,30,30,30,36,16,0,0.0001,0.0008,0.0376,0.0229,0.0017,0.0000,0.0016,5.1450,0.0176,0.0000,0.0000,0.0000,0.7453,0.0002,0.3510,0.1140,0.0029,0.0003,0.0000,0.0000,0.0003
588,13.0212,0.0000,15.8485,4.4620,,true,0,0.008333,0.0000,0.0000,1.00,0.00,0.0000,22,1,335,362,0,0,100,5,16,16,0,0,35158,1541,0,0,922247168,0.000000,0.000000,0.000000,0.00,0,0,0,0,0,20,39,30,14,30,30,30,30,30,30,36,16,0,0.0003,0.0010,0.0306,0.0292,0.0030,0.0000,0.0027,4.4620,0.0105,0.0000,0.0000,0.0000,0.7741,0.0003,0.3964,0.1062,0.0006,0.0003,0.0000,0.0000,0.0004
589,13.0345,0.0000,12.7539,4.7275,,true,0,0.008333,0.0000,0.0000,1.00,0.00,0.0000,22,1,335,362,0,0,100,5,16,16,0,0,35158,1541,0,0,922247168,0.000000,0.000000,0.000000,0.00,0,0,0,0,0,20,39,30,14,30,30,30,30,30,30,36,16,0,0.0002,0.0011,0.0533,0.0283,0.0032,0.0000,0.0026,4.7275,0.0191,0.0000,0.0000,0.0000,0.8361,0.0002,0.3829,0.1548,0.0006,0.0006,0.0000,0.0000,0.0003
590,13.0497,0.0000,14.9309,5.0522,,true,0,0.008333,0.0000,0.0000,1.00,0.00,0.0000,22,1,335,362,0,0,100,5,16,16,0,0,35158,1541,0,0,922247168,0.000000,0.000000,0.000000,0.00,0,0,0,0,0,20,39,30,14,30,30,30,30,30,30,36,16,0,0.0002,0.0009,0.0408,0.0278,0.0038,0.0000,0.0036,5.0522,0.0124,0.0000,0.0000,0.0000,0.8782,0.0004,0.4493,0.1253,0.0006,0.0007,0.0000,0.0000,0.0003
591,13.0642,0.0000,14.6087,5.1683,,true,0,0.008333,0.0000,0.0000,1.00,0.00,0.0000,22,1,335,362,0,0,100,5,16,16,0,0,35158,1541,0,0,922247168,0.000000,0.000000,0.000000,0.00,0,0,0,0,0,20,39,30,14,30,30,30,30,30,30,36,16,0,0.0002,0.0022,0.0322,0.0475,0.0056,0.0000,0.0066,5.1683,0.0098,0.0000,0.0000,0.0000,0.7192,0.0003,0.3321,0.1059,0.0009,0.0004,0.0000,0.0000,0.0002
592,13.0775,0.0000,13.0929,5.2428,,true,0,0.008333,0.0000,0.0000,1.00,0.00,0.0000,22,1,335,362,0,0,100,5,16,16,0,0,35158,1541,0,0,922247168,0.000000,0.000000,0.000000,0.00,0,0,0,0,0,20,39,30,14,30,30,30,30,30,30,36,16,0,0.0005,0.0012,0.0477,0.0257,0.0025,0.0000,0.0038,5.2428,0.0133,0.0000,0.0000,0.0000,1.1483,0.0005,0.5861,0.1429,0.0008,0.0003,0.0000,0.0000,0.0005
593,13.0898,0.0000,13.2852,4.2240,,true,0,0.008333,0.0000,0.0000,1.00,0.00,0.0000,22,1,335,362,0,0,100,5,16,16,0,0,35158,1541,0,0,922247168,0.000000,0.000000,0.000000,0.00,0,0,0,0,0,20,39,30,14,30,30,30,30,30,30,36,16,0,0.0002,0.0007,0.0300,0.0283,0.0024,0.0000,0.0043,4.2240,0.0086,0.0000,0.0000,0.0000,0.7072,0.0003,0.3657,0.0971,0.0007,0.0009,0.0000,0.0000,0.0018
594,13.1042,0.0000,13.5338,5.3251,,true,0,0.008333,0.0000,0.0000,1.00,0.00,0.0000,22,1,335,362,0,0,100,5,16,16,0,0,35158,1541,0,0,922247168,0.000000,0.000000,0.000000,0.00,0,0,0,0,0,20,39,30,14,30,30,30,30,30,30,36,16,0,0.0002,0.0010,0.0366,0.0332,0.0028,0.0000,0.0032,5.3251,0.0112,0.0000,0.0000,0.0000,0.9123,0.0002,0.4603,0.1319,0.0006,0.0005,0.0000,0.0000,0.0004
595,13.1178,0.0000,13.6968,5.1674,,true,0,0.008333,0.0000,0.0000,1.00,0.00,0.0000,22,1,335,362,0,0,100,5,16,16,0,0,35158,1541,0,0,922251264,0.000000,0.000000,0.000000,0.00,0,0,0,0,0,20,39,30,14,30,30,30,30,30,30,36,16,0,0.0002,0.0009,0.0375,0.0339,0.0030,0.0000,0.0025,5.1674,0.0096,0.0000,0.0000,0.0000,0.9066,0.0003,0.4237,0.1268,0.0008,0.0003,0.0000,0.0000,0.0011
596,13.1309,0.0000,13.1301,5.0438,,true,0,0.008333,0.0000,0.0000,1.00,0.00,0.0000,22,1,335,362,0,0,100,5,16,16,0,0,35158,1541,0,0,922251264,0.000000,0.000000,0.000000,0.00,0,0,0,0,0,20,39,30,14,30,30,30,30,30,30,36,16,0,0.0001,0.0009,0.0337,0.0266,0.0026,0.0000,0.0025,5.0438,0.0087,0.0000,0.0000,0.0000,0.9335,0.0002,0.4513,0.1523,0.0005,0.0002,0.0000,0.0000,0.0013
597,13.1448,0.0000,13.4737,5.4654,,true,0,0.008333,0.0000,0.0000,1.00,0.00,0.0000,22,1,335,362,0,0,100,5,16,16,0,0,35158,1541,0,0,922251264,0.000000,0.000000,0.000000,0.00,0,0,0,0,0,20,39,30,14,30,30,30,30,30,30,36,16,0,0.0001,0.0007,0.0398,0.0283,0.0022,0.0000,0.0028,5.4654,0.0120,0.0000,0.0000,0.0000,0.9495,0.0004,0.4659,0.1341,0.0007,0.0009,0.0000,0.0000,0.0004
598,13.1588,0.0000,14.3842,5.1957,,true,0,0.008333,0.0000,0.0000,1.00,0.00,0.0000,22,1,335,362,0,0,100,5,16,16,0,0,35158,1541,0,0,922251264,0.000000,0.000000,0.000000,0.00,0,0,0,0,0,20,39,30,14,30,30,30,30,30,30,36,16,0,0.0002,0.0018,0.0380,0.0557,0.0094,0.0000,0.0084,5.1957,0.0127,0.0000,0.0000,0.0000,0.9784,0.0003,0.4947,0.1320,0.0007,0.0003,0.0000,0.0000,0.0002
599,13.1719,0.0000,13.3344,4.9580,,true,0,0.008333,0.0000,0.0000,1.00,0.00,0.0000,22,1,335,362,0,0,100,5,16,16,0,0,35158,1541,0,0,922251264,0.000000,0.000000,0.000000,0.00,0,0,0,0,0,20,39,30,14,30,30,30,30,30,30,36,16,0,0.0002,0.0007,0.0454,0.0296,0.0024,0.0000,0.0026,4.9580,0.0117,0.0000,0.0000,0.0000,1.0106,0.0003,0.5029,0.1423,0.0007,0.0003,0.0000,0.0000,0.0005
600,13.1847,0.0000,13.0118,4.7008,,true,0,0.008333,0.0000,0.0000,1.00,0.00,0.0000,22,1,335,362,0,0,100,5,16,16,0,0,35158,1541,0,0,922251264,0.000000,0.000000,0.000000,0.00,0,0,0,0,0,20,39,30,14,30,30,30,30,30,30,36,16,0,0.0002,0.0007,0.0375,0.0328,0.0030,0.0000,0.0023,4.7008,0.0090,0.0000,0.0000,0.0000,0.8927,0.0002,0.4624,0.1222,0.0005,0.0005,0.0000,0.0000,0.0002
601,13.1983,0.0000,13.2668,5.0782,,true,0,0.008333,0.0000,0.0000,1.00,0.00,0.0000,22,1,335,362,0,0,100,5,16,16,0,0,35158,1541,0,0,922251264,0.000000,0.000000,0.000000,0.00,0,0,0,0,0,20,39,30,14,30,30,30,30,30,30,36,16,0,0.0002,0.0007,0.0384,0.0294,0.0028,0.0000,0.0024,5.0782,0.0077,0.0000,0.0000,0.0000,0.9758,0.0002,0.4884,0.1336,0.0007,0.0027,0.0000,0.0000,0.0003
602,13.2113,0.0000,13.0592,4.8626,,true,0,0.008333,0.0000,0.0000,1.00,0.00,0.0000,22,1,335,362,0,0,100,5,16,16,0,0,35158,1541,0,0,922251264,0.000000,0.000000,0.000000,0.00,0,0,0,0,0,20,39,30,14,30,30,30,30,30,30,36,16,0,0.0003,0.0008,0.0318,0.0289,0.0029,0.0000,0.0030,4.8626,0.0140,0.0000,0.0000,0.0000,0.7278,0.0009,0.3259,0.1343,0.0020,0.0005,0.0000,0.0000,0.0003
603,13.2253,0.0000,14.1019,4.9111,,true,0,0.008333,0.0000,0.0000,1.00,0.00,0.0000,22,1,335,362,0,0,100,5,16,16,0,0,35158,1541,0,0,922251264,0.000000,0.000000,0.000000,0.00,0,0,0,0,0,20,39,30,14,30,30,30,30,30,30,36,16,0,0.0002,0.0020,0.0292,0.0474,0.0055,0.0000,0.0042,4.9111,0.0087,0.0000,0.0000,0.0000,0.6633,0.0002,0.3199,0.1002,0.0006,0.0005,0.0000,0.0000,0.0003
604,13.2378,0.0000,12.8547,4.6205,,true,0,0.008333,0.0000,0.0000,1.00,0.00,0.0000,22,1,335,362,0,0,100,5,16,16,0,0,35158,1541,0,0,922255360,0.000000,0.000000,0.000000,0.00,0,0,0,0,0,20,39,30,14,30,30,30,30,30,30,36,16,0,0.0001,0.0007,0.0291,0.0290,0.0023,0.0000,0.0025,4.6205,0.0079,0.0000,0.0000,0.0000,0.9036,0.0003,0.4654,0.0936,0.0011,0.0005,0.0000,0.0000,0.0001
605,13.2516,0.0000,13.1830,5.0129,,true,0,0.008333,0.0000,0.0000,1.00,0.00,0.0000,22,1,335,362,0,0,100,5,16,16,0,0,35158,1541,0,0,922255360,0.000000,0.000000,0.000000,0.00,0,0,0,0,0,20,39,30,14,30,30,30,30,30,30,36,16,0,0.0002,0.0009,0.0430,0.0272,0.0028,0.0000,0.0041,5.0129,0.0102,0.0000,0.0000,0.0000,0.9184,0.0006,0.4565,0.1513,0.0013,0.0010,0.0000,0.0000,0.0003
606,13.2673,0.0000,14.9013,5.8581,,true,0,0.008333,0.0000,0.0000,1.00,0.00,0.0000,22,1,335,362,0,0,100,5,16,16,0,0,35158,1541,0,0,922255360,0.000000,0.000000,0.000000,0.00,0,0,0,0,0,20,39,30,14,30,30,30,30,30,30,36,16,0,0.0003,0.0010,0.0502,0.0385,0.0041,0.0000,0.0031,5.8581,0.0127,0.0000,0.0000,0.0000,1.1961,0.0003,0.6019,0.1570,0.0007,0.0004,0.0000,0.0000,0.0004
607,13.2799,0.0000,12.9790,5.6139,,true,0,0.008333,0.0000,0.0000,1.00,0.00,0.0000,22,1,335,362,0,0,100,5,16,16,0,0,35158,1541,0,0,922255360,0.000000,0.000000,0.000000,0.00,0,0,0,0,0,20,39,30,14,30,30,30,30,30,30,36,16,0,0.0002,0.0010,0.0365,0.0323,0.0030,0.0000,0.0040,5.6139,0.0103,0.0000,0.0000,0.0000,0.8990,0.0003,0.4487,0.1228,0.0007,0.0003,0.0000,0.0000,0.0006
608,13.2929,0.0000,13.7642,4.7532,,true,0,0.008333,0.0000,0.0000,1.00,0.00,0.0000,22,1,335,362,0,0,100,5,16,16,0,0,35158,1541,0,0,922255360,0.000000,0.000000,0.000000,0.00,0,0,0,0,0,20,39,30,14,30,30,30,30,30,30,36,16,0,0.0001,0.0009,0.0442,0.0288,0.0022,0.0000,0.0027,4.7532,0.0112,0.0000,0.0000,0.0000,0.9098,0.0003,0.4434,0.1366,0.0006,0.0003,0.0000,0.0000,0.0009
609,13.3065,0.0000,13.4857,4.9342,,true,0,0.008333,0.0000,0.0000,1.00,0.00,0.0000,22,1,335,362,0,0,100,5,16,16,0,0,35158,1541,0,0,922255360,0.000000,0.000000,0.000000,0.00,0,0,0,0,0,20,39,30,14,30,30,30,30,30,30,36,16,0,0.0002,0.0007,0.0342,0.0289,0.0022,0.0000,0.0033,4.9342,0.0104,0.0000,0.0000,0.0000,0.9095,0.0002,0.4699,0.1146,0.0006,0.0004,0.0000,0.0000,0.0008
610,13.3193,0.0000,12.8963,4.7849,,true,0,0.008333,0.0000,0.0000,1.00,0.00,0.0000,22,1,335,362,0,0,100,5,16,16,0,0,35158,1541,0,0,922255360,0.000000,0.000000,0.000000,0.00,0,0,0,0,0,20,39,30,14,30,30,30,30,30,30,36,16,0,0.0002,0.0009,0.0370,0.0314,0.0028,0.0000,0.0038,4.7849,0.0091,0.0000,0.0000,0.0000,0.9157,0.0003,0.4447,0.1419,0.0019,0.0005,0.0000,0.0000,0.0003
611,13.3328,0.0000,12.9552,5.1265,,true,0,0.008333,0.0000,0.0000,1.00,0.00,0.0000,22,1,335,362,0,0,100,5,16,16,0,0,35158,1541,0,0,922255360,0.000000,0.000000,0.000000,0.00,0,0,0,0,0,20,39,30,14,30,30,30,30,30,30,36,16,0,0.0002,0.0007,0.0475,0.0302,0.0027,0.0000,0.0018,5.1265,0.0105,0.0000,0.0000,0.0000,0.8715,0.0003,0.4426,0.1280,0.0006,0.0006,0.0000,0.0000,0.0003
612,13.3478,0.0000,14.6833,5.6398,,true,0,0.008333,0.0000,0.0000,1.00,0.00,0.0000,22,1,335,362,0,0,100,5,16,16,0,0,35158,1541,0,0,922255360,0.000000,0.000000,0.000000,0.00,0,0,0,0,0,20,39,30,14,30,30,30,30,30,30,36,16,0,0.0003,0.0013,0.0486,0.0307,0.0036,0.0000,0.0031,5.6398,0.0179,0.0000,0.0000,0.0000,1.2707,0.0004,0.6536,0.1581,0.0009,0.0005,0.0000,0.0000,0.0005
613,13.3607,0.0000,13.3720,5.1462,,true,0,0.008333,0.0000,0.0000,1.00,0.00,0.0000,22,1,335,362,0,0,100,5,16,16,0,0,35158,1541,0,0,922255360,0.000000,0.000000,0.000000,0.00,0,0,0,0,0,20,39,30,14,30,30,30,30,30,30,36,16,0,0.0003,0.0008,0.0361,0.0289,0.0028,0.0000,0.0024,5.1462,0.0123,0.0000,0.0000,0.0000,0.8718,0.0003,0.4528,0.1217,0.0006,0.0003,0.0000,0.0000,0.0003
614,13.3772,0.0000,14.7613,6.9156,,true,0,0.008333,0.0000,0.0000,1.00,0.00,0.0000,22,1,335,362,0,0,100,5,16,16,0,0,35158,1541,0,0,922259456,0.000000,0.000000,0.000000,0.00,0,0,0,0,0,20,39,30,14,30,30,30,30,30,30,36,16,0,0.0004,0.0016,0.0531,0.0328,0.0027,0.0000,0.0056,6.9156,0.0189,0.0000,0.0000,0.0000,1.1315,0.0005,0.5871,0.1397,0.0011,0.0006,0.0000,0.0000,0.0004
615,13.3919,0.0000,15.6338,5.6444,,true,0,0.008333,0.0000,0.0000,1.00,0.00,0.0000,22,1,335,362,0,0,100,5,16,16,0,0,35158,1541,0,0,922259456,0.000000,0.000000,0.000000,0.00,0,0,0,0,0,20,39,30,14,30,30,30,30,30,30,36,16,0,0.0005,0.0012,0.0382,0.0369,0.0037,0.0000,0.0033,5.6444,0.0137,0.0000,0.0000,0.0000,0.8948,0.0003,0.4357,0.1449,0.0010,0.0005,0.0000,0.0000,0.0004
616,13.4125,0.0000,13.7026,12.9594,,true,0,0.008333,0.0000,0.0000,1.00,0.00,0.0000,22,1,335,362,0,0,100,5,16,16,0,0,35158,1541,0,0,922259456,0.000000,0.000000,0.000000,0.00,0,0,0,0,0,20,39,30,14,30,30,30,30,30,30,36,16,0,0.0004,0.0027,0.0969,0.0384,0.0036,0.0000,0.0026,12.9594,0.0573,0.0000,0.0000,0.0000,6.8296,0.0004,0.4414,0.1490,0.7485,0.0005,0.0000,0.0000,5.0330
617,13.4195,0.0000,14.3281,5.5722,,true,0,0.008333,0.0000,0.0000,1.00,0.00,0.0000,22,1,335,362,0,0,100,5,16,16,0,0,35158,1541,0,0,922259456,0.000000,0.000000,0.000000,0.00,0,0,0,0,0,20,39,30,14,30,30,30,30,30,30,36,16,0,0.0002,0.0010,0.0406,0.0320,0.0189,0.0000,0.0023,5.5722,0.0113,0.0000,0.0000,0.0000,0.9923,0.0003,0.4897,0.1333,0.0009,0.0004,0.0000,0.0000,0.0004
618,13.4333,0.0000,13.4375,5.8877,,true,0,0.008333,0.0000,0.0000,1.00,0.00,0.0000,22,1,335,362,0,0,100,5,16,16,0,0,35158,1541,0,0,922259456,0.000000,0.000000,0.000000,0.00,0,0,0,0,0,20,39,30,14,30,30,30,30,30,30,36,16,0,0.0003,0.0021,0.0477,0.0572,0.0071,0.0000,0.0070,5.8877,0.0132,0.0000,0.0000,0.0000,1.1633,0.0004,0.5858,0.1437,0.0008,0.0005,0.0000,0.0000,0.0007
619,13.4468,0.0000,14.0236,5.4740,,true,0,0.008333,0.0000,0.0000,1.00,0.00,0.0000,22,1,335,362,0,0,100,5,16,16,0,0,35158,1541,0,0,922259456,0.000000,0.000000,0.000000,0.00,0,0,0,0,0,20,39,30,14,30,30,30,30,30,30,36,16,0,0.0002,0.0008,0.0380,0.0303,0.0028,0.0000,0.0024,5.4740,0.0098,0.0000,0.0000,0.0000,0.8757,0.0003,0.4323,0.1257,0.0007,0.0003,0.0000,0.0000,0.0003
620,13.4583,0.0000,12.5216,4.4609,,true,0,0.008333,0.0000,0.0000,1.00,0.00,0.0000,22,1,335,362,0,0,100,5,16,16,0,0,35158,1541,0,0,922259456,0.000000,0.000000,0.000000,0.00,0,0,0,0,0,20,39,30,14,30,30,30,30,30,30,36,16,0,0.0002,0.0008,0.0304,0.0284,0.0021,0.0000,0.0035,4.4609,0.0095,0.0000,0.0000,0.0000,0.8909,0.0002,0.4615,0.1137,0.0005,0.0005,0.0000,0.0000,0.0005
621,13.4705,0.0000,12.1908,4.2903,,true,0,0.008333,0.0000,0.0000,1.00,0.00,0.0000,22,1,335,362,0,0,100,5,16,16,0,0,35158,1541,0,0,922259456,0.000000,0.000000,0.000000,0.00,0,0,0,0,0,20,39,30,14,30,30,30,30,30,30,36,16,0,0.0002,0.0010,0.0254,0.0217,0.0018,0.0000,0.0028,4.2903,0.0075,0.0000,0.0000,0.0000,0.6451,0.0001,0.3219,0.1011,0.0005,0.0003,0.0000,0.0000,0.0001
622,13.4841,0.0000,13.2853,4.5934,,true,0,0.008333,0.0000,0.0000,1.00,0.00,0.0000,22,1,335,362,0,0,100,5,16,16,0,0,35158,1541,0,0,922259456,0.000000,0.000000,0.000000,0.00,0,0,0,0,0,20,39,30,14,30,30,30,30,30,30,36,16,0,0.0001,0.0007,0.0447,0.0243,0.0024,0.0000,0.0023,4.5934,0.0104,0.0000,0.0000,0.0000,0.9581,0.0005,0.4479,0.1714,0.0032,0.0010,0.0000,0.0000,0.0002
623,13.4977,0.0000,13.5171,4.8864,,true,0,0.008333,0.0000,0.0000,1.00,0.00,0.0000,22,1,335,362,0,0,100,5,16,16,0,0,35158,1541,0,0,922263552,0.000000,0.000000,0.000000,0.00,0,0,0,0,0,20,39,30,14,30,30,30,30,30,30,36,16,0,0.0003,0.0008,0.0397,0.0223,0.0017,0.0000,0.0027,4.8864,0.0098,0.0000,0.0000,0.0000,0.8966,0.0004,0.4305,0.1245,0.0006,0.0006,0.0000,0.0000,0.0003
624,13.5099,0.0000,12.6572,4.5376,,true,0,0.008333,0.0000,0.0000,1.00,0.00,0.0000,22,1,335,362,0,0,100,5,16,16,0,0,35158,1541,0,0,922263552,0.000000,0.000000,0.000000,0.00,0,0,0,0,0,20,39,30,14,30,30,30,30,30,30,36,16,0,0.0002,0.0008,0.0373,0.0301,0.0016,0.0000,0.0023,4.5376,0.0121,0.0000,0.0000,0.0000,0.9296,0.0003,0.4707,0.1454,0.0006,0.0004,0.0000,0.0000,0.0003
625,13.5227,0.0000,12.2632,4.8128,,true,0,0.008333,0.0000,0.0000,1.00,0.00,0.0000,22,1,335,362,0,0,100,5,16,16,0,0,35158,1541,0,0,922263552,0.000000,0.000000,0.000000,0.00,0,0,0,0,0,20,39,30,14,30,30,30,30,30,30,36,16,0,0.0002,0.0007,0.0466,0.0279,0.0021,0.0000,0.0027,4.8128,0.0084,0.0000,0.0000,0.0000,0.9017,0.0003,0.4500,0.1357,0.0017,0.0005,0.0000,0.0000,0.0003
626,13.5351,0.0000,12.4120,4.6734,,true,0,0.008333,0.0000,0.0000,1.00,0.00,0.0000,22,1,335,362,0,0,100,5,16,16,0,0,35158,1541,0,0,922263552,0.000000,0.000000,0.000000,0.00,0,0,0,0,0,20,39,30,14,30,30,30,30,30,30,36,16,0,0.0002,0.0006,0.0452,0.0240,0.0023,0.0000,0.0020,4.6734,0.0162,0.0000,0.0000,0.0000,0.9040,0.0003,0.4323,0.1528,0.0006,0.0005,0.0000,0.0000,0.0003
627,13.5491,0.0000,13.5713,5.2889,,true,0,0.008333,0.0000,0.0000,1.00,0.00,0.0000,22,1,335,362,0,0,100,5,16,16,0,0,35158,1541,0,0,922263552,0.000000,0.000000,0.000000,0.00,0,0,0,0,0,20,39,30,14,30,30,30,30,30,30,36,16,0,0.0002,0.0007,0.0478,0.0272,0.0030,0.0000,0.0022,5.2889,0.0118,0.0000,0.0000,0.0000,1.2454,0.0003,0.6484,0.1602,0.0007,0.0004,0.0000,0.0000,0.0005
628,13.5622,0.0000,13.1326,5.3119,,true,0,0.008333,0.0000,0.0000,1.00,0.00,0.0000,22,1,335,362,0,0,100,5,16,16,0,0,35158,1541,0,0,922263552,0.000000,0.000000,0.000000,0.00,0,0,0,0,0,20,39,30,14,30,30,30,30,30,30,36,16,0,0.0002,0.0009,0.0373,0.0321,0.0038,0.0000,0.0033,5.3119,0.0094,0.0000,0.0000,0.0000,0.8948,0.0003,0.4449,0.1243,0.0006,0.0004,0.0000,0.0000,0.0003
629,13.5749,0.0000,13.1557,4.8430,,true,0,0.008333,0.0000,0.0000,1.00,0.00,0.0000,22,1,335,362,0,0,100,5,16,16,0,0,35158,1541,0,0,922263552,0.000000,0.000000,0.000000,0.00,0,0,0,0,0,20,39,30,14,30,30,30,30,30,30,36,16,0,0.0002,0.0009,0.0378,0.0299,0.0023,0.0000,0.0031,4.8430,0.0095,0.0000,0.0000,0.0000,0.9310,0.0001,0.4599,0.1211,0.0008,0.0003,0.0000,0.0000,0.0003
630,13.5868,0.0000,12.3305,4.3439,,true,0,0.008333,0.0000,0.0000,1.00,0.00,0.0000,22,1,335,362,0,0,100,5,16,16,0,0,35158,1541,0,0,922263552,0.000000,0.000000,0.000000,0.00,0,0,0,0,0,20,39,30,14,30,30,30,30,30,30,36,16,0,0.0004,0.0007,0.0314,0.0235,0.0024,0.0000,0.0027,4.3439,0.0082,0.0000,0.0000,0.0000,0.7310,0.0005,0.3649,0.1165,0.0019,0.0005,0.0000,0.0000,0.0002
631,13.6007,0.0000,13.3712,4.8217,,true,0,0.008333,0.0000,0.0000,1.00,0.00,0.0000,22,1,335,362,0,0,100,5,16,16,0,0,35158,1541,0,0,922263552,0.000000,0.000000,0.000000,0.00,0,0,0,0,0,20,39,30,14,30,30,30,30,30,30,36,16,0,0.0002,0.0013,0.0359,0.0342,0.0028,0.0000,0.0062,4.8217,0.0099,0.0000,0.0000,0.0000,0.9058,0.0003,0.4625,0.1255,0.0004,0.0005,0.0000,0.0000,0.0002
632,13.6127,0.0000,12.3109,4.4882,,true,0,0.008333,0.0000,0.0000,1.00,0.00,0.0000,22,1,335,362,0,0,100,5,16,16,0,0,35158,1541,0,0,922267648,0.000000,0.000000,0.000000,0.00,0,0,0,0,0,20,39,30,14,30,30,30,30,30,30,36,16,0,0.0001,0.0008,0.0377,0.0282,0.0024,0.0000,0.0028,4.4882,0.0240,0.0000,0.0000,0.0000,0.6363,0.0002,0.3101,0.0969,0.0004,0.0003,0.0000,0.0000,0.0004
633,13.6252,0.0000,13.0799,4.0400,,true,0,0.008333,0.0000,0.0000,1.00,0.00,0.0000,22,1,335,362,0,0,100,5,16,16,0,0,35158,1541,0,0,922267648,0.000000,0.000000,0.000000,0.00,0,0,0,0,0,20,39,30,14,30,30,30,30,30,30,36,16,0,0.0003,0.0006,0.0392,0.0261,0.0019,0.0000,0.0032,4.0400,0.0157,0.0000,0.0000,0.0000,0.6455,0.0002,0.3070,0.1154,0.0007,0.0005,0.0000,0.0000,0.0001
634,13.6381,0.0000,12.1482,4.6152,,true,0,0.008333,0.0000,0.0000,1.00,0.00,0.0000,22,1,335,362,0,0,100,5,16,16,0,0,35158,1541,0,0,922267648,0.000000,0.000000,0.000000,0.00,0,0,0,0,0,20,39,30,14,30,30,30,30,30,30,36,16,0,0.0002,0.0007,0.0279,0.0218,0.0020,0.0000,0.0024,4.6152,0.0129,0.0000,0.0000,0.0000,0.6595,0.0001,0.3120,0.1185,0.0005,0.0004,0.0000,0.0000,0.0001
635,13.6516,0.0000,13.0586,4.8212,,true,0,0.008333,0.0000,0.0000,1.00,0.00,0.0000,22,1,335,362,0,0,100,5,16,16,0,0,35158,1541,0,0,922267648,0.000000,0.000000,0.000000,0.00,0,0,0,0,0,20,39,30,14,30,30,30,30,30,30,36,16,0,0.0003,0.0006,0.0315,0.0228,0.0021,0.0000,0.0029,4.8212,0.0127,0.0000,0.0000,0.0000,0.8525,0.0007,0.3605,0.1405,0.0021,0.0006,0.0000,0.0000,0.0003
636,13.6653,0.0000,13.8856,5.1495,,true,0,0.008333,0.0000,0.0000,1.00,0.00,0.0000,22,1,335,362,0,0,100,5,16,16,0,0,35158,1541,0,0,922267648,0.000000,0.000000,0.000000,0.00,0,0,0,0,0,20,39,30,14,30,30,30,30,30,30,36,16,0,0.0002,0.0010,0.0269,0.0321,0.0036,0.0000,0.0025,5.1495,0.0058,0.0000,0.0000,0.0000,0.9071,0.0001,0.4806,0.0910,0.0006,0.0003,0.0000,0.0000,0.0002
637,13.6771,0.0000,12.3472,4.4741,,true,0,0.008333,0.0000,0.0000,1.00,0.00,0.0000,22,1,335,362,0,0,100,5,16,16,0,0,35158,1541,0,0,922267648,0.000000,0.000000,0.000000,0.00,0,0,0,0,0,20,39,30,14,30,30,30,30,30,30,36,16,0,0.0002,0.0008,0.0433,0.0215,0.0020,0.0000,0.0032,4.4741,0.0113,0.0000,0.0000,0.0000,0.8838,0.0003,0.4437,0.1333,0.0006,0.0003,0.0000,0.0000,0.0001
638,13.6889,0.0000,12.2440,3.9422,,true,0,0.008333,0.0000,0.0000,1.00,0.00,0.0000,22,1,335,362,0,0,100,5,16,16,0,0,35158,1541,0,0,922267648,0.000000,0.000000,0.000000,0.00,0,0,0,0,0,20,39,30,14,30,30,30,30,30,30,36,16,0,0.0002,0.0006,0.0268,0.0206,0.0018,0.0000,0.0027,3.9422,0.0074,0.0000,0.0000,0.0000,0.6755,0.0001,0.3084,0.0899,0.0005,0.0003,0.0000,0.0000,0.0003
639,13.7038,0.0000,13.2712,5.4947,,true,0,0.008333,0.0000,0.0000,1.00,0.00,0.0000,22,1,335,362,0,0,100,5,16,16,0,0,35158,1541,0,0,922267648,0.000000,0.000000,0.000000,0.00,0,0,0,0,0,20,39,30,14,30,30,30,30,30,30,36,16,0,0.0006,0.0016,0.0492,0.0393,0.0029,0.0000,0.0054,5.4947,0.0129,0.0000,0.0000,0.0000,1.1639,0.0003,0.6197,0.1451,0.0008,0.0004,0.0000,0.0000,0.0002
640,13.7164,0.0000,12.9332,5.0010,,true,0,0.008333,0.0000,0.0000,1.00,0.00,0.0000,22,1,335,362,0,0,100,5,16,16,0,0,35158,1541,0,0,922267648,0.000000,0.000000,0.000000,0.00,0,0,0,0,0,20,39,30,14,30,30,30,30,30,30,36,16,0,0.0002,0.0009,0.0487,0.0307,0.0026,0.0000,0.0025,5.0010,0.0172,0.0000,0.0000,0.0000,0.8753,0.0004,0.4235,0.1408,0.0006,0.0004,0.0000,0.0000,0.0005
641,13.7328,0.0000,16.5023,4.9740,,true,0,0.008333,0.0000,0.0000,1.00,0.00,0.0000,22,1,335,362,0,0,100,5,16,16,0,0,35158,1541,0,0,922267648,0.000000,0.000000,0.000000,0.00,0,0,0,0,0,20,39,30,14,30,30,30,30,30,30,36,16,0,0.0002,0.0010,0.0389,0.0296,0.0026,0.0000,0.0028,4.9740,0.0109,0.0000,0.0000,0.0000,0.8479,0.0003,0.4129,0.1228,0.0008,0.0003,0.0000,0.0000,0.0004
642,13.7442,0.0000,12.4390,4.1569,,true,0,0.008333,0.0000,0.0000,1.00,0.00,0.0000,22,1,335,362,0,0,100,5,16,16,0,0,35158,1541,0,0,922271744,0.000000,0.000000,0.000000,0.00,0,0,0,0,0,20,39,30,14,30,30,30,30,30,30,36,16,0,0.0001,0.0010,0.0408,0.0290,0.0027,0.0000,0.0025,4.1569,0.0122,0.0000,0.0000,0.0000,0.8758,0.0003,0.4386,0.1326,0.0005,0.0005,0.0000,0.0000,0.0003
643,13.7582,0.0000,13.1780,4.9207,,true,0,0.008333,0.0000,0.0000,1.00,0.00,0.0000,22,1,335,362,0,0,100,5,16,16,0,0,35158,1541,0,0,922271744,0.000000,0.000000,0.000000,0.00,0,0,0,0,0,20,39,30,14,30,30,30,30,30,30,36,16,0,0.0002,0.0007,0.0405,0.0252,0.0021,0.0000,0.0024,4.9207,0.0099,0.0000,0.0000,0.0000,0.8832,0.0003,0.4475,0.1231,0.0007,0.0003,0.0000,0.0000,0.0003
644,13.7711,0.0000,13.2090,4.8756,,true,0,0.008333,0.0000,0.0000,1.00,0.00,0.0000,22,1,335,362,0,0,100,5,16,16,0,0,35158,1541,0,0,922271744,0.000000,0.000000,0.000000,0.00,0,0,0,0,0,20,39,30,14,30,30,30,30,30,30,36,16,0,0.0002,0.0009,0.0380,0.0286,0.0029,0.0000,0.0027,4.8756,0.0103,0.0000,0.0000,0.0000,0.9105,0.0003,0.4505,0.1311,0.0009,0.0004,0.0000,0.0000,0.0005
645,13.7838,0.0000,12.8469,4.5722,,true,0,0.008333,0.0000,0.0000,1.00,0.00,0.0000,22,1,335,362,0,0,100,5,16,16,0,0,35158,1541,0,0,922271744,0.000000,0.000000,0.000000,0.00,0,0,0,0,0,20,39,30,14,30,30,30,30,30,30,36,16,0,0.0001,0.0019,0.0324,0.0300,0.0021,0.0000,0.0034,4.5722,0.0093,0.0000,0.0000,0.0000,0.7123,0.0002,0.3130,0.1027,0.0006,0.0005,0.0000,0.0000,0.0005
646,13.7964,0.0000,12.5966,4.6186,,true,0,0.008333,0.0000,0.0000,1.00,0.00,0.0000,22,1,335,362,0,0,100,5,16,16,0,0,35158,1541,0,0,922271744,0.000000,0.000000,0.000000,0.00,0,0,0,0,0,20,39,30,14,30,30,30,30,30,30,36,16,0,0.0002,0.0009,0.0329,0.0329,0.0022,0.0000,0.0026,4.6186,0.0095,0.0000,0.0000,0.0000,0.8558,0.0003,0.4263,0.1210,0.0012,0.0004,0.0000,0.0000,0.0004
647,13.8091,0.0000,12.6502,4.5863,,true,0,0.008333,0.0000,0.0000,1.00,0.00,0.0000,22,1,335,362,0,0,100,5,16,16,0,0,35158,1541,0,0,922271744,0.000000,0.000000,0.000000,0.00,0,0,0,0,0,20,39,30,14,30,30,30,30,30,30,36,16,0,0.0003,0.0008,0.0413,0.0238,0.0019,0.0000,0.0031,4.5863,0.0099,0.0000,0.0000,0.0000,0.8928,0.0003,0.4193,0.1620,0.0011,0.0003,0.0000,0.0000,0.0003
648,13.8231,0.0000,13.8615,4.8073,,true,0,0.008333,0.0000,0.0000,1.00,0.00,0.0000,22,1,335,362,0,0,100,5,16,16,0,0,35158,1541,0,0,922271744,0.000000,0.000000,0.000000,0.00,0,0,0,0,0,20,39,30,14,30,30,30,30,30,30,36,16,0,0.0003,0.0023,0.0315,0.0314,0.0023,0.0000,0.0169,4.8073,0.0098,0.0000,0.0000,0.0000,0.7236,0.0003,0.3118,0.1067,0.0007,0.0005,0.0000,0.0000,0.0003
649,13.8355,0.0000,12.3468,4.6315,,true,0,0.008333,0.0000,0.0000,1.00,0.00,0.0000,22,1,335,362,0,0,100,5,16,16,0,0,35158,1541,0,0,922271744,0.000000,0.000000,0.000000,0.00,0,0,0,0,0,20,39,30,14,30,30,30,30,30,30,36,16,0,0.0002,0.0006,0.0345,0.0292,0.0025,0.0000,0.0033,4.6315,0.0098,0.0000,0.0000,0.0000,0.8788,0.0003,0.4289,0.1311,0.0010,0.0008,0.0000,0.0000,0.0003
650,13.8482,0.0000,12.4439,4.9098,,true,0,0.008333,0.0000,0.0000,1.00,0.00,0.0000,22,1,335,362,0,0,100,5,16,16,0,0,35158,1541,0,0,922271744,0.000000,0.000000,0.000000,0.00,0,0,0,0,0,20,39,30,14,30,30,30,30,30,30,36,16,0,0.0002,0.0009,0.0413,0.0321,0.0025,0.0000,0.0053,4.9098,0.0169,0.0000,0.0000,0.0000,0.8478,0.0002,0.4250,0.1276,0.0005,0.0003,0.0000,0.0000,0.0003
651,13.8620,0.0000,14.0407,4.6852,,true,0,0.008333,0.0000,0.0000,1.00,0.00,0.0000,22,1,335,362,0,0,100,5,16,16,0,0,35158,1541,0,0,922275840,0.000000,0.000000,0.000000,0.00,0,0,0,0,0,20,39,30,14,30,30,30,30,30,30,36,16,0,0.0002,0.0009,0.0363,0.0260,0.0024,0.0000,0.0026,4.6852,0.0107,0.0000,0.0000,0.0000,0.9006,0.0003,0.4621,0.1215,0.0006,0.0003,0.0000,0.0000,0.0004
652,13.8753,0.0000,13.1885,4.7702,,true,0,0.008333,0.0000,0.0000,1.00,0.00,0.0000,22,1,335,362,0,0,100,5,16,16,0,0,35158,1541,0,0,922275840,0.000000,0.000000,0.000000,0.00,0,0,0,0,0,20,39,30,14,30,30,30,30,30,30,36,16,0,0.0002,0.0009,0.0448,0.0245,0.0021,0.0000,0.0026,4.7702,0.0103,0.0000,0.0000,0.0000,0.9191,0.0005,0.4350,0.1620,0.0009,0.0009,0.0000,0.0000,0.0003
653,13.8881,0.0000,12.7404,4.6956,,true,0,0.008333,0.0000,0.0000,1.00,0.00,0.0000,22,1,335,362,0,0,100,5,16,16,0,0,35158,1541,0,0,922275840,0.000000,0.000000,0.000000,0.00,0,0,0,0,0,20,39,30,14,30,30,30,30,30,30,36,16,0,0.0003,0.0007,0.0299,0.0299,0.0023,0.0000,0.0032,4.6956,0.0090,0.0000,0.0000,0.0000,0.6245,0.0002,0.3004,0.0974,0.0004,0.0004,0.0000,0.0000,0.0002
654,13.9011,0.0000,13.3546,4.4534,,true,0,0.008333,0.0000,0.0000,1.00,0.00,0.0000,22,1,335,362,0,0,100,5,16,16,0,0,35158,1541,0,0,922275840,0.000000,0.000000,0.000000,0.00,0,0,0,0,0,20,39,30,14,30,30,30,30,30,30,36,16,0,0.0002,0.0008,0.0324,0.0286,0.0022,0.0000,0.0023,4.4534,0.0091,0.0000,0.0000,0.0000,0.9076,0.0005,0.4470,0.1496,0.0010,0.0004,0.0000,0.0000,0.0003
655,13.9139,0.0000,12.7908,4.4856,,true,0,0.008333,0.0000,0.0000,1.00,0.00,0.0000,22,1,335,362,0,0,100,5,16,16,0,0,35158,1541,0,0,922275840,0.000000,0.000000,0.000000,0.00,0,0,0,0,0,20,39,30,14,30,30,30,30,30,30,36,16,0,0.0002,0.0008,0.0368,0.0243,0.0021,0.0000,0.0029,4.4856,0.0096,0.0000,0.0000,0.0000,0.8576,0.0003,0.4384,0.1199,0.0007,0.0003,0.0000,0.0000,0.0002
656,13.9285,0.0000,13.9873,5.1251,,true,0,0.008333,0.0000,0.0000,1.00,0.00,0.0000,22,1,335,362,0,0,100,5,16,16,0,0,35158,1541,0,0,922275840,0.000000,0.000000,0.000000,0.00,0,0,0,0,0,20,39,30,14,30,30,30,30,30,30,36,16,0,0.0003,0.0007,0.0399,0.0301,0.0025,0.0000,0.0028,5.1251,0.0106,0.0000,0.0000,0.0000,0.9304,0.0003,0.4782,0.1182,0.0008,0.0006,0.0000,0.0000,0.0006
657,13.9408,0.0000,12.8453,4.5664,,true,0,0.008333,0.0000,0.0000,1.00,0.00,0.0000,22,1,335,362,0,0,100,5,16,16,0,0,35158,1541,0,0,922275840,0.000000,0.000000,0.000000,0.00,0,0,0,0,0,20,39,30,14,30,30,30,30,30,30,36,16,0,0.0003,0.0008,0.0390,0.0229,0.0023,0.0000,0.0026,4.5664,0.0068,0.0000,0.0000,0.0000,0.8601,0.0003,0.4314,0.1168,0.0007,0.0007,0.0000,0.0000,0.0003
658,13.9543,0.0000,13.2386,5.0435,,true,0,0.008333,0.0000,0.0000,1.00,0.00,0.0000,22,1,335,362,0,0,100,5,16,16,0,0,35158,1541,0,0,922275840,0.000000,0.000000,0.000000,0.00,0,0,0,0,0,20,39,30,14,30,30,30,30,30,30,36,16,0,0.0002,0.0009,0.0399,0.0224,0.0028,0.0000,0.0028,5.0435,0.0098,0.0000,0.0000,0.0000,0.9101,0.0005,0.4653,0.1359,0.0006,0.0006,0.0000,0.0000,0.0004
659,13.9679,0.0000,13.5696,5.0496,,true,0,0.008333,0.0000,0.0000,1.00,0.00,0.0000,22,1,335,362,0,0,100,5,16,16,0,0,35158,1541,0,0,922275840,0.000000,0.000000,0.000000,0.00,0,0,0,0,0,20,39,30,14,30,30,30,30,30,30,36,16,0,0.0003,0.0006,0.0450,0.0288,0.0024,0.0000,0.0021,5.0496,0.0126,0.0000,0.0000,0.0000,0.9215,0.0004,0.4464,0.1258,0.0004,0.0003,0.0000,0.0000,0.0004
660,13.9806,0.0000,12.8937,4.9100,,true,0,0.008333,0.0000,0.0000,1.00,0.00,0.0000,22,1,335,362,0,0,100,5,16,16,0,0,35158,1541,0,0,922279936,0.000000,0.000000,0.000000,0.00,0,0,0,0,0,20,39,30,14,30,30,30,30,30,30,36,16,0,0.0003,0.0009,0.0434,0.0227,0.0024,0.0000,0.0029,4.9100,0.0099,0.0000,0.0000,0.0000,0.9718,0.0003,0.4605,0.1401,0.0008,0.0006,0.0000,0.0000,0.0005
661,13.9929,0.0000,12.2992,4.7213,,true,0,0.008333,0.0000,0.0000,1.00,0.00,0.0000,22,1,335,362,0,0,100,5,16,16,0,0,35158,1541,0,0,922279936,0.000000,0.000000,0.000000,0.00,0,0,0,0,0,20,39,30,14,30,30,30,30,30,30,36,16,0,0.0002,0.0008,0.0422,0.0290,0.0022,0.0000,0.0028,4.7213,0.0088,0.0000,0.0000,0.0000,0.9013,0.0005,0.4239,0.1700,0.0013,0.0006,0.0000,0.0000,0.0004
662,14.0066,0.0000,12.8208,5.3355,,true,0,0.008333,0.0000,0.0000,1.00,0.00,0.0000,22,1,335,362,0,0,100,5,16,16,0,0,35158,1541,0,0,922279936,0.000000,0.000000,0.000000,0.00,0,0,0,0,0,20,39,30,14,30,30,30,30,30,30,36,16,0,0.0002,0.0012,0.0436,0.0302,0.0021,0.0000,0.0045,5.3355,0.0180,0.0000,0.0000,0.0000,0.9928,0.0004,0.4783,0.1855,0.0014,0.0182,0.0000,0.0000,0.0003
663,14.0211,0.0000,15.1508,5.0137,,true,0,0.008333,0.0000,0.0000,1.00,0.00,0.0000,22,1,335,362,0,0,100,5,16,16,0,0,35158,1541,0,0,922279936,0.000000,0.000000,0.000000,0.00,0,0,0,0,0,20,39,30,14,30,30,30,30,30,30,36,16,0,0.0003,0.0024,0.0440,0.0560,0.0028,0.0000,0.0063,5.0137,0.0115,0.0000,0.0000,0.0000,0.8854,0.0003,0.4113,0.1279,0.0006,0.0003,0.0000,0.0000,0.0003
664,14.0340,0.0000,12.8619,5.0141,,true,0,0.008333,0.0000,0.0000,1.00,0.00,0.0000,22,1,335,362,0,0,100,5,16,16,0,0,35158,1541,0,0,922279936,0.000000,0.000000,0.000000,0.00,0,0,0,0,0,20,39,30,14,30,30,30,30,30,30,36,16,0,0.0003,0.0009,0.0377,0.0333,0.0033,0.0000,0.0020,5.0141,0.0100,0.0000,0.0000,0.0000,0.8939,0.0004,0.4531,0.1163,0.0007,0.0004,0.0000,0.0000,0.0003
665,14.0470,0.0000,12.9329,4.8125,,true,0,0.008333,0.0000,0.0000,1.00,0.00,0.0000,22,1,335,362,0,0,100,5,16,16,0,0,35158,1541,0,0,922279936,0.000000,0.000000,0.000000,0.00,0,0,0,0,0,20,39,30,14,30,30,30,30,30,30,36,16,0,0.0002,0.0008,0.0384,0.0306,0.0028,0.0000,0.0030,4.8125,0.0181,0.0000,0.0000,0.0000,0.8637,0.0003,0.3993,0.1634,0.0006,0.0006,0.0000,0.0000,0.0003
666,14.0604,0.0000,13.8283,4.5912,,true,0,0.008333,0.0000,0.0000,1.00,0.00,0.0000,22,1,335,362,0,0,100,5,16,16,0,0,35158,1541,0,0,922279936,0.000000,0.000000,0.000000,0.00,0,0,0,0,0,20,39,30,14,30,30,30,30,30,30,36,16,0,0.0005,0.0009,0.0359,0.0283,0.0023,0.0000,0.0033,4.5912,0.0093,0.0000,0.0000,0.0000,0.9105,0.0004,0.4217,0.1673,0.0009,0.0006,0.0000,0.0000,0.0002
667,14.0732,0.0000,12.5974,4.7049,,true,0,0.008333,0.0000,0.0000,1.00,0.00,0.0000,22,1,335,362,0,0,100,5,16,16,0,0,35158,1541,0,0,922279936,0.000000,0.000000,0.000000,0.00,0,0,0,0,0,20,39,30,14,30,30,30,30,30,30,36,16,0,0.0002,0.0009,0.0377,0.0296,0.0027,0.0000,0.0030,4.7049,0.0095,0.0000,0.0000,0.0000,0.9198,0.0004,0.4375,0.1636,0.0016,0.0005,0.0000,0.0000,0.0003
668,14.0860,0.0000,13.1511,4.5664,,true,0,0.008333,0.0000,0.0000,1.00,0.00,0.0000,22,1,335,362,0,0,100,5,16,16,0,0,35158,1541,0,0,922279936,0.000000,0.000000,0.000000,0.00,0,0,0,0,0,20,39,30,14,30,30,30,30,30,30,36,16,0,0.0002,0.0007,0.0511,0.0271,0.0020,0.0000,0.0033,4.5664,0.0081,0.0000,0.0000,0.0000,0.9118,0.0004,0.4245,0.1583,0.0014,0.0010,0.0000,0.0000,0.0002
669,14.0987,0.0000,12.1867,4.8500,,true,0,0.008333,0.0000,0.0000,1.00,0.00,0.0000,22,1,335,362,0,0,100,5,16,16,0,0,35158,1541,0,0,922279936,0.000000,0.000000,0.000000,0.00,0,0,0,0,0,20,39,30,14,30,30,30,30,30,30,36,16,0,0.0002,0.0009,0.0349,0.0282,0.0027,0.0000,0.0032,4.8500,0.0185,0.0000,0.0000,0.0000,0.8360,0.0002,0.3251,0.1101,0.0006,0.0005,0.0000,0.0000,0.0003
670,14.1112,0.0000,12.8838,4.4397,,true,0,0.008333,0.0000,0.0000,1.00,0.00,0.0000,22,1,335,362,0,0,100,5,16,16,0,0,35158,1541,0,0,922284032,0.000000,0.000000,0.000000,0.00,0,0,0,0,0,20,39,30,14,30,30,30,30,30,30,36,16,0,0.0002,0.0008,0.0400,0.0282,0.0021,0.0000,0.0023,4.4397,0.0173,0.0000,0.0000,0.0000,0.8599,0.0003,0.4177,0.1398,0.0006,0.0003,0.0000,0.0000,0.0003
671,14.1239,0.0000,12.7536,4.4242,,true,0,0.008333,0.0000,0.0000,1.00,0.00,0.0000,22,1,335,362,0,0,100,5,16,16,0,0,35158,1541,0,0,922284032,0.000000,0.000000,0.000000,0.00,0,0,0,0,0,20,39,30,14,30,30,30,30,30,30,36,16,0,0.0002,0.0008,0.0262,0.0382,0.0026,0.0000,0.0033,4.4242,0.0124,0.0000,0.0000,0.0000,1.0099,0.0003,0.4868,0.1276,0.0026,0.0006,0.0000,0.0000,0.0003
672,14.1364,0.0000,12.3170,4.7896,,true,0,0.008333,0.0000,0.0000,1.00,0.00,0.0000,22,1,335,362,0,0,100,5,16,16,0,0,35158,1541,0,0,922284032,0.000000,0.000000,0.000000,0.00,0,0,0,0,0,20,39,30,14,30,30,30,30,30,30,36,16,0,0.0002,0.0005,0.0353,0.0269,0.0025,0.0000,0.0036,4.7896,0.0089,0.0000,0.0000,0.0000,0.8305,0.0002,0.4151,0.1168,0.0008,0.0003,0.0000,0.0000,0.0002
673,14.1496,0.0000,13.5658,4.2054,,true,0,0.008333,0.0000,0.0000,1.00,0.00,0.0000,22,1,335,362,0,0,100,5,16,16,0,0,35158,1541,0,0,922284032,0.000000,0.000000,0.000000,0.00,0,0,0,0,0,20,39,30,14,30,30,30,30,30,30,36,16,0,0.0001,0.0009,0.0550,0.0229,0.0021,0.0000,0.0033,4.2054,0.0154,0.0000,0.0000,0.0000,0.9043,0.0003,0.4123,0.1875,0.0006,0.0004,0.0000,0.0000,0.0003
674,14.1691,0.0000,13.9859,10.0250,,true,0,0.008333,0.0000,0.0000,1.00,0.00,0.0000,22,1,335,362,0,0,100,5,16,16,0,0,35158,1541,0,0,922284032,0.000000,0.000000,0.000000,0.00,0,0,0,0,0,20,39,30,14,30,30,30,30,30,30,36,16,0,0.0002,0.0009,0.0303,0.0224,0.0021,0.0000,0.0029,10.0250,0.0165,0.0000,0.0000,0.0000,4.9158,0.0005,0.3347,0.1037,0.5403,0.0005,0.0000,0.0000,3.6306
675,14.1763,0.0000,13.3085,4.0131,,true,0,0.008333,0.0000,0.0000,1.00,0.00,0.0000,22,1,335,362,0,0,100,5,16,16,0,0,35158,1541,0,0,922284032,0.000000,0.000000,0.000000,0.00,0,0,0,0,0,20,39,30,14,30,30,30,30,30,30,36,16,0,0.0002,0.0005,0.0240,0.0278,0.0034,0.0000,0.0025,4.0131,0.0053,0.0000,0.0000,0.0000,0.5967,0.0001,0.3076,0.0805,0.0002,0.0001,0.0000,0.0000,0.0001
676,14.1891,0.0000,12.6810,3.9844,,true,0,0.008333,0.0000,0.0000,1.00,0.00,0.0000,22,1,335,362,0,0,100,5,16,16,0,0,35158,1541,0,0,922284032,0.000000,0.000000,0.000000,0.00,0,0,0,0,0,20,39,30,14,30,30,30,30,30,30,36,16,0,0.0003,0.0005,0.0241,0.0344,0.0024,0.0000,0.0032,3.9844,0.0052,0.0000,0.0000,0.0000,0.5910,0.0001,0.3201,0.0741,0.0003,0.0002,0.0000,0.0000,0.0001
677,14.2031,0.0000,12.9815,5.0240,,true,0,0.008333,0.0000,0.0000,1.00,0.00,0.0000,22,1,335,362,0,0,100,5,16,16,0,0,35158,1541,0,0,922284032,0.000000,0.000000,0.000000,0.00,0,0,0,0,0,20,39,30,14,30,30,30,30,30,30,36,16,0,0.0001,0.0010,0.0465,0.0160,0.0013,0.0000,0.0021,5.0240,0.0083,0.0000,0.0000,0.0000,1.1662,0.0002,0.5946,0.1567,0.0005,0.0003,0.0000,0.0000,0.0002
678,14.2146,0.0000,12.2357,4.2464,,true,0,0.008333,0.0000,0.0000,1.00,0.00,0.0000,22,1,335,362,0,0,100,5,16,16,0,0,35158,1541,0,0,922284032,0.000000,0.000000,0.000000,0.00,0,0,0,0,0,20,39,30,14,30,30,30,30,30,30,36,16,0,0.0002,0.0006,0.0410,0.0342,0.0029,0.0000,0.0032,4.2464,0.0095,0.0000,0.0000,0.0000,1.0044,0.0001,0.5790,0.0722,0.0002,0.0001,0.0000,0.0000,0.0001
679,14.2272,0.0000,12.6849,4.2115,,true,0,0.008333,0.0000,0.0000,1.00,0.00,0.0000,22,1,335,362,0,0,100,5,16,16,0,0,35158,1541,0,0,922288128,0.000000,0.000000,0.000000,0.00,0,0,0,0,0,20,39,30,14,30,30,30,30,30,30,36,16,0,0.0002,0.0007,0.0410,0.0281,0.0020,0.0000,0.0025,4.2115,0.0087,0.0000,0.0000,0.0000,0.8387,0.0002,0.4178,0.1147,0.0005,0.0003,0.0000,0.0000,0.0002
680,14.2387,0.0000,11.7467,3.9402,,true,0,0.008333,0.0000,0.0000,1.00,0.00,0.0000,22,1,335,362,0,0,100,5,16,16,0,0,35158,1541,0,0,922288128,0.000000,0.000000,0.000000,0.00,0,0,0,0,0,20,39,30,14,30,30,30,30,30,30,36,16,0,0.0004,0.0005,0.0270,0.0205,0.0018,0.0000,0.0033,3.9402,0.0072,0.0000,0.0000,0.0000,0.6391,0.0003,0.3037,0.0871,0.0005,0.0003,0.0000,0.0000,0.0001
681,14.2523,0.0000,12.9854,4.3866,,true,0,0.008333,0.0000,0.0000,1.00,0.00,0.0000,22,1,335,362,0,0,100,5,16,16,0,0,35158,1541,0,0,922288128,0.000000,0.000000,0.000000,0.00,0,0,0,0,0,20,39,30,14,30,30,30,30,30,30,36,16,0,0.0001,0.0009,0.0451,0.0182,0.0018,0.0000,0.0026,4.3866,0.0160,0.0000,0.0000,0.0000,0.8579,0.0002,0.4305,0.1173,0.0005,0.0004,0.0000,0.0000,0.0003
682,14.2658,0.0000,13.8758,3.8841,,true,0,0.008333,0.0000,0.0000,1.00,0.00,0.0000,22,1,335,362,0,0,100,5,16,16,0,0,35158,1541,0,0,922288128,0.000000,0.000000,0.000000,0.00,0,0,0,0,0,20,39,30,14,30,30,30,30,30,30,36,16,0,0.0003,0.0008,0.0342,0.0454,0.0044,0.0000,0.0025,3.8841,0.0084,0.0000,0.0000,0.0000,0.6703,0.0002,0.3352,0.0973,0.0005,0.0004,0.0000,0.0000,0.0002
683,14.2790,0.0000,13.7576,3.6494,,true,0,0.008333,0.0000,0.0000,1.00,0.00,0.0000,22,1,335,362,0,0,100,5,16,16,0,0,35158,1541,0,0,922288128,0.000000,0.000000,0.000000,0.00,0,0,0,0,0,20,39,30,14,30,30,30,30,30,30,36,16,0,0.0003,0.0007,0.0280,0.0280,0.0021,0.0000,0.0021,3.6494,0.0112,0.0000,0.0000,0.0000,0.6628,0.0001,0.3286,0.0846,0.0004,0.0002,0.0000,0.0000,0.0001
684,14.2913,0.0000,12.1173,3.8277,,true,0,0.008333,0.0000,0.0000,1.00,0.00,0.0000,22,1,335,362,0,0,100,5,16,16,0,0,35158,1541,0,0,922288128,0.000000,0.000000,0.000000,0.00,0,0,0,0,0,20,39,30,14,30,30,30,30,30,30,36,16,0,0.0002,0.0006,0.0257,0.0308,0.0020,0.0000,0.0019,3.8277,0.0064,0.0000,0.0000,0.0000,1.0279,0.0001,0.5363,0.1097,0.0008,0.0005,0.0000,0.0000,0.0002
685,14.3031,0.0000,12.1469,3.3307,,true,0,0.008333,0.0000,0.0000,1.00,0.00,0.0000,22,1,335,362,0,0,100,5,16,16,0,0,35158,1541,0,0,922288128,0.000000,0.000000,0.000000,0.00,0,0,0,0,0,20,39,30,14,30,30,30,30,30,30,36,16,0,0.0001,0.0005,0.0259,0.0194,0.0013,0.0000,0.0010,3.3307,0.0052,0.0000,0.0000,0.0000,0.5954,0.0001,0.3012,0.0843,0.0003,0.0005,0.0000,0.0000,0.0001
686,14.3168,0.0000,12.7320,4.3742,,true,0,0.008333,0.0000,0.0000,1.00,0.00,0.0000,22,1,335,362,0,0,100,5,16,16,0,0,35158,1541,0,0,922288128,0.000000,0.000000,0.000000,0.00,0,0,0,0,0,20,39,30,14,30,30,30,30,30,30,36,16,0,0.0002,0.0012,0.0412,0.0301,0.0028,0.0000,0.0034,4.3742,0.0082,0.0000,0.0000,0.0000,0.8419,0.0002,0.4261,0.1185,0.0006,0.0004,0.0000,0.0000,0.0002
687,14.3291,0.0000,12.6608,3.9487,,true,0,0.008333,0.0000,0.0000,1.00,0.00,0.0000,22,1,335,362,0,0,100,5,16,16,0,0,35158,1541,0,0,922288128,0.000000,0.000000,0.000000,0.00,0,0,0,0,0,20,39,30,14,30,30,30,30,30,30,36,16,0,0.0002,0.0006,0.0230,0.0206,0.0018,0.0000,0.0028,3.9487,0.0048,0.0000,0.0000,0.0000,0.5942,0.0000,0.3001,0.0852,0.0005,0.0003,0.0000,0.0000,0.0001
688,14.3416,0.0000,13.0800,3.5000,,true,0,0.008333,0.0000,0.0000,1.00,0.00,0.0000,22,1,335,362,0,0,100,5,16,16,0,0,35158,1541,0,0,922292224,0.000000,0.000000,0.000000,0.00,0,0,0,0,0,20,39,30,14,30,30,30,30,30,30,36,16,0,0.0001,0.0006,0.0261,0.0291,0.0021,0.0000,0.0027,3.5000,0.0049,0.0000,0.0000,0.0000,0.5913,0.0001,0.2975,0.0846,0.0002,0.0001,0.0000,0.0000,0.0001
689,14.3550,0.0000,12.4297,4.4037,,true,0,0.008333,0.0000,0.0000,1.00,0.00,0.0000,22,1,335,362,0,0,100,5,16,16,0,0,35158,1541,0,0,922292224,0.000000,0.000000,0.000000,0.00,0,0,0,0,0,20,39,30,14,30,30,30,30,30,30,36,16,0,0.0003,0.0008,0.0469,0.0335,0.0023,0.0000,0.0032,4.4037,0.0129,0.0000,0.0000,0.0000,0.9360,0.0001,0.4599,0.0972,0.0004,0.0002,0.0000,0.0000,0.0002
690,14.3678,0.0000,13.4564,3.7481,,true,0,0.008333,0.0000,0.0000,1.00,0.00,0.0000,22,1,335,362,0,0,100,5,16,16,0,0,35158,1541,0,0,922292224,0.000000,0.000000,0.000000,0.00,0,0,0,0,0,20,39,30,14,30,30,30,30,30,30,36,16,0,0.0001,0.0008,0.0275,0.0207,0.0020,0.0000,0.0035,3.7481,0.0073,0.0000,0.0000,0.0000,0.6055,0.0002,0.2983,0.0865,0.0005,0.0005,0.0000,0.0000,0.0001
691,14.3818,0.0000,13.1630,4.6151,,true,0,0.008333,0.0000,0.0000,1.00,0.00,0.0000,22,1,335,362,0,0,100,5,16,16,0,0,35158,1541,0,0,922292224,0.000000,0.000000,0.000000,0.00,0,0,0,0,0,20,39,30,14,30,30,30,30,30,30,36,16,0,0.0002,0.0005,0.0405,0.0216,0.0024,0.0000,0.0026,4.6151,0.0102,0.0000,0.0000,0.0000,0.8690,0.0003,0.4408,0.1196,0.0006,0.0005,0.0000,0.0000,0.0003
692,14.3930,0.0000,12.2518,3.4869,,true,0,0.008333,0.0000,0.0000,1.00,0.00,0.0000,22,1,335,362,0,0,100,5,16,16,0,0,35158,1541,0,0,922292224,0.000000,0.000000,0.000000,0.00,0,0,0,0,0,20,39,30,14,30,30,30,30,30,30,36,16,0,0.0001,0.0004,0.0278,0.0161,0.0010,0.0000,0.0025,3.4869,0.0075,0.0000,0.0000,0.0000,0.6164,0.0003,0.3091,0.0870,0.0006,0.0003,0.0000,0.0000,0.0002
693,14.4057,0.0000,12.7640,3.3924,,true,0,0.008333,0.0000,0.0000,1.00,0.00,0.0000,22,1,335,362,0,0,100,5,16,16,0,0,35158,1541,0,0,922292224,0.000000,0.000000,0.000000,0.00,0,0,0,0,0,20,39,30,14,30,30,30,30,30,30,36,16,0,0.0002,0.0005,0.0235,0.0182,0.0016,0.0000,0.0023,3.3924,0.0062,0.0000,0.0000,0.0000,0.5994,0.0001,0.2978,0.0924,0.0003,0.0004,0.0000,0.0000,0.0001
694,14.4192,0.0000,12.8075,4.2770,,true,0,0.008333,0.0000,0.0000,1.00,0.00,0.0000,22,1,335,362,0,0,100,5,16,16,0,0,35158,1541,0,0,922292224,0.000000,0.000000,0.000000,0.00,0,0,0,0,0,20,39,30,14,30,30,30,30,30,30,36,16,0,0.0003,0.0007,0.0260,0.0288,0.0041,0.0000,0.0024,4.2770,0.0061,0.0000,0.0000,0.0000,0.6295,0.0001,0.3012,0.0879,0.0004,0.0003,0.0000,0.0000,0.0001
695,14.4332,0.0000,13.7953,4.2754,,true,0,0.008333,0.0000,0.0000,1.00,0.00,0.0000,22,1,335,362,0,0,100,5,16,16,0,0,35158,1541,0,0,922292224,0.000000,0.000000,0.000000,0.00,0,0,0,0,0,20,39,30,14,30,30,30,30,30,30,36,16,0,0.0002,0.0008,0.0357,0.0302,0.0027,0.0000,0.0018,4.2754,0.0217,0.0000,0.0000,0.0000,0.8733,0.0002,0.4205,0.1436,0.0010,0.0004,0.0000,0.0000,0.0002
696,14.4460,0.0000,12.4575,4.6959,,true,0,0.008333,0.0000,0.0000,1.00,0.00,0.0000,22,1,335,362,0,0,100,5,16,16,0,0,35158,1541,0,0,922292224,0.000000,0.000000,0.000000,0.00,0,0,0,0,0,20,39,30,14,30,30,30,30,30,30,36,16,0,0.0003,0.0005,0.0282,0.0192,0.0013,0.0000,0.0022,4.6959,0.0062,0.0000,0.0000,0.0000,0.6163,0.0001,0.3014,0.0967,0.0004,0.0003,0.0000,0.0000,0.0001
697,14.4586,0.0000,12.5761,4.7606,,true,0,0.008333,0.0000,0.0000,1.00,0.00,0.0000,22,1,335,362,0,0,100,5,16,16,0,0,35158,1541,0,0,922292224,0.000000,0.000000,0.000000,0.00,0,0,0,0,0,20,39,30,14,30,30,30,30,30,30,36,16,0,0.0003,0.0008,0.0300,0.0326,0.0024,0.0000,0.0029,4.7606,0.0068,0.0000,0.0000,0.0000,0.8220,0.0001,0.4377,0.0838,0.0009,0.0004,0.0000,0.0000,0.0003
698,14.4718,0.0000,13.6492,4.1491,,true,0,0.008333,0.0000,0.0000,1.00,0.00,0.0000,22,1,335,362,0,0,100,5,16,16,0,0,35158,1541,0,0,922296320,0.000000,0.000000,0.000000,0.00,0,0,0,0,0,20,39,30,14,30,30,30,30,30,30,36,16,0,0.0002,0.0009,0.0306,0.0217,0.0019,0.0000,0.0033,4.1491,0.0065,0.0000,0.0000,0.0000,0.6247,0.0001,0.3200,0.0885,0.0005,0.0004,0.0000,0.0000,0.0004
699,14.4845,0.0000,12.7992,4.1985,,true,0,0.008333,0.0000,0.0000,1.00,0.00,0.0000,22,1,335,362,0,0,100,5,16,16,0,0,35158,1541,0,0,922296320,0.000000,0.000000,0.000000,0.00,0,0,0,0,0,20,39,30,14,30,30,30,30,30,30,36,16,0,0.0001,0.0007,0.0244,0.0202,0.0013,0.0000,0.0030,4.1985,0.0063,0.0000,0.0000,0.0000,0.6094,0.0001,0.3026,0.0849,0.0003,0.0003,0.0000,0.0000,0.0001
700,14.4983,0.0000,13.6508,4.2822,,true,0,0.008333,0.0000,0.0000,1.00,0.00,0.0000,22,1,335,362,0,0,100,5,16,16,0,0,35158,1541,0,0,922296320,0.000000,0.000000,0.000000,0.00,0,0,0,0,0,20,39,30,14,30,30,30,30,30,30,36,16,0,0.0003,0.0004,0.0271,0.0303,0.0023,0.0000,0.0032,4.2822,0.0063,0.0000,0.0000,0.0000,0.6700,0.0001,0.3131,0.1156,0.0012,0.0011,0.0000,0.0000,0.0001
701,14.5110,0.0000,12.3410,4.6022,,true,0,0.008333,0.0000,0.0000,1.00,0.00,0.0000,22,1,335,362,0,0,100,5,16,16,0,0,35158,1541,0,0,922296320,0.000000,0.000000,0.000000,0.00,0,0,0,0,0,20,39,30,14,30,30,30,30,30,30,36,16,0,0.0002,0.0006,0.0413,0.0265,0.0018,0.0000,0.0031,4.6022,0.0110,0.0000,0.0000,0.0000,0.8842,0.0003,0.4378,0.1382,0.0008,0.0005,0.0000,0.0000,0.0002
702,14.5245,0.0000,12.9166,5.0010,,true,0,0.008333,0.0000,0.0000,1.00,0.00,0.0000,22,1,335,362,0,0,100,5,16,16,0,0,35158,1541,0,0,922296320,0.000000,0.000000,0.000000,0.00,0,0,0,0,0,20,39,30,14,30,30,30,30,30,30,36,16,0,0.0002,0.0006,0.0396,0.0311,0.0030,0.0000,0.0025,5.0010,0.0193,0.0000,0.0000,0.0000,0.9795,0.0001,0.4769,0.1624,0.0007,0.0004,0.0000,0.0000,0.0002
703,14.5380,0.0000,13.6436,4.9108,,true,0,0.008333,0.0000,0.0000,1.00,0.00,0.0000,22,1,335,362,0,0,100,5,16,16,0,0,35158,1541,0,0,922296320,0.000000,0.000000,0.000000,0.00,0,0,0,0,0,20,39,30,14,30,30,30,30,30,30,36,16,0,0.0003,0.0012,0.0407,0.0369,0.0027,0.0000,0.0028,4.9108,0.0098,0.0000,0.0000,0.0000,0.9293,0.0008,0.4212,0.1853,0.0016,0.0009,0.0000,0.0000,0.0005
704,14.5517,0.0000,14.3774,4.5347,,true,0,0.008333,0.0000,0.0000,1.00,0.00,0.0000,22,1,335,362,0,0,100,5,16,16,0,0,35158,1541,0,0,922296320,0.000000,0.000000,0.000000,0.00,0,0,0,0,0,20,39,30,14,30,30,30,30,30,30,36,16,0,0.0004,0.0013,0.0277,0.0425,0.0050,0.0000,0.0050,4.5347,0.0089,0.0000,0.0000,0.0000,0.6711,0.0002,0.2997,0.1028,0.0005,0.0004,0.0000,0.0000,0.0004
705,14.5663,0.0000,13.7952,5.1843,,true,0,0.008333,0.0000,0.0000,1.00,0.00,0.0000,22,1,335,362,0,0,100,5,16,16,0,0,35158,1541,0,0,922296320,0.000000,0.000000,0.000000,0.00,0,0,0,0,0,20,39,30,14,30,30,30,30,30,30,36,16,0,0.0004,0.0008,0.0484,0.0345,0.0038,0.0000,0.0034,5.1843,0.0192,0.0000,0.0000,0.0000,0.9740,0.0003,0.4800,0.1269,0.0007,0.0004,0.0000,0.0000,0.0005
706,14.5786,0.0000,12.9526,4.6457,,true,0,0.008333,0.0000,0.0000,1.00,0.00,0.0000,22,1,335,362,0,0,100,5,16,16,0,0,35158,1541,0,0,922296320,0.000000,0.000000,0.000000,0.00,0,0,0,0,0,20,39,30,14,30,30,30,30,30,30,36,16,0,0.0002,0.0010,0.0621,0.0242,0.0022,0.0000,0.0043,4.6457,0.0104,0.0000,0.0000,0.0000,0.9626,0.0003,0.4376,0.1221,0.0009,0.0004,0.0000,0.0000,0.0004
707,14.5901,0.0000,12.2358,3.9435,,true,0,0.008333,0.0000,0.0000,1.00,0.00,0.0000,22,1,335,362,0,0,100,5,16,16,0,0,35158,1541,0,0,922300416,0.000000,0.000000,0.000000,0.00,0,0,0,0,0,20,39,30,14,30,30,30,30,30,30,36,16,0,0.0002,0.0010,0.0248,0.0242,0.0018,0.0000,0.0033,3.9435,0.0080,0.0000,0.0000,0.0000,0.6261,0.0002,0.3007,0.0915,0.0007,0.0004,0.0000,0.0000,0.0002
708,14.6038,0.0000,13.4241,4.1453,,true,0,0.008333,0.0000,0.0000,1.00,0.00,0.0000,22,1,335,362,0,0,100,5,16,16,0,0,35158,1541,0,0,922300416,0.000000,0.000000,0.000000,0.00,0,0,0,0,0,20,39,30,14,30,30,30,30,30,30,36,16,0,0.0004,0.0009,0.0398,0.0262,0.0026,0.0000,0.0023,4.1453,0.0101,0.0000,0.0000,0.0000,0.8861,0.0004,0.4313,0.1441,0.0013,0.0007,0.0000,0.0000,0.0001
709,14.6166,0.0000,12.8553,3.9936,,true,0,0.008333,0.0000,0.0000,1.00,0.00,0.0000,22,1,335,362,0,0,100,5,16,16,0,0,35158,1541,0,0,922300416,0.000000,0.000000,0.000000,0.00,0,0,0,0,0,20,39,30,14,30,30,30,30,30,30,36,16,0,0.0001,0.0006,0.0342,0.0234,0.0020,0.0000,0.0019,3.9936,0.0181,0.0000,0.0000,0.0000,0.6579,0.0002,0.3153,0.1111,0.0005,0.0003,0.0000,0.0000,0.0002
710,14.6292,0.0000,12.5620,3.6913,,true,0,0.008333,0.0000,0.0000,1.00,0.00,0.0000,22,1,335,362,0,0,100,5,16,16,0,0,35158,1541,0,0,922300416,0.000000,0.000000,0.000000,0.00,0,0,0,0,0,20,39,30,14,30,30,30,30,30,30,36,16,0,0.0001,0.0005,0.0278,0.0209,0.0026,0.0000,0.0013,3.6913,0.0070,0.0000,0.0000,0.0000,0.6401,0.0001,0.3189,0.1012,0.0007,0.0003,0.0000,0.0000,0.0001
711,14.6418,0.0000,13.0826,3.4366,,true,0,0.008333,0.0000,0.0000,1.00,0.00,0.0000,22,1,335,362,0,0,100,5,16,16,0,0,35158,1541,0,0,922300416,0.000000,0.000000,0.000000,0.00,0,0,0,0,0,20,39,30,14,30,30,30,30,30,30,36,16,0,0.0001,0.0004,0.0273,0.0183,0.0019,0.0000,0.0017,3.4366,0.0049,0.0000,0.0000,0.0000,0.6359,0.0001,0.3299,0.0886,0.0004,0.0003,0.0000,0.0000,0.0000
712,14.6580,0.0000,15.1762,4.8457,,true,0,0.008333,0.0000,0.0000,1.00,0.00,0.0000,22,1,335,362,0,0,100,5,16,16,0,0,35158,1541,0,0,922300416,0.000000,0.000000,0.000000,0.00,0,0,0,0,0,20,39,30,14,30,30,30,30,30,30,36,16,0,0.0003,0.0010,0.0276,0.0333,0.0057,0.0000,0.0030,4.8457,0.0068,0.0000,0.0000,0.0000,0.7270,0.0001,0.3093,0.1186,0.0005,0.0002,0.0000,0.0000,0.0001
713,14.6703,0.0000,12.7413,4.3594,,true,0,0.008333,0.0000,0.0000,1.00,0.00,0.0000,22,1,335,362,0,0,100,5,16,16,0,0,35158,1541,0,0,922300416,0.000000,0.000000,0.000000,0.00,0,0,0,0,0,20,39,30,14,30,30,30,30,30,30,36,16,0,0.0004,0.0009,0.0239,0.0209,0.0025,0.0000,0.0029,4.3594,0.0059,0.0000,0.0000,0.0000,0.6663,0.0001,0.3255,0.0895,0.0005,0.0002,0.0000,0.0000,0.0001
714,14.6828,0.0000,12.9023,4.0798,,true,0,0.008333,0.0000,0.0000,1.00,0.00,0.0000,22,1,335,362,0,0,100,5,16,16,0,0,35158,1541,0,0,922300416,0.000000,0.000000,0.000000,0.00,0,0,0,0,0,20,39,30,14,30,30,30,30,30,30,36,16,0,0.0003,0.0009,0.0284,0.0301,0.0032,0.0000,0.0030,4.0798,0.0050,0.0000,0.0000,0.0000,0.8997,0.0002,0.4395,0.1180,0.0006,0.0004,0.0000,0.0000,0.0003
715,14.6948,0.0000,12.1385,3.9258,,true,0,0.008333,0.0000,0.0000,1.00,0.00,0.0000,22,1,335,362,0,0,100,5,16,16,0,0,35158,1541,0,0,922300416,0.000000,0.000000,0.000000,0.00,0,0,0,0,0,20,39,30,14,30,30,30,30,30,30,36,16,0,0.0002,0.0004,0.0245,0.0211,0.0023,0.0000,0.0018,3.9258,0.0050,0.0000,0.0000,0.0000,0.6446,0.0001,0.3134,0.1032,0.0012,0.0005,0.0000,0.0000,0.0001
716,14.7087,0.0000,13.1141,4.5000,,true,0,0.008333,0.0000,0.0000,1.00,0.00,0.0000,22,1,335,362,0,0,100,5,16,16,0,0,35158,1541,0,0,922304512,0.000000,0.000000,0.000000,0.00,0,0,0,0,0,20,39,30,14,30,30,30,30,30,30,36,16,0,0.0003,0.0020,0.0329,0.0492,0.0037,0.0000,0.0057,4.5000,0.0096,0.0000,0.0000,0.0000,0.8765,0.0004,0.4257,0.1198,0.0005,0.0004,0.0000,0.0000,0.0004
717,14.7212,0.0000,12.1214,4.7234,,true,0,0.008333,0.0000,0.0000,1.00,0.00,0.0000,22,1,335,362,0,0,100,5,16,16,0,0,35158,1541,0,0,922304512,0.000000,0.000000,0.000000,0.00,0,0,0,0,0,20,39,30,14,30,30,30,30,30,30,36,16,0,0.0003,0.0005,0.0325,0.0217,0.0019,0.0000,0.0035,4.7234,0.0101,0.0000,0.0000,0.0000,0.7288,0.0003,0.3595,0.1290,0.0012,0.0005,0.0000,0.0000,0.0002
718,14.7318,0.0000,12.2235,3.4821,,true,0,0.008333,0.0000,0.0000,1.00,0.00,0.0000,22,1,335,362,0,0,100,5,16,16,0,0,35158,1541,0,0,922304512,0.000000,0.000000,0.000000,0.00,0,0,0,0,0,20,39,30,14,30,30,30,30,30,30,36,16,0,0.0002,0.0004,0.0360,0.0285,0.0039,0.0000,0.0018,3.4821,0.0063,0.0000,0.0000,0.0000,0.6078,0.0002,0.3068,0.0871,0.0005,0.0004,0.0000,0.0000,0.0001
719,14.7448,0.0000,13.0365,3.4062,,true,0,0.008333,0.0000,0.0000,1.00,0.00,0.0000,22,1,335,362,0,0,100,5,16,16,0,0,35158,1541,0,0,922304512,0.000000,0.000000,0.000000,0.00,0,0,0,0,0,20,39,30,14,30,30,30,30,30,30,36,16,0,0.0004,0.0006,0.0246,0.0290,0.0041,0.0000,0.0039,3.4062,0.0062,0.0000,0.0000,0.0000,0.6169,0.0001,0.3007,0.0958,0.0004,0.0003,0.0000,0.0000,0.0001
720,14.7581,0.0000,13.1334,3.4419,,true,0,0.008333,0.0000,0.0000,1.00,0.00,0.0000,22,1,335,362,0,0,100,5,16,16,0,0,35158,1541,0,0,922304512,0.000000,0.000000,0.000000,0.00,0,0,0,0,0,20,39,30,14,30,30,30,30,30,30,36,16,0,0.0001,0.0005,0.0277,0.0171,0.0017,0.0000,0.0019,3.4419,0.0063,0.0000,0.0000,0.0000,0.6054,0.0002,0.3068,0.0872,0.0004,0.0005,0.0000,0.0000,0.0001
721,14.7732,0.0000,13.8339,4.4689,,true,0,0.008333,0.0000,0.0000,1.00,0.00,0.0000,22,1,335,362,0,0,100,5,16,16,0,0,35158,1541,0,0,922304512,0.000000,0.000000,0.000000,0.00,0,0,0,0,0,20,39,30,14,30,30,30,30,30,30,36,16,0,0.0005,0.0008,0.0416,0.0194,0.0018,0.0000,0.0036,4.4689,0.0101,0.0000,0.0000,0.0000,0.9105,0.0003,0.4215,0.1245,0.0006,0.0004,0.0000,0.0000,0.0005
722,14.7853,0.0000,12.2283,4.3488,,true,0,0.008333,0.0000,0.0000,1.00,0.00,0.0000,22,1,335,362,0,0,100,5,16,16,0,0,35158,1541,0,0,922304512,0.000000,0.000000,0.000000,0.00,0,0,0,0,0,20,39,30,14,30,30,30,30,30,30,36,16,0,0.0002,0.0011,0.0305,0.0173,0.0013,0.0000,0.0030,4.3488,0.0123,0.0000,0.0000,0.0000,0.8489,0.0002,0.3906,0.1317,0.0025,0.0004,0.0000,0.0000,0.0004
723,14.7978,0.0000,12.4590,4.4220,,true,0,0.008333,0.0000,0.0000,1.00,0.00,0.0000,22,1,335,362,0,0,100,5,16,16,0,0,35158,1541,0,0,922304512,0.000000,0.000000,0.000000,0.00,0,0,0,0,0,20,39,30,14,30,30,30,30,30,30,36,16,0,0.0002,0.0005,0.0404,0.0169,0.0012,0.0000,0.0019,4.4220,0.0159,0.0000,0.0000,0.0000,0.9226,0.0004,0.4282,0.1169,0.0007,0.0004,0.0000,0.0000,0.0004
724,14.8101,0.0000,12.6325,4.2809,,true,0,0.008333,0.0000,0.0000,1.00,0.00,0.0000,22,1,335,362,0,0,100,5,16,16,0,0,35158,1541,0,0,922304512,0.000000,0.000000,0.000000,0.00,0,0,0,0,0,20,39,30,14,30,30,30,30,30,30,36,16,0,0.0002,0.0008,0.0389,0.0173,0.0009,0.0000,0.0038,4.2809,0.0091,0.0000,0.0000,0.0000,0.8294,0.0003,0.4042,0.1179,0.0006,0.0003,0.0000,0.0000,0.0003
725,14.8244,0.0000,13.3402,4.8561,,true,0,0.008333,0.0000,0.0000,1.00,0.00,0.0000,22,1,335,362,0,0,100,5,16,16,0,0,35158,1541,0,0,922308608,0.000000,0.000000,0.000000,0.00,0,0,0,0,0,20,39,30,14,30,30,30,30,30,30,36,16,0,0.0002,0.0006,0.0405,0.0292,0.0027,0.0000,0.0025,4.8561,0.0095,0.0000,0.0000,0.0000,0.8302,0.0002,0.4098,0.1183,0.0005,0.0003,0.0000,0.0000,0.0003
726,14.8367,0.0000,12.8321,4.4861,,true,0,0.008333,0.0000,0.0000,1.00,0.00,0.0000,22,1,335,362,0,0,100,5,16,16,0,0,35158,1541,0,0,922308608,0.000000,0.000000,0.000000,0.00,0,0,0,0,0,20,39,30,14,30,30,30,30,30,30,36,16,0,0.0002,0.0006,0.0260,0.0198,0.0019,0.0000,0.0024,4.4861,0.0077,0.0000,0.0000,0.0000,0.8525,0.0002,0.4291,0.1166,0.0006,0.0004,0.0000,0.0000,0.0003
727,14.8493,0.0000,13.5175,3.7364,,true,0,0.008333,0.0000,0.0000,1.00,0.00,0.0000,22,1,335,362,0,0,100,5,16,16,0,0,35158,1541,0,0,922308608,0.000000,0.000000,0.000000,0.00,0,0,0,0,0,20,39,30,14,30,30,30,30,30,30,36,16,0,0.0002,0.0006,0.0266,0.0173,0.0011,0.0000,0.0029,3.7364,0.0057,0.0000,0.0000,0.0000,0.6204,0.0002,0.3130,0.0919,0.0006,0.0002,0.0000,0.0000,0.0002
728,14.8628,0.0000,12.6554,4.4873,,true,0,0.008333,0.0000,0.0000,1.00,0.00,0.0000,22,1,335,362,0,0,100,5,16,16,0,0,35158,1541,0,0,922308608,0.000000,0.000000,0.000000,0.00,0,0,0,0,0,20,39,30,14,30,30,30,30,30,30,36,16,0,0.0003,0.0005,0.0233,0.0178,0.0013,0.0000,0.0025,4.4873,0.0058,0.0000,0.0000,0.0000,0.6649,0.0001,0.3496,0.0981,0.0003,0.0002,0.0000,0.0000,0.0002
729,14.8771,0.0000,14.7584,4.2494,,true,0,0.008333,0.0000,0.0000,1.00,0.00,0.0000,22,1,335,362,0,0,100,5,16,16,0,0,35158,1541,0,0,922308608,0.000000,0.000000,0.000000,0.00,0,0,0,0,0,20,39,30,14,30,30,30,30,30,30,36,16,0,0.0002,0.0011,0.0272,0.0318,0.0023,0.0000,0.0054,4.2494,0.0073,0.0000,0.0000,0.0000,0.6967,0.0004,0.3029,0.1116,0.0006,0.0003,0.0000,0.0000,0.0003
730,14.8891,0.0000,12.2372,4.0461,,true,0,0.008333,0.0000,0.0000,1.00,0.00,0.0000,22,1,335,362,0,0,100,5,16,16,0,0,35158,1541,0,0,922308608,0.000000,0.000000,0.000000,0.00,0,0,0,0,0,20,39,30,14,30,30,30,30,30,30,36,16,0,0.0003,0.0007,0.0326,0.0667,0.0024,0.0000,0.0032,4.0461,0.0082,0.0000,0.0000,0.0000,0.7419,0.0001,0.3116,0.1057,0.0006,0.0008,0.0000,0.0000,0.0002
731,14.9032,0.0000,12.9721,4.7854,,true,0,0.008333,0.0000,0.0000,1.00,0.00,0.0000,22,1,335,362,0,0,100,5,16,16,0,0,35158,1541,0,0,922308608,0.000000,0.000000,0.000000,0.00,0,0,0,0,0,20,39,30,14,30,30,30,30,30,30,36,16,0,0.0003,0.0011,0.0412,0.0306,0.0034,0.0000,0.0031,4.7854,0.0111,0.0000,0.0000,0.0000,0.8739,0.0003,0.4431,0.1189,0.0006,0.0003,0.0000,0.0000,0.0007
732,14.9205,0.0000,13.3435,9.1225,,true,0,0.008333,0.0000,0.0000,1.00,0.00,0.0000,22,1,335,362,0,0,100,5,16,16,0,0,35158,1541,0,0,922308608,0.000000,0.000000,0.000000,0.00,0,0,0,0,0,20,39,30,14,30,30,30,30,30,30,36,16,0,0.0003,0.0032,0.0414,0.0280,0.0021,0.0000,0.0028,9.1225,0.0140,0.0000,0.0000,0.0000,4.6337,0.0002,0.3199,0.1244,0.5242,0.0005,0.0000,0.0000,3.3883
733,14.9287,0.0000,12.7423,4.5640,,true,0,0.008333,0.0000,0.0000,1.00,0.00,0.0000,22,1,335,362,0,0,100,5,16,16,0,0,35158,1541,0,0,922308608,0.000000,0.000000,0.000000,0.00,0,0,0,0,0,20,39,30,14,30,30,30,30,30,30,36,16,0,0.0002,0.0008,0.0384,0.0247,0.0018,0.0000,0.0034,4.5640,0.0108,0.0000,0.0000,0.0000,0.8413,0.0002,0.4161,0.1230,0.0007,0.0008,0.0000,0.0000,0.0002
734,14.9422,0.0000,12.8554,5.1695,,true,0,0.008333,0.0000,0.0000,1.00,0.00,0.0000,22,1,335,362,0,0,100,5,16,16,0,0,35158,1541,0,0,922308608,0.000000,0.000000,0.000000,0.00,0,0,0,0,0,20,39,30,14,30,30,30,30,30,30,36,16,0,0.0001,0.0007,0.0573,0.0278,0.0027,0.0000,0.0036,5.1695,0.0126,0.0000,0.0000,0.0000,0.9549,0.0003,0.4445,0.1545,0.0007,0.0003,0.0000,0.0000,0.0007
735,14.9539,0.0000,12.6331,4.1398,,true,0,0.008333,0.0000,0.0000,1.00,0.00,0.0000,22,1,335,362,0,0,100,5,16,16,0,0,35158,1541,0,0,922312704,0.000000,0.000000,0.000000,0.00,0,0,0,0,0,20,39,30,14,30,30,30,30,30,30,36,16,0,0.0003,0.0007,0.0390,0.0245,0.0016,0.0000,0.0036,4.1398,0.0094,0.0000,0.0000,0.0000,0.8736,0.0003,0.4354,0.1161,0.0006,0.0009,0.0000,0.0000,0.0004
736,14.9673,0.0000,12.4995,5.0188,,true,0,0.008333,0.0000,0.0000,1.00,0.00,0.0000,22,1,335,362,0,0,100,5,16,16,0,0,35158,1541,0,0,922312704,0.000000,0.000000,0.000000,0.00,0,0,0,0,0,20,39,30,14,30,30,30,30,30,30,36,16,0,0.0002,0.0006,0.0398,0.0251,0.0026,0.0000,0.0026,5.0188,0.0093,0.0000,0.0000,0.0000,0.7074,0.0005,0.3110,0.1442,0.0030,0.0006,0.0000,0.0000,0.0003
737,14.9793,0.0000,13.1522,3.9475,,true,0,0.008333,0.0000,0.0000,1.00,0.00,0.0000,22,1,335,362,0,0,100,5,16,16,0,0,35158,1541,0,0,922312704,0.000000,0.000000,0.000000,0.00,0,0,0,0,0,20,39,30,14,30,30,30,30,30,30,36,16,0,0.0001,0.0006,0.1036,0.0219,0.0021,0.0000,0.0020,3.9475,0.0071,0.0000,0.0000,0.0000,0.6671,0.0001,0.3242,0.1109,0.0006,0.0005,0.0000,0.0000,0.0002
738,14.9920,0.0000,12.2893,4.2384,,true,0,0.008333,0.0000,0.0000,1.00,0.00,0.0000,22,1,335,362,0,0,100,5,16,16,0,0,35158,1541,0,0,922312704,0.000000,0.000000,0.000000,0.00,0,0,0,0,0,20,39,30,14,30,30,30,30,30,30,36,16,0,0.0003,0.0010,0.0398,0.0202,0.0019,0.0000,0.0033,4.2384,0.0098,0.0000,0.0000,0.0000,0.8471,0.0002,0.4131,0.1199,0.0006,0.0003,0.0000,0.0000,0.0003
739,15.0069,0.0000,13.0119,6.0198,,true,0,0.008333,0.0000,0.0000,1.00,0.00,0.0000,22,1,335,362,0,0,100,5,16,16,0,0,35158,1541,0,0,922312704,0.000000,0.000000,0.000000,0.00,0,0,0,0,0,20,39,30,14,30,30,30,30,30,30,36,16,0,0.0002,0.0005,0.0460,0.0184,0.0022,0.0000,0.0022,6.0198,0.0186,0.0000,0.0000,0.0000,0.7561,0.0003,0.3896,0.1237,0.0006,0.0006,0.0000,0.0000,0.0002
740,15.0209,0.0000,14.8522,5.2064,,true,0,0.008333,0.0000,0.0000,1.00,0.00,0.0000,22,1,335,362,0,0,100,5,16,16,0,0,35158,1541,0,0,922312704,0.000000,0.000000,0.000000,0.00,0,0,0,0,0,20,39,30,14,30,30,30,30,30,30,36,16,0,0.0003,0.0027,0.0426,0.0452,0.0030,0.0000,0.0023,5.2064,0.0099,0.0000,0.0000,0.0000,0.8896,0.0003,0.4090,0.1216,0.0008,0.0003,0.0000,0.0000,0.0003
741,15.0334,0.0000,12.7898,4.9041,,true,0,0.008333,0.0000,0.0000,1.00,0.00,0.0000,22,1,335,362,0,0,100,5,16,16,0,0,35158,1541,0,0,922312704,0.000000,0.000000,0.000000,0.00,0,0,0,0,0,20,39,30,14,30,30,30,30,30,30,36,16,0,0.0003,0.0009,0.0318,0.0291,0.0026,0.0000,0.0025,4.9041,0.0087,0.0000,0.0000,0.0000,0.9040,0.0003,0.4546,0.1365,0.0020,0.0010,0.0000,0.0000,0.0004
742,15.0464,0.0000,13.1442,4.6715,,true,0,0.008333,0.0000,0.0000,1.00,0.00,0.0000,22,1,335,362,0,0,100,5,16,16,0,0,35158,1541,0,0,922312704,0.000000,0.000000,0.000000,0.00,0,0,0,0,0,20,39,30,14,30,30,30,30,30,30,36,16,0,0.0002,0.0009,0.0511,0.0216,0.0022,0.0000,0.0026,4.6715,0.0075,0.0000,0.0000,0.0000,0.9309,0.0003,0.4462,0.1726,0.0013,0.0006,0.0000,0.0000,0.0003
743,15.0589,0.0000,12.7189,4.5614,,true,0,0.008333,0.0000,0.0000,1.00,0.00,0.0000,22,1,335,362,0,0,100,5,16,16,0,0,35158,1541,0,0,922312704,0.000000,0.000000,0.000000,0.00,0,0,0,0,0,20,39,30,14,30,30,30,30,30,30,36,16,0,0.0002,0.0005,0.0437,0.0297,0.0023,0.0000,0.0024,4.5614,0.0115,0.0000,0.0000,0.0000,0.9095,0.0002,0.4355,0.1583,0.0006,0.0003,0.0000,0.0000,0.0003
744,15.0720,0.0000,12.7895,4.8172,,true,0,0.008333,0.0000,0.0000,1.00,0.00,0.0000,22,1,335,362,0,0,100,5,16,16,0,0,35158,1541,0,0,922316800,0.000000,0.000000,0.000000,0.00,0,0,0,0,0,20,39,30,14,30,30,30,30,30,30,36,16,0,0.0002,0.0009,0.0308,0.0253,0.0027,0.0000,0.0025,4.8172,0.0512,0.0000,0.0000,0.0000,0.9050,0.0003,0.4205,0.1773,0.0006,0.0003,0.0000,0.0000,0.0003
745,15.0853,0.0000,13.1900,4.9828,,true,0,0.008333,0.0000,0.0000,1.00,0.00,0.0000,22,1,335,362,0,0,100,5,16,16,0,0,35158,1541,0,0,922316800,0.000000,0.000000,0.000000,0.00,0,0,0,0,0,20,39,30,14,30,30,30,30,30,30,36,16,0,0.0001,0.0011,0.0374,0.0302,0.0025,0.0000,0.0028,4.9828,0.0130,0.0000,0.0000,0.0000,0.8839,0.0001,0.4203,0.1616,0.0010,0.0008,0.0000,0.0000,0.0001
746,15.0974,0.0000,12.6155,4.5040,,true,0,0.008333,0.0000,0.0000,1.00,0.00,0.0000,22,1,335,362,0,0,100,5,16,16,0,0,35158,1541,0,0,922316800,0.000000,0.000000,0.000000,0.00,0,0,0,0,0,20,39,30,14,30,30,30,30,30,30,36,16,0,0.0002,0.0008,0.0445,0.0287,0.0023,0.0000,0.0029,4.5040,0.0147,0.0000,0.0000,0.0000,0.8760,0.0002,0.4215,0.1489,0.0006,0.0004,0.0000,0.0000,0.0003
747,15.1100,0.0000,12.3949,4.5971,,true,0,0.008333,0.0000,0.0000,1.00,0.00,0.0000,22,1,335,362,0,0,100,5,16,16,0,0,35158,1541,0,0,922316800,0.000000,0.000000,0.000000,0.00,0,0,0,0,0,20,39,30,14,30,30,30,30,30,30,36,16,0,0.0002,0.0010,0.0488,0.0289,0.0023,0.0000,0.0031,4.5971,0.0208,0.0000,0.0000,0.0000,0.8661,0.0003,0.4302,0.1259,0.0015,0.0004,0.0000,0.0000,0.0003
748,15.1234,0.0000,12.6165,5.3055,,true,0,0.008333,0.0000,0.0000,1.00,0.00,0.0000,22,1,335,362,0,0,100,5,16,16,0,0,35158,1541,0,0,922316800,0.000000,0.000000,0.000000,0.00,0,0,0,0,0,20,39,30,14,30,30,30,30,30,30,36,16,0,0.0001,0.0010,0.0409,0.0364,0.0031,0.0000,0.0025,5.3055,0.0111,0.0000,0.0000,0.0000,0.9691,0.0007,0.4500,0.1853,0.0014,0.0013,0.0000,0.0000,0.0003
749,15.1359,0.0000,13.4549,4.4649,,true,0,0.008333,0.0000,0.0000,1.00,0.00,0.0000,22,1,335,362,0,0,100,5,16,16,0,0,35158,1541,0,0,922316800,0.000000,0.000000,0.000000,0.00,0,0,0,0,0,20,39,30,14,30,30,30,30,30,30,36,16,0,0.0002,0.0007,0.0268,0.0253,0.0026,0.0000,0.0021,4.4649,0.0112,0.0000,0.0000,0.0000,0.6220,0.0002,0.3038,0.1015,0.0006,0.0002,0.0000,0.0000,0.0002
750,15.1514,0.0000,14.6351,5.3999,,true,0,0.008333,0.0000,0.0000,1.00,0.00,0.0000,22,1,335,362,0,0,100,5,16,16,0,0,35158,1541,0,0,922316800,0.000000,0.000000,0.000000,0.00,0,0,0,0,0,20,39,30,14,30,30,30,30,30,30,36,16,0,0.0002,0.0008,0.0419,0.0309,0.0034,0.0000,0.0029,5.3999,0.0120,0.0000,0.0000,0.0000,0.8574,0.0003,0.4210,0.1322,0.0008,0.0004,0.0000,0.0000,0.0004
751,15.1642,0.0000,13.1009,5.2256,,true,0,0.008333,0.0000,0.0000,1.00,0.00,0.0000,22,1,335,362,0,0,100,5,16,16,0,0,35158,1541,0,0,922316800,0.000000,0.000000,0.000000,0.00,0,0,0,0,0,20,39,30,14,30,30,30,30,30,30,36,16,0,0.0002,0.0092,0.0345,0.0305,0.0028,0.0000,0.0019,5.2256,0.0106,0.0000,0.0000,0.0000,0.9160,0.0003,0.4857,0.1216,0.0007,0.0004,0.0000,0.0000,0.0007
752,15.1780,0.0000,13.8028,5.1497,,true,0,0.008333,0.0000,0.0000,1.00,0.00,0.0000,22,1,335,362,0,0,100,5,16,16,0,0,35158,1541,0,0,922316800,0.000000,0.000000,0.000000,0.00,0,0,0,0,0,20,39,30,14,30,30,30,30,30,30,36,16,0,0.0002,0.0012,0.0347,0.0545,0.0200,0.0000,0.0057,5.1497,0.0097,0.0000,0.0000,0.0000,0.6469,0.0002,0.3100,0.0959,0.0009,0.0005,0.0000,0.0000,0.0002
753,15.1912,0.0000,13.1848,5.0217,,true,0,0.008333,0.0000,0.0000,1.00,0.00,0.0000,22,1,335,362,0,0,100,5,16,16,0,0,35158,1541,0,0,922320896,0.000000,0.000000,0.000000,0.00,0,0,0,0,0,20,39,30,14,30,30,30,30,30,30,36,16,0,0.0003,0.0012,0.0484,0.0296,0.0023,0.0000,0.0037,5.0217,0.0125,0.0000,0.0000,0.0000,1.1893,0.0003,0.6219,0.1497,0.0008,0.0004,0.0000,0.0000,0.0003
754,15.2055,0.0000,14.1884,5.3198,,true,0,0.008333,0.0000,0.0000,1.00,0.00,0.0000,22,1,335,362,0,0,100,5,16,16,0,0,35158,1541,0,0,922320896,0.000000,0.000000,0.000000,0.00,0,0,0,0,0,20,39,30,14,30,30,30,30,30,30,36,16,0,0.0002,0.0007,0.0478,0.0262,0.0020,0.0000,0.0023,5.3198,0.0133,0.0000,0.0000,0.0000,0.8490,0.0001,0.4226,0.1225,0.0006,0.0005,0.0000,0.0000,0.0003
755,15.2183,0.0000,12.9704,5.2319,,true,0,0.008333,0.0000,0.0000,1.00,0.00,0.0000,22,1,335,362,0,0,100,5,16,16,0,0,35158,1541,0,0,922320896,0.000000,0.000000,0.000000,0.00,0,0,0,0,0,20,39,30,14,30,30,30,30,30,30,36,16,0,0.0002,0.0009,0.0325,0.0346,0.0033,0.0000,0.0073,5.2319,0.0097,0.0000,0.0000,0.0000,0.9049,0.0004,0.4551,0.1326,0.0006,0.0004,0.0000,0.0000,0.0003
756,15.2317,0.0000,13.5191,5.1845,,true,0,0.008333,0.0000,0.0000,1.00,0.00,0.0000,22,1,335,362,0,0,100,5,16,16,0,0,35158,1541,0,0,922320896,0.000000,0.000000,0.000000,0.00,0,0,0,0,0,20,39,30,14,30,30,30,30,30,30,36,16,0,0.0002,0.0023,0.0342,0.0273,0.0023,0.0000,0.0030,5.1845,0.0096,0.0000,0.0000,0.0000,0.8275,0.0003,0.4454,0.0872,0.0013,0.0008,0.0000,0.0000,0.0003
757,15.2445,0.0000,13.1133,4.6737,,true,0,0.008333,0.0000,0.0000,1.00,0.00,0.0000,22,1,335,362,0,0,100,5,16,16,0,0,35158,1541,0,0,922320896,0.000000,0.000000,0.000000,0.00,0,0,0,0,0,20,39,30,14,30,30,30,30,30,30,36,16,0,0.0002,0.0009,0.0461,0.0322,0.0023,0.0000,0.0027,4.6737,0.0106,0.0000,0.0000,0.0000,0.8923,0.0005,0.4169,0.1479,0.0012,0.0010,0.0000,0.0000,0.0003
758,15.2595,0.0000,13.8966,5.7394,,true,0,0.008333,0.0000,0.0000,1.00,0.00,0.0000,22,1,335,362,0,0,100,5,16,16,0,0,35158,1541,0,0,922320896,0.000000,0.000000,0.000000,0.00,0,0,0,0,0,20,39,30,14,30,30,30,30,30,30,36,16,0,0.0003,0.0016,0.0419,0.0725,0.0081,0.0000,0.0056,5.7394,0.0109,0.0000,0.0000,0.0000,0.9970,0.0004,0.4242,0.1339,0.0006,0.0003,0.0000,0.0000,0.0003
759,15.2734,0.0000,14.2766,5.4335,,true,0,0.008333,0.0000,0.0000,1.00,0.00,0.0000,22,1,335,362,0,0,100,5,16,16,0,0,35158,1541,0,0,922320896,0.000000,0.000000,0.000000,0.00,0,0,0,0,0,20,39,30,14,30,30,30,30,30,30,36,16,0,0.0003,0.0023,0.0396,0.0358,0.0026,0.0000,0.0025,5.4335,0.0105,0.0000,0.0000,0.0000,0.9640,0.0003,0.4196,0.1255,0.0007,0.0005,0.0000,0.0000,0.0007
760,15.2864,0.0000,13.3410,5.0094,,true,0,0.008333,0.0000,0.0000,1.00,0.00,0.0000,22,1,335,362,0,0,100,5,16,16,0,0,35158,1541,0,0,922320896,0.000000,0.000000,0.000000,0.00,0,0,0,0,0,20,39,30,14,30,30,30,30,30,30,36,16,0,0.0003,0.0009,0.0457,0.0347,0.0029,0.0000,0.0034,5.0094,0.0121,0.0000,0.0000,0.0000,0.9494,0.0003,0.4575,0.1516,0.0007,0.0005,0.0000,0.0000,0.0006
761,15.3002,0.0000,13.2307,5.4638,,true,0,0.008333,0.0000,0.0000,1.00,0.00,0.0000,22,1,335,362,0,0,100,5,16,16,0,0,35158,1541,0,0,922320896,0.000000,0.000000,0.000000,0.00,0,0,0,0,0,20,39,30,14,30,30,30,30,30,30,36,16,0,0.0002,0.0011,0.0539,0.0315,0.0028,0.0000,0.0030,5.4638,0.0134,0.0000,0.0000,0.0000,1.2118,0.0003,0.6366,0.1555,0.0008,0.0004,0.0000,0.0000,0.0009
762,15.3147,0.0000,14.1900,6.1082,,true,0,0.008333,0.0000,0.0000,1.00,0.00,0.0000,22,1,335,362,0,0,100,5,16,16,0,0,35158,1541,0,0,922320896,0.000000,0.000000,0.000000,0.00,0,0,0,0,0,20,39,30,14,30,30,30,30,30,30,36,16,0,0.0002,0.0011,0.0451,0.0506,0.0031,0.0000,0.0028,6.1082,0.0112,0.0000,0.0000,0.0000,0.8946,0.0003,0.4516,0.1261,0.0010,0.0007,0.0000,0.0000,0.0003
763,15.3265,0.0000,12.8551,4.8546,,true,0,0.008333,0.0000,0.0000,1.00,0.00,0.0000,22,1,335,362,0,0,100,5,16,16,0,0,35158,1541,0,0,922324992,0.000000,0.000000,0.000000,0.00,0,0,0,0,0,20,39,30,14,30,30,30,30,30,30,36,16,0,0.0003,0.0009,0.0399,0.0296,0.0028,0.0000,0.0031,4.8546,0.0114,0.0000,0.0000,0.0000,0.9268,0.0002,0.4526,0.1593,0.0022,0.0008,0.0000,0.0000,0.0003
764,15.3404,0.0000,13.7880,5.1551,,true,0,0.008333,0.0000,0.0000,1.00,0.00,0.0000,22,1,335,362,0,0,100,5,16,16,0,0,35158,1541,0,0,922324992,0.000000,0.000000,0.000000,0.00,0,0,0,0,0,20,39,30,14,30,30,30,30,30,30,36,16,0,0.0002,0.0009,0.0365,0.0294,0.0028,0.0000,0.0021,5.1551,0.0101,0.0000,0.0000,0.0000,0.8718,0.0002,0.4385,0.1228,0.0005,0.0004,0.0000,0.0000,0.0009
765,15.3543,0.0000,13.5388,5.3463,,true,0,0.008333,0.0000,0.0000,1.00,0.00,0.0000,22,1,335,362,0,0,100,5,16,16,0,0,35158,1541,0,0,922324992,0.000000,0.000000,0.000000,0.00,0,0,0,0,0,20,39,30,14,30,30,30,30,30,30,36,16,0,0.0009,0.0020,0.0448,0.0736,0.0077,0.0000,0.0073,5.3463,0.0112,0.0000,0.0000,0.0000,0.8974,0.0003,0.4320,0.1249,0.0009,0.0005,0.0000,0.0000,0.0006
766,15.3685,0.0000,13.9846,5.5681,,true,0,0.008333,0.0000,0.0000,1.00,0.00,0.0000,22,1,335,362,0,0,100,5,16,16,0,0,35158,1541,0,0,922324992,0.000000,0.000000,0.000000,0.00,0,0,0,0,0,20,39,30,14,30,30,30,30,30,30,36,16,0,0.0002,0.0010,0.0397,0.0362,0.0036,0.0000,0.0024,5.5681,0.0114,0.0000,0.0000,0.0000,0.7166,0.0003,0.3126,0.1588,0.0007,0.0004,0.0000,0.0000,0.0004
767,15.3824,0.0000,14.2760,5.3073,,true,0,0.008333,0.0000,0.0000,1.00,0.00,0.0000,22,1,335,362,0,0,100,5,16,16,0,0,35158,1541,0,0,922324992,0.000000,0.000000,0.000000,0.00,0,0,0,0,0,20,39,30,14,30,30,30,30,30,30,36,16,0,0.0004,0.0011,0.0313,0.0295,0.0027,0.0000,0.0025,5.3073,0.0096,0.0000,0.0000,0.0000,0.8167,0.0002,0.3218,0.0980,0.0007,0.0005,0.0000,0.0000,0.0005
768,15.3979,0.0000,14.9957,5.7346,,true,0,0.008333,0.0000,0.0000,1.00,0.00,0.0000,22,1,335,362,0,0,100,5,16,16,0,0,35158,1541,0,0,922324992,0.000000,0.000000,0.000000,0.00,0,0,0,0,0,20,39,30,14,30,30,30,30,30,30,36,16,0,0.0002,0.0010,0.0404,0.0515,0.0063,0.0000,0.0024,5.7346,0.0109,0.0000,0.0000,0.0000,0.8974,0.0003,0.4316,0.1530,0.0008,0.0006,0.0000,0.0000,0.0003
769,15.4131,0.0000,14.3163,6.2252,,true,0,0.008333,0.0000,0.0000,1.00,0.00,0.0000,22,1,335,362,0,0,100,5,16,16,0,0,35158,1541,0,0,922324992,0.000000,0.000000,0.000000,0.00,0,0,0,0,0,20,39,30,14,30,30,30,30,30,30,36,16,0,0.0002,0.0009,0.0455,0.0349,0.0031,0.0000,0.0025,6.2252,0.0196,0.0000,0.0000,0.0000,0.9140,0.0003,0.4326,0.1597,0.0007,0.0003,0.0000,0.0000,0.0001
770,15.4310,0.0000,18.6421,5.4398,,true,0,0.008333,0.0000,0.0000,1.00,0.00,0.0000,22,1,335,362,0,0,100,5,16,16,0,0,35158,1541,0,0,922324992,0.000000,0.000000,0.000000,0.00,0,0,0,0,0,20,39,30,14,30,30,30,30,30,30,36,16,0,0.0002,0.0011,0.0402,0.0319,0.0032,0.0000,0.0032,5.4398,0.0111,0.0000,0.0000,0.0000,0.8836,0.0003,0.4009,0.1599,0.0027,0.0005,0.0000,0.0000,0.0003
771,15.4443,0.0000,13.2186,5.5041,,true,0,0.008333,0.0000,0.0000,1.00,0.00,0.0000,22,1,335,362,0,0,100,5,16,16,0,0,35158,1541,0,0,922324992,0.000000,0.000000,0.000000,0.00,0,0,0,0,0,20,39,30,14,30,30,30,30,30,30,36,16,0,0.0003,0.0013,0.0306,0.0590,0.0050,0.0000,0.0032,5.5041,0.0087,0.0000,0.0000,0.0000,0.8391,0.0000,0.3290,0.1175,0.0014,0.0003,0.0000,0.0000,0.0007
772,15.4601,0.0000,15.2702,6.1210,,true,0,0.008333,0.0000,0.0000,1.00,0.00,0.0000,22,1,335,362,0,0,100,5,16,16,0,0,35158,1541,0,0,922329088,0.000000,0.000000,0.000000,0.00,0,0,0,0,0,20,39,30,14,30,30,30,30,30,30,36,16,0,0.0003,0.0010,0.0313,0.0524,0.0054,0.0000,0.0035,6.1210,0.0574,0.0000,0.0000,0.0000,0.9346,0.0002,0.4842,0.1121,0.0006,0.0003,0.0000,0.0000,0.0007
773,15.4789,0.0000,17.8544,7.0604,,true,0,0.008333,0.0000,0.0000,1.00,0.00,0.0000,22,1,335,362,0,0,100,5,16,16,0,0,35158,1541,0,0,922329088,0.000000,0.000000,0.000000,0.00,0,0,0,0,0,20,39,30,14,30,30,30,30,30,30,36,16,0,0.0003,0.0011,0.0411,0.0348,0.0034,0.0000,0.0027,7.0604,0.0147,0.0000,0.0000,0.0000,0.9768,0.0003,0.4519,0.1995,0.0012,0.0008,0.0000,0.0000,0.0007
774,15.4925,0.0000,14.5430,6.3884,,true,0,0.008333,0.0000,0.0000,1.00,0.00,0.0000,22,1,335,362,0,0,100,5,16,16,0,0,35158,1541,0,0,922329088,0.000000,0.000000,0.000000,0.00,0,0,0,0,0,20,39,30,14,30,30,30,30,30,30,36,16,0,0.0005,0.0016,0.0409,0.0547,0.0072,0.0000,0.0034,6.3884,0.0152,0.0000,0.0000,0.0000,0.9954,0.0003,0.4401,0.1337,0.0008,0.0005,0.0000,0.0000,0.0005
775,15.5058,0.0000,14.5483,5.2274,,true,0,0.008333,0.0000,0.0000,1.00,0.00,0.0000,22,1,335,362,0,0,100,5,16,16,0,0,35158,1541,0,0,922329088,0.000000,0.000000,0.000000,0.00,0,0,0,0,0,20,39,30,14,30,30,30,30,30,30,36,16,0,0.0001,0.0011,0.0415,0.0543,0.0061,0.0000,0.0055,5.2274,0.0148,0.0000,0.0000,0.0000,0.9732,0.0003,0.4423,0.1691,0.0008,0.0005,0.0000,0.0000,0.0003
776,15.5193,0.0000,13.6982,5.0660,,true,0,0.008333,0.0000,0.0000,1.00,0.00,0.0000,22,1,335,362,0,0,100,5,16,16,0,0,35158,1541,0,0,922329088,0.000000,0.000000,0.000000,0.00,0,0,0,0,0,20,39,30,14,30,30,30,30,30,30,36,16,0,0.0002,0.0019,0.0356,0.0459,0.0050,0.0000,0.0052,5.0660,0.0102,0.0000,0.0000,0.0000,0.8627,0.0003,0.4259,0.1226,0.0008,0.0005,0.0000,0.0000,0.0004
777,15.5323,0.0000,13.0865,4.9470,,true,0,0.008333,0.0000,0.0000,1.00,0.00,0.0000,22,1,335,362,0,0,100,5,16,16,0,0,35158,1541,0,0,922329088,0.000000,0.000000,0.000000,0.00,0,0,0,0,0,20,39,30,14,30,30,30,30,30,30,36,16,0,0.0002,0.0009,0.0384,0.0374,0.0030,0.0000,0.0027,4.9470,0.0117,0.0000,0.0000,0.0000,0.9068,0.0003,0.4476,0.1238,0.0008,0.0004,0.0000,0.0000,0.0003
778,15.5453,0.0000,13.2427,4.7362,,true,0,0.008333,0.0000,0.0000,1.00,0.00,0.0000,22,1,335,362,0,0,100,5,16,16,0,0,35158,1541,0,0,922329088,0.000000,0.000000,0.000000,0.00,0,0,0,0,0,20,39,30,14,30,30,30,30,30,30,36,16,0,0.0002,0.0008,0.0387,0.0305,0.0026,0.0000,0.0024,4.7362,0.0099,0.0000,0.0000,0.0000,0.8934,0.0004,0.4459,0.1273,0.0008,0.0005,0.0000,0.0000,0.0003
779,15.5601,0.0000,14.1517,5.4801,,true,0,0.008333,0.0000,0.0000,1.00,0.00,0.0000,22,1,335,362,0,0,100,5,16,16,0,0,35158,1541,0,0,922329088,0.000000,0.000000,0.000000,0.00,0,0,0,0,0,20,39,30,14,30,30,30,30,30,30,36,16,0,0.0003,0.0010,0.0310,0.0459,0.0038,0.0000,0.0035,5.4801,0.0104,0.0000,0.0000,0.0000,0.8310,0.0005,0.3393,0.0998,0.0007,0.0005,0.0000,0.0000,0.0005
780,15.5734,0.0000,13.2655,5.3979,,true,0,0.008333,0.0000,0.0000,1.00,0.00,0.0000,22,1,335,362,0,0,100,5,16,16,0,0,35158,1541,0,0,922329088,0.000000,0.000000,0.000000,0.00,0,0,0,0,0,20,39,30,14,30,30,30,30,30,30,36,16,0,0.0003,0.0027,0.0297,0.0497,0.0088,0.0000,0.0062,5.3979,0.0095,0.0000,0.0000,0.0000,1.0081,0.0003,0.4140,0.2333,0.0008,0.0005,0.0000,0.0000,0.0007
781,15.5863,0.0000,13.3972,4.9039,,true,0,0.008333,0.0000,0.0000,1.00,0.00,0.0000,22,1,335,362,0,0,100,5,16,16,0,0,35158,1541,0,0,922333184,0.000000,0.000000,0.000000,0.00,0,0,0,0,0,20,39,30,14,30,30,30,30,30,30,36,16,0,0.0002,0.0016,0.0384,0.0313,0.0034,0.0000,0.0055,4.9039,0.0102,0.0000,0.0000,0.0000,0.8945,0.0003,0.4574,0.1203,0.0006,0.0004,0.0000,0.0000,0.0010
782,15.6003,0.0000,13.7869,5.1685,,true,0,0.008333,0.0000,0.0000,1.00,0.00,0.0000,22,1,335,362,0,0,100,5,16,16,0,0,35158,1541,0,0,922333184,0.000000,0.000000,0.000000,0.00,0,0,0,0,0,20,39,30,14,30,30,30,30,30,30,36,16,0,0.0002,0.0007,0.0376,0.0324,0.0029,0.0000,0.0023,5.1685,0.0105,0.0000,0.0000,0.0000,0.8822,0.0003,0.4373,0.1294,0.0007,0.0004,0.0000,0.0000,0.0004
783,15.6150,0.0000,14.0630,5.7518,,true,0,0.008333,0.0000,0.0000,1.00,0.00,0.0000,22,1,335,362,0,0,100,5,16,16,0,0,35158,1541,0,0,922333184,0.000000,0.000000,0.000000,0.00,0,0,0,0,0,20,39,30,14,30,30,30,30,30,30,36,16,0,0.0002,0.0010,0.0397,0.0403,0.0069,0.0000,0.0026,5.7518,0.0136,0.0000,0.0000,0.0000,0.8596,0.0003,0.4350,0.1239,0.0007,0.0006,0.0000,0.0000,0.0003
784,15.6280,0.0000,13.5341,5.1219,,true,0,0.008333,0.0000,0.0000,1.00,0.00,0.0000,22,1,335,362,0,0,100,5,16,16,0,0,35158,1541,0,0,922333184,0.000000,0.000000,0.000000,0.00,0,0,0,0,0,20,39,30,14,30,30,30,30,30,30,36,16,0,0.0002,0.0007,0.0378,0.0307,0.0030,0.0000,0.0024,5.1219,0.0584,0.0000,0.0000,0.0000,0.9101,0.0003,0.4278,0.1273,0.0006,0.0005,0.0000,0.0000,0.0006
785,15.6416,0.0000,13.6935,5.1549,,true,0,0.008333,0.0000,0.0000,1.00,0.00,0.0000,22,1,335,362,0,0,100,5,16,16,0,0,35158,1541,0,0,922333184,0.000000,0.000000,0.000000,0.00,0,0,0,0,0,20,39,30,14,30,30,30,30,30,30,36,16,0,0.0002,0.0009,0.0379,0.0303,0.0028,0.0000,0.0024,5.1549,0.0110,0.0000,0.0000,0.0000,0.8916,0.0002,0.4482,0.1267,0.0004,0.0007,0.0000,0.0000,0.0006
786,15.6558,0.0000,13.7824,5.5454,,true,0,0.008333,0.0000,0.0000,1.00,0.00,0.0000,22,1,335,362,0,0,100,5,16,16,0,0,35158,1541,0,0,922333184,0.000000,0.000000,0.000000,0.00,0,0,0,0,0,20,39,30,14,30,30,30,30,30,30,36,16,0,0.0004,0.0013,0.0383,0.0516,0.0070,0.0000,0.0046,5.5454,0.0104,0.0000,0.0000,0.0000,0.9326,0.0002,0.4619,0.1245,0.0006,0.0002,0.0000,0.0000,0.0003
787,15.6757,0.0000,13.3253,12.1730,,true,0,0.008333,0.0000,0.0000,1.00,0.00,0.0000,22,1,335,362,0,0,100,5,16,16,0,0,35158,1541,0,0,922333184,0.000000,0.000000,0.000000,0.00,0,0,0,0,0,20,39,30,14,30,30,30,30,30,30,36,16,0,0.0002,0.0008,0.0484,0.0297,0.0026,0.0000,0.0020,12.1730,0.0255,0.0000,0.0000,0.0000,6.8235,0.0003,0.3735,0.1180,0.6401,0.0007,0.0000,0.0000,5.3655
788,15.6829,0.0000,14.0652,5.2485,,true,0,0.008333,0.0000,0.0000,1.00,0.00,0.0000,22,1,335,362,0,0,100,5,16,16,0,0,35158,1541,0,0,922333184,0.000000,0.000000,0.000000,0.00,0,0,0,0,0,20,39,30,14,30,30,30,30,30,30,36,16,0,0.0002,0.0009,0.0338,0.0303,0.0028,0.0000,0.0030,5.2485,0.0094,0.0000,0.0000,0.0000,0.9904,0.0003,0.5162,0.0922,0.0012,0.0006,0.0000,0.0000,0.0009
789,15.6964,0.0000,13.5641,5.2663,,true,0,0.008333,0.0000,0.0000,1.00,0.00,0.0000,22,1,335,362,0,0,100,5,16,16,0,0,35158,1541,0,0,922333184,0.000000,0.000000,0.000000,0.00,0,0,0,0,0,20,39,30,14,30,30,30,30,30,30,36,16,0,0.0003,0.0008,0.0335,0.0314,0.0026,0.0000,0.0031,5.2663,0.0107,0.0000,0.0000,0.0000,0.8927,0.0004,0.4317,0.1223,0.0006,0.0006,0.0000,0.0000,0.0005
790,15.7103,0.0000,13.7986,5.2917,,true,0,0.008333,0.0000,0.0000,1.00,0.00,0.0000,22,1,335,362,0,0,100,5,16,16,0,0,35158,1541,0,0,922333184,0.000000,0.000000,0.000000,0.00,0,0,0,0,0,20,39,30,14,30,30,30,30,30,30,36,16,0,0.0010,0.0015,0.0433,0.0483,0.0066,0.0000,0.0070,5.2917,0.0121,0.0000,0.0000,0.0000,0.9040,0.0003,0.4250,0.1272,0.0008,0.0004,0.0000,0.0000,0.0004
791,15.7235,0.0000,13.6846,4.9446,,true,0,0.008333,0.0000,0.0000,1.00,0.00,0.0000,22,1,335,362,0,0,100,5,16,16,0,0,35158,1541,0,0,922337280,0.000000,0.000000,0.000000,0.00,0,0,0,0,0,20,39,30,14,30,30,30,30,30,30,36,16,0,0.0004,0.0017,0.0281,0.0589,0.0061,0.0000,0.0075,4.9446,0.0085,0.0000,0.0000,0.0000,0.6619,0.0003,0.3015,0.0959,0.0007,0.0003,0.0000,0.0000,0.0003
792,15.7372,0.0000,13.1312,5.3995,,true,0,0.008333,0.0000,0.0000,1.00,0.00,0.0000,22,1,335,362,0,0,100,5,16,16,0,0,35158,1541,0,0,922337280,0.000000,0.000000,0.000000,0.00,0,0,0,0,0,20,39,30,14,30,30,30,30,30,30,36,16,0,0.0003,0.0009,0.0367,0.0309,0.0024,0.0000,0.0028,5.3995,0.0101,0.0000,0.0000,0.0000,0.9146,0.0004,0.4592,0.1214,0.0006,0.0004,0.0000,0.0000,0.0010
793,15.7503,0.0000,13.8761,4.6571,,true,0,0.008333,0.0000,0.0000,1.00,0.00,0.0000,22,1,335,362,0,0,100,5,16,16,0,0,35158,1541,0,0,922337280,0.000000,0.000000,0.000000,0.00,0,0,0,0,0,20,39,30,14,30,30,30,30,30,30,36,16,0,0.0002,0.0009,0.0373,0.0300,0.0032,0.0000,0.0034,4.6571,0.0134,0.0000,0.0000,0.0000,0.7141,0.0002,0.3615,0.1019,0.0009,0.0004,0.0000,0.0000,0.0005
794,15.7648,0.0000,13.4872,5.5937,,true,0,0.008333,0.0000,0.0000,1.00,0.00,0.0000,22,1,335,362,0,0,100,5,16,16,0,0,35158,1541,0,0,922337280,0.000000,0.000000,0.000000,0.00,0,0,0,0,0,20,39,30,14,30,30,30,30,30,30,36,16,0,0.0002,0.0012,0.0383,0.0298,0.0026,0.0000,0.0037,5.5937,0.0090,0.0000,0.0000,0.0000,0.7701,0.0003,0.3409,0.0994,0.0007,0.0006,0.0000,0.0000,0.0003
795,15.7783,0.0000,13.6069,5.5119,,true,0,0.008333,0.0000,0.0000,1.00,0.00,0.0000,22,1,335,362,0,0,100,5,16,16,0,0,35158,1541,0,0,922337280,0.000000,0.000000,0.000000,0.00,0,0,0,0,0,20,39,30,14,30,30,30,30,30,30,36,16,0,0.0002,0.0022,0.0381,0.0424,0.0079,0.0000,0.0063,5.5119,0.0115,0.0000,0.0000,0.0000,0.9086,0.0003,0.4158,0.1232,0.0031,0.0006,0.0000,0.0000,0.0003
796,15.7925,0.0000,13.7205,6.0604,,true,0,0.008333,0.0000,0.0000,1.00,0.00,0.0000,22,1,335,362,0,0,100,5,16,16,0,0,35158,1541,0,0,922337280,0.000000,0.000000,0.000000,0.00,0,0,0,0,0,20,39,30,14,30,30,30,30,30,30,36,16,0,0.0002,0.0009,0.0371,0.0383,0.0030,0.0000,0.0022,6.0604,0.0104,0.0000,0.0000,0.0000,0.8908,0.0003,0.4208,0.1282,0.0007,0.0005,0.0000,0.0000,0.0003
797,15.8047,0.0000,13.1007,5.1227,,true,0,0.008333,0.0000,0.0000,1.00,0.00,0.0000,22,1,335,362,0,0,100,5,16,16,0,0,35158,1541,0,0,922337280,0.000000,0.000000,0.000000,0.00,0,0,0,0,0,20,39,30,14,30,30,30,30,30,30,36,16,0,0.0003,0.0021,0.0329,0.0630,0.0073,0.0000,0.0072,5.1227,0.0087,0.0000,0.0000,0.0000,0.7285,0.0003,0.3382,0.1034,0.0006,0.0004,0.0000,0.0000,0.0002
798,15.8198,0.0000,13.6753,5.2860,,true,0,0.008333,0.0000,0.0000,1.00,0.00,0.0000,22,1,335,362,0,0,100,5,16,16,0,0,35158,1541,0,0,922337280,0.000000,0.000000,0.000000,0.00,0,0,0,0,0,20,39,30,14,30,30,30,30,30,30,36,16,0,0.0003,0.0010,0.0351,0.0337,0.0032,0.0000,0.0027,5.2860,0.0136,0.0000,0.0000,0.0000,0.8624,0.0006,0.4274,0.1315,0.0009,0.0006,0.0000,0.0000,0.0003
799,15.8319,0.0000,13.5623,5.1285,,true,0,0.008333,0.0000,0.0000,1.00,0.00,0.0000,22,1,335,362,0,0,100,5,16,16,0,0,35158,1541,0,0,922337280,0.000000,0.000000,0.000000,0.00,0,0,0,0,0,20,39,30,14,30,30,30,30,30,30,36,16,0,0.0006,0.0015,0.0393,0.0351,0.0088,0.0000,0.0056,5.1285,0.0105,0.0000,0.0000,0.0000,0.9152,0.0003,0.4222,0.1313,0.0010,0.0003,0.0000,0.0000,0.0004
800,15.8472,0.0000,13.3304,5.7926,,true,0,0.008333,0.0000,0.0000,1.00,0.00,0.0000,22,1,335,362,0,0,100,5,16,16,0,0,35158,1541,0,0,922341376,0.000000,0.000000,0.000000,0.00,0,0,0,0,0,20,39,30,14,30,30,30,30,30,30,36,16,0,0.0003,0.0011,0.0424,0.0300,0.0034,0.0000,0.0032,5.7926,0.0143,0.0000,0.0000,0.0000,0.8483,0.0003,0.4253,0.1225,0.0007,0.0003,0.0000,0.0000,0.0003
801,15.8581,0.0000,13.3338,4.5520,,true,0,0.008333,0.0000,0.0000,1.00,0.00,0.0000,22,1,335,362,0,0,100,5,16,16,0,0,35158,1541,0,0,922341376,0.000000,0.000000,0.000000,0.00,0,0,0,0,0,20,39,30,14,30,30,30,30,30,30,36,16,0,0.0001,0.0010,0.0323,0.0262,0.0030,0.0000,0.0034,4.5520,0.0080,0.0000,0.0000,0.0000,0.7091,0.0008,0.3341,0.1398,0.0018,0.0008,0.0000,0.0000,0.0002
802,15.8741,0.0000,15.1470,5.2190,,true,0,0.008333,0.0000,0.0000,1.00,0.00,0.0000,22,1,335,362,0,0,100,5,16,16,0,0,35158,1541,0,0,922341376,0.000000,0.000000,0.000000,0.00,0,0,0,0,0,20,39,30,14,30,30,30,30,30,30,36,16,0,0.0002,0.0013,0.0405,0.0324,0.0027,0.0000,0.0025,5.2190,0.0110,0.0000,0.0000,0.0000,0.8637,0.0003,0.4221,0.1262,0.0006,0.0006,0.0000,0.0000,0.0003
803,15.8893,0.0000,14.7867,5.8597,,true,0,0.008333,0.0000,0.0000,1.00,0.00,0.0000,22,1,335,362,0,0,100,5,16,16,0,0,35158,1541,0,0,922341376,0.000000,0.000000,0.000000,0.00,0,0,0,0,0,20,39,30,14,30,30,30,30,30,30,36,16,0,0.0002,0.0012,0.0285,0.0342,0.0032,0.0000,0.0025,5.8597,0.0101,0.0000,0.0000,0.0000,0.6891,0.0003,0.3124,0.1014,0.0006,0.0006,0.0000,0.0000,0.0004
804,15.9027,0.0000,13.8110,5.3904,,true,0,0.008333,0.0000,0.0000,1.00,0.00,0.0000,22,1,335,362,0,0,100,5,16,16,0,0,35158,1541,0,0,922341376,0.000000,0.000000,0.000000,0.00,0,0,0,0,0,20,39,30,14,30,30,30,30,30,30,36,16,0,0.0004,0.0011,0.0279,0.0294,0.0033,0.0000,0.0031,5.3904,0.0105,0.0000,0.0000,0.0000,0.6444,0.0002,0.3147,0.1001,0.0008,0.0006,0.0000,0.0000,0.0003
805,15.9161,0.0000,12.8423,6.0685,,true,0,0.008333,0.0000,0.0000,1.00,0.00,0.0000,22,1,335,362,0,0,100,5,16,16,0,0,35158,1541,0,0,922341376,0.000000,0.000000,0.000000,0.00,0,0,0,0,0,20,39,30,14,30,30,30,30,30,30,36,16,0,0.0006,0.0019,0.0495,0.0472,0.0072,0.0000,0.0079,6.0685,0.0124,0.0000,0.0000,0.0000,1.1907,0.0006,0.6095,0.1457,0.0008,0.0005,0.0000,0.0000,0.0003
806,15.9296,0.0000,12.9114,6.3118,,true,0,0.008333,0.0000,0.0000,1.00,0.00,0.0000,22,1,335,362,0,0,100,5,16,16,0,0,35158,1541,0,0,922341376,0.000000,0.000000,0.000000,0.00,0,0,0,0,0,20,39,30,14,30,30,30,30,30,30,36,16,0,0.0003,0.0008,0.0385,0.0279,0.0025,0.0000,0.0023,6.3118,0.0097,0.0000,0.0000,0.0000,0.8600,0.0003,0.4277,0.1222,0.0005,0.0003,0.0000,0.0000,0.0002
807,15.9416,0.0000,13.6246,4.7579,,true,0,0.008333,0.0000,0.0000,1.00,0.00,0.0000,22,1,335,362,0,0,100,5,16,16,0,0,35158,1541,0,0,922341376,0.000000,0.000000,0.000000,0.00,0,0,0,0,0,20,39,30,14,30,30,30,30,30,30,36,16,0,0.0002,0.0008,0.0373,0.0314,0.0031,0.0000,0.0025,4.7579,0.0100,0.0000,0.0000,0.0000,0.8771,0.0007,0.4262,0.1313,0.0015,0.0015,0.0000,0.0000,0.0003
808,15.9551,0.0000,13.4217,4.8426,,true,0,0.008333,0.0000,0.0000,1.00,0.00,0.0000,22,1,335,362,0,0,100,5,16,16,0,0,35158,1541,0,0,922341376,0.000000,0.000000,0.000000,0.00,0,0,0,0,0,20,39,30,14,30,30,30,30,30,30,36,16,0,0.0002,0.0011,0.0393,0.0237,0.0025,0.0000,0.0025,4.8426,0.0099,0.0000,0.0000,0.0000,0.8742,0.0005,0.4403,0.1244,0.0002,0.0003,0.0000,0.0000,0.0003
809,15.9685,0.0000,13.3955,4.8517,,true,0,0.008333,0.0000,0.0000,1.00,0.00,0.0000,22,1,335,362,0,0,100,5,16,16,0,0,35158,1541,0,0,922345472,0.000000,0.000000,0.000000,0.00,0,0,0,0,0,20,39,30,14,30,30,30,30,30,30,36,16,0,0.0004,0.0015,0.0414,0.0303,0.0025,0.0000,0.0043,4.8517,0.0099,0.0000,0.0000,0.0000,0.9198,0.0003,0.4483,0.1335,0.0017,0.0007,0.0000,0.0000,0.0003
810,15.9818,0.0000,13.0953,4.8994,,true,0,0.008333,0.0000,0.0000,1.00,0.00,0.0000,22,1,335,362,0,0,100,5,16,16,0,0,35158,1541,0,0,922345472,0.000000,0.000000,0.000000,0.00,0,0,0,0,0,20,39,30,14,30,30,30,30,30,30,36,16,0,0.0001,0.0013,0.0518,0.0322,0.0029,0.0000,0.0048,4.8994,0.0175,0.0000,0.0000,0.0000,0.9632,0.0005,0.4324,0.1614,0.0023,0.0012,0.0000,0.0000,0.0004
811,15.9962,0.0000,14.1928,5.3283,,true,0,0.008333,0.0000,0.0000,1.00,0.00,0.0000,22,1,335,362,0,0,100,5,16,16,0,0,35158,1541,0,0,922345472,0.000000,0.000000,0.000000,0.00,0,0,0,0,0,20,39,30,14,30,30,30,30,30,30,36,16,0,0.0002,0.0008,0.0449,0.0305,0.0029,0.0000,0.0024,5.3283,0.0096,0.0000,0.0000,0.0000,0.9148,0.0007,0.4234,0.1654,0.0017,0.0004,0.0000,0.0000,0.0003
812,16.0110,0.0000,14.3531,5.9134,,true,0,0.008333,0.0000,0.0000,1.00,0.00,0.0000,22,1,335,362,0,0,100,5,16,16,0,0,35158,1541,0,0,922345472,0.000000,0.000000,0.000000,0.00,0,0,0,0,0,20,39,30,14,30,30,30,30,30,30,36,16,0,0.0004,0.0022,0.0393,0.0696,0.0034,0.0000,0.0084,5.9134,0.0110,0.0000,0.0000,0.0000,1.0267,0.0004,0.4709,0.1298,0.0009,0.0008,0.0000,0.0000,0.0003
813,16.0261,0.0000,14.8092,5.7247,,true,0,0.008333,0.0000,0.0000,1.00,0.00,0.0000,22,1,335,362,0,0,100,5,16,16,0,0,35158,1541,0,0,922345472,0.000000,0.000000,0.000000,0.00,0,0,0,0,0,20,39,30,14,30,30,30,30,30,30,36,16,0,0.0002,0.0022,0.0398,0.0463,0.0047,0.0000,0.0045,5.7247,0.0129,0.0000,0.0000,0.0000,0.9728,0.0004,0.4424,0.1692,0.0008,0.0006,0.0000,0.0000,0.0008
814,16.0391,0.0000,13.6959,5.4889,,true,0,0.008333,0.0000,0.0000,1.00,0.00,0.0000,22,1,335,362,0,0,100,5,16,16,0,0,35158,1541,0,0,922345472,0.000000,0.000000,0.000000,0.00,0,0,0,0,0,20,39,30,14,30,30,30,30,30,30,36,16,0,0.0002,0.0008,0.0462,0.0279,0.0026,0.0000,0.0026,5.4889,0.0119,0.0000,0.0000,0.0000,0.9058,0.0001,0.4578,0.1302,0.0008,0.0006,0.0000,0.0000,0.0009
815,16.0633,0.0000,13.7244,15.9970,,true,0,0.008333,0.0000,0.0000,1.00,0.00,0.0000,22,1,337,375,8,500,600,0,16,15,0,0,35495,1549,373,40,922345472,0.000000,0.000000,0.000000,0.00,2,0,0,0,0,20,39,30,14,30,30,30,30,30,30,36,16,0,0.0002,0.0173,0.0528,0.0310,0.0028,0.0000,0.0024,15.9970,0.0220,0.0000,0.0000,0.0000,7.9896,0.0005,0.5974,0.0967,0.1460,0.0009,0.0000,0.0000,5.0907
816,16.0739,0.0000,14.0691,9.8129,,true,0,0.008333,0.0000,0.0000,1.00,0.00,0.0000,22,1,7,375,8,375,475,0,2,15,6,0,35502,1555,367,40,924442624,0.000000,0.000000,0.000000,0.00,3,1,3,0,0,0,0,0,0,0,0,0,0,0,0,0,0,0,0.0004,0.0223,0.0425,0.0005,0.0019,0.0000,0.0043,9.8129,0.0160,0.0000,0.0000,0.0000,4.7021,0.0172,1.2105,0.0279,0.1541,0.0116,0.0000,32.4931,0.0003
817,16.1032,0.0000,32.5918,9.0201,,true,0,0.008333,0.0000,0.0000,1.00,0.00,0.0000,22,1,12,375,8,281,381,0,3,15,8,0,35514,1563,359,40,926539776,0.000000,0.000000,0.000000,0.00,3,2,4,3,0,0,0,0,0,0,0,0,0,0,0,0,0,0,0.0004,0.0177,0.0590,0.0008,0.0024,0.0000,0.0048,9.0201,0.0187,0.0000,0.0000,0.0000,3.3472,0.0222,0.7241,0.0425,0.0375,0.0139,0.0000,46.0226,0.0003
818,16.1533,0.0000,46.2487,12.5213,,true,0,0.008333,0.0000,0.0000,1.00,0.00,0.0000,22,1,19,375,8,211,311,0,4,15,8,0,35533,1571,351,40,927551488,0.000000,0.000000,0.000000,0.00,2,1,3,10,3,0,0,0,0,0,0,0,0,0,0,0,0,0,0.0012,0.0177,0.0380,0.0007,0.0040,0.0000,0.0069,12.5213,0.0173,0.0000,0.0000,0.0000,2.5156,0.0298,0.5274,0.0481,0.0421,0.0151,0.0000,46.3302,0.0003
819,16.1842,0.0000,33.4638,9.8635,,true,0,0.008333,0.0000,0.0000,1.00,0.00,0.0000,22,1,19,375,8,158,258,0,4,15,8,0,35533,1579,343,40,930738176,0.000000,0.000000,0.000000,0.00,2,1,3,10,3,0,0,0,0,0,0,0,0,0,0,0,0,0,0.0003,0.0168,0.0736,0.0009,0.0029,0.0000,0.0049,9.8635,0.0114,0.0000,0.0000,0.0000,3.6216,0.0387,0.7276,0.1307,0.1277,0.0196,0.0000,44.5938,0.0006
820,16.2128,0.0000,29.2631,9.2987,,true,0,0.008333,0.0000,0.0000,1.00,0.00,0.0000,22,1,25,375,8,119,219,0,5,15,8,0,35558,1587,335,40,933543936,0.000000,0.000000,0.000000,0.00,2,1,3,9,7,3,0,0,0,0,0,0,0,0,0,0,0,0,0.0004,0.0210,0.0964,0.0007,0.0034,0.0000,0.0056,9.2987,0.0490,0.0000,0.0000,0.0000,3.6967,0.0719,0.7501,0.1425,0.0939,0.0349,0.0000,47.1068,0.0013
821,16.2659,0.0000,52.7730,9.6293,,true,0,0.008333,0.0000,0.0000,1.00,0.00,0.0000,22,1,25,375,8,89,189,0,5,15,8,0,35558,1595,327,40,979238912,0.000000,0.000000,0.000000,0.00,2,1,3,9,7,3,0,0,0,0,0,0,0,0,0,0,0,0,0.0003,0.0222,0.0589,0.0014,0.0030,0.0000,0.0072,9.6293,0.0259,0.0000,0.0000,0.0000,3.3709,0.0209,0.7961,0.0707,0.0722,0.0105,0.0000,46.8623,0.0010
822,16.2978,0.0000,30.8806,10.6639,,true,0,0.008333,0.0000,0.0000,1.00,0.00,0.0000,22,1,25,375,8,67,167,0,5,15,8,0,35558,1603,319,40,981336064,0.000000,0.000000,0.000000,0.00,2,1,3,9,7,3,0,0,0,0,0,0,0,0,0,0,0,0,0.0008,0.0227,0.0565,0.0009,0.0024,0.0000,0.0056,10.6639,0.0251,0.0000,0.0000,0.0000,3.7151,0.0473,0.7616,0.0792,0.1420,0.0164,0.0000,46.4424,0.0006
823,16.3441,0.0000,46.6240,10.3139,,true,0,0.008333,0.0000,0.0000,1.00,0.00,0.0000,22,1,45,375,8,50,150,0,6,15,8,0,35603,1611,311,40,981336064,0.000000,0.000000,0.000000,0.00,2,1,2,8,12,19,1,0,0,0,0,0,0,0,0,0,0,0,0.0002,0.0687,0.2066,0.0006,0.0043,0.0000,0.0082,10.3139,0.0479,0.0000,0.0000,0.0000,3.6609,0.0548,0.7560,0.1679,0.1203,0.0302,0.0000,42.2820,0.0004
824,16.3751,0.0000,30.6316,10.6375,,true,0,0.008333,0.0000,0.0000,1.00,0.00,0.0000,22,1,45,375,8,38,138,0,6,15,8,0,35603,1619,303,40,981336064,0.000000,0.000000,0.000000,0.00,2,1,2,8,12,19,1,0,0,0,0,0,0,0,0,0,0,0,0.0005,0.0236,0.1204,0.0007,0.0035,0.0000,0.0065,10.6375,0.0708,0.0000,0.0000,0.0000,3.7841,0.0524,0.7740,0.2008,0.1854,0.0252,0.0000,48.3601,0.0008
825,16.4288,0.0000,56.3631,8.0818,,true,0,0.008333,0.0000,0.0000,1.00,0.00,0.0000,22,1,45,375,8,28,128,0,6,15,8,0,35603,1627,295,40,981336064,0.000000,0.000000,0.000000,0.00,2,1,2,8,12,19,1,0,0,0,0,0,0,0,0,0,0,0,0.0003,0.0203,0.0485,0.0009,0.0029,0.0000,0.0049,8.0818,0.0217,0.0000,0.0000,0.0000,3.2504,0.0339,0.7734,0.0748,0.1121,0.0149,0.0000,48.8972,0.0003
826,16.4591,0.0000,28.6002,9.7387,,true,0,0.008333,0.0000,0.0000,1.00,0.00,0.0000,22,1,63,375,8,21,121,0,6,15,8,0,35666,1635,287,40,981340160,0.000000,0.000000,0.000000,0.00,2,1,2,7,14,24,13,0,0,0,0,0,0,0,0,0,0,0,0.0002,0.0211,0.0746,0.0006,0.0026,0.0000,0.0062,9.7387,0.0325,0.0000,0.0000,0.0000,3.6480,0.0334,0.8191,0.1468,0.1953,0.0133,0.0000,48.5729,0.0008
827,16.5007,0.0000,42.2824,9.0635,,true,0,0.008333,0.0000,0.0000,1.00,0.00,0.0000,22,1,69,375,8,16,116,0,7,15,8,0,35735,1643,279,40,981340160,0.000000,0.000000,0.000000,0.00,2,1,2,7,14,24,13,6,0,0,0,0,0,0,0,0,0,0,0.0007,0.0389,0.0796,0.0008,0.0059,0.0000,0.0076,9.0635,0.0281,0.0000,0.0000,0.0000,3.3277,0.0349,0.8357,0.0827,0.1665,0.0149,0.0000,43.0408,0.0008
828,16.5326,0.0000,29.9538,11.0054,,true,0,0.008333,0.0000,0.0000,1.00,0.00,0.0000,22,1,72,375,8,12,112,0,7,15,8,0,35807,1651,271,40,981344256,0.000000,0.000000,0.000000,0.00,2,1,2,7,14,24,13,9,0,0,0,0,0,0,0,0,0,0,0.0004,0.0227,0.0754,0.0015,0.0034,0.0000,0.0041,11.0054,0.0512,0.0000,0.0000,0.0000,4.9341,0.0483,0.8227,0.0572,0.2310,0.0318,0.0000,45.2099,0.0005
829,16.5739,0.0000,45.0890,7.4632,,true,0,0.008333,0.0000,0.0000,1.00,0.00,0.0000,22,1,99,375,8,9,109,0,7,15,8,0,35906,1659,263,40,981344256,0.000000,0.000000,0.000000,0.00,2,1,2,7,13,24,26,24,0,0,0,0,0,0,0,0,0,0,0.0004,0.0281,0.0382,0.0006,0.0023,0.0000,0.0061,7.4632,0.0194,0.0000,0.0000,0.0000,2.1368,0.0230,0.5178,0.0460,0.1412,0.0130,0.0000,51.4863,0.0006
830,16.6054,0.0000,30.1389,8.7456,,true,0,0.008333,0.0000,0.0000,1.00,0.00,0.0000,22,1,99,375,8,7,107,0,7,15,8,0,35906,1667,255,40,981344256,0.000000,0.000000,0.000000,0.00,2,1,2,7,13,24,26,24,0,0,0,0,0,0,0,0,0,0,0.0007,0.0197,0.0557,0.0010,0.0030,0.0000,0.0044,8.7456,0.0258,0.0000,0.0000,0.0000,2.5505,0.0276,0.8044,0.0449,0.1762,0.0223,0.0000,51.1197,0.0004
831,16.6517,0.0000,44.5713,10.4435,,true,0,0.008333,0.0000,0.0000,1.00,0.00,0.0000,22,1,99,375,8,5,105,0,7,15,8,0,35906,1675,247,40,981344256,0.000000,0.000000,0.000000,0.00,2,1,2,7,13,24,26,24,0,0,0,0,0,0,0,0,0,0,0.0007,0.0179,0.0850,0.0011,0.0044,0.0000,0.0051,10.4435,0.0791,0.0000,0.0000,0.0000,3.3606,0.0437,0.8261,0.0779,0.3648,0.0380,0.0000,51.7042,0.0037
832,16.6842,0.0000,31.2104,11.7551,,true,0,0.008333,0.0000,0.0000,1.00,0.00,0.0000,22,1,99,375,8,505,605,0,7,15,8,0,35906,1683,239,40,981344256,0.000000,0.000000,0.000000,0.00,2,1,2,7,13,24,26,24,0,0,0,0,0,0,0,0,0,0,0.0009,0.0198,0.1152,0.0007,0.0035,0.0000,0.0059,11.7551,0.0536,0.0000,0.0000,0.0000,3.1707,0.0532,0.7246,0.1181,0.2478,0.0270,0.0000,49.0051,0.0006
833,16.7288,0.0000,45.1980,10.8660,,true,0,0.008333,0.0000,0.0000,1.00,0.00,0.0000,22,1,105,375,8,1005,1105,0,8,15,8,0,36011,1691,231,40,981344256,0.000000,0.000000,0.000000,0.00,2,1,2,7,13,24,26,22,8,0,0,0,0,0,0,0,0,0,0.0008,0.0283,0.0747,0.0012,0.0050,0.0000,0.0070,10.8660,0.0259,0.0000,0.0000,0.0000,3.1850,0.0290,0.8470,0.0757,0.2605,0.0238,0.0000,50.9645,0.0011
834,16.7582,0.0000,29.4485,10.9198,,true,0,0.008333,0.0000,0.0000,1.00,0.00,0.0000,22,1,111,375,8,1505,1605,0,8,15,8,0,36122,1699,223,40,981344256,0.000000,0.000000,0.000000,0.00,2,1,2,7,13,24,26,20,16,0,0,0,0,0,0,0,0,0,0.0005,0.0201,0.0935,0.0009,0.0035,0.0000,0.0057,10.9198,0.0570,0.0000,0.0000,0.0000,3.5831,0.0684,0.8336,0.1371,0.3584,0.0347,0.0000,51.5444,0.0009
835,16.8024,0.0000,48.0482,7.3403,,true,0,0.008333,0.0000,0.0000,1.00,0.00,0.0000,22,1,111,375,8,2005,2105,0,8,15,8,0,36122,1707,215,40,981344256,0.000000,0.000000,0.000000,0.00,2,1,2,7,13,24,26,20,16,0,0,0,0,0,0,0,0,0,0.0002,0.0248,0.0563,0.0008,0.0037,0.0000,0.0052,7.3403,0.0226,0.0000,0.0000,0.0000,3.2101,0.0600,1.0702,0.0674,0.2438,0.0409,0.0000,53.3957,0.0004
836,16.8340,0.0000,31.3139,7.6385,,true,0,0.008333,0.0000,0.0000,1.00,0.00,0.0000,22,1,111,375,8,2505,2605,0,8,15,8,0,36122,1715,207,40,981344256,0.000000,0.000000,0.000000,0.00,2,1,2,7,13,24,26,20,16,0,0,0,0,0,0,0,0,0,0.0001,0.0214,0.0577,0.0014,0.0031,0.0000,0.0043,7.6385,0.0241,0.0000,0.0000,0.0000,3.0071,0.0490,0.7182,0.0913,0.3083,0.0255,0.0000,48.9179,0.0011
837,16.8784,0.0000,42.8788,9.0113,,true,0,0.008333,0.0000,0.0000,1.00,0.00,0.0000,22,1,117,375,8,3005,3105,0,9,15,8,0,36239,1723,199,40,981348352,0.000000,0.000000,0.000000,0.00,2,1,2,7,13,24,26,19,19,4,0,0,0,0,0,0,0,0,0.0002,0.0227,0.0390,0.0018,0.0033,0.0000,0.0036,9.0113,0.0191,0.0000,0.0000,0.0000,2.1433,0.0297,0.6036,0.0622,0.1882,0.0160,0.0000,44.7336,0.0006
838,16.9083,0.0000,30.4370,8.5807,,true,0,0.008333,0.0000,0.0000,1.00,0.00,0.0000,22,1,126,375,8,3505,3200,0,9,15,8,0,36365,1731,191,40,981348352,0.000000,0.000000,0.000000,0.00,2,1,2,7,13,24,26,18,21,12,0,0,0,0,0,0,0,0,0.0006,0.0197,0.0661,0.0008,0.0022,0.0000,0.0064,8.5807,0.0400,0.0000,0.0000,0.0000,2.9125,0.0336,0.7296,0.1253,0.3032,0.0299,0.0000,45.1251,0.0009
839,16.9504,0.0000,41.6572,8.9147,,true,0,0.008333,0.0000,0.0000,1.00,0.00,0.0000,22,1,126,375,8,4005,3200,0,9,15,8,0,36365,1739,183,40,981348352,0.000000,0.000000,0.000000,0.00,2,1,2,7,13,24,26,18,21,12,0,0,0,0,0,0,0,0,0.0009,0.0395,0.0448,0.0012,0.0051,0.0000,0.0051,8.9147,0.0201,0.0000,0.0000,0.0000,2.6554,0.0256,0.7237,0.0802,0.2712,0.0146,0.0000,42.8959,0.0007
840,16.9779,0.0000,28.9896,7.5969,,true,0,0.008333,0.0000,0.0000,1.00,0.00,0.0000,22,1,126,375,8,4505,3200,0,9,15,8,0,36365,1747,175,40,981348352,0.000000,0.000000,0.000000,0.00,2,1,2,7,13,24,26,18,21,12,0,0,0,0,0,0,0,0,0.0005,0.0186,0.0604,0.0008,0.0035,0.0000,0.0052,7.5969,0.0344,0.0000,0.0000,0.0000,3.1126,0.0419,0.7958,0.1220,0.3084,0.0265,0.0000,44.0738,0.0004
841,17.0235,0.0000,43.5170,9.6395,,true,0,0.008333,0.0000,0.0000,1.00,0.00,0.0000,22,1,126,375,8,5005,3200,0,9,15,8,0,36365,1755,167,40,981348352,0.000000,0.000000,0.000000,0.00,2,1,2,7,13,24,26,18,21,12,0,0,0,0,0,0,0,0,0.0008,0.0306,0.0769,0.0014,0.0050,0.0000,0.0081,9.6395,0.0558,0.0000,0.0000,0.0000,3.1330,0.0621,0.9092,0.1175,0.3069,0.0330,0.0000,46.3880,0.0006
842,17.0519,0.0000,28.8822,9.1206,,true,0,0.008333,0.0000,0.0000,1.00,0.00,0.0000,22,1,156,375,8,5505,3200,0,10,15,8,0,36521,1763,159,40,981348352,0.000000,0.000000,0.000000,0.00,2,1,2,7,13,24,26,17,21,23,20,0,0,0,0,0,0,0,0.0005,0.0276,0.0982,0.0006,0.0029,0.0000,0.0047,9.1206,0.0520,0.0000,0.0000,0.0000,2.8102,0.0261,0.7711,0.1167,0.3399,0.0148,0.0000,47.4737,0.0006
843,17.0984,0.0000,44.9321,10.8159,,true,0,0.008333,0.0000,0.0000,1.00,0.00,0.0000,22,1,156,375,8,6005,3200,0,10,15,8,0,36521,1771,151,40,981348352,0.000000,0.000000,0.000000,0.00,2,1,2,7,13,24,26,17,21,23,20,0,0,0,0,0,0,0,0.0006,0.0267,0.0763,0.0013,0.0047,0.0000,0.0050,10.8159,0.0531,0.0000,0.0000,0.0000,3.3705,0.0602,0.9385,0.1562,0.4041,0.0244,0.0000,43.5394,0.0009
844,17.1278,0.0000,30.0560,9.9947,,true,0,0.008333,0.0000,0.0000,1.00,0.00,0.0000,22,1,156,375,8,6505,3200,0,10,15,8,0,36521,1779,143,40,981348352,0.000000,0.000000,0.000000,0.00,2,1,2,7,13,24,26,17,21,23,20,0,0,0,0,0,0,0,0.0006,0.0216,0.0738,0.0005,0.0031,0.0000,0.0059,9.9947,0.0267,0.0000,0.0000,0.0000,2.8113,0.0491,0.8582,0.1599,0.3606,0.0377,0.0000,47.8186,0.0009
845,17.1717,0.0000,44.5244,9.3045,,true,0,0.008333,0.0000,0.0000,1.00,0.00,0.0000,22,1,156,375,8,7005,3200,0,10,15,8,0,36521,1787,135,40,981348352,0.000000,0.000000,0.000000,0.00,2,1,2,7,13,24,26,17,21,23,20,0,0,0,0,0,0,0,0.0022,0.0204,0.0637,0.0006,0.0029,0.0000,0.0072,9.3045,0.0246,0.0000,0.0000,0.0000,2.6354,0.0281,0.8338,0.1023,0.3607,0.0170,0.0000,47.5396,0.0007
846,17.2029,0.0000,31.0910,9.2093,,true,0,0.008333,0.0000,0.0000,1.00,0.00,0.0000,22,1,156,375,8,7505,3200,0,10,15,8,0,36521,1795,127,40,981352448,0.000000,0.000000,0.000000,0.00,2,1,2,7,13,24,26,17,21,23,20,0,0,0,0,0,0,0,0.0006,0.0232,0.0417,0.0011,0.0033,0.0000,0.0052,9.2093,0.0244,0.0000,0.0000,0.0000,1.9576,0.0253,0.5428,0.0904,0.3052,0.0117,0.0000,48.7369,0.0006
847,17.2503,0.0000,48.4027,8.4847,,true,0,0.008333,0.0000,0.0000,1.00,0.00,0.0000,22,1,156,375,8,8005,3200,0,10,15,8,0,36521,1803,119,40,981352448,0.000000,0.000000,0.000000,0.00,2,1,2,7,13,24,26,17,21,23,20,0,0,0,0,0,0,0,0.0005,0.0947,0.1072,0.0010,0.0035,0.0000,0.0125,8.4847,0.0296,0.0000,0.0000,0.0000,2.3944,0.0354,0.6410,0.1348,0.3128,0.0225,0.0000,48.0002,0.0008
848,17.2780,0.0000,29.6829,6.6632,,true,0,0.008333,0.0000,0.0000,1.00,0.00,0.0000,22,1,156,375,8,8505,3200,0,10,15,8,0,36521,1811,111,40,981352448,0.000000,0.000000,0.000000,0.00,2,1,2,7,13,24,26,17,21,23,20,0,0,0,0,0,0,0,0.0016,0.0445,0.1344,0.0005,0.0045,0.0000,0.0154,6.6632,0.0237,0.0000,0.0000,0.0000,1.7789,0.0228,0.5262,0.0771,0.2503,0.0115,0.0000,45.0140,0.0003
849,17.3226,0.0000,41.6622,9.3867,,true,0,0.008333,0.0000,0.0000,1.00,0.00,0.0000,22,1,156,375,8,9005,3200,0,10,15,8,0,36521,1819,103,40,981352448,0.000000,0.000000,0.000000,0.00,2,1,2,7,13,24,26,17,21,23,20,0,0,0,0,0,0,0,0.0002,0.0467,0.0703,0.0006,0.0031,0.0000,0.0060,9.3867,0.0297,0.0000,0.0000,0.0000,2.8249,0.0522,0.8096,0.1599,0.3952,0.0272,0.0000,42.3826,0.0006
850,17.3527,0.0000,30.6090,8.8350,,true,0,0.008333,0.0000,0.0000,1.00,0.00,0.0000,22,1,156,375,8,9505,3200,0,10,15,8,0,36521,1827,95,40,981356544,0.000000,0.000000,0.000000,0.00,2,1,2,7,13,24,26,17,21,23,20,0,0,0,0,0,0,0,0.0005,0.0259,0.0763,0.0007,0.0035,0.0000,0.0046,8.8350,0.0501,0.0000,0.0000,0.0000,2.7631,0.0457,0.7658,0.1732,0.4023,0.0265,0.0000,46.2832,0.0011
851,17.3956,0.0000,41.3227,10.3869,,true,0,0.008333,0.0000,0.0000,1.00,0.00,0.0000,22,1,156,375,8,10005,3200,0,10,15,8,0,36521,1835,87,40,981356544,0.000000,0.000000,0.000000,0.00,2,1,2,7,13,24,26,17,21,23,20,0,0,0,0,0,0,0,0.0007,0.0337,0.1224,0.0007,0.0036,0.0000,0.0171,10.3869,0.0591,0.0000,0.0000,0.0000,2.5782,0.0442,0.7593,0.1695,0.4363,0.0364,0.0000,46.8584,0.0008
852,17.4229,0.0000,29.4311,8.3208,,true,0,0.008333,0.0000,0.0000,1.00,0.00,0.0000,22,1,156,375,8,10505,3200,0,10,15,8,0,36521,1843,79,40,981356544,0.000000,0.000000,0.000000,0.00,2,1,2,7,13,24,26,17,21,23,20,0,0,0,0,0,0,0,0.0001,0.0271,0.0723,0.0008,0.0036,0.0000,0.0040,8.3208,0.0308,0.0000,0.0000,0.0000,2.5570,0.0426,0.8046,0.1432,0.3719,0.0246,0.0000,47.2766,0.0004
853,17.4643,0.0000,41.3370,8.4961,,true,0,0.008333,0.0000,0.0000,1.00,0.00,0.0000,22,1,156,375,8,11005,3200,0,10,15,8,0,36521,1851,71,40,981356544,0.000000,0.000000,0.000000,0.00,2,1,2,7,13,24,26,17,21,23,20,0,0,0,0,0,0,0,0.0002,0.0202,0.0616,0.0010,0.0036,0.0000,0.0052,8.4961,0.0390,0.0000,0.0000,0.0000,2.4681,0.0360,0.7456,0.1488,0.3676,0.0238,0.0000,47.5615,0.0004
854,17.4924,0.0000,29.0901,7.4412,,true,0,0.008333,0.0000,0.0000,1.00,0.00,0.0000,22,1,156,375,8,11505,3200,0,10,15,8,0,36521,1859,63,40,981356544,0.000000,0.000000,0.000000,0.00,2,1,2,7,13,24,26,17,21,23,20,0,0,0,0,0,0,0,0.0003,0.0253,0.0619,0.0005,0.0022,0.0000,0.0052,7.4412,0.0294,0.0000,0.0000,0.0000,2.8033,0.0495,0.7431,0.1735,0.6569,0.0227,0.0000,42.7275,0.0008
855,17.5378,0.0000,43.4189,9.5369,,true,0,0.008333,0.0000,0.0000,1.00,0.00,0.0000,22,1,156,375,8,12005,3200,0,10,15,8,0,36521,1867,55,40,981356544,0.000000,0.000000,0.000000,0.00,2,1,2,7,13,24,26,17,21,23,20,0,0,0,0,0,0,0,0.0003,0.0224,0.0635,0.0007,0.0024,0.0000,0.0042,9.5369,0.0286,0.0000,0.0000,0.0000,2.3255,0.0283,0.7396,0.1224,0.4529,0.0145,0.0000,43.7743,0.0013
856,17.5651,0.0000,29.6645,7.0779,,true,0,0.008333,0.0000,0.0000,1.00,0.00,0.0000,22,1,156,375,8,12505,3200,0,10,15,8,0,36521,1875,47,40,981360640,0.000000,0.000000,0.000000,0.00,2,1,2,7,13,24,26,17,21,23,20,0,0,0,0,0,0,0,0.0003,0.0230,0.0629,0.0006,0.0038,0.0000,0.0053,7.0779,0.0249,0.0000,0.0000,0.0000,2.5570,0.0301,0.8827,0.1152,0.4278,0.0299,0.0000,46.7749,0.0008
857,17.6079,0.0000,41.3462,8.5603,,true,0,0.008333,0.0000,0.0000,1.00,0.00,0.0000,22,1,156,375,8,13005,3200,0,10,15,8,0,36521,1883,39,40,981360640,0.000000,0.000000,0.000000,0.00,2,1,2,7,13,24,26,17,21,23,20,0,0,0,0,0,0,0,0.0003,0.0234,0.0833,0.0007,0.0033,0.0000,0.0039,8.5603,0.0386,0.0000,0.0000,0.0000,2.8613,0.0382,0.8624,0.1716,0.3854,0.0317,0.0000,51.6605,0.0007
858,17.6361,0.0000,28.3768,8.2851,,true,0,0.008333,0.0000,0.0000,1.00,0.00,0.0000,22,1,156,375,8,13505,3200,0,10,15,8,0,36521,1891,31,40,981360640,0.000000,0.000000,0.000000,0.00,2,1,2,7,13,24,26,17,21,23,20,0,0,0,0,0,0,0,0.0007,0.0177,0.0449,0.0006,0.0042,0.0000,0.0054,8.2851,0.0250,0.0000,0.0000,0.0000,1.6670,0.0251,0.5093,0.1090,0.3098,0.0122,0.0000,46.8533,0.0004
859,17.6798,0.0000,41.4857,10.3193,,true,0,0.008333,0.0000,0.0000,1.00,0.00,0.0000,22,1,156,375,8,13005,3200,0,10,15,8,0,36521,1899,23,40,981360640,0.000000,0.000000,0.000000,0.00,2,1,2,7,13,24,26,17,21,23,20,0,0,0,0,0,0,0,0.0008,0.0182,0.0788,0.0008,0.0037,0.0000,0.0053,10.3193,0.0495,0.0000,0.0000,0.0000,2.3879,0.0401,0.8187,0.1590,0.3742,0.0253,0.0000,43.4723,0.0016
860,17.7080,0.0000,29.1778,9.5725,,true,0,0.008333,0.0000,0.0000,1.00,0.00,0.0000,22,1,156,375,8,12505,3200,0,10,15,8,0,36521,1907,15,40,981360640,0.000000,0.000000,0.000000,0.00,2,1,2,7,13,24,26,17,21,23,20,0,0,0,0,0,0,0,0.0003,0.0300,0.0935,0.0008,0.0028,0.0000,0.0052,9.5725,0.0479,0.0000,0.0000,0.0000,2.3917,0.0565,0.7397,0.1734,0.4207,0.0328,0.0000,40.9555,0.0007
861,17.7472,0.0000,41.0589,7.6637,,true,0,0.008333,0.0000,0.0000,1.00,0.00,0.0000,22,1,156,375,7,12005,3200,0,10,15,8,0,36521,1914,7,35,981360640,0.000000,0.000000,0.000000,0.00,2,1,2,7,13,24,26,17,21,23,20,0,0,0,0,0,0,0,0.0003,0.0374,0.0511,0.0013,0.0034,0.0000,0.0117,7.6637,0.0321,0.0000,0.0000,0.0000,1.5856,0.0247,0.5414,0.1024,0.3282,0.0164,0.0000,45.9536,0.0009
862,17.7765,0.0000,29.4157,7.6282,,true,0,0.008333,0.0000,0.0000,1.00,0.00,0.0000,22,1,354,375,0,11505,3200,0,15,15,7,0,36875,1914,0,0,981360640,0.000000,0.000000,0.000000,0.00,2,1,2,7,13,24,26,16,21,30,44,34,43,41,42,8,0,0,0.0005,0.0264,0.0476,0.0008,0.0034,0.0000,0.0069,7.6282,0.0194,0.0000,0.0000,0.0000,2.2092,0.0249,0.7150,0.1538,0.5858,0.0141,0.0000,42.8037,0.0007
863,17.8189,0.0000,39.7113,10.3652,,true,0,0.008333,0.0000,0.0000,1.00,0.00,0.0000,22,1,354,111,1,11005,3200,0,15,7,0,0,36875,1915,1,5,981360640,0.000000,0.000000,0.000000,0.00,2,1,2,7,13,24,26,16,21,30,44,34,43,41,42,8,0,0,0.0008,0.0405,0.0604,0.0007,0.0033,0.0000,0.0055,10.3652,0.0305,0.0000,0.0000,0.0000,3.5561,0.0012,0.5022,0.3025,0.3514,0.0020,0.0000,0.0000,1.4646
864,17.8457,0.0000,31.6528,5.4619,,true,0,0.008333,0.0000,0.0000,1.00,0.00,0.0000,22,1,99,111,0,10505,3200,0,7,7,1,0,36974,1915,0,0,981360640,0.000000,0.000000,0.000000,0.00,2,1,2,7,13,24,26,24,0,0,0,0,0,0,0,0,0,0,0.0009,0.0466,0.0420,0.0010,0.0033,0.0000,0.0074,5.4619,0.0264,0.0000,0.0000,0.0000,1.0056,0.0106,0.4712,0.0585,0.2458,0.0039,0.0000,6.0391,0.0005
865,17.8532,0.0000,6.6443,6.4665,,true,0,0.008333,0.0000,0.0000,1.00,0.00,0.0000,22,1,99,111,0,10005,3200,0,7,7,0,0,36974,1915,0,0,981368832,0.000000,0.000000,0.000000,0.00,2,1,2,7,13,24,26,24,0,0,0,0,0,0,0,0,0,0,0.0003,0.0249,0.0514,0.0006,0.0021,0.0000,0.0066,6.4665,0.0213,0.0000,0.0000,0.0000,0.6566,0.0005,0.4646,0.0583,0.0009,0.0005,0.0000,0.0000,0.0004
866,17.8801,0.0000,28.6924,4.7662,,true,0,0.008333,0.0000,0.0000,1.00,0.00,0.0000,22,1,99,111,0,9505,3200,0,7,7,0,0,36974,1915,0,0,981368832,0.000000,0.000000,0.000000,0.00,2,1,2,7,13,24,26,24,0,0,0,0,0,0,0,0,0,0,0.0003,0.0243,0.0421,0.0010,0.0034,0.0000,0.0049,4.7662,0.0210,0.0000,0.0000,0.0000,0.8742,0.0006,0.5590,0.0724,0.0020,0.0012,0.0000,0.0000,0.0006
867,17.8861,0.0000,6.2812,4.0230,,true,0,0.008333,0.0000,0.0000,1.00,0.00,0.0000,22,1,99,111,0,9005,3200,0,7,7,0,0,36974,1915,0,0,981368832,0.000000,0.000000,0.000000,0.00,2,1,2,7,13,24,26,24,0,0,0,0,0,0,0,0,0,0,0.0002,0.0120,0.0422,0.0004,0.0014,0.0000,0.0035,4.0230,0.0170,0.0000,0.0000,0.0000,0.6569,0.0004,0.4535,0.0601,0.0008,0.0005,0.0000,0.0000,0.0005
868,17.8906,0.0000,5.9769,3.1440,,true,0,0.008333,0.0000,0.0000,1.00,0.00,0.0000,22,1,99,111,0,8505,3200,0,7,7,0,0,36974,1915,0,0,981368832,0.000000,0.000000,0.000000,0.00,2,1,2,7,13,24,26,24,0,0,0,0,0,0,0,0,0,0,0.0002,0.0123,0.0387,0.0006,0.0016,0.0000,0.0047,3.1440,0.0152,0.0000,0.0000,0.0000,0.6107,0.0002,0.4024,0.0776,0.0004,0.0007,0.0000,0.0000,0.0003
869,17.9047,0.0000,13.6094,3.4627,,true,0,0.008333,0.0000,0.0000,1.00,0.00,0.0000,22,1,99,111,0,8005,3200,0,7,7,0,0,36974,1915,0,0,981368832,0.000000,0.000000,0.000000,0.00,2,1,2,7,13,24,26,24,0,0,0,0,0,0,0,0,0,0,0.0004,0.0185,0.0463,0.0008,0.0042,0.0000,0.0055,3.4627,0.0106,0.0000,0.0000,0.0000,0.5548,0.0002,0.3328,0.0426,0.0005,0.0002,0.0000,0.0000,0.0006
870,17.9169,0.0000,12.4677,3.1612,,true,0,0.008333,0.0000,0.0000,1.00,0.00,0.0000,22,1,99,111,0,7505,3200,0,7,7,0,0,36974,1915,0,0,981368832,0.000000,0.000000,0.000000,0.00,2,1,2,7,13,24,26,24,0,0,0,0,0,0,0,0,0,0,0.0003,0.0178,0.0325,0.0004,0.0023,0.0000,0.0054,3.1612,0.0081,0.0000,0.0000,0.0000,0.5890,0.0001,0.3152,0.0372,0.0015,0.0008,0.0000,0.0000,0.0011
871,17.9297,0.0000,12.6092,3.4198,,true,0,0.008333,0.0000,0.0000,1.00,0.00,0.0000,22,1,99,111,0,7005,3200,0,7,7,0,0,36974,1915,0,0,981368832,0.000000,0.000000,0.000000,0.00,2,1,2,7,13,24,26,24,0,0,0,0,0,0,0,0,0,0,0.0003,0.0151,0.0325,0.0007,0.0016,0.0000,0.0053,3.4198,0.0156,0.0000,0.0000,0.0000,0.5469,0.0004,0.3219,0.0648,0.0014,0.0005,0.0000,0.0000,0.0019
872,17.9431,0.0000,13.1992,3.6304,,true,0,0.008333,0.0000,0.0000,1.00,0.00,0.0000,22,1,99,111,0,6505,3200,0,7,7,0,0,36974,1915,0,0,981368832,0.000000,0.000000,0.000000,0.00,2,1,2,7,13,24,26,24,0,0,0,0,0,0,0,0,0,0,0.0007,0.0174,0.0363,0.0009,0.0039,0.0000,0.0052,3.6304,0.0094,0.0000,0.0000,0.0000,0.6139,0.0003,0.4119,0.0479,0.0005,0.0004,0.0000,0.0000,0.0003
873,17.9557,0.0000,12.3887,3.8413,,true,0,0.008333,0.0000,0.0000,1.00,0.00,0.0000,22,1,99,111,0,6005,3200,0,7,7,0,0,36974,1915,0,0,981368832,0.000000,0.000000,0.000000,0.00,2,1,2,7,13,24,26,24,0,0,0,0,0,0,0,0,0,0,0.0002,0.0235,0.0350,0.0007,0.0029,0.0000,0.0057,3.8413,0.0093,0.0000,0.0000,0.0000,0.6338,0.0003,0.4133,0.0448,0.0007,0.0003,0.0000,0.0000,0.0004
874,17.9674,0.0000,12.4705,3.1198,,true,0,0.008333,0.0000,0.0000,1.00,0.00,0.0000,22,1,99,111,0,5505,3200,0,7,7,0,0,36974,1915,0,0,981372928,0.000000,0.000000,0.000000,0.00,2,1,2,7,13,24,26,24,0,0,0,0,0,0,0,0,0,0,0.0003,0.0156,0.0299,0.0005,0.0016,0.0000,0.0044,3.1198,0.0179,0.0000,0.0000,0.0000,0.5149,0.0003,0.3144,0.0595,0.0014,0.0005,0.0000,0.0000,0.0004
875,17.9795,0.0000,11.9934,3.2546,,true,0,0.008333,0.0000,0.0000,1.00,0.00,0.0000,22,1,99,111,0,5005,3200,0,7,7,0,0,36974,1915,0,0,981372928,0.000000,0.000000,0.000000,0.00,2,1,2,7,13,24,26,24,0,0,0,0,0,0,0,0,0,0,0.0003,0.0115,0.0299,0.0006,0.0013,0.0000,0.0049,3.2546,0.0118,0.0000,0.0000,0.0000,0.5059,0.0002,0.3007,0.0785,0.0029,0.0006,0.0000,0.0000,0.0001
876,17.9927,0.0000,12.9773,3.3251,,true,0,0.008333,0.0000,0.0000,1.00,0.00,0.0000,22,1,99,111,0,4505,3200,0,7,7,0,0,36974,1915,0,0,981372928,0.000000,0.000000,0.000000,0.00,2,1,2,7,13,24,26,24,0,0,0,0,0,0,0,0,0,0,0.0006,0.0151,0.0337,0.0011,0.0022,0.0000,0.0066,3.3251,0.0083,0.0000,0.0000,0.0000,0.6196,0.0002,0.4336,0.0459,0.0005,0.0004,0.0000,0.0000,0.0001
877,18.0052,0.0000,12.1418,3.8380,,true,0,0.008333,0.0000,0.0000,1.00,0.00,0.0000,22,1,99,111,0,4005,3200,0,7,7,0,0,36974,1915,0,0,981372928,0.000000,0.000000,0.000000,0.00,2,1,2,7,13,24,26,24,0,0,0,0,0,0,0,0,0,0,0.0006,0.0193,0.0421,0.0007,0.0018,0.0000,0.0069,3.8380,0.0179,0.0000,0.0000,0.0000,0.6579,0.0006,0.4299,0.0724,0.0020,0.0007,0.0000,0.0000,0.0004
878,18.0194,0.0000,14.0776,3.8844,,true,0,0.008333,0.0000,0.0000,1.00,0.00,0.0000,22,1,99,111,0,3505,3200,0,7,7,0,0,36974,1915,0,0,981372928,0.000000,0.000000,0.000000,0.00,2,1,2,7,13,24,26,24,0,0,0,0,0,0,0,0,0,0,0.0005,0.0217,0.0357,0.0008,0.0035,0.0000,0.0063,3.8844,0.0114,0.0000,0.0000,0.0000,0.6422,0.0003,0.4270,0.0456,0.0006,0.0003,0.0000,0.0000,0.0006
879,18.0309,0.0000,11.8686,3.4647,,true,0,0.008333,0.0000,0.0000,1.00,0.00,0.0000,22,1,99,111,0,3005,3105,0,7,7,0,0,36974,1915,0,0,981372928,0.000000,0.000000,0.000000,0.00,2,1,2,7,13,24,26,24,0,0,0,0,0,0,0,0,0,0,0.0003,0.0130,0.0461,0.0005,0.0009,0.0000,0.0045,3.4647,0.0201,0.0000,0.0000,0.0000,0.6238,0.0001,0.4222,0.0675,0.0011,0.0003,0.0000,0.0000,0.0005
880,18.0441,0.0000,13.2183,3.4278,,true,0,0.008333,0.0000,0.0000,1.00,0.00,0.0000,22,1,99,111,0,2505,2605,0,7,7,0,0,36974,1915,0,0,981372928,0.000000,0.000000,0.000000,0.00,2,1,2,7,13,24,26,24,0,0,0,0,0,0,0,0,0,0,0.0004,0.0136,0.0494,0.0005,0.0015,0.0000,0.0034,3.4278,0.0163,0.0000,0.0000,0.0000,0.6375,0.0006,0.4288,0.0706,0.0013,0.0003,0.0000,0.0000,0.0004
881,18.0564,0.0000,12.6255,3.2589,,true,0,0.008333,0.0000,0.0000,1.00,0.00,0.0000,22,1,99,111,0,2005,2105,0,7,7,0,0,36974,1915,0,0,981372928,0.000000,0.000000,0.000000,0.00,2,1,2,7,13,24,26,24,0,0,0,0,0,0,0,0,0,0,0.0004,0.0153,0.0387,0.0004,0.0016,0.0000,0.0039,3.2589,0.0104,0.0000,0.0000,0.0000,0.6159,0.0008,0.4117,0.0611,0.0004,0.0011,0.0000,0.0000,0.0004
882,18.0688,0.0000,12.2923,3.4376,,true,0,0.008333,0.0000,0.0000,1.00,0.00,0.0000,22,1,99,111,0,1505,1605,0,7,7,0,0,36974,1915,0,0,981372928,0.000000,0.000000,0.000000,0.00,2,1,2,7,13,24,26,24,0,0,0,0,0,0,0,0,0,0,0.0003,0.0163,0.0443,0.0005,0.0015,0.0000,0.0031,3.4376,0.0192,0.0000,0.0000,0.0000,0.6593,0.0001,0.4213,0.0623,0.0014,0.0013,0.0000,0.0000,0.0003
883,18.0812,0.0000,12.5404,3.3464,,true,0,0.008333,0.0000,0.0000,1.00,0.00,0.0000,22,1,99,111,0,1129,1229,0,7,7,0,0,36974,1915,0,0,981372928,0.000000,0.000000,0.000000,0.00,2,1,2,7,13,24,26,24,0,0,0,0,0,0,0,0,0,0,0.0004,0.0181,0.0280,0.0005,0.0021,0.0000,0.0061,3.3464,0.0111,0.0000,0.0000,0.0000,0.4841,0.0019,0.3069,0.0443,0.0009,0.0014,0.0000,0.0000,0.0003
884,18.0944,0.0000,13.1100,3.3673,,true,0,0.008333,0.0000,0.0000,1.00,0.00,0.0000,22,1,99,111,0,847,947,0,7,7,0,0,36974,1915,0,0,981377024,0.000000,0.000000,0.000000,0.00,2,1,2,7,13,24,26,24,0,0,0,0,0,0,0,0,0,0,0.0002,0.0123,0.0307,0.0005,0.0017,0.0000,0.0036,3.3673,0.0122,0.0000,0.0000,0.0000,0.4890,0.0001,0.3155,0.0520,0.0011,0.0004,0.0000,0.0000,0.0001
885,18.1070,0.0000,12.3595,3.5782,,true,0,0.008333,0.0000,0.0000,1.00,0.00,0.0000,22,1,99,111,0,635,735,0,7,7,0,0,36974,1915,0,0,981487616,0.000000,0.000000,0.000000,0.00,2,1,2,7,13,24,26,24,0,0,0,0,0,0,0,0,0,0,0.0005,0.0215,0.0413,0.0012,0.0020,0.0000,0.0058,3.5782,0.0155,0.0000,0.0000,0.0000,0.7272,0.0008,0.4925,0.0770,0.0018,0.0017,0.0000,0.0000,0.0003
886,18.1199,0.0000,12.9221,3.4093,,true,0,0.008333,0.0000,0.0000,1.00,0.00,0.0000,22,1,99,111,0,476,576,0,7,7,0,0,36974,1915,0,0,981487616,0.000000,0.000000,0.000000,0.00,2,1,2,7,13,24,26,24,0,0,0,0,0,0,0,0,0,0,0.0004,0.0202,0.0385,0.0005,0.0016,0.0000,0.0038,3.4093,0.0110,0.0000,0.0000,0.0000,0.6593,0.0010,0.4373,0.0692,0.0011,0.0005,0.0000,0.0000,0.0004
887,18.1315,0.0000,12.0536,3.2233,,true,0,0.008333,0.0000,0.0000,1.00,0.00,0.0000,22,1,99,111,0,357,457,0,7,7,0,0,36974,1915,0,0,981487616,0.000000,0.000000,0.000000,0.00,2,1,2,7,13,24,26,24,0,0,0,0,0,0,0,0,0,0,0.0003,0.0289,0.0446,0.0005,0.0023,0.0000,0.0048,3.2233,0.0114,0.0000,0.0000,0.0000,0.4744,0.0002,0.3030,0.0493,0.0006,0.0004,0.0000,0.0000,0.0002
888,18.1533,0.0000,12.8840,11.7909,,true,0,0.008333,0.0000,0.0000,1.00,0.00,0.0000,22,1,97,365,8,857,957,0,7,14,0,0,37071,1923,349,40,981487616,0.000000,0.000000,0.000000,0.00,2,1,1,6,13,24,26,24,0,0,0,0,0,0,0,0,0,0,0.0002,0.0121,0.0675,0.0004,0.0012,0.0000,0.0047,11.7909,0.0180,0.0000,0.0000,0.0000,6.3543,0.0001,0.6250,0.0792,0.0585,0.0010,0.0000,0.0000,3.8050
889,18.1631,0.0000,14.2853,7.2770,,true,0,0.008333,0.0000,0.0000,1.00,0.00,0.0000,22,1,30,365,8,643,743,0,5,14,4,0,37101,1927,345,40,981491712,0.000000,0.000000,0.000000,0.00,2,1,2,8,9,8,0,0,0,0,0,0,0,0,0,0,0,0,0.0003,0.0165,0.0408,0.0004,0.0009,0.0000,0.0035,7.2770,0.0156,0.0000,0.0000,0.0000,3.4359,0.0157,0.8210,0.0507,0.1479,0.0083,0.0000,24.0804,0.0002
890,18.2065,0.0000,39.2134,11.3297,,true,0,0.008333,0.0000,0.0000,1.00,0.00,0.0000,22,1,30,365,8,482,582,0,5,14,8,0,37131,1935,337,40,987787264,0.000000,0.000000,0.000000,0.00,2,2,3,12,7,4,0,0,0,0,0,0,0,0,0,0,0,0,0.0007,0.0206,0.1610,0.0008,0.0034,0.0000,0.0055,11.3297,0.0380,0.0000,0.0000,0.0000,3.8396,0.1090,0.8747,0.0958,0.1303,0.0245,0.0000,38.7365,0.0006
891,18.2790,0.0000,75.1304,8.5514,,true,0,0.008333,0.0000,0.0000,1.00,0.00,0.0000,22,1,30,365,8,362,462,0,5,14,8,0,37131,1943,329,40,994091008,0.000000,0.000000,0.000000,0.00,2,2,3,12,7,4,0,0,0,0,0,0,0,0,0,0,0,0,0.0003,0.0260,0.0575,0.0010,0.0039,0.0000,0.0056,8.5514,0.0271,0.0000,0.0000,0.0000,3.3876,0.0241,0.8724,0.1056,0.1291,0.0145,0.0000,42.9587,0.0009
892,18.3365,0.0000,57.8620,8.2409,,true,0,0.008333,0.0000,0.0000,1.00,0.00,0.0000,22,1,32,365,8,271,371,0,4,14,8,0,37163,1951,321,40,995082240,0.000000,0.000000,0.000000,0.00,2,2,3,10,15,0,0,0,0,0,0,0,0,0,0,0,0,0,0.0004,0.0227,0.1015,0.0007,0.0031,0.0000,0.0081,8.2409,0.0507,0.0000,0.0000,0.0000,3.4037,0.0326,0.8545,0.1124,0.1541,0.0105,0.0000,44.3915,0.0004
893,18.3695,0.0000,32.4392,8.7853,,true,0,0.008333,0.0000,0.0000,1.00,0.00,0.0000,22,1,35,365,8,203,303,0,4,14,8,0,37198,1959,313,40,1002471424,0.000000,0.000000,0.000000,0.00,2,2,3,9,19,0,0,0,0,0,0,0,0,0,0,0,0,0,0.0003,0.0244,0.0433,0.0007,0.0037,0.0000,0.0058,8.7853,0.0216,0.0000,0.0000,0.0000,3.6263,0.0239,0.8997,0.0971,0.1222,0.0102,0.0000,43.9062,0.0009
894,18.4226,0.0000,52.2948,9.6252,,true,0,0.008333,0.0000,0.0000,1.00,0.00,0.0000,22,1,35,365,8,153,253,0,4,14,8,0,37198,1967,305,40,1003286528,0.000000,0.000000,0.000000,0.00,2,2,3,9,19,0,0,0,0,0,0,0,0,0,0,0,0,0,0.0005,0.0236,0.0481,0.0011,0.0044,0.0000,0.0141,9.6252,0.0225,0.0000,0.0000,0.0000,3.1771,0.0374,0.8848,0.0687,0.0822,0.0234,0.0000,47.8500,0.0006
895,18.4699,0.0000,45.9676,10.9781,,true,0,0.008333,0.0000,0.0000,1.00,0.00,0.0000,22,1,44,365,8,114,214,0,5,14,8,0,37242,1975,297,40,1003286528,0.000000,0.000000,0.000000,0.00,2,2,3,8,21,8,0,0,0,0,0,0,0,0,0,0,0,0,0.0003,0.0262,0.0786,0.0012,0.0026,0.0000,0.0059,10.9781,0.0466,0.0000,0.0000,0.0000,3.4833,0.0335,0.8195,0.0659,0.1082,0.0153,0.0000,42.1612,0.0008
896,18.5036,0.0000,34.7850,9.8425,,true,0,0.008333,0.0000,0.0000,1.00,0.00,0.0000,22,1,44,365,8,86,186,0,5,14,8,0,37242,1983,289,40,1003290624,0.000000,0.000000,0.000000,0.00,2,2,3,8,21,8,0,0,0,0,0,0,0,0,0,0,0,0,0.0006,0.0218,0.1245,0.0009,0.0039,0.0000,0.0083,9.8425,0.0419,0.0000,0.0000,0.0000,3.4062,0.0308,0.7066,0.1065,0.1409,0.0126,0.0000,42.8820,0.0008
897,18.5341,0.0000,30.9966,9.3916,,true,0,0.008333,0.0000,0.0000,1.00,0.00,0.0000,22,1,44,365,8,586,686,0,5,14,8,0,37242,1991,281,40,1003376640,0.000000,0.000000,0.000000,0.00,2,2,3,8,21,8,0,0,0,0,0,0,0,0,0,0,0,0,0.0002,0.0261,0.1208,0.0010,0.0030,0.0000,0.0048,9.3916,0.0502,0.0000,0.0000,0.0000,3.2957,0.0223,0.6649,0.1169,0.2237,0.0107,0.0000,47.4525,0.0005
898,18.5635,0.0000,29.7884,9.0148,,true,0,0.008333,0.0000,0.0000,1.00,0.00,0.0000,22,1,44,365,8,1086,1186,0,5,14,8,0,37242,1999,273,40,1003376640,0.000000,0.000000,0.000000,0.00,2,2,3,8,21,8,0,0,0,0,0,0,0,0,0,0,0,0,0.0002,0.0197,0.0479,0.0009,0.0038,0.0000,0.0055,9.0148,0.0222,0.0000,0.0000,0.0000,2.5541,0.0267,0.6455,0.0608,0.0963,0.0170,0.0000,45.8487,0.0003
899,18.5923,0.0000,28.7144,9.0393,,true,0,0.008333,0.0000,0.0000,1.00,0.00,0.0000,22,1,44,365,8,1586,1686,0,5,14,8,0,37242,2007,265,40,1003376640,0.000000,0.000000,0.000000,0.00,2,2,3,8,21,8,0,0,0,0,0,0,0,0,0,0,0,0,0.0005,0.0297,0.0335,0.0007,0.0027,0.0000,0.0073,9.0393,0.0116,0.0000,0.0000,0.0000,2.0110,0.0188,0.4284,0.0597,0.0781,0.0098,0.0000,47.8929,0.0008
900,18.6207,0.0000,29.3069,8.1340,,true,0,0.008333,0.0000,0.0000,1.00,0.00,0.0000,22,1,44,365,8,2086,2186,0,5,14,8,0,37242,2015,257,40,1003417600,0.000000,0.000000,0.000000,0.00,2,2,3,8,21,8,0,0,0,0,0,0,0,0,0,0,0,0,0.0009,0.0374,0.0700,0.0018,0.0039,0.0000,0.0070,8.1340,0.0255,0.0000,0.0000,0.0000,2.3736,0.0612,0.4981,0.1476,0.1349,0.0123,0.0000,46.4195,0.0004
901,18.6534,0.0000,29.8819,10.8860,,true,0,0.008333,0.0000,0.0000,1.00,0.00,0.0000,22,1,44,365,8,2586,2686,0,5,14,8,0,37242,2023,249,40,1003417600,0.000000,0.000000,0.000000,0.00,2,2,3,8,21,8,0,0,0,0,0,0,0,0,0,0,0,0,0.0001,0.0280,0.0702,0.0007,0.0031,0.0000,0.0059,10.8860,0.0346,0.0000,0.0000,0.0000,2.8039,0.0449,0.5023,0.1209,0.1363,0.0176,0.0000,46.8709,0.0004
902,18.6778,0.0000,28.7704,6.5643,,true,0,0.008333,0.0000,0.0000,1.00,0.00,0.0000,22,1,44,365,8,3086,3186,0,5,14,8,0,37242,2031,241,40,1003421696,0.000000,0.000000,0.000000,0.00,2,2,3,8,21,8,0,0,0,0,0,0,0,0,0,0,0,0,0.0001,0.0209,0.0676,0.0005,0.0028,0.0000,0.0045,6.5643,0.0300,0.0000,0.0000,0.0000,2.5127,0.0187,0.4052,0.0800,0.1196,0.0098,0.0000,45.6928,0.0008
903,18.7179,0.0000,36.4721,10.1464,,true,0,0.008333,0.0000,0.0000,1.00,0.00,0.0000,22,1,44,365,8,3586,3200,0,5,14,8,0,37242,2039,233,40,1003421696,0.000000,0.000000,0.000000,0.00,2,2,3,8,21,8,0,0,0,0,0,0,0,0,0,0,0,0,0.0007,0.0379,0.1451,0.0007,0.0044,0.0000,0.0064,10.1464,0.0271,0.0000,0.0000,0.0000,2.5661,0.0220,0.3883,0.1375,0.1792,0.0111,0.0000,49.0883,0.0005
904,18.7408,0.0000,25.2044,8.0124,,true,0,0.008333,0.0000,0.0000,1.00,0.00,0.0000,22,1,44,365,8,4086,3200,0,5,14,8,0,37242,2047,225,40,1003421696,0.000000,0.000000,0.000000,0.00,2,2,3,8,21,8,0,0,0,0,0,0,0,0,0,0,0,0,0.0007,0.0240,0.0616,0.0009,0.0023,0.0000,0.0050,8.0124,0.0203,0.0000,0.0000,0.0000,2.6395,0.0262,0.4587,0.1183,0.2010,0.0107,0.0000,46.0124,0.0006
905,18.7810,0.0000,37.0511,10.9484,,true,0,0.008333,0.0000,0.0000,1.00,0.00,0.0000,22,1,44,365,8,4586,3200,0,5,14,8,0,37242,2055,217,40,1003425792,0.000000,0.000000,0.000000,0.00,2,2,3,8,21,8,0,0,0,0,0,0,0,0,0,0,0,0,0.0020,0.0217,0.0469,0.0012,0.0150,0.0000,0.0133,10.9484,0.0225,0.0000,0.0000,0.0000,2.2442,0.0255,0.3235,0.0924,0.1226,0.0119,0.0000,43.5803,0.0003
906,18.8065,0.0000,25.9331,10.5302,,true,0,0.008333,0.0000,0.0000,1.00,0.00,0.0000,22,1,44,365,8,5086,3200,0,5,14,8,0,37242,2063,209,40,1003642880,0.000000,0.000000,0.000000,0.00,2,2,3,8,21,8,0,0,0,0,0,0,0,0,0,0,0,0,0.0005,0.0239,0.1206,0.0005,0.0031,0.0000,0.0070,10.5302,0.0481,0.0000,0.0000,0.0000,3.8081,0.0310,0.4336,0.0568,0.2055,0.0110,0.0000,45.8021,0.0005
907,18.8274,0.0000,24.8436,6.8892,,true,0,0.008333,0.0000,0.0000,1.00,0.00,0.0000,22,1,44,365,8,5586,3200,0,5,14,8,0,37242,2071,201,40,1003642880,0.000000,0.000000,0.000000,0.00,2,2,3,8,21,8,0,0,0,0,0,0,0,0,0,0,0,0,0.0006,0.0212,0.0879,0.0009,0.0028,0.0000,0.0048,6.8892,0.0509,0.0000,0.0000,0.0000,2.1848,0.0300,0.3433,0.0625,0.1186,0.0183,0.0000,44.4653,0.0004
908,18.8507,0.0000,21.3223,8.9373,,true,0,0.008333,0.0000,0.0000,1.00,0.00,0.0000,22,1,44,365,8,6086,3200,0,5,14,8,0,37242,2079,193,40,1003642880,0.000000,0.000000,0.000000,0.00,2,2,3,8,21,8,0,0,0,0,0,0,0,0,0,0,0,0,0.0009,0.0192,0.0563,0.0006,0.0026,0.0000,0.0048,8.9373,0.0301,0.0000,0.0000,0.0000,2.2651,0.0415,0.3122,0.0610,0.1223,0.0278,0.0000,46.4337,0.0008
909,18.8711,0.0000,22.4359,6.8530,,true,0,0.008333,0.0000,0.0000,1.00,0.00,0.0000,22,1,44,365,8,6586,3200,0,5,14,8,0,37242,2087,185,40,1003642880,0.000000,0.000000,0.000000,0.00,2,2,3,8,21,8,0,0,0,0,0,0,0,0,0,0,0,0,0.0007,0.0187,0.0512,0.0009,0.0033,0.0000,0.0050,6.8530,0.0209,0.0000,0.0000,0.0000,2.0816,0.0279,0.3591,0.0586,0.1285,0.0244,0.0000,48.7783,0.0008
910,18.8935,0.0000,23.2053,5.9511,,true,0,0.008333,0.0000,0.0000,1.00,0.00,0.0000,22,1,44,365,8,7086,3200,0,5,14,8,0,37242,2095,177,40,1003642880,0.000000,0.000000,0.000000,0.00,2,2,3,8,21,8,0,0,0,0,0,0,0,0,0,0,0,0,0.0002,0.0240,0.0563,0.0006,0.0029,0.0000,0.0044,5.9511,0.0286,0.0000,0.0000,0.0000,2.0650,0.0379,0.2906,0.0612,0.1255,0.0272,0.0000,48.9625,0.0004
911,18.9298,0.0000,33.8100,8.5342,,true,0,0.008333,0.0000,0.0000,1.00,0.00,0.0000,22,1,44,365,8,7586,3200,0,5,14,8,0,37242,2103,169,40,1003642880,0.000000,0.000000,0.000000,0.00,2,2,3,8,21,8,0,0,0,0,0,0,0,0,0,0,0,0,0.0003,0.0203,0.0787,0.0004,0.0032,0.0000,0.0048,8.5342,0.0603,0.0000,0.0000,0.0000,2.1545,0.0479,0.3371,0.1029,0.1539,0.0252,0.0000,51.7785,0.0009
912,18.9516,0.0000,22.4684,7.8980,,true,0,0.008333,0.0000,0.0000,1.00,0.00,0.0000,22,1,44,365,8,8086,3200,0,5,14,8,0,37242,2111,161,40,1003646976,0.000000,0.000000,0.000000,0.00,2,2,3,8,21,8,0,0,0,0,0,0,0,0,0,0,0,0,0.0003,0.0199,0.0625,0.0010,0.0036,0.0000,0.0046,7.8980,0.0353,0.0000,0.0000,0.0000,1.6311,0.0436,0.2507,0.0677,0.1170,0.0160,0.0000,48.1752,0.0003
913,18.9871,0.0000,34.8679,8.5637,,true,0,0.008333,0.0000,0.0000,1.00,0.00,0.0000,22,1,44,365,8,8586,3200,0,5,14,8,0,37242,2119,153,40,1003646976,0.000000,0.000000,0.000000,0.00,2,2,3,8,21,8,0,0,0,0,0,0,0,0,0,0,0,0,0.0012,0.0239,0.1650,0.0009,0.0038,0.0000,0.0049,8.5637,0.0216,0.0000,0.0000,0.0000,2.5525,0.0427,0.2762,0.1000,0.1729,0.0148,0.0000,45.7926,0.0010
914,19.0116,0.0000,21.6219,10.7185,,true,0,0.008333,0.0000,0.0000,1.00,0.00,0.0000,22,1,44,365,8,9086,3200,0,5,14,8,0,37242,2127,145,40,1003646976,0.000000,0.000000,0.000000,0.00,2,2,3,8,21,8,0,0,0,0,0,0,0,0,0,0,0,0,0.0007,0.0289,0.1146,0.0008,0.0034,0.0000,0.0069,10.7185,0.0387,0.0000,0.0000,0.0000,2.0421,0.0282,0.3482,0.1012,0.1619,0.0150,0.0000,50.6051,0.0009
915,19.0470,0.0000,36.1363,10.4689,,true,0,0.008333,0.0000,0.0000,1.00,0.00,0.0000,22,1,44,365,8,9586,3200,0,5,14,8,0,37242,2135,137,40,1003646976,0.000000,0.000000,0.000000,0.00,2,2,3,8,21,8,0,0,0,0,0,0,0,0,0,0,0,0,0.0007,0.0243,0.0649,0.0015,0.0037,0.0000,0.0083,10.4689,0.0418,0.0000,0.0000,0.0000,1.9692,0.0467,0.3469,0.0792,0.1398,0.0275,0.0000,53.8199,0.0010
916,19.0694,0.0000,24.3336,8.7120,,true,0,0.008333,0.0000,0.0000,1.00,0.00,0.0000,22,1,44,365,8,10086,3200,0,5,14,8,0,37242,2143,129,40,1003646976,0.000000,0.000000,0.000000,0.00,2,2,3,8,21,8,0,0,0,0,0,0,0,0,0,0,0,0,0.0006,0.0190,0.0637,0.0007,0.0034,0.0000,0.0047,8.7120,0.0401,0.0000,0.0000,0.0000,1.8677,0.0343,0.2732,0.0778,0.1459,0.0173,0.0000,48.0937,0.0009
917,19.0922,0.0000,23.1837,8.3138,,true,0,0.008333,0.0000,0.0000,1.00,0.00,0.0000,22,1,44,365,8,10586,3200,0,5,14,8,0,37242,2151,121,40,1003646976,0.000000,0.000000,0.000000,0.00,2,2,3,8,21,8,0,0,0,0,0,0,0,0,0,0,0,0,0.0002,0.0224,0.0875,0.0010,0.0033,0.0000,0.0043,8.3138,0.0484,0.0000,0.0000,0.0000,1.9807,0.0580,0.3025,0.0948,0.1654,0.0415,0.0000,42.3892,0.0006
918,19.1151,0.0000,21.8026,9.3132,,true,0,0.008333,0.0000,0.0000,1.00,0.00,0.0000,22,1,44,365,8,11086,3200,0,5,14,8,0,37242,2159,113,40,1003646976,0.000000,0.000000,0.000000,0.00,2,2,3,8,21,8,0,0,0,0,0,0,0,0,0,0,0,0,0.0002,0.0554,0.0643,0.0009,0.0027,0.0000,0.0055,9.3132,0.0126,0.0000,0.0000,0.0000,1.9191,0.0594,0.3144,0.1034,0.1816,0.0178,0.0000,40.1616,0.0006
919,19.1354,0.0000,21.8625,7.7057,,true,0,0.008333,0.0000,0.0000,1.00,0.00,0.0000,22,1,44,365,8,11586,3200,0,5,14,8,0,37242,2167,105,40,1003646976,0.000000,0.000000,0.000000,0.00,2,2,3,8,21,8,0,0,0,0,0,0,0,0,0,0,0,0,0.0004,0.0342,0.0578,0.0011,0.0032,0.0000,0.0048,7.7057,0.0239,0.0000,0.0000,0.0000,1.8955,0.0446,0.3131,0.1287,0.1737,0.0313,0.0000,45.4822,0.0010
920,19.1556,0.0000,20.4280,7.5826,,true,0,0.008333,0.0000,0.0000,1.00,0.00,0.0000,22,1,44,365,8,12086,3200,0,5,14,8,0,37242,2175,97,40,1003646976,0.000000,0.000000,0.000000,0.00,2,2,3,8,21,8,0,0,0,0,0,0,0,0,0,0,0,0,0.0008,0.0202,0.1133,0.0007,0.0030,0.0000,0.0045,7.5826,0.0500,0.0000,0.0000,0.0000,1.7214,0.0316,0.2894,0.1077,0.1610,0.0155,0.0000,43.8324,0.0007
921,19.1798,0.0000,23.4855,8.2077,,true,0,0.008333,0.0000,0.0000,1.00,0.00,0.0000,22,1,44,365,8,12586,3200,0,5,14,8,0,37242,2183,89,40,1003651072,0.000000,0.000000,0.000000,0.00,2,2,3,8,21,8,0,0,0,0,0,0,0,0,0,0,0,0,0.0007,0.0347,0.0414,0.0013,0.0032,0.0000,0.0049,8.2077,0.0256,0.0000,0.0000,0.0000,1.2817,0.0213,0.2039,0.0627,0.1030,0.0149,0.0000,43.5645,0.0006
922,19.2005,0.0000,21.6279,7.3524,,true,0,0.008333,0.0000,0.0000,1.00,0.00,0.0000,22,1,44,365,8,13086,3200,0,5,14,8,0,37242,2191,81,40,1003651072,0.000000,0.000000,0.000000,0.00,2,2,3,8,21,8,0,0,0,0,0,0,0,0,0,0,0,0,0.0004,0.0176,0.0662,0.0016,0.0050,0.0000,0.0088,7.3524,0.0275,0.0000,0.0000,0.0000,1.4658,0.0311,0.2656,0.0727,0.1378,0.0116,0.0000,45.0412,0.0003
923,19.2241,0.0000,22.4489,8.5634,,true,0,0.008333,0.0000,0.0000,1.00,0.00,0.0000,22,1,44,365,8,13586,3200,0,5,14,8,0,37242,2199,73,40,1003651072,0.000000,0.000000,0.000000,0.00,2,2,3,8,21,8,0,0,0,0,0,0,0,0,0,0,0,0,0.0019,0.0409,0.1998,0.0006,0.0024,0.0000,0.0058,8.5634,0.0598,0.0000,0.0000,0.0000,1.4721,0.0319,0.2616,0.0862,0.1544,0.0162,0.0000,51.7544,0.0007
924,19.2448,0.0000,23.0510,6.2105,,true,0,0.008333,0.0000,0.0000,1.00,0.00,0.0000,22,1,44,365,8,14086,3200,0,5,14,8,0,37242,2207,65,40,1003651072,0.000000,0.000000,0.000000,0.00,2,2,3,8,21,8,0,0,0,0,0,0,0,0,0,0,0,0,0.0002,0.0222,0.0447,0.0006,0.0037,0.0000,0.0047,6.2105,0.0278,0.0000,0.0000,0.0000,1.2572,0.0223,0.2013,0.0637,0.1049,0.0113,0.0000,53.9014,0.0004
925,19.2658,0.0000,21.9435,5.1035,,true,0,0.008333,0.0000,0.0000,1.00,0.00,0.0000,22,1,44,365,8,14586,3200,0,5,14,8,0,37242,2215,57,40,1003651072,0.000000,0.000000,0.000000,0.00,2,2,3,8,21,8,0,0,0,0,0,0,0,0,0,0,0,0,0.0006,0.0253,0.0509,0.0009,0.0031,0.0000,0.0061,5.1035,0.0248,0.0000,0.0000,0.0000,1.4216,0.0210,0.2773,0.0831,0.1393,0.0085,0.0000,50.4613,0.0004
926,19.2886,0.0000,20.5996,7.3911,,true,0,0.008333,0.0000,0.0000,1.00,0.00,0.0000,22,1,44,365,8,15086,3200,0,5,14,8,0,37242,2223,49,40,1003651072,0.000000,0.000000,0.000000,0.00,2,2,3,8,21,8,0,0,0,0,0,0,0,0,0,0,0,0,0.0006,0.0259,0.0802,0.0010,0.0037,0.0000,0.0043,7.3911,0.0456,0.0000,0.0000,0.0000,1.5172,0.0450,0.2666,0.1201,0.1588,0.0211,0.0000,47.0091,0.0005
927,19.3066,0.0000,20.2412,5.1333,,true,0,0.008333,0.0000,0.0000,1.00,0.00,0.0000,22,1,44,365,8,15586,3200,0,5,14,8,0,37242,2231,41,40,1003651072,0.000000,0.000000,0.000000,0.00,2,2,3,8,21,8,0,0,0,0,0,0,0,0,0,0,0,0,0.0004,0.0203,0.0516,0.0007,0.0031,0.0000,0.0046,5.1333,0.0300,0.0000,0.0000,0.0000,1.3089,0.0228,0.2493,0.0799,0.1508,0.0136,0.0000,40.1958,0.0006
928,19.3268,0.0000,20.5359,4.8403,,true,0,0.008333,0.0000,0.0000,1.00,0.00,0.0000,22,1,44,365,8,16086,3200,0,5,14,8,0,37242,2239,33,40,1003651072,0.000000,0.000000,0.000000,0.00,2,2,3,8,21,8,0,0,0,0,0,0,0,0,0,0,0,0,0.0002,0.0240,0.0558,0.0009,0.0040,0.0000,0.0043,4.8403,0.0289,0.0000,0.0000,0.0000,1.2703,0.0520,0.2709,0.0843,0.1427,0.0130,0.0000,40.2806,0.0004
929,19.3485,0.0000,19.7631,6.7812,,true,0,0.008333,0.0000,0.0000,1.00,0.00,0.0000,22,1,44,365,8,16586,3200,0,5,14,8,0,37242,2247,25,40,1003651072,0.000000,0.000000,0.000000,0.00,2,2,3,8,21,8,0,0,0,0,0,0,0,0,0,0,0,0,0.0003,0.0226,0.0710,0.0006,0.0038,0.0000,0.0044,6.7812,0.0367,0.0000,0.0000,0.0000,0.8978,0.0196,0.1832,0.0958,0.1111,0.0114,0.0000,41.9721,0.0004
930,19.3684,0.0000,19.8684,6.8042,,true,0,0.008333,0.0000,0.0000,1.00,0.00,0.0000,22,1,44,365,8,17086,3200,0,5,14,8,0,37242,2255,17,40,1003655168,0.000000,0.000000,0.000000,0.00,2,2,3,8,21,8,0,0,0,0,0,0,0,0,0,0,0,0,0.0003,0.0161,0.0419,0.0006,0.0024,0.0000,0.0068,6.8042,0.0159,0.0000,0.0000,0.0000,0.8307,0.0180,0.1839,0.0626,0.0999,0.0085,0.0000,45.4014,0.0008
931,19.3891,0.0000,20.8772,6.6209,,true,0,0.008333,0.0000,0.0000,1.00,0.00,0.0000,22,1,44,365,8,16586,3200,0,5,14,8,0,37242,2263,9,40,1003655168,0.000000,0.000000,0.000000,0.00,2,2,3,8,21,8,0,0,0,0,0,0,0,0,0,0,0,0,0.0002,0.0343,0.1139,0.0010,0.0033,0.0000,0.0051,6.6209,0.0423,0.0000,0.0000,0.0000,1.7148,0.0526,0.3986,0.1325,0.1774,0.0459,0.0000,42.8050,0.0011
932,19.4111,0.0000,21.2035,7.3770,,true,0,0.008333,0.0000,0.0000,1.00,0.00,0.0000,22,1,44,365,1,16086,3200,0,5,14,8,0,37242,2264,1,5,1003655168,0.000000,0.000000,0.000000,0.00,2,2,3,8,21,8,0,0,0,0,0,0,0,0,0,0,0,0,0.0002,0.0173,0.1037,0.0006,0.0023,0.0000,0.0146,7.3770,0.0359,0.0000,0.0000,0.0000,1.1115,0.0255,0.2595,0.0746,0.1985,0.0110,0.0000,50.5165,0.0006
933,19.4336,0.0000,21.2080,8.6908,,true,0,0.008333,0.0000,0.0000,1.00,0.00,0.0000,22,1,44,101,1,15586,3200,0,5,7,1,0,37242,2265,1,5,1003655168,0.000000,0.000000,0.000000,0.00,2,2,3,8,21,8,0,0,0,0,0,0,0,0,0,0,0,0,0.0003,0.0210,0.0475,0.0014,0.0032,0.0000,0.0043,8.6908,0.0168,0.0000,0.0000,0.0000,3.1059,0.0333,1.1537,0.1137,0.0792,0.0099,0.0000,6.9708,1.2154
934,19.4510,0.0000,19.7905,6.2184,,true,0,0.008333,0.0000,0.0000,1.00,0.00,0.0000,22,1,98,101,0,15086,3200,0,7,7,1,0,37340,2265,0,0,1003655168,0.000000,0.000000,0.000000,0.00,2,2,3,7,21,18,17,28,0,0,0,0,0,0,0,0,0,0,0.0003,0.0273,0.0673,0.0024,0.0018,0.0000,0.0054,6.2184,0.0288,0.0000,0.0000,0.0000,0.7762,0.0117,0.3113,0.1292,0.1374,0.0047,0.0000,6.3654,0.0010
935,19.4715,0.0000,20.3103,6.4343,,true,0,0.008333,0.0000,0.0000,1.00,0.00,0.0000,22,1,98,101,0,14586,3200,0,7,7,0,0,37340,2265,0,0,1003655168,0.000000,0.000000,0.000000,0.00,2,2,3,7,21,18,17,28,0,0,0,0,0,0,0,0,0,0,0.0003,0.0244,0.0423,0.0010,0.0031,0.0000,0.0049,6.4343,0.0231,0.0000,0.0000,0.0000,0.5013,0.0010,0.2160,0.0960,0.0026,0.0010,0.0000,0.0000,0.0006
936,19.4940,0.0000,22.5349,6.5330,,true,0,0.008333,0.0000,0.0000,1.00,0.00,0.0000,22,1,98,101,0,14086,3200,0,7,7,0,0,37340,2265,0,0,1003655168,0.000000,0.000000,0.000000,0.00,2,2,3,7,21,18,17,28,0,0,0,0,0,0,0,0,0,0,0.0003,0.0151,0.0337,0.0007,0.0023,0.0000,0.0043,6.5330,0.0195,0.0000,0.0000,0.0000,0.3475,0.0007,0.1481,0.0718,0.0020,0.0009,0.0000,0.0000,0.0003
937,19.5126,0.0000,19.5336,5.6020,,true,0,0.008333,0.0000,0.0000,1.00,0.00,0.0000,22,1,98,101,0,13586,3200,0,7,7,0,0,37340,2265,0,0,1003655168,0.000000,0.000000,0.000000,0.00,2,2,3,7,21,18,17,28,0,0,0,0,0,0,0,0,0,0,0.0011,0.0169,0.0288,0.0006,0.0025,0.0000,0.0068,5.6020,0.0096,0.0000,0.0000,0.0000,0.5048,0.0002,0.2546,0.1001,0.0007,0.0003,0.0000,0.0000,0.0002
938,19.5321,0.0000,20.6094,4.4874,,true,0,0.008333,0.0000,0.0000,1.00,0.00,0.0000,22,1,98,101,0,13086,3200,0,7,7,0,0,37340,2265,0,0,1003655168,0.000000,0.000000,0.000000,0.00,2,2,3,7,21,18,17,28,0,0,0,0,0,0,0,0,0,0,0.0006,0.0188,0.0587,0.0007,0.0026,0.0000,0.0048,4.4874,0.0219,0.0000,0.0000,0.0000,0.5073,0.0005,0.2379,0.0612,0.0023,0.0010,0.0000,0.0000,0.0004
939,19.5371,0.0000,6.0551,3.7484,,true,0,0.008333,0.0000,0.0000,1.00,0.00,0.0000,22,1,98,101,0,12586,3200,0,7,7,0,0,37340,2265,0,0,1003655168,0.000000,0.000000,0.000000,0.00,2,2,3,7,21,18,17,28,0,0,0,0,0,0,0,0,0,0,0.0004,0.0279,0.0576,0.0005,0.0016,0.0000,0.0055,3.7484,0.0158,0.0000,0.0000,0.0000,0.4318,0.0004,0.2100,0.0601,0.0010,0.0005,0.0000,0.0000,0.0008
940,19.5408,0.0000,4.8536,2.6721,,true,0,0.008333,0.0000,0.0000,1.00,0.00,0.0000,22,1,98,101,0,12086,3200,0,7,7,0,0,37340,2265,0,0,1003659264,0.000000,0.000000,0.000000,0.00,2,2,3,7,21,18,17,28,0,0,0,0,0,0,0,0,0,0,0.0002,0.0114,0.0324,0.0005,0.0011,0.0000,0.0028,2.6721,0.0083,0.0000,0.0000,0.0000,0.3081,0.0001,0.1669,0.0468,0.0004,0.0003,0.0000,0.0000,0.0003
941,19.5502,0.0000,9.0066,2.8346,,true,0,0.008333,0.0000,0.0000,1.00,0.00,0.0000,22,1,98,101,0,11586,3200,0,7,7,0,0,37340,2265,0,0,1003659264,0.000000,0.000000,0.000000,0.00,2,2,3,7,21,18,17,28,0,0,0,0,0,0,0,0,0,0,0.0003,0.0130,0.0272,0.0004,0.0016,0.0000,0.0054,2.8346,0.0087,0.0000,0.0000,0.0000,0.2914,0.0003,0.1391,0.0437,0.0007,0.0006,0.0000,0.0000,0.0006
942,19.5637,0.0000,13.0044,3.2297,,true,0,0.008333,0.0000,0.0000,1.00,0.00,0.0000,22,1,98,101,0,11086,3200,0,7,7,0,0,37340,2265,0,0,1003659264,0.000000,0.000000,0.000000,0.00,2,2,3,7,21,18,17,28,0,0,0,0,0,0,0,0,0,0,0.0002,0.0129,0.0409,0.0007,0.0023,0.0000,0.0048,3.2297,0.0145,0.0000,0.0000,0.0000,0.3634,0.0003,0.1817,0.0636,0.0007,0.0005,0.0000,0.0000,0.0003
943,19.5760,0.0000,12.6595,2.8921,,true,0,0.008333,0.0000,0.0000,1.00,0.00,0.0000,22,1,98,101,0,10586,3200,0,7,7,0,0,37340,2265,0,0,1003659264,0.000000,0.000000,0.000000,0.00,2,2,3,7,21,18,17,28,0,0,0,0,0,0,0,0,0,0,0.0002,0.0172,0.0262,0.0006,0.0020,0.0000,0.0045,2.8921,0.0213,0.0000,0.0000,0.0000,0.2948,0.0003,0.1356,0.0569,0.0008,0.0006,0.0000,0.0000,0.0003
944,19.5884,0.0000,12.3091,3.0425,,true,0,0.008333,0.0000,0.0000,1.00,0.00,0.0000,22,1,98,101,0,10086,3200,0,7,7,0,0,37340,2265,0,0,1003659264,0.000000,0.000000,0.000000,0.00,2,2,3,7,21,18,17,28,0,0,0,0,0,0,0,0,0,0,0.0002,0.0134,0.0454,0.0006,0.0018,0.0000,0.0046,3.0425,0.0098,0.0000,0.0000,0.0000,0.3423,0.0003,0.1798,0.0552,0.0005,0.0005,0.0000,0.0000,0.0003
945,19.6024,0.0000,13.8814,3.1503,,true,0,0.008333,0.0000,0.0000,1.00,0.00,0.0000,22,1,98,101,0,9586,3200,0,7,7,0,0,37340,2265,0,0,1003659264,0.000000,0.000000,0.000000,0.00,2,2,3,7,21,18,17,28,0,0,0,0,0,0,0,0,0,0,0.0002,0.0162,0.0424,0.0004,0.0018,0.0000,0.0031,3.1503,0.0095,0.0000,0.0000,0.0000,0.3308,0.0004,0.1688,0.0485,0.0006,0.0004,0.0000,0.0000,0.0003
946,19.6148,0.0000,12.4593,3.1230,,true,0,0.008333,0.0000,0.0000,1.00,0.00,0.0000,22,1,98,101,0,9086,3200,0,7,7,0,0,37340,2265,0,0,1003659264,0.000000,0.000000,0.000000,0.00,2,2,3,7,21,18,17,28,0,0,0,0,0,0,0,0,0,0,0.0002,0.0216,0.0333,0.0009,0.0039,0.0000,0.0056,3.1230,0.0086,0.0000,0.0000,0.0000,0.3623,0.0002,0.1791,0.0446,0.0004,0.0006,0.0000,0.0000,0.0006
947,19.6275,0.0000,12.5483,3.1844,,true,0,0.008333,0.0000,0.0000,1.00,0.00,0.0000,22,1,98,101,0,8586,3200,0,7,7,0,0,37340,2265,0,0,1003659264,0.000000,0.000000,0.000000,0.00,2,2,3,7,21,18,17,28,0,0,0,0,0,0,0,0,0,0,0.0005,0.0382,0.0327,0.0009,0.0014,0.0000,0.0085,3.1844,0.0090,0.0000,0.0000,0.0000,0.4116,0.0006,0.1702,0.0755,0.0020,0.0003,0.0000,0.0000,0.0006
948,19.6401,0.0000,12.8353,3.0224,,true,0,0.008333,0.0000,0.0000,1.00,0.00,0.0000,22,1,98,101,0,8086,3200,0,7,7,0,0,37340,2265,0,0,1003659264,0.000000,0.000000,0.000000,0.00,2,2,3,7,21,18,17,28,0,0,0,0,0,0,0,0,0,0,0.0002,0.0221,0.0365,0.0006,0.0026,0.0000,0.0063,3.0224,0.0101,0.0000,0.0000,0.0000,0.3983,0.0003,0.1967,0.0553,0.0010,0.0009,0.0000,0.0000,0.0003
949,19.6522,0.0000,12.1139,3.1039,,true,0,0.008333,0.0000,0.0000,1.00,0.00,0.0000,22,1,98,101,0,7586,3200,0,7,7,0,0,37340,2265,0,0,1003663360,0.000000,0.000000,0.000000,0.00,2,2,3,7,21,18,17,28,0,0,0,0,0,0,0,0,0,0,0.0004,0.0136,0.0466,0.0006,0.0013,0.0000,0.0040,3.1039,0.0180,0.0000,0.0000,0.0000,0.3846,0.0007,0.1748,0.0715,0.0013,0.0005,0.0000,0.0000,0.0004
950,19.6647,0.0000,12.4065,3.1602,,true,0,0.008333,0.0000,0.0000,1.00,0.00,0.0000,22,1,98,101,0,7086,3200,0,7,7,0,0,37340,2265,0,0,1003663360,0.000000,0.000000,0.000000,0.00,2,2,3,7,21,18,17,28,0,0,0,0,0,0,0,0,0,0,0.0004,0.0170,0.0409,0.0005,0.0019,0.0000,0.0038,3.1602,0.0166,0.0000,0.0000,0.0000,0.3932,0.0001,0.1872,0.0845,0.0010,0.0008,0.0000,0.0000,0.0004
951,19.6774,0.0000,12.6879,3.2518,,true,0,0.008333,0.0000,0.0000,1.00,0.00,0.0000,22,1,98,101,0,6586,3200,0,7,7,0,0,37340,2265,0,0,1003663360,0.000000,0.000000,0.000000,0.00,2,2,3,7,21,18,17,28,0,0,0,0,0,0,0,0,0,0,0.0004,0.0187,0.0413,0.0006,0.0018,0.0000,0.0034,3.2518,0.0201,0.0000,0.0000,0.0000,0.4087,0.0004,0.1908,0.0877,0.0013,0.0022,0.0000,0.0000,0.0005
952,19.6895,0.0000,12.4326,2.8667,,true,0,0.008333,0.0000,0.0000,1.00,0.00,0.0000,22,1,98,101,0,6086,3200,0,7,7,0,0,37340,2265,0,0,1003663360,0.000000,0.000000,0.000000,0.00,2,2,3,7,21,18,17,28,0,0,0,0,0,0,0,0,0,0,0.0003,0.0214,0.0332,0.0006,0.0013,0.0000,0.0038,2.8667,0.0112,0.0000,0.0000,0.0000,0.3425,0.0005,0.1886,0.0475,0.0007,0.0003,0.0000,0.0000,0.0003
953,19.7021,0.0000,12.3125,3.1310,,true,0,0.008333,0.0000,0.0000,1.00,0.00,0.0000,22,1,98,101,0,5586,3200,0,7,7,0,0,37340,2265,0,0,1003663360,0.000000,0.000000,0.000000,0.00,2,2,3,7,21,18,17,28,0,0,0,0,0,0,0,0,0,0,0.0003,0.0185,0.0345,0.0011,0.0013,0.0000,0.0067,3.1310,0.0167,0.0000,0.0000,0.0000,0.3537,0.0003,0.1796,0.0505,0.0006,0.0003,0.0000,0.0000,0.0004
954,19.7151,0.0000,13.2727,2.8732,,true,0,0.008333,0.0000,0.0000,1.00,0.00,0.0000,22,1,98,101,0,5086,3200,0,7,7,0,0,37340,2265,0,0,1003663360,0.000000,0.000000,0.000000,0.00,2,2,3,7,21,18,17,28,0,0,0,0,0,0,0,0,0,0,0.0003,0.0102,0.0303,0.0003,0.0015,0.0000,0.0050,2.8732,0.0148,0.0000,0.0000,0.0000,0.3279,0.0009,0.1479,0.0793,0.0014,0.0013,0.0000,0.0000,0.0003
955,19.7287,0.0000,13.3384,3.1782,,true,0,0.008333,0.0000,0.0000,1.00,0.00,0.0000,22,1,98,101,0,4586,3200,0,7,7,0,0,37340,2265,0,0,1003663360,0.000000,0.000000,0.000000,0.00,2,2,3,7,21,18,17,28,0,0,0,0,0,0,0,0,0,0,0.0005,0.0167,0.0260,0.0004,0.0028,0.0000,0.0041,3.1782,0.0078,0.0000,0.0000,0.0000,0.3034,0.0002,0.1572,0.0360,0.0005,0.0002,0.0000,0.0000,0.0001
956,19.7409,0.0000,11.9479,3.2835,,true,0,0.008333,0.0000,0.0000,1.00,0.00,0.0000,22,1,98,101,0,4086,3200,0,7,7,0,0,37340,2265,0,0,1003663360,0.000000,0.000000,0.000000,0.00,2,2,3,7,21,18,17,28,0,0,0,0,0,0,0,0,0,0,0.0003,0.0147,0.0458,0.0004,0.0020,0.0000,0.0030,3.2835,0.0205,0.0000,0.0000,0.0000,0.2852,0.0001,0.1283,0.0516,0.0007,0.0005,0.0000,0.0000,0.0001
957,19.7533,0.0000,12.6445,3.1366,,true,0,0.008333,0.0000,0.0000,1.00,0.00,0.0000,22,1,98,101,0,3586,3200,0,7,7,0,0,37340,2265,0,0,1003663360,0.000000,0.000000,0.000000,0.00,2,2,3,7,21,18,17,28,0,0,0,0,0,0,0,0,0,0,0.0004,0.0150,0.0303,0.0006,0.0027,0.0000,0.0053,3.1366,0.0104,0.0000,0.0000,0.0000,0.3151,0.0005,0.1424,0.0577,0.0015,0.0003,0.0000,0.0000,0.0001
958,19.7673,0.0000,13.7810,3.4087,,true,0,0.008333,0.0000,0.0000,1.00,0.00,0.0000,22,1,98,101,0,3086,3186,0,7,7,0,0,37340,2265,0,0,1003667456,0.000000,0.000000,0.000000,0.00,2,2,3,7,21,18,17,28,0,0,0,0,0,0,0,0,0,0,0.0003,0.0145,0.0313,0.0009,0.0030,0.0000,0.0027,3.4087,0.0080,0.0000,0.0000,0.0000,0.2690,0.0001,0.1301,0.0463,0.0007,0.0003,0.0000,0.0000,0.0001
959,19.7802,0.0000,13.1676,3.1318,,true,0,0.008333,0.0000,0.0000,1.00,0.00,0.0000,22,1,98,101,0,2586,2686,0,7,7,0,0,37340,2265,0,0,1003667456,0.000000,0.000000,0.000000,0.00,2,2,3,7,21,18,17,28,0,0,0,0,0,0,0,0,0,0,0.0002,0.0093,0.0275,0.0004,0.0014,0.0000,0.0029,3.1318,0.0088,0.0000,0.0000,0.0000,0.2563,0.0000,0.1286,0.0416,0.0008,0.0005,0.0000,0.0000,0.0001
960,19.7973,0.0000,14.1816,5.7680,,true,0,0.008333,0.0000,0.0000,1.00,0.00,0.0000,22,1,98,100,8,3086,3186,0,7,7,0,0,37340,2273,88,40,1003667456,0.000000,0.000000,0.000000,0.00,2,2,3,7,21,18,17,28,0,0,0,0,0,0,0,0,0,0,0.0006,0.0193,0.0639,0.0011,0.0016,0.0000,0.0069,5.7680,0.0103,0.0000,0.0000,0.0000,2.2264,0.0003,0.2084,0.0694,0.0550,0.0003,0.0000,0.0000,1.0721
961,19.8095,0.0000,13.8846,4.1089,,true,0,0.008333,0.0000,0.0000,1.00,0.00,0.0000,22,1,31,100,8,2586,2686,0,5,7,8,0,37371,2281,80,40,1003667456,0.000000,0.000000,0.000000,0.00,1,0,8,6,8,8,0,0,0,0,0,0,0,0,0,0,0,0,0.0005,0.0110,0.0254,0.0003,0.0009,0.0000,0.0022,4.1089,0.0069,0.0000,0.0000,0.0000,0.6719,0.0100,0.1402,0.0242,0.0458,0.0044,0.0000,43.8073,0.0003
962,19.8423,0.0000,32.0075,4.6655,,true,0,0.008333,0.0000,0.0000,1.00,0.00,0.0000,22,1,34,100,8,2086,2186,0,5,7,8,0,37405,2289,72,40,1003667456,0.000000,0.000000,0.000000,0.00,1,0,8,8,9,8,0,0,0,0,0,0,0,0,0,0,0,0,0.0003,0.0132,0.0314,0.0004,0.0044,0.0000,0.0023,4.6655,0.0100,0.0000,0.0000,0.0000,0.6810,0.0132,0.1639,0.0283,0.0333,0.0079,0.0000,41.9676,0.0002
963,19.8732,0.0000,27.0738,8.9943,,true,0,0.008333,0.0000,0.0000,1.00,0.00,0.0000,22,1,34,100,8,1586,1686,0,4,7,8,0,37439,2297,64,40,1003667456,0.000000,0.000000,0.000000,0.00,1,0,7,10,16,0,0,0,0,0,0,0,0,0,0,0,0,0,0.0008,0.0258,0.0550,0.0015,0.0031,0.0000,0.0066,8.9943,0.0253,0.0000,0.0000,0.0000,1.2287,0.0707,0.2392,0.0774,0.0550,0.0412,0.0000,43.5807,0.0010
964,19.9190,0.0000,46.3699,7.9485,,true,0,0.008333,0.0000,0.0000,1.00,0.00,0.0000,22,1,37,100,8,1189,1289,0,4,7,8,0,37476,2305,56,40,1003671552,0.000000,0.000000,0.000000,0.00,1,0,7,9,20,0,0,0,0,0,0,0,0,0,0,0,0,0,0.0018,0.0347,0.0803,0.0008,0.0095,0.0000,0.0052,7.9485,0.0685,0.0000,0.0000,0.0000,1.3637,0.0411,0.2320,0.1052,0.0915,0.0274,0.0000,47.4218,0.0005
965,19.9391,0.0000,23.1381,5.0885,,true,0,0.008333,0.0000,0.0000,1.00,0.00,0.0000,22,1,37,100,8,892,992,0,4,7,8,0,37476,2313,48,40,1003671552,0.000000,0.000000,0.000000,0.00,1,0,7,9,20,0,0,0,0,0,0,0,0,0,0,0,0,0,0.0002,0.0267,0.0583,0.0008,0.0037,0.0000,0.0121,5.0885,0.0258,0.0000,0.0000,0.0000,0.9941,0.0191,0.2552,0.0731,0.0566,0.0137,0.0000,45.4448,0.0008
966,19.9611,0.0000,20.8602,6.0732,,true,0,0.008333,0.0000,0.0000,1.00,0.00,0.0000,22,1,40,100,8,669,769,0,5,7,8,0,37516,2321,40,40,1003802624,0.000000,0.000000,0.000000,0.00,1,0,7,9,19,4,0,0,0,0,0,0,0,0,0,0,0,0,0.0006,0.0336,0.0504,0.0006,0.0036,0.0000,0.0093,6.0732,0.0245,0.0000,0.0000,0.0000,0.8437,0.0380,0.2164,0.0695,0.0703,0.0107,0.0000,42.0109,0.0004
967,19.9834,0.0000,21.4124,6.9235,,true,0,0.008333,0.0000,0.0000,1.00,0.00,0.0000,22,1,40,100,8,502,602,0,5,7,8,0,37516,2329,32,40,1003806720,0.000000,0.000000,0.000000,0.00,1,0,7,9,19,4,0,0,0,0,0,0,0,0,0,0,0,0,0.0004,0.0236,0.0669,0.0007,0.0033,0.0000,0.0055,6.9235,0.0294,0.0000,0.0000,0.0000,0.7449,0.0244,0.2640,0.0748,0.0535,0.0065,0.0000,41.5351,0.0012
968,20.0064,0.0000,21.2623,8.7179,,true,0,0.008333,0.0000,0.0000,1.00,0.00,0.0000,22,1,40,100,8,376,476,0,5,7,8,0,37516,2337,24,40,1003806720,0.000000,0.000000,0.000000,0.00,1,0,7,9,19,4,0,0,0,0,0,0,0,0,0,0,0,0,0.0002,0.0159,0.0424,0.0009,0.0027,0.0000,0.0074,8.7179,0.0197,0.0000,0.0000,0.0000,0.6547,0.0216,0.2411,0.0708,0.0528,0.0105,0.0000,42.5166,0.0004
969,20.0324,0.0000,28.0798,6.5572,,true,0,0.008333,0.0000,0.0000,1.00,0.00,0.0000,22,1,49,100,8,282,382,0,7,7,8,0,37565,2345,16,40,1003806720,0.000000,0.000000,0.000000,0.00,1,0,7,9,18,7,3,4,0,0,0,0,0,0,0,0,0,0,0.0007,0.0278,0.1141,0.0006,0.0027,0.0000,0.0067,6.5572,0.0250,0.0000,0.0000,0.0000,0.6207,0.0182,0.2238,0.0532,0.0550,0.0140,0.0000,42.5667,0.0012
970,20.0537,0.0000,21.9131,5.9228,,true,0,0.008333,0.0000,0.0000,1.00,0.00,0.0000,22,1,49,100,8,782,882,0,7,7,8,0,37565,2353,8,40,1003806720,0.000000,0.000000,0.000000,0.00,1,0,7,9,18,7,3,4,0,0,0,0,0,0,0,0,0,0,0.0004,0.0260,0.0582,0.0007,0.0054,0.0000,0.0060,5.9228,0.0279,0.0000,0.0000,0.0000,0.8534,0.0354,0.2355,0.1315,0.0816,0.0645,0.0000,42.9818,0.0006
971,20.0752,0.0000,21.3853,6.0770,,true,0,0.008333,0.0000,0.0000,1.00,0.00,0.0000,22,1,97,100,0,1282,1382,0,7,7,8,0,37662,2353,0,0,1003806720,0.000000,0.000000,0.000000,0.00,1,0,7,8,18,18,17,28,0,0,0,0,0,0,0,0,0,0,0.0003,0.0158,0.0395,0.0008,0.0037,0.0000,0.0056,6.0770,0.0154,0.0000,0.0000,0.0000,0.6259,0.0281,0.2471,0.0839,0.0976,0.0231,0.0000,42.2456,0.0004
972,20.1033,0.0000,21.0290,13.2628,,true,0,0.008333,0.0000,0.0000,1.00,0.00,0.0000,22,1,9,375,8,1782,1882,0,3,15,0,0,37671,2361,358,40,1003806720,0.000000,0.000000,0.000000,0.00,2,1,4,2,0,0,0,0,0,0,0,0,0,0,0,0,0,0,0.0007,0.0329,0.0931,0.0009,0.0030,0.0000,0.0067,13.2628,0.0209,0.0000,0.0000,0.0000,8.5403,0.0009,0.3642,0.1239,0.1897,0.0015,0.0000,0.0000,5.2493
973,20.1165,0.0000,20.5769,6.0984,,true,0,0.008333,0.0000,0.0000,1.00,0.00,0.0000,22,1,14,375,8,1337,1437,0,3,15,8,0,37685,2369,350,40,1003806720,0.000000,0.000000,0.000000,0.00,2,1,5,6,0,0,0,0,0,0,0,0,0,0,0,0,0,0,0.0007,0.0245,0.0518,0.0006,0.0024,0.0000,0.0061,6.0984,0.0095,0.0000,0.0000,0.0000,2.7371,0.0228,0.2994,0.0550,0.0428,0.0110,0.0000,40.1109,0.0006
974,20.1242,0.0000,6.8381,6.6602,,true,0,0.008333,0.0000,0.0000,1.00,0.00,0.0000,22,1,14,375,8,1003,1103,0,3,15,0,0,37685,2369,350,40,1003806720,0.000000,0.000000,0.000000,0.00,2,1,5,6,0,0,0,0,0,0,0,0,0,0,0,0,0,0,0.0001,0.0184,0.0668,0.0005,0.0010,0.0000,0.0039,6.6602,0.0392,0.0000,0.0000,0.0000,2.8480,0.0002,0.3804,0.0907,0.0027,0.0056,0.0000,0.0000,0.0004
975,20.1445,0.0000,21.2399,6.1918,,true,0,0.008333,0.0000,0.0000,1.00,0.00,0.0000,22,1,14,375,8,752,852,0,3,15,8,0,37699,2377,342,40,1003806720,0.000000,0.000000,0.000000,0.00,2,1,4,7,0,0,0,0,0,0,0,0,0,0,0,0,0,0,0.0002,0.0148,0.0497,0.0005,0.0020,0.0000,0.0029,6.1918,0.0166,0.0000,0.0000,0.0000,3.1505,0.0243,0.3443,0.0477,0.0718,0.0091,0.0000,36.5268,0.0006
976,20.1557,0.0000,4.4220,10.0585,,true,0,0.008333,0.0000,0.0000,1.00,0.00,0.0000,22,1,14,375,8,564,664,0,3,15,1,0,37699,2378,341,40,1004052480,0.000000,0.000000,0.000000,0.00,2,1,4,7,0,0,0,0,0,0,0,0,0,0,0,0,0,0,0.0013,0.0228,0.0580,0.0009,0.0035,0.0000,0.0058,10.0585,0.0486,0.0000,0.0000,0.0000,3.0753,0.0191,0.3067,0.1656,0.0711,0.0101,0.0000,4.4295,0.0011
977,20.1775,0.0000,26.0372,8.1734,,true,0,0.008333,0.0000,0.0000,1.00,0.00,0.0000,22,1,14,375,8,423,523,0,3,15,8,0,37699,2386,333,40,1004056576,0.000000,0.000000,0.000000,0.00,2,1,4,7,0,0,0,0,0,0,0,0,0,0,0,0,0,0,0.0002,0.0127,0.0646,0.0006,0.0018,0.0000,0.0022,8.1734,0.0381,0.0000,0.0000,0.0000,2.7783,0.0181,0.2836,0.0549,0.0591,0.0063,0.0000,38.3192,0.0003
978,20.2023,0.0000,25.0193,8.2618,,true,0,0.008333,0.0000,0.0000,1.00,0.00,0.0000,22,1,14,375,8,317,417,0,3,15,8,0,37699,2394,325,40,1004093440,0.000000,0.000000,0.000000,0.00,2,1,4,7,0,0,0,0,0,0,0,0,0,0,0,0,0,0,0.0003,0.0173,0.0536,0.0004,0.0016,0.0000,0.0027,8.2618,0.0175,0.0000,0.0000,0.0000,2.9744,0.0282,0.3480,0.1561,0.0767,0.0139,0.0000,43.5192,0.0009
979,20.2431,0.0000,39.5823,9.0498,,true,0,0.008333,0.0000,0.0000,1.00,0.00,0.0000,22,1,14,375,8,238,338,0,3,15,8,0,37699,2402,317,40,1004118016,0.000000,0.000000,0.000000,0.00,2,1,4,7,0,0,0,0,0,0,0,0,0,0,0,0,0,0,0.0018,0.0233,0.1072,0.0013,0.0065,0.0000,0.0070,9.0498,0.0220,0.0000,0.0000,0.0000,2.9102,0.0143,0.3233,0.0657,0.0652,0.0073,0.0000,45.3571,0.0008
980,20.2672,0.0000,22.8547,10.3961,,true,0,0.008333,0.0000,0.0000,1.00,0.00,0.0000,22,1,21,375,8,178,278,0,5,15,8,0,37720,2410,309,40,1004138496,0.000000,0.000000,0.000000,0.00,2,1,3,7,4,4,0,0,0,0,0,0,0,0,0,0,0,0,0.0006,0.0205,0.0688,0.0009,0.0034,0.0000,0.0072,10.3961,0.0250,0.0000,0.0000,0.0000,2.9659,0.0376,0.4275,0.0755,0.0690,0.0120,0.0000,46.1863,0.0013
981,20.2895,0.0000,23.7276,9.0122,,true,0,0.008333,0.0000,0.0000,1.00,0.00,0.0000,22,1,21,375,8,134,234,0,5,15,8,0,37720,2418,301,40,1004138496,0.000000,0.000000,0.000000,0.00,2,1,3,7,4,4,0,0,0,0,0,0,0,0,0,0,0,0,0.0003,0.0237,0.0783,0.0006,0.0027,0.0000,0.0042,9.0122,0.0216,0.0000,0.0000,0.0000,2.8256,0.0234,0.2940,0.1276,0.1359,0.0113,0.0000,51.2080,0.0004
982,20.3136,0.0000,24.0387,8.9804,,true,0,0.008333,0.0000,0.0000,1.00,0.00,0.0000,22,1,21,375,8,100,200,0,5,15,8,0,37720,2426,293,40,1004236800,0.000000,0.000000,0.000000,0.00,2,1,3,7,4,4,0,0,0,0,0,0,0,0,0,0,0,0,0.0004,0.0276,0.0577,0.0009,0.0032,0.0000,0.0054,8.9804,0.0219,0.0000,0.0000,0.0000,3.3650,0.0291,0.2609,0.0238,0.1008,0.0188,0.0000,49.2382,0.0005
983,20.3354,0.0000,22.3073,8.8536,,true,0,0.008333,0.0000,0.0000,1.00,0.00,0.0000,22,1,21,375,8,75,175,0,5,15,8,0,37720,2434,285,40,1004236800,0.000000,0.000000,0.000000,0.00,2,1,3,7,4,4,0,0,0,0,0,0,0,0,0,0,0,0,0.0009,0.0601,0.0511,0.0014,0.0031,0.0000,0.0049,8.8536,0.0198,0.0000,0.0000,0.0000,1.9363,0.0408,0.2589,0.0459,0.0593,0.0088,0.0000,45.7838,0.0005
984,20.3580,0.0000,21.3220,10.0913,,true,0,0.008333,0.0000,0.0000,1.00,0.00,0.0000,22,1,21,375,8,56,156,0,5,15,8,0,37720,2442,277,40,1004236800,0.000000,0.000000,0.000000,0.00,2,1,3,7,4,4,0,0,0,0,0,0,0,0,0,0,0,0,0.0003,0.0205,0.0476,0.0007,0.0035,0.0000,0.0051,10.0913,0.0213,0.0000,0.0000,0.0000,1.8354,0.0245,0.2570,0.0465,0.0585,0.0122,0.0000,49.9344,0.0003
985,20.3777,0.0000,22.0812,7.9335,,true,0,0.008333,0.0000,0.0000,1.00,0.00,0.0000,22,1,21,375,8,42,142,0,5,15,8,0,37720,2450,269,40,1004236800,0.000000,0.000000,0.000000,0.00,2,1,3,7,4,4,0,0,0,0,0,0,0,0,0,0,0,0,0.0002,0.0152,0.0548,0.0006,0.0030,0.0000,0.0070,7.9335,0.0152,0.0000,0.0000,0.0000,2.6054,0.0267,0.3545,0.0365,0.0810,0.0131,0.0000,46.3448,0.0003
986,20.3981,0.0000,21.7219,6.5504,,true,0,0.008333,0.0000,0.0000,1.00,0.00,0.0000,22,1,21,375,8,32,132,0,5,15,8,0,37720,2458,261,40,1004240896,0.000000,0.000000,0.000000,0.00,2,1,3,7,4,4,0,0,0,0,0,0,0,0,0,0,0,0,0.0005,0.0242,0.0582,0.0007,0.0033,0.0000,0.0055,6.5504,0.0208,0.0000,0.0000,0.0000,2.5000,0.0421,0.3288,0.0333,0.0720,0.0268,0.0000,42.0998,0.0006
987,20.4204,0.0000,20.1097,8.7392,,true,0,0.008333,0.0000,0.0000,1.00,0.00,0.0000,22,1,21,375,8,24,124,0,5,15,8,0,37720,2466,253,40,1004240896,0.000000,0.000000,0.000000,0.00,2,1,3,7,4,4,0,0,0,0,0,0,0,0,0,0,0,0,0.0006,0.0299,0.0756,0.0011,0.0054,0.0000,0.0052,8.7392,0.0676,0.0000,0.0000,0.0000,2.7888,0.0447,0.3564,0.0634,0.0957,0.0342,0.0000,46.3413,0.0010
988,20.4435,0.0000,22.9987,8.7851,,true,0,0.008333,0.0000,0.0000,1.00,0.00,0.0000,22,1,21,375,8,18,118,0,5,15,8,0,37720,2474,245,40,1004240896,0.000000,0.000000,0.000000,0.00,2,1,3,7,4,4,0,0,0,0,0,0,0,0,0,0,0,0,0.0008,0.0218,0.0646,0.0016,0.0042,0.0000,0.0049,8.7851,0.0171,0.0000,0.0000,0.0000,2.6022,0.0403,0.3211,0.0629,0.0998,0.0278,0.0000,43.9985,0.0014
989,20.4650,0.0000,21.5132,8.7078,,true,0,0.008333,0.0000,0.0000,1.00,0.00,0.0000,22,1,21,375,8,13,113,0,5,15,8,0,37720,2482,237,40,1004240896,0.000000,0.000000,0.000000,0.00,2,1,3,7,4,4,0,0,0,0,0,0,0,0,0,0,0,0,0.0002,0.0264,0.1079,0.0007,0.0037,0.0000,0.0059,8.7078,0.0437,0.0000,0.0000,0.0000,2.3764,0.0426,0.3112,0.0637,0.0828,0.0235,0.0000,41.8982,0.0008
990,20.4849,0.0000,20.6436,7.9483,,true,0,0.008333,0.0000,0.0000,1.00,0.00,0.0000,22,1,21,375,8,10,110,0,5,15,8,0,37720,2490,229,40,1004240896,0.000000,0.000000,0.000000,0.00,2,1,3,7,4,4,0,0,0,0,0,0,0,0,0,0,0,0,0.0004,0.0261,0.0473,0.0007,0.0030,0.0000,0.0048,7.9483,0.0304,0.0000,0.0000,0.0000,2.4295,0.0395,0.3110,0.0415,0.0900,0.0139,0.0000,43.2491,0.0017
991,20.5071,0.0000,22.1768,7.9429,,true,0,0.008333,0.0000,0.0000,1.00,0.00,0.0000,22,1,21,375,8,8,108,0,5,15,8,0,37720,2498,221,40,1004240896,0.000000,0.000000,0.000000,0.00,2,1,3,7,4,4,0,0,0,0,0,0,0,0,0,0,0,0,0.0002,0.0236,0.0604,0.0008,0.0023,0.0000,0.0052,7.9429,0.0420,0.0000,0.0000,0.0000,1.6834,0.0290,0.2161,0.0478,0.0739,0.0099,0.0000,46.2505,0.0006
992,20.5271,0.0000,20.3864,7.6097,,true,0,0.008333,0.0000,0.0000,1.00,0.00,0.0000,22,1,21,375,8,6,106,0,5,15,8,0,37720,2506,213,40,1004240896,0.000000,0.000000,0.000000,0.00,2,1,3,7,4,4,0,0,0,0,0,0,0,0,0,0,0,0,0.0006,0.0180,0.0352,0.0004,0.0031,0.0000,0.0068,7.6097,0.0190,0.0000,0.0000,0.0000,2.2251,0.0509,0.2999,0.0594,0.0825,0.0379,0.0000,47.1809,0.0032
993,20.5475,0.0000,21.8749,6.1228,,true,0,0.008333,0.0000,0.0000,1.00,0.00,0.0000,22,1,21,375,8,4,104,0,5,15,8,0,37720,2514,205,40,1004240896,0.000000,0.000000,0.000000,0.00,2,1,3,7,4,4,0,0,0,0,0,0,0,0,0,0,0,0,0.0006,0.0233,0.0456,0.0007,0.0042,0.0000,0.0063,6.1228,0.0269,0.0000,0.0000,0.0000,1.6180,0.0294,0.2746,0.0400,0.0718,0.0131,0.0000,46.3982,0.0004
994,20.5708,0.0000,20.4845,8.9089,,true,0,0.008333,0.0000,0.0000,1.00,0.00,0.0000,22,1,21,375,8,3,103,0,5,15,8,0,37720,2522,197,40,1004240896,0.000000,0.000000,0.000000,0.00,2,1,3,7,4,4,0,0,0,0,0,0,0,0,0,0,0,0,0.0002,0.0189,0.0671,0.0006,0.0037,0.0000,0.0056,8.9089,0.0412,0.0000,0.0000,0.0000,2.1638,0.0373,0.2963,0.0677,0.0835,0.0143,0.0000,46.3802,0.0003
995,20.5920,0.0000,21.0888,9.0343,,true,0,0.008333,0.0000,0.0000,1.00,0.00,0.0000,22,1,21,375,8,2,102,0,5,15,8,0,37720,2530,189,40,1004244992,0.000000,0.000000,0.000000,0.00,2,1,3,7,4,4,0,0,0,0,0,0,0,0,0,0,0,0,0.0012,0.0130,0.0937,0.0007,0.0021,0.0000,0.0074,9.0343,0.0526,0.0000,0.0000,0.0000,2.2370,0.0565,0.3542,0.0893,0.0971,0.0212,0.0000,46.9793,0.0004
996,20.6110,0.0000,20.4616,7.6011,,true,0,0.008333,0.0000,0.0000,1.00,0.00,0.0000,22,1,21,375,8,2,102,0,5,15,8,0,37720,2538,181,40,1004244992,0.000000,0.000000,0.000000,0.00,2,1,3,7,4,4,0,0,0,0,0,0,0,0,0,0,0,0,0.0002,0.0184,0.0507,0.0010,0.0021,0.0000,0.0045,7.6011,0.0231,0.0000,0.0000,0.0000,2.0007,0.0310,0.3083,0.0519,0.0882,0.0147,0.0000,45.8236,0.0005
997,20.6325,0.0000,19.9668,9.0620,,true,0,0.008333,0.0000,0.0000,1.00,0.00,0.0000,22,1,21,375,8,502,602,0,5,15,8,0,37720,2546,173,40,1004244992,0.000000,0.000000,0.000000,0.00,2,1,3,7,4,4,0,0,0,0,0,0,0,0,0,0,0,0,0.0002,0.0339,0.0470,0.0007,0.0046,0.0000,0.0065,9.0620,0.0184,0.0000,0.0000,0.0000,2.1241,0.0517,0.3548,0.0379,0.0750,0.0288,0.0000,43.2754,0.0007
998,20.6694,0.0000,37.7739,8.1119,,true,0,0.008333,0.0000,0.0000,1.00,0.00,0.0000,22,1,21,375,8,1002,1102,0,5,15,8,0,37720,2554,165,40,1004244992,0.000000,0.000000,0.000000,0.00,2,1,3,7,4,4,0,0,0,0,0,0,0,0,0,0,0,0,0.0002,0.0361,0.0784,0.0004,0.0065,0.0000,0.0034,8.1119,0.0366,0.0000,0.0000,0.0000,2.0485,0.0232,0.3013,0.0866,0.1735,0.0157,0.0000,42.8527,0.0008
999,20.6899,0.0000,21.5828,7.1311,,true,0,0.008333,0.0000,0.0000,1.00,0.00,0.0000,22,1,21,375,8,1502,1602,0,5,15,8,0,37720,2562,157,40,1004244992,0.000000,0.000000,0.000000,0.00,2,1,3,7,4,4,0,0,0,0,0,0,0,0,0,0,0,0,0.0003,0.0259,0.0328,0.0006,0.0040,0.0000,0.0045,7.1311,0.0203,0.0000,0.0000,0.0000,1.9261,0.0312,0.3009,0.0563,0.1544,0.0100,0.0000,38.9201,0.0009
1000,20.7119,0.0000,20.9601,8.0727,,true,0,0.008333,0.0000,0.0000,1.00,0.00,0.0000,22,1,21,375,8,2002,2102,0,5,15,8,0,37720,2570,149,40,1004244992,0.000000,0.000000,0.000000,0.00,2,1,3,7,4,4,0,0,0,0,0,0,0,0,0,0,0,0,0.0002,0.0204,0.0692,0.0008,0.0033,0.0000,0.0047,8.0727,0.0423,0.0000,0.0000,0.0000,2.1251,0.0395,0.3038,0.0691,0.1050,0.0260,0.0000,42.5155,0.0006
1001,20.7315,0.0000,20.9237,6.9014,,true,0,0.008333,0.0000,0.0000,1.00,0.00,0.0000,22,1,21,375,8,2502,2602,0,5,15,8,0,37720,2578,141,40,1004244992,0.000000,0.000000,0.000000,0.00,2,1,3,7,4,4,0,0,0,0,0,0,0,0,0,0,0,0,0.0003,0.0145,0.0520,0.0029,0.0033,0.0000,0.0047,6.9014,0.0320,0.0000,0.0000,0.0000,1.2991,0.0208,0.2186,0.0634,0.0745,0.0100,0.0000,42.9572,0.0007
1002,20.7556,0.0000,22.4816,8.3160,,true,0,0.008333,0.0000,0.0000,1.00,0.00,0.0000,22,1,21,375,8,3002,3102,0,5,15,8,0,37720,2586,133,40,1004244992,0.000000,0.000000,0.000000,0.00,2,1,3,7,4,4,0,0,0,0,0,0,0,0,0,0,0,0,0.0009,0.0184,0.0666,0.0006,0.0028,0.0000,0.0092,8.3160,0.0243,0.0000,0.0000,0.0000,1.7944,0.0264,0.2929,0.0725,0.0960,0.0140,0.0000,45.3468,0.0008
1003,20.7760,0.0000,21.1566,7.7164,,true,0,0.008333,0.0000,0.0000,1.00,0.00,0.0000,22,1,21,375,8,3502,3200,0,5,15,8,0,37720,2594,125,40,1004244992,0.000000,0.000000,0.000000,0.00,2,1,3,7,4,4,0,0,0,0,0,0,0,0,0,0,0,0,0.0005,0.0150,0.1059,0.0007,0.0022,0.0000,0.0038,7.7164,0.0376,0.0000,0.0000,0.0000,1.9048,0.0346,0.3372,0.1008,0.1171,0.0155,0.0000,47.3839,0.0006
1004,20.8000,0.0000,23.4206,8.2232,,true,0,0.008333,0.0000,0.0000,1.00,0.00,0.0000,22,1,21,375,8,4002,3200,0,5,15,8,0,37720,2602,117,40,1004244992,0.000000,0.000000,0.000000,0.00,2,1,3,7,4,4,0,0,0,0,0,0,0,0,0,0,0,0,0.0005,0.0286,0.0706,0.0018,0.0030,0.0000,0.0056,8.2232,0.0319,0.0000,0.0000,0.0000,2.4093,0.0420,0.3184,0.0839,0.5242,0.0225,0.0000,44.0976,0.0005
1005,20.8213,0.0000,22.0454,7.4114,,true,0,0.008333,0.0000,0.0000,1.00,0.00,0.0000,22,1,21,375,8,4502,3200,0,5,15,8,0,37720,2610,109,40,1004249088,0.000000,0.000000,0.000000,0.00,2,1,3,7,4,4,0,0,0,0,0,0,0,0,0,0,0,0,0.0020,0.0208,0.0650,0.0007,0.0034,0.0000,0.0078,7.4114,0.0346,0.0000,0.0000,0.0000,1.5315,0.0449,0.3094,0.0828,0.1146,0.0191,0.0000,43.1529,0.0003
1006,20.8449,0.0000,23.3346,7.7765,,true,0,0.008333,0.0000,0.0000,1.00,0.00,0.0000,22,1,21,375,8,5002,3200,0,5,15,8,0,37720,2618,101,40,1004249088,0.000000,0.000000,0.000000,0.00,2,1,3,7,4,4,0,0,0,0,0,0,0,0,0,0,0,0,0.0004,0.0279,0.0521,0.0009,0.0036,0.0000,0.0068,7.7765,0.0336,0.0000,0.0000,0.0000,1.5749,0.0516,0.2332,0.0806,0.0893,0.0294,0.0000,48.5621,0.0008
1007,20.8658,0.0000,22.1921,6.5371,,true,0,0.008333,0.0000,0.0000,1.00,0.00,0.0000,22,1,21,375,8,5502,3200,0,5,15,8,0,37720,2626,93,40,1004249088,0.000000,0.000000,0.000000,0.00,2,1,3,7,4,4,0,0,0,0,0,0,0,0,0,0,0,0,0.0009,0.0283,0.0514,0.0010,0.0026,0.0000,0.0080,6.5371,0.0258,0.0000,0.0000,0.0000,1.1051,0.0190,0.2084,0.0535,0.0781,0.0086,0.0000,54.6760,0.0005
1008,20.8896,0.0000,23.2342,7.1461,,true,0,0.008333,0.0000,0.0000,1.00,0.00,0.0000,22,1,21,375,8,6002,3200,0,5,15,8,0,37720,2634,85,40,1004249088,0.000000,0.000000,0.000000,0.00,2,1,3,7,4,4,0,0,0,0,0,0,0,0,0,0,0,0,0.0002,0.0146,0.0596,0.0006,0.0027,0.0000,0.0070,7.1461,0.0231,0.0000,0.0000,0.0000,1.0901,0.0175,0.2081,0.0955,0.0793,0.0072,0.0000,47.8707,0.0005
1009,20.9140,0.0000,23.7448,7.6372,,true,0,0.008333,0.0000,0.0000,1.00,0.00,0.0000,22,1,21,375,8,6502,3200,0,5,15,8,0,37720,2642,77,40,1004249088,0.000000,0.000000,0.000000,0.00,2,1,3,7,4,4,0,0,0,0,0,0,0,0,0,0,0,0,0.0007,0.0159,0.0518,0.0006,0.0024,0.0000,0.0063,7.6372,0.0273,0.0000,0.0000,0.0000,1.5565,0.0370,0.2932,0.0630,0.1060,0.0176,0.0000,51.2859,0.0005
1010,20.9383,0.0000,23.0720,8.8002,,true,0,0.008333,0.0000,0.0000,1.00,0.00,0.0000,22,1,21,375,8,7002,3200,0,5,15,8,0,37720,2650,69,40,1004249088,0.000000,0.000000,0.000000,0.00,2,1,3,7,4,4,0,0,0,0,0,0,0,0,0,0,0,0,0.0006,0.0192,0.0780,0.0007,0.0035,0.0000,0.0064,8.8002,0.0425,0.0000,0.0000,0.0000,1.7077,0.0316,0.3009,0.1250,0.1488,0.0171,0.0000,48.9702,0.0012
1011,20.9597,0.0000,22.5406,7.7957,,true,0,0.008333,0.0000,0.0000,1.00,0.00,0.0000,22,1,21,375,8,7502,3200,0,5,15,8,0,37720,2658,61,40,1004249088,0.000000,0.000000,0.000000,0.00,2,1,3,7,4,4,0,0,0,0,0,0,0,0,0,0,0,0,0.0005,0.0297,0.1197,0.0010,0.0030,0.0000,0.0048,7.7957,0.0555,0.0000,0.0000,0.0000,1.3949,0.0165,0.2849,0.0943,0.1220,0.0131,0.0000,50.8165,0.0006
1012,20.9814,0.0000,22.2808,7.3230,,true,0,0.008333,0.0000,0.0000,1.00,0.00,0.0000,22,1,21,375,8,8002,3200,0,5,15,8,0,37720,2666,53,40,1004249088,0.000000,0.000000,0.000000,0.00,2,1,3,7,4,4,0,0,0,0,0,0,0,0,0,0,0,0,0.0009,0.0210,0.0870,0.0003,0.0038,0.0000,0.0067,7.3230,0.0502,0.0000,0.0000,0.0000,1.9294,0.0541,0.3749,0.1021,0.1378,0.0363,0.0000,49.5508,0.0006
1013,21.0028,0.0000,21.8549,6.7752,,true,0,0.008333,0.0000,0.0000,1.00,0.00,0.0000,22,1,21,375,8,8502,3200,0,5,15,8,0,37720,2674,45,40,1004249088,0.000000,0.000000,0.000000,0.00,2,1,3,7,4,4,0,0,0,0,0,0,0,0,0,0,0,0,0.0002,0.0212,0.0912,0.0005,0.0031,0.0000,0.0047,6.7752,0.0565,0.0000,0.0000,0.0000,1.0239,0.0196,0.2116,0.0850,0.0869,0.0094,0.0000,46.7140,0.0005
1014,21.0319,0.0000,26.8352,9.0723,,true,0,0.008333,0.0000,0.0000,1.00,0.00,0.0000,22,1,21,375,8,9002,3200,0,5,15,8,0,37720,2682,37,40,1004253184,0.000000,0.000000,0.000000,0.00,2,1,3,7,4,4,0,0,0,0,0,0,0,0,0,0,0,0,0.0008,0.0173,0.1005,0.0011,0.0033,0.0000,0.0055,9.0723,0.0381,0.0000,0.0000,0.0000,0.9119,0.0159,0.2112,0.0624,0.0859,0.0074,0.0000,44.9450,0.0001
1015,21.0521,0.0000,21.5030,7.3581,,true,0,0.008333,0.0000,0.0000,1.00,0.00,0.0000,22,1,21,375,8,9502,3200,0,5,15,8,0,37720,2690,29,40,1004253184,0.000000,0.000000,0.000000,0.00,2,1,3,7,4,4,0,0,0,0,0,0,0,0,0,0,0,0,0.0006,0.0309,0.0864,0.0007,0.0025,0.0000,0.0059,7.3581,0.0455,0.0000,0.0000,0.0000,1.3632,0.0184,0.2440,0.1138,0.1736,0.0125,0.0000,43.0362,0.0002
1016,21.0716,0.0000,21.1037,6.1175,,true,0,0.008333,0.0000,0.0000,1.00,0.00,0.0000,22,1,21,375,8,10002,3200,0,5,15,8,0,37720,2698,21,40,1004253184,0.000000,0.000000,0.000000,0.00,2,1,3,7,4,4,0,0,0,0,0,0,0,0,0,0,0,0,0.0003,0.0206,0.0673,0.0005,0.0033,0.0000,0.0056,6.1175,0.0374,0.0000,0.0000,0.0000,1.3862,0.0407,0.3151,0.0915,0.1243,0.0388,0.0000,42.6779,0.0005
1017,21.0920,0.0000,20.0912,6.2355,,true,0,0.008333,0.0000,0.0000,1.00,0.00,0.0000,22,1,21,375,8,10502,3200,0,5,15,8,0,37720,2706,13,40,1004253184,0.000000,0.000000,0.000000,0.00,2,1,3,7,4,4,0,0,0,0,0,0,0,0,0,0,0,0,0.0003,0.0179,0.1002,0.0007,0.0030,0.0000,0.0040,6.2355,0.0389,0.0000,0.0000,0.0000,1.0719,0.0395,0.2579,0.0980,0.0851,0.0253,0.0000,41.3120,0.0008
1018,21.1119,0.0000,19.8370,6.6295,,true,0,0.008333,0.0000,0.0000,1.00,0.00,0.0000,22,1,21,375,5,11002,3200,0,5,15,8,0,37720,2711,5,25,1004253184,0.000000,0.000000,0.000000,0.00,2,1,3,7,4,4,0,0,0,0,0,0,0,0,0,0,0,0,0.0009,0.0181,0.0725,0.0006,0.0030,0.0000,0.0058,6.6295,0.0387,0.0000,0.0000,0.0000,1.0138,0.0313,0.2251,0.1061,0.1066,0.0118,0.0000,41.0820,0.0006
1019,21.1532,0.0000,37.0671,8.6671,,true,0,0.008333,0.0000,0.0000,1.00,0.00,0.0000,22,1,354,375,0,11502,3200,0,15,15,5,0,38074,2711,0,0,1004253184,0.000000,0.000000,0.000000,0.00,2,1,2,7,13,24,26,16,21,30,44,34,43,41,42,8,0,0,0.0003,0.0558,0.0357,0.0012,0.0068,0.0000,0.0050,8.6671,0.0175,0.0000,0.0000,0.0000,1.1272,0.0233,0.2122,0.1498,0.3260,0.0093,0.0000,28.2473,0.0018
1020,21.1739,0.0000,23.9588,7.3345,,true,0,0.008333,0.0000,0.0000,1.00,0.00,0.0000,22,1,352,101,8,12002,3200,0,15,7,0,0,38426,2719,86,40,1004253184,0.000000,0.000000,0.000000,0.00,2,1,1,6,13,24,26,16,21,30,44,34,43,41,42,8,0,0,0.0004,0.0250,0.0388,0.0003,0.0028,0.0000,0.0045,7.3345,0.0186,0.0000,0.0000,0.0000,2.1794,0.0001,0.1822,0.1531,0.0944,0.0011,0.0000,0.0000,0.8738
1021,21.1924,0.0000,21.9048,4.2183,,true,0,0.008333,0.0000,0.0000,1.00,0.00,0.0000,22,1,307,101,8,11502,3200,0,15,7,8,0,38733,2727,78,40,1004253184,0.000000,0.000000,0.000000,0.00,2,2,3,10,6,5,8,8,21,30,44,34,43,41,42,8,0,0,0.0003,0.0144,0.0537,0.0003,0.0014,0.0000,0.0068,4.2183,0.0154,0.0000,0.0000,0.0000,0.8567,0.0173,0.1723,0.0920,0.1158,0.0088,0.0000,38.6922,0.0001
1022,21.1977,0.0000,5.0578,4.3623,,true,0,0.008333,0.0000,0.0000,1.00,0.00,0.0000,22,1,307,101,8,11002,3200,0,15,7,0,0,38733,2727,78,40,1004253184,0.000000,0.000000,0.000000,0.00,2,2,3,10,6,5,8,8,21,30,44,34,43,41,42,8,0,0,0.0002,0.0324,0.0389,0.0004,0.0012,0.0000,0.0059,4.3623,0.0172,0.0000,0.0000,0.0000,0.9438,0.0003,0.2869,0.1132,0.0014,0.0052,0.0000,0.0000,0.0003
1023,21.2201,0.0000,22.9356,4.0829,,true,0,0.008333,0.0000,0.0000,1.00,0.00,0.0000,22,1,312,101,8,10502,3200,0,15,7,8,0,39045,2735,70,40,1004257280,0.000000,0.000000,0.000000,0.00,2,2,3,9,12,5,8,8,21,30,44,34,43,41,42,8,0,0,0.0002,0.0156,0.0416,0.0006,0.0020,0.0000,0.0032,4.0829,0.0190,0.0000,0.0000,0.0000,1.0952,0.0121,0.2330,0.0983,0.1339,0.0073,0.0000,43.9686,0.0003
1024,21.2290,0.0000,5.3862,7.2849,,true,0,0.008333,0.0000,0.0000,1.00,0.00,0.0000,22,1,34,101,8,10002,3200,0,5,7,2,0,39079,2737,68,40,1004257280,0.000000,0.000000,0.000000,0.00,2,2,3,9,14,4,0,0,0,0,0,0,0,0,0,0,0,0,0.0003,0.0168,0.0804,0.0005,0.0027,0.0000,0.0048,7.2849,0.0390,0.0000,0.0000,0.0000,1.1767,0.0320,0.2433,0.1043,0.1628,0.0130,0.0000,10.1266,0.0008
1025,21.2504,0.0000,22.1047,6.5544,,true,0,0.008333,0.0000,0.0000,1.00,0.00,0.0000,22,1,35,101,8,9502,3200,0,4,7,8,0,39114,2745,60,40,1004257280,0.000000,0.000000,0.000000,0.00,2,2,3,9,19,0,0,0,0,0,0,0,0,0,0,0,0,0,0.0004,0.0200,0.0765,0.0007,0.0026,0.0000,0.0035,6.5544,0.0312,0.0000,0.0000,0.0000,1.0899,0.0255,0.2803,0.1542,0.0793,0.0091,0.0000,44.1854,0.0006
1026,21.2727,0.0000,22.0730,6.6661,,true,0,0.008333,0.0000,0.0000,1.00,0.00,0.0000,22,1,35,101,8,9002,3200,0,4,7,8,0,39114,2753,52,40,1004257280,0.000000,0.000000,0.000000,0.00,2,2,3,9,19,0,0,0,0,0,0,0,0,0,0,0,0,0,0.0012,0.0434,0.0697,0.0008,0.0036,0.0000,0.0048,6.6661,0.0483,0.0000,0.0000,0.0000,0.9962,0.0169,0.2400,0.1075,0.0705,0.0072,0.0000,40.0610,0.0009
1027,21.3156,0.0000,42.3168,7.2702,,true,0,0.008333,0.0000,0.0000,1.00,0.00,0.0000,22,1,44,101,8,8502,3200,0,5,7,8,0,39158,2761,44,40,1004257280,0.000000,0.000000,0.000000,0.00,2,2,3,8,21,8,0,0,0,0,0,0,0,0,0,0,0,0,0.0003,0.0179,0.0525,0.0009,0.0031,0.0000,0.0097,7.2702,0.0270,0.0000,0.0000,0.0000,1.0502,0.0316,0.2640,0.1389,0.0817,0.0130,0.0000,39.8734,0.0009
1028,21.3376,0.0000,22.7049,6.6627,,true,0,0.008333,0.0000,0.0000,1.00,0.00,0.0000,22,1,44,101,8,8002,3200,0,5,7,8,0,39158,2769,36,40,1004257280,0.000000,0.000000,0.000000,0.00,2,2,3,8,21,8,0,0,0,0,0,0,0,0,0,0,0,0,0.0003,0.0250,0.1079,0.0004,0.0018,0.0000,0.0045,6.6627,0.0604,0.0000,0.0000,0.0000,0.9453,0.0183,0.2240,0.1197,0.1090,0.0099,0.0000,43.4778,0.0005
1029,21.3598,0.0000,22.4646,6.2879,,true,0,0.008333,0.0000,0.0000,1.00,0.00,0.0000,22,1,44,101,8,7502,3200,0,5,7,8,0,39158,2777,28,40,1004257280,0.000000,0.000000,0.000000,0.00,2,2,3,8,21,8,0,0,0,0,0,0,0,0,0,0,0,0,0.0003,0.0192,0.0461,0.0006,0.0039,0.0000,0.0063,6.2879,0.0266,0.0000,0.0000,0.0000,0.7408,0.0229,0.2300,0.0571,0.0629,0.0184,0.0000,42.1434,0.0003
1030,21.3806,0.0000,21.3863,5.6479,,true,0,0.008333,0.0000,0.0000,1.00,0.00,0.0000,22,1,44,101,8,7002,3200,0,5,7,8,0,39158,2785,20,40,1004257280,0.000000,0.000000,0.000000,0.00,2,2,3,8,21,8,0,0,0,0,0,0,0,0,0,0,0,0,0.0005,0.0183,0.0572,0.0005,0.0029,0.0000,0.0065,5.6479,0.0417,0.0000,0.0000,0.0000,0.7766,0.0234,0.2586,0.0686,0.0610,0.0116,0.0000,42.5932,0.0005
1031,21.4042,0.0000,22.5758,6.7354,,true,0,0.008333,0.0000,0.0000,1.00,0.00,0.0000,22,1,44,101,8,6502,3200,0,5,7,8,0,39158,2793,12,40,1004257280,0.000000,0.000000,0.000000,0.00,2,2,3,8,21,8,0,0,0,0,0,0,0,0,0,0,0,0,0.0005,0.0206,0.0485,0.0008,0.0036,0.0000,0.0048,6.7354,0.0239,0.0000,0.0000,0.0000,0.5746,0.0225,0.2387,0.0433,0.0615,0.0169,0.0000,43.1859,0.0005
1032,21.4270,0.0000,22.6532,6.7710,,true,0,0.008333,0.0000,0.0000,1.00,0.00,0.0000,22,1,44,101,4,7002,3200,0,5,7,8,0,39158,2797,4,20,1004257280,0.000000,0.000000,0.000000,0.00,2,2,3,8,21,8,0,0,0,0,0,0,0,0,0,0,0,0,0.0003,0.0155,0.0697,0.0009,0.0018,0.0000,0.0086,6.7710,0.0223,0.0000,0.0000,0.0000,0.5995,0.0202,0.2213,0.0750,0.0596,0.0175,0.0000,41.4629,0.0003
1033,21.4481,0.0000,21.5887,6.1570,,true,0,0.008333,0.0000,0.0000,1.00,0.00,0.0000,22,1,98,101,0,7502,3200,0,7,7,4,0,39256,2797,0,0,1004261376,0.000000,0.000000,0.000000,0.00,2,2,3,7,21,18,17,28,0,0,0,0,0,0,0,0,0,0,0.0012,0.0290,0.0547,0.0008,0.0043,0.0000,0.0047,6.1570,0.0264,0.0000,0.0000,0.0000,0.7555,0.0123,0.2471,0.1746,0.0904,0.0073,0.0000,24.8956,0.0007
1034,21.4715,0.0000,21.9728,7.7465,,true,0,0.008333,0.0000,0.0000,1.00,0.00,0.0000,22,1,98,100,8,8002,3200,0,7,7,0,0,39256,2805,89,40,1004261376,0.000000,0.000000,0.000000,0.00,2,2,3,7,21,18,17,28,0,0,0,0,0,0,0,0,0,0,0.0002,0.0219,0.1034,0.0009,0.0032,0.0000,0.0057,7.7465,0.0400,0.0000,0.0000,0.0000,1.6915,0.0006,0.1754,0.0810,0.0567,0.0007,0.0000,0.0000,0.7781
1035,21.4909,0.0000,22.7372,4.7293,,true,0,0.008333,0.0000,0.0000,1.00,0.00,0.0000,22,1,30,100,8,7502,3200,0,5,7,8,0,39286,2813,81,40,1004261376,0.000000,0.000000,0.000000,0.00,1,0,8,5,8,8,0,0,0,0,0,0,0,0,0,0,0,0,0.0002,0.0212,0.0459,0.0008,0.0036,0.0000,0.0057,4.7293,0.0234,0.0000,0.0000,0.0000,1.1980,0.0429,0.2820,0.0468,0.0834,0.0131,0.0000,36.9243,0.0003
1036,21.4985,0.0000,6.3837,5.9641,,true,0,0.008333,0.0000,0.0000,1.00,0.00,0.0000,22,1,30,100,8,7002,3200,0,5,7,3,0,39286,2816,78,40,1004261376,0.000000,0.000000,0.000000,0.00,1,0,8,5,8,8,0,0,0,0,0,0,0,0,0,0,0,0,0.0002,0.0174,0.0550,0.0006,0.0019,0.0000,0.0038,5.9641,0.0224,0.0000,0.0000,0.0000,1.1528,0.0290,0.2699,0.0692,0.0498,0.0140,0.0000,13.2988,0.0004
1037,21.5209,0.0000,20.9550,7.3182,,true,0,0.008333,0.0000,0.0000,1.00,0.00,0.0000,22,1,31,100,8,6502,3200,0,5,7,8,0,39317,2824,70,40,1004261376,0.000000,0.000000,0.000000,0.00,1,0,8,8,10,4,0,0,0,0,0,0,0,0,0,0,0,0,0.0011,0.0348,0.0957,0.0009,0.0028,0.0000,0.0178,7.3182,0.0565,0.0000,0.0000,0.0000,1.5354,0.0234,0.2562,0.1457,0.1268,0.0111,0.0000,35.3224,0.0006
1038,21.5455,0.0000,24.1052,7.6715,,true,0,0.008333,0.0000,0.0000,1.00,0.00,0.0000,22,1,37,100,8,6002,3200,0,4,7,8,0,39354,2832,62,40,1004261376,0.000000,0.000000,0.000000,0.00,1,0,7,9,20,0,0,0,0,0,0,0,0,0,0,0,0,0,0.0006,0.0329,0.0651,0.0009,0.0015,0.0000,0.0046,7.6715,0.0392,0.0000,0.0000,0.0000,1.2321,0.0222,0.2542,0.1455,0.0771,0.0113,0.0000,39.2303,0.0009
1039,21.5841,0.0000,38.2244,7.7998,,true,0,0.008333,0.0000,0.0000,1.00,0.00,0.0000,22,1,37,100,8,5502,3200,0,4,7,8,0,39354,2840,54,40,1004363776,0.000000,0.000000,0.000000,0.00,1,0,7,9,20,0,0,0,0,0,0,0,0,0,0,0,0,0,0.0006,0.0257,0.1042,0.0018,0.0044,0.0000,0.0068,7.7998,0.0561,0.0000,0.0000,0.0000,1.0961,0.0239,0.2675,0.0967,0.0618,0.0165,0.0000,44.7626,0.0008
1040,21.6076,0.0000,22.5341,8.7650,,true,0,0.008333,0.0000,0.0000,1.00,0.00,0.0000,22,1,37,100,8,5002,3200,0,4,7,8,0,39354,2848,46,40,1004363776,0.000000,0.000000,0.000000,0.00,1,0,7,9,20,0,0,0,0,0,0,0,0,0,0,0,0,0,0.0010,0.0342,0.1066,0.0010,0.0034,0.0000,0.0102,8.7650,0.0502,0.0000,0.0000,0.0000,1.0514,0.0365,0.2495,0.0831,0.0717,0.0149,0.0000,37.9107,0.0007
1041,21.6312,0.0000,23.5531,8.8819,,true,0,0.008333,0.0000,0.0000,1.00,0.00,0.0000,22,1,40,100,8,4502,3200,0,5,7,8,0,39394,2856,38,40,1004363776,0.000000,0.000000,0.000000,0.00,1,0,7,9,19,4,0,0,0,0,0,0,0,0,0,0,0,0,0.0004,0.0228,0.0728,0.0012,0.0027,0.0000,0.0176,8.8819,0.0390,0.0000,0.0000,0.0000,2.1758,0.0256,0.2129,0.0293,0.1045,0.0126,0.0000,42.4281,0.0006
1042,21.6516,0.0000,22.8435,6.6592,,true,0,0.008333,0.0000,0.0000,1.00,0.00,0.0000,22,1,40,100,8,4002,3200,0,5,7,8,0,39394,2864,30,40,1004367872,0.000000,0.000000,0.000000,0.00,1,0,7,9,19,4,0,0,0,0,0,0,0,0,0,0,0,0,0.0004,0.0194,0.0822,0.0008,0.0032,0.0000,0.0048,6.6592,0.0123,0.0000,0.0000,0.0000,0.5394,0.0185,0.1721,0.0227,0.0514,0.0078,0.0000,43.2898,0.0005
1043,21.6727,0.0000,22.2298,5.5930,,true,0,0.008333,0.0000,0.0000,1.00,0.00,0.0000,22,1,40,100,8,3502,3200,0,5,7,8,0,39394,2872,22,40,1004367872,0.000000,0.000000,0.000000,0.00,1,0,7,9,19,4,0,0,0,0,0,0,0,0,0,0,0,0,0.0003,0.0214,0.0429,0.0011,0.0031,0.0000,0.0042,5.5930,0.0299,0.0000,0.0000,0.0000,0.7863,0.0376,0.2839,0.0292,0.0543,0.0094,0.0000,50.2103,0.0005
1044,21.6941,0.0000,21.3772,5.8246,,true,0,0.008333,0.0000,0.0000,1.00,0.00,0.0000,22,1,49,100,8,3002,3102,0,7,7,8,0,39443,2880,14,40,1004367872,0.000000,0.000000,0.000000,0.00,1,0,7,9,18,7,3,4,0,0,0,0,0,0,0,0,0,0,0.0008,0.0144,0.0356,0.0009,0.0024,0.0000,0.0075,5.8246,0.0146,0.0000,0.0000,0.0000,0.4896,0.0225,0.1838,0.0236,0.0561,0.0134,0.0000,43.4472,0.0004
1045,21.7167,0.0000,22.2626,5.9209,,true,0,0.008333,0.0000,0.0000,1.00,0.00,0.0000,22,1,49,100,6,2502,2602,0,7,7,8,0,39443,2886,6,30,1004367872,0.000000,0.000000,0.000000,0.00,1,0,7,9,18,7,3,4,0,0,0,0,0,0,0,0,0,0,0.0003,0.0216,0.0467,0.0006,0.0023,0.0000,0.0060,5.9209,0.0628,0.0000,0.0000,0.0000,0.4623,0.0331,0.1880,0.0253,0.0536,0.0236,0.0000,43.0907,0.0001
1046,21.7380,0.0000,20.8446,6.4940,,true,0,0.008333,0.0000,0.0000,1.00,0.00,0.0000,22,1,97,100,0,2002,2102,0,7,7,6,0,39540,2886,0,0,1004367872,0.000000,0.000000,0.000000,0.00,1,0,7,8,18,18,17,28,0,0,0,0,0,0,0,0,0,0,0.0004,0.0250,0.0598,0.0007,0.0033,0.0000,0.0050,6.4940,0.0233,0.0000,0.0000,0.0000,0.6745,0.0541,0.1956,0.0576,0.1161,0.0253,0.0000,34.7350,0.0010
1047,21.7606,0.0000,22.1039,6.8122,,true,0,0.008333,0.0000,0.0000,1.00,0.00,0.0000,22,1,97,100,0,1502,1602,0,7,7,0,0,39540,2886,0,0,1004367872,0.000000,0.000000,0.000000,0.00,1,0,7,8,18,18,17,28,0,0,0,0,0,0,0,0,0,0,0.0003,0.0323,0.1264,0.0009,0.0034,0.0000,0.0050,6.8122,0.0320,0.0000,0.0000,0.0000,0.3898,0.0030,0.1707,0.0690,0.0025,0.0010,0.0000,0.0000,0.0005
1048,21.7785,0.0000,20.7952,4.1106,,true,0,0.008333,0.0000,0.0000,1.00,0.00,0.0000,22,1,97,100,0,1126,1226,0,7,7,0,0,39540,2886,0,0,1004367872,0.000000,0.000000,0.000000,0.00,1,0,7,8,18,18,17,28,0,0,0,0,0,0,0,0,0,0,0.0008,0.0174,0.0347,0.0007,0.0020,0.0000,0.0053,4.1106,0.0104,0.0000,0.0000,0.0000,0.4725,0.0003,0.2525,0.0449,0.0009,0.0010,0.0000,0.0000,0.0006
1049,21.7831,0.0000,5.4364,3.3823,,true,0,0.008333,0.0000,0.0000,1.00,0.00,0.0000,22,1,97,100,0,845,945,0,7,7,0,0,39540,2886,0,0,1004367872,0.000000,0.000000,0.000000,0.00,1,0,7,8,18,18,17,28,0,0,0,0,0,0,0,0,0,0,0.0004,0.0096,0.0316,0.0005,0.0013,0.0000,0.0066,3.3823,0.0123,0.0000,0.0000,0.0000,0.3042,0.0001,0.1556,0.0350,0.0011,0.0004,0.0000,0.0000,0.0001
1050,21.7865,0.0000,4.3562,2.5905,,true,0,0.008333,0.0000,0.0000,1.00,0.00,0.0000,22,1,97,100,0,634,734,0,7,7,0,0,39540,2886,0,0,1004367872,0.000000,0.000000,0.000000,0.00,1,0,7,8,18,18,17,28,0,0,0,0,0,0,0,0,0,0,0.0002,0.0139,0.0344,0.0003,0.0007,0.0000,0.0028,2.5905,0.0087,0.0000,0.0000,0.0000,0.3462,0.0002,0.1977,0.0347,0.0002,0.0004,0.0000,0.0000,0.0003
1051,21.7974,0.0000,10.7104,2.8372,,true,0,0.008333,0.0000,0.0000,1.00,0.00,0.0000,22,1,97,100,0,475,575,0,7,7,0,0,39540,2886,0,0,1004371968,0.000000,0.000000,0.000000,0.00,1,0,7,8,18,18,17,28,0,0,0,0,0,0,0,0,0,0,0.0003,0.0178,0.0528,0.0006,0.0016,0.0000,0.0038,2.8372,0.0094,0.0000,0.0000,0.0000,0.2635,0.0001,0.1383,0.0322,0.0006,0.0003,0.0000,0.0000,0.0001
1052,21.8091,0.0000,11.6284,2.8224,,true,0,0.008333,0.0000,0.0000,1.00,0.00,0.0000,22,1,97,100,0,356,456,0,7,7,0,0,39540,2886,0,0,1004371968,0.000000,0.000000,0.000000,0.00,1,0,7,8,18,18,17,28,0,0,0,0,0,0,0,0,0,0,0.0004,0.0097,0.0466,0.0003,0.0018,0.0000,0.0061,2.8224,0.0141,0.0000,0.0000,0.0000,0.2533,0.0001,0.1435,0.0310,0.0002,0.0001,0.0000,0.0000,0.0001
1053,21.8220,0.0000,12.3475,3.3245,,true,0,0.008333,0.0000,0.0000,1.00,0.00,0.0000,22,1,97,100,0,267,367,0,7,7,0,0,39540,2886,0,0,1004371968,0.000000,0.000000,0.000000,0.00,1,0,7,8,18,18,17,28,0,0,0,0,0,0,0,0,0,0,0.0001,0.0147,0.0308,0.0004,0.0023,0.0000,0.0061,3.3245,0.0098,0.0000,0.0000,0.0000,0.3787,0.0001,0.2183,0.0290,0.0009,0.0003,0.0000,0.0000,0.0005
1054,21.8359,0.0000,13.8954,3.1800,,true,0,0.008333,0.0000,0.0000,1.00,0.00,0.0000,22,1,97,100,0,200,300,0,7,7,0,0,39540,2886,0,0,1004371968,0.000000,0.000000,0.000000,0.00,1,0,7,8,18,18,17,28,0,0,0,0,0,0,0,0,0,0,0.0002,0.0208,0.0353,0.0007,0.0032,0.0000,0.0041,3.1800,0.0103,0.0000,0.0000,0.0000,0.3734,0.0003,0.2013,0.0362,0.0006,0.0003,0.0000,0.0000,0.0003
1055,21.8474,0.0000,11.9487,2.9567,,true,0,0.008333,0.0000,0.0000,1.00,0.00,0.0000,22,1,97,100,0,150,250,0,7,7,0,0,39540,2886,0,0,1004371968,0.000000,0.000000,0.000000,0.00,1,0,7,8,18,18,17,28,0,0,0,0,0,0,0,0,0,0,0.0003,0.0180,0.0359,0.0003,0.0014,0.0000,0.0045,2.9567,0.0161,0.0000,0.0000,0.0000,0.3099,0.0002,0.1486,0.0328,0.0007,0.0032,0.0000,0.0000,0.0003
1056,21.8613,0.0000,13.2038,3.4162,,true,0,0.008333,0.0000,0.0000,1.00,0.00,0.0000,22,1,97,100,0,113,213,0,7,7,0,0,39540,2886,0,0,1004371968,0.000000,0.000000,0.000000,0.00,1,0,7,8,18,18,17,28,0,0,0,0,0,0,0,0,0,0,0.0002,0.0178,0.0402,0.0005,0.0014,0.0000,0.0035,3.4162,0.0148,0.0000,0.0000,0.0000,0.4724,0.0007,0.2493,0.0489,0.0005,0.0018,0.0000,0.0000,0.0003
1057,21.8739,0.0000,12.6775,3.3811,,true,0,0.008333,0.0000,0.0000,1.00,0.00,0.0000,22,1,97,100,0,85,185,0,7,7,0,0,39540,2886,0,0,1004371968,0.000000,0.000000,0.000000,0.00,1,0,7,8,18,18,17,28,0,0,0,0,0,0,0,0,0,0,0.0004,0.0174,0.0550,0.0004,0.0018,0.0000,0.0072,3.3811,0.0231,0.0000,0.0000,0.0000,0.4138,0.0003,0.2488,0.0311,0.0011,0.0007,0.0000,0.0000,0.0003
1058,21.8859,0.0000,12.4774,2.9739,,true,0,0.008333,0.0000,0.0000,1.00,0.00,0.0000,22,1,97,100,0,63,163,0,7,7,0,0,39540,2886,0,0,1004371968,0.000000,0.000000,0.000000,0.00,1,0,7,8,18,18,17,28,0,0,0,0,0,0,0,0,0,0,0.0003,0.0174,0.0354,0.0011,0.0015,0.0000,0.0047,2.9739,0.0107,0.0000,0.0000,0.0000,0.3613,0.0004,0.2073,0.0402,0.0006,0.0003,0.0000,0.0000,0.0002
1059,21.8984,0.0000,12.5446,2.9595,,true,0,0.008333,0.0000,0.0000,1.00,0.00,0.0000,22,1,97,100,0,48,148,0,7,7,0,0,39540,2886,0,0,1004371968,0.000000,0.000000,0.000000,0.00,1,0,7,8,18,18,17,28,0,0,0,0,0,0,0,0,0,0,0.0003,0.0120,0.0450,0.0004,0.0013,0.0000,0.0060,2.9595,0.0135,0.0000,0.0000,0.0000,0.2779,0.0003,0.1490,0.0302,0.0013,0.0004,0.0000,0.0000,0.0003
1060,21.9106,0.0000,12.0554,3.1325,,true,0,0.008333,0.0000,0.0000,1.00,0.00,0.0000,22,1,97,100,0,36,136,0,7,7,0,0,39540,2886,0,0,1004371968,0.000000,0.000000,0.000000,0.00,1,0,7,8,18,18,17,28,0,0,0,0,0,0,0,0,0,0,0.0002,0.0209,0.0450,0.0004,0.0017,0.0000,0.0088,3.1325,0.0125,0.0000,0.0000,0.0000,0.4344,0.0002,0.2494,0.0418,0.0009,0.0003,0.0000,0.0000,0.0003
1061,21.9230,0.0000,12.4096,3.1336,,true,0,0.008333,0.0000,0.0000,1.00,0.00,0.0000,22,1,97,100,0,27,127,0,7,7,0,0,39540,2886,0,0,1004376064,0.000000,0.000000,0.000000,0.00,1,0,7,8,18,18,17,28,0,0,0,0,0,0,0,0,0,0,0.0002,0.0218,0.0383,0.0007,0.0028,0.0000,0.0069,3.1336,0.0123,0.0000,0.0000,0.0000,0.3636,0.0004,0.1942,0.0399,0.0007,0.0003,0.0000,0.0000,0.0002
1062,21.9363,0.0000,12.9381,3.3744,,true,0,0.008333,0.0000,0.0000,1.00,0.00,0.0000,22,1,97,100,0,20,120,0,7,7,0,0,39540,2886,0,0,1004376064,0.000000,0.000000,0.000000,0.00,1,0,7,8,18,18,17,28,0,0,0,0,0,0,0,0,0,0,0.0005,0.0194,0.0383,0.0007,0.0017,0.0000,0.0038,3.3744,0.0187,0.0000,0.0000,0.0000,0.3952,0.0003,0.2211,0.0412,0.0008,0.0004,0.0000,0.0000,0.0003
1063,21.9489,0.0000,13.0285,2.9939,,true,0,0.008333,0.0000,0.0000,1.00,0.00,0.0000,22,1,97,100,0,15,115,0,7,7,0,0,39540,2886,0,0,1004376064,0.000000,0.000000,0.000000,0.00,1,0,7,8,18,18,17,28,0,0,0,0,0,0,0,0,0,0,0.0001,0.0212,0.0349,0.0005,0.0015,0.0000,0.0031,2.9939,0.0251,0.0000,0.0000,0.0000,0.3911,0.0005,0.2004,0.0535,0.0007,0.0007,0.0000,0.0000,0.0004
1064,21.9630,0.0000,13.5491,3.5142,,true,0,0.008333,0.0000,0.0000,1.00,0.00,0.0000,22,1,97,100,0,11,111,0,7,7,0,0,39540,2886,0,0,1004376064,0.000000,0.000000,0.000000,0.00,1,0,7,8,18,18,17,28,0,0,0,0,0,0,0,0,0,0,0.0004,0.0133,0.0394,0.0004,0.0010,0.0000,0.0025,3.5142,0.0100,0.0000,0.0000,0.0000,0.3492,0.0003,0.2016,0.0381,0.0005,0.0004,0.0000,0.0000,0.0003
1065,21.9755,0.0000,12.5723,3.3215,,true,0,0.008333,0.0000,0.0000,1.00,0.00,0.0000,22,1,97,100,0,8,108,0,7,7,0,0,39540,2886,0,0,1004376064,0.000000,0.000000,0.000000,0.00,1,0,7,8,18,18,17,28,0,0,0,0,0,0,0,0,0,0,0.0003,0.0265,0.0378,0.0009,0.0022,0.0000,0.0064,3.3215,0.0129,0.0000,0.0000,0.0000,0.4020,0.0003,0.1972,0.0374,0.0006,0.0006,0.0000,0.0000,0.0009
1066,21.9866,0.0000,11.7311,2.9631,,true,0,0.008333,0.0000,0.0000,1.00,0.00,0.0000,22,1,97,100,0,6,106,0,7,7,0,0,39540,2886,0,0,1004376064,0.000000,0.000000,0.000000,0.00,1,0,7,8,18,18,17,28,0,0,0,0,0,0,0,0,0,0,0.0003,0.0136,0.0272,0.0002,0.0009,0.0000,0.0055,2.9631,0.0110,0.0000,0.0000,0.0000,0.2875,0.0004,0.1489,0.0351,0.0006,0.0003,0.0000,0.0000,0.0003
1067,21.9991,0.0000,12.5291,3.0730,,true,0,0.008333,0.0000,0.0000,1.00,0.00,0.0000,22,1,97,100,0,5,105,0,7,7,0,0,39540,2886,0,0,1004376064,0.000000,0.000000,0.000000,0.00,1,0,7,8,18,18,17,28,0,0,0,0,0,0,0,0,0,0,0.0007,0.0254,0.0348,0.0003,0.0012,0.0000,0.0050,3.0730,0.0100,0.0000,0.0000,0.0000,0.3411,0.0002,0.1812,0.0349,0.0004,0.0003,0.0000,0.0000,0.0001
1068,22.0152,0.0000,15.1820,3.7515,,true,0,0.008333,0.0000,0.0000,1.00,0.00,0.0000,22,1,97,100,0,4,104,0,7,7,0,0,39540,2886,0,0,1004376064,0.000000,0.000000,0.000000,0.00,1,0,7,8,18,18,17,28,0,0,0,0,0,0,0,0,0,0,0.0002,0.0164,0.0457,0.0008,0.0018,0.0000,0.0040,3.7515,0.0133,0.0000,0.0000,0.0000,0.4648,0.0003,0.2643,0.0472,0.0006,0.0004,0.0000,0.0000,0.0003
1069,22.0284,0.0000,13.6947,2.9861,,true,0,0.008333,0.0000,0.0000,1.00,0.00,0.0000,22,1,97,100,0,3,103,0,7,7,0,0,39540,2886,0,0,1004376064,0.000000,0.000000,0.000000,0.00,1,0,7,8,18,18,17,28,0,0,0,0,0,0,0,0,0,0,0.0004,0.0157,0.0291,0.0004,0.0015,0.0000,0.0027,2.9861,0.0085,0.0000,0.0000,0.0000,0.2595,0.0002,0.1361,0.0286,0.0005,0.0002,0.0000,0.0000,0.0003
1070,22.0395,0.0000,11.4136,2.9372,,true,0,0.008333,0.0000,0.0000,1.00,0.00,0.0000,22,1,97,100,0,2,102,0,7,7,0,0,39540,2886,0,0,1004380160,0.000000,0.000000,0.000000,0.00,1,0,7,8,18,18,17,28,0,0,0,0,0,0,0,0,0,0,0.0003,0.0140,0.0272,0.0005,0.0101,0.0000,0.0040,2.9372,0.0070,0.0000,0.0000,0.0000,0.2878,0.0001,0.1544,0.0393,0.0007,0.0004,0.0000,0.0000,0.0001
1071,22.0533,0.0000,13.1987,3.3719,,true,0,0.008333,0.0000,0.0000,1.00,0.00,0.0000,22,1,97,100,0,2,102,0,7,7,0,0,39540,2886,0,0,1004380160,0.000000,0.000000,0.000000,0.00,1,0,7,8,18,18,17,28,0,0,0,0,0,0,0,0,0,0,0.0003,0.0244,0.0351,0.0008,0.0037,0.0000,0.0042,3.3719,0.0146,0.0000,0.0000,0.0000,0.3397,0.0006,0.1610,0.0393,0.0012,0.0008,0.0000,0.0000,0.0001
1072,22.0665,0.0000,13.5548,3.1902,,true,0,0.008333,0.0000,0.0000,1.00,0.00,0.0000,22,1,97,100,0,1,101,0,7,7,0,0,39540,2886,0,0,1004380160,0.000000,0.000000,0.000000,0.00,1,0,7,8,18,18,17,28,0,0,0,0,0,0,0,0,0,0,0.0002,0.0364,0.0348,0.0005,0.0022,0.0000,0.0167,3.1902,0.0102,0.0000,0.0000,0.0000,0.3844,0.0002,0.2069,0.0386,0.0006,0.0003,0.0000,0.0000,0.0002
1073,22.0785,0.0000,12.0473,2.9954,,true,0,0.008333,0.0000,0.0000,1.00,0.00,0.0000,22,1,97,100,0,1,101,0,7,7,0,0,39540,2886,0,0,1004380160,0.000000,0.000000,0.000000,0.00,1,0,7,8,18,18,17,28,0,0,0,0,0,0,0,0,0,0,0.0002,0.0188,0.0421,0.0004,0.0012,0.0000,0.0045,2.9954,0.0166,0.0000,0.0000,0.0000,0.4338,0.0002,0.2305,0.0653,0.0022,0.0008,0.0000,0.0000,0.0003
1074,22.0904,0.0000,12.1908,2.8948,,true,0,0.008333,0.0000,0.0000,1.00,0.00,0.0000,22,1,97,100,0,1,101,0,7,7,0,0,39540,2886,0,0,1004380160,0.000000,0.000000,0.000000,0.00,1,0,7,8,18,18,17,28,0,0,0,0,0,0,0,0,0,0,0.0004,0.0162,0.0376,0.0004,0.0019,0.0000,0.0075,2.8948,0.0091,0.0000,0.0000,0.0000,0.3577,0.0001,0.2027,0.0408,0.0006,0.0005,0.0000,0.0000,0.0006
1075,22.1033,0.0000,12.5435,3.1094,,true,0,0.008333,0.0000,0.0000,1.00,0.00,0.0000,22,1,97,100,0,0,100,0,7,7,0,0,39540,2886,0,0,1004380160,0.000000,0.000000,0.000000,0.00,1,0,7,8,18,18,17,28,0,0,0,0,0,0,0,0,0,0,0.0002,0.0186,0.0378,0.0004,0.0016,0.0000,0.0047,3.1094,0.0102,0.0000,0.0000,0.0000,0.3851,0.0002,0.2141,0.0414,0.0008,0.0003,0.0000,0.0000,0.0003
1076,22.1163,0.0000,12.5953,3.6290,,true,0,0.008333,0.0000,0.0000,1.00,0.00,0.0000,22,1,97,100,0,0,100,0,7,7,0,0,39540,2886,0,0,1004380160,0.000000,0.000000,0.000000,0.00,1,0,7,8,18,18,17,28,0,0,0,0,0,0,0,0,0,0,0.0002,0.0251,0.0371,0.0005,0.0020,0.0000,0.0081,3.6290,0.0120,0.0000,0.0000,0.0000,0.3954,0.0003,0.2136,0.0411,0.0007,0.0003,0.0000,0.0000,0.0006
1077,22.1285,0.0000,12.3073,3.3743,,true,0,0.008333,0.0000,0.0000,1.00,0.00,0.0000,22,1,97,100,0,0,100,0,7,7,0,0,39540,2886,0,0,1004380160,0.000000,0.000000,0.000000,0.00,1,0,7,8,18,18,17,28,0,0,0,0,0,0,0,0,0,0,0.0003,0.0251,0.0382,0.0008,0.0022,0.0000,0.0063,3.3743,0.0135,0.0000,0.0000,0.0000,0.4077,0.0001,0.2107,0.0413,0.0008,0.0004,0.0000,0.0000,0.0006
1078,22.1414,0.0000,13.2285,3.0954,,true,0,0.008333,0.0000,0.0000,1.00,0.00,0.0000,22,1,97,100,0,0,100,0,7,7,0,0,39540,2886,0,0,1004380160,0.000000,0.000000,0.000000,0.00,1,0,7,8,18,18,17,28,0,0,0,0,0,0,0,0,0,0,0.0002,0.0199,0.0396,0.0006,0.0016,0.0000,0.0039,3.0954,0.0225,0.0000,0.0000,0.0000,0.3223,0.0003,0.1590,0.0305,0.0009,0.0006,0.0000,0.0000,0.0004
1079,22.1539,0.0000,12.4595,3.2915,,true,0,0.008333,0.0000,0.0000,1.00,0.00,0.0000,22,1,97,100,0,0,100,0,7,7,0,0,39540,2886,0,0,1004384256,0.000000,0.000000,0.000000,0.00,1,0,7,8,18,18,17,28,0,0,0,0,0,0,0,0,0,0,0.0002,0.0185,0.0363,0.0012,0.0031,0.0000,0.0045,3.2915,0.0113,0.0000,0.0000,0.0000,0.3771,0.0003,0.2061,0.0379,0.0007,0.0003,0.0000,0.0000,0.0003
1080,22.1680,0.0000,13.9505,3.0703,,true,0,0.008333,0.0000,0.0000,1.00,0.00,0.0000,22,1,97,100,0,0,100,0,7,7,0,0,39540,2886,0,0,1004384256,0.000000,0.000000,0.000000,0.00,1,0,7,8,18,18,17,28,0,0,0,0,0,0,0,0,0,0,0.0003,0.0175,0.0251,0.0008,0.0033,0.0000,0.0071,3.0703,0.0080,0.0000,0.0000,0.0000,0.3280,0.0007,0.1614,0.0395,0.0014,0.0005,0.0000,0.0000,0.0004
1081,22.1798,0.0000,12.0420,3.1599,,true,0,0.008333,0.0000,0.0000,1.00,0.00,0.0000,22,1,97,100,0,0,100,0,7,7,0,0,39540,2886,0,0,1004384256,0.000000,0.000000,0.000000,0.00,1,0,7,8,18,18,17,28,0,0,0,0,0,0,0,0,0,0,0.0003,0.0175,0.0359,0.0004,0.0012,0.0000,0.0032,3.1599,0.0134,0.0000,0.0000,0.0000,0.3623,0.0004,0.2059,0.0394,0.0006,0.0003,0.0000,0.0000,0.0003
1082,22.1923,0.0000,12.4245,3.2432,,true,0,0.008333,0.0000,0.0000,1.00,0.00,0.0000,22,1,97,100,0,0,100,0,7,7,0,0,39540,2886,0,0,1004384256,0.000000,0.000000,0.000000,0.00,1,0,7,8,18,18,17,28,0,0,0,0,0,0,0,0,0,0,0.0003,0.0186,0.0403,0.0006,0.0025,0.0000,0.0037,3.2432,0.0235,0.0000,0.0000,0.0000,0.3830,0.0003,0.2129,0.0397,0.0008,0.0005,0.0000,0.0000,0.0003
1083,22.2046,0.0000,12.4595,3.1161,,true,0,0.008333,0.0000,0.0000,1.00,0.00,0.0000,22,1,97,100,0,0,100,0,7,7,0,0,39540,2886,0,0,1004384256,0.000000,0.000000,0.000000,0.00,1,0,7,8,18,18,17,28,0,0,0,0,0,0,0,0,0,0,0.0003,0.0203,0.0392,0.0004,0.0023,0.0000,0.0044,3.1161,0.0117,0.0000,0.0000,0.0000,0.3908,0.0003,0.2169,0.0408,0.0008,0.0004,0.0000,0.0000,0.0004
1084,22.2237,0.0000,12.5084,9.5885,,true,0,0.008333,0.0000,0.0000,1.00,0.00,0.0000,22,1,97,347,8,0,100,0,7,15,0,0,39540,2894,248,40,1004384256,0.000000,0.000000,0.000000,0.00,1,0,7,8,18,18,17,28,0,0,0,0,0,0,0,0,0,0,0.0003,0.0156,0.0602,0.0011,0.0023,0.0000,0.0034,9.5885,0.0259,0.0000,0.0000,0.0000,5.7169,0.0002,0.2220,0.0416,0.1031,0.0005,0.0000,0.0000,4.0831
1085,22.2342,0.0000,13.9521,6.1883,,true,0,0.008333,0.0000,0.0000,1.00,0.00,0.0000,22,1,97,347,8,0,100,0,7,15,4,0,39540,2898,244,40,1004384256,0.000000,0.000000,0.000000,0.00,1,0,7,8,18,18,17,28,0,0,0,0,0,0,0,0,0,0,0.0009,0.0239,0.0390,0.0004,0.0014,0.0000,0.0067,6.1883,0.0091,0.0000,0.0000,0.0000,2.7659,0.0128,0.4292,0.0391,0.1360,0.0086,0.0000,24.3820,0.0003
1086,22.2754,0.0000,29.2439,17.6340,,true,0,0.008333,0.0000,0.0000,1.00,0.00,0.0000,22,1,0,0,0,0,100,0,0,0,0,0,39540,2898,244,40,1004421120,0.000000,0.000000,0.000000,0.00,0,0,0,0,0,0,0,0,0,0,0,0,0,0,0,0,0,0,0.0433,0.0252,0.0699,0.0470,0.0074,0.0000,0.0065,17.6340,0.0267,0.0000,0.0000,8.6541,0.0000,0.0000,0.0000,0.0000,0.0000,0.0000,0.0000,0.0000,0.0000
1087,22.3051,0.0000,42.2082,5.1199,,true,0,0.008333,0.0000,0.0000,1.00,0.00,0.0000,22,1,0,0,0,0,100,0,0,0,0,0,39540,2898,244,40,1004421120,0.000000,0.000000,0.000000,0.00,0,0,0,0,0,0,0,0,0,0,0,0,0,0,0,0,0,0,0.0275,0.0158,0.0718,0.0006,0.0029,0.0000,0.0042,5.1199,0.0264,0.0000,0.0000,0.0513,0.0000,0.0000,0.0000,0.0000,0.0000,0.0000,0.0000,0.0000,0.0000
1088,22.3119,0.0000,8.1658,4.0870,,true,0,0.008333,0.0000,0.0000,1.00,0.00,0.0000,22,1,0,0,0,0,100,0,0,0,0,0,39540,2898,244,40,1004437504,0.000000,0.000000,0.000000,0.00,0,0,0,0,0,0,0,0,0,0,0,0,0,0,0,0,0,0,0.0182,0.0104,0.0364,0.0004,0.0017,0.0000,0.0047,4.0870,0.0059,0.0000,0.0000,0.0399,0.0000,0.0000,0.0000,0.0000,0.0000,0.0000,0.0000,0.0000,0.0000
1089,22.3162,0.0000,4.6646,3.5321,,true,0,0.008333,0.0000,0.0000,1.00,0.00,0.0000,22,1,0,0,0,0,100,0,0,0,0,0,39540,2898,244,40,1004441600,0.000000,0.000000,0.000000,0.00,0,0,0,0,0,0,0,0,0,0,0,0,0,0,0,0,0,0,0.0174,0.0117,0.0509,0.0005,0.0012,0.0000,0.0046,3.5321,0.0125,0.0000,0.0000,0.0406,0.0000,0.0000,0.0000,0.0000,0.0000,0.0000,0.0000,0.0000,0.0000
1090,22.3253,0.0000,9.5168,3.5092,,true,0,0.008333,0.0000,0.0000,1.00,0.00,0.0000,22,1,0,0,0,0,100,0,0,0,0,0,39540,2898,244,40,1004507136,0.000000,0.000000,0.000000,0.00,0,0,0,0,0,0,0,0,0,0,0,0,0,0,0,0,0,0,0.0182,0.0205,0.0442,0.0004,0.0014,0.0000,0.0033,3.5092,0.0166,0.0000,0.0000,0.0286,0.0000,0.0000,0.0000,0.0000,0.0000,0.0000,0.0000,0.0000,0.0000
1091,22.3349,0.0000,9.6383,3.4813,,true,0,0.008333,0.0000,0.0000,1.00,0.00,0.0000,22,1,0,0,0,0,100,0,0,0,0,0,39540,2898,244,40,1004507136,0.000000,0.000000,0.000000,0.00,0,0,0,0,0,0,0,0,0,0,0,0,0,0,0,0,0,0,0.0267,0.0137,0.0512,0.0008,0.0034,0.0000,0.0045,3.4813,0.0108,0.0000,0.0000,0.0393,0.0000,0.0000,0.0000,0.0000,0.0000,0.0000,0.0000,0.0000,0.0000
1092,22.3489,0.0000,14.4697,3.0844,,true,0,0.008333,0.0000,0.0000,1.00,0.00,0.0000,22,1,0,0,0,0,100,0,0,0,0,0,39540,2898,244,40,1004507136,0.000000,0.000000,0.000000,0.00,0,0,0,0,0,0,0,0,0,0,0,0,0,0,0,0,0,0,0.0296,0.0153,0.0526,0.0006,0.0008,0.0000,0.0070,3.0844,0.0119,0.0000,0.0000,0.0422,0.0000,0.0000,0.0000,0.0000,0.0000,0.0000,0.0000,0.0000,0.0000
1093,22.3641,0.0000,14.7595,3.3742,,true,0,0.008333,0.0000,0.0000,1.00,0.00,0.0000,22,1,0,0,0,0,100,0,0,0,0,0,39540,2898,244,40,1004507136,0.000000,0.000000,0.000000,0.00,0,0,0,0,0,0,0,0,0,0,0,0,0,0,0,0,0,0,0.0301,0.0155,0.0417,0.0004,0.0038,0.0000,0.0046,3.3742,0.0107,0.0000,0.0000,0.0420,0.0000,0.0000,0.0000,0.0000,0.0000,0.0000,0.0000,0.0000,0.0000
1094,22.3787,0.0000,14.1655,3.9320,,true,0,0.008333,0.0000,0.0000,1.00,0.00,0.0000,22,1,0,0,0,0,100,0,0,0,0,0,39540,2898,244,40,1004507136,0.000000,0.000000,0.000000,0.00,0,0,0,0,0,0,0,0,0,0,0,0,0,0,0,0,0,0,0.0270,0.0149,0.0439,0.0004,0.0009,0.0000,0.0038,3.9320,0.0124,0.0000,0.0000,0.0357,0.0000,0.0000,0.0000,0.0000,0.0000,0.0000,0.0000,0.0000,0.0000
1095,22.3925,0.0000,14.5844,3.1744,,true,0,0.008333,0.0000,0.0000,1.00,0.00,0.0000,22,1,0,0,0,0,100,0,0,0,0,0,39540,2898,244,40,1004507136,0.000000,0.000000,0.000000,0.00,0,0,0,0,0,0,0,0,0,0,0,0,0,0,0,0,0,0,0.0194,0.0133,0.0469,0.0004,0.0014,0.0000,0.0028,3.1744,0.0098,0.0000,0.0000,0.0318,0.0000,0.0000,0.0000,0.0000,0.0000,0.0000,0.0000,0.0000,0.0000
1096,22.4063,0.0000,14.0825,2.8547,,true,0,0.008333,0.0000,0.0000,1.00,0.00,0.0000,22,1,0,0,0,0,100,0,0,0,0,0,39540,2898,244,40,1004507136,0.000000,0.000000,0.000000,0.00,0,0,0,0,0,0,0,0,0,0,0,0,0,0,0,0,0,0,0.0170,0.0140,0.0484,0.0005,0.0011,0.0000,0.0028,2.8547,0.0117,0.0000,0.0000,0.0211,0.0000,0.0000,0.0000,0.0000,0.0000,0.0000,0.0000,0.0000,0.0000
1097,22.4205,0.0000,14.3440,2.7982,,true,0,0.008333,0.0000,0.0000,1.00,0.00,0.0000,22,1,0,0,0,0,100,0,0,0,0,0,39540,2898,244,40,1004507136,0.000000,0.000000,0.000000,0.00,0,0,0,0,0,0,0,0,0,0,0,0,0,0,0,0,0,0,0.0096,0.0082,0.0417,0.0004,0.0008,0.0000,0.0027,2.7982,0.0123,0.0000,0.0000,0.0176,0.0000,0.0000,0.0000,0.0000,0.0000,0.0000,0.0000,0.0000,0.0000
1098,22.4349,0.0000,14.4836,2.7917,,true,0,0.008333,0.0000,0.0000,1.00,0.00,0.0000,22,1,0,0,0,0,100,0,0,0,0,0,39540,2898,244,40,1004511232,0.000000,0.000000,0.000000,0.00,0,0,0,0,0,0,0,0,0,0,0,0,0,0,0,0,0,0,0.0255,0.0085,0.0591,0.0004,0.0009,0.0000,0.0022,2.7917,0.0184,0.0000,0.0000,0.0207,0.0000,0.0000,0.0000,0.0000,0.0000,0.0000,0.0000,0.0000,0.0000
1099,22.4501,0.0000,15.0745,2.8560,,true,0,0.008333,0.0000,0.0000,1.00,0.00,0.0000,22,1,0,0,0,0,100,0,0,0,0,0,39540,2898,244,40,1004511232,0.000000,0.000000,0.000000,0.00,0,0,0,0,0,0,0,0,0,0,0,0,0,0,0,0,0,0,0.0141,0.0105,0.0351,0.0004,0.0009,0.0000,0.0030,2.8560,0.0065,0.0000,0.0000,0.0301,0.0000,0.0000,0.0000,0.0000,0.0000,0.0000,0.0000,0.0000,0.0000
1100,22.4648,0.0000,14.5325,2.9684,,true,0,0.008333,0.0000,0.0000,1.00,0.00,0.0000,22,1,0,0,0,0,100,0,0,0,0,0,39540,2898,244,40,1004511232,0.000000,0.000000,0.000000,0.00,0,0,0,0,0,0,0,0,0,0,0,0,0,0,0,0,0,0,0.0227,0.0165,0.0373,0.0006,0.0030,0.0000,0.0059,2.9684,0.0088,0.0000,0.0000,0.0362,0.0000,0.0000,0.0000,0.0000,0.0000,0.0000,0.0000,0.0000,0.0000
1101,22.4788,0.0000,14.0974,3.0397,,true,0,0.008333,0.0000,0.0000,1.00,0.00,0.0000,22,1,0,0,0,0,100,0,0,0,0,0,39540,2898,244,40,1004511232,0.000000,0.000000,0.000000,0.00,0,0,0,0,0,0,0,0,0,0,0,0,0,0,0,0,0,0,0.0167,0.0085,0.0466,0.0004,0.0008,0.0000,0.0028,3.0397,0.0111,0.0000,0.0000,0.0206,0.0000,0.0000,0.0000,0.0000,0.0000,0.0000,0.0000,0.0000,0.0000
1102,22.4933,0.0000,14.4534,2.8892,,true,0,0.008333,0.0000,0.0000,1.00,0.00,0.0000,22,1,0,0,0,0,100,0,0,0,0,0,39540,2898,244,40,1004511232,0.000000,0.000000,0.000000,0.00,0,0,0,0,0,0,0,0,0,0,0,0,0,0,0,0,0,0,0.0119,0.0079,0.0648,0.0005,0.0010,0.0000,0.0024,2.8892,0.0325,0.0000,0.0000,0.0241,0.0000,0.0000,0.0000,0.0000,0.0000,0.0000,0.0000,0.0000,0.0000
1103,22.5076,0.0000,14.1407,3.1457,,true,0,0.008333,0.0000,0.0000,1.00,0.00,0.0000,22,1,0,0,0,0,100,0,0,0,0,0,39540,2898,244,40,1004511232,0.000000,0.000000,0.000000,0.00,0,0,0,0,0,0,0,0,0,0,0,0,0,0,0,0,0,0,0.0258,0.0146,0.0677,0.0006,0.0010,0.0000,0.0020,3.1457,0.0145,0.0000,0.0000,0.0270,0.0000,0.0000,0.0000,0.0000,0.0000,0.0000,0.0000,0.0000,0.0000
1104,22.5237,0.0000,13.9362,5.3178,,true,0,0.008333,0.0000,0.0000,1.00,0.00,0.0000,22,1,98,347,8,500,600,0,7,15,8,0,39638,2906,236,40,1004511232,0.000000,0.000000,0.000000,0.00,1,0,7,8,18,18,16,30,0,0,0,0,0,0,0,0,0,0,0.0003,0.0008,0.0367,0.0333,0.0023,0.0000,0.0028,5.3178,0.0094,0.0000,0.0000,0.0000,1.8991,0.0182,0.0003,0.0411,0.0748,0.0078,0.0000,45.1402,0.0003
1105,22.5384,0.0000,14.4098,5.4553,,true,0,0.008333,0.0000,0.0000,1.00,0.00,0.0000,22,1,100,347,8,1000,1100,0,7,15,7,0,39738,2913,229,40,1004650496,0.000000,0.000000,0.000000,0.00,1,0,7,8,18,18,16,32,0,0,0,0,0,0,0,0,0,0,0.0002,0.0008,0.0405,0.0297,0.0027,0.0000,0.0030,5.4553,0.0109,0.0000,0.0000,0.0000,1.9536,0.0238,0.0002,0.0454,0.1833,0.0111,0.0000,38.5096,0.0003
1106,22.5675,0.0000,27.1449,6.8128,,true,0,0.008333,0.0000,0.0000,1.00,0.00,0.0000,22,1,106,347,8,1500,1600,0,8,15,8,0,39844,2921,221,40,1004650496,0.000000,0.000000,0.000000,0.00,1,0,7,8,18,18,16,30,8,0,0,0,0,0,0,0,0,0,0.0004,0.0012,0.0502,0.0416,0.0038,0.0000,0.0039,6.8128,0.0479,0.0000,0.0000,0.0000,1.8136,0.0243,0.0026,0.0464,0.1762,0.0157,0.0000,43.2147,0.0007
1107,22.5869,0.0000,18.5951,7.8169,,true,0,0.008333,0.0000,0.0000,1.00,0.00,0.0000,22,1,106,347,8,2000,2100,0,8,15,8,0,39844,2929,213,40,1004654592,0.000000,0.000000,0.000000,0.00,1,0,7,8,18,18,16,30,8,0,0,0,0,0,0,0,0,0,0.0002,0.0029,0.0447,0.0663,0.0075,0.0000,0.0070,7.8169,0.0242,0.0000,0.0000,0.0000,1.8922,0.0171,0.0003,0.0841,0.2070,0.0113,0.0000,41.6184,0.0001
1108,22.6336,0.0000,47.1599,7.3484,,true,0,0.008333,0.0000,0.0000,1.00,0.00,0.0000,22,1,112,347,8,2500,2600,0,8,15,8,0,39956,2937,205,40,1004654592,0.000000,0.000000,0.000000,0.00,1,0,7,8,18,18,16,28,16,0,0,0,0,0,0,0,0,0,0.0012,0.0013,0.0506,0.0593,0.0067,0.0000,0.0044,7.3484,0.0197,0.0000,0.0000,0.0000,1.9528,0.0240,0.0022,0.0619,0.2220,0.0201,0.0000,46.5943,0.0004
1109,22.6553,0.0000,21.5276,7.5461,,true,0,0.008333,0.0000,0.0000,1.00,0.00,0.0000,22,1,121,347,8,3000,3100,0,9,15,8,0,40077,2945,197,40,1004654592,0.000000,0.000000,0.000000,0.00,1,0,7,8,18,18,16,27,18,8,0,0,0,0,0,0,0,0,0.0006,0.0013,0.0541,0.0454,0.0068,0.0000,0.0048,7.5461,0.0291,0.0000,0.0000,0.0000,1.9157,0.0262,0.0004,0.0899,0.2353,0.0135,0.0000,48.0603,0.0011
1110,22.6810,0.0000,23.9370,9.1862,,true,0,0.008333,0.0000,0.0000,1.00,0.00,0.0000,22,1,127,347,8,3500,3200,0,9,15,8,0,40204,2953,189,40,1004654592,0.000000,0.000000,0.000000,0.00,1,0,7,8,18,18,16,26,21,12,0,0,0,0,0,0,0,0,0.0002,0.0025,0.1082,0.0644,0.0065,0.0000,0.0045,9.1862,0.0557,0.0000,0.0000,0.0000,2.0705,0.0212,0.0005,0.1450,0.3390,0.0140,0.0000,45.8757,0.0008
1111,22.7039,0.0000,22.9834,9.2399,,true,0,0.008333,0.0000,0.0000,1.00,0.00,0.0000,22,1,136,347,8,4000,3200,0,9,15,8,0,40340,2961,181,40,1004654592,0.000000,0.000000,0.000000,0.00,1,0,7,8,18,18,16,25,23,20,0,0,0,0,0,0,0,0,0.0009,0.0028,0.0879,0.1316,0.0086,0.0000,0.0086,9.2399,0.0439,0.0000,0.0000,0.0000,2.0184,0.0292,0.0007,0.1332,0.3236,0.0207,0.0000,42.8381,0.0007
1112,22.7278,0.0000,23.8551,9.0199,,true,0,0.008333,0.0000,0.0000,1.00,0.00,0.0000,22,1,142,347,8,4500,3200,0,9,15,8,0,40482,2969,173,40,1004654592,0.000000,0.000000,0.000000,0.00,1,0,7,8,18,18,16,24,26,24,0,0,0,0,0,0,0,0,0.0003,0.0027,0.0719,0.0543,0.0076,0.0000,0.0067,9.0199,0.0558,0.0000,0.0000,0.0000,1.9742,0.0378,0.0009,0.1008,0.2875,0.0191,0.0000,43.7736,0.0008
1113,22.7502,0.0000,24.6149,7.1115,,true,0,0.008333,0.0000,0.0000,1.00,0.00,0.0000,22,1,142,347,8,5000,3200,0,9,15,8,0,40482,2977,165,40,1004654592,0.000000,0.000000,0.000000,0.00,1,0,7,8,18,18,16,24,26,24,0,0,0,0,0,0,0,0,0.0005,0.0023,0.0825,0.0603,0.0075,0.0000,0.0090,7.1115,0.0320,0.0000,0.0000,0.0000,1.8782,0.0361,0.0006,0.1270,0.2745,0.0167,0.0000,43.3443,0.0009
1114,22.7748,0.0000,23.7245,7.9407,,true,0,0.008333,0.0000,0.0000,1.00,0.00,0.0000,22,1,142,347,8,5500,3200,0,9,15,8,0,40482,2985,157,40,1004654592,0.000000,0.000000,0.000000,0.00,1,0,7,8,18,18,16,24,26,24,0,0,0,0,0,0,0,0,0.0005,0.0016,0.0525,0.0504,0.0077,0.0000,0.0061,7.9407,0.0277,0.0000,0.0000,0.0000,1.7791,0.0320,0.0006,0.1137,0.2583,0.0159,0.0000,45.3706,0.0007
1115,22.7986,0.0000,23.1962,8.3285,,true,0,0.008333,0.0000,0.0000,1.00,0.00,0.0000,22,1,142,347,8,6000,3200,0,9,15,8,0,40482,2993,149,40,1004654592,0.000000,0.000000,0.000000,0.00,1,0,7,8,18,18,16,24,26,24,0,0,0,0,0,0,0,0,0.0006,0.0022,0.0517,0.0669,0.0112,0.0000,0.0061,8.3285,0.0240,0.0000,0.0000,0.0000,1.2874,0.0278,0.0011,0.1187,0.1945,0.0359,0.0000,51.0718,0.0007
1116,22.8206,0.0000,22.5210,8.0084,,true,0,0.008333,0.0000,0.0000,1.00,0.00,0.0000,22,1,142,347,8,6500,3200,0,9,15,8,0,40482,3001,141,40,1004658688,0.000000,0.000000,0.000000,0.00,1,0,7,8,18,18,16,24,26,24,0,0,0,0,0,0,0,0,0.0002,0.0016,0.0793,0.0472,0.0041,0.0000,0.0058,8.0084,0.0324,0.0000,0.0000,0.0000,1.2480,0.0221,0.0007,0.1044,0.2306,0.0126,0.0000,49.0099,0.0007
1117,22.8452,0.0000,24.9710,7.7628,,true,0,0.008333,0.0000,0.0000,1.00,0.00,0.0000,22,1,142,347,8,7000,3200,0,9,15,8,0,40482,3009,133,40,1004658688,0.000000,0.000000,0.000000,0.00,1,0,7,8,18,18,16,24,26,24,0,0,0,0,0,0,0,0,0.0004,0.0017,0.0632,0.0452,0.0058,0.0000,0.0053,7.7628,0.0280,0.0000,0.0000,0.0000,1.2271,0.0217,0.0001,0.1140,0.2129,0.0131,0.0000,49.6236,0.0002
1118,22.8702,0.0000,22.9594,9.7018,,true,0,0.008333,0.0000,0.0000,1.00,0.00,0.0000,22,1,142,347,8,7500,3200,0,9,15,8,0,40482,3017,125,40,1004658688,0.000000,0.000000,0.000000,0.00,1,0,7,8,18,18,16,24,26,24,0,0,0,0,0,0,0,0,0.0003,0.0015,0.0726,0.0572,0.0075,0.0000,0.0064,9.7018,0.0443,0.0000,0.0000,0.0000,1.7547,0.0359,0.0004,0.1594,0.3054,0.0180,0.0000,52.0295,0.0005
1119,22.8942,0.0000,24.6681,8.9340,,true,0,0.008333,0.0000,0.0000,1.00,0.00,0.0000,22,1,142,347,8,8000,3200,0,9,15,8,0,40482,3025,117,40,1004658688,0.000000,0.000000,0.000000,0.00,1,0,7,8,18,18,16,24,26,24,0,0,0,0,0,0,0,0,0.0002,0.0014,0.1074,0.0524,0.0056,0.0000,0.0066,8.9340,0.0399,0.0000,0.0000,0.0000,1.0904,0.0184,0.0003,0.0851,0.1903,0.0147,0.0000,49.6308,0.0006
1120,22.9161,0.0000,23.5433,7.4401,,true,0,0.008333,0.0000,0.0000,1.00,0.00,0.0000,22,1,142,347,8,8500,3200,0,9,15,8,0,40482,3033,109,40,1004781568,0.000000,0.000000,0.000000,0.00,1,0,7,8,18,18,16,24,26,24,0,0,0,0,0,0,0,0,0.0002,0.0012,0.0664,0.0404,0.0054,0.0000,0.0044,7.4401,0.0328,0.0000,0.0000,0.0000,1.5021,0.0287,0.0003,0.1011,0.2690,0.0119,0.0000,48.7830,0.0006
1121,22.9425,0.0000,22.9030,10.7418,,true,0,0.008333,0.0000,0.0000,1.00,0.00,0.0000,22,1,142,347,8,9000,3200,0,9,15,8,0,40482,3041,101,40,1004781568,0.000000,0.000000,0.000000,0.00,1,0,7,8,18,18,16,24,26,24,0,0,0,0,0,0,0,0,0.0004,0.0026,0.0978,0.0848,0.0065,0.0000,0.0096,10.7418,0.0539,0.0000,0.0000,0.0000,1.6584,0.0254,0.0007,0.1574,0.3008,0.0376,0.0000,45.9097,0.0007
1122,22.9669,0.0000,25.5577,9.6092,,true,0,0.008333,0.0000,0.0000,1.00,0.00,0.0000,22,1,142,347,8,9500,3200,0,9,15,8,0,40482,3049,93,40,1004781568,0.000000,0.000000,0.000000,0.00,1,0,7,8,18,18,16,24,26,24,0,0,0,0,0,0,0,0,0.0003,0.0008,0.0934,0.0577,0.0085,0.0000,0.0056,9.6092,0.0487,0.0000,0.0000,0.0000,1.4421,0.0232,0.0004,0.1336,0.3001,0.0151,0.0000,51.6368,0.0017
1123,22.9912,0.0000,24.6030,9.4162,,true,0,0.008333,0.0000,0.0000,1.00,0.00,0.0000,22,1,142,347,8,10000,3200,0,9,15,8,0,40482,3057,85,40,1004781568,0.000000,0.000000,0.000000,0.00,1,0,7,8,18,18,16,24,26,24,0,0,0,0,0,0,0,0,0.0004,0.0033,0.0811,0.0507,0.0060,0.0000,0.0057,9.4162,0.0470,0.0000,0.0000,0.0000,1.4666,0.0367,0.0007,0.1571,0.2895,0.0182,0.0000,49.1739,0.0011
1124,23.0168,0.0000,23.6070,11.5119,,true,0,0.008333,0.0000,0.0000,1.00,0.00,0.0000,22,1,142,347,8,10500,3200,0,9,15,8,0,40482,3065,77,40,1004781568,0.000000,0.000000,0.000000,0.00,1,0,7,8,18,18,16,24,26,24,0,0,0,0,0,0,0,0,0.0002,0.0016,0.0479,0.0512,0.0060,0.0000,0.0072,11.5119,0.0111,0.0000,0.0000,0.0000,1.4509,0.0239,0.0005,0.1637,0.3185,0.0135,0.0000,45.5890,0.0004
1125,23.0414,0.0000,27.6986,8.2661,,true,0,0.008333,0.0000,0.0000,1.00,0.00,0.0000,22,1,142,347,8,11000,3200,0,9,15,8,0,40482,3073,69,40,1004781568,0.000000,0.000000,0.000000,0.00,1,0,7,8,18,18,16,24,26,24,0,0,0,0,0,0,0,0,0.0007,0.0025,0.1030,0.0506,0.0068,0.0000,0.0129,8.2661,0.0542,0.0000,0.0000,0.0000,1.6754,0.0258,0.0005,0.1852,0.3716,0.0173,0.0000,44.8367,0.0008
1126,23.0639,0.0000,22.4978,8.3958,,true,0,0.008333,0.0000,0.0000,1.00,0.00,0.0000,22,1,142,347,8,11500,3200,0,9,15,8,0,40482,3081,61,40,1004785664,0.000000,0.000000,0.000000,0.00,1,0,7,8,18,18,16,24,26,24,0,0,0,0,0,0,0,0,0.0002,0.0017,0.0863,0.0508,0.0057,0.0000,0.0082,8.3958,0.0551,0.0000,0.0000,0.0000,1.2201,0.0316,0.0005,0.1443,0.2632,0.0153,0.0000,42.6567,0.0008
1127,23.0872,0.0000,23.7634,7.7919,,true,0,0.008333,0.0000,0.0000,1.00,0.00,0.0000,22,1,142,347,8,12000,3200,0,9,15,8,0,40482,3089,53,40,1004785664,0.000000,0.000000,0.000000,0.00,1,0,7,8,18,18,16,24,26,24,0,0,0,0,0,0,0,0,0.0004,0.0017,0.0501,0.0550,0.0061,0.0000,0.0044,7.7919,0.0200,0.0000,0.0000,0.0000,0.9870,0.0278,0.0007,0.1375,0.2191,0.0123,0.0000,43.0645,0.0008
1128,23.1086,0.0000,22.9108,6.3527,,true,0,0.008333,0.0000,0.0000,1.00,0.00,0.0000,22,1,142,347,8,12500,3200,0,9,15,8,0,40482,3097,45,40,1004785664,0.000000,0.000000,0.000000,0.00,1,0,7,8,18,18,16,24,26,24,0,0,0,0,0,0,0,0,0.0006,0.0018,0.0539,0.0545,0.0059,0.0000,0.0061,6.3527,0.0374,0.0000,0.0000,0.0000,0.9668,0.0186,0.0003,0.0895,0.2569,0.0205,0.0000,44.7720,0.0003
1129,23.1321,0.0000,21.9329,7.9121,,true,0,0.008333,0.0000,0.0000,1.00,0.00,0.0000,22,1,142,347,8,13000,3200,0,9,15,8,0,40482,3105,37,40,1004785664,0.000000,0.000000,0.000000,0.00,1,0,7,8,18,18,16,24,26,24,0,0,0,0,0,0,0,0,0.0004,0.0017,0.0482,0.0414,0.0062,0.0000,0.0052,7.9121,0.0252,0.0000,0.0000,0.0000,1.0242,0.0222,0.0005,0.1117,0.2939,0.0141,0.0000,44.4376,0.0007
1130,23.1537,0.0000,23.5840,5.9266,,true,0,0.008333,0.0000,0.0000,1.00,0.00,0.0000,22,1,142,347,8,13500,3200,0,9,15,8,0,40482,3113,29,40,1004785664,0.000000,0.000000,0.000000,0.00,1,0,7,8,18,18,16,24,26,24,0,0,0,0,0,0,0,0,0.0004,0.0021,0.0496,0.0365,0.0046,0.0000,0.0066,5.9266,0.0128,0.0000,0.0000,0.0000,0.9886,0.0124,0.0001,0.1204,0.4447,0.0113,0.0000,44.8348,0.0002
1131,23.1803,0.0000,23.8318,8.5531,,true,0,0.008333,0.0000,0.0000,1.00,0.00,0.0000,22,1,142,347,8,14000,3200,0,9,15,8,0,40482,3121,21,40,1004785664,0.000000,0.000000,0.000000,0.00,1,0,7,8,18,18,16,24,26,24,0,0,0,0,0,0,0,0,0.0003,0.0014,0.0729,0.0551,0.0068,0.0000,0.0052,8.5531,0.0348,0.0000,0.0000,0.0000,0.9902,0.0465,0.0007,0.1518,0.2836,0.0117,0.0000,44.9927,0.0005
1132,23.2035,0.0000,23.8045,8.1270,,true,0,0.008333,0.0000,0.0000,1.00,0.00,0.0000,22,1,142,347,8,14500,3200,0,9,15,8,0,40482,3129,13,40,1004785664,0.000000,0.000000,0.000000,0.00,1,0,7,8,18,18,16,24,26,24,0,0,0,0,0,0,0,0,0.0005,0.0036,0.0696,0.0590,0.0058,0.0000,0.0117,8.1270,0.0395,0.0000,0.0000,0.0000,0.8909,0.0200,0.0000,0.1366,0.2863,0.0097,0.0000,43.6122,0.0005
1133,23.2266,0.0000,22.3399,8.8981,,true,0,0.008333,0.0000,0.0000,1.00,0.00,0.0000,22,1,142,347,5,15000,3200,0,9,15,8,0,40482,3134,5,25,1004785664,0.000000,0.000000,0.000000,0.00,1,0,7,8,18,18,16,24,26,24,0,0,0,0,0,0,0,0,0.0002,0.0022,0.0728,0.0672,0.0062,0.0000,0.0041,8.8981,0.0386,0.0000,0.0000,0.0000,0.8663,0.0345,0.0009,0.1468,0.2618,0.0159,0.0000,44.4442,0.0005
1134,23.2494,0.0000,24.5525,7.0668,,true,0,0.008333,0.0000,0.0000,1.00,0.00,0.0000,22,1,325,347,0,15500,3200,0,15,15,5,0,40807,3134,0,0,1004785664,0.000000,0.000000,0.000000,0.00,1,0,7,8,18,18,16,23,26,34,16,20,33,46,55,4,0,0,0.0002,0.0015,0.0659,0.0472,0.0055,0.0000,0.0046,7.0668,0.0536,0.0000,0.0000,0.0000,1.0735,0.0372,0.0003,0.2040,0.4767,0.0146,0.0000,27.7559,0.0008
1135,23.2777,0.0000,24.0901,11.3018,,true,0,0.008333,0.0000,0.0000,1.00,0.00,0.0000,22,1,3,103,8,16000,3200,0,0,7,0,0,40810,3142,100,40,1004789760,0.000000,0.000000,0.000000,0.00,3,0,0,0,0,0,0,0,0,0,0,0,0,0,0,0,0,0,0.0003,0.0021,0.0932,0.0551,0.0077,0.0000,0.0063,11.3018,0.0337,0.0000,0.0000,0.0000,2.7944,0.0009,0.3465,0.0905,0.1721,0.0037,0.0000,0.0000,1.1441
1136,23.3008,0.0000,25.4394,8.9279,,true,0,0.008333,0.0000,0.0000,1.00,0.00,0.0000,22,1,8,103,8,15500,3200,0,5,7,8,0,40818,3150,92,40,1004789760,0.000000,0.000000,0.000000,0.00,4,1,0,0,0,3,0,0,0,0,0,0,0,0,0,0,0,0,0.0005,0.0018,0.0554,0.0453,0.0066,0.0000,0.0052,8.9279,0.0231,0.0000,0.0000,0.0000,0.8963,0.0194,0.2158,0.0380,0.0179,0.0115,0.0000,42.7829,0.0005
1137,23.3383,0.0000,37.6499,8.7848,,true,0,0.008333,0.0000,0.0000,1.00,0.00,0.0000,22,1,14,103,8,15000,3200,0,5,7,8,0,40832,3158,84,40,1004789760,0.000000,0.000000,0.000000,0.00,4,1,0,0,0,9,0,0,0,0,0,0,0,0,0,0,0,0,0.0002,0.0020,0.0797,0.1274,0.0062,0.0000,0.0123,8.7848,0.0576,0.0000,0.0000,0.0000,1.3447,0.0396,0.3007,0.1100,0.0573,0.0096,0.0000,37.4744,0.0004
1138,23.3640,0.0000,25.9679,8.5628,,true,0,0.008333,0.0000,0.0000,1.00,0.00,0.0000,22,1,20,103,8,14500,3200,0,5,7,8,0,40852,3166,76,40,1004789760,0.000000,0.000000,0.000000,0.00,4,1,0,0,0,15,0,0,0,0,0,0,0,0,0,0,0,0,0.0002,0.0014,0.0668,0.0554,0.0064,0.0000,0.0052,8.5628,0.0238,0.0000,0.0000,0.0000,1.0225,0.0308,0.2378,0.0931,0.0586,0.0160,0.0000,42.6239,0.0007
1139,23.4053,0.0000,39.0208,10.6415,,true,0,0.008333,0.0000,0.0000,1.00,0.00,0.0000,22,1,24,103,8,14000,3200,0,6,7,8,0,40876,3174,68,40,1004793856,0.000000,0.000000,0.000000,0.00,4,1,0,0,0,15,4,0,0,0,0,0,0,0,0,0,0,0,0.0003,0.0029,0.0763,0.0603,0.0068,0.0000,0.0087,10.6415,0.0608,0.0000,0.0000,0.0000,1.3355,0.0552,0.3253,0.1142,0.0709,0.0316,0.0000,43.3761,0.0007
1140,23.4277,0.0000,24.0789,9.0084,,true,0,0.008333,0.0000,0.0000,1.00,0.00,0.0000,22,1,30,103,8,13500,3200,0,6,7,8,0,40906,3182,60,40,1004797952,0.000000,0.000000,0.000000,0.00,4,1,0,0,0,15,10,0,0,0,0,0,0,0,0,0,0,0,0.0007,0.0022,0.0652,0.0535,0.0073,0.0000,0.0104,9.0084,0.0185,0.0000,0.0000,0.0000,0.6932,0.0248,0.1949,0.0470,0.0399,0.0105,0.0000,44.0678,0.0006
1141,23.4634,0.0000,36.2031,8.5255,,true,0,0.008333,0.0000,0.0000,1.00,0.00,0.0000,22,1,36,103,8,13000,3200,0,6,7,8,0,40942,3190,52,40,1004797952,0.000000,0.000000,0.000000,0.00,4,1,0,0,0,15,16,0,0,0,0,0,0,0,0,0,0,0,0.0003,0.0017,0.1073,0.0681,0.0088,0.0000,0.0055,8.5255,0.0446,0.0000,0.0000,0.0000,1.1435,0.0472,0.2468,0.1260,0.0904,0.0264,0.0000,42.1980,0.0006
1142,23.4873,0.0000,24.2036,8.1749,,true,0,0.008333,0.0000,0.0000,1.00,0.00,0.0000,22,1,42,103,8,12500,3200,0,6,7,8,0,40984,3198,44,40,1004797952,0.000000,0.000000,0.000000,0.00,4,1,0,0,0,15,22,0,0,0,0,0,0,0,0,0,0,0,0.0005,0.0015,0.0710,0.0538,0.0054,0.0000,0.0086,8.1749,0.0389,0.0000,0.0000,0.0000,1.0873,0.0247,0.3234,0.1136,0.0992,0.0234,0.0000,46.2326,0.0007
1143,23.5119,0.0000,23.9268,8.7875,,true,0,0.008333,0.0000,0.0000,1.00,0.00,0.0000,22,1,48,103,8,12000,3200,0,6,7,8,0,41032,3206,36,40,1004802048,0.000000,0.000000,0.000000,0.00,4,1,0,0,0,15,28,0,0,0,0,0,0,0,0,0,0,0,0.0002,0.0014,0.0583,0.0565,0.0065,0.0000,0.0046,8.7875,0.0324,0.0000,0.0000,0.0000,0.8500,0.0229,0.2718,0.0710,0.0885,0.0099,0.0000,49.0793,0.0006
1144,23.5312,0.0000,22.0244,6.3199,,true,0,0.008333,0.0000,0.0000,1.00,0.00,0.0000,22,1,55,103,8,11500,3200,0,7,7,8,0,41087,3214,28,40,1004900352,0.000000,0.000000,0.000000,0.00,4,1,0,0,0,15,28,7,0,0,0,0,0,0,0,0,0,0,0.0002,0.0017,0.0425,0.0392,0.0040,0.0000,0.0066,6.3199,0.0340,0.0000,0.0000,0.0000,0.6340,0.0271,0.2125,0.0658,0.0566,0.0232,0.0000,45.7461,0.0005
1145,23.5697,0.0000,35.9140,8.7934,,true,0,0.008333,0.0000,0.0000,1.00,0.00,0.0000,22,1,79,103,8,11000,3200,0,7,7,8,0,41166,3222,20,40,1004908544,0.000000,0.000000,0.000000,0.00,4,0,0,0,0,20,39,16,0,0,0,0,0,0,0,0,0,0,0.0006,0.0031,0.1090,0.0459,0.0051,0.0000,0.0071,8.7934,0.0386,0.0000,0.0000,0.0000,0.6265,0.0196,0.1922,0.0561,0.0706,0.0099,0.0000,50.5789,0.0006
1146,23.5913,0.0000,24.1306,6.1856,,true,0,0.008333,0.0000,0.0000,1.00,0.00,0.0000,22,1,87,103,8,10500,3200,0,7,7,8,0,41253,3230,12,40,1004912640,0.000000,0.000000,0.000000,0.00,4,0,0,0,0,20,39,24,0,0,0,0,0,0,0,0,0,0,0.0001,0.0015,0.0466,0.0561,0.0054,0.0000,0.0099,6.1856,0.0230,0.0000,0.0000,0.0000,0.6635,0.0182,0.2397,0.0675,0.0994,0.0103,0.0000,44.5920,0.0007
1147,23.6303,0.0000,36.6158,8.4792,,true,0,0.008333,0.0000,0.0000,1.00,0.00,0.0000,22,1,95,103,4,10000,3200,0,7,7,8,0,41348,3234,4,20,1004916736,0.000000,0.000000,0.000000,0.00,4,0,0,0,0,20,39,32,0,0,0,0,0,0,0,0,0,0,0.0004,0.0072,0.0520,0.0628,0.0064,0.0000,0.0055,8.4792,0.0332,0.0000,0.0000,0.0000,0.5772,0.0335,0.1840,0.0727,0.0965,0.0141,0.0000,41.2439,0.0004
1148,23.6545,0.0000,23.9962,8.6069,,true,0,0.008333,0.0000,0.0000,1.00,0.00,0.0000,22,1,99,103,0,9500,3200,0,7,7,4,0,41447,3234,0,0,1004916736,0.000000,0.000000,0.000000,0.00,4,0,0,0,0,20,39,36,0,0,0,0,0,0,0,0,0,0,0.0006,0.0013,0.1030,0.0316,0.0013,0.0000,0.0060,8.6069,0.0545,0.0000,0.0000,0.0000,0.8671,0.0188,0.2971,0.1311,0.1904,0.0133,0.0000,20.3224,0.0005
1149,23.6889,0.0000,36.0232,7.1600,,true,0,0.008333,0.0000,0.0000,1.00,0.00,0.0000,22,1,99,103,0,9000,3200,0,7,7,0,0,41447,3234,0,0,1004916736,0.000000,0.000000,0.000000,0.00,4,0,0,0,0,20,39,36,0,0,0,0,0,0,0,0,0,0,0.0003,0.0023,0.0800,0.0529,0.0073,0.0000,0.0068,7.1600,0.0443,0.0000,0.0000,0.0000,0.5517,0.0003,0.3067,0.0796,0.0008,0.0007,0.0000,0.0000,0.0005
1150,23.7125,0.0000,23.2763,7.5290,,true,0,0.008333,0.0000,0.0000,1.00,0.00,0.0000,22,1,99,103,0,8500,3200,0,7,7,0,0,41447,3234,0,0,1004916736,0.000000,0.000000,0.000000,0.00,4,0,0,0,0,20,39,36,0,0,0,0,0,0,0,0,0,0,0.0003,0.0020,0.0779,0.0460,0.0057,0.0000,0.0116,7.5290,0.0663,0.0000,0.0000,0.0000,0.6239,0.0003,0.3108,0.1278,0.0023,0.0006,0.0000,0.0000,0.0003
1151,23.7469,0.0000,35.0220,6.9144,,true,0,0.008333,0.0000,0.0000,1.00,0.00,0.0000,22,1,99,103,0,8000,3200,0,7,7,0,0,41447,3234,0,0,1004916736,0.000000,0.000000,0.000000,0.00,4,0,0,0,0,20,39,36,0,0,0,0,0,0,0,0,0,0,0.0006,0.0012,0.0539,0.0524,0.0056,0.0000,0.0064,6.9144,0.0236,0.0000,0.0000,0.0000,0.5071,0.0004,0.2722,0.0811,0.0012,0.0009,0.0000,0.0000,0.0009
1152,23.7689,0.0000,21.8935,7.2173,,true,0,0.008333,0.0000,0.0000,1.00,0.00,0.0000,22,1,99,103,0,7500,3200,0,7,7,0,0,41447,3234,0,0,1004916736,0.000000,0.000000,0.000000,0.00,4,0,0,0,0,20,39,36,0,0,0,0,0,0,0,0,0,0,0.0006,0.0022,0.0341,0.0543,0.0063,0.0000,0.0073,7.2173,0.0158,0.0000,0.0000,0.0000,0.3870,0.0005,0.1900,0.0725,0.0017,0.0013,0.0000,0.0000,0.0003
1153,23.7907,0.0000,22.1178,6.9100,,true,0,0.008333,0.0000,0.0000,1.00,0.00,0.0000,22,1,99,103,0,7000,3200,0,7,7,0,0,41447,3234,0,0,1004916736,0.000000,0.000000,0.000000,0.00,4,0,0,0,0,20,39,36,0,0,0,0,0,0,0,0,0,0,0.0004,0.0018,0.0884,0.0551,0.0249,0.0000,0.0057,6.9100,0.0240,0.0000,0.0000,0.0000,0.3908,0.0008,0.1773,0.0714,0.0014,0.0008,0.0000,0.0000,0.0006
1154,23.8165,0.0000,23.8883,8.6776,,true,0,0.008333,0.0000,0.0000,1.00,0.00,0.0000,22,1,99,103,0,6500,3200,0,7,7,0,0,41447,3234,0,0,1004920832,0.000000,0.000000,0.000000,0.00,4,0,0,0,0,20,39,36,0,0,0,0,0,0,0,0,0,0,0.0006,0.0024,0.0786,0.0535,0.0076,0.0000,0.0150,8.6776,0.0339,0.0000,0.0000,0.0000,0.4824,0.0007,0.2428,0.0989,0.0017,0.0009,0.0000,0.0000,0.0006
1155,23.8382,0.0000,23.1125,7.4543,,true,0,0.008333,0.0000,0.0000,1.00,0.00,0.0000,22,1,99,103,0,6000,3200,0,7,7,0,0,41447,3234,0,0,1004920832,0.000000,0.000000,0.000000,0.00,4,0,0,0,0,20,39,36,0,0,0,0,0,0,0,0,0,0,0.0002,0.0011,0.0536,0.0532,0.0055,0.0000,0.0060,7.4543,0.0218,0.0000,0.0000,0.0000,0.5326,0.0005,0.2911,0.0848,0.0009,0.0004,0.0000,0.0000,0.0006
1156,23.8613,0.0000,22.8502,7.6248,,true,0,0.008333,0.0000,0.0000,1.00,0.00,0.0000,22,1,99,103,0,5500,3200,0,7,7,0,0,41447,3234,0,0,1004920832,0.000000,0.000000,0.000000,0.00,4,0,0,0,0,20,39,36,0,0,0,0,0,0,0,0,0,0,0.0003,0.0010,0.0450,0.0504,0.0055,0.0000,0.0044,7.6248,0.0158,0.0000,0.0000,0.0000,0.4804,0.0005,0.2348,0.1034,0.0012,0.0007,0.0000,0.0000,0.0005
1157,23.8860,0.0000,24.1107,8.1746,,true,0,0.008333,0.0000,0.0000,1.00,0.00,0.0000,22,1,99,103,0,5000,3200,0,7,7,0,0,41447,3234,0,0,1004920832,0.000000,0.000000,0.000000,0.00,4,0,0,0,0,20,39,36,0,0,0,0,0,0,0,0,0,0,0.0002,0.0015,0.0397,0.0569,0.0066,0.0000,0.0059,8.1746,0.0165,0.0000,0.0000,0.0000,0.3987,0.0003,0.1916,0.0698,0.0011,0.0005,0.0000,0.0000,0.0005
1158,23.9087,0.0000,22.8450,8.2081,,true,0,0.008333,0.0000,0.0000,1.00,0.00,0.0000,22,1,99,103,0,4500,3200,0,7,7,0,0,41447,3234,0,0,1004920832,0.000000,0.000000,0.000000,0.00,4,0,0,0,0,20,39,36,0,0,0,0,0,0,0,0,0,0,0.0002,0.0013,0.0762,0.0493,0.0073,0.0000,0.0049,8.2081,0.0418,0.0000,0.0000,0.0000,0.5524,0.0005,0.2849,0.0978,0.0012,0.0004,0.0000,0.0000,0.0009
1159,23.9311,0.0000,22.6091,7.7471,,true,0,0.008333,0.0000,0.0000,1.00,0.00,0.0000,22,1,99,103,0,4000,3200,0,7,7,0,0,41447,3234,0,0,1004920832,0.000000,0.000000,0.000000,0.00,4,0,0,0,0,20,39,36,0,0,0,0,0,0,0,0,0,0,0.0012,0.0021,0.0733,0.0515,0.0064,0.0000,0.0064,7.7471,0.0592,0.0000,0.0000,0.0000,0.5381,0.0008,0.2340,0.1514,0.0026,0.0009,0.0000,0.0000,0.0004
1160,23.9529,0.0000,23.0151,6.5648,,true,0,0.008333,0.0000,0.0000,1.00,0.00,0.0000,22,1,99,103,0,3500,3200,0,7,7,0,0,41447,3234,0,0,1004920832,0.000000,0.000000,0.000000,0.00,4,0,0,0,0,20,39,36,0,0,0,0,0,0,0,0,0,0,0.0005,0.0017,0.0459,0.0595,0.0065,0.0000,0.0047,6.5648,0.0205,0.0000,0.0000,0.0000,0.4862,0.0004,0.2558,0.0726,0.0010,0.0008,0.0000,0.0000,0.0004
1161,23.9769,0.0000,22.5254,8.0147,,true,0,0.008333,0.0000,0.0000,1.00,0.00,0.0000,22,1,99,103,0,3000,3100,0,7,7,0,0,41447,3234,0,0,1004920832,0.000000,0.000000,0.000000,0.00,4,0,0,0,0,20,39,36,0,0,0,0,0,0,0,0,0,0,0.0003,0.0019,0.0736,0.0492,0.0056,0.0000,0.0054,8.0147,0.0391,0.0000,0.0000,0.0000,0.4464,0.0005,0.1941,0.0909,0.0013,0.0005,0.0000,0.0000,0.0006
1162,23.9973,0.0000,23.4803,5.0143,,true,0,0.008333,0.0000,0.0000,1.00,0.00,0.0000,22,1,99,103,0,2500,2600,0,7,7,0,0,41447,3234,0,0,1004920832,0.000000,0.000000,0.000000,0.00,4,0,0,0,0,20,39,36,0,0,0,0,0,0,0,0,0,0,0.0003,0.0018,0.0308,0.0476,0.0053,0.0000,0.0513,5.0143,0.0191,0.0000,0.0000,0.0000,0.3563,0.0005,0.1755,0.0629,0.0013,0.0006,0.0000,0.0000,0.0006
1163,24.0020,0.0000,5.6759,3.7514,,true,0,0.008333,0.0000,0.0000,1.00,0.00,0.0000,22,1,99,103,0,2000,2100,0,7,7,0,0,41447,3234,0,0,1004924928,0.000000,0.000000,0.000000,0.00,4,0,0,0,0,20,39,36,0,0,0,0,0,0,0,0,0,0,0.0002,0.0010,0.0526,0.0251,0.0014,0.0000,0.0041,3.7514,0.0087,0.0000,0.0000,0.0000,0.3317,0.0001,0.1965,0.0418,0.0003,0.0003,0.0000,0.0000,0.0002
1164,24.0062,0.0000,5.0028,3.5195,,true,0,0.008333,0.0000,0.0000,1.00,0.00,0.0000,22,1,99,103,0,1500,1600,0,7,7,0,0,41447,3234,0,0,1004924928,0.000000,0.000000,0.000000,0.00,4,0,0,0,0,20,39,36,0,0,0,0,0,0,0,0,0,0,0.0003,0.0010,0.0396,0.0187,0.0020,0.0000,0.0032,3.5195,0.0086,0.0000,0.0000,0.0000,0.3694,0.0002,0.2088,0.0565,0.0005,0.0004,0.0000,0.0000,0.0002
1165,24.0278,0.0000,13.6720,11.6409,,true,0,0.008333,0.0000,0.0000,1.00,0.00,0.0000,22,1,99,365,8,1125,1225,0,7,17,0,0,41447,3242,266,40,1004924928,0.000000,0.000000,0.000000,0.00,4,0,0,0,0,20,39,36,0,0,0,0,0,0,0,0,0,0,0.0002,0.0010,0.0604,0.0463,0.0057,0.0000,0.0072,11.6409,0.0169,0.0000,0.0000,0.0000,5.3364,0.0007,0.3049,0.0715,0.1026,0.0007,0.0000,0.0000,3.2678
1166,24.0351,0.0000,12.9186,5.9419,,true,0,0.008333,0.0000,0.0000,1.00,0.00,0.0000,22,1,99,365,8,844,944,0,7,17,4,0,41447,3246,262,40,1004929024,0.000000,0.000000,0.000000,0.00,4,0,0,0,0,20,39,36,0,0,0,0,0,0,0,0,0,0,0.0002,0.0007,0.0322,0.0289,0.0020,0.0000,0.0028,5.9419,0.0109,0.0000,0.0000,0.0000,2.1683,0.0087,0.3555,0.0395,0.0922,0.0062,0.0000,23.4964,0.0003
1167,24.0670,0.0000,30.3435,7.3187,,true,0,0.008333,0.0000,0.0000,1.00,0.00,0.0000,22,1,99,365,8,633,733,0,7,17,8,0,41447,3254,254,40,1004933120,0.000000,0.000000,0.000000,0.00,4,0,0,0,0,20,39,36,0,0,0,0,0,0,0,0,0,0,0.0006,0.0014,0.0532,0.0309,0.0066,0.0000,0.0050,7.3187,0.0338,0.0000,0.0000,0.0000,1.9065,0.0344,0.2560,0.1156,0.1503,0.0143,0.0000,35.2928,0.0003
1168,24.1137,0.0000,43.2857,10.2303,,true,0,0.008333,0.0000,0.0000,1.00,0.00,0.0000,22,1,99,365,8,475,575,0,7,17,8,0,41447,3262,246,40,1004937216,0.000000,0.000000,0.000000,0.00,4,0,0,0,0,20,39,36,0,0,0,0,0,0,0,0,0,0,0.0006,0.0010,0.0580,0.0573,0.0068,0.0000,0.0090,10.2303,0.0378,0.0000,0.0000,0.0000,2.4797,0.0583,0.3777,0.1074,0.2094,0.0238,0.0000,47.5982,0.0008
1169,24.1425,0.0000,28.3991,10.6468,,true,0,0.008333,0.0000,0.0000,1.00,0.00,0.0000,22,1,99,365,8,356,456,0,7,17,8,0,41447,3270,238,40,1004941312,0.000000,0.000000,0.000000,0.00,4,0,0,0,0,20,39,36,0,0,0,0,0,0,0,0,0,0,0.0003,0.0012,0.0663,0.0560,0.0065,0.0000,0.0059,10.6468,0.0351,0.0000,0.0000,0.0000,2.6802,0.0486,0.3585,0.1613,0.2558,0.0396,0.0000,40.1495,0.0003
1170,24.1692,0.0000,26.8622,10.4660,,true,0,0.008333,0.0000,0.0000,1.00,0.00,0.0000,22,1,99,365,8,267,367,0,7,17,8,0,41447,3278,230,40,1004949504,0.000000,0.000000,0.000000,0.00,4,0,0,0,0,20,39,36,0,0,0,0,0,0,0,0,0,0,0.0004,0.0020,0.0446,0.0663,0.0154,0.0000,0.0208,10.4660,0.0279,0.0000,0.0000,0.0000,2.6421,0.0542,0.4030,0.1887,0.2358,0.0251,0.0000,38.4499,0.0007
1171,24.2135,0.0417,43.8377,10.8727,,true,5,0.008333,0.4218,0.0417,1.00,0.95,2.1711,22,1,99,365,8,767,867,0,7,17,8,0,41447,3286,222,40,1004953600,0.000000,0.000000,0.000000,0.00,4,0,0,0,0,20,39,36,0,0,0,0,0,0,0,0,0,0,0.0017,0.0061,0.0478,0.0905,0.0127,0.4330,0.0124,10.8727,0.0244,0.4218,3.7732,0.0000,2.6267,0.0484,0.4508,0.0861,0.1810,0.0306,0.0000,40.4538,0.0009
1172,24.2427,0.0667,27.2017,12.3301,,true,3,0.008333,0.2840,0.0250,1.00,0.92,4.3727,22,1,99,365,8,1267,1367,0,7,17,8,0,41447,3294,214,40,1005993984,0.000000,0.000000,0.000000,0.00,4,0,0,0,0,20,39,36,0,0,0,0,0,0,0,0,0,0,0.0002,0.0017,0.0702,0.0515,0.0079,0.2845,0.0054,12.3301,0.0311,0.2840,0.0000,0.0000,2.4451,0.0147,0.3667,0.1934,0.2912,0.0063,0.0000,38.7294,0.0003
1173,24.2870,0.1083,45.6198,11.4272,,true,5,0.008333,0.5352,0.0417,1.00,0.91,8.3258,22,1,99,365,8,1767,1867,0,7,17,8,0,41447,3302,206,40,1005993984,0.000000,0.000000,0.000000,0.00,4,0,0,0,0,20,39,36,0,0,0,0,0,0,0,0,0,0,0.0005,0.0021,0.0688,1.4719,0.0163,0.5359,0.0072,11.4272,0.0448,0.5352,0.0000,0.0000,2.3787,0.0460,0.3375,0.1380,0.2709,0.0320,0.0000,39.8424,0.0008
1174,24.3138,0.1417,28.6933,9.5509,,true,4,0.008333,0.4243,0.0333,1.00,1.00,3.6858,22,1,99,365,8,2267,2367,0,7,17,8,0,41447,3310,198,40,1005998080,0.000000,0.000000,0.000000,0.00,4,0,0,0,0,20,39,36,0,0,0,0,0,0,0,0,0,0,0.0002,0.0016,0.0629,0.0740,0.0084,0.4246,0.0052,9.5509,0.0187,0.4243,0.0000,0.0000,2.9690,0.0281,0.3724,0.0549,0.2250,0.0177,0.0000,42.7307,0.0005
1175,24.3568,0.1833,42.5131,10.1284,,true,5,0.008333,0.3921,0.0417,1.00,0.98,4.5322,22,1,99,365,8,2767,2867,0,7,17,8,0,41447,3318,190,40,1006067712,0.000000,0.000000,0.000000,0.00,4,0,0,0,0,20,39,36,0,0,0,0,0,0,0,0,0,0,0.0013,0.0076,0.0545,1.1642,0.0075,0.3936,0.0109,10.1284,0.0160,0.3921,0.0000,0.0000,2.4228,0.0421,0.4325,0.0969,0.2817,0.0151,0.0000,43.0742,0.0006
1176,24.3847,0.2083,28.7594,9.2851,,true,3,0.008333,0.2962,0.0250,1.00,0.87,8.2916,22,1,111,365,8,3267,3200,0,10,17,8,0,41558,3326,182,40,1006071808,0.000000,0.000000,0.000000,0.00,4,0,0,0,0,20,39,35,2,7,4,0,0,0,0,0,0,0,0.0002,0.0014,0.0535,0.1144,0.0056,0.2968,0.0067,9.2851,0.0245,0.2962,0.0000,0.0000,2.3649,0.0484,0.3920,0.0867,0.2413,0.0234,0.0000,43.8468,0.0005
1177,24.4268,0.2500,40.7914,10.5884,,true,5,0.008333,0.5269,0.0417,1.00,1.00,7.4164,22,1,111,365,8,3767,3200,0,10,17,8,0,41558,3334,174,40,1006071808,0.000000,0.000000,0.000000,0.00,4,0,0,0,0,20,39,35,2,7,4,0,0,0,0,0,0,0,0.0010,0.0020,0.0585,1.2778,0.0071,0.5272,0.0070,10.5884,0.0221,0.5269,0.0000,0.0000,1.6283,0.0203,0.2766,0.0955,0.2162,0.0102,0.0000,44.8581,0.0007
1178,24.4572,0.2833,30.4185,9.7520,,true,4,0.008333,0.3076,0.0333,1.00,1.00,4.5015,22,1,111,365,8,4267,3200,0,10,17,8,0,41558,3342,166,40,1007386624,0.000000,0.000000,0.000000,0.00,4,0,0,0,0,20,39,35,2,7,4,0,0,0,0,0,0,0,0.0009,0.0015,0.0828,0.0409,0.0053,0.3082,0.0088,9.7520,0.0447,0.3076,0.0000,0.0000,2.4138,0.0516,0.4325,0.1060,0.2909,0.0261,0.0000,46.1468,0.0003
1179,24.4995,0.3250,42.6611,10.4140,,true,5,0.008333,0.3277,0.0417,1.00,0.98,5.4959,22,1,111,365,8,4767,3200,0,10,17,8,0,41558,3350,158,40,1007386624,0.000000,0.000000,0.000000,0.00,4,0,0,0,0,20,39,35,2,7,4,0,0,0,0,0,0,0,0.0007,0.0036,0.0790,1.1897,0.0053,0.3284,0.0104,10.4140,0.0461,0.3277,0.0000,0.0000,2.4207,0.0395,0.4033,0.1493,0.3352,0.0245,0.0000,43.0461,0.0011
1180,24.5289,0.3583,29.8905,9.9905,,true,4,0.008333,0.3539,0.0333,1.00,1.00,2.0531,22,1,111,365,8,5267,3200,0,10,17,8,0,41558,3358,150,40,1007386624,0.000000,0.000000,0.000000,0.00,4,0,0,0,0,20,39,35,2,7,4,0,0,0,0,0,0,0,0.0004,0.0020,0.0780,0.0898,0.0089,0.3546,0.0121,9.9905,0.0414,0.3539,0.0000,0.0000,2.2186,0.0322,0.3731,0.1492,0.2793,0.0240,0.0000,46.6633,0.0007
1181,24.5716,0.4000,41.5281,10.9598,,true,5,0.008333,0.5420,0.0417,1.00,1.00,1.9145,22,1,111,365,8,5767,3200,0,10,17,8,0,41558,3366,142,40,1007386624,0.000000,0.000000,0.000000,0.00,4,0,0,0,0,20,39,35,2,7,4,0,0,0,0,0,0,0,0.0002,0.0068,0.0486,0.8341,0.0068,0.5429,0.0060,10.9598,0.0318,0.5420,0.0000,0.0000,1.5737,0.0211,0.2798,0.1005,0.2217,0.0135,0.0000,41.3348,0.0007
1182,24.5993,0.4250,29.8354,8.9200,,true,3,0.008333,0.3276,0.0250,1.00,0.84,6.7498,22,1,111,365,8,6267,3200,0,10,17,8,0,41558,3374,134,40,1007390720,0.000000,0.000000,0.000000,0.00,4,0,0,0,0,20,39,35,2,7,4,0,0,0,0,0,0,0,0.0009,0.0016,0.0677,0.0365,0.0068,0.3284,0.0058,8.9200,0.0310,0.3276,0.0000,0.0000,2.0041,0.0500,0.3273,0.1453,0.2541,0.0365,0.0000,40.9535,0.0006
1183,24.6428,0.4250,41.1112,11.3261,,true,0,0.008333,0.0000,0.0000,1.00,0.00,6.7498,22,1,111,365,8,6767,3200,0,10,17,8,0,41558,3382,126,40,1007390720,0.000000,0.000000,0.000000,0.00,4,0,0,0,0,20,39,35,2,7,4,0,0,0,0,0,0,0,0.0004,0.0025,0.0820,0.0770,0.0079,0.0000,0.0057,11.3261,0.0388,0.0000,0.0000,0.0000,2.7832,0.0463,0.5067,0.1614,0.3750,0.0288,0.0000,46.0498,0.0025
1184,24.6714,0.4250,29.8621,10.1262,,true,0,0.008333,0.0000,0.0000,1.00,0.00,6.7498,22,1,111,365,8,7267,3200,0,10,17,8,0,41558,3390,118,40,1007390720,0.000000,0.000000,0.000000,0.00,4,0,0,0,0,20,39,35,2,7,4,0,0,0,0,0,0,0,0.0005,0.0021,0.0775,0.0833,0.0086,0.0000,0.0075,10.1262,0.0502,0.0000,0.0000,0.0000,2.0460,0.0370,0.4115,0.1535,0.2894,0.0256,0.0000,41.7802,0.0009
1185,24.7102,0.4250,40.5836,8.3183,,true,0,0.008333,0.0000,0.0000,1.00,0.00,6.7498,22,1,111,365,8,7767,3200,0,10,17,8,0,41558,3398,110,40,1007390720,0.000000,0.000000,0.000000,0.00,4,0,0,0,0,20,39,35,2,7,4,0,0,0,0,0,0,0,0.0005,0.0019,0.0506,0.0531,0.0052,0.0000,0.0059,8.3183,0.0224,0.0000,0.0000,0.0000,1.7325,0.0221,0.3567,0.0816,0.2576,0.0125,0.0000,39.0878,0.0004
1186,24.7376,0.4250,28.5453,7.2361,,true,0,0.008333,0.0000,0.0000,1.00,0.00,6.7498,22,1,111,365,8,8267,3200,0,10,17,8,0,41558,3406,102,40,1007390720,0.000000,0.000000,0.000000,0.00,4,0,0,0,0,20,39,35,2,7,4,0,0,0,0,0,0,0,0.0004,0.0017,0.0536,0.0539,0.0067,0.0000,0.0049,7.2361,0.0284,0.0000,0.0000,0.0000,1.7425,0.0215,0.3780,0.1053,0.2554,0.0098,0.0000,40.1873,0.0007
1187,24.7798,0.4250,42.1798,7.0997,,true,0,0.008333,0.0000,0.0000,1.00,0.00,6.7498,22,1,111,365,8,8767,3200,0,10,17,8,0,41558,3414,94,40,1007390720,0.000000,0.000000,0.000000,0.00,4,0,0,0,0,20,39,35,2,7,4,0,0,0,0,0,0,0,0.0002,0.0040,0.0502,0.0574,0.0058,0.0000,0.0125,7.0997,0.0202,0.0000,0.0000,0.0000,1.6888,0.0268,0.3667,0.0890,0.2532,0.0134,0.0000,39.7848,0.0005
1188,24.8117,0.4250,29.2835,9.9263,,true,0,0.008333,0.0000,0.0000,1.00,0.00,6.7498,22,1,111,365,8,9267,3200,0,10,17,8,0,41558,3422,86,40,1007833088,0.000000,0.000000,0.000000,0.00,4,0,0,0,0,20,39,35,2,7,4,0,0,0,0,0,0,0,0.0002,0.0021,0.0790,0.0597,0.0067,0.0000,0.0064,9.9263,0.0344,0.0000,0.0000,0.0000,1.5669,0.0219,0.3533,0.0850,0.2736,0.0228,0.0000,41.7442,0.0006
1189,24.8526,0.4250,41.4565,9.3909,,true,0,0.008333,0.0000,0.0000,1.00,0.00,6.7498,22,1,111,365,8,9767,3200,0,10,17,8,0,41558,3430,78,40,1007833088,0.000000,0.000000,0.000000,0.00,4,0,0,0,0,20,39,35,2,7,4,0,0,0,0,0,0,0,0.0009,0.0017,0.0591,0.0614,0.0067,0.0000,0.0136,9.3909,0.0218,0.0000,0.0000,0.0000,1.6715,0.0317,0.4650,0.0837,0.2324,0.0210,0.0000,36.4347,0.0009
1190,24.8838,0.4250,30.4835,9.8609,,true,0,0.008333,0.0000,0.0000,1.00,0.00,6.7498,22,1,111,365,8,10267,3200,0,10,17,8,0,41558,3438,70,40,1007833088,0.000000,0.000000,0.000000,0.00,4,0,0,0,0,20,39,35,2,7,4,0,0,0,0,0,0,0,0.0002,0.0024,0.0656,0.0565,0.0072,0.0000,0.0056,9.8609,0.0417,0.0000,0.0000,0.0000,1.9284,0.0250,0.3805,0.1082,0.3442,0.0143,0.0000,37.0605,0.0009
1191,24.9266,0.4250,42.6787,10.0133,,true,0,0.008333,0.0000,0.0000,1.00,0.00,6.7498,22,1,111,365,8,10767,3200,0,10,17,8,0,41558,3446,62,40,1007837184,0.000000,0.000000,0.000000,0.00,4,0,0,0,0,20,39,35,2,7,4,0,0,0,0,0,0,0,0.0003,0.0016,0.0897,0.0561,0.0070,0.0000,0.0047,10.0133,0.0427,0.0000,0.0000,0.0000,2.3247,0.0527,0.4817,0.1698,0.3727,0.0342,0.0000,37.6651,0.0006
1192,24.9548,0.4250,28.5488,9.7837,,true,0,0.008333,0.0000,0.0000,1.00,0.00,6.7498,22,1,111,365,8,11267,3200,0,10,17,8,0,41558,3454,54,40,1007837184,0.000000,0.000000,0.000000,0.00,4,0,0,0,0,20,39,35,2,7,4,0,0,0,0,0,0,0,0.0005,0.0020,0.0909,0.0571,0.0093,0.0000,0.0061,9.7837,0.0421,0.0000,0.0000,0.0000,1.2154,0.0172,0.2701,0.0828,0.1959,0.0140,0.0000,37.5398,0.0006
1193,24.9969,0.4250,42.2345,9.4866,,true,0,0.008333,0.0000,0.0000,1.00,0.00,6.7498,22,1,111,365,8,11767,3200,0,10,17,8,0,41558,3462,46,40,1007837184,0.000000,0.000000,0.000000,0.00,4,0,0,0,0,20,39,35,2,7,4,0,0,0,0,0,0,0,0.0004,0.0022,0.0613,0.0637,0.0081,0.0000,0.0072,9.4866,0.0264,0.0000,0.0000,0.0000,1.1926,0.0189,0.2813,0.0913,0.2446,0.0114,0.0000,37.1775,0.0005
1194,25.0303,0.4250,32.3024,10.6545,,true,0,0.008333,0.0000,0.0000,1.00,0.00,6.7498,22,1,111,365,8,12267,3200,0,10,17,8,0,41558,3470,38,40,1007837184,0.000000,0.000000,0.000000,0.00,4,0,0,0,0,20,39,35,2,7,4,0,0,0,0,0,0,0,0.0006,0.0043,0.1138,0.0694,0.0062,0.0000,0.0048,10.6545,0.0558,0.0000,0.0000,0.0000,2.3580,0.0437,0.5658,0.1796,0.4666,0.0328,0.0000,39.7725,0.0006
1195,25.0720,0.4250,42.6623,9.8131,,true,0,0.008333,0.0000,0.0000,1.00,0.00,6.7498,22,1,111,365,8,12767,3200,0,10,17,8,0,41558,3478,30,40,1007837184,0.000000,0.000000,0.000000,0.00,4,0,0,0,0,20,39,35,2,7,4,0,0,0,0,0,0,0,0.0004,0.0015,0.0861,0.0548,0.0067,0.0000,0.0064,9.8131,0.0305,0.0000,0.0000,0.0000,1.5707,0.0363,0.3557,0.1288,0.2807,0.0231,0.0000,38.8538,0.0004
1196,25.1032,0.4250,30.2213,10.6083,,true,0,0.008333,0.0000,0.0000,1.00,0.00,6.7498,22,1,111,365,8,13267,3200,0,10,17,8,0,41558,3486,22,40,1007837184,0.000000,0.000000,0.000000,0.00,4,0,0,0,0,20,39,35,2,7,4,0,0,0,0,0,0,0,0.0003,0.0016,0.0823,0.0605,0.0069,0.0000,0.0045,10.6083,0.0524,0.0000,0.0000,0.0000,1.6657,0.0416,0.3758,0.1321,0.2916,0.0251,0.0000,41.5564,0.0009
1197,25.1426,0.4250,40.6606,9.4597,,true,0,0.008333,0.0000,0.0000,1.00,0.00,6.7498,22,1,153,365,8,13767,3200,0,17,17,8,0,41711,3494,14,40,1007837184,0.000000,0.000000,0.000000,0.00,4,0,0,0,0,20,39,34,5,10,7,3,3,3,3,1,9,12,0.0002,0.0035,0.0875,0.0651,0.0066,0.0000,0.0084,9.4597,0.0399,0.0000,0.0000,0.0000,1.6784,0.0350,0.3688,0.1669,0.3360,0.0299,0.0000,40.9683,0.0007
1198,25.1708,0.4250,28.4703,9.2529,,true,0,0.008333,0.0000,0.0000,1.00,0.00,6.7498,22,1,153,365,6,14267,3200,0,17,17,8,0,41711,3500,6,30,1007837184,0.000000,0.000000,0.000000,0.00,4,0,0,0,0,20,39,34,5,10,7,3,3,3,3,1,9,12,0.0005,0.0025,0.1108,0.0665,0.0069,0.0000,0.0177,9.2529,0.0491,0.0000,0.0000,0.0000,1.5877,0.0431,0.3761,0.1592,0.3707,0.0250,0.0000,37.7586,0.0006
1199,25.2129,0.4250,42.3949,8.8506,,true,0,0.008333,0.0000,0.0000,1.00,0.00,6.7498,22,1,339,365,0,14767,3200,0,17,17,6,0,42050,3500,0,0,1007837184,0.000000,0.000000,0.000000,0.00,4,0,0,0,0,20,39,32,10,17,21,20,22,29,34,30,33,28,0.0002,0.0032,0.0548,0.0621,0.0070,0.0000,0.0080,8.8506,0.0225,0.0000,0.0000,0.0000,1.5079,0.0247,0.3161,0.1509,0.4532,0.0204,0.0000,32.4153,0.0010
1200,25.2427,0.4250,30.0780,8.5211,,true,0,0.008333,0.0000,0.0000,1.00,0.00,6.7498,22,1,338,111,8,15267,3200,0,17,7,0,0,42388,3508,109,40,1007841280,0.000000,0.000000,0.000000,0.00,3,0,0,0,0,20,39,32,10,17,21,20,22,29,34,30,33,28,0.0003,0.0018,0.0490,0.0578,0.0067,0.0000,0.0069,8.5211,0.0132,0.0000,0.0000,0.0000,3.1993,0.0007,0.3856,0.1237,0.1251,0.0012,0.0000,0.0000,1.2982
1201,25.2835,0.4250,40.3144,9.1995,,true,0,0.008333,0.0000,0.0000,1.00,0.00,6.7498,22,1,5,111,8,14767,3200,0,2,7,8,0,42393,3516,101,40,1007841280,0.000000,0.000000,0.000000,0.00,4,0,1,0,0,0,0,0,0,0,0,0,0,0,0,0,0,0,0.0002,0.0011,0.1021,0.0549,0.0067,0.0000,0.0039,9.1995,0.0323,0.0000,0.0000,0.0000,1.6359,0.0239,0.4284,0.0792,0.1300,0.0158,0.0000,42.5620,0.0008
1202,25.3141,0.4250,31.0369,8.6109,,true,0,0.008333,0.0000,0.0000,1.00,0.00,6.7498,22,1,6,111,8,14267,3200,0,3,7,8,0,42399,3524,93,40,1007841280,0.000000,0.000000,0.000000,0.00,3,0,1,2,0,0,0,0,0,0,0,0,0,0,0,0,0,0,0.0012,0.0029,0.0777,0.0443,0.0069,0.0000,0.0087,8.6109,0.0352,0.0000,0.0000,0.0000,1.3667,0.0222,0.3516,0.0785,0.0439,0.0102,0.0000,39.5432,0.0004
1203,25.3459,0.4250,32.1852,8.1068,,true,0,0.008333,0.0000,0.0000,1.00,0.00,6.7498,22,1,6,111,8,13767,3200,0,3,7,8,0,42399,3532,85,40,1007841280,0.000000,0.000000,0.000000,0.00,3,0,1,2,0,0,0,0,0,0,0,0,0,0,0,0,0,0,0.0005,0.0026,0.0524,0.0506,0.0072,0.0000,0.0091,8.1068,0.0228,0.0000,0.0000,0.0000,1.2029,0.0182,0.3708,0.0425,0.0237,0.0104,0.0000,41.9337,0.0008
1204,25.3763,0.4250,29.0189,9.6930,,true,0,0.008333,0.0000,0.0000,1.00,0.00,6.7498,22,1,6,111,8,13267,3200,0,3,7,8,0,42399,3540,77,40,1007841280,0.000000,0.000000,0.000000,0.00,3,0,1,2,0,0,0,0,0,0,0,0,0,0,0,0,0,0,0.0004,0.0018,0.0689,0.0559,0.0063,0.0000,0.0064,9.6930,0.0304,0.0000,0.0000,0.0000,1.2805,0.0219,0.3645,0.0858,0.0332,0.0096,0.0000,37.5954,0.0007
1205,25.4049,0.4250,29.1181,9.1393,,true,0,0.008333,0.0000,0.0000,1.00,0.00,6.7498,22,1,6,111,8,12767,3200,0,3,7,8,0,42399,3548,69,40,1007841280,0.000000,0.000000,0.000000,0.00,3,0,1,2,0,0,0,0,0,0,0,0,0,0,0,0,0,0,0.0013,0.0033,0.0779,0.0511,0.0052,0.0000,0.0097,9.1393,0.0370,0.0000,0.0000,0.0000,1.2345,0.0285,0.3568,0.0812,0.0359,0.0083,0.0000,39.0206,0.0004
1206,25.4344,0.4250,29.5573,9.0660,,true,0,0.008333,0.0000,0.0000,1.00,0.00,6.7498,22,1,6,111,8,12267,3200,0,3,7,8,0,42399,3556,61,40,1007841280,0.000000,0.000000,0.000000,0.00,3,0,1,2,0,0,0,0,0,0,0,0,0,0,0,0,0,0,0.0004,0.0028,0.0790,0.0574,0.0095,0.0000,0.0102,9.0660,0.0462,0.0000,0.0000,0.0000,1.2298,0.0210,0.4298,0.1099,0.0381,0.0129,0.0000,38.7102,0.0007
1207,25.4770,0.4250,42.2121,9.3782,,true,0,0.008333,0.0000,0.0000,1.00,0.00,6.7498,22,1,6,111,8,11767,3200,0,3,7,8,0,42399,3564,53,40,1007841280,0.000000,0.000000,0.000000,0.00,3,0,1,2,0,0,0,0,0,0,0,0,0,0,0,0,0,0,0.0002,0.0022,0.1119,0.0695,0.0069,0.0000,0.0058,9.3782,0.0476,0.0000,0.0000,0.0000,1.0982,0.0213,0.4205,0.0633,0.0319,0.0107,0.0000,36.3927,0.0006
1208,25.5098,0.4250,31.0921,11.0487,,true,0,0.008333,0.0000,0.0000,1.00,0.00,6.7498,22,1,6,111,8,11267,3200,0,3,7,8,0,42399,3572,45,40,1007841280,0.000000,0.000000,0.000000,0.00,3,0,1,2,0,0,0,0,0,0,0,0,0,0,0,0,0,0,0.0002,0.0024,0.0944,0.0615,0.0064,0.0000,0.0070,11.0487,0.0547,0.0000,0.0000,0.0000,1.1118,0.0210,0.4276,0.0953,0.0388,0.0111,0.0000,46.7354,0.0001
1209,25.5479,0.4250,40.5731,8.4924,,true,0,0.008333,0.0000,0.0000,1.00,0.00,6.7498,22,1,6,111,8,10767,3200,0,3,7,8,0,42399,3580,37,40,1007841280,0.000000,0.000000,0.000000,0.00,3,0,1,2,0,0,0,0,0,0,0,0,0,0,0,0,0,0,0.0011,0.0021,0.0596,0.0626,0.0068,0.0000,0.0041,8.4924,0.0253,0.0000,0.0000,0.0000,0.8032,0.0222,0.3218,0.0744,0.0337,0.0107,0.0000,41.8662,0.0011
1210,25.5786,0.4250,30.3593,8.9896,,true,0,0.008333,0.0000,0.0000,1.00,0.00,6.7498,22,1,6,111,8,10267,3200,0,3,7,8,0,42399,3588,29,40,1007845376,0.000000,0.000000,0.000000,0.00,3,0,1,2,0,0,0,0,0,0,0,0,0,0,0,0,0,0,0.0009,0.0050,0.1282,0.0977,0.0055,0.0000,0.0088,8.9896,0.0503,0.0000,0.0000,0.0000,1.2274,0.0255,0.4062,0.1143,0.0660,0.0111,0.0000,46.3067,0.0007
1211,25.6204,0.4250,42.2647,8.5727,,true,0,0.008333,0.0000,0.0000,1.00,0.00,6.7498,22,1,6,111,8,9767,3200,0,3,7,8,0,42399,3596,21,40,1007845376,0.000000,0.000000,0.000000,0.00,3,0,1,2,0,0,0,0,0,0,0,0,0,0,0,0,0,0,0.0002,0.0020,0.0543,0.0471,0.0049,0.0000,0.0063,8.5727,0.0186,0.0000,0.0000,0.0000,0.6196,0.0233,0.2877,0.0376,0.0292,0.0088,0.0000,46.6934,0.0007
1212,25.6491,0.4250,29.9002,7.3717,,true,0,0.008333,0.0000,0.0000,1.00,0.00,6.7498,22,1,6,111,8,9267,3200,0,3,7,8,0,42399,3604,13,40,1007222784,0.000000,0.000000,0.000000,0.00,3,0,1,2,0,0,0,0,0,0,0,0,0,0,0,0,0,0,0.0003,0.0020,0.0627,0.0475,0.0053,0.0000,0.0058,7.3717,0.0173,0.0000,0.0000,0.0000,0.7518,0.0172,0.3472,0.0826,0.0343,0.0121,0.0000,45.7480,0.0006
1213,25.6900,0.4250,40.6329,7.5488,,true,0,0.008333,0.0000,0.0000,1.00,0.00,6.7498,22,1,6,111,5,8767,3200,0,3,7,8,0,42399,3609,5,25,1007222784,0.000000,0.000000,0.000000,0.00,3,0,1,2,0,0,0,0,0,0,0,0,0,0,0,0,0,0,0.0004,0.0033,0.0619,0.0585,0.0062,0.0000,0.0155,7.5488,0.0222,0.0000,0.0000,0.0000,0.7318,0.0216,0.3679,0.0711,0.0412,0.0111,0.0000,45.2548,0.0005
1214,25.7197,0.4250,30.6004,6.6640,,true,0,0.008333,0.0000,0.0000,1.00,0.00,6.7498,22,1,99,111,0,8267,3200,0,7,7,5,0,42498,3609,0,0,1007222784,0.000000,0.000000,0.000000,0.00,2,1,2,7,13,25,21,28,0,0,0,0,0,0,0,0,0,0,0.0003,0.0022,0.0676,0.0571,0.0065,0.0000,0.0062,6.6640,0.0296,0.0000,0.0000,0.0000,0.6777,0.0171,0.3214,0.0600,0.0715,0.0072,0.0000,30.9396,0.0339
1215,25.7638,0.4250,41.9654,8.7379,,true,0,0.008333,0.0000,0.0000,1.00,0.00,6.7498,22,1,99,111,0,7767,3200,0,7,7,0,0,42498,3609,0,0,1007222784,0.000000,0.000000,0.000000,0.00,2,1,2,7,13,25,21,28,0,0,0,0,0,0,0,0,0,0,0.0005,0.0020,0.0646,0.0553,0.0128,0.0000,0.0052,8.7379,0.0284,0.0000,0.0000,0.0000,0.6156,0.0007,0.3658,0.1128,0.0021,0.0007,0.0000,0.0000,0.0005
1216,25.7911,0.4250,30.3790,5.8060,,true,0,0.008333,0.0000,0.0000,1.00,0.00,6.7498,22,1,99,111,0,7267,3200,0,7,7,0,0,42498,3609,0,0,1007222784,0.000000,0.000000,0.000000,0.00,2,1,2,7,13,25,21,28,0,0,0,0,0,0,0,0,0,0,0.0005,0.0027,0.0490,0.0531,0.0057,0.0000,0.0106,5.8060,0.0227,0.0000,0.0000,0.0000,0.6192,0.0003,0.3723,0.0745,0.0012,0.0008,0.0000,0.0000,0.0006
1217,25.7964,0.4250,6.4648,4.4125,,true,0,0.008333,0.0000,0.0000,1.00,0.00,6.7498,22,1,99,111,0,6767,3200,0,7,7,0,0,42498,3609,0,0,1007222784,0.000000,0.000000,0.000000,0.00,2,1,2,7,13,25,21,28,0,0,0,0,0,0,0,0,0,0,0.0003,0.0007,0.0471,0.0354,0.0010,0.0000,0.0048,4.4125,0.0151,0.0000,0.0000,0.0000,0.5168,0.0001,0.3354,0.0624,0.0013,0.0008,0.0000,0.0000,0.0004
1218,25.8007,0.4250,5.3036,3.6616,,true,0,0.008333,0.0000,0.0000,1.00,0.00,6.7498,22,1,99,111,0,6267,3200,0,7,7,0,0,42498,3609,0,0,1007222784,0.000000,0.000000,0.000000,0.00,2,1,2,7,13,25,21,28,0,0,0,0,0,0,0,0,0,0,0.0002,0.0007,0.0459,0.0311,0.0009,0.0000,0.0025,3.6616,0.0088,0.0000,0.0000,0.0000,0.4804,0.0001,0.3193,0.0600,0.0006,0.0004,0.0000,0.0000,0.0003
1219,25.8147,0.4250,14.5437,3.6096,,true,0,0.008333,0.0000,0.0000,1.00,0.00,6.7498,22,1,99,111,0,5767,3200,0,7,7,0,0,42498,3609,0,0,1007226880,0.000000,0.000000,0.000000,0.00,2,1,2,7,13,25,21,28,0,0,0,0,0,0,0,0,0,0,0.0001,0.0007,0.0349,0.0241,0.0024,0.0000,0.0027,3.6096,0.0076,0.0000,0.0000,0.0000,0.3539,0.0002,0.2348,0.0381,0.0007,0.0006,0.0000,0.0000,0.0002
1220,25.8279,0.4250,12.9221,3.7724,,true,0,0.008333,0.0000,0.0000,1.00,0.00,6.7498,22,1,99,111,0,5267,3200,0,7,7,0,0,42498,3609,0,0,1007226880,0.000000,0.000000,0.000000,0.00,2,1,2,7,13,25,21,28,0,0,0,0,0,0,0,0,0,0,0.0003,0.0010,0.0461,0.0480,0.0034,0.0000,0.0060,3.7724,0.0109,0.0000,0.0000,0.0000,0.5135,0.0003,0.3375,0.0546,0.0008,0.0005,0.0000,0.0000,0.0005
1221,25.8448,0.4250,16.4525,4.2387,,true,0,0.008333,0.0000,0.0000,1.00,0.00,6.7498,22,1,99,111,0,4767,3200,0,7,7,0,0,42498,3609,0,0,1007226880,0.000000,0.000000,0.000000,0.00,2,1,2,7,13,25,21,28,0,0,0,0,0,0,0,0,0,0,0.0009,0.0016,0.0308,0.0261,0.0030,0.0000,0.0040,4.2387,0.0110,0.0000,0.0000,0.0000,0.3964,0.0004,0.2486,0.0668,0.0010,0.0006,0.0000,0.0000,0.0003
1222,25.8588,0.4250,14.3736,3.9761,,true,0,0.008333,0.0000,0.0000,1.00,0.00,6.7498,22,1,99,111,0,4267,3200,0,7,7,0,0,42498,3609,0,0,1007226880,0.000000,0.000000,0.000000,0.00,2,1,2,7,13,25,21,28,0,0,0,0,0,0,0,0,0,0,0.0003,0.0010,0.0522,0.0350,0.0041,0.0000,0.0044,3.9761,0.0150,0.0000,0.0000,0.0000,0.5258,0.0004,0.3347,0.0646,0.0013,0.0005,0.0000,0.0000,0.0003
1223,25.8764,0.4250,16.6024,4.6469,,true,0,0.008333,0.0000,0.0000,1.00,0.00,6.7498,22,1,99,111,0,3767,3200,0,7,7,0,0,42498,3609,0,0,1007226880,0.000000,0.000000,0.000000,0.00,2,1,2,7,13,25,21,28,0,0,0,0,0,0,0,0,0,0,0.0004,0.0028,0.0432,0.0439,0.0128,0.0000,0.0082,4.6469,0.0150,0.0000,0.0000,0.0000,0.5370,0.0004,0.3286,0.0941,0.0028,0.0005,0.0000,0.0000,0.0004
1224,25.8927,0.4250,16.1399,4.7895,,true,0,0.008333,0.0000,0.0000,1.00,0.00,6.7498,22,1,99,111,0,3267,3200,0,7,7,0,0,42498,3609,0,0,1007226880,0.000000,0.000000,0.000000,0.00,2,1,2,7,13,25,21,28,0,0,0,0,0,0,0,0,0,0,0.0002,0.0009,0.0497,0.0328,0.0027,0.0000,0.0030,4.7895,0.0202,0.0000,0.0000,0.0000,0.5598,0.0006,0.3578,0.0726,0.0024,0.0016,0.0000,0.0000,0.0007
1225,25.9081,0.4250,15.9732,4.2305,,true,0,0.008333,0.0000,0.0000,1.00,0.00,6.7498,22,1,99,111,0,2767,2867,0,7,7,0,0,42498,3609,0,0,1007226880,0.000000,0.000000,0.000000,0.00,2,1,2,7,13,25,21,28,0,0,0,0,0,0,0,0,0,0,0.0002,0.0007,0.0449,0.0316,0.0023,0.0000,0.0068,4.2305,0.0171,0.0000,0.0000,0.0000,0.5317,0.0003,0.3406,0.0748,0.0020,0.0004,0.0000,0.0000,0.0003
1226,25.9234,0.4250,15.3418,4.1652,,true,0,0.008333,0.0000,0.0000,1.00,0.00,6.7498,22,1,99,111,0,2267,2367,0,7,7,0,0,42498,3609,0,0,1007226880,0.000000,0.000000,0.000000,0.00,2,1,2,7,13,25,21,28,0,0,0,0,0,0,0,0,0,0,0.0002,0.0010,0.0647,0.0354,0.0038,0.0000,0.0036,4.1652,0.0167,0.0000,0.0000,0.0000,0.5008,0.0005,0.3280,0.0586,0.0012,0.0012,0.0000,0.0000,0.0003
1227,25.9389,0.4250,15.5810,4.2062,,true,0,0.008333,0.0000,0.0000,1.00,0.00,6.7498,22,1,99,111,0,1767,1867,0,7,7,0,0,42498,3609,0,0,1007226880,0.000000,0.000000,0.000000,0.00,2,1,2,7,13,25,21,28,0,0,0,0,0,0,0,0,0,0,0.0003,0.0017,0.0454,0.0336,0.0025,0.0000,0.0048,4.2062,0.0167,0.0000,0.0000,0.0000,0.4306,0.0002,0.2485,0.0700,0.0018,0.0008,0.0000,0.0000,0.0004
1228,25.9545,0.4250,15.7046,3.9773,,true,0,0.008333,0.0000,0.0000,1.00,0.00,6.7498,22,1,99,111,0,1325,1425,0,7,7,0,0,42498,3609,0,0,1007230976,0.000000,0.000000,0.000000,0.00,2,1,2,7,13,25,21,28,0,0,0,0,0,0,0,0,0,0,0.0004,0.0011,0.0628,0.0265,0.0022,0.0000,0.0033,3.9773,0.0203,0.0000,0.0000,0.0000,0.5592,0.0006,0.3529,0.0723,0.0014,0.0014,0.0000,0.0000,0.0004
1229,25.9701,0.4250,15.4037,4.2207,,true,0,0.008333,0.0000,0.0000,1.00,0.00,6.7498,22,1,99,111,0,994,1094,0,7,7,0,0,42498,3609,0,0,1007230976,0.000000,0.000000,0.000000,0.00,2,1,2,7,13,25,21,28,0,0,0,0,0,0,0,0,0,0,0.0003,0.0005,0.0389,0.0307,0.0026,0.0000,0.0026,4.2207,0.0181,0.0000,0.0000,0.0000,0.3918,0.0002,0.2600,0.0435,0.0009,0.0004,0.0000,0.0000,0.0008
1230,25.9864,0.4250,15.8677,4.5232,,true,0,0.008333,0.0000,0.0000,1.00,0.00,6.7498,22,1,99,111,0,745,845,0,7,7,0,0,42498,3609,0,0,1007230976,0.000000,0.000000,0.000000,0.00,2,1,2,7,13,25,21,28,0,0,0,0,0,0,0,0,0,0,0.0004,0.0016,0.0586,0.0496,0.0031,0.0000,0.0035,4.5232,0.0195,0.0000,0.0000,0.0000,0.6657,0.0004,0.4691,0.0670,0.0009,0.0004,0.0000,0.0000,0.0002
1231,26.0078,0.4250,15.5940,10.4599,,true,0,0.008333,0.0000,0.0000,1.00,0.00,6.7498,22,1,99,376,8,559,659,0,7,15,0,0,42498,3617,266,40,1007230976,0.000000,0.000000,0.000000,0.00,2,1,2,7,13,25,21,28,0,0,0,0,0,0,0,0,0,0,0.0001,0.0010,0.0491,0.0317,0.0029,0.0000,0.0043,10.4599,0.0140,0.0000,0.0000,0.0000,5.5847,0.0002,0.3900,0.0553,0.1669,0.0003,0.0000,0.0000,3.6571
1232,26.0234,0.4250,18.3141,7.6424,,true,0,0.008333,0.0000,0.0000,1.00,0.00,6.7498,22,1,99,376,8,419,519,0,7,15,6,0,42498,3623,260,40,1007230976,0.000000,0.000000,0.000000,0.00,2,1,2,7,13,25,21,28,0,0,0,0,0,0,0,0,0,0,0.0004,0.0018,0.0538,0.0720,0.0120,0.0000,0.0056,7.6424,0.0105,0.0000,0.0000,0.0000,2.7037,0.0151,0.5774,0.0581,0.2119,0.0070,0.0000,39.0336,0.0007
1233,26.0651,0.4250,39.4851,9.5892,,true,0,0.008333,0.0000,0.0000,1.00,0.00,6.7498,22,1,99,376,8,314,414,0,7,15,8,0,42498,3631,252,40,1007230976,0.000000,0.000000,0.000000,0.00,2,1,2,7,13,25,21,28,0,0,0,0,0,0,0,0,0,0,0.0003,0.0011,0.0862,0.0340,0.0032,0.0000,0.0021,9.5892,0.0210,0.0000,0.0000,0.0000,2.8153,0.0158,0.5596,0.1494,0.2535,0.0076,0.0000,46.6316,0.0004
1234,26.1201,0.4833,53.7488,10.8224,,true,7,0.008333,0.4985,0.0583,1.00,1.00,2.1652,22,1,99,376,8,261,361,0,7,15,8,0,42498,3639,244,40,1007230976,0.000000,0.000000,0.000000,0.00,2,1,2,7,13,25,21,28,0,0,0,0,0,0,0,0,0,0,0.0003,0.0028,0.1334,0.0582,0.0056,0.4990,0.0075,10.8224,0.0320,0.4985,0.0000,0.0000,2.8616,0.0442,0.6506,0.2119,0.2929,0.0215,0.0000,47.6087,0.0006
1235,26.1514,0.5167,31.7844,10.0821,,true,4,0.008333,0.3355,0.0333,1.00,1.00,0.6163,22,1,99,376,8,226,326,0,7,15,8,0,42498,3647,236,40,1007403008,0.000000,0.000000,0.000000,0.00,2,1,2,7,13,25,21,28,0,0,0,0,0,0,0,0,0,0,0.0002,0.0046,0.0686,1.2083,0.0059,0.3367,0.0076,10.0821,0.0316,0.3355,0.0000,0.0000,2.8958,0.0537,0.6150,0.0885,0.2128,0.0171,0.0000,43.5442,0.0004
1236,26.2047,0.5667,51.5701,11.8337,,true,6,0.008333,0.4302,0.0500,1.00,0.97,2.1864,22,1,99,376,8,204,304,0,7,15,8,0,42498,3655,228,40,1007407104,0.000000,0.000000,0.000000,0.00,2,1,2,7,13,25,21,28,0,0,0,0,0,0,0,0,0,0,0.0007,0.0013,0.0590,0.0523,0.0099,0.4310,0.0066,11.8337,0.0265,0.4302,0.0000,0.0000,2.6705,0.0198,0.5544,0.1365,0.2284,0.0104,0.0000,49.6791,0.0010
1237,26.2369,0.6000,31.9125,12.3538,,true,4,0.008333,0.3175,0.0333,1.00,1.00,0.7655,22,1,99,376,8,190,290,0,7,15,8,0,42498,3663,220,40,1007415296,0.000000,0.000000,0.000000,0.00,2,1,2,7,13,25,21,28,0,0,0,0,0,0,0,0,0,0,0.0004,0.0018,0.0824,0.0503,0.0061,0.3185,0.0049,12.3538,0.0324,0.3175,0.0000,0.0000,3.8832,0.0474,0.5596,0.1006,0.2652,0.0171,0.0000,50.2123,0.0005
1238,26.2809,0.6417,46.6995,9.8760,,true,5,0.008333,0.4445,0.0417,1.00,0.89,5.7983,22,1,99,376,8,181,281,0,7,15,8,0,42498,3671,212,40,1007415296,0.000000,0.000000,0.000000,0.00,2,1,2,7,13,25,21,28,0,0,0,0,0,0,0,0,0,0,0.0005,0.0019,0.0577,0.0775,0.0072,0.4450,0.0070,9.8760,0.0215,0.4445,0.0000,0.0000,2.7145,0.0285,0.6224,0.0650,0.2366,0.0194,0.0000,48.6870,0.0006
1239,26.3113,0.6750,30.6846,9.6966,,true,4,0.008333,0.3497,0.0333,1.00,1.00,3.1496,22,1,99,376,8,175,275,0,7,15,8,0,42498,3679,204,40,1007415296,0.000000,0.000000,0.000000,0.00,2,1,2,7,13,25,21,28,0,0,0,0,0,0,0,0,0,0,0.0006,0.0013,0.0523,0.0519,0.0061,0.3509,0.0067,9.6966,0.0398,0.3497,0.0000,0.0000,2.0424,0.0534,0.4442,0.0797,0.1981,0.0265,0.0000,50.0864,0.0006
1240,26.3599,0.7250,47.8735,9.8823,,true,6,0.008333,0.3159,0.0500,1.00,1.00,1.0230,22,1,99,376,8,172,272,0,7,15,8,0,42498,3687,196,40,1007415296,0.000000,0.000000,0.000000,0.00,2,1,2,7,13,25,21,28,0,0,0,0,0,0,0,0,0,0,0.0006,0.0015,0.0680,0.0621,0.0082,0.3167,0.0125,9.8823,0.0371,0.3159,0.0000,0.0000,2.6524,0.0294,0.5999,0.1034,0.2933,0.0117,0.0000,47.5986,0.0007
1241,26.3910,0.7500,31.1861,10.3701,,true,3,0.008333,0.4312,0.0250,1.00,0.80,7.2091,22,1,99,376,8,170,270,0,7,15,8,0,42498,3695,188,40,1007415296,0.000000,0.000000,0.000000,0.00,2,1,2,7,13,25,21,28,0,0,0,0,0,0,0,0,0,0,0.0002,0.0013,0.1098,0.0468,0.0056,0.4322,0.0057,10.3701,0.0297,0.4312,0.0000,0.0000,3.0599,0.0522,0.6466,0.1322,0.3353,0.0289,0.0000,48.4890,0.0007
1242,26.4389,0.8000,47.2268,10.8518,,true,6,0.008333,0.3927,0.0500,1.00,1.00,4.4359,22,1,99,376,8,170,270,0,7,15,8,0,42498,3703,180,40,1007415296,0.000000,0.000000,0.000000,0.00,2,1,2,7,13,25,21,28,0,0,0,0,0,0,0,0,0,0,0.0004,0.0022,0.1098,0.0677,0.0090,0.3937,0.0079,10.8518,0.0798,0.3927,0.0000,0.0000,2.7256,0.0434,0.6356,0.1053,0.2637,0.0222,0.0000,47.9614,0.0007
1243,26.4703,0.8333,31.3160,10.9610,,true,4,0.008333,0.3159,0.0333,1.00,1.00,2.4186,22,1,99,376,8,170,270,0,7,15,8,0,42498,3711,172,40,1007415296,0.000000,0.000000,0.000000,0.00,2,1,2,7,13,25,21,28,0,0,0,0,0,0,0,0,0,0,0.0009,0.0020,0.1067,0.0584,0.0081,0.3162,0.0056,10.9610,0.0565,0.3159,0.0000,0.0000,2.6830,0.0564,0.6260,0.1171,0.2662,0.0268,0.0000,46.0021,0.0012
1244,26.5160,0.8750,45.9169,10.5016,,true,5,0.008333,0.3432,0.0417,1.00,0.91,6.6688,22,1,102,376,8,171,271,0,8,15,8,0,42600,3719,164,40,1007415296,0.000000,0.000000,0.000000,0.00,2,1,2,7,13,25,21,27,4,0,0,0,0,0,0,0,0,0,0.0002,0.0020,0.0752,0.0619,0.0072,0.3441,0.0091,10.5016,0.0358,0.3432,0.0000,0.0000,1.8047,0.0368,0.4108,0.0720,0.2184,0.0116,0.0000,46.2810,0.0006
1245,26.5471,0.9083,32.3186,9.5006,,true,4,0.008333,0.5696,0.0333,1.00,1.00,5.6540,22,1,102,376,8,172,272,0,8,15,8,0,42600,3727,156,40,1007415296,0.000000,0.000000,0.000000,0.00,2,1,2,7,13,25,21,27,4,0,0,0,0,0,0,0,0,0,0.0002,0.0037,0.0506,0.0571,0.0079,0.5705,0.0095,9.5006,0.0292,0.5696,0.0000,0.0000,2.3095,0.0275,0.5591,0.0861,0.2489,0.0135,0.0000,44.3370,0.0008
1246,26.6121,0.9667,57.4440,16.6688,,true,7,0.008333,0.6345,0.0583,1.00,1.00,4.7647,22,1,102,376,8,173,273,0,8,15,8,0,42600,3735,148,40,1007415296,0.000000,0.000000,0.000000,0.00,2,1,2,7,13,25,21,27,4,0,0,0,0,0,0,0,0,0,0.0002,0.0023,0.0930,0.0450,0.0074,0.6352,0.0069,16.6688,0.0295,0.6345,0.0000,0.0000,2.3836,0.0325,0.6027,0.0940,0.2415,0.0158,0.0000,52.9913,0.0012
1247,26.6493,1.0083,39.2216,14.7503,,true,5,0.008333,0.5704,0.0417,1.00,1.00,2.3196,22,1,111,376,8,175,275,0,9,15,8,0,42711,3743,140,40,1007419392,0.000000,0.000000,0.000000,0.00,2,1,2,7,13,25,21,25,11,4,0,0,0,0,0,0,0,0,0.0022,0.0044,0.1456,0.1514,0.0114,0.5710,0.0364,14.7503,0.0611,0.5704,0.0000,0.0000,2.7234,0.0834,0.7059,0.1448,0.2996,0.0463,0.0000,52.1066,0.0005
1248,26.6959,1.0583,51.0424,10.4876,,true,6,0.008333,0.4024,0.0500,1.00,0.98,3.3620,22,1,111,376,8,176,276,0,9,15,8,0,42711,3751,132,40,1007419392,0.000000,0.000000,0.000000,0.00,2,1,2,7,13,25,21,25,11,4,0,0,0,0,0,0,0,0,0.0003,0.0020,0.2730,0.0672,0.0082,0.4030,0.0088,10.4876,0.0480,0.4024,0.0000,0.0000,2.5200,0.0526,0.6328,0.1253,0.2747,0.0305,0.0000,49.2078,0.0007
1249,26.7284,1.0917,32.1338,10.6864,,true,4,0.008333,0.3050,0.0333,1.00,1.00,2.1625,22,1,111,376,8,178,278,0,9,15,8,0,42711,3759,124,40,1007419392,0.000000,0.000000,0.000000,0.00,2,1,2,7,13,25,21,25,11,4,0,0,0,0,0,0,0,0,0.0002,0.0026,0.0718,0.0527,0.0076,0.3055,0.0170,10.6864,0.0496,0.3050,0.0000,0.0000,2.3894,0.0650,0.6062,0.1394,0.2732,0.0304,0.0000,44.2653,0.0007
1250,26.7705,1.1333,43.0484,9.8044,,true,5,0.008333,0.2971,0.0417,1.00,0.97,3.5442,22,1,111,376,8,179,279,0,9,15,8,0,42711,3767,116,40,1007419392,0.000000,0.000000,0.000000,0.00,2,1,2,7,13,25,21,25,11,4,0,0,0,0,0,0,0,0,0.0008,0.0059,0.0667,0.8507,0.0064,0.2987,0.0141,9.8044,0.0524,0.2971,0.0000,0.0000,1.9264,0.0471,0.4581,0.1196,0.2495,0.0226,0.0000,42.5923,0.0009
1251,26.8020,1.1667,31.3478,10.1781,,true,4,0.008333,0.3665,0.0333,1.00,1.00,1.5587,22,1,111,376,8,181,281,0,9,15,8,0,42711,3775,108,40,1007419392,0.000000,0.000000,0.000000,0.00,2,1,2,7,13,25,21,25,11,4,0,0,0,0,0,0,0,0,0.0003,0.0023,0.0998,0.0785,0.0073,0.3673,0.0049,10.1781,0.0472,0.3665,0.0000,0.0000,2.3984,0.0548,0.5910,0.1371,0.3335,0.0264,0.0000,45.6209,0.0009
1252,26.8450,1.2083,44.7569,8.5371,,true,5,0.008333,0.3741,0.0417,1.00,0.93,4.6489,22,1,111,376,8,182,282,0,9,15,8,0,42711,3783,100,40,1007419392,0.000000,0.000000,0.000000,0.00,2,1,2,7,13,25,21,25,11,4,0,0,0,0,0,0,0,0,0.0004,0.0021,0.1005,0.0653,0.0061,0.3754,0.0053,8.5371,0.0380,0.3741,0.0000,0.0000,1.8344,0.0792,0.4709,0.1054,0.2242,0.0328,0.0000,43.6982,0.0008
1253,26.8767,1.2417,30.1576,9.9339,,true,4,0.008333,0.2947,0.0333,1.00,1.00,1.4732,22,1,114,376,8,183,283,0,9,15,8,0,42825,3791,92,40,1007419392,0.000000,0.000000,0.000000,0.00,2,1,2,7,13,25,21,24,15,4,0,0,0,0,0,0,0,0,0.0003,0.0027,0.2190,0.0541,0.0082,0.2955,0.0073,9.9339,0.0520,0.2947,0.0000,0.0000,2.3681,0.0653,0.7317,0.1332,0.3208,0.0278,0.0000,46.8568,0.0014
1254,26.9229,1.2833,45.0375,11.1746,,true,5,0.008333,0.3959,0.0417,1.00,0.93,4.8441,22,1,114,376,8,184,284,0,9,15,8,0,42825,3799,84,40,1007419392,0.000000,0.000000,0.000000,0.00,2,1,2,7,13,25,21,24,15,4,0,0,0,0,0,0,0,0,0.0005,0.0054,0.0638,1.2457,0.0094,0.3983,0.0160,11.1746,0.0422,0.3959,0.0000,0.0000,1.8835,0.0551,0.4830,0.1363,0.2395,0.0265,0.0000,44.6076,0.0008
1255,26.9576,1.3167,32.2147,12.7676,,true,4,0.008333,0.3122,0.0333,1.00,1.00,3.7255,22,1,114,376,8,185,285,0,9,15,8,0,42825,3807,76,40,1008365568,0.000000,0.000000,0.000000,0.00,2,1,2,7,13,25,21,24,15,4,0,0,0,0,0,0,0,0,0.0002,0.0031,0.0634,0.0748,0.0062,0.3130,0.0135,12.7676,0.0323,0.3122,0.0000,0.0000,2.0577,0.0371,0.5671,0.1293,0.3449,0.0202,0.0000,49.4052,0.0007
1256,27.0019,1.3667,48.8136,9.1744,,true,6,0.008333,0.3849,0.0500,1.00,1.00,2.5391,22,1,114,376,8,186,286,0,9,15,8,0,42825,3815,68,40,1008369664,0.000000,0.000000,0.000000,0.00,2,1,2,7,13,25,21,24,15,4,0,0,0,0,0,0,0,0,0.0002,0.0014,0.0747,0.0450,0.0086,0.3853,0.0046,9.1744,0.0333,0.3849,0.0000,0.0000,1.9725,0.0657,0.5678,0.1091,0.2127,0.0181,0.0000,57.8278,0.0009
1257,27.0383,1.4000,35.6173,9.6787,,true,4,0.008333,0.5482,0.0333,1.00,0.94,4.8231,22,1,120,376,8,187,287,0,9,15,8,0,42945,3823,60,40,1008369664,0.000000,0.000000,0.000000,0.00,2,1,2,7,13,25,21,23,18,8,0,0,0,0,0,0,0,0,0.0002,0.0021,0.0584,0.0418,0.0061,0.5488,0.0055,9.6787,0.0279,0.5482,0.0000,0.0000,1.8040,0.0276,0.5472,0.0893,0.3103,0.0112,0.0000,47.0398,0.0005
1258,27.0836,1.4417,45.1702,10.0579,,true,5,0.008333,0.3864,0.0417,1.00,0.92,8.3266,22,1,123,376,8,188,288,0,9,15,8,0,43068,3831,52,40,1008369664,0.000000,0.000000,0.000000,0.00,2,1,2,7,13,25,21,22,22,8,0,0,0,0,0,0,0,0,0.0009,0.0040,0.0684,1.2057,0.0116,0.3868,0.0136,10.0579,0.0371,0.3864,0.0000,0.0000,2.1780,0.0659,0.5897,0.1480,0.3871,0.0280,0.0000,51.6044,0.0006
1259,27.1151,1.4750,32.0350,9.4714,,true,4,0.008333,0.2523,0.0333,1.00,1.00,7.0282,22,1,123,376,8,189,289,0,9,15,8,0,43068,3839,44,40,1008377856,0.000000,0.000000,0.000000,0.00,2,1,2,7,13,25,21,22,22,8,0,0,0,0,0,0,0,0,0.0007,0.0015,0.0742,0.0920,0.0120,0.2535,0.0104,9.4714,0.0398,0.2523,0.0000,0.0000,2.2917,0.0641,0.7323,0.1537,0.3113,0.0313,0.0000,47.0236,0.0005
1260,27.1632,1.5250,47.7091,9.6069,,true,6,0.008333,0.5359,0.0500,1.00,1.00,4.7374,22,1,123,376,8,189,289,0,9,15,8,0,43068,3847,36,40,1008377856,0.000000,0.000000,0.000000,0.00,2,1,2,7,13,25,21,22,22,8,0,0,0,0,0,0,0,0,0.0005,0.0028,0.0916,0.0716,0.0141,0.5365,0.0096,9.6069,0.0466,0.5359,0.0000,0.0000,1.3944,0.0462,0.4079,0.1027,0.2108,0.0109,0.0000,48.1487,0.0005
1261,27.1940,1.5583,30.6878,10.0967,,true,4,0.008333,0.3320,0.0333,1.00,1.00,2.0919,22,1,123,376,8,190,290,0,9,15,8,0,43068,3855,28,40,1008377856,0.000000,0.000000,0.000000,0.00,2,1,2,7,13,25,21,22,22,8,0,0,0,0,0,0,0,0,0.0007,0.0027,0.0833,0.0392,0.0072,0.3329,0.0068,10.0967,0.0523,0.3320,0.0000,0.0000,1.7092,0.0268,0.6074,0.0941,0.2114,0.0119,0.0000,47.8342,0.0005
1262,27.2597,1.6083,55.4659,19.9133,,true,6,0.008333,0.5830,0.0500,1.00,0.90,7.5578,22,1,123,376,8,191,291,0,9,15,8,0,43068,3863,20,40,1008377856,0.000000,0.000000,0.000000,0.00,2,1,2,7,13,25,21,22,22,8,0,0,0,0,0,0,0,0,0.0031,0.0107,0.1756,1.5480,0.0161,0.5835,0.0217,19.9133,0.1012,0.5830,0.0000,0.0000,3.4522,0.1205,0.9771,0.2241,0.4775,0.0740,0.0000,47.7783,0.0013
1263,27.2996,1.6500,41.7038,17.4899,,true,5,0.008333,0.5340,0.0417,1.00,1.00,7.5950,22,1,123,376,8,192,292,0,9,15,8,0,43068,3871,12,40,1008377856,0.000000,0.000000,0.000000,0.00,2,1,2,7,13,25,21,22,22,8,0,0,0,0,0,0,0,0,0.0006,0.0037,0.1083,0.0554,0.0039,0.5345,0.0110,17.4899,0.0683,0.5340,0.0000,0.0000,2.1617,0.0631,0.6594,0.1183,0.3113,0.0169,0.0000,62.2623,0.0013
1264,27.3583,1.7167,60.5782,15.2978,,true,8,0.008333,0.5483,0.0667,1.00,1.00,1.5065,22,1,123,376,4,193,293,0,9,15,8,0,43068,3875,4,20,1008377856,0.000000,0.000000,0.000000,0.00,2,1,2,7,13,25,21,22,22,8,0,0,0,0,0,0,0,0,0.0004,0.0017,0.1114,0.0908,0.0090,0.5492,0.0081,15.2978,0.0492,0.5483,0.0000,0.0000,2.1730,0.1192,0.6265,0.1519,0.4506,0.0383,0.0000,69.1384,0.0008
1265,27.3968,1.7583,41.1454,13.3022,,true,5,0.008333,0.5344,0.0417,1.00,1.00,0.9852,22,1,354,376,0,194,294,0,15,15,4,0,43422,3875,0,0,1008381952,0.000000,0.000000,0.000000,0.00,2,1,2,7,13,25,21,20,22,28,37,32,36,36,40,32,0,0,0.0005,0.0024,0.0422,1.0101,0.0146,0.5360,0.0180,13.3022,0.0157,0.5344,0.0000,0.0000,1.5843,0.0237,0.4323,0.1794,0.4369,0.0081,0.0000,30.7987,0.0003
1266,27.4624,1.8167,59.7429,19.7547,,true,7,0.008333,0.3606,0.0583,1.00,0.98,2.3947,22,1,354,376,8,195,295,0,15,15,0,0,43422,3883,50,40,1008381952,0.000000,0.000000,0.000000,0.00,2,1,2,7,13,25,21,20,22,28,37,32,36,36,40,32,0,0,0.0004,0.0021,0.0968,0.0636,0.0094,0.3620,0.0052,19.7547,0.0196,0.3606,0.0000,0.0000,9.9448,0.0014,0.7044,0.1498,0.9057,0.0022,0.0000,0.0000,7.2252
1267,27.4951,1.8500,37.8922,14.0980,,true,4,0.008333,0.2980,0.0333,1.00,0.88,6.9536,22,1,330,376,8,195,295,0,15,15,8,0,43752,3891,42,40,1008381952,0.000000,0.000000,0.000000,0.00,2,1,2,7,13,25,21,20,23,24,37,32,39,27,29,28,0,0,0.0014,0.0095,0.0651,0.0719,0.0106,0.2990,0.0356,14.0980,0.0392,0.2980,0.0000,0.0000,3.4418,0.1211,0.9564,0.2761,0.9530,0.0575,0.0000,56.3961,0.0016
1268,27.5578,1.9167,61.1342,15.9041,,true,8,0.008333,0.7282,0.0667,1.00,1.00,1.4211,22,1,324,376,8,202,302,0,15,15,8,0,44076,3899,34,40,1008381952,0.000000,0.000000,0.000000,0.00,2,1,2,7,13,25,21,20,23,24,37,32,39,27,31,20,0,0,0.0033,0.0055,0.1106,1.0715,0.0081,0.7313,0.0106,15.9041,0.0661,0.7282,0.0000,0.0000,2.3293,0.0419,0.5055,0.2411,0.6946,0.0209,0.0000,67.1098,0.0013
1269,27.6099,1.9750,58.7120,9.3212,,true,7,0.008333,0.4266,0.0583,1.00,0.99,1.7998,22,1,330,376,8,207,307,0,15,15,8,0,44406,3907,26,40,1008316416,0.000000,0.000000,0.000000,0.00,2,1,2,7,13,25,21,20,23,24,37,32,39,27,29,28,0,0,0.0007,0.0017,0.2007,0.0785,0.0135,0.4272,0.0164,9.3212,0.2076,0.4266,0.0000,0.0000,2.7333,0.0766,0.5635,0.3192,1.0003,0.0377,0.0000,48.5509,0.0008
1270,27.6613,2.0167,41.8461,17.9197,,true,5,0.008333,0.4491,0.0417,1.00,1.00,1.9792,22,1,336,376,8,211,311,0,15,15,8,0,44742,3915,18,40,1008316416,0.000000,0.000000,0.000000,0.00,2,1,2,7,13,25,21,20,23,24,37,32,39,27,27,36,0,0,0.0002,0.0020,0.1169,0.0665,0.0181,0.4499,0.0071,17.9197,0.0418,0.4491,0.0000,0.0000,3.0442,0.0608,0.6818,0.2913,1.2505,0.0183,0.0000,44.5745,0.0013
1271,27.6963,2.0583,41.7572,11.8934,,true,5,0.008333,0.3418,0.0417,1.00,1.00,2.0698,22,1,336,376,8,214,314,0,15,15,8,0,44742,3923,10,40,1008316416,0.000000,0.000000,0.000000,0.00,2,1,2,7,13,25,21,20,23,24,37,32,39,27,27,36,0,0,0.0002,0.0019,0.1241,0.0502,0.0062,0.3425,0.0046,11.8934,0.0678,0.3418,0.0000,0.0000,2.4948,0.0712,0.5835,0.2683,0.8867,0.0402,0.0000,60.4824,0.0003
1272,27.7415,2.0917,39.4972,16.7397,,true,4,0.008333,0.5094,0.0333,1.00,0.84,8.2336,22,1,348,376,2,215,315,0,15,15,8,0,45090,3925,2,10,1008316416,0.000000,0.000000,0.000000,0.00,2,1,2,7,13,25,21,20,21,32,36,36,39,27,26,40,0,0,0.0002,0.0033,0.3271,0.9872,0.0185,0.5108,0.0093,16.7397,0.0415,0.5094,0.0000,0.0000,2.3733,0.0416,0.6256,0.1491,0.7345,0.0267,0.0000,49.2684,0.0012
1273,27.7783,2.1417,43.0244,11.5977,,true,6,0.008333,0.7047,0.0500,1.00,1.00,1.2581,22,1,354,376,0,218,318,0,15,15,2,0,45444,3925,0,0,1008316416,0.000000,0.000000,0.000000,0.00,2,1,2,7,13,25,21,20,21,32,35,40,39,27,25,44,0,0,0.0011,0.0018,0.1074,0.0522,0.0058,0.7066,0.0058,11.5977,0.0320,0.7047,0.0000,0.0000,2.1990,0.0298,0.5828,0.2888,0.7758,0.0120,0.0000,14.6329,0.0017
1274,27.8208,2.1750,40.0397,13.4838,,true,4,0.008333,0.3450,0.0333,1.00,0.83,7.9644,22,1,354,376,0,219,319,0,15,15,0,0,45444,3925,0,0,1008316416,0.000000,0.000000,0.000000,0.00,2,1,2,7,13,25,21,20,21,32,35,40,39,27,25,44,0,0,0.0005,0.0023,0.0973,0.0633,0.0078,0.3457,0.0063,13.4838,0.0516,0.3450,0.0000,0.0000,1.5840,0.0004,0.5778,0.2474,0.0037,0.0015,0.0000,0.0000,0.0021
1275,27.8551,2.2167,41.7629,6.7053,,true,5,0.008333,0.3351,0.0417,1.00,1.00,8.0606,22,1,354,376,0,219,319,0,15,15,0,0,45444,3925,0,0,1008320512,0.000000,0.000000,0.000000,0.00,2,1,2,7,13,25,21,20,21,32,35,40,39,27,25,44,0,0,0.0003,0.0023,0.0522,0.0798,0.0082,0.3359,0.0049,6.7053,0.0193,0.3351,0.0000,0.0000,1.0657,0.0005,0.4888,0.1562,0.0015,0.0009,0.0000,0.0000,0.0005
1276,27.8637,2.2250,7.4653,7.7139,,true,1,0.008333,0.1091,0.0083,1.00,1.00,7.1926,22,1,354,376,0,220,320,0,15,15,0,0,45444,3925,0,0,1008320512,0.000000,0.000000,0.000000,0.00,2,1,2,7,13,25,21,20,21,32,35,40,39,27,25,44,0,0,0.0004,0.0013,0.0829,0.0365,0.0033,0.1099,0.0037,7.7139,0.0508,0.1091,0.0000,0.0000,1.5301,0.0003,0.4904,0.1438,0.0012,0.0005,0.0000,0.0000,0.0012
1277,27.8719,2.2333,9.0989,7.1285,,true,1,0.008333,0.1426,0.0083,1.00,0.92,7.9582,22,1,354,376,0,221,321,0,15,15,0,0,45444,3925,0,0,1008320512,0.000000,0.000000,0.000000,0.00,2,1,2,7,13,25,21,20,21,32,35,40,39,27,25,44,0,0,0.0003,0.0010,0.0639,0.0310,0.0040,0.1429,0.0026,7.1285,0.0304,0.1426,0.0000,0.0000,0.9917,0.0002,0.4910,0.1371,0.0006,0.0004,0.0000,0.0000,0.0003
1278,27.8930,2.2583,20.7589,7.5580,,true,3,0.008333,0.2369,0.0250,1.00,1.00,3.7171,22,1,354,376,0,222,322,0,15,15,0,0,45444,3925,0,0,1008320512,0.000000,0.000000,0.000000,0.00,2,1,2,7,13,25,21,20,21,32,35,40,39,27,25,44,0,0,0.0002,0.0011,0.0509,0.0273,0.0029,0.2372,0.0032,7.5580,0.0144,0.2369,0.0000,0.0000,1.1240,0.0004,0.5630,0.1785,0.0017,0.0010,0.0000,0.0000,0.0002
1279,27.9104,2.2750,17.2342,7.1635,,true,2,0.008333,0.1812,0.0167,1.00,0.97,4.2846,22,1,354,376,0,222,322,0,15,15,0,0,45444,3925,0,0,1008320512,0.000000,0.000000,0.000000,0.00,2,1,2,7,13,25,21,20,21,32,35,40,39,27,25,44,0,0,0.0003,0.0012,0.0417,1.0255,0.0028,0.1816,0.0036,7.1635,0.0116,0.1812,0.0000,0.0000,1.1191,0.0003,0.6109,0.1254,0.0006,0.0006,0.0000,0.0000,0.0004
1280,27.9293,2.2917,19.2187,6.9494,,true,2,0.008333,0.1673,0.0167,1.00,0.87,6.8366,22,1,354,376,0,223,323,0,15,15,0,0,45444,3925,0,0,1008320512,0.000000,0.000000,0.000000,0.00,2,1,2,7,13,25,21,20,21,32,35,40,39,27,25,44,0,0,0.0004,0.0011,0.0424,0.0261,0.0029,0.1677,0.0031,6.9494,0.0100,0.1673,0.0000,0.0000,1.4396,0.0009,0.5733,0.2901,0.0039,0.0019,0.0000,0.0000,0.0003
1281,27.9510,2.3167,21.6672,7.4062,,true,3,0.008333,0.2225,0.0250,1.00,1.00,3.5038,22,1,354,376,0,223,323,0,15,15,0,0,45444,3925,0,0,1008320512,0.000000,0.000000,0.000000,0.00,2,1,2,7,13,25,21,20,21,32,35,40,39,27,25,44,0,0,0.0002,0.0016,0.0381,0.0637,0.0029,0.2234,0.0091,7.4062,0.0118,0.2225,0.0000,0.0000,1.1236,0.0002,0.4362,0.1070,0.0007,0.0006,0.0000,0.0000,0.0005
1282,27.9702,2.3417,22.2651,4.6479,,true,3,0.008333,0.2004,0.0250,1.00,1.00,0.7690,22,1,354,376,0,224,324,0,15,15,0,0,45444,3925,0,0,1008320512,0.000000,0.000000,0.000000,0.00,2,1,2,7,13,25,21,20,21,32,35,40,39,27,25,44,0,0,0.0002,0.0009,0.0453,0.0232,0.0030,0.2014,0.0024,4.6479,0.0124,0.2004,0.0000,0.0000,0.8390,0.0001,0.3847,0.1044,0.0006,0.0004,0.0000,0.0000,0.0002
1283,27.9836,2.3500,13.3291,4.5173,,true,1,0.008333,0.1124,0.0083,1.00,0.63,5.7647,22,1,354,376,0,224,324,0,15,15,0,0,45444,3925,0,0,1008320512,0.000000,0.000000,0.000000,0.00,2,1,2,7,13,25,21,20,21,32,35,40,39,27,25,44,0,0,0.0002,0.0011,0.0416,0.0265,0.0041,0.1127,0.0049,4.5173,0.0169,0.1124,0.0000,0.0000,0.9984,0.0005,0.4720,0.1613,0.0013,0.0008,0.0000,0.0000,0.0003
1284,27.9992,2.3667,15.4623,4.6126,,true,2,0.008333,0.1591,0.0167,1.00,1.00,4.5603,22,1,354,376,0,225,325,0,15,15,0,0,45444,3925,0,0,1008324608,0.000000,0.000000,0.000000,0.00,2,1,2,7,13,25,21,20,21,32,35,40,39,27,25,44,0,0,0.0002,0.0009,0.0422,0.0283,0.0030,0.1596,0.0038,4.6126,0.0175,0.1591,0.0000,0.0000,1.0309,0.0004,0.4590,0.1802,0.0013,0.0010,0.0000,0.0000,0.0003
1285,28.0167,2.3833,17.1198,4.7850,,true,2,0.008333,0.1541,0.0167,1.00,0.97,5.0135,22,1,354,376,0,225,325,0,15,15,0,0,45444,3925,0,0,1008324608,0.000000,0.000000,0.000000,0.00,2,1,2,7,13,25,21,20,21,32,35,40,39,27,25,44,0,0,0.0002,0.0015,0.0435,0.0489,0.0068,0.1543,0.0062,4.7850,0.0109,0.1541,0.0000,0.0000,1.0168,0.0005,0.4899,0.1188,0.0010,0.0010,0.0000,0.0000,0.0006
1286,28.0342,2.4000,16.5373,5.4751,,true,2,0.008333,0.3400,0.0167,1.00,1.00,4.8841,22,1,354,376,0,225,325,0,15,15,0,0,45444,3925,0,0,1008324608,0.000000,0.000000,0.000000,0.00,2,1,2,7,13,25,21,20,21,32,35,40,39,27,25,44,0,0,0.0004,0.0024,0.0376,0.0409,0.0075,0.3410,0.0059,5.4751,0.0098,0.3400,0.0000,0.0000,1.0170,0.0002,0.4756,0.1181,0.0007,0.0006,0.0000,0.0000,0.0008
1287,28.0483,2.4167,15.4672,4.7427,,true,2,0.008333,0.1898,0.0167,1.00,1.00,3.6846,22,1,354,376,0,226,326,0,15,15,0,0,45444,3925,0,0,1008324608,0.000000,0.000000,0.000000,0.00,2,1,2,7,13,25,21,20,21,32,35,40,39,27,25,44,0,0,0.0001,0.0019,0.0379,0.0308,0.0053,0.1906,0.0044,4.7427,0.0159,0.1898,0.0000,0.0000,1.0208,0.0003,0.4581,0.1896,0.0006,0.0003,0.0000,0.0000,0.0003
1288,28.0642,2.4333,16.4809,3.9814,,true,2,0.008333,0.1764,0.0167,1.00,1.00,3.4989,22,1,354,376,0,226,326,0,15,15,0,0,45444,3925,0,0,1008324608,0.000000,0.000000,0.000000,0.00,2,1,2,7,13,25,21,20,21,32,35,40,39,27,25,44,0,0,0.0002,0.0015,0.0299,0.0252,0.0031,0.1770,0.0049,3.9814,0.0076,0.1764,0.0000,0.0000,0.8474,0.0002,0.4136,0.0977,0.0006,0.0004,0.0000,0.0000,0.0005
1289,28.0783,2.4500,14.2668,4.0031,,true,2,0.008333,0.1427,0.0167,1.00,1.00,1.0991,22,1,354,376,0,226,326,0,15,15,0,0,45444,3925,0,0,1008324608,0.000000,0.000000,0.000000,0.00,2,1,2,7,13,25,21,20,21,32,35,40,39,27,25,44,0,0,0.0001,0.0015,0.0319,0.0256,0.0043,0.1429,0.0037,4.0031,0.0092,0.1427,0.0000,0.0000,0.8578,0.0004,0.4168,0.1079,0.0007,0.0003,0.0000,0.0000,0.0005
1290,28.0980,2.4667,16.1388,7.3472,,true,2,0.008333,0.1483,0.0167,1.00,1.00,0.5712,22,1,354,376,0,227,327,0,15,15,0,0,45444,3925,0,0,1008324608,0.000000,0.000000,0.000000,0.00,2,1,2,7,13,25,21,20,21,32,35,40,39,27,25,44,0,0,0.0003,0.0012,0.0355,0.0244,0.0030,0.1485,0.0038,7.3472,0.0184,0.1483,0.0000,0.0000,0.9599,0.0004,0.4362,0.1800,0.0017,0.0008,0.0000,0.0000,0.0002
1291,28.1154,2.4833,19.0248,5.2565,,true,2,0.008333,0.1830,0.0167,1.00,0.88,2.9293,22,1,354,376,0,227,327,0,15,15,0,0,45444,3925,0,0,1008324608,0.000000,0.000000,0.000000,0.00,2,1,2,7,13,25,21,20,21,32,35,40,39,27,25,44,0,0,0.0002,0.0019,0.0865,0.0314,0.0054,0.1835,0.0053,5.2565,0.0181,0.1830,0.0000,0.0000,0.8820,0.0005,0.4177,0.1099,0.0013,0.0008,0.0000,0.0000,0.0008
1292,28.1346,2.5000,19.4384,5.1660,,true,2,0.008333,0.2906,0.0167,1.00,0.86,5.7010,22,1,354,376,0,227,327,0,15,15,0,0,45444,3925,0,0,1008324608,0.000000,0.000000,0.000000,0.00,2,1,2,7,13,25,21,20,21,32,35,40,39,27,25,44,0,0,0.0001,0.0014,0.0312,0.0658,0.0091,0.2911,0.0067,5.1660,0.0081,0.2906,0.0000,0.0000,0.9096,0.0002,0.4025,0.1105,0.0006,0.0003,0.0000,0.0000,0.0005
1293,28.1532,2.5167,18.0103,5.6484,,true,2,0.008333,0.1906,0.0167,1.00,0.93,7.0446,22,1,354,376,0,227,327,0,15,15,0,0,45444,3925,0,0,1008328704,0.000000,0.000000,0.000000,0.00,2,1,2,7,13,25,21,20,21,32,35,40,39,27,25,44,0,0,0.0006,0.0017,0.0431,0.0319,0.0050,0.1912,0.0114,5.6484,0.0094,0.1906,0.0000,0.0000,0.9673,0.0002,0.4631,0.1086,0.0006,0.0004,0.0000,0.0000,0.0009
1294,28.1722,2.5417,18.1425,6.4519,,true,3,0.008333,0.1812,0.0250,1.00,1.00,0.1871,22,1,354,376,0,227,327,0,15,15,0,0,45444,3925,0,0,1008328704,0.000000,0.000000,0.000000,0.00,2,1,2,7,13,25,21,20,21,32,35,40,39,27,25,44,0,0,0.0004,0.0013,0.0399,0.9999,0.0071,0.1818,0.0043,6.4519,0.0101,0.1812,0.0000,0.0000,1.0157,0.0038,0.5516,0.1015,0.0008,0.0066,0.0000,0.0000,0.0002
1295,28.1885,2.5583,17.6517,5.5254,,true,2,0.008333,0.2436,0.0167,1.00,0.94,1.1721,22,1,354,376,0,228,328,0,15,15,0,0,45444,3925,0,0,1008328704,0.000000,0.000000,0.000000,0.00,2,1,2,7,13,25,21,20,21,32,35,40,39,27,25,44,0,0,0.0002,0.0014,0.0529,0.0500,0.0105,0.2444,0.0275,5.5254,0.0139,0.2436,0.0000,0.0000,1.1715,0.0005,0.5146,0.1692,0.0020,0.0014,0.0000,0.0000,0.0005
1296,28.2154,2.5750,18.5167,13.4319,,true,2,0.008333,0.2433,0.0167,1.00,0.90,3.0222,22,1,342,376,8,228,328,0,15,15,0,0,45786,3933,41,40,1008328704,0.000000,0.000000,0.000000,0.00,2,1,2,7,13,25,21,20,22,28,36,36,39,27,27,36,0,0,0.0003,0.0017,0.0589,0.0524,0.0082,0.2438,0.0048,13.4319,0.0206,0.2433,0.0000,0.0000,7.1419,0.0008,0.5597,0.1325,0.8188,0.0007,0.0000,0.0000,4.9007
1297,28.2264,2.5917,18.5888,6.2193,,true,2,0.008333,0.1361,0.0167,1.00,0.90,4.9443,22,1,330,376,8,224,324,0,15,15,6,0,46116,3939,35,40,1008328704,0.000000,0.000000,0.000000,0.00,2,1,2,7,13,25,21,20,22,28,36,36,40,24,25,28,0,0,0.0006,0.0038,0.0415,0.0450,0.0059,0.1369,0.0083,6.2193,0.0119,0.1361,0.0000,0.0000,1.6932,0.0288,0.4563,0.0905,0.5734,0.0118,0.0000,36.3039,0.0007
1298,28.2865,2.6417,53.1318,12.8584,,true,6,0.008333,0.5466,0.0500,1.00,0.94,8.0761,22,1,330,376,8,223,323,0,15,15,8,0,46446,3947,27,40,1008328704,0.000000,0.000000,0.000000,0.00,2,1,2,7,13,25,21,20,22,28,35,40,40,24,26,24,0,0,0.0017,0.0017,0.0860,0.1633,0.0074,0.5474,0.0079,12.8584,0.0369,0.5466,0.0000,0.0000,2.7087,0.0372,0.7618,0.2245,0.8063,0.0253,0.0000,45.1808,0.0012
1299,28.3361,2.7000,53.6116,8.9301,,true,7,0.008333,0.6743,0.0583,1.00,1.00,3.3543,22,1,336,376,8,227,327,0,15,15,8,0,46782,3955,19,40,1008328704,0.000000,0.000000,0.000000,0.00,2,1,2,7,13,25,21,20,22,28,35,40,40,22,34,24,0,0,0.0003,0.0024,0.0478,0.0503,0.0083,0.6755,0.0062,8.9301,0.0244,0.6743,0.0000,0.0000,1.8385,0.0259,0.4646,0.1695,0.5852,0.0140,0.0000,52.6271,0.0008
1300,28.3687,2.7333,32.7602,9.0810,,true,4,0.008333,0.3447,0.0333,1.00,1.00,2.7812,22,1,339,376,8,230,330,0,15,15,8,0,47121,3963,11,40,1008328704,0.000000,0.000000,0.000000,0.00,2,1,2,7,13,25,21,20,22,28,35,40,40,22,33,28,0,0,0.0006,0.0014,0.0701,0.0302,0.0057,0.3454,0.0157,9.0810,0.0436,0.3447,0.0000,0.0000,1.7341,0.0204,0.4508,0.1795,0.6050,0.0080,0.0000,51.1993,0.0004
1301,28.4241,2.7833,52.3270,11.8269,,true,6,0.008333,0.5323,0.0500,1.00,0.96,5.1082,22,1,348,376,3,232,332,0,15,15,8,0,47469,3966,3,15,1008328704,0.000000,0.000000,0.000000,0.00,2,1,2,7,13,25,21,20,22,28,35,40,39,25,36,32,0,0,0.0003,0.0019,0.0809,0.0391,0.0064,0.5325,0.0050,11.8269,0.0352,0.5323,0.0000,0.0000,3.2651,0.0725,0.9133,0.3378,1.0823,0.0433,0.0000,50.7756,0.0010
1302,28.4547,2.8167,33.4354,8.9620,,true,4,0.008333,0.3071,0.0333,1.00,1.00,5.2103,22,1,354,376,0,233,333,0,15,15,3,0,47823,3966,0,0,1008328704,0.000000,0.000000,0.000000,0.00,2,1,2,7,13,25,21,20,22,28,35,40,38,28,40,32,0,0,0.0003,0.0017,0.1074,0.0789,0.0055,0.3080,0.0044,8.9620,0.0461,0.3071,0.0000,0.0000,1.9785,0.0399,0.5137,0.2714,0.7126,0.0172,0.0000,19.4458,0.0003
1303,28.5001,2.8583,44.6036,9.4353,,true,5,0.008333,0.4032,0.0417,1.00,0.93,8.1472,22,1,354,376,0,234,334,0,15,15,0,0,47823,3966,0,0,1008332800,0.000000,0.000000,0.000000,0.00,2,1,2,7,13,25,21,20,22,28,35,40,38,28,40,32,0,0,0.0004,0.0020,0.0755,0.0500,0.0121,0.4045,0.0052,9.4353,0.0411,0.4032,0.0000,0.0000,1.6818,0.0007,0.7839,0.2998,0.0042,0.0008,0.0000,0.0000,0.0013
1304,28.5292,2.8917,32.7258,6.3048,,true,4,0.008333,0.4295,0.0333,1.00,1.00,7.5397,22,1,354,376,0,235,335,0,15,15,0,0,47823,3966,0,0,1008332800,0.000000,0.000000,0.000000,0.00,2,1,2,7,13,25,21,20,22,28,35,40,38,28,40,32,0,0,0.0003,0.0016,0.0563,0.0404,0.0053,0.4301,0.0044,6.3048,0.0216,0.4295,0.0000,0.0000,1.0790,0.0004,0.5030,0.1428,0.0010,0.0003,0.0000,0.0000,0.0013
1305,28.5356,2.9000,6.5783,5.5512,,true,1,0.008333,0.1071,0.0083,1.00,1.00,5.7847,22,1,354,376,0,235,335,0,15,15,0,0,47823,3966,0,0,1008332800,0.000000,0.000000,0.000000,0.00,2,1,2,7,13,25,21,20,22,28,35,40,38,28,40,32,0,0,0.0003,0.0018,0.0475,0.0428,0.0035,0.1074,0.0054,5.5512,0.0143,0.1071,0.0000,0.0000,1.0240,0.0001,0.5236,0.1083,0.0009,0.0003,0.0000,0.0000,0.0000
1306,28.5418,2.9083,5.8865,5.5637,,true,1,0.008333,0.1014,0.0083,1.00,1.00,3.3379,22,1,354,376,0,237,337,0,15,15,0,0,47823,3966,0,0,1008332800,0.000000,0.000000,0.000000,0.00,2,1,2,7,13,25,21,20,22,28,35,40,38,28,40,32,0,0,0.0002,0.0007,0.0457,0.0273,0.0024,0.1019,0.0033,5.5637,0.0133,0.1014,0.0000,0.0000,1.1094,0.0005,0.5700,0.1282,0.0006,0.0006,0.0000,0.0000,0.0002
1307,28.5543,2.9250,14.7083,4.6624,,true,2,0.008333,0.1694,0.0167,1.00,1.00,1.3795,22,1,354,376,0,238,338,0,15,15,0,0,47823,3966,0,0,1008332800,0.000000,0.000000,0.000000,0.00,2,1,2,7,13,25,21,20,22,28,35,40,38,28,40,32,0,0,0.0003,0.0008,0.0321,0.0261,0.0028,0.1700,0.0042,4.6624,0.0081,0.1694,0.0000,0.0000,0.8747,0.0001,0.4164,0.0988,0.0004,0.0003,0.0000,0.0000,0.0006
1308,28.5694,2.9333,14.3575,5.5033,,true,1,0.008333,0.1206,0.0083,1.00,0.58,7.4037,22,1,354,376,0,238,338,0,15,15,0,0,47823,3966,0,0,1008332800,0.000000,0.000000,0.000000,0.00,2,1,2,7,13,25,21,20,22,28,35,40,38,28,40,32,0,0,0.0002,0.0009,0.0432,0.0319,0.0035,0.1209,0.0041,5.5033,0.0169,0.1206,0.0000,0.0000,1.1819,0.0004,0.5766,0.1761,0.0015,0.0004,0.0000,0.0000,0.0003
1309,28.5847,2.9500,15.5711,5.0371,,true,2,0.008333,0.1778,0.0167,1.00,1.00,6.3081,22,1,354,376,0,238,338,0,15,15,0,0,47823,3966,0,0,1008332800,0.000000,0.000000,0.000000,0.00,2,1,2,7,13,25,21,20,22,28,35,40,38,28,40,32,0,0,0.0003,0.0013,0.0439,0.0352,0.0044,0.1782,0.0031,5.0371,0.0156,0.1778,0.0000,0.0000,0.9253,0.0008,0.4063,0.1643,0.0004,0.0010,0.0000,0.0000,0.0003
1310,28.5998,2.9667,15.0370,5.1688,,true,2,0.008333,0.1482,0.0167,1.00,1.00,4.6784,22,1,354,376,0,239,339,0,15,15,0,0,47823,3966,0,0,1008332800,0.000000,0.000000,0.000000,0.00,2,1,2,7,13,25,21,20,22,28,35,40,38,28,40,32,0,0,0.0002,0.0019,0.0524,0.0299,0.0039,0.1492,0.0059,5.1688,0.0167,0.1482,0.0000,0.0000,1.1868,0.0004,0.5707,0.1520,0.0020,0.0007,0.0000,0.0000,0.0004
1311,28.6157,2.9833,15.6408,5.4320,,true,2,0.008333,0.1573,0.0167,1.00,1.00,3.6525,22,1,354,376,0,239,339,0,15,15,0,0,47823,3966,0,0,1008332800,0.000000,0.000000,0.000000,0.00,2,1,2,7,13,25,21,20,22,28,35,40,38,28,40,32,0,0,0.0002,0.0009,0.0648,0.0233,0.0031,0.1583,0.0039,5.4320,0.0203,0.1573,0.0000,0.0000,1.2182,0.0001,0.5730,0.1869,0.0013,0.0032,0.0000,0.0000,0.0004
1312,28.6319,3.0000,16.3497,5.0583,,true,2,0.008333,0.1726,0.0167,1.00,1.00,3.3355,22,1,354,376,0,240,340,0,15,15,0,0,47823,3966,0,0,1008336896,0.000000,0.000000,0.000000,0.00,2,1,2,7,13,25,21,20,22,28,35,40,38,28,40,32,0,0,0.0002,0.0011,0.0434,0.0448,0.0019,0.1730,0.0052,5.0583,0.0094,0.1726,0.0000,0.0000,1.1856,0.0003,0.5900,0.1290,0.0007,0.0003,0.0000,0.0000,0.0009
1313,28.6476,3.0167,15.9126,4.9631,,true,2,0.008333,0.1290,0.0167,1.00,1.00,2.5814,22,1,354,376,0,240,340,0,15,15,0,0,47823,3966,0,0,1008336896,0.000000,0.000000,0.000000,0.00,2,1,2,7,13,25,21,20,22,28,35,40,38,28,40,32,0,0,0.0001,0.0017,0.0285,0.0870,0.0038,0.1292,0.0062,4.9631,0.0080,0.1290,0.0000,0.0000,0.9066,0.0010,0.4409,0.1176,0.0017,0.0010,0.0000,0.0000,0.0004
1314,28.6633,3.0333,15.6822,4.9248,,true,2,0.008333,0.1279,0.0167,1.00,1.00,1.5969,22,1,354,376,0,241,341,0,15,15,0,0,47823,3966,0,0,1008336896,0.000000,0.000000,0.000000,0.00,2,1,2,7,13,25,21,20,22,28,35,40,38,28,40,32,0,0,0.0002,0.0013,0.0459,0.0265,0.0024,0.1284,0.0026,4.9248,0.0100,0.1279,0.0000,0.0000,1.1906,0.0004,0.5749,0.1507,0.0005,0.0006,0.0000,0.0000,0.0003
1315,28.6783,3.0500,15.4825,4.6086,,true,2,0.008333,0.1146,0.0167,1.00,1.00,0.4128,22,1,354,376,0,241,341,0,15,15,0,0,47823,3966,0,0,1008336896,0.000000,0.000000,0.000000,0.00,2,1,2,7,13,25,21,20,22,28,35,40,38,28,40,32,0,0,0.0002,0.0008,0.0475,0.0216,0.0019,0.1152,0.0036,4.6086,0.0093,0.1146,0.0000,0.0000,1.1727,0.0002,0.5691,0.1367,0.0006,0.0004,0.0000,0.0000,0.0003
1316,28.6940,3.0583,15.4152,4.8360,,true,1,0.008333,0.0953,0.0083,1.00,0.54,7.4947,22,1,354,376,0,241,341,0,15,15,0,0,47823,3966,0,0,1008336896,0.000000,0.000000,0.000000,0.00,2,1,2,7,13,25,21,20,22,28,35,40,38,28,40,32,0,0,0.0006,0.0011,0.0359,0.0234,0.0030,0.0956,0.0037,4.8360,0.0161,0.0953,0.0000,0.0000,0.8749,0.0003,0.4273,0.1318,0.0010,0.0003,0.0000,0.0000,0.0004
1317,28.7090,3.0750,15.1225,4.7394,,true,2,0.008333,0.1420,0.0167,1.00,1.00,5.9505,22,1,354,376,0,241,341,0,15,15,0,0,47823,3966,0,0,1008336896,0.000000,0.000000,0.000000,0.00,2,1,2,7,13,25,21,20,22,28,35,40,38,28,40,32,0,0,0.0003,0.0008,0.0311,0.0322,0.0037,0.1426,0.0047,4.7394,0.0094,0.1420,0.0000,0.0000,0.8424,0.0002,0.4207,0.1182,0.0005,0.0004,0.0000,0.0000,0.0001
1318,28.7247,3.0917,16.0534,4.2558,,true,2,0.008333,0.1027,0.0167,1.00,1.00,5.3373,22,1,354,376,0,241,341,0,15,15,0,0,47823,3966,0,0,1008336896,0.000000,0.000000,0.000000,0.00,2,1,2,7,13,25,21,20,22,28,35,40,38,28,40,32,0,0,0.0002,0.0010,0.0416,0.0195,0.0030,0.1029,0.0031,4.2558,0.0115,0.1027,0.0000,0.0000,0.9019,0.0003,0.4202,0.1410,0.0012,0.0008,0.0000,0.0000,0.0001
1319,28.7405,3.1083,15.3281,4.9049,,true,2,0.008333,0.2149,0.0167,1.00,1.00,3.9987,22,1,354,376,0,241,341,0,15,15,0,0,47823,3966,0,0,1008336896,0.000000,0.000000,0.000000,0.00,2,1,2,7,13,25,21,20,22,28,35,40,38,28,40,32,0,0,0.0002,0.0009,0.0430,0.0303,0.0043,0.2164,0.0030,4.9049,0.0091,0.2149,0.0000,0.0000,0.8875,0.0004,0.4132,0.1438,0.0021,0.0008,0.0000,0.0000,0.0001
1320,28.7561,3.1250,15.7400,4.9821,,true,2,0.008333,0.2115,0.0167,1.00,1.00,3.0721,22,1,354,376,0,242,342,0,15,15,0,0,47823,3966,0,0,1008336896,0.000000,0.000000,0.000000,0.00,2,1,2,7,13,25,21,20,22,28,35,40,38,28,40,32,0,0,0.0002,0.0009,0.0309,0.0268,0.0043,0.2120,0.0048,4.9821,0.0095,0.2115,0.0000,0.0000,0.8584,0.0004,0.4115,0.1387,0.0009,0.0003,0.0000,0.0000,0.0003
1321,28.7726,3.1417,15.9006,5.3079,,true,2,0.008333,0.2594,0.0167,1.00,1.00,2.3060,22,1,354,376,0,242,342,0,15,15,0,0,47823,3966,0,0,1008340992,0.000000,0.000000,0.000000,0.00,2,1,2,7,13,25,21,20,22,28,35,40,38,28,40,32,0,0,0.0003,0.0008,0.0488,0.0349,0.0032,0.2602,0.0035,5.3079,0.0099,0.2594,0.0000,0.0000,1.1860,0.0005,0.5713,0.1521,0.0012,0.0006,0.0000,0.0000,0.0004
1322,28.7885,3.1583,15.9673,5.0593,,true,2,0.008333,0.1572,0.0167,1.00,1.00,1.6066,22,1,354,376,0,242,342,0,15,15,0,0,47823,3966,0,0,1008340992,0.000000,0.000000,0.000000,0.00,2,1,2,7,13,25,21,20,22,28,35,40,38,28,40,32,0,0,0.0002,0.0021,0.0436,0.0374,0.0052,0.1577,0.0041,5.0593,0.0094,0.1572,0.0000,0.0000,1.1558,0.0002,0.5780,0.1388,0.0008,0.0003,0.0000,0.0000,0.0005
1323,28.8033,3.1750,15.2376,4.7255,,true,2,0.008333,0.1880,0.0167,1.00,1.00,0.1776,22,1,354,376,0,243,343,0,15,15,0,0,47823,3966,0,0,1008381952,0.000000,0.000000,0.000000,0.00,2,1,2,7,13,25,21,20,22,28,35,40,38,28,40,32,0,0,0.0001,0.0006,0.0300,0.0212,0.0021,0.1885,0.0028,4.7255,0.0080,0.1880,0.0000,0.0000,0.9241,0.0005,0.4179,0.1560,0.0013,0.0008,0.0000,0.0000,0.0002
1324,28.8189,3.1833,15.3875,4.9214,,true,1,0.008333,0.0980,0.0083,1.00,0.54,7.2318,22,1,354,376,0,243,343,0,15,15,0,0,47823,3966,0,0,1008381952,0.000000,0.000000,0.000000,0.00,2,1,2,7,13,25,21,20,22,28,35,40,38,28,40,32,0,0,0.0003,0.0013,0.0462,0.0308,0.0031,0.0985,0.0060,4.9214,0.0094,0.0980,0.0000,0.0000,1.1443,0.0003,0.5945,0.1261,0.0005,0.0003,0.0000,0.0000,0.0002
1325,28.8345,3.2000,15.6567,4.8762,,true,2,0.008333,0.1846,0.0167,1.00,1.00,6.2218,22,1,354,376,0,243,343,0,15,15,0,0,47823,3966,0,0,1008381952,0.000000,0.000000,0.000000,0.00,2,1,2,7,13,25,21,20,22,28,35,40,38,28,40,32,0,0,0.0003,0.0017,0.0309,0.0325,0.0049,0.1857,0.0034,4.8762,0.0053,0.1846,0.0000,0.0000,0.8477,0.0002,0.4195,0.0954,0.0003,0.0003,0.0000,0.0000,0.0002
1326,28.8498,3.2167,15.5017,4.6585,,true,2,0.008333,0.1748,0.0167,1.00,1.00,5.0569,22,1,354,376,0,243,343,0,15,15,0,0,47823,3966,0,0,1008381952,0.000000,0.000000,0.000000,0.00,2,1,2,7,13,25,21,20,22,28,35,40,38,28,40,32,0,0,0.0002,0.0027,0.0282,0.0299,0.0034,0.1756,0.0049,4.6585,0.0063,0.1748,0.0000,0.0000,0.8796,0.0005,0.4388,0.1076,0.0006,0.0005,0.0000,0.0000,0.0001
1327,28.8656,3.2333,15.4173,4.9471,,true,2,0.008333,0.1660,0.0167,1.00,1.00,3.8075,22,1,354,376,0,243,343,0,15,15,0,0,47823,3966,0,0,1008381952,0.000000,0.000000,0.000000,0.00,2,1,2,7,13,25,21,20,22,28,35,40,38,28,40,32,0,0,0.0002,0.0008,0.0390,0.0280,0.0030,0.1667,0.0026,4.9471,0.0095,0.1660,0.0000,0.0000,1.1408,0.0003,0.5639,0.1454,0.0011,0.0008,0.0000,0.0000,0.0004
1328,28.8826,3.2500,16.2485,5.7118,,true,2,0.008333,0.1968,0.0167,1.00,1.00,3.3893,22,1,354,376,0,243,343,0,15,15,0,0,47823,3966,0,0,1008381952,0.000000,0.000000,0.000000,0.00,2,1,2,7,13,25,21,20,22,28,35,40,38,28,40,32,0,0,0.0001,0.0018,0.0463,0.0248,0.0025,0.1971,0.0034,5.7118,0.0098,0.1968,0.0000,0.0000,1.1818,0.0003,0.5889,0.1339,0.0006,0.0005,0.0000,0.0000,0.0005
1329,28.8988,3.2667,16.3681,5.6226,,true,2,0.008333,0.1175,0.0167,1.00,1.00,3.0907,22,1,354,376,0,243,343,0,15,15,0,0,47823,3966,0,0,1008381952,0.000000,0.000000,0.000000,0.00,2,1,2,7,13,25,21,20,22,28,35,40,38,28,40,32,0,0,0.0003,0.0009,0.0500,0.0240,0.0022,0.1178,0.0048,5.6226,0.0109,0.1175,0.0000,0.0000,1.2259,0.0003,0.5844,0.1363,0.0007,0.0004,0.0000,0.0000,0.0005
1330,28.9136,3.2833,15.1608,5.3054,,true,2,0.008333,0.1300,0.0167,1.00,1.00,1.5849,22,1,354,376,0,244,344,0,15,15,0,0,47823,3966,0,0,1008381952,0.000000,0.000000,0.000000,0.00,2,1,2,7,13,25,21,20,22,28,35,40,38,28,40,32,0,0,0.0003,0.0011,0.0477,0.0419,0.0018,0.1383,0.0069,5.3054,0.0100,0.1300,0.0000,0.0000,1.2684,0.0016,0.6183,0.1282,0.0007,0.0047,0.0000,0.0000,0.0009
1331,28.9287,3.3000,15.3071,5.1823,,true,2,0.008333,0.1822,0.0167,1.00,1.00,0.2253,22,1,354,376,0,244,344,0,15,15,0,0,47823,3966,0,0,1008386048,0.000000,0.000000,0.000000,0.00,2,1,2,7,13,25,21,20,22,28,35,40,38,28,40,32,0,0,0.0010,0.0013,0.0380,0.0268,0.0028,0.1827,0.0054,5.1823,0.0096,0.1822,0.0000,0.0000,1.1342,0.0001,0.5736,0.1339,0.0004,0.0002,0.0000,0.0000,0.0004
1332,28.9439,3.3083,15.3804,4.9034,,true,1,0.008333,0.1389,0.0083,1.00,0.54,7.2724,22,1,354,376,0,244,344,0,15,15,0,0,47823,3966,0,0,1008386048,0.000000,0.000000,0.000000,0.00,2,1,2,7,13,25,21,20,22,28,35,40,38,28,40,32,0,0,0.0004,0.0007,0.0409,0.0356,0.0038,0.1396,0.0036,4.9034,0.0139,0.1389,0.0000,0.0000,0.9634,0.0005,0.4386,0.1591,0.0014,0.0006,0.0000,0.0000,0.0009
1333,28.9677,3.3250,15.6907,12.9082,,true,2,0.008333,0.1191,0.0167,1.00,1.00,6.2964,22,1,351,376,8,244,344,0,15,15,0,0,48174,3974,14,40,1008386048,0.000000,0.000000,0.000000,0.00,2,1,2,7,13,25,21,20,22,28,36,36,38,28,40,32,0,0,0.0002,0.0012,0.0450,0.0288,0.0021,0.1196,0.0059,12.9082,0.0098,0.1191,0.0000,0.0000,7.2650,0.0003,0.5738,0.1569,0.8152,0.0006,0.0000,0.0000,5.1212
1334,28.9771,3.3417,16.0906,6.2667,,true,2,0.008333,0.1446,0.0167,1.00,1.00,5.7204,22,1,345,376,8,248,348,0,15,15,4,0,48519,3978,10,40,1008386048,0.000000,0.000000,0.000000,0.00,2,1,2,7,13,25,21,20,22,28,36,36,38,28,42,24,0,0,0.0002,0.0014,0.0442,0.0395,0.0049,0.1448,0.0032,6.2667,0.0172,0.1446,0.0000,0.0000,1.9616,0.0106,0.6277,0.1039,0.6356,0.0056,0.0000,27.0435,0.0008
1335,29.0407,3.4000,54.5461,14.5093,,true,7,0.008333,0.7321,0.0583,1.00,1.00,1.9331,22,1,351,376,2,254,354,0,15,15,8,0,48870,3980,2,10,1008386048,0.000000,0.000000,0.000000,0.00,2,1,2,7,13,25,21,20,22,28,36,36,37,31,46,24,0,0,0.0009,0.0021,0.1349,0.0661,0.0176,0.7330,0.0128,14.5093,0.0602,0.7321,0.0000,0.0000,2.3983,0.0603,0.6474,0.2843,0.7375,0.0274,0.0000,46.3111,0.0004
1336,29.0893,3.4500,52.0278,11.5587,,true,6,0.008333,0.3712,0.0500,1.00,0.96,3.9609,22,1,354,376,0,255,355,0,15,15,2,0,49224,3980,0,0,1008320512,0.000000,0.000000,0.000000,0.00,2,1,2,7,13,25,21,20,22,28,36,36,37,31,45,28,0,0,0.0015,0.0027,0.0460,0.0559,0.0091,0.3730,0.0068,11.5587,0.0276,0.3712,0.0000,0.0000,2.8889,0.0507,0.8546,0.3380,0.9156,0.0308,0.0000,12.3109,0.0006
1337,29.1275,3.4917,37.9739,11.6033,,true,5,0.008333,0.3259,0.0417,1.00,1.00,0.2682,22,1,354,376,0,257,357,0,15,15,0,0,49224,3980,0,0,1008377856,0.000000,0.000000,0.000000,0.00,2,1,2,7,13,25,21,20,22,28,36,36,37,31,45,28,0,0,0.0003,0.0015,0.0889,0.0540,0.0076,0.3269,0.0063,11.6033,0.0504,0.3259,0.0000,0.0000,1.5281,0.0009,0.6637,0.3109,0.0034,0.0019,0.0000,0.0000,0.0009
1338,29.1758,3.5417,52.6625,7.5358,,true,6,0.008333,0.6090,0.0500,1.00,0.95,2.9306,22,1,354,376,0,258,358,0,15,15,0,0,49224,3980,0,0,1008377856,0.000000,0.000000,0.000000,0.00,2,1,2,7,13,25,21,20,22,28,36,36,37,31,45,28,0,0,0.0002,0.0022,0.0524,0.0354,0.0053,0.6100,0.0070,7.5358,0.0182,0.6090,0.0000,0.0000,1.2416,0.0005,0.5991,0.1673,0.0015,0.0011,0.0000,0.0000,0.0009
1339,29.1819,3.5417,5.3137,5.3249,,true,0,0.008333,0.0052,0.0000,1.00,0.00,8.2444,22,1,354,376,0,256,356,0,15,15,0,0,49224,3980,0,0,1008377856,0.000000,0.000000,0.000000,0.00,2,1,2,7,13,25,21,20,22,28,36,36,37,31,45,28,0,0,0.0002,0.0010,0.0511,0.0397,0.0019,0.0057,0.0051,5.3249,0.0141,0.0052,0.0000,0.0000,1.3579,0.0003,0.6225,0.1732,0.0015,0.0007,0.0000,0.0000,0.0005
1340,29.1869,3.5500,7.9905,4.3341,,true,1,0.008333,0.0596,0.0083,1.00,1.00,7.9015,22,1,354,376,0,256,356,0,15,15,0,0,49224,3980,0,0,1008381952,0.000000,0.000000,0.000000,0.00,2,1,2,7,13,25,21,20,22,28,36,36,37,31,45,28,0,0,0.0003,0.0004,0.0296,0.0193,0.0010,0.0599,0.0031,4.3341,0.0065,0.0596,0.0000,0.0000,0.7941,0.0001,0.4255,0.0915,0.0003,0.0003,0.0000,0.0000,0.0001
1341,29.1985,3.5667,12.4371,5.0515,,true,2,0.008333,0.1714,0.0167,1.00,1.00,3.6720,22,1,354,376,0,256,356,0,15,15,0,0,49224,3980,0,0,1008381952,0.000000,0.000000,0.000000,0.00,2,1,2,7,13,25,21,20,22,28,36,36,37,31,45,28,0,0,0.0002,0.0010,0.0428,0.0298,0.0032,0.1717,0.0041,5.0515,0.0136,0.1714,0.0000,0.0000,1.1580,0.0003,0.5705,0.1722,0.0009,0.0012,0.0000,0.0000,0.0003
1342,29.2152,3.5833,16.0727,5.4424,,true,2,0.008333,0.2028,0.0167,1.00,1.00,3.0780,22,1,354,376,0,257,357,0,15,15,0,0,49224,3980,0,0,1008381952,0.000000,0.000000,0.000000,0.00,2,1,2,7,13,25,21,20,22,28,36,36,37,31,45,28,0,0,0.0003,0.0011,0.0553,0.0308,0.0041,0.2035,0.0032,5.4424,0.0186,0.2028,0.0000,0.0000,1.2002,0.0005,0.5757,0.1861,0.0014,0.0015,0.0000,0.0000,0.0003
1343,29.2304,3.6000,15.7932,4.8599,,true,2,0.008333,0.1291,0.0167,1.00,1.00,2.2045,22,1,354,376,0,258,358,0,15,15,0,0,49224,3980,0,0,1008381952,0.000000,0.000000,0.000000,0.00,2,1,2,7,13,25,21,20,22,28,36,36,37,31,45,28,0,0,0.0004,0.0008,0.0345,0.0237,0.0030,0.1296,0.0034,4.8599,0.0129,0.1291,0.0000,0.0000,0.8477,0.0002,0.4115,0.1245,0.0013,0.0005,0.0000,0.0000,0.0003
1344,29.2465,3.6167,15.6034,5.3534,,true,2,0.008333,0.1666,0.0167,1.00,1.00,1.1413,22,1,354,376,0,258,358,0,15,15,0,0,49224,3980,0,0,1008381952,0.000000,0.000000,0.000000,0.00,2,1,2,7,13,25,21,20,22,28,36,36,37,31,45,28,0,0,0.0003,0.0013,0.0437,0.0292,0.0031,0.1670,0.0043,5.3534,0.0115,0.1666,0.0000,0.0000,1.2138,0.0005,0.5990,0.1800,0.0015,0.0011,0.0000,0.0000,0.0007
1345,29.2620,3.6333,15.6801,5.0583,,true,2,0.008333,0.1463,0.0167,1.00,1.00,0.1548,22,1,354,376,0,259,359,0,15,15,0,0,49224,3980,0,0,1008381952,0.000000,0.000000,0.000000,0.00,2,1,2,7,13,25,21,20,22,28,36,36,37,31,45,28,0,0,0.0003,0.0009,0.0458,0.0271,0.0034,0.1466,0.0032,5.0583,0.0098,0.1463,0.0000,0.0000,1.2144,0.0004,0.5848,0.1766,0.0008,0.0010,0.0000,0.0000,0.0006
1346,29.2785,3.6417,16.1286,5.3737,,true,1,0.008333,0.1904,0.0083,1.00,0.52,7.9500,22,1,354,376,0,258,358,0,15,15,0,0,49224,3980,0,0,1008381952,0.000000,0.000000,0.000000,0.00,2,1,2,7,13,25,21,20,22,28,36,36,37,31,45,28,0,0,0.0002,0.0017,0.0668,0.0267,0.0038,0.1907,0.0051,5.3737,0.0114,0.1904,0.0000,0.0000,1.4007,0.0002,0.8309,0.0954,0.0011,0.0003,0.0000,0.0000,0.0007
1347,29.2928,3.6583,14.9065,4.9172,,true,2,0.008333,0.1683,0.0167,1.00,1.00,6.1898,22,1,354,376,0,258,358,0,15,15,0,0,49224,3980,0,0,1008381952,0.000000,0.000000,0.000000,0.00,2,1,2,7,13,25,21,20,22,28,36,36,37,31,45,28,0,0,0.0003,0.0012,0.0440,0.0214,0.0020,0.1691,0.0044,4.9172,0.0092,0.1683,0.0000,0.0000,1.1851,0.0009,0.6091,0.1517,0.0008,0.0009,0.0000,0.0000,0.0003
1348,29.3077,3.6750,15.2678,4.5473,,true,2,0.008333,0.1788,0.0167,1.00,1.00,4.7909,22,1,354,376,0,258,358,0,15,15,0,0,49224,3980,0,0,1008869376,0.000000,0.000000,0.000000,0.00,2,1,2,7,13,25,21,20,22,28,36,36,37,31,45,28,0,0,0.0003,0.0008,0.0371,0.0291,0.0030,0.1792,0.0050,4.5473,0.0144,0.1788,0.0000,0.0000,0.8465,0.0002,0.4189,0.1147,0.0009,0.0004,0.0000,0.0000,0.0004
1349,29.3230,3.6917,15.3129,4.7336,,true,2,0.008333,0.1637,0.0167,1.00,1.00,3.4371,22,1,354,376,0,258,358,0,15,15,0,0,49224,3980,0,0,1008873472,0.000000,0.000000,0.000000,0.00,2,1,2,7,13,25,21,20,22,28,36,36,37,31,45,28,0,0,0.0002,0.0011,0.0289,0.0323,0.0051,0.1642,0.0052,4.7336,0.0080,0.1637,0.0000,0.0000,0.8697,0.0002,0.4248,0.1143,0.0008,0.0006,0.0000,0.0000,0.0004
1350,29.3412,3.7083,17.2279,5.3950,,true,2,0.008333,0.1820,0.0167,1.00,0.97,3.9984,22,1,354,376,0,258,358,0,15,15,0,0,49224,3980,0,0,1008873472,0.000000,0.000000,0.000000,0.00,2,1,2,7,13,25,21,20,22,28,36,36,37,31,45,28,0,0,0.0002,0.0013,0.0452,0.0524,0.0103,0.1823,0.0054,5.3950,0.0094,0.1820,0.0000,0.0000,1.2111,0.0003,0.6124,0.1287,0.0006,0.0005,0.0000,0.0000,0.0013
1351,29.3568,3.7250,15.6603,5.5188,,true,2,0.008333,0.2233,0.0167,1.00,1.00,2.9920,22,1,354,376,0,258,358,0,15,15,0,0,49224,3980,0,0,1008873472,0.000000,0.000000,0.000000,0.00,2,1,2,7,13,25,21,20,22,28,36,36,37,31,45,28,0,0,0.0002,0.0011,0.0518,0.0322,0.0040,0.2242,0.0040,5.5188,0.0133,0.2233,0.0000,0.0000,1.2100,0.0007,0.5816,0.1874,0.0017,0.0010,0.0000,0.0000,0.0003
1352,29.3732,3.7417,16.5342,5.2093,,true,2,0.008333,0.1632,0.0167,1.00,1.00,2.8596,22,1,354,376,0,258,358,0,15,15,0,0,49224,3980,0,0,1008873472,0.000000,0.000000,0.000000,0.00,2,1,2,7,13,25,21,20,22,28,36,36,37,31,45,28,0,0,0.0002,0.0011,0.0508,0.0257,0.0025,0.1635,0.0038,5.2093,0.0094,0.1632,0.0000,0.0000,1.1484,0.0003,0.6002,0.1271,0.0006,0.0003,0.0000,0.0000,0.0004
1353,29.3891,3.7583,15.7580,5.6449,,true,2,0.008333,0.2769,0.0167,1.00,1.00,1.9510,22,1,354,376,0,259,359,0,15,15,0,0,49224,3980,0,0,1008873472,0.000000,0.000000,0.000000,0.00,2,1,2,7,13,25,21,20,22,28,36,36,37,31,45,28,0,0,0.0003,0.0014,0.0695,0.0260,0.0051,0.2776,0.0036,5.6449,0.0206,0.2769,0.0000,0.0000,1.2496,0.0003,0.5936,0.1733,0.0016,0.0005,0.0000,0.0000,0.0003
1354,29.4055,3.7750,16.1621,5.7772,,true,2,0.008333,0.2707,0.0167,1.00,1.00,1.4464,22,1,354,376,0,259,359,0,15,15,0,0,49224,3980,0,0,1008873472,0.000000,0.000000,0.000000,0.00,2,1,2,7,13,25,21,20,22,28,36,36,37,31,45,28,0,0,0.0002,0.0009,0.0514,0.0380,0.0054,0.2716,0.0034,5.7772,0.0210,0.2707,0.0000,0.0000,1.2005,0.0003,0.5981,0.1706,0.0009,0.0007,0.0000,0.0000,0.0002
1355,29.4218,3.7917,16.4016,5.6348,,true,2,0.008333,0.1716,0.0167,1.00,1.00,1.1813,22,1,354,376,0,260,360,0,15,15,0,0,49224,3980,0,0,1008873472,0.000000,0.000000,0.000000,0.00,2,1,2,7,13,25,21,20,22,28,36,36,37,31,45,28,0,0,0.0003,0.0011,0.0436,0.0295,0.0038,0.1720,0.0041,5.6348,0.0088,0.1716,0.0000,0.0000,1.1583,0.0000,0.5876,0.1399,0.0015,0.0004,0.0000,0.0000,0.0004
1356,29.4367,3.8000,15.3286,5.3169,,true,1,0.008333,0.1361,0.0083,1.00,0.54,8.1766,22,1,354,376,0,259,359,0,15,15,0,0,49224,3980,0,0,1008873472,0.000000,0.000000,0.000000,0.00,2,1,2,7,13,25,21,20,22,28,36,36,37,31,45,28,0,0,0.0004,0.0015,0.0587,0.0353,0.0038,0.1365,0.0070,5.3169,0.0197,0.1361,0.0000,0.0000,1.2476,0.0006,0.5732,0.1961,0.0022,0.0004,0.0000,0.0000,0.0003
1357,29.4537,3.8167,16.0470,5.9747,,true,2,0.008333,0.1458,0.0167,1.00,1.00,7.5569,22,1,354,376,0,258,358,0,15,15,0,0,49224,3980,0,0,1008873472,0.000000,0.000000,0.000000,0.00,2,1,2,7,13,25,21,20,22,28,36,36,37,31,45,28,0,0,0.0003,0.0009,0.0582,0.0345,0.0039,0.1461,0.0038,5.9747,0.0128,0.1458,0.0000,0.0000,1.6077,0.0004,0.8448,0.1613,0.0007,0.0004,0.0000,0.0000,0.0010
1358,29.4693,3.8333,16.4228,5.2212,,true,2,0.008333,0.1373,0.0167,1.00,1.00,7.3131,22,1,354,376,0,258,358,0,15,15,0,0,49224,3980,0,0,1008943104,0.000000,0.000000,0.000000,0.00,2,1,2,7,13,25,21,20,22,28,36,36,37,31,45,28,0,0,0.0003,0.0013,0.0488,0.0189,0.0031,0.1377,0.0039,5.2212,0.0117,0.1373,0.0000,0.0000,1.2042,0.0007,0.6044,0.1428,0.0021,0.0006,0.0000,0.0000,0.0005
1359,29.4847,3.8500,15.5160,5.2041,,true,2,0.008333,0.1768,0.0167,1.00,1.00,6.1624,22,1,354,376,0,258,358,0,15,15,0,0,49224,3980,0,0,1008943104,0.000000,0.000000,0.000000,0.00,2,1,2,7,13,25,21,20,22,28,36,36,37,31,45,28,0,0,0.0009,0.0019,0.0307,0.0427,0.0056,0.1772,0.0079,5.2041,0.0081,0.1768,0.0000,0.0000,0.8789,0.0002,0.4104,0.1323,0.0008,0.0004,0.0000,0.0000,0.0003
1360,29.5009,3.8667,16.9964,4.4431,,true,2,0.008333,0.1472,0.0167,1.00,0.98,6.4922,22,1,354,376,0,258,358,0,15,15,0,0,49224,3980,0,0,1008943104,0.000000,0.000000,0.000000,0.00,2,1,2,7,13,25,21,20,22,28,36,36,37,31,45,28,0,0,0.0001,0.0008,0.0420,0.0256,0.0036,0.1477,0.0019,4.4431,0.0113,0.1472,0.0000,0.0000,1.0204,0.0009,0.4689,0.1683,0.0015,0.0005,0.0000,0.0000,0.0003
1361,29.5172,3.8833,15.8929,4.7641,,true,2,0.008333,0.1606,0.0167,1.00,1.00,5.7183,22,1,354,376,0,258,358,0,15,15,0,0,49224,3980,0,0,1008943104,0.000000,0.000000,0.000000,0.00,2,1,2,7,13,25,21,20,22,28,36,36,37,31,45,28,0,0,0.0003,0.0013,0.0503,0.0259,0.0024,0.1610,0.0052,4.7641,0.0099,0.1606,0.0000,0.0000,1.1262,0.0003,0.5779,0.1269,0.0006,0.0003,0.0000,0.0000,0.0008
1362,29.5322,3.9000,15.1486,4.6751,,true,2,0.008333,0.2047,0.0167,1.00,1.00,4.2003,22,1,354,376,0,259,359,0,15,15,0,0,49224,3980,0,0,1008943104,0.000000,0.000000,0.000000,0.00,2,1,2,7,13,25,21,20,22,28,36,36,37,31,45,28,0,0,0.0002,0.0007,0.0318,0.0231,0.0029,0.2050,0.0049,4.6751,0.0121,0.2047,0.0000,0.0000,0.9075,0.0004,0.4292,0.1531,0.0012,0.0004,0.0000,0.0000,0.0003
1363,29.5486,3.9167,15.7560,5.0370,,true,2,0.008333,0.1803,0.0167,1.00,1.00,3.2896,22,1,354,376,0,259,359,0,15,15,0,0,49224,3980,0,0,1008943104,0.000000,0.000000,0.000000,0.00,2,1,2,7,13,25,21,20,22,28,36,36,37,31,45,28,0,0,0.0002,0.0019,0.0352,0.0421,0.0027,0.1806,0.0083,5.0370,0.0082,0.1803,0.0000,0.0000,1.0524,0.0001,0.4458,0.1077,0.0012,0.0011,0.0000,0.0000,0.0008
1364,29.5645,3.9333,15.7866,5.2587,,true,2,0.008333,0.1743,0.0167,1.00,1.00,2.4095,22,1,354,376,0,260,360,0,15,15,0,0,49224,3980,0,0,1008943104,0.000000,0.000000,0.000000,0.00,2,1,2,7,13,25,21,20,22,28,36,36,37,31,45,28,0,0,0.0005,0.0016,0.0546,0.0294,0.0027,0.1747,0.0068,5.2587,0.0093,0.1743,0.0000,0.0000,1.2470,0.0002,0.6230,0.1326,0.0006,0.0003,0.0000,0.0000,0.0010
1365,29.5791,3.9500,15.4218,4.8656,,true,2,0.008333,0.1966,0.0167,1.00,1.00,1.1647,22,1,354,376,0,260,360,0,15,15,0,0,49224,3980,0,0,1008943104,0.000000,0.000000,0.000000,0.00,2,1,2,7,13,25,21,20,22,28,36,36,37,31,45,28,0,0,0.0004,0.0009,0.0466,0.0327,0.0034,0.1972,0.0046,4.8656,0.0163,0.1966,0.0000,0.0000,0.8836,0.0003,0.4409,0.1161,0.0006,0.0004,0.0000,0.0000,0.0004
1366,29.5946,3.9583,14.9767,5.1606,,true,1,0.008333,0.1261,0.0083,1.00,0.56,7.8080,22,1,354,376,0,260,360,0,15,15,0,0,49224,3980,0,0,1008943104,0.000000,0.000000,0.000000,0.00,2,1,2,7,13,25,21,20,22,28,36,36,37,31,45,28,0,0,0.0002,0.0007,0.0444,0.0304,0.0031,0.1266,0.0041,5.1606,0.0159,0.1261,0.0000,0.0000,1.1771,0.0002,0.5620,0.1964,0.0014,0.0009,0.0000,0.0000,0.0003
1367,29.6094,3.9750,15.2371,4.8680,,true,2,0.008333,0.1891,0.0167,1.00,1.00,6.3785,22,1,354,376,0,260,360,0,15,15,0,0,49224,3980,0,0,1008943104,0.000000,0.000000,0.000000,0.00,2,1,2,7,13,25,21,20,22,28,36,36,37,31,45,28,0,0,0.0002,0.0018,0.0392,0.0327,0.0108,0.1899,0.0054,4.8680,0.0203,0.1891,0.0000,0.0000,0.8670,0.0003,0.4167,0.1002,0.0008,0.0004,0.0000,0.0000,0.0004
1368,29.6257,3.9917,15.5257,5.4317,,true,2,0.008333,0.1993,0.0167,1.00,1.00,5.2375,22,1,354,376,0,260,360,0,15,15,0,0,49224,3980,0,0,1008947200,0.000000,0.000000,0.000000,0.00,2,1,2,7,13,25,21,20,22,28,36,36,37,31,45,28,0,0,0.0004,0.0013,0.0490,0.0331,0.0037,0.1996,0.0039,5.4317,0.0155,0.1993,0.0000,0.0000,1.1881,0.0005,0.5808,0.1869,0.0012,0.0005,0.0000,0.0000,0.0002
1369,29.6410,4.0083,15.7368,5.0486,,true,2,0.008333,0.2881,0.0167,1.00,1.00,4.3076,22,1,354,376,0,261,361,0,15,15,0,0,49224,3980,0,0,1008947200,0.000000,0.000000,0.000000,0.00,2,1,2,7,13,25,21,20,22,28,36,36,37,31,45,28,0,0,0.0002,0.0010,0.0462,0.0357,0.0032,0.2888,0.0022,5.0486,0.0084,0.2881,0.0000,0.0000,0.9172,0.0013,0.4304,0.1486,0.0018,0.0018,0.0000,0.0000,0.0006
1370,29.6584,4.0250,16.0297,6.0373,,true,2,0.008333,0.2106,0.0167,1.00,1.00,3.6706,22,1,354,376,0,262,362,0,15,15,0,0,49224,3980,0,0,1008947200,0.000000,0.000000,0.000000,0.00,2,1,2,7,13,25,21,20,22,28,36,36,37,31,45,28,0,0,0.0002,0.0022,0.0397,0.0471,0.0033,0.2119,0.0059,6.0373,0.0102,0.2106,0.0000,0.0000,1.1962,0.0003,0.5893,0.1333,0.0007,0.0003,0.0000,0.0000,0.0005
1371,29.6727,4.0417,16.0657,4.4796,,true,2,0.008333,0.2154,0.0167,1.00,1.00,3.0696,22,1,354,376,0,263,363,0,15,15,0,0,49224,3980,0,0,1008947200,0.000000,0.000000,0.000000,0.00,2,1,2,7,13,25,21,20,22,28,36,36,37,31,45,28,0,0,0.0002,0.0019,0.0355,0.0330,0.0042,0.2156,0.0053,4.4796,0.0083,0.2154,0.0000,0.0000,0.8813,0.0002,0.4197,0.1004,0.0005,0.0005,0.0000,0.0000,0.0006
1372,29.6957,4.0583,14.7178,12.9724,,true,2,0.008333,0.1470,0.0167,1.00,1.00,1.1207,22,1,348,376,8,264,364,0,15,15,0,0,49572,3988,18,40,1008947200,0.000000,0.000000,0.000000,0.00,2,1,2,7,13,25,21,20,22,28,36,36,37,31,47,20,0,0,0.0002,0.0010,0.1087,0.0223,0.0029,0.1475,0.0041,12.9724,0.0172,0.1470,0.0000,0.0000,7.4779,0.0003,0.5959,0.2920,1.0270,0.0003,0.0000,0.0000,5.0167
1373,29.7043,4.0667,15.5112,6.0092,,true,1,0.008333,0.1255,0.0083,1.00,0.54,8.2986,22,1,348,376,8,251,351,0,15,15,4,0,49572,3992,14,40,1008947200,0.000000,0.000000,0.000000,0.00,2,1,2,7,13,25,21,20,22,28,36,36,37,31,47,20,0,0,0.0002,0.0011,0.0437,0.0387,0.0036,0.1258,0.0048,6.0092,0.0094,0.1255,0.0000,0.0000,2.0345,0.0157,0.5991,0.1185,0.7986,0.0085,0.0000,30.5663,0.0004
1374,29.7531,4.1167,42.2949,12.0910,,true,6,0.008333,0.2511,0.0500,1.00,1.00,0.5935,22,1,345,376,6,276,376,0,15,15,8,0,49917,3998,6,30,1008947200,0.000000,0.000000,0.000000,0.00,2,1,2,7,13,25,21,20,22,28,37,32,36,36,43,20,0,0,0.0002,0.0015,0.1024,0.0290,0.0046,0.2514,0.0038,12.0910,0.0464,0.2511,0.0000,0.0000,2.6185,0.0671,0.7202,0.2456,0.8554,0.0703,0.0000,46.8302,0.0006
1375,29.8044,4.1667,52.0023,11.3185,,true,6,0.008333,0.6162,0.0500,1.00,0.96,2.5958,22,1,354,376,0,293,393,0,15,15,6,0,50271,3998,0,0,1008947200,0.000000,0.000000,0.000000,0.00,2,1,2,7,13,25,21,20,22,28,37,32,36,36,40,32,0,0,0.0004,0.0028,0.0797,0.0446,0.0078,0.6171,0.0063,11.3185,0.0476,0.6162,0.0000,0.0000,2.7595,0.0531,0.8288,0.3860,0.9158,0.0291,0.0000,34.2623,0.0009
1376,29.8412,4.2000,32.4650,15.7194,,true,4,0.008333,0.3330,0.0333,1.00,1.00,1.7274,22,1,357,375,8,305,405,0,15,15,0,0,50628,4006,26,40,1009147904,0.000000,0.000000,0.000000,0.00,2,1,2,7,13,25,21,21,18,28,36,36,37,31,43,36,0,0,0.0004,0.0013,0.0457,0.0418,0.0065,0.3342,0.0052,15.7194,0.0162,0.3330,0.0000,0.0000,5.5333,0.0007,0.5234,0.1512,0.6425,0.0012,0.0000,0.0000,3.6950
1377,29.8877,4.2500,51.9385,10.3065,,true,6,0.008333,0.5528,0.0500,1.00,0.96,3.6660,22,1,339,375,8,304,404,0,15,15,8,0,50967,4014,18,40,1009152000,0.000000,0.000000,0.000000,0.00,2,1,2,7,13,25,21,21,19,25,34,29,33,32,39,36,0,0,0.0004,0.0016,0.0497,0.0407,0.0066,0.5537,0.0048,10.3065,0.0210,0.5528,0.0000,0.0000,2.0929,0.0344,0.5838,0.1409,0.6747,0.0180,0.0000,52.6379,0.0007
1378,29.9319,4.2917,42.9850,11.3686,,true,5,0.008333,0.4259,0.0417,1.00,0.97,4.9843,22,1,342,375,8,303,403,0,15,15,8,0,51309,4022,10,40,1009152000,0.000000,0.000000,0.000000,0.00,2,1,2,7,13,25,21,21,19,25,33,33,33,32,39,36,0,0,0.0002,0.0017,0.1076,0.0444,0.0062,0.4265,0.0041,11.3686,0.0421,0.4259,0.0000,0.0000,3.5838,0.0539,0.6612,0.2131,1.1819,0.0317,0.0000,47.4090,0.0009
1379,29.9652,4.3250,34.8181,9.9262,,true,4,0.008333,0.3865,0.0333,1.00,0.96,6.4690,22,1,348,375,2,301,401,0,15,15,8,0,51657,4024,2,10,1009152000,0.000000,0.000000,0.000000,0.00,2,1,2,7,13,25,21,21,18,29,32,37,33,32,39,36,0,0,0.0009,0.0020,0.0793,0.0389,0.0085,0.3872,0.0048,9.9262,0.0206,0.3865,0.0000,0.0000,2.5531,0.0647,0.7585,0.2323,0.8617,0.0268,0.0000,47.3661,0.0008
1380,30.0025,4.3583,33.9957,13.2808,,true,4,0.008333,0.3257,0.0333,1.00,0.98,7.1314,22,1,354,376,8,300,400,0,15,15,2,0,52011,4032,30,40,1009152000,0.000000,0.000000,0.000000,0.00,2,1,2,7,13,25,21,21,18,28,36,37,33,32,38,40,0,0,0.0005,0.0016,0.0940,0.0387,0.0066,0.3262,0.0058,13.2808,0.0289,0.3257,0.0000,0.0000,6.0334,0.0214,0.5306,0.2634,0.9307,0.0057,0.0000,14.2508,3.7483
1381,30.0334,4.3917,34.1963,10.0831,,true,4,0.008333,0.5016,0.0333,1.00,0.97,7.9943,22,1,336,376,8,300,400,0,15,15,8,0,52347,4040,22,40,1009156096,0.000000,0.000000,0.000000,0.00,2,1,2,7,13,25,21,21,18,30,29,33,33,33,36,32,0,0,0.0003,0.0019,0.0896,0.0451,0.0067,0.5020,0.0043,10.0831,0.0423,0.5016,0.0000,0.0000,2.6173,0.0604,0.7031,0.2417,0.9171,0.0260,0.0000,49.8998,0.0007
1382,30.0820,4.4417,47.9989,10.6578,,true,6,0.008333,0.5312,0.0500,1.00,1.00,5.9932,22,1,339,376,8,305,405,0,15,15,8,0,52686,4048,14,40,1009074176,0.000000,0.000000,0.000000,0.00,2,1,2,7,13,25,21,21,18,30,29,33,33,32,40,32,0,0,0.0006,0.0069,0.0825,0.0363,0.0098,0.5324,0.0052,10.6578,0.0376,0.5312,0.0000,0.0000,2.6791,0.0521,0.7022,0.2299,0.8552,0.0247,0.0000,46.4699,0.0003
1383,30.1174,4.4833,36.2058,9.8582,,true,5,0.008333,0.4142,0.0417,1.00,1.00,0.5324,22,1,342,376,6,311,411,0,15,15,8,0,53028,4054,6,30,1009074176,0.000000,0.000000,0.000000,0.00,2,1,2,7,13,25,21,21,18,30,28,37,33,32,40,32,0,0,0.0002,0.0023,0.1042,0.0422,0.0067,0.4158,0.0037,9.8582,0.0532,0.4142,0.0000,0.0000,2.4510,0.0589,0.6210,0.2481,0.8578,0.0310,0.0000,41.5468,0.0004
1384,30.1511,4.5083,32.6691,10.8243,,true,3,0.008333,0.5438,0.0250,1.00,0.77,8.2015,22,1,354,376,0,309,409,0,15,15,6,0,53382,4054,0,0,1009074176,0.000000,0.000000,0.000000,0.00,2,1,2,7,13,25,21,20,22,30,28,36,36,36,39,36,0,0,0.0002,0.0020,0.0723,0.0419,0.0073,0.5442,0.0075,10.8243,0.0363,0.5438,0.0000,0.0000,2.5064,0.0538,0.7325,0.2409,0.9058,0.0315,0.0000,33.5289,0.0006
1385,30.1885,4.5417,33.0578,15.1412,,true,4,0.008333,0.3671,0.0333,1.00,1.00,7.9260,22,1,348,377,8,308,408,0,15,15,0,0,53730,4062,33,40,1009074176,0.000000,0.000000,0.000000,0.00,2,1,2,7,13,25,21,20,22,31,24,36,36,36,40,32,0,0,0.0002,0.0024,0.1053,0.0552,0.0060,0.3677,0.0057,15.1412,0.0407,0.3671,0.0000,0.0000,7.8881,0.0012,0.7064,0.2359,0.9312,0.0005,0.0000,0.0000,5.2380
1386,30.2183,4.5750,32.6407,12.3504,,true,4,0.008333,0.2526,0.0333,1.00,1.00,7.2334,22,1,333,377,8,306,406,0,15,15,8,0,54063,4070,25,40,1009541120,0.000000,0.000000,0.000000,0.00,2,1,2,7,13,25,21,20,22,31,25,34,29,33,36,32,0,0,0.0001,0.0016,0.0685,0.0337,0.0065,0.2532,0.0054,12.3504,0.0476,0.2526,0.0000,0.0000,2.2084,0.0605,0.5125,0.2570,0.7766,0.0296,0.0000,40.7969,0.0006
1387,30.2598,4.6250,43.3641,10.4802,,true,6,0.008333,0.3977,0.0500,1.00,1.00,0.5975,22,1,339,377,8,311,411,0,15,15,8,0,54402,4078,17,40,1009541120,0.000000,0.000000,0.000000,0.00,2,1,2,7,13,25,21,19,25,35,25,34,29,33,36,32,0,0,0.0005,0.0016,0.0978,0.0437,0.0068,0.3981,0.0057,10.4802,0.0594,0.3977,0.0000,0.0000,2.0449,0.0635,0.4976,0.2102,0.6705,0.0287,0.0000,46.3480,0.0005
1388,30.2962,4.6583,36.4700,10.3392,,true,4,0.008333,0.3777,0.0333,1.00,0.91,3.7341,22,1,339,377,8,310,410,0,15,15,8,0,54402,4086,9,40,1009541120,0.000000,0.000000,0.000000,0.00,2,1,2,7,13,25,21,19,25,35,25,34,29,33,36,32,0,0,0.0002,0.0018,0.0698,0.0815,0.0100,0.3786,0.0043,10.3392,0.0497,0.3777,0.0000,0.0000,2.4147,0.0542,0.6652,0.2191,0.8683,0.0232,0.0000,47.0546,0.0006
1389,30.3298,4.6917,33.1862,10.6210,,true,4,0.008333,0.3909,0.0333,1.00,1.00,3.5870,22,1,351,377,1,308,408,0,15,15,8,0,54753,4087,1,5,1009541120,0.000000,0.000000,0.000000,0.00,2,1,2,7,13,25,21,19,24,38,29,33,33,32,40,32,0,0,0.0002,0.0031,0.0703,0.0638,0.0074,0.3916,0.0058,10.6210,0.0428,0.3909,0.0000,0.0000,2.6316,0.0616,0.7566,0.2503,0.9067,0.0272,0.0000,46.1908,0.0010
1390,30.3704,4.7250,34.7185,16.6813,,true,4,0.008333,0.3070,0.0333,1.00,0.96,4.9722,22,1,351,376,8,305,405,0,15,15,1,0,55104,4095,24,40,1009541120,0.000000,0.000000,0.000000,0.00,2,1,2,7,13,25,21,20,20,37,33,33,33,32,40,32,0,0,0.0006,0.0017,0.1250,0.0502,0.0069,0.3075,0.0046,16.6813,0.0487,0.3070,0.0000,0.0000,8.5200,0.0278,0.7584,0.2961,1.1142,0.0182,0.0000,6.5962,5.6276
1391,30.3982,4.7583,35.0628,9.3606,,true,4,0.008333,0.3766,0.0333,1.00,0.95,6.7017,22,1,339,376,8,298,398,0,15,15,8,0,55443,4103,16,40,1009541120,0.000000,0.000000,0.000000,0.00,2,1,2,7,13,25,21,20,21,33,33,34,30,29,36,32,0,0,0.0001,0.0016,0.0803,0.0388,0.0057,0.3773,0.0099,9.3606,0.0532,0.3766,0.0000,0.0000,2.4126,0.0612,0.6110,0.2400,0.8529,0.0240,0.0000,45.5818,0.0007
1392,30.4499,4.8083,49.3035,11.7516,,true,6,0.008333,0.5061,0.0500,1.00,1.00,6.0051,22,1,345,376,8,298,398,0,15,15,8,0,55788,4111,8,40,1009541120,0.000000,0.000000,0.000000,0.00,2,1,2,7,13,25,21,20,21,33,33,34,29,33,35,36,0,0,0.0007,0.0022,0.0648,0.0443,0.0065,0.5076,0.0066,11.7516,0.0258,0.5061,0.0000,0.0000,2.5563,0.0454,0.8757,0.1863,0.7789,0.0227,0.0000,47.9986,0.0007
1393,30.4912,4.8500,40.8048,11.8413,,true,5,0.008333,0.3340,0.0417,1.00,1.00,5.1433,22,1,354,376,0,300,400,0,15,15,8,0,56142,4111,0,0,1009541120,0.000000,0.000000,0.000000,0.00,2,1,2,7,13,25,21,20,20,36,37,34,29,32,39,36,0,0,0.0008,0.0056,0.0396,0.0511,0.0075,0.3348,0.0093,11.8413,0.0211,0.3340,0.0000,0.0000,1.6833,0.0292,0.4933,0.1458,0.6196,0.0134,0.0000,50.3395,0.0007
1394,30.5435,4.9000,49.3448,15.3363,,true,6,0.008333,0.5845,0.0500,1.00,1.00,4.4881,22,1,339,376,8,303,403,0,15,15,0,0,56481,4119,50,40,1009541120,0.000000,0.000000,0.000000,0.00,2,1,2,7,13,25,21,20,21,33,34,31,25,34,30,40,0,0,0.0013,0.0065,0.0649,0.0735,0.0087,0.5868,0.0176,15.3363,0.0224,0.5845,0.0000,0.0000,7.7344,0.0008,0.5060,0.1588,0.7922,0.0012,0.0000,0.0000,5.4689
1395,30.5714,4.9333,34.0543,9.1617,,true,4,0.008333,0.3195,0.0333,1.00,0.98,5.2090,22,1,327,376,8,303,403,0,15,15,8,0,56808,4127,42,40,1009541120,0.000000,0.000000,0.000000,0.00,2,1,2,7,13,25,21,20,21,35,27,27,25,34,31,36,0,0,0.0003,0.0015,0.0474,0.0451,0.0057,0.3206,0.0045,9.1617,0.0152,0.3195,0.0000,0.0000,1.8233,0.0328,0.5005,0.1374,0.6408,0.0097,0.0000,46.9270,0.0001
1396,30.6159,4.9833,44.8868,8.7309,,true,6,0.008333,0.4297,0.0500,1.00,1.00,0.0958,22,1,321,376,8,305,405,0,15,15,8,0,57129,4135,34,40,1009545216,0.000000,0.000000,0.000000,0.00,2,1,2,7,13,25,21,20,21,35,27,27,25,35,28,32,0,0,0.0002,0.0021,0.0887,0.0381,0.0057,0.4305,0.0061,8.7309,0.0322,0.4297,0.0000,0.0000,2.6124,0.0288,0.6406,0.2642,1.0470,0.0111,0.0000,47.7374,0.0005
1397,30.6659,5.0250,46.4403,11.9755,,true,5,0.008333,0.4026,0.0417,1.00,0.90,4.8694,22,1,330,376,8,301,401,0,15,15,8,0,57459,4143,26,40,1009545216,0.000000,0.000000,0.000000,0.00,2,1,2,7,13,25,21,20,21,34,31,27,24,38,32,32,0,0,0.0001,0.0050,0.0566,0.0468,0.0074,0.4033,0.0068,11.9755,0.0263,0.4026,0.0000,0.0000,1.8584,0.0310,0.5128,0.1595,0.6386,0.0140,0.0000,47.4634,0.0007
1398,30.7084,5.0667,42.6980,11.6806,,true,5,0.008333,0.3459,0.0417,1.00,0.98,5.9008,22,1,333,376,8,298,398,0,15,15,8,0,57792,4151,18,40,1009545216,0.000000,0.000000,0.000000,0.00,2,1,2,7,13,25,21,20,21,34,31,26,28,38,32,32,0,0,0.0002,0.0015,0.0614,0.0420,0.0052,0.3468,0.0049,11.6806,0.0201,0.3459,0.0000,0.0000,2.3445,0.0274,0.5801,0.1997,0.9857,0.0393,0.0000,44.8546,0.0006
1399,30.7414,5.1000,35.5026,9.5834,,true,4,0.008333,0.3440,0.0333,1.00,0.94,8.0700,22,1,342,376,8,295,395,0,15,15,8,0,58134,4159,10,40,1009479680,0.000000,0.000000,0.000000,0.00,2,1,2,7,13,25,21,20,21,34,30,29,32,38,31,36,0,0,0.0002,0.0020,0.0743,0.0514,0.0060,0.3451,0.0099,9.5834,0.0525,0.3440,0.0000,0.0000,2.7500,0.0671,0.8252,0.2379,0.8894,0.0283,0.0000,43.6543,0.0010
1400,30.7773,5.1333,33.5134,11.8385,,true,4,0.008333,0.4414,0.0333,1.00,0.99,8.2501,22,1,348,376,2,292,392,0,15,15,8,0,58482,4161,2,10,1009508352,0.000000,0.000000,0.000000,0.00,2,1,2,7,13,25,21,20,20,37,34,29,32,38,31,36,0,0,0.0005,0.0021,0.0948,0.0530,0.0067,0.4418,0.0048,11.8385,0.0405,0.4414,0.0000,0.0000,3.0652,0.0658,0.7041,0.1699,0.8929,0.0318,0.0000,43.7484,0.0006
1401,30.8107,5.1750,34.3032,11.0972,,true,5,0.008333,0.4411,0.0417,1.00,1.00,0.8866,22,1,354,376,0,293,393,0,15,15,2,0,58836,4161,0,0,1009508352,0.000000,0.000000,0.000000,0.00,2,1,2,7,13,25,21,20,20,37,33,33,32,37,35,36,0,0,0.0003,0.0017,0.0649,0.0359,0.0065,0.4423,0.0076,11.0972,0.0206,0.4411,0.0000,0.0000,2.2314,0.0201,0.6952,0.1625,0.8383,0.0069,0.0000,12.2466,0.0004
1402,30.8412,5.2083,33.1765,8.4274,,true,4,0.008333,0.3387,0.0333,1.00,1.00,0.7297,22,1,354,376,0,293,393,0,15,15,0,0,58836,4161,0,0,1009508352,0.000000,0.000000,0.000000,0.00,2,1,2,7,13,25,21,20,20,37,33,33,32,37,35,36,0,0,0.0008,0.0025,0.0514,0.0378,0.0052,0.3391,0.0110,8.4274,0.0214,0.3387,0.0000,0.0000,1.3615,0.0006,0.7076,0.2048,0.0014,0.0005,0.0000,0.0000,0.0011
1403,30.8740,5.2417,33.8392,7.4766,,true,4,0.008333,0.4320,0.0333,1.00,0.99,1.2357,22,1,354,376,0,293,393,0,15,15,0,0,58836,4161,0,0,1009508352,0.000000,0.000000,0.000000,0.00,2,1,2,7,13,25,21,20,20,37,33,33,32,37,35,36,0,0,0.0009,0.0016,0.0482,0.0466,0.0063,0.4327,0.0059,7.4766,0.0158,0.4320,0.0000,0.0000,1.3390,0.0006,0.6671,0.1826,0.0011,0.0005,0.0000,0.0000,0.0004
1404,30.8812,5.2417,5.4497,6.0983,,true,0,0.008333,0.0085,0.0000,1.00,0.00,6.6854,22,1,354,376,0,291,391,0,15,15,0,0,58836,4161,0,0,1009508352,0.000000,0.000000,0.000000,0.00,2,1,2,7,13,25,21,20,20,37,33,33,32,37,35,36,0,0,0.0002,0.0012,0.0545,0.0427,0.0040,0.0090,0.0054,6.0983,0.0136,0.0085,0.0000,0.0000,1.4893,0.0005,0.7963,0.1841,0.0026,0.0011,0.0000,0.0000,0.0010
1405,30.8872,5.2500,8.9548,5.3052,,true,1,0.008333,0.1954,0.0083,1.00,0.93,7.3068,22,1,354,376,0,290,390,0,15,15,0,0,58836,4161,0,0,1009512448,0.000000,0.000000,0.000000,0.00,2,1,2,7,13,25,21,20,20,37,33,33,32,37,35,36,0,0,0.0002,0.0009,0.0440,0.0262,0.0024,0.1961,0.0024,5.3052,0.0090,0.1954,0.0000,0.0000,1.1243,0.0003,0.6232,0.1268,0.0007,0.0006,0.0000,0.0000,0.0004
1406,30.9002,5.2667,14.0816,5.3605,,true,2,0.008333,0.2466,0.0167,1.00,1.00,4.7217,22,1,354,376,0,290,390,0,15,15,0,0,58836,4161,0,0,1009512448,0.000000,0.000000,0.000000,0.00,2,1,2,7,13,25,21,20,20,37,33,33,32,37,35,36,0,0,0.0002,0.0015,0.0429,0.0314,0.0043,0.2469,0.0034,5.3605,0.0090,0.2466,0.0000,0.0000,1.1992,0.0003,0.6484,0.1249,0.0006,0.0004,0.0000,0.0000,0.0007
1407,30.9152,5.2833,15.3958,5.0559,,true,2,0.008333,0.2119,0.0167,1.00,1.00,3.4509,22,1,354,376,0,290,390,0,15,15,0,0,58836,4161,0,0,1009512448,0.000000,0.000000,0.000000,0.00,2,1,2,7,13,25,21,20,20,37,33,33,32,37,35,36,0,0,0.0002,0.0008,0.0377,0.0315,0.0041,0.2121,0.0030,5.0559,0.0058,0.2119,0.0000,0.0000,0.9946,0.0002,0.4802,0.0954,0.0005,0.0004,0.0000,0.0000,0.0007
1408,30.9305,5.3000,15.0526,5.2107,,true,2,0.008333,0.1542,0.0167,1.00,1.00,1.8369,22,1,354,376,0,290,390,0,15,15,0,0,58836,4161,0,0,1009512448,0.000000,0.000000,0.000000,0.00,2,1,2,7,13,25,21,20,20,37,33,33,32,37,35,36,0,0,0.0002,0.0011,0.0471,0.0355,0.0064,0.1544,0.0032,5.2107,0.0094,0.1542,0.0000,0.0000,1.1502,0.0002,0.6338,0.1227,0.0006,0.0004,0.0000,0.0000,0.0003
1409,30.9460,5.3167,15.4580,5.3069,,true,2,0.008333,0.1691,0.0167,1.00,1.00,0.6282,22,1,354,376,0,291,391,0,15,15,0,0,58836,4161,0,0,1009512448,0.000000,0.000000,0.000000,0.00,2,1,2,7,13,25,21,20,20,37,33,33,32,37,35,36,0,0,0.0003,0.0015,0.0458,0.0311,0.0051,0.1696,0.0045,5.3069,0.0112,0.1691,0.0000,0.0000,1.1849,0.0003,0.6488,0.1278,0.0006,0.0005,0.0000,0.0000,0.0014
1410,30.9608,5.3250,15.1133,5.0287,,true,1,0.008333,0.1217,0.0083,1.00,0.55,7.4081,22,1,354,376,0,290,390,0,15,15,0,0,58836,4161,0,0,1009512448,0.000000,0.000000,0.000000,0.00,2,1,2,7,13,25,21,20,20,37,33,33,32,37,35,36,0,0,0.0002,0.0016,0.0510,0.0409,0.0038,0.1223,0.0031,5.0287,0.0094,0.1217,0.0000,0.0000,1.1767,0.0005,0.6500,0.1371,0.0014,0.0005,0.0000,0.0000,0.0002
1411,30.9770,5.3417,15.6333,5.4198,,true,2,0.008333,0.1953,0.0167,1.00,1.00,6.3748,22,1,354,376,0,289,389,0,15,15,0,0,58836,4161,0,0,1009512448,0.000000,0.000000,0.000000,0.00,2,1,2,7,13,25,21,20,20,37,33,33,32,37,35,36,0,0,0.0002,0.0020,0.0398,0.0484,0.0069,0.1958,0.0045,5.4198,0.0108,0.1953,0.0000,0.0000,1.1826,0.0003,0.6479,0.1284,0.0006,0.0003,0.0000,0.0000,0.0003
1412,30.9937,5.3583,15.8874,6.1870,,true,2,0.008333,0.2296,0.0167,1.00,1.00,5.5955,22,1,354,376,0,289,389,0,15,15,0,0,58836,4161,0,0,1009512448,0.000000,0.000000,0.000000,0.00,2,1,2,7,13,25,21,20,20,37,33,33,32,37,35,36,0,0,0.0002,0.0019,0.0401,0.0334,0.0049,0.2301,0.0028,6.1870,0.0099,0.2296,0.0000,0.0000,1.2377,0.0003,0.6677,0.1311,0.0008,0.0005,0.0000,0.0000,0.0005
1413,31.0104,5.3750,15.8383,6.5949,,true,2,0.008333,0.2791,0.0167,1.00,1.00,4.7671,22,1,354,376,0,289,389,0,15,15,0,0,58836,4161,0,0,1009512448,0.000000,0.000000,0.000000,0.00,2,1,2,7,13,25,21,20,20,37,33,33,32,37,35,36,0,0,0.0004,0.0015,0.0591,0.0454,0.0084,0.2807,0.0024,6.5949,0.0151,0.2791,0.0000,0.0000,0.8785,0.0003,0.4939,0.1049,0.0007,0.0003,0.0000,0.0000,0.0002
1414,31.0327,5.3917,17.7564,11.5917,,true,2,0.008333,0.2807,0.0167,1.00,0.94,5.8568,22,1,354,376,8,288,388,0,15,15,0,0,58836,4169,25,40,1009516544,0.000000,0.000000,0.000000,0.00,2,1,2,7,13,25,21,20,20,37,33,33,32,37,35,36,0,0,0.0007,0.0026,0.0523,0.0365,0.0059,0.2811,0.0058,11.5917,0.0155,0.2807,0.0000,0.0000,6.0024,0.0007,0.5111,0.1533,1.2901,0.0006,0.0000,0.0000,3.6031
1415,31.0427,5.4083,15.5119,6.3830,,true,2,0.008333,0.1429,0.0167,1.00,1.00,4.7020,22,1,339,376,8,293,393,0,15,15,7,0,59175,4176,18,40,1009516544,0.000000,0.000000,0.000000,0.00,2,1,2,7,13,25,21,20,20,38,29,34,29,33,37,28,0,0,0.0002,0.0011,0.0424,0.0248,0.0031,0.1432,0.0050,6.3830,0.0097,0.1429,0.0000,0.0000,1.9952,0.0220,0.6175,0.1123,0.7778,0.0076,0.0000,38.8911,0.0003
1416,31.1059,5.4667,57.2310,11.7769,,true,7,0.008333,0.5363,0.0583,1.00,1.00,3.5997,22,1,342,376,8,292,392,0,15,15,8,0,59517,4184,10,40,1009516544,0.000000,0.000000,0.000000,0.00,2,1,2,7,13,25,21,20,20,38,29,34,29,32,41,28,0,0,0.0002,0.0036,0.0685,0.0662,0.0076,0.5381,0.0082,11.7769,0.0406,0.5363,0.0000,0.0000,2.7189,0.0644,0.7538,0.2634,0.8782,0.0224,0.0000,42.5694,0.0008
1417,31.1420,5.5000,36.5324,11.5354,,true,4,0.008333,0.4576,0.0333,1.00,0.91,6.7987,22,1,348,376,2,287,387,0,15,15,8,0,59865,4186,2,10,1009516544,0.000000,0.000000,0.000000,0.00,2,1,2,7,13,25,21,20,20,37,33,34,29,32,40,32,0,0,0.0002,0.0015,0.0388,0.0448,0.0051,0.4583,0.0051,11.5354,0.0209,0.4576,0.0000,0.0000,2.4821,0.0586,0.7529,0.2377,0.8781,0.0313,0.0000,44.0881,0.0009
1418,31.1790,5.5333,33.7981,14.6841,,true,4,0.008333,0.3517,0.0333,1.00,0.99,7.2635,22,1,348,376,8,284,384,0,15,15,2,0,60213,4194,33,40,1009516544,0.000000,0.000000,0.000000,0.00,2,1,2,7,13,25,21,20,20,37,34,29,33,33,35,36,0,0,0.0002,0.0018,0.0645,0.0315,0.0053,0.3526,0.0059,14.6841,0.0272,0.3517,0.0000,0.0000,7.5665,0.0096,0.7043,0.1463,0.8218,0.0056,0.0000,11.9980,5.1494
1419,31.2085,5.5667,33.3540,10.8948,,true,4,0.008333,0.3601,0.0333,1.00,1.00,7.2842,22,1,333,376,8,286,386,0,15,15,8,0,60546,4202,25,40,1009516544,0.000000,0.000000,0.000000,0.00,2,1,2,7,13,25,21,20,21,34,31,26,29,33,36,32,0,0,0.0004,0.0020,0.0950,0.0396,0.0060,0.3612,0.0044,10.8948,0.0354,0.3601,0.0000,0.0000,2.7404,0.0704,0.8106,0.2760,0.8987,0.0284,0.0000,51.5786,0.0013
1420,31.2421,5.6000,34.2612,10.2998,,true,4,0.008333,0.3454,0.0333,1.00,0.97,8.2120,22,1,336,376,8,286,386,0,15,15,8,0,60882,4210,17,40,1009516544,0.000000,0.000000,0.000000,0.00,2,1,2,7,13,25,21,20,21,33,35,26,29,33,36,32,0,0,0.0002,0.0024,0.0761,0.0492,0.0059,0.3459,0.0053,10.2998,0.0352,0.3454,0.0000,0.0000,2.6346,0.0648,0.7231,0.2312,0.8923,0.0324,0.0000,43.8646,0.0007
1421,31.2768,5.6333,33.3908,11.5091,,true,4,0.008333,0.3785,0.0333,1.00,1.00,8.2695,22,1,339,376,8,286,386,0,15,15,8,0,61221,4218,9,40,1009516544,0.000000,0.000000,0.000000,0.00,2,1,2,7,13,25,21,20,21,33,34,30,29,33,36,32,0,0,0.0006,0.0014,0.0750,0.0791,0.0091,0.3790,0.0055,11.5091,0.0419,0.3785,0.0000,0.0000,2.4496,0.0597,0.7226,0.2250,0.8615,0.0231,0.0000,43.0962,0.0009
1422,31.3090,5.6667,33.3194,10.3393,,true,4,0.008333,0.3773,0.0333,1.00,1.00,8.2555,22,1,351,376,1,286,386,0,15,15,8,0,61572,4219,1,5,1009516544,0.000000,0.000000,0.000000,0.00,2,1,2,7,13,25,21,20,20,37,33,34,28,36,40,32,0,0,0.0008,0.0019,0.0761,0.2282,0.0156,0.3781,0.0077,10.3393,0.0245,0.3773,0.0000,0.0000,2.1370,0.0565,0.5761,0.2271,0.6733,0.0329,0.0000,43.4209,0.0014
1423,31.3423,5.7083,33.9934,9.7110,,true,5,0.008333,0.3895,0.0417,1.00,1.00,0.5822,22,1,354,376,0,290,390,0,15,15,1,0,61926,4219,0,0,1009516544,0.000000,0.000000,0.000000,0.00,2,1,2,7,13,25,21,20,20,36,37,34,28,36,40,32,0,0,0.0002,0.0016,0.0568,0.0421,0.0056,0.3900,0.0056,9.7110,0.0224,0.3895,0.0000,0.0000,2.5387,0.0139,0.6805,0.2781,1.1200,0.0056,0.0000,6.8500,0.0007
1424,31.3766,5.7417,34.2904,9.5110,,true,4,0.008333,0.3221,0.0333,1.00,0.97,1.5393,22,1,354,376,0,291,391,0,15,15,0,0,61926,4219,0,0,1009520640,0.000000,0.000000,0.000000,0.00,2,1,2,7,13,25,21,20,20,36,37,34,28,36,40,32,0,0,0.0002,0.0014,0.0557,0.0494,0.0083,0.3231,0.0053,9.5110,0.0252,0.3221,0.0000,0.0000,1.3116,0.0006,0.6833,0.1992,0.0020,0.0006,0.0000,0.0000,0.0004
1425,31.4114,5.7750,33.6669,11.0827,,true,4,0.008333,0.6281,0.0333,1.00,0.99,1.8729,22,1,348,377,8,292,392,0,15,15,0,0,62274,4227,28,40,1009520640,0.000000,0.000000,0.000000,0.00,2,1,2,7,13,25,21,20,20,36,37,35,24,36,41,28,0,0,0.0007,0.0017,0.0711,0.0476,0.0061,0.6290,0.0048,11.0827,0.0188,0.6281,0.0000,0.0000,5.4022,0.0004,0.4828,0.1019,0.5753,0.0008,0.0000,0.0000,3.7262
1426,31.4201,5.7750,5.2341,7.8071,,true,0,0.008333,0.0100,0.0000,1.00,0.00,7.1069,22,1,345,377,8,235,335,0,15,15,4,0,62619,4231,24,40,1009520640,0.000000,0.000000,0.000000,0.00,2,1,2,7,13,25,21,20,20,37,33,35,24,36,41,28,0,0,0.0002,0.0019,0.0441,0.0585,0.0044,0.0106,0.0057,7.8071,0.0109,0.0100,0.0000,0.0000,2.2399,0.0376,0.6431,0.1799,0.8246,0.0170,0.0000,21.7777,0.0003
1427,31.4738,5.8333,55.9155,11.9354,,true,7,0.008333,0.4537,0.0583,1.00,1.00,4.6891,22,1,336,377,8,242,342,0,15,15,8,0,62955,4239,16,40,1009520640,0.000000,0.000000,0.000000,0.00,2,1,2,7,13,25,21,20,21,33,33,35,25,33,37,28,0,0,0.0009,0.0014,0.0672,0.0468,0.0059,0.4543,0.0156,11.9354,0.0209,0.4537,0.0000,0.0000,3.2486,0.0822,0.9132,0.3069,1.1036,0.0381,0.0000,40.9751,0.0007
1428,31.5115,5.8750,37.9259,11.6980,,true,5,0.008333,0.4114,0.0417,1.00,1.00,0.9483,22,1,345,377,8,252,352,0,15,15,8,0,63300,4247,8,40,1009528832,0.000000,0.000000,0.000000,0.00,2,1,2,7,13,25,21,19,25,33,32,38,29,33,37,28,0,0,0.0004,0.0046,0.0617,0.0387,0.0070,0.4124,0.0056,11.6980,0.0251,0.4114,0.0000,0.0000,3.1204,0.0660,0.8262,0.3002,0.9829,0.0463,0.0000,57.1521,0.0011
1429,31.5614,5.9250,51.6077,10.0569,,true,6,0.008333,0.5792,0.0500,1.00,0.97,2.5560,22,1,354,377,0,259,359,0,15,15,8,0,63654,4247,0,0,1009528832,0.000000,0.000000,0.000000,0.00,2,1,2,7,13,25,21,19,24,37,32,37,33,33,36,32,0,0,0.0005,0.0018,0.1036,0.0410,0.0069,0.5799,0.0060,10.0569,0.0328,0.5792,0.0000,0.0000,2.2748,0.0529,0.7176,0.2372,0.7690,0.0357,0.0000,48.7904,0.0009
1430,31.6021,5.9583,35.7061,15.1252,,true,4,0.008333,0.3140,0.0333,1.00,0.93,4.9287,22,1,357,376,8,263,363,0,15,15,0,0,64011,4255,31,40,1009528832,0.000000,0.000000,0.000000,0.00,2,1,2,7,13,25,21,20,20,37,32,36,37,33,35,36,0,0,0.0003,0.0012,0.0867,0.0388,0.0069,0.3146,0.0046,15.1252,0.0396,0.3140,0.0000,0.0000,6.0680,0.0009,0.5882,0.1724,0.8768,0.0012,0.0000,0.0000,3.7255
1431,31.6305,5.9917,34.5182,9.1413,,true,4,0.008333,0.2692,0.0333,1.00,0.97,6.1136,22,1,336,376,8,267,367,0,15,15,8,0,64347,4263,23,40,1009528832,0.000000,0.000000,0.000000,0.00,2,1,2,7,13,25,21,20,22,30,29,33,34,29,36,32,0,0,0.0001,0.0014,0.0471,0.0409,0.0112,0.2698,0.0048,9.1413,0.0219,0.2692,0.0000,0.0000,1.9343,0.0423,0.4849,0.1747,0.7755,0.0148,0.0000,48.0904,0.0004
1432,31.6756,6.0333,43.4066,10.5907,,true,5,0.008333,0.7436,0.0417,1.00,0.96,7.8536,22,1,339,376,8,270,370,0,15,15,8,0,64686,4271,15,40,1009528832,0.000000,0.000000,0.000000,0.00,2,1,2,7,13,25,21,20,22,30,29,33,33,33,36,32,0,0,0.0012,0.0056,0.0717,0.0560,0.0092,0.7447,0.0160,10.5907,0.0365,0.7436,0.0000,0.0000,2.3919,0.0477,0.5506,0.2726,0.9088,0.0176,0.0000,44.8553,0.0007
1433,31.7135,6.0750,37.0803,11.1419,,true,5,0.008333,0.2711,0.0417,1.00,1.00,3.2672,22,1,348,376,7,277,377,0,15,15,8,0,65034,4278,7,35,1009532928,0.000000,0.000000,0.000000,0.00,2,1,2,7,13,25,21,20,22,30,29,32,36,36,40,32,0,0,0.0004,0.0027,0.0985,0.0568,0.0130,0.2716,0.0076,11.1419,0.0576,0.2711,0.0000,0.0000,2.8408,0.0670,0.8465,0.2846,0.9846,0.0317,0.0000,50.8875,0.0005
1434,31.7470,6.1083,34.7415,10.0096,,true,4,0.008333,0.3224,0.0333,1.00,0.96,4.6753,22,1,354,376,0,281,381,0,15,15,7,0,65388,4278,0,0,1009532928,0.000000,0.000000,0.000000,0.00,2,1,2,7,13,25,21,20,22,29,33,32,36,36,39,36,0,0,0.0004,0.0023,0.1008,0.0639,0.0065,0.3229,0.0050,10.0096,0.0450,0.3224,0.0000,0.0000,1.6574,0.0284,0.4763,0.2042,0.6140,0.0128,0.0000,41.8262,0.0007
1435,31.7807,6.1417,33.1890,10.5831,,true,4,0.008333,0.5378,0.0333,1.00,1.00,4.5310,22,1,354,376,0,284,384,0,15,15,0,0,65388,4278,0,0,1009532928,0.000000,0.000000,0.000000,0.00,2,1,2,7,13,25,21,20,22,29,33,32,36,36,39,36,0,0,0.0002,0.0024,0.1208,0.0606,0.0060,0.5386,0.0054,10.5831,0.0404,0.5378,0.0000,0.0000,2.1433,0.0011,1.0133,0.4048,0.0043,0.0011,0.0000,0.0000,0.0010
1436,31.8109,6.1750,34.3583,6.9102,,true,4,0.008333,0.3254,0.0333,1.00,0.97,5.5560,22,1,354,376,0,287,387,0,15,15,0,0,65388,4278,0,0,1009532928,0.000000,0.000000,0.000000,0.00,2,1,2,7,13,25,21,20,22,29,33,32,36,36,39,36,0,0,0.0012,0.0076,0.0484,0.0868,0.0077,0.3259,0.0071,6.9102,0.0239,0.3254,0.0000,0.0000,1.3761,0.0005,0.6476,0.2783,0.0014,0.0009,0.0000,0.0000,0.0009
1437,31.8175,6.1833,6.1340,5.8026,,true,1,0.008333,0.1134,0.0083,1.00,1.00,3.3567,22,1,354,376,0,289,389,0,15,15,0,0,65388,4278,0,0,1009532928,0.000000,0.000000,0.000000,0.00,2,1,2,7,13,25,21,20,22,29,33,32,36,36,39,36,0,0,0.0005,0.0009,0.0748,0.0370,0.0058,0.1137,0.0034,5.8026,0.0069,0.1134,0.0000,0.0000,1.5170,0.0004,0.8721,0.1850,0.0013,0.0012,0.0000,0.0000,0.0005
1438,31.8230,6.1917,7.5207,4.6539,,true,1,0.008333,0.1008,0.0083,1.00,1.00,2.5440,22,1,354,376,0,291,391,0,15,15,0,0,65388,4278,0,0,1009532928,0.000000,0.000000,0.000000,0.00,2,1,2,7,13,25,21,20,22,29,33,32,36,36,39,36,0,0,0.0002,0.0008,0.0393,0.0250,0.0021,0.1011,0.0024,4.6539,0.0088,0.1008,0.0000,0.0000,1.1153,0.0003,0.6218,0.1302,0.0004,0.0003,0.0000,0.0000,0.0003
1439,31.8451,6.2083,15.4165,12.1541,,true,2,0.008333,0.1286,0.0167,1.00,1.00,1.2939,22,1,345,376,8,293,393,0,15,15,0,0,65733,4286,32,40,1009532928,0.000000,0.000000,0.000000,0.00,2,1,2,7,13,25,21,20,22,30,29,33,32,36,40,32,0,0,0.0005,0.0016,0.0552,0.0378,0.0062,0.1290,0.0057,12.1541,0.0131,0.1286,0.0000,0.0000,7.2203,0.0007,0.6369,0.1612,0.7955,0.0005,0.0000,0.0000,4.9863
1440,31.8543,6.2167,15.3516,6.0056,,true,1,0.008333,0.1071,0.0083,1.00,0.54,8.3121,22,1,339,376,8,260,360,0,15,15,4,0,66072,4290,28,40,1009532928,0.000000,0.000000,0.000000,0.00,2,1,2,7,13,25,21,20,22,30,29,34,29,32,40,32,0,0,0.0002,0.0009,0.0344,0.0356,0.0029,0.1076,0.0041,6.0056,0.0061,0.1071,0.0000,0.0000,1.9382,0.0200,0.6290,0.0912,0.6552,0.0078,0.0000,27.0173,0.0003
1441,31.9209,6.2833,60.3255,11.7724,,true,8,0.008333,0.5822,0.0667,1.00,1.00,1.9709,22,1,336,376,8,265,365,0,15,15,8,0,66408,4298,20,40,1009537024,0.000000,0.000000,0.000000,0.00,2,1,2,7,13,25,21,20,22,30,28,38,30,29,36,32,0,0,0.0003,0.0044,0.1105,0.0410,0.0059,0.5826,0.0103,11.7724,0.0442,0.5822,0.0000,0.0000,2.9469,0.0554,0.5682,0.3477,1.2243,0.0255,0.0000,42.3239,0.0009
1442,31.9553,6.3167,35.7902,10.4405,,true,4,0.008333,0.3160,0.0333,1.00,0.93,4.4277,22,1,342,376,8,264,364,0,15,15,8,0,66750,4306,12,40,1009541120,0.000000,0.000000,0.000000,0.00,2,1,2,7,13,25,21,20,22,29,32,38,30,28,40,32,0,0,0.0004,0.0020,0.0498,0.0385,0.0064,0.3164,0.0057,10.4405,0.0206,0.3160,0.0000,0.0000,2.5099,0.0273,0.6316,0.1278,0.8011,0.0138,0.0000,46.2237,0.0006
1443,31.9902,6.3500,33.3020,12.0814,,true,4,0.008333,0.2912,0.0333,1.00,1.00,4.3964,22,1,348,376,4,259,359,0,15,15,8,0,67098,4310,4,20,1009541120,0.000000,0.000000,0.000000,0.00,2,1,2,7,13,25,21,20,22,29,32,38,30,28,38,40,0,0,0.0004,0.0023,0.1059,0.0528,0.0062,0.2921,0.0066,12.0814,0.0378,0.2912,0.0000,0.0000,2.7624,0.0472,0.8086,0.2550,0.9627,0.0315,0.0000,45.5112,0.0005
1444,32.0259,6.3833,36.5895,11.0587,,true,4,0.008333,0.3787,0.0333,1.00,0.91,7.6526,22,1,354,376,0,251,351,0,15,15,4,0,67452,4310,0,0,1009541120,0.000000,0.000000,0.000000,0.00,2,1,2,7,13,25,21,20,22,28,35,42,30,28,38,40,0,0,0.0003,0.0027,0.0688,0.0767,0.0079,0.3794,0.0055,11.0587,0.0370,0.3787,0.0000,0.0000,2.4336,0.0331,0.7137,0.2542,0.9133,0.0236,0.0000,25.2436,0.0006
1445,32.0653,6.4250,34.2390,16.3606,,true,5,0.008333,0.4362,0.0417,1.00,1.00,0.2250,22,1,348,376,8,248,348,0,15,15,0,0,67800,4318,107,40,1009541120,0.000000,0.000000,0.000000,0.00,2,1,2,7,13,25,21,21,18,28,36,38,30,28,38,40,0,0,0.0004,0.0015,0.0830,0.0670,0.0133,0.4373,0.0051,16.3606,0.0379,0.4362,0.0000,0.0000,8.3893,0.0007,0.6445,0.2024,0.9487,0.0007,0.0000,0.0000,5.5369
1446,32.0930,6.4500,33.0656,11.1324,,true,3,0.008333,0.3421,0.0250,1.00,0.76,8.2906,22,1,321,376,8,227,327,0,15,15,8,0,68121,4326,99,40,1009541120,0.000000,0.000000,0.000000,0.00,2,1,2,7,13,25,21,21,20,20,36,40,24,23,26,40,0,0,0.0003,0.0015,0.1317,0.0433,0.0068,0.3430,0.0065,11.1324,0.0371,0.3421,0.0000,0.0000,2.9468,0.0559,0.6977,0.2138,0.8196,0.0263,0.0000,42.8238,0.0004
1447,32.1429,6.5000,46.6409,14.1587,,true,6,0.008333,0.5155,0.0500,1.00,1.00,4.9316,22,1,297,376,8,211,311,0,15,15,8,0,68418,4334,91,40,1009541120,0.000000,0.000000,0.000000,0.00,2,1,2,7,13,25,21,21,21,17,34,33,21,20,23,36,0,0,0.0012,0.0023,0.0654,0.0804,0.0096,0.5166,0.0066,14.1587,0.0324,0.5155,0.0000,0.0000,3.3605,0.0662,1.1198,0.1746,1.0029,0.0386,0.0000,42.0601,0.0008
1448,32.1804,6.5417,39.0424,12.6797,,true,5,0.008333,0.4106,0.0417,1.00,1.00,2.3073,22,1,288,376,8,201,301,0,15,15,8,0,68706,4342,83,40,1009463296,0.000000,0.000000,0.000000,0.00,2,1,2,7,13,25,21,21,21,18,30,33,21,21,20,32,0,0,0.0004,0.0018,0.1862,0.0830,0.0131,0.4119,0.0078,12.6797,0.0509,0.4106,0.0000,0.0000,2.9484,0.0849,0.7812,0.2252,0.7581,0.0509,0.0000,49.6160,0.0009
1449,32.2314,6.5917,52.0130,11.6805,,true,6,0.008333,0.4277,0.0500,1.00,0.96,4.3203,22,1,288,376,8,198,298,0,15,15,8,0,68706,4350,75,40,1009463296,0.000000,0.000000,0.000000,0.00,2,1,2,7,13,25,21,21,21,18,30,33,21,21,20,32,0,0,0.0002,0.0025,0.0867,0.0481,0.0057,0.4289,0.0079,11.6805,0.0352,0.4277,0.0000,0.0000,2.7289,0.0749,0.7056,0.2118,0.7248,0.0365,0.0000,44.0442,0.0006
1450,32.2653,6.6250,35.0226,10.6108,,true,4,0.008333,0.3025,0.0333,1.00,0.95,6.0095,22,1,291,376,8,198,298,0,15,15,8,0,68997,4358,67,40,1009463296,0.000000,0.000000,0.000000,0.00,2,1,2,7,13,25,21,20,25,18,30,33,21,21,20,32,0,0,0.0002,0.0017,0.0851,0.0460,0.0067,0.3032,0.0049,10.6108,0.0342,0.3025,0.0000,0.0000,2.6907,0.0593,0.6936,0.2406,0.7972,0.0241,0.0000,45.8670,0.0005
1451,32.3106,6.6750,45.9841,9.8010,,true,6,0.008333,0.6927,0.0500,1.00,1.00,1.9936,22,1,303,376,8,204,304,0,15,15,8,0,69300,4366,59,40,1009463296,0.000000,0.000000,0.000000,0.00,2,1,2,7,13,25,21,20,24,22,29,36,24,25,20,32,0,0,0.0006,0.0017,0.0767,0.0371,0.0055,0.6932,0.0140,9.8010,0.0333,0.6927,0.0000,0.0000,2.1309,0.0541,0.5172,0.1869,0.5404,0.0200,0.0000,48.1023,0.0013
1452,32.3471,6.7083,34.7820,11.4563,,true,4,0.008333,0.3339,0.0333,1.00,0.96,3.4423,22,1,309,376,8,211,311,0,15,15,8,0,69609,4374,51,40,1009467392,0.000000,0.000000,0.000000,0.00,2,1,2,7,13,25,21,20,24,22,29,35,27,29,20,32,0,0,0.0005,0.0015,0.0773,0.0464,0.0062,0.3345,0.0047,11.4563,0.0371,0.3339,0.0000,0.0000,2.4271,0.0295,0.8893,0.1435,0.5995,0.0159,0.0000,48.3614,0.0007
1453,32.3974,6.7583,50.8830,10.9628,,true,6,0.008333,0.6162,0.0500,1.00,0.98,4.3254,22,1,312,376,8,221,321,0,15,15,8,0,69921,4382,43,40,1009467392,0.000000,0.000000,0.000000,0.00,2,1,2,7,13,25,21,20,24,22,29,35,27,28,24,32,0,0,0.0003,0.0016,0.0674,0.0411,0.0060,0.6172,0.0055,10.9628,0.0287,0.6162,0.0000,0.0000,2.6771,0.0351,0.7831,0.1842,0.7431,0.0103,0.0000,43.8591,0.0008
1454,32.4333,6.7917,36.5299,10.3722,,true,4,0.008333,0.3588,0.0333,1.00,0.91,7.5219,22,1,315,376,8,231,331,0,15,15,8,0,70236,4390,35,40,1009467392,0.000000,0.000000,0.000000,0.00,2,1,2,7,13,25,21,20,24,21,33,35,27,28,24,32,0,0,0.0005,0.0016,0.0530,0.0449,0.0067,0.3594,0.0053,10.3722,0.0247,0.3588,0.0000,0.0000,2.2985,0.0279,0.7352,0.1648,0.6684,0.0138,0.0000,43.8042,0.0004
1455,32.4655,6.8250,33.9342,8.7505,,true,4,0.008333,0.2687,0.0333,1.00,0.98,8.1228,22,1,318,376,8,240,340,0,15,15,8,0,70554,4398,27,40,1009467392,0.000000,0.000000,0.000000,0.00,2,1,2,7,13,25,21,20,24,21,33,35,26,32,24,32,0,0,0.0005,0.0012,0.0688,0.0410,0.0065,0.2692,0.0030,8.7505,0.0323,0.2687,0.0000,0.0000,2.1144,0.0496,0.5107,0.2622,0.7439,0.0263,0.0000,44.1372,0.0007
1456,32.4992,6.8667,34.2029,8.0589,,true,5,0.008333,0.3705,0.0417,1.00,1.00,0.6591,22,1,324,376,8,248,348,0,15,15,8,0,70878,4406,19,40,1009467392,0.000000,0.000000,0.000000,0.00,2,1,2,7,13,25,21,20,24,21,32,39,26,32,23,36,0,0,0.0002,0.0016,0.0525,0.0532,0.0096,0.3707,0.0048,8.0589,0.0199,0.3705,0.0000,0.0000,2.3636,0.0657,0.6839,0.1592,0.8301,0.0241,0.0000,44.6583,0.0007
1457,32.5346,6.9000,33.9077,9.7347,,true,4,0.008333,0.5053,0.0333,1.00,0.98,1.2334,22,1,336,376,8,255,355,0,15,15,8,0,71214,4414,11,40,1009467392,0.000000,0.000000,0.000000,0.00,2,1,2,7,13,25,21,20,22,29,31,43,26,32,22,40,0,0,0.0001,0.0014,0.0393,0.0451,0.0071,0.5058,0.0037,9.7347,0.0201,0.5053,0.0000,0.0000,1.7051,0.0387,0.4715,0.1445,0.6053,0.0151,0.0000,43.9503,0.0005
1458,32.5705,6.9333,33.4738,11.8653,,true,4,0.008333,0.4076,0.0333,1.00,1.00,1.3738,22,1,345,376,3,261,361,0,15,15,8,0,71559,4417,3,15,1009467392,0.000000,0.000000,0.000000,0.00,2,1,2,7,13,25,21,20,22,29,31,42,29,35,26,40,0,0,0.0002,0.0020,0.1687,0.0431,0.0075,0.4083,0.0064,11.8653,0.0314,0.4076,0.0000,0.0000,2.5465,0.0360,0.9635,0.1756,0.8160,0.0171,0.0000,40.0424,0.0010
1459,32.6093,6.9667,38.1812,12.5565,,true,4,0.008333,0.2853,0.0333,1.00,0.87,6.2217,22,1,354,376,0,265,365,0,15,15,3,0,71913,4417,0,0,1009467392,0.000000,0.000000,0.000000,0.00,2,1,2,7,13,25,21,20,22,29,31,41,32,38,30,40,0,0,0.0005,0.0023,0.1037,0.0439,0.0234,0.2872,0.0060,12.5565,0.0505,0.2853,0.0000,0.0000,2.4392,0.0210,0.6813,0.2640,0.8669,0.0096,0.0000,16.1480,0.0009
1460,32.6506,7.0083,37.3927,16.6373,,true,5,0.008333,0.4573,0.0417,1.00,1.00,1.9478,22,1,300,374,8,269,369,0,15,15,0,0,72213,4425,156,40,1009467392,0.000000,0.000000,0.000000,0.00,2,1,2,7,13,25,21,22,17,19,24,39,28,24,24,32,0,0,0.0002,0.0015,0.1308,0.0426,0.0059,0.4578,0.0055,16.6373,0.0228,0.4573,0.0000,0.0000,8.6452,0.0020,0.6681,0.2348,0.9436,0.0028,0.0000,0.0000,5.5308
1461,32.6777,7.0417,33.6998,10.0439,,true,4,0.008333,0.2147,0.0333,1.00,0.99,2.3142,22,1,252,374,8,281,381,0,15,15,8,0,72465,4433,148,40,1009471488,0.000000,0.000000,0.000000,0.00,2,1,2,7,13,25,21,22,17,22,17,22,19,14,16,32,0,0,0.0004,0.0039,0.0905,0.0706,0.0052,0.2159,0.0176,10.0439,0.0457,0.2147,0.0000,0.0000,3.2885,0.1007,0.7148,0.2333,0.7115,0.0350,0.0000,46.6623,0.0011
1462,32.7241,7.0833,44.2190,12.2132,,true,5,0.008333,0.2836,0.0417,1.00,0.94,4.8665,22,1,240,374,8,288,388,0,15,15,8,0,72705,4441,140,40,1009475584,0.000000,0.000000,0.000000,0.00,2,1,2,7,13,25,21,22,18,18,18,19,15,14,17,28,0,0,0.0005,0.0013,0.0890,0.0491,0.0078,0.2840,0.0037,12.2132,0.0383,0.2836,0.0000,0.0000,3.0006,0.0723,0.7003,0.2141,0.6424,0.0317,0.0000,45.9635,0.0003
1463,32.7660,7.1250,40.6101,13.4091,,true,5,0.008333,0.3635,0.0417,1.00,1.00,3.8100,22,1,237,374,8,294,394,0,15,15,8,0,72942,4449,132,40,1009991680,0.000000,0.000000,0.000000,0.00,2,1,2,7,13,25,21,22,18,18,18,19,15,14,18,24,0,0,0.0003,0.0020,0.0793,0.0436,0.0055,0.3643,0.0044,13.4091,0.0570,0.3635,0.0000,0.0000,2.6231,0.1112,0.5452,0.1360,0.4915,0.0536,0.0000,43.0697,0.0007
1464,32.8125,7.1750,48.8598,10.9902,,true,6,0.008333,0.5109,0.0500,1.00,1.00,2.6698,22,1,237,374,8,300,400,0,15,15,8,0,72942,4457,124,40,1009991680,0.000000,0.000000,0.000000,0.00,2,1,2,7,13,25,21,22,18,18,18,19,15,14,18,24,0,0,0.0008,0.0023,0.0929,0.0620,0.0067,0.5114,0.0072,10.9902,0.0534,0.5109,0.0000,0.0000,3.2404,0.0320,0.7330,0.2245,0.5151,0.0173,0.0000,49.3244,0.0007
1465,32.8476,7.2083,35.7637,10.4770,,true,4,0.008333,0.3122,0.0333,1.00,0.93,5.1002,22,1,243,374,8,303,403,0,15,15,8,0,73185,4465,116,40,1009991680,0.000000,0.000000,0.000000,0.00,2,1,2,7,13,25,21,22,18,18,18,18,18,18,18,24,0,0,0.0006,0.0012,0.0764,0.0427,0.0052,0.3142,0.0054,10.4770,0.0394,0.3122,0.0000,0.0000,2.8043,0.0413,0.8049,0.1703,0.5814,0.0266,0.0000,47.6319,0.0010
1466,32.9010,7.2583,50.8452,13.0055,,true,6,0.008333,0.6039,0.0500,1.00,0.98,5.9454,22,1,243,374,8,306,406,0,15,15,8,0,73185,4473,108,40,1009991680,0.000000,0.000000,0.000000,0.00,2,1,2,7,13,25,21,22,18,18,18,18,18,18,18,24,0,0,0.0004,0.0023,0.0620,0.0552,0.0084,0.6050,0.0062,13.0055,0.0239,0.6039,0.0000,0.0000,3.0720,0.0408,0.6970,0.3248,0.7413,0.0148,0.0000,47.3891,0.0016
1467,32.9328,7.3000,36.3285,8.5353,,true,5,0.008333,0.3842,0.0417,1.00,1.00,0.6072,22,1,249,374,8,310,410,0,15,15,8,0,73434,4481,100,40,1009991680,0.000000,0.000000,0.000000,0.00,2,1,2,7,13,25,21,22,18,18,18,18,17,21,22,24,0,0,0.0002,0.0015,0.0481,0.0394,0.0071,0.3847,0.0049,8.5353,0.0209,0.3842,0.0000,0.0000,2.3560,0.0301,0.7088,0.1208,0.5558,0.0103,0.0000,48.4900,0.0005
1468,32.9824,7.3417,46.5892,11.6393,,true,5,0.008333,0.3837,0.0417,1.00,0.89,5.5298,22,1,252,374,8,313,413,0,15,15,8,0,73686,4489,92,40,1009991680,0.000000,0.000000,0.000000,0.00,2,1,2,7,13,25,21,22,18,17,22,18,17,21,22,24,0,0,0.0006,0.0050,0.0682,0.0884,0.0152,0.3846,0.0114,11.6393,0.0294,0.3837,0.0000,0.0000,2.9622,0.0532,0.8525,0.1881,0.6435,0.0300,0.0000,44.8810,0.0006
1469,33.0220,7.3833,37.3926,13.6401,,true,5,0.008333,0.4133,0.0417,1.00,1.00,1.2558,22,1,255,374,8,315,415,0,15,15,8,0,73941,4497,84,40,1009991680,0.000000,0.000000,0.000000,0.00,2,1,2,7,13,25,21,22,18,17,22,18,17,20,26,24,0,0,0.0002,0.0025,0.1040,0.1166,0.0148,0.4140,0.0204,13.6401,0.0439,0.4133,0.0000,0.0000,2.9676,0.0859,0.8665,0.2180,0.6783,0.0503,0.0000,42.7032,0.0012
1470,33.0702,7.4333,50.9995,11.0371,,true,6,0.008333,0.5964,0.0500,1.00,0.98,2.2552,22,1,255,374,8,317,417,0,15,15,8,0,73941,4505,76,40,1009995776,0.000000,0.000000,0.000000,0.00,2,1,2,7,13,25,21,22,18,17,22,18,17,20,26,24,0,0,0.0005,0.0015,0.0598,0.0547,0.0067,0.5970,0.0055,11.0371,0.0241,0.5964,0.0000,0.0000,1.8877,0.0278,0.5265,0.1264,0.5286,0.0170,0.0000,46.7826,0.0004
1471,33.1050,7.4667,35.3671,10.4413,,true,4,0.008333,0.3500,0.0333,1.00,0.94,4.2889,22,1,258,374,8,319,419,0,15,15,8,0,74199,4513,68,40,1009995776,0.000000,0.000000,0.000000,0.00,2,1,2,7,13,25,21,22,18,17,21,22,17,20,26,24,0,0,0.0002,0.0021,0.0696,0.0693,0.0124,0.3505,0.0065,10.4413,0.0371,0.3500,0.0000,0.0000,2.8876,0.0661,0.7780,0.1694,0.9009,0.0310,0.0000,48.4738,0.0012
1472,33.1543,7.5167,48.2615,11.4057,,true,6,0.008333,0.8109,0.0500,1.00,1.00,2.5505,22,1,261,374,8,320,420,0,15,15,8,0,74460,4521,60,40,1009995776,0.000000,0.000000,0.000000,0.00,2,1,2,7,13,25,21,22,18,17,21,22,17,20,25,28,0,0,0.0010,0.0080,0.0771,0.1273,0.0163,0.8127,0.0111,11.4057,0.0532,0.8109,0.0000,0.0000,2.6558,0.0642,0.7575,0.1668,0.6442,0.0374,0.0000,47.4989,0.0006
1473,33.1926,7.5500,38.3606,11.3327,,true,4,0.008333,0.3103,0.0333,1.00,0.87,7.5778,22,1,267,374,8,320,420,0,15,15,8,0,74727,4529,52,40,1009995776,0.000000,0.000000,0.000000,0.00,2,1,2,7,13,25,21,22,18,16,25,22,16,24,25,28,0,0,0.0004,0.0019,0.0900,0.0512,0.0054,0.3108,0.0047,11.3327,0.0439,0.3103,0.0000,0.0000,3.1915,0.0801,1.0181,0.2140,0.8026,0.0331,0.0000,46.1858,0.0013
1474,33.2276,7.5917,35.5500,10.8745,,true,5,0.008333,0.3876,0.0417,1.00,1.00,1.4611,22,1,276,374,8,322,422,0,15,15,8,0,75003,4537,44,40,1009995776,0.000000,0.000000,0.000000,0.00,2,1,2,7,13,25,21,22,18,15,28,26,16,23,29,28,0,0,0.0006,0.0022,0.0805,0.1190,0.0106,0.3884,0.0061,10.8745,0.0410,0.3876,0.0000,0.0000,2.6818,0.0539,0.8479,0.1972,0.7378,0.0304,0.0000,46.4965,0.0009
1475,33.2628,7.6250,36.0656,10.0036,,true,4,0.008333,0.3069,0.0333,1.00,0.92,4.1933,22,1,279,374,8,323,423,0,15,15,8,0,75282,4545,36,40,1009995776,0.000000,0.000000,0.000000,0.00,2,1,2,7,13,25,21,22,18,15,28,25,20,23,29,28,0,0,0.0005,0.0016,0.0518,0.0708,0.0158,0.3077,0.0049,10.0036,0.0217,0.3069,0.0000,0.0000,1.8196,0.0301,0.5329,0.1405,0.6011,0.0199,0.0000,43.1655,0.0004
1476,33.2981,7.6583,35.2646,10.0105,,true,4,0.008333,0.4771,0.0333,1.00,0.95,6.1246,22,1,279,374,8,323,423,0,15,15,8,0,75282,4553,28,40,1009995776,0.000000,0.000000,0.000000,0.00,2,1,2,7,13,25,21,22,18,15,28,25,20,23,29,28,0,0,0.0003,0.0020,0.0592,0.0426,0.0056,0.4779,0.0036,10.0105,0.0215,0.4771,0.0000,0.0000,2.1300,0.0323,0.7168,0.1518,0.6359,0.0176,0.0000,42.4485,0.0007
1477,33.3334,7.7000,35.9936,9.1969,,true,5,0.008333,0.3328,0.0417,1.00,1.00,0.4516,22,1,285,374,8,324,424,0,15,15,8,0,75567,4561,20,40,1009995776,0.000000,0.000000,0.000000,0.00,2,1,2,7,13,25,21,22,17,19,28,24,24,23,29,28,0,0,0.0002,0.0024,0.0656,0.0738,0.0069,0.3334,0.0058,9.1969,0.0254,0.3328,0.0000,0.0000,2.3931,0.0310,0.7647,0.1718,0.8828,0.0119,0.0000,43.5706,0.0009
1478,33.3702,7.7333,35.3751,10.7079,,true,4,0.008333,0.3687,0.0333,1.00,0.94,2.4934,22,1,291,374,8,325,425,0,15,15,8,0,75858,4569,12,40,1009995776,0.000000,0.000000,0.000000,0.00,2,1,2,7,13,25,21,22,16,22,32,24,24,23,29,28,0,0,0.0002,0.0016,0.0879,0.0457,0.0063,0.3693,0.0047,10.7079,0.0361,0.3687,0.0000,0.0000,2.4346,0.0589,0.7866,0.1922,0.6958,0.0691,0.0000,43.9826,0.0007
1479,33.4056,7.7667,33.9039,12.1223,,true,4,0.008333,0.4969,0.0333,1.00,0.98,3.0640,22,1,321,374,4,325,425,0,15,15,8,0,76179,4573,4,20,1009999872,0.000000,0.000000,0.000000,0.00,2,1,2,7,13,25,21,22,15,24,38,30,29,35,29,28,0,0,0.0007,0.0072,0.0674,0.0670,0.0116,0.4976,0.0063,12.1223,0.0440,0.4969,0.0000,0.0000,2.5980,0.0711,0.7929,0.2133,0.7894,0.0253,0.0000,42.3966,0.0007
1480,33.4403,7.8000,35.6220,11.1572,,true,4,0.008333,0.3714,0.0333,1.00,0.94,5.3526,22,1,354,374,0,326,426,0,15,15,4,0,76533,4573,0,0,1009999872,0.000000,0.000000,0.000000,0.00,2,1,2,7,13,25,21,22,14,26,44,35,40,37,37,28,0,0,0.0001,0.0018,0.0553,0.0350,0.0074,0.3722,0.0059,11.1572,0.0310,0.3714,0.0000,0.0000,2.4407,0.0544,0.7310,0.2654,0.8063,0.0231,0.0000,23.7377,0.0007
1481,33.4792,7.8333,35.7843,14.3356,,true,4,0.008333,0.3258,0.0333,1.00,0.93,7.8037,22,1,345,374,8,326,426,0,15,15,0,0,76878,4581,47,40,1010003968,0.000000,0.000000,0.000000,0.00,2,1,2,7,13,25,21,22,14,28,36,35,40,38,33,28,0,0,0.0004,0.0018,0.0542,0.0379,0.0054,0.3265,0.0056,14.3356,0.0183,0.3258,0.0000,0.0000,7.5838,0.0005,0.7321,0.1645,0.7977,0.0005,0.0000,0.0000,5.1586
1482,33.5113,7.8750,35.5418,11.1070,,true,5,0.008333,0.4714,0.0417,1.00,1.00,1.6788,22,1,324,374,8,343,443,0,15,15,8,0,77202,4589,39,40,1012101120,0.000000,0.000000,0.000000,0.00,2,1,2,7,13,25,21,22,14,29,32,36,37,35,32,16,0,0,0.0005,0.0019,0.0719,0.0463,0.0100,0.4719,0.0057,11.1070,0.0438,0.4714,0.0000,0.0000,2.7138,0.0570,0.7963,0.2276,0.8466,0.0286,0.0000,47.9185,0.0013
1483,33.5569,7.9167,45.4833,11.0199,,true,5,0.008333,0.5853,0.0417,1.00,0.92,5.4955,22,1,324,374,8,344,444,0,15,15,8,0,77202,4597,31,40,1014964224,0.000000,0.000000,0.000000,0.00,2,1,2,7,13,25,21,22,14,29,32,36,37,35,32,16,0,0,0.0002,0.0021,0.0750,0.0450,0.0080,0.5862,0.0060,11.0199,0.0772,0.5853,0.0000,0.0000,3.5677,0.0633,1.0055,0.2430,1.4240,0.0375,0.0000,42.8648,0.0009
1484,33.5973,7.9583,41.2370,10.1817,,true,5,0.008333,0.3913,0.0417,1.00,1.00,5.0658,22,1,330,374,8,344,444,0,15,15,8,0,77532,4605,23,40,1014964224,0.000000,0.000000,0.000000,0.00,2,1,2,7,13,25,21,22,14,29,32,36,36,38,36,16,0,0,0.0002,0.0018,0.0582,0.0643,0.0059,0.3921,0.0047,10.1817,0.0217,0.3913,0.0000,0.0000,2.3480,0.0296,0.7626,0.1684,0.7828,0.0116,0.0000,47.3165,0.0011
1485,33.6466,8.0083,50.2548,9.1509,,true,6,0.008333,0.6362,0.0500,1.00,0.99,5.3207,22,1,336,374,8,344,444,0,15,15,8,0,77868,4613,15,40,1014964224,0.000000,0.000000,0.000000,0.00,2,1,2,7,13,25,21,22,13,33,31,40,36,38,36,16,0,0,0.0002,0.0028,0.0487,0.0401,0.0065,0.6375,0.0065,9.1509,0.0200,0.6362,0.0000,0.0000,2.2251,0.0296,0.7063,0.1851,0.7748,0.0157,0.0000,44.9443,0.0006
1486,33.6844,8.0417,35.4372,11.3497,,true,4,0.008333,0.3400,0.0333,1.00,0.94,7.4245,22,1,345,374,7,343,443,0,15,15,8,0,78213,4620,7,35,1014964224,0.000000,0.000000,0.000000,0.00,2,1,2,7,13,25,21,22,13,33,31,40,35,41,39,20,0,0,0.0007,0.0018,0.1002,0.0438,0.0065,0.3407,0.0054,11.3497,0.0437,0.3400,0.0000,0.0000,2.5038,0.0618,0.7040,0.3008,0.8749,0.0203,0.0000,46.1267,0.0007
1487,33.7330,8.0917,48.0539,11.9621,,true,6,0.008333,0.4530,0.0500,1.00,1.00,5.4784,22,1,354,374,0,344,444,0,15,15,7,0,78567,4620,0,0,1014964224,0.000000,0.000000,0.000000,0.00,2,1,2,7,13,25,21,22,13,32,34,44,35,41,38,24,0,0,0.0012,0.0025,0.0847,0.0580,0.0132,0.4532,0.0073,11.9621,0.0416,0.4530,0.0000,0.0000,2.1641,0.0591,0.6149,0.2451,0.6764,0.0287,0.0000,37.0237,0.0003
1488,33.7775,8.1333,41.2794,15.3751,,true,5,0.008333,0.5011,0.0417,1.00,1.00,5.0911,22,1,348,374,8,344,444,0,15,15,0,0,78915,4628,28,40,1014964224,0.000000,0.000000,0.000000,0.00,2,1,2,7,13,25,21,22,13,32,35,40,36,37,38,24,0,0,0.0008,0.0023,0.0569,0.0742,0.0082,0.5017,0.0059,15.3751,0.0351,0.5011,0.0000,0.0000,7.4108,0.0006,0.7373,0.1731,0.8419,0.0005,0.0000,0.0000,5.0383
1489,33.8090,8.1667,36.0285,10.8482,,true,4,0.008333,0.4851,0.0333,1.00,0.93,7.7863,22,1,336,374,8,337,437,0,15,15,8,0,79251,4636,20,40,1014968320,0.000000,0.000000,0.000000,0.00,2,1,2,7,13,25,21,22,13,33,33,32,36,38,34,24,0,0,0.0007,0.0022,0.0493,0.0367,0.0058,0.4856,0.0063,10.8482,0.0204,0.4851,0.0000,0.0000,2.3206,0.0325,0.7329,0.1721,0.8075,0.0131,0.0000,43.7825,0.0008
1490,33.8568,8.2167,46.3153,12.4526,,true,6,0.008333,0.5066,0.0500,1.00,1.00,4.1015,22,1,339,374,8,339,439,0,15,15,8,0,79590,4644,12,40,1014968320,0.000000,0.000000,0.000000,0.00,2,1,2,7,13,25,21,22,13,33,33,31,40,38,34,24,0,0,0.0003,0.0013,0.0793,0.0604,0.0092,0.5072,0.0035,12.4526,0.0525,0.5066,0.0000,0.0000,2.6115,0.0482,0.7656,0.2841,0.8647,0.0269,0.0000,43.9013,0.0009
1491,33.8957,8.2583,41.6078,9.6229,,true,5,0.008333,0.5077,0.0417,1.00,1.00,4.0426,22,1,345,374,4,341,441,0,15,15,8,0,79935,4648,4,20,1014968320,0.000000,0.000000,0.000000,0.00,2,1,2,7,13,25,21,22,13,33,33,31,40,37,37,28,0,0,0.0003,0.0013,0.0569,0.0593,0.0085,0.5088,0.0043,9.6229,0.0220,0.5077,0.0000,0.0000,2.3581,0.0354,0.8139,0.1694,0.8231,0.0210,0.0000,42.7579,0.0008
1492,33.9453,8.3083,50.3974,8.8175,,true,6,0.008333,0.3103,0.0500,1.00,0.99,4.4400,22,1,354,374,0,342,442,0,15,15,4,0,80289,4648,0,0,1014968320,0.000000,0.000000,0.000000,0.00,2,1,2,7,13,25,21,22,12,37,33,31,39,41,36,32,0,0,0.0002,0.0021,0.0675,0.0762,0.0072,0.3114,0.0039,8.8175,0.0223,0.3103,0.0000,0.0000,2.1606,0.0234,0.7304,0.1813,0.8140,0.0075,0.0000,26.5816,0.0004
1493,33.9832,8.3417,36.5685,10.1196,,true,4,0.008333,0.3722,0.0333,1.00,0.91,7.6752,22,1,354,374,0,341,441,0,15,15,0,0,80289,4648,0,0,1014968320,0.000000,0.000000,0.000000,0.00,2,1,2,7,13,25,21,22,12,37,33,31,39,41,36,32,0,0,0.0004,0.0019,0.0979,0.0497,0.0057,0.3744,0.0053,10.1196,0.0239,0.3722,0.0000,0.0000,1.6082,0.0007,0.9337,0.1811,0.0022,0.0009,0.0000,0.0000,0.0010
1494,34.0300,8.3917,49.9605,7.0922,,true,6,0.008333,0.5374,0.0500,1.00,1.00,7.6358,22,1,354,374,0,341,441,0,15,15,0,0,80289,4648,0,0,1014968320,0.000000,0.000000,0.000000,0.00,2,1,2,7,13,25,21,22,12,37,33,31,39,41,36,32,0,0,0.0002,0.0016,0.0667,0.0511,0.0080,0.5380,0.0049,7.0922,0.0260,0.5374,0.0000,0.0000,1.0824,0.0003,0.5832,0.1512,0.0014,0.0005,0.0000,0.0000,0.0004
1495,34.0374,8.4000,7.0989,5.0610,,true,1,0.008333,0.0530,0.0083,1.00,1.00,6.4013,22,1,354,374,0,341,441,0,15,15,0,0,80289,4648,0,0,1014968320,0.000000,0.000000,0.000000,0.00,2,1,2,7,13,25,21,22,12,37,33,31,39,41,36,32,0,0,0.0002,0.0007,0.0723,0.0445,0.0008,0.0535,0.0038,5.0610,0.0174,0.0530,0.0000,0.0000,0.8645,0.0001,0.5154,0.0975,0.0003,0.0001,0.0000,0.0000,0.0001
1496,34.0424,8.4083,7.9884,4.3166,,true,1,0.008333,0.0549,0.0083,1.00,1.00,6.0564,22,1,354,374,0,341,441,0,15,15,0,0,80289,4648,0,0,1014968320,0.000000,0.000000,0.000000,0.00,2,1,2,7,13,25,21,22,12,37,33,31,39,41,36,32,0,0,0.0003,0.0011,0.0301,0.0223,0.0008,0.0551,0.0049,4.3166,0.0113,0.0549,0.0000,0.0000,0.7963,0.0001,0.4818,0.0850,0.0003,0.0001,0.0000,0.0000,0.0001
1497,34.0561,8.4250,13.0034,5.3838,,true,2,0.008333,0.0878,0.0167,1.00,1.00,2.3932,22,1,354,374,0,343,443,0,15,15,0,0,80289,4648,0,0,1014968320,0.000000,0.000000,0.000000,0.00,2,1,2,7,13,25,21,22,12,37,33,31,39,41,36,32,0,0,0.0003,0.0010,0.0478,0.0165,0.0010,0.0880,0.0034,5.3838,0.0101,0.0878,0.0000,0.0000,1.2175,0.0002,0.6844,0.1443,0.0007,0.0008,0.0000,0.0000,0.0003
1498,34.0696,8.4333,13.7847,5.0512,,true,1,0.008333,0.1184,0.0083,1.00,0.60,7.8445,22,1,354,374,0,342,442,0,15,15,0,0,80289,4648,0,0,1014972416,0.000000,0.000000,0.000000,0.00,2,1,2,7,13,25,21,22,12,37,33,31,39,41,36,32,0,0,0.0002,0.0008,0.0464,0.0314,0.0032,0.1192,0.0052,5.0512,0.0101,0.1184,0.0000,0.0000,1.2260,0.0003,0.6966,0.1403,0.0007,0.0005,0.0000,0.0000,0.0004
1499,34.0851,8.4500,15.4024,5.2236,,true,2,0.008333,0.1748,0.0167,1.00,1.00,6.5803,22,1,354,374,0,342,442,0,15,15,0,0,80289,4648,0,0,1014972416,0.000000,0.000000,0.000000,0.00,2,1,2,7,13,25,21,22,12,37,33,31,39,41,36,32,0,0,0.0002,0.0011,0.0419,0.0324,0.0035,0.1754,0.0039,5.2236,0.0096,0.1748,0.0000,0.0000,1.2292,0.0004,0.7156,0.1366,0.0007,0.0003,0.0000,0.0000,0.0005
1500,34.1009,8.4667,15.7541,5.0775,,true,2,0.008333,0.1411,0.0167,1.00,1.00,5.6677,22,1,354,374,0,342,442,0,15,15,0,0,80289,4648,0,0,1014972416,0.000000,0.000000,0.000000,0.00,2,1,2,7,13,25,21,22,12,37,33,31,39,41,36,32,0,0,0.0002,0.0027,0.0457,0.0447,0.0062,0.1415,0.0056,5.0775,0.0106,0.1411,0.0000,0.0000,1.2346,0.0003,0.7162,0.1359,0.0007,0.0005,0.0000,0.0000,0.0005
1501,34.1158,8.4833,14.7765,5.2751,,true,2,0.008333,0.2176,0.0167,1.00,1.00,3.7775,22,1,354,374,0,343,443,0,15,15,0,0,80289,4648,0,0,1014972416,0.000000,0.000000,0.000000,0.00,2,1,2,7,13,25,21,22,12,37,33,31,39,41,36,32,0,0,0.0003,0.0010,0.0456,0.0428,0.0072,0.2186,0.0034,5.2751,0.0211,0.2176,0.0000,0.0000,0.9568,0.0005,0.5015,0.1401,0.0005,0.0010,0.0000,0.0000,0.0004
1502,34.1321,8.5000,15.8213,5.7963,,true,2,0.008333,0.2890,0.0167,1.00,1.00,2.9322,22,1,354,374,0,344,444,0,15,15,0,0,80289,4648,0,0,1014972416,0.000000,0.000000,0.000000,0.00,2,1,2,7,13,25,21,22,12,37,33,31,39,41,36,32,0,0,0.0002,0.0010,0.0497,0.0416,0.0030,0.2896,0.0047,5.7963,0.0159,0.2890,0.0000,0.0000,1.3098,0.0007,0.7110,0.2059,0.0033,0.0005,0.0000,0.0000,0.0002
1503,34.1478,8.5167,16.2808,5.2867,,true,2,0.008333,0.1475,0.0167,1.00,1.00,2.5463,22,1,354,374,0,345,445,0,15,15,0,0,80289,4648,0,0,1014972416,0.000000,0.000000,0.000000,0.00,2,1,2,7,13,25,21,22,12,37,33,31,39,41,36,32,0,0,0.0002,0.0006,0.0462,0.0348,0.0032,0.1479,0.0042,5.2867,0.0088,0.1475,0.0000,0.0000,1.2176,0.0006,0.6962,0.1380,0.0010,0.0005,0.0000,0.0000,0.0007
1504,34.1648,8.5333,16.2989,5.5850,,true,2,0.008333,0.2271,0.0167,1.00,1.00,2.1785,22,1,354,374,0,345,445,0,15,15,0,0,80289,4648,0,0,1014972416,0.000000,0.000000,0.000000,0.00,2,1,2,7,13,25,21,22,12,37,33,31,39,41,36,32,0,0,0.0002,0.0017,0.0412,0.0345,0.0138,0.2275,0.0053,5.5850,0.0221,0.2271,0.0000,0.0000,1.1645,0.0003,0.6718,0.1358,0.0006,0.0003,0.0000,0.0000,0.0003
1505,34.1784,8.5417,14.4396,5.2196,,true,1,0.008333,0.1310,0.0083,1.00,0.58,8.2848,22,1,354,374,0,344,444,0,15,15,0,0,80289,4648,0,0,1014972416,0.000000,0.000000,0.000000,0.00,2,1,2,7,13,25,21,22,12,37,33,31,39,41,36,32,0,0,0.0003,0.0009,0.0527,0.0297,0.0047,0.1315,0.0037,5.2196,0.0157,0.1310,0.0000,0.0000,1.2944,0.0002,0.6938,0.1936,0.0020,0.0007,0.0000,0.0000,0.0004
1506,34.1931,8.5583,14.8535,5.1514,,true,2,0.008333,0.1389,0.0167,1.00,1.00,6.4716,22,1,354,374,0,344,444,0,15,15,0,0,80289,4648,0,0,1014972416,0.000000,0.000000,0.000000,0.00,2,1,2,7,13,25,21,22,12,37,33,31,39,41,36,32,0,0,0.0002,0.0013,0.0544,0.0221,0.0030,0.1395,0.0055,5.1514,0.0107,0.1389,0.0000,0.0000,1.2836,0.0001,0.7433,0.1345,0.0004,0.0006,0.0000,0.0000,0.0002
1507,34.2085,8.5750,15.3549,5.1493,,true,2,0.008333,0.1756,0.0167,1.00,1.00,5.1599,22,1,354,374,0,344,444,0,15,15,0,0,80289,4648,0,0,1014976512,0.000000,0.000000,0.000000,0.00,2,1,2,7,13,25,21,22,12,37,33,31,39,41,36,32,0,0,0.0004,0.0018,0.0373,0.0382,0.0048,0.1759,0.0056,5.1493,0.0113,0.1756,0.0000,0.0000,0.9568,0.0003,0.5041,0.1230,0.0009,0.0003,0.0000,0.0000,0.0011
1508,34.2253,8.5917,16.5542,5.2367,,true,2,0.008333,0.1640,0.0167,1.00,1.00,5.0474,22,1,354,374,0,344,444,0,15,15,0,0,80289,4648,0,0,1014976512,0.000000,0.000000,0.000000,0.00,2,1,2,7,13,25,21,22,12,37,33,31,39,41,36,32,0,0,0.0004,0.0009,0.0468,0.0264,0.0024,0.1651,0.0028,5.2367,0.0101,0.1640,0.0000,0.0000,1.2811,0.0003,0.7683,0.1330,0.0007,0.0003,0.0000,0.0000,0.0005
1509,34.2399,8.6083,14.6253,5.3001,,true,2,0.008333,0.2255,0.0167,1.00,1.00,3.0061,22,1,354,374,0,345,445,0,15,15,0,0,80289,4648,0,0,1014976512,0.000000,0.000000,0.000000,0.00,2,1,2,7,13,25,21,22,12,37,33,31,39,41,36,32,0,0,0.0002,0.0013,0.0575,0.0376,0.0060,0.2283,0.0059,5.3001,0.0094,0.2255,0.0000,0.0000,0.9235,0.0002,0.4925,0.1201,0.0016,0.0007,0.0000,0.0000,0.0005
1510,34.2562,8.6250,16.1098,5.5859,,true,2,0.008333,0.1877,0.0167,1.00,1.00,2.4492,22,1,354,374,0,345,445,0,15,15,0,0,80289,4648,0,0,1014976512,0.000000,0.000000,0.000000,0.00,2,1,2,7,13,25,21,22,12,37,33,31,39,41,36,32,0,0,0.0007,0.0013,0.0511,0.0587,0.0035,0.1881,0.0241,5.5859,0.0091,0.1877,0.0000,0.0000,1.2550,0.0002,0.6910,0.1725,0.0012,0.0006,0.0000,0.0000,0.0003
1511,34.2717,8.6417,14.9673,6.0342,,true,2,0.008333,0.3073,0.0167,1.00,1.00,0.7499,22,1,354,374,0,346,446,0,15,15,0,0,80289,4648,0,0,1014976512,0.000000,0.000000,0.000000,0.00,2,1,2,7,13,25,21,22,12,37,33,31,39,41,36,32,0,0,0.0002,0.0006,0.0468,0.0285,0.0047,0.3079,0.0031,6.0342,0.0176,0.3073,0.0000,0.0000,1.2871,0.0013,0.6997,0.2070,0.0010,0.0016,0.0000,0.0000,0.0003
1512,34.2867,8.6500,15.4232,5.5162,,true,1,0.008333,0.1449,0.0083,1.00,0.54,7.8397,22,1,354,374,0,345,445,0,15,15,0,0,80289,4648,0,0,1014976512,0.000000,0.000000,0.000000,0.00,2,1,2,7,13,25,21,22,12,37,33,31,39,41,36,32,0,0,0.0003,0.0012,0.0546,0.0329,0.0034,0.1458,0.0051,5.5162,0.0184,0.1449,0.0000,0.0000,1.0931,0.0002,0.5764,0.1650,0.0023,0.0003,0.0000,0.0000,0.0004
1513,34.3020,8.6667,15.0435,5.7964,,true,2,0.008333,0.1694,0.0167,1.00,1.00,6.2165,22,1,354,374,0,345,445,0,15,15,0,0,80289,4648,0,0,1014976512,0.000000,0.000000,0.000000,0.00,2,1,2,7,13,25,21,22,12,37,33,31,39,41,36,32,0,0,0.0003,0.0012,0.0587,0.0284,0.0054,0.1699,0.0047,5.7964,0.0132,0.1694,0.0000,0.0000,1.2397,0.0002,0.6888,0.1576,0.0011,0.0005,0.0000,0.0000,0.0007
1514,34.3177,8.6833,15.9405,5.6077,,true,2,0.008333,0.2007,0.0167,1.00,1.00,5.4903,22,1,354,374,0,345,445,0,15,15,0,0,80289,4648,0,0,1014976512,0.000000,0.000000,0.000000,0.00,2,1,2,7,13,25,21,22,12,37,33,31,39,41,36,32,0,0,0.0003,0.0012,0.0525,0.0375,0.0057,0.2010,0.0042,5.6077,0.0197,0.2007,0.0000,0.0000,1.2278,0.0003,0.6956,0.1660,0.0009,0.0003,0.0000,0.0000,0.0004
1515,34.3334,8.7000,15.6074,5.6977,,true,2,0.008333,0.2289,0.0167,1.00,1.00,4.4310,22,1,354,374,0,345,445,0,15,15,0,0,80289,4648,0,0,1014976512,0.000000,0.000000,0.000000,0.00,2,1,2,7,13,25,21,22,12,37,33,31,39,41,36,32,0,0,0.0002,0.0013,0.0516,0.0324,0.0036,0.2295,0.0043,5.6977,0.0140,0.2289,0.0000,0.0000,1.2906,0.0006,0.6953,0.2103,0.0013,0.0005,0.0000,0.0000,0.0004
1516,34.3482,8.7167,14.9731,5.4884,,true,2,0.008333,0.1811,0.0167,1.00,1.00,2.7374,22,1,354,374,0,346,446,0,15,15,0,0,80289,4648,0,0,1014976512,0.000000,0.000000,0.000000,0.00,2,1,2,7,13,25,21,22,12,37,33,31,39,41,36,32,0,0,0.0019,0.0010,0.0396,0.0297,0.0059,0.1814,0.0057,5.4884,0.0093,0.1811,0.0000,0.0000,1.2584,0.0005,0.6930,0.1612,0.0017,0.0004,0.0000,0.0000,0.0005
1517,34.3644,8.7333,16.4383,5.0208,,true,2,0.008333,0.2396,0.0167,1.00,1.00,2.5090,22,1,354,374,0,346,446,0,15,15,0,0,80289,4648,0,0,1014980608,0.000000,0.000000,0.000000,0.00,2,1,2,7,13,25,21,22,12,37,33,31,39,41,36,32,0,0,0.0003,0.0013,0.0356,0.0362,0.0054,0.2407,0.0034,5.0208,0.0128,0.2396,0.0000,0.0000,0.9542,0.0002,0.5196,0.1018,0.0005,0.0003,0.0000,0.0000,0.0005
1518,34.3796,8.7500,14.8823,5.6773,,true,2,0.008333,0.2820,0.0167,1.00,1.00,0.7246,22,1,354,374,0,347,447,0,15,15,0,0,80289,4648,0,0,1014980608,0.000000,0.000000,0.000000,0.00,2,1,2,7,13,25,21,22,12,37,33,31,39,41,36,32,0,0,0.0003,0.0006,0.0478,0.0319,0.0029,0.2826,0.0034,5.6773,0.0136,0.2820,0.0000,0.0000,1.2526,0.0003,0.7045,0.1817,0.0012,0.0006,0.0000,0.0000,0.0003
1519,34.3942,8.7583,15.0407,5.0876,,true,1,0.008333,0.1419,0.0083,1.00,0.55,7.4319,22,1,354,374,0,346,446,0,15,15,0,0,80289,4648,0,0,1014980608,0.000000,0.000000,0.000000,0.00,2,1,2,7,13,25,21,22,12,37,33,31,39,41,36,32,0,0,0.0002,0.0010,0.0530,0.0361,0.0033,0.1426,0.0050,5.0876,0.0163,0.1419,0.0000,0.0000,1.2404,0.0003,0.7002,0.1613,0.0005,0.0004,0.0000,0.0000,0.0005
1520,34.4096,8.7750,15.9657,4.7762,,true,2,0.008333,0.1537,0.0167,1.00,1.00,6.7310,22,1,354,374,0,346,446,0,15,15,0,0,80289,4648,0,0,1014980608,0.000000,0.000000,0.000000,0.00,2,1,2,7,13,25,21,22,12,37,33,31,39,41,36,32,0,0,0.0002,0.0009,0.0473,0.0238,0.0032,0.1544,0.0031,4.7762,0.0175,0.1537,0.0000,0.0000,1.1439,0.0003,0.5249,0.1818,0.0017,0.0006,0.0000,0.0000,0.0003
1521,34.4241,8.7917,15.1173,4.0730,,true,2,0.008333,0.1424,0.0167,1.00,1.00,5.1817,22,1,354,374,0,346,446,0,15,15,0,0,80289,4648,0,0,1014980608,0.000000,0.000000,0.000000,0.00,2,1,2,7,13,25,21,22,12,37,33,31,39,41,36,32,0,0,0.0001,0.0018,0.0339,0.0345,0.0071,0.1428,0.0037,4.0730,0.0093,0.1424,0.0000,0.0000,0.9215,0.0004,0.5021,0.1256,0.0008,0.0004,0.0000,0.0000,0.0005
1522,34.4394,8.8083,14.7744,4.6588,,true,2,0.008333,0.1328,0.0167,1.00,1.00,3.2894,22,1,354,374,0,346,446,0,15,15,0,0,80289,4648,0,0,1014980608,0.000000,0.000000,0.000000,0.00,2,1,2,7,13,25,21,22,12,37,33,31,39,41,36,32,0,0,0.0002,0.0007,0.0378,0.0201,0.0033,0.1330,0.0027,4.6588,0.0095,0.1328,0.0000,0.0000,0.9310,0.0003,0.5149,0.1260,0.0012,0.0003,0.0000,0.0000,0.0003
1523,34.4545,8.8250,15.7385,4.0486,,true,2,0.008333,0.1160,0.0167,1.00,1.00,2.3613,22,1,354,374,0,347,447,0,15,15,0,0,80289,4648,0,0,1014980608,0.000000,0.000000,0.000000,0.00,2,1,2,7,13,25,21,22,12,37,33,31,39,41,36,32,0,0,0.0004,0.0005,0.0335,0.0186,0.0024,0.1163,0.0033,4.0486,0.0091,0.1160,0.0000,0.0000,0.9480,0.0008,0.5114,0.1372,0.0007,0.0007,0.0000,0.0000,0.0001
1524,34.4704,8.8417,15.4749,4.3516,,true,2,0.008333,0.1327,0.0167,1.00,1.00,1.1695,22,1,354,374,0,347,447,0,15,15,0,0,80289,4648,0,0,1014980608,0.000000,0.000000,0.000000,0.00,2,1,2,7,13,25,21,22,12,37,33,31,39,41,36,32,0,0,0.0002,0.0009,0.0352,0.0179,0.0029,0.1329,0.0085,4.3516,0.0089,0.1327,0.0000,0.0000,0.9208,0.0006,0.5104,0.1175,0.0006,0.0006,0.0000,0.0000,0.0008
1525,34.4874,8.8583,16.6123,4.6999,,true,2,0.008333,0.1141,0.0167,1.00,1.00,1.1151,22,1,354,374,0,347,447,0,15,15,0,0,80289,4648,0,0,1014980608,0.000000,0.000000,0.000000,0.00,2,1,2,7,13,25,21,22,12,37,33,31,39,41,36,32,0,0,0.0003,0.0007,0.0379,0.0191,0.0028,0.1143,0.0023,4.6999,0.0146,0.1141,0.0000,0.0000,0.9290,0.0003,0.4971,0.1636,0.0004,0.0003,0.0000,0.0000,0.0001
1526,34.5028,8.8667,15.4411,4.0640,,true,1,0.008333,0.0876,0.0083,1.00,0.54,8.2228,22,1,354,374,0,347,447,0,15,15,0,0,80289,4648,0,0,1014984704,0.000000,0.000000,0.000000,0.00,2,1,2,7,13,25,21,22,12,37,33,31,39,41,36,32,0,0,0.0001,0.0006,0.0333,0.0224,0.0029,0.0879,0.0026,4.0640,0.0072,0.0876,0.0000,0.0000,0.9394,0.0006,0.4985,0.1425,0.0017,0.0004,0.0000,0.0000,0.0001
1527,34.5265,8.8833,15.4601,12.9505,,true,2,0.008333,0.2149,0.0167,1.00,1.00,7.0162,22,1,354,373,8,347,447,0,15,15,0,0,80643,4656,25,40,1014984704,0.000000,0.000000,0.000000,0.00,2,1,2,7,13,25,21,23,8,36,37,31,39,41,36,32,0,0,0.0002,0.0016,0.0576,0.0453,0.0051,0.2153,0.0052,12.9505,0.0126,0.2149,0.0000,0.0000,7.3312,0.0003,0.7739,0.1658,0.8273,0.0004,0.0000,0.0000,5.0070
1528,34.5361,8.9000,16.3218,6.2732,,true,2,0.008333,0.2343,0.0167,1.00,1.00,6.6714,22,1,348,373,8,350,450,0,15,15,5,0,80991,4661,20,40,1014984704,0.000000,0.000000,0.000000,0.00,2,1,2,7,13,25,21,23,8,36,37,31,39,43,28,32,0,0,0.0002,0.0011,0.0475,0.0262,0.0030,0.2351,0.0054,6.2732,0.0090,0.2343,0.0000,0.0000,2.2053,0.0225,0.7372,0.1267,0.8038,0.0099,0.0000,30.0668,0.0007
1529,34.5894,8.9500,47.5618,11.5198,,true,6,0.008333,0.3376,0.0500,1.00,1.00,4.2331,22,1,339,373,8,354,454,0,15,15,8,0,81330,4669,12,40,1015066624,0.000000,0.000000,0.000000,0.00,2,1,2,7,13,25,21,23,8,36,37,31,39,43,31,20,0,0,0.0003,0.0021,0.0722,0.0637,0.0054,0.3386,0.0045,11.5198,0.0383,0.3376,0.0000,0.0000,3.2198,0.0661,0.6407,0.3319,1.4877,0.0252,0.0000,42.3304,0.0008
1530,34.6414,9.0000,52.4034,11.0498,,true,6,0.008333,0.5920,0.0500,1.00,0.95,6.6365,22,1,345,373,4,354,454,0,15,15,8,0,81675,4673,4,20,1015066624,0.000000,0.000000,0.000000,0.00,2,1,2,7,13,25,21,23,8,36,37,31,39,42,34,24,0,0,0.0002,0.0014,0.0651,0.0787,0.0300,0.5928,0.0057,11.0498,0.0276,0.5920,0.0000,0.0000,3.7557,0.0464,0.8617,0.2880,1.7669,0.0222,0.0000,46.9992,0.0010
1531,34.6780,9.0417,37.0758,10.3502,,true,5,0.008333,0.3692,0.0417,1.00,1.00,2.0457,22,1,354,373,0,357,457,0,15,15,4,0,82029,4673,0,0,1015066624,0.000000,0.000000,0.000000,0.00,2,1,2,7,13,25,21,23,8,36,36,35,39,40,42,24,0,0,0.0005,0.0016,0.0834,0.0551,0.0172,0.3704,0.0060,10.3502,0.0312,0.3692,0.0000,0.0000,2.5024,0.0299,0.9087,0.2218,0.6898,0.0146,0.0000,26.4596,0.0010
1532,34.7304,9.0917,53.5902,9.3741,,true,6,0.008333,0.4562,0.0500,1.00,0.93,5.6359,22,1,354,373,0,357,457,0,15,15,0,0,82029,4673,0,0,1015066624,0.000000,0.000000,0.000000,0.00,2,1,2,7,13,25,21,23,8,36,36,35,39,40,42,24,0,0,0.0002,0.0035,0.0538,0.0862,0.0099,0.4570,0.0111,9.3741,0.0223,0.4562,0.0000,0.0000,1.3858,0.0004,0.7296,0.2123,0.0014,0.0006,0.0000,0.0000,0.0008
1533,34.7656,9.1333,37.8357,6.8552,,true,5,0.008333,0.3140,0.0417,1.00,1.00,1.8049,22,1,354,373,0,358,458,0,15,15,0,0,82029,4673,0,0,1015066624,0.000000,0.000000,0.000000,0.00,2,1,2,7,13,25,21,23,8,36,36,35,39,40,42,24,0,0,0.0007,0.0023,0.0390,0.0571,0.0101,0.3145,0.0044,6.8552,0.0184,0.3140,0.0000,0.0000,1.2285,0.0005,0.6602,0.1453,0.0018,0.0008,0.0000,0.0000,0.0006
1534,34.7712,9.1417,7.0302,5.0407,,true,1,0.008333,0.2493,0.0083,1.00,1.00,0.5018,22,1,354,373,0,359,459,0,15,15,0,0,82029,4673,0,0,1015066624,0.000000,0.000000,0.000000,0.00,2,1,2,7,13,25,21,23,8,36,36,35,39,40,42,24,0,0,0.0002,0.0029,0.0385,0.0369,0.0049,0.2498,0.0061,5.0407,0.0148,0.2493,0.0000,0.0000,0.9360,0.0001,0.5527,0.0916,0.0002,0.0006,0.0000,0.0000,0.0009
1535,34.7757,9.1417,5.9540,3.8339,,true,0,0.008333,0.0036,0.0000,1.00,0.00,6.4558,22,1,354,373,0,358,458,0,15,15,0,0,82029,4673,0,0,1015070720,0.000000,0.000000,0.000000,0.00,2,1,2,7,13,25,21,23,8,36,36,35,39,40,42,24,0,0,0.0003,0.0017,0.0312,0.0319,0.0100,0.0041,0.0059,3.8339,0.0057,0.0036,0.0000,0.0000,0.8259,0.0001,0.4833,0.0836,0.0003,0.0002,0.0000,0.0000,0.0001
1536,34.7943,9.1583,17.7000,5.4040,,true,2,0.008333,0.1610,0.0167,1.00,0.94,7.4891,22,1,354,373,0,357,457,0,15,15,0,0,82029,4673,0,0,1015070720,0.000000,0.000000,0.000000,0.00,2,1,2,7,13,25,21,23,8,36,36,35,39,40,42,24,0,0,0.0002,0.0006,0.0337,0.0214,0.0026,0.1616,0.0020,5.4040,0.0108,0.1610,0.0000,0.0000,0.8738,0.0002,0.4924,0.1095,0.0006,0.0004,0.0000,0.0000,0.0002
1537,34.8068,9.1750,12.2772,5.3528,,true,2,0.008333,0.1493,0.0167,1.00,1.00,3.0996,22,1,354,373,0,357,457,0,15,15,0,0,82029,4673,0,0,1015070720,0.000000,0.000000,0.000000,0.00,2,1,2,7,13,25,21,23,8,36,36,35,39,40,42,24,0,0,0.0002,0.0010,0.0480,0.0243,0.0030,0.1498,0.0049,5.3528,0.0102,0.1493,0.0000,0.0000,1.2816,0.0008,0.7149,0.1523,0.0010,0.0009,0.0000,0.0000,0.0010
1538,34.8211,9.1917,15.1467,4.6494,,true,2,0.008333,0.1493,0.0167,1.00,1.00,1.5797,22,1,354,373,0,358,458,0,15,15,0,0,82029,4673,0,0,1015070720,0.000000,0.000000,0.000000,0.00,2,1,2,7,13,25,21,23,8,36,36,35,39,40,42,24,0,0,0.0004,0.0015,0.0559,0.0279,0.0039,0.1498,0.0063,4.6494,0.0191,0.1493,0.0000,0.0000,1.2429,0.0004,0.7190,0.1356,0.0008,0.0004,0.0000,0.0000,0.0009
1539,34.8363,9.2083,15.7285,4.1024,,true,2,0.008333,0.1554,0.0167,1.00,1.00,0.6415,22,1,354,373,0,359,459,0,15,15,0,0,82029,4673,0,0,1015070720,0.000000,0.000000,0.000000,0.00,2,1,2,7,13,25,21,23,8,36,36,35,39,40,42,24,0,0,0.0001,0.0008,0.0310,0.0300,0.0044,0.1558,0.0035,4.1024,0.0079,0.1554,0.0000,0.0000,0.9028,0.0004,0.5036,0.1091,0.0006,0.0005,0.0000,0.0000,0.0002
1540,34.8513,9.2167,15.1766,3.9359,,true,1,0.008333,0.0896,0.0083,1.00,0.55,7.4848,22,1,354,373,0,358,458,0,15,15,0,0,82029,4673,0,0,1015070720,0.000000,0.000000,0.000000,0.00,2,1,2,7,13,25,21,23,8,36,36,35,39,40,42,24,0,0,0.0003,0.0012,0.0354,0.0239,0.0030,0.0898,0.0025,3.9359,0.0085,0.0896,0.0000,0.0000,0.9361,0.0011,0.5289,0.1181,0.0006,0.0007,0.0000,0.0000,0.0006
1541,34.8673,9.2333,15.6705,4.2966,,true,2,0.008333,0.1696,0.0167,1.00,1.00,6.4886,22,1,354,373,0,357,457,0,15,15,0,0,82029,4673,0,0,1015070720,0.000000,0.000000,0.000000,0.00,2,1,2,7,13,25,21,23,8,36,36,35,39,40,42,24,0,0,0.0002,0.0008,0.0345,0.0246,0.0042,0.1702,0.0042,4.2966,0.0102,0.1696,0.0000,0.0000,0.9303,0.0002,0.5046,0.1163,0.0005,0.0010,0.0000,0.0000,0.0006
1542,34.8850,9.2500,16.8070,4.9417,,true,2,0.008333,0.3146,0.0167,1.00,0.99,6.6290,22,1,354,373,0,356,456,0,15,15,0,0,82029,4673,0,0,1015070720,0.000000,0.000000,0.000000,0.00,2,1,2,7,13,25,21,23,8,36,36,35,39,40,42,24,0,0,0.0003,0.0007,0.0370,0.0332,0.0044,0.3154,0.0030,4.9417,0.0087,0.3146,0.0000,0.0000,1.0040,0.0005,0.5061,0.1173,0.0015,0.0016,0.0000,0.0000,0.0004
1543,34.9003,9.2667,15.3355,5.2575,,true,2,0.008333,0.2246,0.0167,1.00,1.00,5.2978,22,1,354,373,0,356,456,0,15,15,0,0,82029,4673,0,0,1015070720,0.000000,0.000000,0.000000,0.00,2,1,2,7,13,25,21,23,8,36,36,35,39,40,42,24,0,0,0.0009,0.0015,0.0612,0.0393,0.0063,0.2255,0.0090,5.2575,0.0195,0.2246,0.0000,0.0000,1.2825,0.0004,0.7011,0.1801,0.0007,0.0008,0.0000,0.0000,0.0004
1544,34.9154,9.2833,15.2551,5.0328,,true,2,0.008333,0.2458,0.0167,1.00,1.00,3.8862,22,1,354,373,0,357,457,0,15,15,0,0,82029,4673,0,0,1015070720,0.000000,0.000000,0.000000,0.00,2,1,2,7,13,25,21,23,8,36,36,35,39,40,42,24,0,0,0.0008,0.0012,0.0367,0.0355,0.0049,0.2464,0.0064,5.0328,0.0112,0.2458,0.0000,0.0000,0.9206,0.0005,0.5008,0.1148,0.0009,0.0004,0.0000,0.0000,0.0003
1545,34.9309,9.3000,15.9870,4.5040,,true,2,0.008333,0.1491,0.0167,1.00,1.00,3.2066,22,1,354,373,0,357,457,0,15,15,0,0,82029,4673,0,0,1015074816,0.000000,0.000000,0.000000,0.00,2,1,2,7,13,25,21,23,8,36,36,35,39,40,42,24,0,0,0.0007,0.0010,0.0403,0.0258,0.0044,0.1497,0.0036,4.5040,0.0131,0.1491,0.0000,0.0000,0.9068,0.0002,0.5007,0.1042,0.0004,0.0003,0.0000,0.0000,0.0006
1546,34.9474,9.3167,15.6673,5.1124,,true,2,0.008333,0.1102,0.0167,1.00,1.00,2.2072,22,1,354,373,0,357,457,0,15,15,0,0,82029,4673,0,0,1015074816,0.000000,0.000000,0.000000,0.00,2,1,2,7,13,25,21,23,8,36,36,35,39,40,42,24,0,0,0.0001,0.0005,0.0571,0.0196,0.0023,0.1104,0.0034,5.1124,0.0160,0.1102,0.0000,0.0000,1.2711,0.0003,0.6914,0.1831,0.0010,0.0013,0.0000,0.0000,0.0003
1547,34.9625,9.3333,15.7458,4.4486,,true,2,0.008333,0.2162,0.0167,1.00,1.00,1.2864,22,1,354,373,0,358,458,0,15,15,0,0,82029,4673,0,0,1015074816,0.000000,0.000000,0.000000,0.00,2,1,2,7,13,25,21,23,8,36,36,35,39,40,42,24,0,0,0.0002,0.0005,0.0384,0.0348,0.0044,0.2172,0.0032,4.4486,0.0077,0.2162,0.0000,0.0000,1.0396,0.0005,0.5140,0.2269,0.0021,0.0011,0.0000,0.0000,0.0001
1548,34.9772,9.3417,15.1980,4.2223,,true,1,0.008333,0.0988,0.0083,1.00,0.55,8.1510,22,1,354,373,0,357,457,0,15,15,0,0,82029,4673,0,0,1015074816,0.000000,0.000000,0.000000,0.00,2,1,2,7,13,25,21,23,8,36,36,35,39,40,42,24,0,0,0.0005,0.0005,0.0329,0.0210,0.0026,0.0992,0.0051,4.2223,0.0120,0.0988,0.0000,0.0000,0.8758,0.0001,0.4891,0.1100,0.0009,0.0003,0.0000,0.0000,0.0001
1549,34.9921,9.3583,15.0233,4.1499,,true,2,0.008333,0.1559,0.0167,1.00,1.00,6.5077,22,1,354,373,0,357,457,0,15,15,0,0,82029,4673,0,0,1015074816,0.000000,0.000000,0.000000,0.00,2,1,2,7,13,25,21,23,8,36,36,35,39,40,42,24,0,0,0.0008,0.0012,0.0375,0.0391,0.0043,0.1562,0.0058,4.1499,0.0101,0.1559,0.0000,0.0000,0.9360,0.0003,0.5005,0.1317,0.0009,0.0004,0.0000,0.0000,0.0001
1550,35.0110,9.3750,15.3989,7.2859,,true,2,0.008333,0.2538,0.0167,1.00,1.00,5.2399,22,1,354,373,0,357,457,0,15,15,0,0,82029,4673,0,0,1015074816,0.000000,0.000000,0.000000,0.00,2,1,2,7,13,25,21,23,8,36,36,35,39,40,42,24,0,0,0.0009,0.0018,0.1070,0.0436,0.0083,0.2554,0.0067,7.2859,0.0311,0.2538,0.0000,0.0000,1.3802,0.0003,0.7657,0.2072,0.0012,0.0005,0.0000,0.0000,0.0004
1551,35.0282,9.3917,18.8466,5.4374,,true,2,0.008333,0.2621,0.0167,1.00,0.88,7.4198,22,1,354,373,0,356,456,0,15,15,0,0,82029,4673,0,0,1015074816,0.000000,0.000000,0.000000,0.00,2,1,2,7,13,25,21,23,8,36,36,35,39,40,42,24,0,0,0.0002,0.0012,0.0305,0.0409,0.0038,0.2628,0.0030,5.4374,0.0085,0.2621,0.0000,0.0000,0.9342,0.0002,0.5393,0.1045,0.0008,0.0002,0.0000,0.0000,0.0004
1552,35.0429,9.4083,15.0992,5.4089,,true,2,0.008333,0.1950,0.0167,1.00,1.00,5.8523,22,1,354,373,0,356,456,0,15,15,0,0,82029,4673,0,0,1015074816,0.000000,0.000000,0.000000,0.00,2,1,2,7,13,25,21,23,8,36,36,35,39,40,42,24,0,0,0.0007,0.0010,0.0479,0.0376,0.0037,0.1958,0.0054,5.4089,0.0166,0.1950,0.0000,0.0000,1.2508,0.0002,0.6849,0.1910,0.0009,0.0003,0.0000,0.0000,0.0003
1553,35.0591,9.4250,16.3884,5.0675,,true,2,0.008333,0.1839,0.0167,1.00,1.00,5.5741,22,1,354,373,0,356,456,0,15,15,0,0,82029,4673,0,0,1015074816,0.000000,0.000000,0.000000,0.00,2,1,2,7,13,25,21,23,8,36,36,35,39,40,42,24,0,0,0.0003,0.0009,0.0438,0.0292,0.0041,0.1844,0.0028,5.0675,0.0104,0.1839,0.0000,0.0000,1.2062,0.0003,0.7094,0.1369,0.0007,0.0003,0.0000,0.0000,0.0004
1554,35.0740,9.4417,14.9896,5.2582,,true,2,0.008333,0.1913,0.0167,1.00,1.00,3.8970,22,1,354,373,0,357,457,0,15,15,0,0,82029,4673,0,0,1015078912,0.000000,0.000000,0.000000,0.00,2,1,2,7,13,25,21,23,8,36,36,35,39,40,42,24,0,0,0.0002,0.0015,0.0490,0.0434,0.0042,0.1919,0.0057,5.2582,0.0153,0.1913,0.0000,0.0000,1.2280,0.0005,0.6978,0.1488,0.0006,0.0006,0.0000,0.0000,0.0003
1555,35.0899,9.4583,15.6946,5.3821,,true,2,0.008333,0.2464,0.0167,1.00,1.00,2.9249,22,1,354,373,0,357,457,0,15,15,0,0,82029,4673,0,0,1015078912,0.000000,0.000000,0.000000,0.00,2,1,2,7,13,25,21,23,8,36,36,35,39,40,42,24,0,0,0.0002,0.0011,0.0465,0.0853,0.0039,0.2468,0.0237,5.3821,0.0182,0.2464,0.0000,0.0000,1.0394,0.0007,0.5295,0.1719,0.0015,0.0007,0.0000,0.0000,0.0003
1556,35.1044,9.4750,14.6925,5.0413,,true,2,0.008333,0.1809,0.0167,1.00,1.00,0.9508,22,1,354,373,0,358,458,0,15,15,0,0,82029,4673,0,0,1015078912,0.000000,0.000000,0.000000,0.00,2,1,2,7,13,25,21,23,8,36,36,35,39,40,42,24,0,0,0.0006,0.0009,0.0455,0.0314,0.0053,0.1820,0.0050,5.0413,0.0158,0.1809,0.0000,0.0000,1.2323,0.0002,0.6952,0.1467,0.0010,0.0009,0.0000,0.0000,0.0004
1557,35.1207,9.4833,15.6722,5.8185,,true,1,0.008333,0.1760,0.0083,1.00,0.53,8.2896,22,1,354,373,0,357,457,0,15,15,0,0,82029,4673,0,0,1015078912,0.000000,0.000000,0.000000,0.00,2,1,2,7,13,25,21,23,8,36,36,35,39,40,42,24,0,0,0.0003,0.0005,0.0517,0.0365,0.0056,0.1765,0.0047,5.8185,0.0188,0.1760,0.0000,0.0000,1.2789,0.0005,0.7089,0.1566,0.0010,0.0005,0.0000,0.0000,0.0006
1558,35.1365,9.5000,15.5097,6.0502,,true,2,0.008333,0.2846,0.0167,1.00,1.00,7.1326,22,1,354,373,0,357,457,0,15,15,0,0,82029,4673,0,0,1015078912,0.000000,0.000000,0.000000,0.00,2,1,2,7,13,25,21,23,8,36,36,35,39,40,42,24,0,0,0.0011,0.0031,0.0634,0.0367,0.0045,0.2850,0.0095,6.0502,0.0188,0.2846,0.0000,0.0000,1.7619,0.0011,1.0066,0.2379,0.0017,0.0005,0.0000,0.0000,0.0005
1559,35.1517,9.5167,16.1707,4.9472,,true,2,0.008333,0.1711,0.0167,1.00,1.00,6.6367,22,1,354,373,0,357,457,0,15,15,0,0,82029,4673,0,0,1015078912,0.000000,0.000000,0.000000,0.00,2,1,2,7,13,25,21,23,8,36,36,35,39,40,42,24,0,0,0.0003,0.0009,0.0398,0.0480,0.0031,0.1714,0.0028,4.9472,0.0094,0.1711,0.0000,0.0000,0.9708,0.0002,0.5021,0.1731,0.0016,0.0010,0.0000,0.0000,0.0003
1560,35.1665,9.5333,14.6410,5.2317,,true,2,0.008333,0.2002,0.0167,1.00,1.00,4.6110,22,1,354,373,0,357,457,0,15,15,0,0,82029,4673,0,0,1015078912,0.000000,0.000000,0.000000,0.00,2,1,2,7,13,25,21,23,8,36,36,35,39,40,42,24,0,0,0.0001,0.0016,0.0528,0.0321,0.0053,0.2004,0.0056,5.2317,0.0215,0.2002,0.0000,0.0000,1.2637,0.0002,0.6996,0.1684,0.0011,0.0003,0.0000,0.0000,0.0003
1561,35.1822,9.5500,15.5732,5.3934,,true,2,0.008333,0.1826,0.0167,1.00,1.00,3.5175,22,1,354,373,0,357,457,0,15,15,0,0,82029,4673,0,0,1015078912,0.000000,0.000000,0.000000,0.00,2,1,2,7,13,25,21,23,8,36,36,35,39,40,42,24,0,0,0.0003,0.0015,0.0511,0.0317,0.0036,0.1828,0.0035,5.3934,0.0148,0.1826,0.0000,0.0000,1.2496,0.0011,0.7003,0.1525,0.0015,0.0005,0.0000,0.0000,0.0003
1562,35.1964,9.5667,14.9695,4.6352,,true,2,0.008333,0.1518,0.0167,1.00,1.00,1.8204,22,1,354,373,0,358,458,0,15,15,0,0,82029,4673,0,0,1015078912,0.000000,0.000000,0.000000,0.00,2,1,2,7,13,25,21,23,8,36,36,35,39,40,42,24,0,0,0.0002,0.0019,0.0357,0.0317,0.0035,0.1521,0.0045,4.6352,0.0087,0.1518,0.0000,0.0000,0.9659,0.0003,0.5402,0.1273,0.0008,0.0002,0.0000,0.0000,0.0005
1563,35.2137,9.5833,16.3500,5.3642,,true,2,0.008333,0.1650,0.0167,1.00,1.00,1.5037,22,1,354,373,0,358,458,0,15,15,0,0,82029,4673,0,0,1015083008,0.000000,0.000000,0.000000,0.00,2,1,2,7,13,25,21,23,8,36,36,35,39,40,42,24,0,0,0.0002,0.0011,0.0455,0.0308,0.0043,0.1652,0.0046,5.3642,0.0098,0.1650,0.0000,0.0000,1.2462,0.0004,0.6913,0.1713,0.0011,0.0009,0.0000,0.0000,0.0003
1564,35.2289,9.6000,15.3253,5.4150,,true,2,0.008333,0.2447,0.0167,1.00,1.00,0.1623,22,1,354,373,0,359,459,0,15,15,0,0,82029,4673,0,0,1015083008,0.000000,0.000000,0.000000,0.00,2,1,2,7,13,25,21,23,8,36,36,35,39,40,42,24,0,0,0.0003,0.0025,0.0576,0.0462,0.0075,0.2454,0.0093,5.4150,0.0223,0.2447,0.0000,0.0000,1.3353,0.0013,0.7276,0.1962,0.0008,0.0003,0.0000,0.0000,0.0005
1565,35.2446,9.6083,16.0070,5.1877,,true,1,0.008333,0.1617,0.0083,1.00,0.52,7.8360,22,1,354,373,0,358,458,0,15,15,0,0,82029,4673,0,0,1015083008,0.000000,0.000000,0.000000,0.00,2,1,2,7,13,25,21,23,8,36,36,35,39,40,42,24,0,0,0.0004,0.0013,0.0580,0.0436,0.0053,0.1625,0.0044,5.1877,0.0238,0.1617,0.0000,0.0000,1.3224,0.0005,0.7349,0.1837,0.0014,0.0006,0.0000,0.0000,0.0004
1566,35.2609,9.6250,16.2281,5.2258,,true,2,0.008333,0.1830,0.0167,1.00,1.00,7.3973,22,1,354,373,0,358,458,0,15,15,0,0,82029,4673,0,0,1015083008,0.000000,0.000000,0.000000,0.00,2,1,2,7,13,25,21,23,8,36,36,35,39,40,42,24,0,0,0.0002,0.0023,0.0476,0.0330,0.0032,0.1833,0.0058,5.2258,0.0107,0.1830,0.0000,0.0000,1.2568,0.0003,0.7185,0.1423,0.0010,0.0004,0.0000,0.0000,0.0006
1567,35.2809,9.6417,14.5350,10.6036,,true,2,0.008333,0.2573,0.0167,1.00,1.00,5.2657,22,1,342,373,8,358,458,0,15,15,0,0,82371,4681,21,40,1015083008,0.000000,0.000000,0.000000,0.00,2,1,2,7,13,25,21,23,8,37,32,35,39,40,45,12,0,0,0.0001,0.0017,0.0617,0.0337,0.0042,0.2579,0.0045,10.6036,0.0136,0.2573,0.0000,0.0000,5.5471,0.0002,0.4972,0.1672,0.8800,0.0003,0.0000,0.0000,3.6265
1568,35.2957,9.6583,19.2602,6.3558,,true,2,0.008333,0.1591,0.0167,1.00,0.87,7.8592,22,1,339,373,8,347,447,0,15,15,8,0,82710,4689,13,40,1015087104,0.000000,0.000000,0.000000,0.00,2,1,2,7,13,25,21,23,8,37,32,35,39,41,41,12,0,0,0.0002,0.0007,0.0490,0.0287,0.0039,0.1597,0.0029,6.3558,0.0114,0.1591,0.0000,0.0000,2.0151,0.0170,0.6920,0.1291,0.7641,0.0060,0.0000,44.5637,0.0003
1569,35.3438,9.7083,44.2112,9.6845,,true,6,0.008333,0.4974,0.0500,1.00,1.00,2.0704,22,1,348,373,5,355,455,0,15,15,8,0,83058,4694,5,25,1015091200,0.000000,0.000000,0.000000,0.00,2,1,2,7,13,25,21,23,8,37,32,34,43,41,39,20,0,0,0.0004,0.0013,0.0781,0.0451,0.0056,0.4981,0.0037,9.6845,0.0246,0.4974,0.0000,0.0000,2.7363,0.0472,0.5342,0.1674,0.9052,0.0257,0.0000,42.4835,0.0003
1570,35.3974,9.7583,53.2215,10.2344,,true,6,0.008333,0.5621,0.0500,1.00,0.94,5.2919,22,1,354,373,0,357,457,0,15,15,5,0,83412,4694,0,0,1015091200,0.000000,0.000000,0.000000,0.00,2,1,2,7,13,25,21,23,8,37,32,34,42,45,38,24,0,0,0.0002,0.0014,0.0861,0.0439,0.0063,0.5629,0.0053,10.2344,0.0236,0.5621,0.0000,0.0000,1.5984,0.0202,0.5454,0.1333,0.5810,0.0088,0.0000,32.8496,0.0004
1571,35.4327,9.7917,36.3258,9.0965,,true,4,0.008333,0.3216,0.0333,1.00,0.92,8.2844,22,1,354,373,0,357,457,0,15,15,0,0,83412,4694,0,0,1015091200,0.000000,0.000000,0.000000,0.00,2,1,2,7,13,25,21,23,8,37,32,34,42,45,38,24,0,0,0.0002,0.0015,0.0525,0.0398,0.0081,0.3222,0.0060,9.0965,0.0217,0.3216,0.0000,0.0000,1.5169,0.0012,0.7542,0.3006,0.0052,0.0023,0.0000,0.0000,0.0006
1572,35.4794,9.8417,48.5106,7.3111,,true,6,0.008333,0.3949,0.0500,1.00,1.00,6.7950,22,1,354,373,0,358,458,0,15,15,0,0,83412,4694,0,0,1015091200,0.000000,0.000000,0.000000,0.00,2,1,2,7,13,25,21,23,8,37,32,34,42,45,38,24,0,0,0.0002,0.0018,0.0540,0.0456,0.0047,0.3956,0.0044,7.3111,0.0180,0.3949,0.0000,0.0000,1.3208,0.0003,0.7405,0.1657,0.0018,0.0004,0.0000,0.0000,0.0005
1573,35.4858,9.8500,5.9258,5.5115,,true,1,0.008333,0.1229,0.0083,1.00,1.00,4.3875,22,1,354,373,0,359,459,0,15,15,0,0,83412,4694,0,0,1015095296,0.000000,0.000000,0.000000,0.00,2,1,2,7,13,25,21,23,8,37,32,34,42,45,38,24,0,0,0.0006,0.0014,0.0540,0.0528,0.0028,0.1235,0.0045,5.5115,0.0171,0.1229,0.0000,0.0000,1.2769,0.0004,0.7236,0.1562,0.0009,0.0011,0.0000,0.0000,0.0003
1574,35.4911,9.8583,8.1155,4.5808,,true,1,0.008333,0.0833,0.0083,1.00,1.00,4.1696,22,1,354,373,0,361,461,0,15,15,0,0,83412,4694,0,0,1015095296,0.000000,0.000000,0.000000,0.00,2,1,2,7,13,25,21,23,8,37,32,34,42,45,38,24,0,0,0.0001,0.0007,0.0406,0.0255,0.0020,0.0837,0.0031,4.5808,0.0087,0.0833,0.0000,0.0000,1.1442,0.0001,0.6913,0.1171,0.0001,0.0003,0.0000,0.0000,0.0005
1575,35.5048,9.8750,14.8730,4.3305,,true,2,0.008333,0.0946,0.0167,1.00,1.00,2.3759,22,1,354,373,0,363,463,0,15,15,0,0,83412,4694,0,0,1015095296,0.000000,0.000000,0.000000,0.00,2,1,2,7,13,25,21,23,8,37,32,34,42,45,38,24,0,0,0.0002,0.0007,0.0356,0.0171,0.0012,0.0948,0.0027,4.3305,0.0137,0.0946,0.0000,0.0000,0.9193,0.0003,0.5262,0.1349,0.0017,0.0003,0.0000,0.0000,0.0002
1576,35.5191,9.8833,13.2700,5.2398,,true,1,0.008333,0.1361,0.0083,1.00,0.63,7.3126,22,1,354,373,0,362,462,0,15,15,0,0,83412,4694,0,0,1015095296,0.000000,0.000000,0.000000,0.00,2,1,2,7,13,25,21,23,8,37,32,34,42,45,38,24,0,0,0.0002,0.0013,0.0449,0.0313,0.0042,0.1367,0.0039,5.2398,0.0157,0.1361,0.0000,0.0000,1.2367,0.0004,0.7067,0.1736,0.0007,0.0003,0.0000,0.0000,0.0002
1577,35.5378,9.9000,16.6762,6.9912,,true,2,0.008333,0.2949,0.0167,1.00,1.00,7.3221,22,1,354,373,0,362,462,0,15,15,0,0,83412,4694,0,0,1015095296,0.000000,0.000000,0.000000,0.00,2,1,2,7,13,25,21,23,8,37,32,34,42,45,38,24,0,0,0.0002,0.0012,0.0628,0.0219,0.0025,0.2955,0.0034,6.9912,0.0129,0.2949,0.0000,0.0000,1.3192,0.0009,0.7499,0.1802,0.0015,0.0012,0.0000,0.0000,0.0004
1578,35.5532,9.9167,17.1227,5.2013,,true,2,0.008333,0.2184,0.0167,1.00,0.97,7.7781,22,1,354,373,0,361,461,0,15,15,0,0,83412,4694,0,0,1015095296,0.000000,0.000000,0.000000,0.00,2,1,2,7,13,25,21,23,8,37,32,34,42,45,38,24,0,0,0.0001,0.0017,0.0336,0.0408,0.0066,0.2191,0.0124,5.2013,0.0102,0.2184,0.0000,0.0000,0.9071,0.0002,0.5045,0.0982,0.0006,0.0005,0.0000,0.0000,0.0002
1579,35.5693,9.9333,15.9114,5.5548,,true,2,0.008333,0.2188,0.0167,1.00,1.00,7.0229,22,1,354,373,0,361,461,0,15,15,0,0,83412,4694,0,0,1015095296,0.000000,0.000000,0.000000,0.00,2,1,2,7,13,25,21,23,8,37,32,34,42,45,38,24,0,0,0.0002,0.0011,0.0478,0.0309,0.0033,0.2201,0.0042,5.5548,0.0101,0.2188,0.0000,0.0000,1.2951,0.0005,0.7594,0.1472,0.0014,0.0009,0.0000,0.0000,0.0005
1580,35.5860,9.9500,16.7601,5.2837,,true,2,0.008333,0.2166,0.0167,1.00,0.99,7.1163,22,1,354,373,0,361,461,0,15,15,0,0,83412,4694,0,0,1015095296,0.000000,0.000000,0.000000,0.00,2,1,2,7,13,25,21,23,8,37,32,34,42,45,38,24,0,0,0.0002,0.0008,0.0329,0.0277,0.0284,0.2172,0.0046,5.2837,0.0082,0.2166,0.0000,0.0000,0.9697,0.0003,0.5540,0.0961,0.0006,0.0005,0.0000,0.0000,0.0003
1581,35.6017,9.9667,15.7571,5.4255,,true,2,0.008333,0.1471,0.0167,1.00,1.00,6.2067,22,1,354,373,0,362,462,0,15,15,0,0,83412,4694,0,0,1015095296,0.000000,0.000000,0.000000,0.00,2,1,2,7,13,25,21,23,8,37,32,34,42,45,38,24,0,0,0.0003,0.0013,0.0391,0.0468,0.0038,0.1476,0.0040,5.4255,0.0089,0.1471,0.0000,0.0000,1.2185,0.0006,0.7005,0.1260,0.0006,0.0009,0.0000,0.0000,0.0004
1582,35.6175,9.9833,16.0361,5.0851,,true,2,0.008333,0.1493,0.0167,1.00,1.00,5.5761,22,1,354,373,0,362,462,0,15,15,0,0,83412,4694,0,0,1015099392,0.000000,0.000000,0.000000,0.00,2,1,2,7,13,25,21,23,8,37,32,34,42,45,38,24,0,0,0.0003,0.0015,0.0367,0.0420,0.0048,0.1494,0.0034,5.0851,0.0085,0.1493,0.0000,0.0000,0.9180,0.0003,0.5138,0.0972,0.0005,0.0005,0.0000,0.0000,0.0006
1583,35.6335,10.0000,16.0388,5.0132,,true,2,0.008333,0.3181,0.0167,1.00,1.00,4.9482,22,1,354,373,0,363,463,0,15,15,0,0,83412,4694,0,0,1015099392,0.000000,0.000000,0.000000,0.00,2,1,2,7,13,25,21,23,8,37,32,34,42,45,38,24,0,0,0.0006,0.0022,0.0347,0.0457,0.0042,0.3185,0.0057,5.0132,0.0065,0.3181,0.0000,0.0000,0.9308,0.0002,0.5117,0.0977,0.0004,0.0002,0.0000,0.0000,0.0001
1584,35.6486,10.0167,15.5435,4.7788,,true,2,0.008333,0.1742,0.0167,1.00,1.00,3.8250,22,1,354,373,0,364,464,0,15,15,0,0,83412,4694,0,0,1015099392,0.000000,0.000000,0.000000,0.00,2,1,2,7,13,25,21,23,8,37,32,34,42,45,38,24,0,0,0.0002,0.0009,0.0357,0.0282,0.0031,0.1746,0.0041,4.7788,0.0069,0.1742,0.0000,0.0000,1.1607,0.0001,0.7163,0.0890,0.0007,0.0013,0.0000,0.0000,0.0001
1585,35.6637,10.0333,14.8593,5.3027,,true,2,0.008333,0.1736,0.0167,1.00,1.00,2.0177,22,1,354,373,0,365,465,0,15,15,0,0,83412,4694,0,0,1015099392,0.000000,0.000000,0.000000,0.00,2,1,2,7,13,25,21,23,8,37,32,34,42,45,38,24,0,0,0.0004,0.0013,0.0525,0.0341,0.0041,0.1741,0.0066,5.3027,0.0157,0.1736,0.0000,0.0000,1.1789,0.0002,0.6928,0.1311,0.0007,0.0006,0.0000,0.0000,0.0003
1586,35.6794,10.0500,15.1721,5.5758,,true,2,0.008333,0.1859,0.0167,1.00,1.00,0.5231,22,1,354,373,0,366,466,0,15,15,0,0,83412,4694,0,0,1015099392,0.000000,0.000000,0.000000,0.00,2,1,2,7,13,25,21,23,8,37,32,34,42,45,38,24,0,0,0.0006,0.0011,0.0725,0.0336,0.0056,0.1865,0.0052,5.5758,0.0262,0.1859,0.0000,0.0000,1.2539,0.0006,0.7085,0.1527,0.0011,0.0005,0.0000,0.0000,0.0003
1587,35.6948,10.0583,15.2353,5.6265,,true,1,0.008333,0.1584,0.0083,1.00,0.55,7.4250,22,1,354,373,0,365,465,0,15,15,0,0,83412,4694,0,0,1015099392,0.000000,0.000000,0.000000,0.00,2,1,2,7,13,25,21,23,8,37,32,34,42,45,38,24,0,0,0.0004,0.0015,0.0572,0.0457,0.0065,0.1589,0.0050,5.6265,0.0196,0.1584,0.0000,0.0000,1.2428,0.0004,0.7273,0.1299,0.0008,0.0006,0.0000,0.0000,0.0006
1588,35.7106,10.0750,16.3492,5.2760,,true,2,0.008333,0.2036,0.0167,1.00,1.00,7.1075,22,1,354,373,0,364,464,0,15,15,0,0,83412,4694,0,0,1015099392,0.000000,0.000000,0.000000,0.00,2,1,2,7,13,25,21,23,8,37,32,34,42,45,38,24,0,0,0.0003,0.0008,0.0464,0.0349,0.0037,0.2045,0.0046,5.2760,0.0163,0.2036,0.0000,0.0000,0.9958,0.0002,0.4993,0.1461,0.0006,0.0005,0.0000,0.0000,0.0003
1589,35.7253,10.0917,15.1819,4.9087,,true,2,0.008333,0.1350,0.0167,1.00,1.00,5.6228,22,1,354,373,0,364,464,0,15,15,0,0,83412,4694,0,0,1015099392,0.000000,0.000000,0.000000,0.00,2,1,2,7,13,25,21,23,8,37,32,34,42,45,38,24,0,0,0.0004,0.0011,0.0357,0.0318,0.0054,0.1353,0.0056,4.9087,0.0086,0.1350,0.0000,0.0000,0.9165,0.0001,0.5265,0.1011,0.0007,0.0005,0.0000,0.0000,0.0001
1590,35.7415,10.1083,16.7776,4.3007,,true,2,0.008333,0.1361,0.0167,1.00,0.99,5.7337,22,1,354,373,0,364,464,0,15,15,0,0,83412,4694,0,0,1015099392,0.000000,0.000000,0.000000,0.00,2,1,2,7,13,25,21,23,8,37,32,34,42,45,38,24,0,0,0.0003,0.0008,0.0446,0.0243,0.0033,0.1363,0.0027,4.3007,0.0157,0.1361,0.0000,0.0000,0.9397,0.0006,0.4927,0.1689,0.0020,0.0008,0.0000,0.0000,0.0002
1591,35.7568,10.1250,15.1944,4.1630,,true,2,0.008333,0.1240,0.0167,1.00,1.00,4.2615,22,1,354,373,0,365,465,0,15,15,0,0,83412,4694,0,0,1015103488,0.000000,0.000000,0.000000,0.00,2,1,2,7,13,25,21,23,8,37,32,34,42,45,38,24,0,0,0.0003,0.0006,0.0393,0.0218,0.0027,0.1246,0.0025,4.1630,0.0156,0.1240,0.0000,0.0000,0.8900,0.0001,0.4990,0.1141,0.0007,0.0005,0.0000,0.0000,0.0003
1592,35.7714,10.1417,14.7741,4.2461,,true,2,0.008333,0.1984,0.0167,1.00,1.00,2.3689,22,1,354,373,0,365,465,0,15,15,0,0,83412,4694,0,0,1015103488,0.000000,0.000000,0.000000,0.00,2,1,2,7,13,25,21,23,8,37,32,34,42,45,38,24,0,0,0.0001,0.0005,0.0398,0.0218,0.0031,0.1987,0.0023,4.2461,0.0112,0.1984,0.0000,0.0000,0.9817,0.0004,0.5705,0.1359,0.0007,0.0006,0.0000,0.0000,0.0003
1593,35.7878,10.1583,16.1432,4.4389,,true,2,0.008333,0.2232,0.0167,1.00,1.00,1.8455,22,1,354,373,0,366,466,0,15,15,0,0,83412,4694,0,0,1015103488,0.000000,0.000000,0.000000,0.00,2,1,2,7,13,25,21,23,8,37,32,34,42,45,38,24,0,0,0.0001,0.0008,0.0479,0.0363,0.0049,0.2236,0.0032,4.4389,0.0099,0.2232,0.0000,0.0000,0.9468,0.0005,0.5043,0.1595,0.0025,0.0004,0.0000,0.0000,0.0003
1594,35.8033,10.1750,15.0627,4.9529,,true,2,0.008333,0.1239,0.0167,1.00,1.00,0.2416,22,1,354,373,0,367,467,0,15,15,0,0,83412,4694,0,0,1015103488,0.000000,0.000000,0.000000,0.00,2,1,2,7,13,25,21,23,8,37,32,34,42,45,38,24,0,0,0.0012,0.0031,0.0334,0.0223,0.0026,0.1242,0.0069,4.9529,0.0103,0.1239,0.0000,0.0000,0.9211,0.0003,0.5154,0.1105,0.0009,0.0004,0.0000,0.0000,0.0001
1595,35.8220,10.1917,17.9256,5.4680,,true,2,0.008333,0.2261,0.0167,1.00,0.93,1.5005,22,1,354,373,0,367,467,0,15,15,0,0,83412,4694,0,0,1015103488,0.000000,0.000000,0.000000,0.00,2,1,2,7,13,25,21,23,8,37,32,34,42,45,38,24,0,0,0.0002,0.0023,0.0678,0.0424,0.0086,0.2265,0.0058,5.4680,0.0100,0.2261,0.0000,0.0000,1.1995,0.0002,0.7311,0.1247,0.0006,0.0003,0.0000,0.0000,0.0002
1596,35.8370,10.2000,14.9716,5.3531,,true,1,0.008333,0.0998,0.0083,1.00,0.56,8.1388,22,1,354,373,0,366,466,0,15,15,0,0,83412,4694,0,0,1015103488,0.000000,0.000000,0.000000,0.00,2,1,2,7,13,25,21,23,8,37,32,34,42,45,38,24,0,0,0.0003,0.0011,0.0514,0.0205,0.0019,0.1000,0.0039,5.3531,0.0107,0.0998,0.0000,0.0000,1.2776,0.0004,0.7198,0.1272,0.0006,0.0006,0.0000,0.0000,0.0003
1597,35.8526,10.2167,15.9233,5.1754,,true,2,0.008333,0.1556,0.0167,1.00,1.00,7.3955,22,1,354,373,0,366,466,0,15,15,0,0,83412,4694,0,0,1015103488,0.000000,0.000000,0.000000,0.00,2,1,2,7,13,25,21,23,8,37,32,34,42,45,38,24,0,0,0.0001,0.0017,0.0411,0.0351,0.0046,0.1565,0.0048,5.1754,0.0093,0.1556,0.0000,0.0000,1.2193,0.0003,0.7203,0.1237,0.0006,0.0003,0.0000,0.0000,0.0004
1598,35.8674,10.2333,14.7950,5.2252,,true,2,0.008333,0.1232,0.0167,1.00,1.00,5.5238,22,1,354,373,0,366,466,0,15,15,0,0,83412,4694,0,0,1015103488,0.000000,0.000000,0.000000,0.00,2,1,2,7,13,25,21,23,8,37,32,34,42,45,38,24,0,0,0.0008,0.0011,0.0494,0.0227,0.0025,0.1237,0.0053,5.2252,0.0123,0.1232,0.0000,0.0000,1.2935,0.0007,0.7558,0.1583,0.0013,0.0006,0.0000,0.0000,0.0006
1599,35.8832,10.2500,16.1718,4.5881,,true,2,0.008333,0.1803,0.0167,1.00,1.00,5.0290,22,1,354,373,0,366,466,0,15,15,0,0,83412,4694,0,0,1015103488,0.000000,0.000000,0.000000,0.00,2,1,2,7,13,25,21,23,8,37,32,34,42,45,38,24,0,0,0.0002,0.0005,0.0407,0.0229,0.0022,0.1804,0.0027,4.5881,0.0089,0.1803,0.0000,0.0000,1.0942,0.0004,0.6969,0.0941,0.0014,0.0004,0.0000,0.0000,0.0002
1600,35.8986,10.2667,15.6396,4.4565,,true,2,0.008333,0.1683,0.0167,1.00,1.00,4.0020,22,1,354,373,0,366,466,0,15,15,0,0,83412,4694,0,0,1015103488,0.000000,0.000000,0.000000,0.00,2,1,2,7,13,25,21,23,8,37,32,34,42,45,38,24,0,0,0.0003,0.0005,0.0541,0.0269,0.0026,0.1690,0.0032,4.4565,0.0100,0.1683,0.0000,0.0000,0.9182,0.0001,0.5269,0.1075,0.0006,0.0005,0.0000,0.0000,0.0005
1601,35.9143,10.2833,15.2087,5.0528,,true,2,0.008333,0.1084,0.0167,1.00,1.00,2.5440,22,1,354,373,0,366,466,0,15,15,0,0,83412,4694,0,0,1015107584,0.000000,0.000000,0.000000,0.00,2,1,2,7,13,25,21,23,8,37,32,34,42,45,38,24,0,0,0.0002,0.0006,0.0418,0.0189,0.0023,0.1087,0.0033,5.0528,0.0122,0.1084,0.0000,0.0000,0.9072,0.0001,0.5351,0.0997,0.0002,0.0001,0.0000,0.0000,0.0001
1602,35.9300,10.3000,15.5886,5.1916,,true,2,0.008333,0.1891,0.0167,1.00,1.00,1.4659,22,1,354,373,0,367,467,0,15,15,0,0,83412,4694,0,0,1015107584,0.000000,0.000000,0.000000,0.00,2,1,2,7,13,25,21,23,8,37,32,34,42,45,38,24,0,0,0.0003,0.0012,0.0418,0.0279,0.0042,0.1895,0.0038,5.1916,0.0104,0.1891,0.0000,0.0000,1.1927,0.0003,0.7086,0.1326,0.0015,0.0003,0.0000,0.0000,0.0003
1603,35.9452,10.3167,15.6682,4.7965,,true,2,0.008333,0.1322,0.0167,1.00,1.00,0.4674,22,1,354,373,0,367,467,0,15,15,0,0,83412,4694,0,0,1015107584,0.000000,0.000000,0.000000,0.00,2,1,2,7,13,25,21,23,8,37,32,34,42,45,38,24,0,0,0.0001,0.0010,0.0394,0.0201,0.0029,0.1326,0.0040,4.7965,0.0119,0.1322,0.0000,0.0000,0.9635,0.0004,0.5184,0.1372,0.0019,0.0004,0.0000,0.0000,0.0003
1604,35.9594,10.3250,14.7263,4.3223,,true,1,0.008333,0.1895,0.0083,1.00,0.57,6.8604,22,1,354,373,0,367,467,0,15,15,0,0,83412,4694,0,0,1015107584,0.000000,0.000000,0.000000,0.00,2,1,2,7,13,25,21,23,8,37,32,34,42,45,38,24,0,0,0.0002,0.0011,0.0346,0.0366,0.0043,0.1899,0.0050,4.3223,0.0105,0.1895,0.0000,0.0000,0.8810,0.0002,0.5107,0.0939,0.0005,0.0005,0.0000,0.0000,0.0003
1605,35.9759,10.3417,15.7695,4.9385,,true,2,0.008333,0.1561,0.0167,1.00,1.00,5.9632,22,1,354,373,0,367,467,0,15,15,0,0,83412,4694,0,0,1015107584,0.000000,0.000000,0.000000,0.00,2,1,2,7,13,25,21,23,8,37,32,34,42,45,38,24,0,0,0.0001,0.0005,0.0312,0.0254,0.0049,0.1573,0.0035,4.9385,0.0099,0.1561,0.0000,0.0000,0.8749,0.0007,0.5096,0.1039,0.0014,0.0005,0.0000,0.0000,0.0001
1606,35.9918,10.3583,15.3741,5.4421,,true,2,0.008333,0.2475,0.0167,1.00,1.00,4.6706,22,1,354,373,0,367,467,0,15,15,0,0,83412,4694,0,0,1015107584,0.000000,0.000000,0.000000,0.00,2,1,2,7,13,25,21,23,8,37,32,34,42,45,38,24,0,0,0.0002,0.0005,0.0597,0.0289,0.0032,0.2480,0.0036,5.4421,0.0246,0.2475,0.0000,0.0000,0.8729,0.0003,0.4948,0.1015,0.0022,0.0006,0.0000,0.0000,0.0001
1607,36.0082,10.3750,15.5393,6.0082,,true,2,0.008333,0.1877,0.0167,1.00,1.00,3.5433,22,1,354,373,0,367,467,0,15,15,0,0,83412,4694,0,0,1015107584,0.000000,0.000000,0.000000,0.00,2,1,2,7,13,25,21,23,8,37,32,34,42,45,38,24,0,0,0.0002,0.0016,0.0514,0.0359,0.0039,0.1881,0.0070,6.0082,0.0198,0.1877,0.0000,0.0000,1.2927,0.0004,0.7417,0.1672,0.0011,0.0012,0.0000,0.0000,0.0004
1608,36.0283,10.3917,17.8999,8.2391,,true,2,0.008333,0.2736,0.0167,1.00,0.93,4.7765,22,1,354,373,0,367,467,0,15,15,0,0,83412,4694,0,0,1015107584,0.000000,0.000000,0.000000,0.00,2,1,2,7,13,25,21,23,8,37,32,34,42,45,38,24,0,0,0.0002,0.0026,0.0622,0.0364,0.0071,0.2740,0.0054,8.2391,0.0114,0.2736,0.0000,0.0000,1.2737,0.0004,0.7488,0.1353,0.0007,0.0007,0.0000,0.0000,0.0003
1609,36.0491,10.4083,15.4571,13.8356,,true,2,0.008333,0.2073,0.0167,1.00,1.00,3.5669,22,1,354,373,8,367,467,0,15,15,0,0,83412,4702,45,40,1015107584,0.000000,0.000000,0.000000,0.00,2,1,2,7,13,25,21,23,8,37,32,34,42,45,38,24,0,0,0.0002,0.0012,0.0564,0.0405,0.0041,0.2081,0.0039,13.8356,0.0135,0.2073,0.0000,0.0000,7.9233,0.0003,0.6979,0.1327,0.8263,0.0006,0.0000,0.0000,5.4882
1610,36.0580,10.4250,16.5941,6.2659,,true,2,0.008333,0.1513,0.0167,1.00,1.00,3.4944,22,1,342,373,8,368,468,0,15,15,4,0,83754,4706,41,40,1015111680,0.000000,0.000000,0.000000,0.00,2,1,2,7,13,25,21,23,8,37,32,35,38,46,36,16,0,0,0.0002,0.0006,0.0462,0.0328,0.0031,0.1516,0.0030,6.2659,0.0171,0.1513,0.0000,0.0000,2.1891,0.0104,0.7162,0.1149,0.7806,0.0059,0.0000,24.2583,0.0004
1611,36.1120,10.4750,47.7884,12.0442,,true,6,0.008333,0.4915,0.0500,1.00,1.00,1.2828,22,1,327,373,8,372,472,0,15,15,8,0,84081,4714,33,40,1019715584,0.000000,0.000000,0.000000,0.00,2,1,2,7,13,25,21,23,8,37,32,35,41,35,33,12,0,0,0.0007,0.0021,0.0990,0.0442,0.0034,0.4919,0.0058,12.0442,0.0383,0.4915,0.0000,0.0000,2.7262,0.0651,0.8053,0.2220,0.8132,0.0278,0.0000,39.6930,0.0009
1612,36.1659,10.5250,55.7183,10.3527,,true,6,0.008333,0.5692,0.0500,1.00,0.90,7.0011,22,1,327,373,8,370,470,0,15,15,8,0,84081,4722,25,40,1019715584,0.000000,0.000000,0.000000,0.00,2,1,2,7,13,25,21,23,8,37,32,35,41,35,33,12,0,0,0.0005,0.0020,0.0592,0.0582,0.0060,0.5700,0.0071,10.3527,0.0358,0.5692,0.0000,0.0000,2.2921,0.0295,0.7902,0.1416,0.5954,0.0176,0.0000,48.5522,0.0006
1613,36.2023,10.5667,37.3099,9.4144,,true,5,0.008333,0.3432,0.0417,1.00,1.00,2.6444,22,1,330,373,8,371,471,0,15,15,8,0,84411,4730,17,40,1019715584,0.000000,0.000000,0.000000,0.00,2,1,2,7,13,25,21,23,8,37,32,35,41,35,32,16,0,0,0.0003,0.0018,0.0581,0.0323,0.0048,0.3440,0.0070,9.4144,0.0212,0.3432,0.0000,0.0000,2.3943,0.0757,0.7239,0.2235,0.6965,0.0252,0.0000,47.1024,0.0007
1614,36.2531,10.6167,48.4580,11.7259,,true,6,0.008333,0.5393,0.0500,1.00,1.00,1.1023,22,1,339,373,8,372,472,0,15,15,8,0,84750,4738,9,40,1019715584,0.000000,0.000000,0.000000,0.00,2,1,2,7,13,25,21,23,8,37,32,35,39,43,31,20,0,0,0.0004,0.0023,0.1178,0.0465,0.0124,0.5399,0.0073,11.7259,0.0540,0.5393,0.0000,0.0000,2.6290,0.0588,0.8135,0.2498,0.8885,0.0229,0.0000,46.0650,0.0007
1615,36.2895,10.6500,38.9237,9.2617,,true,4,0.008333,0.4978,0.0333,1.00,0.86,6.6927,22,1,351,373,1,371,471,0,15,15,8,0,85101,4739,1,5,1019715584,0.000000,0.000000,0.000000,0.00,2,1,2,7,13,25,21,23,8,36,36,34,43,41,39,20,0,0,0.0005,0.0018,0.0743,0.0441,0.0068,0.4985,0.0048,9.2617,0.0410,0.4978,0.0000,0.0000,1.6657,0.0274,0.5641,0.1519,0.5883,0.0140,0.0000,45.2536,0.0005
1616,36.3398,10.7000,48.2362,11.1039,,true,6,0.008333,0.3616,0.0500,1.00,1.00,4.9290,22,1,354,373,0,371,471,0,15,15,1,0,85455,4739,0,0,1019719680,0.000000,0.000000,0.000000,0.00,2,1,2,7,13,25,21,23,8,36,35,38,43,41,39,20,0,0,0.0004,0.0030,0.1357,0.0383,0.0057,0.3627,0.0106,11.1039,0.0660,0.3616,0.0000,0.0000,3.2397,0.0268,1.0833,0.3226,1.0737,0.0113,0.0000,6.9433,0.0011
1617,36.3744,10.7417,36.8612,8.8279,,true,5,0.008333,0.3195,0.0417,1.00,1.00,0.1235,22,1,354,373,0,373,473,0,15,15,0,0,85455,4739,0,0,1019723776,0.000000,0.000000,0.000000,0.00,2,1,2,7,13,25,21,23,8,36,35,38,43,41,39,20,0,0,0.0008,0.0021,0.0536,0.0575,0.0075,0.3199,0.0054,8.8279,0.0228,0.3195,0.0000,0.0000,1.3803,0.0006,0.7250,0.2222,0.0015,0.0008,0.0000,0.0000,0.0003
1618,36.4199,10.7833,47.1921,7.2672,,true,5,0.008333,0.4493,0.0417,1.00,0.88,5.6489,22,1,354,373,0,372,472,0,15,15,0,0,85455,4739,0,0,1019723776,0.000000,0.000000,0.000000,0.00,2,1,2,7,13,25,21,23,8,36,35,38,43,41,39,20,0,0,0.0003,0.0014,0.0517,0.0540,0.0072,0.4498,0.0061,7.2672,0.0173,0.4493,0.0000,0.0000,1.4484,0.0008,0.7592,0.1577,0.0016,0.0004,0.0000,0.0000,0.0008
1619,36.4264,10.7917,5.8342,5.6167,,true,1,0.008333,0.1265,0.0083,1.00,1.00,3.1498,22,1,354,373,0,373,473,0,15,15,0,0,85455,4739,0,0,1019727872,0.000000,0.000000,0.000000,0.00,2,1,2,7,13,25,21,23,8,36,35,38,43,41,39,20,0,0,0.0004,0.0013,0.0496,0.0463,0.0043,0.1267,0.0072,5.6167,0.0153,0.1265,0.0000,0.0000,1.2743,0.0004,0.7273,0.1637,0.0009,0.0003,0.0000,0.0000,0.0003
1620,36.4318,10.8000,7.2697,4.5896,,true,1,0.008333,0.0952,0.0083,1.00,1.00,2.0861,22,1,354,373,0,373,473,0,15,15,0,0,85455,4739,0,0,1019727872,0.000000,0.000000,0.000000,0.00,2,1,2,7,13,25,21,23,8,36,35,38,43,41,39,20,0,0,0.0002,0.0010,0.0392,0.0243,0.0021,0.0955,0.0042,4.5896,0.0078,0.0952,0.0000,0.0000,1.1667,0.0003,0.7091,0.1192,0.0004,0.0006,0.0000,0.0000,0.0002
1621,36.4460,10.8167,15.2740,5.5090,,true,2,0.008333,0.2186,0.0167,1.00,1.00,0.6934,22,1,354,373,0,374,474,0,15,15,0,0,85455,4739,0,0,1019727872,0.000000,0.000000,0.000000,0.00,2,1,2,7,13,25,21,23,8,36,35,38,43,41,39,20,0,0,0.0002,0.0017,0.0515,0.0460,0.0053,0.2192,0.0072,5.5090,0.0097,0.2186,0.0000,0.0000,1.2065,0.0003,0.7016,0.1228,0.0005,0.0004,0.0000,0.0000,0.0006
1622,36.4597,10.8250,13.6946,5.2985,,true,1,0.008333,0.1367,0.0083,1.00,0.61,6.0547,22,1,354,373,0,373,473,0,15,15,0,0,85455,4739,0,0,1019727872,0.000000,0.000000,0.000000,0.00,2,1,2,7,13,25,21,23,8,36,35,38,43,41,39,20,0,0,0.0004,0.0010,0.0472,0.0303,0.0033,0.1370,0.0057,5.2985,0.0159,0.1367,0.0000,0.0000,1.2371,0.0010,0.6960,0.1445,0.0005,0.0004,0.0000,0.0000,0.0004
1623,36.4769,10.8417,16.1803,6.3901,,true,2,0.008333,0.1928,0.0167,1.00,1.00,5.5683,22,1,354,373,0,373,473,0,15,15,0,0,85455,4739,0,0,1019727872,0.000000,0.000000,0.000000,0.00,2,1,2,7,13,25,21,23,8,36,35,38,43,41,39,20,0,0,0.0004,0.0010,0.0430,0.0383,0.0040,0.1935,0.0053,6.3901,0.0097,0.1928,0.0000,0.0000,1.3667,0.0011,0.7510,0.1943,0.0016,0.0013,0.0000,0.0000,0.0003
1624,36.4920,10.8583,16.1944,5.2082,,true,2,0.008333,0.1869,0.0167,1.00,1.00,5.0960,22,1,354,373,0,373,473,0,15,15,0,0,85455,4739,0,0,1019727872,0.000000,0.000000,0.000000,0.00,2,1,2,7,13,25,21,23,8,36,35,38,43,41,39,20,0,0,0.0002,0.0015,0.0439,0.0348,0.0037,0.1871,0.0048,5.2082,0.0108,0.1869,0.0000,0.0000,1.2087,0.0003,0.7200,0.1280,0.0007,0.0004,0.0000,0.0000,0.0004
1625,36.5079,10.8750,15.4901,5.5767,,true,2,0.008333,0.2091,0.0167,1.00,1.00,3.9195,22,1,354,373,0,373,473,0,15,15,0,0,85455,4739,0,0,1019727872,0.000000,0.000000,0.000000,0.00,2,1,2,7,13,25,21,23,8,36,35,38,43,41,39,20,0,0,0.0002,0.0009,0.0409,0.0650,0.0044,0.2095,0.0040,5.5767,0.0172,0.2091,0.0000,0.0000,0.9965,0.0003,0.5125,0.1667,0.0016,0.0009,0.0000,0.0000,0.0004
1626,36.5230,10.8917,15.8004,5.0169,,true,2,0.008333,0.2962,0.0167,1.00,1.00,3.0532,22,1,354,373,0,373,473,0,15,15,0,0,85455,4739,0,0,1019727872,0.000000,0.000000,0.000000,0.00,2,1,2,7,13,25,21,23,8,36,35,38,43,41,39,20,0,0,0.0004,0.0009,0.0416,0.0303,0.0036,0.2966,0.0041,5.0169,0.0133,0.2962,0.0000,0.0000,0.9039,0.0001,0.5215,0.1030,0.0007,0.0003,0.0000,0.0000,0.0004
1627,36.5401,10.9083,16.5644,5.4060,,true,2,0.008333,0.1726,0.0167,1.00,1.00,2.9509,22,1,354,373,0,374,474,0,15,15,0,0,85455,4739,0,0,1019727872,0.000000,0.000000,0.000000,0.00,2,1,2,7,13,25,21,23,8,36,35,38,43,41,39,20,0,0,0.0006,0.0005,0.0357,0.0382,0.0032,0.1730,0.0027,5.4060,0.0080,0.1726,0.0000,0.0000,1.0204,0.0008,0.5289,0.1534,0.0014,0.0010,0.0000,0.0000,0.0004
1628,36.5560,10.9250,16.1365,5.1455,,true,2,0.008333,0.1954,0.0167,1.00,1.00,2.4208,22,1,354,373,0,374,474,0,15,15,0,0,85455,4739,0,0,1019731968,0.000000,0.000000,0.000000,0.00,2,1,2,7,13,25,21,23,8,36,35,38,43,41,39,20,0,0,0.0003,0.0018,0.0505,0.0266,0.0049,0.1966,0.0093,5.1455,0.0098,0.1954,0.0000,0.0000,1.2878,0.0002,0.7424,0.1257,0.0008,0.0006,0.0000,0.0000,0.0006
1629,36.5712,10.9417,15.0435,5.3928,,true,2,0.008333,0.1936,0.0167,1.00,1.00,0.7976,22,1,354,373,0,375,475,0,15,15,0,0,85455,4739,0,0,1019731968,0.000000,0.000000,0.000000,0.00,2,1,2,7,13,25,21,23,8,36,35,38,43,41,39,20,0,0,0.0003,0.0013,0.1973,0.0343,0.0040,0.1940,0.0041,5.3928,0.0101,0.1936,0.0000,0.0000,1.3158,0.0009,0.7939,0.1478,0.0007,0.0005,0.0000,0.0000,0.0003
1630,36.5877,10.9583,16.0380,5.8229,,true,2,0.008333,0.2375,0.0167,1.00,1.00,0.1689,22,1,354,373,0,375,475,0,15,15,0,0,85455,4739,0,0,1019740160,0.000000,0.000000,0.000000,0.00,2,1,2,7,13,25,21,23,8,36,35,38,43,41,39,20,0,0,0.0002,0.0010,0.0552,0.0367,0.0051,0.2383,0.0040,5.8229,0.0113,0.2375,0.0000,0.0000,1.3469,0.0004,0.8088,0.1417,0.0006,0.0004,0.0000,0.0000,0.0004
1631,36.6020,10.9667,15.6165,4.7783,,true,1,0.008333,0.1328,0.0083,1.00,0.53,7.4521,22,1,354,373,0,374,474,0,15,15,0,0,85455,4739,0,0,1019740160,0.000000,0.000000,0.000000,0.00,2,1,2,7,13,25,21,23,8,36,35,38,43,41,39,20,0,0,0.0003,0.0012,0.0494,0.0295,0.0028,0.1333,0.0046,4.7783,0.0195,0.1328,0.0000,0.0000,1.3184,0.0010,0.7436,0.1857,0.0017,0.0012,0.0000,0.0000,0.0003
1632,36.6187,10.9833,15.9059,5.4338,,true,2,0.008333,0.1241,0.0167,1.00,1.00,6.6913,22,1,354,373,0,374,474,0,15,15,0,0,85455,4739,0,0,1019740160,0.000000,0.000000,0.000000,0.00,2,1,2,7,13,25,21,23,8,36,35,38,43,41,39,20,0,0,0.0001,0.0024,0.0562,0.0215,0.0028,0.1243,0.0042,5.4338,0.0125,0.1241,0.0000,0.0000,1.2940,0.0000,0.7568,0.1314,0.0003,0.0004,0.0000,0.0000,0.0008
1633,36.6332,11.0000,14.7455,5.2691,,true,2,0.008333,0.3524,0.0167,1.00,1.00,4.7701,22,1,354,373,0,374,474,0,15,15,0,0,85455,4739,0,0,1019740160,0.000000,0.000000,0.000000,0.00,2,1,2,7,13,25,21,23,8,36,35,38,43,41,39,20,0,0,0.0002,0.0010,0.0438,0.0406,0.0073,0.3533,0.0061,5.2691,0.0132,0.3524,0.0000,0.0000,0.9769,0.0004,0.5659,0.1140,0.0007,0.0004,0.0000,0.0000,0.0003
1634,36.6512,11.0167,16.6360,6.3724,,true,2,0.008333,0.2465,0.0167,1.00,1.00,4.7395,22,1,354,373,0,374,474,0,15,15,0,0,85455,4739,0,0,1019740160,0.000000,0.000000,0.000000,0.00,2,1,2,7,13,25,21,23,8,36,35,38,43,41,39,20,0,0,0.0003,0.0011,0.0606,0.0225,0.0021,0.2472,0.0022,6.3724,0.0123,0.2465,0.0000,0.0000,1.3365,0.0015,0.7928,0.1395,0.0007,0.0005,0.0000,0.0000,0.0003
1635,36.6656,11.0333,15.9162,4.9988,,true,2,0.008333,0.1338,0.0167,1.00,1.00,3.9889,22,1,354,373,0,374,474,0,15,15,0,0,85455,4739,0,0,1019740160,0.000000,0.000000,0.000000,0.00,2,1,2,7,13,25,21,23,8,36,35,38,43,41,39,20,0,0,0.0002,0.0009,0.0540,0.0281,0.0028,0.1342,0.0028,4.9988,0.0187,0.1338,0.0000,0.0000,0.9894,0.0007,0.5213,0.1555,0.0019,0.0005,0.0000,0.0000,0.0002
1636,36.6819,11.0500,15.6049,5.6062,,true,2,0.008333,0.1714,0.0167,1.00,1.00,2.9272,22,1,354,373,0,374,474,0,15,15,0,0,85455,4739,0,0,1019740160,0.000000,0.000000,0.000000,0.00,2,1,2,7,13,25,21,23,8,36,35,38,43,41,39,20,0,0,0.0002,0.0008,0.0588,0.0293,0.0062,0.1721,0.0030,5.6062,0.0122,0.1714,0.0000,0.0000,1.2364,0.0003,0.7224,0.1337,0.0006,0.0003,0.0000,0.0000,0.0001
1637,36.6981,11.0667,16.0969,5.5560,,true,2,0.008333,0.2458,0.0167,1.00,1.00,2.3574,22,1,354,373,0,375,475,0,15,15,0,0,85455,4739,0,0,1019740160,0.000000,0.000000,0.000000,0.00,2,1,2,7,13,25,21,23,8,36,35,38,43,41,39,20,0,0,0.0007,0.0008,0.0308,0.0484,0.0062,0.2462,0.0063,5.5560,0.0088,0.2458,0.0000,0.0000,0.9759,0.0002,0.5583,0.1050,0.0005,0.0003,0.0000,0.0000,0.0006
1638,36.7137,11.0833,15.6211,5.6482,,true,2,0.008333,0.1682,0.0167,1.00,1.00,1.3119,22,1,354,373,0,375,475,0,15,15,0,0,85455,4739,0,0,1019744256,0.000000,0.000000,0.000000,0.00,2,1,2,7,13,25,21,23,8,36,35,38,43,41,39,20,0,0,0.0002,0.0013,0.0463,0.0267,0.0025,0.1685,0.0031,5.6482,0.0097,0.1682,0.0000,0.0000,1.2438,0.0002,0.7307,0.1255,0.0006,0.0006,0.0000,0.0000,0.0003
1639,36.7292,11.1000,15.3608,6.0492,,true,2,0.008333,0.1575,0.0167,1.00,1.00,0.0060,22,1,354,373,0,376,476,0,15,15,0,0,85455,4739,0,0,1019744256,0.000000,0.000000,0.000000,0.00,2,1,2,7,13,25,21,23,8,36,35,38,43,41,39,20,0,0,0.0003,0.0012,0.0841,0.0231,0.0033,0.1591,0.0044,6.0492,0.0150,0.1575,0.0000,0.0000,1.2418,0.0006,0.6874,0.1774,0.0019,0.0007,0.0000,0.0000,0.0003
1640,36.7446,11.1083,15.9185,5.2887,,true,1,0.008333,0.1108,0.0083,1.00,0.52,7.5911,22,1,354,373,0,375,475,0,15,15,0,0,85455,4739,0,0,1019744256,0.000000,0.000000,0.000000,0.00,2,1,2,7,13,25,21,23,8,36,35,38,43,41,39,20,0,0,0.0005,0.0014,0.0386,0.0247,0.0036,0.1112,0.0074,5.2887,0.0173,0.1108,0.0000,0.0000,1.0000,0.0003,0.5428,0.1585,0.0013,0.0003,0.0000,0.0000,0.0002
1641,36.7604,11.1250,15.9102,5.2182,,true,2,0.008333,0.1248,0.0167,1.00,1.00,6.8346,22,1,354,373,0,375,475,0,15,15,0,0,85455,4739,0,0,1019744256,0.000000,0.000000,0.000000,0.00,2,1,2,7,13,25,21,23,8,36,35,38,43,41,39,20,0,0,0.0002,0.0009,0.0333,0.0245,0.0028,0.1253,0.0028,5.2182,0.0084,0.1248,0.0000,0.0000,1.2167,0.0003,0.7006,0.1273,0.0019,0.0008,0.0000,0.0000,0.0003
1642,36.7761,11.1417,15.7965,5.0769,,true,2,0.008333,0.1909,0.0167,1.00,1.00,5.9644,22,1,354,373,0,374,474,0,15,15,0,0,85455,4739,0,0,1019744256,0.000000,0.000000,0.000000,0.00,2,1,2,7,13,25,21,23,8,36,35,38,43,41,39,20,0,0,0.0002,0.0006,0.0301,0.0199,0.0022,0.1915,0.0024,5.0769,0.0075,0.1909,0.0000,0.0000,1.1282,0.0007,0.6478,0.0967,0.0005,0.0005,0.0000,0.0000,0.0012
1643,36.7981,11.1583,14.9083,12.2282,,true,2,0.008333,0.2208,0.0167,1.00,1.00,4.2060,22,1,351,373,8,375,475,0,15,15,0,0,85806,4747,14,40,1019744256,0.000000,0.000000,0.000000,0.00,2,1,2,7,13,25,21,23,8,36,35,38,43,41,40,16,0,0,0.0003,0.0008,0.0953,0.0210,0.0024,0.2214,0.0047,12.2282,0.0153,0.2208,0.0000,0.0000,5.7654,0.0004,0.5044,0.1209,0.8992,0.0003,0.0000,0.0000,3.7980
1644,36.8097,11.1750,16.9561,6.7846,,true,2,0.008333,0.1893,0.0167,1.00,0.98,4.4955,22,1,345,373,7,374,474,0,15,15,7,0,86151,4753,7,35,1019744256,0.000000,0.000000,0.000000,0.00,2,1,2,7,13,25,21,23,8,36,36,34,43,41,41,12,0,0,0.0004,0.0012,0.0496,0.0322,0.0033,0.1898,0.0059,6.7846,0.0181,0.1893,0.0000,0.0000,2.1173,0.0160,0.7407,0.1320,0.7810,0.0092,0.0000,40.0160,0.0007
1645,36.8591,11.2250,47.5295,8.3377,,true,6,0.008333,0.4665,0.0500,1.00,1.00,2.0250,22,1,354,373,0,379,479,0,15,15,7,0,86505,4753,0,0,1019744256,0.000000,0.000000,0.000000,0.00,2,1,2,7,13,25,21,23,8,36,36,34,43,40,43,20,0,0,0.0002,0.0016,0.0866,0.0487,0.0071,0.4670,0.0037,8.3377,0.0242,0.4665,0.0000,0.0000,2.5351,0.0367,0.8597,0.2417,0.9388,0.0243,0.0000,40.8707,0.0004
1646,36.9130,11.2750,53.3065,9.0027,,true,6,0.008333,0.6148,0.0500,1.00,0.94,5.3315,22,1,354,373,0,378,478,0,15,15,0,0,86505,4753,0,0,1019744256,0.000000,0.000000,0.000000,0.00,2,1,2,7,13,25,21,23,8,36,36,34,43,40,43,20,0,0,0.0004,0.0021,0.0823,0.0394,0.0059,0.6158,0.0051,9.0027,0.0409,0.6148,0.0000,0.0000,1.7213,0.0011,0.9000,0.3045,0.0062,0.0022,0.0000,0.0000,0.0009
1647,36.9498,11.3167,38.2211,7.7494,,true,5,0.008333,0.4937,0.0417,1.00,1.00,1.8859,22,1,354,373,0,380,480,0,15,15,0,0,86505,4753,0,0,1019748352,0.000000,0.000000,0.000000,0.00,2,1,2,7,13,25,21,23,8,36,36,34,43,40,43,20,0,0,0.0003,0.0020,0.0621,0.0453,0.0061,0.4941,0.0058,7.7494,0.0209,0.4937,0.0000,0.0000,1.7904,0.0007,1.0346,0.2109,0.0014,0.0004,0.0000,0.0000,0.0006
1648,36.9566,11.3167,5.3411,6.0083,,true,0,0.008333,0.0073,0.0000,1.00,0.00,7.2270,22,1,354,373,0,378,478,0,15,15,0,0,86505,4753,0,0,1019748352,0.000000,0.000000,0.000000,0.00,2,1,2,7,13,25,21,23,8,36,36,34,43,40,43,20,0,0,0.0002,0.0018,0.0569,0.0567,0.0053,0.0080,0.0053,6.0083,0.0174,0.0073,0.0000,0.0000,1.4527,0.0004,0.8067,0.1787,0.0017,0.0006,0.0000,0.0000,0.0024
1649,36.9619,11.3250,8.3783,4.7028,,true,1,0.008333,0.0991,0.0083,1.00,0.99,7.2719,22,1,354,373,0,377,477,0,15,15,0,0,86505,4753,0,0,1019748352,0.000000,0.000000,0.000000,0.00,2,1,2,7,13,25,21,23,8,36,36,34,43,40,43,20,0,0,0.0004,0.0008,0.0509,0.0349,0.0022,0.0993,0.0032,4.7028,0.0092,0.0991,0.0000,0.0000,1.1530,0.0002,0.6701,0.1201,0.0004,0.0002,0.0000,0.0000,0.0003
1650,36.9750,11.3417,14.0016,5.3789,,true,2,0.008333,0.1553,0.0167,1.00,1.00,4.6068,22,1,354,373,0,378,478,0,15,15,0,0,86505,4753,0,0,1019748352,0.000000,0.000000,0.000000,0.00,2,1,2,7,13,25,21,23,8,36,36,34,43,40,43,20,0,0,0.0002,0.0010,0.0478,0.0403,0.0066,0.1557,0.0047,5.3789,0.0099,0.1553,0.0000,0.0000,1.3083,0.0004,0.7515,0.1286,0.0006,0.0003,0.0000,0.0000,0.0005
1651,36.9896,11.3583,14.1850,5.8080,,true,2,0.008333,0.2202,0.0167,1.00,1.00,2.1252,22,1,354,373,0,380,480,0,15,15,0,0,86505,4753,0,0,1019748352,0.000000,0.000000,0.000000,0.00,2,1,2,7,13,25,21,23,8,36,36,34,43,40,43,20,0,0,0.0002,0.0025,0.0506,0.0355,0.0045,0.2207,0.0049,5.8080,0.0203,0.2202,0.0000,0.0000,1.2535,0.0004,0.7241,0.1470,0.0010,0.0003,0.0000,0.0000,0.0003
1652,37.0052,11.3750,15.6135,5.8530,,true,2,0.008333,0.2064,0.0167,1.00,1.00,1.0719,22,1,354,373,0,381,481,0,15,15,0,0,86505,4753,0,0,1019748352,0.000000,0.000000,0.000000,0.00,2,1,2,7,13,25,21,23,8,36,36,34,43,40,43,20,0,0,0.0002,0.0020,0.0611,0.0314,0.0052,0.2069,0.0057,5.8530,0.0241,0.2064,0.0000,0.0000,1.2884,0.0006,0.6954,0.2073,0.0011,0.0005,0.0000,0.0000,0.0004
1653,37.0224,11.3917,17.3930,5.4890,,true,2,0.008333,0.2462,0.0167,1.00,0.96,1.7983,22,1,354,373,0,382,482,0,15,15,0,0,86505,4753,0,0,1019748352,0.000000,0.000000,0.000000,0.00,2,1,2,7,13,25,21,23,8,36,36,34,43,40,43,20,0,0,0.0002,0.0023,0.0482,0.0327,0.0029,0.2465,0.0075,5.4890,0.0106,0.2462,0.0000,0.0000,1.2233,0.0003,0.7119,0.1291,0.0006,0.0003,0.0000,0.0000,0.0005
1654,37.0386,11.4083,16.1575,5.5096,,true,2,0.008333,0.1563,0.0167,1.00,1.00,1.2891,22,1,354,373,0,383,483,0,15,15,0,0,86505,4753,0,0,1019748352,0.000000,0.000000,0.000000,0.00,2,1,2,7,13,25,21,23,8,36,36,34,43,40,43,20,0,0,0.0001,0.0011,0.0477,0.0332,0.0045,0.1566,0.0049,5.5096,0.0102,0.1563,0.0000,0.0000,1.3113,0.0004,0.7749,0.1259,0.0006,0.0010,0.0000,0.0000,0.0006
1655,37.0554,11.4250,15.7264,6.7127,,true,2,0.008333,0.1951,0.0167,1.00,1.00,0.3489,22,1,354,373,0,384,484,0,15,15,0,0,86505,4753,0,0,1019748352,0.000000,0.000000,0.000000,0.00,2,1,2,7,13,25,21,23,8,36,36,34,43,40,43,20,0,0,0.0010,0.0030,0.0458,1.1146,0.0046,0.1955,0.0065,6.7127,0.0103,0.1951,0.0000,0.0000,1.2045,0.0003,0.7033,0.1272,0.0006,0.0004,0.0000,0.0000,0.0003
1656,37.0694,11.4333,15.5538,5.2549,,true,1,0.008333,0.1476,0.0083,1.00,0.54,7.5694,22,1,354,373,0,382,482,0,15,15,0,0,86505,4753,0,0,1019752448,0.000000,0.000000,0.000000,0.00,2,1,2,7,13,25,21,23,8,36,36,34,43,40,43,20,0,0,0.0002,0.0013,0.0361,0.0373,0.0031,0.1480,0.0060,5.2549,0.0145,0.1476,0.0000,0.0000,1.1583,0.0006,0.5291,0.1510,0.0007,0.0012,0.0000,0.0000,0.0004
1657,37.0847,11.4500,15.5229,5.1169,,true,2,0.008333,0.1162,0.0167,1.00,1.00,6.4256,22,1,354,373,0,381,481,0,15,15,0,0,86505,4753,0,0,1019752448,0.000000,0.000000,0.000000,0.00,2,1,2,7,13,25,21,23,8,36,36,34,43,40,43,20,0,0,0.0005,0.0009,0.0536,0.0231,0.0026,0.1166,0.0037,5.1169,0.0097,0.1162,0.0000,0.0000,1.2754,0.0003,0.7111,0.1628,0.0015,0.0008,0.0000,0.0000,0.0002
1658,37.0999,11.4667,14.8423,5.3688,,true,2,0.008333,0.1819,0.0167,1.00,1.00,4.6013,22,1,354,373,0,381,481,0,15,15,0,0,86505,4753,0,0,1019752448,0.000000,0.000000,0.000000,0.00,2,1,2,7,13,25,21,23,8,36,36,34,43,40,43,20,0,0,0.0002,0.0017,0.0471,0.0564,0.0038,0.1822,0.0042,5.3688,0.0166,0.1819,0.0000,0.0000,1.2642,0.0004,0.6955,0.1836,0.0007,0.0005,0.0000,0.0000,0.0005
1659,37.1156,11.4833,15.5442,5.5863,,true,2,0.008333,0.2082,0.0167,1.00,1.00,3.4788,22,1,354,373,0,381,481,0,15,15,0,0,86505,4753,0,0,1019752448,0.000000,0.000000,0.000000,0.00,2,1,2,7,13,25,21,23,8,36,36,34,43,40,43,20,0,0,0.0004,0.0012,0.0496,0.0355,0.0052,0.2088,0.0043,5.5863,0.0183,0.2082,0.0000,0.0000,1.2601,0.0003,0.7048,0.1902,0.0014,0.0004,0.0000,0.0000,0.0005
1660,37.1305,11.5000,15.1123,5.3720,,true,2,0.008333,0.3179,0.0167,1.00,1.00,1.9244,22,1,354,373,0,382,482,0,15,15,0,0,86505,4753,0,0,1019752448,0.000000,0.000000,0.000000,0.00,2,1,2,7,13,25,21,23,8,36,36,34,43,40,43,20,0,0,0.0002,0.0011,0.0544,0.0357,0.0053,0.3181,0.0039,5.3720,0.0174,0.3179,0.0000,0.0000,1.2732,0.0009,0.7245,0.1511,0.0010,0.0012,0.0000,0.0000,0.0003
1661,37.1467,11.5167,15.5928,5.7400,,true,2,0.008333,0.1917,0.0167,1.00,1.00,0.8505,22,1,354,373,0,383,483,0,15,15,0,0,86505,4753,0,0,1019752448,0.000000,0.000000,0.000000,0.00,2,1,2,7,13,25,21,23,8,36,36,34,43,40,43,20,0,0,0.0003,0.0014,0.0586,0.0317,0.0048,0.1920,0.0057,5.7400,0.0282,0.1917,0.0000,0.0000,1.3141,0.0007,0.7210,0.1715,0.0015,0.0009,0.0000,0.0000,0.0004
1662,37.1622,11.5333,15.8681,5.5672,,true,2,0.008333,0.2137,0.0167,1.00,1.00,0.0519,22,1,354,373,0,383,483,0,15,15,0,0,86505,4753,0,0,1019752448,0.000000,0.000000,0.000000,0.00,2,1,2,7,13,25,21,23,8,36,36,34,43,40,43,20,0,0,0.0003,0.0017,0.0506,0.0337,0.0055,0.2142,0.0048,5.5672,0.0131,0.2137,0.0000,0.0000,1.2925,0.0003,0.7081,0.1683,0.0006,0.0003,0.0000,0.0000,0.0005
1663,37.1777,11.5417,15.7541,5.3121,,true,1,0.008333,0.1249,0.0083,1.00,0.53,7.4727,22,1,354,373,0,382,482,0,15,15,0,0,86505,4753,0,0,1019752448,0.000000,0.000000,0.000000,0.00,2,1,2,7,13,25,21,23,8,36,36,34,43,40,43,20,0,0,0.0002,0.0010,0.0610,0.0294,0.0055,0.1257,0.0041,5.3121,0.0186,0.1249,0.0000,0.0000,1.2491,0.0003,0.6928,0.1693,0.0007,0.0005,0.0000,0.0000,0.0002
1664,37.1937,11.5583,16.4781,4.8163,,true,2,0.008333,0.1796,0.0167,1.00,1.00,7.2841,22,1,354,373,0,381,481,0,15,15,0,0,86505,4753,0,0,1019752448,0.000000,0.000000,0.000000,0.00,2,1,2,7,13,25,21,23,8,36,36,34,43,40,43,20,0,0,0.0002,0.0010,0.0384,0.0270,0.0032,0.1800,0.0033,4.8163,0.0069,0.1796,0.0000,0.0000,0.9853,0.0004,0.5478,0.1146,0.0012,0.0017,0.0000,0.0000,0.0003
1665,37.2087,11.5750,15.0752,4.8664,,true,2,0.008333,0.1332,0.0167,1.00,1.00,5.6927,22,1,354,373,0,381,481,0,15,15,0,0,86505,4753,0,0,1019752448,0.000000,0.000000,0.000000,0.00,2,1,2,7,13,25,21,23,8,36,36,34,43,40,43,20,0,0,0.0001,0.0009,0.0335,0.0215,0.0025,0.1335,0.0039,4.8664,0.0113,0.1332,0.0000,0.0000,0.9412,0.0001,0.4937,0.1512,0.0019,0.0003,0.0000,0.0000,0.0002
1666,37.2237,11.5917,14.8398,4.8806,,true,2,0.008333,0.2142,0.0167,1.00,1.00,3.8658,22,1,354,373,0,381,481,0,15,15,0,0,86505,4753,0,0,1019756544,0.000000,0.000000,0.000000,0.00,2,1,2,7,13,25,21,23,8,36,36,34,43,40,43,20,0,0,0.0003,0.0013,0.0387,0.0413,0.0041,0.2147,0.0044,4.8806,0.0091,0.2142,0.0000,0.0000,0.8939,0.0004,0.4970,0.1213,0.0007,0.0004,0.0000,0.0000,0.0001
1667,37.2402,11.6083,16.3787,4.8948,,true,2,0.008333,0.2002,0.0167,1.00,1.00,3.5779,22,1,354,373,0,382,482,0,15,15,0,0,86505,4753,0,0,1019756544,0.000000,0.000000,0.000000,0.00,2,1,2,7,13,25,21,23,8,36,36,34,43,40,43,20,0,0,0.0002,0.0008,0.0315,0.0341,0.0039,0.2004,0.0029,4.8948,0.0058,0.2002,0.0000,0.0000,0.9923,0.0006,0.5242,0.0956,0.0003,0.0006,0.0000,0.0000,0.0002
1668,37.2567,11.6250,15.2905,6.2559,,true,2,0.008333,0.2457,0.0167,1.00,1.00,2.2018,22,1,354,373,0,382,482,0,15,15,0,0,86505,4753,0,0,1019756544,0.000000,0.000000,0.000000,0.00,2,1,2,7,13,25,21,23,8,36,36,34,43,40,43,20,0,0,0.0007,0.0018,0.0501,0.0394,0.0063,0.2463,0.0044,6.2559,0.0190,0.2457,0.0000,0.0000,1.3137,0.0011,0.7337,0.1810,0.0014,0.0015,0.0000,0.0000,0.0003
1669,37.2719,11.6417,15.9306,5.5809,,true,2,0.008333,0.2902,0.0167,1.00,1.00,1.4657,22,1,354,373,0,383,483,0,15,15,0,0,86505,4753,0,0,1019756544,0.000000,0.000000,0.000000,0.00,2,1,2,7,13,25,21,23,8,36,36,34,43,40,43,20,0,0,0.0002,0.0013,0.0529,0.0298,0.0038,0.2913,0.0047,5.5809,0.0097,0.2902,0.0000,0.0000,1.3597,0.0007,0.6942,0.2507,0.0018,0.0013,0.0000,0.0000,0.0005
1670,37.2870,11.6500,15.1746,5.4392,,true,1,0.008333,0.1554,0.0083,1.00,0.55,8.3069,22,1,354,373,0,382,482,0,15,15,0,0,86505,4753,0,0,1019756544,0.000000,0.000000,0.000000,0.00,2,1,2,7,13,25,21,23,8,36,36,34,43,40,43,20,0,0,0.0004,0.0015,0.0503,0.0339,0.0056,0.1559,0.0089,5.4392,0.0147,0.1554,0.0000,0.0000,1.2492,0.0004,0.6954,0.1442,0.0007,0.0003,0.0000,0.0000,0.0003
1671,37.3019,11.6667,15.3083,4.9737,,true,2,0.008333,0.1660,0.0167,1.00,1.00,6.9486,22,1,354,373,0,381,481,0,15,15,0,0,86505,4753,0,0,1019756544,0.000000,0.000000,0.000000,0.00,2,1,2,7,13,25,21,23,8,36,36,34,43,40,43,20,0,0,0.0004,0.0010,0.0579,0.0315,0.0044,0.1668,0.0040,4.9737,0.0151,0.1660,0.0000,0.0000,1.2232,0.0001,0.7012,0.1345,0.0008,0.0004,0.0000,0.0000,0.0003
1672,37.3183,11.6833,15.8396,5.5257,,true,2,0.008333,0.1170,0.0167,1.00,1.00,6.1215,22,1,354,373,0,381,481,0,15,15,0,0,86505,4753,0,0,1019756544,0.000000,0.000000,0.000000,0.00,2,1,2,7,13,25,21,23,8,36,36,34,43,40,43,20,0,0,0.0003,0.0013,0.0582,0.0183,0.0015,0.1172,0.0050,5.5257,0.0182,0.1170,0.0000,0.0000,1.2972,0.0006,0.7027,0.1912,0.0012,0.0005,0.0000,0.0000,0.0004
1673,37.3359,11.7000,17.7190,5.2316,,true,2,0.008333,0.1499,0.0167,1.00,0.94,7.1738,22,1,354,373,0,381,481,0,15,15,0,0,86505,4753,0,0,1019756544,0.000000,0.000000,0.000000,0.00,2,1,2,7,13,25,21,23,8,36,36,34,43,40,43,20,0,0,0.0003,0.0014,0.0322,0.0405,0.0073,0.1511,0.0058,5.2316,0.0084,0.1499,0.0000,0.0000,0.9074,0.0002,0.5019,0.0965,0.0005,0.0003,0.0000,0.0000,0.0005
1674,37.3500,11.7167,14.1589,5.4007,,true,2,0.008333,0.1402,0.0167,1.00,1.00,4.6661,22,1,354,373,0,381,481,0,15,15,0,0,86505,4753,0,0,1019756544,0.000000,0.000000,0.000000,0.00,2,1,2,7,13,25,21,23,8,36,36,34,43,40,43,20,0,0,0.0001,0.0014,0.0528,0.0399,0.0045,0.1405,0.0055,5.4007,0.0138,0.1402,0.0000,0.0000,1.2725,0.0002,0.7086,0.1451,0.0006,0.0004,0.0000,0.0000,0.0003
1675,37.3659,11.7333,16.0179,5.2555,,true,2,0.008333,0.1311,0.0167,1.00,1.00,4.0173,22,1,354,373,0,382,482,0,15,15,0,0,86505,4753,0,0,1019760640,0.000000,0.000000,0.000000,0.00,2,1,2,7,13,25,21,23,8,36,36,34,43,40,43,20,0,0,0.0007,0.0020,0.0773,0.0264,0.0032,0.1313,0.0052,5.2555,0.0203,0.1311,0.0000,0.0000,0.9199,0.0004,0.5090,0.1034,0.0010,0.0003,0.0000,0.0000,0.0003
1676,37.3815,11.7500,15.6516,5.2325,,true,2,0.008333,0.2017,0.0167,1.00,1.00,3.0023,22,1,354,373,0,382,482,0,15,15,0,0,86505,4753,0,0,1019760640,0.000000,0.000000,0.000000,0.00,2,1,2,7,13,25,21,23,8,36,36,34,43,40,43,20,0,0,0.0002,0.0011,0.0512,0.0565,0.0116,0.2018,0.0052,5.2325,0.0224,0.2017,0.0000,0.0000,1.2744,0.0004,0.7116,0.1536,0.0007,0.0005,0.0000,0.0000,0.0004
1677,37.3988,11.7667,17.0583,5.4413,,true,2,0.008333,0.1690,0.0167,1.00,0.98,3.3939,22,1,354,373,0,382,482,0,15,15,0,0,86505,4753,0,0,1019760640,0.000000,0.000000,0.000000,0.00,2,1,2,7,13,25,21,23,8,36,36,34,43,40,43,20,0,0,0.0002,0.0009,0.0537,0.0284,0.0046,0.1693,0.0029,5.4413,0.0099,0.1690,0.0000,0.0000,1.2139,0.0008,0.6983,0.1347,0.0007,0.0006,0.0000,0.0000,0.0003
1678,37.4135,11.7833,14.9497,5.3388,,true,2,0.008333,0.1529,0.0167,1.00,1.00,1.6770,22,1,354,373,0,383,483,0,15,15,0,0,86505,4753,0,0,1019760640,0.000000,0.000000,0.000000,0.00,2,1,2,7,13,25,21,23,8,36,36,34,43,40,43,20,0,0,0.0002,0.0010,0.0483,0.0555,0.0044,0.1533,0.0040,5.3388,0.0157,0.1529,0.0000,0.0000,1.3674,0.0003,0.7341,0.1514,0.0034,0.0014,0.0000,0.0000,0.0004
1679,37.4298,11.8000,16.2793,5.0690,,true,2,0.008333,0.1700,0.0167,1.00,1.00,1.2895,22,1,354,373,0,383,483,0,15,15,0,0,86505,4753,0,0,1019760640,0.000000,0.000000,0.000000,0.00,2,1,2,7,13,25,21,23,8,36,36,34,43,40,43,20,0,0,0.0002,0.0007,0.0466,0.0396,0.0030,0.1703,0.0027,5.0690,0.0108,0.1700,0.0000,0.0000,1.2162,0.0003,0.7073,0.1459,0.0006,0.0004,0.0000,0.0000,0.0005
1680,37.4454,11.8167,15.4843,5.2109,,true,2,0.008333,0.1323,0.0167,1.00,1.00,0.1071,22,1,354,373,0,384,484,0,15,15,0,0,86505,4753,0,0,1019760640,0.000000,0.000000,0.000000,0.00,2,1,2,7,13,25,21,23,8,36,36,34,43,40,43,20,0,0,0.0003,0.0013,0.0498,0.0232,0.0037,0.1327,0.0044,5.2109,0.0104,0.1323,0.0000,0.0000,1.2477,0.0008,0.7146,0.1284,0.0007,0.0008,0.0000,0.0000,0.0003
1681,37.4606,11.8250,15.4126,5.0827,,true,1,0.008333,0.1654,0.0083,1.00,0.54,7.1865,22,1,354,373,0,383,483,0,15,15,0,0,86505,4753,0,0,1019760640,0.000000,0.000000,0.000000,0.00,2,1,2,7,13,25,21,23,8,36,36,34,43,40,43,20,0,0,0.0004,0.0012,0.0512,0.0309,0.0045,0.1660,0.0034,5.0827,0.0175,0.1654,0.0000,0.0000,1.0059,0.0003,0.5121,0.1253,0.0009,0.0006,0.0000,0.0000,0.0005
1682,37.5793,11.9250,107.8332,14.7781,,true,12,0.008333,0.9265,0.1000,1.00,0.93,7.1865,22,1,351,373,8,382,482,0,15,15,0,0,86856,4761,24,40,1019760640,0.000000,0.000000,0.000000,0.00,2,1,2,7,13,25,21,23,8,36,36,34,43,40,44,16,0,0,0.0014,0.0041,0.0488,0.1399,0.0143,0.9273,0.0241,14.7781,0.0104,0.9265,0.0000,0.0000,7.4109,0.0004,0.7003,0.1251,0.7951,0.0003,0.0000,0.0000,5.0620
1683,37.5917,11.9333,8.7560,9.9807,,true,1,0.008333,0.1314,0.0083,1.00,0.95,7.6091,22,1,345,373,8,379,479,0,15,15,4,0,87201,4765,20,40,1019760640,0.000000,0.000000,0.000000,0.00,2,1,2,7,13,25,21,23,8,36,36,34,44,37,40,16,0,0,0.0002,0.0016,0.0473,0.0345,0.0038,0.1319,0.0058,9.9807,0.0233,0.1314,0.0000,0.0000,1.8247,0.0160,0.5840,0.1668,0.6006,0.0071,0.0000,22.3418,0.0003
1684,37.6255,11.9750,42.1815,10.9038,,true,5,0.008333,0.4766,0.0417,1.00,0.99,8.1240,22,1,339,373,8,379,479,0,15,15,8,0,87540,4773,12,40,1019764736,0.000000,0.000000,0.000000,0.00,2,1,2,7,13,25,21,23,8,36,36,34,44,38,37,12,0,0,0.0002,0.0019,0.0765,0.0434,0.0066,0.4772,0.0043,10.9038,0.0383,0.4766,0.0000,0.0000,2.6901,0.0598,0.8247,0.2436,0.8865,0.0237,0.0000,42.5566,0.0009
1685,37.6710,12.0250,47.5994,8.6914,,true,6,0.008333,0.4964,0.0500,1.00,1.00,5.7234,22,1,345,373,4,383,483,0,15,15,8,0,87885,4777,4,20,1019936768,0.000000,0.000000,0.000000,0.00,2,1,2,7,13,25,21,23,8,36,36,34,43,42,36,16,0,0,0.0004,0.0014,0.0747,0.0266,0.0031,0.4968,0.0051,8.6914,0.0251,0.4964,0.0000,0.0000,2.3629,0.0289,0.8125,0.1680,0.8249,0.0173,0.0000,43.5610,0.0009
1686,37.7097,12.0667,37.3015,10.1562,,true,5,0.008333,0.3982,0.0417,1.00,1.00,1.3582,22,1,354,373,0,388,488,0,15,15,4,0,88239,4777,0,0,1019936768,0.000000,0.000000,0.000000,0.00,2,1,2,7,13,25,21,23,8,36,36,33,47,41,39,20,0,0,0.0002,0.0015,0.0685,0.0582,0.0077,0.3988,0.0047,10.1562,0.0331,0.3982,0.0000,0.0000,2.4955,0.0493,0.8515,0.2400,0.8900,0.0197,0.0000,24.7801,0.0006
1687,37.7571,12.1083,47.8538,9.7427,,true,5,0.008333,0.4361,0.0417,1.00,0.87,7.5453,22,1,354,373,0,388,488,0,15,15,0,0,88239,4777,0,0,1019936768,0.000000,0.000000,0.000000,0.00,2,1,2,7,13,25,21,23,8,36,36,33,47,41,39,20,0,0,0.0005,0.0016,0.0732,0.0488,0.0051,0.4374,0.0046,9.7427,0.0371,0.4361,0.0000,0.0000,1.6506,0.0012,0.8141,0.3150,0.0039,0.0016,0.0000,0.0000,0.0008
1688,37.7922,12.1500,37.7690,6.8993,,true,5,0.008333,0.4312,0.0417,1.00,1.00,3.6477,22,1,354,373,0,390,490,0,15,15,0,0,88239,4777,0,0,1019936768,0.000000,0.000000,0.000000,0.00,2,1,2,7,13,25,21,23,8,36,36,33,47,41,39,20,0,0,0.0003,0.0020,0.0554,0.0569,0.0067,0.4318,0.0048,6.8993,0.0176,0.4312,0.0000,0.0000,1.4238,0.0010,0.7969,0.1779,0.0032,0.0006,0.0000,0.0000,0.0005
1689,37.7986,12.1583,6.7407,5.6488,,true,1,0.008333,0.0704,0.0083,1.00,1.00,2.0550,22,1,354,373,0,392,492,0,15,15,0,0,88239,4777,0,0,1019936768,0.000000,0.000000,0.000000,0.00,2,1,2,7,13,25,21,23,8,36,36,33,47,41,39,20,0,0,0.0001,0.0009,0.0680,0.0313,0.0034,0.0706,0.0040,5.6488,0.0099,0.0704,0.0000,0.0000,1.4958,0.0003,0.8843,0.1256,0.0023,0.0012,0.0000,0.0000,0.0002
1690,37.8070,12.1667,6.7772,5.0835,,true,1,0.008333,0.1106,0.0083,1.00,1.00,0.4989,22,1,354,373,0,394,494,0,15,15,0,0,88239,4777,0,0,1019936768,0.000000,0.000000,0.000000,0.00,2,1,2,7,13,25,21,23,8,36,36,33,47,41,39,20,0,0,0.0002,0.0010,0.0441,0.0298,0.0032,0.1112,0.0036,5.0835,0.0106,0.1106,0.0000,0.0000,1.2193,0.0002,0.6968,0.1385,0.0005,0.0003,0.0000,0.0000,0.0005
1691,37.8253,12.1750,14.7515,6.6469,,true,1,0.008333,0.1270,0.0083,1.00,0.56,6.9171,22,1,354,373,0,392,492,0,15,15,0,0,88239,4777,0,0,1019936768,0.000000,0.000000,0.000000,0.00,2,1,2,7,13,25,21,23,8,36,36,33,47,41,39,20,0,0,0.0004,0.0022,0.0383,0.0322,0.0063,0.1273,0.0048,6.6469,0.0100,0.1270,0.0000,0.0000,1.4793,0.0010,0.8205,0.1261,0.0006,0.0008,0.0000,0.0000,0.0009
1692,37.8419,12.1917,14.6709,6.5575,,true,2,0.008333,0.1968,0.0167,1.00,1.00,4.9214,22,1,354,373,0,392,492,0,15,15,0,0,88239,4777,0,0,1019936768,0.000000,0.000000,0.000000,0.00,2,1,2,7,13,25,21,23,8,36,36,33,47,41,39,20,0,0,0.0002,0.0009,0.0740,0.0373,0.0030,0.1973,0.0052,6.5575,0.0101,0.1968,0.0000,0.0000,1.4267,0.0011,0.8517,0.1444,0.0014,0.0010,0.0000,0.0000,0.0003
1693,37.8583,12.2083,15.1986,6.3618,,true,2,0.008333,0.3842,0.0167,1.00,1.00,3.4533,22,1,354,373,0,393,493,0,15,15,0,0,88239,4777,0,0,1019936768,0.000000,0.000000,0.000000,0.00,2,1,2,7,13,25,21,23,8,36,36,33,47,41,39,20,0,0,0.0004,0.0013,0.0431,0.0619,0.0058,0.3854,0.0066,6.3618,0.0120,0.3842,0.0000,0.0000,1.2710,0.0005,0.6716,0.1208,0.0007,0.0006,0.0000,0.0000,0.0003
1694,37.8743,12.2250,15.6993,5.6438,,true,2,0.008333,0.2117,0.0167,1.00,1.00,2.4859,22,1,354,373,0,393,493,0,15,15,0,0,88239,4777,0,0,1019940864,0.000000,0.000000,0.000000,0.00,2,1,2,7,13,25,21,23,8,36,36,33,47,41,39,20,0,0,0.0002,0.0017,0.0319,0.0546,0.0065,0.2128,0.0057,5.6438,0.0074,0.2117,0.0000,0.0000,0.9292,0.0001,0.5385,0.0995,0.0005,0.0003,0.0000,0.0000,0.0001
1695,37.8909,12.2417,15.0799,5.6191,,true,2,0.008333,0.1777,0.0167,1.00,1.00,0.8992,22,1,354,373,0,394,494,0,15,15,0,0,88239,4777,0,0,1019940864,0.000000,0.000000,0.000000,0.00,2,1,2,7,13,25,21,23,8,36,36,33,47,41,39,20,0,0,0.0003,0.0011,0.0392,0.0359,0.0065,0.1784,0.0049,5.6191,0.0105,0.1777,0.0000,0.0000,1.0634,0.0003,0.5306,0.1049,0.0003,0.0003,0.0000,0.0000,0.0002
1696,37.9075,12.2500,15.2074,5.5379,,true,1,0.008333,0.2441,0.0083,1.00,0.55,7.7732,22,1,354,373,0,393,493,0,15,15,0,0,88239,4777,0,0,1019940864,0.000000,0.000000,0.000000,0.00,2,1,2,7,13,25,21,23,8,36,36,33,47,41,39,20,0,0,0.0002,0.0016,0.0546,0.0345,0.0046,0.2447,0.0048,5.5379,0.0172,0.2441,0.0000,0.0000,1.2482,0.0002,0.7136,0.1544,0.0009,0.0004,0.0000,0.0000,0.0003
1697,37.9241,12.2667,13.9654,5.5123,,true,2,0.008333,0.2199,0.0167,1.00,1.00,5.0720,22,1,354,373,0,392,492,0,15,15,0,0,88239,4777,0,0,1019940864,0.000000,0.000000,0.000000,0.00,2,1,2,7,13,25,21,23,8,36,36,33,47,41,39,20,0,0,0.0003,0.0010,0.0391,0.0247,0.0029,0.2206,0.0036,5.5123,0.0170,0.2199,0.0000,0.0000,1.1514,0.0004,0.6653,0.1335,0.0006,0.0003,0.0000,0.0000,0.0002
1698,37.9408,12.2833,14.5006,5.4951,,true,2,0.008333,0.1646,0.0167,1.00,1.00,2.9059,22,1,354,373,0,393,493,0,15,15,0,0,88239,4777,0,0,1019940864,0.000000,0.000000,0.000000,0.00,2,1,2,7,13,25,21,23,8,36,36,33,47,41,39,20,0,0,0.0002,0.0009,0.0703,0.0258,0.0020,0.1650,0.0025,5.4951,0.0125,0.1646,0.0000,0.0000,1.1953,0.0005,0.6947,0.1341,0.0006,0.0005,0.0000,0.0000,0.0003
1699,37.9575,12.3000,15.0681,5.5725,,true,2,0.008333,0.2128,0.0167,1.00,1.00,1.3074,22,1,354,373,0,393,493,0,15,15,0,0,88239,4777,0,0,1019940864,0.000000,0.000000,0.000000,0.00,2,1,2,7,13,25,21,23,8,36,36,33,47,41,39,20,0,0,0.0002,0.0011,0.0630,0.0374,0.0040,0.2131,0.0040,5.5725,0.0190,0.2128,0.0000,0.0000,0.9189,0.0004,0.5195,0.1163,0.0011,0.0003,0.0000,0.0000,0.0005
1700,37.9743,12.3083,14.3092,5.6068,,true,1,0.008333,0.1552,0.0083,1.00,0.58,7.2832,22,1,354,373,0,392,492,0,15,15,0,0,88239,4777,0,0,1019940864,0.000000,0.000000,0.000000,0.00,2,1,2,7,13,25,21,23,8,36,36,33,47,41,39,20,0,0,0.0002,0.0015,0.0469,0.0496,0.0044,0.1557,0.0047,5.6068,0.0094,0.1552,0.0000,0.0000,1.2491,0.0004,0.7216,0.1415,0.0008,0.0006,0.0000,0.0000,0.0007
1701,37.9914,12.3250,16.9984,6.0832,,true,2,0.008333,0.1360,0.0167,1.00,0.98,7.6150,22,1,354,373,0,392,492,0,15,15,0,0,88239,4777,0,0,1019940864,0.000000,0.000000,0.000000,0.00,2,1,2,7,13,25,21,23,8,36,36,33,47,41,39,20,0,0,0.0003,0.0018,0.0374,0.0316,0.0063,0.1364,0.0065,6.0832,0.0145,0.1360,0.0000,0.0000,1.4720,0.0004,0.7599,0.1621,0.0012,0.0005,0.0000,0.0000,0.0003
1702,38.0091,12.3417,16.6277,7.1279,,true,2,0.008333,0.2317,0.0167,1.00,1.00,7.5760,22,1,354,373,0,391,491,0,15,15,0,0,88239,4777,0,0,1019940864,0.000000,0.000000,0.000000,0.00,2,1,2,7,13,25,21,23,8,36,36,33,47,41,39,20,0,0,0.0005,0.0015,0.0627,0.0478,0.0090,0.2320,0.0053,7.1279,0.0217,0.2317,0.0000,0.0000,1.2781,0.0005,0.7198,0.1776,0.0018,0.0008,0.0000,0.0000,0.0005
1703,38.0248,12.3583,16.5831,6.0936,,true,2,0.008333,0.2222,0.0167,1.00,1.00,7.4925,22,1,354,373,0,391,491,0,15,15,0,0,88239,4777,0,0,1019944960,0.000000,0.000000,0.000000,0.00,2,1,2,7,13,25,21,23,8,36,36,33,47,41,39,20,0,0,0.0004,0.0020,0.0503,0.0388,0.0067,0.2227,0.0061,6.0936,0.0174,0.2222,0.0000,0.0000,1.3092,0.0005,0.7176,0.1706,0.0017,0.0006,0.0000,0.0000,0.0005
1704,38.0415,12.3833,18.8286,5.9227,,true,3,0.008333,0.2717,0.0250,1.00,1.00,1.3211,22,1,354,373,0,392,492,0,15,15,0,0,88239,4777,0,0,1019944960,0.000000,0.000000,0.000000,0.00,2,1,2,7,13,25,21,23,8,36,36,33,47,41,39,20,0,0,0.0004,0.0017,0.0642,0.0428,0.0066,0.2723,0.0061,5.9227,0.0257,0.2717,0.0000,0.0000,1.3980,0.0008,0.7614,0.2160,0.0019,0.0005,0.0000,0.0000,0.0003
1705,38.0581,12.3917,14.8594,6.2012,,true,1,0.008333,0.3227,0.0083,1.00,0.56,7.8472,22,1,354,373,0,391,491,0,15,15,0,0,88239,4777,0,0,1019944960,0.000000,0.000000,0.000000,0.00,2,1,2,7,13,25,21,23,8,36,36,33,47,41,39,20,0,0,0.0003,0.0011,0.0521,0.0250,0.0033,0.3232,0.0037,6.2012,0.0213,0.3227,0.0000,0.0000,1.2193,0.0006,0.7016,0.1641,0.0006,0.0004,0.0000,0.0000,0.0002
1706,38.0744,12.4083,16.7064,5.7177,,true,2,0.008333,0.1945,0.0167,1.00,1.00,7.8870,22,1,354,373,0,391,491,0,15,15,0,0,88239,4777,0,0,1019944960,0.000000,0.000000,0.000000,0.00,2,1,2,7,13,25,21,23,8,36,36,33,47,41,39,20,0,0,0.0002,0.0012,0.0479,0.0518,0.0041,0.1948,0.0038,5.7177,0.0145,0.1945,0.0000,0.0000,1.2464,0.0003,0.7037,0.1437,0.0007,0.0004,0.0000,0.0000,0.0003
1707,38.0915,12.4333,17.1260,5.6481,,true,3,0.008333,0.1862,0.0250,1.00,1.00,0.0130,22,1,354,373,0,392,492,0,15,15,0,0,88239,4777,0,0,1019944960,0.000000,0.000000,0.000000,0.00,2,1,2,7,13,25,21,23,8,36,36,33,47,41,39,20,0,0,0.0004,0.0015,0.0322,0.0344,0.0058,0.1869,0.0050,5.6481,0.0108,0.1862,0.0000,0.0000,0.9288,0.0003,0.5152,0.1131,0.0009,0.0004,0.0000,0.0000,0.0004
1708,38.1086,12.4417,16.1246,6.0970,,true,1,0.008333,0.1368,0.0083,1.00,0.52,7.8043,22,1,354,373,0,391,491,0,15,15,0,0,88239,4777,0,0,1019944960,0.000000,0.000000,0.000000,0.00,2,1,2,7,13,25,21,23,8,36,36,33,47,41,39,20,0,0,0.0003,0.0011,0.0467,0.0355,0.0071,0.1378,0.0065,6.0970,0.0120,0.1368,0.0000,0.0000,1.2417,0.0006,0.7271,0.1406,0.0008,0.0005,0.0000,0.0000,0.0005
1709,38.1258,12.4583,16.9798,6.5879,,true,2,0.008333,0.2218,0.0167,1.00,0.98,8.1174,22,1,354,373,0,391,491,0,15,15,0,0,88239,4777,0,0,1019944960,0.000000,0.000000,0.000000,0.00,2,1,2,7,13,25,21,23,8,36,36,33,47,41,39,20,0,0,0.0003,0.0014,0.0488,0.0513,0.0078,0.2229,0.0050,6.5879,0.0140,0.2218,0.0000,0.0000,1.3031,0.0009,0.7110,0.1738,0.0011,0.0008,0.0000,0.0000,0.0004
1710,38.1407,12.4833,17.4928,5.4266,,true,3,0.008333,0.2341,0.0250,1.00,1.00,0.6102,22,1,354,373,0,392,492,0,15,15,0,0,88239,4777,0,0,1019944960,0.000000,0.000000,0.000000,0.00,2,1,2,7,13,25,21,23,8,36,36,33,47,41,39,20,0,0,0.0004,0.0007,0.0414,0.0284,0.0028,0.2347,0.0042,5.4266,0.0136,0.2341,0.0000,0.0000,0.9848,0.0005,0.5101,0.1390,0.0014,0.0009,0.0000,0.0000,0.0002
1711,38.1583,12.5000,16.2882,6.0161,,true,2,0.008333,0.4349,0.0167,1.00,1.00,0.2317,22,1,354,373,0,393,493,0,15,15,0,0,88239,4777,0,0,1019944960,0.000000,0.000000,0.000000,0.00,2,1,2,7,13,25,21,23,8,36,36,33,47,41,39,20,0,0,0.0004,0.0013,0.0494,0.0347,0.0041,0.4356,0.0026,6.0161,0.0194,0.4349,0.0000,0.0000,1.2265,0.0003,0.6999,0.1657,0.0006,0.0003,0.0000,0.0000,0.0003
1712,38.1743,12.5083,15.9500,5.6743,,true,1,0.008333,0.1402,0.0083,1.00,0.52,7.8483,22,1,354,373,0,392,492,0,15,15,0,0,88239,4777,0,0,1019949056,0.000000,0.000000,0.000000,0.00,2,1,2,7,13,25,21,23,8,36,36,33,47,41,39,20,0,0,0.0002,0.0008,0.0527,0.0195,0.0020,0.1408,0.0017,5.6743,0.0104,0.1402,0.0000,0.0000,1.2745,0.0005,0.7010,0.1887,0.0011,0.0029,0.0000,0.0000,0.0003
1713,38.1909,12.5250,17.0267,5.5581,,true,2,0.008333,0.1248,0.0167,1.00,0.98,8.2084,22,1,354,373,0,391,491,0,15,15,0,0,88239,4777,0,0,1019949056,0.000000,0.000000,0.000000,0.00,2,1,2,7,13,25,21,23,8,36,36,33,47,41,39,20,0,0,0.0004,0.0019,0.0519,0.0209,0.0017,0.1251,0.0037,5.5581,0.0121,0.1248,0.0000,0.0000,1.4191,0.0003,0.7448,0.1380,0.0007,0.0007,0.0000,0.0000,0.0005
1714,38.2084,12.5417,15.2491,6.3909,,true,2,0.008333,0.1566,0.0167,1.00,1.00,6.7908,22,1,354,373,0,391,491,0,15,15,0,0,88239,4777,0,0,1019949056,0.000000,0.000000,0.000000,0.00,2,1,2,7,13,25,21,23,8,36,36,33,47,41,39,20,0,0,0.0006,0.0024,0.0741,0.0330,0.0101,0.1572,0.0074,6.3909,0.0136,0.1566,0.0000,0.0000,1.2601,0.0003,0.7149,0.1356,0.0008,0.0007,0.0000,0.0000,0.0005
1715,38.2238,12.5583,16.1168,5.1955,,true,2,0.008333,0.2025,0.0167,1.00,1.00,6.2409,22,1,354,373,0,391,491,0,15,15,0,0,88239,4777,0,0,1019949056,0.000000,0.000000,0.000000,0.00,2,1,2,7,13,25,21,23,8,36,36,33,47,41,39,20,0,0,0.0002,0.0010,0.0343,0.0742,0.0042,0.2030,0.0036,5.1955,0.0074,0.2025,0.0000,0.0000,0.8842,0.0006,0.4950,0.1074,0.0011,0.0005,0.0000,0.0000,0.0002
1716,38.2409,12.5750,17.0362,5.6672,,true,2,0.008333,0.1885,0.0167,1.00,0.98,6.6104,22,1,354,373,0,391,491,0,15,15,0,0,88239,4777,0,0,1019949056,0.000000,0.000000,0.000000,0.00,2,1,2,7,13,25,21,23,8,36,36,33,47,41,39,20,0,0,0.0003,0.0012,0.0361,0.0450,0.0044,0.1892,0.0067,5.6672,0.0069,0.1885,0.0000,0.0000,1.5394,0.0001,0.9567,0.0988,0.0003,0.0004,0.0000,0.0000,0.0003
1717,38.2568,12.5917,16.4353,4.8153,,true,2,0.008333,0.1336,0.0167,1.00,1.00,6.3790,22,1,354,373,0,391,491,0,15,15,0,0,88239,4777,0,0,1019949056,0.000000,0.000000,0.000000,0.00,2,1,2,7,13,25,21,23,8,36,36,33,47,41,39,20,0,0,0.0001,0.0010,0.0315,0.0202,0.0020,0.1341,0.0033,4.8153,0.0063,0.1336,0.0000,0.0000,0.8986,0.0007,0.5268,0.1130,0.0003,0.0006,0.0000,0.0000,0.0003
1718,38.2737,12.6083,16.2991,5.1366,,true,2,0.008333,0.2071,0.0167,1.00,1.00,6.0115,22,1,354,373,0,391,491,0,15,15,0,0,88239,4777,0,0,1019949056,0.000000,0.000000,0.000000,0.00,2,1,2,7,13,25,21,23,8,36,36,33,47,41,39,20,0,0,0.0002,0.0013,0.0361,0.0381,0.0035,0.2074,0.0038,5.1366,0.0080,0.2071,0.0000,0.0000,1.1984,0.0001,0.7113,0.0925,0.0007,0.0005,0.0000,0.0000,0.0003
1719,38.2910,12.6250,16.5228,5.7381,,true,2,0.008333,0.1547,0.0167,1.00,1.00,5.8677,22,1,354,373,0,391,491,0,15,15,0,0,88239,4777,0,0,1019949056,0.000000,0.000000,0.000000,0.00,2,1,2,7,13,25,21,23,8,36,36,33,47,41,39,20,0,0,0.0002,0.0024,0.0463,0.0385,0.0029,0.1551,0.0065,5.7381,0.0150,0.1547,0.0000,0.0000,1.2120,0.0002,0.6962,0.1288,0.0005,0.0003,0.0000,0.0000,0.0004
1720,38.3087,12.6417,17.0698,6.1916,,true,2,0.008333,0.1783,0.0167,1.00,0.98,6.2708,22,1,354,373,0,391,491,0,15,15,0,0,88239,4777,0,0,1019949056,0.000000,0.000000,0.000000,0.00,2,1,2,7,13,25,21,23,8,36,36,33,47,41,39,20,0,0,0.0002,0.0013,0.0490,0.0385,0.0033,0.1787,0.0025,6.1916,0.0114,0.1783,0.0000,0.0000,1.2809,0.0004,0.7045,0.1375,0.0006,0.0006,0.0000,0.0000,0.0003
1721,38.3240,12.6583,17.4128,5.2895,,true,2,0.008333,0.1141,0.0167,1.00,0.96,7.0168,22,1,354,373,0,391,491,0,15,15,0,0,88239,4777,0,0,1019949056,0.000000,0.000000,0.000000,0.00,2,1,2,7,13,25,21,23,8,36,36,33,47,41,39,20,0,0,0.0002,0.0016,0.0600,0.0245,0.0011,0.1146,0.0069,5.2895,0.0122,0.1141,0.0000,0.0000,1.2399,0.0002,0.6881,0.1745,0.0006,0.0003,0.0000,0.0000,0.0006
1722,38.3473,12.6750,17.9289,11.7850,,true,2,0.008333,0.1551,0.0167,1.00,0.93,8.2791,22,1,345,373,8,391,491,0,15,15,0,0,88584,4785,32,40,1019953152,0.000000,0.000000,0.000000,0.00,2,1,2,7,13,25,21,23,8,36,36,33,47,41,42,8,0,0,0.0003,0.0027,0.0628,0.0417,0.0101,0.1560,0.0075,11.7850,0.0127,0.1551,0.0000,0.0000,7.2791,0.0002,0.7081,0.1209,0.7726,0.0003,0.0000,0.0000,5.0497
1723,38.3604,12.6917,15.2521,8.3489,,true,2,0.008333,0.1932,0.0167,1.00,1.00,6.8645,22,1,333,373,8,401,501,0,15,15,8,0,88917,4793,24,40,1019953152,0.000000,0.000000,0.000000,0.00,2,1,2,7,13,25,21,23,8,36,36,35,40,38,38,8,0,0,0.0003,0.0018,0.0700,0.0454,0.0053,0.1940,0.0055,8.3489,0.0145,0.1932,0.0000,0.0000,2.2713,0.0272,0.7352,0.1571,0.8033,0.0102,0.0000,42.0976,0.0004
1724,38.3849,12.7417,45.6963,9.1917,,true,6,0.008333,0.4367,0.0500,1.00,1.00,2.5607,22,1,336,373,8,409,509,0,15,15,8,0,89253,4801,16,40,1022050304,0.000000,0.000000,0.000000,0.00,2,1,2,7,13,25,21,23,8,36,36,35,40,37,42,8,0,0,0.0003,0.0016,0.0517,0.0363,0.0056,0.4371,0.0063,9.1917,0.0301,0.4367,0.0000,0.0000,2.2644,0.0324,0.7463,0.1663,0.7903,0.0080,0.0000,40.4025,0.0005
1725,38.4328,12.7833,46.6872,10.3503,,true,5,0.008333,0.5009,0.0417,1.00,0.89,7.5812,22,1,339,373,8,406,506,0,15,15,8,0,89592,4809,8,40,1022050304,0.000000,0.000000,0.000000,0.00,2,1,2,7,13,25,21,23,8,36,36,35,40,37,41,12,0,0,0.0001,0.0013,0.0527,0.0368,0.0084,0.5013,0.0061,10.3503,0.0215,0.5009,0.0000,0.0000,1.6687,0.0276,0.5491,0.1441,0.5630,0.0129,0.0000,44.2073,0.0004
1726,38.4694,12.8250,36.9571,9.8803,,true,5,0.008333,0.4351,0.0417,1.00,1.00,2.8717,22,1,354,373,0,407,507,0,15,15,8,0,89946,4809,0,0,1022050304,0.000000,0.000000,0.000000,0.00,2,1,2,7,13,25,21,23,8,36,36,35,37,48,44,16,0,0,0.0003,0.0013,0.0980,0.0500,0.0065,0.4358,0.0044,9.8803,0.0359,0.4351,0.0000,0.0000,1.6522,0.0307,0.5308,0.1532,0.5859,0.0130,0.0000,42.6857,0.0006
1727,38.5204,12.8750,52.1114,8.9312,,true,6,0.008333,0.4367,0.0500,1.00,0.96,4.9831,22,1,354,373,0,406,506,0,15,15,0,0,89946,4809,0,0,1022050304,0.000000,0.000000,0.000000,0.00,2,1,2,7,13,25,21,23,8,36,36,35,37,48,44,16,0,0,0.0004,0.0011,0.0957,0.0493,0.0078,0.4383,0.0027,8.9312,0.0385,0.4367,0.0000,0.0000,1.0720,0.0004,0.5467,0.1824,0.0018,0.0009,0.0000,0.0000,0.0002
1728,38.5558,12.9167,37.0428,7.5363,,true,5,0.008333,0.5358,0.0417,1.00,1.00,0.3593,22,1,354,373,0,407,507,0,15,15,0,0,89946,4809,0,0,1022050304,0.000000,0.000000,0.000000,0.00,2,1,2,7,13,25,21,23,8,36,36,35,37,48,44,16,0,0,0.0003,0.0020,0.0526,0.0349,0.0054,0.5369,0.0043,7.5363,0.0183,0.5358,0.0000,0.0000,1.5429,0.0004,0.8709,0.1865,0.0012,0.0006,0.0000,0.0000,0.0004
1729,38.5628,12.9167,6.4754,6.0194,,true,0,0.008333,0.0064,0.0000,1.00,0.00,6.8347,22,1,354,373,0,405,505,0,15,15,0,0,89946,4809,0,0,1022050304,0.000000,0.000000,0.000000,0.00,2,1,2,7,13,25,21,23,8,36,36,35,37,48,44,16,0,0,0.0001,0.0008,0.0618,0.0344,0.0047,0.0074,0.0060,6.0194,0.0151,0.0064,0.0000,0.0000,1.2725,0.0004,0.7123,0.1957,0.0016,0.0004,0.0000,0.0000,0.0008
1730,38.5695,12.9250,7.5735,4.6498,,true,1,0.008333,0.1018,0.0083,1.00,1.00,6.0749,22,1,354,373,0,403,503,0,15,15,0,0,89946,4809,0,0,1022050304,0.000000,0.000000,0.000000,0.00,2,1,2,7,13,25,21,23,8,36,36,35,37,48,44,16,0,0,0.0002,0.0010,0.0351,0.0300,0.0050,0.1019,0.0041,4.6498,0.0106,0.1018,0.0000,0.0000,0.8691,0.0001,0.5140,0.0863,0.0003,0.0003,0.0000,0.0000,0.0001
1731,38.5879,12.9417,13.0934,6.2912,,true,2,0.008333,0.2366,0.0167,1.00,1.00,2.5017,22,1,354,373,0,404,504,0,15,15,0,0,89946,4809,0,0,1022054400,0.000000,0.000000,0.000000,0.00,2,1,2,7,13,25,21,23,8,36,36,35,37,48,44,16,0,0,0.0003,0.0013,0.0366,0.0465,0.0072,0.2371,0.0067,6.2912,0.0106,0.2366,0.0000,0.0000,0.9528,0.0001,0.5371,0.1128,0.0002,0.0005,0.0000,0.0000,0.0001
1732,38.6048,12.9583,15.2778,6.5730,,true,2,0.008333,0.1546,0.0167,1.00,1.00,1.1128,22,1,354,373,0,404,504,0,15,15,0,0,89946,4809,0,0,1022054400,0.000000,0.000000,0.000000,0.00,2,1,2,7,13,25,21,23,8,36,36,35,37,48,44,16,0,0,0.0005,0.0010,0.0468,0.0333,0.0035,0.1549,0.0056,6.5730,0.0159,0.1546,0.0000,0.0000,0.9646,0.0005,0.5386,0.1356,0.0005,0.0007,0.0000,0.0000,0.0001
1733,38.6209,12.9667,14.5989,6.0506,,true,1,0.008333,0.1701,0.0083,1.00,0.57,7.3784,22,1,354,373,0,402,502,0,15,15,0,0,89946,4809,0,0,1022054400,0.000000,0.000000,0.000000,0.00,2,1,2,7,13,25,21,23,8,36,36,35,37,48,44,16,0,0,0.0003,0.0029,0.0466,0.0467,0.0049,0.1706,0.0057,6.0506,0.0122,0.1701,0.0000,0.0000,1.4014,0.0001,0.8406,0.1307,0.0017,0.0007,0.0000,0.0000,0.0003
1734,38.6371,12.9833,14.6407,5.6048,,true,2,0.008333,0.1934,0.0167,1.00,1.00,5.3524,22,1,354,373,0,402,502,0,15,15,0,0,89946,4809,0,0,1022054400,0.000000,0.000000,0.000000,0.00,2,1,2,7,13,25,21,23,8,36,36,35,37,48,44,16,0,0,0.0003,0.0021,0.0513,0.0376,0.0047,0.1938,0.0052,5.6048,0.0161,0.1934,0.0000,0.0000,1.3910,0.0003,0.8055,0.1528,0.0006,0.0007,0.0000,0.0000,0.0007
1735,38.6539,13.0000,13.7815,5.6742,,true,2,0.008333,0.2629,0.0167,1.00,1.00,2.4673,22,1,354,373,0,402,502,0,15,15,0,0,89946,4809,0,0,1022054400,0.000000,0.000000,0.000000,0.00,2,1,2,7,13,25,21,23,8,36,36,35,37,48,44,16,0,0,0.0002,0.0008,0.0435,0.0266,0.0028,0.2636,0.0039,5.6742,0.0090,0.2629,0.0000,0.0000,1.3960,0.0004,0.8027,0.1949,0.0015,0.0007,0.0000,0.0000,0.0004
1736,38.6703,13.0167,15.1563,5.4191,,true,2,0.008333,0.1513,0.0167,1.00,1.00,0.9569,22,1,354,373,0,403,503,0,15,15,0,0,89946,4809,0,0,1022054400,0.000000,0.000000,0.000000,0.00,2,1,2,7,13,25,21,23,8,36,36,35,37,48,44,16,0,0,0.0003,0.0010,0.0416,0.0309,0.0025,0.1521,0.0034,5.4191,0.0093,0.1513,0.0000,0.0000,1.2310,0.0004,0.7061,0.1422,0.0009,0.0004,0.0000,0.0000,0.0003
1737,38.6865,13.0250,14.6136,4.9191,,true,1,0.008333,0.1054,0.0083,1.00,0.57,7.2371,22,1,354,373,0,402,502,0,15,15,0,0,89946,4809,0,0,1022054400,0.000000,0.000000,0.000000,0.00,2,1,2,7,13,25,21,23,8,36,36,35,37,48,44,16,0,0,0.0002,0.0009,0.0514,0.0265,0.0021,0.1058,0.0032,4.9191,0.0188,0.1054,0.0000,0.0000,1.3107,0.0003,0.7520,0.1627,0.0009,0.0003,0.0000,0.0000,0.0003
1738,38.7040,13.0417,14.7024,5.8201,,true,2,0.008333,0.2097,0.0167,1.00,1.00,5.2729,22,1,354,373,0,401,501,0,15,15,0,0,89946,4809,0,0,1022054400,0.000000,0.000000,0.000000,0.00,2,1,2,7,13,25,21,23,8,36,36,35,37,48,44,16,0,0,0.0003,0.0025,0.0715,0.0357,0.0038,0.2102,0.0056,5.8201,0.0121,0.2097,0.0000,0.0000,1.3928,0.0004,0.7287,0.1602,0.0012,0.0005,0.0000,0.0000,0.0003
1739,38.7207,13.0583,14.3693,5.7950,,true,2,0.008333,0.1501,0.0167,1.00,1.00,2.9755,22,1,354,373,0,401,501,0,15,15,0,0,89946,4809,0,0,1022054400,0.000000,0.000000,0.000000,0.00,2,1,2,7,13,25,21,23,8,36,36,35,37,48,44,16,0,0,0.0003,0.0014,0.0797,0.0357,0.0035,0.1557,0.0048,5.7950,0.0170,0.1501,0.0000,0.0000,1.3079,0.0002,0.6771,0.1400,0.0017,0.0004,0.0000,0.0000,0.0004
1740,38.7382,13.0750,17.5858,6.4333,,true,2,0.008333,0.2140,0.0167,1.00,0.95,3.8946,22,1,354,373,0,401,501,0,15,15,0,0,89946,4809,0,0,1022058496,0.000000,0.000000,0.000000,0.00,2,1,2,7,13,25,21,23,8,36,36,35,37,48,44,16,0,0,0.0005,0.0018,0.0562,0.0446,0.0065,0.2142,0.0043,6.4333,0.0155,0.2140,0.0000,0.0000,1.4137,0.0003,0.8235,0.1552,0.0009,0.0005,0.0000,0.0000,0.0003
1741,38.7533,13.0917,15.7493,5.1118,,true,2,0.008333,0.1837,0.0167,1.00,1.00,2.9773,22,1,354,373,0,401,501,0,15,15,0,0,89946,4809,0,0,1022058496,0.000000,0.000000,0.000000,0.00,2,1,2,7,13,25,21,23,8,36,36,35,37,48,44,16,0,0,0.0002,0.0012,0.0389,0.0339,0.0041,0.1840,0.0046,5.1118,0.0117,0.1837,0.0000,0.0000,1.1132,0.0003,0.5013,0.1180,0.0010,0.0005,0.0000,0.0000,0.0004
1742,38.7710,13.1083,17.1170,6.0890,,true,2,0.008333,0.2457,0.0167,1.00,0.97,3.4276,22,1,354,373,0,401,501,0,15,15,0,0,89946,4809,0,0,1022058496,0.000000,0.000000,0.000000,0.00,2,1,2,7,13,25,21,23,8,36,36,35,37,48,44,16,0,0,0.0004,0.0021,0.0466,0.0350,0.0034,0.2461,0.0060,6.0890,0.0099,0.2457,0.0000,0.0000,1.2728,0.0003,0.7126,0.1324,0.0006,0.0003,0.0000,0.0000,0.0004
1743,38.7880,13.1250,15.4643,6.1364,,true,2,0.008333,0.2700,0.0167,1.00,1.00,2.2252,22,1,354,373,0,401,501,0,15,15,0,0,89946,4809,0,0,1022058496,0.000000,0.000000,0.000000,0.00,2,1,2,7,13,25,21,23,8,36,36,35,37,48,44,16,0,0,0.0003,0.0013,0.0460,0.0392,0.0052,0.2705,0.0024,6.1364,0.0109,0.2700,0.0000,0.0000,1.2679,0.0005,0.7069,0.1364,0.0007,0.0004,0.0000,0.0000,0.0003
1744,38.8039,13.1417,20.1889,5.7012,,true,2,0.008333,0.2829,0.0167,1.00,0.83,5.7474,22,1,354,373,0,401,501,0,15,15,0,0,89946,4809,0,0,1022058496,0.000000,0.000000,0.000000,0.00,2,1,2,7,13,25,21,23,8,36,36,35,37,48,44,16,0,0,0.0003,0.0011,0.0530,0.0365,0.0034,0.2834,0.0040,5.7012,0.0129,0.2829,0.0000,0.0000,1.2589,0.0005,0.7135,0.1447,0.0008,0.0006,0.0000,0.0000,0.0052
1745,38.8219,13.1583,16.6787,6.4959,,true,2,0.008333,0.2627,0.0167,1.00,1.00,5.7594,22,1,354,373,0,400,500,0,15,15,0,0,89946,4809,0,0,1022058496,0.000000,0.000000,0.000000,0.00,2,1,2,7,13,25,21,23,8,36,36,35,37,48,44,16,0,0,0.0004,0.0013,0.0486,0.0318,0.0048,0.2631,0.0034,6.4959,0.0109,0.2627,0.0000,0.0000,1.2788,0.0003,0.7157,0.1518,0.0006,0.0004,0.0000,0.0000,0.0006
1746,38.8371,13.1750,15.7301,5.5611,,true,2,0.008333,0.1754,0.0167,1.00,1.00,4.8229,22,1,354,373,0,400,500,0,15,15,0,0,89946,4809,0,0,1022058496,0.000000,0.000000,0.000000,0.00,2,1,2,7,13,25,21,23,8,36,36,35,37,48,44,16,0,0,0.0002,0.0011,0.0545,0.0273,0.0022,0.1758,0.0026,5.5611,0.0127,0.1754,0.0000,0.0000,1.2381,0.0005,0.7102,0.1432,0.0010,0.0007,0.0000,0.0000,0.0007
1747,38.8545,13.1917,17.4524,6.2331,,true,2,0.008333,0.2436,0.0167,1.00,0.95,5.6086,22,1,354,373,0,400,500,0,15,15,0,0,89946,4809,0,0,1022058496,0.000000,0.000000,0.000000,0.00,2,1,2,7,13,25,21,23,8,36,36,35,37,48,44,16,0,0,0.0002,0.0014,0.0437,0.0557,0.0045,0.2441,0.0034,6.2331,0.0119,0.2436,0.0000,0.0000,1.2709,0.0003,0.7121,0.1640,0.0013,0.0007,0.0000,0.0000,0.0003
1748,38.8712,13.2083,14.5984,6.2741,,true,2,0.008333,0.2311,0.0167,1.00,1.00,3.5403,22,1,354,373,0,400,500,0,15,15,0,0,89946,4809,0,0,1022058496,0.000000,0.000000,0.000000,0.00,2,1,2,7,13,25,21,23,8,36,36,35,37,48,44,16,0,0,0.0008,0.0018,0.0507,0.0379,0.0039,0.2316,0.0050,6.2741,0.0130,0.2311,0.0000,0.0000,1.2983,0.0003,0.7343,0.1399,0.0008,0.0004,0.0000,0.0000,0.0007
1749,38.8870,13.2250,18.0682,5.2834,,true,2,0.008333,0.1434,0.0167,1.00,0.92,4.9418,22,1,354,373,0,400,500,0,15,15,0,0,89946,4809,0,0,1022062592,0.000000,0.000000,0.000000,0.00,2,1,2,7,13,25,21,23,8,36,36,35,37,48,44,16,0,0,0.0003,0.0014,0.0332,0.0432,0.0080,0.1440,0.0037,5.2834,0.0083,0.1434,0.0000,0.0000,0.9934,0.0002,0.5786,0.1008,0.0007,0.0004,0.0000,0.0000,0.0003
1750,38.9049,13.2417,16.9182,6.6517,,true,2,0.008333,0.1872,0.0167,1.00,0.99,5.1933,22,1,354,373,0,400,500,0,15,15,0,0,89946,4809,0,0,1022062592,0.000000,0.000000,0.000000,0.00,2,1,2,7,13,25,21,23,8,36,36,35,37,48,44,16,0,0,0.0002,0.0013,0.0521,0.0510,0.0052,0.1876,0.0044,6.6517,0.0103,0.1872,0.0000,0.0000,1.3270,0.0002,0.7241,0.1337,0.0004,0.0003,0.0000,0.0000,0.0006
1751,38.9207,13.2583,15.9212,5.7558,,true,2,0.008333,0.3123,0.0167,1.00,1.00,4.4479,22,1,354,373,0,400,500,0,15,15,0,0,89946,4809,0,0,1022062592,0.000000,0.000000,0.000000,0.00,2,1,2,7,13,25,21,23,8,36,36,35,37,48,44,16,0,0,0.0010,0.0017,0.0458,0.0450,0.0038,0.3128,0.0050,5.7558,0.0099,0.3123,0.0000,0.0000,1.2674,0.0003,0.7117,0.1366,0.0006,0.0004,0.0000,0.0000,0.0005
1752,38.9365,13.2750,16.8520,4.9288,,true,2,0.008333,0.1362,0.0167,1.00,0.99,4.6332,22,1,354,373,0,400,500,0,15,15,0,0,89946,4809,0,0,1022062592,0.000000,0.000000,0.000000,0.00,2,1,2,7,13,25,21,23,8,36,36,35,37,48,44,16,0,0,0.0002,0.0010,0.0326,0.0429,0.0029,0.1364,0.0030,4.9288,0.0154,0.1362,0.0000,0.0000,0.9082,0.0004,0.5074,0.1076,0.0012,0.0004,0.0000,0.0000,0.0002
1753,38.9538,13.2917,15.5828,5.6447,,true,2,0.008333,0.1950,0.0167,1.00,1.00,3.5493,22,1,354,373,0,400,500,0,15,15,0,0,89946,4809,0,0,1022062592,0.000000,0.000000,0.000000,0.00,2,1,2,7,13,25,21,23,8,36,36,35,37,48,44,16,0,0,0.0002,0.0010,0.0601,0.0320,0.0024,0.1955,0.0033,5.6447,0.0104,0.1950,0.0000,0.0000,1.2175,0.0002,0.7130,0.1323,0.0005,0.0007,0.0000,0.0000,0.0002
1754,38.9701,13.3083,15.3726,5.1953,,true,2,0.008333,0.1322,0.0167,1.00,1.00,2.2552,22,1,354,373,0,400,500,0,15,15,0,0,89946,4809,0,0,1022062592,0.000000,0.000000,0.000000,0.00,2,1,2,7,13,25,21,23,8,36,36,35,37,48,44,16,0,0,0.0003,0.0007,0.0306,0.0207,0.0018,0.1323,0.0036,5.1953,0.0317,0.1322,0.0000,0.0000,0.9160,0.0002,0.5078,0.1142,0.0005,0.0003,0.0000,0.0000,0.0003
1755,38.9868,13.3250,16.7729,5.1616,,true,2,0.008333,0.1941,0.0167,1.00,0.99,2.3614,22,1,354,373,0,401,501,0,15,15,0,0,89946,4809,0,0,1022062592,0.000000,0.000000,0.000000,0.00,2,1,2,7,13,25,21,23,8,36,36,35,37,48,44,16,0,0,0.0001,0.0010,0.0485,0.0267,0.0024,0.1949,0.0026,5.1616,0.0103,0.1941,0.0000,0.0000,1.3192,0.0003,0.7244,0.1334,0.0005,0.0004,0.0000,0.0000,0.0003
1756,39.0035,13.3417,17.1921,5.3108,,true,2,0.008333,0.2271,0.0167,1.00,0.97,2.8869,22,1,354,373,0,401,501,0,15,15,0,0,89946,4809,0,0,1022062592,0.000000,0.000000,0.000000,0.00,2,1,2,7,13,25,21,23,8,36,36,35,37,48,44,16,0,0,0.0003,0.0008,0.0379,0.0393,0.0058,0.2280,0.0034,5.3108,0.0084,0.2271,0.0000,0.0000,1.2280,0.0002,0.6389,0.1025,0.0005,0.0004,0.0000,0.0000,0.0004
1757,39.0208,13.3583,16.4438,5.7883,,true,2,0.008333,0.1964,0.0167,1.00,1.00,2.6641,22,1,354,373,0,401,501,0,15,15,0,0,89946,4809,0,0,1022062592,0.000000,0.000000,0.000000,0.00,2,1,2,7,13,25,21,23,8,36,36,35,37,48,44,16,0,0,0.0002,0.0026,0.0550,0.0747,0.0066,0.1973,0.0058,5.7883,0.0102,0.1964,0.0000,0.0000,1.2797,0.0003,0.7087,0.1327,0.0006,0.0004,0.0000,0.0000,0.0003
1758,39.0383,13.3750,18.4133,6.7494,,true,2,0.008333,0.2214,0.0167,1.00,0.91,4.4107,22,1,354,373,0,401,501,0,15,15,0,0,89946,4809,0,0,1022062592,0.000000,0.000000,0.000000,0.00,2,1,2,7,13,25,21,23,8,36,36,35,37,48,44,16,0,0,0.0002,0.0041,0.0638,0.0687,0.0074,0.2220,0.0073,6.7494,0.0169,0.2214,0.0000,0.0000,1.7067,0.0003,0.9865,0.2139,0.0010,0.0005,0.0000,0.0000,0.0003
1759,39.0541,13.3917,16.8966,5.7683,,true,2,0.008333,0.3016,0.0167,1.00,0.99,4.6406,22,1,354,373,0,400,500,0,15,15,0,0,89946,4809,0,0,1022066688,0.000000,0.000000,0.000000,0.00,2,1,2,7,13,25,21,23,8,36,36,35,37,48,44,16,0,0,0.0003,0.0018,0.0357,0.0399,0.0060,0.3027,0.0031,5.7683,0.0151,0.3016,0.0000,0.0000,1.1098,0.0003,0.5561,0.1787,0.0017,0.0007,0.0000,0.0000,0.0004
1760,39.0707,13.4083,17.1564,5.7790,,true,2,0.008333,0.1504,0.0167,1.00,0.97,5.1304,22,1,354,373,0,400,500,0,15,15,0,0,89946,4809,0,0,1022066688,0.000000,0.000000,0.000000,0.00,2,1,2,7,13,25,21,23,8,36,36,35,37,48,44,16,0,0,0.0003,0.0010,0.0436,0.0265,0.0019,0.1507,0.0026,5.7790,0.0127,0.1504,0.0000,0.0000,1.3429,0.0003,0.8459,0.1368,0.0006,0.0005,0.0000,0.0000,0.0002
1761,39.0871,13.4250,15.9558,5.4939,,true,2,0.008333,0.1985,0.0167,1.00,1.00,4.4196,22,1,354,373,0,400,500,0,15,15,0,0,89946,4809,0,0,1022066688,0.000000,0.000000,0.000000,0.00,2,1,2,7,13,25,21,23,8,36,36,35,37,48,44,16,0,0,0.0002,0.0005,0.0364,0.0317,0.0028,0.1990,0.0023,5.4939,0.0084,0.1985,0.0000,0.0000,1.3261,0.0002,0.7436,0.0980,0.0005,0.0004,0.0000,0.0000,0.0002
1762,39.1091,13.4417,16.1366,10.8179,,true,2,0.008333,0.1453,0.0167,1.00,1.00,3.8895,22,1,348,373,8,400,500,0,15,15,0,0,90294,4817,28,40,1022066688,0.000000,0.000000,0.000000,0.00,2,1,2,7,13,25,21,23,8,36,36,35,37,48,46,8,0,0,0.0002,0.0006,0.0589,0.0264,0.0028,0.1455,0.0028,10.8179,0.0135,0.1453,0.0000,0.0000,6.6021,0.0001,0.5098,0.1699,1.8179,0.0006,0.0000,0.0000,3.6400
1763,39.1233,13.4583,16.2695,8.3375,,true,2,0.008333,0.1213,0.0167,1.00,1.00,3.4924,22,1,336,373,8,403,503,0,15,15,8,0,90630,4825,20,40,1024163840,0.000000,0.000000,0.000000,0.00,2,1,2,7,13,25,21,23,8,36,36,35,39,42,38,8,0,0,0.0004,0.0019,0.0705,0.0277,0.0030,0.1215,0.0059,8.3375,0.0182,0.1213,0.0000,0.0000,2.2950,0.0295,0.7293,0.1555,0.8225,0.0119,0.0000,44.7936,0.0003
1764,39.1451,13.5000,42.4448,9.2187,,true,5,0.008333,0.3333,0.0417,1.00,0.98,4.2705,22,1,339,373,8,402,502,0,15,15,8,0,90969,4833,12,40,1024163840,0.000000,0.000000,0.000000,0.00,2,1,2,7,13,25,21,23,8,36,36,34,43,42,38,8,0,0,0.0003,0.0023,0.0681,0.0285,0.0045,0.3345,0.0071,9.2187,0.0208,0.3333,0.0000,0.0000,2.4833,0.0713,0.7806,0.1781,0.7969,0.0299,0.0000,46.9299,0.0004
1765,39.1968,13.5500,49.2734,11.7602,,true,6,0.008333,0.4907,0.0500,1.00,1.00,3.5438,22,1,345,373,4,402,502,0,15,15,8,0,91314,4837,4,20,1024163840,0.000000,0.000000,0.000000,0.00,2,1,2,7,13,25,21,23,8,36,36,34,43,42,36,16,0,0,0.0004,0.0017,0.0891,0.0481,0.0055,0.4919,0.0059,11.7602,0.0384,0.4907,0.0000,0.0000,3.1964,0.0537,0.8706,0.1812,0.8799,0.0395,0.0000,44.9382,0.0005
1766,39.2344,13.5917,38.3306,11.0504,,true,5,0.008333,0.2797,0.0417,1.00,1.00,0.2078,22,1,354,373,0,405,505,0,15,15,4,0,91668,4837,0,0,1024163840,0.000000,0.000000,0.000000,0.00,2,1,2,7,13,25,21,23,8,36,36,33,47,40,44,16,0,0,0.0006,0.0021,0.0974,0.0826,0.0101,0.2804,0.0071,11.0504,0.0465,0.2797,0.0000,0.0000,2.5454,0.0382,0.8333,0.2483,0.8984,0.0224,0.0000,24.6408,0.0006
1767,39.2831,13.6417,52.2760,7.3745,,true,6,0.008333,0.4925,0.0500,1.00,0.96,2.4838,22,1,354,373,0,405,505,0,15,15,0,0,91668,4837,0,0,1024163840,0.000000,0.000000,0.000000,0.00,2,1,2,7,13,25,21,23,8,36,36,33,47,40,44,16,0,0,0.0005,0.0014,0.0507,0.0551,0.0092,0.4928,0.0045,7.3745,0.0165,0.4925,0.0000,0.0000,1.3284,0.0007,0.7408,0.1556,0.0014,0.0008,0.0000,0.0000,0.0008
1768,39.3279,13.6833,44.6111,7.7023,,true,5,0.008333,0.4798,0.0417,1.00,0.93,5.4282,22,1,354,373,0,404,504,0,15,15,0,0,91668,4837,0,0,1024167936,0.000000,0.000000,0.000000,0.00,2,1,2,7,13,25,21,23,8,36,36,33,47,40,44,16,0,0,0.0005,0.0015,0.0522,0.0422,0.0055,0.4808,0.0042,7.7023,0.0188,0.4798,0.0000,0.0000,1.3936,0.0007,0.8013,0.1506,0.0015,0.0005,0.0000,0.0000,0.0010
1769,39.3347,13.6917,6.3861,5.7928,,true,1,0.008333,0.0909,0.0083,1.00,1.00,3.4810,22,1,354,373,0,404,504,0,15,15,0,0,91668,4837,0,0,1024167936,0.000000,0.000000,0.000000,0.00,2,1,2,7,13,25,21,23,8,36,36,33,47,40,44,16,0,0,0.0002,0.0010,0.0556,0.0380,0.0038,0.0915,0.0037,5.7928,0.0154,0.0909,0.0000,0.0000,1.4496,0.0004,0.8683,0.1468,0.0012,0.0003,0.0000,0.0000,0.0003
1770,39.3401,13.7000,7.8535,4.8519,,true,1,0.008333,0.1061,0.0083,1.00,1.00,3.0012,22,1,354,373,0,404,504,0,15,15,0,0,91668,4837,0,0,1024167936,0.000000,0.000000,0.000000,0.00,2,1,2,7,13,25,21,23,8,36,36,33,47,40,44,16,0,0,0.0004,0.0006,0.0326,0.0276,0.0010,0.1070,0.0022,4.8519,0.0058,0.1061,0.0000,0.0000,1.2368,0.0001,0.7267,0.1237,0.0003,0.0003,0.0000,0.0000,0.0002
1771,39.3538,13.7167,14.1805,5.4073,,true,2,0.008333,0.1614,0.0167,1.00,1.00,0.5151,22,1,354,373,0,405,505,0,15,15,0,0,91668,4837,0,0,1024167936,0.000000,0.000000,0.000000,0.00,2,1,2,7,13,25,21,23,8,36,36,33,47,40,44,16,0,0,0.0003,0.0007,0.0573,0.0297,0.0038,0.1618,0.0026,5.4073,0.0104,0.1614,0.0000,0.0000,1.3282,0.0002,0.7910,0.1340,0.0005,0.0003,0.0000,0.0000,0.0007
1772,39.3684,13.7250,14.1933,5.8899,,true,1,0.008333,0.1578,0.0083,1.00,0.59,6.3751,22,1,354,373,0,403,503,0,15,15,0,0,91668,4837,0,0,1024167936,0.000000,0.000000,0.000000,0.00,2,1,2,7,13,25,21,23,8,36,36,33,47,40,44,16,0,0,0.0007,0.0015,0.0549,0.0391,0.0044,0.1583,0.0076,5.8899,0.0189,0.1578,0.0000,0.0000,1.3321,0.0003,0.7467,0.1809,0.0034,0.0004,0.0000,0.0000,0.0004
1773,39.3866,13.7417,16.9783,7.0259,,true,2,0.008333,0.1756,0.0167,1.00,0.98,6.6867,22,1,354,373,0,402,502,0,15,15,0,0,91668,4837,0,0,1024167936,0.000000,0.000000,0.000000,0.00,2,1,2,7,13,25,21,23,8,36,36,33,47,40,44,16,0,0,0.0002,0.0007,0.0502,0.0279,0.0025,0.1763,0.0028,7.0259,0.0095,0.1756,0.0000,0.0000,2.6984,0.0003,0.7547,0.1258,0.0007,0.0005,0.0000,0.0000,0.0004
1774,39.4004,13.7583,14.7964,6.0538,,true,2,0.008333,0.3761,0.0167,1.00,1.00,4.8165,22,1,354,373,0,402,502,0,15,15,0,0,91668,4837,0,0,1024167936,0.000000,0.000000,0.000000,0.00,2,1,2,7,13,25,21,23,8,36,36,33,47,40,44,16,0,0,0.0007,0.0014,0.0626,0.0386,0.0043,0.3779,0.0054,6.0538,0.0216,0.3761,0.0000,0.0000,1.5672,0.0003,0.8723,0.1912,0.0024,0.0008,0.0000,0.0000,0.0005
1775,39.4165,13.7750,16.1523,6.0872,,true,2,0.008333,0.1658,0.0167,1.00,1.00,4.3021,22,1,354,373,0,402,502,0,15,15,0,0,91668,4837,0,0,1024167936,0.000000,0.000000,0.000000,0.00,2,1,2,7,13,25,21,23,8,36,36,33,47,40,44,16,0,0,0.0004,0.0013,0.0432,0.0314,0.0026,0.1665,0.0050,6.0872,0.0080,0.1658,0.0000,0.0000,1.3285,0.0013,0.7797,0.1428,0.0022,0.0004,0.0000,0.0000,0.0003
1776,39.4316,13.7917,15.7559,5.4544,,true,2,0.008333,0.1810,0.0167,1.00,1.00,3.3913,22,1,354,373,0,403,503,0,15,15,0,0,91668,4837,0,0,1024167936,0.000000,0.000000,0.000000,0.00,2,1,2,7,13,25,21,23,8,36,36,33,47,40,44,16,0,0,0.0002,0.0010,0.0430,0.0327,0.0032,0.1813,0.0042,5.4544,0.0103,0.1810,0.0000,0.0000,1.3040,0.0002,0.7806,0.1320,0.0006,0.0003,0.0000,0.0000,0.0003
1777,39.4472,13.8083,15.5814,5.4847,,true,2,0.008333,0.1945,0.0167,1.00,1.00,2.3061,22,1,354,373,0,403,503,0,15,15,0,0,91668,4837,0,0,1024172032,0.000000,0.000000,0.000000,0.00,2,1,2,7,13,25,21,23,8,36,36,33,47,40,44,16,0,0,0.0005,0.0014,0.0457,0.0320,0.0038,0.1952,0.0027,5.4847,0.0096,0.1945,0.0000,0.0000,1.3667,0.0007,0.7708,0.1870,0.0020,0.0005,0.0000,0.0000,0.0003
1778,39.4623,13.8250,15.2580,5.3788,,true,2,0.008333,0.1855,0.0167,1.00,1.00,0.8975,22,1,354,373,0,404,504,0,15,15,0,0,91668,4837,0,0,1024172032,0.000000,0.000000,0.000000,0.00,2,1,2,7,13,25,21,23,8,36,36,33,47,40,44,16,0,0,0.0003,0.0009,0.0512,0.0288,0.0058,0.1857,0.0023,5.3788,0.0165,0.1855,0.0000,0.0000,1.4363,0.0005,0.8262,0.1871,0.0025,0.0004,0.0000,0.0000,0.0004
1779,39.4780,13.8333,15.4727,5.3819,,true,1,0.008333,0.1314,0.0083,1.00,0.54,8.0368,22,1,354,373,0,403,503,0,15,15,0,0,91668,4837,0,0,1024172032,0.000000,0.000000,0.000000,0.00,2,1,2,7,13,25,21,23,8,36,36,33,47,40,44,16,0,0,0.0003,0.0010,0.0380,0.0272,0.0021,0.1320,0.0039,5.3819,0.0172,0.1314,0.0000,0.0000,0.9759,0.0003,0.5450,0.1422,0.0007,0.0005,0.0000,0.0000,0.0004
1780,39.4951,13.8583,16.9925,5.5720,,true,3,0.008333,0.2024,0.0250,1.00,1.00,0.0293,22,1,354,373,0,404,504,0,15,15,0,0,91668,4837,0,0,1024172032,0.000000,0.000000,0.000000,0.00,2,1,2,7,13,25,21,23,8,36,36,33,47,40,44,16,0,0,0.0002,0.0010,0.0476,0.0308,0.0037,0.2028,0.0038,5.5720,0.0101,0.2024,0.0000,0.0000,1.3184,0.0002,0.7778,0.1339,0.0007,0.0003,0.0000,0.0000,0.0011
1781,39.5100,13.8667,15.1322,5.2622,,true,1,0.008333,0.1167,0.0083,1.00,0.55,6.8282,22,1,354,373,0,403,503,0,15,15,0,0,91668,4837,0,0,1024172032,0.000000,0.000000,0.000000,0.00,2,1,2,7,13,25,21,23,8,36,36,33,47,40,44,16,0,0,0.0003,0.0009,0.0487,0.0308,0.0031,0.1173,0.0076,5.2622,0.0087,0.1167,0.0000,0.0000,1.3993,0.0006,0.7974,0.1347,0.0015,0.0005,0.0000,0.0000,0.0001
1782,39.5256,13.8833,15.5550,5.3707,,true,2,0.008333,0.0943,0.0167,1.00,1.00,5.7165,22,1,354,373,0,403,503,0,15,15,0,0,91668,4837,0,0,1024172032,0.000000,0.000000,0.000000,0.00,2,1,2,7,13,25,21,23,8,36,36,33,47,40,44,16,0,0,0.0002,0.0008,0.0425,0.0210,0.0012,0.0948,0.0035,5.3707,0.0197,0.0943,0.0000,0.0000,0.9937,0.0009,0.5423,0.1575,0.0012,0.0015,0.0000,0.0000,0.0002
1783,39.5410,13.9000,15.4556,5.3421,,true,2,0.008333,0.2587,0.0167,1.00,1.00,4.5055,22,1,354,373,0,403,503,0,15,15,0,0,91668,4837,0,0,1024172032,0.000000,0.000000,0.000000,0.00,2,1,2,7,13,25,21,23,8,36,36,33,47,40,44,16,0,0,0.0002,0.0009,0.0479,0.0289,0.0030,0.2588,0.0049,5.3421,0.0087,0.2587,0.0000,0.0000,1.2423,0.0003,0.7314,0.1305,0.0005,0.0003,0.0000,0.0000,0.0003
1784,39.5567,13.9167,15.8722,5.1868,,true,2,0.008333,0.1679,0.0167,1.00,1.00,3.7111,22,1,354,373,0,403,503,0,15,15,0,0,91668,4837,0,0,1024172032,0.000000,0.000000,0.000000,0.00,2,1,2,7,13,25,21,23,8,36,36,33,47,40,44,16,0,0,0.0002,0.0008,0.0372,0.0292,0.0021,0.1682,0.0022,5.1868,0.0081,0.1679,0.0000,0.0000,1.2835,0.0002,0.7330,0.1319,0.0007,0.0004,0.0000,0.0000,0.0009
1785,39.5717,13.9333,14.7288,5.6144,,true,2,0.008333,0.1585,0.0167,1.00,1.00,1.7732,22,1,354,373,0,404,504,0,15,15,0,0,91668,4837,0,0,1024172032,0.000000,0.000000,0.000000,0.00,2,1,2,7,13,25,21,23,8,36,36,33,47,40,44,16,0,0,0.0003,0.0013,0.0567,0.0352,0.0030,0.1595,0.0043,5.6144,0.0201,0.1585,0.0000,0.0000,1.3723,0.0003,0.7701,0.1612,0.0009,0.0003,0.0000,0.0000,0.0002
1786,39.5883,13.9500,16.3960,5.6021,,true,2,0.008333,0.1547,0.0167,1.00,1.00,1.5025,22,1,354,373,0,404,504,0,15,15,0,0,91668,4837,0,0,1024172032,0.000000,0.000000,0.000000,0.00,2,1,2,7,13,25,21,23,8,36,36,33,47,40,44,16,0,0,0.0003,0.0011,0.0490,0.0440,0.0022,0.1553,0.0027,5.6021,0.0101,0.1547,0.0000,0.0000,1.4866,0.0003,0.9129,0.1265,0.0007,0.0005,0.0000,0.0000,0.0006
1787,39.6035,13.9667,15.9329,4.8611,,true,2,0.008333,0.1724,0.0167,1.00,1.00,0.7688,22,1,354,373,0,405,505,0,15,15,0,0,91668,4837,0,0,1024176128,0.000000,0.000000,0.000000,0.00,2,1,2,7,13,25,21,23,8,36,36,33,47,40,44,16,0,0,0.0002,0.0012,0.0409,0.0315,0.0036,0.1727,0.0032,4.8611,0.0178,0.1724,0.0000,0.0000,1.0087,0.0009,0.5423,0.1535,0.0013,0.0006,0.0000,0.0000,0.0005
1788,39.6193,13.9750,15.4598,5.1386,,true,1,0.008333,0.1304,0.0083,1.00,0.54,7.8952,22,1,354,373,0,404,504,0,15,15,0,0,91668,4837,0,0,1024176128,0.000000,0.000000,0.000000,0.00,2,1,2,7,13,25,21,23,8,36,36,33,47,40,44,16,0,0,0.0004,0.0009,0.0291,0.0316,0.0035,0.1308,0.0036,5.1386,0.0057,0.1304,0.0000,0.0000,1.0803,0.0003,0.5273,0.0900,0.0007,0.0006,0.0000,0.0000,0.0001
1789,39.6364,13.9917,16.1466,5.8941,,true,2,0.008333,0.2451,0.0167,1.00,1.00,7.3751,22,1,354,373,0,403,503,0,15,15,0,0,91668,4837,0,0,1024176128,0.000000,0.000000,0.000000,0.00,2,1,2,7,13,25,21,23,8,36,36,33,47,40,44,16,0,0,0.0009,0.0016,0.0333,0.0571,0.0277,0.2454,0.0046,5.8941,0.0058,0.2451,0.0000,0.0000,0.8694,0.0002,0.4996,0.0950,0.0003,0.0003,0.0000,0.0000,0.0001
1790,39.6508,14.0083,15.1645,5.2995,,true,2,0.008333,0.1968,0.0167,1.00,1.00,5.8729,22,1,354,373,0,403,503,0,15,15,0,0,91668,4837,0,0,1024176128,0.000000,0.000000,0.000000,0.00,2,1,2,7,13,25,21,23,8,36,36,33,47,40,44,16,0,0,0.0001,0.0004,0.0531,0.0316,0.0019,0.1971,0.0021,5.2995,0.0106,0.1968,0.0000,0.0000,1.2976,0.0002,0.7354,0.1266,0.0006,0.0005,0.0000,0.0000,0.0004
1791,39.6662,14.0250,15.6575,5.3096,,true,2,0.008333,0.1138,0.0167,1.00,1.00,4.8638,22,1,354,373,0,403,503,0,15,15,0,0,91668,4837,0,0,1024176128,0.000000,0.000000,0.000000,0.00,2,1,2,7,13,25,21,23,8,36,36,33,47,40,44,16,0,0,0.0002,0.0009,0.0317,0.0184,0.0023,0.1142,0.0033,5.3096,0.0074,0.1138,0.0000,0.0000,1.2900,0.0005,0.6916,0.1353,0.0023,0.0008,0.0000,0.0000,0.0007
1792,39.6828,14.0417,15.8465,5.9816,,true,2,0.008333,0.1903,0.0167,1.00,1.00,4.0436,22,1,354,373,0,403,503,0,15,15,0,0,91668,4837,0,0,1024176128,0.000000,0.000000,0.000000,0.00,2,1,2,7,13,25,21,23,8,36,36,33,47,40,44,16,0,0,0.0003,0.0012,0.0401,0.0315,0.0047,0.1907,0.0044,5.9816,0.0100,0.1903,0.0000,0.0000,1.2431,0.0015,0.7336,0.1234,0.0006,0.0003,0.0000,0.0000,0.0003
1793,39.6975,14.0583,15.3813,5.2783,,true,2,0.008333,0.1633,0.0167,1.00,1.00,2.7582,22,1,354,373,0,404,504,0,15,15,0,0,91668,4837,0,0,1024176128,0.000000,0.000000,0.000000,0.00,2,1,2,7,13,25,21,23,8,36,36,33,47,40,44,16,0,0,0.0003,0.0015,0.0460,0.0304,0.0031,0.1637,0.0043,5.2783,0.0090,0.1633,0.0000,0.0000,1.2706,0.0008,0.7107,0.1641,0.0011,0.0003,0.0000,0.0000,0.0003
1794,39.7134,14.0750,15.7556,5.4898,,true,2,0.008333,0.2509,0.0167,1.00,1.00,1.8471,22,1,354,373,0,404,504,0,15,15,0,0,91668,4837,0,0,1024176128,0.000000,0.000000,0.000000,0.00,2,1,2,7,13,25,21,23,8,36,36,33,47,40,44,16,0,0,0.0003,0.0012,0.0536,0.0324,0.0038,0.2514,0.0045,5.4898,0.0192,0.2509,0.0000,0.0000,1.3163,0.0006,0.7323,0.1861,0.0013,0.0008,0.0000,0.0000,0.0005
1795,39.7291,14.0917,15.7275,5.4298,,true,2,0.008333,0.2064,0.0167,1.00,1.00,0.9080,22,1,354,373,0,405,505,0,15,15,0,0,91668,4837,0,0,1024176128,0.000000,0.000000,0.000000,0.00,2,1,2,7,13,25,21,23,8,36,36,33,47,40,44,16,0,0,0.0002,0.0010,0.0533,0.0338,0.0036,0.2070,0.0030,5.4298,0.0156,0.2064,0.0000,0.0000,1.3884,0.0003,0.8151,0.1827,0.0006,0.0009,0.0000,0.0000,0.0004
1796,39.7437,14.1000,15.4681,4.6672,,true,1,0.008333,0.1270,0.0083,1.00,0.54,8.0428,22,1,354,373,0,404,504,0,15,15,0,0,91668,4837,0,0,1024176128,0.000000,0.000000,0.000000,0.00,2,1,2,7,13,25,21,23,8,36,36,33,47,40,44,16,0,0,0.0005,0.0013,0.0323,0.0322,0.0044,0.1276,0.0038,4.6672,0.0113,0.1270,0.0000,0.0000,0.9194,0.0003,0.5160,0.1229,0.0005,0.0002,0.0000,0.0000,0.0004
1797,39.7599,14.1167,15.1109,5.5984,,true,2,0.008333,0.1367,0.0167,1.00,1.00,6.4870,22,1,354,373,0,404,504,0,15,15,0,0,91668,4837,0,0,1024176128,0.000000,0.000000,0.000000,0.00,2,1,2,7,13,25,21,23,8,36,36,33,47,40,44,16,0,0,0.0002,0.0011,0.0489,0.0219,0.0032,0.1378,0.0043,5.5984,0.0109,0.1367,0.0000,0.0000,1.2786,0.0002,0.7251,0.1525,0.0008,0.0003,0.0000,0.0000,0.0003
1798,39.7749,14.1333,15.3926,5.4150,,true,2,0.008333,0.1851,0.0167,1.00,1.00,5.2129,22,1,354,373,0,404,504,0,15,15,0,0,91668,4837,0,0,1024176128,0.000000,0.000000,0.000000,0.00,2,1,2,7,13,25,21,23,8,36,36,33,47,40,44,16,0,0,0.0004,0.0018,0.0477,0.0293,0.0035,0.1854,0.0052,5.4150,0.0115,0.1851,0.0000,0.0000,1.3075,0.0001,0.7207,0.1734,0.0007,0.0004,0.0000,0.0000,0.0005
1799,39.7905,14.1500,15.9696,4.9540,,true,2,0.008333,0.2589,0.0167,1.00,1.00,4.5158,22,1,354,373,0,404,504,0,15,15,0,0,91668,4837,0,0,1024176128,0.000000,0.000000,0.000000,0.00,2,1,2,7,13,25,21,23,8,36,36,33,47,40,44,16,0,0,0.0002,0.0011,0.0357,0.0326,0.0045,0.2594,0.0052,4.9540,0.0178,0.2589,0.0000,0.0000,0.9674,0.0004,0.5188,0.1246,0.0024,0.0005,0.0000,0.0000,0.0002
1800,39.8063,14.1667,15.2862,5.3618,,true,2,0.008333,0.1943,0.0167,1.00,1.00,3.1353,22,1,354,373,0,404,504,0,15,15,0,0,91668,4837,0,0,1024176128,0.000000,0.000000,0.000000,0.00,2,1,2,7,13,25,21,23,8,36,36,33,47,40,44,16,0,0,0.0003,0.0012,0.0447,0.0384,0.0054,0.1949,0.0056,5.3618,0.0153,0.1943,0.0000,0.0000,1.2985,0.0003,0.7225,0.1782,0.0018,0.0014,0.0000,0.0000,0.0003
1801,39.8298,14.1833,15.1761,13.5884,,true,2,0.008333,0.2194,0.0167,1.00,1.00,1.6448,22,1,354,373,8,405,505,0,15,15,0,0,91668,4845,25,40,1024176128,0.000000,0.000000,0.000000,0.00,2,1,2,7,13,25,21,23,8,36,36,33,47,40,44,16,0,0,0.0001,0.0019,0.0697,0.0443,0.0068,0.2199,0.0052,13.5884,0.0115,0.2194,0.0000,0.0000,8.0738,0.0004,0.5226,0.1780,1.4600,0.0004,0.0000,0.0000,5.3782
1802,39.8395,14.2000,16.9626,6.4582,,true,2,0.008333,0.1584,0.0167,1.00,0.98,1.9408,22,1,345,373,8,404,504,0,15,15,6,0,92013,4851,19,40,1024176128,0.000000,0.000000,0.000000,0.00,2,1,2,7,13,25,21,23,8,36,36,33,47,41,42,8,0,0,0.0004,0.0009,0.0468,0.0287,0.0037,0.1587,0.0048,6.4582,0.0094,0.1584,0.0000,0.0000,2.1514,0.0237,0.7554,0.1109,0.8147,0.0094,0.0000,36.2408,0.0001
1803,39.8940,14.2500,48.7141,11.8496,,true,6,0.008333,0.5500,0.0500,1.00,1.00,0.6549,22,1,339,373,8,406,506,0,14,15,8,0,92352,4859,11,40,1024176128,0.000000,0.000000,0.000000,0.00,2,1,2,7,13,25,21,23,8,36,36,33,47,41,44,0,0,0,0.0002,0.0022,0.1058,0.1125,0.0059,0.5508,0.0565,11.8496,0.0418,0.5500,0.0000,0.0000,2.9568,0.0738,1.0009,0.2578,0.9100,0.0395,0.0000,43.8125,0.0008
1804,39.9458,14.3000,53.1849,10.4994,,true,6,0.008333,0.5067,0.0500,1.00,0.94,3.8399,22,1,345,373,3,405,505,0,15,15,8,0,92697,4862,3,15,1024176128,0.000000,0.000000,0.000000,0.00,2,1,2,7,13,25,21,23,8,36,36,33,47,40,47,4,0,0,0.0003,0.0022,0.0702,0.0446,0.0065,0.5076,0.0050,10.4994,0.0215,0.5067,0.0000,0.0000,2.3307,0.0307,0.8578,0.1817,0.7997,0.0163,0.0000,46.1089,0.0008
1805,39.9834,14.3333,37.1956,10.8615,,true,4,0.008333,0.3523,0.0333,1.00,0.90,7.7021,22,1,354,373,0,402,502,0,15,15,3,0,93051,4862,0,0,1024176128,0.000000,0.000000,0.000000,0.00,2,1,2,7,13,25,21,23,8,36,36,33,46,44,45,12,0,0,0.0002,0.0025,0.1242,0.0550,0.0084,0.3529,0.0098,10.8615,0.0422,0.3523,0.0000,0.0000,2.4511,0.0336,0.8306,0.2478,0.8680,0.0131,0.0000,19.9903,0.0010
1806,40.0388,14.3917,54.8856,11.3343,,true,7,0.008333,0.6496,0.0583,1.00,1.00,4.2544,22,1,354,373,0,402,502,0,15,15,0,0,93051,4862,0,0,1024176128,0.000000,0.000000,0.000000,0.00,2,1,2,7,13,25,21,23,8,36,36,33,46,44,45,12,0,0,0.0004,0.0027,0.0957,0.0421,0.0067,0.6504,0.0070,11.3343,0.0713,0.6496,0.0000,0.0000,1.4352,0.0008,0.8006,0.1855,0.0016,0.0015,0.0000,0.0000,0.0005
1807,40.0733,14.4333,38.9680,7.0620,,true,5,0.008333,0.4241,0.0417,1.00,1.00,1.5557,22,1,354,373,0,404,504,0,15,15,0,0,93051,4862,0,0,1024176128,0.000000,0.000000,0.000000,0.00,2,1,2,7,13,25,21,23,8,36,36,33,46,44,45,12,0,0,0.0004,0.0023,0.0578,0.0360,0.0065,0.4247,0.0049,7.0620,0.0227,0.4241,0.0000,0.0000,1.1414,0.0004,0.6731,0.1404,0.0021,0.0005,0.0000,0.0000,0.0006
1808,40.0792,14.4333,6.4665,4.9241,,true,0,0.008333,0.0057,0.0000,1.00,0.00,8.0223,22,1,354,373,0,403,503,0,15,15,0,0,93051,4862,0,0,1024176128,0.000000,0.000000,0.000000,0.00,2,1,2,7,13,25,21,23,8,36,36,33,46,44,45,12,0,0,0.0002,0.0012,0.0506,0.0286,0.0032,0.0063,0.0056,4.9241,0.0128,0.0057,0.0000,0.0000,0.9720,0.0001,0.5643,0.1273,0.0003,0.0001,0.0000,0.0000,0.0000
1809,40.0849,14.4417,6.9430,4.9604,,true,1,0.008333,0.0958,0.0083,1.00,1.00,6.6320,22,1,354,373,0,402,502,0,15,15,0,0,93051,4862,0,0,1024176128,0.000000,0.000000,0.000000,0.00,2,1,2,7,13,25,21,23,8,36,36,33,46,44,45,12,0,0,0.0003,0.0013,0.0481,0.0235,0.0053,0.0963,0.0060,4.9604,0.0094,0.0958,0.0000,0.0000,1.3209,0.0002,0.7448,0.1298,0.0005,0.0005,0.0000,0.0000,0.0003
1810,40.1007,14.4583,15.9518,5.4899,,true,2,0.008333,0.2299,0.0167,1.00,1.00,5.9171,22,1,354,373,0,402,502,0,15,15,0,0,93051,4862,0,0,1024176128,0.000000,0.000000,0.000000,0.00,2,1,2,7,13,25,21,23,8,36,36,33,46,44,45,12,0,0,0.0002,0.0008,0.0451,0.0292,0.0027,0.2305,0.0026,5.4899,0.0148,0.2299,0.0000,0.0000,1.0353,0.0002,0.5555,0.1021,0.0011,0.0004,0.0000,0.0000,0.0003
1811,40.1147,14.4750,13.5869,5.7038,,true,2,0.008333,0.1761,0.0167,1.00,1.00,2.8373,22,1,354,373,0,404,504,0,15,15,0,0,93051,4862,0,0,1024176128,0.000000,0.000000,0.000000,0.00,2,1,2,7,13,25,21,23,8,36,36,33,46,44,45,12,0,0,0.0005,0.0009,0.0465,0.0302,0.0037,0.1766,0.0032,5.7038,0.0105,0.1761,0.0000,0.0000,1.3355,0.0005,0.7597,0.1888,0.0009,0.0003,0.0000,0.0000,0.0001
1812,40.1309,14.4917,16.1315,5.7546,,true,2,0.008333,0.1685,0.0167,1.00,1.00,2.3022,22,1,354,373,0,405,505,0,15,15,0,0,93051,4862,0,0,1024176128,0.000000,0.000000,0.000000,0.00,2,1,2,7,13,25,21,23,8,36,36,33,46,44,45,12,0,0,0.0003,0.0016,0.0469,0.0406,0.0039,0.1690,0.0055,5.7546,0.0099,0.1685,0.0000,0.0000,1.3379,0.0004,0.7962,0.1315,0.0006,0.0005,0.0000,0.0000,0.0009
1813,40.1465,14.5083,16.0394,5.4672,,true,2,0.008333,0.3086,0.0167,1.00,1.00,1.6749,22,1,354,373,0,406,506,0,15,15,0,0,93051,4862,0,0,1024176128,0.000000,0.000000,0.000000,0.00,2,1,2,7,13,25,21,23,8,36,36,33,46,44,45,12,0,0,0.0004,0.0014,0.0301,0.0270,0.0045,0.3087,0.0091,5.4672,0.0077,0.3086,0.0000,0.0000,0.9525,0.0002,0.5395,0.0978,0.0005,0.0004,0.0000,0.0000,0.0005
1814,40.1618,14.5250,15.1391,5.4425,,true,2,0.008333,0.1625,0.0167,1.00,1.00,0.1474,22,1,354,373,0,407,507,0,15,15,0,0,93051,4862,0,0,1024176128,0.000000,0.000000,0.000000,0.00,2,1,2,7,13,25,21,23,8,36,36,33,46,44,45,12,0,0,0.0004,0.0012,0.0514,0.0247,0.0030,0.1637,0.0041,5.4425,0.0099,0.1625,0.0000,0.0000,1.4370,0.0007,0.8245,0.1778,0.0019,0.0006,0.0000,0.0000,0.0003
1815,40.1779,14.5333,15.8393,5.7192,,true,1,0.008333,0.1123,0.0083,1.00,0.53,7.6533,22,1,354,373,0,406,506,0,15,15,0,0,93051,4862,0,0,1024176128,0.000000,0.000000,0.000000,0.00,2,1,2,7,13,25,21,23,8,36,36,33,46,44,45,12,0,0,0.0003,0.0008,0.0644,0.0229,0.0023,0.1127,0.0047,5.7192,0.0109,0.1123,0.0000,0.0000,1.3779,0.0003,0.7795,0.1367,0.0006,0.0012,0.0000,0.0000,0.0006
1816,40.1935,14.5500,16.4375,4.8045,,true,2,0.008333,0.1136,0.0167,1.00,1.00,7.4242,22,1,354,373,0,405,505,0,15,15,0,0,93051,4862,0,0,1024176128,0.000000,0.000000,0.000000,0.00,2,1,2,7,13,25,21,23,8,36,36,33,46,44,45,12,0,0,0.0001,0.0008,0.0298,0.0226,0.0019,0.1138,0.0039,4.8045,0.0081,0.1136,0.0000,0.0000,0.9696,0.0003,0.5526,0.1069,0.0005,0.0002,0.0000,0.0000,0.0008
1817,40.2093,14.5667,15.0381,5.7549,,true,2,0.008333,0.1200,0.0167,1.00,1.00,5.7956,22,1,354,373,0,405,505,0,15,15,0,0,93051,4862,0,0,1024176128,0.000000,0.000000,0.000000,0.00,2,1,2,7,13,25,21,23,8,36,36,33,46,44,45,12,0,0,0.0002,0.0013,0.0551,0.0292,0.0034,0.1202,0.0049,5.7549,0.0113,0.1200,0.0000,0.0000,1.4198,0.0004,0.8336,0.1556,0.0014,0.0008,0.0000,0.0000,0.0003
1818,40.2248,14.5833,15.6757,5.4451,,true,2,0.008333,0.1721,0.0167,1.00,1.00,4.8046,22,1,354,373,0,405,505,0,15,15,0,0,93051,4862,0,0,1024176128,0.000000,0.000000,0.000000,0.00,2,1,2,7,13,25,21,23,8,36,36,33,46,44,45,12,0,0,0.0001,0.0006,0.0461,0.0300,0.0034,0.1730,0.0029,5.4451,0.0102,0.1721,0.0000,0.0000,1.0266,0.0007,0.5436,0.1513,0.0012,0.0017,0.0000,0.0000,0.0001
1819,40.2399,14.6000,15.6186,4.9813,,true,2,0.008333,0.1235,0.0167,1.00,1.00,3.7565,22,1,354,373,0,406,506,0,15,15,0,0,93051,4862,0,0,1024176128,0.000000,0.000000,0.000000,0.00,2,1,2,7,13,25,21,23,8,36,36,33,46,44,45,12,0,0,0.0005,0.0011,0.0646,0.0263,0.0018,0.1236,0.0040,4.9813,0.0082,0.1235,0.0000,0.0000,1.2882,0.0002,0.7544,0.1264,0.0005,0.0003,0.0000,0.0000,0.0006
1820,40.2546,14.6167,15.1589,4.6249,,true,2,0.008333,0.1203,0.0167,1.00,1.00,2.2488,22,1,354,373,0,407,507,0,15,15,0,0,93051,4862,0,0,1024176128,0.000000,0.000000,0.000000,0.00,2,1,2,7,13,25,21,23,8,36,36,33,46,44,45,12,0,0,0.0002,0.0012,0.0430,0.0200,0.0018,0.1205,0.0045,4.6249,0.0146,0.1203,0.0000,0.0000,1.0530,0.0004,0.5745,0.1665,0.0017,0.0006,0.0000,0.0000,0.0001
