frame,wall_s,sim_time_s,frame_ms,cpu_ms,gpu_ms,gpu_available,steps,fixed_dt_s,sim_cpu_ms,sim_advanced_s,requested_warp,effective_warp,backlog_ms,bodies,vehicles,patches_visible,patches_generated,triangles,cache_hits,cache_misses,streaming_queued,assets_pending,rss_bytes,scope:frame.cpu_ms,scope:render.atmosphere_ms,scope:sim.total_ms,scope:world.streaming_ms,scope:world.terrain_materials_ms,scope:world.terrain_meshing_ms
867,242.4188,72.4667,82.6052,18.7852,,false,10,0.008333,2.5057,0.0833,1.00,1.00,3.8036,22,1,40,0,53760,191,191,0,0,840949760,18.7852,0.0589,2.5057,11.1708,0.0000,0.0000
868,242.4853,72.5417,76.4739,8.8628,,false,9,0.008333,2.6479,0.0750,1.00,0.98,5.2775,22,1,40,0,53760,191,191,0,0,840949760,8.8628,0.0826,2.6479,0.9042,0.0000,0.0000
869,242.5683,72.6250,82.4388,9.6010,,false,10,0.008333,3.0866,0.0833,1.00,1.00,4.3830,22,1,40,0,53760,191,191,0,0,840949760,9.6010,0.1173,3.0866,1.0926,0.0000,0.0000
870,242.6596,72.7167,91.6349,9.0736,,false,11,0.008333,3.0360,0.0917,1.00,1.00,4.3512,22,1,40,0,53760,191,191,0,0,840949760,9.0736,0.0690,3.0360,0.9880,0.0000,0.0000
871,242.7460,72.8000,83.1966,12.3380,,false,10,0.008333,3.4530,0.0833,1.00,1.00,4.2144,22,1,40,0,53760,191,191,0,0,840949760,12.3380,0.1277,3.4530,1.1692,0.0000,0.0000
872,242.8426,72.8833,83.4923,25.4001,,false,10,0.008333,3.4259,0.0833,1.00,1.00,4.3734,22,1,40,0,53760,191,191,0,0,840949760,25.4001,0.0663,3.4259,16.2054,0.0000,0.0000
873,242.9013,72.9583,74.2843,9.8612,,false,9,0.008333,2.0911,0.0750,1.00,1.00,3.6577,22,1,40,0,53760,191,191,0,0,840949760,9.8612,0.0767,2.0911,0.9351,0.0000,0.0000
874,242.9861,73.0417,83.9324,10.6823,,false,10,0.008333,3.3560,0.0833,1.00,0.99,4.2568,22,1,40,0,53760,191,191,0,0,840949760,10.6823,0.0700,3.3560,1.1302,0.0000,0.0000
875,243.0621,73.1167,76.5856,10.0736,,false,9,0.008333,3.3153,0.0750,1.00,0.98,5.8424,22,1,40,0,53760,191,191,0,0,840949760,10.0736,0.0802,3.3153,1.1741,0.0000,0.0000
876,243.1363,73.1917,72.7870,11.4304,,false,9,0.008333,2.8789,0.0750,1.00,1.00,3.6294,22,1,40,0,53760,191,191,0,0,840949760,11.4304,0.0923,2.8789,1.1543,0.0000,0.0000
877,243.2320,73.2750,83.3929,23.9583,,false,10,0.008333,3.2744,0.0833,1.00,1.00,3.6889,22,1,40,0,53760,191,191,0,0,840949760,23.9583,0.0704,3.2744,15.4492,0.0000,0.0000
878,243.2926,73.3500,74.6298,9.7403,,false,9,0.008333,3.1393,0.0750,1.00,1.00,3.3187,22,1,40,0,53760,191,191,0,0,840949760,9.7403,0.0744,3.1393,1.1366,0.0000,0.0000
879,243.3683,73.4250,74.5405,10.7165,,false,9,0.008333,3.7027,0.0750,1.00,1.00,2.8592,22,1,40,0,53760,191,191,0,0,840953856,10.7165,0.0743,3.7027,1.2000,0.0000,0.0000
880,243.4518,73.5083,84.2975,10.2008,,false,10,0.008333,3.2885,0.0833,1.00,0.99,3.8234,22,1,40,0,53760,191,191,0,0,840953856,10.2008,0.0661,3.2885,1.1516,0.0000,0.0000
881,243.5260,73.5833,74.4108,9.9541,,false,9,0.008333,3.1179,0.0750,1.00,1.00,3.2342,22,1,40,0,53760,191,191,0,0,840953856,9.9541,0.0731,3.1179,1.2878,0.0000,0.0000
882,243.6376,73.6667,84.4417,36.8262,,false,10,0.008333,4.3170,0.0833,1.00,0.99,4.3426,22,1,40,0,53760,191,191,0,0,840953856,36.8262,0.0808,4.3170,19.2688,0.0000,0.0000
883,243.7247,73.7667,99.3245,22.2679,,false,12,0.008333,3.7405,0.1000,1.00,1.00,3.6671,22,1,40,0,53760,191,191,0,0,840953856,22.2679,0.0637,3.7405,0.9070,0.0000,0.0000
884,243.8089,73.8583,91.6951,16.7904,,false,11,0.008333,2.2575,0.0917,1.00,1.00,3.6955,22,1,40,0,53760,191,191,0,0,840953856,16.7904,0.0933,2.2575,0.9191,0.0000,0.0000
885,243.8893,73.9417,82.6684,14.6453,,false,10,0.008333,2.5213,0.0833,1.00,1.00,3.0306,22,1,40,0,53760,191,191,0,0,840953856,14.6453,0.1012,2.5213,0.8505,0.0000,0.0000
886,243.9847,74.0333,91.8048,18.8455,,false,11,0.008333,2.2538,0.0917,1.00,1.00,3.1687,22,1,40,0,53760,191,191,0,0,840953856,18.8455,0.0786,2.2538,10.1996,0.0000,0.0000
887,244.0726,74.1250,94.2674,12.4847,,false,11,0.008333,2.4323,0.0917,1.00,0.97,5.7695,22,1,40,0,53760,191,191,0,0,840953856,12.4847,0.1002,2.4323,0.8509,0.0000,0.0000
888,244.1605,74.2167,91.0884,9.3537,,false,11,0.008333,2.5364,0.0917,1.00,1.00,5.1912,22,1,40,0,53760,191,191,0,0,840953856,9.3537,0.0828,2.5364,0.8151,0.0000,0.0000
889,244.2524,74.3083,92.5736,8.6300,,false,11,0.008333,2.9010,0.0917,1.00,0.99,6.0981,22,1,40,0,53760,191,191,0,0,840953856,8.6300,0.0739,2.9010,0.7462,0.0000,0.0000
890,244.3516,74.3917,81.6721,25.9174,,false,10,0.008333,3.1418,0.0833,1.00,1.00,4.4369,22,1,40,0,53760,191,191,0,0,840953856,25.9174,0.0639,3.1418,16.1917,0.0000,0.0000
891,244.4206,74.4750,82.6884,12.2700,,false,10,0.008333,3.3100,0.0833,1.00,1.00,3.7919,22,1,40,0,53760,191,191,0,0,840953856,12.2700,0.0885,3.3100,1.2618,0.0000,0.0000
892,244.5065,74.5583,82.8349,15.3097,,false,10,0.008333,6.8980,0.0833,1.00,1.00,3.2935,22,1,40,0,53760,191,191,0,0,840957952,15.3097,0.1117,6.8980,1.4559,0.0000,0.0000
893,244.5801,74.6333,76.4694,12.4286,,false,9,0.008333,3.1854,0.0750,1.00,0.98,4.7629,22,1,40,0,53760,191,191,0,0,840957952,12.4286,0.0991,3.1854,1.6247,0.0000,0.0000
894,244.6804,74.7333,99.0247,13.5614,,false,12,0.008333,4.9713,0.1000,1.00,1.00,3.7877,22,1,40,0,53760,191,191,0,0,840957952,13.5614,0.1063,4.9713,1.3915,0.0000,0.0000
895,244.7704,74.8167,83.1433,20.4631,,false,10,0.008333,3.2946,0.0833,1.00,1.00,3.5977,22,1,40,0,53760,191,191,0,0,840957952,20.4631,0.0517,3.2946,12.3782,0.0000,0.0000
896,244.8472,74.9000,83.3874,14.0534,,false,10,0.008333,5.2703,0.0833,1.00,1.00,3.6517,22,1,40,0,53760,191,191,0,0,840957952,14.0534,0.0940,5.2703,1.2622,0.0000,0.0000
897,244.9284,74.9833,83.2576,11.8807,,false,10,0.008333,3.8533,0.0833,1.00,1.00,3.5760,22,1,40,0,53760,191,191,0,0,840957952,11.8807,0.0973,3.8533,1.3992,0.0000,0.0000
898,245.0155,75.0667,83.5373,15.1250,,false,10,0.008333,4.5612,0.0833,1.00,1.00,3.7800,22,1,40,0,53760,191,191,0,0,840957952,15.1250,0.1116,4.5612,1.5171,0.0000,0.0000
899,245.1234,75.1583,88.9671,26.9814,,false,11,0.008333,4.0682,0.0917,1.00,1.00,1.0804,22,1,40,0,53760,191,191,0,0,840957952,26.9814,0.0985,4.0682,0.9957,0.0000,0.0000
900,245.1968,75.2417,86.1644,21.4335,,false,10,0.008333,2.0821,0.0833,1.00,0.97,3.9114,22,1,40,0,53760,191,191,0,0,829218816,21.4335,0.0894,2.0821,12.0000,0.0000,0.0000
901,245.2798,75.3333,91.0576,12.2135,,false,11,0.008333,3.0978,0.0917,1.00,1.00,3.3024,22,1,40,0,53760,191,191,0,0,829218816,12.2135,0.1086,3.0978,0.9281,0.0000,0.0000
902,245.3635,75.4167,83.7130,13.0451,,false,10,0.008333,4.3910,0.0833,1.00,1.00,3.6821,22,1,40,0,53760,191,191,0,0,829218816,13.0451,0.0779,4.3910,1.1367,0.0000,0.0000
903,245.4483,75.5000,83.1275,15.0327,,false,10,0.008333,5.9638,0.0833,1.00,1.00,3.4762,22,1,40,0,53760,191,191,0,0,829218816,15.0327,0.0779,5.9638,1.3272,0.0000,0.0000
904,245.5314,75.5833,83.4758,14.8882,,false,10,0.008333,4.0743,0.0833,1.00,1.00,3.6187,22,1,40,0,53760,191,191,0,0,828764160,14.8882,0.0825,4.0743,1.4958,0.0000,0.0000
905,245.6304,75.6667,83.4026,30.3189,,false,10,0.008333,3.9907,0.0833,1.00,1.00,3.6879,22,1,40,0,53760,191,191,0,0,828768256,30.3189,0.0797,3.9907,17.8523,0.0000,0.0000
906,245.7076,75.7583,91.3312,16.0103,,false,11,0.008333,5.0217,0.0917,1.00,1.00,3.3524,22,1,40,0,53760,191,191,0,0,828768256,16.0103,0.0814,5.0217,1.4336,0.0000,0.0000
907,245.7933,75.8417,84.9374,15.8345,,false,10,0.008333,3.7500,0.0833,1.00,0.98,4.9565,22,1,40,0,53760,191,191,0,0,828768256,15.8345,0.1120,3.7500,1.3427,0.0000,0.0000
908,245.8831,75.9333,90.8362,15.1687,,false,11,0.008333,4.9590,0.0917,1.00,1.00,4.1261,22,1,40,0,53760,191,191,0,0,828768256,15.1687,0.0825,4.9590,1.5878,0.0000,0.0000
909,245.9816,76.0167,83.8211,30.4412,,false,10,0.008333,6.3799,0.0833,1.00,0.99,4.6138,22,1,40,0,53760,191,191,0,0,828768256,30.4412,0.0802,6.3799,17.7307,0.0000,0.0000
910,246.0466,76.1000,81.8227,13.4655,,false,10,0.008333,3.9673,0.0833,1.00,1.00,3.1032,22,1,40,0,53760,191,191,0,0,828768256,13.4655,0.0767,3.9673,1.3096,0.0000,0.0000
911,246.1234,76.1750,78.7815,11.9824,,false,9,0.008333,4.2818,0.0750,1.00,0.95,6.8847,22,1,40,0,53760,191,191,0,0,828768256,11.9824,0.0826,4.2818,1.1595,0.0000,0.0000
912,246.2037,76.2583,81.1127,11.1672,,false,10,0.008333,3.3838,0.0833,1.00,1.00,4.6641,22,1,40,0,53760,191,191,0,0,828768256,11.1672,0.1114,3.3838,1.2524,0.0000,0.0000
913,246.2868,76.3417,82.7180,11.7396,,false,10,0.008333,4.3690,0.0833,1.00,1.00,4.0488,22,1,40,0,53760,191,191,0,0,828768256,11.7396,0.0786,4.3690,1.3756,0.0000,0.0000
914,246.3795,76.4167,76.1720,28.2042,,false,9,0.008333,3.1842,0.0750,1.00,0.98,5.2208,22,1,40,0,53760,191,191,0,0,828768256,28.2042,0.0672,3.1842,16.9692,0.0000,0.0000
915,246.4443,76.5000,82.3299,10.7338,,false,10,0.008333,3.3136,0.0833,1.00,1.00,4.2173,22,1,40,0,53760,191,191,0,0,828768256,10.7338,0.0802,3.3136,1.2049,0.0000,0.0000
916,246.5215,76.5750,76.5995,10.2033,,false,9,0.008333,3.0576,0.0750,1.00,0.98,5.8168,22,1,40,0,53760,191,191,0,0,828768256,10.2033,0.0805,3.0576,1.2889,0.0000,0.0000
917,246.6059,76.6583,82.1651,13.4355,,false,10,0.008333,4.0340,0.0833,1.00,1.00,4.6486,22,1,40,0,53760,191,191,0,0,828768256,13.4355,0.0997,4.0340,1.2516,0.0000,0.0000
918,246.6983,76.7500,91.8313,13.1986,,false,11,0.008333,3.4513,0.0917,1.00,1.00,4.8132,22,1,40,0,53760,191,191,0,0,828768256,13.1986,0.0775,3.4513,1.2001,0.0000,0.0000
919,246.7955,76.8333,83.0909,28.1808,,false,10,0.008333,3.3536,0.0833,1.00,1.00,4.5707,22,1,40,0,53760,191,191,0,0,828772352,28.1808,0.0685,3.3536,16.3234,0.0000,0.0000
920,246.8528,76.9083,74.4929,10.8446,,false,9,0.008333,3.2360,0.0750,1.00,1.00,4.0637,22,1,40,0,53760,191,191,0,0,828772352,10.8446,0.0784,3.2360,1.2591,0.0000,0.0000
921,246.9391,76.9917,83.8442,11.8072,,false,10,0.008333,3.4089,0.0833,1.00,0.99,4.5745,22,1,40,0,53760,191,191,0,0,828772352,11.8072,0.0758,3.4089,1.4216,0.0000,0.0000
922,247.0140,77.0667,75.5461,12.5000,,false,9,0.008333,3.5833,0.0750,1.00,0.99,5.1207,22,1,40,0,53760,191,191,0,0,828772352,12.5000,0.0934,3.5833,1.4017,0.0000,0.0000
923,247.0967,77.1500,84.1946,11.0802,,false,10,0.008333,3.7489,0.0833,1.00,0.99,5.9819,22,1,40,0,53760,191,191,0,0,828575744,11.0802,0.0726,3.7489,1.3728,0.0000,0.0000
924,247.1917,77.2333,80.7670,25.3749,,false,10,0.008333,3.1538,0.0833,1.00,1.00,3.4156,22,1,40,0,53760,191,191,0,0,828575744,25.3749,0.0670,3.1538,15.3591,0.0000,0.0000
925,247.2513,77.3083,74.8992,10.1095,,false,9,0.008333,2.9445,0.0750,1.00,1.00,3.3148,22,1,40,0,53760,191,191,0,0,828575744,10.1095,0.0782,2.9445,1.2588,0.0000,0.0000
926,247.3364,77.3917,83.1652,12.1762,,false,10,0.008333,4.5937,0.0833,1.00,1.00,3.1467,22,1,40,0,53760,191,191,0,0,828575744,12.1762,0.0696,4.5937,1.1454,0.0000,0.0000
927,247.4103,77.4667,75.4271,10.2950,,false,9,0.008333,3.0427,0.0750,1.00,0.99,3.5738,22,1,40,0,53760,191,191,0,0,828575744,10.2950,0.0952,3.0427,1.1681,0.0000,0.0000
928,247.4931,77.5500,83.0219,10.3841,,false,10,0.008333,3.5038,0.0833,1.00,1.00,3.2623,22,1,40,0,53760,191,191,0,0,828575744,10.3841,0.0739,3.5038,1.1467,0.0000,0.0000
929,247.5849,77.6250,75.4119,26.8232,,false,9,0.008333,3.5516,0.0750,1.00,0.99,3.6742,22,1,40,0,53760,191,191,0,0,828575744,26.8232,0.0842,3.5516,16.9031,0.0000,0.0000
930,247.6633,77.7167,92.0196,12.9895,,false,11,0.008333,4.0374,0.0917,1.00,1.00,4.0272,22,1,40,0,53760,191,191,0,0,828575744,12.9895,0.0908,4.0374,1.2814,0.0000,0.0000
931,247.7456,77.8000,82.6638,12.8215,,false,10,0.008333,3.6930,0.0833,1.00,1.00,3.3577,22,1,40,0,53760,191,191,0,0,828571648,12.8215,0.0693,3.6930,1.3065,0.0000,0.0000
932,247.8192,77.8750,75.2163,10.7073,,false,9,0.008333,3.4542,0.0750,1.00,1.00,3.5740,22,1,40,0,53760,191,191,0,0,828575744,10.7073,0.0785,3.4542,1.1932,0.0000,0.0000
933,247.9028,77.9583,82.9165,11.6612,,false,10,0.008333,3.7562,0.0833,1.00,1.00,3.1572,22,1,40,0,53760,191,191,0,0,828575744,11.6612,0.0779,3.7562,1.4522,0.0000,0.0000
934,247.9926,78.0333,75.2619,26.1534,,false,9,0.008333,3.4632,0.0750,1.00,1.00,3.4191,22,1,40,0,53760,191,191,0,0,828575744,26.1534,0.0654,3.4632,15.3637,0.0000,0.0000
935,248.0632,78.1167,83.6636,13.2757,,false,10,0.008333,4.0210,0.0833,1.00,1.00,3.7493,22,1,40,0,53760,191,191,0,0,828575744,13.2757,0.0783,4.0210,1.3235,0.0000,0.0000
936,248.1443,78.2000,83.3487,11.0202,,false,10,0.008333,3.4629,0.0833,1.00,1.00,3.7647,22,1,40,0,53760,191,191,0,0,828575744,11.0202,0.0854,3.4629,1.2782,0.0000,0.0000
937,248.2188,78.2750,74.9993,10.4006,,false,9,0.008333,3.1809,0.0750,1.00,1.00,3.7640,22,1,40,0,53760,191,191,0,0,828575744,10.4006,0.0745,3.1809,1.2501,0.0000,0.0000
938,248.3013,78.3583,82.7845,10.3282,,false,10,0.008333,3.2333,0.0833,1.00,1.00,3.2152,22,1,40,0,53760,191,191,0,0,828575744,10.3282,0.0680,3.2333,1.1457,0.0000,0.0000
939,248.3912,78.4333,75.8449,24.2975,,false,9,0.008333,3.1020,0.0750,1.00,0.99,4.0601,22,1,40,0,53760,191,191,0,0,828575744,24.2975,0.0646,3.1020,15.4983,0.0000,0.0000
940,248.4530,78.5083,74.6434,11.6421,,false,9,0.008333,3.0028,0.0750,1.00,1.00,3.7035,22,1,40,0,53760,191,191,0,0,828575744,11.6421,0.0825,3.0028,1.1738,0.0000,0.0000
941,248.5348,78.5917,83.2213,10.0213,,false,10,0.008333,3.5140,0.0833,1.00,1.00,3.5915,22,1,40,0,53760,191,191,0,0,828575744,10.0213,0.0721,3.5140,1.1536,0.0000,0.0000
942,248.6126,78.6667,75.6582,12.1549,,false,9,0.008333,3.0783,0.0750,1.00,0.99,4.2497,22,1,40,0,53760,191,191,0,0,828575744,12.1549,0.1544,3.0783,1.1538,0.0000,0.0000
943,248.7046,78.7583,91.2168,12.6487,,false,11,0.008333,3.9732,0.0917,1.00,1.00,3.7998,22,1,40,0,53760,191,191,0,0,828575744,12.6487,0.1037,3.9732,1.4106,0.0000,0.0000
944,248.7998,78.8417,82.6330,25.3893,,false,10,0.008333,3.9885,0.0833,1.00,1.00,3.0995,22,1,40,0,53760,191,191,0,0,828575744,25.3893,0.0691,3.9885,15.7577,0.0000,0.0000
945,248.8701,78.9250,83.6494,12.0655,,false,10,0.008333,3.5821,0.0833,1.00,1.00,3.4156,22,1,40,0,53760,191,191,0,0,828579840,12.0655,0.0881,3.5821,1.3776,0.0000,0.0000
946,248.9538,79.0083,83.4429,12.2878,,false,10,0.008333,4.2452,0.0833,1.00,1.00,3.5252,22,1,40,0,53760,191,191,0,0,828579840,12.2878,0.0788,4.2452,1.1961,0.0000,0.0000
947,249.0286,79.0833,75.3842,11.6956,,false,9,0.008333,3.0291,0.0750,1.00,0.99,3.9094,22,1,40,0,53760,191,191,0,0,828579840,11.6956,0.0911,3.0291,1.2864,0.0000,0.0000
948,249.1108,79.1667,82.5648,11.1157,,false,10,0.008333,3.5013,0.0833,1.00,1.00,3.1408,22,1,40,0,53760,191,191,0,0,828579840,11.1157,0.0783,3.5013,1.3323,0.0000,0.0000
949,249.2080,79.2500,83.8912,24.6717,,false,10,0.008333,3.5086,0.0833,1.00,0.99,3.6987,22,1,40,0,53760,191,191,0,0,828579840,24.6717,0.0859,3.5086,15.2550,0.0000,0.0000
950,249.2689,79.3250,75.0385,10.6513,,false,9,0.008333,2.9712,0.0750,1.00,1.00,3.7372,22,1,40,0,53760,191,191,0,0,828579840,10.6513,0.0788,2.9712,1.2596,0.0000,0.0000
951,249.3517,79.4083,83.1082,10.3517,,false,10,0.008333,3.4685,0.0833,1.00,1.00,3.5121,22,1,40,0,53760,191,191,0,0,828579840,10.3517,0.0716,3.4685,1.1357,0.0000,0.0000
952,249.4283,79.4833,74.9445,11.9113,,false,9,0.008333,2.9838,0.0750,1.00,1.00,3.4566,22,1,40,0,53760,191,191,0,0,828579840,11.9113,0.0763,2.9838,1.1549,0.0000,0.0000
953,249.5120,79.5667,83.2691,12.4005,,false,10,0.008333,4.5374,0.0833,1.00,1.00,3.3924,22,1,40,0,53760,191,191,0,0,828604416,12.4005,0.0910,4.5374,1.5202,0.0000,0.0000
954,249.6021,79.6417,75.1723,27.4313,,false,9,0.008333,4.1755,0.0750,1.00,1.00,3.5647,22,1,40,0,53760,191,191,0,0,828604416,27.4313,0.0963,4.1755,16.9208,0.0000,0.0000
955,249.6771,79.7333,91.6769,10.6718,,false,11,0.008333,3.5055,0.0917,1.00,1.00,3.5750,22,1,40,0,53760,191,191,0,0,828604416,10.6718,0.0681,3.5055,1.1217,0.0000,0.0000
956,249.7532,79.8083,75.1300,11.5859,,false,9,0.008333,4.0232,0.0750,1.00,1.00,3.7050,22,1,40,0,53760,191,191,0,0,828604416,11.5859,0.0828,4.0232,1.2130,0.0000,0.0000
957,249.8361,79.8917,83.0219,11.6370,,false,10,0.008333,3.7093,0.0833,1.00,1.00,3.3936,22,1,40,0,53760,191,191,0,0,828604416,11.6370,0.0703,3.7093,1.1493,0.0000,0.0000
958,249.9110,79.9667,74.9998,11.1262,,false,9,0.008333,3.7236,0.0750,1.00,1.00,3.3934,22,1,40,0,53760,191,191,0,0,828608512,11.1262,0.0829,3.7236,1.1918,0.0000,0.0000
959,250.0100,80.0500,83.5076,27.0381,,false,10,0.008333,4.0306,0.0833,1.00,1.00,3.5677,22,1,40,0,53760,191,191,0,0,824856576,27.0381,0.0661,4.0306,17.3648,0.0000,0.0000
960,250.0726,80.1250,78.1231,11.3258,,false,9,0.008333,3.0464,0.0750,1.00,0.96,6.6908,22,1,40,0,53760,191,191,0,0,824856576,11.3258,0.1306,3.0464,1.4748,0.0000,0.0000
961,250.1552,80.2083,81.5827,12.4298,,false,10,0.008333,4.5153,0.0833,1.00,1.00,4.9401,22,1,40,0,53760,191,191,0,0,824856576,12.4298,0.1029,4.5153,1.5410,0.0000,0.0000
962,250.2394,80.2917,83.6869,12.9075,,false,10,0.008333,4.5216,0.0833,1.00,1.00,5.2936,22,1,40,0,53760,191,191,0,0,824856576,12.9075,0.0744,4.5216,1.1747,0.0000,0.0000
963,250.3139,80.3667,74.6446,12.7650,,false,9,0.008333,4.3631,0.0750,1.00,1.00,4.9382,22,1,40,0,53760,191,191,0,0,824856576,12.7650,0.1093,4.3631,1.4870,0.0000,0.0000
964,250.4092,80.4500,83.1177,25.0280,,false,10,0.008333,3.3470,0.0833,1.00,1.00,4.7226,22,1,40,0,53760,191,191,0,0,824856576,25.0280,0.0836,3.3470,15.4533,0.0000,0.0000
965,250.4736,80.5250,76.9300,12.1924,,false,9,0.008333,3.6205,0.0750,1.00,0.97,6.6526,22,1,40,0,53760,191,191,0,0,824856576,12.1924,0.1030,3.6205,1.4733,0.0000,0.0000
966,250.5538,80.6083,81.6849,10.9202,,false,10,0.008333,3.2784,0.0833,1.00,1.00,5.0041,22,1,40,0,53760,191,191,0,0,824856576,10.9202,0.0821,3.2784,1.3659,0.0000,0.0000
967,250.6458,80.7000,91.6626,11.3210,,false,11,0.008333,3.8242,0.0917,1.00,1.00,5.0001,22,1,40,0,53760,191,191,0,0,824856576,11.3210,0.0763,3.8242,1.2029,0.0000,0.0000
968,250.7284,80.7833,82.5358,11.5809,,false,10,0.008333,3.4272,0.0833,1.00,1.00,4.2026,22,1,40,0,53760,191,191,0,0,824856576,11.5809,0.0708,3.4272,1.1179,0.0000,0.0000
969,250.8204,80.8583,75.5477,27.5683,,false,9,0.008333,3.6320,0.0750,1.00,0.99,4.7503,22,1,40,0,53760,191,191,0,0,824856576,27.5683,0.0668,3.6320,18.1521,0.0000,0.0000
970,250.8890,80.9417,83.5133,12.8248,,false,10,0.008333,3.2960,0.0833,1.00,1.00,4.9303,22,1,40,0,53760,191,191,0,0,824856576,12.8248,0.1254,3.2960,1.1601,0.0000,0.0000
971,250.9722,81.0250,83.5173,12.5134,,false,10,0.008333,4.0986,0.0833,1.00,1.00,5.1143,22,1,40,0,53760,191,191,0,0,824860672,12.5134,0.1031,4.0986,1.2902,0.0000,0.0000
972,251.0527,81.1083,82.0225,11.0775,,false,10,0.008333,3.0914,0.0833,1.00,1.00,3.8035,22,1,40,0,53760,191,191,0,0,824860672,11.0775,0.0877,3.0914,1.2013,0.0000,0.0000
973,251.1293,81.1833,77.6651,10.0211,,false,9,0.008333,3.3253,0.0750,1.00,0.97,6.4687,22,1,40,0,53760,191,191,0,0,824860672,10.0211,0.0705,3.3253,1.3745,0.0000,0.0000
974,251.2164,81.2583,72.5019,24.5164,,false,9,0.008333,3.0699,0.0750,1.00,1.00,3.9705,22,1,40,0,53760,191,191,0,0,824860672,24.5164,0.0686,3.0699,15.7982,0.0000,0.0000
975,251.2852,81.3417,82.6359,10.8192,,false,10,0.008333,3.0650,0.0833,1.00,1.00,3.2731,22,1,40,0,53760,191,191,0,0,824860672,10.8192,0.0651,3.0650,1.1447,0.0000,0.0000
976,251.3586,81.4167,75.5245,8.4818,,false,9,0.008333,2.3847,0.0750,1.00,0.99,3.7976,22,1,40,0,53760,191,191,0,0,824860672,8.4818,0.0636,2.3847,1.0714,0.0000,0.0000
977,251.4354,81.4917,74.9762,10.3107,,false,9,0.008333,3.0817,0.0750,1.00,1.00,3.7737,22,1,40,0,53760,191,191,0,0,824860672,10.3107,0.0725,3.0817,1.1558,0.0000,0.0000
978,251.5152,81.5750,82.9198,6.4547,,false,10,0.008333,2.0286,0.0833,1.00,1.00,3.3602,22,1,40,0,53760,191,191,0,0,824860672,6.4547,0.0585,2.0286,0.7406,0.0000,0.0000
979,251.6041,81.6500,75.0616,20.0421,,false,9,0.008333,2.9249,0.0750,1.00,1.00,3.4218,22,1,40,0,53760,191,191,0,0,824860672,20.0421,0.0656,2.9249,12.0854,0.0000,0.0000
980,251.6853,81.7417,91.7237,10.8461,,false,11,0.008333,3.5193,0.0917,1.00,1.00,3.4788,22,1,40,0,53760,191,191,0,0,824860672,10.8461,0.0663,3.5193,1.0970,0.0000,0.0000
981,251.7596,81.8167,74.8487,9.9722,,false,9,0.008333,3.3107,0.0750,1.00,1.00,3.3274,22,1,40,0,53760,191,191,0,0,824860672,9.9722,0.0860,3.3107,1.2147,0.0000,0.0000
982,251.8346,81.8917,75.0414,10.2013,,false,9,0.008333,3.5591,0.0750,1.00,1.00,3.3688,22,1,40,0,53760,191,191,0,0,824860672,10.2013,0.0719,3.5591,1.0017,0.0000,0.0000
983,251.9097,81.9667,75.2551,9.9245,,false,9,0.008333,3.1043,0.0750,1.00,1.00,3.6239,22,1,40,0,53760,191,191,0,0,824860672,9.9245,0.0853,3.1043,1.2271,0.0000,0.0000
984,252.0039,82.0500,84.3344,19.9999,,false,10,0.008333,1.9204,0.0833,1.00,0.99,4.6250,22,1,40,0,53760,191,191,0,0,824864768,19.9999,0.0662,1.9204,13.1002,0.0000,0.0000
985,252.0681,82.1250,74.2149,9.7313,,false,9,0.008333,3.3376,0.0750,1.00,1.00,3.8399,22,1,40,0,53760,191,191,0,0,824864768,9.7313,0.0656,3.3376,1.2199,0.0000,0.0000
986,252.1430,82.2000,74.6977,9.7157,,false,9,0.008333,3.0189,0.0750,1.00,1.00,3.5377,22,1,40,0,53760,191,191,0,0,824864768,9.7157,0.0682,3.0189,1.3205,0.0000,0.0000
987,252.2158,82.2750,74.7279,8.0293,,false,9,0.008333,2.3655,0.0750,1.00,1.00,3.2656,22,1,40,0,53760,191,191,0,0,824864768,8.0293,0.0850,2.3655,0.9393,0.0000,0.0000
988,252.2943,82.3500,75.5523,11.1594,,false,9,0.008333,3.0772,0.0750,1.00,0.99,3.8179,22,1,40,0,53760,191,191,0,0,824864768,11.1594,0.0790,3.0772,1.5076,0.0000,0.0000
989,252.3905,82.4333,83.4829,23.7083,,false,10,0.008333,3.4533,0.0833,1.00,1.00,3.9675,22,1,40,0,53760,191,191,0,0,824864768,23.7083,0.0597,3.4533,15.2149,0.0000,0.0000
990,252.4507,82.5083,74.9241,9.0154,,false,9,0.008333,2.6334,0.0750,1.00,1.00,3.8916,22,1,40,0,53760,191,191,0,0,824864768,9.0154,0.0695,2.6334,1.0894,0.0000,0.0000
991,252.5222,82.5833,73.9428,6.5416,,false,9,0.008333,1.7058,0.0750,1.00,1.00,2.8344,22,1,40,0,53760,191,191,0,0,824864768,6.5416,0.0556,1.7058,0.7658,0.0000,0.0000
992,252.6044,82.6583,76.3861,11.8880,,false,9,0.008333,4.0555,0.0750,1.00,0.98,4.2205,22,1,40,0,53760,191,191,0,0,824864768,11.8880,0.0949,4.0555,1.1871,0.0000,0.0000
993,252.6934,82.7500,91.0672,10.2666,,false,11,0.008333,3.5173,0.0917,1.00,1.00,3.6210,22,1,40,0,53760,191,191,0,0,824864768,10.2666,0.0703,3.5173,1.2305,0.0000,0.0000
994,252.7823,82.8250,75.3438,23.5912,,false,9,0.008333,2.9648,0.0750,1.00,1.00,3.9648,22,1,40,0,53760,191,191,0,0,824864768,23.5912,0.0661,2.9648,15.3315,0.0000,0.0000
995,252.8434,82.9000,74.5639,10.4164,,false,9,0.008333,3.2584,0.0750,1.00,1.00,3.5287,22,1,40,0,53760,191,191,0,0,824864768,10.4164,0.0904,3.2584,1.1416,0.0000,0.0000
996,252.9248,82.9833,83.1712,8.5497,,false,10,0.008333,2.6772,0.0833,1.00,1.00,3.3666,22,1,40,0,53760,191,191,0,0,824864768,8.5497,0.0608,2.6772,0.9803,0.0000,0.0000
997,253.0017,83.0583,75.1039,10.2542,,false,9,0.008333,3.0416,0.0750,1.00,1.00,3.4705,22,1,40,0,53760,191,191,0,0,824930304,10.2542,0.0710,3.0416,1.1896,0.0000,0.0000
998,253.0753,83.1333,75.1542,8.5073,,false,9,0.008333,2.5741,0.0750,1.00,1.00,3.6247,22,1,40,0,53760,191,191,0,0,824930304,8.5073,0.0780,2.5741,0.9423,0.0000,0.0000
999,253.1749,83.2167,83.8352,24.5878,,false,10,0.008333,3.4748,0.0833,1.00,0.99,4.1266,22,1,40,0,53760,191,191,0,0,824930304,24.5878,0.0710,3.4748,15.2701,0.0000,0.0000
1000,253.2330,83.2917,74.1475,8.6179,,false,9,0.008333,2.7642,0.0750,1.00,1.00,3.2741,22,1,40,0,53760,191,191,0,0,824930304,8.6179,0.0679,2.7642,0.9681,0.0000,0.0000
1001,253.3102,83.3667,75.3522,10.2769,,false,9,0.008333,2.9745,0.0750,1.00,1.00,3.6263,22,1,40,0,53760,191,191,0,0,824930304,10.2769,0.0694,2.9745,1.1074,0.0000,0.0000
1002,253.3853,83.4417,75.5300,9.9991,,false,9,0.008333,3.0972,0.0750,1.00,0.99,4.1563,22,1,40,0,53760,191,191,0,0,824930304,9.9991,0.0800,3.0972,1.2034,0.0000,0.0000
1003,253.4605,83.5167,74.6601,10.3743,,false,9,0.008333,3.0854,0.0750,1.00,1.00,3.8164,22,1,40,0,53760,191,191,0,0,824930304,10.3743,0.0721,3.0854,1.1406,0.0000,0.0000
1004,253.5482,83.6000,82.9850,15.4885,,false,10,0.008333,2.0797,0.0833,1.00,1.00,3.4681,22,1,40,0,53760,191,191,0,0,824930304,15.4885,0.0449,2.0797,9.2791,0.0000,0.0000
1005,253.6167,83.6750,74.9956,8.9381,,false,9,0.008333,2.6440,0.0750,1.00,1.00,3.4637,22,1,40,0,53760,191,191,0,0,824930304,8.9381,0.0690,2.6440,1.1554,0.0000,0.0000
1006,253.7031,83.7583,83.8632,11.2814,,false,10,0.008333,3.6048,0.0833,1.00,0.99,3.9935,22,1,40,0,53760,191,191,0,0,824930304,11.2814,0.0721,3.6048,1.1080,0.0000,0.0000
1007,253.7870,83.8417,83.2130,11.9430,,false,10,0.008333,3.4535,0.0833,1.00,1.00,3.8731,22,1,40,0,53760,191,191,0,0,824930304,11.9430,0.1023,3.4535,1.3693,0.0000,0.0000
1008,253.8600,83.9167,74.7061,10.2501,,false,9,0.008333,3.0370,0.0750,1.00,1.00,3.5792,22,1,40,0,53760,191,191,0,0,824930304,10.2501,0.0938,3.0370,1.5177,0.0000,0.0000
1009,253.9462,83.9917,74.8863,21.4009,,false,9,0.008333,2.8584,0.0750,1.00,1.00,3.4655,22,1,40,0,53760,191,191,0,0,824930304,21.4009,0.0642,2.8584,13.1865,0.0000,0.0000
1010,254.0182,84.0750,83.4944,9.9505,,false,10,0.008333,3.4023,0.0833,1.00,1.00,3.6266,22,1,40,0,53760,191,191,0,0,824930304,9.9505,0.0882,3.4023,1.1594,0.0000,0.0000
1011,254.0980,84.1500,78.1404,11.7020,,false,9,0.008333,4.1765,0.0750,1.00,0.96,6.7670,22,1,40,0,53760,191,191,0,0,824934400,11.7020,0.0737,4.1765,1.1456,0.0000,0.0000
1012,254.1671,84.2250,72.7056,8.0972,,false,9,0.008333,2.3884,0.0750,1.00,1.00,4.4726,22,1,40,0,53760,191,191,0,0,824934400,8.0972,0.0687,2.3884,0.9334,0.0000,0.0000
1013,254.2521,84.3083,83.1465,10.0388,,false,10,0.008333,3.3714,0.0833,1.00,1.00,4.2857,22,1,40,0,53760,191,191,0,0,824934400,10.0388,0.0709,3.3714,1.1982,0.0000,0.0000
1014,254.3422,84.3833,75.2598,24.6969,,false,9,0.008333,2.9385,0.0750,1.00,1.00,4.5455,22,1,40,0,53760,191,191,0,0,824934400,24.6969,0.0639,2.9385,16.7618,0.0000,0.0000
1015,254.4033,84.4583,75.9247,9.9675,,false,9,0.008333,2.9087,0.0750,1.00,0.99,5.4702,22,1,40,0,53760,191,191,0,0,824934400,9.9675,0.0754,2.9087,1.2334,0.0000,0.0000
1016,254.4801,84.5333,76.9272,9.8886,,false,9,0.008333,2.9750,0.0750,1.00,0.97,7.3974,22,1,40,0,53760,191,191,0,0,824934400,9.8886,0.0742,2.9750,1.2095,0.0000,0.0000
1017,254.5611,84.6167,80.3931,10.5155,,false,10,0.008333,3.4934,0.0833,1.00,1.00,4.4572,22,1,40,0,53760,191,191,0,0,824934400,10.5155,0.0916,3.4934,1.1758,0.0000,0.0000
1018,254.6437,84.7000,82.4183,10.4560,,false,10,0.008333,3.3661,0.0833,1.00,1.00,3.5421,22,1,40,0,53760,191,191,0,0,824934400,10.4560,0.0765,3.3661,1.2781,0.0000,0.0000
1019,254.7371,84.7833,84.5545,19.5776,,false,10,0.008333,2.8693,0.0833,1.00,0.99,4.7633,22,1,40,0,53760,191,191,0,0,824934400,19.5776,0.0526,2.8693,12.1300,0.0000,0.0000
1020,254.7995,84.8583,74.8851,7.2356,,false,9,0.008333,2.0522,0.0750,1.00,1.00,4.6483,22,1,40,0,53760,191,191,0,0,824934400,7.2356,0.0654,2.0522,0.7904,0.0000,0.0000
1021,254.8781,84.9333,75.7494,9.8679,,false,9,0.008333,3.1553,0.0750,1.00,0.99,5.3978,22,1,40,0,53760,191,191,0,0,824934400,9.8679,0.0771,3.1553,1.1931,0.0000,0.0000
1022,254.9631,85.0167,82.7456,12.1917,,false,10,0.008333,3.2230,0.0833,1.00,1.00,4.8100,22,1,40,0,53760,191,191,0,0,824934400,12.1917,0.0751,3.2230,1.4433,0.0000,0.0000
1023,255.0376,85.0917,74.7923,11.6662,,false,9,0.008333,3.6621,0.0750,1.00,1.00,4.6024,22,1,40,0,53760,191,191,0,0,824934400,11.6662,0.0885,3.6621,1.3325,0.0000,0.0000
1024,255.1277,85.1667,77.2119,24.8098,,false,9,0.008333,4.0331,0.0750,1.00,0.97,6.8142,22,1,40,0,53760,191,191,0,0,824938496,24.8098,0.0642,4.0331,15.2647,0.0000,0.0000
1025,255.1846,85.2417,72.2202,9.5666,,false,9,0.008333,3.0285,0.0750,1.00,1.00,4.0345,22,1,40,0,53760,191,191,0,0,824938496,9.5666,0.0867,3.0285,1.1865,0.0000,0.0000
1026,255.2662,85.3250,82.9281,8.1259,,false,10,0.008333,2.7036,0.0833,1.00,1.00,3.6293,22,1,40,0,53760,191,191,0,0,824938496,8.1259,0.0605,2.7036,0.8064,0.0000,0.0000
1027,255.3437,85.4000,74.9848,10.4763,,false,9,0.008333,3.2501,0.0750,1.00,1.00,3.6141,22,1,40,0,53760,191,191,0,0,824938496,10.4763,0.0697,3.2501,1.1736,0.0000,0.0000
1028,255.4186,85.4750,75.3279,10.0067,,false,9,0.008333,2.8858,0.0750,1.00,1.00,3.9420,22,1,40,0,53760,191,191,0,0,824938496,10.0067,0.0755,2.8858,1.5285,0.0000,0.0000
1029,255.5070,85.5500,74.8942,23.9268,,false,9,0.008333,2.9126,0.0750,1.00,1.00,3.8361,22,1,40,0,53760,191,191,0,0,824938496,23.9268,0.0731,2.9126,15.5587,0.0000,0.0000
1030,255.5750,85.6333,83.0447,8.8672,,false,10,0.008333,2.4596,0.0833,1.00,1.00,3.5475,22,1,40,0,53760,191,191,0,0,824938496,8.8672,0.1085,2.4596,0.9262,0.0000,0.0000
1031,255.6594,85.7167,83.4863,9.4288,,false,10,0.008333,2.8510,0.0833,1.00,1.00,3.7005,22,1,40,0,53760,191,191,0,0,824938496,9.4288,0.0622,2.8510,1.1671,0.0000,0.0000
1032,255.7345,85.7917,75.0406,9.9275,,false,9,0.008333,3.3270,0.0750,1.00,1.00,3.7411,22,1,40,0,53760,191,191,0,0,824938496,9.9275,0.0716,3.3270,1.1401,0.0000,0.0000
1033,255.8188,85.8750,83.3405,10.6255,,false,10,0.008333,3.8257,0.0833,1.00,1.00,3.7483,22,1,40,0,53760,191,191,0,0,824938496,10.6255,0.0731,3.8257,1.1155,0.0000,0.0000
1034,255.9079,85.9500,75.1085,24.4040,,false,9,0.008333,3.1759,0.0750,1.00,1.00,3.8567,22,1,40,0,53760,191,191,0,0,824987648,24.4040,0.0688,3.1759,15.6287,0.0000,0.0000
1035,255.9666,86.0250,74.5612,8.7047,,false,9,0.008333,2.6222,0.0750,1.00,1.00,3.4179,22,1,40,0,53760,191,191,0,0,824987648,8.7047,0.0696,2.6222,1.0287,0.0000,0.0000
1036,256.0427,86.1000,74.8864,9.7519,,false,9,0.008333,3.0353,0.0750,1.00,1.00,3.3043,22,1,40,0,53760,191,191,0,0,824987648,9.7519,0.0773,3.0353,1.2698,0.0000,0.0000
1037,256.1185,86.1750,75.7129,10.1555,,false,9,0.008333,3.2173,0.0750,1.00,0.99,4.0172,22,1,40,0,53760,191,191,0,0,824991744,10.1555,0.0787,3.2173,1.3017,0.0000,0.0000
1038,256.2018,86.2583,83.0030,10.3444,,false,10,0.008333,3.8115,0.0833,1.00,1.00,3.6869,22,1,40,0,53760,191,191,0,0,824991744,10.3444,0.0691,3.8115,1.1175,0.0000,0.0000
1039,256.2912,86.3333,75.1014,24.1046,,false,9,0.008333,2.9528,0.0750,1.00,1.00,3.7883,22,1,40,0,53760,191,191,0,0,824991744,24.1046,0.0696,2.9528,15.4840,0.0000,0.0000
1040,256.3512,86.4083,75.0466,9.6135,,false,9,0.008333,3.1421,0.0750,1.00,1.00,3.8349,22,1,40,0,53760,191,191,0,0,824991744,9.6135,0.0667,3.1421,1.1777,0.0000,0.0000
1041,256.4267,86.4833,74.8354,10.1599,,false,9,0.008333,3.0950,0.0750,1.00,1.00,3.6703,22,1,40,0,53760,191,191,0,0,824991744,10.1599,0.1005,3.0950,1.3376,0.0000,0.0000
1042,256.5104,86.5667,83.2499,10.6738,,false,10,0.008333,4.1058,0.0833,1.00,1.00,3.5869,22,1,40,0,53760,191,191,0,0,824991744,10.6738,0.0711,4.1058,1.1743,0.0000,0.0000
1043,256.5859,86.6417,75.1650,10.9643,,false,9,0.008333,3.3531,0.0750,1.00,1.00,3.7519,22,1,40,0,53760,191,191,0,0,824991744,10.9643,0.1330,3.3531,1.2032,0.0000,0.0000
1044,256.6903,86.7333,91.3924,24.0760,,false,11,0.008333,3.5037,0.0917,1.00,1.00,3.4776,22,1,40,0,53760,191,191,0,0,824991744,24.0760,0.0623,3.5037,15.5655,0.0000,0.0000
1045,256.7516,86.8083,74.9436,10.4195,,false,9,0.008333,3.1046,0.0750,1.00,1.00,3.4212,22,1,40,0,53760,191,191,0,0,824991744,10.4195,0.0936,3.1046,1.6457,0.0000,0.0000
1046,256.8266,86.8833,75.3370,10.0198,,false,9,0.008333,2.8832,0.0750,1.00,1.00,3.7582,22,1,40,0,53760,191,191,0,0,824991744,10.0198,0.0803,2.8832,1.1734,0.0000,0.0000
1047,256.9032,86.9583,75.0664,11.5135,,false,9,0.008333,4.0385,0.0750,1.00,1.00,3.8246,22,1,40,0,53760,191,191,0,0,824991744,11.5135,0.0752,4.0385,1.1576,0.0000,0.0000
1048,256.9849,87.0417,83.0299,10.2963,,false,10,0.008333,3.2758,0.0833,1.00,1.00,3.5212,22,1,40,0,53760,191,191,0,0,824991744,10.2963,0.0826,3.2758,1.2141,0.0000,0.0000
1049,257.0738,87.1167,74.9073,24.2040,,false,9,0.008333,3.6571,0.0750,1.00,1.00,3.4285,22,1,40,0,53760,191,191,0,0,824991744,24.2040,0.0648,3.6571,15.3010,0.0000,0.0000
1050,257.1351,87.1917,75.3739,10.0245,,false,9,0.008333,3.0696,0.0750,1.00,1.00,3.8023,22,1,40,0,53760,191,191,0,0,824995840,10.0245,0.0757,3.0696,1.2079,0.0000,0.0000
1051,257.2109,87.2667,75.2666,10.7433,,false,9,0.008333,3.0483,0.0750,1.00,1.00,4.0689,22,1,40,0,53760,191,191,0,0,824995840,10.7433,0.0769,3.0483,1.1763,0.0000,0.0000
1052,257.2922,87.3500,83.0438,8.9470,,false,10,0.008333,2.8223,0.0833,1.00,1.00,3.7794,22,1,40,0,53760,191,191,0,0,824995840,8.9470,0.0578,2.8223,1.0224,0.0000,0.0000
1053,257.3679,87.4250,75.0425,9.5211,,false,9,0.008333,2.9417,0.0750,1.00,1.00,3.8219,22,1,40,0,53760,191,191,0,0,824995840,9.5211,0.0717,2.9417,1.2149,0.0000,0.0000
1054,257.4580,87.5000,75.2935,24.3462,,false,9,0.008333,3.1456,0.0750,1.00,1.00,4.1154,22,1,40,0,53760,191,191,0,0,824995840,24.3462,0.0689,3.1456,15.6278,0.0000,0.0000
1055,257.5187,87.5750,74.9783,10.1639,,false,9,0.008333,2.8484,0.0750,1.00,1.00,4.0937,22,1,40,0,53760,191,191,0,0,824995840,10.1639,0.0742,2.8484,1.1612,0.0000,0.0000
1056,257.5999,87.6583,82.9588,8.5958,,false,10,0.008333,2.5840,0.0833,1.00,1.00,3.7192,22,1,40,0,53760,191,191,0,0,824995840,8.5958,0.1313,2.5840,0.8949,0.0000,0.0000
1057,257.6839,87.7417,83.0031,9.3088,,false,10,0.008333,2.7420,0.0833,1.00,1.00,3.3890,22,1,40,0,53760,191,191,0,0,824995840,9.3088,0.0811,2.7420,1.3737,0.0000,0.0000
1058,257.7612,87.8167,75.5996,11.0519,,false,9,0.008333,3.0193,0.0750,1.00,0.99,3.9886,22,1,40,0,53760,191,191,0,0,824995840,11.0519,0.1039,3.0193,1.4747,0.0000,0.0000
1059,257.8582,87.9000,83.1436,24.7912,,false,10,0.008333,3.4345,0.0833,1.00,1.00,3.7989,22,1,40,0,53760,191,191,0,0,824995840,24.7912,0.0634,3.4345,15.4372,0.0000,0.0000
1060,257.9180,87.9750,74.8604,9.9264,,false,9,0.008333,3.0629,0.0750,1.00,1.00,3.6593,22,1,40,0,53760,191,191,0,0,824995840,9.9264,0.0898,3.0629,1.2036,0.0000,0.0000
1061,257.9914,88.0500,75.0528,8.0607,,false,9,0.008333,2.2012,0.0750,1.00,1.00,3.7121,22,1,40,0,53760,191,191,0,0,824995840,8.0607,0.0639,2.2012,0.8714,0.0000,0.0000
1062,258.0713,88.1250,77.4724,10.5943,,false,9,0.008333,2.9521,0.0750,1.00,0.97,6.1845,22,1,40,0,53760,191,191,0,0,824995840,10.5943,0.1046,2.9521,1.6044,0.0000,0.0000
1063,258.1534,88.2083,82.3973,10.3526,,false,10,0.008333,3.2778,0.0833,1.00,1.00,5.2485,22,1,40,0,53760,191,191,0,0,824999936,10.3526,0.0831,3.2778,1.1838,0.0000,0.0000
1064,258.2413,88.2833,74.4380,23.8725,,false,9,0.008333,3.0867,0.0750,1.00,1.00,4.6864,22,1,40,0,53760,191,191,0,0,824999936,23.8725,0.0666,3.0867,15.5835,0.0000,0.0000
1065,258.2995,88.3583,74.9776,7.1671,,false,9,0.008333,2.2471,0.0750,1.00,1.00,4.6640,22,1,40,0,53760,191,191,0,0,824999936,7.1671,0.0815,2.2471,0.8167,0.0000,0.0000
1066,258.3775,88.4333,75.3570,9.5712,,false,9,0.008333,2.9392,0.0750,1.00,1.00,5.0210,22,1,40,0,53760,191,191,0,0,824999936,9.5712,0.0719,2.9392,1.1805,0.0000,0.0000
1067,258.4540,88.5083,75.2759,10.6319,,false,9,0.008333,3.1796,0.0750,1.00,1.00,5.2969,22,1,40,0,53760,191,191,0,0,824999936,10.6319,0.0812,3.1796,1.2053,0.0000,0.0000
1068,258.5377,88.5917,83.2441,11.2415,,false,10,0.008333,4.1397,0.0833,1.00,1.00,5.2076,22,1,40,0,53760,191,191,0,0,824999936,11.2415,0.0758,4.1397,1.1256,0.0000,0.0000
1069,258.6206,88.6667,74.1310,20.2900,,false,9,0.008333,2.1251,0.0750,1.00,1.00,4.3386,22,1,40,0,53760,191,191,0,0,824999936,20.2900,0.0924,2.1251,12.6332,0.0000,0.0000
1070,258.6936,88.7500,83.7580,9.3094,,false,10,0.008333,3.1820,0.0833,1.00,0.99,4.7633,22,1,40,0,53760,191,191,0,0,824999936,9.3094,0.0703,3.1820,1.0592,0.0000,0.0000
1071,258.7791,88.8333,83.3359,11.5457,,false,10,0.008333,3.2315,0.0833,1.00,1.00,4.7658,22,1,40,0,53760,191,191,0,0,824999936,11.5457,0.1046,3.2315,1.3636,0.0000,0.0000
1072,258.8536,88.9083,75.3846,10.5125,,false,9,0.008333,2.9769,0.0750,1.00,0.99,5.1505,22,1,40,0,53760,191,191,0,0,824999936,10.5125,0.1001,2.9769,1.3022,0.0000,0.0000
1073,258.9282,88.9833,74.7294,10.3936,,false,9,0.008333,3.0313,0.0750,1.00,1.00,4.8799,22,1,40,0,53760,191,191,0,0,824999936,10.3936,0.0753,3.0313,1.2043,0.0000,0.0000
1074,259.0123,89.0583,75.1220,19.5175,,false,9,0.008333,2.4547,0.0750,1.00,1.00,5.0019,22,1,40,0,53760,191,191,0,0,824999936,19.5175,0.0600,2.4547,12.1010,0.0000,0.0000
1075,259.0836,89.1417,84.2347,6.7508,,false,10,0.008333,2.1064,0.0833,1.00,0.99,5.9032,22,1,40,0,53760,191,191,0,0,824999936,6.7508,0.0515,2.1064,0.6859,0.0000,0.0000
1076,259.1597,89.2167,72.9893,9.4665,,false,9,0.008333,2.8156,0.0750,1.00,1.00,3.8926,22,1,40,0,53760,191,191,0,0,825004032,9.4665,0.0788,2.8156,1.1778,0.0000,0.0000
1077,259.2354,89.2917,74.7599,10.5517,,false,9,0.008333,3.2712,0.0750,1.00,1.00,3.6525,22,1,40,0,53760,191,191,0,0,825004032,10.5517,0.1050,3.2712,1.2338,0.0000,0.0000
1078,259.3097,89.3667,75.3586,9.5044,,false,9,0.008333,2.9439,0.0750,1.00,1.00,4.0111,22,1,40,0,53760,191,191,0,0,825004032,9.5044,0.0768,2.9439,1.1461,0.0000,0.0000
1079,259.4082,89.4500,83.1307,24.9627,,false,10,0.008333,4.1876,0.0833,1.00,1.00,3.8085,22,1,40,0,53760,191,191,0,0,825004032,24.9627,0.0659,4.1876,15.3602,0.0000,0.0000
1080,259.4696,89.5250,75.3492,10.9364,,false,9,0.008333,3.4224,0.0750,1.00,1.00,4.1577,22,1,40,0,53760,191,191,0,0,825004032,10.9364,0.0985,3.4224,1.2155,0.0000,0.0000
1081,259.5438,89.6000,75.1080,9.9112,,false,9,0.008333,2.8098,0.0750,1.00,1.00,4.2657,22,1,40,0,53760,191,191,0,0,825004032,9.9112,0.0693,2.8098,1.1513,0.0000,0.0000
1082,259.6195,89.6750,75.1949,10.5632,,false,9,0.008333,3.7598,0.0750,1.00,1.00,4.4605,22,1,40,0,53760,191,191,0,0,825004032,10.5632,0.1058,3.7598,1.1955,0.0000,0.0000
1083,259.7104,89.7667,91.0249,10.4499,,false,11,0.008333,3.5124,0.0917,1.00,1.00,3.8188,22,1,40,0,53760,191,191,0,0,825004032,10.4499,0.0648,3.5124,1.2077,0.0000,0.0000
1084,259.7981,89.8417,74.9050,23.2526,,false,9,0.008333,2.9998,0.0750,1.00,1.00,3.7237,22,1,40,0,53760,191,191,0,0,825004032,23.2526,0.0617,2.9998,15.3804,0.0000,0.0000
1085,259.8605,89.9167,75.0958,10.3609,,false,9,0.008333,3.1561,0.0750,1.00,1.00,3.8195,22,1,40,0,53760,191,191,0,0,825004032,10.3609,0.0842,3.1561,1.2328,0.0000,0.0000
1086,259.9342,89.9917,74.8470,9.5608,,false,9,0.008333,2.8068,0.0750,1.00,1.00,3.6665,22,1,40,0,53760,191,191,0,0,825004032,9.5608,0.0779,2.8068,1.2380,0.0000,0.0000
1087,260.0167,90.0750,83.3285,8.6853,,false,10,0.008333,3.1083,0.0833,1.00,1.00,3.6616,22,1,40,0,53760,191,191,0,0,825004032,8.6853,0.0602,3.1083,0.8609,0.0000,0.0000
1088,260.0911,90.1500,74.7342,8.2593,,false,9,0.008333,2.5855,0.0750,1.00,1.00,3.3958,22,1,40,0,53760,191,191,0,0,825004032,8.2593,0.0608,2.5855,0.8675,0.0000,0.0000
1089,260.1747,90.2250,75.0362,16.9965,,false,9,0.008333,1.5203,0.0750,1.00,1.00,3.4320,22,1,40,0,53760,191,191,0,0,825008128,16.9965,0.0817,1.5203,10.0111,0.0000,0.0000
1090,260.2440,90.3000,75.5148,10.4743,,false,9,0.008333,3.2821,0.0750,1.00,0.99,3.9467,22,1,40,0,53760,191,191,0,0,825008128,10.4743,0.0733,3.2821,1.1954,0.0000,0.0000
1091,260.3189,90.3750,75.1426,10.2382,,false,9,0.008333,2.9976,0.0750,1.00,1.00,4.0893,22,1,40,0,53760,191,191,0,0,825008128,10.2382,0.0771,2.9976,1.2190,0.0000,0.0000
1092,260.4023,90.4583,83.1344,10.4777,,false,10,0.008333,3.6523,0.0833,1.00,1.00,3.8904,22,1,40,0,53760,191,191,0,0,825008128,10.4777,0.0744,3.6523,1.1426,0.0000,0.0000
1093,260.4780,90.5333,71.3176,14.7934,,false,9,0.008333,4.5933,0.0750,1.00,1.00,0.2079,22,1,40,0,53760,191,191,0,0,825008128,14.7934,0.1132,4.5933,1.2563,0.0000,0.0000
1094,260.5663,90.6083,78.8443,24.4660,,false,9,0.008333,2.9978,0.0750,1.00,0.95,4.0522,22,1,40,0,53760,191,191,0,0,825008128,24.4660,0.0810,2.9978,15.5036,0.0000,0.0000
1095,260.6363,90.6917,83.5978,10.9122,,false,10,0.008333,3.4946,0.0833,1.00,1.00,4.3167,22,1,40,0,53760,191,191,0,0,825008128,10.9122,0.0751,3.4946,1.1415,0.0000,0.0000
1096,260.7181,90.7750,82.9112,9.6645,,false,10,0.008333,3.1936,0.0833,1.00,1.00,3.8946,22,1,40,0,53760,191,191,0,0,825008128,9.6645,0.0705,3.1936,1.1355,0.0000,0.0000
1097,260.7930,90.8500,74.9054,9.8745,,false,9,0.008333,3.0085,0.0750,1.00,1.00,3.8000,22,1,40,0,53760,191,191,0,0,825008128,9.8745,0.0789,3.0085,1.2469,0.0000,0.0000
1098,260.8685,90.9250,74.8663,10.3599,,false,9,0.008333,3.4811,0.0750,1.00,1.00,3.6663,22,1,40,0,53760,191,191,0,0,825008128,10.3599,0.0749,3.4811,1.2345,0.0000,0.0000
1099,260.9595,91.0000,75.2267,25.9439,,false,9,0.008333,3.1396,0.0750,1.00,1.00,3.8930,22,1,40,0,53760,191,191,0,0,825008128,25.9439,0.0641,3.1396,16.8886,0.0000,0.0000
1100,261.0190,91.0750,75.2773,10.3487,,false,9,0.008333,3.1557,0.0750,1.00,1.00,4.1703,22,1,40,0,53760,191,191,0,0,825008128,10.3487,0.0843,3.1557,1.1635,0.0000,0.0000
1101,261.1021,91.1583,82.8837,10.5740,,false,10,0.008333,3.3579,0.0833,1.00,1.00,3.7206,22,1,40,0,53760,191,191,0,0,825008128,10.5740,0.0741,3.3579,1.3140,0.0000,0.0000
1102,261.1790,91.2333,75.2292,12.2384,,false,9,0.008333,3.9068,0.0750,1.00,1.00,3.9498,22,1,40,0,53760,191,191,0,0,825012224,12.2384,0.0832,3.9068,1.3567,0.0000,0.0000
1103,261.2611,91.3167,83.2668,11.0554,,false,10,0.008333,3.7551,0.0833,1.00,1.00,3.8833,22,1,40,0,53760,191,191,0,0,825012224,11.0554,0.0669,3.7551,1.1497,0.0000,0.0000
1104,261.3436,91.3917,74.7164,18.9802,,false,9,0.008333,2.7491,0.0750,1.00,1.00,3.5996,22,1,40,0,53760,191,191,0,0,825012224,18.9802,0.0598,2.7491,11.8026,0.0000,0.0000
1105,261.4098,91.4667,74.9469,10.1600,,false,9,0.008333,2.9229,0.0750,1.00,1.00,3.5466,22,1,40,0,53760,191,191,0,0,825012224,10.1600,0.0726,2.9229,1.4240,0.0000,0.0000
1106,261.4869,91.5417,75.7718,11.3830,,false,9,0.008333,3.2257,0.0750,1.00,0.99,4.3184,22,1,40,0,53760,191,191,0,0,825397248,11.3830,0.0980,3.2257,1.1663,0.0000,0.0000
1107,261.5758,91.6250,84.2185,16.2812,,false,10,0.008333,3.2566,0.0833,1.00,0.99,5.2036,22,1,40,0,53760,191,191,0,0,826114048,16.2812,0.0806,3.2566,1.2569,0.0000,0.0000
1108,261.6600,91.7167,90.2414,10.0747,,false,11,0.008333,3.7114,0.0917,1.00,1.00,3.7783,22,1,40,0,53760,191,191,0,0,826118144,10.0747,0.0658,3.7114,1.1132,0.0000,0.0000
1109,261.7480,91.7917,74.9194,23.2558,,false,9,0.008333,2.9704,0.0750,1.00,1.00,3.6977,22,1,40,0,53760,191,191,0,0,826363904,23.2558,0.0624,2.9704,15.4024,0.0000,0.0000
1110,261.8121,91.8667,74.8744,12.1131,,false,9,0.008333,3.9370,0.0750,1.00,1.00,3.5721,22,1,40,0,53760,191,191,0,0,826363904,12.1131,0.1023,3.9370,1.5069,0.0000,0.0000
1111,261.8954,91.9500,83.9888,11.6578,,false,10,0.008333,3.8082,0.0833,1.00,0.99,4.2275,22,1,40,0,53760,191,191,0,0,826363904,11.6578,0.0742,3.8082,1.2144,0.0000,0.0000
1112,261.9689,92.0250,74.4024,10.7636,,false,9,0.008333,2.8872,0.0750,1.00,1.00,3.6299,22,1,40,0,53760,191,191,0,0,826363904,10.7636,0.1611,2.8872,1.2442,0.0000,0.0000
1113,262.0486,92.1083,83.1309,7.5930,,false,10,0.008333,2.0782,0.0833,1.00,1.00,3.4275,22,1,40,0,53760,191,191,0,0,826363904,7.5930,0.0638,2.0782,0.8518,0.0000,0.0000
1114,262.1376,92.1833,77.4158,19.0432,,false,9,0.008333,2.3913,0.0750,1.00,0.97,5.8433,22,1,40,0,53760,191,191,0,0,826363904,19.0432,0.0639,2.3913,11.4395,0.0000,0.0000
1115,262.2096,92.2667,82.4299,8.7029,,false,10,0.008333,2.9105,0.0833,1.00,1.00,4.9399,22,1,40,0,53760,191,191,0,0,826363904,8.7029,0.0973,2.9105,0.9264,0.0000,0.0000
1116,262.2878,92.3417,75.2300,11.3397,,false,9,0.008333,3.1456,0.0750,1.00,1.00,5.1699,22,1,40,0,53760,191,191,0,0,826368000,11.3397,0.0869,3.1456,1.6684,0.0000,0.0000
1117,262.3703,92.4250,84.2738,9.7634,,false,10,0.008333,3.1592,0.0833,1.00,0.99,6.1104,22,1,40,0,53760,191,191,0,0,826368000,9.7634,0.0726,3.1592,1.1490,0.0000,0.0000
1118,262.4462,92.5000,75.1090,10.6055,,false,9,0.008333,3.0208,0.0750,1.00,1.00,6.2194,22,1,40,0,53760,191,191,0,0,826368000,10.6055,0.0718,3.0208,1.1948,0.0000,0.0000
1119,262.5391,92.5750,75.6066,27.5978,,false,9,0.008333,3.9785,0.0750,1.00,0.99,6.8260,22,1,40,0,53760,191,191,0,0,826368000,27.5978,0.0646,3.9785,18.0148,0.0000,0.0000
1120,262.6000,92.6583,81.1665,7.5903,,false,10,0.008333,2.0071,0.0833,1.00,1.00,4.6592,22,1,40,0,53760,191,191,0,0,826368000,7.5903,0.0921,2.0071,0.8591,0.0000,0.0000
1121,262.6930,92.7500,91.7050,8.9152,,false,11,0.008333,2.9149,0.0917,1.00,1.00,4.6975,22,1,40,0,53760,191,191,0,0,826368000,8.9152,0.0726,2.9149,1.0370,0.0000,0.0000
1122,262.7691,92.8250,75.2605,9.8277,,false,9,0.008333,2.5609,0.0750,1.00,1.00,4.9581,22,1,40,0,53760,191,191,0,0,826368000,9.8277,0.0857,2.5609,1.0155,0.0000,0.0000
1123,262.8500,92.9083,83.2594,7.5728,,false,10,0.008333,2.1375,0.0833,1.00,1.00,4.8841,22,1,40,0,53760,191,191,0,0,826368000,7.5728,0.0626,2.1375,0.8234,0.0000,0.0000
1124,262.9515,92.9917,83.3595,25.5570,,false,10,0.008333,4.2443,0.0833,1.00,1.00,4.9102,22,1,40,0,53760,191,191,0,0,826368000,25.5570,0.0727,4.2443,15.8081,0.0000,0.0000
1125,263.0151,93.0667,75.6677,13.0488,,false,9,0.008333,3.6121,0.0750,1.00,0.99,5.5779,22,1,40,0,53760,191,191,0,0,826368000,13.0488,0.0723,3.6121,1.2939,0.0000,0.0000
1126,263.0960,93.1500,83.8149,10.5686,,false,10,0.008333,3.6588,0.0833,1.00,0.99,6.0594,22,1,40,0,53760,191,191,0,0,826507264,10.5686,0.0745,3.6588,1.2154,0.0000,0.0000
1127,263.1699,93.2250,72.5402,11.1608,,false,9,0.008333,3.1069,0.0750,1.00,1.00,3.5997,22,1,40,0,53760,191,191,0,0,826507264,11.1608,0.0767,3.1069,1.9925,0.0000,0.0000
1128,263.2547,93.3083,83.9549,12.6580,,false,10,0.008333,3.6074,0.0833,1.00,0.99,4.2212,22,1,40,0,53760,191,191,0,0,826507264,12.6580,0.0739,3.6074,1.1719,0.0000,0.0000
1129,263.3500,93.3917,83.2505,24.7064,,false,10,0.008333,4.0396,0.0833,1.00,1.00,4.1383,22,1,40,0,53760,191,191,0,0,826511360,24.7064,0.0672,4.0396,15.1756,0.0000,0.0000
1130,263.4197,93.4750,83.8171,10.6694,,false,10,0.008333,3.3628,0.0833,1.00,0.99,4.6221,22,1,40,0,53760,191,191,0,0,826511360,10.6694,0.0698,3.3628,0.9633,0.0000,0.0000
1131,263.4946,93.5500,74.7512,10.8142,,false,9,0.008333,3.2058,0.0750,1.00,1.00,4.3733,22,1,40,0,53760,191,191,0,0,826511360,10.8142,0.0787,3.2058,1.2516,0.0000,0.0000
1132,263.5765,93.6333,83.9267,8.8073,,false,10,0.008333,1.9824,0.0833,1.00,0.99,4.9666,22,1,40,0,53760,191,191,0,0,826511360,8.8073,0.1086,1.9824,0.9552,0.0000,0.0000
1133,263.6703,93.7250,90.5484,11.7637,,false,11,0.008333,4.0065,0.0917,1.00,1.00,3.8484,22,1,40,0,53760,191,191,0,0,826511360,11.7637,0.0736,4.0065,1.1401,0.0000,0.0000
1134,263.7586,93.8083,83.0122,17.4311,,false,10,0.008333,2.4045,0.0833,1.00,1.00,3.5272,22,1,40,0,53760,191,191,0,0,826511360,17.4311,0.0579,2.4045,9.8457,0.0000,0.0000
1135,263.8238,93.8833,75.6566,7.2047,,false,9,0.008333,2.1935,0.0750,1.00,0.99,4.1838,22,1,40,0,53760,191,191,0,0,826511360,7.2047,0.0753,2.1935,0.8512,0.0000,0.0000
1136,263.9103,93.9667,83.1474,10.1590,,false,10,0.008333,3.5049,0.0833,1.00,1.00,3.9979,22,1,40,0,53760,191,191,0,0,826511360,10.1590,0.0741,3.5049,1.2172,0.0000,0.0000
1137,263.9865,94.0417,75.0406,11.3200,,false,9,0.008333,2.8464,0.0750,1.00,1.00,4.0385,22,1,40,0,53760,191,191,0,0,826511360,11.3200,0.0765,2.8464,1.0753,0.0000,0.0000
1138,264.0582,94.1167,74.6084,8.5206,,false,9,0.008333,1.9499,0.0750,1.00,1.00,3.6469,22,1,40,0,53760,191,191,0,0,826511360,8.5206,0.0580,1.9499,0.8285,0.0000,0.0000
1139,264.1489,94.1917,75.4791,23.6323,,false,9,0.008333,3.2538,0.0750,1.00,0.99,4.1260,22,1,40,0,53760,191,191,0,0,826511360,23.6323,0.0622,3.2538,15.3932,0.0000,0.0000
1140,264.2190,94.2750,83.3511,10.4080,,false,10,0.008333,3.6394,0.0833,1.00,1.00,4.1438,22,1,40,0,53760,191,191,0,0,826511360,10.4080,0.0726,3.6394,1.1246,0.0000,0.0000
1141,264.2934,94.3500,74.8844,9.8427,,false,9,0.008333,2.8789,0.0750,1.00,1.00,4.0282,22,1,40,0,53760,191,191,0,0,826511360,9.8427,0.0645,2.8789,1.2206,0.0000,0.0000
1142,264.3657,94.4250,74.9494,7.4144,,false,9,0.008333,2.0580,0.0750,1.00,1.00,3.9776,22,1,40,0,53760,191,191,0,0,826515456,7.4144,0.0590,2.0580,0.8179,0.0000,0.0000
1143,264.4437,94.5000,75.1683,10.0862,,false,9,0.008333,3.1988,0.0750,1.00,1.00,4.1459,22,1,40,0,53760,191,191,0,0,826515456,10.0862,0.0728,3.1988,1.2180,0.0000,0.0000
1144,264.5348,94.5750,74.8957,26.2158,,false,9,0.008333,3.9259,0.0750,1.00,1.00,4.0416,22,1,40,0,53760,191,191,0,0,826515456,26.2158,0.0649,3.9259,15.4359,0.0000,0.0000
1145,264.6040,94.6583,82.9904,12.5342,,false,10,0.008333,4.2011,0.0833,1.00,1.00,3.6987,22,1,40,0,53760,191,191,0,0,826515456,12.5342,0.0967,4.2011,1.3990,0.0000,0.0000
1146,264.6820,94.7417,83.3104,7.3409,,false,10,0.008333,2.2858,0.0833,1.00,1.00,3.6758,22,1,40,0,53760,191,191,0,0,826515456,7.3409,0.0584,2.2858,0.7945,0.0000,0.0000
1147,264.7691,94.8250,83.6430,10.6740,,false,10,0.008333,3.2995,0.0833,1.00,1.00,3.9854,22,1,40,0,53760,191,191,0,0,826515456,10.6740,0.0905,3.2995,1.3412,0.0000,0.0000
1148,264.8434,94.9000,75.1887,9.6654,,false,9,0.008333,2.9292,0.0750,1.00,1.00,4.1741,22,1,40,0,53760,191,191,0,0,826515456,9.6654,0.0966,2.9292,1.3539,0.0000,0.0000
1149,264.9314,94.9750,74.9593,22.6567,,false,9,0.008333,3.0798,0.0750,1.00,1.00,4.1334,22,1,40,0,53760,191,191,0,0,826515456,22.6567,0.0707,3.0798,13.7650,0.0000,0.0000
1150,264.9941,95.0500,75.1622,10.1647,,false,9,0.008333,3.0989,0.0750,1.00,1.00,4.2956,22,1,40,0,53760,191,191,0,0,826515456,10.1647,0.1201,3.0989,1.1680,0.0000,0.0000
1151,265.0744,95.1333,82.9568,7.8373,,false,10,0.008333,2.5463,0.0833,1.00,1.00,3.9191,22,1,40,0,53760,191,191,0,0,826515456,7.8373,0.0540,2.5463,0.9205,0.0000,0.0000
1152,265.1511,95.2083,75.1647,9.2093,,false,9,0.008333,2.9969,0.0750,1.00,1.00,4.0838,22,1,40,0,53760,191,191,0,0,826515456,9.2093,0.0675,2.9969,1.1508,0.0000,0.0000
1153,265.2290,95.2833,75.7894,11.2700,,false,9,0.008333,3.2869,0.0750,1.00,0.99,4.8732,22,1,40,0,53760,191,191,0,0,826515456,11.2700,0.0730,3.2869,1.2108,0.0000,0.0000
1154,265.3110,95.3583,74.0913,19.1632,,false,9,0.008333,2.7892,0.0750,1.00,1.00,3.9645,22,1,40,0,53760,191,191,0,0,826515456,19.1632,0.0501,2.7892,12.0888,0.0000,0.0000
1155,265.3728,95.4333,74.7828,6.2896,,false,9,0.008333,1.7476,0.0750,1.00,1.00,3.7472,22,1,40,0,53760,191,191,0,0,826519552,6.2896,0.0561,1.7476,0.6964,0.0000,0.0000
1156,265.4604,95.5167,83.5870,10.2370,,false,10,0.008333,3.3447,0.0833,1.00,1.00,4.0009,22,1,40,0,53760,191,191,0,0,826519552,10.2370,0.0680,3.3447,1.1061,0.0000,0.0000
1157,265.5360,95.5917,75.0659,10.6732,,false,9,0.008333,2.7974,0.0750,1.00,1.00,4.0668,22,1,40,0,53760,191,191,0,0,826519552,10.6732,0.0959,2.7974,1.3601,0.0000,0.0000
1158,265.6109,95.6667,75.5468,10.0174,,false,9,0.008333,3.0723,0.0750,1.00,0.99,4.6136,22,1,40,0,53760,191,191,0,0,826519552,10.0174,0.0999,3.0723,1.1725,0.0000,0.0000
1159,265.7169,95.7583,91.2494,24.7403,,false,11,0.008333,3.7500,0.0917,1.00,1.00,4.1964,22,1,40,0,53760,191,191,0,0,826519552,24.7403,0.0691,3.7500,15.3829,0.0000,0.0000
1160,265.7773,95.8333,74.9018,10.2396,,false,9,0.008333,3.0324,0.0750,1.00,1.00,4.0981,22,1,40,0,53760,191,191,0,0,826519552,10.2396,0.0846,3.0324,1.2005,0.0000,0.0000
1161,265.8599,95.9167,83.1358,9.8792,,false,10,0.008333,3.2284,0.0833,1.00,1.00,3.9006,22,1,40,0,53760,191,191,0,0,826519552,9.8792,0.0832,3.2284,1.1205,0.0000,0.0000
1162,265.9362,95.9917,75.0980,11.0501,,false,9,0.008333,3.0954,0.0750,1.00,1.00,3.9987,22,1,40,0,53760,191,191,0,0,826519552,11.0501,0.0916,3.0954,1.4373,0.0000,0.0000
1163,266.0194,96.0750,83.4657,10.5024,,false,10,0.008333,3.1717,0.0833,1.00,1.00,4.1310,22,1,40,0,53760,191,191,0,0,826519552,10.5024,0.0775,3.1717,1.2734,0.0000,0.0000
1164,266.1121,96.1500,77.3534,26.1096,,false,9,0.008333,3.1431,0.0750,1.00,0.97,6.4844,22,1,40,0,53760,191,191,0,0,826519552,26.1096,0.0646,3.1431,17.5035,0.0000,0.0000
1165,266.1776,96.2333,81.9864,9.5742,,false,10,0.008333,3.0710,0.0833,1.00,1.00,5.1375,22,1,40,0,53760,191,191,0,0,826519552,9.5742,0.0696,3.0710,1.2094,0.0000,0.0000
1166,266.2535,96.3083,75.5877,9.9199,,false,9,0.008333,2.9013,0.0750,1.00,0.99,5.7253,22,1,40,0,53760,191,191,0,0,826519552,9.9199,0.0799,2.9013,1.4063,0.0000,0.0000
1167,266.3396,96.3917,83.3384,10.7205,,false,10,0.008333,3.2569,0.0833,1.00,1.00,5.7303,22,1,40,0,53760,191,191,0,0,826519552,10.7205,0.0903,3.2569,1.3738,0.0000,0.0000
1168,266.4120,96.4667,74.5190,10.4477,,false,9,0.008333,2.9725,0.0750,1.00,1.00,5.2493,22,1,40,0,53760,191,191,0,0,826523648,10.4477,0.1024,2.9725,1.5676,0.0000,0.0000
1169,266.5012,96.5417,75.8029,24.1345,,false,9,0.008333,3.1793,0.0750,1.00,0.99,6.0522,22,1,40,0,53760,191,191,0,0,826523648,24.1345,0.0654,3.1793,15.7647,0.0000,0.0000
1170,266.5702,96.6250,82.2440,10.4971,,false,10,0.008333,3.2901,0.0833,1.00,1.00,4.9629,22,1,40,0,53760,191,191,0,0,826523648,10.4971,0.0790,3.2901,1.2107,0.0000,0.0000
1171,266.6536,96.7083,83.1199,10.9559,,false,10,0.008333,3.3449,0.0833,1.00,1.00,4.7495,22,1,40,0,53760,191,191,0,0,826523648,10.9559,0.1011,3.3449,1.5424,0.0000,0.0000
1172,266.7370,96.7917,83.5933,10.8794,,false,10,0.008333,3.2794,0.0833,1.00,1.00,5.0095,22,1,40,0,53760,191,191,0,0,826523648,10.8794,0.0924,3.2794,1.5601,0.0000,0.0000
1173,266.8089,96.8667,74.8138,7.9363,,false,9,0.008333,2.0201,0.0750,1.00,1.00,4.8233,22,1,40,0,53760,191,191,0,0,826523648,7.9363,0.0708,2.0201,0.9686,0.0000,0.0000
1174,266.9061,96.9500,83.5719,21.5260,,false,10,0.008333,3.4292,0.0833,1.00,1.00,5.0619,22,1,40,0,53760,191,191,0,0,826523648,21.5260,0.0555,3.4292,13.5175,0.0000,0.0000
1175,266.9674,97.0250,74.5745,7.3564,,false,9,0.008333,1.9434,0.0750,1.00,1.00,4.6364,22,1,40,0,53760,191,191,0,0,826523648,7.3564,0.0750,1.9434,0.8831,0.0000,0.0000
1176,267.0501,97.1083,82.9422,8.2607,,false,10,0.008333,1.9556,0.0833,1.00,1.00,4.2452,22,1,40,0,53760,191,191,0,0,826523648,8.2607,0.0690,1.9556,0.7739,0.0000,0.0000
1177,267.1279,97.1833,77.7615,8.0521,,false,9,0.008333,2.0394,0.0750,1.00,0.96,7.0067,22,1,40,0,53760,191,191,0,0,826523648,8.0521,0.0727,2.0394,0.7940,0.0000,0.0000
1178,267.2296,97.2667,81.2486,26.3055,,false,10,0.008333,2.8875,0.0833,1.00,1.00,4.9221,22,1,40,0,53760,191,191,0,0,826503168,26.3055,0.1139,2.8875,0.8619,0.0000,0.0000
1179,267.3079,97.3500,83.5610,23.0105,,false,10,0.008333,3.0700,0.0833,1.00,1.00,5.1497,22,1,40,0,53760,191,191,0,0,826503168,23.0105,0.0678,3.0700,13.4092,0.0000,0.0000
1180,267.3774,97.4333,82.3024,10.2586,,false,10,0.008333,3.5493,0.0833,1.00,1.00,4.1188,22,1,40,0,53760,191,191,0,0,826503168,10.2586,0.0739,3.5493,1.0718,0.0000,0.0000
1181,267.4631,97.5167,84.0378,11.9592,,false,10,0.008333,4.1050,0.0833,1.00,0.99,4.8233,22,1,40,0,53760,191,191,0,0,826507264,11.9592,0.0831,4.1050,1.2585,0.0000,0.0000
1182,267.5537,97.6000,83.1605,17.0901,,false,10,0.008333,5.0902,0.0833,1.00,1.00,4.6505,22,1,40,0,53760,191,191,0,0,826507264,17.0901,0.0873,5.0902,1.2020,0.0000,0.0000
1183,267.6320,97.6833,84.1002,13.4819,,false,10,0.008333,4.0744,0.0833,1.00,0.99,5.4174,22,1,40,0,53760,191,191,0,0,826507264,13.4819,0.0989,4.0744,1.8132,0.0000,0.0000
1184,267.7336,97.7750,90.4371,24.7804,,false,11,0.008333,3.8368,0.0917,1.00,1.00,4.1878,22,1,40,0,53760,191,191,0,0,826507264,24.7804,0.0658,3.8368,15.7618,0.0000,0.0000
1185,267.8025,97.8583,83.1430,10.7072,,false,10,0.008333,4.0915,0.0833,1.00,1.00,3.9975,22,1,40,0,53760,191,191,0,0,826507264,10.7072,0.0710,4.0915,1.2684,0.0000,0.0000
1186,267.8771,97.9333,75.2995,9.8293,,false,9,0.008333,3.1534,0.0750,1.00,1.00,4.2970,22,1,40,0,53760,191,191,0,0,826507264,9.8293,0.0782,3.1534,1.2460,0.0000,0.0000
1187,267.9522,98.0083,74.8801,10.0222,,false,9,0.008333,3.0813,0.0750,1.00,1.00,4.1771,22,1,40,0,53760,191,191,0,0,826507264,10.0222,0.0657,3.0813,1.2054,0.0000,0.0000
1188,268.0278,98.0833,75.0157,10.8210,,false,9,0.008333,2.9120,0.0750,1.00,1.00,4.1928,22,1,40,0,53760,191,191,0,0,826507264,10.8210,0.0935,2.9120,1.2990,0.0000,0.0000
1189,268.1154,98.1583,74.9133,23.4527,,false,9,0.008333,3.1392,0.0750,1.00,1.00,4.1061,22,1,40,0,53760,191,191,0,0,826507264,23.4527,0.0683,3.1392,15.2991,0.0000,0.0000
1190,268.1779,98.2333,75.5065,10.4563,,false,9,0.008333,3.1759,0.0750,1.00,0.99,4.6127,22,1,40,0,53760,191,191,0,0,826507264,10.4563,0.1012,3.1759,1.1996,0.0000,0.0000
1191,268.2545,98.3083,75.0491,12.2800,,false,9,0.008333,3.8570,0.0750,1.00,1.00,4.6618,22,1,40,0,53760,191,191,0,0,826507264,12.2800,0.0896,3.8570,1.2018,0.0000,0.0000
1192,268.3336,98.3917,82.4611,8.5990,,false,10,0.008333,2.7323,0.0833,1.00,1.00,3.7896,22,1,40,0,53760,191,191,0,0,826507264,8.5990,0.0830,2.7323,0.8928,0.0000,0.0000
1193,268.4194,98.4750,83.7732,10.6511,,false,10,0.008333,3.3158,0.0833,1.00,0.99,4.2295,22,1,40,0,53760,191,191,0,0,826507264,10.6511,0.0781,3.3158,1.2163,0.0000,0.0000
1194,268.5092,98.5500,75.6129,25.0357,,false,9,0.008333,3.1082,0.0750,1.00,0.99,4.8424,22,1,40,0,53760,191,191,0,0,826511360,25.0357,0.0661,3.1082,16.0864,0.0000,0.0000
1195,268.5787,98.6333,82.9794,11.4040,,false,10,0.008333,3.2905,0.0833,1.00,1.00,4.4885,22,1,40,0,53760,191,191,0,0,826511360,11.4040,0.0621,3.2905,1.2691,0.0000,0.0000
1196,268.6705,98.7250,92.2500,10.9600,,false,11,0.008333,3.7782,0.0917,1.00,0.99,5.0718,22,1,40,0,53760,191,191,0,0,826511360,10.9600,0.0755,3.7782,1.1396,0.0000,0.0000
1197,268.7426,98.8000,73.9067,9.1790,,false,9,0.008333,3.0444,0.0750,1.00,1.00,3.9785,22,1,40,0,53760,191,191,0,0,826511360,9.1790,0.0669,3.0444,1.1098,0.0000,0.0000
1198,268.8202,98.8750,75.2567,11.4212,,false,9,0.008333,2.8679,0.0750,1.00,1.00,4.2352,22,1,40,0,53760,191,191,0,0,826511360,11.4212,0.0715,2.8679,1.1462,0.0000,0.0000
1199,268.9115,98.9500,75.0068,27.7778,,false,9,0.008333,3.2513,0.0750,1.00,1.00,4.2419,22,1,40,0,53760,191,191,0,0,826511360,27.7778,0.0644,3.2513,18.9732,0.0000,0.0000
1200,268.9688,99.0250,75.1858,9.9014,,false,9,0.008333,3.0352,0.0750,1.00,1.00,4.4277,22,1,40,0,53760,191,191,0,0,826511360,9.9014,0.0759,3.0352,1.1327,0.0000,0.0000
1201,269.0425,99.1000,74.9229,8.7208,,false,9,0.008333,2.5604,0.0750,1.00,1.00,4.3507,22,1,40,0,53760,191,191,0,0,826511360,8.7208,0.0690,2.5604,1.1074,0.0000,0.0000
1202,269.1183,99.1750,74.9328,9.5477,,false,9,0.008333,3.0837,0.0750,1.00,1.00,4.2835,22,1,40,0,53760,191,191,0,0,826511360,9.5477,0.0695,3.0837,1.2192,0.0000,0.0000
1203,269.1945,99.2500,75.1939,10.4710,,false,9,0.008333,3.3930,0.0750,1.00,1.00,4.4774,22,1,40,0,53760,191,191,0,0,826511360,10.4710,0.0724,3.3930,1.1292,0.0000,0.0000
1204,269.2846,99.3250,75.4264,25.1254,,false,9,0.008333,3.1595,0.0750,1.00,0.99,4.9039,22,1,40,0,53760,191,191,0,0,826511360,25.1254,0.0856,3.1595,16.7125,0.0000,0.0000
1205,269.3425,99.4000,74.5677,8.5091,,false,9,0.008333,2.6310,0.0750,1.00,1.00,4.4715,22,1,40,0,53760,191,191,0,0,826511360,8.5091,0.0636,2.6310,0.9666,0.0000,0.0000
1206,269.4194,99.4750,74.9852,10.3085,,false,9,0.008333,2.9374,0.0750,1.00,1.00,4.4568,22,1,40,0,53760,191,191,0,0,826511360,10.3085,0.0762,2.9374,1.2079,0.0000,0.0000
1207,269.4942,99.5500,75.0987,10.1543,,false,9,0.008333,2.9836,0.0750,1.00,1.00,4.5555,22,1,40,0,53760,191,191,0,0,826515456,10.1543,0.0931,2.9836,1.1513,0.0000,0.0000
1208,269.5788,99.6333,82.8372,11.6873,,false,10,0.008333,3.3606,0.0833,1.00,1.00,4.0594,22,1,40,0,53760,191,191,0,0,826515456,11.6873,0.0786,3.3606,1.2257,0.0000,0.0000
1209,269.6742,99.7167,83.3725,23.7976,,false,10,0.008333,3.4596,0.0833,1.00,1.00,4.0986,22,1,40,0,53760,191,191,0,0,826515456,23.7976,0.0612,3.4596,15.3524,0.0000,0.0000
1210,269.7361,99.7917,74.8231,10.8184,,false,9,0.008333,2.9664,0.0750,1.00,1.00,3.9217,22,1,40,0,53760,191,191,0,0,826515456,10.8184,0.0712,2.9664,1.1784,0.0000,0.0000
1211,269.8121,99.8667,75.5364,11.5438,,false,9,0.008333,4.0024,0.0750,1.00,0.99,4.4580,22,1,40,0,53760,191,191,0,0,826515456,11.5438,0.0748,4.0024,1.2142,0.0000,0.0000
1212,269.8951,99.9500,83.3637,11.1544,,false,10,0.008333,3.8203,0.0833,1.00,1.00,4.4884,22,1,40,0,53760,191,191,0,0,826515456,11.1544,0.0775,3.8203,1.3151,0.0000,0.0000
1213,269.9688,100.0250,74.6532,10.1486,,false,9,0.008333,2.9018,0.0750,1.00,1.00,4.1416,22,1,40,0,53760,191,191,0,0,826515456,10.1486,0.0741,2.9018,1.1226,0.0000,0.0000
1214,270.0547,100.1000,75.1650,20.8019,,false,9,0.008333,2.5184,0.0750,1.00,1.00,4.3066,22,1,40,0,53760,191,191,0,0,826515456,20.8019,0.0638,2.5184,12.4153,0.0000,0.0000
1215,270.1212,100.1750,77.6236,9.8981,,false,9,0.008333,3.0982,0.0750,1.00,0.97,6.9303,22,1,40,0,53760,191,191,0,0,826515456,9.8981,0.0907,3.0982,1.3089,0.0000,0.0000
1216,270.1953,100.2500,73.8495,9.9908,,false,9,0.008333,3.1717,0.0750,1.00,1.00,5.7797,22,1,40,0,53760,191,191,0,0,826515456,9.9908,0.0785,3.1717,1.1917,0.0000,0.0000
1217,270.2703,100.3250,74.3825,10.6968,,false,9,0.008333,2.8571,0.0750,1.00,1.00,5.1622,22,1,40,0,53760,191,191,0,0,826515456,10.6968,0.0949,2.8571,1.5561,0.0000,0.0000
1218,270.3434,100.4000,74.9624,8.7192,,false,9,0.008333,2.6111,0.0750,1.00,1.00,5.1246,22,1,40,0,53760,191,191,0,0,826515456,8.7192,0.0691,2.6111,0.9304,0.0000,0.0000
1219,270.4344,100.4750,76.0251,23.7675,,false,9,0.008333,2.9948,0.0750,1.00,0.99,6.1497,22,1,40,0,53760,191,191,0,0,826515456,23.7675,0.0617,2.9948,15.4153,0.0000,0.0000
1220,270.5039,100.5583,83.0186,10.2385,,false,10,0.008333,3.3755,0.0833,1.00,1.00,5.8350,22,1,40,0,53760,191,191,0,0,826515456,10.2385,0.0784,3.3755,1.1603,0.0000,0.0000
1221,270.5781,100.6333,74.2017,10.4000,,false,9,0.008333,3.2894,0.0750,1.00,1.00,5.0367,22,1,40,0,53760,191,191,0,0,826519552,10.4000,0.1278,3.2894,1.1509,0.0000,0.0000
1222,270.6605,100.7167,83.9552,8.5326,,false,10,0.008333,2.7601,0.0833,1.00,0.99,5.6585,22,1,40,0,53760,191,191,0,0,826519552,8.5326,0.0963,2.7601,0.9103,0.0000,0.0000
1223,270.7435,100.8000,82.6262,9.2075,,false,10,0.008333,3.1814,0.0833,1.00,1.00,4.9514,22,1,40,0,53760,191,191,0,0,826519552,9.2075,0.0905,3.1814,1.1791,0.0000,0.0000
1224,270.8359,100.8750,75.4549,26.0060,,false,9,0.008333,3.6140,0.0750,1.00,0.99,5.4063,22,1,40,0,53760,191,191,0,0,826519552,26.0060,0.0701,3.6140,16.7245,0.0000,0.0000
1225,270.8965,100.9500,74.7175,11.8892,,false,9,0.008333,3.5836,0.0750,1.00,1.00,5.1238,22,1,40,0,53760,191,191,0,0,826519552,11.8892,0.1160,3.5836,1.2237,0.0000,0.0000
1226,270.9682,101.0250,75.9648,7.4917,,false,9,0.008333,2.0201,0.0750,1.00,0.99,6.0886,22,1,40,0,53760,191,191,0,0,826519552,7.4917,0.0742,2.0201,0.8734,0.0000,0.0000
1227,271.0518,101.1083,83.7436,7.5896,,false,10,0.008333,2.4273,0.0833,1.00,1.00,6.4988,22,1,40,0,53760,191,191,0,0,826519552,7.5896,0.0604,2.4273,0.8354,0.0000,0.0000
1228,271.1279,101.1833,72.9379,10.7161,,false,9,0.008333,3.9748,0.0750,1.00,1.00,4.4368,22,1,40,0,53760,191,191,0,0,826519552,10.7161,0.0848,3.9748,1.1568,0.0000,0.0000
1229,271.2168,101.2583,74.6952,24.8844,,false,9,0.008333,3.8824,0.0750,1.00,1.00,4.1320,22,1,40,0,53760,191,191,0,0,826519552,24.8844,0.0653,3.8824,15.4774,0.0000,0.0000
1230,271.2772,101.3333,75.2830,10.0763,,false,9,0.008333,2.8307,0.0750,1.00,1.00,4.4150,22,1,40,0,53760,191,191,0,0,826519552,10.0763,0.0745,2.8307,1.3729,0.0000,0.0000
1231,271.3512,101.4083,75.0656,8.8905,,false,9,0.008333,2.7412,0.0750,1.00,1.00,4.4806,22,1,40,0,53760,191,191,0,0,826519552,8.8905,0.0707,2.7412,1.2709,0.0000,0.0000
1232,271.4275,101.4833,75.0138,9.9832,,false,9,0.008333,3.1103,0.0750,1.00,1.00,4.4944,22,1,40,0,53760,191,191,0,0,826519552,9.9832,0.0721,3.1103,1.1703,0.0000,0.0000
1233,271.5024,101.5583,74.7282,10.0667,,false,9,0.008333,2.9551,0.0750,1.00,1.00,4.2227,22,1,40,0,53760,191,191,0,0,826519552,10.0667,0.0774,2.9551,1.1531,0.0000,0.0000
1234,271.5892,101.6333,75.5175,21.4617,,false,9,0.008333,2.1461,0.0750,1.00,0.99,4.7402,22,1,40,0,53760,191,191,0,0,826523648,21.4617,0.0798,2.1461,13.9786,0.0000,0.0000
1235,271.6667,101.7250,91.2581,7.9411,,false,11,0.008333,2.5861,0.0917,1.00,1.00,4.3316,22,1,40,0,53760,191,191,0,0,826523648,7.9411,0.0714,2.5861,0.8656,0.0000,0.0000
1236,271.7430,101.8000,74.6852,9.4055,,false,9,0.008333,2.9708,0.0750,1.00,1.00,4.0168,22,1,40,0,53760,191,191,0,0,826523648,9.4055,0.0745,2.9708,1.2129,0.0000,0.0000
1237,271.8199,101.8750,75.1482,11.2526,,false,9,0.008333,2.9966,0.0750,1.00,1.00,4.1651,22,1,40,0,53760,191,191,0,0,826523648,11.2526,0.0815,2.9966,1.4039,0.0000,0.0000
1238,271.8937,101.9500,75.0228,9.8394,,false,9,0.008333,3.1548,0.0750,1.00,1.00,4.1879,22,1,40,0,53760,191,191,0,0,826523648,9.8394,0.0737,3.1548,1.1702,0.0000,0.0000
1239,271.9830,102.0250,75.3974,24.2085,,false,9,0.008333,3.2368,0.0750,1.00,0.99,4.5853,22,1,40,0,53760,191,191,0,0,826523648,24.2085,0.0643,3.2368,15.6645,0.0000,0.0000
1240,272.0524,102.1083,82.9314,10.4507,,false,10,0.008333,3.7301,0.0833,1.00,1.00,4.1834,22,1,40,0,53760,191,191,0,0,826523648,10.4507,0.0683,3.7301,1.2141,0.0000,0.0000
1241,272.1279,102.1833,75.2601,10.6034,,false,9,0.008333,3.0111,0.0750,1.00,1.00,4.4436,22,1,40,0,53760,191,191,0,0,826523648,10.6034,0.0940,3.0111,1.5034,0.0000,0.0000
1242,272.2016,102.2583,75.0080,9.3802,,false,9,0.008333,3.0389,0.0750,1.00,1.00,4.4516,22,1,40,0,53760,191,191,0,0,826523648,9.3802,0.0777,3.0389,1.2527,0.0000,0.0000
1243,272.2774,102.3333,75.0306,9.9956,,false,9,0.008333,2.9149,0.0750,1.00,1.00,4.4822,22,1,40,0,53760,191,191,0,0,826523648,9.9956,0.0752,2.9149,1.2524,0.0000,0.0000
1244,272.3661,102.4083,74.9398,23.9108,,false,9,0.008333,3.0433,0.0750,1.00,1.00,4.4220,22,1,40,0,53760,191,191,0,0,826523648,23.9108,0.0637,3.0433,15.5482,0.0000,0.0000
1245,272.4291,102.4833,75.1016,11.6038,,false,9,0.008333,3.8861,0.0750,1.00,1.00,4.5236,22,1,40,0,53760,191,191,0,0,826523648,11.6038,0.0782,3.8861,1.1772,0.0000,0.0000
1246,272.5019,102.5583,74.7316,9.5854,,false,9,0.008333,2.9613,0.0750,1.00,1.00,4.2552,22,1,40,0,53760,191,191,0,0,826523648,9.5854,0.0728,2.9613,1.1601,0.0000,0.0000
1247,272.5782,102.6333,75.6138,10.2504,,false,9,0.008333,2.9910,0.0750,1.00,0.99,4.8690,22,1,40,0,53760,191,191,0,0,826527744,10.2504,0.1046,2.9910,1.2051,0.0000,0.0000
1248,272.6715,102.7250,91.0536,12.7815,,false,11,0.008333,4.0104,0.0917,1.00,1.00,4.2559,22,1,40,0,53760,191,191,0,0,826527744,12.7815,0.0766,4.0104,1.1624,0.0000,0.0000
1249,272.7578,102.8000,75.0515,23.8957,,false,9,0.008333,3.2168,0.0750,1.00,1.00,4.3074,22,1,40,0,53760,191,191,0,0,826527744,23.8957,0.0654,3.2168,15.1752,0.0000,0.0000
1250,272.8277,102.8833,82.9734,11.0527,,false,10,0.008333,3.9140,0.0833,1.00,1.00,3.9474,22,1,40,0,53760,191,191,0,0,826527744,11.0527,0.0737,3.9140,1.2061,0.0000,0.0000
1251,272.9012,102.9583,75.4015,9.0615,,false,9,0.008333,3.3322,0.0750,1.00,0.99,4.3490,22,1,40,0,53760,191,191,0,0,826527744,9.0615,0.0576,3.3322,1.4746,0.0000,0.0000
1252,272.9737,103.0333,74.4888,6.9465,,false,9,0.008333,1.9029,0.0750,1.00,1.00,3.8378,22,1,40,0,53760,191,191,0,0,826527744,6.9465,0.0576,1.9029,0.7010,0.0000,0.0000
1253,273.0530,103.1083,76.0056,10.2449,,false,9,0.008333,3.0169,0.0750,1.00,0.99,4.8434,22,1,40,0,53760,191,191,0,0,826527744,10.2449,0.0749,3.0169,1.1428,0.0000,0.0000
1254,273.1506,103.1917,83.1863,24.4916,,false,10,0.008333,3.4878,0.0833,1.00,1.00,4.6964,22,1,40,0,53760,191,191,0,0,826527744,24.4916,0.0778,3.4878,15.5632,0.0000,0.0000
1255,273.2106,103.2667,74.6721,10.1229,,false,9,0.008333,3.6016,0.0750,1.00,1.00,4.3685,22,1,40,0,53760,191,191,0,0,826527744,10.1229,0.0900,3.6016,1.3519,0.0000,0.0000
1256,273.2838,103.3417,74.6856,8.6991,,false,9,0.008333,2.8713,0.0750,1.00,1.00,4.0541,22,1,40,0,53760,191,191,0,0,826527744,8.6991,0.0796,2.8713,0.9644,0.0000,0.0000
1257,273.3612,103.4167,75.3810,10.7619,,false,9,0.008333,3.3541,0.0750,1.00,0.99,4.4350,22,1,40,0,53760,191,191,0,0,826527744,10.7619,0.0733,3.3541,1.1915,0.0000,0.0000
1258,273.4479,103.5000,84.0572,13.2155,,false,10,0.008333,4.7638,0.0833,1.00,0.99,5.1589,22,1,40,0,53760,191,191,0,0,826527744,13.2155,0.1159,4.7638,1.5179,0.0000,0.0000
1259,273.5343,103.5750,74.4142,25.1122,,false,9,0.008333,3.7739,0.0750,1.00,1.00,4.5732,22,1,40,0,53760,191,191,0,0,826527744,25.1122,0.0660,3.7739,15.5072,0.0000,0.0000
1260,273.6032,103.6583,83.0217,11.2527,,false,10,0.008333,3.6698,0.0833,1.00,1.00,4.2615,22,1,40,0,53760,191,191,0,0,826531840,11.2527,0.1132,3.6698,1.1631,0.0000,0.0000
1261,273.6943,103.7500,94.7786,7.5658,,false,11,0.008333,2.5286,0.0917,1.00,0.97,7.3734,22,1,40,0,53760,191,191,0,0,826531840,7.5658,0.0571,2.5286,0.8316,0.0000,0.0000
1262,273.7693,103.8250,72.0613,10.3664,,false,9,0.008333,3.9630,0.0750,1.00,1.00,4.4347,22,1,40,0,53760,191,191,0,0,826531840,10.3664,0.0646,3.9630,1.1318,0.0000,0.0000
1263,273.8460,103.9000,75.1183,11.8903,,false,9,0.008333,3.7888,0.0750,1.00,1.00,4.5531,22,1,40,0,53760,191,191,0,0,826531840,11.8903,0.1074,3.7888,1.2280,0.0000,0.0000
1264,273.9463,103.9833,82.9655,26.3903,,false,10,0.008333,3.0414,0.0833,1.00,1.00,4.1852,22,1,40,0,53760,191,191,0,0,826531840,26.3903,0.0691,3.0414,15.6561,0.0000,0.0000
1265,274.0016,104.0583,75.3136,9.4544,,false,9,0.008333,2.8458,0.0750,1.00,1.00,4.4988,22,1,40,0,53760,191,191,0,0,826531840,9.4544,0.0848,2.8458,1.1330,0.0000,0.0000
1266,274.0743,104.1333,74.2383,8.1293,,false,9,0.008333,2.2007,0.0750,1.00,1.00,3.7372,22,1,40,0,53760,191,191,0,0,826531840,8.1293,0.0919,2.2007,0.9477,0.0000,0.0000
1267,274.1620,104.2167,84.4607,10.9590,,false,10,0.008333,3.4774,0.0833,1.00,0.99,4.8645,22,1,40,0,53760,191,191,0,0,826392576,10.9590,0.1002,3.4774,1.2203,0.0000,0.0000
1268,274.2388,104.2917,76.2812,11.6053,,false,9,0.008333,3.1129,0.0750,1.00,0.98,6.1457,22,1,40,0,53760,191,191,0,0,826245120,11.6053,0.1208,3.1129,1.5815,0.0000,0.0000
1269,274.3358,104.3750,83.5952,24.9615,,false,10,0.008333,3.5026,0.0833,1.00,1.00,6.4075,22,1,40,0,53760,191,191,0,0,826245120,24.9615,0.0688,3.5026,15.7083,0.0000,0.0000
1270,274.3979,104.4500,75.8670,11.1687,,false,9,0.008333,4.2155,0.0750,1.00,0.99,7.2745,22,1,40,0,53760,191,191,0,0,826245120,11.1687,0.0717,4.2155,1.1133,0.0000,0.0000
1271,274.4733,104.5250,73.0643,13.3746,,false,9,0.008333,4.2890,0.0750,1.00,1.00,5.3388,22,1,40,0,53760,191,191,0,0,826245120,13.3746,0.0788,4.2890,1.4668,0.0000,0.0000
1272,274.5546,104.6083,83.4749,11.1552,,false,10,0.008333,3.3123,0.0833,1.00,1.00,5.4803,22,1,40,0,53760,191,191,0,0,826245120,11.1552,0.0820,3.3123,1.4624,0.0000,0.0000
1273,274.6295,104.6833,75.6991,10.5819,,false,9,0.008333,2.9295,0.0750,1.00,0.99,6.1794,22,1,40,0,53760,191,191,0,0,826249216,10.5819,0.0757,2.9295,1.3988,0.0000,0.0000
1274,274.7375,104.7750,91.0847,27.4496,,false,11,0.008333,4.6335,0.0917,1.00,1.00,5.5975,22,1,40,0,53760,191,191,0,0,826249216,27.4496,0.0640,4.6335,16.9917,0.0000,0.0000
1275,274.7956,104.8500,74.8566,10.6579,,false,9,0.008333,3.2489,0.0750,1.00,1.00,5.4540,22,1,40,0,53760,191,191,0,0,826249216,10.6579,0.0705,3.2489,1.2175,0.0000,0.0000
1276,274.8708,104.9250,75.0750,10.6198,,false,9,0.008333,3.2571,0.0750,1.00,1.00,5.5290,22,1,40,0,53760,191,191,0,0,826249216,10.6198,0.0774,3.2571,1.2098,0.0000,0.0000
1277,274.9469,105.0000,74.8617,11.8546,,false,9,0.008333,4.0043,0.0750,1.00,1.00,5.3907,22,1,40,0,53760,191,191,0,0,826249216,11.8546,0.0855,4.0043,1.2034,0.0000,0.0000
1278,275.0331,105.0833,84.0785,14.1739,,false,10,0.008333,4.2115,0.0833,1.00,0.99,6.1359,22,1,40,0,53760,191,191,0,0,826249216,14.1739,0.1225,4.2115,1.5626,0.0000,0.0000
1279,275.1100,105.1583,73.5087,17.7013,,false,9,0.008333,2.9521,0.0750,1.00,1.00,4.6446,22,1,40,0,53760,191,191,0,0,826249216,17.7013,0.0640,2.9521,10.0954,0.0000,0.0000
1280,275.1864,105.2417,84.0007,10.0780,,false,10,0.008333,3.1017,0.0833,1.00,0.99,5.3120,22,1,40,0,53760,191,191,0,0,826249216,10.0780,0.0908,3.1017,1.5951,0.0000,0.0000
1281,275.2679,105.3167,75.9872,15.2564,,false,9,0.008333,3.4811,0.0750,1.00,0.99,6.2992,22,1,40,0,53760,191,191,0,0,826249216,15.2564,0.1037,3.4811,1.3515,0.0000,0.0000
1282,275.3483,105.4000,84.6173,11.2248,,false,10,0.008333,3.5366,0.0833,1.00,0.98,7.5832,22,1,40,0,53760,191,191,0,0,826249216,11.2248,0.0953,3.5366,1.2117,0.0000,0.0000
1283,275.4197,105.4750,72.3179,10.1330,,false,9,0.008333,3.1662,0.0750,1.00,1.00,4.9011,22,1,40,0,53760,191,191,0,0,826249216,10.1330,0.0826,3.1662,1.2235,0.0000,0.0000
1284,275.5197,105.5583,83.1131,27.1685,,false,10,0.008333,3.4044,0.0833,1.00,1.00,4.6809,22,1,40,0,53760,191,191,0,0,826249216,27.1685,0.0764,3.4044,17.9913,0.0000,0.0000
1285,275.5806,105.6333,76.1185,11.9318,,false,9,0.008333,2.9757,0.0750,1.00,0.99,5.7994,22,1,40,0,53760,191,191,0,0,826249216,11.9318,0.1095,2.9757,1.4701,0.0000,0.0000
1286,275.6726,105.7250,90.2046,13.6034,,false,11,0.008333,4.8378,0.0917,1.00,1.00,4.3373,22,1,40,0,53760,191,191,0,0,826253312,13.6034,0.1064,4.8378,1.4158,0.0000,0.0000
1287,275.7563,105.8083,84.1729,13.3061,,false,10,0.008333,3.5365,0.0833,1.00,0.99,5.1769,22,1,40,0,53760,191,191,0,0,826253312,13.3061,0.0863,3.5365,1.3376,0.0000,0.0000
1288,275.8296,105.8833,74.7256,11.9555,,false,9,0.008333,3.9380,0.0750,1.00,1.00,4.9024,22,1,40,0,53760,191,191,0,0,826253312,11.9555,0.0733,3.9380,1.1558,0.0000,0.0000
1289,275.9257,105.9667,82.7543,25.3185,,false,10,0.008333,4.4321,0.0833,1.00,1.00,4.3234,22,1,40,0,53760,191,191,0,0,826253312,25.3185,0.0644,4.4321,15.1994,0.0000,0.0000
1290,275.9829,106.0417,75.0738,7.6279,,false,9,0.008333,2.3910,0.0750,1.00,1.00,4.3972,22,1,40,0,53760,191,191,0,0,826253312,7.6279,0.0605,2.3910,1.0077,0.0000,0.0000
1291,276.0608,106.1167,75.0072,10.0430,,false,9,0.008333,3.2182,0.0750,1.00,1.00,4.4044,22,1,40,0,53760,191,191,0,0,826253312,10.0430,0.0919,3.2182,1.2085,0.0000,0.0000
1292,276.1316,106.1917,75.0871,6.4759,,false,9,0.008333,1.9162,0.0750,1.00,1.00,4.4915,22,1,40,0,53760,191,191,0,0,826253312,6.4759,0.0529,1.9162,0.7322,0.0000,0.0000
1293,276.2169,106.2750,82.9473,8.4479,,false,10,0.008333,2.7454,0.0833,1.00,1.00,4.1054,22,1,40,0,53760,191,191,0,0,826253312,8.4479,0.0580,2.7454,0.9373,0.0000,0.0000
1294,276.3048,106.3500,75.5153,20.6418,,false,9,0.008333,3.0348,0.0750,1.00,0.99,4.6207,22,1,40,0,53760,191,191,0,0,826253312,20.6418,0.0540,3.0348,12.9205,0.0000,0.0000
1295,276.3645,106.4250,74.0428,6.4857,,false,9,0.008333,1.9038,0.0750,1.00,1.00,3.6635,22,1,40,0,53760,191,191,0,0,826253312,6.4857,0.0529,1.9038,0.6851,0.0000,0.0000
1296,276.4502,106.5083,83.6666,8.5298,,false,10,0.008333,2.2623,0.0833,1.00,1.00,3.9968,22,1,40,0,53760,191,191,0,0,826253312,8.5298,0.0521,2.2623,0.7551,0.0000,0.0000
1297,276.5269,106.5833,75.3878,9.7174,,false,9,0.008333,2.8863,0.0750,1.00,0.99,4.3846,22,1,40,0,53760,191,191,0,0,826253312,9.7174,0.0669,2.8863,1.1611,0.0000,0.0000
1298,276.6028,106.6583,75.0428,10.6725,,false,9,0.008333,3.8502,0.0750,1.00,1.00,4.4274,22,1,40,0,53760,191,191,0,0,826253312,10.6725,0.0884,3.8502,1.1886,0.0000,0.0000
1299,276.7004,106.7417,83.8244,24.0523,,false,10,0.008333,3.2258,0.0833,1.00,0.99,4.9184,22,1,40,0,53760,191,191,0,0,826257408,24.0523,0.0655,3.2258,15.4044,0.0000,0.0000
1300,276.7692,106.8250,83.0157,9.8468,,false,10,0.008333,3.4175,0.0833,1.00,1.00,4.6008,22,1,40,0,53760,191,191,0,0,826257408,9.8468,0.0666,3.4175,1.1171,0.0000,0.0000
1301,276.8423,106.9000,74.9449,8.4665,,false,9,0.008333,2.9637,0.0750,1.00,1.00,4.5457,22,1,40,0,53760,191,191,0,0,826257408,8.4665,0.0786,2.9637,0.8404,0.0000,0.0000
1302,276.9192,106.9750,74.9740,10.0503,,false,9,0.008333,2.8712,0.0750,1.00,1.00,4.5197,22,1,40,0,53760,191,191,0,0,826257408,10.0503,0.0860,2.8712,1.1924,0.0000,0.0000
1303,276.9949,107.0500,75.2938,10.3184,,false,9,0.008333,3.1658,0.0750,1.00,1.00,4.8135,22,1,40,0,53760,191,191,0,0,826257408,10.3184,0.0787,3.1658,1.3567,0.0000,0.0000
1304,277.0921,107.1333,83.5374,24.3011,,false,10,0.008333,3.2922,0.0833,1.00,1.00,5.0176,22,1,40,0,53760,191,191,0,0,826257408,24.3011,0.0663,3.2922,15.6116,0.0000,0.0000
1305,277.1498,107.2083,74.0898,8.1056,,false,9,0.008333,2.2629,0.0750,1.00,1.00,4.1074,22,1,40,0,53760,191,191,0,0,826257408,8.1056,0.0679,2.2629,0.8476,0.0000,0.0000
1306,277.2241,107.2833,75.3884,7.0810,,false,9,0.008333,2.1572,0.0750,1.00,0.99,4.4957,22,1,40,0,53760,191,191,0,0,826257408,7.0810,0.0766,2.1572,0.8397,0.0000,0.0000
1307,277.3090,107.3667,83.3660,8.4422,,false,10,0.008333,2.5240,0.0833,1.00,1.00,4.5284,22,1,40,0,53760,191,191,0,0,826257408,8.4422,0.0736,2.5240,1.1047,0.0000,0.0000
1308,277.3862,107.4417,75.2217,10.2160,,false,9,0.008333,3.1991,0.0750,1.00,1.00,4.7501,22,1,40,0,53760,191,191,0,0,826257408,10.2160,0.0802,3.1991,1.1265,0.0000,0.0000
1309,277.4726,107.5167,74.8627,21.7490,,false,9,0.008333,2.5254,0.0750,1.00,1.00,4.6128,22,1,40,0,53760,191,191,0,0,826257408,21.7490,0.0724,2.5254,14.0356,0.0000,0.0000
1310,277.5367,107.5917,75.4032,10.2946,,false,9,0.008333,3.6075,0.0750,1.00,0.99,5.0160,22,1,40,0,53760,191,191,0,0,826257408,10.2946,0.0739,3.6075,1.1834,0.0000,0.0000
1311,277.6222,107.6750,82.6934,13.0109,,false,10,0.008333,3.7826,0.0833,1.00,1.00,4.3761,22,1,40,0,53760,191,191,0,0,826257408,13.0109,0.0995,3.7826,1.4431,0.0000,0.0000
1312,277.7049,107.7583,83.6708,10.1490,,false,10,0.008333,3.4495,0.0833,1.00,1.00,4.7135,22,1,40,0,53760,191,191,0,0,826261504,10.1490,0.0749,3.4495,1.2133,0.0000,0.0000
1313,277.7783,107.8333,75.2702,10.3125,,false,9,0.008333,2.9976,0.0750,1.00,1.00,4.9837,22,1,40,0,53760,191,191,0,0,826261504,10.3125,0.0899,2.9976,1.1480,0.0000,0.0000
1314,277.8744,107.9167,82.7770,23.7507,,false,10,0.008333,3.3625,0.0833,1.00,1.00,4.4273,22,1,40,0,53760,191,191,0,0,826261504,23.7507,0.0795,3.3625,15.2788,0.0000,0.0000
1315,277.9326,107.9917,74.6632,7.5695,,false,9,0.008333,2.0733,0.0750,1.00,1.00,4.0905,22,1,40,0,53760,191,191,0,0,826351616,7.5695,0.0742,2.0733,1.0513,0.0000,0.0000
1316,278.0115,108.0667,75.8229,10.2490,,false,9,0.008333,4.1354,0.0750,1.00,0.99,4.9134,22,1,40,0,53760,191,191,0,0,826351616,10.2490,0.0662,4.1354,1.1031,0.0000,0.0000
1317,278.0873,108.1417,74.7785,11.3086,,false,9,0.008333,3.2362,0.0750,1.00,1.00,4.6919,22,1,40,0,53760,191,191,0,0,826351616,11.3086,0.0747,3.2362,1.1842,0.0000,0.0000
1318,278.1683,108.2250,83.1658,9.4418,,false,10,0.008333,2.5330,0.0833,1.00,1.00,4.5244,22,1,40,0,53760,191,191,0,0,826351616,9.4418,0.0641,2.5330,1.0719,0.0000,0.0000
1319,278.2529,108.3000,74.9754,18.9808,,false,9,0.008333,2.6122,0.0750,1.00,1.00,4.4998,22,1,40,0,53760,191,191,0,0,826351616,18.9808,0.0559,2.6122,11.7503,0.0000,0.0000
1320,278.3192,108.3750,75.2773,9.8621,,false,9,0.008333,2.9109,0.0750,1.00,1.00,4.7772,22,1,40,0,53760,191,191,0,0,826351616,9.8621,0.0721,2.9109,1.1247,0.0000,0.0000
1321,278.3971,108.4500,77.3988,10.5014,,false,9,0.008333,3.0690,0.0750,1.00,0.97,7.1759,22,1,40,0,53760,191,191,0,0,826351616,10.5014,0.0781,3.0690,1.2473,0.0000,0.0000
1322,278.4709,108.5250,74.2051,10.0986,,false,9,0.008333,2.7432,0.0750,1.00,1.00,6.3811,22,1,40,0,53760,191,191,0,0,826351616,10.0986,0.0890,2.7432,1.1659,0.0000,0.0000
1323,278.5496,108.6083,82.1205,6.7272,,false,10,0.008333,1.9485,0.0833,1.00,1.00,5.1682,22,1,40,0,53760,191,191,0,0,826351616,6.7272,0.0606,1.9485,0.7972,0.0000,0.0000
1324,278.6435,108.6833,75.7741,24.8067,,false,9,0.008333,3.2122,0.0750,1.00,0.99,5.9423,22,1,40,0,53760,191,191,0,0,826351616,24.8067,0.0716,3.2122,15.8703,0.0000,0.0000
1325,278.7217,108.7750,91.7792,11.1510,,false,11,0.008333,3.7359,0.0917,1.00,1.00,6.0548,22,1,40,0,53760,191,191,0,0,826351616,11.1510,0.0728,3.7359,1.1552,0.0000,0.0000
1326,278.7953,108.8500,74.7716,10.0033,,false,9,0.008333,3.1604,0.0750,1.00,1.00,5.8264,22,1,40,0,53760,191,191,0,0,826355712,10.0033,0.0748,3.1604,1.3762,0.0000,0.0000
1327,278.8685,108.9250,74.6311,8.4993,,false,9,0.008333,2.2597,0.0750,1.00,1.00,5.4575,22,1,40,0,53760,191,191,0,0,826355712,8.4993,0.0703,2.2597,0.9083,0.0000,0.0000
1328,278.9444,109.0000,75.8723,8.3786,,false,9,0.008333,2.4408,0.0750,1.00,0.99,6.3298,22,1,40,0,53760,191,191,0,0,826355712,8.3786,0.0671,2.4408,0.9957,0.0000,0.0000
1329,279.0446,109.0833,83.1374,25.6584,,false,10,0.008333,3.3587,0.0833,1.00,1.00,6.1338,22,1,40,0,53760,191,191,0,0,826355712,25.6584,0.0723,3.3587,16.4585,0.0000,0.0000
1330,279.1008,109.1583,74.0639,7.8194,,false,9,0.008333,2.0100,0.0750,1.00,1.00,5.1977,22,1,40,0,53760,191,191,0,0,826355712,7.8194,0.0693,2.0100,0.7892,0.0000,0.0000
1331,279.1787,109.2333,75.4002,10.1385,,false,9,0.008333,2.9071,0.0750,1.00,0.99,5.5979,22,1,40,0,53760,191,191,0,0,826355712,10.1385,0.1019,2.9071,1.1813,0.0000,0.0000
1332,279.2591,109.3167,83.9445,6.7725,,false,10,0.008333,2.0305,0.0833,1.00,0.99,6.2091,22,1,40,0,53760,191,191,0,0,826355712,6.7725,0.0790,2.0305,0.6399,0.0000,0.0000
1333,279.3384,109.3917,74.5316,11.4952,,false,9,0.008333,2.9841,0.0750,1.00,1.00,5.7407,22,1,40,0,53760,191,191,0,0,826355712,11.4952,0.0597,2.9841,1.0018,0.0000,0.0000
1334,279.4277,109.4667,76.7552,23.9723,,false,9,0.008333,3.1057,0.0750,1.00,0.98,7.4959,22,1,40,0,53760,191,191,0,0,826355712,23.9723,0.0717,3.1057,15.3201,0.0000,0.0000
1335,279.4861,109.5417,72.0690,10.2572,,false,9,0.008333,3.3471,0.0750,1.00,1.00,4.5648,22,1,40,0,53760,191,191,0,0,826396672,10.2572,0.0740,3.3471,1.1916,0.0000,0.0000
1336,279.5693,109.6250,83.2784,10.0789,,false,10,0.008333,2.9698,0.0833,1.00,1.00,4.5099,22,1,40,0,53760,191,191,0,0,826396672,10.0789,0.0760,2.9698,1.0826,0.0000,0.0000
1337,279.6533,109.7083,83.5396,10.6733,,false,10,0.008333,3.4163,0.0833,1.00,1.00,4.7163,22,1,40,0,53760,191,191,0,0,826396672,10.6733,0.0737,3.4163,1.2549,0.0000,0.0000
1338,279.7287,109.7833,75.0638,11.0168,,false,9,0.008333,3.1125,0.0750,1.00,1.00,4.7801,22,1,40,0,53760,191,191,0,0,826396672,11.0168,0.0865,3.1125,1.2061,0.0000,0.0000
1339,279.8166,109.8583,75.0843,23.8954,,false,9,0.008333,2.8500,0.0750,1.00,1.00,4.8643,22,1,40,0,53760,191,191,0,0,826400768,23.8954,0.0730,2.8500,15.3411,0.0000,0.0000
1340,279.8801,109.9333,75.2889,12.0374,,false,9,0.008333,3.0766,0.0750,1.00,1.00,5.1532,22,1,40,0,53760,191,191,0,0,826400768,12.0374,0.0792,3.0766,1.3749,0.0000,0.0000
1341,279.9536,110.0083,75.0164,10.7234,,false,9,0.008333,3.1461,0.0750,1.00,1.00,5.1697,22,1,40,0,53760,191,191,0,0,826400768,10.7234,0.0747,3.1461,1.1748,0.0000,0.0000
1342,280.0309,110.0833,75.0487,12.5286,,false,9,0.008333,2.8717,0.0750,1.00,1.00,5.2183,22,1,40,0,53760,191,191,0,0,826400768,12.5286,0.0747,2.8717,1.1755,0.0000,0.0000
1343,280.1113,110.1667,83.5386,9.5958,,false,10,0.008333,3.1535,0.0833,1.00,1.00,5.4236,22,1,40,0,53760,191,191,0,0,826400768,9.5958,0.0713,3.1535,1.2674,0.0000,0.0000
1344,280.1974,110.2417,74.1310,21.6787,,false,9,0.008333,2.1450,0.0750,1.00,1.00,4.5546,22,1,40,0,53760,191,191,0,0,826400768,21.6787,0.0653,2.1450,14.6917,0.0000,0.0000
1345,280.2604,110.3167,74.8740,9.7562,,false,9,0.008333,2.9592,0.0750,1.00,1.00,4.4286,22,1,40,0,53760,191,191,0,0,826400768,9.7562,0.0634,2.9592,1.0934,0.0000,0.0000
1346,280.3362,110.3917,75.3372,10.2225,,false,9,0.008333,3.1846,0.0750,1.00,1.00,4.7658,22,1,40,0,53760,191,191,0,0,826400768,10.2225,0.0724,3.1846,1.1577,0.0000,0.0000
1347,280.4110,110.4667,75.6640,9.3408,,false,9,0.008333,2.9239,0.0750,1.00,0.99,5.4297,22,1,40,0,53760,191,191,0,0,826400768,9.3408,0.0646,2.9239,1.2363,0.0000,0.0000
1348,280.4867,110.5417,74.4448,10.7091,,false,9,0.008333,3.6451,0.0750,1.00,1.00,4.8745,22,1,40,0,53760,191,191,0,0,826400768,10.7091,0.0740,3.6451,1.2043,0.0000,0.0000
1349,280.5766,110.6167,74.9503,25.6084,,false,9,0.008333,2.9150,0.0750,1.00,1.00,4.8248,22,1,40,0,53760,191,191,0,0,826400768,25.6084,0.0842,2.9150,16.1870,0.0000,0.0000
1350,280.6454,110.7000,83.6626,10.5800,,false,10,0.008333,3.4989,0.0833,1.00,1.00,5.1541,22,1,40,0,53760,191,191,0,0,826400768,10.5800,0.0775,3.4989,1.2613,0.0000,0.0000
1351,280.7205,110.7750,75.1858,10.5584,,false,9,0.008333,3.3666,0.0750,1.00,1.00,5.3399,22,1,40,0,53760,191,191,0,0,826400768,10.5584,0.0934,3.3666,1.2876,0.0000,0.0000
1352,280.8024,110.8583,82.7617,9.9314,,false,10,0.008333,3.2908,0.0833,1.00,1.00,4.7682,22,1,40,0,53760,191,191,0,0,826404864,9.9314,0.0698,3.2908,1.1923,0.0000,0.0000
1353,280.8786,110.9333,74.8507,11.1089,,false,9,0.008333,3.7610,0.0750,1.00,1.00,4.6189,22,1,40,0,53760,191,191,0,0,826404864,11.1089,0.0688,3.7610,1.1315,0.0000,0.0000
1354,280.9679,111.0083,75.4468,24.9789,,false,9,0.008333,2.9365,0.0750,1.00,0.99,5.0657,22,1,40,0,53760,191,191,0,0,826404864,24.9789,0.0656,2.9365,16.7907,0.0000,0.0000
1355,281.0289,111.0833,75.5093,10.4424,,false,9,0.008333,2.8177,0.0750,1.00,0.99,5.5750,22,1,40,0,53760,191,191,0,0,826404864,10.4424,0.0840,2.8177,1.6402,0.0000,0.0000
1356,281.1012,111.1583,74.1097,8.6391,,false,9,0.008333,2.6216,0.0750,1.00,1.00,4.6847,22,1,40,0,53760,191,191,0,0,826404864,8.6391,0.0628,2.6216,1.0338,0.0000,0.0000
1357,281.1785,111.2333,75.2806,10.6284,,false,9,0.008333,3.5200,0.0750,1.00,1.00,4.9653,22,1,40,0,53760,191,191,0,0,826404864,10.6284,0.0748,3.5200,1.1404,0.0000,0.0000
1358,281.2536,111.3083,75.3600,10.4376,,false,9,0.008333,3.2261,0.0750,1.00,1.00,5.3253,22,1,40,0,53760,191,191,0,0,826404864,10.4376,0.0760,3.2261,1.3415,0.0000,0.0000
1359,281.3511,111.3917,83.5978,24.2951,,false,10,0.008333,3.4583,0.0833,1.00,1.00,5.5898,22,1,40,0,53760,191,191,0,0,826404864,24.2951,0.0667,3.4583,15.5559,0.0000,0.0000
1360,281.4109,111.4667,74.2130,9.7128,,false,9,0.008333,3.1165,0.0750,1.00,1.00,4.8028,22,1,40,0,53760,191,191,0,0,826404864,9.7128,0.0698,3.1165,1.1143,0.0000,0.0000
1361,281.4876,111.5417,74.9427,11.7003,,false,9,0.008333,4.1863,0.0750,1.00,1.00,4.7454,22,1,40,0,53760,191,191,0,0,826404864,11.7003,0.0741,4.1863,1.1417,0.0000,0.0000
1362,281.5664,111.6250,82.5390,8.0732,,false,10,0.008333,2.8018,0.0833,1.00,1.00,3.9511,22,1,40,0,53760,191,191,0,0,826404864,8.0732,0.0580,2.8018,0.7933,0.0000,0.0000
1363,281.6530,111.7083,83.9946,10.5005,,false,10,0.008333,3.5939,0.0833,1.00,0.99,4.6124,22,1,40,0,53760,191,191,0,0,826404864,10.5005,0.0745,3.5939,1.1509,0.0000,0.0000
1364,281.7422,111.7833,75.4057,24.1362,,false,9,0.008333,3.3051,0.0750,1.00,0.99,5.0181,22,1,40,0,53760,191,191,0,0,826404864,24.1362,0.0738,3.3051,15.2504,0.0000,0.0000
1365,281.8122,111.8667,83.1388,11.1383,,false,10,0.008333,3.9014,0.0833,1.00,1.00,4.8235,22,1,40,0,53760,191,191,0,0,826408960,11.1383,0.0804,3.9014,1.1565,0.0000,0.0000
1366,281.8864,111.9417,74.7698,10.6596,,false,9,0.008333,3.2767,0.0750,1.00,1.00,4.5933,22,1,40,0,53760,191,191,0,0,826408960,10.6596,0.0749,3.2767,1.1730,0.0000,0.0000
1367,281.9625,112.0167,75.4262,11.3430,,false,9,0.008333,4.0806,0.0750,1.00,0.99,5.0195,22,1,40,0,53760,191,191,0,0,826408960,11.3430,0.0780,4.0806,1.1746,0.0000,0.0000
1368,282.0366,112.0917,74.6969,10.7368,,false,9,0.008333,3.0442,0.0750,1.00,1.00,4.7165,22,1,40,0,53760,191,191,0,0,826408960,10.7368,0.0791,3.0442,1.5413,0.0000,0.0000
1369,282.1215,112.1667,74.8560,20.5449,,false,9,0.008333,2.0395,0.0750,1.00,1.00,4.5725,22,1,40,0,53760,191,191,0,0,826408960,20.5449,0.0672,2.0395,12.8812,0.0000,0.0000
1370,282.1887,112.2417,75.3785,12.3361,,false,9,0.008333,2.7912,0.0750,1.00,0.99,4.9510,22,1,40,0,53760,191,191,0,0,826408960,12.3361,0.0761,2.7912,1.1553,0.0000,0.0000
1371,282.2734,112.3250,83.3230,13.8657,,false,10,0.008333,3.5717,0.0833,1.00,1.00,4.9407,22,1,40,0,53760,191,191,0,0,826408960,13.8657,0.0697,3.5717,1.1109,0.0000,0.0000
1372,282.3486,112.4000,77.9593,10.2783,,false,9,0.008333,3.0752,0.0750,1.00,0.96,7.9000,22,1,40,0,53760,191,191,0,0,826408960,10.2783,0.0728,3.0752,1.2107,0.0000,0.0000
1373,282.4183,112.4750,72.9842,7.9555,,false,9,0.008333,1.9763,0.0750,1.00,1.00,5.8842,22,1,40,0,53760,191,191,0,0,826408960,7.9555,0.0670,1.9763,0.8780,0.0000,0.0000
1374,282.5079,112.5500,75.4502,22.1422,,false,9,0.008333,3.1059,0.0750,1.00,0.99,6.3344,22,1,40,0,53760,191,191,0,0,826408960,22.1422,0.0704,3.1059,14.3503,0.0000,0.0000
1375,282.5724,112.6250,76.5904,9.9832,,false,9,0.008333,3.0771,0.0750,1.00,0.98,7.9248,22,1,40,0,53760,191,191,0,0,826408960,9.9832,0.0831,3.0771,1.3512,0.0000,0.0000
1376,282.6632,112.7167,89.9580,10.8000,,false,11,0.008333,3.4864,0.0917,1.00,1.00,6.2161,22,1,40,0,53760,191,191,0,0,826437632,10.8000,0.1007,3.4864,1.1686,0.0000,0.0000
1377,282.7374,112.7917,74.2320,10.6124,,false,9,0.008333,3.1457,0.0750,1.00,1.00,5.4481,22,1,40,0,53760,191,191,0,0,826437632,10.6124,0.0926,3.1457,1.1719,0.0000,0.0000
1378,282.8132,112.8667,76.1885,10.1153,,false,9,0.008333,3.0020,0.0750,1.00,0.98,6.6367,22,1,40,0,53760,191,191,0,0,826441728,10.1153,0.0808,3.0020,1.3250,0.0000,0.0000
1379,282.9091,112.9500,82.6090,23.8359,,false,10,0.008333,3.1856,0.0833,1.00,1.00,5.9124,22,1,40,0,53760,191,191,0,0,826441728,23.8359,0.0646,3.1856,15.4879,0.0000,0.0000
1380,282.9715,113.0250,75.7069,10.2385,,false,9,0.008333,3.1272,0.0750,1.00,0.99,6.6192,22,1,40,0,53760,191,191,0,0,826441728,10.2385,0.0747,3.1272,1.2661,0.0000,0.0000
1381,283.0479,113.1000,75.0468,11.7353,,false,9,0.008333,3.6416,0.0750,1.00,1.00,6.6660,22,1,40,0,53760,191,191,0,0,826441728,11.7353,0.0982,3.6416,1.0281,0.0000,0.0000
1382,283.1209,113.1750,74.3478,10.2974,,false,9,0.008333,2.9867,0.0750,1.00,1.00,6.0139,22,1,40,0,53760,191,191,0,0,826441728,10.2974,0.0801,2.9867,1.2194,0.0000,0.0000
1383,283.2039,113.2583,83.2282,10.2296,,false,10,0.008333,3.3374,0.0833,1.00,1.00,5.9087,22,1,40,0,53760,191,191,0,0,826441728,10.2296,0.1058,3.3374,1.1901,0.0000,0.0000
1384,283.2938,113.3333,75.6565,24.3979,,false,9,0.008333,2.7742,0.0750,1.00,0.99,6.5652,22,1,40,0,53760,191,191,0,0,826441728,24.3979,0.0654,2.7742,16.4929,0.0000,0.0000
1385,283.3559,113.4083,76.0658,10.3104,,false,9,0.008333,2.9813,0.0750,1.00,0.99,7.6310,22,1,40,0,53760,191,191,0,0,826441728,10.3104,0.0690,2.9813,1.2373,0.0000,0.0000
1386,283.4294,113.4833,74.0061,9.9582,,false,9,0.008333,3.0854,0.0750,1.00,1.00,6.6371,22,1,40,0,53760,191,191,0,0,826441728,9.9582,0.0711,3.0854,1.4083,0.0000,0.0000
1387,283.5030,113.5583,72.9974,10.4397,,false,9,0.008333,3.2317,0.0750,1.00,1.00,4.6345,22,1,40,0,53760,191,191,0,0,826441728,10.4397,0.0734,3.2317,1.2090,0.0000,0.0000
1388,283.5793,113.6333,76.2915,10.1304,,false,9,0.008333,2.9028,0.0750,1.00,0.98,5.9260,22,1,40,0,53760,191,191,0,0,826441728,10.1304,0.1077,2.9028,1.1845,0.0000,0.0000
1389,283.6850,113.7250,90.6185,25.6024,,false,11,0.008333,4.2014,0.0917,1.00,1.00,4.8778,22,1,40,0,53760,191,191,0,0,826441728,25.6024,0.0713,4.2014,15.2978,0.0000,0.0000
1390,283.7453,113.8000,74.8623,10.9462,,false,9,0.008333,3.9240,0.0750,1.00,1.00,4.7402,22,1,40,0,53760,191,191,0,0,826441728,10.9462,0.0702,3.9240,1.2034,0.0000,0.0000
1391,283.8204,113.8750,74.9861,11.0133,,false,9,0.008333,3.9952,0.0750,1.00,1.00,4.7263,22,1,40,0,53760,191,191,0,0,826445824,11.0133,0.0734,3.9952,1.1916,0.0000,0.0000
1392,283.9036,113.9583,83.2510,11.1669,,false,10,0.008333,4.4264,0.0833,1.00,1.00,4.6439,22,1,40,0,53760,191,191,0,0,826445824,11.1669,0.0716,4.4264,1.1531,0.0000,0.0000
1393,283.9792,114.0333,75.4089,11.2186,,false,9,0.008333,3.9835,0.0750,1.00,0.99,5.0528,22,1,40,0,53760,191,191,0,0,826445824,11.2186,0.0723,3.9835,1.1238,0.0000,0.0000
1394,284.0671,114.1083,74.8080,24.2095,,false,9,0.008333,2.9485,0.0750,1.00,1.00,4.8608,22,1,40,0,53760,191,191,0,0,826445824,24.2095,0.0752,2.9485,15.2944,0.0000,0.0000
1395,284.1280,114.1833,75.1758,10.1646,,false,9,0.008333,3.2207,0.0750,1.00,1.00,5.0366,22,1,40,0,53760,191,191,0,0,826445824,10.1646,0.0981,3.2207,1.1695,0.0000,0.0000
1396,284.2035,114.2583,74.7943,10.7874,,false,9,0.008333,3.2138,0.0750,1.00,1.00,4.8308,22,1,40,0,53760,191,191,0,0,826445824,10.7874,0.0727,3.2138,1.1594,0.0000,0.0000
1397,284.2812,114.3333,75.1337,13.4107,,false,9,0.008333,2.9617,0.0750,1.00,1.00,4.9645,22,1,40,0,53760,191,191,0,0,826445824,13.4107,0.0798,2.9617,1.4814,0.0000,0.0000
1398,284.3530,114.4083,75.2111,9.9528,,false,9,0.008333,3.2877,0.0750,1.00,1.00,5.1756,22,1,40,0,53760,191,191,0,0,826445824,9.9528,0.0758,3.2877,1.2435,0.0000,0.0000
1399,284.4506,114.4917,83.0934,24.4999,,false,10,0.008333,3.5285,0.0833,1.00,1.00,4.9357,22,1,40,0,53760,191,191,0,0,826445824,24.4999,0.0657,3.5285,15.9234,0.0000,0.0000
1400,284.5115,114.5667,74.8185,10.5258,,false,9,0.008333,3.1344,0.0750,1.00,1.00,4.7543,22,1,40,0,53760,191,191,0,0,826445824,10.5258,0.0721,3.1344,1.1944,0.0000,0.0000
1401,284.5885,114.6417,75.4333,12.0961,,false,9,0.008333,3.2501,0.0750,1.00,0.99,5.1876,22,1,40,0,53760,191,191,0,0,826445824,12.0961,0.0645,3.2501,1.2829,0.0000,0.0000
1402,284.6797,114.7333,92.3867,10.8362,,false,11,0.008333,3.6710,0.0917,1.00,0.99,5.9076,22,1,40,0,53760,191,191,0,0,826445824,10.8362,0.0735,3.6710,1.1484,0.0000,0.0000
1403,284.7522,114.8083,73.7795,9.6959,,false,9,0.008333,3.2241,0.0750,1.00,1.00,4.6870,22,1,40,0,53760,191,191,0,0,826445824,9.6959,0.0764,3.2241,1.2593,0.0000,0.0000
1404,284.8427,114.8833,74.9074,24.6198,,false,9,0.008333,2.9088,0.0750,1.00,1.00,4.5944,22,1,40,0,53760,191,191,0,0,826449920,24.6198,0.0674,2.9088,16.1924,0.0000,0.0000
1405,284.9032,114.9583,75.6310,10.1062,,false,9,0.008333,3.0702,0.0750,1.00,0.99,5.2254,22,1,40,0,53760,191,191,0,0,826449920,10.1062,0.0790,3.0702,1.1443,0.0000,0.0000
1406,284.9853,115.0417,82.7782,9.5663,,false,10,0.008333,3.4693,0.0833,1.00,1.00,4.6703,22,1,40,0,53760,191,191,0,0,826449920,9.5663,0.0962,3.4693,1.0553,0.0000,0.0000
1407,285.0620,115.1167,75.3102,9.1131,,false,9,0.008333,2.9202,0.0750,1.00,1.00,4.9805,22,1,40,0,53760,191,191,0,0,826449920,9.1131,0.0676,2.9202,1.1271,0.0000,0.0000
1408,285.1370,115.1917,75.0187,10.5454,,false,9,0.008333,3.7098,0.0750,1.00,1.00,4.9991,22,1,40,0,53760,191,191,0,0,826449920,10.5454,0.0715,3.7098,1.1824,0.0000,0.0000
1409,285.2338,115.2750,83.4654,24.1165,,false,10,0.008333,3.3616,0.0833,1.00,1.00,5.1312,22,1,40,0,53760,191,191,0,0,826449920,24.1165,0.0688,3.3616,15.3029,0.0000,0.0000
1410,285.2943,115.3500,74.8410,9.8777,,false,9,0.008333,3.1461,0.0750,1.00,1.00,4.9723,22,1,40,0,53760,191,191,0,0,826449920,9.8777,0.0781,3.1461,1.2605,0.0000,0.0000
1411,285.3687,115.4250,74.9924,9.0818,,false,9,0.008333,2.9014,0.0750,1.00,1.00,4.9647,22,1,40,0,53760,191,191,0,0,826449920,9.0818,0.0695,2.9014,1.1582,0.0000,0.0000
1412,285.4443,115.5000,74.8790,9.8645,,false,9,0.008333,2.8779,0.0750,1.00,1.00,4.8436,22,1,40,0,53760,191,191,0,0,826449920,9.8645,0.0728,2.8779,1.1924,0.0000,0.0000
1413,285.5213,115.5750,75.3037,11.4492,,false,9,0.008333,3.0148,0.0750,1.00,1.00,5.1474,22,1,40,0,53760,191,191,0,0,826449920,11.4492,0.0745,3.0148,1.1898,0.0000,0.0000
1414,285.6178,115.6583,83.2152,24.5892,,false,10,0.008333,3.3364,0.0833,1.00,1.00,5.0292,22,1,40,0,53760,191,191,0,0,826449920,24.5892,0.0773,3.3364,15.5653,0.0000,0.0000
1415,285.6882,115.7417,84.0279,11.0347,,false,10,0.008333,3.3332,0.0833,1.00,0.99,5.7238,22,1,40,0,53760,191,191,0,0,826449920,11.0347,0.1033,3.3332,1.5043,0.0000,0.0000
1416,285.7692,115.8250,82.6754,9.6970,,false,10,0.008333,3.3535,0.0833,1.00,1.00,5.0659,22,1,40,0,53760,191,191,0,0,826449920,9.6970,0.0656,3.3535,1.1459,0.0000,0.0000
1417,285.8449,115.9000,74.6810,10.6519,,false,9,0.008333,3.3502,0.0750,1.00,1.00,4.7469,22,1,40,0,53760,191,191,0,0,826454016,10.6519,0.0959,3.3502,1.1600,0.0000,0.0000
1418,285.9190,115.9750,75.2815,9.4014,,false,9,0.008333,2.8348,0.0750,1.00,1.00,5.0284,22,1,40,0,53760,191,191,0,0,826454016,9.4014,0.0718,2.8348,1.1650,0.0000,0.0000
1419,286.0091,116.0500,74.9706,24.5387,,false,9,0.008333,3.1808,0.0750,1.00,1.00,4.9990,22,1,40,0,53760,191,191,0,0,826454016,24.5387,0.0850,3.1808,15.4368,0.0000,0.0000
1420,286.0704,116.1250,75.3771,10.7100,,false,9,0.008333,3.0866,0.0750,1.00,0.99,5.3761,22,1,40,0,53760,191,191,0,0,826454016,10.7100,0.0922,3.0866,1.1738,0.0000,0.0000
1421,286.1547,116.2083,83.1861,10.5904,,false,10,0.008333,3.2871,0.0833,1.00,1.00,5.2289,22,1,40,0,53760,191,191,0,0,826454016,10.5904,0.0680,3.2871,1.1360,0.0000,0.0000
1422,286.2285,116.2833,74.6108,10.8444,,false,9,0.008333,3.6954,0.0750,1.00,1.00,4.8397,22,1,40,0,53760,191,191,0,0,826454016,10.8444,0.0847,3.6954,1.1683,0.0000,0.0000
1423,286.3044,116.3583,75.2337,11.4110,,false,9,0.008333,4.2807,0.0750,1.00,1.00,5.0733,22,1,40,0,53760,191,191,0,0,826454016,11.4110,0.0793,4.2807,1.1800,0.0000,0.0000
1424,286.4031,116.4417,85.7027,24.4476,,false,10,0.008333,3.3329,0.0833,1.00,0.97,7.4428,22,1,40,0,53760,191,191,0,0,826454016,24.4476,0.0681,3.3329,15.6754,0.0000,0.0000
1425,286.4601,116.5167,73.5071,8.1087,,false,9,0.008333,2.3914,0.0750,1.00,1.00,5.9499,22,1,40,0,53760,191,191,0,0,826454016,8.1087,0.0679,2.3914,0.9841,0.0000,0.0000
1426,286.5395,116.5917,75.7549,11.4460,,false,9,0.008333,4.3931,0.0750,1.00,0.99,6.7048,22,1,40,0,53760,191,191,0,0,826454016,11.4460,0.0741,4.3931,1.1921,0.0000,0.0000
1427,286.6224,116.6750,83.0326,11.3689,,false,10,0.008333,3.7043,0.0833,1.00,1.00,6.4041,22,1,40,0,53760,191,191,0,0,826454016,11.3689,0.0825,3.7043,1.2511,0.0000,0.0000
1428,286.7045,116.7583,83.4738,10.0796,,false,10,0.008333,3.1813,0.0833,1.00,1.00,6.5445,22,1,40,0,53760,191,191,0,0,826454016,10.0796,0.0721,3.1813,1.1667,0.0000,0.0000
1429,286.8031,116.8417,82.7259,25.8065,,false,10,0.008333,4.2096,0.0833,1.00,1.00,5.9371,22,1,40,0,53760,191,191,0,0,826454016,25.8065,0.0785,4.2096,15.4134,0.0000,0.0000
1430,286.8627,116.9167,76.0067,9.6973,,false,9,0.008333,3.1087,0.0750,1.00,0.99,6.9439,22,1,40,0,53760,191,191,0,0,826454016,9.6973,0.0736,3.1087,1.1189,0.0000,0.0000
1431,286.9375,116.9917,74.4485,9.8934,,false,9,0.008333,2.9856,0.0750,1.00,1.00,6.3923,22,1,40,0,53760,191,191,0,0,826458112,9.8934,0.0765,2.9856,1.2647,0.0000,0.0000
1432,287.0132,117.0667,74.8377,10.6187,,false,9,0.008333,3.2001,0.0750,1.00,1.00,6.2301,22,1,40,0,53760,191,191,0,0,826458112,10.6187,0.0822,3.2001,1.4135,0.0000,0.0000
1433,287.0885,117.1417,75.1210,11.1172,,false,9,0.008333,3.4101,0.0750,1.00,1.00,6.3510,22,1,40,0,53760,191,191,0,0,826458112,11.1172,0.0933,3.4101,1.1989,0.0000,0.0000
1434,287.1782,117.2250,82.8471,17.8443,,false,10,0.008333,2.3544,0.0833,1.00,1.00,5.8648,22,1,40,0,53760,191,191,0,0,826458112,17.8443,0.0681,2.3544,10.8256,0.0000,0.0000
1435,287.2464,117.3000,75.2453,10.7842,,false,9,0.008333,4.0535,0.0750,1.00,1.00,6.1100,22,1,40,0,53760,191,191,0,0,826458112,10.7842,0.0765,4.0535,1.2295,0.0000,0.0000
1436,287.3210,117.3750,75.5148,9.9953,,false,9,0.008333,3.1109,0.0750,1.00,0.99,6.6248,22,1,40,0,53760,191,191,0,0,826458112,9.9953,0.0971,3.1109,1.1979,0.0000,0.0000
1437,287.3973,117.4500,76.2205,10.0344,,false,9,0.008333,3.0776,0.0750,1.00,0.98,7.8453,22,1,40,0,53760,191,191,0,0,826458112,10.0344,0.0729,3.0776,1.1362,0.0000,0.0000
1438,287.4759,117.5333,79.9715,8.6337,,false,10,0.008333,2.5315,0.0833,1.00,1.00,4.4835,22,1,40,0,53760,191,191,0,0,826458112,8.6337,0.0868,2.5315,1.0912,0.0000,0.0000
1439,287.5661,117.6083,75.6034,23.1647,,false,9,0.008333,3.6862,0.0750,1.00,0.99,5.0868,22,1,40,0,53760,191,191,0,0,826458112,23.1647,0.0583,3.6862,14.6779,0.0000,0.0000
1440,287.6293,117.6833,75.9511,10.4064,,false,9,0.008333,3.0968,0.0750,1.00,0.99,6.0379,22,1,40,0,53760,191,191,0,0,826458112,10.4064,0.1247,3.0968,1.1724,0.0000,0.0000
1441,287.7203,117.7750,90.5438,10.8328,,false,11,0.008333,3.5699,0.0917,1.00,1.00,4.9150,22,1,40,0,53760,191,191,0,0,826458112,10.8328,0.0751,3.5699,1.1555,0.0000,0.0000
1442,287.7941,117.8500,75.2351,9.5701,,false,9,0.008333,2.9571,0.0750,1.00,1.00,5.1501,22,1,40,0,53760,191,191,0,0,826458112,9.5701,0.0967,2.9571,1.1839,0.0000,0.0000
1443,287.8688,117.9250,74.6818,9.2667,,false,9,0.008333,2.9817,0.0750,1.00,1.00,4.8319,22,1,40,0,53760,191,191,0,0,826458112,9.2667,0.0727,2.9817,1.0729,0.0000,0.0000
1444,287.9652,118.0083,83.5213,22.3634,,false,10,0.008333,3.6349,0.0833,1.00,1.00,5.0198,22,1,40,0,53760,191,191,0,0,826462208,22.3634,0.0545,3.6349,13.8284,0.0000,0.0000
1445,288.0280,118.0833,75.1811,9.9783,,false,9,0.008333,2.9220,0.0750,1.00,1.00,5.2010,22,1,40,0,53760,191,191,0,0,826462208,9.9783,0.0727,2.9220,1.2216,0.0000,0.0000
1446,288.1022,118.1583,74.7003,9.5757,,false,9,0.008333,3.0874,0.0750,1.00,1.00,4.9013,22,1,40,0,53760,191,191,0,0,826462208,9.5757,0.0716,3.0874,1.2313,0.0000,0.0000
1447,288.1770,118.2333,75.1019,9.0833,,false,9,0.008333,3.1862,0.0750,1.00,1.00,5.0033,22,1,40,0,53760,191,191,0,0,826462208,9.0833,0.0684,3.1862,0.9759,0.0000,0.0000
1448,288.2535,118.3083,75.5459,10.2582,,false,9,0.008333,3.1886,0.0750,1.00,0.99,5.5492,22,1,40,0,53760,191,191,0,0,826462208,10.2582,0.0720,3.1886,1.1872,0.0000,0.0000
1449,288.3510,118.3917,82.9043,24.7970,,false,10,0.008333,3.6176,0.0833,1.00,1.00,5.1202,22,1,40,0,53760,191,191,0,0,826462208,24.7970,0.0716,3.6176,15.6351,0.0000,0.0000
1450,288.4108,118.4667,75.0773,9.3458,,false,9,0.008333,2.8553,0.0750,1.00,1.00,5.1975,22,1,40,0,53760,191,191,0,0,826462208,9.3458,0.0708,2.8553,1.2551,0.0000,0.0000
1451,288.4849,118.5417,74.7669,8.7518,,false,9,0.008333,2.6716,0.0750,1.00,1.00,4.9644,22,1,40,0,53760,191,191,0,0,826462208,8.7518,0.0690,2.6716,0.9627,0.0000,0.0000
1452,288.5680,118.6250,83.1406,8.8742,,false,10,0.008333,2.7778,0.0833,1.00,1.00,4.7717,22,1,40,0,53760,191,191,0,0,826462208,8.8742,0.0692,2.7778,1.0220,0.0000,0.0000
1453,288.6545,118.7083,84.2003,11.0473,,false,10,0.008333,3.2498,0.0833,1.00,0.99,5.6386,22,1,40,0,53760,191,191,0,0,826462208,11.0473,0.0993,3.2498,1.2450,0.0000,0.0000
1454,288.7509,118.7917,82.7232,24.7366,,false,10,0.008333,3.9314,0.0833,1.00,1.00,5.0285,22,1,40,0,53760,191,191,0,0,826462208,24.7366,0.0893,3.9314,15.3739,0.0000,0.0000
1455,288.8106,118.8667,74.8909,9.5377,,false,9,0.008333,2.9149,0.0750,1.00,1.00,4.9194,22,1,40,0,53760,191,191,0,0,826462208,9.5377,0.0756,2.9149,1.1816,0.0000,0.0000
1456,288.8838,118.9417,74.9024,7.8439,,false,9,0.008333,2.4282,0.0750,1.00,1.00,4.8218,22,1,40,0,53760,191,191,0,0,826462208,7.8439,0.0779,2.4282,1.0085,0.0000,0.0000
1457,288.9613,119.0167,75.2740,10.1719,,false,9,0.008333,2.9089,0.0750,1.00,1.00,5.0958,22,1,40,0,53760,191,191,0,0,826466304,10.1719,0.0728,2.9089,1.1472,0.0000,0.0000
1458,289.0369,119.0917,75.4460,10.2153,,false,9,0.008333,2.9662,0.0750,1.00,0.99,5.5418,22,1,40,0,53760,191,191,0,0,826466304,10.2153,0.0759,2.9662,1.1575,0.0000,0.0000
1459,289.1249,119.1667,74.5339,23.7066,,false,9,0.008333,3.0665,0.0750,1.00,1.00,5.0756,22,1,40,0,53760,191,191,0,0,826466304,23.7066,0.0700,3.0665,15.2400,0.0000,0.0000
1460,289.1859,119.2417,75.0027,9.4832,,false,9,0.008333,3.1087,0.0750,1.00,1.00,5.0783,22,1,40,0,53760,191,191,0,0,826466304,9.4832,0.0736,3.1087,1.1193,0.0000,0.0000
1461,289.2617,119.3167,75.3146,10.0146,,false,9,0.008333,3.0468,0.0750,1.00,1.00,5.3929,22,1,40,0,53760,191,191,0,0,826466304,10.0146,0.0699,3.0468,1.1792,0.0000,0.0000
1462,289.3445,119.4000,83.1748,9.7874,,false,10,0.008333,3.3675,0.0833,1.00,1.00,5.2344,22,1,40,0,53760,191,191,0,0,826466304,9.7874,0.0802,3.3675,1.1107,0.0000,0.0000
1463,289.4192,119.4750,74.7757,9.5963,,false,9,0.008333,3.0182,0.0750,1.00,1.00,5.0101,22,1,40,0,53760,191,191,0,0,826466304,9.5963,0.0745,3.0182,1.1773,0.0000,0.0000
1464,289.5087,119.5500,75.0316,24.2404,,false,9,0.008333,3.7722,0.0750,1.00,1.00,5.0417,22,1,40,0,53760,191,191,0,0,826466304,24.2404,0.0642,3.7722,15.4149,0.0000,0.0000
1465,289.5714,119.6250,75.6006,11.0314,,false,9,0.008333,2.9205,0.0750,1.00,0.99,5.6423,22,1,40,0,53760,191,191,0,0,826466304,11.0314,0.1040,2.9205,1.1877,0.0000,0.0000
1466,289.6625,119.7167,91.2982,10.9729,,false,11,0.008333,3.9758,0.0917,1.00,1.00,5.2738,22,1,40,0,53760,191,191,0,0,826466304,10.9729,0.0706,3.9758,1.2021,0.0000,0.0000
1467,289.7357,119.7917,74.6934,9.6730,,false,9,0.008333,3.0741,0.0750,1.00,1.00,4.9672,22,1,40,0,53760,191,191,0,0,826466304,9.6730,0.0707,3.0741,1.1092,0.0000,0.0000
1468,289.8114,119.8667,75.1911,9.9827,,false,9,0.008333,2.9219,0.0750,1.00,1.00,5.1583,22,1,40,0,53760,191,191,0,0,826466304,9.9827,0.0796,2.9219,1.2629,0.0000,0.0000
1469,289.9110,119.9500,83.2097,26.5314,,false,10,0.008333,5.7032,0.0833,1.00,1.00,5.0346,22,1,40,0,53760,191,191,0,0,826466304,26.5314,0.0634,5.7032,15.1647,0.0000,0.0000
1470,289.9695,120.0250,75.0400,9.9975,,false,9,0.008333,3.0708,0.0750,1.00,1.00,5.0746,22,1,40,0,53760,191,191,0,0,826470400,9.9975,0.0677,3.0708,1.1942,0.0000,0.0000
1471,290.0453,120.1000,75.1485,10.4698,,false,9,0.008333,3.0873,0.0750,1.00,1.00,5.2231,22,1,40,0,53760,191,191,0,0,826470400,10.4698,0.0749,3.0873,1.1329,0.0000,0.0000
1472,290.1198,120.1750,74.8712,10.0097,,false,9,0.008333,3.3160,0.0750,1.00,1.00,5.0943,22,1,40,0,53760,191,191,0,0,826470400,10.0097,0.0738,3.3160,1.1727,0.0000,0.0000
1473,290.1976,120.2500,75.5014,12.6530,,false,9,0.008333,4.0089,0.0750,1.00,0.99,5.5957,22,1,40,0,53760,191,191,0,0,826470400,12.6530,0.1031,4.0089,1.5045,0.0000,0.0000
1474,290.2949,120.3333,82.9446,24.8432,,false,10,0.008333,3.5755,0.0833,1.00,1.00,5.2070,22,1,40,0,53760,191,191,0,0,826470400,24.8432,0.0655,3.5755,15.6986,0.0000,0.0000
1475,290.3565,120.4167,78.2286,9.9682,,false,10,0.008333,3.3210,0.0833,1.00,1.00,0.1023,22,1,40,0,53760,191,191,0,0,826470400,9.9682,0.0723,3.3210,1.2266,0.0000,0.0000
1476,290.4291,120.4833,72.8693,9.7403,,false,8,0.008333,2.7441,0.0667,1.00,0.91,6.3049,22,1,40,0,53760,191,191,0,0,826470400,9.7403,0.0737,2.7441,1.5553,0.0000,0.0000
1477,290.5102,120.5667,83.0954,8.2380,,false,10,0.008333,2.6576,0.0833,1.00,1.00,6.0670,22,1,40,0,53760,191,191,0,0,826470400,8.2380,0.0632,2.6576,0.8480,0.0000,0.0000
1478,290.5877,120.6417,75.0383,10.5645,,false,9,0.008333,2.9135,0.0750,1.00,1.00,6.1053,22,1,40,0,53760,191,191,0,0,826470400,10.5645,0.0873,2.9135,1.7129,0.0000,0.0000
1479,290.6872,120.7250,84.5172,25.2508,,false,10,0.008333,3.1906,0.0833,1.00,0.99,7.2891,22,1,40,0,53760,191,191,0,0,826470400,25.2508,0.0720,3.1906,16.7824,0.0000,0.0000
1480,290.7568,120.8083,82.1534,12.8995,,false,10,0.008333,4.3839,0.0833,1.00,1.00,6.1092,22,1,40,0,53760,191,191,0,0,826470400,12.8995,0.1002,4.3839,1.5151,0.0000,0.0000
1481,290.8303,120.8833,75.5253,10.9774,,false,9,0.008333,3.6987,0.0750,1.00,0.99,6.6345,22,1,40,0,53760,191,191,0,0,826470400,10.9774,0.0843,3.6987,1.1722,0.0000,0.0000
1482,290.9063,120.9583,74.7679,12.0630,,false,9,0.008333,2.9240,0.0750,1.00,1.00,6.4023,22,1,40,0,53760,191,191,0,0,826470400,12.0630,0.0795,2.9240,1.2009,0.0000,0.0000
1483,290.9887,121.0417,83.5414,10.9452,,false,10,0.008333,3.4973,0.0833,1.00,1.00,6.6104,22,1,40,0,53760,191,191,0,0,826474496,10.9452,0.0746,3.4973,1.3648,0.0000,0.0000
1484,291.0782,121.1167,74.8966,25.3783,,false,9,0.008333,3.8139,0.0750,1.00,1.00,6.5070,22,1,40,0,53760,191,191,0,0,826474496,25.3783,0.0664,3.8139,15.6765,0.0000,0.0000
1485,291.1377,121.1917,75.0084,10.0724,,false,9,0.008333,3.0035,0.0750,1.00,1.00,6.5154,22,1,40,0,53760,191,191,0,0,826474496,10.0724,0.0761,3.0035,1.1886,0.0000,0.0000
1486,291.2185,121.2750,82.8068,8.0818,,false,10,0.008333,2.7002,0.0833,1.00,1.00,5.9889,22,1,40,0,53760,191,191,0,0,826474496,8.0818,0.0746,2.7002,0.9470,0.0000,0.0000
1487,291.2960,121.3500,75.4900,9.9765,,false,9,0.008333,3.0038,0.0750,1.00,0.99,6.4789,22,1,40,0,53760,191,191,0,0,826474496,9.9765,0.0809,3.0038,1.2029,0.0000,0.0000
1488,291.3732,121.4250,76.6113,10.4236,,false,9,0.008333,3.1681,0.0750,1.00,0.98,8.0902,22,1,40,0,53760,191,191,0,0,826474496,10.4236,0.0715,3.1681,1.3526,0.0000,0.0000
1489,291.4607,121.5000,72.5542,25.4120,,false,9,0.008333,3.3946,0.0750,1.00,1.00,5.6445,22,1,40,0,53760,191,191,0,0,826474496,25.4120,0.0947,3.3946,16.2513,0.0000,0.0000
1490,291.5260,121.5833,82.7683,8.1805,,false,10,0.008333,2.8599,0.0833,1.00,1.00,5.0794,22,1,40,0,53760,191,191,0,0,826474496,8.1805,0.0804,2.8599,0.9049,0.0000,0.0000
1491,291.6030,121.6583,74.9289,10.3233,,false,9,0.008333,3.3132,0.0750,1.00,1.00,5.0084,22,1,40,0,53760,191,191,0,0,826474496,10.3233,0.1209,3.3132,1.2053,0.0000,0.0000
1492,291.6877,121.7417,83.9808,10.6390,,false,10,0.008333,3.2482,0.0833,1.00,0.99,5.6559,22,1,40,0,53760,191,191,0,0,826474496,10.6390,0.0742,3.2482,1.1899,0.0000,0.0000
1493,291.7703,121.8250,83.5164,9.9738,,false,10,0.008333,3.2942,0.0833,1.00,1.00,5.8390,22,1,40,0,53760,191,191,0,0,826474496,9.9738,0.0881,3.2942,1.2068,0.0000,0.0000
1494,291.8579,121.9000,74.3229,23.3427,,false,9,0.008333,2.8521,0.0750,1.00,1.00,5.1619,22,1,40,0,53760,191,191,0,0,826474496,23.3427,0.0700,2.8521,15.2185,0.0000,0.0000
1495,291.9191,121.9750,74.9734,9.5401,,false,9,0.008333,2.8923,0.0750,1.00,1.00,5.1352,22,1,40,0,53760,191,191,0,0,826474496,9.5401,0.0758,2.8923,1.2935,0.0000,0.0000
1496,291.9954,122.0500,75.2410,10.3215,,false,9,0.008333,3.1513,0.0750,1.00,1.00,5.3763,22,1,40,0,53760,191,191,0,0,826478592,10.3215,0.0700,3.1513,1.3095,0.0000,0.0000
1497,292.0696,122.1250,75.0294,9.6491,,false,9,0.008333,3.0226,0.0750,1.00,1.00,5.4057,22,1,40,0,53760,191,191,0,0,826478592,9.6491,0.0772,3.0226,1.1638,0.0000,0.0000
1498,292.1498,122.2083,82.8274,7.2502,,false,10,0.008333,2.4032,0.0833,1.00,1.00,4.8998,22,1,40,0,53760,191,191,0,0,826478592,7.2502,0.0554,2.4032,0.8012,0.0000,0.0000
1499,292.2347,122.2833,75.1069,17.1437,,false,9,0.008333,2.6837,0.0750,1.00,1.00,5.0067,22,1,40,0,53760,191,191,0,0,826478592,17.1437,0.0570,2.6837,10.0300,0.0000,0.0000
1500,292.3031,122.3583,75.1730,10.0540,,false,9,0.008333,3.0907,0.0750,1.00,1.00,5.1796,22,1,40,0,53760,191,191,0,0,826478592,10.0540,0.0856,3.0907,1.1559,0.0000,0.0000
1501,292.3790,122.4333,75.4804,10.3652,,false,9,0.008333,3.2158,0.0750,1.00,0.99,5.6601,22,1,40,0,53760,191,191,0,0,826478592,10.3652,0.0743,3.2158,1.2704,0.0000,0.0000
1502,292.4538,122.5083,74.9862,10.1576,,false,9,0.008333,3.1055,0.0750,1.00,1.00,5.6463,22,1,40,0,53760,191,191,0,0,826478592,10.1576,0.0712,3.1055,1.4289,0.0000,0.0000
1503,292.5362,122.5917,82.9075,9.8883,,false,10,0.008333,3.3383,0.0833,1.00,1.00,5.2204,22,1,40,0,53760,191,191,0,0,826478592,9.8883,0.0708,3.3383,1.2166,0.0000,0.0000
1504,292.6262,122.6667,74.8275,25.2224,,false,9,0.008333,3.1324,0.0750,1.00,1.00,5.0479,22,1,40,0,53760,191,191,0,0,826478592,25.2224,0.0782,3.1324,16.0826,0.0000,0.0000
1505,292.6957,122.7500,84.0397,10.0967,,false,10,0.008333,3.1851,0.0833,1.00,0.99,5.7543,22,1,40,0,53760,191,191,0,0,826478592,10.0967,0.0783,3.1851,1.1965,0.0000,0.0000
1506,292.7790,122.8333,83.5432,10.0874,,false,10,0.008333,3.0997,0.0833,1.00,1.00,5.9642,22,1,40,0,53760,191,191,0,0,826478592,10.0874,0.0744,3.0997,1.1475,0.0000,0.0000
1507,292.8504,122.9083,74.0655,7.6962,,false,9,0.008333,2.2800,0.0750,1.00,1.00,5.0297,22,1,40,0,53760,191,191,0,0,826478592,7.6962,0.0647,2.2800,0.8895,0.0000,0.0000
1508,292.9287,122.9833,75.4278,10.3092,,false,9,0.008333,2.9128,0.0750,1.00,0.99,5.4575,22,1,40,0,53760,191,191,0,0,826478592,10.3092,0.0743,2.9128,1.2464,0.0000,0.0000
1509,293.0186,123.0583,74.9237,25.2873,,false,9,0.008333,4.0051,0.0750,1.00,1.00,5.3812,22,1,40,0,53760,191,191,0,0,826482688,25.2873,0.0776,4.0051,15.6195,0.0000,0.0000
1510,293.1003,123.1417,83.0036,23.8712,,false,10,0.008333,3.2631,0.0833,1.00,1.00,5.0515,22,1,40,0,53760,191,191,0,0,827621376,23.8712,0.0625,3.2631,1.1463,0.0000,0.0000
1511,293.1590,123.2167,75.3235,7.7451,,false,9,0.008333,2.1332,0.0750,1.00,1.00,5.3750,22,1,40,0,53760,191,191,0,0,827621376,7.7451,0.0619,2.1332,0.8450,0.0000,0.0000
1512,293.2431,123.3000,82.7068,8.7909,,false,10,0.008333,2.3974,0.0833,1.00,1.00,4.7484,22,1,40,0,53760,191,191,0,0,827650048,8.7909,0.0733,2.3974,0.8906,0.0000,0.0000
1513,293.3180,123.3750,75.2140,8.7090,,false,9,0.008333,2.3079,0.0750,1.00,1.00,4.9624,22,1,40,0,53760,191,191,0,0,827650048,8.7090,0.0993,2.3079,1.2347,0.0000,0.0000
1514,293.4146,123.4583,80.0675,24.8971,,false,10,0.008333,4.2340,0.0833,1.00,1.00,1.6966,22,1,40,0,53760,191,191,0,0,827650048,24.8971,0.0667,4.2340,15.3376,0.0000,0.0000
1515,293.4796,123.5333,78.7316,11.1228,,false,9,0.008333,4.0145,0.0750,1.00,0.95,5.4282,22,1,40,0,53760,191,191,0,0,827650048,11.1228,0.0880,4.0145,1.2177,0.0000,0.0000
1516,293.5525,123.6083,75.0012,8.9984,,false,9,0.008333,2.6604,0.0750,1.00,1.00,5.4294,22,1,40,0,53760,191,191,0,0,827650048,8.9984,0.0846,2.6604,0.8819,0.0000,0.0000
1517,293.6448,123.7000,91.3921,10.2008,,false,11,0.008333,3.6440,0.0917,1.00,1.00,5.1548,22,1,40,0,53760,191,191,0,0,827650048,10.2008,0.0739,3.6440,1.1368,0.0000,0.0000
1518,293.7215,123.7750,75.3653,11.4637,,false,9,0.008333,3.2517,0.0750,1.00,1.00,5.5201,22,1,40,0,53760,191,191,0,0,827650048,11.4637,0.1068,3.2517,1.3955,0.0000,0.0000
1519,293.8175,123.8583,83.1019,24.4001,,false,10,0.008333,3.2773,0.0833,1.00,1.00,5.2886,22,1,40,0,53760,191,191,0,0,827650048,24.4001,0.0650,3.2773,15.4276,0.0000,0.0000
1520,293.8827,123.9417,78.7430,10.7428,,false,10,0.008333,3.5490,0.0833,1.00,1.00,0.6983,22,1,40,0,53760,191,191,0,0,827650048,10.7428,0.1702,3.5490,1.1307,0.0000,0.0000
1521,293.9552,124.0167,74.4484,8.9476,,false,9,0.008333,2.7581,0.0750,1.00,1.00,0.1466,22,1,40,0,53760,191,191,0,0,827707392,8.9476,0.0675,2.7581,1.0346,0.0000,0.0000
1522,294.0430,124.0917,81.0879,15.1761,,false,9,0.008333,3.5340,0.0750,1.00,0.92,6.2345,22,1,40,0,53760,191,191,0,0,827805696,15.1761,0.0859,3.5340,1.0579,0.0000,0.0000
1523,294.1276,124.1833,90.7198,9.4772,,false,11,0.008333,3.0628,0.0917,1.00,1.00,5.2877,22,1,40,0,53760,191,191,0,0,827809792,9.4772,0.0594,3.0628,0.9800,0.0000,0.0000
1524,294.4775,124.2833,349.0771,10.9342,,false,12,0.008333,1.4592,0.1000,1.00,0.29,5.2877,22,1,40,0,53760,191,191,0,0,827809792,10.9342,0.0891,1.4592,6.0378,0.0000,0.0000
1525,295.4708,124.3833,999.4826,4.6754,,false,12,0.008333,1.2545,0.1000,1.00,0.10,5.2877,22,1,40,0,53760,191,191,0,0,827809792,4.6754,0.0434,1.2545,0.4450,0.0000,0.0000
1526,296.4773,124.4833,1000.8676,10.2767,,false,12,0.008333,1.2366,0.1000,1.00,0.10,5.2877,22,1,40,0,53760,191,191,0,0,827809792,10.2767,0.0549,1.2366,5.0706,0.0000,0.0000
1527,297.4712,124.5833,999.7406,4.5239,,false,12,0.008333,1.3137,0.1000,1.00,0.10,5.2877,22,1,40,0,53760,191,191,0,0,827809792,4.5239,0.0325,1.3137,0.4316,0.0000,0.0000
1528,298.4781,124.6833,1000.8452,10.5431,,false,12,0.008333,1.4401,0.1000,1.00,0.10,5.2877,22,1,40,0,53760,191,191,0,0,827809792,10.5431,0.0543,1.4401,4.9568,0.0000,0.0000
1529,299.4725,124.7833,999.6492,5.0850,,false,12,0.008333,1.6449,0.1000,1.00,0.10,5.2877,22,1,40,0,53760,191,191,0,0,827809792,5.0850,0.0313,1.6449,0.3691,0.0000,0.0000
1530,300.1525,124.8833,675.0148,10.2789,,false,12,0.008333,1.2666,0.1000,1.00,0.15,5.2877,22,1,40,0,53760,191,191,0,0,827867136,10.2789,0.0404,1.2666,5.4504,0.0000,0.0000
1531,300.1593,124.8917,8.1467,3.4656,,false,1,0.008333,0.2755,0.0083,1.00,1.00,5.1011,22,1,40,0,53760,191,191,0,0,827871232,3.4656,0.0343,0.2755,0.4101,0.0000,0.0000
1532,300.2757,124.9917,120.2152,4.9037,,false,12,0.008333,1.2069,0.1000,1.00,0.83,5.1011,22,1,40,0,53760,191,191,0,0,827871232,4.9037,0.0475,1.2069,0.4478,0.0000,0.0000
1533,300.3578,125.0667,72.2402,14.4886,,false,9,0.008333,1.1489,0.0750,1.00,1.00,2.3413,22,1,40,0,53760,191,191,0,0,827871232,14.4886,0.1765,1.1489,3.0304,0.0000,0.0000
1534,300.4338,125.1500,83.4213,7.1284,,false,10,0.008333,1.4576,0.0833,1.00,1.00,2.4292,22,1,40,0,53760,191,191,0,0,827875328,7.1284,0.0780,1.4576,0.5144,0.0000,0.0000
1535,300.5214,125.2333,83.9369,10.6286,,false,10,0.008333,1.1513,0.0833,1.00,0.99,3.0328,22,1,40,0,53760,191,191,0,0,827879424,10.6286,0.0508,1.1513,5.4870,0.0000,0.0000
1536,300.6022,125.3167,84.9087,6.7597,,false,10,0.008333,1.2543,0.0833,1.00,0.98,4.6083,22,1,40,0,53760,191,191,0,0,828178432,6.7597,0.0457,1.2543,0.4747,0.0000,0.0000
1537,300.6742,125.3917,72.8078,6.0528,,false,9,0.008333,1.1233,0.0750,1.00,1.00,2.4161,22,1,40,0,53760,191,191,0,0,828178432,6.0528,0.0487,1.1233,0.4441,0.0000,0.0000
1538,300.7469,125.4667,74.3529,4.3597,,false,9,0.008333,0.9494,0.0750,1.00,1.00,1.7689,22,1,40,0,53760,191,191,0,0,828178432,4.3597,0.0625,0.9494,0.4199,0.0000,0.0000
1539,300.8230,125.5417,75.4275,4.9427,,false,9,0.008333,1.0583,0.0750,1.00,0.99,2.1965,22,1,40,0,53760,191,191,0,0,828178432,4.9427,0.0400,1.0583,0.4221,0.0000,0.0000
1540,300.9021,125.6167,74.5017,9.6141,,false,9,0.008333,1.0366,0.0750,1.00,1.00,1.6982,22,1,40,0,53760,191,191,0,0,828178432,9.6141,0.0425,1.0366,5.3587,0.0000,0.0000
1541,300.9653,125.6833,67.3328,5.8071,,false,8,0.008333,1.0427,0.0667,1.00,0.99,2.3643,22,1,40,0,53760,191,191,0,0,828178432,5.8071,0.0485,1.0427,0.5871,0.0000,0.0000
1542,301.0397,125.7583,74.6154,5.2175,,false,9,0.008333,1.0910,0.0750,1.00,1.00,1.9797,22,1,40,0,53760,191,191,0,0,828178432,5.2175,0.0428,1.0910,0.4677,0.0000,0.0000
1543,301.1146,125.8333,74.8710,5.1618,,false,9,0.008333,1.0493,0.0750,1.00,1.00,1.8507,22,1,40,0,53760,191,191,0,0,828178432,5.1618,0.0515,1.0493,0.4812,0.0000,0.0000
1544,301.1896,125.9083,75.3194,4.7831,,false,9,0.008333,1.0279,0.0750,1.00,1.00,2.1701,22,1,40,0,53760,191,191,0,0,828178432,4.7831,0.0498,1.0279,0.4970,0.0000,0.0000
1545,301.2691,125.9833,75.3916,9.0268,,false,9,0.008333,0.9364,0.0750,1.00,0.99,2.5617,22,1,40,0,53760,191,191,0,0,828178432,9.0268,0.0418,0.9364,5.0195,0.0000,0.0000
1546,301.3396,126.0583,74.6014,4.9705,,false,9,0.008333,1.0794,0.0750,1.00,1.00,2.1632,22,1,40,0,53760,191,191,0,0,828178432,4.9705,0.0423,1.0794,0.4377,0.0000,0.0000
1547,301.4139,126.1333,74.8044,4.5039,,false,9,0.008333,1.0026,0.0750,1.00,1.00,1.9676,22,1,40,0,53760,191,191,0,0,828178432,4.5039,0.0410,1.0026,0.4286,0.0000,0.0000
1548,301.4889,126.2083,74.7305,4.8337,,false,9,0.008333,1.0996,0.0750,1.00,1.00,1.6981,22,1,40,0,53760,191,191,0,0,828178432,4.8337,0.0524,1.0996,0.4764,0.0000,0.0000
1549,301.5649,126.2833,75.4714,5.2787,,false,9,0.008333,1.2584,0.0750,1.00,0.99,2.1695,22,1,40,0,53760,191,191,0,0,828182528,5.2787,0.0623,1.2584,0.4296,0.0000,0.0000
1550,301.6524,126.3667,83.4757,9.2340,,false,10,0.008333,1.0795,0.0833,1.00,1.00,2.3119,22,1,40,0,53760,191,191,0,0,828182528,9.2340,0.0421,1.0795,5.0236,0.0000,0.0000
1551,301.7238,126.4417,74.6094,5.2137,,false,9,0.008333,1.2775,0.0750,1.00,1.00,1.9213,22,1,54,0,72576,191,191,0,0,828182528,5.2137,0.0415,1.2775,0.4232,0.0000,0.0000
1552,301.7983,126.5167,75.4578,5.0965,,false,9,0.008333,1.0902,0.0750,1.00,0.99,2.3791,22,1,54,0,72576,191,191,0,0,828186624,5.0965,0.0500,1.0902,0.4520,0.0000,0.0000
1553,301.9374,126.6167,137.5148,6.5176,,false,12,0.008333,1.6331,0.1000,1.00,0.73,2.3791,22,1,54,0,72576,191,191,0,0,828669952,6.5176,0.0590,1.6331,0.5192,0.0000,0.0000
1554,302.0958,126.7167,154.1307,10.7990,,false,12,0.008333,1.4023,0.1000,1.00,0.65,2.3791,22,1,54,0,72576,191,191,0,0,828669952,10.7990,0.0514,1.4023,5.6805,0.0000,0.0000
1555,302.2294,126.8167,139.3193,5.1125,,false,12,0.008333,1.4720,0.1000,1.00,0.72,2.3791,22,1,54,0,72576,191,191,0,0,828669952,5.1125,0.0440,1.4720,0.4589,0.0000,0.0000
1556,302.3723,126.9167,139.2136,8.8153,,false,12,0.008333,1.3972,0.1000,1.00,0.72,2.3791,22,1,55,0,73920,191,191,0,0,828846080,8.8153,0.0443,1.3972,0.4870,0.0000,0.0000
1557,302.5175,127.0167,141.9915,12.0597,,false,12,0.008333,1.6450,0.1000,1.00,0.70,2.3791,22,1,51,0,68544,191,195,41,20,828841984,12.0597,0.0678,1.6450,6.4605,0.0000,0.0000
1558,302.6938,127.1167,141.1914,46.4805,,false,12,0.008333,3.5456,0.1000,1.00,0.71,2.3791,22,1,21,4,28224,191,199,37,20,828821504,46.4805,0.0634,3.5456,36.9916,211.8996,23.2397
1559,302.8651,127.2167,163.1429,54.0033,,false,12,0.008333,2.5332,0.1000,1.00,0.61,2.3791,22,1,20,4,26880,191,203,33,20,828821504,54.0033,0.0693,2.5332,46.2509,269.6117,35.9670
1560,303.0509,127.3167,191.1536,48.5616,,false,12,0.008333,4.9846,0.1000,1.00,0.52,2.3791,22,1,20,4,26880,191,207,29,20,828989440,48.5616,0.0743,4.9846,36.2809,217.0162,42.7243
1561,303.2660,127.4167,201.0186,62.6383,,false,12,0.008333,3.8131,0.1000,1.00,0.50,2.3791,22,1,20,4,26880,191,211,25,20,828989440,62.6383,0.0677,3.8131,51.7273,274.8180,38.2511
1562,303.4584,127.5167,216.1455,40.3990,,false,12,0.008333,2.7810,0.1000,1.00,0.46,2.3791,22,1,20,4,26880,191,215,21,20,828993536,40.3990,0.0619,2.7810,31.1875,254.0035,53.2789
1563,303.6530,127.6167,217.8075,15.5224,,false,12,0.008333,5.1736,0.1000,1.00,0.46,2.3791,22,1,24,0,32256,191,215,21,20,828993536,15.5224,0.0982,5.1736,1.0916,0.0000,0.0000
1564,303.9504,127.7167,215.0074,98.8387,,false,12,0.008333,3.8683,0.1000,1.00,0.47,2.3791,22,1,39,3,52416,191,218,18,20,828993536,98.8387,0.0529,3.8683,89.0216,1148.1440,26.5509
1565,304.1121,127.8167,224.9189,35.1550,,false,12,0.008333,4.0238,0.1000,1.00,0.44,2.3791,22,1,73,1,98112,191,219,17,20,829091840,35.1550,0.0580,4.0238,24.8706,394.0245,10.9317
1566,304.4021,127.9167,224.8146,101.6273,,false,12,0.008333,2.2534,0.1000,1.00,0.44,2.3791,22,1,79,3,106176,191,222,14,20,829284352,101.6273,0.0641,2.2534,93.8306,903.4101,28.2836
1567,304.5571,128.0167,216.6424,39.4887,,false,12,0.008333,3.4723,0.1000,1.00,0.46,2.3791,22,1,78,1,104832,191,223,13,20,829292544,39.4887,0.0921,3.4723,29.6243,308.7316,8.1729
1568,304.8254,128.1167,225.6352,81.4414,,false,12,0.008333,4.0830,0.1000,1.00,0.44,2.3791,22,1,74,3,99456,191,226,10,20,829292544,81.4414,0.0467,4.0830,69.5177,988.6730,44.9079
1569,304.8718,128.2167,116.0443,12.0194,,false,12,0.008333,4.2986,0.1000,1.00,0.86,2.3791,22,1,71,0,95424,191,226,10,20,830263296,12.0194,0.0952,4.2986,1.1633,0.0000,0.0000
1570,305.0038,128.3167,100.3789,43.6817,,false,12,0.008333,3.9467,0.1000,1.00,1.00,2.3791,22,1,68,1,91392,191,227,9,20,830263296,43.6817,0.0692,3.9467,34.1812,304.2135,10.4493
1571,305.0638,128.4083,92.4639,11.2428,,false,11,0.008333,4.0399,0.0917,1.00,0.99,3.1763,22,1,67,0,90048,191,227,9,20,830263296,11.2428,0.0903,4.0399,0.9656,0.0000,0.0000
1572,305.1613,128.5000,96.6966,11.6834,,false,11,0.008333,4.7387,0.0917,1.00,0.95,8.2063,22,1,67,0,90048,191,227,9,20,830263296,11.6834,0.0709,4.7387,0.9174,0.0000,0.0000
1573,305.3251,128.6000,92.5970,83.4621,,false,12,0.008333,2.6117,0.1000,1.00,1.00,0.8033,22,1,67,3,90048,191,230,6,20,830267392,83.4621,0.0793,2.6117,75.0666,1001.5896,35.1632
1574,305.3466,128.6917,92.8213,12.2307,,false,11,0.008333,4.7802,0.0917,1.00,0.99,1.9579,22,1,67,0,90048,191,230,6,20,830267392,12.2307,0.1043,4.7802,0.9359,0.0000,0.0000
1575,305.4672,128.7750,88.2692,44.3331,,false,10,0.008333,3.4909,0.0833,1.00,0.94,6.8938,22,1,67,1,90048,191,231,5,20,830271488,44.3331,0.0767,3.4909,34.6613,326.3803,19.3040
1576,305.5545,128.8750,117.6335,13.8865,,false,12,0.008333,4.9572,0.1000,1.00,0.85,6.8938,22,1,68,0,91392,191,231,5,20,830271488,13.8865,0.1035,4.9572,1.1931,0.0000,0.0000
1577,305.6630,128.9750,109.8122,12.4870,,false,12,0.008333,4.1760,0.1000,1.00,0.91,6.8938,22,1,69,0,92736,191,231,5,20,830271488,12.4870,0.0767,4.1760,1.2223,0.0000,0.0000
1578,305.8776,129.0750,125.7135,102.0785,,false,12,0.008333,2.3167,0.1000,1.00,0.80,6.8938,22,1,76,3,102144,191,232,2,10,830746624,102.0785,0.0592,2.3167,94.9681,1131.4971,49.1258
1579,305.9288,129.1750,116.8581,36.5956,,false,12,0.008333,3.7023,0.1000,1.00,0.86,6.8938,22,1,79,1,106176,191,232,1,5,830746624,36.5956,0.0475,3.7023,28.0101,345.2462,16.6713
1580,306.0149,129.2750,93.8553,28.0895,,false,12,0.008333,4.1009,0.1000,1.00,1.00,0.7491,22,1,74,1,99456,383,232,0,0,830763008,28.0895,0.0969,4.1009,13.8199,69.0612,11.5127
1581,306.1084,129.3667,97.9834,22.9668,,false,11,0.008333,3.3635,0.0917,1.00,0.94,7.0658,22,1,77,0,103488,383,236,115,20,831836160,22.9668,0.0996,3.3635,13.2656,0.0000,0.0000
1582,306.1837,129.4583,91.3719,8.3067,,false,11,0.008333,2.9868,0.0917,1.00,1.00,6.7711,22,1,81,0,108864,383,236,115,20,831836160,8.3067,0.0546,2.9868,0.6845,0.0000,0.0000
1583,306.3458,129.5583,108.6398,61.7456,,false,12,0.008333,5.0407,0.1000,1.00,0.92,6.7711,22,1,82,4,110208,383,240,111,20,832299008,61.7456,0.0721,5.0407,50.1616,334.7523,53.9581
1584,306.3884,129.6500,91.5586,11.7385,,false,11,0.008333,4.6610,0.0917,1.00,1.00,6.6630,22,1,82,0,110208,383,240,111,20,832299008,11.7385,0.0997,4.6610,1.0699,0.0000,0.0000
1585,306.5361,129.7500,103.6902,56.4762,,false,12,0.008333,3.5195,0.1000,1.00,0.96,6.6630,22,1,85,4,114240,383,244,107,20,832299008,56.4762,0.1318,3.5195,46.5510,373.9095,52.4450
1586,306.5891,129.8500,96.3773,13.3278,,false,12,0.008333,4.4153,0.1000,1.00,1.00,3.0404,22,1,85,0,114240,383,244,107,20,832299008,13.3278,0.0543,4.4153,0.7876,0.0000,0.0000
1587,306.7691,129.9500,133.6262,59.5737,,false,12,0.008333,3.7153,0.1000,1.00,0.75,3.0404,22,1,86,4,115584,383,248,103,20,832299008,59.5737,0.0849,3.7153,49.5078,323.9423,58.4846
1588,306.8039,130.0333,82.8086,10.9141,,false,10,0.008333,3.5888,0.0833,1.00,1.00,2.5156,22,1,86,0,115584,383,248,103,20,832303104,10.9141,0.0679,3.5888,1.0809,0.0000,0.0000
1589,306.9439,130.1250,91.8866,59.8631,,false,11,0.008333,3.4696,0.0917,1.00,1.00,2.7355,22,1,86,4,115584,383,252,99,20,832303104,59.8631,0.1083,3.4696,49.3862,379.7466,60.0839
1590,306.9952,130.2250,103.0461,7.5853,,false,12,0.008333,2.5211,0.1000,1.00,0.97,2.7355,22,1,85,0,114240,383,252,99,20,832303104,7.5853,0.0463,2.5211,0.5565,0.0000,0.0000
1591,307.0878,130.3167,89.7109,10.9051,,false,11,0.008333,3.7760,0.0917,1.00,1.00,0.7797,22,1,85,0,114240,383,252,99,20,832303104,10.9051,0.1021,3.7760,0.9401,0.0000,0.0000
1592,307.2058,130.4167,115.9010,12.5030,,false,12,0.008333,4.7560,0.1000,1.00,0.86,0.7797,22,1,86,0,115584,383,252,99,20,832303104,12.5030,0.0707,4.7560,0.8927,0.0000,0.0000
1593,307.3895,130.5083,98.3238,97.8847,,false,11,0.008333,3.7109,0.0917,1.00,0.93,7.4368,22,1,86,4,115584,383,256,95,20,832303104,97.8847,0.1173,3.7109,86.8999,1331.6749,53.2644
1594,307.4124,130.6083,101.5812,12.0041,,false,12,0.008333,3.9473,0.1000,1.00,0.98,7.4368,22,1,87,0,116928,383,256,95,20,832667648,12.0041,0.0933,3.9473,1.1411,0.0000,0.0000
1595,307.5209,130.7083,116.6821,10.9274,,false,12,0.008333,3.9915,0.1000,1.00,0.86,7.4368,22,1,84,0,112896,383,256,95,20,832667648,10.9274,0.0822,3.9915,0.9501,0.0000,0.0000
1596,307.6602,130.8083,138.1918,11.9144,,false,12,0.008333,3.7700,0.1000,1.00,0.72,7.4368,22,1,85,0,114240,383,256,95,20,832667648,11.9144,0.0806,3.7700,0.8570,0.0000,0.0000
1597,307.9509,130.9083,178.0927,124.9133,,false,12,0.008333,2.2631,0.1000,1.00,0.56,7.4368,22,1,85,4,114240,383,260,91,20,833056768,124.9133,0.0700,2.2631,116.5573,1480.6490,66.8524
1598,308.0343,131.0083,195.3741,12.4943,,false,12,0.008333,4.3217,0.1000,1.00,0.51,7.4368,22,1,85,0,114240,383,260,91,20,833056768,12.4943,0.0663,4.3217,0.8674,0.0000,0.0000
1599,308.2394,131.1083,204.9879,12.5501,,false,12,0.008333,5.1024,0.1000,1.00,0.49,7.4368,22,1,85,0,114240,383,260,91,20,833056768,12.5501,0.0719,5.1024,0.9074,0.0000,0.0000
1600,308.5651,131.2083,199.2173,139.3810,,false,12,0.008333,4.0732,0.1000,1.00,0.50,7.4368,22,1,85,4,114240,383,264,87,20,833056768,139.3810,0.0725,4.0732,128.7619,1384.2225,39.5223
1601,308.6465,131.3083,209.0365,12.1175,,false,12,0.008333,4.3025,0.1000,1.00,0.48,7.4368,22,1,56,0,75264,383,264,87,20,833060864,12.1175,0.0736,4.3025,0.9964,0.0000,0.0000
1602,308.8562,131.4083,208.5407,12.7893,,false,12,0.008333,4.0676,0.1000,1.00,0.48,7.4368,22,1,37,0,49728,383,264,87,20,833060864,12.7893,0.1181,4.0676,0.9470,0.0000,0.0000
1603,309.2081,131.5083,221.5174,143.2412,,false,12,0.008333,3.9795,0.1000,1.00,0.45,7.4368,22,1,36,4,48384,383,268,83,20,833060864,143.2412,0.0783,3.9795,132.1604,1367.9224,40.6437
1604,309.2846,131.6083,208.5244,11.3745,,false,12,0.008333,3.9106,0.1000,1.00,0.48,7.4368,22,1,36,0,48384,383,268,83,20,833060864,11.3745,0.0666,3.9106,0.7692,0.0000,0.0000
1605,309.5097,131.7083,220.5749,15.5614,,false,12,0.008333,5.2361,0.1000,1.00,0.45,7.4368,22,1,36,0,48384,383,268,83,20,833060864,15.5614,0.1012,5.2361,1.1110,0.0000,0.0000
1606,309.8519,131.8083,213.6543,144.1425,,false,12,0.008333,4.1811,0.1000,1.00,0.47,7.4368,22,1,36,4,48384,383,272,79,20,833060864,144.1425,0.0682,4.1811,132.4247,1357.9272,52.1450
1607,309.9426,131.9083,224.4319,10.5904,,false,12,0.008333,3.6335,0.1000,1.00,0.45,7.4368,22,1,36,0,48384,383,272,79,20,833060864,10.5904,0.0796,3.6335,0.8467,0.0000,0.0000
1608,310.1672,132.0083,221.4228,13.6935,,false,12,0.008333,5.3050,0.1000,1.00,0.45,7.4368,22,1,36,0,48384,383,272,79,20,833060864,13.6935,0.0711,5.3050,0.9326,0.0000,0.0000
1609,310.5140,132.1083,216.5164,143.9705,,false,12,0.008333,3.7034,0.1000,1.00,0.46,7.4368,22,1,36,4,48384,383,276,75,20,833060864,143.9705,0.0648,3.7034,132.9082,1337.8360,56.7926
1610,310.5941,132.2083,214.7302,9.4639,,false,12,0.008333,2.7636,0.1000,1.00,0.47,7.4368,22,1,36,0,48384,383,276,75,20,833060864,9.4639,0.0756,2.7636,0.7672,0.0000,0.0000
1611,310.8221,132.3083,224.2527,13.0239,,false,12,0.008333,4.1159,0.1000,1.00,0.45,7.4368,22,1,36,0,48384,383,276,75,20,833060864,13.0239,0.0648,4.1159,1.0163,0.0000,0.0000
1612,311.1475,132.4083,227.8473,110.9478,,false,12,0.008333,5.4592,0.1000,1.00,0.44,7.4368,22,1,36,4,48384,383,280,71,20,833060864,110.9478,0.0695,5.4592,98.1300,1332.6452,57.5610
1613,311.2683,132.5083,218.4642,12.7226,,false,12,0.008333,3.8207,0.1000,1.00,0.46,7.4368,22,1,36,0,48384,383,280,71,20,833060864,12.7226,0.1062,3.8207,0.9129,0.0000,0.0000
1614,311.5232,132.6083,222.8501,44.9580,,false,12,0.008333,3.9307,0.1000,1.00,0.45,7.4368,22,1,36,1,48384,383,281,70,20,833064960,44.9580,0.0648,3.9307,31.7336,330.6170,9.6563
1615,311.8130,132.7083,221.7345,112.7426,,false,12,0.008333,3.8644,0.1000,1.00,0.45,7.4368,22,1,50,3,67200,383,284,67,20,833064960,112.7426,0.0719,3.8644,101.2838,1027.1449,28.7451
1616,311.9782,132.8083,232.2943,45.8622,,false,12,0.008333,3.8919,0.1000,1.00,0.43,7.4368,22,1,50,1,67200,383,285,66,20,833064960,45.8622,0.1109,3.8919,34.4391,348.6115,8.8293
1617,312.1663,132.9083,221.3321,12.5428,,false,12,0.008333,4.6006,0.1000,1.00,0.45,7.4368,22,1,50,0,67200,383,285,66,20,833064960,12.5428,0.0804,4.6006,1.0041,0.0000,0.0000
1618,312.5155,133.0083,220.6375,141.3870,,false,12,0.008333,3.9115,0.1000,1.00,0.45,7.4368,22,1,50,4,67200,383,289,62,20,833843200,141.3870,0.0653,3.9115,130.8262,1435.5787,65.6351
1619,312.6110,133.1083,222.0242,14.6741,,false,12,0.008333,3.6492,0.1000,1.00,0.45,7.4368,22,1,50,0,67200,383,289,62,20,833843200,14.6741,0.0902,3.6492,1.2478,0.0000,0.0000
1620,312.8345,133.2083,224.1159,14.0428,,false,12,0.008333,3.8311,0.1000,1.00,0.45,7.4368,22,1,50,0,67200,383,289,62,20,833843200,14.0428,0.0859,3.8311,1.2632,0.0000,0.0000
1621,313.1857,133.3083,228.9396,136.5478,,false,12,0.008333,4.1274,0.1000,1.00,0.44,7.4368,22,1,50,4,67200,383,293,58,20,834510848,136.5478,0.0703,4.1274,125.2322,1379.5785,42.6912
1622,313.2829,133.4083,219.6536,13.7527,,false,12,0.008333,5.1174,0.1000,1.00,0.46,7.4368,22,1,50,0,67200,383,293,58,20,834510848,13.7527,0.0752,5.1174,1.1139,0.0000,0.0000
1623,313.5082,133.5083,226.3357,12.9766,,false,12,0.008333,4.1689,0.1000,1.00,0.44,7.4368,22,1,50,0,67200,383,293,58,20,834510848,12.9766,0.0921,4.1689,1.1984,0.0000,0.0000
1624,313.8534,133.6083,222.0597,135.9161,,false,12,0.008333,3.9520,0.1000,1.00,0.45,7.4368,22,1,50,4,67200,383,297,54,20,834510848,135.9161,0.0498,3.9520,125.3177,1406.1105,36.9816
1625,313.9670,133.7083,235.2928,14.0013,,false,12,0.008333,4.2203,0.1000,1.00,0.43,7.4368,22,1,50,0,67200,383,297,54,20,834510848,14.0013,0.0735,4.2203,0.9372,0.0000,0.0000
1626,314.1905,133.8083,225.8563,12.0295,,false,12,0.008333,3.8629,0.1000,1.00,0.44,7.4368,22,1,50,0,67200,383,297,54,20,834510848,12.0295,0.0709,3.8629,0.9767,0.0000,0.0000
1627,314.5373,133.9083,223.1150,135.9298,,false,12,0.008333,3.8163,0.1000,1.00,0.45,7.4368,22,1,50,4,67200,383,301,50,20,834801664,135.9298,0.0481,3.8163,125.5477,1379.3824,37.2477
1628,314.6399,134.0083,225.2758,12.5628,,false,12,0.008333,4.1819,0.1000,1.00,0.44,7.4368,22,1,50,0,67200,383,301,50,20,835096576,12.5628,0.0917,4.1819,1.2262,0.0000,0.0000
1629,314.8684,134.1083,227.9967,13.4692,,false,12,0.008333,3.9346,0.1000,1.00,0.44,7.4368,22,1,50,0,67200,383,301,50,20,835137536,13.4692,0.0625,3.9346,1.0323,0.0000,0.0000
1630,315.2305,134.2083,234.0637,141.6734,,false,12,0.008333,3.9894,0.1000,1.00,0.43,7.4368,22,1,50,4,67200,383,305,46,20,835346432,141.6734,0.0631,3.9894,130.6875,1389.6054,37.8183
1631,315.3265,134.3083,225.3869,12.2085,,false,12,0.008333,4.2498,0.1000,1.00,0.44,7.4368,22,1,50,0,67200,383,305,46,20,835346432,12.2085,0.0694,4.2498,0.9883,0.0000,0.0000
1632,315.5565,134.4083,229.4728,12.9811,,false,12,0.008333,4.1664,0.1000,1.00,0.44,7.4368,22,1,50,0,67200,383,305,46,20,835346432,12.9811,0.0980,4.1664,1.1762,0.0000,0.0000
1633,315.9150,134.5083,224.6256,146.2832,,false,12,0.008333,3.7693,0.1000,1.00,0.45,7.4368,22,1,50,4,67200,383,309,42,20,835387392,146.2832,0.0819,3.7693,135.0534,1387.3989,44.0181
1634,316.0108,134.6083,232.8337,9.6665,,false,12,0.008333,3.3058,0.1000,1.00,0.43,7.4368,22,1,50,0,67200,383,309,42,20,835387392,9.6665,0.0549,3.3058,0.7048,0.0000,0.0000
1635,316.2472,134.7083,231.8829,14.1054,,false,12,0.008333,5.3674,0.1000,1.00,0.43,7.4368,22,1,50,0,67200,383,309,42,20,835387392,14.1054,0.1180,5.3674,1.1951,0.0000,0.0000
1636,316.6011,134.8083,222.9353,145.0818,,false,12,0.008333,3.9436,0.1000,1.00,0.45,7.4368,22,1,50,4,67200,383,313,38,20,835543040,145.0818,0.0631,3.9436,133.9263,1360.5939,60.2097
1637,316.6913,134.9083,225.1464,9.7721,,false,12,0.008333,3.2464,0.1000,1.00,0.44,7.4368,22,1,50,0,67200,383,313,38,20,835543040,9.7721,0.0835,3.2464,0.6200,0.0000,0.0000
1638,316.9248,135.0083,230.5907,12.9867,,false,12,0.008333,4.3424,0.1000,1.00,0.43,7.4368,22,1,50,0,67200,383,313,38,20,835543040,12.9867,0.1237,4.3424,0.9194,0.0000,0.0000
1639,317.2781,135.1083,232.6258,133.7767,,false,12,0.008333,3.7070,0.1000,1.00,0.43,7.4368,22,1,50,4,67200,383,317,34,20,835936256,133.7767,0.0530,3.7070,122.8221,1341.5245,57.9455
1640,317.3889,135.2083,227.5384,16.5986,,false,12,0.008333,4.0367,0.1000,1.00,0.44,7.4368,22,1,50,0,67200,383,317,34,20,835936256,16.5986,0.0930,4.0367,1.2317,0.0000,0.0000
1641,317.6165,135.3083,231.8134,12.7443,,false,12,0.008333,4.0309,0.1000,1.00,0.43,7.4368,22,1,50,0,67200,383,317,34,20,835940352,12.7443,0.0881,4.0309,1.2014,0.0000,0.0000
1642,317.9707,135.4083,224.6091,142.2187,,false,12,0.008333,3.8542,0.1000,1.00,0.45,7.4368,22,1,50,4,67200,383,321,30,20,835940352,142.2187,0.0568,3.8542,131.8574,1363.4040,51.3620
1643,318.0779,135.5083,237.1060,12.3396,,false,12,0.008333,4.0044,0.1000,1.00,0.42,7.4368,22,1,50,0,67200,383,321,30,20,835940352,12.3396,0.1618,4.0044,1.0347,0.0000,0.0000
1644,318.3101,135.6083,230.3258,14.3242,,false,12,0.008333,4.7832,0.1000,1.00,0.43,7.4368,22,1,50,0,67200,383,321,30,20,835940352,14.3242,0.0757,4.7832,1.1567,0.0000,0.0000
1645,318.6586,135.7083,224.1755,138.8936,,false,12,0.008333,3.8948,0.1000,1.00,0.45,7.4368,22,1,50,4,67200,383,325,26,20,836472832,138.8936,0.0571,3.8948,128.0328,1356.8278,49.5907
1646,318.7537,135.8083,223.4554,10.2493,,false,12,0.008333,3.4958,0.1000,1.00,0.45,7.4368,22,1,50,0,67200,383,325,26,20,836472832,10.2493,0.0726,3.4958,0.6796,0.0000,0.0000
1647,318.9976,135.9083,241.9224,12.5152,,false,12,0.008333,4.1665,0.1000,1.00,0.41,7.4368,22,1,50,0,67200,383,325,26,20,836472832,12.5152,0.0739,4.1665,1.2805,0.0000,0.0000
1648,319.3552,136.0083,224.4295,145.5692,,false,12,0.008333,3.8829,0.1000,1.00,0.45,7.4368,22,1,50,4,67200,383,329,22,20,836472832,145.5692,0.0652,3.8829,133.9519,1351.2771,51.1109
1649,319.4463,136.1083,224.0695,12.2353,,false,12,0.008333,4.1074,0.1000,1.00,0.45,7.4368,22,1,50,0,67200,383,329,22,20,836472832,12.2353,0.0659,4.1074,0.9868,0.0000,0.0000
1650,319.6771,136.2083,231.2160,12.0671,,false,12,0.008333,3.8802,0.1000,1.00,0.43,7.4368,22,1,50,0,67200,383,329,22,20,836472832,12.0671,0.0940,3.8802,1.2184,0.0000,0.0000
1651,320.0356,136.3083,225.2999,145.3088,,false,12,0.008333,3.8455,0.1000,1.00,0.44,7.4368,22,1,50,4,67200,383,333,18,20,836706304,145.3088,0.0728,3.8455,133.9668,1365.2764,57.7013
1652,320.1378,136.4083,237.3929,9.9604,,false,12,0.008333,3.2570,0.1000,1.00,0.42,7.4368,22,1,50,0,67200,383,333,18,20,836706304,9.9604,0.0654,3.2570,0.7370,0.0000,0.0000
1653,320.3697,136.5083,229.0950,13.0166,,false,12,0.008333,5.1829,0.1000,1.00,0.44,7.4368,22,1,50,0,67200,383,333,18,20,836706304,13.0166,0.0723,5.1829,1.0477,0.0000,0.0000
1654,320.7228,136.6083,225.5507,140.5390,,false,12,0.008333,3.7059,0.1000,1.00,0.44,7.4368,22,1,50,4,67200,383,337,14,20,836710400,140.5390,0.0651,3.7059,129.4972,1321.4849,62.6241
