frame,wall_s,sim_time_s,frame_ms,cpu_ms,gpu_ms,gpu_available,steps,fixed_dt_s,sim_cpu_ms,sim_advanced_s,requested_warp,effective_warp,backlog_ms,bodies,vehicles,patches_visible,patches_wanted,jobs_in_flight,eye_speed_mps,detail_bias,lod_min,lod_max,wanted_lod_max,patches_generated,triangles,cache_hits,cache_misses,streaming_queued,assets_pending,rss_bytes,rails_advanced_s,server_compute_s,server_wall_s,server_effective_warp,lod_l0,lod_l1,lod_l2,lod_l3,lod_l4,lod_l5,lod_l6,lod_l7,lod_l8,lod_l9,lod_l10,lod_l11,lod_l12,lod_l13,lod_l14,lod_l15,lod_l16,lod_l17,scope:client.camera_ms,scope:client.celestial_visuals_ms,scope:client.hud_ms,scope:client.pilot_hud_ms,scope:client.pilot_preview_ms,scope:client.starfield_ms,scope:frame.cpu_ms,scope:render.atmosphere_ms,scope:sim.total_ms,scope:world.streaming_ms,scope:world.terrain_asset_upload_ms,scope:world.terrain_cbt_submit_ms,scope:world.terrain_counters_ms,scope:world.terrain_entity_sync_ms,scope:world.terrain_job_poll_ms,scope:world.terrain_selection_ms
1342,16.4638,0.0000,13.9431,6.6617,,true,0,0.008333,0.0000,0.0000,1.00,0.00,0.0000,22,1,295,295,0,0,100,1,11,11,0,246528,0,295,0,0,848982016,0.000000,0.000000,0.000000,0.00,0,2,4,25,17,20,26,13,24,55,97,12,0,0,0,0,0,0,0.0010,0.0363,0.0522,0.0018,0.0049,0.0106,6.6617,0.0348,0.0000,0.6071,0.0007,0.0016,0.2138,0.0024,0.0017,0.0019
1343,16.4851,0.0000,21.3405,6.4171,,true,0,0.008333,0.0000,0.0000,1.00,0.00,0.0000,22,1,295,295,0,0,100,1,11,11,0,246528,0,295,0,0,848982016,0.000000,0.000000,0.000000,0.00,0,2,4,25,17,20,26,13,24,55,97,12,0,0,0,0,0,0,0.0009,0.0366,0.0536,0.0019,0.0065,0.0089,6.4171,0.0331,0.0000,0.6713,0.0006,0.0002,0.3659,0.0024,0.0013,0.0019
1344,16.5025,0.0000,17.6293,5.7249,,true,0,0.008333,0.0000,0.0000,1.00,0.00,0.0000,22,1,295,295,0,0,100,1,11,11,0,246528,0,295,0,0,848982016,0.000000,0.000000,0.000000,0.00,0,2,4,25,17,20,26,13,24,55,97,12,0,0,0,0,0,0,0.0001,0.0290,0.0449,0.0025,0.0059,0.0095,5.7249,0.0155,0.0000,0.4171,0.0009,0.0005,0.1066,0.0009,0.0011,0.0020
1345,16.5090,0.0000,8.8575,4.1753,,true,0,0.008333,0.0000,0.0000,1.00,0.00,0.0000,22,1,295,295,0,0,100,1,11,11,0,246528,0,295,0,0,848982016,0.000000,0.000000,0.000000,0.00,0,2,4,25,17,20,26,13,24,55,97,12,0,0,0,0,0,0,0.0008,0.0185,0.0447,0.0017,0.0057,0.0081,4.1753,0.0216,0.0000,0.5002,0.0006,0.0009,0.2253,0.0017,0.0012,0.0008
1346,16.5207,0.0000,11.7436,4.1765,,true,0,0.008333,0.0000,0.0000,1.00,0.00,0.0000,22,1,295,295,0,0,100,1,11,11,0,246528,0,295,0,0,848982016,0.000000,0.000000,0.000000,0.00,0,2,4,25,17,20,26,13,24,55,97,12,0,0,0,0,0,0,0.0006,0.0192,0.0346,0.0159,0.0037,0.0066,4.1765,0.0214,0.0000,0.4047,0.0009,0.0007,0.1555,0.0022,0.0013,0.0010
1347,16.5383,0.0000,16.8065,4.9990,,true,0,0.008333,0.0000,0.0000,1.00,0.00,0.0000,22,1,295,295,0,0,100,1,11,11,0,246528,0,295,0,0,848982016,0.000000,0.000000,0.000000,0.00,0,2,4,25,17,20,26,13,24,55,97,12,0,0,0,0,0,0,0.0008,0.0251,0.0338,0.0008,0.0020,0.0078,4.9990,0.0148,0.0000,0.4513,0.0004,0.0004,0.1467,0.0012,0.0005,0.0004
1348,16.5492,0.0000,11.7446,3.9336,,true,0,0.008333,0.0000,0.0000,1.00,0.00,0.0000,22,1,295,295,0,0,100,1,11,11,0,246528,0,295,0,0,848986112,0.000000,0.000000,0.000000,0.00,0,2,4,25,17,20,26,13,24,55,97,12,0,0,0,0,0,0,0.0002,0.0188,0.0339,0.0017,0.0034,0.0052,3.9336,0.0180,0.0000,0.3839,0.0009,0.0002,0.1531,0.0015,0.0010,0.0007
1349,16.5633,0.0000,14.3786,3.9115,,true,0,0.008333,0.0000,0.0000,1.00,0.00,0.0000,22,1,295,295,0,0,100,1,11,11,0,246528,0,295,0,0,848986112,0.000000,0.000000,0.000000,0.00,0,2,4,25,17,20,26,13,24,55,97,12,0,0,0,0,0,0,0.0007,0.0238,0.0372,0.0015,0.0036,0.0056,3.9115,0.0167,0.0000,0.3925,0.0007,0.0005,0.1258,0.0014,0.0010,0.0007
1350,16.5737,0.0000,11.3290,3.0800,,true,0,0.008333,0.0000,0.0000,1.00,0.00,0.0000,22,1,295,295,0,0,100,1,11,11,0,246528,0,295,0,0,848986112,0.000000,0.000000,0.000000,0.00,0,2,4,25,17,20,26,13,24,55,97,12,0,0,0,0,0,0,0.0006,0.0225,0.0353,0.0007,0.0040,0.0049,3.0800,0.0160,0.0000,0.3541,0.0005,0.0004,0.1262,0.0018,0.0010,0.0006
1351,16.5842,0.0000,10.8988,3.0020,,true,0,0.008333,0.0000,0.0000,1.00,0.00,0.0000,22,1,295,295,0,0,100,1,11,11,0,246528,0,295,0,0,848986112,0.000000,0.000000,0.000000,0.00,0,2,4,25,17,20,26,13,24,55,97,12,0,0,0,0,0,0,0.0001,0.0116,0.0332,0.0009,0.0023,0.0038,3.0020,0.0149,0.0000,0.3310,0.0005,0.0004,0.1235,0.0015,0.0007,0.0006
1352,16.6023,0.0000,16.2715,4.4205,,true,0,0.008333,0.0000,0.0000,1.00,0.00,0.0000,22,1,295,295,0,0,100,1,11,11,0,246528,0,295,0,0,848986112,0.000000,0.000000,0.000000,0.00,0,2,4,25,17,20,26,13,24,55,97,12,0,0,0,0,0,0,0.0006,0.0215,0.0363,0.0011,0.0038,0.0047,4.4205,0.0190,0.0000,0.3961,0.0006,0.0007,0.1409,0.0013,0.0007,0.0007
1353,16.6142,0.0000,11.3487,4.3764,,true,0,0.008333,0.0000,0.0000,1.00,0.00,0.0000,22,1,295,295,0,0,100,1,11,11,0,246528,0,295,0,0,848986112,0.000000,0.000000,0.000000,0.00,0,2,4,25,17,20,26,13,24,55,97,12,0,0,0,0,0,0,0.0004,0.0221,0.0389,0.0020,0.0048,0.0052,4.3764,0.0160,0.0000,0.4021,0.0005,0.0005,0.1577,0.0015,0.0011,0.0007
1354,16.6302,0.0000,16.4868,4.3238,,true,0,0.008333,0.0000,0.0000,1.00,0.00,0.0000,22,1,295,295,0,0,100,1,11,11,0,246528,0,295,0,0,848986112,0.000000,0.000000,0.000000,0.00,0,2,4,25,17,20,26,13,24,55,97,12,0,0,0,0,0,0,0.0002,0.0204,0.0407,0.0011,0.0069,0.0075,4.3238,0.0232,0.0000,0.4439,0.0008,0.0003,0.1809,0.0017,0.0011,0.0005
1355,16.6438,0.0000,14.7245,3.4106,,true,0,0.008333,0.0000,0.0000,1.00,0.00,0.0000,22,1,295,295,0,0,100,1,11,11,0,246528,0,295,0,0,848986112,0.000000,0.000000,0.000000,0.00,0,2,4,25,17,20,26,13,24,55,97,12,0,0,0,0,0,0,0.0001,0.0159,0.0351,0.0004,0.0039,0.0055,3.4106,0.0189,0.0000,0.4020,0.0007,0.0007,0.1486,0.0020,0.0009,0.0007
1356,16.6532,0.0000,9.9906,3.1922,,true,0,0.008333,0.0000,0.0000,1.00,0.00,0.0000,22,1,295,295,0,0,100,1,11,11,0,246528,0,295,0,0,848986112,0.000000,0.000000,0.000000,0.00,0,2,4,25,17,20,26,13,24,55,97,12,0,0,0,0,0,0,0.0002,0.0191,0.0322,0.0013,0.0053,0.0059,3.1922,0.0169,0.0000,0.3310,0.0006,0.0003,0.1298,0.0017,0.0008,0.0007
1357,16.6755,0.0000,17.9361,6.6871,,true,0,0.008333,0.0000,0.0000,1.00,0.00,0.0000,22,1,295,295,0,0,100,1,11,11,0,246528,0,295,0,0,848990208,0.000000,0.000000,0.000000,0.00,0,2,4,25,17,20,26,13,24,55,97,12,0,0,0,0,0,0,0.0013,0.0204,0.0932,0.0011,0.0042,0.0034,6.6871,0.0438,0.0000,0.4748,0.0012,0.0010,0.1637,0.0019,0.0020,0.0009
1358,16.6849,0.0000,13.0808,3.5719,,true,0,0.008333,0.0000,0.0000,1.00,0.00,0.0000,22,1,295,295,0,0,100,1,11,11,0,246528,0,295,0,0,848990208,0.000000,0.000000,0.000000,0.00,0,2,4,25,17,20,26,13,24,55,97,12,0,0,0,0,0,0,0.0002,0.0208,0.0322,0.0012,0.0030,0.0045,3.5719,0.0157,0.0000,0.3677,0.0006,0.0005,0.1325,0.0015,0.0009,0.0005
1359,16.7025,0.0000,16.2710,4.9912,,true,0,0.008333,0.0000,0.0000,1.00,0.00,0.0000,22,1,295,295,0,0,100,1,11,11,0,246528,0,295,0,0,848990208,0.000000,0.000000,0.000000,0.00,0,2,4,25,17,20,26,13,24,55,97,12,0,0,0,0,0,0,0.0004,0.0143,0.0413,0.0006,0.0028,0.0058,4.9912,0.0175,0.0000,0.4071,0.0003,0.0002,0.1907,0.0013,0.0006,0.0006
1360,16.7121,0.0000,9.7659,4.3002,,true,0,0.008333,0.0000,0.0000,1.00,0.00,0.0000,22,1,295,295,0,0,100,1,11,11,0,246528,0,295,0,0,848990208,0.000000,0.000000,0.000000,0.00,0,2,4,25,17,20,26,13,24,55,97,12,0,0,0,0,0,0,0.0010,0.0259,0.0432,0.0010,0.0040,0.0104,4.3002,0.0184,0.0000,0.4763,0.0007,0.0008,0.1951,0.0009,0.0011,0.0003
1361,16.7260,0.0000,15.3947,3.2689,,true,0,0.008333,0.0000,0.0000,1.00,0.00,0.0000,22,1,295,295,0,0,100,1,11,11,0,246528,0,295,0,0,848990208,0.000000,0.000000,0.000000,0.00,0,2,4,25,17,20,26,13,24,55,97,12,0,0,0,0,0,0,0.0002,0.0199,0.0430,0.0006,0.0023,0.0059,3.2689,0.0168,0.0000,0.3995,0.0005,0.0006,0.1458,0.0017,0.0009,0.0006
1362,16.7389,0.0000,10.8094,5.3810,,true,0,0.008333,0.0000,0.0000,1.00,0.00,0.0000,22,1,295,295,0,0,100,1,11,11,0,246528,0,295,0,0,848990208,0.000000,0.000000,0.000000,0.00,0,2,4,25,17,20,26,13,24,55,97,12,0,0,0,0,0,0,0.0008,0.0230,0.0429,0.0008,0.0040,0.0068,5.3810,0.0233,0.0000,0.4054,0.0006,0.0008,0.1598,0.0015,0.0015,0.0009
1363,16.7521,0.0000,14.3817,3.8178,,true,0,0.008333,0.0000,0.0000,1.00,0.00,0.0000,22,1,295,295,0,0,100,1,11,11,0,246528,0,295,0,0,848990208,0.000000,0.000000,0.000000,0.00,0,2,4,25,17,20,26,13,24,55,97,12,0,0,0,0,0,0,0.0005,0.0155,0.0297,0.0018,0.0036,0.0069,3.8178,0.0179,0.0000,0.3477,0.0008,0.0007,0.1216,0.0014,0.0006,0.0006
1364,16.7642,0.0000,12.8298,3.4908,,true,0,0.008333,0.0000,0.0000,1.00,0.00,0.0000,22,1,295,295,0,0,100,1,11,11,0,246528,0,295,0,0,848990208,0.000000,0.000000,0.000000,0.00,0,2,4,25,17,20,26,13,24,55,97,12,0,0,0,0,0,0,0.0002,0.0186,0.0353,0.0007,0.0040,0.0047,3.4908,0.0204,0.0000,0.4218,0.0003,0.0010,0.1462,0.0021,0.0009,0.0008
1365,16.7786,0.0000,12.4670,5.2010,,true,0,0.008333,0.0000,0.0000,1.00,0.00,0.0000,22,1,295,295,0,0,100,1,11,11,0,246528,0,295,0,0,848990208,0.000000,0.000000,0.000000,0.00,0,2,4,25,17,20,26,13,24,55,97,12,0,0,0,0,0,0,0.0002,0.0190,0.0376,0.0007,0.0035,0.0066,5.2010,0.0190,0.0000,0.4022,0.0007,0.0010,0.1666,0.0011,0.0011,0.0005
1366,16.7900,0.0000,13.0450,3.6398,,true,0,0.008333,0.0000,0.0000,1.00,0.00,0.0000,22,1,295,295,0,0,100,1,11,11,0,246528,0,295,0,0,848990208,0.000000,0.000000,0.000000,0.00,0,2,4,25,17,20,26,13,24,55,97,12,0,0,0,0,0,0,0.0003,0.0215,0.0362,0.0009,0.0035,0.0061,3.6398,0.0179,0.0000,0.3770,0.0004,0.0005,0.1296,0.0013,0.0010,0.0004
1367,16.8038,0.0000,13.3829,4.0658,,true,0,0.008333,0.0000,0.0000,1.00,0.00,0.0000,22,1,295,295,0,0,100,1,11,11,0,246528,0,295,0,0,848994304,0.000000,0.000000,0.000000,0.00,0,2,4,25,17,20,26,13,24,55,97,12,0,0,0,0,0,0,0.0008,0.0221,0.0357,0.0012,0.0041,0.0047,4.0658,0.0172,0.0000,0.3852,0.0003,0.0003,0.1481,0.0018,0.0017,0.0008
1368,16.8156,0.0000,12.1643,3.9234,,true,0,0.008333,0.0000,0.0000,1.00,0.00,0.0000,22,1,295,295,0,0,100,1,11,11,0,246528,0,295,0,0,848994304,0.000000,0.000000,0.000000,0.00,0,2,4,25,17,20,26,13,24,55,97,12,0,0,0,0,0,0,0.0006,0.0205,0.0386,0.0007,0.0019,0.0071,3.9234,0.0176,0.0000,0.3964,0.0006,0.0010,0.1401,0.0011,0.0011,0.0008
1369,16.8316,0.0000,15.9393,3.6594,,true,0,0.008333,0.0000,0.0000,1.00,0.00,0.0000,22,1,295,295,0,0,100,1,11,11,0,246528,0,295,0,0,848994304,0.000000,0.000000,0.000000,0.00,0,2,4,25,17,20,26,13,24,55,97,12,0,0,0,0,0,0,0.0001,0.0163,0.0345,0.0005,0.0025,0.0042,3.6594,0.0179,0.0000,0.3641,0.0006,0.0005,0.1370,0.0015,0.0007,0.0006
1370,16.8413,0.0000,9.7129,4.0057,,true,0,0.008333,0.0000,0.0000,1.00,0.00,0.0000,22,1,295,295,0,0,100,1,11,11,0,246528,0,295,0,0,848994304,0.000000,0.000000,0.000000,0.00,0,2,4,25,17,20,26,13,24,55,97,12,0,0,0,0,0,0,0.0002,0.0196,0.0314,0.0014,0.0032,0.0057,4.0057,0.0168,0.0000,0.3885,0.0005,0.0009,0.1570,0.0015,0.0011,0.0009
1371,16.8539,0.0000,12.6531,3.9299,,true,0,0.008333,0.0000,0.0000,1.00,0.00,0.0000,22,1,295,295,0,0,100,1,11,11,0,246528,0,295,0,0,848994304,0.000000,0.000000,0.000000,0.00,0,2,4,25,17,20,26,13,24,55,97,12,0,0,0,0,0,0,0.0002,0.0174,0.0347,0.0007,0.0030,0.0060,3.9299,0.0182,0.0000,0.3786,0.0006,0.0005,0.1415,0.0018,0.0012,0.0012
1372,16.8707,0.0000,15.8608,4.5584,,true,0,0.008333,0.0000,0.0000,1.00,0.00,0.0000,22,1,295,295,0,0,100,1,11,11,0,246528,0,295,0,0,848994304,0.000000,0.000000,0.000000,0.00,0,2,4,25,17,20,26,13,24,55,97,12,0,0,0,0,0,0,0.0008,0.0232,0.0500,0.0009,0.0046,0.0057,4.5584,0.0238,0.0000,0.4587,0.0005,0.0006,0.2064,0.0007,0.0010,0.0006
1373,16.8801,0.0000,10.2864,3.8546,,true,0,0.008333,0.0000,0.0000,1.00,0.00,0.0000,22,1,295,295,0,0,100,1,11,11,0,246528,0,295,0,0,848994304,0.000000,0.000000,0.000000,0.00,0,2,4,25,17,20,26,13,24,55,97,12,0,0,0,0,0,0,0.0005,0.0238,0.0310,0.0012,0.0040,0.0069,3.8546,0.0167,0.0000,0.2999,0.0006,0.0005,0.1073,0.0013,0.0008,0.0010
1374,16.8928,0.0000,12.0798,4.2503,,true,0,0.008333,0.0000,0.0000,1.00,0.00,0.0000,22,1,295,295,0,0,100,1,11,11,0,246528,0,295,0,0,848994304,0.000000,0.000000,0.000000,0.00,0,2,4,25,17,20,26,13,24,55,97,12,0,0,0,0,0,0,0.0007,0.0180,0.0463,0.0007,0.0042,0.0053,4.2503,0.0261,0.0000,0.3222,0.0003,0.0007,0.1103,0.0015,0.0010,0.0005
1375,16.9031,0.0000,11.5114,3.4128,,true,0,0.008333,0.0000,0.0000,1.00,0.00,0.0000,22,1,295,295,0,0,100,1,11,11,0,246528,0,295,0,0,848994304,0.000000,0.000000,0.000000,0.00,0,2,4,25,17,20,26,13,24,55,97,12,0,0,0,0,0,0,0.0005,0.0187,0.1024,0.0025,0.0030,0.0056,3.4128,0.0226,0.0000,0.3921,0.0005,0.0005,0.1353,0.0016,0.0013,0.0007
1376,16.9150,0.0000,12.0741,3.1091,,true,0,0.008333,0.0000,0.0000,1.00,0.00,0.0000,22,1,295,295,0,0,100,1,11,11,0,246528,0,295,0,0,848998400,0.000000,0.000000,0.000000,0.00,0,2,4,25,17,20,26,13,24,55,97,12,0,0,0,0,0,0,0.0002,0.0147,0.0368,0.0005,0.0024,0.0072,3.1091,0.0172,0.0000,0.3658,0.0004,0.0006,0.1422,0.0012,0.0011,0.0008
1377,16.9272,0.0000,12.2984,2.9993,,true,0,0.008333,0.0000,0.0000,1.00,0.00,0.0000,22,1,295,295,0,0,100,1,11,11,0,246528,0,295,0,0,848998400,0.000000,0.000000,0.000000,0.00,0,2,4,25,17,20,26,13,24,55,97,12,0,0,0,0,0,0,0.0002,0.0196,0.0329,0.0007,0.0027,0.0040,2.9993,0.0157,0.0000,0.3846,0.0005,0.0005,0.1615,0.0012,0.0011,0.0004
1378,16.9395,0.0000,12.2966,3.1291,,true,0,0.008333,0.0000,0.0000,1.00,0.00,0.0000,22,1,295,295,0,0,100,1,11,11,0,246528,0,295,0,0,848998400,0.000000,0.000000,0.000000,0.00,0,2,4,25,17,20,26,13,24,55,97,12,0,0,0,0,0,0,0.0002,0.0156,0.0325,0.0007,0.0025,0.0039,3.1291,0.0077,0.0000,0.3640,0.0005,0.0000,0.1415,0.0014,0.0005,0.0003
1379,16.9501,0.0000,10.4080,3.5030,,true,0,0.008333,0.0000,0.0000,1.00,0.00,0.0000,22,1,295,295,0,0,100,1,11,11,0,246528,0,295,0,0,848998400,0.000000,0.000000,0.000000,0.00,0,2,4,25,17,20,26,13,24,55,97,12,0,0,0,0,0,0,0.0003,0.0166,0.0332,0.0006,0.0019,0.0041,3.5030,0.0156,0.0000,0.3422,0.0000,0.0003,0.1294,0.0006,0.0004,0.0003
1380,16.9632,0.0000,12.3352,3.7257,,true,0,0.008333,0.0000,0.0000,1.00,0.00,0.0000,22,1,295,295,0,0,100,1,11,11,0,246528,0,295,0,0,848998400,0.000000,0.000000,0.000000,0.00,0,2,4,25,17,20,26,13,24,55,97,12,0,0,0,0,0,0,0.0005,0.0232,0.0418,0.0009,0.0027,0.0068,3.7257,0.0231,0.0000,0.3334,0.0009,0.0004,0.1120,0.0016,0.0008,0.0004
1381,16.9765,0.0000,12.6995,4.4072,,true,0,0.008333,0.0000,0.0000,1.00,0.00,0.0000,22,1,295,295,0,0,100,1,11,11,0,246528,0,295,0,0,848998400,0.000000,0.000000,0.000000,0.00,0,2,4,25,17,20,26,13,24,55,97,12,0,0,0,0,0,0,0.0004,0.0188,0.0341,0.0011,0.0033,0.0054,4.4072,0.0151,0.0000,0.3677,0.0007,0.0006,0.1397,0.0011,0.0012,0.0007
1382,16.9891,0.0000,12.0342,4.1008,,true,0,0.008333,0.0000,0.0000,1.00,0.00,0.0000,22,1,295,295,0,0,100,1,11,11,0,246528,0,295,0,0,848998400,0.000000,0.000000,0.000000,0.00,0,2,4,25,17,20,26,13,24,55,97,12,0,0,0,0,0,0,0.0002,0.0191,0.0354,0.0008,0.0027,0.0046,4.1008,0.0182,0.0000,0.3577,0.0004,0.0005,0.1311,0.0019,0.0009,0.0006
1383,17.0022,0.0000,15.0114,3.2707,,true,0,0.008333,0.0000,0.0000,1.00,0.00,0.0000,22,1,295,295,0,0,100,1,11,11,0,246528,0,295,0,0,848998400,0.000000,0.000000,0.000000,0.00,0,2,4,25,17,20,26,13,24,55,97,12,0,0,0,0,0,0,0.0007,0.0253,0.0270,0.0008,0.0025,0.0056,3.2707,0.0133,0.0000,0.2844,0.0005,0.0001,0.1009,0.0008,0.0010,0.0003
1384,17.0116,0.0000,9.8133,2.7169,,true,0,0.008333,0.0000,0.0000,1.00,0.00,0.0000,22,1,295,295,0,0,100,1,11,11,0,246528,0,295,0,0,848998400,0.000000,0.000000,0.000000,0.00,0,2,4,25,17,20,26,13,24,55,97,12,0,0,0,0,0,0,0.0005,0.0178,0.0354,0.0005,0.0026,0.0041,2.7169,0.0184,0.0000,0.3639,0.0005,0.0004,0.1262,0.0022,0.0014,0.0006
1385,17.0227,0.0000,11.2073,2.8128,,true,0,0.008333,0.0000,0.0000,1.00,0.00,0.0000,22,1,295,295,0,0,100,1,11,11,0,246528,0,295,0,0,849002496,0.000000,0.000000,0.000000,0.00,0,2,4,25,17,20,26,13,24,55,97,12,0,0,0,0,0,0,0.0012,0.0137,0.0988,0.0008,0.0098,0.0064,2.8128,0.0172,0.0000,0.3415,0.0001,0.0005,0.1317,0.0009,0.0002,0.0001
1386,17.0331,0.0000,10.4944,2.8412,,true,0,0.008333,0.0000,0.0000,1.00,0.00,0.0000,22,1,295,295,0,0,100,1,11,11,0,246528,0,295,0,0,849002496,0.000000,0.000000,0.000000,0.00,0,2,4,25,17,20,26,13,24,55,97,12,0,0,0,0,0,0,0.0005,0.0155,0.0353,0.0008,0.0026,0.0036,2.8412,0.0108,0.0000,0.3305,0.0003,0.0001,0.1273,0.0010,0.0003,0.0001
1387,17.0448,0.0000,11.1284,3.4148,,true,0,0.008333,0.0000,0.0000,1.00,0.00,0.0000,22,1,295,295,0,0,100,1,11,11,0,246528,0,295,0,0,849002496,0.000000,0.000000,0.000000,0.00,0,2,4,25,17,20,26,13,24,55,97,12,0,0,0,0,0,0,0.0007,0.0388,0.0335,0.0006,0.0021,0.0097,3.4148,0.0159,0.0000,0.3692,0.0009,0.0004,0.1190,0.0014,0.0007,0.0003
1388,17.0552,0.0000,9.9549,3.5366,,true,0,0.008333,0.0000,0.0000,1.00,0.00,0.0000,22,1,295,295,0,0,100,1,11,11,0,246528,0,295,0,0,849002496,0.000000,0.000000,0.000000,0.00,0,2,4,25,17,20,26,13,24,55,97,12,0,0,0,0,0,0,0.0006,0.0343,0.0528,0.0005,0.0014,0.0113,3.5366,0.0221,0.0000,0.5420,0.0006,0.0004,0.1960,0.0035,0.0011,0.0006
1389,17.0686,0.0000,12.8833,3.9182,,true,0,0.008333,0.0000,0.0000,1.00,0.00,0.0000,22,1,295,295,0,0,100,1,11,11,0,246528,0,295,0,0,849002496,0.000000,0.000000,0.000000,0.00,0,2,4,25,17,20,26,13,24,55,97,12,0,0,0,0,0,0,0.0004,0.0178,0.0438,0.0006,0.0024,0.0060,3.9182,0.0162,0.0000,0.3610,0.0005,0.0003,0.1338,0.0022,0.0006,0.0007
1390,17.0782,0.0000,9.8385,3.6514,,true,0,0.008333,0.0000,0.0000,1.00,0.00,0.0000,22,1,295,295,0,0,100,1,11,11,0,246528,0,295,0,0,849002496,0.000000,0.000000,0.000000,0.00,0,2,4,25,17,20,26,13,24,55,97,12,0,0,0,0,0,0,0.0008,0.0239,0.0453,0.0016,0.0024,0.0081,3.6514,0.0109,0.0000,0.3524,0.0005,0.0007,0.1270,0.0019,0.0008,0.0007
1391,17.0894,0.0000,11.6666,3.3479,,true,0,0.008333,0.0000,0.0000,1.00,0.00,0.0000,22,1,295,295,0,0,100,1,11,11,0,246528,0,295,0,0,849002496,0.000000,0.000000,0.000000,0.00,0,2,4,25,17,20,26,13,24,55,97,12,0,0,0,0,0,0,0.0004,0.0147,0.0365,0.0009,0.0021,0.0047,3.3479,0.0154,0.0000,0.3454,0.0005,0.0001,0.1278,0.0014,0.0017,0.0007
1392,17.1000,0.0000,11.1888,2.8301,,true,0,0.008333,0.0000,0.0000,1.00,0.00,0.0000,22,1,295,295,0,0,100,1,11,11,0,246528,0,295,0,0,849002496,0.000000,0.000000,0.000000,0.00,0,2,4,25,17,20,26,13,24,55,97,12,0,0,0,0,0,0,0.0002,0.0187,0.0321,0.0008,0.0037,0.0038,2.8301,0.0293,0.0000,0.3516,0.0006,0.0006,0.1288,0.0012,0.0008,0.0007
1393,17.1105,0.0000,10.3149,3.0557,,true,0,0.008333,0.0000,0.0000,1.00,0.00,0.0000,22,1,295,295,0,0,100,1,11,11,0,246528,0,295,0,0,849002496,0.000000,0.000000,0.000000,0.00,0,2,4,25,17,20,26,13,24,55,97,12,0,0,0,0,0,0,0.0003,0.0172,0.0283,0.0007,0.0028,0.0071,3.0557,0.0150,0.0000,0.3126,0.0004,0.0007,0.1226,0.0008,0.0005,0.0004
1394,17.1209,0.0000,10.2004,3.3057,,true,0,0.008333,0.0000,0.0000,1.00,0.00,0.0000,22,1,295,295,0,0,100,1,11,11,0,246528,0,295,0,0,849002496,0.000000,0.000000,0.000000,0.00,0,2,4,25,17,20,26,13,24,55,97,12,0,0,0,0,0,0,0.0007,0.0195,0.0301,0.0015,0.0037,0.0050,3.3057,0.0194,0.0000,0.3304,0.0006,0.0005,0.1317,0.0014,0.0007,0.0008
1395,17.1334,0.0000,12.5994,3.0893,,true,0,0.008333,0.0000,0.0000,1.00,0.00,0.0000,22,1,295,295,0,0,100,1,11,11,0,246528,0,295,0,0,849006592,0.000000,0.000000,0.000000,0.00,0,2,4,25,17,20,26,13,24,55,97,12,0,0,0,0,0,0,0.0002,0.0165,0.0340,0.0004,0.0020,0.0040,3.0893,0.0067,0.0000,0.3429,0.0005,0.0007,0.1193,0.0011,0.0009,0.0009
1396,17.1436,0.0000,10.9587,2.4624,,true,0,0.008333,0.0000,0.0000,1.00,0.00,0.0000,22,1,295,295,0,0,100,1,11,11,0,246528,0,295,0,0,849006592,0.000000,0.000000,0.000000,0.00,0,2,4,25,17,20,26,13,24,55,97,12,0,0,0,0,0,0,0.0002,0.0092,0.0261,0.0006,0.0015,0.0028,2.4624,0.0064,0.0000,0.3429,0.0001,0.0000,0.1506,0.0008,0.0008,0.0002
1397,17.1549,0.0000,11.0843,2.7322,,true,0,0.008333,0.0000,0.0000,1.00,0.00,0.0000,22,1,295,295,0,0,100,1,11,11,0,246528,0,295,0,0,849006592,0.000000,0.000000,0.000000,0.00,0,2,4,25,17,20,26,13,24,55,97,12,0,0,0,0,0,0,0.0004,0.0141,0.0257,0.0009,0.0016,0.0066,2.7322,0.0068,0.0000,0.2900,0.0001,0.0000,0.1109,0.0010,0.0003,0.0000
1398,17.1713,0.0000,14.1001,4.7447,,true,0,0.008333,0.0000,0.0000,1.00,0.00,0.0000,22,1,295,295,0,0,100,1,11,11,0,246528,0,295,0,0,849006592,0.000000,0.000000,0.000000,0.00,0,2,4,25,17,20,26,13,24,55,97,12,0,0,0,0,0,0,0.0002,0.0385,0.0362,0.0006,0.0015,0.0028,4.7447,0.0223,0.0000,0.4734,0.0021,0.0016,0.1070,0.0012,0.0022,0.0018
1399,17.1842,0.0000,9.1713,8.7653,,true,0,0.008333,0.0000,0.0000,1.00,0.00,0.0000,22,1,295,295,0,0,100,1,11,11,0,246528,0,295,0,0,849006592,0.000000,0.000000,0.000000,0.00,0,2,4,25,17,20,26,13,24,55,97,12,0,0,0,0,0,0,0.0003,0.0182,0.0491,0.0009,0.0024,0.0045,8.7653,0.0393,0.0000,4.9692,0.0003,0.0858,0.0791,0.0016,0.0010,4.6158
1400,17.1917,0.0000,12.4730,3.4659,,true,0,0.008333,0.0000,0.0000,1.00,0.00,0.0000,22,1,295,295,0,0,100,1,11,11,0,246528,0,295,0,0,849006592,0.000000,0.000000,0.000000,0.00,0,2,4,25,17,20,26,13,24,55,97,12,0,0,0,0,0,0,0.0014,0.0331,0.0449,0.0005,0.0020,0.0063,3.4659,0.0216,0.0000,0.3945,0.0005,0.0004,0.1351,0.0016,0.0008,0.0007
1401,17.2029,0.0000,11.5271,3.3304,,true,0,0.008333,0.0000,0.0000,1.00,0.00,0.0000,22,1,295,295,0,0,100,1,11,11,0,246528,0,295,0,0,849006592,0.000000,0.000000,0.000000,0.00,0,2,4,25,17,20,26,13,24,55,97,12,0,0,0,0,0,0,0.0006,0.0190,0.0354,0.0006,0.0014,0.0043,3.3304,0.0158,0.0000,0.4089,0.0006,0.0007,0.1482,0.0017,0.0007,0.0006
1402,17.2150,0.0000,11.8085,3.2369,,true,0,0.008333,0.0000,0.0000,1.00,0.00,0.0000,22,1,295,295,0,0,100,1,11,11,0,246528,0,295,0,0,849006592,0.000000,0.000000,0.000000,0.00,0,2,4,25,17,20,26,13,24,55,97,12,0,0,0,0,0,0,0.0002,0.0103,0.0324,0.0007,0.0013,0.0020,3.2369,0.0123,0.0000,0.3301,0.0004,0.0001,0.1193,0.0008,0.0003,0.0001
1403,17.2246,0.0000,10.3153,3.0006,,true,0,0.008333,0.0000,0.0000,1.00,0.00,0.0000,22,1,295,295,0,0,100,1,11,11,0,246528,0,295,0,0,849006592,0.000000,0.000000,0.000000,0.00,0,2,4,25,17,20,26,13,24,55,97,12,0,0,0,0,0,0,0.0002,0.0160,0.0355,0.0009,0.0025,0.0053,3.0006,0.0150,0.0000,0.3638,0.0007,0.0006,0.1422,0.0014,0.0010,0.0005
1404,17.2351,0.0000,10.8410,2.7636,,true,0,0.008333,0.0000,0.0000,1.00,0.00,0.0000,22,1,295,295,0,0,100,1,11,11,0,246528,0,295,0,0,849010688,0.000000,0.000000,0.000000,0.00,0,2,4,25,17,20,26,13,24,55,97,12,0,0,0,0,0,0,0.0003,0.0158,0.0330,0.0009,0.0029,0.0051,2.7636,0.0144,0.0000,0.3482,0.0005,0.0006,0.1257,0.0013,0.0015,0.0007
1405,17.2466,0.0000,10.5438,3.5371,,true,0,0.008333,0.0000,0.0000,1.00,0.00,0.0000,22,1,295,295,0,0,100,1,11,11,0,246528,0,295,0,0,849010688,0.000000,0.000000,0.000000,0.00,0,2,4,25,17,20,26,13,24,55,97,12,0,0,0,0,0,0,0.0002,0.0147,0.0329,0.0015,0.0024,0.0050,3.5371,0.0165,0.0000,0.3510,0.0007,0.0004,0.1266,0.0008,0.0009,0.0002
1406,17.2596,0.0000,12.9714,3.1932,,true,0,0.008333,0.0000,0.0000,1.00,0.00,0.0000,22,1,295,295,0,0,100,1,11,11,0,246528,0,295,0,0,849010688,0.000000,0.000000,0.000000,0.00,0,2,4,25,17,20,26,13,24,55,97,12,0,0,0,0,0,0,0.0002,0.0206,0.0400,0.0009,0.0032,0.0048,3.1932,0.0165,0.0000,0.4411,0.0005,0.0007,0.1647,0.0013,0.0008,0.0005
1407,17.2688,0.0000,9.1918,3.5260,,true,0,0.008333,0.0000,0.0000,1.00,0.00,0.0000,22,1,295,295,0,0,100,1,11,11,0,246528,0,295,0,0,849010688,0.000000,0.000000,0.000000,0.00,0,2,4,25,17,20,26,13,24,55,97,12,0,0,0,0,0,0,0.0001,0.0196,0.0421,0.0007,0.0035,0.0062,3.5260,0.0163,0.0000,0.3796,0.0006,0.0001,0.1402,0.0014,0.0013,0.0011
1408,17.2807,0.0000,11.0474,4.2591,,true,0,0.008333,0.0000,0.0000,1.00,0.00,0.0000,22,1,295,295,0,0,100,1,11,11,0,246528,0,295,0,0,849010688,0.000000,0.000000,0.000000,0.00,0,2,4,25,17,20,26,13,24,55,97,12,0,0,0,0,0,0,0.0007,0.0173,0.0490,0.0005,0.0040,0.0040,4.2591,0.0275,0.0000,0.3985,0.0005,0.0003,0.1417,0.0028,0.0010,0.0008
1409,17.2915,0.0000,10.5609,4.9046,,true,0,0.008333,0.0000,0.0000,1.00,0.00,0.0000,22,1,295,295,0,0,100,1,11,11,0,246528,0,295,0,0,849010688,0.000000,0.000000,0.000000,0.00,0,2,4,25,17,20,26,13,24,55,97,12,0,0,0,0,0,0,0.0013,0.0235,0.0768,0.0015,0.0041,0.0076,4.9046,0.0324,0.0000,0.5198,0.0005,0.0014,0.2257,0.0029,0.0013,0.0014
1410,17.3018,0.0000,11.7699,3.1820,,true,0,0.008333,0.0000,0.0000,1.00,0.00,0.0000,22,1,295,295,0,0,100,1,11,11,0,246528,0,295,0,0,849010688,0.000000,0.000000,0.000000,0.00,0,2,4,25,17,20,26,13,24,55,97,12,0,0,0,0,0,0,0.0002,0.0224,0.0348,0.0008,0.0029,0.0051,3.1820,0.0176,0.0000,0.3767,0.0005,0.0001,0.1287,0.0013,0.0006,0.0007
1411,17.3140,0.0000,11.8728,3.5846,,true,0,0.008333,0.0000,0.0000,1.00,0.00,0.0000,22,1,295,295,0,0,100,1,11,11,0,246528,0,295,0,0,849010688,0.000000,0.000000,0.000000,0.00,0,2,4,25,17,20,26,13,24,55,97,12,0,0,0,0,0,0,0.0007,0.0174,0.0549,0.0019,0.0039,0.0057,3.5846,0.0158,0.0000,0.3754,0.0008,0.0006,0.1723,0.0022,0.0019,0.0010
1412,17.3244,0.0000,10.6085,3.1040,,true,0,0.008333,0.0000,0.0000,1.00,0.00,0.0000,22,1,295,295,0,0,100,1,11,11,0,246528,0,295,0,0,849010688,0.000000,0.000000,0.000000,0.00,0,2,4,25,17,20,26,13,24,55,97,12,0,0,0,0,0,0,0.0005,0.0156,0.0415,0.0006,0.0027,0.0041,3.1040,0.0142,0.0000,0.3379,0.0006,0.0005,0.1232,0.0011,0.0008,0.0010
1413,17.3341,0.0000,10.0322,2.8390,,true,0,0.008333,0.0000,0.0000,1.00,0.00,0.0000,22,1,295,295,0,0,100,1,11,11,0,246528,0,295,0,0,849014784,0.000000,0.000000,0.000000,0.00,0,2,4,25,17,20,26,13,24,55,97,12,0,0,0,0,0,0,0.0001,0.0126,0.0301,0.0005,0.0014,0.0027,2.8390,0.0172,0.0000,0.2077,0.0002,0.0001,0.0698,0.0006,0.0004,0.0002
1414,17.3469,0.0000,12.8488,3.0449,,true,0,0.008333,0.0000,0.0000,1.00,0.00,0.0000,22,1,295,295,0,0,100,1,11,11,0,246528,0,295,0,0,849014784,0.000000,0.000000,0.000000,0.00,0,2,4,25,17,20,26,13,24,55,97,12,0,0,0,0,0,0,0.0002,0.0135,0.0339,0.0009,0.0020,0.0048,3.0449,0.0161,0.0000,0.3579,0.0006,0.0006,0.1358,0.0013,0.0015,0.0013
1415,17.3583,0.0000,10.9434,3.3055,,true,0,0.008333,0.0000,0.0000,1.00,0.00,0.0000,22,1,295,295,0,0,100,1,11,11,0,246528,0,295,0,0,849014784,0.000000,0.000000,0.000000,0.00,0,2,4,25,17,20,26,13,24,55,97,12,0,0,0,0,0,0,0.0009,0.0156,0.0315,0.0004,0.0021,0.0048,3.3055,0.0135,0.0000,0.3395,0.0003,0.0000,0.1241,0.0011,0.0004,0.0001
1416,17.3696,0.0000,10.9658,3.6155,,true,0,0.008333,0.0000,0.0000,1.00,0.00,0.0000,22,1,295,295,0,0,100,1,11,11,0,246528,0,295,0,0,849014784,0.000000,0.000000,0.000000,0.00,0,2,4,25,17,20,26,13,24,55,97,12,0,0,0,0,0,0,0.0003,0.0203,0.0315,0.0007,0.0032,0.0055,3.6155,0.0167,0.0000,0.3546,0.0004,0.0004,0.1224,0.0017,0.0015,0.0010
1417,17.3808,0.0000,11.3388,3.5964,,true,0,0.008333,0.0000,0.0000,1.00,0.00,0.0000,22,1,295,295,0,0,100,1,11,11,0,246528,0,295,0,0,849014784,0.000000,0.000000,0.000000,0.00,0,2,4,25,17,20,26,13,24,55,97,12,0,0,0,0,0,0,0.0014,0.0197,0.0508,0.0008,0.0018,0.0045,3.5964,0.0160,0.0000,0.3792,0.0008,0.0011,0.1519,0.0012,0.0016,0.0013
1418,17.3944,0.0000,14.1006,3.0786,,true,0,0.008333,0.0000,0.0000,1.00,0.00,0.0000,22,1,295,295,0,0,100,1,11,11,0,246528,0,295,0,0,849014784,0.000000,0.000000,0.000000,0.00,0,2,4,25,17,20,26,13,24,55,97,12,0,0,0,0,0,0,0.0008,0.0175,0.0301,0.0009,0.0024,0.0028,3.0786,0.0120,0.0000,0.3566,0.0005,0.0004,0.1188,0.0011,0.0016,0.0001
1419,17.4023,0.0000,8.6020,2.6099,,true,0,0.008333,0.0000,0.0000,1.00,0.00,0.0000,22,1,295,295,0,0,100,1,11,11,0,246528,0,295,0,0,849014784,0.000000,0.000000,0.000000,0.00,0,2,4,25,17,20,26,13,24,55,97,12,0,0,0,0,0,0,0.0002,0.0162,0.0336,0.0005,0.0020,0.0030,2.6099,0.0130,0.0000,0.3876,0.0005,0.0003,0.1488,0.0007,0.0005,0.0003
1420,17.4146,0.0000,11.3606,3.2306,,true,0,0.008333,0.0000,0.0000,1.00,0.00,0.0000,22,1,295,295,0,0,100,1,11,11,0,246528,0,295,0,0,849014784,0.000000,0.000000,0.000000,0.00,0,2,4,25,17,20,26,13,24,55,97,12,0,0,0,0,0,0,0.0002,0.0172,0.0363,0.0007,0.0026,0.0052,3.2306,0.0162,0.0000,0.3640,0.0007,0.0005,0.1428,0.0014,0.0003,0.0005
1421,17.4268,0.0000,11.9204,3.4201,,true,0,0.008333,0.0000,0.0000,1.00,0.00,0.0000,22,1,295,295,0,0,100,1,11,11,0,246528,0,295,0,0,849014784,0.000000,0.000000,0.000000,0.00,0,2,4,25,17,20,26,13,24,55,97,12,0,0,0,0,0,0,0.0003,0.0189,0.0324,0.0013,0.0019,0.0043,3.4201,0.0133,0.0000,0.3584,0.0005,0.0002,0.1346,0.0010,0.0011,0.0008
1422,17.4373,0.0000,10.7562,3.2933,,true,0,0.008333,0.0000,0.0000,1.00,0.00,0.0000,22,1,295,295,0,0,100,1,11,11,0,246528,0,295,0,0,849014784,0.000000,0.000000,0.000000,0.00,0,2,4,25,17,20,26,13,24,55,97,12,0,0,0,0,0,0,0.0005,0.0213,0.0341,0.0023,0.0028,0.0053,3.2933,0.0144,0.0000,0.3737,0.0003,0.0006,0.1373,0.0012,0.0006,0.0008
1423,17.4482,0.0000,11.1399,3.2564,,true,0,0.008333,0.0000,0.0000,1.00,0.00,0.0000,22,1,295,295,0,0,100,1,11,11,0,246528,0,295,0,0,849018880,0.000000,0.000000,0.000000,0.00,0,2,4,25,17,20,26,13,24,55,97,12,0,0,0,0,0,0,0.0004,0.0180,0.0360,0.0004,0.0027,0.0061,3.2564,0.0169,0.0000,0.3728,0.0006,0.0008,0.1447,0.0010,0.0012,0.0006
1424,17.4604,0.0000,11.9143,3.6466,,true,0,0.008333,0.0000,0.0000,1.00,0.00,0.0000,22,1,295,295,0,0,100,1,11,11,0,246528,0,295,0,0,849018880,0.000000,0.000000,0.000000,0.00,0,2,4,25,17,20,26,13,24,55,97,12,0,0,0,0,0,0,0.0005,0.0195,0.0369,0.0011,0.0027,0.0089,3.6466,0.0171,0.0000,0.3532,0.0005,0.0001,0.1216,0.0010,0.0010,0.0008
1425,17.4741,0.0000,12.2089,4.5502,,true,0,0.008333,0.0000,0.0000,1.00,0.00,0.0000,22,1,295,295,0,0,100,1,11,11,0,246528,0,295,0,0,849018880,0.000000,0.000000,0.000000,0.00,0,2,4,25,17,20,26,13,24,55,97,12,0,0,0,0,0,0,0.0005,0.0282,0.0346,0.0006,0.0036,0.0057,4.5502,0.0146,0.0000,0.3609,0.0006,0.0005,0.1358,0.0010,0.0008,0.0008
1426,17.4851,0.0000,12.6282,3.2157,,true,0,0.008333,0.0000,0.0000,1.00,0.00,0.0000,22,1,295,295,0,0,100,1,11,11,0,246528,0,295,0,0,849018880,0.000000,0.000000,0.000000,0.00,0,2,4,25,17,20,26,13,24,55,97,12,0,0,0,0,0,0,0.0004,0.0204,0.0358,0.0027,0.0044,0.0060,3.2157,0.0124,0.0000,0.3656,0.0005,0.0004,0.1340,0.0010,0.0015,0.0008
1427,17.5000,0.0000,14.6263,3.6419,,true,0,0.008333,0.0000,0.0000,1.00,0.00,0.0000,22,1,295,295,0,0,100,1,11,11,0,246528,0,295,0,0,849018880,0.000000,0.000000,0.000000,0.00,0,2,4,25,17,20,26,13,24,55,97,12,0,0,0,0,0,0,0.0001,0.0160,0.0374,0.0007,0.0027,0.0038,3.6419,0.0137,0.0000,0.3579,0.0005,0.0007,0.1317,0.0010,0.0015,0.0009
1428,17.5100,0.0000,11.0026,2.7297,,true,0,0.008333,0.0000,0.0000,1.00,0.00,0.0000,22,1,295,295,0,0,100,1,11,11,0,246528,0,295,0,0,849018880,0.000000,0.000000,0.000000,0.00,0,2,4,25,17,20,26,13,24,55,97,12,0,0,0,0,0,0,0.0002,0.0127,0.0370,0.0008,0.0029,0.0038,2.7297,0.0132,0.0000,0.3566,0.0005,0.0005,0.1273,0.0021,0.0007,0.0006
1429,17.5206,0.0000,10.9743,2.4104,,true,0,0.008333,0.0000,0.0000,1.00,0.00,0.0000,22,1,295,295,0,0,100,1,11,11,0,246528,0,295,0,0,849018880,0.000000,0.000000,0.000000,0.00,0,2,4,25,17,20,26,13,24,55,97,12,0,0,0,0,0,0,0.0005,0.0103,0.0282,0.0009,0.0019,0.0038,2.4104,0.0109,0.0000,0.3277,0.0001,0.0006,0.1232,0.0006,0.0002,0.0001
1430,17.5320,0.0000,10.7280,2.8965,,true,0,0.008333,0.0000,0.0000,1.00,0.00,0.0000,22,1,295,295,0,0,100,1,11,11,0,246528,0,295,0,0,849018880,0.000000,0.000000,0.000000,0.00,0,2,4,25,17,20,26,13,24,55,97,12,0,0,0,0,0,0,0.0001,0.0139,0.0328,0.0011,0.0015,0.0038,2.8965,0.0103,0.0000,0.3562,0.0001,0.0006,0.1248,0.0010,0.0005,0.0004
1431,17.5421,0.0000,10.6195,2.4133,,true,0,0.008333,0.0000,0.0000,1.00,0.00,0.0000,22,1,295,295,0,0,100,1,11,11,0,246528,0,295,0,0,849018880,0.000000,0.000000,0.000000,0.00,0,2,4,25,17,20,26,13,24,55,97,12,0,0,0,0,0,0,0.0002,0.0101,0.0298,0.0008,0.0024,0.0043,2.4133,0.0089,0.0000,0.3279,0.0004,0.0005,0.1214,0.0008,0.0002,0.0003
1432,17.5531,0.0000,11.0597,2.2170,,true,0,0.008333,0.0000,0.0000,1.00,0.00,0.0000,22,1,295,295,0,0,100,1,11,11,0,246528,0,295,0,0,849022976,0.000000,0.000000,0.000000,0.00,0,2,4,25,17,20,26,13,24,55,97,12,0,0,0,0,0,0,0.0002,0.0112,0.0307,0.0009,0.0009,0.0029,2.2170,0.0093,0.0000,0.3232,0.0002,0.0006,0.1208,0.0006,0.0006,0.0003
1433,17.5641,0.0000,10.5007,2.8908,,true,0,0.008333,0.0000,0.0000,1.00,0.00,0.0000,22,1,295,295,0,0,100,1,11,11,0,246528,0,295,0,0,849022976,0.000000,0.000000,0.000000,0.00,0,2,4,25,17,20,26,13,24,55,97,12,0,0,0,0,0,0,0.0001,0.0144,0.0322,0.0008,0.0016,0.0028,2.8908,0.0154,0.0000,0.3692,0.0005,0.0007,0.1258,0.0008,0.0006,0.0002
1434,17.5772,0.0000,12.0653,3.5017,,true,0,0.008333,0.0000,0.0000,1.00,0.00,0.0000,22,1,295,295,0,0,100,1,11,11,0,246528,0,295,0,0,849022976,0.000000,0.000000,0.000000,0.00,0,2,4,25,17,20,26,13,24,55,97,12,0,0,0,0,0,0,0.0005,0.0163,0.0430,0.0007,0.0022,0.0043,3.5017,0.0201,0.0000,0.4167,0.0005,0.0003,0.1969,0.0010,0.0006,0.0006
1435,17.5871,0.0000,10.2807,3.2363,,true,0,0.008333,0.0000,0.0000,1.00,0.00,0.0000,22,1,295,295,0,0,100,1,11,11,0,246528,0,295,0,0,849022976,0.000000,0.000000,0.000000,0.00,0,2,4,25,17,20,26,13,24,55,97,12,0,0,0,0,0,0,0.0003,0.0144,0.0347,0.0008,0.0036,0.0052,3.2363,0.0165,0.0000,0.3322,0.0004,0.0005,0.1155,0.0017,0.0009,0.0005
1436,17.5981,0.0000,11.2503,3.1784,,true,0,0.008333,0.0000,0.0000,1.00,0.00,0.0000,22,1,295,295,0,0,100,1,11,11,0,246528,0,295,0,0,849022976,0.000000,0.000000,0.000000,0.00,0,2,4,25,17,20,26,13,24,55,97,12,0,0,0,0,0,0,0.0002,0.0161,0.0381,0.0013,0.0031,0.0050,3.1784,0.0146,0.0000,0.3830,0.0006,0.0005,0.1451,0.0017,0.0007,0.0007
1437,17.6084,0.0000,10.7221,2.7715,,true,0,0.008333,0.0000,0.0000,1.00,0.00,0.0000,22,1,295,295,0,0,100,1,11,11,0,246528,0,295,0,0,849022976,0.000000,0.000000,0.000000,0.00,0,2,4,25,17,20,26,13,24,55,97,12,0,0,0,0,0,0,0.0002,0.0130,0.0315,0.0007,0.0020,0.0036,2.7715,0.0128,0.0000,0.3272,0.0001,0.0001,0.1191,0.0011,0.0005,0.0006
1438,17.6193,0.0000,11.1487,2.6060,,true,0,0.008333,0.0000,0.0000,1.00,0.00,0.0000,22,1,295,295,0,0,100,1,11,11,0,246528,0,295,0,0,849022976,0.000000,0.000000,0.000000,0.00,0,2,4,25,17,20,26,13,24,55,97,12,0,0,0,0,0,0,0.0011,0.0133,0.0321,0.0007,0.0020,0.0033,2.6060,0.0117,0.0000,0.3540,0.0001,0.0003,0.1276,0.0015,0.0006,0.0005
1439,17.6328,0.0000,11.6888,3.9269,,true,0,0.008333,0.0000,0.0000,1.00,0.00,0.0000,22,1,295,295,0,0,100,1,11,11,0,246528,0,295,0,0,849022976,0.000000,0.000000,0.000000,0.00,0,2,4,25,17,20,26,13,24,55,97,12,0,0,0,0,0,0,0.0009,0.0374,0.0301,0.0007,0.0018,0.0132,3.9269,0.0213,0.0000,0.3412,0.0006,0.0003,0.1074,0.0013,0.0005,0.0003
1440,17.6425,0.0000,10.2185,3.6778,,true,0,0.008333,0.0000,0.0000,1.00,0.00,0.0000,22,1,295,295,0,0,100,1,11,11,0,246528,0,295,0,0,849022976,0.000000,0.000000,0.000000,0.00,0,2,4,25,17,20,26,13,24,55,97,12,0,0,0,0,0,0,0.0003,0.0158,0.0369,0.0008,0.0023,0.0044,3.6778,0.0158,0.0000,0.3546,0.0004,0.0006,0.1395,0.0013,0.0007,0.0010
1441,17.6567,0.0000,13.8026,3.7053,,true,0,0.008333,0.0000,0.0000,1.00,0.00,0.0000,22,1,295,295,0,0,100,1,11,11,0,246528,0,295,0,0,849027072,0.000000,0.000000,0.000000,0.00,0,2,4,25,17,20,26,13,24,55,97,12,0,0,0,0,0,0,0.0011,0.0299,0.0313,0.0009,0.0022,0.0061,3.7053,0.0311,0.0000,0.3228,0.0005,0.0004,0.1111,0.0011,0.0012,0.0005
1442,17.6682,0.0000,11.4068,4.1385,,true,0,0.008333,0.0000,0.0000,1.00,0.00,0.0000,22,1,295,295,0,0,100,1,11,11,0,246528,0,295,0,0,849027072,0.000000,0.000000,0.000000,0.00,0,2,4,25,17,20,26,13,24,55,97,12,0,0,0,0,0,0,0.0009,0.0515,0.0521,0.0013,0.0032,0.0155,4.1385,0.0232,0.0000,0.5077,0.0006,0.0007,0.1837,0.0023,0.0012,0.0013
1443,17.6824,0.0000,14.6003,3.4393,,true,0,0.008333,0.0000,0.0000,1.00,0.00,0.0000,22,1,295,295,0,0,100,1,11,11,0,246528,0,295,0,0,849027072,0.000000,0.000000,0.000000,0.00,0,2,4,25,17,20,26,13,24,55,97,12,0,0,0,0,0,0,0.0005,0.0194,0.0333,0.0009,0.0047,0.0051,3.4393,0.0147,0.0000,0.3591,0.0005,0.0004,0.1322,0.0011,0.0011,0.0008
1444,17.6929,0.0000,11.4097,2.7548,,true,0,0.008333,0.0000,0.0000,1.00,0.00,0.0000,22,1,295,295,0,0,100,1,11,11,0,246528,0,295,0,0,849027072,0.000000,0.000000,0.000000,0.00,0,2,4,25,17,20,26,13,24,55,97,12,0,0,0,0,0,0,0.0014,0.0190,0.0325,0.0009,0.0025,0.0037,2.7548,0.0166,0.0000,0.3538,0.0003,0.0005,0.1240,0.0022,0.0006,0.0003
1445,17.7044,0.0000,11.9040,2.5962,,true,0,0.008333,0.0000,0.0000,1.00,0.00,0.0000,22,1,295,295,0,0,100,1,11,11,0,246528,0,295,0,0,849027072,0.000000,0.000000,0.000000,0.00,0,2,4,25,17,20,26,13,24,55,97,12,0,0,0,0,0,0,0.0006,0.0180,0.0336,0.0005,0.0022,0.0033,2.5962,0.0153,0.0000,0.3403,0.0006,0.0003,0.1178,0.0016,0.0009,0.0004
1446,17.7152,0.0000,9.8586,3.3942,,true,0,0.008333,0.0000,0.0000,1.00,0.00,0.0000,22,1,295,295,0,0,100,1,11,11,0,246528,0,295,0,0,849149952,0.000000,0.000000,0.000000,0.00,0,2,4,25,17,20,26,13,24,55,97,12,0,0,0,0,0,0,0.0008,0.0157,0.0333,0.0012,0.0034,0.0028,3.3942,0.0139,0.0000,0.3494,0.0006,0.0009,0.1297,0.0014,0.0005,0.0001
1447,17.7261,0.0000,11.2950,3.0690,,true,0,0.008333,0.0000,0.0000,1.00,0.00,0.0000,22,1,295,295,0,0,100,1,11,11,0,246528,0,295,0,0,849149952,0.000000,0.000000,0.000000,0.00,0,2,4,25,17,20,26,13,24,55,97,12,0,0,0,0,0,0,0.0003,0.0210,0.0301,0.0007,0.0015,0.0091,3.0690,0.0172,0.0000,0.3043,0.0003,0.0003,0.1028,0.0011,0.0005,0.0003
1448,17.7372,0.0000,11.2309,2.9904,,true,0,0.008333,0.0000,0.0000,1.00,0.00,0.0000,22,1,295,295,0,0,100,1,11,11,0,246528,0,295,0,0,849149952,0.000000,0.000000,0.000000,0.00,0,2,4,25,17,20,26,13,24,55,97,12,0,0,0,0,0,0,0.0010,0.0390,0.0558,0.0007,0.0018,0.0087,2.9904,0.0223,0.0000,0.3791,0.0005,0.0008,0.1112,0.0016,0.0020,0.0010
1449,17.7481,0.0000,11.2183,2.6743,,true,0,0.008333,0.0000,0.0000,1.00,0.00,0.0000,22,1,295,295,0,0,100,1,11,11,0,246528,0,295,0,0,849149952,0.000000,0.000000,0.000000,0.00,0,2,4,25,17,20,26,13,24,55,97,12,0,0,0,0,0,0,0.0004,0.0216,0.0339,0.0011,0.0019,0.0053,2.6743,0.0300,0.0000,0.3993,0.0007,0.0006,0.1422,0.0013,0.0011,0.0011
1450,17.7581,0.0000,10.1390,2.6124,,true,0,0.008333,0.0000,0.0000,1.00,0.00,0.0000,22,1,295,295,0,0,100,1,11,11,0,246528,0,295,0,0,849154048,0.000000,0.000000,0.000000,0.00,0,2,4,25,17,20,26,13,24,55,97,12,0,0,0,0,0,0,0.0005,0.0179,0.0398,0.0011,0.0025,0.0041,2.6124,0.0326,0.0000,0.3500,0.0006,0.0003,0.1288,0.0021,0.0013,0.0010
1451,17.7705,0.0000,11.1781,3.3755,,true,0,0.008333,0.0000,0.0000,1.00,0.00,0.0000,22,1,295,295,0,0,100,1,11,11,0,246528,0,295,0,0,849154048,0.000000,0.000000,0.000000,0.00,0,2,4,25,17,20,26,13,24,55,97,12,0,0,0,0,0,0,0.0001,0.0181,0.0475,0.0010,0.0027,0.0047,3.3755,0.0165,0.0000,0.3547,0.0008,0.0001,0.1277,0.0015,0.0012,0.0008
1452,17.7825,0.0000,12.2295,3.1284,,true,0,0.008333,0.0000,0.0000,1.00,0.00,0.0000,22,1,295,295,0,0,100,1,11,11,0,246528,0,295,0,0,849154048,0.000000,0.000000,0.000000,0.00,0,2,4,25,17,20,26,13,24,55,97,12,0,0,0,0,0,0,0.0005,0.0186,0.0339,0.0012,0.0032,0.0056,3.1284,0.0171,0.0000,0.3746,0.0006,0.0003,0.1385,0.0015,0.0010,0.0006
1453,17.7916,0.0000,9.8694,2.8699,,true,0,0.008333,0.0000,0.0000,1.00,0.00,0.0000,22,1,295,295,0,0,100,1,11,11,0,246528,0,295,0,0,849154048,0.000000,0.000000,0.000000,0.00,0,2,4,25,17,20,26,13,24,55,97,12,0,0,0,0,0,0,0.0005,0.0166,0.0427,0.0004,0.0023,0.0091,2.8699,0.0178,0.0000,0.3193,0.0005,0.0007,0.1162,0.0017,0.0008,0.0008
1454,17.8035,0.0000,11.4384,3.2082,,true,0,0.008333,0.0000,0.0000,1.00,0.00,0.0000,22,1,295,295,0,0,100,1,11,11,0,246528,0,295,0,0,849154048,0.000000,0.000000,0.000000,0.00,0,2,4,25,17,20,26,13,24,55,97,12,0,0,0,0,0,0,0.0002,0.0175,0.0336,0.0020,0.0028,0.0037,3.2082,0.0146,0.0000,0.3480,0.0003,0.0008,0.1294,0.0015,0.0005,0.0005
1455,17.8143,0.0000,10.4406,3.5161,,true,0,0.008333,0.0000,0.0000,1.00,0.00,0.0000,22,1,295,295,0,0,100,1,11,11,0,246528,0,295,0,0,849154048,0.000000,0.000000,0.000000,0.00,0,2,4,25,17,20,26,13,24,55,97,12,0,0,0,0,0,0,0.0008,0.0140,0.0677,0.0010,0.0021,0.0042,3.5161,0.0162,0.0000,0.4399,0.0006,0.0005,0.1374,0.0032,0.0008,0.0006
1456,17.8260,0.0000,11.8234,3.4578,,true,0,0.008333,0.0000,0.0000,1.00,0.00,0.0000,22,1,295,295,0,0,100,1,11,11,0,246528,0,295,0,0,849154048,0.000000,0.000000,0.000000,0.00,0,2,4,25,17,20,26,13,24,55,97,12,0,0,0,0,0,0,0.0005,0.0152,0.0425,0.0007,0.0023,0.0062,3.4578,0.0160,0.0000,0.4025,0.0009,0.0004,0.1546,0.0015,0.0012,0.0009
1457,17.8393,0.0000,13.1072,3.5001,,true,0,0.008333,0.0000,0.0000,1.00,0.00,0.0000,22,1,295,295,0,0,100,1,11,11,0,246528,0,295,0,0,849154048,0.000000,0.000000,0.000000,0.00,0,2,4,25,17,20,26,13,24,55,97,12,0,0,0,0,0,0,0.0005,0.0203,0.0360,0.0018,0.0041,0.0063,3.5001,0.0160,0.0000,0.3557,0.0008,0.0009,0.1216,0.0013,0.0011,0.0010
1458,17.8519,0.0000,13.5122,2.7004,,true,0,0.008333,0.0000,0.0000,1.00,0.00,0.0000,22,1,295,295,0,0,100,1,11,11,0,246528,0,295,0,0,849154048,0.000000,0.000000,0.000000,0.00,0,2,4,25,17,20,26,13,24,55,97,12,0,0,0,0,0,0,0.0006,0.0105,0.0285,0.0009,0.0063,0.0041,2.7004,0.0101,0.0000,0.3641,0.0003,0.0001,0.1654,0.0004,0.0003,0.0002
1459,17.8608,0.0000,9.1235,2.5795,,true,0,0.008333,0.0000,0.0000,1.00,0.00,0.0000,22,1,295,295,0,0,100,1,11,11,0,246528,0,295,0,0,849154048,0.000000,0.000000,0.000000,0.00,0,2,4,25,17,20,26,13,24,55,97,12,0,0,0,0,0,0,0.0002,0.0105,0.0293,0.0004,0.0024,0.0025,2.5795,0.0092,0.0000,0.3290,0.0004,0.0001,0.1268,0.0006,0.0002,0.0005
1460,17.8731,0.0000,11.1651,3.4426,,true,0,0.008333,0.0000,0.0000,1.00,0.00,0.0000,22,1,295,295,0,0,100,1,11,11,0,246528,0,295,0,0,849158144,0.000000,0.000000,0.000000,0.00,0,2,4,25,17,20,26,13,24,55,97,12,0,0,0,0,0,0,0.0003,0.0236,0.0471,0.0007,0.0033,0.0067,3.4426,0.0203,0.0000,0.4733,0.0009,0.0004,0.1796,0.0018,0.0006,0.0004
1461,17.8866,0.0000,13.5273,3.4829,,true,0,0.008333,0.0000,0.0000,1.00,0.00,0.0000,22,1,295,295,0,0,100,1,11,11,0,246528,0,295,0,0,849158144,0.000000,0.000000,0.000000,0.00,0,2,4,25,17,20,26,13,24,55,97,12,0,0,0,0,0,0,0.0002,0.0128,0.0372,0.0008,0.0024,0.0020,3.4829,0.0191,0.0000,0.3740,0.0008,0.0004,0.1507,0.0010,0.0012,0.0005
1462,17.8971,0.0000,11.2065,2.9281,,true,0,0.008333,0.0000,0.0000,1.00,0.00,0.0000,22,1,295,295,0,0,100,1,11,11,0,246528,0,295,0,0,849158144,0.000000,0.000000,0.000000,0.00,0,2,4,25,17,20,26,13,24,55,97,12,0,0,0,0,0,0,0.0008,0.0147,0.0314,0.0006,0.0020,0.0053,2.9281,0.0149,0.0000,0.4025,0.0004,0.0004,0.1763,0.0009,0.0003,0.0002
1463,17.9082,0.0000,11.4213,2.6139,,true,0,0.008333,0.0000,0.0000,1.00,0.00,0.0000,22,1,295,295,0,0,100,1,11,11,0,246528,0,295,0,0,849158144,0.000000,0.000000,0.000000,0.00,0,2,4,25,17,20,26,13,24,55,97,12,0,0,0,0,0,0,0.0001,0.0109,0.0312,0.0006,0.0023,0.0040,2.6139,0.0125,0.0000,0.3810,0.0004,0.0003,0.1537,0.0014,0.0003,0.0005
1464,17.9186,0.0000,10.5136,2.5642,,true,0,0.008333,0.0000,0.0000,1.00,0.00,0.0000,22,1,295,295,0,0,100,1,11,11,0,246528,0,295,0,0,849158144,0.000000,0.000000,0.000000,0.00,0,2,4,25,17,20,26,13,24,55,97,12,0,0,0,0,0,0,0.0001,0.0149,0.0276,0.0006,0.0020,0.0037,2.5642,0.0076,0.0000,0.3466,0.0007,0.0000,0.1485,0.0005,0.0003,0.0001
1465,17.9363,0.0000,11.4842,8.6917,,true,0,0.008333,0.0000,0.0000,1.00,0.00,0.0000,22,1,295,295,0,0,100,1,11,11,0,246528,0,295,0,0,849158144,0.000000,0.000000,0.000000,0.00,0,2,4,25,17,20,26,13,24,55,97,12,0,0,0,0,0,0,0.0001,0.0121,0.0400,0.0008,0.0011,0.0041,8.6917,0.0183,0.0000,5.2957,0.0005,0.1230,0.1448,0.0005,0.0004,4.8224
1466,17.9444,0.0000,13.2336,3.2576,,true,0,0.008333,0.0000,0.0000,1.00,0.00,0.0000,22,1,295,295,0,0,100,1,11,11,0,246528,0,295,0,0,849158144,0.000000,0.000000,0.000000,0.00,0,2,4,25,17,20,26,13,24,55,97,12,0,0,0,0,0,0,0.0001,0.0310,0.0321,0.0015,0.0028,0.0070,3.2576,0.0161,0.0000,0.4103,0.0005,0.0002,0.1929,0.0022,0.0007,0.0003
1467,17.9547,0.0000,10.3657,3.1458,,true,0,0.008333,0.0000,0.0000,1.00,0.00,0.0000,22,1,295,295,0,0,100,1,11,11,0,246528,0,295,0,0,849158144,0.000000,0.000000,0.000000,0.00,0,2,4,25,17,20,26,13,24,55,97,12,0,0,0,0,0,0,0.0005,0.0136,0.0335,0.0023,0.0039,0.0060,3.1458,0.0198,0.0000,0.3305,0.0004,0.0002,0.1140,0.0013,0.0008,0.0008
1468,17.9664,0.0000,11.4715,3.5266,,true,0,0.008333,0.0000,0.0000,1.00,0.00,0.0000,22,1,295,295,0,0,100,1,11,11,0,246528,0,295,0,0,849158144,0.000000,0.000000,0.000000,0.00,0,2,4,25,17,20,26,13,24,55,97,12,0,0,0,0,0,0,0.0007,0.0288,0.0351,0.0008,0.0017,0.0053,3.5266,0.0152,0.0000,0.3435,0.0003,0.0005,0.1193,0.0016,0.0006,0.0006
1469,17.9783,0.0000,11.7641,3.7970,,true,0,0.008333,0.0000,0.0000,1.00,0.00,0.0000,22,1,295,295,0,0,100,1,11,11,0,246528,0,295,0,0,849162240,0.000000,0.000000,0.000000,0.00,0,2,4,25,17,20,26,13,24,55,97,12,0,0,0,0,0,0,0.0004,0.0255,0.0351,0.0006,0.0024,0.0048,3.7970,0.0190,0.0000,0.4178,0.0003,0.0007,0.1529,0.0022,0.0010,0.0008
1470,17.9910,0.0000,12.2283,4.0180,,true,0,0.008333,0.0000,0.0000,1.00,0.00,0.0000,22,1,295,295,0,0,100,1,11,11,0,246528,0,295,0,0,849162240,0.000000,0.000000,0.000000,0.00,0,2,4,25,17,20,26,13,24,55,97,12,0,0,0,0,0,0,0.0015,0.0385,0.0359,0.0010,0.0039,0.0144,4.0180,0.0214,0.0000,0.3997,0.0011,0.0008,0.1407,0.0016,0.0015,0.0005
1471,18.0010,0.0000,10.7271,3.3887,,true,0,0.008333,0.0000,0.0000,1.00,0.00,0.0000,22,1,295,295,0,0,100,1,11,11,0,246528,0,295,0,0,849162240,0.000000,0.000000,0.000000,0.00,0,2,4,25,17,20,26,13,24,55,97,12,0,0,0,0,0,0,0.0008,0.0265,0.0280,0.0007,0.0018,0.0063,3.3887,0.0109,0.0000,0.3183,0.0004,0.0003,0.1142,0.0013,0.0022,0.0012
1472,18.0122,0.0000,11.0286,3.5302,,true,0,0.008333,0.0000,0.0000,1.00,0.00,0.0000,22,1,295,295,0,0,100,1,11,11,0,246528,0,295,0,0,849162240,0.000000,0.000000,0.000000,0.00,0,2,4,25,17,20,26,13,24,55,97,12,0,0,0,0,0,0,0.0005,0.0191,0.0347,0.0005,0.0036,0.0037,3.5302,0.0179,0.0000,0.3617,0.0006,0.0006,0.1296,0.0014,0.0007,0.0007
1473,18.0235,0.0000,11.2071,3.5922,,true,0,0.008333,0.0000,0.0000,1.00,0.00,0.0000,22,1,295,295,0,0,100,1,11,11,0,246528,0,295,0,0,849162240,0.000000,0.000000,0.000000,0.00,0,2,4,25,17,20,26,13,24,55,97,12,0,0,0,0,0,0,0.0001,0.0159,0.0372,0.0010,0.0029,0.0039,3.5922,0.0170,0.0000,0.3798,0.0007,0.0009,0.1391,0.0019,0.0016,0.0011
1474,18.0349,0.0000,12.0079,3.0714,,true,0,0.008333,0.0000,0.0000,1.00,0.00,0.0000,22,1,295,295,0,0,100,1,11,11,0,246528,0,295,0,0,849162240,0.000000,0.000000,0.000000,0.00,0,2,4,25,17,20,26,13,24,55,97,12,0,0,0,0,0,0,0.0013,0.0113,0.0306,0.0012,0.0025,0.0069,3.0714,0.0214,0.0000,0.2916,0.0005,0.0004,0.1091,0.0013,0.0010,0.0015
1475,18.0452,0.0000,9.8377,3.4664,,true,0,0.008333,0.0000,0.0000,1.00,0.00,0.0000,22,1,295,295,0,0,100,1,11,11,0,246528,0,295,0,0,849162240,0.000000,0.000000,0.000000,0.00,0,2,4,25,17,20,26,13,24,55,97,12,0,0,0,0,0,0,0.0009,0.0318,0.0309,0.0011,0.0014,0.0077,3.4664,0.0217,0.0000,0.3341,0.0006,0.0005,0.1153,0.0014,0.0008,0.0004
1476,18.0570,0.0000,11.1905,3.9837,,true,0,0.008333,0.0000,0.0000,1.00,0.00,0.0000,22,1,295,295,0,0,100,1,11,11,0,246528,0,295,0,0,849162240,0.000000,0.000000,0.000000,0.00,0,2,4,25,17,20,26,13,24,55,97,12,0,0,0,0,0,0,0.0004,0.0307,0.0376,0.0009,0.0027,0.0081,3.9837,0.0205,0.0000,0.4686,0.0006,0.0005,0.1313,0.0013,0.0006,0.0006
1477,18.0681,0.0000,11.7385,3.3443,,true,0,0.008333,0.0000,0.0000,1.00,0.00,0.0000,22,1,295,295,0,0,100,1,11,11,0,246528,0,295,0,0,849162240,0.000000,0.000000,0.000000,0.00,0,2,4,25,17,20,26,13,24,55,97,12,0,0,0,0,0,0,0.0003,0.0207,0.0370,0.0006,0.0018,0.0046,3.3443,0.0162,0.0000,0.3796,0.0006,0.0009,0.1391,0.0016,0.0011,0.0010
1478,18.0789,0.0000,10.4827,3.8631,,true,0,0.008333,0.0000,0.0000,1.00,0.00,0.0000,22,1,295,295,0,0,100,1,11,11,0,246528,0,295,0,0,849166336,0.000000,0.000000,0.000000,0.00,0,2,4,25,17,20,26,13,24,55,97,12,0,0,0,0,0,0,0.0003,0.0214,0.0335,0.0023,0.0036,0.0063,3.8631,0.0184,0.0000,0.3554,0.0004,0.0003,0.1431,0.0014,0.0007,0.0015
1479,18.0910,0.0000,11.7566,3.9953,,true,0,0.008333,0.0000,0.0000,1.00,0.00,0.0000,22,1,295,295,0,0,100,1,11,11,0,246528,0,295,0,0,849166336,0.000000,0.000000,0.000000,0.00,0,2,4,25,17,20,26,13,24,55,97,12,0,0,0,0,0,0,0.0021,0.0179,0.0355,0.0009,0.0022,0.0062,3.9953,0.0180,0.0000,0.3711,0.0006,0.0005,0.1328,0.0016,0.0012,0.0008
1480,18.1007,0.0000,10.6248,3.2278,,true,0,0.008333,0.0000,0.0000,1.00,0.00,0.0000,22,1,295,295,0,0,100,1,11,11,0,246528,0,295,0,0,849166336,0.000000,0.000000,0.000000,0.00,0,2,4,25,17,20,26,13,24,55,97,12,0,0,0,0,0,0,0.0003,0.0257,0.0398,0.0012,0.0032,0.0055,3.2278,0.0187,0.0000,0.4079,0.0006,0.0003,0.1535,0.0021,0.0011,0.0005
1481,18.1110,0.0000,10.5542,3.1679,,true,0,0.008333,0.0000,0.0000,1.00,0.00,0.0000,22,1,295,295,0,0,100,1,11,11,0,246528,0,295,0,0,849166336,0.000000,0.000000,0.000000,0.00,0,2,4,25,17,20,26,13,24,55,97,12,0,0,0,0,0,0,0.0002,0.0108,0.0346,0.0007,0.0028,0.0052,3.1679,0.0161,0.0000,0.4198,0.0005,0.0005,0.1436,0.0017,0.0009,0.0010
1482,18.1216,0.0000,10.8517,3.0255,,true,0,0.008333,0.0000,0.0000,1.00,0.00,0.0000,22,1,295,295,0,0,100,1,11,11,0,246528,0,295,0,0,849166336,0.000000,0.000000,0.000000,0.00,0,2,4,25,17,20,26,13,24,55,97,12,0,0,0,0,0,0,0.0006,0.0135,0.0372,0.0012,0.0024,0.0050,3.0255,0.0137,0.0000,0.4002,0.0006,0.0004,0.1591,0.0016,0.0012,0.0008
1483,18.1340,0.0000,12.2012,3.0211,,true,0,0.008333,0.0000,0.0000,1.00,0.00,0.0000,22,1,295,295,0,0,100,1,11,11,0,246528,0,295,0,0,849166336,0.000000,0.000000,0.000000,0.00,0,2,4,25,17,20,26,13,24,55,97,12,0,0,0,0,0,0,0.0002,0.0135,0.0350,0.0009,0.0020,0.0042,3.0211,0.0154,0.0000,0.3389,0.0005,0.0004,0.1259,0.0014,0.0010,0.0007
1484,18.1446,0.0000,9.7164,3.6707,,true,0,0.008333,0.0000,0.0000,1.00,0.00,0.0000,22,1,295,295,0,0,100,1,11,11,0,246528,0,295,0,0,849166336,0.000000,0.000000,0.000000,0.00,0,2,4,25,17,20,26,13,24,55,97,12,0,0,0,0,0,0,0.0002,0.0188,0.0352,0.0011,0.0034,0.0039,3.6707,0.0166,0.0000,0.3869,0.0007,0.0005,0.1305,0.0014,0.0013,0.0007
1485,18.1574,0.0000,12.2278,4.5418,,true,0,0.008333,0.0000,0.0000,1.00,0.00,0.0000,22,1,295,295,0,0,100,1,11,11,0,246528,0,295,0,0,849166336,0.000000,0.000000,0.000000,0.00,0,2,4,25,17,20,26,13,24,55,97,12,0,0,0,0,0,0,0.0006,0.0186,0.0644,0.0023,0.0023,0.0038,4.5418,0.0220,0.0000,0.3578,0.0004,0.0003,0.1304,0.0017,0.0008,0.0004
1486,18.1684,0.0000,11.7665,3.7196,,true,0,0.008333,0.0000,0.0000,1.00,0.00,0.0000,22,1,295,295,0,0,100,1,11,11,0,246528,0,295,0,0,849166336,0.000000,0.000000,0.000000,0.00,0,2,4,25,17,20,26,13,24,55,97,12,0,0,0,0,0,0,0.0011,0.0240,0.0331,0.0008,0.0031,0.0074,3.7196,0.0182,0.0000,0.3068,0.0004,0.0002,0.1069,0.0011,0.0010,0.0005
1487,18.1827,0.0000,13.6103,4.3160,,true,0,0.008333,0.0000,0.0000,1.00,0.00,0.0000,22,1,295,295,0,0,100,1,11,11,0,246528,0,295,0,0,849166336,0.000000,0.000000,0.000000,0.00,0,2,4,25,17,20,26,13,24,55,97,12,0,0,0,0,0,0,0.0006,0.0189,0.0360,0.0015,0.0017,0.0052,4.3160,0.0166,0.0000,0.3765,0.0005,0.0004,0.1323,0.0020,0.0013,0.0006
1488,18.1943,0.0000,11.7199,3.0215,,true,0,0.008333,0.0000,0.0000,1.00,0.00,0.0000,22,1,295,295,0,0,100,1,11,11,0,246528,0,295,0,0,849170432,0.000000,0.000000,0.000000,0.00,0,2,4,25,17,20,26,13,24,55,97,12,0,0,0,0,0,0,0.0004,0.0155,0.0348,0.0007,0.0027,0.0043,3.0215,0.0172,0.0000,0.3333,0.0003,0.0007,0.1222,0.0009,0.0012,0.0008
1489,18.2054,0.0000,12.1049,3.1792,,true,0,0.008333,0.0000,0.0000,1.00,0.00,0.0000,22,1,295,295,0,0,100,1,11,11,0,246528,0,295,0,0,849170432,0.000000,0.000000,0.000000,0.00,0,2,4,25,17,20,26,13,24,55,97,12,0,0,0,0,0,0,0.0003,0.0221,0.0364,0.0007,0.0047,0.0076,3.1792,0.0171,0.0000,0.3952,0.0007,0.0004,0.1611,0.0081,0.0007,0.0006
1490,18.2158,0.0000,10.9084,2.7760,,true,0,0.008333,0.0000,0.0000,1.00,0.00,0.0000,22,1,295,295,0,0,100,1,11,11,0,246528,0,295,0,0,849186816,0.000000,0.000000,0.000000,0.00,0,2,4,25,17,20,26,13,24,55,97,12,0,0,0,0,0,0,0.0008,0.0196,0.0321,0.0006,0.0024,0.0051,2.7760,0.0159,0.0000,0.3733,0.0005,0.0006,0.1409,0.0012,0.0012,0.0010
1491,18.2262,0.0000,10.6343,2.7525,,true,0,0.008333,0.0000,0.0000,1.00,0.00,0.0000,22,1,295,295,0,0,100,1,11,11,0,246528,0,295,0,0,849186816,0.000000,0.000000,0.000000,0.00,0,2,4,25,17,20,26,13,24,55,97,12,0,0,0,0,0,0,0.0007,0.0119,0.0311,0.0013,0.0017,0.0050,2.7525,0.0122,0.0000,0.3339,0.0007,0.0002,0.1175,0.0006,0.0004,0.0001
1492,18.2389,0.0000,11.8213,3.4956,,true,0,0.008333,0.0000,0.0000,1.00,0.00,0.0000,22,1,295,295,0,0,100,1,11,11,0,246528,0,295,0,0,849186816,0.000000,0.000000,0.000000,0.00,0,2,4,25,17,20,26,13,24,55,97,12,0,0,0,0,0,0,0.0005,0.0271,0.0336,0.0006,0.0020,0.0078,3.4956,0.0146,0.0000,0.3858,0.0007,0.0008,0.1388,0.0010,0.0007,0.0003
1493,18.2494,0.0000,10.9047,2.9549,,true,0,0.008333,0.0000,0.0000,1.00,0.00,0.0000,22,1,295,295,0,0,100,1,11,11,0,246528,0,295,0,0,849186816,0.000000,0.000000,0.000000,0.00,0,2,4,25,17,20,26,13,24,55,97,12,0,0,0,0,0,0,0.0004,0.0194,0.0330,0.0008,0.0024,0.0047,2.9549,0.0144,0.0000,0.3752,0.0005,0.0008,0.1227,0.0016,0.0004,0.0006
1494,18.2591,0.0000,9.7559,3.0346,,true,0,0.008333,0.0000,0.0000,1.00,0.00,0.0000,22,1,295,295,0,0,100,1,11,11,0,246528,0,295,0,0,849186816,0.000000,0.000000,0.000000,0.00,0,2,4,25,17,20,26,13,24,55,97,12,0,0,0,0,0,0,0.0003,0.0133,0.0265,0.0003,0.0024,0.0047,3.0346,0.0071,0.0000,0.3070,0.0006,0.0004,0.1056,0.0011,0.0007,0.0006
1495,18.2686,0.0000,9.9567,2.8108,,true,0,0.008333,0.0000,0.0000,1.00,0.00,0.0000,22,1,295,295,0,0,100,1,11,11,0,246528,0,295,0,0,849186816,0.000000,0.000000,0.000000,0.00,0,2,4,25,17,20,26,13,24,55,97,12,0,0,0,0,0,0,0.0002,0.0144,0.0329,0.0008,0.0023,0.0044,2.8108,0.0110,0.0000,0.3394,0.0003,0.0005,0.1219,0.0006,0.0008,0.0004
1496,18.2831,0.0000,12.2299,4.3646,,true,0,0.008333,0.0000,0.0000,1.00,0.00,0.0000,22,1,295,295,0,0,100,1,11,11,0,246528,0,295,0,0,849186816,0.000000,0.000000,0.000000,0.00,0,2,4,25,17,20,26,13,24,55,97,12,0,0,0,0,0,0,0.0006,0.0198,0.0721,0.0015,0.0044,0.0072,4.3646,0.0270,0.0000,0.3746,0.0005,0.0004,0.1429,0.0012,0.0006,0.0004
1497,18.2935,0.0000,11.3740,3.6155,,true,0,0.008333,0.0000,0.0000,1.00,0.00,0.0000,22,1,295,295,0,0,100,1,11,11,0,246528,0,295,0,0,849190912,0.000000,0.000000,0.000000,0.00,0,2,4,25,17,20,26,13,24,55,97,12,0,0,0,0,0,0,0.0006,0.0218,0.0398,0.0009,0.0039,0.0050,3.6155,0.0204,0.0000,0.3661,0.0006,0.0007,0.1272,0.0013,0.0010,0.0010
1498,18.3066,0.0000,11.7952,4.9302,,true,0,0.008333,0.0000,0.0000,1.00,0.00,0.0000,22,1,295,295,0,0,100,1,11,11,0,246528,0,295,0,0,849190912,0.000000,0.000000,0.000000,0.00,0,2,4,25,17,20,26,13,24,55,97,12,0,0,0,0,0,0,0.0006,0.0534,0.0875,0.0010,0.0023,0.0143,4.9302,0.0239,0.0000,0.5622,0.0010,0.0011,0.1890,0.0034,0.0018,0.0010
1499,18.3166,0.0000,11.3471,3.6412,,true,0,0.008333,0.0000,0.0000,1.00,0.00,0.0000,22,1,295,295,0,0,100,1,11,11,0,246528,0,295,0,0,849190912,0.000000,0.000000,0.000000,0.00,0,2,4,25,17,20,26,13,24,55,97,12,0,0,0,0,0,0,0.0001,0.0205,0.0369,0.0009,0.0031,0.0044,3.6412,0.0167,0.0000,0.3814,0.0005,0.0003,0.1382,0.0015,0.0009,0.0005
1500,18.3266,0.0000,10.5792,3.1591,,true,0,0.008333,0.0000,0.0000,1.00,0.00,0.0000,22,1,295,295,0,0,100,1,11,11,0,246528,0,295,0,0,849190912,0.000000,0.000000,0.000000,0.00,0,2,4,25,17,20,26,13,24,55,97,12,0,0,0,0,0,0,0.0007,0.0195,0.0322,0.0008,0.0025,0.0061,3.1591,0.0159,0.0000,0.3182,0.0004,0.0002,0.1241,0.0007,0.0012,0.0005
1501,18.3386,0.0000,11.7246,3.5166,,true,0,0.008333,0.0000,0.0000,1.00,0.00,0.0000,22,1,295,295,0,0,100,1,11,11,0,246528,0,295,0,0,849190912,0.000000,0.000000,0.000000,0.00,0,2,4,25,17,20,26,13,24,55,97,12,0,0,0,0,0,0,0.0001,0.0163,0.0320,0.0009,0.0026,0.0050,3.5166,0.0148,0.0000,0.3548,0.0004,0.0003,0.1269,0.0017,0.0012,0.0008
1502,18.3510,0.0000,12.6866,3.2070,,true,0,0.008333,0.0000,0.0000,1.00,0.00,0.0000,22,1,295,295,0,0,100,1,11,11,0,246528,0,295,0,0,849190912,0.000000,0.000000,0.000000,0.00,0,2,4,25,17,20,26,13,24,55,97,12,0,0,0,0,0,0,0.0002,0.0168,0.0334,0.0014,0.0050,0.0037,3.2070,0.0123,0.0000,0.4663,0.0002,0.0002,0.1068,0.0012,0.0005,0.0009
1503,18.3614,0.0000,10.1913,3.4266,,true,0,0.008333,0.0000,0.0000,1.00,0.00,0.0000,22,1,295,295,0,0,100,1,11,11,0,246528,0,295,0,0,849190912,0.000000,0.000000,0.000000,0.00,0,2,4,25,17,20,26,13,24,55,97,12,0,0,0,0,0,0,0.0007,0.0258,0.0365,0.0018,0.0027,0.0056,3.4266,0.0166,0.0000,0.3695,0.0005,0.0006,0.1314,0.0011,0.0007,0.0007
1504,18.3721,0.0000,10.7834,3.4825,,true,0,0.008333,0.0000,0.0000,1.00,0.00,0.0000,22,1,295,295,0,0,100,1,11,11,0,246528,0,295,0,0,849190912,0.000000,0.000000,0.000000,0.00,0,2,4,25,17,20,26,13,24,55,97,12,0,0,0,0,0,0,0.0004,0.0356,0.0571,0.0013,0.0038,0.0043,3.4825,0.0162,0.0000,0.3869,0.0004,0.0002,0.1446,0.0013,0.0008,0.0006
1505,18.3852,0.0000,12.3595,3.8113,,true,0,0.008333,0.0000,0.0000,1.00,0.00,0.0000,22,1,295,295,0,0,100,1,11,11,0,246528,0,295,0,0,849190912,0.000000,0.000000,0.000000,0.00,0,2,4,25,17,20,26,13,24,55,97,12,0,0,0,0,0,0,0.0004,0.0258,0.0358,0.0008,0.0036,0.0044,3.8113,0.0149,0.0000,0.4704,0.0008,0.0004,0.2228,0.0037,0.0012,0.0007
1506,18.3955,0.0000,11.1398,3.0626,,true,0,0.008333,0.0000,0.0000,1.00,0.00,0.0000,22,1,295,295,0,0,100,1,11,11,0,246528,0,295,0,0,849195008,0.000000,0.000000,0.000000,0.00,0,2,4,25,17,20,26,13,24,55,97,12,0,0,0,0,0,0,0.0005,0.0209,0.0318,0.0007,0.0026,0.0043,3.0626,0.0132,0.0000,0.3645,0.0006,0.0002,0.1255,0.0015,0.0007,0.0004
1507,18.4068,0.0000,11.1782,2.9023,,true,0,0.008333,0.0000,0.0000,1.00,0.00,0.0000,22,1,295,295,0,0,100,1,11,11,0,246528,0,295,0,0,849195008,0.000000,0.000000,0.000000,0.00,0,2,4,25,17,20,26,13,24,55,97,12,0,0,0,0,0,0,0.0007,0.0190,0.0337,0.0008,0.0022,0.0053,2.9023,0.0158,0.0000,0.3586,0.0005,0.0005,0.1309,0.0015,0.0007,0.0010
1508,18.4182,0.0000,11.7372,2.8572,,true,0,0.008333,0.0000,0.0000,1.00,0.00,0.0000,22,1,295,295,0,0,100,1,11,11,0,246528,0,295,0,0,849195008,0.000000,0.000000,0.000000,0.00,0,2,4,25,17,20,26,13,24,55,97,12,0,0,0,0,0,0,0.0005,0.0147,0.0355,0.0005,0.0018,0.0038,2.8572,0.0179,0.0000,0.3453,0.0005,0.0005,0.1209,0.0014,0.0008,0.0002
1509,18.4290,0.0000,10.5778,3.2123,,true,0,0.008333,0.0000,0.0000,1.00,0.00,0.0000,22,1,295,295,0,0,100,1,11,11,0,246528,0,295,0,0,849195008,0.000000,0.000000,0.000000,0.00,0,2,4,25,17,20,26,13,24,55,97,12,0,0,0,0,0,0,0.0002,0.0239,0.0377,0.0009,0.0040,0.0095,3.2123,0.0205,0.0000,0.4549,0.0008,0.0010,0.1969,0.0031,0.0007,0.0004
1510,18.4408,0.0000,12.2574,2.7567,,true,0,0.008333,0.0000,0.0000,1.00,0.00,0.0000,22,1,295,295,0,0,100,1,11,11,0,246528,0,295,0,0,849195008,0.000000,0.000000,0.000000,0.00,0,2,4,25,17,20,26,13,24,55,97,12,0,0,0,0,0,0,0.0002,0.0168,0.0373,0.0005,0.0023,0.0050,2.7567,0.0206,0.0000,0.4004,0.0004,0.0003,0.1578,0.0010,0.0008,0.0005
1511,18.4518,0.0000,10.9579,2.9123,,true,0,0.008333,0.0000,0.0000,1.00,0.00,0.0000,22,1,295,295,0,0,100,1,11,11,0,246528,0,295,0,0,849195008,0.000000,0.000000,0.000000,0.00,0,2,4,25,17,20,26,13,24,55,97,12,0,0,0,0,0,0,0.0008,0.0168,0.0336,0.0056,0.0024,0.0094,2.9123,0.0150,0.0000,0.3741,0.0005,0.0007,0.1454,0.0013,0.0004,0.0007
1512,18.4632,0.0000,11.1942,3.0237,,true,0,0.008333,0.0000,0.0000,1.00,0.00,0.0000,22,1,295,295,0,0,100,1,11,11,0,246528,0,295,0,0,849195008,0.000000,0.000000,0.000000,0.00,0,2,4,25,17,20,26,13,24,55,97,12,0,0,0,0,0,0,0.0001,0.0117,0.0300,0.0010,0.0029,0.0042,3.0237,0.0137,0.0000,0.3437,0.0005,0.0004,0.1275,0.0007,0.0003,0.0003
1513,18.4755,0.0000,11.9163,3.4578,,true,0,0.008333,0.0000,0.0000,1.00,0.00,0.0000,22,1,295,295,0,0,100,1,11,11,0,246528,0,295,0,0,849195008,0.000000,0.000000,0.000000,0.00,0,2,4,25,17,20,26,13,24,55,97,12,0,0,0,0,0,0,0.0001,0.0118,0.0324,0.0004,0.0025,0.0046,3.4578,0.0301,0.0000,0.3521,0.0004,0.0005,0.1363,0.0009,0.0006,0.0003
1514,18.4889,0.0000,11.9450,4.6834,,true,0,0.008333,0.0000,0.0000,1.00,0.00,0.0000,22,1,295,295,0,0,100,1,11,11,0,246528,0,295,0,0,849195008,0.000000,0.000000,0.000000,0.00,0,2,4,25,17,20,26,13,24,55,97,12,0,0,0,0,0,0,0.0011,0.0392,0.0486,0.0026,0.0058,0.0139,4.6834,0.0388,0.0000,1.0853,0.0005,0.0007,0.5685,0.0050,0.0005,0.0008
1515,18.5002,0.0000,13.4377,2.7239,,true,0,0.008333,0.0000,0.0000,1.00,0.00,0.0000,22,1,295,295,0,0,100,1,11,11,0,246528,0,295,0,0,849195008,0.000000,0.000000,0.000000,0.00,0,2,4,25,17,20,26,13,24,55,97,12,0,0,0,0,0,0,0.0010,0.0219,0.0397,0.0015,0.0025,0.0060,2.7239,0.0126,0.0000,0.4004,0.0009,0.0003,0.1384,0.0015,0.0013,0.0089
1516,18.5099,0.0000,9.7300,2.7011,,true,0,0.008333,0.0000,0.0000,1.00,0.00,0.0000,22,1,295,295,0,0,100,1,11,11,0,246528,0,295,0,0,849199104,0.000000,0.000000,0.000000,0.00,0,2,4,25,17,20,26,13,24,55,97,12,0,0,0,0,0,0,0.0002,0.0176,0.0345,0.0003,0.0024,0.0035,2.7011,0.0159,0.0000,0.3470,0.0007,0.0003,0.1283,0.0010,0.0008,0.0005
1517,18.5202,0.0000,10.2776,2.8505,,true,0,0.008333,0.0000,0.0000,1.00,0.00,0.0000,22,1,295,295,0,0,100,1,11,11,0,246528,0,295,0,0,849199104,0.000000,0.000000,0.000000,0.00,0,2,4,25,17,20,26,13,24,55,97,12,0,0,0,0,0,0,0.0003,0.0168,0.0319,0.0008,0.0030,0.0033,2.8505,0.0169,0.0000,0.3507,0.0003,0.0005,0.1276,0.0012,0.0012,0.0007
1518,18.5308,0.0000,10.5071,3.0213,,true,0,0.008333,0.0000,0.0000,1.00,0.00,0.0000,22,1,295,295,0,0,100,1,11,11,0,246528,0,295,0,0,849199104,0.000000,0.000000,0.000000,0.00,0,2,4,25,17,20,26,13,24,55,97,12,0,0,0,0,0,0,0.0002,0.0256,0.0314,0.0004,0.0040,0.0027,3.0213,0.0156,0.0000,0.3719,0.0004,0.0002,0.1317,0.0013,0.0013,0.0009
1519,18.5417,0.0000,10.5912,3.0930,,true,0,0.008333,0.0000,0.0000,1.00,0.00,0.0000,22,1,295,295,0,0,100,1,11,11,0,246528,0,295,0,0,849199104,0.000000,0.000000,0.000000,0.00,0,2,4,25,17,20,26,13,24,55,97,12,0,0,0,0,0,0,0.0001,0.0164,0.0340,0.0012,0.0024,0.0034,3.0930,0.0170,0.0000,0.3902,0.0004,0.0004,0.1329,0.0009,0.0008,0.0012
1520,18.5526,0.0000,11.2044,2.8846,,true,0,0.008333,0.0000,0.0000,1.00,0.00,0.0000,22,1,295,295,0,0,100,1,11,11,0,246528,0,295,0,0,849199104,0.000000,0.000000,0.000000,0.00,0,2,4,25,17,20,26,13,24,55,97,12,0,0,0,0,0,0,0.0005,0.0480,0.0334,0.0007,0.0016,0.0032,2.8846,0.0158,0.0000,0.3687,0.0005,0.0005,0.1406,0.0016,0.0009,0.0008
1521,18.5633,0.0000,10.7251,2.9021,,true,0,0.008333,0.0000,0.0000,1.00,0.00,0.0000,22,1,295,295,0,0,100,1,11,11,0,246528,0,295,0,0,849199104,0.000000,0.000000,0.000000,0.00,0,2,4,25,17,20,26,13,24,55,97,12,0,0,0,0,0,0,0.0008,0.0142,0.0452,0.0006,0.0030,0.0057,2.9021,0.0170,0.0000,0.3544,0.0006,0.0006,0.1323,0.0009,0.0021,0.0008
1522,18.5757,0.0000,11.6245,3.1163,,true,0,0.008333,0.0000,0.0000,1.00,0.00,0.0000,22,1,295,295,0,0,100,1,11,11,0,246528,0,295,0,0,849199104,0.000000,0.000000,0.000000,0.00,0,2,4,25,17,20,26,13,24,55,97,12,0,0,0,0,0,0,0.0004,0.0149,0.0322,0.0008,0.0014,0.0034,3.1163,0.0123,0.0000,0.3233,0.0001,0.0000,0.1177,0.0008,0.0002,0.0003
1523,18.5859,0.0000,10.7347,2.9019,,true,0,0.008333,0.0000,0.0000,1.00,0.00,0.0000,22,1,295,295,0,0,100,1,11,11,0,246528,0,295,0,0,849199104,0.000000,0.000000,0.000000,0.00,0,2,4,25,17,20,26,13,24,55,97,12,0,0,0,0,0,0,0.0002,0.0139,0.0340,0.0006,0.0021,0.0052,2.9019,0.0147,0.0000,0.3425,0.0001,0.0003,0.1276,0.0010,0.0009,0.0004
1524,18.5975,0.0000,10.9809,3.7348,,true,0,0.008333,0.0000,0.0000,1.00,0.00,0.0000,22,1,295,295,0,0,100,1,11,11,0,246528,0,295,0,0,849199104,0.000000,0.000000,0.000000,0.00,0,2,4,25,17,20,26,13,24,55,97,12,0,0,0,0,0,0,0.0008,0.0145,0.0488,0.0007,0.0028,0.0044,3.7348,0.0228,0.0000,0.3751,0.0001,0.0005,0.1276,0.0032,0.0010,0.0006
1525,18.6097,0.0000,12.6652,3.1682,,true,0,0.008333,0.0000,0.0000,1.00,0.00,0.0000,22,1,295,295,0,0,100,1,11,11,0,246528,0,295,0,0,849203200,0.000000,0.000000,0.000000,0.00,0,2,4,25,17,20,26,13,24,55,97,12,0,0,0,0,0,0,0.0004,0.0175,0.0330,0.0007,0.0026,0.0040,3.1682,0.0154,0.0000,0.3547,0.0005,0.0005,0.1356,0.0014,0.0008,0.0005
1526,18.6186,0.0000,9.3067,2.8985,,true,0,0.008333,0.0000,0.0000,1.00,0.00,0.0000,22,1,295,295,0,0,100,1,11,11,0,246528,0,295,0,0,849203200,0.000000,0.000000,0.000000,0.00,0,2,4,25,17,20,26,13,24,55,97,12,0,0,0,0,0,0,0.0002,0.0143,0.0290,0.0008,0.0020,0.0044,2.8985,0.0116,0.0000,0.3240,0.0006,0.0000,0.1119,0.0014,0.0004,0.0002
1527,18.6302,0.0000,10.8315,3.7087,,true,0,0.008333,0.0000,0.0000,1.00,0.00,0.0000,22,1,295,295,0,0,100,1,11,11,0,246528,0,295,0,0,849203200,0.000000,0.000000,0.000000,0.00,0,2,4,25,17,20,26,13,24,55,97,12,0,0,0,0,0,0,0.0004,0.0117,0.0287,0.0021,0.0035,0.0034,3.7087,0.0127,0.0000,0.2905,0.0008,0.0006,0.1124,0.0012,0.0008,0.0004
1528,18.6424,0.0000,12.6206,3.2702,,true,0,0.008333,0.0000,0.0000,1.00,0.00,0.0000,22,1,295,295,0,0,100,1,11,11,0,246528,0,295,0,0,849203200,0.000000,0.000000,0.000000,0.00,0,2,4,25,17,20,26,13,24,55,97,12,0,0,0,0,0,0,0.0002,0.0122,0.0321,0.0009,0.0016,0.0030,3.2702,0.0191,0.0000,0.3311,0.0009,0.0004,0.0913,0.0016,0.0005,0.0009
1529,18.6520,0.0000,10.1378,2.8258,,true,0,0.008333,0.0000,0.0000,1.00,0.00,0.0000,22,1,295,295,0,0,100,1,11,11,0,246528,0,295,0,0,849203200,0.000000,0.000000,0.000000,0.00,0,2,4,25,17,20,26,13,24,55,97,12,0,0,0,0,0,0,0.0006,0.0169,0.0308,0.0016,0.0034,0.0046,2.8258,0.0197,0.0000,0.3117,0.0009,0.0009,0.1125,0.0013,0.0013,0.0008
1530,18.6631,0.0000,10.9134,3.0047,,true,0,0.008333,0.0000,0.0000,1.00,0.00,0.0000,22,1,295,295,0,0,100,1,11,11,0,246528,0,295,0,0,849203200,0.000000,0.000000,0.000000,0.00,0,2,4,25,17,20,26,13,24,55,97,12,0,0,0,0,0,0,0.0004,0.0137,0.0388,0.0008,0.0025,0.0046,3.0047,0.0180,0.0000,0.3509,0.0007,0.0004,0.1295,0.0017,0.0010,0.0006
1531,18.6791,0.0000,15.0774,3.2709,,true,0,0.008333,0.0000,0.0000,1.00,0.00,0.0000,22,1,295,295,0,0,100,1,11,11,0,246528,0,295,0,0,849203200,0.000000,0.000000,0.000000,0.00,0,2,4,25,17,20,26,13,24,55,97,12,0,0,0,0,0,0,0.0001,0.0176,0.0391,0.0011,0.0035,0.0045,3.2709,0.0185,0.0000,0.3912,0.0003,0.0005,0.1523,0.0020,0.0015,0.0007
1532,18.6960,0.0000,11.2854,9.0887,,true,0,0.008333,0.0000,0.0000,1.00,0.00,0.0000,22,1,295,295,0,0,100,1,11,11,0,246528,0,295,0,0,849203200,0.000000,0.000000,0.000000,0.00,0,2,4,25,17,20,26,13,24,55,97,12,0,0,0,0,0,0,0.0001,0.0192,0.0447,0.0006,0.0033,0.0053,9.0887,0.0151,0.0000,5.3884,0.0008,0.1287,0.1492,0.0016,0.0021,4.8094
1533,18.7012,0.0000,11.5453,3.1167,,true,0,0.008333,0.0000,0.0000,1.00,0.00,0.0000,22,1,295,295,0,0,100,1,11,11,0,246528,0,295,0,0,849203200,0.000000,0.000000,0.000000,0.00,0,2,4,25,17,20,26,13,24,55,97,12,0,0,0,0,0,0,0.0002,0.0105,0.0393,0.0008,0.0021,0.0036,3.1167,0.0178,0.0000,0.3324,0.0009,0.0005,0.1315,0.0017,0.0010,0.0006
1534,18.7126,0.0000,10.6670,3.7278,,true,0,0.008333,0.0000,0.0000,1.00,0.00,0.0000,22,1,295,295,0,0,100,1,11,11,0,246528,0,295,0,0,849207296,0.000000,0.000000,0.000000,0.00,0,2,4,25,17,20,26,13,24,55,97,12,0,0,0,0,0,0,0.0006,0.0144,0.0315,0.0009,0.0019,0.0045,3.7278,0.0161,0.0000,0.3862,0.0008,0.0007,0.1522,0.0013,0.0007,0.0007
1535,18.7237,0.0000,11.7371,3.3805,,true,0,0.008333,0.0000,0.0000,1.00,0.00,0.0000,22,1,295,295,0,0,100,1,11,11,0,246528,0,295,0,0,849207296,0.000000,0.000000,0.000000,0.00,0,2,4,25,17,20,26,13,24,55,97,12,0,0,0,0,0,0,0.0009,0.0302,0.0625,0.0008,0.0022,0.0071,3.3805,0.0281,0.0000,0.3536,0.0002,0.0002,0.1379,0.0018,0.0004,0.0002
1536,18.7348,0.0000,11.0543,3.2836,,true,0,0.008333,0.0000,0.0000,1.00,0.00,0.0000,22,1,295,295,0,0,100,1,11,11,0,246528,0,295,0,0,849207296,0.000000,0.000000,0.000000,0.00,0,2,4,25,17,20,26,13,24,55,97,12,0,0,0,0,0,0,0.0006,0.0177,0.0356,0.0006,0.0022,0.0046,3.2836,0.0142,0.0000,0.3590,0.0003,0.0009,0.1383,0.0015,0.0011,0.0007
1537,18.7460,0.0000,11.6359,2.6805,,true,0,0.008333,0.0000,0.0000,1.00,0.00,0.0000,22,1,295,295,0,0,100,1,11,11,0,246528,0,295,0,0,849207296,0.000000,0.000000,0.000000,0.00,0,2,4,25,17,20,26,13,24,55,97,12,0,0,0,0,0,0,0.0003,0.0127,0.0303,0.0009,0.0020,0.0031,2.6805,0.0109,0.0000,0.3168,0.0003,0.0000,0.1208,0.0005,0.0006,0.0004
1538,18.7563,0.0000,10.2554,2.7743,,true,0,0.008333,0.0000,0.0000,1.00,0.00,0.0000,22,1,295,295,0,0,100,1,11,11,0,246528,0,295,0,0,849207296,0.000000,0.000000,0.000000,0.00,0,2,4,25,17,20,26,13,24,55,97,12,0,0,0,0,0,0,0.0001,0.0177,0.0328,0.0003,0.0012,0.0035,2.7743,0.0111,0.0000,0.3662,0.0004,0.0006,0.1313,0.0010,0.0006,0.0002
1539,18.7673,0.0000,11.0423,2.8792,,true,0,0.008333,0.0000,0.0000,1.00,0.00,0.0000,22,1,295,295,0,0,100,1,11,11,0,246528,0,295,0,0,849207296,0.000000,0.000000,0.000000,0.00,0,2,4,25,17,20,26,13,24,55,97,12,0,0,0,0,0,0,0.0001,0.0140,0.0284,0.0008,0.0017,0.0029,2.8792,0.0118,0.0000,0.3274,0.0003,0.0005,0.1212,0.0007,0.0006,0.0003
1540,18.7787,0.0000,11.1426,3.0473,,true,0,0.008333,0.0000,0.0000,1.00,0.00,0.0000,22,1,295,295,0,0,100,1,11,11,0,246528,0,295,0,0,849207296,0.000000,0.000000,0.000000,0.00,0,2,4,25,17,20,26,13,24,55,97,12,0,0,0,0,0,0,0.0003,0.0160,0.0333,0.0007,0.0023,0.0050,3.0473,0.0147,0.0000,0.3470,0.0005,0.0005,0.1343,0.0011,0.0005,0.0002
1541,18.7918,0.0000,11.9780,3.7279,,true,0,0.008333,0.0000,0.0000,1.00,0.00,0.0000,22,1,295,295,0,0,100,1,11,11,0,246528,0,295,0,0,849207296,0.000000,0.000000,0.000000,0.00,0,2,4,25,17,20,26,13,24,55,97,12,0,0,0,0,0,0,0.0005,0.0185,0.0450,0.0011,0.0039,0.0062,3.7279,0.0182,0.0000,0.4732,0.0004,0.0010,0.2106,0.0018,0.0008,0.0004
1542,18.8022,0.0000,11.0386,3.4477,,true,0,0.008333,0.0000,0.0000,1.00,0.00,0.0000,22,1,295,295,0,0,100,1,11,11,0,246528,0,295,0,0,849207296,0.000000,0.000000,0.000000,0.00,0,2,4,25,17,20,26,13,24,55,97,12,0,0,0,0,0,0,0.0007,0.0538,0.0338,0.0008,0.0025,0.0074,3.4477,0.0196,0.0000,0.3225,0.0008,0.0004,0.1160,0.0015,0.0006,0.0006
1543,18.8130,0.0000,10.6414,3.6393,,true,0,0.008333,0.0000,0.0000,1.00,0.00,0.0000,22,1,295,295,0,0,100,1,11,11,0,246528,0,295,0,0,849207296,0.000000,0.000000,0.000000,0.00,0,2,4,25,17,20,26,13,24,55,97,12,0,0,0,0,0,0,0.0001,0.0166,0.0319,0.0012,0.0017,0.0041,3.6393,0.0172,0.0000,0.3560,0.0004,0.0005,0.1303,0.0011,0.0010,0.0007
1544,18.8238,0.0000,10.9065,3.4489,,true,0,0.008333,0.0000,0.0000,1.00,0.00,0.0000,22,1,295,295,0,0,100,1,11,11,0,246528,0,295,0,0,849211392,0.000000,0.000000,0.000000,0.00,0,2,4,25,17,20,26,13,24,55,97,12,0,0,0,0,0,0,0.0004,0.0184,0.0333,0.0011,0.0038,0.0050,3.4489,0.0162,0.0000,0.3606,0.0009,0.0005,0.1349,0.0018,0.0012,0.0010
1545,18.8352,0.0000,11.2858,3.5256,,true,0,0.008333,0.0000,0.0000,1.00,0.00,0.0000,22,1,295,295,0,0,100,1,11,11,0,246528,0,295,0,0,849211392,0.000000,0.000000,0.000000,0.00,0,2,4,25,17,20,26,13,24,55,97,12,0,0,0,0,0,0,0.0003,0.0194,0.0350,0.0006,0.0028,0.0056,3.5256,0.0144,0.0000,0.3709,0.0004,0.0005,0.1303,0.0014,0.0010,0.0004
1546,18.8497,0.0000,13.3611,4.2447,,true,0,0.008333,0.0000,0.0000,1.00,0.00,0.0000,22,1,295,295,0,0,100,1,11,11,0,246528,0,295,0,0,849211392,0.000000,0.000000,0.000000,0.00,0,2,4,25,17,20,26,13,24,55,97,12,0,0,0,0,0,0,0.0002,0.0226,0.0370,0.0016,0.0047,0.0054,4.2447,0.0156,0.0000,0.3437,0.0004,0.0007,0.1127,0.0009,0.0012,0.0004
1547,18.8596,0.0000,10.9232,3.3628,,true,0,0.008333,0.0000,0.0000,1.00,0.00,0.0000,22,1,295,295,0,0,100,1,11,11,0,246528,0,295,0,0,849211392,0.000000,0.000000,0.000000,0.00,0,2,4,25,17,20,26,13,24,55,97,12,0,0,0,0,0,0,0.0002,0.0232,0.0347,0.0012,0.0020,0.0041,3.3628,0.0173,0.0000,0.3821,0.0003,0.0002,0.1419,0.0013,0.0005,0.0005
1548,18.8729,0.0000,13.8059,3.1363,,true,0,0.008333,0.0000,0.0000,1.00,0.00,0.0000,22,1,295,295,0,0,100,1,11,11,0,246528,0,295,0,0,849211392,0.000000,0.000000,0.000000,0.00,0,2,4,25,17,20,26,13,24,55,97,12,0,0,0,0,0,0,0.0007,0.0139,0.0304,0.0004,0.0216,0.0049,3.1363,0.0130,0.0000,0.3260,0.0004,0.0003,0.1134,0.0007,0.0005,0.0006
1549,18.8858,0.0000,12.2872,3.6232,,true,0,0.008333,0.0000,0.0000,1.00,0.00,0.0000,22,1,295,295,0,0,100,1,11,11,0,246528,0,295,0,0,849211392,0.000000,0.000000,0.000000,0.00,0,2,4,25,17,20,26,13,24,55,97,12,0,0,0,0,0,0,0.0011,0.0254,0.0318,0.0012,0.0031,0.0063,3.6232,0.0162,0.0000,0.3091,0.0004,0.0004,0.0958,0.0013,0.0007,0.0003
1550,18.8962,0.0000,11.0745,3.0717,,true,0,0.008333,0.0000,0.0000,1.00,0.00,0.0000,22,1,295,295,0,0,100,1,11,11,0,246528,0,295,0,0,849211392,0.000000,0.000000,0.000000,0.00,0,2,4,25,17,20,26,13,24,55,97,12,0,0,0,0,0,0,0.0009,0.0196,0.0343,0.0006,0.0021,0.0036,3.0717,0.0151,0.0000,0.3600,0.0006,0.0007,0.1325,0.0011,0.0011,0.0006
1551,18.9093,0.0000,12.9814,3.1526,,true,0,0.008333,0.0000,0.0000,1.00,0.00,0.0000,22,1,295,295,0,0,100,1,11,11,0,246528,0,295,0,0,849211392,0.000000,0.000000,0.000000,0.00,0,2,4,25,17,20,26,13,24,55,97,12,0,0,0,0,0,0,0.0014,0.0133,0.0441,0.0011,0.0027,0.0062,3.1526,0.0206,0.0000,0.2984,0.0006,0.0002,0.1173,0.0014,0.0010,0.0005
1552,18.9196,0.0000,10.4666,3.1403,,true,0,0.008333,0.0000,0.0000,1.00,0.00,0.0000,22,1,295,295,0,0,100,1,11,11,0,246528,0,295,0,0,849211392,0.000000,0.000000,0.000000,0.00,0,2,4,25,17,20,26,13,24,55,97,12,0,0,0,0,0,0,0.0005,0.0201,0.0361,0.0007,0.0021,0.0048,3.1403,0.0201,0.0000,0.4101,0.0005,0.0002,0.1058,0.0009,0.0009,0.0005
1553,18.9312,0.0000,11.1472,3.2903,,true,0,0.008333,0.0000,0.0000,1.00,0.00,0.0000,22,1,295,295,0,0,100,1,11,11,0,246528,0,295,0,0,849215488,0.000000,0.000000,0.000000,0.00,0,2,4,25,17,20,26,13,24,55,97,12,0,0,0,0,0,0,0.0001,0.0194,0.0350,0.0007,0.0023,0.0047,3.2903,0.0165,0.0000,0.3610,0.0007,0.0007,0.1319,0.0015,0.0009,0.0008
1554,18.9437,0.0000,12.6403,3.4921,,true,0,0.008333,0.0000,0.0000,1.00,0.00,0.0000,22,1,295,295,0,0,100,1,11,11,0,246528,0,295,0,0,849215488,0.000000,0.000000,0.000000,0.00,0,2,4,25,17,20,26,13,24,55,97,12,0,0,0,0,0,0,0.0006,0.0155,0.0331,0.0016,0.0033,0.0063,3.4921,0.0109,0.0000,0.3373,0.0004,0.0003,0.1132,0.0007,0.0002,0.0005
1555,18.9534,0.0000,10.0779,3.2038,,true,0,0.008333,0.0000,0.0000,1.00,0.00,0.0000,22,1,295,295,0,0,100,1,11,11,0,246528,0,295,0,0,849215488,0.000000,0.000000,0.000000,0.00,0,2,4,25,17,20,26,13,24,55,97,12,0,0,0,0,0,0,0.0005,0.0162,0.0336,0.0024,0.0031,0.0058,3.2038,0.0109,0.0000,0.3568,0.0005,0.0002,0.1305,0.0013,0.0002,0.0007
1556,18.9655,0.0000,12.2621,2.8989,,true,0,0.008333,0.0000,0.0000,1.00,0.00,0.0000,22,1,295,295,0,0,100,1,11,11,0,246528,0,295,0,0,849215488,0.000000,0.000000,0.000000,0.00,0,2,4,25,17,20,26,13,24,55,97,12,0,0,0,0,0,0,0.0004,0.0138,0.0581,0.0010,0.0006,0.0056,2.8989,0.0297,0.0000,0.3385,0.0002,0.0007,0.1262,0.0009,0.0005,0.0006
1557,18.9766,0.0000,11.0895,2.8578,,true,0,0.008333,0.0000,0.0000,1.00,0.00,0.0000,22,1,295,295,0,0,100,1,11,11,0,246528,0,295,0,0,849215488,0.000000,0.000000,0.000000,0.00,0,2,4,25,17,20,26,13,24,55,97,12,0,0,0,0,0,0,0.0004,0.0163,0.0348,0.0005,0.0008,0.0044,2.8578,0.0146,0.0000,0.3506,0.0000,0.0000,0.1306,0.0010,0.0014,0.0003
1558,18.9895,0.0000,12.0390,3.4915,,true,0,0.008333,0.0000,0.0000,1.00,0.00,0.0000,22,1,295,295,0,0,100,1,11,11,0,246528,0,295,0,0,849215488,0.000000,0.000000,0.000000,0.00,0,2,4,25,17,20,26,13,24,55,97,12,0,0,0,0,0,0,0.0006,0.0243,0.0330,0.0009,0.0034,0.0051,3.4915,0.0155,0.0000,0.3611,0.0005,0.0007,0.1318,0.0011,0.0009,0.0008
1559,19.0011,0.0000,12.0480,3.2244,,true,0,0.008333,0.0000,0.0000,1.00,0.00,0.0000,22,1,295,295,0,0,100,1,11,11,0,246528,0,295,0,0,849215488,0.000000,0.000000,0.000000,0.00,0,2,4,25,17,20,26,13,24,55,97,12,0,0,0,0,0,0,0.0001,0.0180,0.0330,0.0006,0.0021,0.0046,3.2244,0.0137,0.0000,0.3389,0.0006,0.0005,0.1243,0.0014,0.0008,0.0007
1560,19.0102,0.0000,9.6676,2.8224,,true,0,0.008333,0.0000,0.0000,1.00,0.00,0.0000,22,1,295,295,0,0,100,1,11,11,0,246528,0,295,0,0,849215488,0.000000,0.000000,0.000000,0.00,0,2,4,25,17,20,26,13,24,55,97,12,0,0,0,0,0,0,0.0001,0.0195,0.0358,0.0008,0.0017,0.0036,2.8224,0.0129,0.0000,0.3380,0.0004,0.0005,0.1194,0.0007,0.0008,0.0006
1561,19.0224,0.0000,11.4701,3.4362,,true,0,0.008333,0.0000,0.0000,1.00,0.00,0.0000,22,1,295,295,0,0,100,1,11,11,0,246528,0,295,0,0,849215488,0.000000,0.000000,0.000000,0.00,0,2,4,25,17,20,26,13,24,55,97,12,0,0,0,0,0,0,0.0003,0.0167,0.0314,0.0003,0.0010,0.0032,3.4362,0.0144,0.0000,0.3391,0.0004,0.0008,0.1238,0.0005,0.0012,0.0003
1562,19.0340,0.0000,12.0712,2.8785,,true,0,0.008333,0.0000,0.0000,1.00,0.00,0.0000,22,1,295,295,0,0,100,1,11,11,0,246528,0,295,0,0,849219584,0.000000,0.000000,0.000000,0.00,0,2,4,25,17,20,26,13,24,55,97,12,0,0,0,0,0,0,0.0004,0.0260,0.0310,0.0005,0.0010,0.0078,2.8785,0.0120,0.0000,0.3279,0.0004,0.0008,0.1073,0.0007,0.0004,0.0002
1563,19.0436,0.0000,9.4647,3.1141,,true,0,0.008333,0.0000,0.0000,1.00,0.00,0.0000,22,1,295,295,0,0,100,1,11,11,0,246528,0,295,0,0,849219584,0.000000,0.000000,0.000000,0.00,0,2,4,25,17,20,26,13,24,55,97,12,0,0,0,0,0,0,0.0002,0.0177,0.0355,0.0006,0.0016,0.0051,3.1141,0.0150,0.0000,0.3502,0.0006,0.0008,0.1279,0.0009,0.0009,0.0007
1564,19.0549,0.0000,11.1117,3.3275,,true,0,0.008333,0.0000,0.0000,1.00,0.00,0.0000,22,1,295,295,0,0,100,1,11,11,0,246528,0,295,0,0,849219584,0.000000,0.000000,0.000000,0.00,0,2,4,25,17,20,26,13,24,55,97,12,0,0,0,0,0,0,0.0001,0.0136,0.0409,0.0009,0.0029,0.0043,3.3275,0.0215,0.0000,0.3789,0.0008,0.0009,0.1328,0.0017,0.0011,0.0006
1565,19.0664,0.0000,11.9118,2.9012,,true,0,0.008333,0.0000,0.0000,1.00,0.00,0.0000,22,1,295,295,0,0,100,1,11,11,0,246528,0,295,0,0,849219584,0.000000,0.000000,0.000000,0.00,0,2,4,25,17,20,26,13,24,55,97,12,0,0,0,0,0,0,0.0003,0.0148,0.0347,0.0010,0.0027,0.0035,2.9012,0.0165,0.0000,0.3343,0.0001,0.0006,0.1194,0.0012,0.0007,0.0007
1566,19.0762,0.0000,9.4954,3.2521,,true,0,0.008333,0.0000,0.0000,1.00,0.00,0.0000,22,1,295,295,0,0,100,1,11,11,0,246528,0,295,0,0,849219584,0.000000,0.000000,0.000000,0.00,0,2,4,25,17,20,26,13,24,55,97,12,0,0,0,0,0,0,0.0006,0.0115,0.0296,0.0008,0.0032,0.0034,3.2521,0.0087,0.0000,0.3150,0.0001,0.0000,0.1123,0.0005,0.0002,0.0005
1567,19.0882,0.0000,11.4322,3.5956,,true,0,0.008333,0.0000,0.0000,1.00,0.00,0.0000,22,1,295,295,0,0,100,1,11,11,0,246528,0,295,0,0,849219584,0.000000,0.000000,0.000000,0.00,0,2,4,25,17,20,26,13,24,55,97,12,0,0,0,0,0,0,0.0007,0.0273,0.0318,0.0011,0.0042,0.0065,3.5956,0.0153,0.0000,0.3520,0.0005,0.0005,0.1167,0.0008,0.0015,0.0005
1568,19.1013,0.0000,12.9010,3.5512,,true,0,0.008333,0.0000,0.0000,1.00,0.00,0.0000,22,1,295,295,0,0,100,1,11,11,0,246528,0,295,0,0,849219584,0.000000,0.000000,0.000000,0.00,0,2,4,25,17,20,26,13,24,55,97,12,0,0,0,0,0,0,0.0002,0.0158,0.0341,0.0008,0.0031,0.0043,3.5512,0.0161,0.0000,0.3512,0.0004,0.0003,0.1270,0.0017,0.0009,0.0010
1569,19.1119,0.0000,10.8377,3.7345,,true,0,0.008333,0.0000,0.0000,1.00,0.00,0.0000,22,1,295,295,0,0,100,1,11,11,0,246528,0,295,0,0,849219584,0.000000,0.000000,0.000000,0.00,0,2,4,25,17,20,26,13,24,55,97,12,0,0,0,0,0,0,0.0005,0.0153,0.0321,0.0007,0.0024,0.0046,3.7345,0.0149,0.0000,0.3513,0.0003,0.0003,0.1315,0.0013,0.0010,0.0004
1570,19.1252,0.0000,12.8412,3.9770,,true,0,0.008333,0.0000,0.0000,1.00,0.00,0.0000,22,1,295,295,0,0,100,1,11,11,0,246528,0,295,0,0,849219584,0.000000,0.000000,0.000000,0.00,0,2,4,25,17,20,26,13,24,55,97,12,0,0,0,0,0,0,0.0006,0.0186,0.0443,0.0006,0.0036,0.0062,3.9770,0.0174,0.0000,0.4269,0.0004,0.0007,0.1785,0.0017,0.0009,0.0010
1571,19.1366,0.0000,11.6059,3.6842,,true,0,0.008333,0.0000,0.0000,1.00,0.00,0.0000,22,1,295,295,0,0,100,1,11,11,0,246528,0,295,0,0,849223680,0.000000,0.000000,0.000000,0.00,0,2,4,25,17,20,26,13,24,55,97,12,0,0,0,0,0,0,0.0006,0.0177,0.0346,0.0007,0.0021,0.0046,3.6842,0.0131,0.0000,0.3580,0.0006,0.0005,0.1348,0.0008,0.0012,0.0006
1572,19.1482,0.0000,10.7044,4.3281,,true,0,0.008333,0.0000,0.0000,1.00,0.00,0.0000,22,1,295,295,0,0,100,1,11,11,0,246528,0,295,0,0,849223680,0.000000,0.000000,0.000000,0.00,0,2,4,25,17,20,26,13,24,55,97,12,0,0,0,0,0,0,0.0003,0.0211,0.0537,0.0021,0.0049,0.0044,4.3281,0.0342,0.0000,0.3924,0.0004,0.0004,0.1316,0.0014,0.0012,0.0003
1573,19.1597,0.0000,12.3973,3.8246,,true,0,0.008333,0.0000,0.0000,1.00,0.00,0.0000,22,1,295,295,0,0,100,1,11,11,0,246528,0,295,0,0,849223680,0.000000,0.000000,0.000000,0.00,0,2,4,25,17,20,26,13,24,55,97,12,0,0,0,0,0,0,0.0005,0.0161,0.0300,0.0016,0.0038,0.0067,3.8246,0.0135,0.0000,0.3236,0.0003,0.0003,0.1225,0.0013,0.0011,0.0007
1574,19.1745,0.0000,12.3928,5.5529,,true,0,0.008333,0.0000,0.0000,1.00,0.00,0.0000,22,1,295,295,0,0,100,1,11,11,0,246528,0,295,0,0,849223680,0.000000,0.000000,0.000000,0.00,0,2,4,25,17,20,26,13,24,55,97,12,0,0,0,0,0,0,0.0001,0.0298,0.0621,0.0009,0.0038,0.0121,5.5529,0.0243,0.0000,0.4981,0.0004,0.0011,0.1897,0.0017,0.0014,0.0007
1575,19.1877,0.0000,13.3230,5.8345,,true,0,0.008333,0.0000,0.0000,1.00,0.00,0.0000,22,1,295,295,0,0,100,1,11,11,0,246528,0,295,0,0,849223680,0.000000,0.000000,0.000000,0.00,0,2,4,25,17,20,26,13,24,55,97,12,0,0,0,0,0,0,0.0001,0.0208,0.1038,0.0012,0.0040,0.0045,5.8345,0.0215,0.0000,0.4102,0.0005,0.0007,0.1586,0.0017,0.0011,0.0008
1576,19.2005,0.0000,13.8030,4.8422,,true,0,0.008333,0.0000,0.0000,1.00,0.00,0.0000,22,1,295,295,0,0,100,1,11,11,0,246528,0,295,0,0,849223680,0.000000,0.000000,0.000000,0.00,0,2,4,25,17,20,26,13,24,55,97,12,0,0,0,0,0,0,0.0022,0.0522,0.0460,0.0031,0.0048,0.0197,4.8422,0.0222,0.0000,0.4375,0.0005,0.0006,0.2134,0.0026,0.0012,0.0011
1577,19.2117,0.0000,12.5536,3.7659,,true,0,0.008333,0.0000,0.0000,1.00,0.00,0.0000,22,1,295,295,0,0,100,1,11,11,0,246528,0,295,0,0,849223680,0.000000,0.000000,0.000000,0.00,0,2,4,25,17,20,26,13,24,55,97,12,0,0,0,0,0,0,0.0003,0.0210,0.0347,0.0010,0.0025,0.0057,3.7659,0.0137,0.0000,0.4034,0.0008,0.0003,0.1663,0.0017,0.0007,0.0006
1578,19.2221,0.0000,11.4421,2.8873,,true,0,0.008333,0.0000,0.0000,1.00,0.00,0.0000,22,1,295,295,0,0,100,1,11,11,0,246528,0,295,0,0,849223680,0.000000,0.000000,0.000000,0.00,0,2,4,25,17,20,26,13,24,55,97,12,0,0,0,0,0,0,0.0003,0.0178,0.0335,0.0004,0.0023,0.0065,2.8873,0.0144,0.0000,0.3592,0.0003,0.0005,0.1270,0.0018,0.0010,0.0005
1579,19.2338,0.0000,11.4782,3.3190,,true,0,0.008333,0.0000,0.0000,1.00,0.00,0.0000,22,1,295,295,0,0,100,1,11,11,0,246528,0,295,0,0,849223680,0.000000,0.000000,0.000000,0.00,0,2,4,25,17,20,26,13,24,55,97,12,0,0,0,0,0,0,0.0004,0.0159,0.0355,0.0009,0.0027,0.0078,3.3190,0.0155,0.0000,0.3871,0.0007,0.0005,0.1268,0.0013,0.0008,0.0005
1580,19.2453,0.0000,11.4884,3.1917,,true,0,0.008333,0.0000,0.0000,1.00,0.00,0.0000,22,1,295,295,0,0,100,1,11,11,0,246528,0,295,0,0,849223680,0.000000,0.000000,0.000000,0.00,0,2,4,25,17,20,26,13,24,55,97,12,0,0,0,0,0,0,0.0002,0.0181,0.0326,0.0004,0.0023,0.0056,3.1917,0.0175,0.0000,0.3430,0.0006,0.0004,0.1252,0.0011,0.0007,0.0004
1581,19.2582,0.0000,11.6065,4.4622,,true,0,0.008333,0.0000,0.0000,1.00,0.00,0.0000,22,1,295,295,0,0,100,1,11,11,0,246528,0,295,0,0,849227776,0.000000,0.000000,0.000000,0.00,0,2,4,25,17,20,26,13,24,55,97,12,0,0,0,0,0,0,0.0003,0.0206,0.0357,0.0013,0.0043,0.0109,4.4622,0.0181,0.0000,0.3658,0.0007,0.0008,0.1395,0.0013,0.0007,0.0005
1582,19.2695,0.0000,12.3617,3.3552,,true,0,0.008333,0.0000,0.0000,1.00,0.00,0.0000,22,1,295,295,0,0,100,1,11,11,0,246528,0,295,0,0,849227776,0.000000,0.000000,0.000000,0.00,0,2,4,25,17,20,26,13,24,55,97,12,0,0,0,0,0,0,0.0001,0.0269,0.0323,0.0009,0.0024,0.0042,3.3552,0.0156,0.0000,0.3559,0.0005,0.0005,0.1304,0.0012,0.0009,0.0004
1583,19.2811,0.0000,11.9852,2.9493,,true,0,0.008333,0.0000,0.0000,1.00,0.00,0.0000,22,1,295,295,0,0,100,1,11,11,0,246528,0,295,0,0,849227776,0.000000,0.000000,0.000000,0.00,0,2,4,25,17,20,26,13,24,55,97,12,0,0,0,0,0,0,0.0003,0.0182,0.0332,0.0011,0.0023,0.0053,2.9493,0.0137,0.0000,0.3508,0.0006,0.0003,0.1274,0.0014,0.0009,0.0006
1584,19.2939,0.0000,11.0885,4.5904,,true,0,0.008333,0.0000,0.0000,1.00,0.00,0.0000,22,1,295,295,0,0,100,1,11,11,0,246528,0,295,0,0,849227776,0.000000,0.000000,0.000000,0.00,0,2,4,25,17,20,26,13,24,55,97,12,0,0,0,0,0,0,0.0005,0.0256,0.0520,0.0008,0.0053,0.0108,4.5904,0.0191,0.0000,0.4014,0.0007,0.0005,0.1226,0.0012,0.0011,0.0010
1585,19.3101,0.0000,16.5473,4.0310,,true,0,0.008333,0.0000,0.0000,1.00,0.00,0.0000,22,1,295,295,0,0,100,1,11,11,0,246528,0,295,0,0,849227776,0.000000,0.000000,0.000000,0.00,0,2,4,25,17,20,26,13,24,55,97,12,0,0,0,0,0,0,0.0005,0.0190,0.0355,0.0008,0.0032,0.0053,4.0310,0.0169,0.0000,0.3874,0.0006,0.0005,0.1470,0.0013,0.0008,0.0004
1586,19.3199,0.0000,11.0445,2.9671,,true,0,0.008333,0.0000,0.0000,1.00,0.00,0.0000,22,1,295,295,0,0,100,1,11,11,0,246528,0,295,0,0,849227776,0.000000,0.000000,0.000000,0.00,0,2,4,25,17,20,26,13,24,55,97,12,0,0,0,0,0,0,0.0001,0.0182,0.0319,0.0011,0.0028,0.0037,2.9671,0.0138,0.0000,0.3665,0.0006,0.0006,0.1328,0.0016,0.0009,0.0009
1587,19.3316,0.0000,10.2894,4.2334,,true,0,0.008333,0.0000,0.0000,1.00,0.00,0.0000,22,1,295,295,0,0,100,1,11,11,0,246528,0,295,0,0,849227776,0.000000,0.000000,0.000000,0.00,0,2,4,25,17,20,26,13,24,55,97,12,0,0,0,0,0,0,0.0009,0.0251,0.0454,0.0011,0.0036,0.0072,4.2334,0.0209,0.0000,0.5191,0.0006,0.0010,0.1795,0.0017,0.0014,0.0014
1588,19.3433,0.0000,13.1334,3.2814,,true,0,0.008333,0.0000,0.0000,1.00,0.00,0.0000,22,1,295,295,0,0,100,1,11,11,0,246528,0,295,0,0,849227776,0.000000,0.000000,0.000000,0.00,0,2,4,25,17,20,26,13,24,55,97,12,0,0,0,0,0,0,0.0001,0.0173,0.0333,0.0010,0.0030,0.0037,3.2814,0.0131,0.0000,0.3324,0.0003,0.0005,0.1238,0.0022,0.0005,0.0004
1589,19.3572,0.0000,13.0546,4.0185,,true,0,0.008333,0.0000,0.0000,1.00,0.00,0.0000,22,1,295,295,0,0,100,1,11,11,0,246528,0,295,0,0,849227776,0.000000,0.000000,0.000000,0.00,0,2,4,25,17,20,26,13,24,55,97,12,0,0,0,0,0,0,0.0006,0.0160,0.0333,0.0006,0.0032,0.0044,4.0185,0.0163,0.0000,0.3566,0.0007,0.0004,0.1326,0.0013,0.0011,0.0007
1590,19.3691,0.0000,12.7166,3.1117,,true,0,0.008333,0.0000,0.0000,1.00,0.00,0.0000,22,1,295,295,0,0,100,1,11,11,0,246528,0,295,0,0,849231872,0.000000,0.000000,0.000000,0.00,0,2,4,25,17,20,26,13,24,55,97,12,0,0,0,0,0,0,0.0001,0.0178,0.0343,0.0008,0.0041,0.0053,3.1117,0.0211,0.0000,0.4351,0.0007,0.0008,0.1553,0.0015,0.0015,0.0006
1591,19.3821,0.0000,12.6571,3.1236,,true,0,0.008333,0.0000,0.0000,1.00,0.00,0.0000,22,1,295,295,0,0,100,1,11,11,0,246528,0,295,0,0,849231872,0.000000,0.000000,0.000000,0.00,0,2,4,25,17,20,26,13,24,55,97,12,0,0,0,0,0,0,0.0005,0.0142,0.0361,0.0006,0.0028,0.0035,3.1236,0.0105,0.0000,0.3563,0.0005,0.0007,0.1326,0.0016,0.0011,0.0008
1592,19.3927,0.0000,10.7099,3.2347,,true,0,0.008333,0.0000,0.0000,1.00,0.00,0.0000,22,1,295,295,0,0,100,1,11,11,0,246528,0,295,0,0,849231872,0.000000,0.000000,0.000000,0.00,0,2,4,25,17,20,26,13,24,55,97,12,0,0,0,0,0,0,0.0002,0.0201,0.0399,0.0009,0.0039,0.0050,3.2347,0.0190,0.0000,0.3924,0.0002,0.0006,0.1367,0.0012,0.0010,0.0008
1593,19.4064,0.0000,13.2497,3.4870,,true,0,0.008333,0.0000,0.0000,1.00,0.00,0.0000,22,1,295,295,0,0,100,1,11,11,0,246528,0,295,0,0,849231872,0.000000,0.000000,0.000000,0.00,0,2,4,25,17,20,26,13,24,55,97,12,0,0,0,0,0,0,0.0003,0.0220,0.0432,0.0011,0.0032,0.0066,3.4870,0.0200,0.0000,0.4292,0.0007,0.0007,0.1615,0.0017,0.0011,0.0010
1594,19.4172,0.0000,11.3694,3.1253,,true,0,0.008333,0.0000,0.0000,1.00,0.00,0.0000,22,1,295,295,0,0,100,1,11,11,0,246528,0,295,0,0,849354752,0.000000,0.000000,0.000000,0.00,0,2,4,25,17,20,26,13,24,55,97,12,0,0,0,0,0,0,0.0006,0.0347,0.0361,0.0007,0.0029,0.0054,3.1253,0.0166,0.0000,0.3704,0.0011,0.0007,0.1318,0.0015,0.0015,0.0011
1595,19.4286,0.0000,11.7088,2.8656,,true,0,0.008333,0.0000,0.0000,1.00,0.00,0.0000,22,1,295,295,0,0,100,1,11,11,0,246528,0,295,0,0,849354752,0.000000,0.000000,0.000000,0.00,0,2,4,25,17,20,26,13,24,55,97,12,0,0,0,0,0,0,0.0004,0.0198,0.0349,0.0004,0.0027,0.0034,2.8656,0.0168,0.0000,0.3774,0.0008,0.0008,0.1389,0.0015,0.0010,0.0010
1596,19.4453,0.0000,12.8266,6.7281,,true,0,0.008333,0.0000,0.0000,1.00,0.00,0.0000,22,1,295,295,0,0,100,1,11,11,0,246528,0,295,0,0,849354752,0.000000,0.000000,0.000000,0.00,0,2,4,25,17,20,26,13,24,55,97,12,0,0,0,0,0,0,0.0002,0.0131,0.0360,0.0010,0.0022,0.0036,6.7281,0.0123,0.0000,3.9803,0.0003,0.0924,0.0950,0.0031,0.0010,3.6030
1597,19.4534,0.0000,12.1955,2.6309,,true,0,0.008333,0.0000,0.0000,1.00,0.00,0.0000,22,1,295,295,0,0,100,1,11,11,0,246528,0,295,0,0,849354752,0.000000,0.000000,0.000000,0.00,0,2,4,25,17,20,26,13,24,55,97,12,0,0,0,0,0,0,0.0002,0.0162,0.0329,0.0008,0.0018,0.0035,2.6309,0.0150,0.0000,0.3451,0.0008,0.0001,0.1351,0.0013,0.0014,0.0005
1598,19.4650,0.0000,11.4458,2.8914,,true,0,0.008333,0.0000,0.0000,1.00,0.00,0.0000,22,1,295,295,0,0,100,1,11,11,0,246528,0,295,0,0,849354752,0.000000,0.000000,0.000000,0.00,0,2,4,25,17,20,26,13,24,55,97,12,0,0,0,0,0,0,0.0002,0.0175,0.0400,0.0009,0.0025,0.0042,2.8914,0.0188,0.0000,0.4155,0.0015,0.0005,0.1593,0.0019,0.0013,0.0009
1599,19.4767,0.0000,11.4642,3.1569,,true,0,0.008333,0.0000,0.0000,1.00,0.00,0.0000,22,1,295,295,0,0,100,1,11,11,0,246528,0,295,0,0,849358848,0.000000,0.000000,0.000000,0.00,0,2,4,25,17,20,26,13,24,55,97,12,0,0,0,0,0,0,0.0005,0.0148,0.0366,0.0005,0.0028,0.0044,3.1569,0.0170,0.0000,0.3588,0.0004,0.0003,0.1208,0.0015,0.0013,0.0003
1600,19.4912,0.0000,11.3392,6.1042,,true,0,0.008333,0.0000,0.0000,1.00,0.00,0.0000,22,1,295,295,0,0,100,1,11,11,0,246528,0,295,0,0,849358848,0.000000,0.000000,0.000000,0.00,0,2,4,25,17,20,26,13,24,55,97,12,0,0,0,0,0,0,0.0004,0.0144,0.0337,0.0004,0.0024,0.0041,6.1042,0.0211,0.0000,0.3991,0.0010,0.0006,0.1661,0.0023,0.0010,0.0010
1601,19.5037,0.0000,14.0953,4.4268,,true,0,0.008333,0.0000,0.0000,1.00,0.00,0.0000,22,1,295,295,0,0,100,1,11,11,0,246528,0,295,0,0,849358848,0.000000,0.000000,0.000000,0.00,0,2,4,25,17,20,26,13,24,55,97,12,0,0,0,0,0,0,0.0005,0.0201,0.0379,0.0010,0.0048,0.0082,4.4268,0.0142,0.0000,0.3035,0.0003,0.0002,0.1131,0.0012,0.0009,0.0007
1602,19.5144,0.0000,12.2750,3.0673,,true,0,0.008333,0.0000,0.0000,1.00,0.00,0.0000,22,1,295,295,0,0,100,1,11,11,0,246528,0,295,0,0,849358848,0.000000,0.000000,0.000000,0.00,0,2,4,25,17,20,26,13,24,55,97,12,0,0,0,0,0,0,0.0002,0.0277,0.0371,0.0008,0.0022,0.0049,3.0673,0.0154,0.0000,0.3725,0.0004,0.0006,0.1381,0.0016,0.0007,0.0008
1603,19.5257,0.0000,11.2550,3.0319,,true,0,0.008333,0.0000,0.0000,1.00,0.00,0.0000,22,1,295,295,0,0,100,1,11,11,0,246528,0,295,0,0,849358848,0.000000,0.000000,0.000000,0.00,0,2,4,25,17,20,26,13,24,55,97,12,0,0,0,0,0,0,0.0012,0.0122,0.0491,0.0013,0.0039,0.0040,3.0319,0.0188,0.0000,0.3941,0.0008,0.0006,0.1481,0.0015,0.0018,0.0014
1604,19.5358,0.0000,10.6726,2.5742,,true,0,0.008333,0.0000,0.0000,1.00,0.00,0.0000,22,1,295,295,0,0,100,1,11,11,0,246528,0,295,0,0,849358848,0.000000,0.000000,0.000000,0.00,0,2,4,25,17,20,26,13,24,55,97,12,0,0,0,0,0,0,0.0001,0.0129,0.0326,0.0011,0.0026,0.0040,2.5742,0.0119,0.0000,0.3496,0.0005,0.0002,0.1293,0.0017,0.0008,0.0004
1605,19.5479,0.0000,10.9102,3.5804,,true,0,0.008333,0.0000,0.0000,1.00,0.00,0.0000,22,1,295,295,0,0,100,1,11,11,0,246528,0,295,0,0,849358848,0.000000,0.000000,0.000000,0.00,0,2,4,25,17,20,26,13,24,55,97,12,0,0,0,0,0,0,0.0002,0.0128,0.0350,0.0010,0.0019,0.0067,3.5804,0.0142,0.0000,0.3705,0.0005,0.0006,0.1391,0.0013,0.0009,0.0009
1606,19.5581,0.0000,11.5340,2.6177,,true,0,0.008333,0.0000,0.0000,1.00,0.00,0.0000,22,1,295,295,0,0,100,1,11,11,0,246528,0,295,0,0,849358848,0.000000,0.000000,0.000000,0.00,0,2,4,25,17,20,26,13,24,55,97,12,0,0,0,0,0,0,0.0003,0.0121,0.0509,0.0007,0.0019,0.0040,2.6177,0.0134,0.0000,0.3333,0.0004,0.0005,0.1237,0.0012,0.0008,0.0006
1607,19.5693,0.0000,11.1124,2.4798,,true,0,0.008333,0.0000,0.0000,1.00,0.00,0.0000,22,1,295,295,0,0,100,1,11,11,0,246528,0,295,0,0,849358848,0.000000,0.000000,0.000000,0.00,0,2,4,25,17,20,26,13,24,55,97,12,0,0,0,0,0,0,0.0001,0.0151,0.0300,0.0009,0.0020,0.0043,2.4798,0.0147,0.0000,0.3364,0.0009,0.0005,0.1257,0.0015,0.0006,0.0009
1608,19.5804,0.0000,10.9219,2.8180,,true,0,0.008333,0.0000,0.0000,1.00,0.00,0.0000,22,1,295,295,0,0,100,1,11,11,0,246528,0,295,0,0,849358848,0.000000,0.000000,0.000000,0.00,0,2,4,25,17,20,26,13,24,55,97,12,0,0,0,0,0,0,0.0007,0.0125,0.0326,0.0012,0.0022,0.0041,2.8180,0.0145,0.0000,0.3510,0.0002,0.0003,0.1514,0.0013,0.0004,0.0003
1609,19.5920,0.0000,10.8529,3.3757,,true,0,0.008333,0.0000,0.0000,1.00,0.00,0.0000,22,1,295,295,0,0,100,1,11,11,0,246528,0,295,0,0,849362944,0.000000,0.000000,0.000000,0.00,0,2,4,25,17,20,26,13,24,55,97,12,0,0,0,0,0,0,0.0002,0.0158,0.0488,0.0011,0.0026,0.0040,3.3757,0.0167,0.0000,0.3668,0.0006,0.0003,0.1304,0.0016,0.0010,0.0004
1610,19.6072,0.0000,14.9114,3.5050,,true,0,0.008333,0.0000,0.0000,1.00,0.00,0.0000,22,1,295,295,0,0,100,1,11,11,0,246528,0,295,0,0,849362944,0.000000,0.000000,0.000000,0.00,0,2,4,25,17,20,26,13,24,55,97,12,0,0,0,0,0,0,0.0004,0.0180,0.0384,0.0007,0.0030,0.0058,3.5050,0.0175,0.0000,0.3563,0.0010,0.0005,0.1339,0.0014,0.0012,0.0009
1611,19.6164,0.0000,9.7502,2.6853,,true,0,0.008333,0.0000,0.0000,1.00,0.00,0.0000,22,1,295,295,0,0,100,1,11,11,0,246528,0,295,0,0,849362944,0.000000,0.000000,0.000000,0.00,0,2,4,25,17,20,26,13,24,55,97,12,0,0,0,0,0,0,0.0001,0.0162,0.0329,0.0007,0.0023,0.0062,2.6853,0.0132,0.0000,0.3775,0.0004,0.0002,0.1507,0.0018,0.0009,0.0007
1612,19.6268,0.0000,11.1468,2.4762,,true,0,0.008333,0.0000,0.0000,1.00,0.00,0.0000,22,1,295,295,0,0,100,1,11,11,0,246528,0,295,0,0,849362944,0.000000,0.000000,0.000000,0.00,0,2,4,25,17,20,26,13,24,55,97,12,0,0,0,0,0,0,0.0001,0.0204,0.0345,0.0009,0.0017,0.0032,2.4762,0.0132,0.0000,0.3315,0.0001,0.0000,0.1219,0.0011,0.0006,0.0001
1613,19.6382,0.0000,11.3875,2.5445,,true,0,0.008333,0.0000,0.0000,1.00,0.00,0.0000,22,1,295,295,0,0,100,1,11,11,0,246528,0,295,0,0,849362944,0.000000,0.000000,0.000000,0.00,0,2,4,25,17,20,26,13,24,55,97,12,0,0,0,0,0,0,0.0004,0.0147,0.0308,0.0010,0.0020,0.0033,2.5445,0.0110,0.0000,0.3575,0.0001,0.0001,0.1406,0.0014,0.0006,0.0001
1614,19.6504,0.0000,11.9483,2.7480,,true,0,0.008333,0.0000,0.0000,1.00,0.00,0.0000,22,1,295,295,0,0,100,1,11,11,0,246528,0,295,0,0,849362944,0.000000,0.000000,0.000000,0.00,0,2,4,25,17,20,26,13,24,55,97,12,0,0,0,0,0,0,0.0001,0.0131,0.0320,0.0010,0.0020,0.0034,2.7480,0.0109,0.0000,0.3370,0.0001,0.0001,0.1218,0.0018,0.0006,0.0005
1615,19.6631,0.0000,11.8685,3.3035,,true,0,0.008333,0.0000,0.0000,1.00,0.00,0.0000,22,1,295,295,0,0,100,1,11,11,0,246528,0,295,0,0,849362944,0.000000,0.000000,0.000000,0.00,0,2,4,25,17,20,26,13,24,55,97,12,0,0,0,0,0,0,0.0003,0.0157,0.0321,0.0008,0.0021,0.0043,3.3035,0.0125,0.0000,0.3304,0.0004,0.0000,0.1279,0.0010,0.0006,0.0004
1616,19.6745,0.0000,11.5043,3.3204,,true,0,0.008333,0.0000,0.0000,1.00,0.00,0.0000,22,1,295,295,0,0,100,1,11,11,0,246528,0,295,0,0,849362944,0.000000,0.000000,0.000000,0.00,0,2,4,25,17,20,26,13,24,55,97,12,0,0,0,0,0,0,0.0003,0.0151,0.0364,0.0008,0.0032,0.0052,3.3204,0.0164,0.0000,0.3707,0.0008,0.0009,0.1344,0.0018,0.0012,0.0011
1617,19.6873,0.0000,12.8751,3.3416,,true,0,0.008333,0.0000,0.0000,1.00,0.00,0.0000,22,1,295,295,0,0,100,1,11,11,0,246528,0,295,0,0,849362944,0.000000,0.000000,0.000000,0.00,0,2,4,25,17,20,26,13,24,55,97,12,0,0,0,0,0,0,0.0004,0.0258,0.0348,0.0004,0.0024,0.0084,3.3416,0.0146,0.0000,0.3532,0.0004,0.0010,0.1280,0.0012,0.0017,0.0007
1618,19.7037,0.0000,15.0272,3.5889,,true,0,0.008333,0.0000,0.0000,1.00,0.00,0.0000,22,1,295,295,0,0,100,1,11,11,0,246528,0,295,0,0,849367040,0.000000,0.000000,0.000000,0.00,0,2,4,25,17,20,26,13,24,55,97,12,0,0,0,0,0,0,0.0003,0.0231,0.0382,0.0011,0.0030,0.0051,3.5889,0.0181,0.0000,0.3260,0.0006,0.0006,0.1217,0.0014,0.0009,0.0006
1619,19.7125,0.0000,10.4436,2.8954,,true,0,0.008333,0.0000,0.0000,1.00,0.00,0.0000,22,1,295,295,0,0,100,1,11,11,0,246528,0,295,0,0,849367040,0.000000,0.000000,0.000000,0.00,0,2,4,25,17,20,26,13,24,55,97,12,0,0,0,0,0,0,0.0003,0.0192,0.0354,0.0004,0.0024,0.0050,2.8954,0.0164,0.0000,0.3635,0.0003,0.0005,0.1257,0.0013,0.0010,0.0009
1620,19.7244,0.0000,11.6299,3.3636,,true,0,0.008333,0.0000,0.0000,1.00,0.00,0.0000,22,1,295,295,0,0,100,1,11,11,0,246528,0,295,0,0,849367040,0.000000,0.000000,0.000000,0.00,0,2,4,25,17,20,26,13,24,55,97,12,0,0,0,0,0,0,0.0015,0.0209,0.0551,0.0010,0.0038,0.0127,3.3636,0.0205,0.0000,0.3593,0.0005,0.0005,0.1315,0.0017,0.0007,0.0006
1621,19.7374,0.0000,12.4880,3.6945,,true,0,0.008333,0.0000,0.0000,1.00,0.00,0.0000,22,1,295,295,0,0,100,1,11,11,0,246528,0,295,0,0,849367040,0.000000,0.000000,0.000000,0.00,0,2,4,25,17,20,26,13,24,55,97,12,0,0,0,0,0,0,0.0006,0.0208,0.0305,0.0018,0.0034,0.0054,3.6945,0.0167,0.0000,0.2936,0.0003,0.0005,0.1156,0.0020,0.0011,0.0011
1622,19.7481,0.0000,10.9604,3.6299,,true,0,0.008333,0.0000,0.0000,1.00,0.00,0.0000,22,1,295,295,0,0,100,1,11,11,0,246528,0,295,0,0,849367040,0.000000,0.000000,0.000000,0.00,0,2,4,25,17,20,26,13,24,55,97,12,0,0,0,0,0,0,0.0025,0.0199,0.0363,0.0011,0.0029,0.0044,3.6299,0.0173,0.0000,0.4049,0.0006,0.0006,0.1358,0.0017,0.0010,0.0009
1623,19.7597,0.0000,11.4349,3.6905,,true,0,0.008333,0.0000,0.0000,1.00,0.00,0.0000,22,1,295,295,0,0,100,1,11,11,0,246528,0,295,0,0,849367040,0.000000,0.000000,0.000000,0.00,0,2,4,25,17,20,26,13,24,55,97,12,0,0,0,0,0,0,0.0003,0.0226,0.0365,0.0009,0.0026,0.0046,3.6905,0.0144,0.0000,0.3732,0.0006,0.0005,0.1299,0.0012,0.0010,0.0013
1624,19.7714,0.0000,11.5745,3.7620,,true,0,0.008333,0.0000,0.0000,1.00,0.00,0.0000,22,1,295,295,0,0,100,1,11,11,0,246528,0,295,0,0,849367040,0.000000,0.000000,0.000000,0.00,0,2,4,25,17,20,26,13,24,55,97,12,0,0,0,0,0,0,0.0002,0.0193,0.0331,0.0018,0.0031,0.0044,3.7620,0.0147,0.0000,0.3587,0.0003,0.0005,0.1208,0.0012,0.0012,0.0009
1625,19.7813,0.0000,10.4331,3.3912,,true,0,0.008333,0.0000,0.0000,1.00,0.00,0.0000,22,1,295,295,0,0,100,1,11,11,0,246528,0,295,0,0,849367040,0.000000,0.000000,0.000000,0.00,0,2,4,25,17,20,26,13,24,55,97,12,0,0,0,0,0,0,0.0002,0.0185,0.0333,0.0006,0.0028,0.0054,3.3912,0.0146,0.0000,0.3603,0.0005,0.0005,0.1358,0.0009,0.0007,0.0010
1626,19.7925,0.0000,11.0746,3.5312,,true,0,0.008333,0.0000,0.0000,1.00,0.00,0.0000,22,1,295,295,0,0,100,1,11,11,0,246528,0,295,0,0,849367040,0.000000,0.000000,0.000000,0.00,0,2,4,25,17,20,26,13,24,55,97,12,0,0,0,0,0,0,0.0006,0.0172,0.0340,0.0018,0.0024,0.0045,3.5312,0.0174,0.0000,0.3835,0.0005,0.0005,0.1441,0.0017,0.0012,0.0007
1627,19.8056,0.0000,12.0720,4.3157,,true,0,0.008333,0.0000,0.0000,1.00,0.00,0.0000,22,1,295,295,0,0,100,1,11,11,0,246528,0,295,0,0,849371136,0.000000,0.000000,0.000000,0.00,0,2,4,25,17,20,26,13,24,55,97,12,0,0,0,0,0,0,0.0005,0.0162,0.0367,0.0014,0.0033,0.0059,4.3157,0.0207,0.0000,0.3231,0.0005,0.0006,0.1317,0.0019,0.0007,0.0007
1628,19.8169,0.0000,12.0406,3.4811,,true,0,0.008333,0.0000,0.0000,1.00,0.00,0.0000,22,1,295,295,0,0,100,1,11,11,0,246528,0,295,0,0,849371136,0.000000,0.000000,0.000000,0.00,0,2,4,25,17,20,26,13,24,55,97,12,0,0,0,0,0,0,0.0007,0.0206,0.0357,0.0014,0.0028,0.0054,3.4811,0.0179,0.0000,0.3673,0.0005,0.0005,0.1296,0.0007,0.0022,0.0011
1629,19.8272,0.0000,10.3260,3.5566,,true,0,0.008333,0.0000,0.0000,1.00,0.00,0.0000,22,1,295,295,0,0,100,1,11,11,0,246528,0,295,0,0,849371136,0.000000,0.000000,0.000000,0.00,0,2,4,25,17,20,26,13,24,55,97,12,0,0,0,0,0,0,0.0005,0.0164,0.0336,0.0007,0.0023,0.0044,3.5566,0.0142,0.0000,0.3546,0.0004,0.0003,0.1315,0.0018,0.0009,0.0004
1630,19.8396,0.0000,12.0342,4.0511,,true,0,0.008333,0.0000,0.0000,1.00,0.00,0.0000,22,1,295,295,0,0,100,1,11,11,0,246528,0,295,0,0,849371136,0.000000,0.000000,0.000000,0.00,0,2,4,25,17,20,26,13,24,55,97,12,0,0,0,0,0,0,0.0005,0.0194,0.0386,0.0004,0.0058,0.0072,4.0511,0.0151,0.0000,0.4292,0.0007,0.0004,0.1681,0.0017,0.0015,0.0010
1631,19.8531,0.0000,14.0108,3.1691,,true,0,0.008333,0.0000,0.0000,1.00,0.00,0.0000,22,1,295,295,0,0,100,1,11,11,0,246528,0,295,0,0,849371136,0.000000,0.000000,0.000000,0.00,0,2,4,25,17,20,26,13,24,55,97,12,0,0,0,0,0,0,0.0005,0.0162,0.0278,0.0008,0.0035,0.0059,3.1691,0.0119,0.0000,0.3313,0.0004,0.0004,0.1097,0.0014,0.0007,0.0009
1632,19.8625,0.0000,9.7459,3.1752,,true,0,0.008333,0.0000,0.0000,1.00,0.00,0.0000,22,1,295,295,0,0,100,1,11,11,0,246528,0,295,0,0,849371136,0.000000,0.000000,0.000000,0.00,0,2,4,25,17,20,26,13,24,55,97,12,0,0,0,0,0,0,0.0002,0.0163,0.0344,0.0004,0.0019,0.0072,3.1752,0.0140,0.0000,0.3771,0.0008,0.0007,0.1485,0.0015,0.0013,0.0004
1633,19.8754,0.0000,13.0259,3.0211,,true,0,0.008333,0.0000,0.0000,1.00,0.00,0.0000,22,1,295,295,0,0,100,1,11,11,0,246528,0,295,0,0,849371136,0.000000,0.000000,0.000000,0.00,0,2,4,25,17,20,26,13,24,55,97,12,0,0,0,0,0,0,0.0002,0.0182,0.0324,0.0005,0.0027,0.0061,3.0211,0.0138,0.0000,0.3537,0.0006,0.0005,0.1252,0.0015,0.0007,0.0006
1634,19.8874,0.0000,11.7806,3.1629,,true,0,0.008333,0.0000,0.0000,1.00,0.00,0.0000,22,1,295,295,0,0,100,1,11,11,0,246528,0,295,0,0,849371136,0.000000,0.000000,0.000000,0.00,0,2,4,25,17,20,26,13,24,55,97,12,0,0,0,0,0,0,0.0009,0.0202,0.0341,0.0010,0.0040,0.0046,3.1629,0.0158,0.0000,0.3507,0.0004,0.0009,0.1263,0.0014,0.0007,0.0008
1635,19.9007,0.0000,12.8348,3.3858,,true,0,0.008333,0.0000,0.0000,1.00,0.00,0.0000,22,1,295,295,0,0,100,1,11,11,0,246528,0,295,0,0,849371136,0.000000,0.000000,0.000000,0.00,0,2,4,25,17,20,26,13,24,55,97,12,0,0,0,0,0,0,0.0008,0.0218,0.0403,0.0007,0.0028,0.0068,3.3858,0.0176,0.0000,0.4254,0.0005,0.0007,0.1584,0.0014,0.0010,0.0008
1636,19.9130,0.0000,12.0302,3.8010,,true,0,0.008333,0.0000,0.0000,1.00,0.00,0.0000,22,1,295,295,0,0,100,1,11,11,0,246528,0,295,0,0,849371136,0.000000,0.000000,0.000000,0.00,0,2,4,25,17,20,26,13,24,55,97,12,0,0,0,0,0,0,0.0006,0.0215,0.0393,0.0009,0.0033,0.0071,3.8010,0.0205,0.0000,0.3715,0.0004,0.0005,0.1399,0.0016,0.0009,0.0007
1637,19.9264,0.0000,12.6902,4.0798,,true,0,0.008333,0.0000,0.0000,1.00,0.00,0.0000,22,1,295,295,0,0,100,1,11,11,0,246528,0,295,0,0,849375232,0.000000,0.000000,0.000000,0.00,0,2,4,25,17,20,26,13,24,55,97,12,0,0,0,0,0,0,0.0001,0.0263,0.0428,0.0006,0.0033,0.0059,4.0798,0.0171,0.0000,0.3858,0.0007,0.0005,0.1394,0.0011,0.0011,0.0008
1638,19.9396,0.0000,13.4566,3.8710,,true,0,0.008333,0.0000,0.0000,1.00,0.00,0.0000,22,1,295,295,0,0,100,1,11,11,0,246528,0,295,0,0,849375232,0.000000,0.000000,0.000000,0.00,0,2,4,25,17,20,26,13,24,55,97,12,0,0,0,0,0,0,0.0006,0.0263,0.0299,0.0011,0.0028,0.0068,3.8710,0.0202,0.0000,0.3555,0.0005,0.0003,0.1123,0.0017,0.0008,0.0006
1639,19.9509,0.0000,11.1611,4.5978,,true,0,0.008333,0.0000,0.0000,1.00,0.00,0.0000,22,1,295,295,0,0,100,1,11,11,0,246528,0,295,0,0,849375232,0.000000,0.000000,0.000000,0.00,0,2,4,25,17,20,26,13,24,55,97,12,0,0,0,0,0,0,0.0009,0.0326,0.0456,0.0007,0.0022,0.0075,4.5978,0.0290,0.0000,0.5896,0.0009,0.0008,0.2760,0.0052,0.0013,0.0006
1640,19.9659,0.0000,15.5637,3.9771,,true,0,0.008333,0.0000,0.0000,1.00,0.00,0.0000,22,1,295,295,0,0,100,1,11,11,0,246528,0,295,0,0,849375232,0.000000,0.000000,0.000000,0.00,0,2,4,25,17,20,26,13,24,55,97,12,0,0,0,0,0,0,0.0003,0.0256,0.0430,0.0007,0.0043,0.0067,3.9771,0.0185,0.0000,0.3949,0.0007,0.0003,0.1568,0.0016,0.0010,0.0011
1641,19.9749,0.0000,10.0991,3.0192,,true,0,0.008333,0.0000,0.0000,1.00,0.00,0.0000,22,1,295,295,0,0,100,1,11,11,0,246528,0,295,0,0,849375232,0.000000,0.000000,0.000000,0.00,0,2,4,25,17,20,26,13,24,55,97,12,0,0,0,0,0,0,0.0003,0.0256,0.0341,0.0017,0.0035,0.0052,3.0192,0.0179,0.0000,0.4179,0.0004,0.0004,0.1293,0.0015,0.0006,0.0008
1642,19.9874,0.0000,12.0434,3.1358,,true,0,0.008333,0.0000,0.0000,1.00,0.00,0.0000,22,1,295,295,0,0,100,1,11,11,0,246528,0,295,0,0,849375232,0.000000,0.000000,0.000000,0.00,0,2,4,25,17,20,26,13,24,55,97,12,0,0,0,0,0,0,0.0002,0.0157,0.0203,0.0005,0.0013,0.0030,3.1358,0.0072,0.0000,0.2013,0.0003,0.0001,0.0649,0.0005,0.0003,0.0002
1643,20.0015,0.0000,13.8003,3.7299,,true,0,0.008333,0.0000,0.0000,1.00,0.00,0.0000,22,1,295,295,0,0,100,1,11,11,0,246528,0,295,0,0,849375232,0.000000,0.000000,0.000000,0.00,0,2,4,25,17,20,26,13,24,55,97,12,0,0,0,0,0,0,0.0005,0.0321,0.1070,0.0010,0.0032,0.0056,3.7299,0.0172,0.0000,0.3783,0.0004,0.0003,0.1447,0.0012,0.0010,0.0004
1644,20.0129,0.0000,12.0373,3.0698,,true,0,0.008333,0.0000,0.0000,1.00,0.00,0.0000,22,1,295,295,0,0,100,1,11,11,0,246528,0,295,0,0,849375232,0.000000,0.000000,0.000000,0.00,0,2,4,25,17,20,26,13,24,55,97,12,0,0,0,0,0,0,0.0006,0.0215,0.0346,0.0009,0.0035,0.0062,3.0698,0.0157,0.0000,0.3739,0.0004,0.0005,0.1316,0.0013,0.0010,0.0004
1645,20.0249,0.0000,12.3386,2.7684,,true,0,0.008333,0.0000,0.0000,1.00,0.00,0.0000,22,1,295,295,0,0,100,1,11,11,0,246528,0,295,0,0,849375232,0.000000,0.000000,0.000000,0.00,0,2,4,25,17,20,26,13,24,55,97,12,0,0,0,0,0,0,0.0002,0.0144,0.0349,0.0006,0.0027,0.0054,2.7684,0.0153,0.0000,0.3526,0.0005,0.0006,0.1290,0.0013,0.0009,0.0007
1646,20.0353,0.0000,10.6018,2.6835,,true,0,0.008333,0.0000,0.0000,1.00,0.00,0.0000,22,1,295,295,0,0,100,1,11,11,0,246528,0,295,0,0,849379328,0.000000,0.000000,0.000000,0.00,0,2,4,25,17,20,26,13,24,55,97,12,0,0,0,0,0,0,0.0004,0.0123,0.0307,0.0006,0.0011,0.0030,2.6835,0.0094,0.0000,0.3392,0.0002,0.0000,0.1296,0.0005,0.0010,0.0006
1647,20.0476,0.0000,12.1365,2.8263,,true,0,0.008333,0.0000,0.0000,1.00,0.00,0.0000,22,1,295,295,0,0,100,1,11,11,0,246528,0,295,0,0,849379328,0.000000,0.000000,0.000000,0.00,0,2,4,25,17,20,26,13,24,55,97,12,0,0,0,0,0,0,0.0003,0.0152,0.0501,0.0008,0.0012,0.0046,2.8263,0.0190,0.0000,0.3534,0.0003,0.0003,0.1302,0.0008,0.0011,0.0006
1648,20.0590,0.0000,11.5201,2.6342,,true,0,0.008333,0.0000,0.0000,1.00,0.00,0.0000,22,1,295,295,0,0,100,1,11,11,0,246528,0,295,0,0,849379328,0.000000,0.000000,0.000000,0.00,0,2,4,25,17,20,26,13,24,55,97,12,0,0,0,0,0,0,0.0005,0.0164,0.0341,0.0005,0.0027,0.0047,2.6342,0.0150,0.0000,0.3507,0.0004,0.0003,0.1290,0.0010,0.0006,0.0001
1649,20.0712,0.0000,11.3612,3.0800,,true,0,0.008333,0.0000,0.0000,1.00,0.00,0.0000,22,1,295,295,0,0,100,1,11,11,0,246528,0,295,0,0,849379328,0.000000,0.000000,0.000000,0.00,0,2,4,25,17,20,26,13,24,55,97,12,0,0,0,0,0,0,0.0004,0.0129,0.0323,0.0007,0.0030,0.0058,3.0800,0.0176,0.0000,0.3278,0.0007,0.0007,0.1161,0.0010,0.0005,0.0007
1650,20.0834,0.0000,12.9472,2.6746,,true,0,0.008333,0.0000,0.0000,1.00,0.00,0.0000,22,1,295,295,0,0,100,1,11,11,0,246528,0,295,0,0,849379328,0.000000,0.000000,0.000000,0.00,0,2,4,25,17,20,26,13,24,55,97,12,0,0,0,0,0,0,0.0002,0.0175,0.0356,0.0011,0.0026,0.0048,2.6746,0.0161,0.0000,0.3799,0.0004,0.0004,0.1415,0.0018,0.0004,0.0001
1651,20.0934,0.0000,9.9528,2.8397,,true,0,0.008333,0.0000,0.0000,1.00,0.00,0.0000,22,1,295,295,0,0,100,1,11,11,0,246528,0,295,0,0,849379328,0.000000,0.000000,0.000000,0.00,0,2,4,25,17,20,26,13,24,55,97,12,0,0,0,0,0,0,0.0003,0.0141,0.0359,0.0009,0.0016,0.0041,2.8397,0.0132,0.0000,0.3558,0.0005,0.0007,0.1423,0.0014,0.0005,0.0002
1652,20.1093,0.0000,14.7865,3.6830,,true,0,0.008333,0.0000,0.0000,1.00,0.00,0.0000,22,1,295,295,0,0,100,1,11,11,0,246528,0,295,0,0,849379328,0.000000,0.000000,0.000000,0.00,0,2,4,25,17,20,26,13,24,55,97,12,0,0,0,0,0,0,0.0003,0.0198,0.0497,0.0008,0.0034,0.0075,3.6830,0.0217,0.0000,0.4093,0.0004,0.0006,0.1449,0.0016,0.0011,0.0006
1653,20.1199,0.0000,11.1110,3.4109,,true,0,0.008333,0.0000,0.0000,1.00,0.00,0.0000,22,1,295,295,0,0,100,1,11,11,0,246528,0,295,0,0,849379328,0.000000,0.000000,0.000000,0.00,0,2,4,25,17,20,26,13,24,55,97,12,0,0,0,0,0,0,0.0006,0.0214,0.0346,0.0024,0.0052,0.0046,3.4109,0.0165,0.0000,0.3729,0.0005,0.0008,0.1371,0.0018,0.0010,0.0008
1654,20.1326,0.0000,13.6167,2.5471,,true,0,0.008333,0.0000,0.0000,1.00,0.00,0.0000,22,1,295,295,0,0,100,1,11,11,0,246528,0,295,0,0,849379328,0.000000,0.000000,0.000000,0.00,0,2,4,25,17,20,26,13,24,55,97,12,0,0,0,0,0,0,0.0002,0.0133,0.0294,0.0010,0.0028,0.0027,2.5471,0.0112,0.0000,0.3247,0.0003,0.0001,0.1190,0.0004,0.0003,0.0003
1655,20.1464,0.0000,12.0539,3.8973,,true,0,0.008333,0.0000,0.0000,1.00,0.00,0.0000,22,1,295,295,0,0,100,1,11,11,0,246528,0,295,0,0,849383424,0.000000,0.000000,0.000000,0.00,0,2,4,25,17,20,26,13,24,55,97,12,0,0,0,0,0,0,0.0006,0.0212,0.0355,0.0009,0.0032,0.0059,3.8973,0.0189,0.0000,0.4012,0.0005,0.0006,0.1393,0.0013,0.0012,0.0011
1656,20.1599,0.0000,12.6124,4.9679,,true,0,0.008333,0.0000,0.0000,1.00,0.00,0.0000,22,1,295,295,0,0,100,1,11,11,0,246528,0,295,0,0,849383424,0.000000,0.000000,0.000000,0.00,0,2,4,25,17,20,26,13,24,55,97,12,0,0,0,0,0,0,0.0003,0.0224,0.0516,0.0012,0.0037,0.0059,4.9679,0.0378,0.0000,0.4911,0.0007,0.0008,0.2043,0.0022,0.0019,0.0013
1657,20.1785,0.0000,16.0235,7.2749,,true,0,0.008333,0.0000,0.0000,1.00,0.00,0.0000,22,1,295,295,0,0,100,1,11,11,0,246528,0,295,0,0,849383424,0.000000,0.000000,0.000000,0.00,0,2,4,25,17,20,26,13,24,55,97,12,0,0,0,0,0,0,0.0006,0.0324,0.0325,0.0010,0.0040,0.0062,7.2749,0.0225,0.0000,0.3689,0.0007,0.0007,0.1304,0.0018,0.0010,0.0007
1658,20.1898,0.0000,13.6908,4.9155,,true,0,0.008333,0.0000,0.0000,1.00,0.00,0.0000,22,1,295,295,0,0,100,1,11,11,0,246528,0,295,0,0,849383424,0.000000,0.000000,0.000000,0.00,0,2,4,25,17,20,26,13,24,55,97,12,0,0,0,0,0,0,0.0006,0.0197,0.0362,0.0008,0.0045,0.0063,4.9155,0.0192,0.0000,0.4025,0.0007,0.0005,0.1433,0.0024,0.0012,0.0010
1659,20.2130,0.0000,20.0195,8.0185,,true,0,0.008333,0.0000,0.0000,1.00,0.00,0.0000,22,1,295,295,0,0,100,1,11,11,0,246528,0,295,0,0,849383424,0.000000,0.000000,0.000000,0.00,0,2,4,25,17,20,26,13,24,55,97,12,0,0,0,0,0,0,0.0002,0.0157,0.0318,0.0008,0.0025,0.0040,8.0185,0.0091,0.0000,4.7394,0.0008,0.0977,0.1504,0.0043,0.0021,4.2578
1660,20.2176,0.0000,8.6120,3.3715,,true,0,0.008333,0.0000,0.0000,1.00,0.00,0.0000,22,1,295,295,0,0,100,1,11,11,0,246528,0,295,0,0,849383424,0.000000,0.000000,0.000000,0.00,0,2,4,25,17,20,26,13,24,55,97,12,0,0,0,0,0,0,0.0002,0.0182,0.0353,0.0004,0.0017,0.0048,3.3715,0.0171,0.0000,0.3646,0.0004,0.0002,0.1410,0.0012,0.0008,0.0005
1661,20.2348,0.0000,15.8225,5.5096,,true,0,0.008333,0.0000,0.0000,1.00,0.00,0.0000,22,1,295,295,0,0,100,1,11,11,0,246528,0,295,0,0,849383424,0.000000,0.000000,0.000000,0.00,0,2,4,25,17,20,26,13,24,55,97,12,0,0,0,0,0,0,0.0006,0.0205,0.0420,0.0012,0.0022,0.0030,5.5096,0.0204,0.0000,0.3723,0.0003,0.0008,0.1342,0.0006,0.0013,0.0007
1662,20.2415,0.0000,9.3234,3.0608,,true,0,0.008333,0.0000,0.0000,1.00,0.00,0.0000,22,1,295,295,0,0,100,1,11,11,0,246528,0,295,0,0,849383424,0.000000,0.000000,0.000000,0.00,0,2,4,25,17,20,26,13,24,55,97,12,0,0,0,0,0,0,0.0002,0.0154,0.0329,0.0009,0.0026,0.0049,3.0608,0.0171,0.0000,0.3816,0.0005,0.0004,0.1473,0.0013,0.0011,0.0005
1663,20.2540,0.0000,12.6451,3.2787,,true,0,0.008333,0.0000,0.0000,1.00,0.00,0.0000,22,1,295,295,0,0,100,1,11,11,0,246528,0,295,0,0,849383424,0.000000,0.000000,0.000000,0.00,0,2,4,25,17,20,26,13,24,55,97,12,0,0,0,0,0,0,0.0008,0.0154,0.0409,0.0005,0.0034,0.0070,3.2787,0.0128,0.0000,0.3936,0.0007,0.0007,0.1391,0.0021,0.0013,0.0010
1664,20.2712,0.0000,15.5550,4.1643,,true,0,0.008333,0.0000,0.0000,1.00,0.00,0.0000,22,1,295,295,0,0,100,1,11,11,0,246528,0,295,0,0,849383424,0.000000,0.000000,0.000000,0.00,0,2,4,25,17,20,26,13,24,55,97,12,0,0,0,0,0,0,0.0004,0.0181,0.0340,0.0011,0.0027,0.0078,4.1643,0.0166,0.0000,0.3697,0.0003,0.0002,0.1451,0.0013,0.0006,0.0004
1665,20.2832,0.0000,13.5031,3.1686,,true,0,0.008333,0.0000,0.0000,1.00,0.00,0.0000,22,1,295,295,0,0,100,1,11,11,0,246528,0,295,0,0,849387520,0.000000,0.000000,0.000000,0.00,0,2,4,25,17,20,26,13,24,55,97,12,0,0,0,0,0,0,0.0007,0.0236,0.0345,0.0008,0.0029,0.0057,3.1686,0.0157,0.0000,0.3812,0.0006,0.0005,0.1399,0.0015,0.0010,0.0009
1666,20.2947,0.0000,11.8890,2.9387,,true,0,0.008333,0.0000,0.0000,1.00,0.00,0.0000,22,1,295,295,0,0,100,1,11,11,0,246528,0,295,0,0,849387520,0.000000,0.000000,0.000000,0.00,0,2,4,25,17,20,26,13,24,55,97,12,0,0,0,0,0,0,0.0003,0.0193,0.0337,0.0011,0.0033,0.0067,2.9387,0.0153,0.0000,0.3802,0.0006,0.0004,0.1343,0.0016,0.0007,0.0009
1667,20.3162,0.0000,19.3052,4.5748,,true,0,0.008333,0.0000,0.0000,1.00,0.00,0.0000,22,1,295,295,0,0,100,1,11,11,0,246528,0,295,0,0,849387520,0.000000,0.000000,0.000000,0.00,0,2,4,25,17,20,26,13,24,55,97,12,0,0,0,0,0,0,0.0007,0.0222,0.0314,0.0008,0.0037,0.0070,4.5748,0.0167,0.0000,0.3863,0.0008,0.0006,0.1218,0.0016,0.0015,0.0008
1668,20.3423,0.0000,24.1056,6.6906,,true,0,0.008333,0.0000,0.0000,1.00,0.00,0.0000,22,1,295,295,0,0,100,1,11,11,0,246528,0,295,0,0,849387520,0.000000,0.000000,0.000000,0.00,0,2,4,25,17,20,26,13,24,55,97,12,0,0,0,0,0,0,0.0003,0.0268,0.0620,0.0005,0.0023,0.0064,6.6906,0.0210,0.0000,0.6432,0.0012,0.0017,0.3245,0.0018,0.0015,0.0014
1669,20.3520,0.0000,9.8608,6.1713,,true,0,0.008333,0.0000,0.0000,1.00,0.00,0.0000,22,1,295,295,0,0,100,1,11,11,0,246528,0,295,0,0,849387520,0.000000,0.000000,0.000000,0.00,0,2,4,25,17,20,26,13,24,55,97,12,0,0,0,0,0,0,0.0004,0.0305,0.0601,0.0020,0.0108,0.0084,6.1713,0.0378,0.0000,0.3572,0.0005,0.0005,0.1461,0.0020,0.0008,0.0006
1670,20.3578,0.0000,9.5983,2.9806,,true,0,0.008333,0.0000,0.0000,1.00,0.00,0.0000,22,1,295,295,0,0,100,1,11,11,0,246528,0,295,0,0,849387520,0.000000,0.000000,0.000000,0.00,0,2,4,25,17,20,26,13,24,55,97,12,0,0,0,0,0,0,0.0006,0.0174,0.0372,0.0009,0.0024,0.0042,2.9806,0.0159,0.0000,0.3778,0.0004,0.0005,0.1398,0.0011,0.0009,0.0008
1671,20.3728,0.0000,14.0310,3.8041,,true,0,0.008333,0.0000,0.0000,1.00,0.00,0.0000,22,1,295,295,0,0,100,1,11,11,0,246528,0,295,0,0,849387520,0.000000,0.000000,0.000000,0.00,0,2,4,25,17,20,26,13,24,55,97,12,0,0,0,0,0,0,0.0002,0.0199,0.0369,0.0008,0.0038,0.0060,3.8041,0.0351,0.0000,0.4107,0.0006,0.0005,0.1424,0.0017,0.0009,0.0010
1672,20.3858,0.0000,12.0443,4.6704,,true,0,0.008333,0.0000,0.0000,1.00,0.00,0.0000,22,1,295,295,0,0,100,1,11,11,0,246528,0,295,0,0,849387520,0.000000,0.000000,0.000000,0.00,0,2,4,25,17,20,26,13,24,55,97,12,0,0,0,0,0,0,0.0002,0.0289,0.0542,0.0011,0.0049,0.0060,4.6704,0.0223,0.0000,0.4517,0.0006,0.0006,0.1586,0.0018,0.0017,0.0010
1673,20.4100,0.0000,16.4922,10.2771,,true,0,0.008333,0.0000,0.0000,1.00,0.00,0.0000,22,1,295,295,0,0,100,1,11,11,0,246528,0,295,0,0,849387520,0.000000,0.000000,0.000000,0.00,0,2,4,25,17,20,26,13,24,55,97,12,0,0,0,0,0,0,0.0009,0.0187,0.0535,0.0019,0.0056,0.0074,10.2771,0.0230,0.0000,0.4930,0.0003,0.0004,0.2251,0.0025,0.0005,0.0004
1674,20.4195,0.0000,17.3402,4.3658,,true,0,0.008333,0.0000,0.0000,1.00,0.00,0.0000,22,1,295,295,0,0,100,1,11,11,0,246528,0,295,0,0,849391616,0.000000,0.000000,0.000000,0.00,0,2,4,25,17,20,26,13,24,55,97,12,0,0,0,0,0,0,0.0003,0.0255,0.0340,0.0011,0.0032,0.0065,4.3658,0.0153,0.0000,0.3704,0.0004,0.0003,0.1290,0.0011,0.0004,0.0005
1675,20.4318,0.0000,13.3195,3.5043,,true,0,0.008333,0.0000,0.0000,1.00,0.00,0.0000,22,1,295,295,0,0,100,1,11,11,0,246528,0,295,0,0,849391616,0.000000,0.000000,0.000000,0.00,0,2,4,25,17,20,26,13,24,55,97,12,0,0,0,0,0,0,0.0004,0.0165,0.0325,0.0026,0.0039,0.0063,3.5043,0.0184,0.0000,0.3114,0.0005,0.0008,0.1274,0.0018,0.0007,0.0010
1676,20.4446,0.0000,12.8794,3.5842,,true,0,0.008333,0.0000,0.0000,1.00,0.00,0.0000,22,1,295,295,0,0,100,1,11,11,0,246528,0,295,0,0,849391616,0.000000,0.000000,0.000000,0.00,0,2,4,25,17,20,26,13,24,55,97,12,0,0,0,0,0,0,0.0006,0.0160,0.0936,0.0017,0.0042,0.0069,3.5842,0.0245,0.0000,0.3493,0.0006,0.0007,0.1312,0.0015,0.0007,0.0004
1677,20.4570,0.0000,10.9518,4.9426,,true,0,0.008333,0.0000,0.0000,1.00,0.00,0.0000,22,1,295,295,0,0,100,1,11,11,0,246528,0,295,0,0,849391616,0.000000,0.000000,0.000000,0.00,0,2,4,25,17,20,26,13,24,55,97,12,0,0,0,0,0,0,0.0002,0.0383,0.0452,0.0021,0.0080,0.0455,4.9426,0.0228,0.0000,0.5120,0.0006,0.0008,0.1755,0.0016,0.0014,0.0010
1678,20.4714,0.0000,15.3676,3.9114,,true,0,0.008333,0.0000,0.0000,1.00,0.00,0.0000,22,1,295,295,0,0,100,1,11,11,0,246528,0,295,0,0,849391616,0.000000,0.000000,0.000000,0.00,0,2,4,25,17,20,26,13,24,55,97,12,0,0,0,0,0,0,0.0009,0.0221,0.0391,0.0011,0.0030,0.0041,3.9114,0.0179,0.0000,0.3881,0.0004,0.0004,0.1502,0.0014,0.0011,0.0006
1679,20.4826,0.0000,11.8709,3.3516,,true,0,0.008333,0.0000,0.0000,1.00,0.00,0.0000,22,1,295,295,0,0,100,1,11,11,0,246528,0,295,0,0,849391616,0.000000,0.000000,0.000000,0.00,0,2,4,25,17,20,26,13,24,55,97,12,0,0,0,0,0,0,0.0006,0.0162,0.0342,0.0009,0.0022,0.0054,3.3516,0.0175,0.0000,0.3578,0.0002,0.0002,0.1285,0.0021,0.0008,0.0005
1680,20.4988,0.0000,15.8790,3.5827,,true,0,0.008333,0.0000,0.0000,1.00,0.00,0.0000,22,1,295,295,0,0,100,1,11,11,0,246528,0,295,0,0,849391616,0.000000,0.000000,0.000000,0.00,0,2,4,25,17,20,26,13,24,55,97,12,0,0,0,0,0,0,0.0007,0.0181,0.0399,0.0011,0.0042,0.0046,3.5827,0.0176,0.0000,0.3856,0.0006,0.0003,0.1602,0.0014,0.0011,0.0007
1681,20.5122,0.0000,12.6220,4.3895,,true,0,0.008333,0.0000,0.0000,1.00,0.00,0.0000,22,1,295,295,0,0,100,1,11,11,0,246528,0,295,0,0,849391616,0.000000,0.000000,0.000000,0.00,0,2,4,25,17,20,26,13,24,55,97,12,0,0,0,0,0,0,0.0004,0.0225,0.0376,0.0014,0.0046,0.0077,4.3895,0.0216,0.0000,0.4395,0.0005,0.0005,0.1553,0.0023,0.0009,0.0008
1682,20.5266,0.0000,14.2004,4.7687,,true,0,0.008333,0.0000,0.0000,1.00,0.00,0.0000,22,1,295,295,0,0,100,1,11,11,0,246528,0,295,0,0,849391616,0.000000,0.000000,0.000000,0.00,0,2,4,25,17,20,26,13,24,55,97,12,0,0,0,0,0,0,0.0005,0.0164,0.0397,0.0008,0.0035,0.0055,4.7687,0.0282,0.0000,0.3808,0.0006,0.0004,0.1540,0.0018,0.0016,0.0009
1683,20.5398,0.0000,14.4282,3.3429,,true,0,0.008333,0.0000,0.0000,1.00,0.00,0.0000,22,1,295,295,0,0,100,1,11,11,0,246528,0,295,0,0,849395712,0.000000,0.000000,0.000000,0.00,0,2,4,25,17,20,26,13,24,55,97,12,0,0,0,0,0,0,0.0002,0.0198,0.0384,0.0009,0.0031,0.0048,3.3429,0.0197,0.0000,0.4045,0.0007,0.0005,0.1493,0.0016,0.0010,0.0008
1684,20.5503,0.0000,10.9337,3.1500,,true,0,0.008333,0.0000,0.0000,1.00,0.00,0.0000,22,1,295,295,0,0,100,1,11,11,0,246528,0,295,0,0,849395712,0.000000,0.000000,0.000000,0.00,0,2,4,25,17,20,26,13,24,55,97,12,0,0,0,0,0,0,0.0003,0.0154,0.0312,0.0008,0.0033,0.0069,3.1500,0.0168,0.0000,0.3920,0.0008,0.0003,0.1507,0.0015,0.0012,0.0007
1685,20.5631,0.0000,13.0210,2.8646,,true,0,0.008333,0.0000,0.0000,1.00,0.00,0.0000,22,1,295,295,0,0,100,1,11,11,0,246528,0,295,0,0,849403904,0.000000,0.000000,0.000000,0.00,0,2,4,25,17,20,26,13,24,55,97,12,0,0,0,0,0,0,0.0002,0.0143,0.0317,0.0003,0.0012,0.0026,2.8646,0.0092,0.0000,0.2773,0.0004,0.0002,0.0956,0.0006,0.0005,0.0003
1686,20.5775,0.0000,13.8857,3.4183,,true,0,0.008333,0.0000,0.0000,1.00,0.00,0.0000,22,1,295,295,0,0,100,1,11,11,0,246528,0,295,0,0,849403904,0.000000,0.000000,0.000000,0.00,0,2,4,25,17,20,26,13,24,55,97,12,0,0,0,0,0,0,0.0002,0.0162,0.0370,0.0010,0.0033,0.0050,3.4183,0.0150,0.0000,0.3655,0.0007,0.0006,0.1407,0.0010,0.0010,0.0010
1687,20.5901,0.0000,12.7138,3.4586,,true,0,0.008333,0.0000,0.0000,1.00,0.00,0.0000,22,1,295,295,0,0,100,1,11,11,0,246528,0,295,0,0,849403904,0.000000,0.000000,0.000000,0.00,0,2,4,25,17,20,26,13,24,55,97,12,0,0,0,0,0,0,0.0006,0.0171,0.0353,0.0008,0.0032,0.0056,3.4586,0.0146,0.0000,0.3739,0.0003,0.0007,0.1435,0.0015,0.0010,0.0010
1688,20.6028,0.0000,13.1654,2.9958,,true,0,0.008333,0.0000,0.0000,1.00,0.00,0.0000,22,1,295,295,0,0,100,1,11,11,0,246528,0,295,0,0,849403904,0.000000,0.000000,0.000000,0.00,0,2,4,25,17,20,26,13,24,55,97,12,0,0,0,0,0,0,0.0002,0.0145,0.0427,0.0005,0.0074,0.0029,2.9958,0.0134,0.0000,0.4357,0.0002,0.0002,0.1805,0.0016,0.0006,0.0004
1689,20.6173,0.0000,14.0819,3.1821,,true,0,0.008333,0.0000,0.0000,1.00,0.00,0.0000,22,1,295,295,0,0,100,1,11,11,0,246528,0,295,0,0,849403904,0.000000,0.000000,0.000000,0.00,0,2,4,25,17,20,26,13,24,55,97,12,0,0,0,0,0,0,0.0007,0.0173,0.0342,0.0008,0.0032,0.0047,3.1821,0.0168,0.0000,0.4365,0.0007,0.0004,0.1630,0.0013,0.0009,0.0006
1690,20.6323,0.0000,15.3882,2.8028,,true,0,0.008333,0.0000,0.0000,1.00,0.00,0.0000,22,1,295,295,0,0,100,1,11,11,0,246528,0,295,0,0,849403904,0.000000,0.000000,0.000000,0.00,0,2,4,25,17,20,26,13,24,55,97,12,0,0,0,0,0,0,0.0004,0.0171,0.0330,0.0009,0.0028,0.0045,2.8028,0.0141,0.0000,0.3601,0.0003,0.0002,0.1428,0.0019,0.0007,0.0004
1691,20.6402,0.0000,8.0650,2.7348,,true,0,0.008333,0.0000,0.0000,1.00,0.00,0.0000,22,1,295,295,0,0,100,1,11,11,0,246528,0,295,0,0,849403904,0.000000,0.000000,0.000000,0.00,0,2,4,25,17,20,26,13,24,55,97,12,0,0,0,0,0,0,0.0001,0.0105,0.0353,0.0006,0.0010,0.0018,2.7348,0.0161,0.0000,0.3513,0.0002,0.0002,0.1549,0.0014,0.0004,0.0003
1692,20.6536,0.0000,13.5452,2.7147,,true,0,0.008333,0.0000,0.0000,1.00,0.00,0.0000,22,1,295,295,0,0,100,1,11,11,0,246528,0,295,0,0,849403904,0.000000,0.000000,0.000000,0.00,0,2,4,25,17,20,26,13,24,55,97,12,0,0,0,0,0,0,0.0003,0.0152,0.0316,0.0006,0.0016,0.0033,2.7147,0.0103,0.0000,0.4135,0.0006,0.0003,0.1565,0.0019,0.0009,0.0014
1693,20.6674,0.0000,13.3792,3.1093,,true,0,0.008333,0.0000,0.0000,1.00,0.00,0.0000,22,1,295,295,0,0,100,1,11,11,0,246528,0,295,0,0,849408000,0.000000,0.000000,0.000000,0.00,0,2,4,25,17,20,26,13,24,55,97,12,0,0,0,0,0,0,0.0002,0.0157,0.0345,0.0008,0.0016,0.0033,3.1093,0.0165,0.0000,0.3619,0.0007,0.0005,0.1349,0.0018,0.0008,0.0011
1694,20.6818,0.0000,12.9206,4.4115,,true,0,0.008333,0.0000,0.0000,1.00,0.00,0.0000,22,1,295,295,0,0,100,1,11,11,0,246528,0,295,0,0,849408000,0.000000,0.000000,0.000000,0.00,0,2,4,25,17,20,26,13,24,55,97,12,0,0,0,0,0,0,0.0009,0.0225,0.0367,0.0009,0.0037,0.0058,4.4115,0.0224,0.0000,0.4330,0.0010,0.0000,0.1473,0.0012,0.0013,0.0008
1695,20.6944,0.0000,12.7113,3.9146,,true,0,0.008333,0.0000,0.0000,1.00,0.00,0.0000,22,1,295,295,0,0,100,1,11,11,0,246528,0,295,0,0,849408000,0.000000,0.000000,0.000000,0.00,0,2,4,25,17,20,26,13,24,55,97,12,0,0,0,0,0,0,0.0009,0.0176,0.0473,0.0023,0.0030,0.0093,3.9146,0.0208,0.0000,0.3800,0.0008,0.0009,0.1388,0.0014,0.0009,0.0006
1696,20.7083,0.0000,14.3742,3.4779,,true,0,0.008333,0.0000,0.0000,1.00,0.00,0.0000,22,1,295,295,0,0,100,1,11,11,0,246528,0,295,0,0,849408000,0.000000,0.000000,0.000000,0.00,0,2,4,25,17,20,26,13,24,55,97,12,0,0,0,0,0,0,0.0003,0.0218,0.0374,0.0011,0.0033,0.0050,3.4779,0.0217,0.0000,0.3913,0.0007,0.0006,0.1473,0.0016,0.0008,0.0012
1697,20.7213,0.0000,14.0133,2.8882,,true,0,0.008333,0.0000,0.0000,1.00,0.00,0.0000,22,1,295,295,0,0,100,1,11,11,0,246528,0,295,0,0,849408000,0.000000,0.000000,0.000000,0.00,0,2,4,25,17,20,26,13,24,55,97,12,0,0,0,0,0,0,0.0001,0.0154,0.0346,0.0009,0.0032,0.0049,2.8882,0.0121,0.0000,0.3599,0.0005,0.0000,0.1393,0.0017,0.0003,0.0010
1698,20.7355,0.0000,13.6084,3.4025,,true,0,0.008333,0.0000,0.0000,1.00,0.00,0.0000,22,1,295,295,0,0,100,1,11,11,0,246528,0,295,0,0,849408000,0.000000,0.000000,0.000000,0.00,0,2,4,25,17,20,26,13,24,55,97,12,0,0,0,0,0,0,0.0008,0.0264,0.0295,0.0010,0.0042,0.0085,3.4025,0.0164,0.0000,0.3135,0.0005,0.0004,0.1092,0.0016,0.0006,0.0010
1699,20.7447,0.0000,9.9789,2.9831,,true,0,0.008333,0.0000,0.0000,1.00,0.00,0.0000,22,1,295,295,0,0,100,1,11,11,0,246528,0,295,0,0,849408000,0.000000,0.000000,0.000000,0.00,0,2,4,25,17,20,26,13,24,55,97,12,0,0,0,0,0,0,0.0006,0.0179,0.0373,0.0004,0.0023,0.0061,2.9831,0.0172,0.0000,0.3664,0.0006,0.0006,0.1339,0.0015,0.0010,0.0006
1700,20.7576,0.0000,12.8164,2.9379,,true,0,0.008333,0.0000,0.0000,1.00,0.00,0.0000,22,1,295,295,0,0,100,1,11,11,0,246528,0,295,0,0,849408000,0.000000,0.000000,0.000000,0.00,0,2,4,25,17,20,26,13,24,55,97,12,0,0,0,0,0,0,0.0001,0.0183,0.0362,0.0005,0.0015,0.0031,2.9379,0.0155,0.0000,0.4481,0.0007,0.0014,0.1643,0.0013,0.0015,0.0014
1701,20.7714,0.0000,13.7284,3.1519,,true,0,0.008333,0.0000,0.0000,1.00,0.00,0.0000,22,1,295,295,0,0,100,1,11,11,0,246528,0,295,0,0,849408000,0.000000,0.000000,0.000000,0.00,0,2,4,25,17,20,26,13,24,55,97,12,0,0,0,0,0,0,0.0003,0.0144,0.0344,0.0003,0.0013,0.0033,3.1519,0.0148,0.0000,0.3582,0.0005,0.0004,0.1389,0.0022,0.0012,0.0006
1702,20.7862,0.0000,13.4991,4.3679,,true,0,0.008333,0.0000,0.0000,1.00,0.00,0.0000,22,1,295,295,0,0,100,1,11,11,0,246528,0,295,0,0,849412096,0.000000,0.000000,0.000000,0.00,0,2,4,25,17,20,26,13,24,55,97,12,0,0,0,0,0,0,0.0004,0.0175,0.0540,0.0015,0.0038,0.0072,4.3679,0.0234,0.0000,1.2677,0.0003,0.0002,1.0433,0.0014,0.0006,0.0003
1703,20.7989,0.0000,13.4086,3.7009,,true,0,0.008333,0.0000,0.0000,1.00,0.00,0.0000,22,1,295,295,0,0,100,1,11,11,0,246528,0,295,0,0,849412096,0.000000,0.000000,0.000000,0.00,0,2,4,25,17,20,26,13,24,55,97,12,0,0,0,0,0,0,0.0005,0.0244,0.0521,0.0010,0.0030,0.0071,3.7009,0.0213,0.0000,0.4904,0.0005,0.0006,0.1866,0.0016,0.0010,0.0007
1704,20.8139,0.0000,14.6181,3.6414,,true,0,0.008333,0.0000,0.0000,1.00,0.00,0.0000,22,1,295,295,0,0,100,1,11,11,0,246528,0,295,0,0,849412096,0.000000,0.000000,0.000000,0.00,0,2,4,25,17,20,26,13,24,55,97,12,0,0,0,0,0,0,0.0006,0.0215,0.0781,0.0009,0.0039,0.0065,3.6414,0.0210,0.0000,0.4692,0.0007,0.0007,0.1914,0.0016,0.0006,0.0007
1705,20.8267,0.0000,13.1188,3.7130,,true,0,0.008333,0.0000,0.0000,1.00,0.00,0.0000,22,1,295,295,0,0,100,1,11,11,0,246528,0,295,0,0,849412096,0.000000,0.000000,0.000000,0.00,0,2,4,25,17,20,26,13,24,55,97,12,0,0,0,0,0,0,0.0001,0.0168,0.0350,0.0007,0.0013,0.0046,3.7130,0.0143,0.0000,0.3754,0.0008,0.0005,0.1482,0.0013,0.0013,0.0010
1706,20.8441,0.0000,17.6036,3.1802,,true,0,0.008333,0.0000,0.0000,1.00,0.00,0.0000,22,1,295,295,0,0,100,1,11,11,0,246528,0,295,0,0,849412096,0.000000,0.000000,0.000000,0.00,0,2,4,25,17,20,26,13,24,55,97,12,0,0,0,0,0,0,0.0003,0.0201,0.0377,0.0013,0.0040,0.0047,3.1802,0.0163,0.0000,0.4050,0.0005,0.0005,0.1389,0.0012,0.0009,0.0005
1707,20.8546,0.0000,9.8461,3.8794,,true,0,0.008333,0.0000,0.0000,1.00,0.00,0.0000,22,1,295,295,0,0,100,1,11,11,0,246528,0,295,0,0,849412096,0.000000,0.000000,0.000000,0.00,0,2,4,25,17,20,26,13,24,55,97,12,0,0,0,0,0,0,0.0002,0.0217,0.0551,0.0008,0.0043,0.0056,3.8794,0.0256,0.0000,0.4629,0.0009,0.0006,0.1718,0.0015,0.0008,0.0008
1708,20.8695,0.0000,14.5953,4.1735,,true,0,0.008333,0.0000,0.0000,1.00,0.00,0.0000,22,1,295,295,0,0,100,1,11,11,0,246528,0,295,0,0,849412096,0.000000,0.000000,0.000000,0.00,0,2,4,25,17,20,26,13,24,55,97,12,0,0,0,0,0,0,0.0009,0.0269,0.0489,0.0004,0.0024,0.0067,4.1735,0.0157,0.0000,0.3454,0.0008,0.0005,0.1175,0.0016,0.0012,0.0010
1709,20.8810,0.0000,11.7366,4.2082,,true,0,0.008333,0.0000,0.0000,1.00,0.00,0.0000,22,1,295,295,0,0,100,1,11,11,0,246528,0,295,0,0,849412096,0.000000,0.000000,0.000000,0.00,0,2,4,25,17,20,26,13,24,55,97,12,0,0,0,0,0,0,0.0005,0.0158,0.0334,0.0008,0.0019,0.0043,4.2082,0.0142,0.0000,0.3573,0.0009,0.0004,0.1310,0.0012,0.0009,0.0006
1710,20.8944,0.0000,13.5640,3.6650,,true,0,0.008333,0.0000,0.0000,1.00,0.00,0.0000,22,1,295,295,0,0,100,1,11,11,0,246528,0,295,0,0,849412096,0.000000,0.000000,0.000000,0.00,0,2,4,25,17,20,26,13,24,55,97,12,0,0,0,0,0,0,0.0003,0.0167,0.0395,0.0005,0.0032,0.0056,3.6650,0.0201,0.0000,0.3880,0.0005,0.0004,0.1353,0.0014,0.0009,0.0011
1711,20.9053,0.0000,11.6652,3.3905,,true,0,0.008333,0.0000,0.0000,1.00,0.00,0.0000,22,1,295,295,0,0,100,1,11,11,0,246528,0,295,0,0,849416192,0.000000,0.000000,0.000000,0.00,0,2,4,25,17,20,26,13,24,55,97,12,0,0,0,0,0,0,0.0002,0.0207,0.0441,0.0014,0.0024,0.0043,3.3905,0.0159,0.0000,0.3884,0.0006,0.0005,0.1416,0.0013,0.0008,0.0013
1712,20.9274,0.0000,20.4542,4.6142,,true,0,0.008333,0.0000,0.0000,1.00,0.00,0.0000,22,1,295,295,0,0,100,1,11,11,0,246528,0,295,0,0,849416192,0.000000,0.000000,0.000000,0.00,0,2,4,25,17,20,26,13,24,55,97,12,0,0,0,0,0,0,0.0002,0.0244,0.0391,0.0016,0.0046,0.0068,4.6142,0.0336,0.0000,0.4152,0.0013,0.0004,0.1628,0.0019,0.0010,0.0005
1713,20.9345,0.0000,8.9570,2.8548,,true,0,0.008333,0.0000,0.0000,1.00,0.00,0.0000,22,1,295,295,0,0,100,1,11,11,0,246528,0,295,0,0,849416192,0.000000,0.000000,0.000000,0.00,0,2,4,25,17,20,26,13,24,55,97,12,0,0,0,0,0,0,0.0003,0.0166,0.0344,0.0005,0.0022,0.0045,2.8548,0.0158,0.0000,0.3714,0.0004,0.0002,0.1334,0.0015,0.0007,0.0008
1714,20.9468,0.0000,10.1268,5.3395,,true,0,0.008333,0.0000,0.0000,1.00,0.00,0.0000,22,1,295,295,0,0,100,1,11,11,0,246528,0,295,0,0,849416192,0.000000,0.000000,0.000000,0.00,0,2,4,25,17,20,26,13,24,55,97,12,0,0,0,0,0,0,0.0003,0.0189,0.1410,0.0009,0.0041,0.0058,5.3395,0.0198,0.0000,0.3922,0.0006,0.0005,0.1484,0.0013,0.0012,0.0006
1715,20.9660,0.0000,13.8546,10.0770,,true,0,0.008333,0.0000,0.0000,1.00,0.00,0.0000,22,1,295,295,0,0,100,1,11,11,0,246528,0,295,0,0,849416192,0.000000,0.000000,0.000000,0.00,0,2,4,25,17,20,26,13,24,55,97,12,0,0,0,0,0,0,0.0005,0.0202,0.0504,0.0012,0.0044,0.0047,10.0770,0.0248,0.0000,3.7295,0.0004,0.0835,0.1159,0.0013,0.0011,3.2627
1716,20.9725,0.0000,13.6870,3.2875,,true,0,0.008333,0.0000,0.0000,1.00,0.00,0.0000,22,1,295,295,0,0,100,1,11,11,0,246528,0,295,0,0,849416192,0.000000,0.000000,0.000000,0.00,0,2,4,25,17,20,26,13,24,55,97,12,0,0,0,0,0,0,0.0003,0.0189,0.0605,0.0018,0.0045,0.0051,3.2875,0.0365,0.0000,0.3542,0.0012,0.0004,0.1282,0.0019,0.0012,0.0010
1717,20.9872,0.0000,14.2405,3.4800,,true,0,0.008333,0.0000,0.0000,1.00,0.00,0.0000,22,1,295,295,0,0,100,1,11,11,0,246528,0,295,0,0,849416192,0.000000,0.000000,0.000000,0.00,0,2,4,25,17,20,26,13,24,55,97,12,0,0,0,0,0,0,0.0004,0.0175,0.0353,0.0010,0.0033,0.0057,3.4800,0.0173,0.0000,0.3914,0.0007,0.0009,0.1465,0.0022,0.0011,0.0014
1718,21.0002,0.0000,13.0684,3.5469,,true,0,0.008333,0.0000,0.0000,1.00,0.00,0.0000,22,1,295,295,0,0,100,1,11,11,0,246528,0,295,0,0,849416192,0.000000,0.000000,0.000000,0.00,0,2,4,25,17,20,26,13,24,55,97,12,0,0,0,0,0,0,0.0001,0.0309,0.0370,0.0010,0.0029,0.0062,3.5469,0.0161,0.0000,0.4166,0.0005,0.0004,0.1688,0.0016,0.0012,0.0010
1719,21.0127,0.0000,12.1517,3.7467,,true,0,0.008333,0.0000,0.0000,1.00,0.00,0.0000,22,1,295,295,0,0,100,1,11,11,0,246528,0,295,0,0,849416192,0.000000,0.000000,0.000000,0.00,0,2,4,25,17,20,26,13,24,55,97,12,0,0,0,0,0,0,0.0003,0.0264,0.0476,0.0012,0.0030,0.0056,3.7467,0.0213,0.0000,0.4717,0.0005,0.0006,0.1702,0.0015,0.0009,0.0005
1720,21.0246,0.0000,12.6470,3.1814,,true,0,0.008333,0.0000,0.0000,1.00,0.00,0.0000,22,1,295,295,0,0,100,1,11,11,0,246528,0,295,0,0,849420288,0.000000,0.000000,0.000000,0.00,0,2,4,25,17,20,26,13,24,55,97,12,0,0,0,0,0,0,0.0001,0.0197,0.0533,0.0007,0.0037,0.0054,3.1814,0.0203,0.0000,0.3870,0.0006,0.0005,0.1431,0.0016,0.0006,0.0008
1721,21.0373,0.0000,12.8009,2.9516,,true,0,0.008333,0.0000,0.0000,1.00,0.00,0.0000,22,1,295,295,0,0,100,1,11,11,0,246528,0,295,0,0,849420288,0.000000,0.000000,0.000000,0.00,0,2,4,25,17,20,26,13,24,55,97,12,0,0,0,0,0,0,0.0002,0.0148,0.0343,0.0006,0.0024,0.0042,2.9516,0.0326,0.0000,0.3615,0.0007,0.0006,0.1372,0.0017,0.0011,0.0009
1722,21.0495,0.0000,12.5298,2.8957,,true,0,0.008333,0.0000,0.0000,1.00,0.00,0.0000,22,1,295,295,0,0,100,1,11,11,0,246528,0,295,0,0,849420288,0.000000,0.000000,0.000000,0.00,0,2,4,25,17,20,26,13,24,55,97,12,0,0,0,0,0,0,0.0002,0.0134,0.0347,0.0012,0.0025,0.0050,2.8957,0.0154,0.0000,0.3507,0.0004,0.0005,0.1415,0.0011,0.0006,0.0005
1723,21.0610,0.0000,11.2873,3.1914,,true,0,0.008333,0.0000,0.0000,1.00,0.00,0.0000,22,1,295,295,0,0,100,1,11,11,0,246528,0,295,0,0,849420288,0.000000,0.000000,0.000000,0.00,0,2,4,25,17,20,26,13,24,55,97,12,0,0,0,0,0,0,0.0009,0.0185,0.0335,0.0022,0.0028,0.0043,3.1914,0.0148,0.0000,0.3535,0.0006,0.0005,0.1268,0.0014,0.0008,0.0008
1724,21.0727,0.0000,11.3164,3.5829,,true,0,0.008333,0.0000,0.0000,1.00,0.00,0.0000,22,1,295,295,0,0,100,1,11,11,0,246528,0,295,0,0,849420288,0.000000,0.000000,0.000000,0.00,0,2,4,25,17,20,26,13,24,55,97,12,0,0,0,0,0,0,0.0002,0.0171,0.0775,0.0009,0.0035,0.0047,3.5829,0.0240,0.0000,0.3732,0.0006,0.0003,0.1249,0.0014,0.0013,0.0006
1725,21.0835,0.0000,11.5601,2.8006,,true,0,0.008333,0.0000,0.0000,1.00,0.00,0.0000,22,1,295,295,0,0,100,1,11,11,0,246528,0,295,0,0,849420288,0.000000,0.000000,0.000000,0.00,0,2,4,25,17,20,26,13,24,55,97,12,0,0,0,0,0,0,0.0002,0.0139,0.0337,0.0007,0.0028,0.0051,2.8006,0.0154,0.0000,0.3504,0.0007,0.0007,0.1289,0.0010,0.0011,0.0006
1726,21.0946,0.0000,10.9062,3.0776,,true,0,0.008333,0.0000,0.0000,1.00,0.00,0.0000,22,1,295,295,0,0,100,1,11,11,0,246528,0,295,0,0,849420288,0.000000,0.000000,0.000000,0.00,0,2,4,25,17,20,26,13,24,55,97,12,0,0,0,0,0,0,0.0002,0.0162,0.0332,0.0008,0.0024,0.0043,3.0776,0.0149,0.0000,0.3702,0.0005,0.0005,0.1470,0.0011,0.0005,0.0008
1727,21.1071,0.0000,12.0784,3.3243,,true,0,0.008333,0.0000,0.0000,1.00,0.00,0.0000,22,1,295,295,0,0,100,1,11,11,0,246528,0,295,0,0,849420288,0.000000,0.000000,0.000000,0.00,0,2,4,25,17,20,26,13,24,55,97,12,0,0,0,0,0,0,0.0004,0.0179,0.0340,0.0007,0.0034,0.0195,3.3243,0.0147,0.0000,0.3576,0.0004,0.0002,0.1360,0.0013,0.0011,0.0006
1728,21.1207,0.0000,13.3120,3.3034,,true,0,0.008333,0.0000,0.0000,1.00,0.00,0.0000,22,1,295,295,0,0,100,1,11,11,0,246528,0,295,0,0,849420288,0.000000,0.000000,0.000000,0.00,0,2,4,25,17,20,26,13,24,55,97,12,0,0,0,0,0,0,0.0001,0.0282,0.0406,0.0017,0.0026,0.0079,3.3034,0.0192,0.0000,0.4562,0.0006,0.0008,0.1644,0.0016,0.0011,0.0011
1729,21.1319,0.0000,11.3834,3.2005,,true,0,0.008333,0.0000,0.0000,1.00,0.00,0.0000,22,1,295,295,0,0,100,1,11,11,0,246528,0,295,0,0,849420288,0.000000,0.000000,0.000000,0.00,0,2,4,25,17,20,26,13,24,55,97,12,0,0,0,0,0,0,0.0004,0.0128,0.0368,0.0006,0.0031,0.0050,3.2005,0.0167,0.0000,0.3698,0.0009,0.0008,0.1346,0.0013,0.0008,0.0007
1730,21.1458,0.0000,13.2531,4.0156,,true,0,0.008333,0.0000,0.0000,1.00,0.00,0.0000,22,1,295,295,0,0,100,1,11,11,0,246528,0,295,0,0,849424384,0.000000,0.000000,0.000000,0.00,0,2,4,25,17,20,26,13,24,55,97,12,0,0,0,0,0,0,0.0007,0.0205,0.0434,0.0010,0.0035,0.0062,4.0156,0.0165,0.0000,0.7862,0.0003,0.0006,0.3143,0.0096,0.0007,0.0009
1731,21.1574,0.0000,12.0368,3.4364,,true,0,0.008333,0.0000,0.0000,1.00,0.00,0.0000,22,1,295,295,0,0,100,1,11,11,0,246528,0,295,0,0,849424384,0.000000,0.000000,0.000000,0.00,0,2,4,25,17,20,26,13,24,55,97,12,0,0,0,0,0,0,0.0003,0.0101,0.0294,0.0009,0.0014,0.0052,3.4364,0.0132,0.0000,0.3354,0.0006,0.0007,0.1301,0.0015,0.0008,0.0003
1732,21.1706,0.0000,12.3608,4.3657,,true,0,0.008333,0.0000,0.0000,1.00,0.00,0.0000,22,1,295,295,0,0,100,1,11,11,0,246528,0,295,0,0,849424384,0.000000,0.000000,0.000000,0.00,0,2,4,25,17,20,26,13,24,55,97,12,0,0,0,0,0,0,0.0009,0.0306,0.0588,0.0008,0.0029,0.0084,4.3657,0.0232,0.0000,0.5762,0.0006,0.0007,0.2779,0.0040,0.0010,0.0005
1733,21.1845,0.0000,14.5644,3.3755,,true,0,0.008333,0.0000,0.0000,1.00,0.00,0.0000,22,1,295,295,0,0,100,1,11,11,0,246528,0,295,0,0,849424384,0.000000,0.000000,0.000000,0.00,0,2,4,25,17,20,26,13,24,55,97,12,0,0,0,0,0,0,0.0003,0.0231,0.0382,0.0007,0.0026,0.0064,3.3755,0.0153,0.0000,0.4695,0.0008,0.0007,0.1626,0.0014,0.0012,0.0006
1734,21.1933,0.0000,9.4402,3.3634,,true,0,0.008333,0.0000,0.0000,1.00,0.00,0.0000,22,1,295,295,0,0,100,1,11,11,0,246528,0,295,0,0,849424384,0.000000,0.000000,0.000000,0.00,0,2,4,25,17,20,26,13,24,55,97,12,0,0,0,0,0,0,0.0005,0.0160,0.0365,0.0009,0.0025,0.0043,3.3634,0.0092,0.0000,0.3811,0.0007,0.0004,0.1410,0.0025,0.0017,0.0009
1735,21.2053,0.0000,12.1627,3.2357,,true,0,0.008333,0.0000,0.0000,1.00,0.00,0.0000,22,1,295,295,0,0,100,1,11,11,0,246528,0,295,0,0,849424384,0.000000,0.000000,0.000000,0.00,0,2,4,25,17,20,26,13,24,55,97,12,0,0,0,0,0,0,0.0002,0.0152,0.0367,0.0007,0.0023,0.0038,3.2357,0.0165,0.0000,0.3546,0.0005,0.0003,0.1387,0.0018,0.0016,0.0005
1736,21.2197,0.0000,13.4551,3.8497,,true,0,0.008333,0.0000,0.0000,1.00,0.00,0.0000,22,1,295,295,0,0,100,1,11,11,0,246528,0,295,0,0,849424384,0.000000,0.000000,0.000000,0.00,0,2,4,25,17,20,26,13,24,55,97,12,0,0,0,0,0,0,0.0005,0.0733,0.0607,0.0004,0.0034,0.0068,3.8497,0.0224,0.0000,0.3621,0.0007,0.0004,0.1335,0.0016,0.0006,0.0008
1737,21.2327,0.0000,13.3990,3.3992,,true,0,0.008333,0.0000,0.0000,1.00,0.00,0.0000,22,1,295,295,0,0,100,1,11,11,0,246528,0,295,0,0,849424384,0.000000,0.000000,0.000000,0.00,0,2,4,25,17,20,26,13,24,55,97,12,0,0,0,0,0,0,0.0004,0.0183,0.0347,0.0009,0.0038,0.0044,3.3992,0.0185,0.0000,0.3805,0.0004,0.0006,0.1429,0.0015,0.0012,0.0006
1738,21.2431,0.0000,10.6547,3.2178,,true,0,0.008333,0.0000,0.0000,1.00,0.00,0.0000,22,1,295,295,0,0,100,1,11,11,0,246528,0,295,0,0,849424384,0.000000,0.000000,0.000000,0.00,0,2,4,25,17,20,26,13,24,55,97,12,0,0,0,0,0,0,0.0005,0.0209,0.0320,0.0020,0.0044,0.0090,3.2178,0.0144,0.0000,0.3290,0.0003,0.0003,0.1190,0.0025,0.0008,0.0007
1739,21.2547,0.0000,12.0063,2.9247,,true,0,0.008333,0.0000,0.0000,1.00,0.00,0.0000,22,1,295,295,0,0,100,1,11,11,0,246528,0,295,0,0,849428480,0.000000,0.000000,0.000000,0.00,0,2,4,25,17,20,26,13,24,55,97,12,0,0,0,0,0,0,0.0006,0.0171,0.0352,0.0005,0.0024,0.0050,2.9247,0.0155,0.0000,0.3554,0.0008,0.0009,0.1302,0.0012,0.0008,0.0004
1740,21.2654,0.0000,10.6388,2.9871,,true,0,0.008333,0.0000,0.0000,1.00,0.00,0.0000,22,1,295,295,0,0,100,1,11,11,0,246528,0,295,0,0,849428480,0.000000,0.000000,0.000000,0.00,0,2,4,25,17,20,26,13,24,55,97,12,0,0,0,0,0,0,0.0007,0.0137,0.0477,0.0007,0.0030,0.0044,2.9871,0.0159,0.0000,0.3415,0.0006,0.0006,0.1324,0.0013,0.0019,0.0006
1741,21.2781,0.0000,12.1416,3.3708,,true,0,0.008333,0.0000,0.0000,1.00,0.00,0.0000,22,1,295,295,0,0,100,1,11,11,0,246528,0,295,0,0,849428480,0.000000,0.000000,0.000000,0.00,0,2,4,25,17,20,26,13,24,55,97,12,0,0,0,0,0,0,0.0005,0.0370,0.0351,0.0007,0.0026,0.0054,3.3708,0.0155,0.0000,0.3565,0.0005,0.0007,0.1274,0.0009,0.0007,0.0005
1742,21.2919,0.0000,11.3286,5.7768,,true,0,0.008333,0.0000,0.0000,1.00,0.00,0.0000,22,1,295,295,0,0,100,1,11,11,0,246528,0,295,0,0,849428480,0.000000,0.000000,0.000000,0.00,0,2,4,25,17,20,26,13,24,55,97,12,0,0,0,0,0,0,0.0005,0.0200,0.0383,0.0007,0.0047,0.0059,5.7768,0.0151,0.0000,0.3919,0.0004,0.0003,0.1438,0.0014,0.0011,0.0008
1743,21.3040,0.0000,13.4953,4.3801,,true,0,0.008333,0.0000,0.0000,1.00,0.00,0.0000,22,1,295,295,0,0,100,1,11,11,0,246528,0,295,0,0,849428480,0.000000,0.000000,0.000000,0.00,0,2,4,25,17,20,26,13,24,55,97,12,0,0,0,0,0,0,0.0004,0.0168,0.0356,0.0006,0.0031,0.0053,4.3801,0.0143,0.0000,0.3726,0.0005,0.0003,0.1392,0.0015,0.0012,0.0011
1744,21.3190,0.0000,15.0264,4.2494,,true,0,0.008333,0.0000,0.0000,1.00,0.00,0.0000,22,1,295,295,0,0,100,1,11,11,0,246528,0,295,0,0,849428480,0.000000,0.000000,0.000000,0.00,0,2,4,25,17,20,26,13,24,55,97,12,0,0,0,0,0,0,0.0003,0.0261,0.0369,0.0013,0.0038,0.0061,4.2494,0.0207,0.0000,0.3765,0.0003,0.0009,0.1377,0.0013,0.0005,0.0005
1745,21.3297,0.0000,11.3297,3.7305,,true,0,0.008333,0.0000,0.0000,1.00,0.00,0.0000,22,1,295,295,0,0,100,1,11,11,0,246528,0,295,0,0,849428480,0.000000,0.000000,0.000000,0.00,0,2,4,25,17,20,26,13,24,55,97,12,0,0,0,0,0,0,0.0006,0.0263,0.0442,0.0011,0.0030,0.0066,3.7305,0.0181,0.0000,0.4047,0.0009,0.0006,0.1505,0.0025,0.0014,0.0020
1746,21.3430,0.0000,11.9125,5.3359,,true,0,0.008333,0.0000,0.0000,1.00,0.00,0.0000,22,1,295,295,0,0,100,1,11,11,0,246528,0,295,0,0,849428480,0.000000,0.000000,0.000000,0.00,0,2,4,25,17,20,26,13,24,55,97,12,0,0,0,0,0,0,0.0013,0.0188,0.0406,0.0004,0.0023,0.0051,5.3359,0.0165,0.0000,0.7562,0.0004,0.0007,0.3006,0.0028,0.0011,0.0005
1747,21.3549,0.0000,13.7715,3.2533,,true,0,0.008333,0.0000,0.0000,1.00,0.00,0.0000,22,1,295,295,0,0,100,1,11,11,0,246528,0,295,0,0,849428480,0.000000,0.000000,0.000000,0.00,0,2,4,25,17,20,26,13,24,55,97,12,0,0,0,0,0,0,0.0004,0.0211,0.0356,0.0021,0.0028,0.0038,3.2533,0.0151,0.0000,0.3728,0.0007,0.0007,0.1300,0.0015,0.0012,0.0007
1748,21.3662,0.0000,11.3977,3.1621,,true,0,0.008333,0.0000,0.0000,1.00,0.00,0.0000,22,1,295,295,0,0,100,1,11,11,0,246528,0,295,0,0,849432576,0.000000,0.000000,0.000000,0.00,0,2,4,25,17,20,26,13,24,55,97,12,0,0,0,0,0,0,0.0004,0.0163,0.0370,0.0008,0.0034,0.0055,3.1621,0.0177,0.0000,0.3715,0.0006,0.0006,0.1391,0.0018,0.0010,0.0007
1749,21.3769,0.0000,11.0686,2.9148,,true,0,0.008333,0.0000,0.0000,1.00,0.00,0.0000,22,1,295,295,0,0,100,1,11,11,0,246528,0,295,0,0,849432576,0.000000,0.000000,0.000000,0.00,0,2,4,25,17,20,26,13,24,55,97,12,0,0,0,0,0,0,0.0002,0.0196,0.0318,0.0011,0.0106,0.0050,2.9148,0.0171,0.0000,0.3587,0.0009,0.0004,0.1316,0.0014,0.0009,0.0009
1750,21.3908,0.0000,12.9703,3.7201,,true,0,0.008333,0.0000,0.0000,1.00,0.00,0.0000,22,1,295,295,0,0,100,1,11,11,0,246528,0,295,0,0,849551360,0.000000,0.000000,0.000000,0.00,0,2,4,25,17,20,26,13,24,55,97,12,0,0,0,0,0,0,0.0002,0.0215,0.0548,0.0014,0.0044,0.0062,3.7201,0.0187,0.0000,0.4970,0.0007,0.0008,0.1779,0.0017,0.0016,0.0009
1751,21.4044,0.0000,13.4810,3.6859,,true,0,0.008333,0.0000,0.0000,1.00,0.00,0.0000,22,1,295,295,0,0,100,1,11,11,0,246528,0,295,0,0,849551360,0.000000,0.000000,0.000000,0.00,0,2,4,25,17,20,26,13,24,55,97,12,0,0,0,0,0,0,0.0006,0.0182,0.0359,0.0007,0.0039,0.0051,3.6859,0.0161,0.0000,0.3677,0.0005,0.0003,0.1384,0.0017,0.0010,0.0008
1752,21.4159,0.0000,11.6038,3.5297,,true,0,0.008333,0.0000,0.0000,1.00,0.00,0.0000,22,1,295,295,0,0,100,1,11,11,0,246528,0,295,0,0,849551360,0.000000,0.000000,0.000000,0.00,0,2,4,25,17,20,26,13,24,55,97,12,0,0,0,0,0,0,0.0009,0.0225,0.0375,0.0016,0.0053,0.0068,3.5297,0.0179,0.0000,0.4228,0.0005,0.0007,0.1389,0.0020,0.0010,0.0009
1753,21.4294,0.0000,13.1113,4.0052,,true,0,0.008333,0.0000,0.0000,1.00,0.00,0.0000,22,1,295,295,0,0,100,1,11,11,0,246528,0,295,0,0,849551360,0.000000,0.000000,0.000000,0.00,0,2,4,25,17,20,26,13,24,55,97,12,0,0,0,0,0,0,0.0004,0.0217,0.0437,0.0007,0.0042,0.0064,4.0052,0.0251,0.0000,0.4490,0.0006,0.0009,0.1657,0.0018,0.0012,0.0009
1754,21.4409,0.0000,12.8850,3.1409,,true,0,0.008333,0.0000,0.0000,1.00,0.00,0.0000,22,1,295,295,0,0,100,1,11,11,0,246528,0,295,0,0,849551360,0.000000,0.000000,0.000000,0.00,0,2,4,25,17,20,26,13,24,55,97,12,0,0,0,0,0,0,0.0003,0.0142,0.0364,0.0005,0.0028,0.0060,3.1409,0.0148,0.0000,0.3310,0.0004,0.0007,0.1224,0.0007,0.0006,0.0004
1755,21.4625,0.0000,14.5181,9.2140,,true,0,0.008333,0.0000,0.0000,1.00,0.00,0.0000,22,1,295,295,0,0,100,1,11,11,0,246528,0,295,0,0,849551360,0.000000,0.000000,0.000000,0.00,0,2,4,25,17,20,26,13,24,55,97,12,0,0,0,0,0,0,0.0004,0.0247,0.0547,0.0031,0.0080,0.0103,9.2140,0.0296,0.0000,0.4895,0.0007,0.0007,0.1895,0.0027,0.0012,0.0007
1756,21.4770,0.0000,18.4278,5.5282,,true,0,0.008333,0.0000,0.0000,1.00,0.00,0.0000,22,1,295,295,0,0,100,1,11,11,0,246528,0,295,0,0,849551360,0.000000,0.000000,0.000000,0.00,0,2,4,25,17,20,26,13,24,55,97,12,0,0,0,0,0,0,0.0006,0.0272,0.0655,0.0012,0.0050,0.0074,5.5282,0.0291,0.0000,1.0126,0.0005,0.0006,0.7015,0.0027,0.0010,0.0009
1757,21.5049,0.0000,22.8233,9.9443,,true,0,0.008333,0.0000,0.0000,1.00,0.00,0.0000,22,1,295,295,0,0,100,1,11,11,0,246528,0,295,0,0,849551360,0.000000,0.000000,0.000000,0.00,0,2,4,25,17,20,26,13,24,55,97,12,0,0,0,0,0,0,0.0002,0.0159,0.0575,0.0006,0.0025,0.0030,9.9443,0.0320,0.0000,0.7493,0.0002,0.0004,0.4098,0.0060,0.0005,0.0008
1758,21.5179,0.0000,16.2495,6.5987,,true,0,0.008333,0.0000,0.0000,1.00,0.00,0.0000,22,1,295,295,0,0,100,1,11,11,0,246528,0,295,0,0,849555456,0.000000,0.000000,0.000000,0.00,0,2,4,25,17,20,26,13,24,55,97,12,0,0,0,0,0,0,0.0003,0.0199,0.0679,0.0006,0.0018,0.0029,6.5987,0.0398,0.0000,0.5798,0.0003,0.0005,0.2799,0.0019,0.0005,0.0003
1759,21.5269,0.0000,10.5096,5.9646,,true,0,0.008333,0.0000,0.0000,1.00,0.00,0.0000,22,1,295,295,0,0,100,1,11,11,0,246528,0,295,0,0,849555456,0.000000,0.000000,0.000000,0.00,0,2,4,25,17,20,26,13,24,55,97,12,0,0,0,0,0,0,0.0006,0.0207,0.0712,0.0016,0.0054,0.0084,5.9646,0.0334,0.0000,0.5255,0.0007,0.0007,0.2222,0.0027,0.0009,0.0008
1760,21.5376,0.0000,11.7049,4.5114,,true,0,0.008333,0.0000,0.0000,1.00,0.00,0.0000,22,1,295,295,0,0,100,1,11,11,0,246528,0,295,0,0,849555456,0.000000,0.000000,0.000000,0.00,0,2,4,25,17,20,26,13,24,55,97,12,0,0,0,0,0,0,0.0011,0.0275,0.0541,0.0014,0.0056,0.0117,4.5114,0.0257,0.0000,0.5279,0.0007,0.0009,0.1927,0.0020,0.0017,0.0011
1761,21.5541,0.0000,14.3785,5.8606,,true,0,0.008333,0.0000,0.0000,1.00,0.00,0.0000,22,1,295,295,0,0,100,1,11,11,0,246528,0,295,0,0,849555456,0.000000,0.000000,0.000000,0.00,0,2,4,25,17,20,26,13,24,55,97,12,0,0,0,0,0,0,0.0002,0.0183,0.0374,0.0013,0.0039,0.0054,5.8606,0.0172,0.0000,0.4312,0.0006,0.0002,0.1614,0.0029,0.0004,0.0003
1762,21.5690,0.0000,15.3605,5.3677,,true,0,0.008333,0.0000,0.0000,1.00,0.00,0.0000,22,1,295,295,0,0,100,1,11,11,0,246528,0,295,0,0,849555456,0.000000,0.000000,0.000000,0.00,0,2,4,25,17,20,26,13,24,55,97,12,0,0,0,0,0,0,0.0008,0.0192,0.0497,0.0015,0.0044,0.0192,5.3677,0.0206,0.0000,0.5503,0.0006,0.0012,0.1853,0.0017,0.0021,0.0009
1763,21.5813,0.0000,14.2641,4.4131,,true,0,0.008333,0.0000,0.0000,1.00,0.00,0.0000,22,1,295,295,0,0,100,1,11,11,0,246528,0,295,0,0,849555456,0.000000,0.000000,0.000000,0.00,0,2,4,25,17,20,26,13,24,55,97,12,0,0,0,0,0,0,0.0002,0.0205,0.0424,0.0011,0.0041,0.0047,4.4131,0.0178,0.0000,0.4223,0.0007,0.0008,0.1785,0.0017,0.0010,0.0006
1764,21.5962,0.0000,15.2560,4.3182,,true,0,0.008333,0.0000,0.0000,1.00,0.00,0.0000,22,1,295,295,0,0,100,1,11,11,0,246528,0,295,0,0,849555456,0.000000,0.000000,0.000000,0.00,0,2,4,25,17,20,26,13,24,55,97,12,0,0,0,0,0,0,0.0005,0.0204,0.0547,0.0018,0.0042,0.0073,4.3182,0.0223,0.0000,0.4665,0.0006,0.0007,0.1786,0.0020,0.0012,0.0009
1765,21.6086,0.0000,13.0619,3.7245,,true,0,0.008333,0.0000,0.0000,1.00,0.00,0.0000,22,1,295,295,0,0,100,1,11,11,0,246528,0,295,0,0,849555456,0.000000,0.000000,0.000000,0.00,0,2,4,25,17,20,26,13,24,55,97,12,0,0,0,0,0,0,0.0003,0.0184,0.0394,0.0009,0.0044,0.0056,3.7245,0.0232,0.0000,0.3905,0.0004,0.0004,0.1474,0.0018,0.0006,0.0007
1766,21.6189,0.0000,10.4437,3.5564,,true,0,0.008333,0.0000,0.0000,1.00,0.00,0.0000,22,1,295,295,0,0,100,1,11,11,0,246528,0,295,0,0,849555456,0.000000,0.000000,0.000000,0.00,0,2,4,25,17,20,26,13,24,55,97,12,0,0,0,0,0,0,0.0002,0.0181,0.0450,0.0007,0.0034,0.0049,3.5564,0.0220,0.0000,0.4837,0.0006,0.0007,0.2027,0.0015,0.0011,0.0009
1767,21.6453,0.0000,19.6656,9.4675,,true,0,0.008333,0.0000,0.0000,1.00,0.00,0.0000,22,1,295,295,0,0,100,1,11,11,0,246528,0,295,0,0,849559552,0.000000,0.000000,0.000000,0.00,0,2,4,25,17,20,26,13,24,55,97,12,0,0,0,0,0,0,0.0010,0.0444,0.1070,0.0075,0.0143,0.0156,9.4675,0.0265,0.0000,1.0115,0.0015,0.0012,0.4570,0.0058,0.0044,0.0057
1768,21.6675,0.0000,21.3041,10.1503,,true,0,0.008333,0.0000,0.0000,1.00,0.00,0.0000,22,1,295,295,0,0,100,1,11,11,0,246528,0,295,0,0,849559552,0.000000,0.000000,0.000000,0.00,0,2,4,25,17,20,26,13,24,55,97,12,0,0,0,0,0,0,0.0011,0.0486,0.2087,0.0010,0.0018,0.0223,10.1503,0.0764,0.0000,1.1158,0.0014,0.0010,0.4922,0.0038,0.0013,0.0013
1769,21.6763,0.0000,15.9163,4.0810,,true,0,0.008333,0.0000,0.0000,1.00,0.00,0.0000,22,1,295,295,0,0,100,1,11,11,0,246528,0,295,0,0,849559552,0.000000,0.000000,0.000000,0.00,0,2,4,25,17,20,26,13,24,55,97,12,0,0,0,0,0,0,0.0003,0.0205,0.0509,0.0014,0.0038,0.0056,4.0810,0.0211,0.0000,0.5688,0.0006,0.0010,0.2834,0.0017,0.0014,0.0011
1770,21.6822,0.0000,5.9449,4.1779,,true,0,0.008333,0.0000,0.0000,1.00,0.00,0.0000,22,1,295,295,0,0,100,1,11,11,0,246528,0,295,0,0,849559552,0.000000,0.000000,0.000000,0.00,0,2,4,25,17,20,26,13,24,55,97,12,0,0,0,0,0,0,0.0002,0.0140,0.0563,0.0007,0.0026,0.0115,4.1779,0.0238,0.0000,0.4321,0.0008,0.0007,0.1442,0.0013,0.0008,0.0009
1771,21.6884,0.0000,7.2332,3.1869,,true,0,0.008333,0.0000,0.0000,1.00,0.00,0.0000,22,1,295,295,0,0,100,1,11,11,0,246528,0,295,0,0,849559552,0.000000,0.000000,0.000000,0.00,0,2,4,25,17,20,26,13,24,55,97,12,0,0,0,0,0,0,0.0003,0.0270,0.0326,0.0004,0.0016,0.0033,3.1869,0.0170,0.0000,0.3048,0.0003,0.0002,0.1026,0.0013,0.0009,0.0006
1772,21.6982,0.0000,9.8325,3.0678,,true,0,0.008333,0.0000,0.0000,1.00,0.00,0.0000,22,1,295,295,0,0,100,1,11,11,0,246528,0,295,0,0,849559552,0.000000,0.000000,0.000000,0.00,0,2,4,25,17,20,26,13,24,55,97,12,0,0,0,0,0,0,0.0002,0.0143,0.0349,0.0004,0.0017,0.0036,3.0678,0.0160,0.0000,0.3446,0.0005,0.0003,0.1301,0.0016,0.0016,0.0007
1773,21.7162,0.0000,12.1536,9.1210,,true,0,0.008333,0.0000,0.0000,1.00,0.00,0.0000,22,1,295,295,0,0,100,1,11,11,0,246528,0,295,0,0,849821696,0.000000,0.000000,0.000000,0.00,0,2,4,25,17,20,26,13,24,55,97,12,0,0,0,0,0,0,0.0006,0.0132,0.0733,0.0006,0.0017,0.0042,9.1210,0.0166,0.0000,5.2431,0.0002,0.1527,0.1537,0.0050,0.0012,4.7174
1774,21.7254,0.0000,13.5103,4.3308,,true,0,0.008333,0.0000,0.0000,1.00,0.00,0.0000,22,1,295,295,0,0,100,1,11,11,0,246528,0,295,0,0,849821696,0.000000,0.000000,0.000000,0.00,0,2,4,25,17,20,26,13,24,55,97,12,0,0,0,0,0,0,0.0004,0.0176,0.0337,0.0014,0.0029,0.0048,4.3308,0.0169,0.0000,0.3492,0.0005,0.0002,0.1342,0.0006,0.0009,0.0007
1775,21.7357,0.0000,11.1083,3.8789,,true,0,0.008333,0.0000,0.0000,1.00,0.00,0.0000,22,1,295,295,0,0,100,1,11,11,0,246528,0,295,0,0,849821696,0.000000,0.000000,0.000000,0.00,0,2,4,25,17,20,26,13,24,55,97,12,0,0,0,0,0,0,0.0002,0.0179,0.0373,0.0005,0.0023,0.0061,3.8789,0.0160,0.0000,0.3489,0.0005,0.0005,0.1276,0.0013,0.0007,0.0006
1776,21.7489,0.0000,13.2271,3.8099,,true,0,0.008333,0.0000,0.0000,1.00,0.00,0.0000,22,1,295,295,0,0,100,1,11,11,0,246528,0,295,0,0,849825792,0.000000,0.000000,0.000000,0.00,0,2,4,25,17,20,26,13,24,55,97,12,0,0,0,0,0,0,0.0007,0.0199,0.0329,0.0012,0.0028,0.0062,3.8099,0.0151,0.0000,0.3887,0.0006,0.0007,0.1402,0.0015,0.0016,0.0017
1777,21.7587,0.0000,10.6737,3.0099,,true,0,0.008333,0.0000,0.0000,1.00,0.00,0.0000,22,1,295,295,0,0,100,1,11,11,0,246528,0,295,0,0,849825792,0.000000,0.000000,0.000000,0.00,0,2,4,25,17,20,26,13,24,55,97,12,0,0,0,0,0,0,0.0002,0.0179,0.0342,0.0010,0.0025,0.0044,3.0099,0.0146,0.0000,0.3865,0.0007,0.0005,0.1249,0.0014,0.0008,0.0008
1778,21.7714,0.0000,13.1180,2.7500,,true,0,0.008333,0.0000,0.0000,1.00,0.00,0.0000,22,1,295,295,0,0,100,1,11,11,0,246528,0,295,0,0,849825792,0.000000,0.000000,0.000000,0.00,0,2,4,25,17,20,26,13,24,55,97,12,0,0,0,0,0,0,0.0004,0.0156,0.0323,0.0008,0.0022,0.0031,2.7500,0.0132,0.0000,0.3509,0.0006,0.0004,0.1326,0.0011,0.0010,0.0005
1779,21.7811,0.0000,8.8092,3.6109,,true,0,0.008333,0.0000,0.0000,1.00,0.00,0.0000,22,1,295,295,0,0,100,1,11,11,0,246528,0,295,0,0,849825792,0.000000,0.000000,0.000000,0.00,0,2,4,25,17,20,26,13,24,55,97,12,0,0,0,0,0,0,0.0004,0.0143,0.0391,0.0006,0.0024,0.0040,3.6109,0.0164,0.0000,0.5588,0.0002,0.0003,0.1903,0.0073,0.0010,0.0009
1780,21.7915,0.0000,11.0558,2.8512,,true,0,0.008333,0.0000,0.0000,1.00,0.00,0.0000,22,1,295,295,0,0,100,1,11,11,0,246528,0,295,0,0,849825792,0.000000,0.000000,0.000000,0.00,0,2,4,25,17,20,26,13,24,55,97,12,0,0,0,0,0,0,0.0002,0.0163,0.0445,0.0009,0.0019,0.0055,2.8512,0.0148,0.0000,0.3353,0.0005,0.0007,0.1266,0.0016,0.0008,0.0007
1781,21.8024,0.0000,11.2337,2.6413,,true,0,0.008333,0.0000,0.0000,1.00,0.00,0.0000,22,1,295,295,0,0,100,1,11,11,0,246528,0,295,0,0,849825792,0.000000,0.000000,0.000000,0.00,0,2,4,25,17,20,26,13,24,55,97,12,0,0,0,0,0,0,0.0001,0.0107,0.0316,0.0005,0.0023,0.0027,2.6413,0.0141,0.0000,0.3465,0.0005,0.0004,0.1285,0.0016,0.0009,0.0007
1782,21.8149,0.0000,12.1084,2.8645,,true,0,0.008333,0.0000,0.0000,1.00,0.00,0.0000,22,1,295,295,0,0,100,1,11,11,0,246528,0,295,0,0,849825792,0.000000,0.000000,0.000000,0.00,0,2,4,25,17,20,26,13,24,55,97,12,0,0,0,0,0,0,0.0003,0.0169,0.0302,0.0004,0.0015,0.0047,2.8645,0.0114,0.0000,0.3479,0.0003,0.0006,0.1311,0.0012,0.0008,0.0005
1783,21.8279,0.0000,12.6138,3.2536,,true,0,0.008333,0.0000,0.0000,1.00,0.00,0.0000,22,1,295,295,0,0,100,1,11,11,0,246528,0,295,0,0,849825792,0.000000,0.000000,0.000000,0.00,0,2,4,25,17,20,26,13,24,55,97,12,0,0,0,0,0,0,0.0003,0.0201,0.0332,0.0009,0.0035,0.0043,3.2536,0.0159,0.0000,0.3639,0.0007,0.0005,0.1343,0.0016,0.0007,0.0006
1784,21.8397,0.0000,12.1136,2.8837,,true,0,0.008333,0.0000,0.0000,1.00,0.00,0.0000,22,1,295,295,0,0,100,1,11,11,0,246528,0,295,0,0,849825792,0.000000,0.000000,0.000000,0.00,0,2,4,25,17,20,26,13,24,55,97,12,0,0,0,0,0,0,0.0015,0.0148,0.0336,0.0005,0.0023,0.0045,2.8837,0.0163,0.0000,0.3765,0.0006,0.0006,0.1278,0.0016,0.0012,0.0004
1785,21.8501,0.0000,10.1762,3.1113,,true,0,0.008333,0.0000,0.0000,1.00,0.00,0.0000,22,1,295,295,0,0,100,1,11,11,0,246528,0,295,0,0,849825792,0.000000,0.000000,0.000000,0.00,0,2,4,25,17,20,26,13,24,55,97,12,0,0,0,0,0,0,0.0002,0.0151,0.0326,0.0007,0.0046,0.0042,3.1113,0.0140,0.0000,0.3564,0.0004,0.0004,0.1313,0.0018,0.0008,0.0005
1786,21.8607,0.0000,10.8863,3.0473,,true,0,0.008333,0.0000,0.0000,1.00,0.00,0.0000,22,1,295,295,0,0,100,1,11,11,0,246528,0,295,0,0,849829888,0.000000,0.000000,0.000000,0.00,0,2,4,25,17,20,26,13,24,55,97,12,0,0,0,0,0,0,0.0001,0.0163,0.0733,0.0006,0.0016,0.0042,3.0473,0.0137,0.0000,0.3410,0.0001,0.0006,0.1261,0.0005,0.0008,0.0004
1787,21.8730,0.0000,11.2069,3.8588,,true,0,0.008333,0.0000,0.0000,1.00,0.00,0.0000,22,1,295,295,0,0,100,1,11,11,0,246528,0,295,0,0,849829888,0.000000,0.000000,0.000000,0.00,0,2,4,25,17,20,26,13,24,55,97,12,0,0,0,0,0,0,0.0004,0.0478,0.0346,0.0008,0.0024,0.0042,3.8588,0.0182,0.0000,0.3546,0.0001,0.0002,0.1320,0.0013,0.0008,0.0006
1788,21.8864,0.0000,13.6740,3.6182,,true,0,0.008333,0.0000,0.0000,1.00,0.00,0.0000,22,1,295,295,0,0,100,1,11,11,0,246528,0,295,0,0,849829888,0.000000,0.000000,0.000000,0.00,0,2,4,25,17,20,26,13,24,55,97,12,0,0,0,0,0,0,0.0003,0.0170,0.0498,0.0008,0.0037,0.0072,3.6182,0.0245,0.0000,0.3149,0.0007,0.0006,0.1163,0.0023,0.0009,0.0011
1789,21.8981,0.0000,11.9952,3.4508,,true,0,0.008333,0.0000,0.0000,1.00,0.00,0.0000,22,1,295,295,0,0,100,1,11,11,0,246528,0,295,0,0,849829888,0.000000,0.000000,0.000000,0.00,0,2,4,25,17,20,26,13,24,55,97,12,0,0,0,0,0,0,0.0005,0.0141,0.0514,0.0007,0.0031,0.0049,3.4508,0.0207,0.0000,0.4181,0.0095,0.0007,0.1221,0.0034,0.0005,0.0006
1790,21.9100,0.0000,11.7977,3.6035,,true,0,0.008333,0.0000,0.0000,1.00,0.00,0.0000,22,1,295,295,0,0,100,1,11,11,0,246528,0,295,0,0,849829888,0.000000,0.000000,0.000000,0.00,0,2,4,25,17,20,26,13,24,55,97,12,0,0,0,0,0,0,0.0007,0.0263,0.0516,0.0021,0.0048,0.0042,3.6035,0.0192,0.0000,0.4957,0.0014,0.0009,0.1820,0.0015,0.0023,0.0015
1791,21.9219,0.0000,11.8248,3.5410,,true,0,0.008333,0.0000,0.0000,1.00,0.00,0.0000,22,1,295,295,0,0,100,1,11,11,0,246528,0,295,0,0,849829888,0.000000,0.000000,0.000000,0.00,0,2,4,25,17,20,26,13,24,55,97,12,0,0,0,0,0,0,0.0004,0.0147,0.0370,0.0010,0.0017,0.0044,3.5410,0.0201,0.0000,0.3765,0.0007,0.0004,0.1525,0.0010,0.0012,0.0008
1792,21.9353,0.0000,14.4005,2.6820,,true,0,0.008333,0.0000,0.0000,1.00,0.00,0.0000,22,1,295,295,0,0,100,1,11,11,0,246528,0,295,0,0,849829888,0.000000,0.000000,0.000000,0.00,0,2,4,25,17,20,26,13,24,55,97,12,0,0,0,0,0,0,0.0002,0.0138,0.0326,0.0007,0.0021,0.0045,2.6820,0.0130,0.0000,0.3829,0.0004,0.0005,0.1246,0.0019,0.0012,0.0006
1793,21.9461,0.0000,10.5192,2.8511,,true,0,0.008333,0.0000,0.0000,1.00,0.00,0.0000,22,1,295,295,0,0,100,1,11,11,0,246528,0,295,0,0,849829888,0.000000,0.000000,0.000000,0.00,0,2,4,25,17,20,26,13,24,55,97,12,0,0,0,0,0,0,0.0006,0.0160,0.0336,0.0020,0.0036,0.0033,2.8511,0.0145,0.0000,0.3507,0.0004,0.0006,0.1287,0.0017,0.0008,0.0011
1794,21.9566,0.0000,10.7653,2.8343,,true,0,0.008333,0.0000,0.0000,1.00,0.00,0.0000,22,1,295,295,0,0,100,1,11,11,0,246528,0,295,0,0,849829888,0.000000,0.000000,0.000000,0.00,0,2,4,25,17,20,26,13,24,55,97,12,0,0,0,0,0,0,0.0002,0.0134,0.0361,0.0012,0.0026,0.0053,2.8343,0.0141,0.0000,0.3501,0.0005,0.0003,0.1322,0.0017,0.0007,0.0007
1795,21.9693,0.0000,12.6179,2.8485,,true,0,0.008333,0.0000,0.0000,1.00,0.00,0.0000,22,1,295,295,0,0,100,1,11,11,0,246528,0,295,0,0,849829888,0.000000,0.000000,0.000000,0.00,0,2,4,25,17,20,26,13,24,55,97,12,0,0,0,0,0,0,0.0002,0.0142,0.0333,0.0007,0.0036,0.0039,2.8485,0.0131,0.0000,0.3671,0.0004,0.0003,0.1446,0.0022,0.0005,0.0005
1796,21.9813,0.0000,12.0485,2.6770,,true,0,0.008333,0.0000,0.0000,1.00,0.00,0.0000,22,1,295,295,0,0,100,1,11,11,0,246528,0,295,0,0,849829888,0.000000,0.000000,0.000000,0.00,0,2,4,25,17,20,26,13,24,55,97,12,0,0,0,0,0,0,0.0001,0.0175,0.0402,0.0008,0.0009,0.0049,2.6770,0.0148,0.0000,0.3513,0.0014,0.0006,0.1294,0.0014,0.0014,0.0011
1797,21.9923,0.0000,10.9372,2.7754,,true,0,0.008333,0.0000,0.0000,1.00,0.00,0.0000,22,1,295,295,0,0,100,1,11,11,0,246528,0,295,0,0,849829888,0.000000,0.000000,0.000000,0.00,0,2,4,25,17,20,26,13,24,55,97,12,0,0,0,0,0,0,0.0004,0.0141,0.0323,0.0005,0.0010,0.0025,2.7754,0.0153,0.0000,0.3354,0.0006,0.0005,0.1177,0.0013,0.0019,0.0011
1798,22.0046,0.0000,12.1968,2.6882,,true,0,0.008333,0.0000,0.0000,1.00,0.00,0.0000,22,1,295,295,0,0,100,1,11,11,0,246528,0,295,0,0,849829888,0.000000,0.000000,0.000000,0.00,0,2,4,25,17,20,26,13,24,55,97,12,0,0,0,0,0,0,0.0007,0.0131,0.0351,0.0009,0.0021,0.0046,2.6882,0.0177,0.0000,0.3459,0.0006,0.0004,0.1233,0.0010,0.0011,0.0008
1799,22.0168,0.0000,12.4053,2.6806,,true,0,0.008333,0.0000,0.0000,1.00,0.00,0.0000,22,1,295,295,0,0,100,1,11,11,0,246528,0,295,0,0,849829888,0.000000,0.000000,0.000000,0.00,0,2,4,25,17,20,26,13,24,55,97,12,0,0,0,0,0,0,0.0002,0.0280,0.0305,0.0006,0.0027,0.0046,2.6806,0.0126,0.0000,0.3520,0.0006,0.0005,0.1321,0.0013,0.0014,0.0007
1800,22.0283,0.0000,11.0809,2.8425,,true,0,0.008333,0.0000,0.0000,1.00,0.00,0.0000,22,1,295,295,0,0,100,1,11,11,0,246528,0,295,0,0,849829888,0.000000,0.000000,0.000000,0.00,0,2,4,25,17,20,26,13,24,55,97,12,0,0,0,0,0,0,0.0006,0.0220,0.0336,0.0008,0.0017,0.0049,2.8425,0.0205,0.0000,0.3684,0.0006,0.0006,0.1302,0.0013,0.0011,0.0007
1801,22.0411,0.0000,12.8009,2.9211,,true,0,0.008333,0.0000,0.0000,1.00,0.00,0.0000,22,1,295,295,0,0,100,1,11,11,0,246528,0,295,0,0,849829888,0.000000,0.000000,0.000000,0.00,0,2,4,25,17,20,26,13,24,55,97,12,0,0,0,0,0,0,0.0003,0.0161,0.0324,0.0010,0.0023,0.0043,2.9211,0.0166,0.0000,0.3632,0.0006,0.0000,0.1340,0.0014,0.0013,0.0009
1802,22.0511,0.0000,10.5108,2.7343,,true,0,0.008333,0.0000,0.0000,1.00,0.00,0.0000,22,1,295,295,0,0,100,1,11,11,0,246528,0,295,0,0,849829888,0.000000,0.000000,0.000000,0.00,0,2,4,25,17,20,26,13,24,55,97,12,0,0,0,0,0,0,0.0010,0.0148,0.0335,0.0010,0.0028,0.0033,2.7343,0.0131,0.0000,0.3399,0.0006,0.0002,0.1242,0.0016,0.0012,0.0005
1803,22.0631,0.0000,11.2915,3.2098,,true,0,0.008333,0.0000,0.0000,1.00,0.00,0.0000,22,1,295,295,0,0,100,1,11,11,0,246528,0,295,0,0,849829888,0.000000,0.000000,0.000000,0.00,0,2,4,25,17,20,26,13,24,55,97,12,0,0,0,0,0,0,0.0009,0.0189,0.0391,0.0012,0.0034,0.0089,3.2098,0.0167,0.0000,0.3356,0.0004,0.0006,0.1096,0.0019,0.0009,0.0011
1804,22.0757,0.0000,13.0336,2.7194,,true,0,0.008333,0.0000,0.0000,1.00,0.00,0.0000,22,1,295,295,0,0,100,1,11,11,0,246528,0,295,0,0,849829888,0.000000,0.000000,0.000000,0.00,0,2,4,25,17,20,26,13,24,55,97,12,0,0,0,0,0,0,0.0002,0.0169,0.0350,0.0009,0.0032,0.0056,2.7194,0.0162,0.0000,0.3526,0.0006,0.0005,0.1271,0.0018,0.0009,0.0005
1805,22.0873,0.0000,11.1963,3.1396,,true,0,0.008333,0.0000,0.0000,1.00,0.00,0.0000,22,1,295,295,0,0,100,1,11,11,0,246528,0,295,0,0,849829888,0.000000,0.000000,0.000000,0.00,0,2,4,25,17,20,26,13,24,55,97,12,0,0,0,0,0,0,0.0002,0.0122,0.0348,0.0009,0.0021,0.0044,3.1396,0.0143,0.0000,0.3540,0.0005,0.0006,0.1262,0.0010,0.0010,0.0011
1806,22.0982,0.0000,10.6392,3.3051,,true,0,0.008333,0.0000,0.0000,1.00,0.00,0.0000,22,1,295,295,0,0,100,1,11,11,0,246528,0,295,0,0,849829888,0.000000,0.000000,0.000000,0.00,0,2,4,25,17,20,26,13,24,55,97,12,0,0,0,0,0,0,0.0002,0.0146,0.0395,0.0011,0.0030,0.0058,3.3051,0.0161,0.0000,0.3688,0.0005,0.0003,0.1339,0.0021,0.0012,0.0006
1807,22.1093,0.0000,12.0138,2.7051,,true,0,0.008333,0.0000,0.0000,1.00,0.00,0.0000,22,1,295,295,0,0,100,1,11,11,0,246528,0,295,0,0,849829888,0.000000,0.000000,0.000000,0.00,0,2,4,25,17,20,26,13,24,55,97,12,0,0,0,0,0,0,0.0004,0.0145,0.0353,0.0009,0.0016,0.0029,2.7051,0.0127,0.0000,0.3390,0.0006,0.0003,0.1212,0.0015,0.0009,0.0009
1808,22.1293,0.0000,12.5149,9.9060,,true,0,0.008333,0.0000,0.0000,1.00,0.00,0.0000,22,1,295,295,0,0,100,1,11,11,0,246528,0,295,0,0,849829888,0.000000,0.000000,0.000000,0.00,0,2,4,25,17,20,26,13,24,55,97,12,0,0,0,0,0,0,0.0008,0.0181,0.0429,0.0015,0.0040,0.0079,9.9060,0.0199,0.0000,0.4926,0.0005,0.0005,0.2766,0.0017,0.0011,0.0010
1809,22.1370,0.0000,12.8831,4.1819,,true,0,0.008333,0.0000,0.0000,1.00,0.00,0.0000,22,1,295,295,0,0,100,1,11,11,0,246528,0,295,0,0,849829888,0.000000,0.000000,0.000000,0.00,0,2,4,25,17,20,26,13,24,55,97,12,0,0,0,0,0,0,0.0002,0.0130,0.0408,0.0006,0.0029,0.0075,4.1819,0.0137,0.0000,0.3469,0.0007,0.0008,0.1269,0.0015,0.0013,0.0009
1810,22.1477,0.0000,11.3124,3.8624,,true,0,0.008333,0.0000,0.0000,1.00,0.00,0.0000,22,1,295,295,0,0,100,1,11,11,0,246528,0,295,0,0,849829888,0.000000,0.000000,0.000000,0.00,0,2,4,25,17,20,26,13,24,55,97,12,0,0,0,0,0,0,0.0006,0.0144,0.0335,0.0007,0.0019,0.0032,3.8624,0.0147,0.0000,0.3730,0.0007,0.0004,0.1618,0.0013,0.0013,0.0010
1811,22.1625,0.0000,14.2567,4.4523,,true,0,0.008333,0.0000,0.0000,1.00,0.00,0.0000,22,1,295,295,0,0,100,1,11,11,0,246528,0,295,0,0,849829888,0.000000,0.000000,0.000000,0.00,0,2,4,25,17,20,26,13,24,55,97,12,0,0,0,0,0,0,0.0013,0.0134,0.0319,0.0025,0.0024,0.0042,4.4523,0.0154,0.0000,0.3551,0.0005,0.0007,0.1424,0.0013,0.0008,0.0010
1812,22.1760,0.0000,14.2941,3.9219,,true,0,0.008333,0.0000,0.0000,1.00,0.00,0.0000,22,1,295,295,0,0,100,1,11,11,0,246528,0,295,0,0,849829888,0.000000,0.000000,0.000000,0.00,0,2,4,25,17,20,26,13,24,55,97,12,0,0,0,0,0,0,0.0006,0.0178,0.0320,0.0007,0.0024,0.0086,3.9219,0.0138,0.0000,0.3793,0.0005,0.0007,0.1392,0.0014,0.0008,0.0011
1813,22.1854,0.0000,10.5755,2.9180,,true,0,0.008333,0.0000,0.0000,1.00,0.00,0.0000,22,1,295,295,0,0,100,1,11,11,0,246528,0,295,0,0,849829888,0.000000,0.000000,0.000000,0.00,0,2,4,25,17,20,26,13,24,55,97,12,0,0,0,0,0,0,0.0002,0.0127,0.0392,0.0008,0.0023,0.0041,2.9180,0.0183,0.0000,0.3870,0.0005,0.0004,0.1747,0.0011,0.0009,0.0011
1814,22.1988,0.0000,13.5134,2.7468,,true,0,0.008333,0.0000,0.0000,1.00,0.00,0.0000,22,1,295,295,0,0,100,1,11,11,0,246528,0,295,0,0,849829888,0.000000,0.000000,0.000000,0.00,0,2,4,25,17,20,26,13,24,55,97,12,0,0,0,0,0,0,0.0001,0.0202,0.0322,0.0007,0.0027,0.0029,2.7468,0.0138,0.0000,0.3377,0.0003,0.0002,0.1255,0.0013,0.0005,0.0003
1815,22.2106,0.0000,11.5604,3.0171,,true,0,0.008333,0.0000,0.0000,1.00,0.00,0.0000,22,1,295,295,0,0,100,1,11,11,0,246528,0,295,0,0,849829888,0.000000,0.000000,0.000000,0.00,0,2,4,25,17,20,26,13,24,55,97,12,0,0,0,0,0,0,0.0008,0.0313,0.0385,0.0008,0.0027,0.0096,3.0171,0.0115,0.0000,0.4099,0.0005,0.0005,0.1339,0.0015,0.0009,0.0008
1816,22.2245,0.0000,13.1515,3.3146,,true,0,0.008333,0.0000,0.0000,1.00,0.00,0.0000,22,1,295,295,0,0,100,1,11,11,0,246528,0,295,0,0,849829888,0.000000,0.000000,0.000000,0.00,0,2,4,25,17,20,26,13,24,55,97,12,0,0,0,0,0,0,0.0004,0.0219,0.0388,0.0007,0.0021,0.0049,3.3146,0.0187,0.0000,0.3991,0.0007,0.0008,0.1294,0.0016,0.0008,0.0009
1817,22.2364,0.0000,11.8036,3.6453,,true,0,0.008333,0.0000,0.0000,1.00,0.00,0.0000,22,1,295,295,0,0,100,1,11,11,0,246528,0,295,0,0,849829888,0.000000,0.000000,0.000000,0.00,0,2,4,25,17,20,26,13,24,55,97,12,0,0,0,0,0,0,0.0005,0.0227,0.0509,0.0014,0.0026,0.0077,3.6453,0.0322,0.0000,0.3758,0.0007,0.0005,0.1364,0.0016,0.0008,0.0008
1818,22.2472,0.0000,11.2718,3.3468,,true,0,0.008333,0.0000,0.0000,1.00,0.00,0.0000,22,1,295,295,0,0,100,1,11,11,0,246528,0,295,0,0,849829888,0.000000,0.000000,0.000000,0.00,0,2,4,25,17,20,26,13,24,55,97,12,0,0,0,0,0,0,0.0006,0.0146,0.0412,0.0007,0.0030,0.0043,3.3468,0.0173,0.0000,0.3390,0.0005,0.0003,0.1257,0.0018,0.0007,0.0006
1819,22.2584,0.0000,11.6406,3.0079,,true,0,0.008333,0.0000,0.0000,1.00,0.00,0.0000,22,1,295,295,0,0,100,1,11,11,0,246528,0,295,0,0,849829888,0.000000,0.000000,0.000000,0.00,0,2,4,25,17,20,26,13,24,55,97,12,0,0,0,0,0,0,0.0001,0.0174,0.0423,0.0006,0.0025,0.0047,3.0079,0.0257,0.0000,0.3522,0.0005,0.0005,0.1220,0.0017,0.0008,0.0008
1820,22.2695,0.0000,10.9457,3.0617,,true,0,0.008333,0.0000,0.0000,1.00,0.00,0.0000,22,1,295,295,0,0,100,1,11,11,0,246528,0,295,0,0,849829888,0.000000,0.000000,0.000000,0.00,0,2,4,25,17,20,26,13,24,55,97,12,0,0,0,0,0,0,0.0003,0.0150,0.0332,0.0003,0.0020,0.0043,3.0617,0.0392,0.0000,0.3423,0.0004,0.0006,0.1124,0.0013,0.0006,0.0016
1821,22.2814,0.0000,11.4418,3.6656,,true,0,0.008333,0.0000,0.0000,1.00,0.00,0.0000,22,1,295,295,0,0,100,1,11,11,0,246528,0,295,0,0,849829888,0.000000,0.000000,0.000000,0.00,0,2,4,25,17,20,26,13,24,55,97,12,0,0,0,0,0,0,0.0001,0.0124,0.0524,0.0008,0.0031,0.0030,3.6656,0.0208,0.0000,0.3697,0.0007,0.0006,0.1330,0.0013,0.0009,0.0009
1822,22.2945,0.0000,11.9667,4.3794,,true,0,0.008333,0.0000,0.0000,1.00,0.00,0.0000,22,1,295,295,0,0,100,1,11,11,0,246528,0,295,0,0,849829888,0.000000,0.000000,0.000000,0.00,0,2,4,25,17,20,26,13,24,55,97,12,0,0,0,0,0,0,0.0009,0.0166,0.0351,0.0006,0.0045,0.0044,4.3794,0.0173,0.0000,0.4244,0.0008,0.0007,0.1807,0.0011,0.0009,0.0007
1823,22.3078,0.0000,12.7646,4.5986,,true,0,0.008333,0.0000,0.0000,1.00,0.00,0.0000,22,1,295,295,0,0,100,1,11,11,0,246528,0,295,0,0,849829888,0.000000,0.000000,0.000000,0.00,0,2,4,25,17,20,26,13,24,55,97,12,0,0,0,0,0,0,0.0010,0.0247,0.0376,0.0015,0.0038,0.0077,4.5986,0.0223,0.0000,0.4035,0.0006,0.0007,0.1389,0.0018,0.0008,0.0011
1824,22.3209,0.0000,14.8427,3.1744,,true,0,0.008333,0.0000,0.0000,1.00,0.00,0.0000,22,1,295,295,0,0,100,1,11,11,0,246528,0,295,0,0,849829888,0.000000,0.000000,0.000000,0.00,0,2,4,25,17,20,26,13,24,55,97,12,0,0,0,0,0,0,0.0002,0.0163,0.0333,0.0010,0.0034,0.0052,3.1744,0.0143,0.0000,0.3549,0.0005,0.0003,0.1308,0.0012,0.0010,0.0004
1825,22.3323,0.0000,11.0316,3.8015,,true,0,0.008333,0.0000,0.0000,1.00,0.00,0.0000,22,1,295,295,0,0,100,1,11,11,0,246528,0,295,0,0,849829888,0.000000,0.000000,0.000000,0.00,0,2,4,25,17,20,26,13,24,55,97,12,0,0,0,0,0,0,0.0006,0.0233,0.0520,0.0009,0.0041,0.0069,3.8015,0.0231,0.0000,0.4762,0.0008,0.0010,0.1827,0.0020,0.0013,0.0008
1826,22.3446,0.0000,13.0020,3.3527,,true,0,0.008333,0.0000,0.0000,1.00,0.00,0.0000,22,1,295,295,0,0,100,1,11,11,0,246528,0,295,0,0,849833984,0.000000,0.000000,0.000000,0.00,0,2,4,25,17,20,26,13,24,55,97,12,0,0,0,0,0,0,0.0002,0.0162,0.0343,0.0005,0.0013,0.0037,3.3527,0.0152,0.0000,0.3440,0.0005,0.0003,0.1221,0.0014,0.0010,0.0006
1827,22.3589,0.0000,13.7543,3.5763,,true,0,0.008333,0.0000,0.0000,1.00,0.00,0.0000,22,1,295,295,0,0,100,1,11,11,0,246528,0,295,0,0,849833984,0.000000,0.000000,0.000000,0.00,0,2,4,25,17,20,26,13,24,55,97,12,0,0,0,0,0,0,0.0004,0.0181,0.0345,0.0017,0.0034,0.0233,3.5763,0.0164,0.0000,0.3943,0.0005,0.0004,0.1466,0.0020,0.0009,0.0009
1828,22.3693,0.0000,11.1327,2.9762,,true,0,0.008333,0.0000,0.0000,1.00,0.00,0.0000,22,1,295,295,0,0,100,1,11,11,0,246528,0,295,0,0,849833984,0.000000,0.000000,0.000000,0.00,0,2,4,25,17,20,26,13,24,55,97,12,0,0,0,0,0,0,0.0004,0.0157,0.0339,0.0005,0.0030,0.0041,2.9762,0.0149,0.0000,0.3563,0.0010,0.0005,0.1360,0.0011,0.0013,0.0007
1829,22.3819,0.0000,12.5967,2.9910,,true,0,0.008333,0.0000,0.0000,1.00,0.00,0.0000,22,1,295,295,0,0,100,1,11,11,0,246528,0,295,0,0,849833984,0.000000,0.000000,0.000000,0.00,0,2,4,25,17,20,26,13,24,55,97,12,0,0,0,0,0,0,0.0001,0.0134,0.0348,0.0004,0.0028,0.0046,2.9910,0.0158,0.0000,0.3542,0.0008,0.0006,0.1298,0.0014,0.0010,0.0008
1830,22.3946,0.0000,12.4162,3.2993,,true,0,0.008333,0.0000,0.0000,1.00,0.00,0.0000,22,1,295,295,0,0,100,1,11,11,0,246528,0,295,0,0,849833984,0.000000,0.000000,0.000000,0.00,0,2,4,25,17,20,26,13,24,55,97,12,0,0,0,0,0,0,0.0001,0.0168,0.0318,0.0009,0.0023,0.0043,3.2993,0.0171,0.0000,0.3683,0.0007,0.0006,0.1330,0.0011,0.0016,0.0010
1831,22.4099,0.0000,14.2513,4.1151,,true,0,0.008333,0.0000,0.0000,1.00,0.00,0.0000,22,1,295,295,0,0,100,1,11,11,0,246528,0,295,0,0,849833984,0.000000,0.000000,0.000000,0.00,0,2,4,25,17,20,26,13,24,55,97,12,0,0,0,0,0,0,0.0006,0.0394,0.0601,0.0006,0.0013,0.0116,4.1151,0.0815,0.0000,0.4808,0.0008,0.0008,0.1783,0.0017,0.0014,0.0006
1832,22.4221,0.0000,13.5615,2.9528,,true,0,0.008333,0.0000,0.0000,1.00,0.00,0.0000,22,1,295,295,0,0,100,1,11,11,0,246528,0,295,0,0,849833984,0.000000,0.000000,0.000000,0.00,0,2,4,25,17,20,26,13,24,55,97,12,0,0,0,0,0,0,0.0004,0.0173,0.0364,0.0006,0.0026,0.0046,2.9528,0.0144,0.0000,0.4018,0.0005,0.0004,0.1309,0.0011,0.0010,0.0013
1833,22.4368,0.0000,12.9057,4.4838,,true,0,0.008333,0.0000,0.0000,1.00,0.00,0.0000,22,1,295,295,0,0,100,1,11,11,0,246528,0,295,0,0,849833984,0.000000,0.000000,0.000000,0.00,0,2,4,25,17,20,26,13,24,55,97,12,0,0,0,0,0,0,0.0003,0.0598,0.0438,0.0015,0.0058,0.0096,4.4838,0.0256,0.0000,0.4298,0.0005,0.0003,0.1208,0.0013,0.0015,0.0011
1834,22.4478,0.0000,11.1974,3.9106,,true,0,0.008333,0.0000,0.0000,1.00,0.00,0.0000,22,1,295,295,0,0,100,1,11,11,0,246528,0,295,0,0,849833984,0.000000,0.000000,0.000000,0.00,0,2,4,25,17,20,26,13,24,55,97,12,0,0,0,0,0,0,0.0011,0.0204,0.0365,0.0012,0.0030,0.0045,3.9106,0.0235,0.0000,0.3861,0.0005,0.0006,0.1391,0.0012,0.0010,0.0009
1835,22.4617,0.0000,13.7744,4.2976,,true,0,0.008333,0.0000,0.0000,1.00,0.00,0.0000,22,1,295,295,0,0,100,1,11,11,0,246528,0,295,0,0,849833984,0.000000,0.000000,0.000000,0.00,0,2,4,25,17,20,26,13,24,55,97,12,0,0,0,0,0,0,0.0008,0.0277,0.0506,0.0011,0.0227,0.0051,4.2976,0.0105,0.0000,0.4007,0.0006,0.0005,0.1388,0.0015,0.0013,0.0009
1836,22.4788,0.0000,12.1221,9.5730,,true,0,0.008333,0.0000,0.0000,1.00,0.00,0.0000,22,1,295,295,0,0,100,1,11,11,0,246528,0,295,0,0,849833984,0.000000,0.000000,0.000000,0.00,0,2,4,25,17,20,26,13,24,55,97,12,0,0,0,0,0,0,0.0004,0.0190,0.0642,0.0012,0.0028,0.0063,9.5730,0.0243,0.0000,5.2517,0.0002,0.0829,0.1119,0.0028,0.0005,4.8642
1837,22.4866,0.0000,13.9465,3.2469,,true,0,0.008333,0.0000,0.0000,1.00,0.00,0.0000,22,1,295,295,0,0,100,1,11,11,0,246528,0,295,0,0,849833984,0.000000,0.000000,0.000000,0.00,0,2,4,25,17,20,26,13,24,55,97,12,0,0,0,0,0,0,0.0007,0.0162,0.0350,0.0008,0.0031,0.0052,3.2469,0.0140,0.0000,0.4213,0.0008,0.0012,0.1593,0.0019,0.0022,0.0009
1838,22.5014,0.0000,12.9820,4.5182,,true,0,0.008333,0.0000,0.0000,1.00,0.00,0.0000,22,1,295,295,0,0,100,1,11,11,0,246528,0,295,0,0,849833984,0.000000,0.000000,0.000000,0.00,0,2,4,25,17,20,26,13,24,55,97,12,0,0,0,0,0,0,0.0004,0.0210,0.0343,0.0014,0.0034,0.0047,4.5182,0.0169,0.0000,0.3807,0.0004,0.0004,0.1378,0.0014,0.0008,0.0008
1839,22.5121,0.0000,12.0088,3.8252,,true,0,0.008333,0.0000,0.0000,1.00,0.00,0.0000,22,1,295,295,0,0,100,1,11,11,0,246528,0,295,0,0,849833984,0.000000,0.000000,0.000000,0.00,0,2,4,25,17,20,26,13,24,55,97,12,0,0,0,0,0,0,0.0008,0.0202,0.0335,0.0015,0.0037,0.0069,3.8252,0.0209,0.0000,0.3996,0.0005,0.0007,0.1465,0.0016,0.0011,0.0009
1840,22.5275,0.0000,13.9872,5.1908,,true,0,0.008333,0.0000,0.0000,1.00,0.00,0.0000,22,1,295,295,0,0,100,1,11,11,0,246528,0,295,0,0,849833984,0.000000,0.000000,0.000000,0.00,0,2,4,25,17,20,26,13,24,55,97,12,0,0,0,0,0,0,0.0004,0.0191,0.0435,0.0012,0.0043,0.0055,5.1908,0.0183,0.0000,0.4163,0.0007,0.0007,0.1551,0.0023,0.0015,0.0009
1841,22.5395,0.0000,13.4703,3.6565,,true,0,0.008333,0.0000,0.0000,1.00,0.00,0.0000,22,1,295,295,0,0,100,1,11,11,0,246528,0,295,0,0,849833984,0.000000,0.000000,0.000000,0.00,0,2,4,25,17,20,26,13,24,55,97,12,0,0,0,0,0,0,0.0004,0.0174,0.0365,0.0007,0.0035,0.0051,3.6565,0.0176,0.0000,0.3840,0.0004,0.0006,0.1439,0.0020,0.0009,0.0009
1842,22.5499,0.0000,11.3829,2.9280,,true,0,0.008333,0.0000,0.0000,1.00,0.00,0.0000,22,1,295,295,0,0,100,1,11,11,0,246528,0,295,0,0,849833984,0.000000,0.000000,0.000000,0.00,0,2,4,25,17,20,26,13,24,55,97,12,0,0,0,0,0,0,0.0003,0.0199,0.0357,0.0006,0.0025,0.0058,2.9280,0.0319,0.0000,0.3626,0.0003,0.0004,0.1337,0.0011,0.0012,0.0010
1843,22.5616,0.0000,11.7470,2.9898,,true,0,0.008333,0.0000,0.0000,1.00,0.00,0.0000,22,1,295,295,0,0,100,1,11,11,0,246528,0,295,0,0,849833984,0.000000,0.000000,0.000000,0.00,0,2,4,25,17,20,26,13,24,55,97,12,0,0,0,0,0,0,0.0002,0.0144,0.0360,0.0007,0.0044,0.0038,2.9898,0.0168,0.0000,0.3707,0.0002,0.0005,0.1328,0.0017,0.0011,0.0006
1844,22.5738,0.0000,12.0148,3.1971,,true,0,0.008333,0.0000,0.0000,1.00,0.00,0.0000,22,1,295,295,0,0,100,1,11,11,0,246528,0,295,0,0,849833984,0.000000,0.000000,0.000000,0.00,0,2,4,25,17,20,26,13,24,55,97,12,0,0,0,0,0,0,0.0002,0.0133,0.0353,0.0005,0.0022,0.0036,3.1971,0.0173,0.0000,0.3633,0.0005,0.0002,0.1391,0.0012,0.0014,0.0007
1845,22.5863,0.0000,12.2478,3.2628,,true,0,0.008333,0.0000,0.0000,1.00,0.00,0.0000,22,1,295,295,0,0,100,1,11,11,0,246528,0,295,0,0,849833984,0.000000,0.000000,0.000000,0.00,0,2,4,25,17,20,26,13,24,55,97,12,0,0,0,0,0,0,0.0004,0.0165,0.0337,0.0008,0.0025,0.0041,3.2628,0.0130,0.0000,0.3498,0.0005,0.0003,0.1231,0.0017,0.0006,0.0007
1846,22.5972,0.0000,11.5687,2.9628,,true,0,0.008333,0.0000,0.0000,1.00,0.00,0.0000,22,1,295,295,0,0,100,1,11,11,0,246528,0,295,0,0,849833984,0.000000,0.000000,0.000000,0.00,0,2,4,25,17,20,26,13,24,55,97,12,0,0,0,0,0,0,0.0002,0.0133,0.0331,0.0005,0.0019,0.0041,2.9628,0.0157,0.0000,0.4418,0.0010,0.0007,0.1296,0.0014,0.0010,0.0011
1847,22.6091,0.0000,11.8930,2.8596,,true,0,0.008333,0.0000,0.0000,1.00,0.00,0.0000,22,1,295,295,0,0,100,1,11,11,0,246528,0,295,0,0,849833984,0.000000,0.000000,0.000000,0.00,0,2,4,25,17,20,26,13,24,55,97,12,0,0,0,0,0,0,0.0001,0.0130,0.0337,0.0003,0.0014,0.0041,2.8596,0.0159,0.0000,0.3273,0.0001,0.0002,0.1210,0.0005,0.0009,0.0006
1848,22.6216,0.0000,11.7366,3.4859,,true,0,0.008333,0.0000,0.0000,1.00,0.00,0.0000,22,1,295,295,0,0,100,1,11,11,0,246528,0,295,0,0,849833984,0.000000,0.000000,0.000000,0.00,0,2,4,25,17,20,26,13,24,55,97,12,0,0,0,0,0,0,0.0001,0.0153,0.0333,0.0004,0.0018,0.0034,3.4859,0.0160,0.0000,0.3395,0.0005,0.0003,0.1188,0.0013,0.0010,0.0007
1849,22.6347,0.0000,13.1031,3.3859,,true,0,0.008333,0.0000,0.0000,1.00,0.00,0.0000,22,1,295,295,0,0,100,1,11,11,0,246528,0,295,0,0,849833984,0.000000,0.000000,0.000000,0.00,0,2,4,25,17,20,26,13,24,55,97,12,0,0,0,0,0,0,0.0003,0.0218,0.0335,0.0006,0.0027,0.0052,3.3859,0.0188,0.0000,0.3416,0.0007,0.0001,0.1263,0.0014,0.0013,0.0009
1850,22.6477,0.0000,13.4675,2.9963,,true,0,0.008333,0.0000,0.0000,1.00,0.00,0.0000,22,1,295,295,0,0,100,1,11,11,0,246528,0,295,0,0,849833984,0.000000,0.000000,0.000000,0.00,0,2,4,25,17,20,26,13,24,55,97,12,0,0,0,0,0,0,0.0002,0.0158,0.0369,0.0005,0.0029,0.0053,2.9963,0.0159,0.0000,0.3689,0.0005,0.0005,0.1360,0.0015,0.0006,0.0009
1851,22.6599,0.0000,12.2143,3.1786,,true,0,0.008333,0.0000,0.0000,1.00,0.00,0.0000,22,1,295,295,0,0,100,1,11,11,0,246528,0,295,0,0,849833984,0.000000,0.000000,0.000000,0.00,0,2,4,25,17,20,26,13,24,55,97,12,0,0,0,0,0,0,0.0003,0.0143,0.0369,0.0010,0.0034,0.0060,3.1786,0.0178,0.0000,0.3544,0.0004,0.0008,0.1276,0.0013,0.0005,0.0006
1852,22.6733,0.0000,12.7366,3.5655,,true,0,0.008333,0.0000,0.0000,1.00,0.00,0.0000,22,1,295,295,0,0,100,1,11,11,0,246528,0,295,0,0,849833984,0.000000,0.000000,0.000000,0.00,0,2,4,25,17,20,26,13,24,55,97,12,0,0,0,0,0,0,0.0003,0.0181,0.0368,0.0007,0.0019,0.0063,3.5655,0.0183,0.0000,0.4279,0.0005,0.0003,0.1278,0.0020,0.0010,0.0009
1853,22.6890,0.0000,13.9216,5.1562,,true,0,0.008333,0.0000,0.0000,1.00,0.00,0.0000,22,1,295,295,0,0,100,1,11,11,0,246528,0,295,0,0,849833984,0.000000,0.000000,0.000000,0.00,0,2,4,25,17,20,26,13,24,55,97,12,0,0,0,0,0,0,0.0014,0.0433,0.0644,0.0015,0.0030,0.0101,5.1562,0.0286,0.0000,0.4665,0.0008,0.0013,0.1540,0.0027,0.0019,0.0013
1854,22.7006,0.0000,13.0926,3.8631,,true,0,0.008333,0.0000,0.0000,1.00,0.00,0.0000,22,1,295,295,0,0,100,1,11,11,0,246528,0,295,0,0,849833984,0.000000,0.000000,0.000000,0.00,0,2,4,25,17,20,26,13,24,55,97,12,0,0,0,0,0,0,0.0006,0.0235,0.0375,0.0007,0.0024,0.0053,3.8631,0.0175,0.0000,0.3723,0.0005,0.0005,0.1338,0.0016,0.0009,0.0007
1855,22.7160,0.0000,12.6814,6.4205,,true,0,0.008333,0.0000,0.0000,1.00,0.00,0.0000,22,1,295,295,0,0,100,1,11,11,0,246528,0,295,0,0,849833984,0.000000,0.000000,0.000000,0.00,0,2,4,25,17,20,26,13,24,55,97,12,0,0,0,0,0,0,0.0027,0.1084,0.0596,0.0013,0.0036,0.0212,6.4205,0.0236,0.0000,0.9389,0.0017,0.0010,0.3220,0.0046,0.0032,0.0014
1856,22.7278,0.0000,14.4118,3.8469,,true,0,0.008333,0.0000,0.0000,1.00,0.00,0.0000,22,1,295,295,0,0,100,1,11,11,0,246528,0,295,0,0,849833984,0.000000,0.000000,0.000000,0.00,0,2,4,25,17,20,26,13,24,55,97,12,0,0,0,0,0,0,0.0002,0.0188,0.0466,0.0008,0.0045,0.0073,3.8469,0.0319,0.0000,0.5089,0.0005,0.0005,0.1943,0.0137,0.0011,0.0012
1857,22.7431,0.0000,15.0128,3.4313,,true,0,0.008333,0.0000,0.0000,1.00,0.00,0.0000,22,1,295,295,0,0,100,1,11,11,0,246528,0,295,0,0,849833984,0.000000,0.000000,0.000000,0.00,0,2,4,25,17,20,26,13,24,55,97,12,0,0,0,0,0,0,0.0002,0.0174,0.0333,0.0008,0.0038,0.0052,3.4313,0.0158,0.0000,0.3694,0.0008,0.0002,0.1346,0.0014,0.0011,0.0008
1858,22.7537,0.0000,10.9378,3.9611,,true,0,0.008333,0.0000,0.0000,1.00,0.00,0.0000,22,1,295,295,0,0,100,1,11,11,0,246528,0,295,0,0,849833984,0.000000,0.000000,0.000000,0.00,0,2,4,25,17,20,26,13,24,55,97,12,0,0,0,0,0,0,0.0004,0.0168,0.0399,0.0008,0.0027,0.0047,3.9611,0.0143,0.0000,0.3522,0.0006,0.0004,0.1290,0.0014,0.0007,0.0005
1859,22.7707,0.0000,14.8277,5.5597,,true,0,0.008333,0.0000,0.0000,1.00,0.00,0.0000,22,1,295,295,0,0,100,1,11,11,0,246528,0,295,0,0,849833984,0.000000,0.000000,0.000000,0.00,0,2,4,25,17,20,26,13,24,55,97,12,0,0,0,0,0,0,0.0033,0.0250,0.0381,0.0069,0.0032,0.0075,5.5597,0.0182,0.0000,0.4782,0.0006,0.0012,0.1974,0.0019,0.0013,0.0006
1860,22.7833,0.0000,14.2861,3.9721,,true,0,0.008333,0.0000,0.0000,1.00,0.00,0.0000,22,1,295,295,0,0,100,1,11,11,0,246528,0,295,0,0,849833984,0.000000,0.000000,0.000000,0.00,0,2,4,25,17,20,26,13,24,55,97,12,0,0,0,0,0,0,0.0008,0.0273,0.0446,0.0015,0.0057,0.0075,3.9721,0.0244,0.0000,0.5260,0.0010,0.0014,0.1665,0.0015,0.0014,0.0020
1861,22.7949,0.0000,12.9933,2.8338,,true,0,0.008333,0.0000,0.0000,1.00,0.00,0.0000,22,1,295,295,0,0,100,1,11,11,0,246528,0,295,0,0,849833984,0.000000,0.000000,0.000000,0.00,0,2,4,25,17,20,26,13,24,55,97,12,0,0,0,0,0,0,0.0002,0.0099,0.0372,0.0020,0.0039,0.0018,2.8338,0.0147,0.0000,0.3497,0.0007,0.0009,0.1316,0.0012,0.0009,0.0008
1862,22.8062,0.0000,11.1455,3.2378,,true,0,0.008333,0.0000,0.0000,1.00,0.00,0.0000,22,1,295,295,0,0,100,1,11,11,0,246528,0,295,0,0,849833984,0.000000,0.000000,0.000000,0.00,0,2,4,25,17,20,26,13,24,55,97,12,0,0,0,0,0,0,0.0002,0.0185,0.0439,0.0007,0.0031,0.0060,3.2378,0.0203,0.0000,0.4513,0.0007,0.0009,0.1791,0.0013,0.0010,0.0009
1863,22.8170,0.0000,10.7465,3.3081,,true,0,0.008333,0.0000,0.0000,1.00,0.00,0.0000,22,1,295,295,0,0,100,1,11,11,0,246528,0,295,0,0,849833984,0.000000,0.000000,0.000000,0.00,0,2,4,25,17,20,26,13,24,55,97,12,0,0,0,0,0,0,0.0002,0.0151,0.0481,0.0011,0.0023,0.0060,3.3081,0.0205,0.0000,0.4654,0.0005,0.0004,0.1409,0.0025,0.0008,0.0004
1864,22.8294,0.0000,12.3470,3.2772,,true,0,0.008333,0.0000,0.0000,1.00,0.00,0.0000,22,1,295,295,0,0,100,1,11,11,0,246528,0,295,0,0,849833984,0.000000,0.000000,0.000000,0.00,0,2,4,25,17,20,26,13,24,55,97,12,0,0,0,0,0,0,0.0002,0.0155,0.0344,0.0011,0.0026,0.0061,3.2772,0.0162,0.0000,0.3461,0.0000,0.0000,0.1319,0.0014,0.0004,0.0010
1865,22.8450,0.0000,14.2479,3.8704,,true,0,0.008333,0.0000,0.0000,1.00,0.00,0.0000,22,1,295,295,0,0,100,1,11,11,0,246528,0,295,0,0,849833984,0.000000,0.000000,0.000000,0.00,0,2,4,25,17,20,26,13,24,55,97,12,0,0,0,0,0,0,0.0006,0.0196,0.0339,0.0011,0.0035,0.0043,3.8704,0.0151,0.0000,0.3708,0.0003,0.0003,0.1248,0.0011,0.0007,0.0006
1866,22.8550,0.0000,11.3661,3.2684,,true,0,0.008333,0.0000,0.0000,1.00,0.00,0.0000,22,1,295,295,0,0,100,1,11,11,0,246528,0,295,0,0,849833984,0.000000,0.000000,0.000000,0.00,0,2,4,25,17,20,26,13,24,55,97,12,0,0,0,0,0,0,0.0005,0.0179,0.0351,0.0008,0.0036,0.0063,3.2684,0.0160,0.0000,0.3901,0.0005,0.0007,0.1393,0.0012,0.0009,0.0012
1867,22.8676,0.0000,12.4222,3.3150,,true,0,0.008333,0.0000,0.0000,1.00,0.00,0.0000,22,1,295,295,0,0,100,1,11,11,0,246528,0,295,0,0,849833984,0.000000,0.000000,0.000000,0.00,0,2,4,25,17,20,26,13,24,55,97,12,0,0,0,0,0,0,0.0011,0.0142,0.0357,0.0008,0.0040,0.0044,3.3150,0.0182,0.0000,0.3664,0.0005,0.0003,0.1399,0.0011,0.0012,0.0007
1868,22.8799,0.0000,12.5263,3.1236,,true,0,0.008333,0.0000,0.0000,1.00,0.00,0.0000,22,1,295,295,0,0,100,1,11,11,0,246528,0,295,0,0,849833984,0.000000,0.000000,0.000000,0.00,0,2,4,25,17,20,26,13,24,55,97,12,0,0,0,0,0,0,0.0005,0.0201,0.0371,0.0009,0.0029,0.0055,3.1236,0.0198,0.0000,0.4052,0.0006,0.0000,0.1390,0.0013,0.0014,0.0005
1869,22.8907,0.0000,11.1754,2.8678,,true,0,0.008333,0.0000,0.0000,1.00,0.00,0.0000,22,1,295,295,0,0,100,1,11,11,0,246528,0,295,0,0,849833984,0.000000,0.000000,0.000000,0.00,0,2,4,25,17,20,26,13,24,55,97,12,0,0,0,0,0,0,0.0002,0.0227,0.0338,0.0009,0.0029,0.0052,2.8678,0.0154,0.0000,0.3435,0.0005,0.0006,0.1281,0.0011,0.0010,0.0012
1870,22.9035,0.0000,12.9050,2.7710,,true,0,0.008333,0.0000,0.0000,1.00,0.00,0.0000,22,1,295,295,0,0,100,1,11,11,0,246528,0,295,0,0,849833984,0.000000,0.000000,0.000000,0.00,0,2,4,25,17,20,26,13,24,55,97,12,0,0,0,0,0,0,0.0004,0.0152,0.0328,0.0009,0.0023,0.0039,2.7710,0.0138,0.0000,0.3495,0.0004,0.0006,0.1235,0.0011,0.0011,0.0008
1871,22.9175,0.0000,13.1173,3.5624,,true,0,0.008333,0.0000,0.0000,1.00,0.00,0.0000,22,1,295,295,0,0,100,1,11,11,0,246528,0,295,0,0,849833984,0.000000,0.000000,0.000000,0.00,0,2,4,25,17,20,26,13,24,55,97,12,0,0,0,0,0,0,0.0004,0.0397,0.0357,0.0008,0.0026,0.0062,3.5624,0.0143,0.0000,0.4416,0.0007,0.0005,0.1466,0.0020,0.0012,0.0034
1872,22.9299,0.0000,12.3298,3.6515,,true,0,0.008333,0.0000,0.0000,1.00,0.00,0.0000,22,1,295,295,0,0,100,1,11,11,0,246528,0,295,0,0,849833984,0.000000,0.000000,0.000000,0.00,0,2,4,25,17,20,26,13,24,55,97,12,0,0,0,0,0,0,0.0008,0.0221,0.0350,0.0007,0.0030,0.0060,3.6515,0.0198,0.0000,0.3604,0.0006,0.0010,0.1376,0.0013,0.0007,0.0010
1873,22.9481,0.0000,17.6483,4.0735,,true,0,0.008333,0.0000,0.0000,1.00,0.00,0.0000,22,1,295,295,0,0,100,1,11,11,0,246528,0,295,0,0,849833984,0.000000,0.000000,0.000000,0.00,0,2,4,25,17,20,26,13,24,55,97,12,0,0,0,0,0,0,0.0006,0.0169,0.0322,0.0024,0.0047,0.0176,4.0735,0.0141,0.0000,0.3520,0.0004,0.0006,0.1292,0.0011,0.0006,0.0004
1874,22.9558,0.0000,9.1474,2.9497,,true,0,0.008333,0.0000,0.0000,1.00,0.00,0.0000,22,1,295,295,0,0,100,1,11,11,0,246528,0,295,0,0,849833984,0.000000,0.000000,0.000000,0.00,0,2,4,25,17,20,26,13,24,55,97,12,0,0,0,0,0,0,0.0004,0.0184,0.0330,0.0006,0.0034,0.0048,2.9497,0.0172,0.0000,0.3461,0.0008,0.0005,0.1319,0.0011,0.0005,0.0006
1875,22.9685,0.0000,12.0757,3.2067,,true,0,0.008333,0.0000,0.0000,1.00,0.00,0.0000,22,1,295,295,0,0,100,1,11,11,0,246528,0,295,0,0,849833984,0.000000,0.000000,0.000000,0.00,0,2,4,25,17,20,26,13,24,55,97,12,0,0,0,0,0,0,0.0003,0.0122,0.0313,0.0007,0.0022,0.0025,3.2067,0.0142,0.0000,0.3324,0.0006,0.0006,0.1199,0.0012,0.0008,0.0008
1876,22.9808,0.0000,11.5109,3.8069,,true,0,0.008333,0.0000,0.0000,1.00,0.00,0.0000,22,1,295,295,0,0,100,1,11,11,0,246528,0,295,0,0,849833984,0.000000,0.000000,0.000000,0.00,0,2,4,25,17,20,26,13,24,55,97,12,0,0,0,0,0,0,0.0004,0.0135,0.0384,0.0017,0.0031,0.0040,3.8069,0.0126,0.0000,0.3661,0.0004,0.0008,0.1445,0.0012,0.0012,0.0010
1877,22.9940,0.0000,13.2873,3.7586,,true,0,0.008333,0.0000,0.0000,1.00,0.00,0.0000,22,1,295,295,0,0,100,1,11,11,0,246528,0,295,0,0,849833984,0.000000,0.000000,0.000000,0.00,0,2,4,25,17,20,26,13,24,55,97,12,0,0,0,0,0,0,0.0006,0.0142,0.0330,0.0022,0.0030,0.0037,3.7586,0.0125,0.0000,0.3243,0.0007,0.0006,0.1151,0.0012,0.0006,0.0006
1878,23.0047,0.0000,11.5444,3.3003,,true,0,0.008333,0.0000,0.0000,1.00,0.00,0.0000,22,1,295,295,0,0,100,1,11,11,0,246528,0,295,0,0,849833984,0.000000,0.000000,0.000000,0.00,0,2,4,25,17,20,26,13,24,55,97,12,0,0,0,0,0,0,0.0003,0.0119,0.0331,0.0007,0.0024,0.0048,3.3003,0.0166,0.0000,0.3332,0.0006,0.0004,0.1217,0.0012,0.0015,0.0006
1879,23.0175,0.0000,12.6680,3.3828,,true,0,0.008333,0.0000,0.0000,1.00,0.00,0.0000,22,1,295,295,0,0,100,1,11,11,0,246528,0,295,0,0,849833984,0.000000,0.000000,0.000000,0.00,0,2,4,25,17,20,26,13,24,55,97,12,0,0,0,0,0,0,0.0004,0.0221,0.0463,0.0006,0.0047,0.0072,3.3828,0.0175,0.0000,0.3907,0.0003,0.0008,0.1370,0.0018,0.0011,0.0010
1880,23.0314,0.0000,11.9259,5.0886,,true,0,0.008333,0.0000,0.0000,1.00,0.00,0.0000,22,1,295,295,0,0,100,1,11,11,0,246528,0,295,0,0,849833984,0.000000,0.000000,0.000000,0.00,0,2,4,25,17,20,26,13,24,55,97,12,0,0,0,0,0,0,0.0002,0.0149,0.0529,0.0004,0.0023,0.0027,5.0886,0.0237,0.0000,0.4208,0.0006,0.0010,0.1530,0.0030,0.0010,0.0007
1881,23.0472,0.0000,17.1785,3.7220,,true,0,0.008333,0.0000,0.0000,1.00,0.00,0.0000,22,1,295,295,0,0,100,1,11,11,0,246528,0,295,0,0,849833984,0.000000,0.000000,0.000000,0.00,0,2,4,25,17,20,26,13,24,55,97,12,0,0,0,0,0,0,0.0005,0.0278,0.0345,0.0011,0.0031,0.0051,3.7220,0.0202,0.0000,0.3923,0.0021,0.0004,0.1261,0.0015,0.0009,0.0005
1882,23.0582,0.0000,11.5875,3.3264,,true,0,0.008333,0.0000,0.0000,1.00,0.00,0.0000,22,1,295,295,0,0,100,1,11,11,0,246528,0,295,0,0,849833984,0.000000,0.000000,0.000000,0.00,0,2,4,25,17,20,26,13,24,55,97,12,0,0,0,0,0,0,0.0001,0.0191,0.0349,0.0006,0.0020,0.0038,3.3264,0.0161,0.0000,0.4232,0.0006,0.0004,0.1969,0.0016,0.0008,0.0005
1883,23.0674,0.0000,10.0874,2.6247,,true,0,0.008333,0.0000,0.0000,1.00,0.00,0.0000,22,1,295,295,0,0,100,1,11,11,0,246528,0,295,0,0,849833984,0.000000,0.000000,0.000000,0.00,0,2,4,25,17,20,26,13,24,55,97,12,0,0,0,0,0,0,0.0003,0.0155,0.0304,0.0007,0.0025,0.0043,2.6247,0.0128,0.0000,0.3495,0.0005,0.0003,0.1307,0.0012,0.0006,0.0004
1884,23.0815,0.0000,13.0845,3.5245,,true,0,0.008333,0.0000,0.0000,1.00,0.00,0.0000,22,1,295,295,0,0,100,1,11,11,0,246528,0,295,0,0,849833984,0.000000,0.000000,0.000000,0.00,0,2,4,25,17,20,26,13,24,55,97,12,0,0,0,0,0,0,0.0007,0.0224,0.0692,0.0019,0.0035,0.0056,3.5245,0.0159,0.0000,0.5339,0.0012,0.0009,0.2089,0.0028,0.0010,0.0015
1885,23.0938,0.0000,12.4544,3.1427,,true,0,0.008333,0.0000,0.0000,1.00,0.00,0.0000,22,1,295,295,0,0,100,1,11,11,0,246528,0,295,0,0,849833984,0.000000,0.000000,0.000000,0.00,0,2,4,25,17,20,26,13,24,55,97,12,0,0,0,0,0,0,0.0008,0.0183,0.0352,0.0011,0.0041,0.0053,3.1427,0.0165,0.0000,0.4042,0.0005,0.0008,0.1721,0.0016,0.0012,0.0007
1886,23.1067,0.0000,12.8792,3.4463,,true,0,0.008333,0.0000,0.0000,1.00,0.00,0.0000,22,1,295,295,0,0,100,1,11,11,0,246528,0,295,0,0,849833984,0.000000,0.000000,0.000000,0.00,0,2,4,25,17,20,26,13,24,55,97,12,0,0,0,0,0,0,0.0004,0.0203,0.0390,0.0013,0.0031,0.0062,3.4463,0.0199,0.0000,0.4016,0.0006,0.0007,0.1620,0.0019,0.0016,0.0013
1887,23.1200,0.0000,13.0279,3.8618,,true,0,0.008333,0.0000,0.0000,1.00,0.00,0.0000,22,1,295,295,0,0,100,1,11,11,0,246528,0,295,0,0,849833984,0.000000,0.000000,0.000000,0.00,0,2,4,25,17,20,26,13,24,55,97,12,0,0,0,0,0,0,0.0001,0.0162,0.0341,0.0006,0.0029,0.0037,3.8618,0.0202,0.0000,0.3369,0.0008,0.0004,0.1165,0.0010,0.0010,0.0010
1888,23.1378,0.0000,16.1835,4.2833,,true,0,0.008333,0.0000,0.0000,1.00,0.00,0.0000,22,1,295,295,0,0,100,1,11,11,0,246528,0,295,0,0,849833984,0.000000,0.000000,0.000000,0.00,0,2,4,25,17,20,26,13,24,55,97,12,0,0,0,0,0,0,0.0005,0.0185,0.0418,0.0011,0.0044,0.0064,4.2833,0.0194,0.0000,0.4052,0.0006,0.0010,0.1582,0.0021,0.0016,0.0012
1889,23.1564,0.0000,17.8603,5.4579,,true,0,0.008333,0.0000,0.0000,1.00,0.00,0.0000,22,1,295,295,0,0,100,1,11,11,0,246528,0,295,0,0,849833984,0.000000,0.000000,0.000000,0.00,0,2,4,25,17,20,26,13,24,55,97,12,0,0,0,0,0,0,0.0004,0.0249,0.0478,0.0009,0.0035,0.0076,5.4579,0.0240,0.0000,0.4816,0.0006,0.0004,0.1701,0.0014,0.0014,0.0014
1890,23.1664,0.0000,10.7086,5.1028,,true,0,0.008333,0.0000,0.0000,1.00,0.00,0.0000,22,1,295,295,0,0,100,1,11,11,0,246528,0,295,0,0,849833984,0.000000,0.000000,0.000000,0.00,0,2,4,25,17,20,26,13,24,55,97,12,0,0,0,0,0,0,0.0006,0.0235,0.0418,0.0012,0.0033,0.0075,5.1028,0.0286,0.0000,0.5957,0.0005,0.0006,0.1651,0.0018,0.0013,0.0007
1891,23.1788,0.0000,13.2007,4.1685,,true,0,0.008333,0.0000,0.0000,1.00,0.00,0.0000,22,1,295,295,0,0,100,1,11,11,0,246528,0,295,0,0,849833984,0.000000,0.000000,0.000000,0.00,0,2,4,25,17,20,26,13,24,55,97,12,0,0,0,0,0,0,0.0006,0.0369,0.0347,0.0019,0.0050,0.0083,4.1685,0.0195,0.0000,0.4394,0.0010,0.0011,0.1242,0.0012,0.0024,0.0008
1892,23.1902,0.0000,12.6300,3.0612,,true,0,0.008333,0.0000,0.0000,1.00,0.00,0.0000,22,1,295,295,0,0,100,1,11,11,0,246528,0,295,0,0,849833984,0.000000,0.000000,0.000000,0.00,0,2,4,25,17,20,26,13,24,55,97,12,0,0,0,0,0,0,0.0002,0.0190,0.0347,0.0007,0.0050,0.0044,3.0612,0.0162,0.0000,0.3562,0.0002,0.0004,0.1328,0.0010,0.0004,0.0004
1893,23.2018,0.0000,11.9799,2.8949,,true,0,0.008333,0.0000,0.0000,1.00,0.00,0.0000,22,1,295,295,0,0,100,1,11,11,0,246528,0,295,0,0,849858560,0.000000,0.000000,0.000000,0.00,0,2,4,25,17,20,26,13,24,55,97,12,0,0,0,0,0,0,0.0005,0.0169,0.0338,0.0014,0.0034,0.0057,2.8949,0.0150,0.0000,0.3561,0.0008,0.0005,0.1260,0.0015,0.0008,0.0014
1894,23.2139,0.0000,12.1481,2.7373,,true,0,0.008333,0.0000,0.0000,1.00,0.00,0.0000,22,1,295,295,0,0,100,1,11,11,0,246528,0,295,0,0,849858560,0.000000,0.000000,0.000000,0.00,0,2,4,25,17,20,26,13,24,55,97,12,0,0,0,0,0,0,0.0002,0.0093,0.0312,0.0007,0.0027,0.0042,2.7373,0.0163,0.0000,0.3473,0.0007,0.0007,0.1256,0.0011,0.0012,0.0009
1895,23.2327,0.0000,12.5649,9.1894,,true,0,0.008333,0.0000,0.0000,1.00,0.00,0.0000,22,1,295,295,0,0,100,1,11,11,0,246528,0,295,0,0,849858560,0.000000,0.000000,0.000000,0.00,0,2,4,25,17,20,26,13,24,55,97,12,0,0,0,0,0,0,0.0007,0.0170,0.0435,0.0022,0.0035,0.0077,9.1894,0.0224,0.0000,5.0624,0.0010,0.1373,0.2401,0.0048,0.0003,4.3949
1896,23.2381,0.0000,10.5889,3.5928,,true,0,0.008333,0.0000,0.0000,1.00,0.00,0.0000,22,1,295,295,0,0,100,1,11,11,0,246528,0,295,0,0,849858560,0.000000,0.000000,0.000000,0.00,0,2,4,25,17,20,26,13,24,55,97,12,0,0,0,0,0,0,0.0004,0.0131,0.0314,0.0010,0.0025,0.0053,3.5928,0.0120,0.0000,0.3476,0.0005,0.0006,0.1302,0.0014,0.0006,0.0010
1897,23.2525,0.0000,13.3486,4.1880,,true,0,0.008333,0.0000,0.0000,1.00,0.00,0.0000,22,1,295,295,0,0,100,1,11,11,0,246528,0,295,0,0,849858560,0.000000,0.000000,0.000000,0.00,0,2,4,25,17,20,26,13,24,55,97,12,0,0,0,0,0,0,0.0009,0.0338,0.0578,0.0021,0.0065,0.0108,4.1880,0.0258,0.0000,0.5694,0.0018,0.0003,0.2125,0.0024,0.0027,0.0008
1898,23.2645,0.0000,11.8752,4.9684,,true,0,0.008333,0.0000,0.0000,1.00,0.00,0.0000,22,1,295,295,0,0,100,1,11,11,0,246528,0,295,0,0,849858560,0.000000,0.000000,0.000000,0.00,0,2,4,25,17,20,26,13,24,55,97,12,0,0,0,0,0,0,0.0003,0.0225,0.0475,0.0008,0.0033,0.0064,4.9684,0.0187,0.0000,0.4039,0.0005,0.0007,0.1520,0.0013,0.0017,0.0010
1899,23.2769,0.0000,13.4647,3.5686,,true,0,0.008333,0.0000,0.0000,1.00,0.00,0.0000,22,1,295,295,0,0,100,1,11,11,0,246528,0,295,0,0,849858560,0.000000,0.000000,0.000000,0.00,0,2,4,25,17,20,26,13,24,55,97,12,0,0,0,0,0,0,0.0002,0.0208,0.0320,0.0009,0.0021,0.0028,3.5686,0.0158,0.0000,0.3724,0.0006,0.0006,0.1346,0.0017,0.0011,0.0005
1900,23.2877,0.0000,11.0956,3.4323,,true,0,0.008333,0.0000,0.0000,1.00,0.00,0.0000,22,1,295,295,0,0,100,1,11,11,0,246528,0,295,0,0,849858560,0.000000,0.000000,0.000000,0.00,0,2,4,25,17,20,26,13,24,55,97,12,0,0,0,0,0,0,0.0005,0.0114,0.0361,0.0025,0.0047,0.0032,3.4323,0.0141,0.0000,0.3410,0.0005,0.0007,0.1217,0.0014,0.0012,0.0012
1901,23.3035,0.0000,13.5774,5.5810,,true,0,0.008333,0.0000,0.0000,1.00,0.00,0.0000,22,1,295,295,0,0,100,1,11,11,0,246528,0,295,0,0,849858560,0.000000,0.000000,0.000000,0.00,0,2,4,25,17,20,26,13,24,55,97,12,0,0,0,0,0,0,0.0009,0.0282,0.0463,0.0018,0.0033,0.0081,5.5810,0.0213,0.0000,0.3997,0.0007,0.0006,0.1133,0.0014,0.0013,0.0007
1902,23.3131,0.0000,11.1035,4.4619,,true,0,0.008333,0.0000,0.0000,1.00,0.00,0.0000,22,1,295,295,0,0,100,1,11,11,0,246528,0,295,0,0,849858560,0.000000,0.000000,0.000000,0.00,0,2,4,25,17,20,26,13,24,55,97,12,0,0,0,0,0,0,0.0004,0.0145,0.0319,0.0019,0.0040,0.0038,4.4619,0.0157,0.0000,0.3763,0.0003,0.0004,0.1303,0.0014,0.0009,0.0004
1903,23.3281,0.0000,15.8493,3.3685,,true,0,0.008333,0.0000,0.0000,1.00,0.00,0.0000,22,1,295,295,0,0,100,1,11,11,0,246528,0,295,0,0,849997824,0.000000,0.000000,0.000000,0.00,0,2,4,25,17,20,26,13,24,55,97,12,0,0,0,0,0,0,0.0004,0.0210,0.0345,0.0007,0.0034,0.0042,3.3685,0.0156,0.0000,0.3637,0.0008,0.0003,0.1301,0.0014,0.0008,0.0003
1904,23.3380,0.0000,9.9664,3.4254,,true,0,0.008333,0.0000,0.0000,1.00,0.00,0.0000,22,1,295,295,0,0,100,1,11,11,0,246528,0,295,0,0,849997824,0.000000,0.000000,0.000000,0.00,0,2,4,25,17,20,26,13,24,55,97,12,0,0,0,0,0,0,0.0013,0.0396,0.0365,0.0018,0.0031,0.0124,3.4254,0.0185,0.0000,0.3999,0.0006,0.0010,0.1440,0.0015,0.0008,0.0006
1905,23.3522,0.0000,14.6583,3.0411,,true,0,0.008333,0.0000,0.0000,1.00,0.00,0.0000,22,1,295,295,0,0,100,1,11,11,0,246528,0,295,0,0,849997824,0.000000,0.000000,0.000000,0.00,0,2,4,25,17,20,26,13,24,55,97,12,0,0,0,0,0,0,0.0002,0.0168,0.0341,0.0008,0.0032,0.0045,3.0411,0.0144,0.0000,0.3880,0.0003,0.0003,0.1360,0.0015,0.0009,0.0004
1906,23.3634,0.0000,11.3164,2.8832,,true,0,0.008333,0.0000,0.0000,1.00,0.00,0.0000,22,1,295,295,0,0,100,1,11,11,0,246528,0,295,0,0,849997824,0.000000,0.000000,0.000000,0.00,0,2,4,25,17,20,26,13,24,55,97,12,0,0,0,0,0,0,0.0005,0.0146,0.0773,0.0007,0.0028,0.0030,2.8832,0.0165,0.0000,0.4194,0.0006,0.0011,0.1579,0.0011,0.0010,0.0009
1907,23.3753,0.0000,12.2483,2.7045,,true,0,0.008333,0.0000,0.0000,1.00,0.00,0.0000,22,1,295,295,0,0,100,1,11,11,0,246528,0,295,0,0,849997824,0.000000,0.000000,0.000000,0.00,0,2,4,25,17,20,26,13,24,55,97,12,0,0,0,0,0,0,0.0001,0.0233,0.0334,0.0006,0.0025,0.0029,2.7045,0.0110,0.0000,0.3488,0.0008,0.0006,0.1310,0.0015,0.0006,0.0007
1908,23.3871,0.0000,11.5177,2.8497,,true,0,0.008333,0.0000,0.0000,1.00,0.00,0.0000,22,1,295,295,0,0,100,1,11,11,0,246528,0,295,0,0,849997824,0.000000,0.000000,0.000000,0.00,0,2,4,25,17,20,26,13,24,55,97,12,0,0,0,0,0,0,0.0007,0.0156,0.0355,0.0021,0.0035,0.0103,2.8497,0.0177,0.0000,0.3280,0.0005,0.0008,0.1138,0.0016,0.0013,0.0006
1909,23.4008,0.0000,13.7948,2.9260,,true,0,0.008333,0.0000,0.0000,1.00,0.00,0.0000,22,1,295,295,0,0,100,1,11,11,0,246528,0,295,0,0,849997824,0.000000,0.000000,0.000000,0.00,0,2,4,25,17,20,26,13,24,55,97,12,0,0,0,0,0,0,0.0004,0.0237,0.0363,0.0007,0.0029,0.0054,2.9260,0.0154,0.0000,0.3888,0.0006,0.0007,0.1380,0.0016,0.0015,0.0010
1910,23.4122,0.0000,10.9523,3.2463,,true,0,0.008333,0.0000,0.0000,1.00,0.00,0.0000,22,1,295,295,0,0,100,1,11,11,0,246528,0,295,0,0,849997824,0.000000,0.000000,0.000000,0.00,0,2,4,25,17,20,26,13,24,55,97,12,0,0,0,0,0,0,0.0009,0.0165,0.0674,0.0010,0.0028,0.0046,3.2463,0.0211,0.0000,0.4000,0.0009,0.0010,0.1466,0.0019,0.0012,0.0010
1911,23.4258,0.0000,13.7422,2.9238,,true,0,0.008333,0.0000,0.0000,1.00,0.00,0.0000,22,1,295,295,0,0,100,1,11,11,0,246528,0,295,0,0,849997824,0.000000,0.000000,0.000000,0.00,0,2,4,25,17,20,26,13,24,55,97,12,0,0,0,0,0,0,0.0005,0.0122,0.0419,0.0008,0.0024,0.0048,2.9238,0.0151,0.0000,0.3463,0.0007,0.0004,0.1291,0.0014,0.0010,0.0007
1912,23.4358,0.0000,10.6298,2.5966,,true,0,0.008333,0.0000,0.0000,1.00,0.00,0.0000,22,1,295,295,0,0,100,1,11,11,0,246528,0,295,0,0,849997824,0.000000,0.000000,0.000000,0.00,0,2,4,25,17,20,26,13,24,55,97,12,0,0,0,0,0,0,0.0002,0.0135,0.0288,0.0006,0.0022,0.0053,2.5966,0.0090,0.0000,0.3464,0.0003,0.0000,0.1257,0.0013,0.0008,0.0010
1913,23.4516,0.0000,14.6116,3.2247,,true,0,0.008333,0.0000,0.0000,1.00,0.00,0.0000,22,1,295,295,0,0,100,1,11,11,0,246528,0,295,0,0,849997824,0.000000,0.000000,0.000000,0.00,0,2,4,25,17,20,26,13,24,55,97,12,0,0,0,0,0,0,0.0005,0.0206,0.0359,0.0008,0.0025,0.0068,3.2247,0.0186,0.0000,0.3721,0.0004,0.0005,0.1424,0.0017,0.0006,0.0007
1914,23.4614,0.0000,10.7275,2.6755,,true,0,0.008333,0.0000,0.0000,1.00,0.00,0.0000,22,1,295,295,0,0,100,1,11,11,0,246528,0,295,0,0,849997824,0.000000,0.000000,0.000000,0.00,0,2,4,25,17,20,26,13,24,55,97,12,0,0,0,0,0,0,0.0004,0.0143,0.0377,0.0009,0.0024,0.0036,2.6755,0.0154,0.0000,0.3698,0.0007,0.0000,0.1419,0.0013,0.0011,0.0009
1915,23.4745,0.0000,12.4273,3.4149,,true,0,0.008333,0.0000,0.0000,1.00,0.00,0.0000,22,1,295,295,0,0,100,1,11,11,0,246528,0,295,0,0,849997824,0.000000,0.000000,0.000000,0.00,0,2,4,25,17,20,26,13,24,55,97,12,0,0,0,0,0,0,0.0016,0.0298,0.0411,0.0009,0.0022,0.0040,3.4149,0.0174,0.0000,0.3358,0.0004,0.0005,0.1253,0.0008,0.0002,0.0004
1916,23.4863,0.0000,11.8890,3.3316,,true,0,0.008333,0.0000,0.0000,1.00,0.00,0.0000,22,1,295,295,0,0,100,1,11,11,0,246528,0,295,0,0,849997824,0.000000,0.000000,0.000000,0.00,0,2,4,25,17,20,26,13,24,55,97,12,0,0,0,0,0,0,0.0003,0.0169,0.0386,0.0004,0.0017,0.0045,3.3316,0.0178,0.0000,0.3867,0.0008,0.0003,0.1570,0.0012,0.0009,0.0006
1917,23.5007,0.0000,13.8071,3.6854,,true,0,0.008333,0.0000,0.0000,1.00,0.00,0.0000,22,1,295,295,0,0,100,1,11,11,0,246528,0,295,0,0,849997824,0.000000,0.000000,0.000000,0.00,0,2,4,25,17,20,26,13,24,55,97,12,0,0,0,0,0,0,0.0001,0.0208,0.0462,0.0011,0.0030,0.0054,3.6854,0.0191,0.0000,0.3786,0.0002,0.0002,0.1388,0.0023,0.0004,0.0003
1918,23.5112,0.0000,11.3710,3.0825,,true,0,0.008333,0.0000,0.0000,1.00,0.00,0.0000,22,1,295,295,0,0,100,1,11,11,0,246528,0,295,0,0,849997824,0.000000,0.000000,0.000000,0.00,0,2,4,25,17,20,26,13,24,55,97,12,0,0,0,0,0,0,0.0001,0.0186,0.0330,0.0008,0.0024,0.0053,3.0825,0.0143,0.0000,0.3489,0.0003,0.0005,0.1293,0.0014,0.0010,0.0004
1919,23.5232,0.0000,11.6285,3.4486,,true,0,0.008333,0.0000,0.0000,1.00,0.00,0.0000,22,1,295,295,0,0,100,1,11,11,0,246528,0,295,0,0,849997824,0.000000,0.000000,0.000000,0.00,0,2,4,25,17,20,26,13,24,55,97,12,0,0,0,0,0,0,0.0003,0.0133,0.0397,0.0007,0.0026,0.0037,3.4486,0.0200,0.0000,0.3754,0.0005,0.0002,0.1431,0.0019,0.0007,0.0006
1920,23.5335,0.0000,11.1615,2.7045,,true,0,0.008333,0.0000,0.0000,1.00,0.00,0.0000,22,1,295,295,0,0,100,1,11,11,0,246528,0,295,0,0,849997824,0.000000,0.000000,0.000000,0.00,0,2,4,25,17,20,26,13,24,55,97,12,0,0,0,0,0,0,0.0003,0.0141,0.0342,0.0005,0.0024,0.0028,2.7045,0.0151,0.0000,0.3750,0.0005,0.0002,0.1324,0.0018,0.0009,0.0009
1921,23.5483,0.0000,12.8496,4.3972,,true,0,0.008333,0.0000,0.0000,1.00,0.00,0.0000,22,1,295,295,0,0,100,1,11,11,0,246528,0,295,0,0,849997824,0.000000,0.000000,0.000000,0.00,0,2,4,25,17,20,26,13,24,55,97,12,0,0,0,0,0,0,0.0001,0.0161,0.0337,0.0009,0.0024,0.0042,4.3972,0.0133,0.0000,0.4092,0.0004,0.0004,0.1789,0.0014,0.0011,0.0012
1922,23.5607,0.0000,14.0795,2.7565,,true,0,0.008333,0.0000,0.0000,1.00,0.00,0.0000,22,1,295,295,0,0,100,1,11,11,0,246528,0,295,0,0,849997824,0.000000,0.000000,0.000000,0.00,0,2,4,25,17,20,26,13,24,55,97,12,0,0,0,0,0,0,0.0005,0.0169,0.0319,0.0010,0.0027,0.0046,2.7565,0.0175,0.0000,0.3770,0.0003,0.0011,0.1411,0.0014,0.0007,0.0007
1923,23.5707,0.0000,9.2642,3.4398,,true,0,0.008333,0.0000,0.0000,1.00,0.00,0.0000,22,1,295,295,0,0,100,1,11,11,0,246528,0,295,0,0,849997824,0.000000,0.000000,0.000000,0.00,0,2,4,25,17,20,26,13,24,55,97,12,0,0,0,0,0,0,0.0003,0.0235,0.0360,0.0010,0.0040,0.0040,3.4398,0.0133,0.0000,0.3577,0.0005,0.0003,0.1271,0.0014,0.0009,0.0007
1924,23.5844,0.0000,13.1085,3.9240,,true,0,0.008333,0.0000,0.0000,1.00,0.00,0.0000,22,1,295,295,0,0,100,1,11,11,0,246528,0,295,0,0,849997824,0.000000,0.000000,0.000000,0.00,0,2,4,25,17,20,26,13,24,55,97,12,0,0,0,0,0,0,0.0004,0.0188,0.0362,0.0007,0.0032,0.0068,3.9240,0.0175,0.0000,0.3985,0.0003,0.0006,0.1434,0.0014,0.0010,0.0012
1925,23.5954,0.0000,11.7434,3.3348,,true,0,0.008333,0.0000,0.0000,1.00,0.00,0.0000,22,1,295,295,0,0,100,1,11,11,0,246528,0,295,0,0,849997824,0.000000,0.000000,0.000000,0.00,0,2,4,25,17,20,26,13,24,55,97,12,0,0,0,0,0,0,0.0002,0.0222,0.0477,0.0006,0.0029,0.0058,3.3348,0.0182,0.0000,0.4493,0.0005,0.0005,0.1691,0.0019,0.0011,0.0004
1926,23.6091,0.0000,13.1056,3.6997,,true,0,0.008333,0.0000,0.0000,1.00,0.00,0.0000,22,1,295,295,0,0,100,1,11,11,0,246528,0,295,0,0,849997824,0.000000,0.000000,0.000000,0.00,0,2,4,25,17,20,26,13,24,55,97,12,0,0,0,0,0,0,0.0005,0.0204,0.0378,0.0013,0.0033,0.0059,3.6997,0.0173,0.0000,0.3947,0.0007,0.0004,0.1487,0.0016,0.0006,0.0002
1927,23.6196,0.0000,11.6640,2.8698,,true,0,0.008333,0.0000,0.0000,1.00,0.00,0.0000,22,1,295,295,0,0,100,1,11,11,0,246528,0,295,0,0,849997824,0.000000,0.000000,0.000000,0.00,0,2,4,25,17,20,26,13,24,55,97,12,0,0,0,0,0,0,0.0002,0.0183,0.0358,0.0007,0.0017,0.0035,2.8698,0.0150,0.0000,0.3629,0.0005,0.0007,0.1293,0.0010,0.0010,0.0006
1928,23.6329,0.0000,13.0430,2.7862,,true,0,0.008333,0.0000,0.0000,1.00,0.00,0.0000,22,1,295,295,0,0,100,1,11,11,0,246528,0,295,0,0,849997824,0.000000,0.000000,0.000000,0.00,0,2,4,25,17,20,26,13,24,55,97,12,0,0,0,0,0,0,0.0005,0.0139,0.0335,0.0012,0.0051,0.0029,2.7862,0.0171,0.0000,0.3469,0.0003,0.0003,0.1259,0.0008,0.0006,0.0003
1929,23.6442,0.0000,11.3133,3.0838,,true,0,0.008333,0.0000,0.0000,1.00,0.00,0.0000,22,1,295,295,0,0,100,1,11,11,0,246528,0,295,0,0,849997824,0.000000,0.000000,0.000000,0.00,0,2,4,25,17,20,26,13,24,55,97,12,0,0,0,0,0,0,0.0005,0.0201,0.0356,0.0009,0.0039,0.0054,3.0838,0.0157,0.0000,0.4083,0.0004,0.0007,0.1422,0.0018,0.0015,0.0008
1930,23.6585,0.0000,12.9102,4.3309,,true,0,0.008333,0.0000,0.0000,1.00,0.00,0.0000,22,1,295,295,0,0,100,1,11,11,0,246528,0,295,0,0,849997824,0.000000,0.000000,0.000000,0.00,0,2,4,25,17,20,26,13,24,55,97,12,0,0,0,0,0,0,0.0002,0.0221,0.0351,0.0014,0.0037,0.0064,4.3309,0.0163,0.0000,0.3957,0.0007,0.0006,0.1512,0.0020,0.0008,0.0009
1931,23.6693,0.0000,12.0312,3.2342,,true,0,0.008333,0.0000,0.0000,1.00,0.00,0.0000,22,1,295,295,0,0,100,1,11,11,0,246528,0,295,0,0,849997824,0.000000,0.000000,0.000000,0.00,0,2,4,25,17,20,26,13,24,55,97,12,0,0,0,0,0,0,0.0003,0.0144,0.0320,0.0006,0.0038,0.0045,3.2342,0.0162,0.0000,0.3473,0.0000,0.0007,0.1304,0.0014,0.0005,0.0007
1932,23.6807,0.0000,12.0579,2.7146,,true,0,0.008333,0.0000,0.0000,1.00,0.00,0.0000,22,1,295,295,0,0,100,1,11,11,0,246528,0,295,0,0,849997824,0.000000,0.000000,0.000000,0.00,0,2,4,25,17,20,26,13,24,55,97,12,0,0,0,0,0,0,0.0004,0.0142,0.0309,0.0007,0.0028,0.0031,2.7146,0.0140,0.0000,0.3282,0.0004,0.0005,0.1189,0.0013,0.0006,0.0005
1933,23.6931,0.0000,12.5307,2.7935,,true,0,0.008333,0.0000,0.0000,1.00,0.00,0.0000,22,1,295,295,0,0,100,1,11,11,0,246528,0,295,0,0,849997824,0.000000,0.000000,0.000000,0.00,0,2,4,25,17,20,26,13,24,55,97,12,0,0,0,0,0,0,0.0001,0.0161,0.0317,0.0007,0.0025,0.0042,2.7935,0.0139,0.0000,0.3132,0.0006,0.0004,0.1077,0.0017,0.0004,0.0006
1934,23.7058,0.0000,12.4259,3.0636,,true,0,0.008333,0.0000,0.0000,1.00,0.00,0.0000,22,1,295,295,0,0,100,1,11,11,0,246528,0,295,0,0,849997824,0.000000,0.000000,0.000000,0.00,0,2,4,25,17,20,26,13,24,55,97,12,0,0,0,0,0,0,0.0002,0.0243,0.0345,0.0007,0.0025,0.0043,3.0636,0.0090,0.0000,0.3663,0.0007,0.0005,0.1350,0.0018,0.0008,0.0009
1935,23.7198,0.0000,13.1920,3.4425,,true,0,0.008333,0.0000,0.0000,1.00,0.00,0.0000,22,1,295,295,0,0,100,1,11,11,0,246528,0,295,0,0,849997824,0.000000,0.000000,0.000000,0.00,0,2,4,25,17,20,26,13,24,55,97,12,0,0,0,0,0,0,0.0002,0.0173,0.0318,0.0006,0.0026,0.0058,3.4425,0.0173,0.0000,0.3582,0.0005,0.0008,0.1423,0.0011,0.0007,0.0007
1936,23.7342,0.0000,14.5774,3.0228,,true,0,0.008333,0.0000,0.0000,1.00,0.00,0.0000,22,1,295,295,0,0,100,1,11,11,0,246528,0,295,0,0,849997824,0.000000,0.000000,0.000000,0.00,0,2,4,25,17,20,26,13,24,55,97,12,0,0,0,0,0,0,0.0002,0.0133,0.0328,0.0005,0.0018,0.0037,3.0228,0.0138,0.0000,0.3521,0.0004,0.0006,0.1269,0.0014,0.0013,0.0008
1937,23.7457,0.0000,11.1304,3.5493,,true,0,0.008333,0.0000,0.0000,1.00,0.00,0.0000,22,1,295,295,0,0,100,1,11,11,0,246528,0,295,0,0,849997824,0.000000,0.000000,0.000000,0.00,0,2,4,25,17,20,26,13,24,55,97,12,0,0,0,0,0,0,0.0003,0.0120,0.0340,0.0008,0.0025,0.0033,3.5493,0.0123,0.0000,0.3561,0.0004,0.0004,0.1358,0.0018,0.0013,0.0014
1938,23.7587,0.0000,13.7698,2.9654,,true,0,0.008333,0.0000,0.0000,1.00,0.00,0.0000,22,1,295,295,0,0,100,1,11,11,0,246528,0,295,0,0,849997824,0.000000,0.000000,0.000000,0.00,0,2,4,25,17,20,26,13,24,55,97,12,0,0,0,0,0,0,0.0002,0.0135,0.0434,0.0008,0.0025,0.0038,2.9654,0.0195,0.0000,0.4027,0.0008,0.0007,0.1463,0.0016,0.0010,0.0010
1939,23.7704,0.0000,10.7361,3.8520,,true,0,0.008333,0.0000,0.0000,1.00,0.00,0.0000,22,1,295,295,0,0,100,1,11,11,0,246528,0,295,0,0,849997824,0.000000,0.000000,0.000000,0.00,0,2,4,25,17,20,26,13,24,55,97,12,0,0,0,0,0,0,0.0004,0.0179,0.0348,0.0009,0.0023,0.0045,3.8520,0.0140,0.0000,0.3605,0.0005,0.0005,0.1405,0.0016,0.0007,0.0008
1940,23.7844,0.0000,13.4328,4.3944,,true,0,0.008333,0.0000,0.0000,1.00,0.00,0.0000,22,1,295,295,0,0,100,1,11,11,0,246528,0,295,0,0,849997824,0.000000,0.000000,0.000000,0.00,0,2,4,25,17,20,26,13,24,55,97,12,0,0,0,0,0,0,0.0010,0.0248,0.0394,0.0008,0.0043,0.0068,4.3944,0.0283,0.0000,0.5223,0.0006,0.0012,0.2537,0.0020,0.0022,0.0021
1941,23.7968,0.0000,12.9974,3.9200,,true,0,0.008333,0.0000,0.0000,1.00,0.00,0.0000,22,1,295,295,0,0,100,1,11,11,0,246528,0,295,0,0,849997824,0.000000,0.000000,0.000000,0.00,0,2,4,25,17,20,26,13,24,55,97,12,0,0,0,0,0,0,0.0003,0.0211,0.0356,0.0019,0.0030,0.0052,3.9200,0.0221,0.0000,0.3696,0.0007,0.0005,0.1311,0.0018,0.0010,0.0007
1942,23.8188,0.0000,17.1636,7.8994,,true,0,0.008333,0.0000,0.0000,1.00,0.00,0.0000,22,1,295,295,0,0,100,1,11,11,0,246528,0,295,0,0,849997824,0.000000,0.000000,0.000000,0.00,0,2,4,25,17,20,26,13,24,55,97,12,0,0,0,0,0,0,0.0005,0.0253,0.0593,0.0010,0.0045,0.0067,7.8994,0.0186,0.0000,0.4327,0.0013,0.0003,0.1338,0.0017,0.0013,0.0007
1943,23.8347,0.0000,15.6158,8.2437,,true,0,0.008333,0.0000,0.0000,1.00,0.00,0.0000,22,1,295,295,0,0,100,1,11,11,0,246528,0,295,0,0,849997824,0.000000,0.000000,0.000000,0.00,0,2,4,25,17,20,26,13,24,55,97,12,0,0,0,0,0,0,0.0004,0.0163,0.0707,0.0009,0.0034,0.0074,8.2437,0.0567,0.0000,0.4809,0.0005,0.0004,0.2326,0.0020,0.0007,0.0006
1944,23.8454,0.0000,13.9423,5.4332,,true,0,0.008333,0.0000,0.0000,1.00,0.00,0.0000,22,1,295,295,0,0,100,1,11,11,0,246528,0,295,0,0,849997824,0.000000,0.000000,0.000000,0.00,0,2,4,25,17,20,26,13,24,55,97,12,0,0,0,0,0,0,0.0008,0.0217,0.0459,0.0010,0.0055,0.0062,5.4332,0.0202,0.0000,0.4728,0.0004,0.0010,0.1820,0.0019,0.0011,0.0005
1945,23.8676,0.0000,18.0039,7.9985,,true,0,0.008333,0.0000,0.0000,1.00,0.00,0.0000,22,1,295,295,0,0,100,1,11,11,0,246528,0,295,0,0,849997824,0.000000,0.000000,0.000000,0.00,0,2,4,25,17,20,26,13,24,55,97,12,0,0,0,0,0,0,0.0002,0.0170,0.0387,0.0009,0.0032,0.0030,7.9985,0.0120,0.0000,0.4149,0.0005,0.0005,0.1685,0.0007,0.0005,0.0004
1946,23.8794,0.0000,14.3493,6.9425,,true,0,0.008333,0.0000,0.0000,1.00,0.00,0.0000,22,1,295,295,0,0,100,1,11,11,0,246528,0,295,0,0,850104320,0.000000,0.000000,0.000000,0.00,0,2,4,25,17,20,26,13,24,55,97,12,0,0,0,0,0,0,0.0009,0.0241,0.0902,0.0017,0.0143,0.0096,6.9425,0.0319,0.0000,0.6131,0.0007,0.0006,0.2418,0.0029,0.0010,0.0012
1947,23.8955,0.0000,14.8835,7.1319,,true,0,0.008333,0.0000,0.0000,1.00,0.00,0.0000,22,1,295,295,0,0,100,1,11,11,0,246528,0,295,0,0,850104320,0.000000,0.000000,0.000000,0.00,0,2,4,25,17,20,26,13,24,55,97,12,0,0,0,0,0,0,0.0009,0.0521,0.0480,0.0016,0.0055,0.0116,7.1319,0.0439,0.0000,0.5358,0.0015,0.0015,0.1733,0.0027,0.0019,0.0016
1948,23.9111,0.0000,17.1643,5.5813,,true,0,0.008333,0.0000,0.0000,1.00,0.00,0.0000,22,1,295,295,0,0,100,1,11,11,0,246528,0,295,0,0,850104320,0.000000,0.000000,0.000000,0.00,0,2,4,25,17,20,26,13,24,55,97,12,0,0,0,0,0,0,0.0003,0.0190,0.0878,0.0006,0.0019,0.0030,5.5813,0.0442,0.0000,0.5287,0.0007,0.0009,0.2060,0.0043,0.0014,0.0020
1949,23.9213,0.0000,10.6643,5.7575,,true,0,0.008333,0.0000,0.0000,1.00,0.00,0.0000,22,1,295,295,0,0,100,1,11,11,0,246528,0,295,0,0,850104320,0.000000,0.000000,0.000000,0.00,0,2,4,25,17,20,26,13,24,55,97,12,0,0,0,0,0,0,0.0007,0.0408,0.0760,0.0006,0.0038,0.0094,5.7575,0.0348,0.0000,0.9076,0.0017,0.0005,0.5056,0.0022,0.0013,0.0012
1950,23.9386,0.0000,15.9718,6.7341,,true,0,0.008333,0.0000,0.0000,1.00,0.00,0.0000,22,1,295,295,0,0,100,1,11,11,0,246528,0,295,0,0,850104320,0.000000,0.000000,0.000000,0.00,0,2,4,25,17,20,26,13,24,55,97,12,0,0,0,0,0,0,0.0004,0.0192,0.0425,0.0009,0.0030,0.0043,6.7341,0.0138,0.0000,0.3975,0.0003,0.0003,0.1540,0.0006,0.0006,0.0005
1951,23.9526,0.0000,14.6367,5.0308,,true,0,0.008333,0.0000,0.0000,1.00,0.00,0.0000,22,1,295,295,0,0,100,1,11,11,0,246528,0,295,0,0,850104320,0.000000,0.000000,0.000000,0.00,0,2,4,25,17,20,26,13,24,55,97,12,0,0,0,0,0,0,0.0002,0.0438,0.0322,0.0011,0.0066,0.0086,5.0308,0.0105,0.0000,0.3173,0.0003,0.0004,0.1087,0.0009,0.0004,0.0003
1952,23.9691,0.0000,16.0834,6.9154,,true,0,0.008333,0.0000,0.0000,1.00,0.00,0.0000,22,1,295,295,0,0,100,1,11,11,0,246528,0,295,0,0,850104320,0.000000,0.000000,0.000000,0.00,0,2,4,25,17,20,26,13,24,55,97,12,0,0,0,0,0,0,0.0009,0.0271,0.0442,0.0019,0.0057,0.0073,6.9154,0.0151,0.0000,0.4744,0.0008,0.0007,0.1328,0.0012,0.0018,0.0016
1953,23.9841,0.0000,11.1824,10.8199,,true,0,0.008333,0.0000,0.0000,1.00,0.00,0.0000,22,1,295,295,0,0,100,1,11,11,0,246528,0,295,0,0,850104320,0.000000,0.000000,0.000000,0.00,0,2,4,25,17,20,26,13,24,55,97,12,0,0,0,0,0,0,0.0002,0.0650,0.1087,0.0020,0.0105,0.0278,10.8199,0.0885,0.0000,1.1080,0.0019,0.0009,0.5550,0.0047,0.0065,0.0042
1954,24.0106,0.0000,20.3777,16.1087,,true,0,0.008333,0.0000,0.0000,1.00,0.00,0.0000,22,1,295,295,0,0,100,1,11,11,0,246528,0,295,0,0,850104320,0.000000,0.000000,0.000000,0.00,0,2,4,25,17,20,26,13,24,55,97,12,0,0,0,0,0,0,0.0013,0.0366,0.0822,0.0052,0.0094,0.0129,16.1087,0.0240,0.0000,5.6775,0.0008,0.1519,0.1806,0.0033,0.0019,4.9954
1955,24.0274,0.0000,21.1259,12.3285,,true,0,0.008333,0.0000,0.0000,1.00,0.00,0.0000,22,1,295,295,0,0,100,1,11,11,0,246528,0,295,0,0,850104320,0.000000,0.000000,0.000000,0.00,0,2,4,25,17,20,26,13,24,55,97,12,0,0,0,0,0,0,0.0030,0.0347,0.1040,0.0026,0.0137,0.0122,12.3285,0.0776,0.0000,0.8025,0.0009,0.0010,0.3256,0.0028,0.0014,0.0008
1956,24.0545,0.0000,29.9030,9.7462,,true,0,0.008333,0.0000,0.0000,1.00,0.00,0.0000,22,1,295,295,0,0,100,1,11,11,0,246528,0,295,0,0,850104320,0.000000,0.000000,0.000000,0.00,0,2,4,25,17,20,26,13,24,55,97,12,0,0,0,0,0,0,0.0010,0.0437,0.0605,0.0037,0.0089,0.0202,9.7462,0.0354,0.0000,0.6630,0.0007,0.0006,0.3053,0.0023,0.0013,0.0016
1957,24.0657,0.0000,14.6308,6.3488,,true,0,0.008333,0.0000,0.0000,1.00,0.00,0.0000,22,1,295,295,0,0,100,1,11,11,0,246528,0,295,0,0,850104320,0.000000,0.000000,0.000000,0.00,0,2,4,25,17,20,26,13,24,55,97,12,0,0,0,0,0,0,0.0014,0.0436,0.0483,0.0019,0.0063,0.0152,6.3488,0.0175,0.0000,0.5226,0.0010,0.0016,0.1187,0.0019,0.0016,0.0009
1958,24.0750,0.0000,9.3914,6.4858,,true,0,0.008333,0.0000,0.0000,1.00,0.00,0.0000,22,1,295,295,0,0,100,1,11,11,0,246528,0,295,0,0,850104320,0.000000,0.000000,0.000000,0.00,0,2,4,25,17,20,26,13,24,55,97,12,0,0,0,0,0,0,0.0008,0.0309,0.0560,0.0024,0.0061,0.0192,6.4858,0.0287,0.0000,0.6665,0.0009,0.0004,0.2854,0.0049,0.0017,0.0008
1959,24.0831,0.0000,10.0549,4.8703,,true,0,0.008333,0.0000,0.0000,1.00,0.00,0.0000,22,1,295,295,0,0,100,1,11,11,0,246528,0,295,0,0,850104320,0.000000,0.000000,0.000000,0.00,0,2,4,25,17,20,26,13,24,55,97,12,0,0,0,0,0,0,0.0009,0.0193,0.0391,0.0011,0.0047,0.0075,4.8703,0.0222,0.0000,0.4774,0.0006,0.0010,0.1924,0.0015,0.0011,0.0015
1960,24.1123,0.0000,20.1896,13.1769,,true,0,0.008333,0.0000,0.0000,1.00,0.00,0.0000,22,1,295,295,0,0,100,1,11,11,0,246528,0,295,0,0,850104320,0.000000,0.000000,0.000000,0.00,0,2,4,25,17,20,26,13,24,55,97,12,0,0,0,0,0,0,0.0005,0.0411,0.1119,0.0012,0.0047,0.0066,13.1769,0.0478,0.0000,1.1876,0.0016,0.0022,0.4217,0.0050,0.0032,0.0027
1961,24.1264,0.0000,18.0446,9.2680,,true,0,0.008333,0.0000,0.0000,1.00,0.00,0.0000,22,1,295,295,0,0,100,1,11,11,0,246528,0,295,0,0,850104320,0.000000,0.000000,0.000000,0.00,0,2,4,25,17,20,26,13,24,55,97,12,0,0,0,0,0,0,0.0012,0.0291,0.0640,0.0016,0.0062,0.0096,9.2680,0.0325,0.0000,0.6444,0.0009,0.0009,0.2823,0.0026,0.0025,0.0005
1962,24.1472,0.0000,15.1104,13.8822,,true,0,0.008333,0.0000,0.0000,1.00,0.00,0.0000,22,1,295,295,0,0,100,1,11,11,0,246528,0,295,0,0,850104320,0.000000,0.000000,0.000000,0.00,0,2,4,25,17,20,26,13,24,55,97,12,0,0,0,0,0,0,0.0005,0.0481,0.0518,0.0019,0.0075,0.0183,13.8822,0.0245,0.0000,0.8448,0.0012,0.0024,0.3584,0.0045,0.0033,0.0028
1963,24.1666,0.0000,24.2147,10.7002,,true,0,0.008333,0.0000,0.0000,1.00,0.00,0.0000,22,1,295,295,0,0,100,1,11,11,0,246528,0,295,0,0,850104320,0.000000,0.000000,0.000000,0.00,0,2,4,25,17,20,26,13,24,55,97,12,0,0,0,0,0,0,0.0006,0.0425,0.0741,0.0040,0.0093,0.0160,10.7002,0.0476,0.0000,0.8628,0.0008,0.0013,0.3746,0.0027,0.0020,0.0009
1964,24.1790,0.0000,13.6483,8.9672,,true,0,0.008333,0.0000,0.0000,1.00,0.00,0.0000,22,1,295,295,0,0,100,1,11,11,0,246528,0,295,0,0,850104320,0.000000,0.000000,0.000000,0.00,0,2,4,25,17,20,26,13,24,55,97,12,0,0,0,0,0,0,0.0005,0.0187,0.0454,0.0009,0.0052,0.0088,8.9672,0.0319,0.0000,0.3908,0.0003,0.0006,0.1383,0.0009,0.0005,0.0005
1965,24.1887,0.0000,11.7761,6.9465,,true,0,0.008333,0.0000,0.0000,1.00,0.00,0.0000,22,1,295,295,0,0,100,1,11,11,0,246528,0,295,0,0,850104320,0.000000,0.000000,0.000000,0.00,0,2,4,25,17,20,26,13,24,55,97,12,0,0,0,0,0,0,0.0008,0.0216,0.0878,0.0018,0.0181,0.0075,6.9465,0.0568,0.0000,0.5411,0.0010,0.0008,0.2589,0.0021,0.0014,0.0010
1966,24.1982,0.0000,11.6206,5.2245,,true,0,0.008333,0.0000,0.0000,1.00,0.00,0.0000,22,1,295,295,0,0,100,1,11,11,0,246528,0,295,0,0,850104320,0.000000,0.000000,0.000000,0.00,0,2,4,25,17,20,26,13,24,55,97,12,0,0,0,0,0,0,0.0008,0.0252,0.0447,0.0012,0.0039,0.0100,5.2245,0.0251,0.0000,0.4713,0.0007,0.0003,0.2039,0.0038,0.0009,0.0009
1967,24.2104,0.0000,9.6550,7.8221,,true,0,0.008333,0.0000,0.0000,1.00,0.00,0.0000,22,1,295,295,0,0,100,1,11,11,0,246528,0,295,0,0,850104320,0.000000,0.000000,0.000000,0.00,0,2,4,25,17,20,26,13,24,55,97,12,0,0,0,0,0,0,0.0004,0.0169,0.0501,0.0004,0.0015,0.0031,7.8221,0.0220,0.0000,0.4669,0.0003,0.0008,0.1659,0.0011,0.0007,0.0005
1968,24.2208,0.0000,9.2992,8.5083,,true,0,0.008333,0.0000,0.0000,1.00,0.00,0.0000,22,1,295,295,0,0,100,1,11,11,0,246528,0,295,0,0,850104320,0.000000,0.000000,0.000000,0.00,0,2,4,25,17,20,26,13,24,55,97,12,0,0,0,0,0,0,0.0003,0.0254,0.0548,0.0010,0.0046,0.0085,8.5083,0.0316,0.0000,0.5523,0.0016,0.0015,0.1851,0.0036,0.0030,0.0012
1969,24.2338,0.0000,15.7611,6.0381,,true,0,0.008333,0.0000,0.0000,1.00,0.00,0.0000,22,1,295,295,0,0,100,1,11,11,0,246528,0,295,0,0,850104320,0.000000,0.000000,0.000000,0.00,0,2,4,25,17,20,26,13,24,55,97,12,0,0,0,0,0,0,0.0008,0.0506,0.1176,0.0030,0.0059,0.0082,6.0381,0.0984,0.0000,0.6783,0.0008,0.0012,0.3027,0.0033,0.0017,0.0011
1970,24.2448,0.0000,10.3906,6.6574,,true,0,0.008333,0.0000,0.0000,1.00,0.00,0.0000,22,1,295,295,0,0,100,1,11,11,0,246528,0,295,0,0,850227200,0.000000,0.000000,0.000000,0.00,0,2,4,25,17,20,26,13,24,55,97,12,0,0,0,0,0,0,0.0004,0.0219,0.0412,0.0007,0.0031,0.0071,6.6574,0.0194,0.0000,0.4233,0.0005,0.0004,0.1824,0.0014,0.0007,0.0009
1971,24.2571,0.0000,11.7545,6.9243,,true,0,0.008333,0.0000,0.0000,1.00,0.00,0.0000,22,1,295,295,0,0,100,1,11,11,0,246528,0,295,0,0,850227200,0.000000,0.000000,0.000000,0.00,0,2,4,25,17,20,26,13,24,55,97,12,0,0,0,0,0,0,0.0010,0.0251,0.0915,0.0017,0.0092,0.0088,6.9243,0.0446,0.0000,0.6104,0.0006,0.0007,0.2394,0.0027,0.0014,0.0013
1972,24.2898,0.0000,27.3830,11.2659,,true,0,0.008333,0.0000,0.0000,1.00,0.00,0.0000,22,1,295,295,0,0,100,1,11,11,0,246528,0,295,0,0,850227200,0.000000,0.000000,0.000000,0.00,0,2,4,25,17,20,26,13,24,55,97,12,0,0,0,0,0,0,0.0014,0.0528,0.1322,0.0025,0.0130,0.0176,11.2659,0.0734,0.0000,0.9995,0.0015,0.0006,0.4413,0.0248,0.0030,0.0023
1973,24.3021,0.0000,20.6191,4.4022,,true,0,0.008333,0.0000,0.0000,1.00,0.00,0.0000,22,1,295,295,0,0,100,1,11,11,0,246528,0,295,0,0,850227200,0.000000,0.000000,0.000000,0.00,0,2,4,25,17,20,26,13,24,55,97,12,0,0,0,0,0,0,0.0013,0.0232,0.0508,0.0008,0.0140,0.0069,4.4022,0.0295,0.0000,0.4252,0.0007,0.0004,0.1576,0.0015,0.0014,0.0010
1974,24.3099,0.0000,8.0104,4.2903,,true,0,0.008333,0.0000,0.0000,1.00,0.00,0.0000,22,1,295,295,0,0,100,1,11,11,0,246528,0,295,0,0,850227200,0.000000,0.000000,0.000000,0.00,0,2,4,25,17,20,26,13,24,55,97,12,0,0,0,0,0,0,0.0002,0.0217,0.0793,0.0006,0.0026,0.0056,4.2903,0.0384,0.0000,0.5378,0.0005,0.0008,0.2513,0.0018,0.0013,0.0010
1975,24.3168,0.0000,8.2635,3.0026,,true,0,0.008333,0.0000,0.0000,1.00,0.00,0.0000,22,1,295,295,0,0,100,1,11,11,0,246528,0,295,0,0,850227200,0.000000,0.000000,0.000000,0.00,0,2,4,25,17,20,26,13,24,55,97,12,0,0,0,0,0,0,0.0001,0.0177,0.0397,0.0008,0.0032,0.0043,3.0026,0.0299,0.0000,0.4174,0.0005,0.0006,0.1673,0.0016,0.0014,0.0012
1976,24.3232,0.0000,5.3453,4.1200,,true,0,0.008333,0.0000,0.0000,1.00,0.00,0.0000,22,1,295,295,0,0,100,1,11,11,0,246528,0,295,0,0,850227200,0.000000,0.000000,0.000000,0.00,0,2,4,25,17,20,26,13,24,55,97,12,0,0,0,0,0,0,0.0009,0.0235,0.0382,0.0011,0.0080,0.0065,4.1200,0.0208,0.0000,0.5378,0.0005,0.0005,0.1883,0.0026,0.0011,0.0009
1977,24.3346,0.0000,11.8885,3.4687,,true,0,0.008333,0.0000,0.0000,1.00,0.00,0.0000,22,1,295,295,0,0,100,1,11,11,0,246528,0,295,0,0,850227200,0.000000,0.000000,0.000000,0.00,0,2,4,25,17,20,26,13,24,55,97,12,0,0,0,0,0,0,0.0003,0.0184,0.0359,0.0009,0.0030,0.0042,3.4687,0.0146,0.0000,0.3741,0.0005,0.0003,0.1320,0.0016,0.0011,0.0007
1978,24.3464,0.0000,12.4532,2.9496,,true,0,0.008333,0.0000,0.0000,1.00,0.00,0.0000,22,1,295,295,0,0,100,1,11,11,0,246528,0,295,0,0,850227200,0.000000,0.000000,0.000000,0.00,0,2,4,25,17,20,26,13,24,55,97,12,0,0,0,0,0,0,0.0003,0.0167,0.0335,0.0006,0.0025,0.0043,2.9496,0.0163,0.0000,0.3414,0.0002,0.0007,0.1294,0.0013,0.0011,0.0008
1979,24.3597,0.0000,12.9526,3.3113,,true,0,0.008333,0.0000,0.0000,1.00,0.00,0.0000,22,1,295,295,0,0,100,1,11,11,0,246528,0,295,0,0,850227200,0.000000,0.000000,0.000000,0.00,0,2,4,25,17,20,26,13,24,55,97,12,0,0,0,0,0,0,0.0002,0.0115,0.0392,0.0006,0.0016,0.0025,3.3113,0.0160,0.0000,0.3409,0.0002,0.0002,0.1444,0.0029,0.0005,0.0002
1980,24.3756,0.0000,14.7735,4.1744,,true,0,0.008333,0.0000,0.0000,1.00,0.00,0.0000,22,1,295,295,0,0,100,1,11,11,0,246528,0,295,0,0,850227200,0.000000,0.000000,0.000000,0.00,0,2,4,25,17,20,26,13,24,55,97,12,0,0,0,0,0,0,0.0002,0.0283,0.0381,0.0010,0.0046,0.0109,4.1744,0.0301,0.0000,0.4218,0.0008,0.0007,0.1451,0.0010,0.0021,0.0015
1981,24.3892,0.0000,13.8582,3.4425,,true,0,0.008333,0.0000,0.0000,1.00,0.00,0.0000,22,1,295,295,0,0,100,1,11,11,0,246528,0,295,0,0,850227200,0.000000,0.000000,0.000000,0.00,0,2,4,25,17,20,26,13,24,55,97,12,0,0,0,0,0,0,0.0001,0.0283,0.0363,0.0009,0.0026,0.0056,3.4425,0.0152,0.0000,0.3542,0.0005,0.0008,0.1299,0.0013,0.0013,0.0011
1982,24.4055,0.0000,15.2473,4.8064,,true,0,0.008333,0.0000,0.0000,1.00,0.00,0.0000,22,1,295,295,0,0,100,1,11,11,0,246528,0,295,0,0,850227200,0.000000,0.000000,0.000000,0.00,0,2,4,25,17,20,26,13,24,55,97,12,0,0,0,0,0,0,0.0003,0.0192,0.0315,0.0010,0.0042,0.0065,4.8064,0.0240,0.0000,0.3601,0.0004,0.0010,0.1229,0.0016,0.0015,0.0004
1983,24.4148,0.0000,9.9742,4.1914,,true,0,0.008333,0.0000,0.0000,1.00,0.00,0.0000,22,1,295,295,0,0,100,1,11,11,0,246528,0,295,0,0,850227200,0.000000,0.000000,0.000000,0.00,0,2,4,25,17,20,26,13,24,55,97,12,0,0,0,0,0,0,0.0002,0.0206,0.0503,0.0006,0.0016,0.0047,4.1914,0.0181,0.0000,0.4544,0.0004,0.0008,0.1979,0.0017,0.0010,0.0008
1984,24.4277,0.0000,13.7200,3.5285,,true,0,0.008333,0.0000,0.0000,1.00,0.00,0.0000,22,1,295,295,0,0,100,1,11,11,0,246528,0,295,0,0,850227200,0.000000,0.000000,0.000000,0.00,0,2,4,25,17,20,26,13,24,55,97,12,0,0,0,0,0,0,0.0003,0.0195,0.0441,0.0021,0.0032,0.0049,3.5285,0.0180,0.0000,0.3905,0.0006,0.0005,0.1497,0.0015,0.0012,0.0009
1985,24.4385,0.0000,11.1272,3.3444,,true,0,0.008333,0.0000,0.0000,1.00,0.00,0.0000,22,1,295,295,0,0,100,1,11,11,0,246528,0,295,0,0,850227200,0.000000,0.000000,0.000000,0.00,0,2,4,25,17,20,26,13,24,55,97,12,0,0,0,0,0,0,0.0004,0.0226,0.0560,0.0008,0.0026,0.0054,3.3444,0.0203,0.0000,0.4237,0.0006,0.0006,0.1631,0.0016,0.0007,0.0011
1986,24.4517,0.0000,12.8301,3.6864,,true,0,0.008333,0.0000,0.0000,1.00,0.00,0.0000,22,1,295,295,0,0,100,1,11,11,0,246528,0,295,0,0,850227200,0.000000,0.000000,0.000000,0.00,0,2,4,25,17,20,26,13,24,55,97,12,0,0,0,0,0,0,0.0001,0.0167,0.0489,0.0005,0.0034,0.0048,3.6864,0.0228,0.0000,0.3719,0.0005,0.0006,0.1416,0.0017,0.0007,0.0008
1987,24.4685,0.0000,15.6501,4.5815,,true,0,0.008333,0.0000,0.0000,1.00,0.00,0.0000,22,1,295,295,0,0,100,1,11,11,0,246528,0,295,0,0,850227200,0.000000,0.000000,0.000000,0.00,0,2,4,25,17,20,26,13,24,55,97,12,0,0,0,0,0,0,0.0003,0.0237,0.0462,0.0014,0.0039,0.0055,4.5815,0.0247,0.0000,0.4753,0.0006,0.0010,0.2086,0.0020,0.0013,0.0016
1988,24.4806,0.0000,12.4780,4.5160,,true,0,0.008333,0.0000,0.0000,1.00,0.00,0.0000,22,1,295,295,0,0,100,1,11,11,0,246528,0,295,0,0,850227200,0.000000,0.000000,0.000000,0.00,0,2,4,25,17,20,26,13,24,55,97,12,0,0,0,0,0,0,0.0007,0.0236,0.0479,0.0008,0.0036,0.0084,4.5160,0.0594,0.0000,0.4516,0.0006,0.0008,0.1765,0.0017,0.0015,0.0009
1989,24.4965,0.0000,13.3194,6.9845,,true,0,0.008333,0.0000,0.0000,1.00,0.00,0.0000,22,1,295,295,0,0,100,1,11,11,0,246528,0,295,0,0,850227200,0.000000,0.000000,0.000000,0.00,0,2,4,25,17,20,26,13,24,55,97,12,0,0,0,0,0,0,0.0009,0.0214,0.0680,0.0015,0.0047,0.0069,6.9845,0.0697,0.0000,0.4155,0.0005,0.0004,0.1673,0.0016,0.0011,0.0007
1990,24.5106,0.0000,15.8336,4.9493,,true,0,0.008333,0.0000,0.0000,1.00,0.00,0.0000,22,1,295,295,0,0,100,1,11,11,0,246528,0,295,0,0,850227200,0.000000,0.000000,0.000000,0.00,0,2,4,25,17,20,26,13,24,55,97,12,0,0,0,0,0,0,0.0008,0.0211,0.0397,0.0011,0.0039,0.0081,4.9493,0.0209,0.0000,0.4287,0.0005,0.0010,0.1566,0.0022,0.0010,0.0011
1991,24.5246,0.0000,14.5749,3.8451,,true,0,0.008333,0.0000,0.0000,1.00,0.00,0.0000,22,1,295,295,0,0,100,1,11,11,0,246528,0,295,0,0,850227200,0.000000,0.000000,0.000000,0.00,0,2,4,25,17,20,26,13,24,55,97,12,0,0,0,0,0,0,0.0006,0.0217,0.0413,0.0012,0.0040,0.0056,3.8451,0.0166,0.0000,0.3984,0.0006,0.0003,0.1476,0.0019,0.0015,0.0005
1992,24.5359,0.0000,11.3944,4.8722,,true,0,0.008333,0.0000,0.0000,1.00,0.00,0.0000,22,1,295,295,0,0,100,1,11,11,0,246528,0,295,0,0,850227200,0.000000,0.000000,0.000000,0.00,0,2,4,25,17,20,26,13,24,55,97,12,0,0,0,0,0,0,0.0001,0.0178,0.0381,0.0010,0.0031,0.0046,4.8722,0.0195,0.0000,0.3898,0.0006,0.0007,0.1433,0.0014,0.0006,0.0003
1993,24.5493,0.0000,14.7372,3.2329,,true,0,0.008333,0.0000,0.0000,1.00,0.00,0.0000,22,1,295,295,0,0,100,1,11,11,0,246528,0,295,0,0,850227200,0.000000,0.000000,0.000000,0.00,0,2,4,25,17,20,26,13,24,55,97,12,0,0,0,0,0,0,0.0002,0.0161,0.0384,0.0007,0.0029,0.0039,3.2329,0.0151,0.0000,0.3486,0.0006,0.0009,0.1332,0.0015,0.0012,0.0008
1994,24.5669,0.0000,14.7045,5.3915,,true,0,0.008333,0.0000,0.0000,1.00,0.00,0.0000,22,1,295,295,0,0,100,1,11,11,0,246528,0,295,0,0,850227200,0.000000,0.000000,0.000000,0.00,0,2,4,25,17,20,26,13,24,55,97,12,0,0,0,0,0,0,0.0001,0.0175,0.0399,0.0016,0.0044,0.0079,5.3915,0.0241,0.0000,0.4552,0.0013,0.0007,0.1795,0.0024,0.0009,0.0012
1995,24.5785,0.0000,14.0275,3.5983,,true,0,0.008333,0.0000,0.0000,1.00,0.00,0.0000,22,1,295,295,0,0,100,1,11,11,0,246528,0,295,0,0,850227200,0.000000,0.000000,0.000000,0.00,0,2,4,25,17,20,26,13,24,55,97,12,0,0,0,0,0,0,0.0002,0.0214,0.0374,0.0010,0.0030,0.0065,3.5983,0.0704,0.0000,0.3822,0.0006,0.0004,0.1415,0.0011,0.0015,0.0010
1996,24.5912,0.0000,13.0252,3.5333,,true,0,0.008333,0.0000,0.0000,1.00,0.00,0.0000,22,1,295,295,0,0,100,1,11,11,0,246528,0,295,0,0,850227200,0.000000,0.000000,0.000000,0.00,0,2,4,25,17,20,26,13,24,55,97,12,0,0,0,0,0,0,0.0009,0.0197,0.0368,0.0005,0.0010,0.0052,3.5333,0.0218,0.0000,0.4115,0.0007,0.0008,0.1448,0.0012,0.0013,0.0010
1997,24.6039,0.0000,13.0115,3.3881,,true,0,0.008333,0.0000,0.0000,1.00,0.00,0.0000,22,1,295,295,0,0,100,1,11,11,0,246528,0,295,0,0,850227200,0.000000,0.000000,0.000000,0.00,0,2,4,25,17,20,26,13,24,55,97,12,0,0,0,0,0,0,0.0002,0.0150,0.0378,0.0011,0.0034,0.0041,3.3881,0.0204,0.0000,0.3774,0.0004,0.0003,0.1398,0.0016,0.0009,0.0007
1998,24.6165,0.0000,12.9049,3.1476,,true,0,0.008333,0.0000,0.0000,1.00,0.00,0.0000,22,1,295,295,0,0,100,1,11,11,0,246528,0,295,0,0,850227200,0.000000,0.000000,0.000000,0.00,0,2,4,25,17,20,26,13,24,55,97,12,0,0,0,0,0,0,0.0001,0.0196,0.0375,0.0010,0.0036,0.0069,3.1476,0.0191,0.0000,0.3758,0.0006,0.0004,0.1287,0.0016,0.0010,0.0007
1999,24.6317,0.0000,14.5194,3.5971,,true,0,0.008333,0.0000,0.0000,1.00,0.00,0.0000,22,1,295,295,0,0,100,1,11,11,0,246528,0,295,0,0,850227200,0.000000,0.000000,0.000000,0.00,0,2,4,25,17,20,26,13,24,55,97,12,0,0,0,0,0,0,0.0006,0.0202,0.0352,0.0015,0.0031,0.0062,3.5971,0.0177,0.0000,0.3929,0.0006,0.0006,0.1412,0.0014,0.0016,0.0008
2000,24.6443,0.0000,13.2713,2.8179,,true,0,0.008333,0.0000,0.0000,1.00,0.00,0.0000,22,1,295,295,0,0,100,1,11,11,0,246528,0,295,0,0,850227200,0.000000,0.000000,0.000000,0.00,0,2,4,25,17,20,26,13,24,55,97,12,0,0,0,0,0,0,0.0002,0.0168,0.0369,0.0005,0.0029,0.0046,2.8179,0.0173,0.0000,0.3499,0.0006,0.0002,0.1300,0.0010,0.0004,0.0003
2001,24.6620,0.0000,12.5243,6.6522,,true,0,0.008333,0.0000,0.0000,1.00,0.00,0.0000,22,1,295,295,0,0,100,1,11,11,0,246528,0,295,0,0,850227200,0.000000,0.000000,0.000000,0.00,0,2,4,25,17,20,26,13,24,55,97,12,0,0,0,0,0,0,0.0005,0.0567,0.0369,0.0017,0.0056,0.0096,6.6522,0.0239,0.0000,0.4151,0.0007,0.0005,0.1528,0.0017,0.0016,0.0011
2002,24.6726,0.0000,14.6613,3.6031,,true,0,0.008333,0.0000,0.0000,1.00,0.00,0.0000,22,1,295,295,0,0,100,1,11,11,0,246528,0,295,0,0,850227200,0.000000,0.000000,0.000000,0.00,0,2,4,25,17,20,26,13,24,55,97,12,0,0,0,0,0,0,0.0008,0.0172,0.0392,0.0007,0.0033,0.0269,3.6031,0.0170,0.0000,0.3597,0.0006,0.0005,0.1324,0.0011,0.0007,0.0009
2003,24.6839,0.0000,12.6594,2.7760,,true,0,0.008333,0.0000,0.0000,1.00,0.00,0.0000,22,1,295,295,0,0,100,1,11,11,0,246528,0,295,0,0,850227200,0.000000,0.000000,0.000000,0.00,0,2,4,25,17,20,26,13,24,55,97,12,0,0,0,0,0,0,0.0006,0.0158,0.0353,0.0009,0.0026,0.0043,2.7760,0.0170,0.0000,0.3521,0.0005,0.0002,0.1348,0.0026,0.0011,0.0006
2004,24.7019,0.0000,17.4017,3.3107,,true,0,0.008333,0.0000,0.0000,1.00,0.00,0.0000,22,1,295,295,0,0,100,1,11,11,0,246528,0,295,0,0,850227200,0.000000,0.000000,0.000000,0.00,0,2,4,25,17,20,26,13,24,55,97,12,0,0,0,0,0,0,0.0003,0.0169,0.0357,0.0008,0.0026,0.0039,3.3107,0.0159,0.0000,0.3921,0.0009,0.0002,0.1640,0.0015,0.0010,0.0009
2005,24.7124,0.0000,10.2697,3.4363,,true,0,0.008333,0.0000,0.0000,1.00,0.00,0.0000,22,1,295,295,0,0,100,1,11,11,0,246528,0,295,0,0,850227200,0.000000,0.000000,0.000000,0.00,0,2,4,25,17,20,26,13,24,55,97,12,0,0,0,0,0,0,0.0001,0.0156,0.0553,0.0008,0.0019,0.0040,3.4363,0.0180,0.0000,0.3546,0.0004,0.0008,0.1378,0.0011,0.0012,0.0005
2006,24.7246,0.0000,12.4591,3.3305,,true,0,0.008333,0.0000,0.0000,1.00,0.00,0.0000,22,1,295,295,0,0,100,1,11,11,0,246528,0,295,0,0,850227200,0.000000,0.000000,0.000000,0.00,0,2,4,25,17,20,26,13,24,55,97,12,0,0,0,0,0,0,0.0005,0.0247,0.0385,0.0006,0.0038,0.0064,3.3305,0.0185,0.0000,0.3779,0.0005,0.0005,0.1487,0.0017,0.0019,0.0007
2007,24.7355,0.0000,11.2617,2.9639,,true,0,0.008333,0.0000,0.0000,1.00,0.00,0.0000,22,1,295,295,0,0,100,1,11,11,0,246528,0,295,0,0,850227200,0.000000,0.000000,0.000000,0.00,0,2,4,25,17,20,26,13,24,55,97,12,0,0,0,0,0,0,0.0005,0.0162,0.0353,0.0012,0.0039,0.0070,2.9639,0.0168,0.0000,0.3789,0.0006,0.0002,0.1402,0.0011,0.0010,0.0011
2008,24.7530,0.0000,13.3899,7.3286,,true,0,0.008333,0.0000,0.0000,1.00,0.00,0.0000,22,1,295,295,0,0,100,1,11,11,0,246528,0,295,0,0,850227200,0.000000,0.000000,0.000000,0.00,0,2,4,25,17,20,26,13,24,55,97,12,0,0,0,0,0,0,0.0001,0.0158,0.0315,0.0010,0.0027,0.0042,7.3286,0.0115,0.0000,5.1952,0.0002,0.1293,0.1197,0.0017,0.0007,4.7247
2009,24.7659,0.0000,15.9014,3.8161,,true,0,0.008333,0.0000,0.0000,1.00,0.00,0.0000,22,1,295,295,0,0,100,1,11,11,0,246528,0,295,0,0,850227200,0.000000,0.000000,0.000000,0.00,0,2,4,25,17,20,26,13,24,55,97,12,0,0,0,0,0,0,0.0008,0.0159,0.0372,0.0005,0.0039,0.0053,3.8161,0.0180,0.0000,0.3947,0.0007,0.0008,0.1569,0.0018,0.0015,0.0012
2010,24.7768,0.0000,11.3093,3.4506,,true,0,0.008333,0.0000,0.0000,1.00,0.00,0.0000,22,1,295,295,0,0,100,1,11,11,0,246528,0,295,0,0,850227200,0.000000,0.000000,0.000000,0.00,0,2,4,25,17,20,26,13,24,55,97,12,0,0,0,0,0,0,0.0009,0.0176,0.0350,0.0005,0.0021,0.0051,3.4506,0.0213,0.0000,0.3597,0.0006,0.0009,0.1386,0.0017,0.0009,0.0012
2011,24.7939,0.0000,16.8308,3.7232,,true,0,0.008333,0.0000,0.0000,1.00,0.00,0.0000,22,1,295,295,0,0,100,1,11,11,0,246528,0,295,0,0,850227200,0.000000,0.000000,0.000000,0.00,0,2,4,25,17,20,26,13,24,55,97,12,0,0,0,0,0,0,0.0004,0.0200,0.0389,0.0011,0.0030,0.0053,3.7232,0.0288,0.0000,0.3717,0.0006,0.0007,0.1318,0.0015,0.0013,0.0009
2012,24.8056,0.0000,12.3793,3.0256,,true,0,0.008333,0.0000,0.0000,1.00,0.00,0.0000,22,1,295,295,0,0,100,1,11,11,0,246528,0,295,0,0,850227200,0.000000,0.000000,0.000000,0.00,0,2,4,25,17,20,26,13,24,55,97,12,0,0,0,0,0,0,0.0002,0.0139,0.0475,0.0006,0.0023,0.0036,3.0256,0.0227,0.0000,0.4230,0.0006,0.0006,0.1602,0.0013,0.0018,0.0006
2013,24.8165,0.0000,10.6508,3.2802,,true,0,0.008333,0.0000,0.0000,1.00,0.00,0.0000,22,1,295,295,0,0,100,1,11,11,0,246528,0,295,0,0,850227200,0.000000,0.000000,0.000000,0.00,0,2,4,25,17,20,26,13,24,55,97,12,0,0,0,0,0,0,0.0010,0.0130,0.0375,0.0005,0.0030,0.0032,3.2802,0.0161,0.0000,0.3458,0.0004,0.0002,0.1280,0.0021,0.0005,0.0006
2014,24.8285,0.0000,12.5481,2.8767,,true,0,0.008333,0.0000,0.0000,1.00,0.00,0.0000,22,1,295,295,0,0,100,1,11,11,0,246528,0,295,0,0,850227200,0.000000,0.000000,0.000000,0.00,0,2,4,25,17,20,26,13,24,55,97,12,0,0,0,0,0,0,0.0010,0.0158,0.0363,0.0011,0.0027,0.0090,2.8767,0.0148,0.0000,0.3999,0.0008,0.0003,0.1907,0.0016,0.0014,0.0007
2015,24.8415,0.0000,11.7252,4.1760,,true,0,0.008333,0.0000,0.0000,1.00,0.00,0.0000,22,1,295,295,0,0,100,1,11,11,0,246528,0,295,0,0,850227200,0.000000,0.000000,0.000000,0.00,0,2,4,25,17,20,26,13,24,55,97,12,0,0,0,0,0,0,0.0007,0.0199,0.0361,0.0011,0.0055,0.0060,4.1760,0.0176,0.0000,0.4219,0.0005,0.0009,0.1536,0.0019,0.0012,0.0010
2016,24.8523,0.0000,11.6741,3.3505,,true,0,0.008333,0.0000,0.0000,1.00,0.00,0.0000,22,1,295,295,0,0,100,1,11,11,0,246528,0,295,0,0,850227200,0.000000,0.000000,0.000000,0.00,0,2,4,25,17,20,26,13,24,55,97,12,0,0,0,0,0,0,0.0007,0.0152,0.0335,0.0009,0.0032,0.0071,3.3505,0.0200,0.0000,0.3618,0.0009,0.0004,0.1300,0.0015,0.0023,0.0006
2017,24.8673,0.0000,13.4641,4.2314,,true,0,0.008333,0.0000,0.0000,1.00,0.00,0.0000,22,1,295,295,0,0,100,1,11,11,0,246528,0,295,0,0,850227200,0.000000,0.000000,0.000000,0.00,0,2,4,25,17,20,26,13,24,55,97,12,0,0,0,0,0,0,0.0003,0.0151,0.0374,0.0009,0.0033,0.0052,4.2314,0.0198,0.0000,0.3773,0.0004,0.0005,0.1492,0.0020,0.0006,0.0004
2018,24.8776,0.0000,11.6757,3.3032,,true,0,0.008333,0.0000,0.0000,1.00,0.00,0.0000,22,1,295,295,0,0,100,1,11,11,0,246528,0,295,0,0,850227200,0.000000,0.000000,0.000000,0.00,0,2,4,25,17,20,26,13,24,55,97,12,0,0,0,0,0,0,0.0002,0.0140,0.0343,0.0005,0.0021,0.0309,3.3032,0.0152,0.0000,0.3518,0.0008,0.0002,0.1353,0.0010,0.0010,0.0006
2019,24.8926,0.0000,14.7275,3.3350,,true,0,0.008333,0.0000,0.0000,1.00,0.00,0.0000,22,1,295,295,0,0,100,1,11,11,0,246528,0,295,0,0,850227200,0.000000,0.000000,0.000000,0.00,0,2,4,25,17,20,26,13,24,55,97,12,0,0,0,0,0,0,0.0011,0.0124,0.0335,0.0009,0.0021,0.0038,3.3350,0.0168,0.0000,0.3253,0.0004,0.0007,0.1148,0.0013,0.0010,0.0007
2020,24.9032,0.0000,10.8804,3.1325,,true,0,0.008333,0.0000,0.0000,1.00,0.00,0.0000,22,1,295,295,0,0,100,1,11,11,0,246528,0,295,0,0,850227200,0.000000,0.000000,0.000000,0.00,0,2,4,25,17,20,26,13,24,55,97,12,0,0,0,0,0,0,0.0003,0.0138,0.0282,0.0005,0.0017,0.0030,3.1325,0.0087,0.0000,0.2971,0.0001,0.0001,0.1104,0.0006,0.0008,0.0001
2021,24.9163,0.0000,13.6575,2.7919,,true,0,0.008333,0.0000,0.0000,1.00,0.00,0.0000,22,1,295,295,0,0,100,1,11,11,0,246528,0,295,0,0,850227200,0.000000,0.000000,0.000000,0.00,0,2,4,25,17,20,26,13,24,55,97,12,0,0,0,0,0,0,0.0002,0.0165,0.0323,0.0006,0.0020,0.0041,2.7919,0.0130,0.0000,0.3484,0.0002,0.0004,0.1435,0.0012,0.0005,0.0004
2022,24.9280,0.0000,12.0676,2.4390,,true,0,0.008333,0.0000,0.0000,1.00,0.00,0.0000,22,1,295,295,0,0,100,1,11,11,0,246528,0,295,0,0,850227200,0.000000,0.000000,0.000000,0.00,0,2,4,25,17,20,26,13,24,55,97,12,0,0,0,0,0,0,0.0001,0.0148,0.0305,0.0007,0.0021,0.0038,2.4390,0.0121,0.0000,0.3341,0.0003,0.0004,0.1198,0.0011,0.0006,0.0003
2023,24.9402,0.0000,12.2416,2.5145,,true,0,0.008333,0.0000,0.0000,1.00,0.00,0.0000,22,1,295,295,0,0,100,1,11,11,0,246528,0,295,0,0,850366464,0.000000,0.000000,0.000000,0.00,0,2,4,25,17,20,26,13,24,55,97,12,0,0,0,0,0,0,0.0001,0.0145,0.0303,0.0006,0.0019,0.0029,2.5145,0.0129,0.0000,0.3209,0.0001,0.0004,0.1279,0.0010,0.0002,0.0004
2024,24.9529,0.0000,10.6119,4.5586,,true,0,0.008333,0.0000,0.0000,1.00,0.00,0.0000,22,1,295,295,0,0,100,1,11,11,0,246528,0,295,0,0,850366464,0.000000,0.000000,0.000000,0.00,0,2,4,25,17,20,26,13,24,55,97,12,0,0,0,0,0,0,0.0001,0.0311,0.1648,0.0025,0.0040,0.0049,4.5586,0.0238,0.0000,0.5948,0.0006,0.0078,0.2213,0.0020,0.0010,0.0008
2025,24.9654,0.0000,13.5507,3.2742,,true,0,0.008333,0.0000,0.0000,1.00,0.00,0.0000,22,1,295,295,0,0,100,1,11,11,0,246528,0,295,0,0,850366464,0.000000,0.000000,0.000000,0.00,0,2,4,25,17,20,26,13,24,55,97,12,0,0,0,0,0,0,0.0004,0.0194,0.0555,0.0016,0.0034,0.0061,3.2742,0.0232,0.0000,0.3864,0.0004,0.0004,0.1531,0.0015,0.0007,0.0003
2026,24.9768,0.0000,11.8669,3.0597,,true,0,0.008333,0.0000,0.0000,1.00,0.00,0.0000,22,1,295,295,0,0,100,1,11,11,0,246528,0,295,0,0,850366464,0.000000,0.000000,0.000000,0.00,0,2,4,25,17,20,26,13,24,55,97,12,0,0,0,0,0,0,0.0005,0.0169,0.0333,0.0007,0.0030,0.0036,3.0597,0.0164,0.0000,0.3646,0.0003,0.0004,0.1283,0.0018,0.0009,0.0008
2027,24.9901,0.0000,12.3429,3.6654,,true,0,0.008333,0.0000,0.0000,1.00,0.00,0.0000,22,1,295,295,0,0,100,1,11,11,0,246528,0,295,0,0,850366464,0.000000,0.000000,0.000000,0.00,0,2,4,25,17,20,26,13,24,55,97,12,0,0,0,0,0,0,0.0006,0.0214,0.0408,0.0022,0.0041,0.0055,3.6654,0.0193,0.0000,0.3697,0.0003,0.0004,0.1356,0.0017,0.0012,0.0006
2028,25.0021,0.0000,12.5678,3.3731,,true,0,0.008333,0.0000,0.0000,1.00,0.00,0.0000,22,1,295,295,0,0,100,1,11,11,0,246528,0,295,0,0,850366464,0.000000,0.000000,0.000000,0.00,0,2,4,25,17,20,26,13,24,55,97,12,0,0,0,0,0,0,0.0004,0.0159,0.0417,0.0013,0.0029,0.0040,3.3731,0.0190,0.0000,0.3790,0.0011,0.0008,0.1188,0.0019,0.0019,0.0006
2029,25.0143,0.0000,12.9664,2.7319,,true,0,0.008333,0.0000,0.0000,1.00,0.00,0.0000,22,1,295,295,0,0,100,1,11,11,0,246528,0,295,0,0,850366464,0.000000,0.000000,0.000000,0.00,0,2,4,25,17,20,26,13,24,55,97,12,0,0,0,0,0,0,0.0002,0.0134,0.0321,0.0007,0.0013,0.0040,2.7319,0.0154,0.0000,0.3645,0.0005,0.0006,0.1382,0.0013,0.0015,0.0012
2030,25.0263,0.0000,11.1660,3.6358,,true,0,0.008333,0.0000,0.0000,1.00,0.00,0.0000,22,1,295,295,0,0,100,1,11,11,0,246528,0,295,0,0,850366464,0.000000,0.000000,0.000000,0.00,0,2,4,25,17,20,26,13,24,55,97,12,0,0,0,0,0,0,0.0007,0.0167,0.0560,0.0021,0.0038,0.0098,3.6358,0.0110,0.0000,0.3346,0.0002,0.0000,0.1250,0.0011,0.0012,0.0005
2031,25.0374,0.0000,11.7804,2.8803,,true,0,0.008333,0.0000,0.0000,1.00,0.00,0.0000,22,1,295,295,0,0,100,1,11,11,0,246528,0,295,0,0,850366464,0.000000,0.000000,0.000000,0.00,0,2,4,25,17,20,26,13,24,55,97,12,0,0,0,0,0,0,0.0006,0.0189,0.0347,0.0008,0.0024,0.0052,2.8803,0.0134,0.0000,0.3537,0.0007,0.0003,0.1335,0.0012,0.0009,0.0004
2032,25.0507,0.0000,11.5902,4.1246,,true,0,0.008333,0.0000,0.0000,1.00,0.00,0.0000,22,1,295,295,0,0,100,1,11,11,0,246528,0,295,0,0,850366464,0.000000,0.000000,0.000000,0.00,0,2,4,25,17,20,26,13,24,55,97,12,0,0,0,0,0,0,0.0003,0.0153,0.0642,0.0006,0.0026,0.0038,4.1246,0.0272,0.0000,0.3760,0.0003,0.0004,0.1358,0.0012,0.0008,0.0009
2033,25.0631,0.0000,12.0787,4.8578,,true,0,0.008333,0.0000,0.0000,1.00,0.00,0.0000,22,1,295,295,0,0,100,1,11,11,0,246528,0,295,0,0,850366464,0.000000,0.000000,0.000000,0.00,0,2,4,25,17,20,26,13,24,55,97,12,0,0,0,0,0,0,0.0002,0.0164,0.0437,0.0010,0.0023,0.0042,4.8578,0.0227,0.0000,0.3649,0.0007,0.0005,0.1357,0.0017,0.0011,0.0008
2034,25.0759,0.0000,13.2259,4.3283,,true,0,0.008333,0.0000,0.0000,1.00,0.00,0.0000,22,1,295,295,0,0,100,1,11,11,0,246528,0,295,0,0,850366464,0.000000,0.000000,0.000000,0.00,0,2,4,25,17,20,26,13,24,55,97,12,0,0,0,0,0,0,0.0010,0.0239,0.0613,0.0028,0.0051,0.0101,4.3283,0.0521,0.0000,0.4334,0.0006,0.0005,0.1596,0.0018,0.0006,0.0007
2035,25.0868,0.0000,11.8778,3.3451,,true,0,0.008333,0.0000,0.0000,1.00,0.00,0.0000,22,1,295,295,0,0,100,1,11,11,0,246528,0,295,0,0,850366464,0.000000,0.000000,0.000000,0.00,0,2,4,25,17,20,26,13,24,55,97,12,0,0,0,0,0,0,0.0004,0.0307,0.0416,0.0009,0.0028,0.0107,3.3451,0.0183,0.0000,0.3915,0.0005,0.0007,0.1471,0.0020,0.0012,0.0008
2036,25.0994,0.0000,12.3080,3.5855,,true,0,0.008333,0.0000,0.0000,1.00,0.00,0.0000,22,1,295,295,0,0,100,1,11,11,0,246528,0,295,0,0,850481152,0.000000,0.000000,0.000000,0.00,0,2,4,25,17,20,26,13,24,55,97,12,0,0,0,0,0,0,0.0011,0.0247,0.0317,0.0009,0.0036,0.0167,3.5855,0.0156,0.0000,0.3359,0.0005,0.0009,0.1271,0.0017,0.0013,0.0008
2037,25.1097,0.0000,11.1188,2.9843,,true,0,0.008333,0.0000,0.0000,1.00,0.00,0.0000,22,1,295,295,0,0,100,1,11,11,0,246528,0,295,0,0,850481152,0.000000,0.000000,0.000000,0.00,0,2,4,25,17,20,26,13,24,55,97,12,0,0,0,0,0,0,0.0004,0.0144,0.0349,0.0006,0.0026,0.0057,2.9843,0.0155,0.0000,0.3551,0.0004,0.0005,0.1312,0.0014,0.0005,0.0005
2038,25.1217,0.0000,12.0756,2.8897,,true,0,0.008333,0.0000,0.0000,1.00,0.00,0.0000,22,1,295,295,0,0,100,1,11,11,0,246528,0,295,0,0,850481152,0.000000,0.000000,0.000000,0.00,0,2,4,25,17,20,26,13,24,55,97,12,0,0,0,0,0,0,0.0002,0.0159,0.0325,0.0009,0.0025,0.0034,2.8897,0.0152,0.0000,0.3664,0.0007,0.0004,0.1318,0.0016,0.0009,0.0005
2039,25.1361,0.0000,13.5598,3.6400,,true,0,0.008333,0.0000,0.0000,1.00,0.00,0.0000,22,1,295,295,0,0,100,1,11,11,0,246528,0,295,0,0,850481152,0.000000,0.000000,0.000000,0.00,0,2,4,25,17,20,26,13,24,55,97,12,0,0,0,0,0,0,0.0003,0.0162,0.0345,0.0006,0.0025,0.0051,3.6400,0.0168,0.0000,0.4104,0.0005,0.0005,0.1498,0.0015,0.0008,0.0007
2040,25.1488,0.0000,12.0603,4.4176,,true,0,0.008333,0.0000,0.0000,1.00,0.00,0.0000,22,1,295,295,0,0,100,1,11,11,0,246528,0,295,0,0,850481152,0.000000,0.000000,0.000000,0.00,0,2,4,25,17,20,26,13,24,55,97,12,0,0,0,0,0,0,0.0002,0.0162,0.0374,0.0010,0.0029,0.0041,4.4176,0.0159,0.0000,0.3836,0.0009,0.0004,0.1510,0.0014,0.0016,0.0010
2041,25.1626,0.0000,13.1140,4.7092,,true,0,0.008333,0.0000,0.0000,1.00,0.00,0.0000,22,1,295,295,0,0,100,1,11,11,0,246528,0,295,0,0,850481152,0.000000,0.000000,0.000000,0.00,0,2,4,25,17,20,26,13,24,55,97,12,0,0,0,0,0,0,0.0008,0.0258,0.0330,0.0013,0.0034,0.0103,4.7092,0.0241,0.0000,0.3912,0.0006,0.0005,0.1478,0.0022,0.0013,0.0010
2042,25.1766,0.0000,15.1377,3.6217,,true,0,0.008333,0.0000,0.0000,1.00,0.00,0.0000,22,1,295,295,0,0,100,1,11,11,0,246528,0,295,0,0,850481152,0.000000,0.000000,0.000000,0.00,0,2,4,25,17,20,26,13,24,55,97,12,0,0,0,0,0,0,0.0002,0.0145,0.0345,0.0008,0.0027,0.0029,3.6217,0.0165,0.0000,0.3507,0.0003,0.0004,0.1295,0.0015,0.0006,0.0007
2043,25.1882,0.0000,11.0682,4.1898,,true,0,0.008333,0.0000,0.0000,1.00,0.00,0.0000,22,1,295,295,0,0,100,1,11,11,0,246528,0,295,0,0,850481152,0.000000,0.000000,0.000000,0.00,0,2,4,25,17,20,26,13,24,55,97,12,0,0,0,0,0,0,0.0010,0.0259,0.0613,0.0011,0.0033,0.0103,4.1898,0.0211,0.0000,0.4613,0.0009,0.0005,0.1703,0.0021,0.0010,0.0006
2044,25.2069,0.0000,16.1258,5.1591,,true,0,0.008333,0.0000,0.0000,1.00,0.00,0.0000,22,1,295,295,0,0,100,1,11,11,0,246528,0,295,0,0,850481152,0.000000,0.000000,0.000000,0.00,0,2,4,25,17,20,26,13,24,55,97,12,0,0,0,0,0,0,0.0005,0.0261,0.0467,0.0018,0.0037,0.0062,5.1591,0.0178,0.0000,0.4642,0.0009,0.0007,0.1601,0.0015,0.0011,0.0009
2045,25.2283,0.0000,19.3390,7.9086,,true,0,0.008333,0.0000,0.0000,1.00,0.00,0.0000,22,1,295,295,0,0,100,1,11,11,0,246528,0,295,0,0,865554432,0.000000,0.000000,0.000000,0.00,0,2,4,25,17,20,26,13,24,55,97,12,0,0,0,0,0,0,0.0005,0.0861,0.1361,0.0017,0.0073,0.0113,7.9086,0.0622,0.0000,0.6611,0.0007,0.0013,0.2296,0.0031,0.0017,0.0017
2046,25.2912,0.0000,11.4752,60.3086,,true,0,0.008333,0.0000,0.0000,1.00,0.00,0.0000,22,1,295,295,0,0,100,1,11,11,0,246528,0,295,0,0,898486272,0.000000,0.000000,0.000000,0.00,0,2,4,25,17,20,26,13,24,55,97,12,0,0,0,0,0,0,0.0008,0.0160,0.0445,0.0010,0.0065,0.0037,60.3086,0.0112,0.0000,0.3864,0.0004,0.0005,0.1386,0.0014,0.0013,0.0005
2047,25.2950,0.0000,13.3637,3.1151,,true,0,0.008333,0.0000,0.0000,1.00,0.00,0.0000,22,1,295,295,0,0,100,1,11,11,0,246528,0,295,0,0,898486272,0.000000,0.000000,0.000000,0.00,0,2,4,25,17,20,26,13,24,55,97,12,0,0,0,0,0,0,0.0003,0.0194,0.0393,0.0005,0.0014,0.0034,3.1151,0.0090,0.0000,0.3684,0.0005,0.0005,0.1120,0.0009,0.0014,0.0008
2048,25.3046,0.0000,55.3346,4.6835,,true,0,0.008333,0.0000,0.0000,1.00,0.00,0.0000,22,1,295,295,0,0,100,1,11,11,0,246528,0,295,0,0,898486272,0.000000,0.000000,0.000000,0.00,0,2,4,25,17,20,26,13,24,55,97,12,0,0,0,0,0,0,0.0013,0.0386,0.0520,0.0021,0.0067,0.0101,4.6835,0.0387,0.0000,0.4175,0.0003,0.0004,0.1631,0.0014,0.0008,0.0004
2049,25.3121,0.0000,8.1148,4.3044,,true,0,0.008333,0.0000,0.0000,1.00,0.00,0.0000,22,1,295,295,0,0,100,1,11,11,0,246528,0,295,0,0,898486272,0.000000,0.000000,0.000000,0.00,0,2,4,25,17,20,26,13,24,55,97,12,0,0,0,0,0,0,0.0003,0.0211,0.0508,0.0008,0.0016,0.0045,4.3044,0.0237,0.0000,0.5305,0.0003,0.0005,0.2876,0.0026,0.0004,0.0003
2050,25.3181,0.0000,7.6454,2.9636,,true,0,0.008333,0.0000,0.0000,1.00,0.00,0.0000,22,1,295,295,0,0,100,1,11,11,0,246528,0,295,0,0,898486272,0.000000,0.000000,0.000000,0.00,0,2,4,25,17,20,26,13,24,55,97,12,0,0,0,0,0,0,0.0002,0.0118,0.0351,0.0008,0.0028,0.0034,2.9636,0.0182,0.0000,0.3491,0.0005,0.0007,0.1415,0.0017,0.0007,0.0008
2051,25.3300,0.0000,9.8036,4.5479,,true,0,0.008333,0.0000,0.0000,1.00,0.00,0.0000,22,1,295,295,0,0,100,1,11,11,0,246528,0,295,0,0,898486272,0.000000,0.000000,0.000000,0.00,0,2,4,25,17,20,26,13,24,55,97,12,0,0,0,0,0,0,0.0001,0.0258,0.0296,0.0012,0.0022,0.0086,4.5479,0.0132,0.0000,0.4342,0.0004,0.0013,0.1600,0.0020,0.0018,0.0014
2052,25.3382,0.0000,9.4577,3.4529,,true,0,0.008333,0.0000,0.0000,1.00,0.00,0.0000,22,1,295,295,0,0,100,1,11,11,0,246528,0,295,0,0,898486272,0.000000,0.000000,0.000000,0.00,0,2,4,25,17,20,26,13,24,55,97,12,0,0,0,0,0,0,0.0003,0.0224,0.0410,0.0005,0.0019,0.0029,3.4529,0.0208,0.0000,0.3311,0.0003,0.0003,0.1098,0.0008,0.0005,0.0004
2053,25.3456,0.0000,7.8902,3.3276,,true,0,0.008333,0.0000,0.0000,1.00,0.00,0.0000,22,1,295,295,0,0,100,1,11,11,0,246528,0,295,0,0,898486272,0.000000,0.000000,0.000000,0.00,0,2,4,25,17,20,26,13,24,55,97,12,0,0,0,0,0,0,0.0006,0.0143,0.0323,0.0007,0.0022,0.0074,3.3276,0.0151,0.0000,0.3364,0.0007,0.0005,0.1306,0.0009,0.0007,0.0004
2054,25.3607,0.0000,14.7262,3.3097,,true,0,0.008333,0.0000,0.0000,1.00,0.00,0.0000,22,1,295,295,0,0,100,1,11,11,0,246528,0,295,0,0,898486272,0.000000,0.000000,0.000000,0.00,0,2,4,25,17,20,26,13,24,55,97,12,0,0,0,0,0,0,0.0009,0.0174,0.0324,0.0005,0.0021,0.0040,3.3097,0.0169,0.0000,0.3740,0.0002,0.0002,0.1365,0.0019,0.0004,0.0002
2055,25.3727,0.0000,11.0528,4.3789,,true,0,0.008333,0.0000,0.0000,1.00,0.00,0.0000,22,1,295,295,0,0,100,1,11,11,0,246528,0,295,0,0,898486272,0.000000,0.000000,0.000000,0.00,0,2,4,25,17,20,26,13,24,55,97,12,0,0,0,0,0,0,0.0005,0.0358,0.0538,0.0015,0.0047,0.0083,4.3789,0.0275,0.0000,0.4447,0.0004,0.0007,0.1567,0.0020,0.0015,0.0008
2056,25.3852,0.0000,13.2083,3.6369,,true,0,0.008333,0.0000,0.0000,1.00,0.00,0.0000,22,1,295,295,0,0,100,1,11,11,0,246528,0,295,0,0,898486272,0.000000,0.000000,0.000000,0.00,0,2,4,25,17,20,26,13,24,55,97,12,0,0,0,0,0,0,0.0007,0.0218,0.0362,0.0006,0.0033,0.0067,3.6369,0.0163,0.0000,0.4418,0.0007,0.0009,0.1712,0.0035,0.0013,0.0007
2057,25.3963,0.0000,11.5986,3.3103,,true,0,0.008333,0.0000,0.0000,1.00,0.00,0.0000,22,1,295,295,0,0,100,1,11,11,0,246528,0,295,0,0,898486272,0.000000,0.000000,0.000000,0.00,0,2,4,25,17,20,26,13,24,55,97,12,0,0,0,0,0,0,0.0003,0.0214,0.0386,0.0007,0.0030,0.0065,3.3103,0.0162,0.0000,0.3765,0.0007,0.0005,0.1365,0.0017,0.0008,0.0009
2058,25.4093,0.0000,12.7527,3.4726,,true,0,0.008333,0.0000,0.0000,1.00,0.00,0.0000,22,1,295,295,0,0,100,1,11,11,0,246528,0,295,0,0,898486272,0.000000,0.000000,0.000000,0.00,0,2,4,25,17,20,26,13,24,55,97,12,0,0,0,0,0,0,0.0010,0.0164,0.0343,0.0010,0.0021,0.0050,3.4726,0.0147,0.0000,0.3581,0.0003,0.0003,0.1334,0.0016,0.0004,0.0004
2059,25.4235,0.0000,13.6517,4.0098,,true,0,0.008333,0.0000,0.0000,1.00,0.00,0.0000,22,1,295,295,0,0,100,1,11,11,0,246528,0,295,0,0,898486272,0.000000,0.000000,0.000000,0.00,0,2,4,25,17,20,26,13,24,55,97,12,0,0,0,0,0,0,0.0005,0.0188,0.0411,0.0007,0.0030,0.0054,4.0098,0.0188,0.0000,0.3685,0.0006,0.0007,0.1376,0.0010,0.0007,0.0004
2060,25.4356,0.0000,12.2923,3.7427,,true,0,0.008333,0.0000,0.0000,1.00,0.00,0.0000,22,1,295,295,0,0,100,1,11,11,0,246528,0,295,0,0,898486272,0.000000,0.000000,0.000000,0.00,0,2,4,25,17,20,26,13,24,55,97,12,0,0,0,0,0,0,0.0006,0.0213,0.0380,0.0025,0.0041,0.0045,3.7427,0.0176,0.0000,0.3716,0.0005,0.0004,0.1305,0.0016,0.0010,0.0007
2061,25.4485,0.0000,12.2468,4.5871,,true,0,0.008333,0.0000,0.0000,1.00,0.00,0.0000,22,1,295,295,0,0,100,1,11,11,0,246528,0,295,0,0,898486272,0.000000,0.000000,0.000000,0.00,0,2,4,25,17,20,26,13,24,55,97,12,0,0,0,0,0,0,0.0005,0.0162,0.0372,0.0008,0.0033,0.0061,4.5871,0.0172,0.0000,0.3690,0.0002,0.0003,0.1676,0.0017,0.0004,0.0005
2062,25.4609,0.0000,13.6446,3.3592,,true,0,0.008333,0.0000,0.0000,1.00,0.00,0.0000,22,1,295,295,0,0,100,1,11,11,0,246528,0,295,0,0,898486272,0.000000,0.000000,0.000000,0.00,0,2,4,25,17,20,26,13,24,55,97,12,0,0,0,0,0,0,0.0005,0.0226,0.0448,0.0008,0.0027,0.0052,3.3592,0.0246,0.0000,0.5121,0.0005,0.0025,0.1776,0.0011,0.0047,0.0031
2063,25.4748,0.0000,12.6884,3.8858,,true,0,0.008333,0.0000,0.0000,1.00,0.00,0.0000,22,1,295,295,0,0,100,1,11,11,0,246528,0,295,0,0,898486272,0.000000,0.000000,0.000000,0.00,0,2,4,25,17,20,26,13,24,55,97,12,0,0,0,0,0,0,0.0002,0.0202,0.0347,0.0012,0.0045,0.0061,3.8858,0.0148,0.0000,0.3928,0.0006,0.0005,0.1473,0.0016,0.0008,0.0009
2064,25.4870,0.0000,13.0076,3.6855,,true,0,0.008333,0.0000,0.0000,1.00,0.00,0.0000,22,1,295,295,0,0,100,1,11,11,0,246528,0,295,0,0,898486272,0.000000,0.000000,0.000000,0.00,0,2,4,25,17,20,26,13,24,55,97,12,0,0,0,0,0,0,0.0006,0.0268,0.0439,0.0011,0.0032,0.0066,3.6855,0.0190,0.0000,0.4757,0.0006,0.0005,0.1721,0.0022,0.0010,0.0011
2065,25.5043,0.0000,13.0952,7.7839,,true,0,0.008333,0.0000,0.0000,1.00,0.00,0.0000,22,1,295,295,0,0,100,1,11,11,0,246528,0,295,0,0,898486272,0.000000,0.000000,0.000000,0.00,0,2,4,25,17,20,26,13,24,55,97,12,0,0,0,0,0,0,0.0002,0.0252,0.0380,0.0007,0.0028,0.0069,7.7839,0.0148,0.0000,3.8109,0.0003,0.0927,0.0990,0.0017,0.0010,3.3429
2066,25.5128,0.0000,12.3711,3.8403,,true,0,0.008333,0.0000,0.0000,1.00,0.00,0.0000,22,1,295,295,0,0,100,1,11,11,0,246528,0,295,0,0,898486272,0.000000,0.000000,0.000000,0.00,0,2,4,25,17,20,26,13,24,55,97,12,0,0,0,0,0,0,0.0003,0.0177,0.0352,0.0007,0.0020,0.0044,3.8403,0.0159,0.0000,0.4034,0.0005,0.0008,0.1688,0.0022,0.0010,0.0008
2067,25.5250,0.0000,11.7410,4.4470,,true,0,0.008333,0.0000,0.0000,1.00,0.00,0.0000,22,1,295,295,0,0,100,1,11,11,0,246528,0,295,0,0,898486272,0.000000,0.000000,0.000000,0.00,0,2,4,25,17,20,26,13,24,55,97,12,0,0,0,0,0,0,0.0004,0.0247,0.0461,0.0011,0.0032,0.0069,4.4470,0.0245,0.0000,0.4149,0.0007,0.0006,0.1450,0.0016,0.0013,0.0009
2068,25.5394,0.0000,15.2034,3.5560,,true,0,0.008333,0.0000,0.0000,1.00,0.00,0.0000,22,1,295,295,0,0,100,1,11,11,0,246528,0,295,0,0,898486272,0.000000,0.000000,0.000000,0.00,0,2,4,25,17,20,26,13,24,55,97,12,0,0,0,0,0,0,0.0001,0.0191,0.0433,0.0006,0.0024,0.0055,3.5560,0.0210,0.0000,0.3925,0.0005,0.0004,0.1327,0.0017,0.0007,0.0007
2069,25.5550,0.0000,11.1415,7.6500,,true,0,0.008333,0.0000,0.0000,1.00,0.00,0.0000,22,1,295,295,0,0,100,1,11,11,0,246528,0,295,0,0,898486272,0.000000,0.000000,0.000000,0.00,0,2,4,25,17,20,26,13,24,55,97,12,0,0,0,0,0,0,0.0005,0.0346,0.0880,0.0018,0.0092,0.0150,7.6500,0.0299,0.0000,0.5036,0.0005,0.0005,0.1929,0.0019,0.0018,0.0015
2070,25.5799,0.0000,24.7956,7.6480,,true,0,0.008333,0.0000,0.0000,1.00,0.00,0.0000,22,1,295,295,0,0,100,1,11,11,0,246528,0,295,0,0,898486272,0.000000,0.000000,0.000000,0.00,0,2,4,25,17,20,26,13,24,55,97,12,0,0,0,0,0,0,0.0003,0.0207,0.0775,0.0006,0.0014,0.0034,7.6480,0.0237,0.0000,0.5638,0.0003,0.0003,0.3337,0.0007,0.0005,0.0004
2071,25.5886,0.0000,13.2774,3.5366,,true,0,0.008333,0.0000,0.0000,1.00,0.00,0.0000,22,1,295,295,0,0,100,1,11,11,0,246528,0,295,0,0,898486272,0.000000,0.000000,0.000000,0.00,0,2,4,25,17,20,26,13,24,55,97,12,0,0,0,0,0,0,0.0002,0.0164,0.0345,0.0006,0.0018,0.0027,3.5366,0.0102,0.0000,0.3078,0.0003,0.0002,0.1106,0.0007,0.0004,0.0003
2072,25.5934,0.0000,5.5255,3.0267,,true,0,0.008333,0.0000,0.0000,1.00,0.00,0.0000,22,1,295,295,0,0,100,1,11,11,0,246528,0,295,0,0,898486272,0.000000,0.000000,0.000000,0.00,0,2,4,25,17,20,26,13,24,55,97,12,0,0,0,0,0,0,0.0007,0.0177,0.0371,0.0014,0.0040,0.0043,3.0267,0.0144,0.0000,0.4871,0.0009,0.0008,0.2243,0.0006,0.0009,0.0002
2073,25.6038,0.0000,10.1175,3.3429,,true,0,0.008333,0.0000,0.0000,1.00,0.00,0.0000,22,1,295,295,0,0,100,1,11,11,0,246528,0,295,0,0,898486272,0.000000,0.000000,0.000000,0.00,0,2,4,25,17,20,26,13,24,55,97,12,0,0,0,0,0,0,0.0002,0.0144,0.0315,0.0005,0.0026,0.0057,3.3429,0.0161,0.0000,0.3720,0.0007,0.0006,0.1508,0.0009,0.0013,0.0001
2074,25.6182,0.0000,13.6298,4.0901,,true,0,0.008333,0.0000,0.0000,1.00,0.00,0.0000,22,1,295,295,0,0,100,1,11,11,0,246528,0,295,0,0,898486272,0.000000,0.000000,0.000000,0.00,0,2,4,25,17,20,26,13,24,55,97,12,0,0,0,0,0,0,0.0003,0.0224,0.0398,0.0006,0.0033,0.0062,4.0901,0.0257,0.0000,0.3929,0.0007,0.0006,0.1531,0.0018,0.0007,0.0010
2075,25.6301,0.0000,12.7905,3.2856,,true,0,0.008333,0.0000,0.0000,1.00,0.00,0.0000,22,1,295,295,0,0,100,1,11,11,0,246528,0,295,0,0,898486272,0.000000,0.000000,0.000000,0.00,0,2,4,25,17,20,26,13,24,55,97,12,0,0,0,0,0,0,0.0002,0.0184,0.0419,0.0005,0.0017,0.0060,3.2856,0.0191,0.0000,0.3648,0.0008,0.0007,0.1392,0.0015,0.0010,0.0008
2076,25.6422,0.0000,12.4259,3.0896,,true,0,0.008333,0.0000,0.0000,1.00,0.00,0.0000,22,1,295,295,0,0,100,1,11,11,0,246528,0,295,0,0,898486272,0.000000,0.000000,0.000000,0.00,0,2,4,25,17,20,26,13,24,55,97,12,0,0,0,0,0,0,0.0003,0.0142,0.0341,0.0009,0.0024,0.0045,3.0896,0.0153,0.0000,0.3222,0.0005,0.0005,0.1156,0.0010,0.0014,0.0008
2077,25.6557,0.0000,12.6393,3.7434,,true,0,0.008333,0.0000,0.0000,1.00,0.00,0.0000,22,1,295,295,0,0,100,1,11,11,0,246528,0,295,0,0,898486272,0.000000,0.000000,0.000000,0.00,0,2,4,25,17,20,26,13,24,55,97,12,0,0,0,0,0,0,0.0004,0.0189,0.0387,0.0010,0.0055,0.0046,3.7434,0.0167,0.0000,0.3707,0.0008,0.0004,0.1375,0.0018,0.0012,0.0011
2078,25.6705,0.0000,14.4350,3.8843,,true,0,0.008333,0.0000,0.0000,1.00,0.00,0.0000,22,1,295,295,0,0,100,1,11,11,0,246528,0,295,0,0,898486272,0.000000,0.000000,0.000000,0.00,0,2,4,25,17,20,26,13,24,55,97,12,0,0,0,0,0,0,0.0002,0.0225,0.0364,0.0012,0.0037,0.0060,3.8843,0.0212,0.0000,0.4220,0.0007,0.0005,0.1428,0.0017,0.0012,0.0006
2079,25.6841,0.0000,14.1666,3.8249,,true,0,0.008333,0.0000,0.0000,1.00,0.00,0.0000,22,1,295,295,0,0,100,1,11,11,0,246528,0,295,0,0,898486272,0.000000,0.000000,0.000000,0.00,0,2,4,25,17,20,26,13,24,55,97,12,0,0,0,0,0,0,0.0006,0.0195,0.0424,0.0008,0.0028,0.0054,3.8249,0.0192,0.0000,0.4119,0.0005,0.0005,0.1622,0.0010,0.0013,0.0006
2080,25.7010,0.0000,16.6017,3.6617,,true,0,0.008333,0.0000,0.0000,1.00,0.00,0.0000,22,1,295,295,0,0,100,1,11,11,0,246528,0,295,0,0,898486272,0.000000,0.000000,0.000000,0.00,0,2,4,25,17,20,26,13,24,55,97,12,0,0,0,0,0,0,0.0006,0.0259,0.0451,0.0008,0.0032,0.0052,3.6617,0.0213,0.0000,0.4975,0.0006,0.0005,0.1901,0.0023,0.0009,0.0008
2081,25.7106,0.0000,10.1530,3.5213,,true,0,0.008333,0.0000,0.0000,1.00,0.00,0.0000,22,1,295,295,0,0,100,1,11,11,0,246528,0,295,0,0,898486272,0.000000,0.000000,0.000000,0.00,0,2,4,25,17,20,26,13,24,55,97,12,0,0,0,0,0,0,0.0003,0.0199,0.0492,0.0006,0.0017,0.0051,3.5213,0.0207,0.0000,0.4886,0.0005,0.0005,0.1959,0.0013,0.0008,0.0006
2082,25.7240,0.0000,13.6071,3.2526,,true,0,0.008333,0.0000,0.0000,1.00,0.00,0.0000,22,1,295,295,0,0,100,1,11,11,0,246528,0,295,0,0,898486272,0.000000,0.000000,0.000000,0.00,0,2,4,25,17,20,26,13,24,55,97,12,0,0,0,0,0,0,0.0002,0.0170,0.0373,0.0006,0.0022,0.0050,3.2526,0.0170,0.0000,0.3875,0.0008,0.0008,0.1469,0.0015,0.0009,0.0005
2083,25.7377,0.0000,13.0138,3.6143,,true,0,0.008333,0.0000,0.0000,1.00,0.00,0.0000,22,1,295,295,0,0,100,1,11,11,0,246528,0,295,0,0,898486272,0.000000,0.000000,0.000000,0.00,0,2,4,25,17,20,26,13,24,55,97,12,0,0,0,0,0,0,0.0003,0.0193,0.0432,0.0009,0.0037,0.0070,3.6143,0.0195,0.0000,0.4174,0.0006,0.0006,0.1559,0.0020,0.0007,0.0011
2084,25.7500,0.0000,12.9127,3.0612,,true,0,0.008333,0.0000,0.0000,1.00,0.00,0.0000,22,1,295,295,0,0,100,1,11,11,0,246528,0,295,0,0,898486272,0.000000,0.000000,0.000000,0.00,0,2,4,25,17,20,26,13,24,55,97,12,0,0,0,0,0,0,0.0002,0.0159,0.0337,0.0011,0.0029,0.0049,3.0612,0.0147,0.0000,0.3590,0.0004,0.0003,0.1302,0.0011,0.0008,0.0010
2085,25.7610,0.0000,11.2622,2.9368,,true,0,0.008333,0.0000,0.0000,1.00,0.00,0.0000,22,1,295,295,0,0,100,1,11,11,0,246528,0,295,0,0,898486272,0.000000,0.000000,0.000000,0.00,0,2,4,25,17,20,26,13,24,55,97,12,0,0,0,0,0,0,0.0002,0.0181,0.0331,0.0008,0.0018,0.0029,2.9368,0.0130,0.0000,0.3603,0.0008,0.0004,0.1355,0.0012,0.0014,0.0007
2086,25.7740,0.0000,11.4948,4.4654,,true,0,0.008333,0.0000,0.0000,1.00,0.00,0.0000,22,1,295,295,0,0,100,1,11,11,0,246528,0,295,0,0,898486272,0.000000,0.000000,0.000000,0.00,0,2,4,25,17,20,26,13,24,55,97,12,0,0,0,0,0,0,0.0006,0.0229,0.0499,0.0022,0.0318,0.0052,4.4654,0.0248,0.0000,0.3985,0.0005,0.0004,0.1466,0.0017,0.0008,0.0009
2087,25.7889,0.0000,14.1722,3.9686,,true,0,0.008333,0.0000,0.0000,1.00,0.00,0.0000,22,1,295,295,0,0,100,1,11,11,0,246528,0,295,0,0,898486272,0.000000,0.000000,0.000000,0.00,0,2,4,25,17,20,26,13,24,55,97,12,0,0,0,0,0,0,0.0003,0.0297,0.0514,0.0010,0.0032,0.0057,3.9686,0.0163,0.0000,0.3938,0.0004,0.0007,0.1437,0.0012,0.0009,0.0007
2088,25.7993,0.0000,11.6753,3.8712,,true,0,0.008333,0.0000,0.0000,1.00,0.00,0.0000,22,1,295,295,0,0,100,1,11,11,0,246528,0,295,0,0,898486272,0.000000,0.000000,0.000000,0.00,0,2,4,25,17,20,26,13,24,55,97,12,0,0,0,0,0,0,0.0004,0.0182,0.0364,0.0009,0.0030,0.0053,3.8712,0.0180,0.0000,0.3721,0.0009,0.0008,0.1360,0.0014,0.0010,0.0006
2089,25.8106,0.0000,11.6304,3.3974,,true,0,0.008333,0.0000,0.0000,1.00,0.00,0.0000,22,1,295,295,0,0,100,1,11,11,0,246528,0,295,0,0,898486272,0.000000,0.000000,0.000000,0.00,0,2,4,25,17,20,26,13,24,55,97,12,0,0,0,0,0,0,0.0002,0.0138,0.0291,0.0004,0.0020,0.0037,3.3974,0.0132,0.0000,0.3424,0.0005,0.0005,0.1250,0.0013,0.0010,0.0005
2090,25.8233,0.0000,12.1330,4.1086,,true,0,0.008333,0.0000,0.0000,1.00,0.00,0.0000,22,1,295,295,0,0,100,1,11,11,0,246528,0,295,0,0,898486272,0.000000,0.000000,0.000000,0.00,0,2,4,25,17,20,26,13,24,55,97,12,0,0,0,0,0,0,0.0002,0.0694,0.0380,0.0008,0.0027,0.0064,4.1086,0.0195,0.0000,0.3880,0.0006,0.0004,0.1442,0.0016,0.0012,0.0009
2091,25.8360,0.0000,11.9477,4.6424,,true,0,0.008333,0.0000,0.0000,1.00,0.00,0.0000,22,1,295,295,0,0,100,1,11,11,0,246528,0,295,0,0,898486272,0.000000,0.000000,0.000000,0.00,0,2,4,25,17,20,26,13,24,55,97,12,0,0,0,0,0,0,0.0009,0.0345,0.0335,0.0020,0.0035,0.0076,4.6424,0.0222,0.0000,0.3911,0.0007,0.0006,0.1274,0.0015,0.0013,0.0011
2092,25.8502,0.0000,15.6826,3.1715,,true,0,0.008333,0.0000,0.0000,1.00,0.00,0.0000,22,1,295,295,0,0,100,1,11,11,0,246528,0,295,0,0,898486272,0.000000,0.000000,0.000000,0.00,0,2,4,25,17,20,26,13,24,55,97,12,0,0,0,0,0,0,0.0001,0.0195,0.0347,0.0010,0.0030,0.0060,3.1715,0.0154,0.0000,0.3704,0.0004,0.0002,0.1350,0.0018,0.0012,0.0007
2093,25.8624,0.0000,11.8538,3.5000,,true,0,0.008333,0.0000,0.0000,1.00,0.00,0.0000,22,1,295,295,0,0,100,1,11,11,0,246528,0,295,0,0,898486272,0.000000,0.000000,0.000000,0.00,0,2,4,25,17,20,26,13,24,55,97,12,0,0,0,0,0,0,0.0002,0.0121,0.0509,0.0019,0.0049,0.0039,3.5000,0.0231,0.0000,0.3434,0.0006,0.0005,0.1301,0.0011,0.0007,0.0005
2094,25.8745,0.0000,11.3846,4.1442,,true,0,0.008333,0.0000,0.0000,1.00,0.00,0.0000,22,1,295,295,0,0,100,1,11,11,0,246528,0,295,0,0,898486272,0.000000,0.000000,0.000000,0.00,0,2,4,25,17,20,26,13,24,55,97,12,0,0,0,0,0,0,0.0003,0.0184,0.0366,0.0006,0.0046,0.0078,4.1442,0.0183,0.0000,0.3649,0.0007,0.0006,0.1267,0.0012,0.0009,0.0011
2095,25.8880,0.0000,13.6486,3.9822,,true,0,0.008333,0.0000,0.0000,1.00,0.00,0.0000,22,1,295,295,0,0,100,1,11,11,0,246528,0,295,0,0,898486272,0.000000,0.000000,0.000000,0.00,0,2,4,25,17,20,26,13,24,55,97,12,0,0,0,0,0,0,0.0011,0.0242,0.0347,0.0012,0.0029,0.0048,3.9822,0.0160,0.0000,0.3971,0.0068,0.0006,0.1273,0.0015,0.0034,0.0039
2096,25.8995,0.0000,11.4259,4.0280,,true,0,0.008333,0.0000,0.0000,1.00,0.00,0.0000,22,1,295,295,0,0,100,1,11,11,0,246528,0,295,0,0,898486272,0.000000,0.000000,0.000000,0.00,0,2,4,25,17,20,26,13,24,55,97,12,0,0,0,0,0,0,0.0002,0.0180,0.0332,0.0010,0.0205,0.0083,4.0280,0.0307,0.0000,0.3773,0.0006,0.0005,0.1431,0.0014,0.0011,0.0011
2097,25.9112,0.0000,12.0097,3.7865,,true,0,0.008333,0.0000,0.0000,1.00,0.00,0.0000,22,1,295,295,0,0,100,1,11,11,0,246528,0,295,0,0,898486272,0.000000,0.000000,0.000000,0.00,0,2,4,25,17,20,26,13,24,55,97,12,0,0,0,0,0,0,0.0005,0.0189,0.0617,0.0008,0.0021,0.0048,3.7865,0.0390,0.0000,0.4290,0.0007,0.0006,0.1903,0.0010,0.0014,0.0012
2098,25.9246,0.0000,12.6851,4.1306,,true,0,0.008333,0.0000,0.0000,1.00,0.00,0.0000,22,1,295,295,0,0,100,1,11,11,0,246528,0,295,0,0,898486272,0.000000,0.000000,0.000000,0.00,0,2,4,25,17,20,26,13,24,55,97,12,0,0,0,0,0,0,0.0004,0.0451,0.0637,0.0025,0.0047,0.0108,4.1306,0.0239,0.0000,0.5013,0.0008,0.0005,0.2047,0.0034,0.0010,0.0005
2099,25.9385,0.0000,13.5271,4.5350,,true,0,0.008333,0.0000,0.0000,1.00,0.00,0.0000,22,1,295,295,0,0,100,1,11,11,0,246528,0,295,0,0,898486272,0.000000,0.000000,0.000000,0.00,0,2,4,25,17,20,26,13,24,55,97,12,0,0,0,0,0,0,0.0005,0.0496,0.0642,0.0006,0.0023,0.0163,4.5350,0.0224,0.0000,0.5718,0.0009,0.0005,0.1804,0.0036,0.0007,0.0005
2100,25.9497,0.0000,12.4331,3.8281,,true,0,0.008333,0.0000,0.0000,1.00,0.00,0.0000,22,1,295,295,0,0,100,1,11,11,0,246528,0,295,0,0,898486272,0.000000,0.000000,0.000000,0.00,0,2,4,25,17,20,26,13,24,55,97,12,0,0,0,0,0,0,0.0009,0.0173,0.0401,0.0009,0.0016,0.0057,3.8281,0.0155,0.0000,0.3586,0.0003,0.0003,0.1322,0.0011,0.0009,0.0007
2101,25.9621,0.0000,12.4034,3.5769,,true,0,0.008333,0.0000,0.0000,1.00,0.00,0.0000,22,1,295,295,0,0,100,1,11,11,0,246528,0,295,0,0,898486272,0.000000,0.000000,0.000000,0.00,0,2,4,25,17,20,26,13,24,55,97,12,0,0,0,0,0,0,0.0003,0.0326,0.0320,0.0005,0.0056,0.0053,3.5769,0.0152,0.0000,0.3704,0.0005,0.0005,0.1337,0.0016,0.0012,0.0007
2102,25.9741,0.0000,12.6468,3.3602,,true,0,0.008333,0.0000,0.0000,1.00,0.00,0.0000,22,1,295,295,0,0,100,1,11,11,0,246528,0,295,0,0,898486272,0.000000,0.000000,0.000000,0.00,0,2,4,25,17,20,26,13,24,55,97,12,0,0,0,0,0,0,0.0003,0.0166,0.0416,0.0019,0.0031,0.0057,3.3602,0.0201,0.0000,0.3614,0.0002,0.0002,0.1403,0.0018,0.0005,0.0005
2103,25.9898,0.0000,14.4785,4.2260,,true,0,0.008333,0.0000,0.0000,1.00,0.00,0.0000,22,1,295,295,0,0,100,1,11,11,0,246528,0,295,0,0,898486272,0.000000,0.000000,0.000000,0.00,0,2,4,25,17,20,26,13,24,55,97,12,0,0,0,0,0,0,0.0002,0.0186,0.0365,0.0004,0.0028,0.0049,4.2260,0.0156,0.0000,0.3518,0.0005,0.0003,0.1312,0.0012,0.0003,0.0007
2104,26.0022,0.0000,12.1347,4.1100,,true,0,0.008333,0.0000,0.0000,1.00,0.00,0.0000,22,1,295,295,0,0,100,1,11,11,0,246528,0,295,0,0,898486272,0.000000,0.000000,0.000000,0.00,0,2,4,25,17,20,26,13,24,55,97,12,0,0,0,0,0,0,0.0006,0.0164,0.0349,0.0012,0.0040,0.0043,4.1100,0.0166,0.0000,0.3650,0.0005,0.0006,0.1238,0.0013,0.0010,0.0011
2105,26.0129,0.0000,11.8576,3.5724,,true,0,0.008333,0.0000,0.0000,1.00,0.00,0.0000,22,1,295,295,0,0,100,1,11,11,0,246528,0,295,0,0,898486272,0.000000,0.000000,0.000000,0.00,0,2,4,25,17,20,26,13,24,55,97,12,0,0,0,0,0,0,0.0011,0.0291,0.0380,0.0009,0.0024,0.0066,3.5724,0.0196,0.0000,0.4020,0.0005,0.0002,0.1426,0.0017,0.0012,0.0008
2106,26.0242,0.0000,11.5954,3.3774,,true,0,0.008333,0.0000,0.0000,1.00,0.00,0.0000,22,1,295,295,0,0,100,1,11,11,0,246528,0,295,0,0,898486272,0.000000,0.000000,0.000000,0.00,0,2,4,25,17,20,26,13,24,55,97,12,0,0,0,0,0,0,0.0001,0.0217,0.0352,0.0007,0.0023,0.0045,3.3774,0.0139,0.0000,0.3876,0.0005,0.0005,0.1456,0.0011,0.0010,0.0007
2107,26.0391,0.0000,14.8482,3.2977,,true,0,0.008333,0.0000,0.0000,1.00,0.00,0.0000,22,1,295,295,0,0,100,1,11,11,0,246528,0,295,0,0,898486272,0.000000,0.000000,0.000000,0.00,0,2,4,25,17,20,26,13,24,55,97,12,0,0,0,0,0,0,0.0008,0.0198,0.0328,0.0009,0.0017,0.0055,3.2977,0.0159,0.0000,0.3579,0.0006,0.0005,0.1306,0.0015,0.0011,0.0010
2108,26.0515,0.0000,11.6786,3.7230,,true,0,0.008333,0.0000,0.0000,1.00,0.00,0.0000,22,1,295,295,0,0,100,1,11,11,0,246528,0,295,0,0,898486272,0.000000,0.000000,0.000000,0.00,0,2,4,25,17,20,26,13,24,55,97,12,0,0,0,0,0,0,0.0005,0.0144,0.0370,0.0004,0.0018,0.0051,3.7230,0.0187,0.0000,0.3566,0.0001,0.0005,0.1453,0.0006,0.0010,0.0003
2109,26.0614,0.0000,11.1736,2.8122,,true,0,0.008333,0.0000,0.0000,1.00,0.00,0.0000,22,1,295,295,0,0,100,1,11,11,0,246528,0,295,0,0,898486272,0.000000,0.000000,0.000000,0.00,0,2,4,25,17,20,26,13,24,55,97,12,0,0,0,0,0,0,0.0004,0.0106,0.0315,0.0004,0.0012,0.0050,2.8122,0.0105,0.0000,0.3410,0.0004,0.0001,0.1288,0.0003,0.0005,0.0001
2110,26.0750,0.0000,12.2483,4.0271,,true,0,0.008333,0.0000,0.0000,1.00,0.00,0.0000,22,1,295,295,0,0,100,1,11,11,0,246528,0,295,0,0,898486272,0.000000,0.000000,0.000000,0.00,0,2,4,25,17,20,26,13,24,55,97,12,0,0,0,0,0,0,0.0002,0.0183,0.1016,0.0007,0.0020,0.0110,4.0271,0.0203,0.0000,0.4556,0.0012,0.0007,0.1785,0.0015,0.0006,0.0001
2111,26.0868,0.0000,12.2438,3.5006,,true,0,0.008333,0.0000,0.0000,1.00,0.00,0.0000,22,1,295,295,0,0,100,1,11,11,0,246528,0,295,0,0,898486272,0.000000,0.000000,0.000000,0.00,0,2,4,25,17,20,26,13,24,55,97,12,0,0,0,0,0,0,0.0002,0.0169,0.0366,0.0007,0.0030,0.0049,3.5006,0.0202,0.0000,0.3892,0.0005,0.0006,0.1555,0.0023,0.0010,0.0006
2112,26.0999,0.0000,12.5630,3.9399,,true,0,0.008333,0.0000,0.0000,1.00,0.00,0.0000,22,1,295,295,0,0,100,1,11,11,0,246528,0,295,0,0,898506752,0.000000,0.000000,0.000000,0.00,0,2,4,25,17,20,26,13,24,55,97,12,0,0,0,0,0,0,0.0003,0.0165,0.0412,0.0009,0.0044,0.0062,3.9399,0.0206,0.0000,0.4873,0.0004,0.0005,0.2590,0.0015,0.0010,0.0006
2113,26.1133,0.0000,12.4880,4.7665,,true,0,0.008333,0.0000,0.0000,1.00,0.00,0.0000,22,1,295,295,0,0,100,1,11,11,0,246528,0,295,0,0,898506752,0.000000,0.000000,0.000000,0.00,0,2,4,25,17,20,26,13,24,55,97,12,0,0,0,0,0,0,0.0002,0.0229,0.0541,0.0015,0.0063,0.0091,4.7665,0.0241,0.0000,0.4708,0.0010,0.0000,0.1997,0.0016,0.0008,0.0019
2114,26.1274,0.0000,14.6229,4.2099,,true,0,0.008333,0.0000,0.0000,1.00,0.00,0.0000,22,1,295,295,0,0,100,1,11,11,0,246528,0,295,0,0,898506752,0.000000,0.000000,0.000000,0.00,0,2,4,25,17,20,26,13,24,55,97,12,0,0,0,0,0,0,0.0001,0.0200,0.0355,0.0019,0.0042,0.0041,4.2099,0.0153,0.0000,0.3614,0.0006,0.0007,0.1304,0.0017,0.0012,0.0006
2115,26.1387,0.0000,11.9220,3.9628,,true,0,0.008333,0.0000,0.0000,1.00,0.00,0.0000,22,1,295,295,0,0,100,1,11,11,0,246528,0,295,0,0,898506752,0.000000,0.000000,0.000000,0.00,0,2,4,25,17,20,26,13,24,55,97,12,0,0,0,0,0,0,0.0007,0.0219,0.0545,0.0019,0.0049,0.0092,3.9628,0.0272,0.0000,0.4478,0.0008,0.0008,0.1838,0.0015,0.0013,0.0007
2116,26.1514,0.0000,12.5190,4.1722,,true,0,0.008333,0.0000,0.0000,1.00,0.00,0.0000,22,1,295,295,0,0,100,1,11,11,0,246528,0,295,0,0,898506752,0.000000,0.000000,0.000000,0.00,0,2,4,25,17,20,26,13,24,55,97,12,0,0,0,0,0,0,0.0003,0.0208,0.0329,0.0008,0.0014,0.0033,4.1722,0.0139,0.0000,0.3527,0.0005,0.0002,0.1277,0.0013,0.0011,0.0010
2117,26.1641,0.0000,12.4846,4.4162,,true,0,0.008333,0.0000,0.0000,1.00,0.00,0.0000,22,1,295,295,0,0,100,1,11,11,0,246528,0,295,0,0,898506752,0.000000,0.000000,0.000000,0.00,0,2,4,25,17,20,26,13,24,55,97,12,0,0,0,0,0,0,0.0005,0.0192,0.0316,0.0018,0.0020,0.0054,4.4162,0.0136,0.0000,0.3665,0.0005,0.0008,0.1354,0.0015,0.0011,0.0008
2118,26.1805,0.0000,15.0502,5.0706,,true,0,0.008333,0.0000,0.0000,1.00,0.00,0.0000,22,1,295,295,0,0,100,1,11,11,0,246528,0,295,0,0,898506752,0.000000,0.000000,0.000000,0.00,0,2,4,25,17,20,26,13,24,55,97,12,0,0,0,0,0,0,0.0002,0.0210,0.0367,0.0020,0.0037,0.0054,5.0706,0.0202,0.0000,0.4255,0.0006,0.0005,0.1697,0.0017,0.0013,0.0008
2119,26.1926,0.0000,14.1668,3.2823,,true,0,0.008333,0.0000,0.0000,1.00,0.00,0.0000,22,1,295,295,0,0,100,1,11,11,0,246528,0,295,0,0,898506752,0.000000,0.000000,0.000000,0.00,0,2,4,25,17,20,26,13,24,55,97,12,0,0,0,0,0,0,0.0008,0.0157,0.0346,0.0008,0.0043,0.0070,3.2823,0.0166,0.0000,0.3794,0.0006,0.0007,0.1558,0.0018,0.0005,0.0005
2120,26.2061,0.0000,13.3082,3.5298,,true,0,0.008333,0.0000,0.0000,1.00,0.00,0.0000,22,1,295,295,0,0,100,1,11,11,0,246528,0,295,0,0,898506752,0.000000,0.000000,0.000000,0.00,0,2,4,25,17,20,26,13,24,55,97,12,0,0,0,0,0,0,0.0003,0.0159,0.0651,0.0021,0.0040,0.0045,3.5298,0.0216,0.0000,0.4278,0.0005,0.0003,0.1679,0.0015,0.0014,0.0013
2121,26.2161,0.0000,10.9268,3.0079,,true,0,0.008333,0.0000,0.0000,1.00,0.00,0.0000,22,1,295,295,0,0,100,1,11,11,0,246528,0,295,0,0,898506752,0.000000,0.000000,0.000000,0.00,0,2,4,25,17,20,26,13,24,55,97,12,0,0,0,0,0,0,0.0002,0.0119,0.0338,0.0011,0.0017,0.0027,3.0079,0.0170,0.0000,0.3871,0.0007,0.0004,0.1686,0.0008,0.0011,0.0008
2122,26.2284,0.0000,12.0547,3.1215,,true,0,0.008333,0.0000,0.0000,1.00,0.00,0.0000,22,1,295,295,0,0,100,1,11,11,0,246528,0,295,0,0,898506752,0.000000,0.000000,0.000000,0.00,0,2,4,25,17,20,26,13,24,55,97,12,0,0,0,0,0,0,0.0001,0.0202,0.0349,0.0006,0.0029,0.0059,3.1215,0.0161,0.0000,0.3640,0.0005,0.0005,0.1314,0.0010,0.0012,0.0006
2123,26.2399,0.0000,11.8632,2.9014,,true,0,0.008333,0.0000,0.0000,1.00,0.00,0.0000,22,1,295,295,0,0,100,1,11,11,0,246528,0,295,0,0,898506752,0.000000,0.000000,0.000000,0.00,0,2,4,25,17,20,26,13,24,55,97,12,0,0,0,0,0,0,0.0007,0.0173,0.0348,0.0011,0.0025,0.0044,2.9014,0.0161,0.0000,0.3593,0.0003,0.0002,0.1437,0.0012,0.0004,0.0003
2124,26.2591,0.0000,12.0207,9.8477,,true,0,0.008333,0.0000,0.0000,1.00,0.00,0.0000,22,1,295,295,0,0,100,1,11,11,0,246528,0,295,0,0,898506752,0.000000,0.000000,0.000000,0.00,0,2,4,25,17,20,26,13,24,55,97,12,0,0,0,0,0,0,0.0002,0.0130,0.0500,0.0006,0.0023,0.0045,9.8477,0.0228,0.0000,5.3568,0.0004,0.1576,0.2091,0.0013,0.0013,4.7559
2125,26.2674,0.0000,13.0469,4.4517,,true,0,0.008333,0.0000,0.0000,1.00,0.00,0.0000,22,1,295,295,0,0,100,1,11,11,0,246528,0,295,0,0,898506752,0.000000,0.000000,0.000000,0.00,0,2,4,25,17,20,26,13,24,55,97,12,0,0,0,0,0,0,0.0001,0.0196,0.0635,0.0009,0.0049,0.0065,4.4517,0.0357,0.0000,0.5098,0.0009,0.0009,0.1844,0.0009,0.0015,0.0006
2126,26.2793,0.0000,12.2347,4.5397,,true,0,0.008333,0.0000,0.0000,1.00,0.00,0.0000,22,1,295,295,0,0,100,1,11,11,0,246528,0,295,0,0,898506752,0.000000,0.000000,0.000000,0.00,0,2,4,25,17,20,26,13,24,55,97,12,0,0,0,0,0,0,0.0006,0.0173,0.0284,0.0014,0.0060,0.0077,4.5397,0.0184,0.0000,0.3301,0.0016,0.0010,0.1214,0.0015,0.0012,0.0013
2127,26.2968,0.0000,15.0496,6.4429,,true,0,0.008333,0.0000,0.0000,1.00,0.00,0.0000,22,1,295,295,0,0,100,1,11,11,0,246528,0,295,0,0,898506752,0.000000,0.000000,0.000000,0.00,0,2,4,25,17,20,26,13,24,55,97,12,0,0,0,0,0,0,0.0003,0.0244,0.0352,0.0013,0.0037,0.0045,6.4429,0.0141,0.0000,0.3444,0.0004,0.0004,0.1226,0.0012,0.0012,0.0005
2128,26.3062,0.0000,11.8095,4.4319,,true,0,0.008333,0.0000,0.0000,1.00,0.00,0.0000,22,1,295,295,0,0,100,1,11,11,0,246528,0,295,0,0,898506752,0.000000,0.000000,0.000000,0.00,0,2,4,25,17,20,26,13,24,55,97,12,0,0,0,0,0,0,0.0003,0.0242,0.0408,0.0008,0.0031,0.0059,4.4319,0.0202,0.0000,0.3688,0.0005,0.0006,0.1172,0.0021,0.0011,0.0010
2129,26.3195,0.0000,14.6909,3.1739,,true,0,0.008333,0.0000,0.0000,1.00,0.00,0.0000,22,1,295,295,0,0,100,1,11,11,0,246528,0,295,0,0,898506752,0.000000,0.000000,0.000000,0.00,0,2,4,25,17,20,26,13,24,55,97,12,0,0,0,0,0,0,0.0004,0.0189,0.0317,0.0009,0.0026,0.0058,3.1739,0.0208,0.0000,0.3957,0.0003,0.0005,0.1678,0.0014,0.0008,0.0009
2130,26.3312,0.0000,10.4619,4.6891,,true,0,0.008333,0.0000,0.0000,1.00,0.00,0.0000,22,1,295,295,0,0,100,1,11,11,0,246528,0,295,0,0,898506752,0.000000,0.000000,0.000000,0.00,0,2,4,25,17,20,26,13,24,55,97,12,0,0,0,0,0,0,0.0005,0.0197,0.0378,0.0004,0.0028,0.0033,4.6891,0.0147,0.0000,0.3697,0.0008,0.0001,0.1391,0.0008,0.0013,0.0002
2131,26.3441,0.0000,12.4539,4.9982,,true,0,0.008333,0.0000,0.0000,1.00,0.00,0.0000,22,1,295,295,0,0,100,1,11,11,0,246528,0,295,0,0,898506752,0.000000,0.000000,0.000000,0.00,0,2,4,25,17,20,26,13,24,55,97,12,0,0,0,0,0,0,0.0006,0.0257,0.0548,0.0012,0.0060,0.0076,4.9982,0.0287,0.0000,0.5557,0.0007,0.0011,0.2065,0.0012,0.0016,0.0009
2132,26.3585,0.0000,16.1370,3.2886,,true,0,0.008333,0.0000,0.0000,1.00,0.00,0.0000,22,1,295,295,0,0,100,1,11,11,0,246528,0,295,0,0,898506752,0.000000,0.000000,0.000000,0.00,0,2,4,25,17,20,26,13,24,55,97,12,0,0,0,0,0,0,0.0004,0.0227,0.0321,0.0004,0.0035,0.0078,3.2886,0.0154,0.0000,0.3995,0.0005,0.0004,0.1594,0.0016,0.0014,0.0011
2133,26.3675,0.0000,9.9921,2.7769,,true,0,0.008333,0.0000,0.0000,1.00,0.00,0.0000,22,1,295,295,0,0,100,1,11,11,0,246528,0,295,0,0,898506752,0.000000,0.000000,0.000000,0.00,0,2,4,25,17,20,26,13,24,55,97,12,0,0,0,0,0,0,0.0006,0.0210,0.0323,0.0010,0.0032,0.0052,2.7769,0.0143,0.0000,0.3541,0.0004,0.0006,0.1374,0.0013,0.0010,0.0010
2134,26.3840,0.0000,14.8892,3.8477,,true,0,0.008333,0.0000,0.0000,1.00,0.00,0.0000,22,1,295,295,0,0,100,1,11,11,0,246528,0,295,0,0,898506752,0.000000,0.000000,0.000000,0.00,0,2,4,25,17,20,26,13,24,55,97,12,0,0,0,0,0,0,0.0004,0.0166,0.0353,0.0011,0.0033,0.0049,3.8477,0.0194,0.0000,0.3713,0.0007,0.0007,0.1399,0.0020,0.0021,0.0010
2135,26.3958,0.0000,12.2833,3.7150,,true,0,0.008333,0.0000,0.0000,1.00,0.00,0.0000,22,1,295,295,0,0,100,1,11,11,0,246528,0,295,0,0,898506752,0.000000,0.000000,0.000000,0.00,0,2,4,25,17,20,26,13,24,55,97,12,0,0,0,0,0,0,0.0006,0.0120,0.0410,0.0005,0.0034,0.0061,3.7150,0.0166,0.0000,0.3466,0.0008,0.0008,0.1289,0.0010,0.0013,0.0005
2136,26.4128,0.0000,16.2746,4.1326,,true,0,0.008333,0.0000,0.0000,1.00,0.00,0.0000,22,1,295,295,0,0,100,1,11,11,0,246528,0,295,0,0,898506752,0.000000,0.000000,0.000000,0.00,0,2,4,25,17,20,26,13,24,55,97,12,0,0,0,0,0,0,0.0002,0.0223,0.0344,0.0004,0.0021,0.0051,4.1326,0.0176,0.0000,0.3763,0.0007,0.0004,0.1334,0.0007,0.0007,0.0007
2137,26.4232,0.0000,11.6145,3.1219,,true,0,0.008333,0.0000,0.0000,1.00,0.00,0.0000,22,1,295,295,0,0,100,1,11,11,0,246528,0,295,0,0,898506752,0.000000,0.000000,0.000000,0.00,0,2,4,25,17,20,26,13,24,55,97,12,0,0,0,0,0,0,0.0002,0.0172,0.0326,0.0005,0.0042,0.0052,3.1219,0.0143,0.0000,0.3652,0.0006,0.0004,0.1283,0.0007,0.0012,0.0006
2138,26.4364,0.0000,12.8561,3.3263,,true,0,0.008333,0.0000,0.0000,1.00,0.00,0.0000,22,1,295,295,0,0,100,1,11,11,0,246528,0,295,0,0,898506752,0.000000,0.000000,0.000000,0.00,0,2,4,25,17,20,26,13,24,55,97,12,0,0,0,0,0,0,0.0002,0.0168,0.0326,0.0004,0.0016,0.0059,3.3263,0.0245,0.0000,0.3527,0.0006,0.0004,0.1336,0.0014,0.0007,0.0009
2139,26.4482,0.0000,12.4070,3.1555,,true,0,0.008333,0.0000,0.0000,1.00,0.00,0.0000,22,1,295,295,0,0,100,1,11,11,0,246528,0,295,0,0,898506752,0.000000,0.000000,0.000000,0.00,0,2,4,25,17,20,26,13,24,55,97,12,0,0,0,0,0,0,0.0007,0.0137,0.0312,0.0006,0.0025,0.0050,3.1555,0.0141,0.0000,0.3324,0.0005,0.0007,0.1174,0.0015,0.0004,0.0005
2140,26.4631,0.0000,14.2204,3.5155,,true,0,0.008333,0.0000,0.0000,1.00,0.00,0.0000,22,1,295,295,0,0,100,1,11,11,0,246528,0,295,0,0,898506752,0.000000,0.000000,0.000000,0.00,0,2,4,25,17,20,26,13,24,55,97,12,0,0,0,0,0,0,0.0002,0.0194,0.0564,0.0008,0.0032,0.0079,3.5155,0.0326,0.0000,0.4991,0.0006,0.0008,0.1789,0.0019,0.0009,0.0007
2141,26.4747,0.0000,12.5688,2.8570,,true,0,0.008333,0.0000,0.0000,1.00,0.00,0.0000,22,1,295,295,0,0,100,1,11,11,0,246528,0,295,0,0,898506752,0.000000,0.000000,0.000000,0.00,0,2,4,25,17,20,26,13,24,55,97,12,0,0,0,0,0,0,0.0001,0.0213,0.0344,0.0008,0.0033,0.0060,2.8570,0.0157,0.0000,0.4044,0.0004,0.0002,0.1259,0.0017,0.0010,0.0004
2142,26.4912,0.0000,14.5616,4.2708,,true,0,0.008333,0.0000,0.0000,1.00,0.00,0.0000,22,1,295,295,0,0,100,1,11,11,0,246528,0,295,0,0,898506752,0.000000,0.000000,0.000000,0.00,0,2,4,25,17,20,26,13,24,55,97,12,0,0,0,0,0,0,0.0012,0.0275,0.0465,0.0029,0.0040,0.0102,4.2708,0.0228,0.0000,0.4501,0.0005,0.0005,0.1960,0.0018,0.0010,0.0007
2143,26.5038,0.0000,13.3813,3.6548,,true,0,0.008333,0.0000,0.0000,1.00,0.00,0.0000,22,1,295,295,0,0,100,1,11,11,0,246528,0,295,0,0,898506752,0.000000,0.000000,0.000000,0.00,0,2,4,25,17,20,26,13,24,55,97,12,0,0,0,0,0,0,0.0004,0.0231,0.0347,0.0006,0.0037,0.0047,3.6548,0.0155,0.0000,0.3615,0.0006,0.0000,0.1319,0.0013,0.0005,0.0008
2144,26.5164,0.0000,13.0832,3.3014,,true,0,0.008333,0.0000,0.0000,1.00,0.00,0.0000,22,1,295,295,0,0,100,1,11,11,0,246528,0,295,0,0,898506752,0.000000,0.000000,0.000000,0.00,0,2,4,25,17,20,26,13,24,55,97,12,0,0,0,0,0,0,0.0004,0.0192,0.0331,0.0010,0.0044,0.0035,3.3014,0.0161,0.0000,0.4100,0.0007,0.0004,0.1332,0.0023,0.0008,0.0015
2145,26.5283,0.0000,12.3273,2.9581,,true,0,0.008333,0.0000,0.0000,1.00,0.00,0.0000,22,1,295,295,0,0,100,1,11,11,0,246528,0,295,0,0,898506752,0.000000,0.000000,0.000000,0.00,0,2,4,25,17,20,26,13,24,55,97,12,0,0,0,0,0,0,0.0001,0.0195,0.0349,0.0005,0.0022,0.0040,2.9581,0.0156,0.0000,0.3520,0.0003,0.0004,0.1312,0.0010,0.0008,0.0008
2146,26.5412,0.0000,12.8213,3.1054,,true,0,0.008333,0.0000,0.0000,1.00,0.00,0.0000,22,1,295,295,0,0,100,1,11,11,0,246528,0,295,0,0,898506752,0.000000,0.000000,0.000000,0.00,0,2,4,25,17,20,26,13,24,55,97,12,0,0,0,0,0,0,0.0005,0.0147,0.0349,0.0012,0.0028,0.0059,3.1054,0.0189,0.0000,0.3375,0.0006,0.0008,0.1173,0.0010,0.0009,0.0007
2147,26.5535,0.0000,12.1406,3.2949,,true,0,0.008333,0.0000,0.0000,1.00,0.00,0.0000,22,1,295,295,0,0,100,1,11,11,0,246528,0,295,0,0,898506752,0.000000,0.000000,0.000000,0.00,0,2,4,25,17,20,26,13,24,55,97,12,0,0,0,0,0,0,0.0002,0.0162,0.0343,0.0009,0.0025,0.0044,3.2949,0.0253,0.0000,0.3898,0.0007,0.0005,0.1048,0.0016,0.0009,0.0008
2148,26.5663,0.0000,12.8025,3.3539,,true,0,0.008333,0.0000,0.0000,1.00,0.00,0.0000,22,1,295,295,0,0,100,1,11,11,0,246528,0,295,0,0,898506752,0.000000,0.000000,0.000000,0.00,0,2,4,25,17,20,26,13,24,55,97,12,0,0,0,0,0,0,0.0004,0.0170,0.0497,0.0005,0.0032,0.0048,3.3539,0.0171,0.0000,0.3640,0.0005,0.0006,0.1396,0.0010,0.0016,0.0004
2149,26.5794,0.0000,12.6046,3.6435,,true,0,0.008333,0.0000,0.0000,1.00,0.00,0.0000,22,1,295,295,0,0,100,1,11,11,0,246528,0,295,0,0,898506752,0.000000,0.000000,0.000000,0.00,0,2,4,25,17,20,26,13,24,55,97,12,0,0,0,0,0,0,0.0004,0.0161,0.0499,0.0007,0.0024,0.0064,3.6435,0.0171,0.0000,0.3765,0.0005,0.0006,0.1478,0.0015,0.0005,0.0012
2150,26.5944,0.0000,14.1535,3.9012,,true,0,0.008333,0.0000,0.0000,1.00,0.00,0.0000,22,1,295,295,0,0,100,1,11,11,0,246528,0,295,0,0,898506752,0.000000,0.000000,0.000000,0.00,0,2,4,25,17,20,26,13,24,55,97,12,0,0,0,0,0,0,0.0007,0.0192,0.0443,0.0007,0.0030,0.0135,3.9012,0.0231,0.0000,0.4432,0.0010,0.0005,0.1552,0.0020,0.0009,0.0008
2151,26.6053,0.0000,12.1754,3.2179,,true,0,0.008333,0.0000,0.0000,1.00,0.00,0.0000,22,1,295,295,0,0,100,1,11,11,0,246528,0,295,0,0,898506752,0.000000,0.000000,0.000000,0.00,0,2,4,25,17,20,26,13,24,55,97,12,0,0,0,0,0,0,0.0008,0.0183,0.0337,0.0008,0.0016,0.0057,3.2179,0.0163,0.0000,0.3625,0.0006,0.0005,0.1338,0.0009,0.0010,0.0009
2152,26.6178,0.0000,12.5998,3.0873,,true,0,0.008333,0.0000,0.0000,1.00,0.00,0.0000,22,1,295,295,0,0,100,1,11,11,0,246528,0,295,0,0,898506752,0.000000,0.000000,0.000000,0.00,0,2,4,25,17,20,26,13,24,55,97,12,0,0,0,0,0,0,0.0002,0.0155,0.0329,0.0010,0.0028,0.0056,3.0873,0.0162,0.0000,0.3856,0.0009,0.0008,0.1344,0.0013,0.0011,0.0006
2153,26.6297,0.0000,12.3964,2.8379,,true,0,0.008333,0.0000,0.0000,1.00,0.00,0.0000,22,1,295,295,0,0,100,1,11,11,0,246528,0,295,0,0,898506752,0.000000,0.000000,0.000000,0.00,0,2,4,25,17,20,26,13,24,55,97,12,0,0,0,0,0,0,0.0003,0.0108,0.0320,0.0004,0.0011,0.0034,2.8379,0.0137,0.0000,0.3472,0.0006,0.0004,0.1301,0.0010,0.0008,0.0005
2154,26.6430,0.0000,13.0778,3.0257,,true,0,0.008333,0.0000,0.0000,1.00,0.00,0.0000,22,1,295,295,0,0,100,1,11,11,0,246528,0,295,0,0,898506752,0.000000,0.000000,0.000000,0.00,0,2,4,25,17,20,26,13,24,55,97,12,0,0,0,0,0,0,0.0003,0.0148,0.0331,0.0011,0.0032,0.0022,3.0257,0.0145,0.0000,0.3467,0.0003,0.0005,0.1303,0.0012,0.0007,0.0007
2155,26.6562,0.0000,13.1246,3.0468,,true,0,0.008333,0.0000,0.0000,1.00,0.00,0.0000,22,1,295,295,0,0,100,1,11,11,0,246528,0,295,0,0,898506752,0.000000,0.000000,0.000000,0.00,0,2,4,25,17,20,26,13,24,55,97,12,0,0,0,0,0,0,0.0001,0.0171,0.0325,0.0006,0.0025,0.0052,3.0468,0.0139,0.0000,0.3815,0.0005,0.0003,0.1320,0.0012,0.0008,0.0009
2156,26.6688,0.0000,12.7693,2.8736,,true,0,0.008333,0.0000,0.0000,1.00,0.00,0.0000,22,1,295,295,0,0,100,1,11,11,0,246528,0,295,0,0,898506752,0.000000,0.000000,0.000000,0.00,0,2,4,25,17,20,26,13,24,55,97,12,0,0,0,0,0,0,0.0006,0.0138,0.0600,0.0006,0.0012,0.0019,2.8736,0.0079,0.0000,0.4097,0.0006,0.0006,0.1500,0.0023,0.0022,0.0009
2157,26.6827,0.0000,13.2573,3.5276,,true,0,0.008333,0.0000,0.0000,1.00,0.00,0.0000,22,1,295,295,0,0,100,1,11,11,0,246528,0,295,0,0,898506752,0.000000,0.000000,0.000000,0.00,0,2,4,25,17,20,26,13,24,55,97,12,0,0,0,0,0,0,0.0003,0.0182,0.0607,0.0006,0.0028,0.0066,3.5276,0.0248,0.0000,0.4380,0.0006,0.0003,0.1628,0.0016,0.0011,0.0010
2158,26.6969,0.0000,14.0559,3.3446,,true,0,0.008333,0.0000,0.0000,1.00,0.00,0.0000,22,1,295,295,0,0,100,1,11,11,0,246528,0,295,0,0,898506752,0.000000,0.000000,0.000000,0.00,0,2,4,25,17,20,26,13,24,55,97,12,0,0,0,0,0,0,0.0001,0.0223,0.0479,0.0007,0.0034,0.0045,3.3446,0.0256,0.0000,0.3694,0.0005,0.0003,0.1332,0.0013,0.0009,0.0010
2159,26.7093,0.0000,12.5367,3.3572,,true,0,0.008333,0.0000,0.0000,1.00,0.00,0.0000,22,1,295,295,0,0,100,1,11,11,0,246528,0,295,0,0,898506752,0.000000,0.000000,0.000000,0.00,0,2,4,25,17,20,26,13,24,55,97,12,0,0,0,0,0,0,0.0010,0.0153,0.0737,0.0008,0.0020,0.0045,3.3572,0.0242,0.0000,0.3329,0.0005,0.0004,0.1173,0.0011,0.0010,0.0011
2160,26.7231,0.0000,12.4671,4.5027,,true,0,0.008333,0.0000,0.0000,1.00,0.00,0.0000,22,1,295,295,0,0,100,1,11,11,0,246528,0,295,0,0,898506752,0.000000,0.000000,0.000000,0.00,0,2,4,25,17,20,26,13,24,55,97,12,0,0,0,0,0,0,0.0004,0.0230,0.0524,0.0012,0.0026,0.0144,4.5027,0.0276,0.0000,0.4134,0.0006,0.0011,0.1582,0.0014,0.0012,0.0011
2161,26.7355,0.0000,13.4342,3.4030,,true,0,0.008333,0.0000,0.0000,1.00,0.00,0.0000,22,1,295,295,0,0,100,1,11,11,0,246528,0,295,0,0,898506752,0.000000,0.000000,0.000000,0.00,0,2,4,25,17,20,26,13,24,55,97,12,0,0,0,0,0,0,0.0001,0.0188,0.0396,0.0016,0.0020,0.0043,3.4030,0.0167,0.0000,0.3557,0.0006,0.0005,0.1334,0.0013,0.0009,0.0009
2162,26.7485,0.0000,11.8706,4.5266,,true,0,0.008333,0.0000,0.0000,1.00,0.00,0.0000,22,1,295,295,0,0,100,1,11,11,0,246528,0,295,0,0,898506752,0.000000,0.000000,0.000000,0.00,0,2,4,25,17,20,26,13,24,55,97,12,0,0,0,0,0,0,0.0006,0.0171,0.0397,0.0007,0.0025,0.0039,4.5266,0.0135,0.0000,0.3848,0.0003,0.0003,0.1520,0.0015,0.0006,0.0006
2163,26.7582,0.0000,11.6064,2.8749,,true,0,0.008333,0.0000,0.0000,1.00,0.00,0.0000,22,1,295,295,0,0,100,1,11,11,0,246528,0,295,0,0,898506752,0.000000,0.000000,0.000000,0.00,0,2,4,25,17,20,26,13,24,55,97,12,0,0,0,0,0,0,0.0002,0.0170,0.0339,0.0007,0.0020,0.0049,2.8749,0.0144,0.0000,0.3719,0.0005,0.0008,0.1312,0.0013,0.0011,0.0016
2164,26.7698,0.0000,11.0313,3.7073,,true,0,0.008333,0.0000,0.0000,1.00,0.00,0.0000,22,1,295,295,0,0,100,1,11,11,0,246528,0,295,0,0,898506752,0.000000,0.000000,0.000000,0.00,0,2,4,25,17,20,26,13,24,55,97,12,0,0,0,0,0,0,0.0005,0.0282,0.0275,0.0006,0.0019,0.0046,3.7073,0.0097,0.0000,0.3466,0.0004,0.0005,0.1292,0.0014,0.0009,0.0005
2165,26.7850,0.0000,13.0953,4.8588,,true,0,0.008333,0.0000,0.0000,1.00,0.00,0.0000,22,1,295,295,0,0,100,1,11,11,0,246528,0,295,0,0,898506752,0.000000,0.000000,0.000000,0.00,0,2,4,25,17,20,26,13,24,55,97,12,0,0,0,0,0,0,0.0008,0.0395,0.0789,0.0006,0.0028,0.0086,4.8588,0.0318,0.0000,0.4767,0.0006,0.0008,0.1425,0.0020,0.0019,0.0010
2166,26.7968,0.0000,13.0103,3.8680,,true,0,0.008333,0.0000,0.0000,1.00,0.00,0.0000,22,1,295,295,0,0,100,1,11,11,0,246528,0,295,0,0,898506752,0.000000,0.000000,0.000000,0.00,0,2,4,25,17,20,26,13,24,55,97,12,0,0,0,0,0,0,0.0006,0.0264,0.0584,0.0009,0.0031,0.0068,3.8680,0.0185,0.0000,0.3407,0.0004,0.0005,0.1218,0.0016,0.0008,0.0005
2167,26.8098,0.0000,14.0786,3.0603,,true,0,0.008333,0.0000,0.0000,1.00,0.00,0.0000,22,1,295,295,0,0,100,1,11,11,0,246528,0,295,0,0,898506752,0.000000,0.000000,0.000000,0.00,0,2,4,25,17,20,26,13,24,55,97,12,0,0,0,0,0,0,0.0003,0.0172,0.0340,0.0007,0.0033,0.0041,3.0603,0.0158,0.0000,0.3693,0.0005,0.0005,0.1337,0.0014,0.0009,0.0008
2168,26.8205,0.0000,10.2220,3.5457,,true,0,0.008333,0.0000,0.0000,1.00,0.00,0.0000,22,1,295,295,0,0,100,1,11,11,0,246528,0,295,0,0,898506752,0.000000,0.000000,0.000000,0.00,0,2,4,25,17,20,26,13,24,55,97,12,0,0,0,0,0,0,0.0004,0.0140,0.0347,0.0019,0.0034,0.0042,3.5457,0.0163,0.0000,0.3652,0.0005,0.0006,0.1341,0.0020,0.0008,0.0010
2169,26.8352,0.0000,14.5541,3.6545,,true,0,0.008333,0.0000,0.0000,1.00,0.00,0.0000,22,1,295,295,0,0,100,1,11,11,0,246528,0,295,0,0,898506752,0.000000,0.000000,0.000000,0.00,0,2,4,25,17,20,26,13,24,55,97,12,0,0,0,0,0,0,0.0006,0.0195,0.0616,0.0007,0.0026,0.0042,3.6545,0.0200,0.0000,0.4353,0.0007,0.0006,0.1375,0.0014,0.0006,0.0007
2170,26.8448,0.0000,9.5954,3.8286,,true,0,0.008333,0.0000,0.0000,1.00,0.00,0.0000,22,1,295,295,0,0,100,1,11,11,0,246528,0,295,0,0,898506752,0.000000,0.000000,0.000000,0.00,0,2,4,25,17,20,26,13,24,55,97,12,0,0,0,0,0,0,0.0005,0.0261,0.0347,0.0007,0.0020,0.0055,3.8286,0.0462,0.0000,0.3555,0.0004,0.0008,0.1175,0.0013,0.0008,0.0006
2171,26.8587,0.0000,14.4385,3.0574,,true,0,0.008333,0.0000,0.0000,1.00,0.00,0.0000,22,1,295,295,0,0,100,1,11,11,0,246528,0,295,0,0,898506752,0.000000,0.000000,0.000000,0.00,0,2,4,25,17,20,26,13,24,55,97,12,0,0,0,0,0,0,0.0007,0.0186,0.0354,0.0009,0.0032,0.0041,3.0574,0.0154,0.0000,0.3683,0.0006,0.0005,0.1323,0.0011,0.0023,0.0006
2172,26.8694,0.0000,10.9648,2.9377,,true,0,0.008333,0.0000,0.0000,1.00,0.00,0.0000,22,1,295,295,0,0,100,1,11,11,0,246528,0,295,0,0,898506752,0.000000,0.000000,0.000000,0.00,0,2,4,25,17,20,26,13,24,55,97,12,0,0,0,0,0,0,0.0002,0.0168,0.0377,0.0010,0.0023,0.0050,2.9377,0.0129,0.0000,0.3649,0.0005,0.0003,0.1470,0.0015,0.0015,0.0008
2173,26.8838,0.0000,13.2266,4.1149,,true,0,0.008333,0.0000,0.0000,1.00,0.00,0.0000,22,1,295,295,0,0,100,1,11,11,0,246528,0,295,0,0,898506752,0.000000,0.000000,0.000000,0.00,0,2,4,25,17,20,26,13,24,55,97,12,0,0,0,0,0,0,0.0008,0.0476,0.0471,0.0022,0.0035,0.0116,4.1149,0.0205,0.0000,0.3995,0.0005,0.0005,0.1457,0.0011,0.0015,0.0006
2174,26.8979,0.0000,13.9539,4.0195,,true,0,0.008333,0.0000,0.0000,1.00,0.00,0.0000,22,1,295,295,0,0,100,1,11,11,0,246528,0,295,0,0,898506752,0.000000,0.000000,0.000000,0.00,0,2,4,25,17,20,26,13,24,55,97,12,0,0,0,0,0,0,0.0006,0.0275,0.0434,0.0007,0.0032,0.0052,4.0195,0.0175,0.0000,0.3966,0.0003,0.0004,0.1384,0.0010,0.0004,0.0006
2175,26.9072,0.0000,9.7699,3.9013,,true,0,0.008333,0.0000,0.0000,1.00,0.00,0.0000,22,1,295,295,0,0,100,1,11,11,0,246528,0,295,0,0,898506752,0.000000,0.000000,0.000000,0.00,0,2,4,25,17,20,26,13,24,55,97,12,0,0,0,0,0,0,0.0003,0.0175,0.0448,0.0009,0.0030,0.0046,3.9013,0.2332,0.0000,0.3594,0.0003,0.0005,0.1336,0.0014,0.0010,0.0010
2176,26.9193,0.0000,12.5181,3.4810,,true,0,0.008333,0.0000,0.0000,1.00,0.00,0.0000,22,1,295,295,0,0,100,1,11,11,0,246528,0,295,0,0,898506752,0.000000,0.000000,0.000000,0.00,0,2,4,25,17,20,26,13,24,55,97,12,0,0,0,0,0,0,0.0006,0.0277,0.0336,0.0006,0.0019,0.0051,3.4810,0.0154,0.0000,0.3863,0.0009,0.0005,0.1342,0.0021,0.0010,0.0006
2177,26.9304,0.0000,11.7036,2.9295,,true,0,0.008333,0.0000,0.0000,1.00,0.00,0.0000,22,1,295,295,0,0,100,1,11,11,0,246528,0,295,0,0,898506752,0.000000,0.000000,0.000000,0.00,0,2,4,25,17,20,26,13,24,55,97,12,0,0,0,0,0,0,0.0001,0.0200,0.0321,0.0007,0.0013,0.0047,2.9295,0.0159,0.0000,0.3385,0.0002,0.0005,0.1318,0.0018,0.0008,0.0006
2178,26.9433,0.0000,12.6702,2.9267,,true,0,0.008333,0.0000,0.0000,1.00,0.00,0.0000,22,1,295,295,0,0,100,1,11,11,0,246528,0,295,0,0,898506752,0.000000,0.000000,0.000000,0.00,0,2,4,25,17,20,26,13,24,55,97,12,0,0,0,0,0,0,0.0005,0.0172,0.0334,0.0007,0.0024,0.0036,2.9267,0.0177,0.0000,0.3619,0.0007,0.0005,0.1360,0.0011,0.0010,0.0007
2179,26.9554,0.0000,12.3122,2.8628,,true,0,0.008333,0.0000,0.0000,1.00,0.00,0.0000,22,1,295,295,0,0,100,1,11,11,0,246528,0,295,0,0,898506752,0.000000,0.000000,0.000000,0.00,0,2,4,25,17,20,26,13,24,55,97,12,0,0,0,0,0,0,0.0002,0.0162,0.0318,0.0007,0.0012,0.0031,2.8628,0.0141,0.0000,0.3385,0.0003,0.0005,0.1185,0.0012,0.0011,0.0006
2180,26.9674,0.0000,12.1440,2.9240,,true,0,0.008333,0.0000,0.0000,1.00,0.00,0.0000,22,1,295,295,0,0,100,1,11,11,0,246528,0,295,0,0,898506752,0.000000,0.000000,0.000000,0.00,0,2,4,25,17,20,26,13,24,55,97,12,0,0,0,0,0,0,0.0004,0.0132,0.0318,0.0008,0.0023,0.0048,2.9240,0.0144,0.0000,0.3276,0.0006,0.0005,0.1192,0.0013,0.0009,0.0007
2181,26.9803,0.0000,12.5080,3.2339,,true,0,0.008333,0.0000,0.0000,1.00,0.00,0.0000,22,1,295,295,0,0,100,1,11,11,0,246528,0,295,0,0,898506752,0.000000,0.000000,0.000000,0.00,0,2,4,25,17,20,26,13,24,55,97,12,0,0,0,0,0,0,0.0002,0.0129,0.0325,0.0006,0.0026,0.0022,3.2339,0.0152,0.0000,0.3393,0.0003,0.0004,0.1280,0.0013,0.0007,0.0004
2182,26.9953,0.0000,13.6390,3.5876,,true,0,0.008333,0.0000,0.0000,1.00,0.00,0.0000,22,1,295,295,0,0,100,1,11,11,0,246528,0,295,0,0,898506752,0.000000,0.000000,0.000000,0.00,0,2,4,25,17,20,26,13,24,55,97,12,0,0,0,0,0,0,0.0005,0.0340,0.0338,0.0011,0.0030,0.0063,3.5876,0.0203,0.0000,0.3704,0.0006,0.0010,0.1365,0.0021,0.0012,0.0007
2183,27.0134,0.0000,13.5026,8.8976,,true,0,0.008333,0.0000,0.0000,1.00,0.00,0.0000,22,1,295,295,0,0,100,1,11,11,0,246528,0,295,0,0,898506752,0.000000,0.000000,0.000000,0.00,0,2,4,25,17,20,26,13,24,55,97,12,0,0,0,0,0,0,0.0007,0.0206,0.0460,0.0006,0.0029,0.0057,8.8976,0.0296,0.0000,5.5327,0.0003,0.1302,0.1613,0.0011,0.0007,4.9992
2184,27.0194,0.0000,11.7723,3.3046,,true,0,0.008333,0.0000,0.0000,1.00,0.00,0.0000,22,1,295,295,0,0,100,1,11,11,0,246528,0,295,0,0,898506752,0.000000,0.000000,0.000000,0.00,0,2,4,25,17,20,26,13,24,55,97,12,0,0,0,0,0,0,0.0009,0.0150,0.0483,0.0021,0.0035,0.0072,3.3046,0.0236,0.0000,0.3379,0.0004,0.0004,0.1306,0.0016,0.0008,0.0004
2185,27.0315,0.0000,11.7748,3.6987,,true,0,0.008333,0.0000,0.0000,1.00,0.00,0.0000,22,1,295,295,0,0,100,1,11,11,0,246528,0,295,0,0,898506752,0.000000,0.000000,0.000000,0.00,0,2,4,25,17,20,26,13,24,55,97,12,0,0,0,0,0,0,0.0002,0.0184,0.0323,0.0009,0.0023,0.0059,3.6987,0.0159,0.0000,0.3796,0.0000,0.0004,0.1422,0.0013,0.0006,0.0003
2186,27.0416,0.0000,10.8132,3.0646,,true,0,0.008333,0.0000,0.0000,1.00,0.00,0.0000,22,1,295,295,0,0,100,1,11,11,0,246528,0,295,0,0,898506752,0.000000,0.000000,0.000000,0.00,0,2,4,25,17,20,26,13,24,55,97,12,0,0,0,0,0,0,0.0002,0.0149,0.0315,0.0004,0.0014,0.0031,3.0646,0.0141,0.0000,0.3595,0.0005,0.0004,0.1403,0.0008,0.0009,0.0005
2187,27.0535,0.0000,11.3909,3.4635,,true,0,0.008333,0.0000,0.0000,1.00,0.00,0.0000,22,1,295,295,0,0,100,1,11,11,0,246528,0,295,0,0,898506752,0.000000,0.000000,0.000000,0.00,0,2,4,25,17,20,26,13,24,55,97,12,0,0,0,0,0,0,0.0003,0.0109,0.0334,0.0004,0.0024,0.0029,3.4635,0.0147,0.0000,0.3182,0.0003,0.0002,0.1248,0.0010,0.0004,0.0003
2188,27.0672,0.0000,13.1403,3.8361,,true,0,0.008333,0.0000,0.0000,1.00,0.00,0.0000,22,1,295,295,0,0,100,1,11,11,0,246528,0,295,0,0,898506752,0.000000,0.000000,0.000000,0.00,0,2,4,25,17,20,26,13,24,55,97,12,0,0,0,0,0,0,0.0007,0.0225,0.0349,0.0012,0.0042,0.0091,3.8361,0.0178,0.0000,0.3637,0.0006,0.0003,0.1167,0.0030,0.0010,0.0008
2189,27.0774,0.0000,11.0019,3.1672,,true,0,0.008333,0.0000,0.0000,1.00,0.00,0.0000,22,1,295,295,0,0,100,1,11,11,0,246528,0,295,0,0,898506752,0.000000,0.000000,0.000000,0.00,0,2,4,25,17,20,26,13,24,55,97,12,0,0,0,0,0,0,0.0006,0.0197,0.0374,0.0008,0.0019,0.0048,3.1672,0.0140,0.0000,0.3499,0.0007,0.0006,0.1280,0.0011,0.0012,0.0004
2190,27.0934,0.0000,15.0373,3.5799,,true,0,0.008333,0.0000,0.0000,1.00,0.00,0.0000,22,1,295,295,0,0,100,1,11,11,0,246528,0,295,0,0,898506752,0.000000,0.000000,0.000000,0.00,0,2,4,25,17,20,26,13,24,55,97,12,0,0,0,0,0,0,0.0002,0.0208,0.0383,0.0006,0.0029,0.0060,3.5799,0.0179,0.0000,0.3826,0.0006,0.0011,0.1407,0.0014,0.0010,0.0011
2191,27.1035,0.0000,11.0748,3.0350,,true,0,0.008333,0.0000,0.0000,1.00,0.00,0.0000,22,1,295,295,0,0,100,1,11,11,0,246528,0,295,0,0,898506752,0.000000,0.000000,0.000000,0.00,0,2,4,25,17,20,26,13,24,55,97,12,0,0,0,0,0,0,0.0004,0.0177,0.0377,0.0010,0.0028,0.0037,3.0350,0.0179,0.0000,0.3854,0.0006,0.0004,0.1502,0.0016,0.0008,0.0007
2192,27.1160,0.0000,11.2787,4.3537,,true,0,0.008333,0.0000,0.0000,1.00,0.00,0.0000,22,1,295,295,0,0,100,1,11,11,0,246528,0,295,0,0,898506752,0.000000,0.000000,0.000000,0.00,0,2,4,25,17,20,26,13,24,55,97,12,0,0,0,0,0,0,0.0001,0.0167,0.0399,0.0008,0.0019,0.0035,4.3537,0.0275,0.0000,0.3761,0.0006,0.0004,0.1337,0.0018,0.0013,0.0006
2193,27.1274,0.0000,12.4812,3.3696,,true,0,0.008333,0.0000,0.0000,1.00,0.00,0.0000,22,1,295,295,0,0,100,1,11,11,0,246528,0,295,0,0,898506752,0.000000,0.000000,0.000000,0.00,0,2,4,25,17,20,26,13,24,55,97,12,0,0,0,0,0,0,0.0005,0.0149,0.0344,0.0003,0.0018,0.0033,3.3696,0.0158,0.0000,0.3592,0.0010,0.0004,0.1249,0.0015,0.0012,0.0011
2194,27.1423,0.0000,14.5359,3.4466,,true,0,0.008333,0.0000,0.0000,1.00,0.00,0.0000,22,1,295,295,0,0,100,1,11,11,0,246528,0,295,0,0,898506752,0.000000,0.000000,0.000000,0.00,0,2,4,25,17,20,26,13,24,55,97,12,0,0,0,0,0,0,0.0003,0.0178,0.0354,0.0004,0.0025,0.0046,3.4466,0.0140,0.0000,0.3679,0.0006,0.0003,0.1394,0.0017,0.0009,0.0006
2195,27.1521,0.0000,10.7731,3.0461,,true,0,0.008333,0.0000,0.0000,1.00,0.00,0.0000,22,1,295,295,0,0,100,1,11,11,0,246528,0,295,0,0,898506752,0.000000,0.000000,0.000000,0.00,0,2,4,25,17,20,26,13,24,55,97,12,0,0,0,0,0,0,0.0014,0.0150,0.0330,0.0006,0.0027,0.0037,3.0461,0.0089,0.0000,0.3779,0.0005,0.0007,0.1590,0.0011,0.0007,0.0006
2196,27.1654,0.0000,12.7648,3.3631,,true,0,0.008333,0.0000,0.0000,1.00,0.00,0.0000,22,1,295,295,0,0,100,1,11,11,0,246528,0,295,0,0,898506752,0.000000,0.000000,0.000000,0.00,0,2,4,25,17,20,26,13,24,55,97,12,0,0,0,0,0,0,0.0014,0.0177,0.0335,0.0010,0.0039,0.0059,3.3631,0.0141,0.0000,0.3527,0.0007,0.0006,0.1282,0.0008,0.0008,0.0005
2197,27.1783,0.0000,13.0376,3.0072,,true,0,0.008333,0.0000,0.0000,1.00,0.00,0.0000,22,1,295,295,0,0,100,1,11,11,0,246528,0,295,0,0,898506752,0.000000,0.000000,0.000000,0.00,0,2,4,25,17,20,26,13,24,55,97,12,0,0,0,0,0,0,0.0001,0.0157,0.0376,0.0004,0.0030,0.0052,3.0072,0.0140,0.0000,0.3392,0.0001,0.0004,0.1265,0.0006,0.0010,0.0006
2198,27.1930,0.0000,12.4705,5.0932,,true,0,0.008333,0.0000,0.0000,1.00,0.00,0.0000,22,1,295,295,0,0,100,1,11,11,0,246528,0,295,0,0,898506752,0.000000,0.000000,0.000000,0.00,0,2,4,25,17,20,26,13,24,55,97,12,0,0,0,0,0,0,0.0003,0.0179,0.0343,0.0009,0.0045,0.0063,5.0932,0.0195,0.0000,0.4135,0.0006,0.0005,0.1532,0.0019,0.0009,0.0012
2199,27.2062,0.0000,14.5762,3.5341,,true,0,0.008333,0.0000,0.0000,1.00,0.00,0.0000,22,1,295,295,0,0,100,1,11,11,0,246528,0,295,0,0,898506752,0.000000,0.000000,0.000000,0.00,0,2,4,25,17,20,26,13,24,55,97,12,0,0,0,0,0,0,0.0002,0.0315,0.0361,0.0008,0.0030,0.0056,3.5341,0.0199,0.0000,0.4141,0.0007,0.0009,0.1853,0.0014,0.0008,0.0011
2200,27.2168,0.0000,11.6444,2.8711,,true,0,0.008333,0.0000,0.0000,1.00,0.00,0.0000,22,1,295,295,0,0,100,1,11,11,0,246528,0,295,0,0,898506752,0.000000,0.000000,0.000000,0.00,0,2,4,25,17,20,26,13,24,55,97,12,0,0,0,0,0,0,0.0009,0.0197,0.0382,0.0009,0.0025,0.0049,2.8711,0.0143,0.0000,0.3665,0.0007,0.0007,0.1299,0.0022,0.0015,0.0009
2201,27.2280,0.0000,11.7638,2.6089,,true,0,0.008333,0.0000,0.0000,1.00,0.00,0.0000,22,1,295,295,0,0,100,1,11,11,0,246528,0,295,0,0,898506752,0.000000,0.000000,0.000000,0.00,0,2,4,25,17,20,26,13,24,55,97,12,0,0,0,0,0,0,0.0002,0.0156,0.0312,0.0013,0.0017,0.0054,2.6089,0.0136,0.0000,0.3441,0.0005,0.0002,0.1244,0.0010,0.0006,0.0011
2202,27.2429,0.0000,12.5258,4.5117,,true,0,0.008333,0.0000,0.0000,1.00,0.00,0.0000,22,1,295,295,0,0,100,1,11,11,0,246528,0,295,0,0,898506752,0.000000,0.000000,0.000000,0.00,0,2,4,25,17,20,26,13,24,55,97,12,0,0,0,0,0,0,0.0008,0.0181,0.0343,0.0009,0.0044,0.0075,4.5117,0.0186,0.0000,0.4360,0.0008,0.0009,0.1432,0.0021,0.0011,0.0008
2203,27.2538,0.0000,12.2676,3.0853,,true,0,0.008333,0.0000,0.0000,1.00,0.00,0.0000,22,1,295,295,0,0,100,1,11,11,0,246528,0,295,0,0,898506752,0.000000,0.000000,0.000000,0.00,0,2,4,25,17,20,26,13,24,55,97,12,0,0,0,0,0,0,0.0005,0.0231,0.0313,0.0010,0.0031,0.0061,3.0853,0.0189,0.0000,0.3608,0.0005,0.0006,0.1237,0.0015,0.0013,0.0007
2204,27.2656,0.0000,11.8729,3.2423,,true,0,0.008333,0.0000,0.0000,1.00,0.00,0.0000,22,1,295,295,0,0,100,1,11,11,0,246528,0,295,0,0,898506752,0.000000,0.000000,0.000000,0.00,0,2,4,25,17,20,26,13,24,55,97,12,0,0,0,0,0,0,0.0002,0.0185,0.0365,0.0010,0.0028,0.0053,3.2423,0.0200,0.0000,0.4107,0.0006,0.0007,0.1705,0.0021,0.0010,0.0008
2205,27.2772,0.0000,12.0363,2.9190,,true,0,0.008333,0.0000,0.0000,1.00,0.00,0.0000,22,1,295,295,0,0,100,1,11,11,0,246528,0,295,0,0,898506752,0.000000,0.000000,0.000000,0.00,0,2,4,25,17,20,26,13,24,55,97,12,0,0,0,0,0,0,0.0003,0.0201,0.0338,0.0008,0.0022,0.0031,2.9190,0.0150,0.0000,0.3565,0.0007,0.0005,0.1334,0.0013,0.0009,0.0009
2206,27.2915,0.0000,13.3941,3.5883,,true,0,0.008333,0.0000,0.0000,1.00,0.00,0.0000,22,1,295,295,0,0,100,1,11,11,0,246528,0,295,0,0,898506752,0.000000,0.000000,0.000000,0.00,0,2,4,25,17,20,26,13,24,55,97,12,0,0,0,0,0,0,0.0001,0.0152,0.0377,0.0023,0.0037,0.0058,3.5883,0.0189,0.0000,0.4428,0.0006,0.0005,0.1976,0.0021,0.0013,0.0011
2207,27.3048,0.0000,12.6627,4.1030,,true,0,0.008333,0.0000,0.0000,1.00,0.00,0.0000,22,1,295,295,0,0,100,1,11,11,0,246528,0,295,0,0,898506752,0.000000,0.000000,0.000000,0.00,0,2,4,25,17,20,26,13,24,55,97,12,0,0,0,0,0,0,0.0011,0.0491,0.0335,0.0008,0.0034,0.0064,4.1030,0.0152,0.0000,0.3764,0.0005,0.0009,0.1307,0.0014,0.0018,0.0013
2208,27.3156,0.0000,11.3462,3.8093,,true,0,0.008333,0.0000,0.0000,1.00,0.00,0.0000,22,1,295,295,0,0,100,1,11,11,0,246528,0,295,0,0,898506752,0.000000,0.000000,0.000000,0.00,0,2,4,25,17,20,26,13,24,55,97,12,0,0,0,0,0,0,0.0003,0.0376,0.0349,0.0010,0.0047,0.0062,3.8093,0.0156,0.0000,0.4073,0.0006,0.0005,0.1683,0.0021,0.0007,0.0011
2209,27.3261,0.0000,11.6123,2.8838,,true,0,0.008333,0.0000,0.0000,1.00,0.00,0.0000,22,1,295,295,0,0,100,1,11,11,0,246528,0,295,0,0,898506752,0.000000,0.000000,0.000000,0.00,0,2,4,25,17,20,26,13,24,55,97,12,0,0,0,0,0,0,0.0002,0.0179,0.0416,0.0005,0.0023,0.0045,2.8838,0.0158,0.0000,0.3577,0.0003,0.0002,0.1620,0.0018,0.0007,0.0002
2210,27.3422,0.0000,15.4217,3.2689,,true,0,0.008333,0.0000,0.0000,1.00,0.00,0.0000,22,1,295,295,0,0,100,1,11,11,0,246528,0,295,0,0,898506752,0.000000,0.000000,0.000000,0.00,0,2,4,25,17,20,26,13,24,55,97,12,0,0,0,0,0,0,0.0005,0.0156,0.0343,0.0009,0.0028,0.0042,3.2689,0.0172,0.0000,0.3610,0.0005,0.0003,0.1346,0.0011,0.0013,0.0008
2211,27.3524,0.0000,10.1809,3.4395,,true,0,0.008333,0.0000,0.0000,1.00,0.00,0.0000,22,1,295,295,0,0,100,1,11,11,0,246528,0,295,0,0,898506752,0.000000,0.000000,0.000000,0.00,0,2,4,25,17,20,26,13,24,55,97,12,0,0,0,0,0,0,0.0002,0.0147,0.0360,0.0009,0.0031,0.0063,3.4395,0.0185,0.0000,0.3828,0.0005,0.0004,0.1701,0.0012,0.0012,0.0008
2212,27.3644,0.0000,12.5146,2.9686,,true,0,0.008333,0.0000,0.0000,1.00,0.00,0.0000,22,1,295,295,0,0,100,1,11,11,0,246528,0,295,0,0,898506752,0.000000,0.000000,0.000000,0.00,0,2,4,25,17,20,26,13,24,55,97,12,0,0,0,0,0,0,0.0002,0.0105,0.0321,0.0006,0.0012,0.0018,2.9686,0.0147,0.0000,0.3435,0.0002,0.0003,0.1525,0.0012,0.0006,0.0004
2213,27.3775,0.0000,12.8495,3.2252,,true,0,0.008333,0.0000,0.0000,1.00,0.00,0.0000,22,1,295,295,0,0,100,1,11,11,0,246528,0,295,0,0,898506752,0.000000,0.000000,0.000000,0.00,0,2,4,25,17,20,26,13,24,55,97,12,0,0,0,0,0,0,0.0007,0.0170,0.0530,0.0007,0.0020,0.0040,3.2252,0.0181,0.0000,0.3871,0.0005,0.0001,0.1321,0.0008,0.0006,0.0004
2214,27.3911,0.0000,12.4425,4.3976,,true,0,0.008333,0.0000,0.0000,1.00,0.00,0.0000,22,1,295,295,0,0,100,1,11,11,0,246528,0,295,0,0,898506752,0.000000,0.000000,0.000000,0.00,0,2,4,25,17,20,26,13,24,55,97,12,0,0,0,0,0,0,0.0003,0.0121,0.0361,0.0004,0.0036,0.0070,4.3976,0.0198,0.0000,0.3658,0.0006,0.0009,0.1326,0.0015,0.0012,0.0008
2215,27.4060,0.0000,15.3592,3.5427,,true,0,0.008333,0.0000,0.0000,1.00,0.00,0.0000,22,1,295,295,0,0,100,1,11,11,0,246528,0,295,0,0,898506752,0.000000,0.000000,0.000000,0.00,0,2,4,25,17,20,26,13,24,55,97,12,0,0,0,0,0,0,0.0002,0.0211,0.0344,0.0006,0.0027,0.0053,3.5427,0.0153,0.0000,0.4410,0.0006,0.0004,0.1745,0.0015,0.0009,0.0008
2216,27.4155,0.0000,10.6570,2.9457,,true,0,0.008333,0.0000,0.0000,1.00,0.00,0.0000,22,1,295,295,0,0,100,1,11,11,0,246528,0,295,0,0,898506752,0.000000,0.000000,0.000000,0.00,0,2,4,25,17,20,26,13,24,55,97,12,0,0,0,0,0,0,0.0001,0.0158,0.0320,0.0006,0.0029,0.0044,2.9457,0.0135,0.0000,0.3334,0.0007,0.0005,0.1264,0.0023,0.0008,0.0003
2217,27.4288,0.0000,13.1363,2.8942,,true,0,0.008333,0.0000,0.0000,1.00,0.00,0.0000,22,1,295,295,0,0,100,1,11,11,0,246528,0,295,0,0,898506752,0.000000,0.000000,0.000000,0.00,0,2,4,25,17,20,26,13,24,55,97,12,0,0,0,0,0,0,0.0002,0.0156,0.0621,0.0009,0.0021,0.0042,2.8942,0.0156,0.0000,0.3505,0.0006,0.0005,0.1278,0.0012,0.0010,0.0005
2218,27.4405,0.0000,12.0236,2.8253,,true,0,0.008333,0.0000,0.0000,1.00,0.00,0.0000,22,1,295,295,0,0,100,1,11,11,0,246528,0,295,0,0,898506752,0.000000,0.000000,0.000000,0.00,0,2,4,25,17,20,26,13,24,55,97,12,0,0,0,0,0,0,0.0007,0.0164,0.0320,0.0005,0.0024,0.0041,2.8253,0.0151,0.0000,0.3794,0.0006,0.0003,0.1327,0.0015,0.0009,0.0006
2219,27.4534,0.0000,12.5537,3.0735,,true,0,0.008333,0.0000,0.0000,1.00,0.00,0.0000,22,1,295,295,0,0,100,1,11,11,0,246528,0,295,0,0,898506752,0.000000,0.000000,0.000000,0.00,0,2,4,25,17,20,26,13,24,55,97,12,0,0,0,0,0,0,0.0007,0.0140,0.0330,0.0008,0.0024,0.0045,3.0735,0.0239,0.0000,0.3447,0.0006,0.0008,0.1313,0.0011,0.0012,0.0008
2220,27.4663,0.0000,12.6455,3.4035,,true,0,0.008333,0.0000,0.0000,1.00,0.00,0.0000,22,1,295,295,0,0,100,1,11,11,0,246528,0,295,0,0,898506752,0.000000,0.000000,0.000000,0.00,0,2,4,25,17,20,26,13,24,55,97,12,0,0,0,0,0,0,0.0007,0.0175,0.0389,0.0010,0.0028,0.0053,3.4035,0.0130,0.0000,0.4139,0.0001,0.0007,0.1843,0.0021,0.0007,0.0005
2221,27.4792,0.0000,12.6812,3.3415,,true,0,0.008333,0.0000,0.0000,1.00,0.00,0.0000,22,1,295,295,0,0,100,1,11,11,0,246528,0,295,0,0,898506752,0.000000,0.000000,0.000000,0.00,0,2,4,25,17,20,26,13,24,55,97,12,0,0,0,0,0,0,0.0006,0.0275,0.0330,0.0005,0.0014,0.0072,3.3415,0.0283,0.0000,0.3595,0.0007,0.0008,0.1377,0.0017,0.0014,0.0009
2222,27.4941,0.0000,12.6495,5.4012,,true,0,0.008333,0.0000,0.0000,1.00,0.00,0.0000,22,1,295,295,0,0,100,1,11,11,0,246528,0,295,0,0,898506752,0.000000,0.000000,0.000000,0.00,0,2,4,25,17,20,26,13,24,55,97,12,0,0,0,0,0,0,0.0006,0.0172,0.0380,0.0011,0.0035,0.0064,5.4012,0.0248,0.0000,0.3816,0.0007,0.0006,0.1400,0.0019,0.0014,0.0010
2223,27.5055,0.0000,12.7320,4.0741,,true,0,0.008333,0.0000,0.0000,1.00,0.00,0.0000,22,1,295,295,0,0,100,1,11,11,0,246528,0,295,0,0,898506752,0.000000,0.000000,0.000000,0.00,0,2,4,25,17,20,26,13,24,55,97,12,0,0,0,0,0,0,0.0004,0.0202,0.0487,0.0015,0.0028,0.0052,4.0741,0.0226,0.0000,0.4073,0.0007,0.0007,0.1399,0.0030,0.0009,0.0011
2224,27.5175,0.0000,13.2971,3.0135,,true,0,0.008333,0.0000,0.0000,1.00,0.00,0.0000,22,1,295,295,0,0,100,1,11,11,0,246528,0,295,0,0,898506752,0.000000,0.000000,0.000000,0.00,0,2,4,25,17,20,26,13,24,55,97,12,0,0,0,0,0,0,0.0005,0.0146,0.0389,0.0006,0.0025,0.0045,3.0135,0.0167,0.0000,0.3535,0.0007,0.0006,0.1356,0.0015,0.0015,0.0007
2225,27.5288,0.0000,11.2198,3.1218,,true,0,0.008333,0.0000,0.0000,1.00,0.00,0.0000,22,1,295,295,0,0,100,1,11,11,0,246528,0,295,0,0,898506752,0.000000,0.000000,0.000000,0.00,0,2,4,25,17,20,26,13,24,55,97,12,0,0,0,0,0,0,0.0001,0.0153,0.0488,0.0004,0.0013,0.0026,3.1218,0.0188,0.0000,0.3891,0.0006,0.0007,0.1445,0.0014,0.0011,0.0006
2226,27.5421,0.0000,12.8582,3.1850,,true,0,0.008333,0.0000,0.0000,1.00,0.00,0.0000,22,1,295,295,0,0,100,1,11,11,0,246528,0,295,0,0,898506752,0.000000,0.000000,0.000000,0.00,0,2,4,25,17,20,26,13,24,55,97,12,0,0,0,0,0,0,0.0002,0.0249,0.0349,0.0005,0.0036,0.0050,3.1850,0.0180,0.0000,0.3924,0.0007,0.0003,0.1438,0.0017,0.0011,0.0008
2227,27.5551,0.0000,13.1943,3.2244,,true,0,0.008333,0.0000,0.0000,1.00,0.00,0.0000,22,1,295,295,0,0,100,1,11,11,0,246528,0,295,0,0,898506752,0.000000,0.000000,0.000000,0.00,0,2,4,25,17,20,26,13,24,55,97,12,0,0,0,0,0,0,0.0002,0.0200,0.0421,0.0005,0.0020,0.0027,3.2244,0.0193,0.0000,0.3865,0.0005,0.0009,0.1352,0.0016,0.0011,0.0009
2228,27.5680,0.0000,12.9670,3.1138,,true,0,0.008333,0.0000,0.0000,1.00,0.00,0.0000,22,1,295,295,0,0,100,1,11,11,0,246528,0,295,0,0,898506752,0.000000,0.000000,0.000000,0.00,0,2,4,25,17,20,26,13,24,55,97,12,0,0,0,0,0,0,0.0003,0.0136,0.0347,0.0015,0.0033,0.0058,3.1138,0.0164,0.0000,0.3678,0.0003,0.0003,0.1326,0.0013,0.0007,0.0005
2229,27.5778,0.0000,9.6997,3.4145,,true,0,0.008333,0.0000,0.0000,1.00,0.00,0.0000,22,1,295,295,0,0,100,1,11,11,0,246528,0,295,0,0,898506752,0.000000,0.000000,0.000000,0.00,0,2,4,25,17,20,26,13,24,55,97,12,0,0,0,0,0,0,0.0002,0.0360,0.0955,0.0007,0.0030,0.0046,3.4145,0.0185,0.0000,0.3492,0.0006,0.0007,0.1249,0.0017,0.0012,0.0008
2230,27.5920,0.0000,13.9208,3.7086,,true,0,0.008333,0.0000,0.0000,1.00,0.00,0.0000,22,1,295,295,0,0,100,1,11,11,0,246528,0,295,0,0,898506752,0.000000,0.000000,0.000000,0.00,0,2,4,25,17,20,26,13,24,55,97,12,0,0,0,0,0,0,0.0001,0.0116,0.0390,0.0008,0.0027,0.0033,3.7086,0.0143,0.0000,0.3283,0.0001,0.0006,0.1176,0.0005,0.0003,0.0000
2231,27.6032,0.0000,11.2464,3.4773,,true,0,0.008333,0.0000,0.0000,1.00,0.00,0.0000,22,1,295,295,0,0,100,1,11,11,0,246528,0,295,0,0,898506752,0.000000,0.000000,0.000000,0.00,0,2,4,25,17,20,26,13,24,55,97,12,0,0,0,0,0,0,0.0003,0.0268,0.0374,0.0009,0.0033,0.0064,3.4773,0.0176,0.0000,0.3693,0.0008,0.0006,0.1341,0.0012,0.0016,0.0010
2232,27.6154,0.0000,12.6054,2.9887,,true,0,0.008333,0.0000,0.0000,1.00,0.00,0.0000,22,1,295,295,0,0,100,1,11,11,0,246528,0,295,0,0,898506752,0.000000,0.000000,0.000000,0.00,0,2,4,25,17,20,26,13,24,55,97,12,0,0,0,0,0,0,0.0001,0.0175,0.0350,0.0006,0.0032,0.0043,2.9887,0.0187,0.0000,0.3755,0.0005,0.0008,0.1485,0.0016,0.0012,0.0010
2233,27.6269,0.0000,11.9221,2.7187,,true,0,0.008333,0.0000,0.0000,1.00,0.00,0.0000,22,1,295,295,0,0,100,1,11,11,0,246528,0,295,0,0,898506752,0.000000,0.000000,0.000000,0.00,0,2,4,25,17,20,26,13,24,55,97,12,0,0,0,0,0,0,0.0005,0.0330,0.0320,0.0006,0.0020,0.0097,2.7187,0.0149,0.0000,0.3722,0.0007,0.0008,0.1293,0.0012,0.0009,0.0015
2234,27.6380,0.0000,10.7917,2.9949,,true,0,0.008333,0.0000,0.0000,1.00,0.00,0.0000,22,1,295,295,0,0,100,1,11,11,0,246528,0,295,0,0,898506752,0.000000,0.000000,0.000000,0.00,0,2,4,25,17,20,26,13,24,55,97,12,0,0,0,0,0,0,0.0011,0.0143,0.0427,0.0005,0.0019,0.0055,2.9949,0.0125,0.0000,0.3524,0.0007,0.0007,0.1358,0.0015,0.0013,0.0006
2235,27.6502,0.0000,12.3166,3.1153,,true,0,0.008333,0.0000,0.0000,1.00,0.00,0.0000,22,1,295,295,0,0,100,1,11,11,0,246528,0,295,0,0,898506752,0.000000,0.000000,0.000000,0.00,0,2,4,25,17,20,26,13,24,55,97,12,0,0,0,0,0,0,0.0003,0.0175,0.0328,0.0010,0.0024,0.0057,3.1153,0.0132,0.0000,0.3319,0.0003,0.0004,0.1216,0.0012,0.0006,0.0003
2236,27.6621,0.0000,11.8655,3.0924,,true,0,0.008333,0.0000,0.0000,1.00,0.00,0.0000,22,1,295,295,0,0,100,1,11,11,0,246528,0,295,0,0,898506752,0.000000,0.000000,0.000000,0.00,0,2,4,25,17,20,26,13,24,55,97,12,0,0,0,0,0,0,0.0001,0.0169,0.0361,0.0006,0.0024,0.0047,3.0924,0.0169,0.0000,0.3498,0.0003,0.0005,0.1344,0.0015,0.0009,0.0006
2237,27.6744,0.0000,12.5813,2.9194,,true,0,0.008333,0.0000,0.0000,1.00,0.00,0.0000,22,1,295,295,0,0,100,1,11,11,0,246528,0,295,0,0,898506752,0.000000,0.000000,0.000000,0.00,0,2,4,25,17,20,26,13,24,55,97,12,0,0,0,0,0,0,0.0002,0.0145,0.0325,0.0009,0.0029,0.0038,2.9194,0.0156,0.0000,0.3579,0.0004,0.0003,0.1569,0.0015,0.0012,0.0010
2238,27.6869,0.0000,12.2722,3.1319,,true,0,0.008333,0.0000,0.0000,1.00,0.00,0.0000,22,1,295,295,0,0,100,1,11,11,0,246528,0,295,0,0,898506752,0.000000,0.000000,0.000000,0.00,0,2,4,25,17,20,26,13,24,55,97,12,0,0,0,0,0,0,0.0003,0.0210,0.0296,0.0007,0.0024,0.0045,3.1319,0.0160,0.0000,0.3246,0.0006,0.0000,0.1096,0.0014,0.0007,0.0011
2239,27.7009,0.0000,13.3247,3.6313,,true,0,0.008333,0.0000,0.0000,1.00,0.00,0.0000,22,1,295,295,0,0,100,1,11,11,0,246528,0,295,0,0,898506752,0.000000,0.000000,0.000000,0.00,0,2,4,25,17,20,26,13,24,55,97,12,0,0,0,0,0,0,0.0001,0.0208,0.0360,0.0007,0.0037,0.0059,3.6313,0.0181,0.0000,0.3881,0.0007,0.0006,0.1338,0.0020,0.0014,0.0008
2240,27.7147,0.0000,13.4433,3.8384,,true,0,0.008333,0.0000,0.0000,1.00,0.00,0.0000,22,1,295,295,0,0,100,1,11,11,0,246528,0,295,0,0,898506752,0.000000,0.000000,0.000000,0.00,0,2,4,25,17,20,26,13,24,55,97,12,0,0,0,0,0,0,0.0005,0.0197,0.0339,0.0006,0.0031,0.0040,3.8384,0.0148,0.0000,0.3533,0.0007,0.0004,0.1336,0.0023,0.0011,0.0005
2241,27.7274,0.0000,13.2133,3.4025,,true,0,0.008333,0.0000,0.0000,1.00,0.00,0.0000,22,1,295,295,0,0,100,1,11,11,0,246528,0,295,0,0,898506752,0.000000,0.000000,0.000000,0.00,0,2,4,25,17,20,26,13,24,55,97,12,0,0,0,0,0,0,0.0002,0.0225,0.0367,0.0006,0.0022,0.0067,3.4025,0.0158,0.0000,0.3881,0.0004,0.0006,0.1545,0.0014,0.0008,0.0007
2242,27.7404,0.0000,12.5179,3.8324,,true,0,0.008333,0.0000,0.0000,1.00,0.00,0.0000,22,1,295,295,0,0,100,1,11,11,0,246528,0,295,0,0,898506752,0.000000,0.000000,0.000000,0.00,0,2,4,25,17,20,26,13,24,55,97,12,0,0,0,0,0,0,0.0002,0.0131,0.0329,0.0005,0.0021,0.0046,3.8324,0.0150,0.0000,0.3669,0.0005,0.0004,0.1408,0.0014,0.0006,0.0014
2243,27.7507,0.0000,11.3612,2.7989,,true,0,0.008333,0.0000,0.0000,1.00,0.00,0.0000,22,1,295,295,0,0,100,1,11,11,0,246528,0,295,0,0,898506752,0.000000,0.000000,0.000000,0.00,0,2,4,25,17,20,26,13,24,55,97,12,0,0,0,0,0,0,0.0001,0.0189,0.0332,0.0009,0.0017,0.0044,2.7989,0.0155,0.0000,0.3740,0.0005,0.0006,0.1303,0.0010,0.0010,0.0005
2244,27.7669,0.0000,11.4528,7.6606,,true,0,0.008333,0.0000,0.0000,1.00,0.00,0.0000,22,1,295,295,0,0,100,1,11,11,0,246528,0,295,0,0,898506752,0.000000,0.000000,0.000000,0.00,0,2,4,25,17,20,26,13,24,55,97,12,0,0,0,0,0,0,0.0002,0.0142,0.0321,0.0004,0.0012,0.0035,7.6606,0.0117,0.0000,5.0658,0.0006,0.1242,0.1105,0.0009,0.0008,4.6191
2245,27.7743,0.0000,11.9489,3.0900,,true,0,0.008333,0.0000,0.0000,1.00,0.00,0.0000,22,1,295,295,0,0,100,1,11,11,0,246528,0,295,0,0,898506752,0.000000,0.000000,0.000000,0.00,0,2,4,25,17,20,26,13,24,55,97,12,0,0,0,0,0,0,0.0001,0.0118,0.0391,0.0005,0.0029,0.0029,3.0900,0.0188,0.0000,0.3977,0.0003,0.0006,0.1602,0.0029,0.0015,0.0002
2246,27.7868,0.0000,12.5329,2.9240,,true,0,0.008333,0.0000,0.0000,1.00,0.00,0.0000,22,1,295,295,0,0,100,1,11,11,0,246528,0,295,0,0,898506752,0.000000,0.000000,0.000000,0.00,0,2,4,25,17,20,26,13,24,55,97,12,0,0,0,0,0,0,0.0005,0.0202,0.0310,0.0029,0.0053,0.0113,2.9240,0.0190,0.0000,0.3261,0.0006,0.0004,0.1177,0.0014,0.0008,0.0005
2247,27.8016,0.0000,14.0296,3.3849,,true,0,0.008333,0.0000,0.0000,1.00,0.00,0.0000,22,1,295,295,0,0,100,1,11,11,0,246528,0,295,0,0,898506752,0.000000,0.000000,0.000000,0.00,0,2,4,25,17,20,26,13,24,55,97,12,0,0,0,0,0,0,0.0005,0.0204,0.0431,0.0011,0.0048,0.0068,3.3849,0.0184,0.0000,0.4512,0.0006,0.0006,0.1740,0.0015,0.0013,0.0008
2248,27.8129,0.0000,12.0733,2.9830,,true,0,0.008333,0.0000,0.0000,1.00,0.00,0.0000,22,1,295,295,0,0,100,1,11,11,0,246528,0,295,0,0,898506752,0.000000,0.000000,0.000000,0.00,0,2,4,25,17,20,26,13,24,55,97,12,0,0,0,0,0,0,0.0002,0.0175,0.0361,0.0010,0.0025,0.0056,2.9830,0.0156,0.0000,0.3468,0.0006,0.0003,0.1223,0.0010,0.0010,0.0007
2249,27.8247,0.0000,11.5802,3.2385,,true,0,0.008333,0.0000,0.0000,1.00,0.00,0.0000,22,1,295,295,0,0,100,1,11,11,0,246528,0,295,0,0,898506752,0.000000,0.000000,0.000000,0.00,0,2,4,25,17,20,26,13,24,55,97,12,0,0,0,0,0,0,0.0002,0.0139,0.0358,0.0010,0.0028,0.0057,3.2385,0.0182,0.0000,0.3956,0.0008,0.0004,0.1360,0.0012,0.0017,0.0007
2250,27.8368,0.0000,11.2645,3.8484,,true,0,0.008333,0.0000,0.0000,1.00,0.00,0.0000,22,1,295,295,0,0,100,1,11,11,0,246528,0,295,0,0,898506752,0.000000,0.000000,0.000000,0.00,0,2,4,25,17,20,26,13,24,55,97,12,0,0,0,0,0,0,0.0005,0.0221,0.0414,0.0013,0.0030,0.0049,3.8484,0.0162,0.0000,0.4053,0.0005,0.0004,0.1528,0.0036,0.0017,0.0007
2251,27.8497,0.0000,12.7862,4.2342,,true,0,0.008333,0.0000,0.0000,1.00,0.00,0.0000,22,1,295,295,0,0,100,1,11,11,0,246528,0,295,0,0,898506752,0.000000,0.000000,0.000000,0.00,0,2,4,25,17,20,26,13,24,55,97,12,0,0,0,0,0,0,0.0013,0.0243,0.0355,0.0007,0.0029,0.0058,4.2342,0.0227,0.0000,0.4124,0.0008,0.0004,0.1588,0.0018,0.0009,0.0007
2252,27.8614,0.0000,11.6156,4.0455,,true,0,0.008333,0.0000,0.0000,1.00,0.00,0.0000,22,1,295,295,0,0,100,1,11,11,0,246528,0,295,0,0,898506752,0.000000,0.000000,0.000000,0.00,0,2,4,25,17,20,26,13,24,55,97,12,0,0,0,0,0,0,0.0006,0.0174,0.0362,0.0008,0.0035,0.0062,4.0455,0.0178,0.0000,0.3876,0.0005,0.0005,0.1500,0.0017,0.0007,0.0008
2253,27.8731,0.0000,12.4159,3.4407,,true,0,0.008333,0.0000,0.0000,1.00,0.00,0.0000,22,1,295,295,0,0,100,1,11,11,0,246528,0,295,0,0,898506752,0.000000,0.000000,0.000000,0.00,0,2,4,25,17,20,26,13,24,55,97,12,0,0,0,0,0,0,0.0012,0.0201,0.0345,0.0003,0.0017,0.0097,3.4407,0.0157,0.0000,0.3621,0.0004,0.0006,0.1329,0.0014,0.0005,0.0005
2254,27.8859,0.0000,12.6781,3.5526,,true,0,0.008333,0.0000,0.0000,1.00,0.00,0.0000,22,1,295,295,0,0,100,1,11,11,0,246528,0,295,0,0,898506752,0.000000,0.000000,0.000000,0.00,0,2,4,25,17,20,26,13,24,55,97,12,0,0,0,0,0,0,0.0003,0.0149,0.0311,0.0008,0.0024,0.0048,3.5526,0.0156,0.0000,0.3603,0.0007,0.0005,0.1432,0.0013,0.0005,0.0005
2255,27.9003,0.0000,13.4678,4.2481,,true,0,0.008333,0.0000,0.0000,1.00,0.00,0.0000,22,1,295,295,0,0,100,1,11,11,0,246528,0,295,0,0,898506752,0.000000,0.000000,0.000000,0.00,0,2,4,25,17,20,26,13,24,55,97,12,0,0,0,0,0,0,0.0004,0.0189,0.0357,0.0006,0.0029,0.0063,4.2481,0.0158,0.0000,0.3971,0.0003,0.0004,0.1821,0.0013,0.0010,0.0005
2256,27.9123,0.0000,13.0837,3.4074,,true,0,0.008333,0.0000,0.0000,1.00,0.00,0.0000,22,1,295,295,0,0,100,1,11,11,0,246528,0,295,0,0,898506752,0.000000,0.000000,0.000000,0.00,0,2,4,25,17,20,26,13,24,55,97,12,0,0,0,0,0,0,0.0006,0.0226,0.0368,0.0010,0.0025,0.0069,3.4074,0.0192,0.0000,0.3676,0.0006,0.0003,0.1303,0.0025,0.0009,0.0008
2257,27.9271,0.0000,13.8122,4.1055,,true,0,0.008333,0.0000,0.0000,1.00,0.00,0.0000,22,1,295,295,0,0,100,1,11,11,0,246528,0,295,0,0,898506752,0.000000,0.000000,0.000000,0.00,0,2,4,25,17,20,26,13,24,55,97,12,0,0,0,0,0,0,0.0002,0.0203,0.0552,0.0008,0.0031,0.0059,4.1055,0.0207,0.0000,0.4277,0.0008,0.0009,0.1734,0.0012,0.0015,0.0006
2258,27.9378,0.0000,10.6511,4.5085,,true,0,0.008333,0.0000,0.0000,1.00,0.00,0.0000,22,1,295,295,0,0,100,1,11,11,0,246528,0,295,0,0,898506752,0.000000,0.000000,0.000000,0.00,0,2,4,25,17,20,26,13,24,55,97,12,0,0,0,0,0,0,0.0003,0.0157,0.0335,0.0006,0.0027,0.0047,4.5085,0.0156,0.0000,0.3530,0.0005,0.0002,0.1323,0.0013,0.0009,0.0004
2259,27.9522,0.0000,14.4069,4.4229,,true,0,0.008333,0.0000,0.0000,1.00,0.00,0.0000,22,1,295,295,0,0,100,1,11,11,0,246528,0,295,0,0,898506752,0.000000,0.000000,0.000000,0.00,0,2,4,25,17,20,26,13,24,55,97,12,0,0,0,0,0,0,0.0004,0.0403,0.0419,0.0007,0.0030,0.0089,4.4229,0.0227,0.0000,0.4226,0.0007,0.0010,0.1559,0.0021,0.0011,0.0011
2260,27.9707,0.0000,18.5493,4.3732,,true,0,0.008333,0.0000,0.0000,1.00,0.00,0.0000,22,1,295,295,0,0,100,1,11,11,0,246528,0,295,0,0,898506752,0.000000,0.000000,0.000000,0.00,0,2,4,25,17,20,26,13,24,55,97,12,0,0,0,0,0,0,0.0006,0.0238,0.0379,0.0013,0.0041,0.0058,4.3732,0.0171,0.0000,0.4043,0.0004,0.0003,0.1576,0.0015,0.0010,0.0005
2261,27.9812,0.0000,9.6686,4.7908,,true,0,0.008333,0.0000,0.0000,1.00,0.00,0.0000,22,1,295,295,0,0,100,1,11,11,0,246528,0,295,0,0,898506752,0.000000,0.000000,0.000000,0.00,0,2,4,25,17,20,26,13,24,55,97,12,0,0,0,0,0,0,0.0004,0.0224,0.0325,0.0009,0.0037,0.0062,4.7908,0.0128,0.0000,0.3676,0.0003,0.0005,0.1174,0.0013,0.0007,0.0006
2262,27.9899,0.0000,11.0839,2.8192,,true,0,0.008333,0.0000,0.0000,1.00,0.00,0.0000,22,1,295,295,0,0,100,1,11,11,0,246528,0,295,0,0,898506752,0.000000,0.000000,0.000000,0.00,0,2,4,25,17,20,26,13,24,55,97,12,0,0,0,0,0,0,0.0002,0.0151,0.0322,0.0012,0.0026,0.0040,2.8192,0.0165,0.0000,0.3393,0.0007,0.0004,0.1275,0.0013,0.0014,0.0007
2263,28.0035,0.0000,12.0434,4.2391,,true,0,0.008333,0.0000,0.0000,1.00,0.00,0.0000,22,1,295,295,0,0,100,1,11,11,0,246528,0,295,0,0,898506752,0.000000,0.000000,0.000000,0.00,0,2,4,25,17,20,26,13,24,55,97,12,0,0,0,0,0,0,0.0009,0.0210,0.0368,0.0010,0.0041,0.0050,4.2391,0.0201,0.0000,0.3942,0.0004,0.0008,0.1619,0.0020,0.0009,0.0011
2264,28.0232,0.0000,17.0149,6.2834,,true,0,0.008333,0.0000,0.0000,1.00,0.00,0.0000,22,1,295,295,0,0,100,1,11,11,0,246528,0,295,0,0,898506752,0.000000,0.000000,0.000000,0.00,0,2,4,25,17,20,26,13,24,55,97,12,0,0,0,0,0,0,0.0004,0.0317,0.0422,0.0025,0.0082,0.0147,6.2834,0.0520,0.0000,0.5910,0.0005,0.0032,0.2284,0.0024,0.0149,0.0014
2265,28.0379,0.0000,15.1026,5.1904,,true,0,0.008333,0.0000,0.0000,1.00,0.00,0.0000,22,1,295,295,0,0,100,1,11,11,0,246528,0,295,0,0,898506752,0.000000,0.000000,0.000000,0.00,0,2,4,25,17,20,26,13,24,55,97,12,0,0,0,0,0,0,0.0006,0.0176,0.0327,0.0014,0.0025,0.0039,5.1904,0.0148,0.0000,0.3605,0.0003,0.0003,0.1395,0.0014,0.0008,0.0006
2266,28.0491,0.0000,14.6300,3.2509,,true,0,0.008333,0.0000,0.0000,1.00,0.00,0.0000,22,1,295,295,0,0,100,1,11,11,0,246528,0,295,0,0,898506752,0.000000,0.000000,0.000000,0.00,0,2,4,25,17,20,26,13,24,55,97,12,0,0,0,0,0,0,0.0002,0.0159,0.0350,0.0007,0.0016,0.0054,3.2509,0.0130,0.0000,0.3452,0.0004,0.0004,0.1113,0.0013,0.0010,0.0008
2267,28.0589,0.0000,9.3831,3.6574,,true,0,0.008333,0.0000,0.0000,1.00,0.00,0.0000,22,1,295,295,0,0,100,1,11,11,0,246528,0,295,0,0,898506752,0.000000,0.000000,0.000000,0.00,0,2,4,25,17,20,26,13,24,55,97,12,0,0,0,0,0,0,0.0006,0.0189,0.0653,0.0011,0.0038,0.0093,3.6574,0.0262,0.0000,0.3872,0.0004,0.0007,0.1448,0.0017,0.0012,0.0004
2268,28.0738,0.0000,13.7292,3.8519,,true,0,0.008333,0.0000,0.0000,1.00,0.00,0.0000,22,1,295,295,0,0,100,1,11,11,0,246528,0,295,0,0,898506752,0.000000,0.000000,0.000000,0.00,0,2,4,25,17,20,26,13,24,55,97,12,0,0,0,0,0,0,0.0021,0.0331,0.0479,0.0023,0.0045,0.0141,3.8519,0.0203,0.0000,0.4515,0.0006,0.0012,0.1720,0.0019,0.0007,0.0010
2269,28.0868,0.0000,14.9934,2.8265,,true,0,0.008333,0.0000,0.0000,1.00,0.00,0.0000,22,1,295,295,0,0,100,1,11,11,0,246528,0,295,0,0,898506752,0.000000,0.000000,0.000000,0.00,0,2,4,25,17,20,26,13,24,55,97,12,0,0,0,0,0,0,0.0004,0.0152,0.0329,0.0007,0.0021,0.0046,2.8265,0.0161,0.0000,0.3713,0.0006,0.0004,0.1371,0.0013,0.0008,0.0008
2270,28.1032,0.0000,14.6662,4.4957,,true,0,0.008333,0.0000,0.0000,1.00,0.00,0.0000,22,1,295,295,0,0,100,1,11,11,0,246528,0,295,0,0,898506752,0.000000,0.000000,0.000000,0.00,0,2,4,25,17,20,26,13,24,55,97,12,0,0,0,0,0,0,0.0008,0.0166,0.0416,0.0014,0.0028,0.0073,4.4957,0.0175,0.0000,0.4030,0.0006,0.0004,0.1590,0.0016,0.0010,0.0015
2271,28.1145,0.0000,12.5055,3.3382,,true,0,0.008333,0.0000,0.0000,1.00,0.00,0.0000,22,1,295,295,0,0,100,1,11,11,0,246528,0,295,0,0,898506752,0.000000,0.000000,0.000000,0.00,0,2,4,25,17,20,26,13,24,55,97,12,0,0,0,0,0,0,0.0004,0.0168,0.0347,0.0006,0.0027,0.0049,3.3382,0.0162,0.0000,0.3505,0.0005,0.0003,0.1274,0.0010,0.0010,0.0007
2272,28.1250,0.0000,11.0998,2.9566,,true,0,0.008333,0.0000,0.0000,1.00,0.00,0.0000,22,1,295,295,0,0,100,1,11,11,0,246528,0,295,0,0,898506752,0.000000,0.000000,0.000000,0.00,0,2,4,25,17,20,26,13,24,55,97,12,0,0,0,0,0,0,0.0003,0.0165,0.0355,0.0003,0.0009,0.0035,2.9566,0.0136,0.0000,0.3571,0.0006,0.0008,0.1296,0.0010,0.0014,0.0007
2273,28.1399,0.0000,13.4644,4.2018,,true,0,0.008333,0.0000,0.0000,1.00,0.00,0.0000,22,1,295,295,0,0,100,1,11,11,0,246528,0,295,0,0,898506752,0.000000,0.000000,0.000000,0.00,0,2,4,25,17,20,26,13,24,55,97,12,0,0,0,0,0,0,0.0002,0.0164,0.0330,0.0006,0.0031,0.0069,4.2018,0.0130,0.0000,0.3638,0.0003,0.0010,0.1396,0.0014,0.0011,0.0005
2274,28.1510,0.0000,12.7015,2.9708,,true,0,0.008333,0.0000,0.0000,1.00,0.00,0.0000,22,1,295,295,0,0,100,1,11,11,0,246528,0,295,0,0,898506752,0.000000,0.000000,0.000000,0.00,0,2,4,25,17,20,26,13,24,55,97,12,0,0,0,0,0,0,0.0004,0.0193,0.0360,0.0010,0.0026,0.0088,2.9708,0.0185,0.0000,0.3368,0.0005,0.0004,0.1250,0.0012,0.0006,0.0004
2275,28.1662,0.0000,13.6417,4.3818,,true,0,0.008333,0.0000,0.0000,1.00,0.00,0.0000,22,1,295,295,0,0,100,1,11,11,0,246528,0,295,0,0,898506752,0.000000,0.000000,0.000000,0.00,0,2,4,25,17,20,26,13,24,55,97,12,0,0,0,0,0,0,0.0001,0.0352,0.0431,0.0009,0.0039,0.0079,4.3818,0.0180,0.0000,0.4413,0.0006,0.0003,0.1696,0.0011,0.0016,0.0008
2276,28.2259,0.0000,35.8669,25.5363,,true,0,0.008333,0.0000,0.0000,1.00,0.00,0.0000,22,1,295,295,0,0,100,1,11,11,0,246528,0,295,0,0,898506752,0.000000,0.000000,0.000000,0.00,0,2,4,25,17,20,26,13,24,55,97,12,0,0,0,0,0,0,0.0003,0.0365,0.2106,0.0036,0.0095,0.0198,25.5363,0.0200,0.0000,0.8214,0.0019,0.0010,0.3529,0.0035,0.0026,0.0016
2277,28.2594,0.0000,30.3739,27.1361,,true,0,0.008333,0.0000,0.0000,1.00,0.00,0.0000,22,1,295,295,0,0,100,1,11,11,0,246528,0,295,0,0,898506752,0.000000,0.000000,0.000000,0.00,0,2,4,25,17,20,26,13,24,55,97,12,0,0,0,0,0,0,0.0005,0.0198,0.0547,0.0012,0.0033,0.0115,27.1361,0.0175,0.0000,0.4084,0.0004,0.0006,0.1385,0.0009,0.0007,0.0008
2278,28.2808,0.0000,30.1145,18.1931,,true,0,0.008333,0.0000,0.0000,1.00,0.00,0.0000,22,1,295,295,0,0,100,1,11,11,0,246528,0,295,0,0,898506752,0.000000,0.000000,0.000000,0.00,0,2,4,25,17,20,26,13,24,55,97,12,0,0,0,0,0,0,0.0006,0.0233,0.0334,0.0017,0.0023,0.0047,18.1931,0.0141,0.0000,0.3226,0.0003,0.0002,0.1080,0.0006,0.0005,0.0003
2279,28.3017,0.0000,25.8413,13.5129,,true,0,0.008333,0.0000,0.0000,1.00,0.00,0.0000,22,1,295,295,0,0,100,1,11,11,0,246528,0,295,0,0,898506752,0.000000,0.000000,0.000000,0.00,0,2,4,25,17,20,26,13,24,55,97,12,0,0,0,0,0,0,0.0002,0.0141,0.0391,0.0005,0.0022,0.0046,13.5129,0.0123,0.0000,0.3205,0.0003,0.0005,0.1142,0.0007,0.0005,0.0002
2280,28.3419,0.0000,46.2467,10.5304,,true,0,0.008333,0.0000,0.0000,1.00,0.00,0.0000,22,1,295,295,0,0,100,1,11,11,0,246528,0,295,0,0,898506752,0.000000,0.000000,0.000000,0.00,0,2,4,25,17,20,26,13,24,55,97,12,0,0,0,0,0,0,0.0004,0.0287,0.0440,0.0005,0.0025,0.0057,10.5304,0.0149,0.0000,0.3917,0.0003,0.0006,0.1389,0.0007,0.0005,0.0005
2281,28.3726,0.0000,26.5043,14.3127,,true,0,0.008333,0.0000,0.0000,1.00,0.00,0.0000,22,1,295,295,0,0,100,1,11,11,0,246528,0,295,0,0,898592768,0.000000,0.000000,0.000000,0.00,0,2,4,25,17,20,26,13,24,55,97,12,0,0,0,0,0,0,0.0007,0.0220,0.0440,0.0013,0.0030,0.0049,14.3127,0.0180,0.0000,0.4523,0.0003,0.0005,0.1597,0.0010,0.0007,0.0008
2282,28.3984,0.0000,23.3266,14.3057,,true,0,0.008333,0.0000,0.0000,1.00,0.00,0.0000,22,1,295,295,0,0,100,1,11,11,0,246528,0,295,0,0,898592768,0.000000,0.000000,0.000000,0.00,0,2,4,25,17,20,26,13,24,55,97,12,0,0,0,0,0,0,0.0038,0.0379,0.0491,0.0068,0.0090,0.0166,14.3057,0.0162,0.0000,0.5653,0.0015,0.0014,0.2173,0.0024,0.0030,0.0016
2283,28.4260,0.0000,27.7750,14.2646,,true,0,0.008333,0.0000,0.0000,1.00,0.00,0.0000,22,1,295,295,0,0,100,1,11,11,0,246528,0,295,0,0,898592768,0.000000,0.000000,0.000000,0.00,0,2,4,25,17,20,26,13,24,55,97,12,0,0,0,0,0,0,0.0003,0.0240,0.0969,0.0011,0.0035,0.0045,14.2646,0.0213,0.0000,0.3710,0.0004,0.0003,0.1533,0.0013,0.0005,0.0002
2284,28.4607,0.0000,22.5676,28.4490,,true,0,0.008333,0.0000,0.0000,1.00,0.00,0.0000,22,1,295,295,0,0,100,1,11,11,0,246528,0,295,0,0,898592768,0.000000,0.000000,0.000000,0.00,0,2,4,25,17,20,26,13,24,55,97,12,0,0,0,0,0,0,0.0014,0.0423,0.0963,0.0032,0.0100,0.0146,28.4490,0.0569,0.0000,0.7412,0.0010,0.0010,0.3179,0.0037,0.0015,0.0019
2285,28.4755,0.0000,26.2589,10.4857,,true,0,0.008333,0.0000,0.0000,1.00,0.00,0.0000,22,1,295,295,0,0,100,1,11,11,0,246528,0,295,0,0,898592768,0.000000,0.000000,0.000000,0.00,0,2,4,25,17,20,26,13,24,55,97,12,0,0,0,0,0,0,0.0004,0.0186,0.0435,0.0010,0.0023,0.0049,10.4857,0.0163,0.0000,0.3089,0.0005,0.0003,0.1144,0.0007,0.0004,0.0004
2286,28.5031,0.0000,22.9187,21.3177,,true,0,0.008333,0.0000,0.0000,1.00,0.00,0.0000,22,1,295,295,0,0,100,1,11,11,0,246528,0,295,0,0,898592768,0.000000,0.000000,0.000000,0.00,0,2,4,25,17,20,26,13,24,55,97,12,0,0,0,0,0,0,0.0017,0.0581,0.2239,0.0059,0.0084,0.0174,21.3177,0.0616,0.0000,0.6199,0.0006,0.0003,0.2542,0.0024,0.0019,0.0004
2287,28.5271,0.0000,26.8232,16.0737,,true,0,0.008333,0.0000,0.0000,1.00,0.00,0.0000,22,1,295,295,0,0,100,1,11,11,0,246528,0,295,0,0,898592768,0.000000,0.000000,0.000000,0.00,0,2,4,25,17,20,26,13,24,55,97,12,0,0,0,0,0,0,0.0002,0.0165,0.0524,0.0017,0.0033,0.0055,16.0737,0.0259,0.0000,0.4041,0.0006,0.0014,0.1387,0.0006,0.0009,0.0006
2288,28.5525,0.0000,22.6916,19.2704,,true,0,0.008333,0.0000,0.0000,1.00,0.00,0.0000,22,1,295,295,0,0,100,1,11,11,0,246528,0,295,0,0,898592768,0.000000,0.000000,0.000000,0.00,0,2,4,25,17,20,26,13,24,55,97,12,0,0,0,0,0,0,0.0009,0.0304,0.0557,0.0035,0.0085,0.0130,19.2704,0.0157,0.0000,6.9995,0.0003,0.1565,0.2067,0.0027,0.0006,6.3602
2289,28.5646,0.0000,21.3057,8.5742,,true,0,0.008333,0.0000,0.0000,1.00,0.00,0.0000,22,1,295,295,0,0,100,1,11,11,0,246528,0,295,0,0,898592768,0.000000,0.000000,0.000000,0.00,0,2,4,25,17,20,26,13,24,55,97,12,0,0,0,0,0,0,0.0005,0.0274,0.0548,0.0010,0.0025,0.0033,8.5742,0.0169,0.0000,0.4382,0.0005,0.0010,0.1322,0.0012,0.0017,0.0010
2290,28.5833,0.0000,19.0990,11.8311,,true,0,0.008333,0.0000,0.0000,1.00,0.00,0.0000,22,1,295,295,0,0,100,1,11,11,0,246528,0,295,0,0,898592768,0.000000,0.000000,0.000000,0.00,0,2,4,25,17,20,26,13,24,55,97,12,0,0,0,0,0,0,0.0006,0.0816,0.0874,0.0038,0.0108,0.0156,11.8311,0.0513,0.0000,0.9774,0.0014,0.0013,0.3015,0.0077,0.0023,0.0009
2291,28.6052,0.0000,21.1334,12.2861,,true,0,0.008333,0.0000,0.0000,1.00,0.00,0.0000,22,1,295,295,0,0,100,1,11,11,0,246528,0,295,0,0,898592768,0.000000,0.000000,0.000000,0.00,0,2,4,25,17,20,26,13,24,55,97,12,0,0,0,0,0,0,0.0016,0.0717,0.0844,0.0028,0.0075,0.0144,12.2861,0.1055,0.0000,0.7561,0.0011,0.0016,0.2536,0.0032,0.0022,0.0013
2292,28.6286,0.0000,21.9465,12.6274,,true,0,0.008333,0.0000,0.0000,1.00,0.00,0.0000,22,1,295,295,0,0,100,1,11,11,0,246528,0,295,0,0,898592768,0.000000,0.000000,0.000000,0.00,0,2,4,25,17,20,26,13,24,55,97,12,0,0,0,0,0,0,0.0002,0.0225,0.0494,0.0013,0.0034,0.0082,12.6274,0.0145,0.0000,0.3247,0.0006,0.0004,0.1218,0.0011,0.0011,0.0003
2293,28.6482,0.0000,21.3227,12.1652,,true,0,0.008333,0.0000,0.0000,1.00,0.00,0.0000,22,1,295,295,0,0,100,1,11,11,0,246528,0,295,0,0,898592768,0.000000,0.000000,0.000000,0.00,0,2,4,25,17,20,26,13,24,55,97,12,0,0,0,0,0,0,0.0006,0.0575,0.1344,0.0031,0.0069,0.0121,12.1652,0.1035,0.0000,0.7120,0.0009,0.0008,0.2479,0.0022,0.0019,0.0010
2294,28.6653,0.0000,17.1697,11.3111,,true,0,0.008333,0.0000,0.0000,1.00,0.00,0.0000,22,1,295,295,0,0,100,1,11,11,0,246528,0,295,0,0,898592768,0.000000,0.000000,0.000000,0.00,0,2,4,25,17,20,26,13,24,55,97,12,0,0,0,0,0,0,0.0011,0.0636,0.1007,0.0071,0.0092,0.0182,11.3111,0.0476,0.0000,0.8061,0.0004,0.0015,0.3317,0.0037,0.0020,0.0017
2295,28.6828,0.0000,20.2057,9.8832,,true,0,0.008333,0.0000,0.0000,1.00,0.00,0.0000,22,1,295,295,0,0,100,1,11,11,0,246528,0,295,0,0,898592768,0.000000,0.000000,0.000000,0.00,0,2,4,25,17,20,26,13,24,55,97,12,0,0,0,0,0,0,0.0011,0.0869,0.2974,0.0034,0.0093,0.0149,9.8832,0.0881,0.0000,1.0200,0.0010,0.0022,0.3119,0.0032,0.0025,0.0015
2296,28.6996,0.0000,16.7864,9.8050,,true,0,0.008333,0.0000,0.0000,1.00,0.00,0.0000,22,1,295,295,0,0,100,1,11,11,0,246528,0,295,0,0,898592768,0.000000,0.000000,0.000000,0.00,0,2,4,25,17,20,26,13,24,55,97,12,0,0,0,0,0,0,0.0011,0.0605,0.0833,0.0040,0.0145,0.0234,9.8050,0.0741,0.0000,0.8321,0.0012,0.0018,0.3179,0.0046,0.0020,0.0019
2297,28.7213,0.0000,17.7212,13.9571,,true,0,0.008333,0.0000,0.0000,1.00,0.00,0.0000,22,1,295,295,0,0,100,1,11,11,0,246528,0,295,0,0,898592768,0.000000,0.000000,0.000000,0.00,0,2,4,25,17,20,26,13,24,55,97,12,0,0,0,0,0,0,0.0023,0.0832,0.1700,0.0301,0.0133,0.0296,13.9571,0.1071,0.0000,1.0457,0.0008,0.0010,0.5524,0.0044,0.0016,0.0013
2298,28.7401,0.0000,19.3651,10.3874,,true,0,0.008333,0.0000,0.0000,1.00,0.00,0.0000,22,1,295,295,0,0,100,1,11,11,0,246528,0,295,0,0,898592768,0.000000,0.000000,0.000000,0.00,0,2,4,25,17,20,26,13,24,55,97,12,0,0,0,0,0,0,0.0010,0.0625,0.0511,0.0055,0.0117,0.0138,10.3874,0.0157,0.0000,0.6146,0.0006,0.0005,0.1713,0.0016,0.0016,0.0011
2299,28.7576,0.0000,21.1747,9.3338,,true,0,0.008333,0.0000,0.0000,1.00,0.00,0.0000,22,1,295,295,0,0,100,1,11,11,0,246528,0,295,0,0,898592768,0.000000,0.000000,0.000000,0.00,0,2,4,25,17,20,26,13,24,55,97,12,0,0,0,0,0,0,0.0007,0.0355,0.0905,0.0019,0.0055,0.0099,9.3338,0.0398,0.0000,0.6861,0.0003,0.0004,0.2842,0.0054,0.0006,0.0003
2300,28.7770,0.0000,17.4810,11.0284,,true,0,0.008333,0.0000,0.0000,1.00,0.00,0.0000,22,1,295,295,0,0,100,1,11,11,0,246528,0,295,0,0,898592768,0.000000,0.000000,0.000000,0.00,0,2,4,25,17,20,26,13,24,55,97,12,0,0,0,0,0,0,0.0009,0.0282,0.0566,0.0021,0.0083,0.0143,11.0284,0.0422,0.0000,0.7348,0.0011,0.0012,0.2849,0.0026,0.0016,0.0011
2301,28.7940,0.0000,17.4092,10.8885,,true,0,0.008333,0.0000,0.0000,1.00,0.00,0.0000,22,1,295,295,0,0,100,1,11,11,0,246528,0,295,0,0,898592768,0.000000,0.000000,0.000000,0.00,0,2,4,25,17,20,26,13,24,55,97,12,0,0,0,0,0,0,0.0005,0.0213,0.1051,0.0009,0.0027,0.0082,10.8885,0.0613,0.0000,1.3358,0.0013,0.0009,0.7045,0.0030,0.0030,0.0021
2302,28.8114,0.0000,17.2234,11.2257,,true,0,0.008333,0.0000,0.0000,1.00,0.00,0.0000,22,1,295,295,0,0,100,1,11,11,0,246528,0,295,0,0,898592768,0.000000,0.000000,0.000000,0.00,0,2,4,25,17,20,26,13,24,55,97,12,0,0,0,0,0,0,0.0017,0.0620,0.0933,0.0036,0.0120,0.0189,11.2257,0.0399,0.0000,0.5755,0.0005,0.0005,0.1952,0.0026,0.0014,0.0013
2303,28.8301,0.0000,18.0735,12.5061,,true,0,0.008333,0.0000,0.0000,1.00,0.00,0.0000,22,1,295,295,0,0,100,1,11,11,0,246528,0,295,0,0,898592768,0.000000,0.000000,0.000000,0.00,0,2,4,25,17,20,26,13,24,55,97,12,0,0,0,0,0,0,0.0014,0.0508,0.1762,0.0083,0.0080,0.0149,12.5061,0.0753,0.0000,0.6330,0.0008,0.0004,0.2080,0.0036,0.0026,0.0015
2304,28.8513,0.0000,19.9168,11.4703,,true,0,0.008333,0.0000,0.0000,1.00,0.00,0.0000,22,1,295,295,0,0,100,1,11,11,0,246528,0,295,0,0,898592768,0.000000,0.000000,0.000000,0.00,0,2,4,25,17,20,26,13,24,55,97,12,0,0,0,0,0,0,0.0005,0.0219,0.0666,0.0014,0.0048,0.0096,11.4703,0.0183,0.0000,0.4312,0.0005,0.0007,0.1703,0.0021,0.0012,0.0006
2305,28.8698,0.0000,19.7613,10.8424,,true,0,0.008333,0.0000,0.0000,1.00,0.00,0.0000,22,1,295,295,0,0,100,1,11,11,0,246528,0,295,0,0,898715648,0.000000,0.000000,0.000000,0.00,0,2,4,25,17,20,26,13,24,55,97,12,0,0,0,0,0,0,0.0006,0.0402,0.0451,0.0021,0.0058,0.0104,10.8424,0.0210,0.0000,0.8866,0.0009,0.0028,0.2365,0.0061,0.0025,0.0027
2306,28.8874,0.0000,18.9578,10.9541,,true,0,0.008333,0.0000,0.0000,1.00,0.00,0.0000,22,1,295,295,0,0,100,1,11,11,0,246528,0,295,0,0,898715648,0.000000,0.000000,0.000000,0.00,0,2,4,25,17,20,26,13,24,55,97,12,0,0,0,0,0,0,0.0004,0.0151,0.1409,0.0011,0.0024,0.0042,10.9541,0.1341,0.0000,0.4170,0.0005,0.0004,0.1383,0.0007,0.0005,0.0003
2307,28.9014,0.0000,16.1063,8.1989,,true,0,0.008333,0.0000,0.0000,1.00,0.00,0.0000,22,1,295,295,0,0,100,1,11,11,0,246528,0,295,0,0,898715648,0.000000,0.000000,0.000000,0.00,0,2,4,25,17,20,26,13,24,55,97,12,0,0,0,0,0,0,0.0014,0.0388,0.0491,0.0019,0.0061,0.0096,8.1989,0.0469,0.0000,0.6748,0.0006,0.0005,0.1765,0.0025,0.0018,0.0010
2308,28.9134,0.0000,12.5837,8.3859,,true,0,0.008333,0.0000,0.0000,1.00,0.00,0.0000,22,1,295,295,0,0,100,1,11,11,0,246528,0,295,0,0,898715648,0.000000,0.000000,0.000000,0.00,0,2,4,25,17,20,26,13,24,55,97,12,0,0,0,0,0,0,0.0002,0.0368,0.0741,0.0016,0.0081,0.0192,8.3859,0.0355,0.0000,0.6385,0.0012,0.0006,0.2950,0.0033,0.0027,0.0013
2309,28.9309,0.0000,16.3762,8.9951,,true,0,0.008333,0.0000,0.0000,1.00,0.00,0.0000,22,1,295,295,0,0,100,1,11,11,0,246528,0,295,0,0,898715648,0.000000,0.000000,0.000000,0.00,0,2,4,25,17,20,26,13,24,55,97,12,0,0,0,0,0,0,0.0003,0.0208,0.0747,0.0012,0.0040,0.0040,8.9951,0.0429,0.0000,0.4253,0.0003,0.0007,0.1749,0.0014,0.0010,0.0003
2310,28.9460,0.0000,15.0480,9.0756,,true,0,0.008333,0.0000,0.0000,1.00,0.00,0.0000,22,1,295,295,0,0,100,1,11,11,0,246528,0,295,0,0,898715648,0.000000,0.000000,0.000000,0.00,0,2,4,25,17,20,26,13,24,55,97,12,0,0,0,0,0,0,0.0005,0.0251,0.0580,0.0008,0.0022,0.0038,9.0756,0.0306,0.0000,0.7707,0.0011,0.0011,0.2710,0.0029,0.0009,0.0013
2311,28.9597,0.0000,16.4784,6.5792,,true,0,0.008333,0.0000,0.0000,1.00,0.00,0.0000,22,1,295,295,0,0,100,1,11,11,0,246528,0,295,0,0,898715648,0.000000,0.000000,0.000000,0.00,0,2,4,25,17,20,26,13,24,55,97,12,0,0,0,0,0,0,0.0007,0.0357,0.0748,0.0013,0.0019,0.0136,6.5792,0.0409,0.0000,0.6464,0.0011,0.0007,0.2255,0.0041,0.0014,0.0012
2312,28.9744,0.0000,10.5891,10.3095,,true,0,0.008333,0.0000,0.0000,1.00,0.00,0.0000,22,1,295,295,0,0,100,1,11,11,0,246528,0,295,0,0,898715648,0.000000,0.000000,0.000000,0.00,0,2,4,25,17,20,26,13,24,55,97,12,0,0,0,0,0,0,0.0006,0.0295,0.0444,0.0016,0.0070,0.0099,10.3095,0.0192,0.0000,0.7222,0.0010,0.0009,0.2719,0.0025,0.0013,0.0006
2313,28.9904,0.0000,19.8186,8.0646,,true,0,0.008333,0.0000,0.0000,1.00,0.00,0.0000,22,1,295,295,0,0,100,1,11,11,0,246528,0,295,0,0,898715648,0.000000,0.000000,0.000000,0.00,0,2,4,25,17,20,26,13,24,55,97,12,0,0,0,0,0,0,0.0002,0.0338,0.1183,0.0008,0.0084,0.0164,8.0646,0.0879,0.0000,0.6594,0.0010,0.0004,0.3070,0.0024,0.0016,0.0008
2314,29.0045,0.0000,13.2951,7.7506,,true,0,0.008333,0.0000,0.0000,1.00,0.00,0.0000,22,1,295,295,0,0,100,1,11,11,0,246528,0,295,0,0,898715648,0.000000,0.000000,0.000000,0.00,0,2,4,25,17,20,26,13,24,55,97,12,0,0,0,0,0,0,0.0004,0.0178,0.0938,0.0009,0.0026,0.0032,7.7506,0.0363,0.0000,0.6282,0.0006,0.0013,0.2880,0.0018,0.0012,0.0007
2315,29.0202,0.0000,14.5234,8.9912,,true,0,0.008333,0.0000,0.0000,1.00,0.00,0.0000,22,1,295,295,0,0,100,1,11,11,0,246528,0,295,0,0,898715648,0.000000,0.000000,0.000000,0.00,0,2,4,25,17,20,26,13,24,55,97,12,0,0,0,0,0,0,0.0003,0.0203,0.1144,0.0005,0.0018,0.0029,8.9912,0.0921,0.0000,0.3558,0.0005,0.0004,0.1223,0.0006,0.0006,0.0006
2316,29.0312,0.0000,13.2762,7.2863,,true,0,0.008333,0.0000,0.0000,1.00,0.00,0.0000,22,1,295,295,0,0,100,1,11,11,0,246528,0,295,0,0,898715648,0.000000,0.000000,0.000000,0.00,0,2,4,25,17,20,26,13,24,55,97,12,0,0,0,0,0,0,0.0014,0.0335,0.0459,0.0026,0.0069,0.0130,7.2863,0.0170,0.0000,0.3791,0.0003,0.0007,0.1357,0.0013,0.0006,0.0002
2317,29.0441,0.0000,11.5194,8.4851,,true,0,0.008333,0.0000,0.0000,1.00,0.00,0.0000,22,1,295,295,0,0,100,1,11,11,0,246528,0,295,0,0,898715648,0.000000,0.000000,0.000000,0.00,0,2,4,25,17,20,26,13,24,55,97,12,0,0,0,0,0,0,0.0005,0.0267,0.1823,0.0018,0.0058,0.0103,8.4851,0.1067,0.0000,0.8070,0.0005,0.0008,0.3814,0.0028,0.0018,0.0014
2318,29.0576,0.0000,13.4440,7.9629,,true,0,0.008333,0.0000,0.0000,1.00,0.00,0.0000,22,1,295,295,0,0,100,1,11,11,0,246528,0,295,0,0,898715648,0.000000,0.000000,0.000000,0.00,0,2,4,25,17,20,26,13,24,55,97,12,0,0,0,0,0,0,0.0012,0.0277,0.1063,0.0012,0.0052,0.0125,7.9629,0.0448,0.0000,0.6403,0.0022,0.0012,0.2589,0.0024,0.0023,0.0032
2319,29.0724,0.0000,13.0902,10.2792,,true,0,0.008333,0.0000,0.0000,1.00,0.00,0.0000,22,1,295,295,0,0,100,1,11,11,0,246528,0,295,0,0,898715648,0.000000,0.000000,0.000000,0.00,0,2,4,25,17,20,26,13,24,55,97,12,0,0,0,0,0,0,0.0009,0.1053,0.1336,0.0057,0.0109,0.0193,10.2792,0.0642,0.0000,0.8331,0.0011,0.0012,0.3632,0.0051,0.0028,0.0011
2320,29.0842,0.0000,15.6677,6.3141,,true,0,0.008333,0.0000,0.0000,1.00,0.00,0.0000,22,1,295,295,0,0,100,1,11,11,0,246528,0,295,0,0,898715648,0.000000,0.000000,0.000000,0.00,0,2,4,25,17,20,26,13,24,55,97,12,0,0,0,0,0,0,0.0012,0.0319,0.0640,0.0020,0.0067,0.0119,6.3141,0.0477,0.0000,0.5718,0.0009,0.0007,0.2311,0.0019,0.0015,0.0011
2321,29.1000,0.0000,11.7344,9.8533,,true,0,0.008333,0.0000,0.0000,1.00,0.00,0.0000,22,1,295,295,0,0,100,1,11,11,0,246528,0,295,0,0,898715648,0.000000,0.000000,0.000000,0.00,0,2,4,25,17,20,26,13,24,55,97,12,0,0,0,0,0,0,0.0022,0.0177,0.1027,0.0014,0.0062,0.0043,9.8533,0.0633,0.0000,0.6186,0.0005,0.0004,0.2525,0.0047,0.0005,0.0004
2322,29.1124,0.0000,13.6412,9.1494,,true,0,0.008333,0.0000,0.0000,1.00,0.00,0.0000,22,1,295,295,0,0,100,1,11,11,0,246528,0,295,0,0,898715648,0.000000,0.000000,0.000000,0.00,0,2,4,25,17,20,26,13,24,55,97,12,0,0,0,0,0,0,0.0009,0.0474,0.0979,0.0018,0.0090,0.0147,9.1494,0.0733,0.0000,0.6610,0.0009,0.0008,0.2540,0.0030,0.0019,0.0008
2323,29.1345,0.0000,19.3448,11.1944,,true,0,0.008333,0.0000,0.0000,1.00,0.00,0.0000,22,1,295,295,0,0,100,1,11,11,0,246528,0,295,0,0,898715648,0.000000,0.000000,0.000000,0.00,0,2,4,25,17,20,26,13,24,55,97,12,0,0,0,0,0,0,0.0002,0.0297,0.1150,0.0010,0.0024,0.0108,11.1944,0.0396,0.0000,0.9091,0.0027,0.0027,0.3085,0.0041,0.0029,0.0026
2324,29.1510,0.0000,18.1145,9.7621,,true,0,0.008333,0.0000,0.0000,1.00,0.00,0.0000,22,1,295,295,0,0,100,1,11,11,0,246528,0,295,0,0,898715648,0.000000,0.000000,0.000000,0.00,0,2,4,25,17,20,26,13,24,55,97,12,0,0,0,0,0,0,0.0006,0.0296,0.1013,0.0020,0.0046,0.0098,9.7621,0.0558,0.0000,0.5161,0.0010,0.0007,0.2543,0.0016,0.0015,0.0009
2325,29.1653,0.0000,15.3097,8.9974,,true,0,0.008333,0.0000,0.0000,1.00,0.00,0.0000,22,1,295,295,0,0,100,1,11,11,0,246528,0,295,0,0,898715648,0.000000,0.000000,0.000000,0.00,0,2,4,25,17,20,26,13,24,55,97,12,0,0,0,0,0,0,0.0003,0.0159,0.0768,0.0006,0.0024,0.0041,8.9974,0.0619,0.0000,0.2633,0.0005,0.0005,0.0911,0.0005,0.0005,0.0003
2326,29.1796,0.0000,13.6000,9.7603,,true,0,0.008333,0.0000,0.0000,1.00,0.00,0.0000,22,1,295,295,0,0,100,1,11,11,0,246528,0,295,0,0,898715648,0.000000,0.000000,0.000000,0.00,0,2,4,25,17,20,26,13,24,55,97,12,0,0,0,0,0,0,0.0006,0.0191,0.1234,0.0014,0.0032,0.0054,9.7603,0.0826,0.0000,0.3147,0.0003,0.0003,0.1014,0.0010,0.0007,0.0003
2327,29.1936,0.0000,16.2766,6.9237,,true,0,0.008333,0.0000,0.0000,1.00,0.00,0.0000,22,1,295,295,0,0,100,1,11,11,0,246528,0,295,0,0,898715648,0.000000,0.000000,0.000000,0.00,0,2,4,25,17,20,26,13,24,55,97,12,0,0,0,0,0,0,0.0011,0.0443,0.1181,0.0007,0.0020,0.0158,6.9237,0.0520,0.0000,0.6176,0.0010,0.0012,0.2801,0.0015,0.0014,0.0015
2328,29.2063,0.0000,13.7002,6.5456,,true,0,0.008333,0.0000,0.0000,1.00,0.00,0.0000,22,1,295,295,0,0,100,1,11,11,0,246528,0,295,0,0,898715648,0.000000,0.000000,0.000000,0.00,0,2,4,25,17,20,26,13,24,55,97,12,0,0,0,0,0,0,0.0003,0.0158,0.0547,0.0006,0.0021,0.0042,6.5456,0.0595,0.0000,0.3737,0.0004,0.0007,0.1146,0.0007,0.0007,0.0004
2329,29.2177,0.0000,10.8093,7.4982,,true,0,0.008333,0.0000,0.0000,1.00,0.00,0.0000,22,1,295,295,0,0,100,1,11,11,0,246528,0,295,0,0,898715648,0.000000,0.000000,0.000000,0.00,0,2,4,25,17,20,26,13,24,55,97,12,0,0,0,0,0,0,0.0007,0.0550,0.1298,0.0013,0.0093,0.0117,7.4982,0.0447,0.0000,0.6281,0.0006,0.0000,0.2851,0.0032,0.0015,0.0011
2330,29.2355,0.0000,13.9945,10.0467,,true,0,0.008333,0.0000,0.0000,1.00,0.00,0.0000,22,1,295,295,0,0,100,1,11,11,0,246528,0,295,0,0,898715648,0.000000,0.000000,0.000000,0.00,0,2,4,25,17,20,26,13,24,55,97,12,0,0,0,0,0,0,0.0004,0.0386,0.0563,0.0040,0.0111,0.0140,10.0467,0.0172,0.0000,0.6754,0.0013,0.0010,0.2018,0.0025,0.0017,0.0013
2331,29.2547,0.0000,20.2805,9.6355,,true,0,0.008333,0.0000,0.0000,1.00,0.00,0.0000,22,1,295,295,0,0,100,1,11,11,0,246528,0,295,0,0,898715648,0.000000,0.000000,0.000000,0.00,0,2,4,25,17,20,26,13,24,55,97,12,0,0,0,0,0,0,0.0004,0.0637,0.0583,0.0023,0.0057,0.0345,9.6355,0.0240,0.0000,0.7500,0.0006,0.0006,0.3347,0.0038,0.0015,0.0007
2332,29.2694,0.0000,14.0643,9.7587,,true,0,0.008333,0.0000,0.0000,1.00,0.00,0.0000,22,1,295,295,0,0,100,1,11,11,0,246528,0,295,0,0,898715648,0.000000,0.000000,0.000000,0.00,0,2,4,25,17,20,26,13,24,55,97,12,0,0,0,0,0,0,0.0009,0.0271,0.0485,0.0019,0.0064,0.0101,9.7587,0.0345,0.0000,0.6488,0.0009,0.0008,0.2754,0.0015,0.0017,0.0011
2333,29.2788,0.0000,13.0480,7.0793,,true,0,0.008333,0.0000,0.0000,1.00,0.00,0.0000,22,1,295,295,0,0,100,1,11,11,0,246528,0,295,0,0,898715648,0.000000,0.000000,0.000000,0.00,0,2,4,25,17,20,26,13,24,55,97,12,0,0,0,0,0,0,0.0017,0.0305,0.0905,0.0016,0.0047,0.0086,7.0793,0.0656,0.0000,0.6410,0.0009,0.0011,0.2736,0.0023,0.0023,0.0015
2334,29.2993,0.0000,11.4119,16.3570,,true,0,0.008333,0.0000,0.0000,1.00,0.00,0.0000,22,1,295,295,0,0,100,1,11,11,0,246528,0,295,0,0,898715648,0.000000,0.000000,0.000000,0.00,0,2,4,25,17,20,26,13,24,55,97,12,0,0,0,0,0,0,0.0005,0.0143,0.1168,0.0009,0.0043,0.0032,16.3570,0.0484,0.0000,7.2013,0.0005,0.1716,0.2679,0.0058,0.0027,6.4524
2335,29.3122,0.0000,13.1633,9.8801,,true,0,0.008333,0.0000,0.0000,1.00,0.00,0.0000,22,1,295,295,0,0,100,1,11,11,0,246528,0,295,0,0,898715648,0.000000,0.000000,0.000000,0.00,0,2,4,25,17,20,26,13,24,55,97,12,0,0,0,0,0,0,0.0004,0.0232,0.0775,0.0006,0.0022,0.0036,9.8801,0.0569,0.0000,0.4163,0.0003,0.0006,0.1514,0.0006,0.0005,0.0004
2336,29.3314,0.0000,21.9982,11.5398,,true,0,0.008333,0.0000,0.0000,1.00,0.00,0.0000,22,1,295,295,0,0,100,1,11,11,0,246528,0,295,0,0,898715648,0.000000,0.000000,0.000000,0.00,0,2,4,25,17,20,26,13,24,55,97,12,0,0,0,0,0,0,0.0007,0.0447,0.0864,0.0028,0.0096,0.0107,11.5398,0.0623,0.0000,0.6127,0.0017,0.0014,0.2062,0.0037,0.0023,0.0016
2337,29.3515,0.0000,16.4030,15.4997,,true,0,0.008333,0.0000,0.0000,1.00,0.00,0.0000,22,1,295,295,0,0,100,1,11,11,0,246528,0,295,0,0,898715648,0.000000,0.000000,0.000000,0.00,0,2,4,25,17,20,26,13,24,55,97,12,0,0,0,0,0,0,0.0023,0.0493,0.3262,0.0057,0.0117,0.0181,15.4997,0.0466,0.0000,1.2310,0.0016,0.0016,0.6879,0.0050,0.0040,0.0021
2338,29.3627,0.0000,21.0633,6.0352,,true,0,0.008333,0.0000,0.0000,1.00,0.00,0.0000,22,1,295,295,0,0,100,1,11,11,0,246528,0,295,0,0,898715648,0.000000,0.000000,0.000000,0.00,0,2,4,25,17,20,26,13,24,55,97,12,0,0,0,0,0,0,0.0002,0.0183,0.0469,0.0004,0.0019,0.0030,6.0352,0.0218,0.0000,0.8015,0.0003,0.0004,0.5409,0.0024,0.0008,0.0005
2339,29.3785,0.0000,14.9172,7.7718,,true,0,0.008333,0.0000,0.0000,1.00,0.00,0.0000,22,1,295,295,0,0,100,1,11,11,0,246528,0,295,0,0,898715648,0.000000,0.000000,0.000000,0.00,0,2,4,25,17,20,26,13,24,55,97,12,0,0,0,0,0,0,0.0003,0.0242,0.1075,0.0007,0.0019,0.0049,7.7718,0.1019,0.0000,0.4095,0.0005,0.0005,0.1500,0.0008,0.0009,0.0007
2340,29.3913,0.0000,13.6213,6.5054,,true,0,0.008333,0.0000,0.0000,1.00,0.00,0.0000,22,1,295,295,0,0,100,1,11,11,0,246528,0,295,0,0,898715648,0.000000,0.000000,0.000000,0.00,0,2,4,25,17,20,26,13,24,55,97,12,0,0,0,0,0,0,0.0002,0.0180,0.0368,0.0005,0.0015,0.0034,6.5054,0.0135,0.0000,0.3986,0.0003,0.0004,0.1418,0.0008,0.0008,0.0005
2341,29.4013,0.0000,10.1816,6.9138,,true,0,0.008333,0.0000,0.0000,1.00,0.00,0.0000,22,1,295,295,0,0,100,1,11,11,0,246528,0,295,0,0,898715648,0.000000,0.000000,0.000000,0.00,0,2,4,25,17,20,26,13,24,55,97,12,0,0,0,0,0,0,0.0002,0.0159,0.0660,0.0014,0.0050,0.0027,6.9138,0.0289,0.0000,0.5166,0.0003,0.0004,0.2009,0.0022,0.0006,0.0004
2342,29.4190,0.0000,13.1409,11.3699,,true,0,0.008333,0.0000,0.0000,1.00,0.00,0.0000,22,1,295,295,0,0,100,1,11,11,0,246528,0,295,0,0,898715648,0.000000,0.000000,0.000000,0.00,0,2,4,25,17,20,26,13,24,55,97,12,0,0,0,0,0,0,0.0007,0.0175,0.2079,0.0034,0.0029,0.0064,11.3699,0.1374,0.0000,0.4951,0.0008,0.0006,0.1907,0.0035,0.0009,0.0011
2343,29.4417,0.0000,22.7019,11.3980,,true,0,0.008333,0.0000,0.0000,1.00,0.00,0.0000,22,1,295,295,0,0,100,1,11,11,0,246528,0,295,0,0,898715648,0.000000,0.000000,0.000000,0.00,0,2,4,25,17,20,26,13,24,55,97,12,0,0,0,0,0,0,0.0005,0.0437,0.1607,0.0056,0.0116,0.0206,11.3980,0.0594,0.0000,0.7750,0.0014,0.0012,0.3035,0.0021,0.0025,0.0027
2344,29.4578,0.0000,15.7763,10.9906,,true,0,0.008333,0.0000,0.0000,1.00,0.00,0.0000,22,1,295,295,0,0,100,1,11,11,0,246528,0,295,0,0,898715648,0.000000,0.000000,0.000000,0.00,0,2,4,25,17,20,26,13,24,55,97,12,0,0,0,0,0,0,0.0003,0.0198,0.0405,0.0004,0.0029,0.0036,10.9906,0.0229,0.0000,0.3627,0.0004,0.0009,0.1209,0.0007,0.0012,0.0006
2345,29.4754,0.0000,19.0120,10.3647,,true,0,0.008333,0.0000,0.0000,1.00,0.00,0.0000,22,1,295,295,0,0,100,1,11,11,0,246528,0,295,0,0,898715648,0.000000,0.000000,0.000000,0.00,0,2,4,25,17,20,26,13,24,55,97,12,0,0,0,0,0,0,0.0009,0.0300,0.1038,0.0010,0.0084,0.0049,10.3647,0.0961,0.0000,1.3756,0.0019,0.0025,0.6511,0.0061,0.0058,0.0029
2346,29.4904,0.0000,16.0678,8.3242,,true,0,0.008333,0.0000,0.0000,1.00,0.00,0.0000,22,1,295,295,0,0,100,1,11,11,0,246528,0,295,0,0,898715648,0.000000,0.000000,0.000000,0.00,0,2,4,25,17,20,26,13,24,55,97,12,0,0,0,0,0,0,0.0004,0.0174,0.0855,0.0007,0.0030,0.0052,8.3242,0.0615,0.0000,0.7730,0.0008,0.0006,0.2674,0.0037,0.0013,0.0010
2347,29.5055,0.0000,14.2389,9.7939,,true,0,0.008333,0.0000,0.0000,1.00,0.00,0.0000,22,1,295,295,0,0,100,1,11,11,0,246528,0,295,0,0,898715648,0.000000,0.000000,0.000000,0.00,0,2,4,25,17,20,26,13,24,55,97,12,0,0,0,0,0,0,0.0003,0.0211,0.0836,0.0011,0.0037,0.0035,9.7939,0.0464,0.0000,0.7947,0.0003,0.0005,0.5007,0.0025,0.0008,0.0005
2348,29.5256,0.0000,17.2322,11.9480,,true,0,0.008333,0.0000,0.0000,1.00,0.00,0.0000,22,1,295,295,0,0,100,1,11,11,0,246528,0,295,0,0,898715648,0.000000,0.000000,0.000000,0.00,0,2,4,25,17,20,26,13,24,55,97,12,0,0,0,0,0,0,0.0014,0.0317,0.1039,0.0018,0.0075,0.0172,11.9480,0.0613,0.0000,0.9127,0.0008,0.0026,0.4396,0.0056,0.0030,0.0020
2349,29.5443,0.0000,20.1038,10.7750,,true,0,0.008333,0.0000,0.0000,1.00,0.00,0.0000,22,1,295,295,0,0,100,1,11,11,0,246528,0,295,0,0,898715648,0.000000,0.000000,0.000000,0.00,0,2,4,25,17,20,26,13,24,55,97,12,0,0,0,0,0,0,0.0016,0.0587,0.0918,0.0054,0.0080,0.0262,10.7750,0.0338,0.0000,1.1061,0.0017,0.0010,0.4550,0.0067,0.0012,0.0009
2350,29.5583,0.0000,16.9971,6.9989,,true,0,0.008333,0.0000,0.0000,1.00,0.00,0.0000,22,1,295,295,0,0,100,1,11,11,0,246528,0,295,0,0,898715648,0.000000,0.000000,0.000000,0.00,0,2,4,25,17,20,26,13,24,55,97,12,0,0,0,0,0,0,0.0003,0.0209,0.1208,0.0006,0.0031,0.0040,6.9989,0.0574,0.0000,0.5976,0.0003,0.0005,0.2683,0.0037,0.0007,0.0005
2351,29.5730,0.0000,12.8238,10.0491,,true,0,0.008333,0.0000,0.0000,1.00,0.00,0.0000,22,1,295,295,0,0,100,1,11,11,0,246528,0,295,0,0,898715648,0.000000,0.000000,0.000000,0.00,0,2,4,25,17,20,26,13,24,55,97,12,0,0,0,0,0,0,0.0022,0.0280,0.0381,0.0028,0.0097,0.0155,10.0491,0.0151,0.0000,0.6208,0.0016,0.0007,0.2453,0.0030,0.0018,0.0028
2352,29.5881,0.0000,18.6042,6.9099,,true,0,0.008333,0.0000,0.0000,1.00,0.00,0.0000,22,1,295,295,0,0,100,1,11,11,0,246528,0,295,0,0,898715648,0.000000,0.000000,0.000000,0.00,0,2,4,25,17,20,26,13,24,55,97,12,0,0,0,0,0,0,0.0002,0.0165,0.0548,0.0007,0.0020,0.0026,6.9099,0.0447,0.0000,0.3894,0.0003,0.0003,0.1368,0.0012,0.0005,0.0003
2353,29.6049,0.0000,9.9817,14.0054,,true,0,0.008333,0.0000,0.0000,1.00,0.00,0.0000,22,1,295,295,0,0,100,1,11,11,0,246528,0,295,0,0,898715648,0.000000,0.000000,0.000000,0.00,0,2,4,25,17,20,26,13,24,55,97,12,0,0,0,0,0,0,0.0006,0.0218,0.1071,0.0022,0.0029,0.0074,14.0054,0.1268,0.0000,0.5256,0.0005,0.0004,0.2450,0.0016,0.0005,0.0006
2354,29.6205,0.0000,20.1547,8.7610,,true,0,0.008333,0.0000,0.0000,1.00,0.00,0.0000,22,1,295,295,0,0,100,1,11,11,0,246528,0,295,0,0,898715648,0.000000,0.000000,0.000000,0.00,0,2,4,25,17,20,26,13,24,55,97,12,0,0,0,0,0,0,0.0005,0.0833,0.0640,0.0067,0.0059,0.0067,8.7610,0.0358,0.0000,0.8839,0.0012,0.0019,0.3382,0.0041,0.0021,0.0018
2355,29.6308,0.0000,12.6544,6.7779,,true,0,0.008333,0.0000,0.0000,1.00,0.00,0.0000,22,1,295,295,0,0,100,1,11,11,0,246528,0,295,0,0,898715648,0.000000,0.000000,0.000000,0.00,0,2,4,25,17,20,26,13,24,55,97,12,0,0,0,0,0,0,0.0002,0.0208,0.1189,0.0024,0.0053,0.0104,6.7779,0.0590,0.0000,0.5144,0.0010,0.0010,0.2033,0.0030,0.0013,0.0015
2356,29.6405,0.0000,10.2202,6.4094,,true,0,0.008333,0.0000,0.0000,1.00,0.00,0.0000,22,1,295,295,0,0,100,1,11,11,0,246528,0,295,0,0,898715648,0.000000,0.000000,0.000000,0.00,0,2,4,25,17,20,26,13,24,55,97,12,0,0,0,0,0,0,0.0002,0.0154,0.0877,0.0006,0.0019,0.0031,6.4094,0.0516,0.0000,0.5829,0.0004,0.0002,0.3589,0.0006,0.0004,0.0004
2357,29.6517,0.0000,9.7651,7.9226,,true,0,0.008333,0.0000,0.0000,1.00,0.00,0.0000,22,1,295,295,0,0,100,1,11,11,0,246528,0,295,0,0,898715648,0.000000,0.000000,0.000000,0.00,0,2,4,25,17,20,26,13,24,55,97,12,0,0,0,0,0,0,0.0006,0.0259,0.0462,0.0005,0.0038,0.0077,7.9226,0.0217,0.0000,0.6432,0.0009,0.0014,0.3000,0.0042,0.0018,0.0007
2358,29.6620,0.0000,11.9806,6.8427,,true,0,0.008333,0.0000,0.0000,1.00,0.00,0.0000,22,1,295,295,0,0,100,1,11,11,0,246528,0,295,0,0,898715648,0.000000,0.000000,0.000000,0.00,0,2,4,25,17,20,26,13,24,55,97,12,0,0,0,0,0,0,0.0010,0.0281,0.0729,0.0016,0.0035,0.0543,6.8427,0.0291,0.0000,0.5067,0.0006,0.0007,0.1922,0.0022,0.0017,0.0011
2359,29.6755,0.0000,10.8792,8.4488,,true,0,0.008333,0.0000,0.0000,1.00,0.00,0.0000,22,1,295,295,0,0,100,1,11,11,0,246528,0,295,0,0,898715648,0.000000,0.000000,0.000000,0.00,0,2,4,25,17,20,26,13,24,55,97,12,0,0,0,0,0,0,0.0003,0.0135,0.0906,0.0005,0.0017,0.0034,8.4488,0.0351,0.0000,0.4167,0.0005,0.0003,0.1796,0.0009,0.0007,0.0004
2360,29.6858,0.0000,11.0937,8.0358,,true,0,0.008333,0.0000,0.0000,1.00,0.00,0.0000,22,1,295,295,0,0,100,1,11,11,0,246528,0,295,0,0,898715648,0.000000,0.000000,0.000000,0.00,0,2,4,25,17,20,26,13,24,55,97,12,0,0,0,0,0,0,0.0026,0.0362,0.0946,0.0010,0.0057,0.0141,8.0358,0.0748,0.0000,0.6536,0.0008,0.0008,0.2825,0.0016,0.0019,0.0022
2361,29.6958,0.0000,12.2981,5.8635,,true,0,0.008333,0.0000,0.0000,1.00,0.00,0.0000,22,1,295,295,0,0,100,1,11,11,0,246528,0,295,0,0,898715648,0.000000,0.000000,0.000000,0.00,0,2,4,25,17,20,26,13,24,55,97,12,0,0,0,0,0,0,0.0009,0.0198,0.0726,0.0009,0.0036,0.0067,5.8635,0.0236,0.0000,0.4871,0.0006,0.0010,0.1889,0.0021,0.0013,0.0007
2362,29.7151,0.0000,14.1354,10.0098,,true,0,0.008333,0.0000,0.0000,1.00,0.00,0.0000,22,1,295,295,0,0,100,1,11,11,0,246528,0,295,0,0,898723840,0.000000,0.000000,0.000000,0.00,0,2,4,25,17,20,26,13,24,55,97,12,0,0,0,0,0,0,0.0016,0.0981,0.0656,0.0021,0.0068,0.0116,10.0098,0.0439,0.0000,0.6250,0.0004,0.0005,0.2883,0.0032,0.0007,0.0004
2363,29.7449,0.0000,19.1524,21.0935,,true,0,0.008333,0.0000,0.0000,1.00,0.00,0.0000,22,1,295,295,0,0,100,1,11,11,0,246528,0,295,0,0,898723840,0.000000,0.000000,0.000000,0.00,0,2,4,25,17,20,26,13,24,55,97,12,0,0,0,0,0,0,0.0021,0.0327,0.1150,0.0034,0.0505,0.0204,21.0935,0.0394,0.0000,0.6323,0.0003,0.0013,0.2268,0.0019,0.0008,0.0004
2364,29.7711,0.0000,33.5302,11.1664,,true,0,0.008333,0.0000,0.0000,1.00,0.00,0.0000,22,1,295,295,0,0,100,1,11,11,0,246528,0,295,0,0,898723840,0.000000,0.000000,0.000000,0.00,0,2,4,25,17,20,26,13,24,55,97,12,0,0,0,0,0,0,0.0004,0.1295,0.0604,0.0006,0.0026,0.0174,11.1664,0.0344,0.0000,0.8019,0.0019,0.0015,0.2770,0.0030,0.0020,0.0024
2365,29.7884,0.0000,21.6195,8.7470,,true,0,0.008333,0.0000,0.0000,1.00,0.00,0.0000,22,1,295,295,0,0,100,1,11,11,0,246528,0,295,0,0,898723840,0.000000,0.000000,0.000000,0.00,0,2,4,25,17,20,26,13,24,55,97,12,0,0,0,0,0,0,0.0029,0.0420,0.2402,0.0025,0.0104,0.0171,8.7470,0.0399,0.0000,0.7078,0.0012,0.0006,0.2588,0.0020,0.0015,0.0011
2366,29.8060,0.0000,16.0459,10.6529,,true,0,0.008333,0.0000,0.0000,1.00,0.00,0.0000,22,1,295,295,0,0,100,1,11,11,0,246528,0,295,0,0,898732032,0.000000,0.000000,0.000000,0.00,0,2,4,25,17,20,26,13,24,55,97,12,0,0,0,0,0,0,0.0008,0.0372,0.0730,0.0010,0.0095,0.0199,10.6529,0.0466,0.0000,0.5436,0.0010,0.0012,0.1751,0.0022,0.0015,0.0010
2367,29.8294,0.0000,20.7764,12.0987,,true,0,0.008333,0.0000,0.0000,1.00,0.00,0.0000,22,1,295,295,0,0,100,1,11,11,0,246528,0,295,0,0,898732032,0.000000,0.000000,0.000000,0.00,0,2,4,25,17,20,26,13,24,55,97,12,0,0,0,0,0,0,0.0009,0.0769,0.0503,0.0092,0.0156,0.0279,12.0987,0.0222,0.0000,0.6463,0.0010,0.0003,0.1501,0.0029,0.0012,0.0006
2368,29.8510,0.0000,19.7506,12.8317,,true,0,0.008333,0.0000,0.0000,1.00,0.00,0.0000,22,1,295,295,0,0,100,1,11,11,0,246528,0,295,0,0,898732032,0.000000,0.000000,0.000000,0.00,0,2,4,25,17,20,26,13,24,55,97,12,0,0,0,0,0,0,0.0008,0.0399,0.0898,0.0039,0.0095,0.0197,12.8317,0.0351,0.0000,0.7601,0.0004,0.0004,0.3279,0.0038,0.0005,0.0006
2369,29.8720,0.0000,21.6107,13.4737,,true,0,0.008333,0.0000,0.0000,1.00,0.00,0.0000,22,1,295,295,0,0,100,1,11,11,0,246528,0,295,0,0,898732032,0.000000,0.000000,0.000000,0.00,0,2,4,25,17,20,26,13,24,55,97,12,0,0,0,0,0,0,0.0011,0.0406,0.0802,0.0048,0.0095,0.0192,13.4737,0.0264,0.0000,0.9044,0.0011,0.0012,0.4750,0.0038,0.0015,0.0019
2370,29.8904,0.0000,21.1531,11.3668,,true,0,0.008333,0.0000,0.0000,1.00,0.00,0.0000,22,1,295,295,0,0,100,1,11,11,0,246528,0,295,0,0,898871296,0.000000,0.000000,0.000000,0.00,0,2,4,25,17,20,26,13,24,55,97,12,0,0,0,0,0,0,0.0013,0.0567,0.0760,0.0034,0.0089,0.0131,11.3668,0.0622,0.0000,0.7985,0.0013,0.0021,0.3173,0.0020,0.0021,0.0108
2371,29.9088,0.0000,18.0152,11.1803,,true,0,0.008333,0.0000,0.0000,1.00,0.00,0.0000,22,1,295,295,0,0,100,1,11,11,0,246528,0,295,0,0,898871296,0.000000,0.000000,0.000000,0.00,0,2,4,25,17,20,26,13,24,55,97,12,0,0,0,0,0,0,0.0010,0.0329,0.0651,0.0039,0.0058,0.0153,11.1803,0.0364,0.0000,0.5025,0.0009,0.0006,0.2094,0.0029,0.0018,0.0013
2372,29.9272,0.0000,19.8808,10.8323,,true,0,0.008333,0.0000,0.0000,1.00,0.00,0.0000,22,1,295,295,0,0,100,1,11,11,0,246528,0,295,0,0,898871296,0.000000,0.000000,0.000000,0.00,0,2,4,25,17,20,26,13,24,55,97,12,0,0,0,0,0,0,0.0017,0.0658,0.1245,0.0038,0.0106,0.0310,10.8323,0.0538,0.0000,0.6636,0.0010,0.0012,0.2441,0.0042,0.0018,0.0023
2373,29.9471,0.0000,18.1942,10.5078,,true,0,0.008333,0.0000,0.0000,1.00,0.00,0.0000,22,1,295,295,0,0,100,1,11,11,0,246528,0,295,0,0,898871296,0.000000,0.000000,0.000000,0.00,0,2,4,25,17,20,26,13,24,55,97,12,0,0,0,0,0,0,0.0021,0.0544,0.0685,0.0053,0.0100,0.0207,10.5078,0.0214,0.0000,0.6885,0.0022,0.0021,0.2323,0.0032,0.0033,0.0037
2374,29.9633,0.0000,18.0553,9.9127,,true,0,0.008333,0.0000,0.0000,1.00,0.00,0.0000,22,1,295,295,0,0,100,1,11,11,0,246528,0,295,0,0,898871296,0.000000,0.000000,0.000000,0.00,0,2,4,25,17,20,26,13,24,55,97,12,0,0,0,0,0,0,0.0009,0.0463,0.1148,0.0037,0.0062,0.0120,9.9127,0.0376,0.0000,0.5981,0.0005,0.0015,0.2137,0.0006,0.0011,0.0012
2375,29.9747,0.0000,14.4178,7.9212,,true,0,0.008333,0.0000,0.0000,1.00,0.00,0.0000,22,1,295,295,0,0,100,1,11,11,0,246528,0,295,0,0,898871296,0.000000,0.000000,0.000000,0.00,0,2,4,25,17,20,26,13,24,55,97,12,0,0,0,0,0,0,0.0003,0.0219,0.0515,0.0012,0.0029,0.0043,7.9212,0.0195,0.0000,0.3047,0.0002,0.0005,0.1084,0.0006,0.0005,0.0002
2376,29.9863,0.0000,13.9717,5.6659,,true,0,0.008333,0.0000,0.0000,1.00,0.00,0.0000,22,1,295,295,0,0,100,1,11,11,0,246528,0,295,0,0,898945024,0.000000,0.000000,0.000000,0.00,0,2,4,25,17,20,26,13,24,55,97,12,0,0,0,0,0,0,0.0002,0.0267,0.0620,0.0013,0.0050,0.0044,5.6659,0.0101,0.0000,0.5112,0.0006,0.0005,0.2213,0.0015,0.0020,0.0014
2377,29.9976,0.0000,9.7916,6.5411,,true,0,0.008333,0.0000,0.0000,1.00,0.00,0.0000,22,1,295,295,0,0,100,1,11,11,0,246528,0,295,0,0,898945024,0.000000,0.000000,0.000000,0.00,0,2,4,25,17,20,26,13,24,55,97,12,0,0,0,0,0,0,0.0012,0.0318,0.0980,0.0022,0.0019,0.0119,6.5411,0.0352,0.0000,0.5930,0.0012,0.0004,0.2442,0.0026,0.0013,0.0009
2378,30.0089,0.0000,11.4508,7.4026,,true,0,0.008333,0.0000,0.0000,1.00,0.00,0.0000,22,1,295,295,0,0,100,1,11,11,0,246528,0,295,0,0,898945024,0.000000,0.000000,0.000000,0.00,0,2,4,25,17,20,26,13,24,55,97,12,0,0,0,0,0,0,0.0013,0.0304,0.0968,0.0013,0.0049,0.0101,7.4026,0.0765,0.0000,0.6890,0.0012,0.0005,0.2918,0.0020,0.0031,0.0010
2379,30.0203,0.0000,11.6985,7.5663,,true,0,0.008333,0.0000,0.0000,1.00,0.00,0.0000,22,1,295,295,0,0,100,1,11,11,0,246528,0,295,0,0,898945024,0.000000,0.000000,0.000000,0.00,0,2,4,25,17,20,26,13,24,55,97,12,0,0,0,0,0,0,0.0006,0.0267,0.0726,0.0012,0.0054,0.0097,7.5663,0.0710,0.0000,0.5715,0.0007,0.0015,0.2260,0.0021,0.0017,0.0019
2380,30.0351,0.0000,14.7213,7.5059,,true,0,0.008333,0.0000,0.0000,1.00,0.00,0.0000,22,1,295,295,0,0,100,1,11,11,0,246528,0,295,0,0,898945024,0.000000,0.000000,0.000000,0.00,0,2,4,25,17,20,26,13,24,55,97,12,0,0,0,0,0,0,0.0015,0.0288,0.0758,0.0018,0.0038,0.0068,7.5059,0.0254,0.0000,0.6009,0.0011,0.0007,0.2677,0.0016,0.0014,0.0010
2381,30.0544,0.0000,14.4810,12.2894,,true,0,0.008333,0.0000,0.0000,1.00,0.00,0.0000,22,1,295,295,0,0,100,1,11,11,0,246528,0,295,0,0,898945024,0.000000,0.000000,0.000000,0.00,0,2,4,25,17,20,26,13,24,55,97,12,0,0,0,0,0,0,0.0006,0.0602,0.0558,0.0012,0.0042,0.0126,12.2894,0.0103,0.0000,6.0529,0.0005,0.1060,0.2030,0.0060,0.0015,5.4733
2382,30.0613,0.0000,13.7776,5.3797,,true,0,0.008333,0.0000,0.0000,1.00,0.00,0.0000,22,1,295,295,0,0,100,1,11,11,0,246528,0,295,0,0,898945024,0.000000,0.000000,0.000000,0.00,0,2,4,25,17,20,26,13,24,55,97,12,0,0,0,0,0,0,0.0002,0.0237,0.0698,0.0025,0.0047,0.0045,5.3797,0.0330,0.0000,0.6674,0.0010,0.0008,0.3436,0.0020,0.0011,0.0007
2383,30.0720,0.0000,8.4070,7.6884,,true,0,0.008333,0.0000,0.0000,1.00,0.00,0.0000,22,1,295,295,0,0,100,1,11,11,0,246528,0,295,0,0,898945024,0.000000,0.000000,0.000000,0.00,0,2,4,25,17,20,26,13,24,55,97,12,0,0,0,0,0,0,0.0012,0.0310,0.0671,0.0009,0.0057,0.0163,7.6884,0.0367,0.0000,0.9396,0.0008,0.0007,0.4657,0.0058,0.0016,0.0019
2384,30.0832,0.0000,11.9147,6.4489,,true,0,0.008333,0.0000,0.0000,1.00,0.00,0.0000,22,1,295,295,0,0,100,1,11,11,0,246528,0,295,0,0,898945024,0.000000,0.000000,0.000000,0.00,0,2,4,25,17,20,26,13,24,55,97,12,0,0,0,0,0,0,0.0003,0.0187,0.0345,0.0015,0.0040,0.0060,6.4489,0.0203,0.0000,0.3416,0.0005,0.0003,0.1075,0.0017,0.0011,0.0007
2385,30.0925,0.0000,11.7789,4.0541,,true,0,0.008333,0.0000,0.0000,1.00,0.00,0.0000,22,1,295,295,0,0,100,1,11,11,0,246528,0,295,0,0,898945024,0.000000,0.000000,0.000000,0.00,0,2,4,25,17,20,26,13,24,55,97,12,0,0,0,0,0,0,0.0006,0.0195,0.0610,0.0017,0.0046,0.0070,4.0541,0.0231,0.0000,0.4728,0.0007,0.0011,0.1777,0.0020,0.0010,0.0009
2386,30.1051,0.0000,12.6863,4.0042,,true,0,0.008333,0.0000,0.0000,1.00,0.00,0.0000,22,1,295,295,0,0,100,1,11,11,0,246528,0,295,0,0,898945024,0.000000,0.000000,0.000000,0.00,0,2,4,25,17,20,26,13,24,55,97,12,0,0,0,0,0,0,0.0009,0.0171,0.0419,0.0006,0.0037,0.0056,4.0042,0.0218,0.0000,0.4273,0.0007,0.0009,0.1796,0.0018,0.0011,0.0010
2387,30.1216,0.0000,15.2282,5.0490,,true,0,0.008333,0.0000,0.0000,1.00,0.00,0.0000,22,1,295,295,0,0,100,1,11,11,0,246528,0,295,0,0,898945024,0.000000,0.000000,0.000000,0.00,0,2,4,25,17,20,26,13,24,55,97,12,0,0,0,0,0,0,0.0003,0.0221,0.0519,0.0010,0.0045,0.0106,5.0490,0.0263,0.0000,0.4371,0.0006,0.0005,0.1726,0.0017,0.0011,0.0010
2388,30.1421,0.0000,15.0682,10.6042,,true,0,0.008333,0.0000,0.0000,1.00,0.00,0.0000,22,1,295,295,0,0,100,1,11,11,0,246528,0,295,0,0,898945024,0.000000,0.000000,0.000000,0.00,0,2,4,25,17,20,26,13,24,55,97,12,0,0,0,0,0,0,0.0006,0.0341,0.0739,0.0012,0.0017,0.0090,10.6042,0.0272,0.0000,0.6097,0.0010,0.0012,0.2412,0.0024,0.0022,0.0006
2389,30.1555,0.0000,17.6709,6.0465,,true,0,0.008333,0.0000,0.0000,1.00,0.00,0.0000,22,1,295,295,0,0,100,1,11,11,0,246528,0,295,0,0,898945024,0.000000,0.000000,0.000000,0.00,0,2,4,25,17,20,26,13,24,55,97,12,0,0,0,0,0,0,0.0019,0.0285,0.0597,0.0022,0.0103,0.0132,6.0465,0.0311,0.0000,0.6689,0.0008,0.0004,0.2753,0.0034,0.0013,0.0011
2390,30.1691,0.0000,11.5707,8.5327,,true,0,0.008333,0.0000,0.0000,1.00,0.00,0.0000,22,1,295,295,0,0,100,1,11,11,0,246528,0,295,0,0,898945024,0.000000,0.000000,0.000000,0.00,0,2,4,25,17,20,26,13,24,55,97,12,0,0,0,0,0,0,0.0003,0.0420,0.0640,0.0015,0.0114,0.0130,8.5327,0.0322,0.0000,0.4991,0.0005,0.0006,0.1882,0.0016,0.0008,0.0006
2391,30.1797,0.0000,13.4897,5.3824,,true,0,0.008333,0.0000,0.0000,1.00,0.00,0.0000,22,1,295,295,0,0,100,1,11,11,0,246528,0,295,0,0,898945024,0.000000,0.000000,0.000000,0.00,0,2,4,25,17,20,26,13,24,55,97,12,0,0,0,0,0,0,0.0005,0.0288,0.0381,0.0021,0.0071,0.0101,5.3824,0.0127,0.0000,0.4968,0.0006,0.0016,0.1935,0.0020,0.0011,0.0018
2392,30.1992,0.0000,16.6296,7.8013,,true,0,0.008333,0.0000,0.0000,1.00,0.00,0.0000,22,1,295,295,0,0,100,1,11,11,0,246528,0,295,0,0,898945024,0.000000,0.000000,0.000000,0.00,0,2,4,25,17,20,26,13,24,55,97,12,0,0,0,0,0,0,0.0012,0.0339,0.0628,0.0019,0.0058,0.0098,7.8013,0.0360,0.0000,0.5768,0.0007,0.0005,0.2185,0.0033,0.0014,0.0015
2393,30.2073,0.0000,11.6357,4.9640,,true,0,0.008333,0.0000,0.0000,1.00,0.00,0.0000,22,1,295,295,0,0,100,1,11,11,0,246528,0,295,0,0,898945024,0.000000,0.000000,0.000000,0.00,0,2,4,25,17,20,26,13,24,55,97,12,0,0,0,0,0,0,0.0003,0.0241,0.0396,0.0026,0.0039,0.0041,4.9640,0.0203,0.0000,0.4387,0.0005,0.0008,0.1911,0.0016,0.0011,0.0001
2394,30.2225,0.0000,14.8474,5.4280,,true,0,0.008333,0.0000,0.0000,1.00,0.00,0.0000,22,1,295,295,0,0,100,1,11,11,0,246528,0,295,0,0,898945024,0.000000,0.000000,0.000000,0.00,0,2,4,25,17,20,26,13,24,55,97,12,0,0,0,0,0,0,0.0004,0.0177,0.0390,0.0008,0.0016,0.0045,5.4280,0.0175,0.0000,0.3433,0.0004,0.0001,0.1186,0.0013,0.0008,0.0005
2395,30.2316,0.0000,9.1684,5.0926,,true,0,0.008333,0.0000,0.0000,1.00,0.00,0.0000,22,1,295,295,0,0,100,1,11,11,0,246528,0,295,0,0,898945024,0.000000,0.000000,0.000000,0.00,0,2,4,25,17,20,26,13,24,55,97,12,0,0,0,0,0,0,0.0011,0.0237,0.0448,0.0008,0.0025,0.0075,5.0926,0.0212,0.0000,0.4128,0.0001,0.0006,0.1857,0.0013,0.0005,0.0007
2396,30.2533,0.0000,19.5149,6.7011,,true,0,0.008333,0.0000,0.0000,1.00,0.00,0.0000,22,1,295,295,0,0,100,1,11,11,0,246528,0,295,0,0,898945024,0.000000,0.000000,0.000000,0.00,0,2,4,25,17,20,26,13,24,55,97,12,0,0,0,0,0,0,0.0022,0.0525,0.0487,0.0018,0.0091,0.0187,6.7011,0.0266,0.0000,0.5218,0.0015,0.0010,0.2110,0.0020,0.0014,0.0022
2397,30.2618,0.0000,10.8402,5.3491,,true,0,0.008333,0.0000,0.0000,1.00,0.00,0.0000,22,1,295,295,0,0,100,1,11,11,0,246528,0,295,0,0,898945024,0.000000,0.000000,0.000000,0.00,0,2,4,25,17,20,26,13,24,55,97,12,0,0,0,0,0,0,0.0009,0.0388,0.1387,0.0034,0.0063,0.0081,5.3491,0.0458,0.0000,0.6409,0.0008,0.0009,0.1950,0.0021,0.0021,0.0024
2398,30.2730,0.0000,12.3690,4.0465,,true,0,0.008333,0.0000,0.0000,1.00,0.00,0.0000,22,1,295,295,0,0,100,1,11,11,0,246528,0,295,0,0,898945024,0.000000,0.000000,0.000000,0.00,0,2,4,25,17,20,26,13,24,55,97,12,0,0,0,0,0,0,0.0013,0.0208,0.0457,0.0013,0.0032,0.0075,4.0465,0.0245,0.0000,0.4879,0.0010,0.0011,0.1997,0.0017,0.0012,0.0009
2399,30.2889,0.0000,14.4669,5.0801,,true,0,0.008333,0.0000,0.0000,1.00,0.00,0.0000,22,1,295,295,0,0,100,1,11,11,0,246528,0,295,0,0,898945024,0.000000,0.000000,0.000000,0.00,0,2,4,25,17,20,26,13,24,55,97,12,0,0,0,0,0,0,0.0007,0.0189,0.0370,0.0013,0.0053,0.0070,5.0801,0.0179,0.0000,0.3429,0.0006,0.0006,0.1376,0.0013,0.0007,0.0009
2400,30.3057,0.0000,14.9913,7.0368,,true,0,0.008333,0.0000,0.0000,1.00,0.00,0.0000,22,1,295,295,0,0,100,1,11,11,0,246528,0,295,0,0,898969600,0.000000,0.000000,0.000000,0.00,0,2,4,25,17,20,26,13,24,55,97,12,0,0,0,0,0,0,0.0010,0.0736,0.0480,0.0012,0.0047,0.0101,7.0368,0.0433,0.0000,0.5639,0.0005,0.0013,0.2574,0.0021,0.0013,0.0008
2401,30.3157,0.0000,12.8949,4.3752,,true,0,0.008333,0.0000,0.0000,1.00,0.00,0.0000,22,1,295,295,0,0,100,1,11,11,0,246528,0,295,0,0,898969600,0.000000,0.000000,0.000000,0.00,0,2,4,25,17,20,26,13,24,55,97,12,0,0,0,0,0,0,0.0005,0.0406,0.0347,0.0007,0.0038,0.0051,4.3752,0.0211,0.0000,0.3423,0.0005,0.0003,0.1210,0.0012,0.0007,0.0007
2402,30.3285,0.0000,13.0924,4.0951,,true,0,0.008333,0.0000,0.0000,1.00,0.00,0.0000,22,1,295,295,0,0,100,1,11,11,0,246528,0,295,0,0,898969600,0.000000,0.000000,0.000000,0.00,0,2,4,25,17,20,26,13,24,55,97,12,0,0,0,0,0,0,0.0004,0.0220,0.0358,0.0007,0.0034,0.0054,4.0951,0.0179,0.0000,0.4422,0.0004,0.0005,0.1407,0.0017,0.0007,0.0004
2403,30.3472,0.0000,12.6567,8.4574,,true,0,0.008333,0.0000,0.0000,1.00,0.00,0.0000,22,1,295,295,0,0,100,1,11,11,0,246528,0,295,0,0,898969600,0.000000,0.000000,0.000000,0.00,0,2,4,25,17,20,26,13,24,55,97,12,0,0,0,0,0,0,0.0007,0.0314,0.0382,0.0020,0.0065,0.0093,8.4574,0.0222,0.0000,0.4602,0.0009,0.0004,0.1295,0.0011,0.0015,0.0013
2404,30.3638,0.0000,17.8085,7.2447,,true,0,0.008333,0.0000,0.0000,1.00,0.00,0.0000,22,1,295,295,0,0,100,1,11,11,0,246528,0,295,0,0,898969600,0.000000,0.000000,0.000000,0.00,0,2,4,25,17,20,26,13,24,55,97,12,0,0,0,0,0,0,0.0006,0.0352,0.1212,0.0019,0.0062,0.0080,7.2447,0.0411,0.0000,0.5689,0.0002,0.0005,0.2444,0.0026,0.0006,0.0002
2405,30.3739,0.0000,12.4706,6.2661,,true,0,0.008333,0.0000,0.0000,1.00,0.00,0.0000,22,1,295,295,0,0,100,1,11,11,0,246528,0,295,0,0,898969600,0.000000,0.000000,0.000000,0.00,0,2,4,25,17,20,26,13,24,55,97,12,0,0,0,0,0,0,0.0012,0.0289,0.0684,0.0018,0.0061,0.0125,6.2661,0.0255,0.0000,0.5239,0.0010,0.0012,0.1980,0.0029,0.0017,0.0011
2406,30.3873,0.0000,14.4816,5.4261,,true,0,0.008333,0.0000,0.0000,1.00,0.00,0.0000,22,1,295,295,0,0,100,1,11,11,0,246528,0,295,0,0,898969600,0.000000,0.000000,0.000000,0.00,0,2,4,25,17,20,26,13,24,55,97,12,0,0,0,0,0,0,0.0011,0.0256,0.0393,0.0009,0.0035,0.0067,5.4261,0.0242,0.0000,0.4616,0.0008,0.0010,0.1956,0.0017,0.0012,0.0005
2407,30.4043,0.0000,15.6994,5.9188,,true,0,0.008333,0.0000,0.0000,1.00,0.00,0.0000,22,1,295,295,0,0,100,1,11,11,0,246528,0,295,0,0,898969600,0.000000,0.000000,0.000000,0.00,0,2,4,25,17,20,26,13,24,55,97,12,0,0,0,0,0,0,0.0011,0.0380,0.0302,0.0011,0.0039,0.0092,5.9188,0.0180,0.0000,0.3432,0.0010,0.0008,0.1187,0.0014,0.0012,0.0006
2408,30.4155,0.0000,12.9866,4.8466,,true,0,0.008333,0.0000,0.0000,1.00,0.00,0.0000,22,1,295,295,0,0,100,1,11,11,0,246528,0,295,0,0,898969600,0.000000,0.000000,0.000000,0.00,0,2,4,25,17,20,26,13,24,55,97,12,0,0,0,0,0,0,0.0012,0.0265,0.0466,0.0014,0.0042,0.0060,4.8466,0.0232,0.0000,0.4528,0.0005,0.0005,0.1445,0.0015,0.0011,0.0008
2409,30.4311,0.0000,14.5500,5.4477,,true,0,0.008333,0.0000,0.0000,1.00,0.00,0.0000,22,1,295,295,0,0,100,1,11,11,0,246528,0,295,0,0,898969600,0.000000,0.000000,0.000000,0.00,0,2,4,25,17,20,26,13,24,55,97,12,0,0,0,0,0,0,0.0005,0.0207,0.0572,0.0014,0.0037,0.0070,5.4477,0.0357,0.0000,0.4111,0.0003,0.0008,0.1856,0.0019,0.0010,0.0009
2410,30.4466,0.0000,17.1306,4.4100,,true,0,0.008333,0.0000,0.0000,1.00,0.00,0.0000,22,1,295,295,0,0,100,1,11,11,0,246528,0,295,0,0,898969600,0.000000,0.000000,0.000000,0.00,0,2,4,25,17,20,26,13,24,55,97,12,0,0,0,0,0,0,0.0004,0.0231,0.0374,0.0016,0.0035,0.0050,4.4100,0.0169,0.0000,0.3923,0.0004,0.0009,0.1432,0.0005,0.0017,0.0007
2411,30.4564,0.0000,9.7110,4.7400,,true,0,0.008333,0.0000,0.0000,1.00,0.00,0.0000,22,1,295,295,0,0,100,1,11,11,0,246528,0,295,0,0,898969600,0.000000,0.000000,0.000000,0.00,0,2,4,25,17,20,26,13,24,55,97,12,0,0,0,0,0,0,0.0004,0.0252,0.0605,0.0022,0.0074,0.0072,4.7400,0.0241,0.0000,1.1238,0.0006,0.0004,0.8594,0.0019,0.0012,0.0007
2412,30.4676,0.0000,12.0704,3.9157,,true,0,0.008333,0.0000,0.0000,1.00,0.00,0.0000,22,1,295,295,0,0,100,1,11,11,0,246528,0,295,0,0,898969600,0.000000,0.000000,0.000000,0.00,0,2,4,25,17,20,26,13,24,55,97,12,0,0,0,0,0,0,0.0007,0.0218,0.0400,0.0010,0.0040,0.0053,3.9157,0.0166,0.0000,0.3900,0.0007,0.0005,0.1477,0.0017,0.0011,0.0010
2413,30.4804,0.0000,12.6943,3.6808,,true,0,0.008333,0.0000,0.0000,1.00,0.00,0.0000,22,1,295,295,0,0,100,1,11,11,0,246528,0,295,0,0,898969600,0.000000,0.000000,0.000000,0.00,0,2,4,25,17,20,26,13,24,55,97,12,0,0,0,0,0,0,0.0004,0.0221,0.0349,0.0009,0.0026,0.0049,3.6808,0.0175,0.0000,0.3878,0.0004,0.0005,0.1351,0.0017,0.0008,0.0008
2414,30.4905,0.0000,11.6707,2.8673,,true,0,0.008333,0.0000,0.0000,1.00,0.00,0.0000,22,1,295,295,0,0,100,1,11,11,0,246528,0,295,0,0,898969600,0.000000,0.000000,0.000000,0.00,0,2,4,25,17,20,26,13,24,55,97,12,0,0,0,0,0,0,0.0005,0.0189,0.0362,0.0007,0.0032,0.0065,2.8673,0.0145,0.0000,0.3542,0.0005,0.0003,0.1363,0.0015,0.0013,0.0010
2415,30.5046,0.0000,12.7794,3.7413,,true,0,0.008333,0.0000,0.0000,1.00,0.00,0.0000,22,1,295,295,0,0,100,1,11,11,0,246528,0,295,0,0,898969600,0.000000,0.000000,0.000000,0.00,0,2,4,25,17,20,26,13,24,55,97,12,0,0,0,0,0,0,0.0004,0.0178,0.0338,0.0007,0.0027,0.0050,3.7413,0.0240,0.0000,0.3872,0.0008,0.0007,0.1404,0.0017,0.0010,0.0008
2416,30.5183,0.0000,13.8573,3.5231,,true,0,0.008333,0.0000,0.0000,1.00,0.00,0.0000,22,1,295,295,0,0,100,1,11,11,0,246528,0,295,0,0,898969600,0.000000,0.000000,0.000000,0.00,0,2,4,25,17,20,26,13,24,55,97,12,0,0,0,0,0,0,0.0006,0.0149,0.0334,0.0010,0.0029,0.0044,3.5231,0.0187,0.0000,0.3516,0.0006,0.0003,0.1337,0.0014,0.0007,0.0008
2417,30.5286,0.0000,10.9500,3.0368,,true,0,0.008333,0.0000,0.0000,1.00,0.00,0.0000,22,1,295,295,0,0,100,1,11,11,0,246528,0,295,0,0,898969600,0.000000,0.000000,0.000000,0.00,0,2,4,25,17,20,26,13,24,55,97,12,0,0,0,0,0,0,0.0002,0.0205,0.0359,0.0010,0.0034,0.0046,3.0368,0.0142,0.0000,0.3695,0.0005,0.0005,0.1295,0.0021,0.0013,0.0007
2418,30.5404,0.0000,11.5388,3.4721,,true,0,0.008333,0.0000,0.0000,1.00,0.00,0.0000,22,1,295,295,0,0,100,1,11,11,0,246528,0,295,0,0,898969600,0.000000,0.000000,0.000000,0.00,0,2,4,25,17,20,26,13,24,55,97,12,0,0,0,0,0,0,0.0004,0.0149,0.0357,0.0009,0.0033,0.0066,3.4721,0.0250,0.0000,0.3581,0.0003,0.0003,0.1367,0.0019,0.0011,0.0006
2419,30.5534,0.0000,13.0400,3.2358,,true,0,0.008333,0.0000,0.0000,1.00,0.00,0.0000,22,1,295,295,0,0,100,1,11,11,0,246528,0,295,0,0,898969600,0.000000,0.000000,0.000000,0.00,0,2,4,25,17,20,26,13,24,55,97,12,0,0,0,0,0,0,0.0004,0.0186,0.0332,0.0006,0.0022,0.0041,3.2358,0.0157,0.0000,0.3635,0.0008,0.0002,0.1308,0.0011,0.0011,0.0010
2420,30.5659,0.0000,12.5628,3.2625,,true,0,0.008333,0.0000,0.0000,1.00,0.00,0.0000,22,1,295,295,0,0,100,1,11,11,0,246528,0,295,0,0,898969600,0.000000,0.000000,0.000000,0.00,0,2,4,25,17,20,26,13,24,55,97,12,0,0,0,0,0,0,0.0003,0.0179,0.0341,0.0008,0.0019,0.0089,3.2625,0.0177,0.0000,0.3734,0.0004,0.0006,0.1334,0.0019,0.0007,0.0012
2421,30.5805,0.0000,11.9080,5.8103,,true,0,0.008333,0.0000,0.0000,1.00,0.00,0.0000,22,1,295,295,0,0,100,1,11,11,0,246528,0,295,0,0,898969600,0.000000,0.000000,0.000000,0.00,0,2,4,25,17,20,26,13,24,55,97,12,0,0,0,0,0,0,0.0003,0.0344,0.0858,0.0010,0.0034,0.0076,5.8103,0.0346,0.0000,0.4344,0.0005,0.0010,0.1628,0.0017,0.0010,0.0009
2422,30.5935,0.0000,15.9264,3.0627,,true,0,0.008333,0.0000,0.0000,1.00,0.00,0.0000,22,1,295,295,0,0,100,1,11,11,0,246528,0,295,0,0,898969600,0.000000,0.000000,0.000000,0.00,0,2,4,25,17,20,26,13,24,55,97,12,0,0,0,0,0,0,0.0002,0.0200,0.0368,0.0017,0.0035,0.0071,3.0627,0.0131,0.0000,0.3960,0.0005,0.0004,0.1301,0.0015,0.0015,0.0008
2423,30.6044,0.0000,10.4093,3.3279,,true,0,0.008333,0.0000,0.0000,1.00,0.00,0.0000,22,1,295,295,0,0,100,1,11,11,0,246528,0,295,0,0,898969600,0.000000,0.000000,0.000000,0.00,0,2,4,25,17,20,26,13,24,55,97,12,0,0,0,0,0,0,0.0005,0.0222,0.0356,0.0013,0.0045,0.0064,3.3279,0.0166,0.0000,0.3664,0.0007,0.0006,0.1376,0.0017,0.0006,0.0005
2424,30.6158,0.0000,10.6298,3.9947,,true,0,0.008333,0.0000,0.0000,1.00,0.00,0.0000,22,1,295,295,0,0,100,1,11,11,0,246528,0,295,0,0,898969600,0.000000,0.000000,0.000000,0.00,0,2,4,25,17,20,26,13,24,55,97,12,0,0,0,0,0,0,0.0008,0.0243,0.0440,0.0014,0.0026,0.0062,3.9947,0.0210,0.0000,0.3676,0.0005,0.0012,0.1345,0.0016,0.0015,0.0012
2425,30.6272,0.0000,12.2042,3.2947,,true,0,0.008333,0.0000,0.0000,1.00,0.00,0.0000,22,1,295,295,0,0,100,1,11,11,0,246528,0,295,0,0,898969600,0.000000,0.000000,0.000000,0.00,0,2,4,25,17,20,26,13,24,55,97,12,0,0,0,0,0,0,0.0004,0.0220,0.0339,0.0010,0.0045,0.0055,3.2947,0.0157,0.0000,0.3712,0.0005,0.0006,0.1389,0.0012,0.0007,0.0007
2426,30.6416,0.0000,14.0174,3.6789,,true,0,0.008333,0.0000,0.0000,1.00,0.00,0.0000,22,1,295,295,0,0,100,1,11,11,0,246528,0,295,0,0,898969600,0.000000,0.000000,0.000000,0.00,0,2,4,25,17,20,26,13,24,55,97,12,0,0,0,0,0,0,0.0002,0.0225,0.0524,0.0009,0.0040,0.0071,3.6789,0.0215,0.0000,0.3824,0.0006,0.0009,0.1378,0.0014,0.0010,0.0009
2427,30.6538,0.0000,11.5844,3.9555,,true,0,0.008333,0.0000,0.0000,1.00,0.00,0.0000,22,1,295,295,0,0,100,1,11,11,0,246528,0,295,0,0,898969600,0.000000,0.000000,0.000000,0.00,0,2,4,25,17,20,26,13,24,55,97,12,0,0,0,0,0,0,0.0010,0.0240,0.0329,0.0009,0.0035,0.0033,3.9555,0.0175,0.0000,0.3687,0.0005,0.0005,0.1314,0.0012,0.0008,0.0010
2428,30.6659,0.0000,12.2098,4.0769,,true,0,0.008333,0.0000,0.0000,1.00,0.00,0.0000,22,1,295,295,0,0,100,1,11,11,0,246528,0,295,0,0,898969600,0.000000,0.000000,0.000000,0.00,0,2,4,25,17,20,26,13,24,55,97,12,0,0,0,0,0,0,0.0003,0.0266,0.0362,0.0016,0.0054,0.0061,4.0769,0.0301,0.0000,0.4064,0.0007,0.0007,0.1424,0.0015,0.0007,0.0006
2429,30.6779,0.0000,12.2981,3.8058,,true,0,0.008333,0.0000,0.0000,1.00,0.00,0.0000,22,1,295,295,0,0,100,1,11,11,0,246528,0,295,0,0,898969600,0.000000,0.000000,0.000000,0.00,0,2,4,25,17,20,26,13,24,55,97,12,0,0,0,0,0,0,0.0008,0.0148,0.0390,0.0006,0.0030,0.0042,3.8058,0.0248,0.0000,0.4084,0.0006,0.0006,0.1520,0.0017,0.0011,0.0009
2430,30.6891,0.0000,11.5400,3.5718,,true,0,0.008333,0.0000,0.0000,1.00,0.00,0.0000,22,1,295,295,0,0,100,1,11,11,0,246528,0,295,0,0,898969600,0.000000,0.000000,0.000000,0.00,0,2,4,25,17,20,26,13,24,55,97,12,0,0,0,0,0,0,0.0003,0.0176,0.0378,0.0010,0.0027,0.0064,3.5718,0.0157,0.0000,0.3665,0.0009,0.0010,0.1313,0.0014,0.0004,0.0007
2431,30.7024,0.0000,12.8017,3.8851,,true,0,0.008333,0.0000,0.0000,1.00,0.00,0.0000,22,1,295,295,0,0,100,1,11,11,0,246528,0,295,0,0,898969600,0.000000,0.000000,0.000000,0.00,0,2,4,25,17,20,26,13,24,55,97,12,0,0,0,0,0,0,0.0003,0.0253,0.0414,0.0012,0.0030,0.0072,3.8851,0.0177,0.0000,0.3858,0.0007,0.0005,0.1194,0.0018,0.0007,0.0010
2432,30.7132,0.0000,11.3720,3.3872,,true,0,0.008333,0.0000,0.0000,1.00,0.00,0.0000,22,1,295,295,0,0,100,1,11,11,0,246528,0,295,0,0,898969600,0.000000,0.000000,0.000000,0.00,0,2,4,25,17,20,26,13,24,55,97,12,0,0,0,0,0,0,0.0002,0.0167,0.0334,0.0011,0.0033,0.0051,3.3872,0.0180,0.0000,0.3642,0.0005,0.0003,0.1276,0.0013,0.0010,0.0006
2433,30.7248,0.0000,12.0263,3.4545,,true,0,0.008333,0.0000,0.0000,1.00,0.00,0.0000,22,1,295,295,0,0,100,1,11,11,0,246528,0,295,0,0,898969600,0.000000,0.000000,0.000000,0.00,0,2,4,25,17,20,26,13,24,55,97,12,0,0,0,0,0,0,0.0004,0.0296,0.0285,0.0006,0.0015,0.0064,3.4545,0.0169,0.0000,0.3833,0.0004,0.0005,0.1489,0.0012,0.0011,0.0009
2434,30.7378,0.0000,12.2905,3.8259,,true,0,0.008333,0.0000,0.0000,1.00,0.00,0.0000,22,1,295,295,0,0,100,1,11,11,0,246528,0,295,0,0,898969600,0.000000,0.000000,0.000000,0.00,0,2,4,25,17,20,26,13,24,55,97,12,0,0,0,0,0,0,0.0008,0.0243,0.0542,0.0017,0.0035,0.0106,3.8259,0.0500,0.0000,0.4301,0.0005,0.0010,0.1693,0.0025,0.0012,0.0004
2435,30.7523,0.0000,13.1780,4.9515,,true,0,0.008333,0.0000,0.0000,1.00,0.00,0.0000,22,1,295,295,0,0,100,1,11,11,0,246528,0,295,0,0,898969600,0.000000,0.000000,0.000000,0.00,0,2,4,25,17,20,26,13,24,55,97,12,0,0,0,0,0,0,0.0008,0.0290,0.0558,0.0025,0.0053,0.0106,4.9515,0.0246,0.0000,0.5409,0.0010,0.0014,0.1615,0.0024,0.0011,0.0011
2436,30.7646,0.0000,13.5899,3.7504,,true,0,0.008333,0.0000,0.0000,1.00,0.00,0.0000,22,1,295,295,0,0,100,1,11,11,0,246528,0,295,0,0,898969600,0.000000,0.000000,0.000000,0.00,0,2,4,25,17,20,26,13,24,55,97,12,0,0,0,0,0,0,0.0012,0.0267,0.0358,0.0008,0.0033,0.0066,3.7504,0.0154,0.0000,0.3391,0.0005,0.0004,0.1255,0.0012,0.0010,0.0006
2437,30.7751,0.0000,11.2533,3.2824,,true,0,0.008333,0.0000,0.0000,1.00,0.00,0.0000,22,1,295,295,0,0,100,1,11,11,0,246528,0,295,0,0,898969600,0.000000,0.000000,0.000000,0.00,0,2,4,25,17,20,26,13,24,55,97,12,0,0,0,0,0,0,0.0004,0.0186,0.0365,0.0007,0.0027,0.0066,3.2824,0.0177,0.0000,0.3580,0.0006,0.0004,0.1354,0.0015,0.0009,0.0005
2438,30.7877,0.0000,11.9669,3.7452,,true,0,0.008333,0.0000,0.0000,1.00,0.00,0.0000,22,1,295,295,0,0,100,1,11,11,0,246528,0,295,0,0,898969600,0.000000,0.000000,0.000000,0.00,0,2,4,25,17,20,26,13,24,55,97,12,0,0,0,0,0,0,0.0005,0.0264,0.0860,0.0006,0.0036,0.0063,3.7452,0.0221,0.0000,0.4446,0.0009,0.0007,0.1609,0.0016,0.0011,0.0006
2439,30.8073,0.0000,14.0795,9.1750,,true,0,0.008333,0.0000,0.0000,1.00,0.00,0.0000,22,1,295,295,0,0,100,1,11,11,0,246528,0,295,0,0,898969600,0.000000,0.000000,0.000000,0.00,0,2,4,25,17,20,26,13,24,55,97,12,0,0,0,0,0,0,0.0004,0.0216,0.0856,0.0007,0.0035,0.0048,9.1750,0.0197,0.0000,5.3722,0.0008,0.1236,0.1708,0.0025,0.0012,4.8239
2440,30.8150,0.0000,12.2306,4.6069,,true,0,0.008333,0.0000,0.0000,1.00,0.00,0.0000,22,1,295,295,0,0,100,1,11,11,0,246528,0,295,0,0,898969600,0.000000,0.000000,0.000000,0.00,0,2,4,25,17,20,26,13,24,55,97,12,0,0,0,0,0,0,0.0005,0.0215,0.0398,0.0008,0.0021,0.0039,4.6069,0.0160,0.0000,0.3777,0.0010,0.0004,0.1419,0.0014,0.0010,0.0003
2441,30.8255,0.0000,11.5545,3.6028,,true,0,0.008333,0.0000,0.0000,1.00,0.00,0.0000,22,1,295,295,0,0,100,1,11,11,0,246528,0,295,0,0,898969600,0.000000,0.000000,0.000000,0.00,0,2,4,25,17,20,26,13,24,55,97,12,0,0,0,0,0,0,0.0004,0.0180,0.0374,0.0010,0.0019,0.0057,3.6028,0.0174,0.0000,0.4171,0.0004,0.0002,0.1582,0.0016,0.0005,0.0003
2442,30.8384,0.0000,12.9801,3.5972,,true,0,0.008333,0.0000,0.0000,1.00,0.00,0.0000,22,1,295,295,0,0,100,1,11,11,0,246528,0,295,0,0,898969600,0.000000,0.000000,0.000000,0.00,0,2,4,25,17,20,26,13,24,55,97,12,0,0,0,0,0,0,0.0002,0.0216,0.0386,0.0007,0.0058,0.0043,3.5972,0.0167,0.0000,0.3851,0.0008,0.0000,0.1365,0.0016,0.0006,0.0008
2443,30.8525,0.0000,14.1475,3.4250,,true,0,0.008333,0.0000,0.0000,1.00,0.00,0.0000,22,1,295,295,0,0,100,1,11,11,0,246528,0,295,0,0,898969600,0.000000,0.000000,0.000000,0.00,0,2,4,25,17,20,26,13,24,55,97,12,0,0,0,0,0,0,0.0008,0.0179,0.0337,0.0011,0.0032,0.0048,3.4250,0.0142,0.0000,0.3604,0.0006,0.0014,0.1258,0.0011,0.0021,0.0014
2444,30.8617,0.0000,9.7348,3.0352,,true,0,0.008333,0.0000,0.0000,1.00,0.00,0.0000,22,1,295,295,0,0,100,1,11,11,0,246528,0,295,0,0,898969600,0.000000,0.000000,0.000000,0.00,0,2,4,25,17,20,26,13,24,55,97,12,0,0,0,0,0,0,0.0005,0.0173,0.0337,0.0007,0.0028,0.0045,3.0352,0.0154,0.0000,0.3749,0.0006,0.0004,0.1304,0.0013,0.0005,0.0006
2445,30.8741,0.0000,12.5086,2.8949,,true,0,0.008333,0.0000,0.0000,1.00,0.00,0.0000,22,1,295,295,0,0,100,1,11,11,0,246528,0,295,0,0,898969600,0.000000,0.000000,0.000000,0.00,0,2,4,25,17,20,26,13,24,55,97,12,0,0,0,0,0,0,0.0007,0.0191,0.0316,0.0004,0.0038,0.0072,2.8949,0.0160,0.0000,0.3519,0.0005,0.0004,0.1324,0.0014,0.0011,0.0010
2446,30.8862,0.0000,12.2302,2.8691,,true,0,0.008333,0.0000,0.0000,1.00,0.00,0.0000,22,1,295,295,0,0,100,1,11,11,0,246528,0,295,0,0,898969600,0.000000,0.000000,0.000000,0.00,0,2,4,25,17,20,26,13,24,55,97,12,0,0,0,0,0,0,0.0003,0.0143,0.0344,0.0005,0.0020,0.0036,2.8691,0.0144,0.0000,0.3430,0.0006,0.0006,0.1261,0.0009,0.0009,0.0006
2447,30.8988,0.0000,12.5360,2.8454,,true,0,0.008333,0.0000,0.0000,1.00,0.00,0.0000,22,1,295,295,0,0,100,1,11,11,0,246528,0,295,0,0,898969600,0.000000,0.000000,0.000000,0.00,0,2,4,25,17,20,26,13,24,55,97,12,0,0,0,0,0,0,0.0007,0.0150,0.0362,0.0009,0.0022,0.0041,2.8454,0.0157,0.0000,0.3509,0.0004,0.0005,0.1320,0.0007,0.0010,0.0007
2448,30.9117,0.0000,12.8453,2.8515,,true,0,0.008333,0.0000,0.0000,1.00,0.00,0.0000,22,1,295,295,0,0,100,1,11,11,0,246528,0,295,0,0,898969600,0.000000,0.000000,0.000000,0.00,0,2,4,25,17,20,26,13,24,55,97,12,0,0,0,0,0,0,0.0006,0.0205,0.0384,0.0007,0.0019,0.0050,2.8515,0.0134,0.0000,0.3459,0.0005,0.0004,0.1258,0.0010,0.0005,0.0010
2449,30.9235,0.0000,10.9559,3.5354,,true,0,0.008333,0.0000,0.0000,1.00,0.00,0.0000,22,1,295,295,0,0,100,1,11,11,0,246528,0,295,0,0,898969600,0.000000,0.000000,0.000000,0.00,0,2,4,25,17,20,26,13,24,55,97,12,0,0,0,0,0,0,0.0003,0.0143,0.0306,0.0008,0.0030,0.0043,3.5354,0.0167,0.0000,0.3334,0.0005,0.0004,0.1295,0.0011,0.0010,0.0008
2450,30.9346,0.0000,11.9181,2.9019,,true,0,0.008333,0.0000,0.0000,1.00,0.00,0.0000,22,1,295,295,0,0,100,1,11,11,0,246528,0,295,0,0,898969600,0.000000,0.000000,0.000000,0.00,0,2,4,25,17,20,26,13,24,55,97,12,0,0,0,0,0,0,0.0004,0.0196,0.0334,0.0008,0.0031,0.0047,2.9019,0.0163,0.0000,0.3778,0.0009,0.0009,0.1334,0.0011,0.0012,0.0010
2451,30.9494,0.0000,14.4603,3.2294,,true,0,0.008333,0.0000,0.0000,1.00,0.00,0.0000,22,1,295,295,0,0,100,1,11,11,0,246528,0,295,0,0,898969600,0.000000,0.000000,0.000000,0.00,0,2,4,25,17,20,26,13,24,55,97,12,0,0,0,0,0,0,0.0004,0.0176,0.0400,0.0009,0.0033,0.0058,3.2294,0.0165,0.0000,0.3517,0.0004,0.0004,0.1310,0.0015,0.0011,0.0007
2452,30.9596,0.0000,10.0708,3.4790,,true,0,0.008333,0.0000,0.0000,1.00,0.00,0.0000,22,1,295,295,0,0,100,1,11,11,0,246528,0,295,0,0,898969600,0.000000,0.000000,0.000000,0.00,0,2,4,25,17,20,26,13,24,55,97,12,0,0,0,0,0,0,0.0003,0.0229,0.0566,0.0007,0.0035,0.0061,3.4790,0.0221,0.0000,0.4456,0.0008,0.0008,0.1746,0.0018,0.0015,0.0008
2453,30.9740,0.0000,14.2362,3.5927,,true,0,0.008333,0.0000,0.0000,1.00,0.00,0.0000,22,1,295,295,0,0,100,1,11,11,0,246528,0,295,0,0,898969600,0.000000,0.000000,0.000000,0.00,0,2,4,25,17,20,26,13,24,55,97,12,0,0,0,0,0,0,0.0005,0.0201,0.0365,0.0006,0.0026,0.0059,3.5927,0.0192,0.0000,0.3855,0.0006,0.0005,0.1418,0.0013,0.0017,0.0014
2454,30.9869,0.0000,11.8932,4.4217,,true,0,0.008333,0.0000,0.0000,1.00,0.00,0.0000,22,1,295,295,0,0,100,1,11,11,0,246528,0,295,0,0,898969600,0.000000,0.000000,0.000000,0.00,0,2,4,25,17,20,26,13,24,55,97,12,0,0,0,0,0,0,0.0008,0.0308,0.0575,0.0029,0.0051,0.0066,4.4217,0.0151,0.0000,0.4754,0.0006,0.0009,0.1767,0.0020,0.0010,0.0006
2455,31.0004,0.0000,13.7768,4.0319,,true,0,0.008333,0.0000,0.0000,1.00,0.00,0.0000,22,1,295,295,0,0,100,1,11,11,0,246528,0,295,0,0,898969600,0.000000,0.000000,0.000000,0.00,0,2,4,25,17,20,26,13,24,55,97,12,0,0,0,0,0,0,0.0005,0.0202,0.0357,0.0017,0.0042,0.0058,4.0319,0.0161,0.0000,0.4041,0.0004,0.0007,0.1344,0.0016,0.0013,0.0010
2456,31.0188,0.0000,12.0265,10.1046,,true,0,0.008333,0.0000,0.0000,1.00,0.00,0.0000,22,1,295,295,0,0,100,1,11,11,0,246528,0,295,0,0,898969600,0.000000,0.000000,0.000000,0.00,0,2,4,25,17,20,26,13,24,55,97,12,0,0,0,0,0,0,0.0002,0.0310,0.0393,0.0006,0.0016,0.0042,10.1046,0.0324,0.0000,0.4067,0.0005,0.0004,0.1302,0.0013,0.0017,0.0012
2457,31.0272,0.0000,14.4622,4.4694,,true,0,0.008333,0.0000,0.0000,1.00,0.00,0.0000,22,1,295,295,0,0,100,1,11,11,0,246528,0,295,0,0,898969600,0.000000,0.000000,0.000000,0.00,0,2,4,25,17,20,26,13,24,55,97,12,0,0,0,0,0,0,0.0006,0.0197,0.0524,0.0011,0.0030,0.0057,4.4694,0.0189,0.0000,0.3918,0.0007,0.0006,0.1525,0.0019,0.0010,0.0011
2458,31.0407,0.0000,13.2410,4.5906,,true,0,0.008333,0.0000,0.0000,1.00,0.00,0.0000,22,1,295,295,0,0,100,1,11,11,0,246528,0,295,0,0,898969600,0.000000,0.000000,0.000000,0.00,0,2,4,25,17,20,26,13,24,55,97,12,0,0,0,0,0,0,0.0003,0.0326,0.0455,0.0034,0.0043,0.0074,4.5906,0.0224,0.0000,0.5041,0.0005,0.0007,0.1811,0.0014,0.0010,0.0006
2459,31.0572,0.0000,12.8943,7.8744,,true,0,0.008333,0.0000,0.0000,1.00,0.00,0.0000,22,1,295,295,0,0,100,1,11,11,0,246528,0,295,0,0,898969600,0.000000,0.000000,0.000000,0.00,0,2,4,25,17,20,26,13,24,55,97,12,0,0,0,0,0,0,0.0007,0.0235,0.0560,0.0009,0.0044,0.0073,7.8744,0.0257,0.0000,0.5331,0.0005,0.0008,0.2268,0.0015,0.0014,0.0007
2460,31.0721,0.0000,15.6057,6.9357,,true,0,0.008333,0.0000,0.0000,1.00,0.00,0.0000,22,1,295,295,0,0,100,1,11,11,0,246528,0,295,0,0,898969600,0.000000,0.000000,0.000000,0.00,0,2,4,25,17,20,26,13,24,55,97,12,0,0,0,0,0,0,0.0006,0.0314,0.0320,0.0024,0.0067,0.0081,6.9357,0.0165,0.0000,0.3716,0.0006,0.0008,0.1380,0.0013,0.0010,0.0007
2461,31.0838,0.0000,14.6290,4.2341,,true,0,0.008333,0.0000,0.0000,1.00,0.00,0.0000,22,1,295,295,0,0,100,1,11,11,0,246528,0,295,0,0,898969600,0.000000,0.000000,0.000000,0.00,0,2,4,25,17,20,26,13,24,55,97,12,0,0,0,0,0,0,0.0006,0.0250,0.0332,0.0011,0.0062,0.0065,4.2341,0.0145,0.0000,0.3698,0.0007,0.0008,0.1332,0.0015,0.0013,0.0008
2462,31.0960,0.0000,12.1574,4.2451,,true,0,0.008333,0.0000,0.0000,1.00,0.00,0.0000,22,1,295,295,0,0,100,1,11,11,0,246528,0,295,0,0,898969600,0.000000,0.000000,0.000000,0.00,0,2,4,25,17,20,26,13,24,55,97,12,0,0,0,0,0,0,0.0003,0.0379,0.0583,0.0011,0.0035,0.0061,4.2451,0.0248,0.0000,0.4246,0.0003,0.0003,0.1813,0.0016,0.0009,0.0007
2463,31.1077,0.0000,12.6682,3.6525,,true,0,0.008333,0.0000,0.0000,1.00,0.00,0.0000,22,1,295,295,0,0,100,1,11,11,0,246528,0,295,0,0,898969600,0.000000,0.000000,0.000000,0.00,0,2,4,25,17,20,26,13,24,55,97,12,0,0,0,0,0,0,0.0009,0.0231,0.0388,0.0012,0.0034,0.0048,3.6525,0.0155,0.0000,0.3689,0.0004,0.0002,0.1329,0.0014,0.0011,0.0009
2464,31.1199,0.0000,10.5950,5.6822,,true,0,0.008333,0.0000,0.0000,1.00,0.00,0.0000,22,1,295,295,0,0,100,1,11,11,0,246528,0,295,0,0,898969600,0.000000,0.000000,0.000000,0.00,0,2,4,25,17,20,26,13,24,55,97,12,0,0,0,0,0,0,0.0002,0.0166,0.0276,0.0005,0.0014,0.0056,5.6822,0.0177,0.0000,0.3269,0.0006,0.0003,0.1258,0.0015,0.0012,0.0010
2465,31.1332,0.0000,14.0872,4.3954,,true,0,0.008333,0.0000,0.0000,1.00,0.00,0.0000,22,1,295,295,0,0,100,1,11,11,0,246528,0,295,0,0,898969600,0.000000,0.000000,0.000000,0.00,0,2,4,25,17,20,26,13,24,55,97,12,0,0,0,0,0,0,0.0005,0.0209,0.0465,0.0009,0.0032,0.0076,4.3954,0.0212,0.0000,0.4277,0.0004,0.0004,0.1831,0.0011,0.0009,0.0015
2466,31.1438,0.0000,11.1628,4.0730,,true,0,0.008333,0.0000,0.0000,1.00,0.00,0.0000,22,1,295,295,0,0,100,1,11,11,0,246528,0,295,0,0,898969600,0.000000,0.000000,0.000000,0.00,0,2,4,25,17,20,26,13,24,55,97,12,0,0,0,0,0,0,0.0003,0.0245,0.0382,0.0013,0.0054,0.0094,4.0730,0.0168,0.0000,0.3330,0.0008,0.0004,0.1169,0.0015,0.0017,0.0010
2467,31.1600,0.0000,15.2104,4.6852,,true,0,0.008333,0.0000,0.0000,1.00,0.00,0.0000,22,1,295,295,0,0,100,1,11,11,0,246528,0,295,0,0,898969600,0.000000,0.000000,0.000000,0.00,0,2,4,25,17,20,26,13,24,55,97,12,0,0,0,0,0,0,0.0005,0.0173,0.0326,0.0010,0.0031,0.0250,4.6852,0.0156,0.0000,0.2978,0.0005,0.0004,0.1090,0.0012,0.0014,0.0008
2468,31.1749,0.0000,13.9416,5.5840,,true,0,0.008333,0.0000,0.0000,1.00,0.00,0.0000,22,1,295,295,0,0,100,1,11,11,0,246528,0,295,0,0,898969600,0.000000,0.000000,0.000000,0.00,0,2,4,25,17,20,26,13,24,55,97,12,0,0,0,0,0,0,0.0005,0.0294,0.0380,0.0011,0.0031,0.0089,5.5840,0.0157,0.0000,0.4131,0.0006,0.0005,0.1335,0.0033,0.0021,0.0005
2469,31.1844,0.0000,10.3872,4.9617,,true,0,0.008333,0.0000,0.0000,1.00,0.00,0.0000,22,1,295,295,0,0,100,1,11,11,0,246528,0,295,0,0,898969600,0.000000,0.000000,0.000000,0.00,0,2,4,25,17,20,26,13,24,55,97,12,0,0,0,0,0,0,0.0006,0.0260,0.0784,0.0016,0.0045,0.0093,4.9617,0.0280,0.0000,0.4233,0.0005,0.0004,0.1722,0.0014,0.0018,0.0010
2470,31.1958,0.0000,12.5288,4.0685,,true,0,0.008333,0.0000,0.0000,1.00,0.00,0.0000,22,1,295,295,0,0,100,1,11,11,0,246528,0,295,0,0,898969600,0.000000,0.000000,0.000000,0.00,0,2,4,25,17,20,26,13,24,55,97,12,0,0,0,0,0,0,0.0007,0.0375,0.0479,0.0016,0.0167,0.0081,4.0685,0.0210,0.0000,0.4828,0.0008,0.0014,0.1852,0.0020,0.0014,0.0009
2471,31.2090,0.0000,13.3074,3.9172,,true,0,0.008333,0.0000,0.0000,1.00,0.00,0.0000,22,1,295,295,0,0,100,1,11,11,0,246528,0,295,0,0,898969600,0.000000,0.000000,0.000000,0.00,0,2,4,25,17,20,26,13,24,55,97,12,0,0,0,0,0,0,0.0005,0.0190,0.0445,0.0009,0.0033,0.0053,3.9172,0.0187,0.0000,0.3714,0.0006,0.0006,0.1383,0.0016,0.0015,0.0010
2472,31.2217,0.0000,13.1032,3.3428,,true,0,0.008333,0.0000,0.0000,1.00,0.00,0.0000,22,1,295,295,0,0,100,1,11,11,0,246528,0,295,0,0,898969600,0.000000,0.000000,0.000000,0.00,0,2,4,25,17,20,26,13,24,55,97,12,0,0,0,0,0,0,0.0005,0.0200,0.0348,0.0007,0.0036,0.0060,3.3428,0.0157,0.0000,0.3799,0.0006,0.0002,0.1493,0.0016,0.0013,0.0006
2473,31.2357,0.0000,13.7556,3.8489,,true,0,0.008333,0.0000,0.0000,1.00,0.00,0.0000,22,1,295,295,0,0,100,1,11,11,0,246528,0,295,0,0,898969600,0.000000,0.000000,0.000000,0.00,0,2,4,25,17,20,26,13,24,55,97,12,0,0,0,0,0,0,0.0004,0.0201,0.0677,0.0009,0.0034,0.0083,3.8489,0.0281,0.0000,0.4075,0.0004,0.0009,0.1726,0.0021,0.0010,0.0007
2474,31.2494,0.0000,12.2033,4.9997,,true,0,0.008333,0.0000,0.0000,1.00,0.00,0.0000,22,1,295,295,0,0,100,1,11,11,0,246528,0,295,0,0,898969600,0.000000,0.000000,0.000000,0.00,0,2,4,25,17,20,26,13,24,55,97,12,0,0,0,0,0,0,0.0003,0.0294,0.0466,0.0021,0.0182,0.0057,4.9997,0.0244,0.0000,0.4770,0.0007,0.0006,0.1852,0.0018,0.0017,0.0014
2475,31.2650,0.0000,15.8058,4.5477,,true,0,0.008333,0.0000,0.0000,1.00,0.00,0.0000,22,1,295,295,0,0,100,1,11,11,0,246528,0,295,0,0,898969600,0.000000,0.000000,0.000000,0.00,0,2,4,25,17,20,26,13,24,55,97,12,0,0,0,0,0,0,0.0006,0.0220,0.0574,0.0018,0.0037,0.0067,4.5477,0.0256,0.0000,0.4174,0.0006,0.0006,0.1712,0.0016,0.0010,0.0009
2476,31.2764,0.0000,12.2430,3.9791,,true,0,0.008333,0.0000,0.0000,1.00,0.00,0.0000,22,1,295,295,0,0,100,1,11,11,0,246528,0,295,0,0,898969600,0.000000,0.000000,0.000000,0.00,0,2,4,25,17,20,26,13,24,55,97,12,0,0,0,0,0,0,0.0006,0.0200,0.0378,0.0009,0.0040,0.0090,3.9791,0.0185,0.0000,0.4071,0.0006,0.0004,0.1176,0.0020,0.0010,0.0009
2477,31.2872,0.0000,11.3666,3.6183,,true,0,0.008333,0.0000,0.0000,1.00,0.00,0.0000,22,1,295,295,0,0,100,1,11,11,0,246528,0,295,0,0,898969600,0.000000,0.000000,0.000000,0.00,0,2,4,25,17,20,26,13,24,55,97,12,0,0,0,0,0,0,0.0003,0.0207,0.0354,0.0008,0.0032,0.0049,3.6183,0.0196,0.0000,0.4034,0.0007,0.0003,0.1418,0.0021,0.0010,0.0005
2478,31.3019,0.0000,14.3790,3.9758,,true,0,0.008333,0.0000,0.0000,1.00,0.00,0.0000,22,1,295,295,0,0,100,1,11,11,0,246528,0,295,0,0,898969600,0.000000,0.000000,0.000000,0.00,0,2,4,25,17,20,26,13,24,55,97,12,0,0,0,0,0,0,0.0011,0.0251,0.0402,0.0011,0.0041,0.0054,3.9758,0.0190,0.0000,0.4020,0.0006,0.0005,0.1388,0.0014,0.0013,0.0008
2479,31.3147,0.0000,12.6640,4.0641,,true,0,0.008333,0.0000,0.0000,1.00,0.00,0.0000,22,1,295,295,0,0,100,1,11,11,0,246528,0,295,0,0,898969600,0.000000,0.000000,0.000000,0.00,0,2,4,25,17,20,26,13,24,55,97,12,0,0,0,0,0,0,0.0015,0.0177,0.0693,0.0024,0.0042,0.0069,4.0641,0.0221,0.0000,0.3417,0.0005,0.0004,0.1266,0.0015,0.0013,0.0005
2480,31.3264,0.0000,12.0316,3.9356,,true,0,0.008333,0.0000,0.0000,1.00,0.00,0.0000,22,1,295,295,0,0,100,1,11,11,0,246528,0,295,0,0,898969600,0.000000,0.000000,0.000000,0.00,0,2,4,25,17,20,26,13,24,55,97,12,0,0,0,0,0,0,0.0007,0.0209,0.0504,0.0012,0.0033,0.0055,3.9356,0.0243,0.0000,0.4636,0.0005,0.0007,0.2063,0.0012,0.0009,0.0007
2481,31.3416,0.0000,12.1573,6.4553,,true,0,0.008333,0.0000,0.0000,1.00,0.00,0.0000,22,1,295,295,0,0,100,1,11,11,0,246528,0,295,0,0,898969600,0.000000,0.000000,0.000000,0.00,0,2,4,25,17,20,26,13,24,55,97,12,0,0,0,0,0,0,0.0013,0.0454,0.0691,0.0009,0.0039,0.0165,6.4553,0.0357,0.0000,0.5807,0.0006,0.0005,0.2167,0.0024,0.0009,0.0012
2482,31.3617,0.0000,20.4426,6.1652,,true,0,0.008333,0.0000,0.0000,1.00,0.00,0.0000,22,1,295,295,0,0,100,1,11,11,0,246528,0,295,0,0,898969600,0.000000,0.000000,0.000000,0.00,0,2,4,25,17,20,26,13,24,55,97,12,0,0,0,0,0,0,0.0006,0.0404,0.0433,0.0021,0.0045,0.0100,6.1652,0.0238,0.0000,0.5201,0.0009,0.0010,0.1963,0.0018,0.0031,0.0012
2483,31.3730,0.0000,11.6201,5.8386,,true,0,0.008333,0.0000,0.0000,1.00,0.00,0.0000,22,1,295,295,0,0,100,1,11,11,0,246528,0,295,0,0,898969600,0.000000,0.000000,0.000000,0.00,0,2,4,25,17,20,26,13,24,55,97,12,0,0,0,0,0,0,0.0009,0.0203,0.0542,0.0029,0.0038,0.0088,5.8386,0.0195,0.0000,0.3901,0.0010,0.0004,0.1481,0.0013,0.0010,0.0005
2484,31.3857,0.0000,13.4705,3.9413,,true,0,0.008333,0.0000,0.0000,1.00,0.00,0.0000,22,1,295,295,0,0,100,1,11,11,0,246528,0,295,0,0,898969600,0.000000,0.000000,0.000000,0.00,0,2,4,25,17,20,26,13,24,55,97,12,0,0,0,0,0,0,0.0005,0.0217,0.0420,0.0011,0.0035,0.0069,3.9413,0.0211,0.0000,0.3798,0.0007,0.0009,0.1344,0.0024,0.0008,0.0009
2485,31.3974,0.0000,12.0511,4.8403,,true,0,0.008333,0.0000,0.0000,1.00,0.00,0.0000,22,1,295,295,0,0,100,1,11,11,0,246528,0,295,0,0,898969600,0.000000,0.000000,0.000000,0.00,0,2,4,25,17,20,26,13,24,55,97,12,0,0,0,0,0,0,0.0007,0.0222,0.0698,0.0008,0.0039,0.0064,4.8403,0.0476,0.0000,0.5101,0.0007,0.0005,0.2109,0.0022,0.0016,0.0021
2486,31.4199,0.0000,17.3382,9.1473,,true,0,0.008333,0.0000,0.0000,1.00,0.00,0.0000,22,1,295,295,0,0,100,1,11,11,0,246528,0,295,0,0,898969600,0.000000,0.000000,0.000000,0.00,0,2,4,25,17,20,26,13,24,55,97,12,0,0,0,0,0,0,0.0016,0.0623,0.0406,0.0024,0.0051,0.0184,9.1473,0.0168,0.0000,0.4965,0.0011,0.0008,0.1321,0.0034,0.0014,0.0010
2487,31.4366,0.0000,19.3518,7.3813,,true,0,0.008333,0.0000,0.0000,1.00,0.00,0.0000,22,1,295,295,0,0,100,1,11,11,0,246528,0,295,0,0,898969600,0.000000,0.000000,0.000000,0.00,0,2,4,25,17,20,26,13,24,55,97,12,0,0,0,0,0,0,0.0013,0.0362,0.0955,0.0016,0.0070,0.0139,7.3813,0.0457,0.0000,0.6622,0.0010,0.0011,0.2551,0.0021,0.0009,0.0022
2488,31.4475,0.0000,11.0562,6.6208,,true,0,0.008333,0.0000,0.0000,1.00,0.00,0.0000,22,1,295,295,0,0,100,1,11,11,0,246528,0,295,0,0,898969600,0.000000,0.000000,0.000000,0.00,0,2,4,25,17,20,26,13,24,55,97,12,0,0,0,0,0,0,0.0006,0.0353,0.0323,0.0008,0.0044,0.0085,6.6208,0.0223,0.0000,0.4355,0.0005,0.0006,0.1496,0.0012,0.0015,0.0006
2489,31.4674,0.0000,14.5979,11.2073,,true,0,0.008333,0.0000,0.0000,1.00,0.00,0.0000,22,1,295,295,0,0,100,1,11,11,0,246528,0,295,0,0,898969600,0.000000,0.000000,0.000000,0.00,0,2,4,25,17,20,26,13,24,55,97,12,0,0,0,0,0,0,0.0005,0.0161,0.0547,0.0022,0.0050,0.0040,11.2073,0.0205,0.0000,0.4998,0.0004,0.0006,0.2056,0.0019,0.0009,0.0010
2490,31.4977,0.0000,25.7188,16.7997,,true,0,0.008333,0.0000,0.0000,1.00,0.00,0.0000,22,1,295,295,0,0,100,1,11,11,0,246528,0,295,0,0,898969600,0.000000,0.000000,0.000000,0.00,0,2,4,25,17,20,26,13,24,55,97,12,0,0,0,0,0,0,0.0029,0.0666,0.2503,0.0032,0.0084,0.0118,16.7997,0.0963,0.0000,0.6551,0.0007,0.0006,0.2492,0.0065,0.0017,0.0013
2491,31.5248,0.0000,21.8410,20.5998,,true,0,0.008333,0.0000,0.0000,1.00,0.00,0.0000,22,1,295,295,0,0,100,1,11,11,0,246528,0,295,0,0,898969600,0.000000,0.000000,0.000000,0.00,0,2,4,25,17,20,26,13,24,55,97,12,0,0,0,0,0,0,0.0005,0.0265,0.1166,0.0008,0.0049,0.0067,20.5998,0.0450,0.0000,0.8594,0.0005,0.0009,0.5557,0.0012,0.0008,0.0007
2492,31.5440,0.0000,29.4458,11.5101,,true,0,0.008333,0.0000,0.0000,1.00,0.00,0.0000,22,1,295,295,0,0,100,1,11,11,0,246528,0,295,0,0,898969600,0.000000,0.000000,0.000000,0.00,0,2,4,25,17,20,26,13,24,55,97,12,0,0,0,0,0,0,0.0010,0.0429,0.0772,0.0029,0.0081,0.0119,11.5101,0.0421,0.0000,0.6406,0.0012,0.0005,0.2646,0.0029,0.0017,0.0007
2493,31.5708,0.0000,16.8980,20.6609,,true,0,0.008333,0.0000,0.0000,1.00,0.00,0.0000,22,1,295,295,0,0,100,1,11,11,0,246528,0,295,0,0,898969600,0.000000,0.000000,0.000000,0.00,0,2,4,25,17,20,26,13,24,55,97,12,0,0,0,0,0,0,0.0024,0.1034,0.0507,0.0038,0.0084,0.0239,20.6609,0.0144,0.0000,7.5362,0.0002,0.1592,0.1249,0.0022,0.0005,6.8241
2494,31.5896,0.0000,23.5018,9.9761,,true,0,0.008333,0.0000,0.0000,1.00,0.00,0.0000,22,1,295,295,0,0,100,1,11,11,0,246528,0,295,0,0,898969600,0.000000,0.000000,0.000000,0.00,0,2,4,25,17,20,26,13,24,55,97,12,0,0,0,0,0,0,0.0011,0.0212,0.0514,0.0014,0.0027,0.0060,9.9761,0.0154,0.0000,0.4339,0.0005,0.0004,0.1723,0.0008,0.0006,0.0004
2495,31.6117,0.0000,19.5618,17.9210,,true,0,0.008333,0.0000,0.0000,1.00,0.00,0.0000,22,1,295,295,0,0,100,1,11,11,0,246528,0,295,0,0,898969600,0.000000,0.000000,0.000000,0.00,0,2,4,25,17,20,26,13,24,55,97,12,0,0,0,0,0,0,0.0026,0.0460,0.1275,0.0046,0.0075,0.0178,17.9210,0.0529,0.0000,0.6830,0.0007,0.0012,0.2421,0.0034,0.0013,0.0010
2496,31.6307,0.0000,25.1016,10.9017,,true,0,0.008333,0.0000,0.0000,1.00,0.00,0.0000,22,1,295,295,0,0,100,1,11,11,0,246528,0,295,0,0,898969600,0.000000,0.000000,0.000000,0.00,0,2,4,25,17,20,26,13,24,55,97,12,0,0,0,0,0,0,0.0002,0.0103,0.0528,0.0011,0.0023,0.0040,10.9017,0.0150,0.0000,0.2409,0.0002,0.0002,0.0836,0.0006,0.0004,0.0003
2497,31.6502,0.0000,18.3206,12.7109,,true,0,0.008333,0.0000,0.0000,1.00,0.00,0.0000,22,1,295,295,0,0,100,1,11,11,0,246528,0,295,0,0,898969600,0.000000,0.000000,0.000000,0.00,0,2,4,25,17,20,26,13,24,55,97,12,0,0,0,0,0,0,0.0006,0.0478,0.0810,0.0044,0.0062,0.0168,12.7109,0.0936,0.0000,0.6003,0.0007,0.0003,0.2291,0.0023,0.0014,0.0010
2498,31.6672,0.0000,17.1825,13.6079,,true,0,0.008333,0.0000,0.0000,1.00,0.00,0.0000,22,1,295,295,0,0,100,1,11,11,0,246528,0,295,0,0,898969600,0.000000,0.000000,0.000000,0.00,0,2,4,25,17,20,26,13,24,55,97,12,0,0,0,0,0,0,0.0033,0.0547,0.2748,0.0045,0.0025,0.0175,13.6079,0.0539,0.0000,0.6829,0.0008,0.0006,0.2397,0.0051,0.0010,0.0016
2499,31.6844,0.0000,20.3474,10.3999,,true,0,0.008333,0.0000,0.0000,1.00,0.00,0.0000,22,1,295,295,0,0,100,1,11,11,0,246528,0,295,0,0,898969600,0.000000,0.000000,0.000000,0.00,0,2,4,25,17,20,26,13,24,55,97,12,0,0,0,0,0,0,0.0009,0.0517,0.0496,0.0095,0.0125,0.0240,10.3999,0.0533,0.0000,0.7801,0.0025,0.0016,0.2688,0.0027,0.0023,0.0020
2500,31.7017,0.0000,18.6196,9.9058,,true,0,0.008333,0.0000,0.0000,1.00,0.00,0.0000,22,1,295,295,0,0,100,1,11,11,0,246528,0,295,0,0,898969600,0.000000,0.000000,0.000000,0.00,0,2,4,25,17,20,26,13,24,55,97,12,0,0,0,0,0,0,0.0004,0.0283,0.0629,0.0010,0.0059,0.0071,9.9058,0.0405,0.0000,0.6630,0.0012,0.0010,0.3019,0.0032,0.0019,0.0021
2501,31.7195,0.0000,15.2981,12.1874,,true,0,0.008333,0.0000,0.0000,1.00,0.00,0.0000,22,1,295,295,0,0,100,1,11,11,0,246528,0,295,0,0,898969600,0.000000,0.000000,0.000000,0.00,0,2,4,25,17,20,26,13,24,55,97,12,0,0,0,0,0,0,0.0004,0.0175,0.0585,0.0014,0.0034,0.0045,12.1874,0.0323,0.0000,0.5022,0.0002,0.0003,0.2245,0.0022,0.0003,0.0005
2502,31.7318,0.0000,16.0530,7.8714,,true,0,0.008333,0.0000,0.0000,1.00,0.00,0.0000,22,1,295,295,0,0,100,1,11,11,0,246528,0,295,0,0,898969600,0.000000,0.000000,0.000000,0.00,0,2,4,25,17,20,26,13,24,55,97,12,0,0,0,0,0,0,0.0004,0.0223,0.3037,0.0007,0.0021,0.0034,7.8714,0.0279,0.0000,0.3284,0.0002,0.0004,0.1247,0.0006,0.0004,0.0002
2503,31.7467,0.0000,12.7077,10.8837,,true,0,0.008333,0.0000,0.0000,1.00,0.00,0.0000,22,1,295,295,0,0,100,1,11,11,0,246528,0,295,0,0,898969600,0.000000,0.000000,0.000000,0.00,0,2,4,25,17,20,26,13,24,55,97,12,0,0,0,0,0,0,0.0009,0.0511,0.1943,0.0015,0.0064,0.0117,10.8837,0.1504,0.0000,0.6409,0.0010,0.0007,0.3153,0.0024,0.0015,0.0009
2504,31.7623,0.0000,15.5747,10.5331,,true,0,0.008333,0.0000,0.0000,1.00,0.00,0.0000,22,1,295,295,0,0,100,1,11,11,0,246528,0,295,0,0,898969600,0.000000,0.000000,0.000000,0.00,0,2,4,25,17,20,26,13,24,55,97,12,0,0,0,0,0,0,0.0011,0.0652,0.1164,0.0031,0.0151,0.0242,10.5331,0.0722,0.0000,1.0061,0.0015,0.0018,0.3528,0.0026,0.0022,0.0020
2505,31.7797,0.0000,16.7444,11.1095,,true,0,0.008333,0.0000,0.0000,1.00,0.00,0.0000,22,1,295,295,0,0,100,1,11,11,0,246528,0,295,0,0,898969600,0.000000,0.000000,0.000000,0.00,0,2,4,25,17,20,26,13,24,55,97,12,0,0,0,0,0,0,0.0008,0.0808,0.2522,0.0034,0.0063,0.0200,11.1095,0.0491,0.0000,0.8138,0.0015,0.0018,0.2341,0.0041,0.0029,0.0035
2506,31.7932,0.0000,16.4209,7.8656,,true,0,0.008333,0.0000,0.0000,1.00,0.00,0.0000,22,1,295,295,0,0,100,1,11,11,0,246528,0,295,0,0,898969600,0.000000,0.000000,0.000000,0.00,0,2,4,25,17,20,26,13,24,55,97,12,0,0,0,0,0,0,0.0018,0.0402,0.0910,0.0015,0.0054,0.0140,7.8656,0.0464,0.0000,0.6733,0.0009,0.0009,0.2602,0.0032,0.0028,0.0032
2507,31.8085,0.0000,15.0294,8.8317,,true,0,0.008333,0.0000,0.0000,1.00,0.00,0.0000,22,1,295,295,0,0,100,1,11,11,0,246528,0,295,0,0,898969600,0.000000,0.000000,0.000000,0.00,0,2,4,25,17,20,26,13,24,55,97,12,0,0,0,0,0,0,0.0005,0.0383,0.0930,0.0030,0.0529,0.0135,8.8317,0.0431,0.0000,0.4896,0.0005,0.0009,0.1822,0.0035,0.0017,0.0011
2508,31.8214,0.0000,15.1067,6.6537,,true,0,0.008333,0.0000,0.0000,1.00,0.00,0.0000,22,1,295,295,0,0,100,1,11,11,0,246528,0,295,0,0,899010560,0.000000,0.000000,0.000000,0.00,0,2,4,25,17,20,26,13,24,55,97,12,0,0,0,0,0,0,0.0002,0.0157,0.0608,0.0005,0.0020,0.0038,6.6537,0.0250,0.0000,0.5568,0.0010,0.0017,0.2357,0.0019,0.0022,0.0023
2509,31.8318,0.0000,11.3207,5.7822,,true,0,0.008333,0.0000,0.0000,1.00,0.00,0.0000,22,1,295,295,0,0,100,1,11,11,0,246528,0,295,0,0,899010560,0.000000,0.000000,0.000000,0.00,0,2,4,25,17,20,26,13,24,55,97,12,0,0,0,0,0,0,0.0015,0.0260,0.0657,0.0008,0.0039,0.0089,5.7822,0.0242,0.0000,0.8118,0.0007,0.0014,0.5079,0.0019,0.0020,0.0011
2510,31.8430,0.0000,10.1873,6.9881,,true,0,0.008333,0.0000,0.0000,1.00,0.00,0.0000,22,1,295,295,0,0,100,1,11,11,0,246528,0,295,0,0,899010560,0.000000,0.000000,0.000000,0.00,0,2,4,25,17,20,26,13,24,55,97,12,0,0,0,0,0,0,0.0006,0.0230,0.0971,0.0007,0.0031,0.0090,6.9881,0.0391,0.0000,0.5685,0.0007,0.0008,0.2532,0.0041,0.0018,0.0008
2511,31.8566,0.0000,10.9852,8.3748,,true,0,0.008333,0.0000,0.0000,1.00,0.00,0.0000,22,1,295,295,0,0,100,1,11,11,0,246528,0,295,0,0,899010560,0.000000,0.000000,0.000000,0.00,0,2,4,25,17,20,26,13,24,55,97,12,0,0,0,0,0,0,0.0012,0.0234,0.0756,0.0015,0.0050,0.0090,8.3748,0.0678,0.0000,0.5078,0.0004,0.0003,0.2329,0.0027,0.0007,0.0005
2512,31.8705,0.0000,14.9183,8.1866,,true,0,0.008333,0.0000,0.0000,1.00,0.00,0.0000,22,1,295,295,0,0,100,1,11,11,0,246528,0,295,0,0,899010560,0.000000,0.000000,0.000000,0.00,0,2,4,25,17,20,26,13,24,55,97,12,0,0,0,0,0,0,0.0017,0.0387,0.0668,0.0042,0.0060,0.0095,8.1866,0.0319,0.0000,0.4648,0.0007,0.0008,0.1897,0.0016,0.0007,0.0019
2513,31.8868,0.0000,17.4948,6.8937,,true,0,0.008333,0.0000,0.0000,1.00,0.00,0.0000,22,1,295,295,0,0,100,1,11,11,0,246528,0,295,0,0,899010560,0.000000,0.000000,0.000000,0.00,0,2,4,25,17,20,26,13,24,55,97,12,0,0,0,0,0,0,0.0005,0.0237,0.0738,0.0014,0.0047,0.0072,6.8937,0.0530,0.0000,0.6254,0.0015,0.0005,0.2723,0.0012,0.0024,0.0016
2514,31.8972,0.0000,10.5465,6.8541,,true,0,0.008333,0.0000,0.0000,1.00,0.00,0.0000,22,1,295,295,0,0,100,1,11,11,0,246528,0,295,0,0,899010560,0.000000,0.000000,0.000000,0.00,0,2,4,25,17,20,26,13,24,55,97,12,0,0,0,0,0,0,0.0007,0.0429,0.0586,0.0008,0.0043,0.0122,6.8541,0.0255,0.0000,0.4633,0.0010,0.0003,0.1686,0.0020,0.0017,0.0008
2515,31.9147,0.0000,16.5425,7.6631,,true,0,0.008333,0.0000,0.0000,1.00,0.00,0.0000,22,1,295,295,0,0,100,1,11,11,0,246528,0,295,0,0,899010560,0.000000,0.000000,0.000000,0.00,0,2,4,25,17,20,26,13,24,55,97,12,0,0,0,0,0,0,0.0004,0.0234,0.0493,0.0016,0.0049,0.0070,7.6631,0.0226,0.0000,0.3878,0.0005,0.0003,0.1364,0.0012,0.0008,0.0008
2516,31.9306,0.0000,15.8552,7.1208,,true,0,0.008333,0.0000,0.0000,1.00,0.00,0.0000,22,1,295,295,0,0,100,1,11,11,0,246528,0,295,0,0,899010560,0.000000,0.000000,0.000000,0.00,0,2,4,25,17,20,26,13,24,55,97,12,0,0,0,0,0,0,0.0013,0.0391,0.0484,0.0015,0.0076,0.0140,7.1208,0.0400,0.0000,0.5341,0.0008,0.0009,0.1694,0.0024,0.0020,0.0016
2517,31.9382,0.0000,10.5123,4.9952,,true,0,0.008333,0.0000,0.0000,1.00,0.00,0.0000,22,1,295,295,0,0,100,1,11,11,0,246528,0,295,0,0,899010560,0.000000,0.000000,0.000000,0.00,0,2,4,25,17,20,26,13,24,55,97,12,0,0,0,0,0,0,0.0008,0.0292,0.0627,0.0019,0.0037,0.0065,4.9952,0.0210,0.0000,0.3744,0.0006,0.0007,0.1166,0.0018,0.0008,0.0001
2518,31.9568,0.0000,16.0803,7.6751,,true,0,0.008333,0.0000,0.0000,1.00,0.00,0.0000,22,1,295,295,0,0,100,1,11,11,0,246528,0,295,0,0,899010560,0.000000,0.000000,0.000000,0.00,0,2,4,25,17,20,26,13,24,55,97,12,0,0,0,0,0,0,0.0005,0.0287,0.0517,0.0018,0.0034,0.0059,7.6751,0.0415,0.0000,0.4866,0.0005,0.0007,0.1681,0.0018,0.0013,0.0009
2519,31.9772,0.0000,17.3135,10.2043,,true,0,0.008333,0.0000,0.0000,1.00,0.00,0.0000,22,1,295,295,0,0,100,1,11,11,0,246528,0,295,0,0,899010560,0.000000,0.000000,0.000000,0.00,0,2,4,25,17,20,26,13,24,55,97,12,0,0,0,0,0,0,0.0007,0.0506,0.0806,0.0017,0.0019,0.0112,10.2043,0.0762,0.0000,0.8468,0.0008,0.0005,0.3509,0.0036,0.0016,0.0009
2520,31.9930,0.0000,18.2110,7.3001,,true,0,0.008333,0.0000,0.0000,1.00,0.00,0.0000,22,1,295,295,0,0,100,1,11,11,0,246528,0,295,0,0,899010560,0.000000,0.000000,0.000000,0.00,0,2,4,25,17,20,26,13,24,55,97,12,0,0,0,0,0,0,0.0005,0.0398,0.3936,0.0017,0.0064,0.0102,7.3001,0.0320,0.0000,0.5566,0.0005,0.0011,0.2510,0.0022,0.0011,0.0007
2521,32.0058,0.0000,13.5109,7.3551,,true,0,0.008333,0.0000,0.0000,1.00,0.00,0.0000,22,1,295,295,0,0,100,1,11,11,0,246528,0,295,0,0,899010560,0.000000,0.000000,0.000000,0.00,0,2,4,25,17,20,26,13,24,55,97,12,0,0,0,0,0,0,0.0004,0.0388,0.1060,0.0013,0.0052,0.4684,7.3551,0.0662,0.0000,0.6158,0.0011,0.0018,0.2267,0.0039,0.0031,0.0008
2522,32.0154,0.0000,12.9509,4.6538,,true,0,0.008333,0.0000,0.0000,1.00,0.00,0.0000,22,1,295,295,0,0,100,1,11,11,0,246528,0,295,0,0,899010560,0.000000,0.000000,0.000000,0.00,0,2,4,25,17,20,26,13,24,55,97,12,0,0,0,0,0,0,0.0002,0.0189,0.0336,0.0013,0.0031,0.0049,4.6538,0.0150,0.0000,0.3624,0.0005,0.0003,0.1283,0.0013,0.0010,0.0008
2523,32.0270,0.0000,11.0031,5.1955,,true,0,0.008333,0.0000,0.0000,1.00,0.00,0.0000,22,1,295,295,0,0,100,1,11,11,0,246528,0,295,0,0,899010560,0.000000,0.000000,0.000000,0.00,0,2,4,25,17,20,26,13,24,55,97,12,0,0,0,0,0,0,0.0005,0.0299,0.0496,0.0014,0.0054,0.0069,5.1955,0.0234,0.0000,0.4931,0.0003,0.0003,0.1774,0.0016,0.0005,0.0003
2524,32.0459,0.0000,16.5853,6.7599,,true,0,0.008333,0.0000,0.0000,1.00,0.00,0.0000,22,1,295,295,0,0,100,1,11,11,0,246528,0,295,0,0,899010560,0.000000,0.000000,0.000000,0.00,0,2,4,25,17,20,26,13,24,55,97,12,0,0,0,0,0,0,0.0005,0.0281,0.0732,0.0020,0.0054,0.0068,6.7599,0.0263,0.0000,0.3444,0.0006,0.0004,0.1253,0.0014,0.0008,0.0004
2525,32.0670,0.0000,18.4789,9.8031,,true,0,0.008333,0.0000,0.0000,1.00,0.00,0.0000,22,1,295,295,0,0,100,1,11,11,0,246528,0,295,0,0,899010560,0.000000,0.000000,0.000000,0.00,0,2,4,25,17,20,26,13,24,55,97,12,0,0,0,0,0,0,0.0008,0.0382,0.1481,0.0033,0.0091,0.0112,9.8031,0.1005,0.0000,0.5212,0.0006,0.0002,0.2176,0.0018,0.0025,0.0011
2526,32.0834,0.0000,17.3940,8.2849,,true,0,0.008333,0.0000,0.0000,1.00,0.00,0.0000,22,1,295,295,0,0,100,1,11,11,0,246528,0,295,0,0,899010560,0.000000,0.000000,0.000000,0.00,0,2,4,25,17,20,26,13,24,55,97,12,0,0,0,0,0,0,0.0006,0.0231,0.0745,0.0010,0.0021,0.0042,8.2849,0.0356,0.0000,0.5812,0.0007,0.0009,0.2370,0.0023,0.0017,0.0006
2527,32.0929,0.0000,11.5671,6.8723,,true,0,0.008333,0.0000,0.0000,1.00,0.00,0.0000,22,1,295,295,0,0,100,1,11,11,0,246528,0,295,0,0,899010560,0.000000,0.000000,0.000000,0.00,0,2,4,25,17,20,26,13,24,55,97,12,0,0,0,0,0,0,0.0018,0.0241,0.1212,0.0007,0.0020,0.0031,6.8723,0.1187,0.0000,0.6386,0.0007,0.0009,0.2612,0.0025,0.0024,0.0015
2528,32.1054,0.0000,11.8518,6.9971,,true,0,0.008333,0.0000,0.0000,1.00,0.00,0.0000,22,1,295,295,0,0,100,1,11,11,0,246528,0,295,0,0,899010560,0.000000,0.000000,0.000000,0.00,0,2,4,25,17,20,26,13,24,55,97,12,0,0,0,0,0,0,0.0006,0.0206,0.0406,0.0010,0.0038,0.0065,6.9971,0.0184,0.0000,0.4699,0.0005,0.0006,0.1977,0.0014,0.0010,0.0005
2529,32.1209,0.0000,12.7884,9.7562,,true,0,0.008333,0.0000,0.0000,1.00,0.00,0.0000,22,1,295,295,0,0,100,1,11,11,0,246528,0,295,0,0,899010560,0.000000,0.000000,0.000000,0.00,0,2,4,25,17,20,26,13,24,55,97,12,0,0,0,0,0,0,0.0217,0.0482,0.0521,0.0014,0.0029,0.0124,9.7562,0.0456,0.0000,0.6152,0.0007,0.0019,0.2285,0.0016,0.0016,0.0007
2530,32.1361,0.0000,17.6690,7.7983,,true,0,0.008333,0.0000,0.0000,1.00,0.00,0.0000,22,1,295,295,0,0,100,1,11,11,0,246528,0,295,0,0,899010560,0.000000,0.000000,0.000000,0.00,0,2,4,25,17,20,26,13,24,55,97,12,0,0,0,0,0,0,0.0004,0.0320,0.0607,0.0014,0.0025,0.0058,7.7983,0.0204,0.0000,0.4860,0.0007,0.0005,0.1320,0.0012,0.0008,0.0007
2531,32.1504,0.0000,15.3355,6.7700,,true,0,0.008333,0.0000,0.0000,1.00,0.00,0.0000,22,1,295,295,0,0,100,1,11,11,0,246528,0,295,0,0,899010560,0.000000,0.000000,0.000000,0.00,0,2,4,25,17,20,26,13,24,55,97,12,0,0,0,0,0,0,0.0004,0.0225,0.0436,0.0011,0.0028,0.0061,6.7700,0.0152,0.0000,0.5462,0.0008,0.0009,0.2571,0.0027,0.0010,0.0014
2532,32.1611,0.0000,11.4036,5.8173,,true,0,0.008333,0.0000,0.0000,1.00,0.00,0.0000,22,1,295,295,0,0,100,1,11,11,0,246528,0,295,0,0,899010560,0.000000,0.000000,0.000000,0.00,0,2,4,25,17,20,26,13,24,55,97,12,0,0,0,0,0,0,0.0007,0.0316,0.0545,0.0021,0.0046,0.0076,5.8173,0.0299,0.0000,0.4565,0.0004,0.0004,0.1477,0.0014,0.0010,0.0010
2533,32.1783,0.0000,16.1180,7.1219,,true,0,0.008333,0.0000,0.0000,1.00,0.00,0.0000,22,1,295,295,0,0,100,1,11,11,0,246528,0,295,0,0,899010560,0.000000,0.000000,0.000000,0.00,0,2,4,25,17,20,26,13,24,55,97,12,0,0,0,0,0,0,0.0006,0.0357,0.0574,0.0005,0.0033,0.0060,7.1219,0.0247,0.0000,0.5236,0.0005,0.0005,0.1887,0.0018,0.0010,0.0007
2534,32.1910,0.0000,14.0771,5.8221,,true,0,0.008333,0.0000,0.0000,1.00,0.00,0.0000,22,1,295,295,0,0,100,1,11,11,0,246528,0,295,0,0,899010560,0.000000,0.000000,0.000000,0.00,0,2,4,25,17,20,26,13,24,55,97,12,0,0,0,0,0,0,0.0005,0.0238,0.0515,0.0011,0.0034,0.0063,5.8221,0.0196,0.0000,0.3688,0.0007,0.0003,0.1342,0.0025,0.0013,0.0005
2535,32.2058,0.0000,13.9275,6.6576,,true,0,0.008333,0.0000,0.0000,1.00,0.00,0.0000,22,1,295,295,0,0,100,1,11,11,0,246528,0,295,0,0,899010560,0.000000,0.000000,0.000000,0.00,0,2,4,25,17,20,26,13,24,55,97,12,0,0,0,0,0,0,0.0014,0.0191,0.0415,0.0013,0.0037,0.0061,6.6576,0.0165,0.0000,0.3179,0.0005,0.0003,0.1163,0.0012,0.0020,0.0008
2536,32.2179,0.0000,13.8910,4.8786,,true,0,0.008333,0.0000,0.0000,1.00,0.00,0.0000,22,1,295,295,0,0,100,1,11,11,0,246528,0,295,0,0,899010560,0.000000,0.000000,0.000000,0.00,0,2,4,25,17,20,26,13,24,55,97,12,0,0,0,0,0,0,0.0007,0.0217,0.0490,0.0017,0.0039,0.0059,4.8786,0.0204,0.0000,0.3528,0.0004,0.0003,0.1277,0.0012,0.0011,0.0007
2537,32.2353,0.0000,15.9876,6.5649,,true,0,0.008333,0.0000,0.0000,1.00,0.00,0.0000,22,1,295,295,0,0,100,1,11,11,0,246528,0,295,0,0,899014656,0.000000,0.000000,0.000000,0.00,0,2,4,25,17,20,26,13,24,55,97,12,0,0,0,0,0,0,0.0005,0.0237,0.0456,0.0014,0.0027,0.0051,6.5649,0.0206,0.0000,0.4451,0.0004,0.0007,0.1771,0.0016,0.0014,0.0006
2538,32.2454,0.0000,11.8759,4.3162,,true,0,0.008333,0.0000,0.0000,1.00,0.00,0.0000,22,1,295,295,0,0,100,1,11,11,0,246528,0,295,0,0,899014656,0.000000,0.000000,0.000000,0.00,0,2,4,25,17,20,26,13,24,55,97,12,0,0,0,0,0,0,0.0012,0.0255,0.0329,0.0006,0.0028,0.0063,4.3162,0.0133,0.0000,0.3805,0.0006,0.0005,0.1387,0.0012,0.0010,0.0010
2539,32.2653,0.0000,13.7314,9.4027,,true,0,0.008333,0.0000,0.0000,1.00,0.00,0.0000,22,1,295,295,0,0,100,1,11,11,0,246528,0,295,0,0,899014656,0.000000,0.000000,0.000000,0.00,0,2,4,25,17,20,26,13,24,55,97,12,0,0,0,0,0,0,0.0006,0.0349,0.0445,0.0014,0.0056,0.0067,9.4027,0.0209,0.0000,0.4885,0.0006,0.0007,0.1478,0.0023,0.0017,0.0011
2540,32.2839,0.0000,18.6191,9.9705,,true,0,0.008333,0.0000,0.0000,1.00,0.00,0.0000,22,1,295,295,0,0,100,1,11,11,0,246528,0,295,0,0,899014656,0.000000,0.000000,0.000000,0.00,0,2,4,25,17,20,26,13,24,55,97,12,0,0,0,0,0,0,0.0017,0.0594,0.1126,0.0024,0.0080,0.0180,9.9705,0.0411,0.0000,0.8640,0.0011,0.0012,0.2878,0.0088,0.0009,0.0014
2541,32.3047,0.0000,18.8183,11.6498,,true,0,0.008333,0.0000,0.0000,1.00,0.00,0.0000,22,1,295,295,0,0,100,1,11,11,0,246528,0,295,0,0,899014656,0.000000,0.000000,0.000000,0.00,0,2,4,25,17,20,26,13,24,55,97,12,0,0,0,0,0,0,0.0022,0.1028,0.1171,0.0030,0.0140,0.0325,11.6498,0.0978,0.0000,1.0085,0.0020,0.0013,0.4052,0.0038,0.0035,0.0021
2542,32.3220,0.0000,18.2638,11.8224,,true,0,0.008333,0.0000,0.0000,1.00,0.00,0.0000,22,1,295,295,0,0,100,1,11,11,0,246528,0,295,0,0,899014656,0.000000,0.000000,0.000000,0.00,0,2,4,25,17,20,26,13,24,55,97,12,0,0,0,0,0,0,0.0008,0.0496,0.0521,0.0010,0.0089,0.0085,11.8224,0.0153,0.0000,6.3945,0.0004,0.1284,0.1535,0.0039,0.0009,5.7690
2543,32.3317,0.0000,12.4073,8.4453,,true,0,0.008333,0.0000,0.0000,1.00,0.00,0.0000,22,1,295,295,0,0,100,1,11,11,0,246528,0,295,0,0,899014656,0.000000,0.000000,0.000000,0.00,0,2,4,25,17,20,26,13,24,55,97,12,0,0,0,0,0,0,0.0002,0.0364,0.0566,0.0024,0.0057,0.0033,8.4453,0.0197,0.0000,0.2744,0.0004,0.0002,0.0752,0.0006,0.0005,0.0002
2544,32.3408,0.0000,12.3092,5.9735,,true,0,0.008333,0.0000,0.0000,1.00,0.00,0.0000,22,1,295,295,0,0,100,1,11,11,0,246528,0,295,0,0,899014656,0.000000,0.000000,0.000000,0.00,0,2,4,25,17,20,26,13,24,55,97,12,0,0,0,0,0,0,0.0006,0.0261,0.0561,0.0016,0.0050,0.0070,5.9735,0.0244,0.0000,0.6235,0.0003,0.0012,0.3051,0.0038,0.0009,0.0008
2545,32.3614,0.0000,14.0371,12.0146,,true,0,0.008333,0.0000,0.0000,1.00,0.00,0.0000,22,1,295,295,0,0,100,1,11,11,0,246528,0,295,0,0,899014656,0.000000,0.000000,0.000000,0.00,0,2,4,25,17,20,26,13,24,55,97,12,0,0,0,0,0,0,0.0002,0.0323,0.0623,0.0018,0.0071,0.0115,12.0146,0.0283,0.0000,0.5384,0.0007,0.0009,0.2067,0.0026,0.0018,0.0011
2546,32.3861,0.0000,25.9588,10.2756,,true,0,0.008333,0.0000,0.0000,1.00,0.00,0.0000,22,1,295,295,0,0,100,1,11,11,0,246528,0,295,0,0,899014656,0.000000,0.000000,0.000000,0.00,0,2,4,25,17,20,26,13,24,55,97,12,0,0,0,0,0,0,0.0012,0.0566,0.0944,0.0028,0.0118,0.0178,10.2756,0.0334,0.0000,0.7957,0.0010,0.0011,0.3148,0.0061,0.0024,0.0022
2547,32.4070,0.0000,19.6296,11.6289,,true,0,0.008333,0.0000,0.0000,1.00,0.00,0.0000,22,1,295,295,0,0,100,1,11,11,0,246528,0,295,0,0,899014656,0.000000,0.000000,0.000000,0.00,0,2,4,25,17,20,26,13,24,55,97,12,0,0,0,0,0,0,0.0009,0.1180,0.1280,0.0008,0.0101,0.0210,11.6289,0.0248,0.0000,1.0886,0.0005,0.0014,0.2817,0.0041,0.0013,0.0005
2548,32.4343,0.0000,22.7213,13.0768,,true,0,0.008333,0.0000,0.0000,1.00,0.00,0.0000,22,1,295,295,0,0,100,1,11,11,0,246528,0,295,0,0,899137536,0.000000,0.000000,0.000000,0.00,0,2,4,25,17,20,26,13,24,55,97,12,0,0,0,0,0,0,0.0016,0.1517,0.1229,0.0097,0.0135,0.0491,13.0768,0.0360,0.0000,1.6907,0.0039,0.0028,0.7117,0.0085,0.0031,0.0048
2549,32.4491,0.0000,22.9595,7.7151,,true,0,0.008333,0.0000,0.0000,1.00,0.00,0.0000,22,1,295,295,0,0,100,1,11,11,0,246528,0,295,0,0,899137536,0.000000,0.000000,0.000000,0.00,0,2,4,25,17,20,26,13,24,55,97,12,0,0,0,0,0,0,0.0003,0.0315,0.1034,0.0024,0.0073,0.0093,7.7151,0.0422,0.0000,0.8048,0.0012,0.0014,0.4245,0.0021,0.0027,0.0017
2550,32.4628,0.0000,13.4164,7.3765,,true,0,0.008333,0.0000,0.0000,1.00,0.00,0.0000,22,1,295,295,0,0,100,1,11,11,0,246528,0,295,0,0,899137536,0.000000,0.000000,0.000000,0.00,0,2,4,25,17,20,26,13,24,55,97,12,0,0,0,0,0,0,0.0003,0.0296,0.0778,0.0009,0.0035,0.0038,7.3765,0.0693,0.0000,0.3155,0.0002,0.0002,0.1075,0.0007,0.0005,0.0003
2551,32.4724,0.0000,11.2651,7.5238,,true,0,0.008333,0.0000,0.0000,1.00,0.00,0.0000,22,1,295,295,0,0,100,1,11,11,0,246528,0,295,0,0,899137536,0.000000,0.000000,0.000000,0.00,0,2,4,25,17,20,26,13,24,55,97,12,0,0,0,0,0,0,0.0010,0.0330,0.0912,0.0016,0.0042,0.0097,7.5238,0.0492,0.0000,0.5770,0.0002,0.0003,0.2967,0.0025,0.0004,0.0002
2552,32.4886,0.0000,12.1900,10.9971,,true,0,0.008333,0.0000,0.0000,1.00,0.00,0.0000,22,1,295,295,0,0,100,1,11,11,0,246528,0,295,0,0,899137536,0.000000,0.000000,0.000000,0.00,0,2,4,25,17,20,26,13,24,55,97,12,0,0,0,0,0,0,0.0010,0.0309,0.1512,0.0012,0.0048,0.0101,10.9971,0.0440,0.0000,0.6080,0.0012,0.0011,0.2531,0.0028,0.0033,0.0021
2553,32.5029,0.0000,17.3005,8.2441,,true,0,0.008333,0.0000,0.0000,1.00,0.00,0.0000,22,1,295,295,0,0,100,1,11,11,0,246528,0,295,0,0,899137536,0.000000,0.000000,0.000000,0.00,0,2,4,25,17,20,26,13,24,55,97,12,0,0,0,0,0,0,0.0005,0.0324,0.1241,0.0032,0.0045,0.0112,8.2441,0.0470,0.0000,0.5202,0.0012,0.0005,0.2280,0.0023,0.0015,0.0011
2554,32.5127,0.0000,11.9475,6.0417,,true,0,0.008333,0.0000,0.0000,1.00,0.00,0.0000,22,1,295,295,0,0,100,1,11,11,0,246528,0,295,0,0,899137536,0.000000,0.000000,0.000000,0.00,0,2,4,25,17,20,26,13,24,55,97,12,0,0,0,0,0,0,0.0002,0.0223,0.0666,0.0014,0.0035,0.0071,6.0417,0.0293,0.0000,0.4709,0.0007,0.0007,0.2277,0.0020,0.0010,0.0006
2555,32.5294,0.0000,12.8233,9.4500,,true,0,0.008333,0.0000,0.0000,1.00,0.00,0.0000,22,1,295,295,0,0,100,1,11,11,0,246528,0,295,0,0,899137536,0.000000,0.000000,0.000000,0.00,0,2,4,25,17,20,26,13,24,55,97,12,0,0,0,0,0,0,0.0021,0.0694,0.1621,0.0005,0.0117,0.0144,9.4500,0.0706,0.0000,0.8078,0.0008,0.0009,0.3873,0.0019,0.0012,0.0014
2556,32.5393,0.0000,14.8361,5.4425,,true,0,0.008333,0.0000,0.0000,1.00,0.00,0.0000,22,1,295,295,0,0,100,1,11,11,0,246528,0,295,0,0,899137536,0.000000,0.000000,0.000000,0.00,0,2,4,25,17,20,26,13,24,55,97,12,0,0,0,0,0,0,0.0005,0.0309,0.0469,0.0022,0.0045,0.0121,5.4425,0.0251,0.0000,0.6194,0.0009,0.0008,0.2384,0.0023,0.0019,0.0009
2557,32.5492,0.0000,9.3706,5.4796,,true,0,0.008333,0.0000,0.0000,1.00,0.00,0.0000,22,1,295,295,0,0,100,1,11,11,0,246528,0,295,0,0,899137536,0.000000,0.000000,0.000000,0.00,0,2,4,25,17,20,26,13,24,55,97,12,0,0,0,0,0,0,0.0006,0.0248,0.0652,0.0013,0.0045,0.0064,5.4796,0.0316,0.0000,0.4721,0.0006,0.0004,0.2078,0.0013,0.0011,0.0011
2558,32.5569,0.0000,8.8219,4.6606,,true,0,0.008333,0.0000,0.0000,1.00,0.00,0.0000,22,1,295,295,0,0,100,1,11,11,0,246528,0,295,0,0,899137536,0.000000,0.000000,0.000000,0.00,0,2,4,25,17,20,26,13,24,55,97,12,0,0,0,0,0,0,0.0005,0.0208,0.0373,0.0013,0.0048,0.0078,4.6606,0.0229,0.0000,0.3851,0.0005,0.0008,0.1408,0.0011,0.0012,0.0009
2559,32.5753,0.0000,15.5274,7.1139,,true,0,0.008333,0.0000,0.0000,1.00,0.00,0.0000,22,1,295,295,0,0,100,1,11,11,0,246528,0,295,0,0,899231744,0.000000,0.000000,0.000000,0.00,0,2,4,25,17,20,26,13,24,55,97,12,0,0,0,0,0,0,0.0009,0.0417,0.0546,0.0010,0.0046,0.0116,7.1139,0.0316,0.0000,0.4520,0.0005,0.0005,0.1737,0.0021,0.0011,0.0003
2560,32.5883,0.0000,14.3403,6.0298,,true,0,0.008333,0.0000,0.0000,1.00,0.00,0.0000,22,1,295,295,0,0,100,1,11,11,0,246528,0,295,0,0,899231744,0.000000,0.000000,0.000000,0.00,0,2,4,25,17,20,26,13,24,55,97,12,0,0,0,0,0,0,0.0005,0.0271,0.0535,0.0009,0.0032,0.0072,6.0298,0.0322,0.0000,0.4467,0.0009,0.0008,0.1967,0.0015,0.0009,0.0007
2561,32.6020,0.0000,13.8717,5.4262,,true,0,0.008333,0.0000,0.0000,1.00,0.00,0.0000,22,1,295,295,0,0,100,1,11,11,0,246528,0,295,0,0,899231744,0.000000,0.000000,0.000000,0.00,0,2,4,25,17,20,26,13,24,55,97,12,0,0,0,0,0,0,0.0007,0.0313,0.0411,0.0012,0.0048,0.0077,5.4262,0.0746,0.0000,0.3906,0.0005,0.0005,0.1369,0.0018,0.0010,0.0007
2562,32.6178,0.0000,15.8923,5.5810,,true,0,0.008333,0.0000,0.0000,1.00,0.00,0.0000,22,1,295,295,0,0,100,1,11,11,0,246528,0,295,0,0,899231744,0.000000,0.000000,0.000000,0.00,0,2,4,25,17,20,26,13,24,55,97,12,0,0,0,0,0,0,0.0006,0.0386,0.0643,0.0012,0.0045,0.0082,5.5810,0.0274,0.0000,0.4406,0.0006,0.0008,0.1597,0.0015,0.0011,0.0006
2563,32.6338,0.0000,12.4153,8.8571,,true,0,0.008333,0.0000,0.0000,1.00,0.00,0.0000,22,1,295,295,0,0,100,1,11,11,0,246528,0,295,0,0,899231744,0.000000,0.000000,0.000000,0.00,0,2,4,25,17,20,26,13,24,55,97,12,0,0,0,0,0,0,0.0007,0.0212,0.0605,0.0020,0.0050,0.0086,8.8571,0.0282,0.0000,0.4568,0.0004,0.0007,0.1835,0.0017,0.0007,0.0010
2564,32.6491,0.0000,18.4933,5.9056,,true,0,0.008333,0.0000,0.0000,1.00,0.00,0.0000,22,1,295,295,0,0,100,1,11,11,0,246528,0,295,0,0,899231744,0.000000,0.000000,0.000000,0.00,0,2,4,25,17,20,26,13,24,55,97,12,0,0,0,0,0,0,0.0011,0.0278,0.0429,0.0005,0.0033,0.0082,5.9056,0.0211,0.0000,0.3855,0.0005,0.0004,0.1485,0.0016,0.0009,0.0006
2565,32.6591,0.0000,11.1510,4.9592,,true,0,0.008333,0.0000,0.0000,1.00,0.00,0.0000,22,1,295,295,0,0,100,1,11,11,0,246528,0,295,0,0,899231744,0.000000,0.000000,0.000000,0.00,0,2,4,25,17,20,26,13,24,55,97,12,0,0,0,0,0,0,0.0009,0.0206,0.0386,0.0016,0.0040,0.0075,4.9592,0.0204,0.0000,0.4521,0.0010,0.0017,0.1525,0.0015,0.0019,0.0008
2566,32.6745,0.0000,14.1238,6.3622,,true,0,0.008333,0.0000,0.0000,1.00,0.00,0.0000,22,1,295,295,0,0,100,1,11,11,0,246528,0,295,0,0,899231744,0.000000,0.000000,0.000000,0.00,0,2,4,25,17,20,26,13,24,55,97,12,0,0,0,0,0,0,0.0014,0.0409,0.0669,0.0017,0.0070,0.0069,6.3622,0.0282,0.0000,0.5232,0.0006,0.0006,0.2114,0.0025,0.0011,0.0011
2567,32.6936,0.0000,18.5288,6.7469,,true,0,0.008333,0.0000,0.0000,1.00,0.00,0.0000,22,1,295,295,0,0,100,1,11,11,0,246528,0,295,0,0,899231744,0.000000,0.000000,0.000000,0.00,0,2,4,25,17,20,26,13,24,55,97,12,0,0,0,0,0,0,0.0010,0.0164,0.0732,0.0012,0.0044,0.0074,6.7469,0.0247,0.0000,0.4042,0.0005,0.0003,0.2045,0.0013,0.0012,0.0008
2568,32.7071,0.0000,12.4991,7.7325,,true,0,0.008333,0.0000,0.0000,1.00,0.00,0.0000,22,1,295,295,0,0,100,1,11,11,0,246528,0,295,0,0,899231744,0.000000,0.000000,0.000000,0.00,0,2,4,25,17,20,26,13,24,55,97,12,0,0,0,0,0,0,0.0005,0.0569,0.1590,0.0033,0.0048,0.0125,7.7325,0.0275,0.0000,0.4822,0.0007,0.0007,0.1776,0.0025,0.0014,0.0008
2569,32.7261,0.0000,16.4367,9.9741,,true,0,0.008333,0.0000,0.0000,1.00,0.00,0.0000,22,1,295,295,0,0,100,1,11,11,0,246528,0,295,0,0,899231744,0.000000,0.000000,0.000000,0.00,0,2,4,25,17,20,26,13,24,55,97,12,0,0,0,0,0,0,0.0012,0.0448,0.0371,0.0030,0.0069,0.0215,9.9741,0.0204,0.0000,0.4948,0.0011,0.0010,0.1649,0.0014,0.0024,0.0020
2570,32.7393,0.0000,16.6546,6.7391,,true,0,0.008333,0.0000,0.0000,1.00,0.00,0.0000,22,1,295,295,0,0,100,1,11,11,0,246528,0,295,0,0,899231744,0.000000,0.000000,0.000000,0.00,0,2,4,25,17,20,26,13,24,55,97,12,0,0,0,0,0,0,0.0007,0.0373,0.0749,0.0036,0.0050,0.0090,6.7391,0.0252,0.0000,0.4978,0.0008,0.0016,0.1646,0.0019,0.0022,0.0008
2571,32.7598,0.0000,15.7916,10.7085,,true,0,0.008333,0.0000,0.0000,1.00,0.00,0.0000,22,1,295,295,0,0,100,1,11,11,0,246528,0,295,0,0,899231744,0.000000,0.000000,0.000000,0.00,0,2,4,25,17,20,26,13,24,55,97,12,0,0,0,0,0,0,0.0008,0.0272,0.0663,0.0018,0.0056,0.0080,10.7085,0.0481,0.0000,0.6406,0.0003,0.0004,0.2997,0.0025,0.0005,0.0007
2572,32.7775,0.0000,16.5839,11.8044,,true,0,0.008333,0.0000,0.0000,1.00,0.00,0.0000,22,1,295,295,0,0,100,1,11,11,0,246528,0,295,0,0,899231744,0.000000,0.000000,0.000000,0.00,0,2,4,25,17,20,26,13,24,55,97,12,0,0,0,0,0,0,0.0010,0.0231,0.0950,0.0026,0.0057,0.0119,11.8044,0.0427,0.0000,0.3803,0.0005,0.0008,0.1256,0.0009,0.0021,0.0008
2573,32.7972,0.0000,18.9364,13.0717,,true,0,0.008333,0.0000,0.0000,1.00,0.00,0.0000,22,1,295,295,0,0,100,1,11,11,0,246528,0,295,0,0,899231744,0.000000,0.000000,0.000000,0.00,0,2,4,25,17,20,26,13,24,55,97,12,0,0,0,0,0,0,0.0011,0.0431,0.0992,0.0095,0.0070,0.0142,13.0717,0.0568,0.0000,0.5842,0.0006,0.0006,0.1810,0.0025,0.0022,0.0011
2574,32.8102,0.0000,20.0680,5.9769,,true,0,0.008333,0.0000,0.0000,1.00,0.00,0.0000,22,1,295,295,0,0,100,1,11,11,0,246528,0,295,0,0,899231744,0.000000,0.000000,0.000000,0.00,0,2,4,25,17,20,26,13,24,55,97,12,0,0,0,0,0,0,0.0003,0.0238,0.0567,0.0011,0.0022,0.0054,5.9769,0.0327,0.0000,0.4353,0.0003,0.0004,0.1693,0.0014,0.0007,0.0005
2575,32.8243,0.0000,10.7923,9.1933,,true,0,0.008333,0.0000,0.0000,1.00,0.00,0.0000,22,1,295,295,0,0,100,1,11,11,0,246528,0,295,0,0,899231744,0.000000,0.000000,0.000000,0.00,0,2,4,25,17,20,26,13,24,55,97,12,0,0,0,0,0,0,0.0006,0.0279,0.1400,0.0029,0.0069,0.0117,9.1933,0.0547,0.0000,0.6362,0.0010,0.0006,0.2729,0.0024,0.0042,0.0015
2576,32.8369,0.0000,15.8394,6.7359,,true,0,0.008333,0.0000,0.0000,1.00,0.00,0.0000,22,1,295,295,0,0,100,1,11,11,0,246528,0,295,0,0,899231744,0.000000,0.000000,0.000000,0.00,0,2,4,25,17,20,26,13,24,55,97,12,0,0,0,0,0,0,0.0002,0.0195,0.1047,0.0005,0.0029,0.0031,6.7359,0.0677,0.0000,0.5220,0.0006,0.0004,0.2243,0.0017,0.0013,0.0016
2577,32.8510,0.0000,11.4721,8.8027,,true,0,0.008333,0.0000,0.0000,1.00,0.00,0.0000,22,1,295,295,0,0,100,1,11,11,0,246528,0,295,0,0,899231744,0.000000,0.000000,0.000000,0.00,0,2,4,25,17,20,26,13,24,55,97,12,0,0,0,0,0,0,0.0004,0.0281,0.0474,0.0011,0.0040,0.0082,8.8027,0.0144,0.0000,0.4770,0.0007,0.0010,0.1323,0.0025,0.0024,0.0012
2578,32.8649,0.0000,15.9980,6.7671,,true,0,0.008333,0.0000,0.0000,1.00,0.00,0.0000,22,1,295,295,0,0,100,1,11,11,0,246528,0,295,0,0,899231744,0.000000,0.000000,0.000000,0.00,0,2,4,25,17,20,26,13,24,55,97,12,0,0,0,0,0,0,0.0011,0.0407,0.0553,0.0008,0.0060,0.0136,6.7671,0.0212,0.0000,0.7511,0.0008,0.0013,0.3002,0.0060,0.0026,0.0014
2579,32.8755,0.0000,12.4493,5.3487,,true,0,0.008333,0.0000,0.0000,1.00,0.00,0.0000,22,1,295,295,0,0,100,1,11,11,0,246528,0,295,0,0,899231744,0.000000,0.000000,0.000000,0.00,0,2,4,25,17,20,26,13,24,55,97,12,0,0,0,0,0,0,0.0004,0.0255,0.0515,0.0010,0.0043,0.0081,5.3487,0.0570,0.0000,0.4817,0.0009,0.0009,0.1917,0.0018,0.0012,0.0008
2580,32.8983,0.0000,18.3564,9.0144,,true,0,0.008333,0.0000,0.0000,1.00,0.00,0.0000,22,1,295,295,0,0,100,1,11,11,0,246528,0,295,0,0,899305472,0.000000,0.000000,0.000000,0.00,0,2,4,25,17,20,26,13,24,55,97,12,0,0,0,0,0,0,0.0006,0.0270,0.0949,0.0020,0.0051,0.0080,9.0144,0.0463,0.0000,0.5737,0.0004,0.0005,0.3044,0.0014,0.0005,0.0006
2581,32.9096,0.0000,14.9381,6.0709,,true,0,0.008333,0.0000,0.0000,1.00,0.00,0.0000,22,1,295,295,0,0,100,1,11,11,0,246528,0,295,0,0,899305472,0.000000,0.000000,0.000000,0.00,0,2,4,25,17,20,26,13,24,55,97,12,0,0,0,0,0,0,0.0012,0.0279,0.0434,0.0018,0.0060,0.0094,6.0709,0.0237,0.0000,0.4957,0.0005,0.0012,0.1878,0.0016,0.0012,0.0011
2582,32.9205,0.0000,12.0894,4.4703,,true,0,0.008333,0.0000,0.0000,1.00,0.00,0.0000,22,1,295,295,0,0,100,1,11,11,0,246528,0,295,0,0,899305472,0.000000,0.000000,0.000000,0.00,0,2,4,25,17,20,26,13,24,55,97,12,0,0,0,0,0,0,0.0004,0.0277,0.0370,0.0008,0.0057,0.0087,4.4703,0.0204,0.0000,0.4288,0.0004,0.0006,0.1595,0.0021,0.0014,0.0005
2583,32.9383,0.0000,15.8986,6.1408,,true,0,0.008333,0.0000,0.0000,1.00,0.00,0.0000,22,1,295,295,0,0,100,1,11,11,0,246528,0,295,0,0,899305472,0.000000,0.000000,0.000000,0.00,0,2,4,25,17,20,26,13,24,55,97,12,0,0,0,0,0,0,0.0017,0.0201,0.0382,0.0014,0.0053,0.0032,6.1408,0.0174,0.0000,0.4098,0.0004,0.0004,0.1427,0.0016,0.0016,0.0008
2584,32.9508,0.0000,14.4330,4.9395,,true,0,0.008333,0.0000,0.0000,1.00,0.00,0.0000,22,1,295,295,0,0,100,1,11,11,0,246528,0,295,0,0,899305472,0.000000,0.000000,0.000000,0.00,0,2,4,25,17,20,26,13,24,55,97,12,0,0,0,0,0,0,0.0005,0.0275,0.0461,0.0008,0.0032,0.0081,4.9395,0.0233,0.0000,0.5510,0.0010,0.0007,0.2200,0.0014,0.0010,0.0011
2585,32.9635,0.0000,13.1474,4.4957,,true,0,0.008333,0.0000,0.0000,1.00,0.00,0.0000,22,1,295,295,0,0,100,1,11,11,0,246528,0,295,0,0,899305472,0.000000,0.000000,0.000000,0.00,0,2,4,25,17,20,26,13,24,55,97,12,0,0,0,0,0,0,0.0006,0.0265,0.0408,0.0012,0.0030,0.0079,4.4957,0.0199,0.0000,0.4861,0.0005,0.0007,0.1904,0.0015,0.0010,0.0008
2586,32.9794,0.0000,15.8719,4.0619,,true,0,0.008333,0.0000,0.0000,1.00,0.00,0.0000,22,1,295,295,0,0,100,1,11,11,0,246528,0,295,0,0,899305472,0.000000,0.000000,0.000000,0.00,0,2,4,25,17,20,26,13,24,55,97,12,0,0,0,0,0,0,0.0007,0.0250,0.0376,0.0011,0.0029,0.0055,4.0619,0.0208,0.0000,0.4041,0.0006,0.0004,0.1369,0.0018,0.0018,0.0008
2587,32.9935,0.0000,13.6515,4.6024,,true,0,0.008333,0.0000,0.0000,1.00,0.00,0.0000,22,1,295,295,0,0,100,1,11,11,0,246528,0,295,0,0,899305472,0.000000,0.000000,0.000000,0.00,0,2,4,25,17,20,26,13,24,55,97,12,0,0,0,0,0,0,0.0004,0.0192,0.0352,0.0019,0.0047,0.0069,4.6024,0.0174,0.0000,0.4104,0.0006,0.0007,0.1443,0.0014,0.0007,0.0008
2588,33.0058,0.0000,13.0434,4.6148,,true,0,0.008333,0.0000,0.0000,1.00,0.00,0.0000,22,1,295,295,0,0,100,1,11,11,0,246528,0,295,0,0,899305472,0.000000,0.000000,0.000000,0.00,0,2,4,25,17,20,26,13,24,55,97,12,0,0,0,0,0,0,0.0010,0.0258,0.0379,0.0007,0.0038,0.0090,4.6148,0.0174,0.0000,0.4852,0.0009,0.0010,0.1929,0.0017,0.0003,0.0008
2589,33.0230,0.0000,15.9243,5.1761,,true,0,0.008333,0.0000,0.0000,1.00,0.00,0.0000,22,1,295,295,0,0,100,1,11,11,0,246528,0,295,0,0,899305472,0.000000,0.000000,0.000000,0.00,0,2,4,25,17,20,26,13,24,55,97,12,0,0,0,0,0,0,0.0010,0.0202,0.0444,0.0009,0.0035,0.0071,5.1761,0.0467,0.0000,0.3784,0.0008,0.0008,0.1378,0.0013,0.0014,0.0012
2590,33.0349,0.0000,12.7323,4.6534,,true,0,0.008333,0.0000,0.0000,1.00,0.00,0.0000,22,1,295,295,0,0,100,1,11,11,0,246528,0,295,0,0,899305472,0.000000,0.000000,0.000000,0.00,0,2,4,25,17,20,26,13,24,55,97,12,0,0,0,0,0,0,0.0010,0.0375,0.0631,0.0011,0.0042,0.0075,4.6534,0.0236,0.0000,0.4067,0.0007,0.0005,0.1362,0.0018,0.0011,0.0009
2591,33.0507,0.0000,14.0165,5.6740,,true,0,0.008333,0.0000,0.0000,1.00,0.00,0.0000,22,1,295,295,0,0,100,1,11,11,0,246528,0,295,0,0,899305472,0.000000,0.000000,0.000000,0.00,0,2,4,25,17,20,26,13,24,55,97,12,0,0,0,0,0,0,0.0005,0.0255,0.0696,0.0025,0.0044,0.0062,5.6740,0.0357,0.0000,0.4206,0.0011,0.0000,0.1540,0.0020,0.0012,0.0005
2592,33.0713,0.0000,16.0867,10.5683,,true,0,0.008333,0.0000,0.0000,1.00,0.00,0.0000,22,1,295,295,0,0,100,1,11,11,0,246528,0,295,0,0,899305472,0.000000,0.000000,0.000000,0.00,0,2,4,25,17,20,26,13,24,55,97,12,0,0,0,0,0,0,0.0003,0.0363,0.0778,0.0012,0.0032,0.0065,10.5683,0.0269,0.0000,4.2520,0.0008,0.0931,0.1819,0.0052,0.0017,3.6936
2593,33.0801,0.0000,15.1705,4.6999,,true,0,0.008333,0.0000,0.0000,1.00,0.00,0.0000,22,1,295,295,0,0,100,1,11,11,0,246528,0,295,0,0,899305472,0.000000,0.000000,0.000000,0.00,0,2,4,25,17,20,26,13,24,55,97,12,0,0,0,0,0,0,0.0005,0.0260,0.0303,0.0007,0.0027,0.0056,4.6999,0.0160,0.0000,0.3113,0.0004,0.0003,0.1102,0.0011,0.0011,0.0009
2594,33.0913,0.0000,11.1320,4.3349,,true,0,0.008333,0.0000,0.0000,1.00,0.00,0.0000,22,1,295,295,0,0,100,1,11,11,0,246528,0,295,0,0,899305472,0.000000,0.000000,0.000000,0.00,0,2,4,25,17,20,26,13,24,55,97,12,0,0,0,0,0,0,0.0003,0.0179,0.0343,0.0008,0.0030,0.0045,4.3349,0.0162,0.0000,0.3938,0.0005,0.0004,0.1479,0.0016,0.0011,0.0006
2595,33.1044,0.0000,13.5888,4.1970,,true,0,0.008333,0.0000,0.0000,1.00,0.00,0.0000,22,1,295,295,0,0,100,1,11,11,0,246528,0,295,0,0,899305472,0.000000,0.000000,0.000000,0.00,0,2,4,25,17,20,26,13,24,55,97,12,0,0,0,0,0,0,0.0007,0.0276,0.0345,0.0014,0.0021,0.0048,4.1970,0.0161,0.0000,0.3870,0.0006,0.0004,0.1353,0.0018,0.0008,0.0010
2596,33.1142,0.0000,11.4019,3.0201,,true,0,0.008333,0.0000,0.0000,1.00,0.00,0.0000,22,1,295,295,0,0,100,1,11,11,0,246528,0,295,0,0,899305472,0.000000,0.000000,0.000000,0.00,0,2,4,25,17,20,26,13,24,55,97,12,0,0,0,0,0,0,0.0002,0.0238,0.0344,0.0010,0.0029,0.0047,3.0201,0.0169,0.0000,0.3658,0.0006,0.0003,0.1379,0.0009,0.0012,0.0004
2597,33.1266,0.0000,12.6665,2.9582,,true,0,0.008333,0.0000,0.0000,1.00,0.00,0.0000,22,1,295,295,0,0,100,1,11,11,0,246528,0,295,0,0,899305472,0.000000,0.000000,0.000000,0.00,0,2,4,25,17,20,26,13,24,55,97,12,0,0,0,0,0,0,0.0003,0.0154,0.0370,0.0004,0.0010,0.0024,2.9582,0.0138,0.0000,0.3663,0.0008,0.0005,0.1240,0.0016,0.0008,0.0008
2598,33.1402,0.0000,12.5803,3.5107,,true,0,0.008333,0.0000,0.0000,1.00,0.00,0.0000,22,1,295,295,0,0,100,1,11,11,0,246528,0,295,0,0,899305472,0.000000,0.000000,0.000000,0.00,0,2,4,25,17,20,26,13,24,55,97,12,0,0,0,0,0,0,0.0002,0.0174,0.0592,0.0006,0.0018,0.0029,3.5107,0.0288,0.0000,0.3833,0.0004,0.0006,0.1269,0.0009,0.0005,0.0005
2599,33.1554,0.0000,14.7226,4.1712,,true,0,0.008333,0.0000,0.0000,1.00,0.00,0.0000,22,1,295,295,0,0,100,1,11,11,0,246528,0,295,0,0,899305472,0.000000,0.000000,0.000000,0.00,0,2,4,25,17,20,26,13,24,55,97,12,0,0,0,0,0,0,0.0004,0.0180,0.0340,0.0007,0.0025,0.0042,4.1712,0.0171,0.0000,0.3617,0.0005,0.0006,0.1387,0.0014,0.0012,0.0007
2600,33.1672,0.0000,12.5688,3.5208,,true,0,0.008333,0.0000,0.0000,1.00,0.00,0.0000,22,1,295,295,0,0,100,1,11,11,0,246528,0,295,0,0,899305472,0.000000,0.000000,0.000000,0.00,0,2,4,25,17,20,26,13,24,55,97,12,0,0,0,0,0,0,0.0014,0.0227,0.0430,0.0008,0.0039,0.0061,3.5208,0.0192,0.0000,0.3980,0.0005,0.0006,0.1349,0.0023,0.0009,0.0008
2601,33.1853,0.0000,16.7277,4.3087,,true,0,0.008333,0.0000,0.0000,1.00,0.00,0.0000,22,1,295,295,0,0,100,1,11,11,0,246528,0,295,0,0,899305472,0.000000,0.000000,0.000000,0.00,0,2,4,25,17,20,26,13,24,55,97,12,0,0,0,0,0,0,0.0007,0.0227,0.2981,0.0008,0.0042,0.0087,4.3087,0.0204,0.0000,0.4246,0.0005,0.0006,0.1485,0.0017,0.0009,0.0009
2602,33.1964,0.0000,12.3564,3.4789,,true,0,0.008333,0.0000,0.0000,1.00,0.00,0.0000,22,1,295,295,0,0,100,1,11,11,0,246528,0,295,0,0,899305472,0.000000,0.000000,0.000000,0.00,0,2,4,25,17,20,26,13,24,55,97,12,0,0,0,0,0,0,0.0004,0.0253,0.0389,0.0020,0.0057,0.0076,3.4789,0.0171,0.0000,0.3799,0.0007,0.0004,0.1455,0.0017,0.0012,0.0009
2603,33.2111,0.0000,14.7403,3.3582,,true,0,0.008333,0.0000,0.0000,1.00,0.00,0.0000,22,1,295,295,0,0,100,1,11,11,0,246528,0,295,0,0,899305472,0.000000,0.000000,0.000000,0.00,0,2,4,25,17,20,26,13,24,55,97,12,0,0,0,0,0,0,0.0005,0.0171,0.0337,0.0022,0.0043,0.0075,3.3582,0.0185,0.0000,0.3397,0.0005,0.0007,0.1247,0.0013,0.0011,0.0005
2604,33.2257,0.0000,12.8547,4.7526,,true,0,0.008333,0.0000,0.0000,1.00,0.00,0.0000,22,1,295,295,0,0,100,1,11,11,0,246528,0,295,0,0,899305472,0.000000,0.000000,0.000000,0.00,0,2,4,25,17,20,26,13,24,55,97,12,0,0,0,0,0,0,0.0010,0.0212,0.0665,0.0007,0.0053,0.0104,4.7526,0.0303,0.0000,0.5225,0.0005,0.0004,0.2481,0.0020,0.0007,0.0006
2605,33.2362,0.0000,12.1316,3.6991,,true,0,0.008333,0.0000,0.0000,1.00,0.00,0.0000,22,1,295,295,0,0,100,1,11,11,0,246528,0,295,0,0,899305472,0.000000,0.000000,0.000000,0.00,0,2,4,25,17,20,26,13,24,55,97,12,0,0,0,0,0,0,0.0015,0.0187,0.0377,0.0021,0.0080,0.0078,3.6991,0.0192,0.0000,0.3933,0.0006,0.0004,0.1422,0.0021,0.0009,0.0008
2606,33.2494,0.0000,13.7669,3.0570,,true,0,0.008333,0.0000,0.0000,1.00,0.00,0.0000,22,1,295,295,0,0,100,1,11,11,0,246528,0,295,0,0,899305472,0.000000,0.000000,0.000000,0.00,0,2,4,25,17,20,26,13,24,55,97,12,0,0,0,0,0,0,0.0001,0.0202,0.0324,0.0006,0.0025,0.0046,3.0570,0.0169,0.0000,0.3691,0.0010,0.0004,0.1340,0.0015,0.0012,0.0006
2607,33.2624,0.0000,12.9021,2.9798,,true,0,0.008333,0.0000,0.0000,1.00,0.00,0.0000,22,1,295,295,0,0,100,1,11,11,0,246528,0,295,0,0,899305472,0.000000,0.000000,0.000000,0.00,0,2,4,25,17,20,26,13,24,55,97,12,0,0,0,0,0,0,0.0006,0.0141,0.0350,0.0005,0.0034,0.0044,2.9798,0.0162,0.0000,0.3600,0.0007,0.0006,0.1334,0.0015,0.0010,0.0009
2608,33.2777,0.0000,14.6041,3.7362,,true,0,0.008333,0.0000,0.0000,1.00,0.00,0.0000,22,1,295,295,0,0,100,1,11,11,0,246528,0,295,0,0,899305472,0.000000,0.000000,0.000000,0.00,0,2,4,25,17,20,26,13,24,55,97,12,0,0,0,0,0,0,0.0006,0.0193,0.0325,0.0004,0.0012,0.0038,3.7362,0.0150,0.0000,0.3630,0.0005,0.0005,0.1314,0.0016,0.0008,0.0007
2609,33.2905,0.0000,12.7083,3.4949,,true,0,0.008333,0.0000,0.0000,1.00,0.00,0.0000,22,1,295,295,0,0,100,1,11,11,0,246528,0,295,0,0,899305472,0.000000,0.000000,0.000000,0.00,0,2,4,25,17,20,26,13,24,55,97,12,0,0,0,0,0,0,0.0005,0.0244,0.0369,0.0028,0.0057,0.0068,3.4949,0.0178,0.0000,0.4458,0.0007,0.0003,0.1639,0.0025,0.0008,0.0003
2610,33.3029,0.0000,12.3584,4.1479,,true,0,0.008333,0.0000,0.0000,1.00,0.00,0.0000,22,1,295,295,0,0,100,1,11,11,0,246528,0,295,0,0,899305472,0.000000,0.000000,0.000000,0.00,0,2,4,25,17,20,26,13,24,55,97,12,0,0,0,0,0,0,0.0005,0.0251,0.0516,0.0009,0.0028,0.0056,4.1479,0.0207,0.0000,0.4820,0.0007,0.0006,0.2000,0.0018,0.0008,0.0005
2611,33.3175,0.0000,14.2436,4.0441,,true,0,0.008333,0.0000,0.0000,1.00,0.00,0.0000,22,1,295,295,0,0,100,1,11,11,0,246528,0,295,0,0,899305472,0.000000,0.000000,0.000000,0.00,0,2,4,25,17,20,26,13,24,55,97,12,0,0,0,0,0,0,0.0004,0.0143,0.0397,0.0006,0.0030,0.0042,4.0441,0.0182,0.0000,0.3883,0.0005,0.0004,0.1302,0.0016,0.0012,0.0011
2612,33.3297,0.0000,12.4318,3.6897,,true,0,0.008333,0.0000,0.0000,1.00,0.00,0.0000,22,1,295,295,0,0,100,1,11,11,0,246528,0,295,0,0,899305472,0.000000,0.000000,0.000000,0.00,0,2,4,25,17,20,26,13,24,55,97,12,0,0,0,0,0,0,0.0004,0.0184,0.0339,0.0008,0.0028,0.0046,3.6897,0.0162,0.0000,0.3656,0.0004,0.0010,0.1374,0.0016,0.0012,0.0008
2613,33.3442,0.0000,12.8736,5.9617,,true,0,0.008333,0.0000,0.0000,1.00,0.00,0.0000,22,1,295,295,0,0,100,1,11,11,0,246528,0,295,0,0,899305472,0.000000,0.000000,0.000000,0.00,0,2,4,25,17,20,26,13,24,55,97,12,0,0,0,0,0,0,0.0002,0.0136,0.0342,0.0013,0.0029,0.0049,5.9617,0.0156,0.0000,0.3551,0.0006,0.0003,0.1335,0.0013,0.0007,0.0007
2614,33.3657,0.0000,18.2583,7.6005,,true,0,0.008333,0.0000,0.0000,1.00,0.00,0.0000,22,1,295,295,0,0,100,1,11,11,0,246528,0,295,0,0,899305472,0.000000,0.000000,0.000000,0.00,0,2,4,25,17,20,26,13,24,55,97,12,0,0,0,0,0,0,0.0012,0.0465,0.0545,0.0018,0.0093,0.0186,7.6005,0.0309,0.0000,0.7675,0.0012,0.0016,0.3102,0.0016,0.0026,0.0015
2615,33.3757,0.0000,14.7082,3.9693,,true,0,0.008333,0.0000,0.0000,1.00,0.00,0.0000,22,1,295,295,0,0,100,1,11,11,0,246528,0,295,0,0,899305472,0.000000,0.000000,0.000000,0.00,0,2,4,25,17,20,26,13,24,55,97,12,0,0,0,0,0,0,0.0001,0.0168,0.0492,0.0010,0.0030,0.0055,3.9693,0.0161,0.0000,0.3674,0.0006,0.0010,0.1312,0.0015,0.0015,0.0009
2616,33.3875,0.0000,12.3307,3.6852,,true,0,0.008333,0.0000,0.0000,1.00,0.00,0.0000,22,1,295,295,0,0,100,1,11,11,0,246528,0,295,0,0,899305472,0.000000,0.000000,0.000000,0.00,0,2,4,25,17,20,26,13,24,55,97,12,0,0,0,0,0,0,0.0009,0.0249,0.0386,0.0018,0.0079,0.0102,3.6852,0.0246,0.0000,0.4133,0.0006,0.0011,0.1582,0.0012,0.0009,0.0008
2617,33.4036,0.0000,16.2820,3.3636,,true,0,0.008333,0.0000,0.0000,1.00,0.00,0.0000,22,1,295,295,0,0,100,1,11,11,0,246528,0,295,0,0,899305472,0.000000,0.000000,0.000000,0.00,0,2,4,25,17,20,26,13,24,55,97,12,0,0,0,0,0,0,0.0001,0.0176,0.0331,0.0005,0.0021,0.0054,3.3636,0.0141,0.0000,0.3466,0.0005,0.0005,0.1246,0.0009,0.0007,0.0005
2618,33.4149,0.0000,10.8528,4.0638,,true,0,0.008333,0.0000,0.0000,1.00,0.00,0.0000,22,1,295,295,0,0,100,1,11,11,0,246528,0,295,0,0,899305472,0.000000,0.000000,0.000000,0.00,0,2,4,25,17,20,26,13,24,55,97,12,0,0,0,0,0,0,0.0005,0.0398,0.0566,0.0006,0.0031,0.0128,4.0638,0.0276,0.0000,0.3856,0.0005,0.0004,0.1226,0.0020,0.0009,0.0010
2619,33.4264,0.0000,12.9434,2.9296,,true,0,0.008333,0.0000,0.0000,1.00,0.00,0.0000,22,1,295,295,0,0,100,1,11,11,0,246528,0,295,0,0,899305472,0.000000,0.000000,0.000000,0.00,0,2,4,25,17,20,26,13,24,55,97,12,0,0,0,0,0,0,0.0001,0.0165,0.0325,0.0009,0.0024,0.0045,2.9296,0.0120,0.0000,0.3326,0.0001,0.0003,0.1242,0.0018,0.0003,0.0005
2620,33.4419,0.0000,14.6001,3.3456,,true,0,0.008333,0.0000,0.0000,1.00,0.00,0.0000,22,1,295,295,0,0,100,1,11,11,0,246528,0,295,0,0,899305472,0.000000,0.000000,0.000000,0.00,0,2,4,25,17,20,26,13,24,55,97,12,0,0,0,0,0,0,0.0002,0.0169,0.0358,0.0011,0.0033,0.0049,3.3456,0.0180,0.0000,0.3958,0.0004,0.0004,0.1318,0.0014,0.0016,0.0008
2621,33.4540,0.0000,12.1903,3.3178,,true,0,0.008333,0.0000,0.0000,1.00,0.00,0.0000,22,1,295,295,0,0,100,1,11,11,0,246528,0,295,0,0,899305472,0.000000,0.000000,0.000000,0.00,0,2,4,25,17,20,26,13,24,55,97,12,0,0,0,0,0,0,0.0001,0.0428,0.0393,0.0009,0.0029,0.0046,3.3178,0.0180,0.0000,0.3852,0.0004,0.0001,0.1559,0.0016,0.0012,0.0007
2622,33.4707,0.0000,15.8442,3.9081,,true,0,0.008333,0.0000,0.0000,1.00,0.00,0.0000,22,1,295,295,0,0,100,1,11,11,0,246528,0,295,0,0,899305472,0.000000,0.000000,0.000000,0.00,0,2,4,25,17,20,26,13,24,55,97,12,0,0,0,0,0,0,0.0006,0.0249,0.0453,0.0015,0.0038,0.0060,3.9081,0.0196,0.0000,0.4498,0.0008,0.0005,0.1810,0.0015,0.0008,0.0006
2623,33.4850,0.0000,12.5299,4.4362,,true,0,0.008333,0.0000,0.0000,1.00,0.00,0.0000,22,1,295,295,0,0,100,1,11,11,0,246528,0,295,0,0,899305472,0.000000,0.000000,0.000000,0.00,0,2,4,25,17,20,26,13,24,55,97,12,0,0,0,0,0,0,0.0002,0.0211,0.0373,0.0016,0.0039,0.0077,4.4362,0.0228,0.0000,0.3386,0.0007,0.0011,0.1308,0.0014,0.0018,0.0005
2624,33.4953,0.0000,12.4746,4.0012,,true,0,0.008333,0.0000,0.0000,1.00,0.00,0.0000,22,1,295,295,0,0,100,1,11,11,0,246528,0,295,0,0,899305472,0.000000,0.000000,0.000000,0.00,0,2,4,25,17,20,26,13,24,55,97,12,0,0,0,0,0,0,0.0006,0.0305,0.0382,0.0011,0.0038,0.0084,4.0012,0.0166,0.0000,0.3939,0.0005,0.0006,0.1343,0.0016,0.0011,0.0005
2625,33.5143,0.0000,18.6879,3.9637,,true,0,0.008333,0.0000,0.0000,1.00,0.00,0.0000,22,1,295,295,0,0,100,1,11,11,0,246528,0,295,0,0,899305472,0.000000,0.000000,0.000000,0.00,0,2,4,25,17,20,26,13,24,55,97,12,0,0,0,0,0,0,0.0007,0.0205,0.0466,0.0010,0.0033,0.0054,3.9637,0.0166,0.0000,0.4393,0.0008,0.0009,0.1331,0.0018,0.0012,0.0007
2626,33.5262,0.0000,10.3988,5.1737,,true,0,0.008333,0.0000,0.0000,1.00,0.00,0.0000,22,1,295,295,0,0,100,1,11,11,0,246528,0,295,0,0,899305472,0.000000,0.000000,0.000000,0.00,0,2,4,25,17,20,26,13,24,55,97,12,0,0,0,0,0,0,0.0014,0.0251,0.0631,0.0018,0.0046,0.0103,5.1737,0.0227,0.0000,0.5692,0.0010,0.0012,0.2262,0.0028,0.0015,0.0007
2627,33.5371,0.0000,13.2131,3.4085,,true,0,0.008333,0.0000,0.0000,1.00,0.00,0.0000,22,1,295,295,0,0,100,1,11,11,0,246528,0,295,0,0,899305472,0.000000,0.000000,0.000000,0.00,0,2,4,25,17,20,26,13,24,55,97,12,0,0,0,0,0,0,0.0006,0.0168,0.0463,0.0010,0.0035,0.0047,3.4085,0.0182,0.0000,0.3903,0.0005,0.0007,0.1540,0.0009,0.0011,0.0010
2628,33.5482,0.0000,12.0280,2.7114,,true,0,0.008333,0.0000,0.0000,1.00,0.00,0.0000,22,1,295,295,0,0,100,1,11,11,0,246528,0,295,0,0,899305472,0.000000,0.000000,0.000000,0.00,0,2,4,25,17,20,26,13,24,55,97,12,0,0,0,0,0,0,0.0002,0.0164,0.0310,0.0005,0.0027,0.0060,2.7114,0.0141,0.0000,0.3294,0.0004,0.0003,0.1247,0.0012,0.0005,0.0005
2629,33.5627,0.0000,12.9847,3.9288,,true,0,0.008333,0.0000,0.0000,1.00,0.00,0.0000,22,1,295,295,0,0,100,1,11,11,0,246528,0,295,0,0,899305472,0.000000,0.000000,0.000000,0.00,0,2,4,25,17,20,26,13,24,55,97,12,0,0,0,0,0,0,0.0002,0.0316,0.0545,0.0012,0.0137,0.0080,3.9288,0.0261,0.0000,0.4214,0.0005,0.0006,0.1626,0.0019,0.0011,0.0006
2630,33.5741,0.0000,12.8035,2.7745,,true,0,0.008333,0.0000,0.0000,1.00,0.00,0.0000,22,1,295,295,0,0,100,1,11,11,0,246528,0,295,0,0,899305472,0.000000,0.000000,0.000000,0.00,0,2,4,25,17,20,26,13,24,55,97,12,0,0,0,0,0,0,0.0002,0.0164,0.0354,0.0006,0.0042,0.0069,2.7745,0.0165,0.0000,0.3606,0.0007,0.0008,0.1244,0.0009,0.0014,0.0005
2631,33.5897,0.0000,13.1592,4.6627,,true,0,0.008333,0.0000,0.0000,1.00,0.00,0.0000,22,1,295,295,0,0,100,1,11,11,0,246528,0,295,0,0,899305472,0.000000,0.000000,0.000000,0.00,0,2,4,25,17,20,26,13,24,55,97,12,0,0,0,0,0,0,0.0004,0.0350,0.0374,0.0011,0.0040,0.0099,4.6627,0.0210,0.0000,0.4109,0.0008,0.0004,0.1631,0.0009,0.0012,0.0008
2632,33.6022,0.0000,13.5328,3.4651,,true,0,0.008333,0.0000,0.0000,1.00,0.00,0.0000,22,1,295,295,0,0,100,1,11,11,0,246528,0,295,0,0,899305472,0.000000,0.000000,0.000000,0.00,0,2,4,25,17,20,26,13,24,55,97,12,0,0,0,0,0,0,0.0001,0.0190,0.0312,0.0008,0.0028,0.0051,3.4651,0.0146,0.0000,0.3607,0.0004,0.0005,0.1247,0.0010,0.0009,0.0007
2633,33.6143,0.0000,11.3319,4.4177,,true,0,0.008333,0.0000,0.0000,1.00,0.00,0.0000,22,1,295,295,0,0,100,1,11,11,0,246528,0,295,0,0,899305472,0.000000,0.000000,0.000000,0.00,0,2,4,25,17,20,26,13,24,55,97,12,0,0,0,0,0,0,0.0005,0.0568,0.0383,0.0011,0.0043,0.0064,4.4177,0.0364,0.0000,0.3687,0.0004,0.0011,0.1409,0.0017,0.0012,0.0007
2634,33.6277,0.0000,13.6420,4.2000,,true,0,0.008333,0.0000,0.0000,1.00,0.00,0.0000,22,1,295,295,0,0,100,1,11,11,0,246528,0,295,0,0,899305472,0.000000,0.000000,0.000000,0.00,0,2,4,25,17,20,26,13,24,55,97,12,0,0,0,0,0,0,0.0003,0.0258,0.0419,0.0011,0.0022,0.0059,4.2000,0.0596,0.0000,0.3884,0.0005,0.0006,0.1447,0.0015,0.0007,0.0009
2635,33.6415,0.0000,14.8195,3.4054,,true,0,0.008333,0.0000,0.0000,1.00,0.00,0.0000,22,1,295,295,0,0,100,1,11,11,0,246528,0,295,0,0,899305472,0.000000,0.000000,0.000000,0.00,0,2,4,25,17,20,26,13,24,55,97,12,0,0,0,0,0,0,0.0005,0.0224,0.0387,0.0010,0.0038,0.0078,3.4054,0.0316,0.0000,0.3928,0.0005,0.0005,0.1497,0.0020,0.0015,0.0009
2636,33.6556,0.0000,13.4903,3.7019,,true,0,0.008333,0.0000,0.0000,1.00,0.00,0.0000,22,1,295,295,0,0,100,1,11,11,0,246528,0,295,0,0,899305472,0.000000,0.000000,0.000000,0.00,0,2,4,25,17,20,26,13,24,55,97,12,0,0,0,0,0,0,0.0001,0.0213,0.0373,0.0010,0.0035,0.0054,3.7019,0.0170,0.0000,0.4020,0.0009,0.0008,0.1470,0.0019,0.0017,0.0012
2637,33.6666,0.0000,12.3673,3.0319,,true,0,0.008333,0.0000,0.0000,1.00,0.00,0.0000,22,1,295,295,0,0,100,1,11,11,0,246528,0,295,0,0,899305472,0.000000,0.000000,0.000000,0.00,0,2,4,25,17,20,26,13,24,55,97,12,0,0,0,0,0,0,0.0001,0.0207,0.0312,0.0005,0.0021,0.0031,3.0319,0.0133,0.0000,0.3495,0.0006,0.0004,0.1274,0.0011,0.0011,0.0006
2638,33.6795,0.0000,12.4165,3.3901,,true,0,0.008333,0.0000,0.0000,1.00,0.00,0.0000,22,1,295,295,0,0,100,1,11,11,0,246528,0,295,0,0,899305472,0.000000,0.000000,0.000000,0.00,0,2,4,25,17,20,26,13,24,55,97,12,0,0,0,0,0,0,0.0002,0.0120,0.0344,0.0005,0.0015,0.0045,3.3901,0.0155,0.0000,0.3521,0.0004,0.0006,0.1338,0.0012,0.0013,0.0009
2639,33.6940,0.0000,13.5811,3.9923,,true,0,0.008333,0.0000,0.0000,1.00,0.00,0.0000,22,1,295,295,0,0,100,1,11,11,0,246528,0,295,0,0,899305472,0.000000,0.000000,0.000000,0.00,0,2,4,25,17,20,26,13,24,55,97,12,0,0,0,0,0,0,0.0006,0.0227,0.0351,0.0007,0.0036,0.0047,3.9923,0.0149,0.0000,0.4084,0.0006,0.0003,0.1609,0.0014,0.0014,0.0009
2640,33.7046,0.0000,11.3431,3.1637,,true,0,0.008333,0.0000,0.0000,1.00,0.00,0.0000,22,1,295,295,0,0,100,1,11,11,0,246528,0,295,0,0,899305472,0.000000,0.000000,0.000000,0.00,0,2,4,25,17,20,26,13,24,55,97,12,0,0,0,0,0,0,0.0005,0.0194,0.0372,0.0005,0.0015,0.0052,3.1637,0.0161,0.0000,0.3581,0.0006,0.0004,0.1204,0.0010,0.0008,0.0008
2641,33.7168,0.0000,13.2041,2.5241,,true,0,0.008333,0.0000,0.0000,1.00,0.00,0.0000,22,1,295,295,0,0,100,1,11,11,0,246528,0,295,0,0,899305472,0.000000,0.000000,0.000000,0.00,0,2,4,25,17,20,26,13,24,55,97,12,0,0,0,0,0,0,0.0001,0.0161,0.0285,0.0004,0.0010,0.0026,2.5241,0.0133,0.0000,0.3435,0.0007,0.0005,0.1191,0.0012,0.0011,0.0008
2642,33.7301,0.0000,13.1231,2.6134,,true,0,0.008333,0.0000,0.0000,1.00,0.00,0.0000,22,1,295,295,0,0,100,1,11,11,0,246528,0,295,0,0,899305472,0.000000,0.000000,0.000000,0.00,0,2,4,25,17,20,26,13,24,55,97,12,0,0,0,0,0,0,0.0003,0.0098,0.0316,0.0007,0.0026,0.0036,2.6134,0.0143,0.0000,0.3479,0.0006,0.0004,0.1136,0.0011,0.0011,0.0007
2643,33.7419,0.0000,11.0362,3.2385,,true,0,0.008333,0.0000,0.0000,1.00,0.00,0.0000,22,1,295,295,0,0,100,1,11,11,0,246528,0,295,0,0,899305472,0.000000,0.000000,0.000000,0.00,0,2,4,25,17,20,26,13,24,55,97,12,0,0,0,0,0,0,0.0004,0.0176,0.0301,0.0008,0.0022,0.0046,3.2385,0.0118,0.0000,0.3731,0.0001,0.0001,0.1637,0.0014,0.0003,0.0004
2644,33.7553,0.0000,12.9839,3.5227,,true,0,0.008333,0.0000,0.0000,1.00,0.00,0.0000,22,1,295,295,0,0,100,1,11,11,0,246528,0,295,0,0,899305472,0.000000,0.000000,0.000000,0.00,0,2,4,25,17,20,26,13,24,55,97,12,0,0,0,0,0,0,0.0001,0.0171,0.0336,0.0009,0.0030,0.0049,3.5227,0.0166,0.0000,0.3443,0.0005,0.0004,0.1307,0.0011,0.0010,0.0007
2645,33.7690,0.0000,12.8079,4.1866,,true,0,0.008333,0.0000,0.0000,1.00,0.00,0.0000,22,1,295,295,0,0,100,1,11,11,0,246528,0,295,0,0,899305472,0.000000,0.000000,0.000000,0.00,0,2,4,25,17,20,26,13,24,55,97,12,0,0,0,0,0,0,0.0005,0.0195,0.0803,0.0014,0.0054,0.0091,4.1866,0.0239,0.0000,0.3893,0.0003,0.0005,0.1604,0.0026,0.0005,0.0007
2646,33.7835,0.0000,13.3627,5.2604,,true,0,0.008333,0.0000,0.0000,1.00,0.00,0.0000,22,1,295,295,0,0,100,1,11,11,0,246528,0,295,0,0,899305472,0.000000,0.000000,0.000000,0.00,0,2,4,25,17,20,26,13,24,55,97,12,0,0,0,0,0,0,0.0005,0.0290,0.0348,0.0010,0.0029,0.0085,5.2604,0.0179,0.0000,0.3841,0.0003,0.0004,0.1280,0.0019,0.0008,0.0005
2647,33.8019,0.0000,16.5033,6.0637,,true,0,0.008333,0.0000,0.0000,1.00,0.00,0.0000,22,1,295,295,0,0,100,1,11,11,0,246528,0,295,0,0,899305472,0.000000,0.000000,0.000000,0.00,0,2,4,25,17,20,26,13,24,55,97,12,0,0,0,0,0,0,0.0008,0.0282,0.0712,0.0020,0.0046,0.0063,6.0637,0.0335,0.0000,0.4981,0.0008,0.0006,0.1729,0.0024,0.0024,0.0010
2648,33.8150,0.0000,14.7885,5.1447,,true,0,0.008333,0.0000,0.0000,1.00,0.00,0.0000,22,1,295,295,0,0,100,1,11,11,0,246528,0,295,0,0,899305472,0.000000,0.000000,0.000000,0.00,0,2,4,25,17,20,26,13,24,55,97,12,0,0,0,0,0,0,0.0005,0.0209,0.0413,0.0019,0.0046,0.0062,5.1447,0.0201,0.0000,0.3842,0.0005,0.0006,0.1428,0.0022,0.0011,0.0008
2649,33.8340,0.0000,12.4123,12.3330,,true,0,0.008333,0.0000,0.0000,1.00,0.00,0.0000,22,1,295,295,0,0,100,1,11,11,0,246528,0,295,0,0,899305472,0.000000,0.000000,0.000000,0.00,0,2,4,25,17,20,26,13,24,55,97,12,0,0,0,0,0,0,0.0002,0.0244,0.0458,0.0014,0.0039,0.0047,12.3330,0.0161,0.0000,5.2826,0.0003,0.1268,0.1422,0.0015,0.0010,4.7398
2650,33.8433,0.0000,17.1557,4.1797,,true,0,0.008333,0.0000,0.0000,1.00,0.00,0.0000,22,1,295,295,0,0,100,1,11,11,0,246528,0,295,0,0,899305472,0.000000,0.000000,0.000000,0.00,0,2,4,25,17,20,26,13,24,55,97,12,0,0,0,0,0,0,0.0004,0.0184,0.0489,0.0022,0.0049,0.0058,4.1797,0.0234,0.0000,0.3114,0.0006,0.0004,0.1079,0.0016,0.0009,0.0004
2651,33.8533,0.0000,10.4701,4.3891,,true,0,0.008333,0.0000,0.0000,1.00,0.00,0.0000,22,1,295,295,0,0,100,1,11,11,0,246528,0,295,0,0,899305472,0.000000,0.000000,0.000000,0.00,0,2,4,25,17,20,26,13,24,55,97,12,0,0,0,0,0,0,0.0006,0.0256,0.0492,0.0020,0.0035,0.0063,4.3891,0.0235,0.0000,0.3162,0.0004,0.0004,0.1243,0.0012,0.0011,0.0007
2652,33.8690,0.0000,14.6305,4.3197,,true,0,0.008333,0.0000,0.0000,1.00,0.00,0.0000,22,1,295,295,0,0,100,1,11,11,0,246528,0,295,0,0,899305472,0.000000,0.000000,0.000000,0.00,0,2,4,25,17,20,26,13,24,55,97,12,0,0,0,0,0,0,0.0011,0.0200,0.0332,0.0019,0.0023,0.0085,4.3197,0.0187,0.0000,0.3170,0.0009,0.0007,0.1201,0.0015,0.0010,0.0003
2653,33.8796,0.0000,11.6050,3.8561,,true,0,0.008333,0.0000,0.0000,1.00,0.00,0.0000,22,1,295,295,0,0,100,1,11,11,0,246528,0,295,0,0,899305472,0.000000,0.000000,0.000000,0.00,0,2,4,25,17,20,26,13,24,55,97,12,0,0,0,0,0,0,0.0003,0.0171,0.0341,0.0006,0.0033,0.0065,3.8561,0.0167,0.0000,0.3055,0.0005,0.0005,0.1132,0.0012,0.0011,0.0008
2654,33.8986,0.0000,17.1785,5.1307,,true,0,0.008333,0.0000,0.0000,1.00,0.00,0.0000,22,1,295,295,0,0,100,1,11,11,0,246528,0,295,0,0,899305472,0.000000,0.000000,0.000000,0.00,0,2,4,25,17,20,26,13,24,55,97,12,0,0,0,0,0,0,0.0006,0.0165,0.0352,0.0012,0.0033,0.0061,5.1307,0.0218,0.0000,0.2915,0.0003,0.0004,0.1222,0.0014,0.0004,0.0003
2655,33.9072,0.0000,9.6304,4.7465,,true,0,0.008333,0.0000,0.0000,1.00,0.00,0.0000,22,1,295,295,0,0,100,1,11,11,0,246528,0,295,0,0,899305472,0.000000,0.000000,0.000000,0.00,0,2,4,25,17,20,26,13,24,55,97,12,0,0,0,0,0,0,0.0003,0.0276,0.0491,0.0009,0.0027,0.0068,4.7465,0.0221,0.0000,0.4572,0.0011,0.0009,0.1767,0.0017,0.0012,0.0011
2656,33.9208,0.0000,13.0740,5.3175,,true,0,0.008333,0.0000,0.0000,1.00,0.00,0.0000,22,1,295,295,0,0,100,1,11,11,0,246528,0,295,0,0,899305472,0.000000,0.000000,0.000000,0.00,0,2,4,25,17,20,26,13,24,55,97,12,0,0,0,0,0,0,0.0005,0.0504,0.0471,0.0021,0.0030,0.0073,5.3175,0.0243,0.0000,0.3878,0.0005,0.0006,0.1384,0.0011,0.0008,0.0006
2657,33.9326,0.0000,13.8199,3.3699,,true,0,0.008333,0.0000,0.0000,1.00,0.00,0.0000,22,1,295,295,0,0,100,1,11,11,0,246528,0,295,0,0,899305472,0.000000,0.000000,0.000000,0.00,0,2,4,25,17,20,26,13,24,55,97,12,0,0,0,0,0,0,0.0004,0.0188,0.0346,0.0009,0.0032,0.0042,3.3699,0.0133,0.0000,0.3805,0.0004,0.0003,0.1487,0.0010,0.0010,0.0012
2658,33.9437,0.0000,10.4070,4.2817,,true,0,0.008333,0.0000,0.0000,1.00,0.00,0.0000,22,1,295,295,0,0,100,1,11,11,0,246528,0,295,0,0,899305472,0.000000,0.000000,0.000000,0.00,0,2,4,25,17,20,26,13,24,55,97,12,0,0,0,0,0,0,0.0011,0.0232,0.0336,0.0006,0.0024,0.0102,4.2817,0.0126,0.0000,0.3965,0.0009,0.0006,0.1319,0.0010,0.0009,0.0007
2659,33.9572,0.0000,13.0088,4.3281,,true,0,0.008333,0.0000,0.0000,1.00,0.00,0.0000,22,1,295,295,0,0,100,1,11,11,0,246528,0,295,0,0,899305472,0.000000,0.000000,0.000000,0.00,0,2,4,25,17,20,26,13,24,55,97,12,0,0,0,0,0,0,0.0007,0.0233,0.0364,0.0010,0.0028,0.0044,4.3281,0.0164,0.0000,0.4334,0.0008,0.0010,0.1696,0.0035,0.0013,0.0009
2660,33.9702,0.0000,13.9155,3.6747,,true,0,0.008333,0.0000,0.0000,1.00,0.00,0.0000,22,1,295,295,0,0,100,1,11,11,0,246528,0,295,0,0,899305472,0.000000,0.000000,0.000000,0.00,0,2,4,25,17,20,26,13,24,55,97,12,0,0,0,0,0,0,0.0006,0.0141,0.0502,0.0020,0.0030,0.0063,3.6747,0.0193,0.0000,0.3752,0.0006,0.0005,0.1526,0.0009,0.0011,0.0011
2661,33.9817,0.0000,11.3636,3.6952,,true,0,0.008333,0.0000,0.0000,1.00,0.00,0.0000,22,1,295,295,0,0,100,1,11,11,0,246528,0,295,0,0,899305472,0.000000,0.000000,0.000000,0.00,0,2,4,25,17,20,26,13,24,55,97,12,0,0,0,0,0,0,0.0003,0.0203,0.0977,0.0005,0.0030,0.0054,3.6952,0.0195,0.0000,0.5015,0.0008,0.0006,0.2205,0.0022,0.0009,0.0008
2662,33.9950,0.0000,13.0096,4.1806,,true,0,0.008333,0.0000,0.0000,1.00,0.00,0.0000,22,1,295,295,0,0,100,1,11,11,0,246528,0,295,0,0,899305472,0.000000,0.000000,0.000000,0.00,0,2,4,25,17,20,26,13,24,55,97,12,0,0,0,0,0,0,0.0006,0.0221,0.0349,0.0103,0.0045,0.0056,4.1806,0.0180,0.0000,0.3761,0.0009,0.0005,0.1373,0.0018,0.0014,0.0009
2663,34.0079,0.0000,13.8489,3.1548,,true,0,0.008333,0.0000,0.0000,1.00,0.00,0.0000,22,1,295,295,0,0,100,1,11,11,0,246528,0,295,0,0,899305472,0.000000,0.000000,0.000000,0.00,0,2,4,25,17,20,26,13,24,55,97,12,0,0,0,0,0,0,0.0012,0.0297,0.0331,0.0011,0.0045,0.0061,3.1548,0.0151,0.0000,0.3449,0.0002,0.0004,0.1267,0.0015,0.0004,0.0006
2664,34.0192,0.0000,11.1182,3.6790,,true,0,0.008333,0.0000,0.0000,1.00,0.00,0.0000,22,1,295,295,0,0,100,1,11,11,0,246528,0,295,0,0,899305472,0.000000,0.000000,0.000000,0.00,0,2,4,25,17,20,26,13,24,55,97,12,0,0,0,0,0,0,0.0006,0.0204,0.0301,0.0010,0.0030,0.0052,3.6790,0.0178,0.0000,0.3400,0.0005,0.0005,0.1289,0.0013,0.0013,0.0006
2665,34.0342,0.0000,13.2125,4.8287,,true,0,0.008333,0.0000,0.0000,1.00,0.00,0.0000,22,1,295,295,0,0,100,1,11,11,0,246528,0,295,0,0,899305472,0.000000,0.000000,0.000000,0.00,0,2,4,25,17,20,26,13,24,55,97,12,0,0,0,0,0,0,0.0004,0.0195,0.0335,0.0008,0.0030,0.0047,4.8287,0.0238,0.0000,0.3696,0.0006,0.0007,0.1314,0.0009,0.0009,0.0007
2666,34.0469,0.0000,13.8112,3.5602,,true,0,0.008333,0.0000,0.0000,1.00,0.00,0.0000,22,1,295,295,0,0,100,1,11,11,0,246528,0,295,0,0,899305472,0.000000,0.000000,0.000000,0.00,0,2,4,25,17,20,26,13,24,55,97,12,0,0,0,0,0,0,0.0002,0.0201,0.0419,0.0007,0.0032,0.0045,3.5602,0.0170,0.0000,0.4069,0.0008,0.0010,0.1365,0.0017,0.0009,0.0007
2667,34.0577,0.0000,11.0022,3.9034,,true,0,0.008333,0.0000,0.0000,1.00,0.00,0.0000,22,1,295,295,0,0,100,1,11,11,0,246528,0,295,0,0,899305472,0.000000,0.000000,0.000000,0.00,0,2,4,25,17,20,26,13,24,55,97,12,0,0,0,0,0,0,0.0007,0.0226,0.0336,0.0004,0.0020,0.0040,3.9034,0.0140,0.0000,0.3740,0.0005,0.0007,0.1369,0.0015,0.0019,0.0008
2668,34.0717,0.0000,12.9822,4.6644,,true,0,0.008333,0.0000,0.0000,1.00,0.00,0.0000,22,1,295,295,0,0,100,1,11,11,0,246528,0,295,0,0,899305472,0.000000,0.000000,0.000000,0.00,0,2,4,25,17,20,26,13,24,55,97,12,0,0,0,0,0,0,0.0002,0.0165,0.0551,0.0013,0.0041,0.0051,4.6644,0.0223,0.0000,0.4233,0.0005,0.0007,0.1698,0.0018,0.0014,0.0011
2669,34.0846,0.0000,13.5622,4.1307,,true,0,0.008333,0.0000,0.0000,1.00,0.00,0.0000,22,1,295,295,0,0,100,1,11,11,0,246528,0,295,0,0,899305472,0.000000,0.000000,0.000000,0.00,0,2,4,25,17,20,26,13,24,55,97,12,0,0,0,0,0,0,0.0007,0.0224,0.0351,0.0009,0.0034,0.0071,4.1307,0.0157,0.0000,0.3765,0.0005,0.0006,0.1293,0.0015,0.0012,0.0008
2670,34.0980,0.0000,12.1711,5.2640,,true,0,0.008333,0.0000,0.0000,1.00,0.00,0.0000,22,1,295,295,0,0,100,1,11,11,0,246528,0,295,0,0,899305472,0.000000,0.000000,0.000000,0.00,0,2,4,25,17,20,26,13,24,55,97,12,0,0,0,0,0,0,0.0008,0.0283,0.0459,0.0018,0.0034,0.0106,5.2640,0.0218,0.0000,0.4913,0.0007,0.0007,0.1910,0.0017,0.0011,0.0012
2671,34.1113,0.0000,14.0782,4.2816,,true,0,0.008333,0.0000,0.0000,1.00,0.00,0.0000,22,1,295,295,0,0,100,1,11,11,0,246528,0,295,0,0,899305472,0.000000,0.000000,0.000000,0.00,0,2,4,25,17,20,26,13,24,55,97,12,0,0,0,0,0,0,0.0004,0.0248,0.0407,0.0008,0.0042,0.0063,4.2816,0.0213,0.0000,0.3974,0.0004,0.0007,0.1483,0.0014,0.0011,0.0008
2672,34.1252,0.0000,14.4661,3.9535,,true,0,0.008333,0.0000,0.0000,1.00,0.00,0.0000,22,1,295,295,0,0,100,1,11,11,0,246528,0,295,0,0,899305472,0.000000,0.000000,0.000000,0.00,0,2,4,25,17,20,26,13,24,55,97,12,0,0,0,0,0,0,0.0005,0.0196,0.0448,0.0008,0.0037,0.0052,3.9535,0.0192,0.0000,0.4373,0.0005,0.0005,0.1610,0.0019,0.0014,0.0005
2673,34.1346,0.0000,10.6328,3.2468,,true,0,0.008333,0.0000,0.0000,1.00,0.00,0.0000,22,1,295,295,0,0,100,1,11,11,0,246528,0,295,0,0,899305472,0.000000,0.000000,0.000000,0.00,0,2,4,25,17,20,26,13,24,55,97,12,0,0,0,0,0,0,0.0009,0.0180,0.0339,0.0006,0.0030,0.0041,3.2468,0.0155,0.0000,0.3275,0.0007,0.0002,0.1092,0.0013,0.0007,0.0008
2674,34.1501,0.0000,14.0139,4.2347,,true,0,0.008333,0.0000,0.0000,1.00,0.00,0.0000,22,1,295,295,0,0,100,1,11,11,0,246528,0,295,0,0,899305472,0.000000,0.000000,0.000000,0.00,0,2,4,25,17,20,26,13,24,55,97,12,0,0,0,0,0,0,0.0011,0.0212,0.0383,0.0007,0.0025,0.0048,4.2347,0.0128,0.0000,0.3537,0.0005,0.0002,0.1256,0.0011,0.0005,0.0007
2675,34.1600,0.0000,11.2417,3.0253,,true,0,0.008333,0.0000,0.0000,1.00,0.00,0.0000,22,1,295,295,0,0,100,1,11,11,0,246528,0,295,0,0,899305472,0.000000,0.000000,0.000000,0.00,0,2,4,25,17,20,26,13,24,55,97,12,0,0,0,0,0,0,0.0007,0.0142,0.0365,0.0011,0.0017,0.0066,3.0253,0.0146,0.0000,0.3488,0.0001,0.0001,0.1281,0.0012,0.0006,0.0009
2676,34.1735,0.0000,12.6667,3.9684,,true,0,0.008333,0.0000,0.0000,1.00,0.00,0.0000,22,1,295,295,0,0,100,1,11,11,0,246528,0,295,0,0,899305472,0.000000,0.000000,0.000000,0.00,0,2,4,25,17,20,26,13,24,55,97,12,0,0,0,0,0,0,0.0009,0.0191,0.0352,0.0012,0.0031,0.0052,3.9684,0.0173,0.0000,0.3677,0.0008,0.0005,0.1335,0.0015,0.0008,0.0005
2677,34.1863,0.0000,13.1328,3.6757,,true,0,0.008333,0.0000,0.0000,1.00,0.00,0.0000,22,1,295,295,0,0,100,1,11,11,0,246528,0,295,0,0,899305472,0.000000,0.000000,0.000000,0.00,0,2,4,25,17,20,26,13,24,55,97,12,0,0,0,0,0,0,0.0002,0.0182,0.0455,0.0007,0.0036,0.0067,3.6757,0.0194,0.0000,0.3997,0.0006,0.0003,0.1568,0.0011,0.0011,0.0005
2678,34.1992,0.0000,12.1604,4.0786,,true,0,0.008333,0.0000,0.0000,1.00,0.00,0.0000,22,1,295,295,0,0,100,1,11,11,0,246528,0,295,0,0,899305472,0.000000,0.000000,0.000000,0.00,0,2,4,25,17,20,26,13,24,55,97,12,0,0,0,0,0,0,0.0005,0.0291,0.0382,0.0012,0.0041,0.0106,4.0786,0.0202,0.0000,0.3759,0.0005,0.0006,0.1576,0.0019,0.0013,0.0008
2679,34.2110,0.0000,12.2233,4.0015,,true,0,0.008333,0.0000,0.0000,1.00,0.00,0.0000,22,1,295,295,0,0,100,1,11,11,0,246528,0,295,0,0,899305472,0.000000,0.000000,0.000000,0.00,0,2,4,25,17,20,26,13,24,55,97,12,0,0,0,0,0,0,0.0003,0.0224,0.0555,0.0012,0.0026,0.0091,4.0015,0.0350,0.0000,0.3733,0.0007,0.0004,0.1453,0.0014,0.0008,0.0007
2680,34.2259,0.0000,14.0303,4.4562,,true,0,0.008333,0.0000,0.0000,1.00,0.00,0.0000,22,1,295,295,0,0,100,1,11,11,0,246528,0,295,0,0,899305472,0.000000,0.000000,0.000000,0.00,0,2,4,25,17,20,26,13,24,55,97,12,0,0,0,0,0,0,0.0007,0.0200,0.0456,0.0008,0.0032,0.0043,4.4562,0.0180,0.0000,0.4185,0.0006,0.0006,0.1831,0.0015,0.0009,0.0007
2681,34.2371,0.0000,11.6714,4.1022,,true,0,0.008333,0.0000,0.0000,1.00,0.00,0.0000,22,1,295,295,0,0,100,1,11,11,0,246528,0,295,0,0,899305472,0.000000,0.000000,0.000000,0.00,0,2,4,25,17,20,26,13,24,55,97,12,0,0,0,0,0,0,0.0006,0.0325,0.0396,0.0018,0.0028,0.0082,4.1022,0.0374,0.0000,0.3575,0.0005,0.0007,0.1176,0.0015,0.0010,0.0006
2682,34.2498,0.0000,12.6977,4.0522,,true,0,0.008333,0.0000,0.0000,1.00,0.00,0.0000,22,1,295,295,0,0,100,1,11,11,0,246528,0,295,0,0,899305472,0.000000,0.000000,0.000000,0.00,0,2,4,25,17,20,26,13,24,55,97,12,0,0,0,0,0,0,0.0002,0.0391,0.0664,0.0015,0.0033,0.0055,4.0522,0.0231,0.0000,0.3905,0.0009,0.0009,0.1399,0.0014,0.0017,0.0012
2683,34.2618,0.0000,12.2898,3.8741,,true,0,0.008333,0.0000,0.0000,1.00,0.00,0.0000,22,1,295,295,0,0,100,1,11,11,0,246528,0,295,0,0,899444736,0.000000,0.000000,0.000000,0.00,0,2,4,25,17,20,26,13,24,55,97,12,0,0,0,0,0,0,0.0010,0.0175,0.0373,0.0007,0.0023,0.0049,3.8741,0.0189,0.0000,0.3773,0.0006,0.0006,0.1419,0.0014,0.0010,0.0009
2684,34.2746,0.0000,12.7070,3.8455,,true,0,0.008333,0.0000,0.0000,1.00,0.00,0.0000,22,1,295,295,0,0,100,1,11,11,0,246528,0,295,0,0,899444736,0.000000,0.000000,0.000000,0.00,0,2,4,25,17,20,26,13,24,55,97,12,0,0,0,0,0,0,0.0003,0.0191,0.0385,0.0008,0.0020,0.0056,3.8455,0.0165,0.0000,0.3500,0.0003,0.0000,0.1328,0.0005,0.0010,0.0006
2685,34.2860,0.0000,11.3548,3.9830,,true,0,0.008333,0.0000,0.0000,1.00,0.00,0.0000,22,1,295,295,0,0,100,1,11,11,0,246528,0,295,0,0,899444736,0.000000,0.000000,0.000000,0.00,0,2,4,25,17,20,26,13,24,55,97,12,0,0,0,0,0,0,0.0007,0.0287,0.0726,0.0011,0.0031,0.0060,3.9830,0.0466,0.0000,0.5057,0.0005,0.0007,0.1703,0.0024,0.0009,0.0007
2686,34.3023,0.0000,13.5787,6.5029,,true,0,0.008333,0.0000,0.0000,1.00,0.00,0.0000,22,1,295,295,0,0,100,1,11,11,0,246528,0,295,0,0,899444736,0.000000,0.000000,0.000000,0.00,0,2,4,25,17,20,26,13,24,55,97,12,0,0,0,0,0,0,0.0008,0.0352,0.0608,0.0018,0.0047,0.0100,6.5029,0.0237,0.0000,0.4638,0.0007,0.0011,0.1551,0.0018,0.0012,0.0007
2687,34.3147,0.0000,13.5742,4.3909,,true,0,0.008333,0.0000,0.0000,1.00,0.00,0.0000,22,1,295,295,0,0,100,1,11,11,0,246528,0,295,0,0,899444736,0.000000,0.000000,0.000000,0.00,0,2,4,25,17,20,26,13,24,55,97,12,0,0,0,0,0,0,0.0002,0.0262,0.0546,0.0017,0.0031,0.0065,4.3909,0.0473,0.0000,0.4194,0.0039,0.0003,0.1375,0.0016,0.0011,0.0006
2688,34.3249,0.0000,11.9250,3.2988,,true,0,0.008333,0.0000,0.0000,1.00,0.00,0.0000,22,1,295,295,0,0,100,1,11,11,0,246528,0,295,0,0,899444736,0.000000,0.000000,0.000000,0.00,0,2,4,25,17,20,26,13,24,55,97,12,0,0,0,0,0,0,0.0001,0.0153,0.0365,0.0008,0.0030,0.0050,3.2988,0.0141,0.0000,0.3953,0.0005,0.0010,0.1408,0.0016,0.0007,0.0012
2689,34.3413,0.0000,14.5649,5.3582,,true,0,0.008333,0.0000,0.0000,1.00,0.00,0.0000,22,1,295,295,0,0,100,1,11,11,0,246528,0,295,0,0,899444736,0.000000,0.000000,0.000000,0.00,0,2,4,25,17,20,26,13,24,55,97,12,0,0,0,0,0,0,0.0004,0.0257,0.0924,0.0013,0.0059,0.0092,5.3582,0.0328,0.0000,0.5632,0.0007,0.0010,0.2234,0.0024,0.0008,0.0008
2690,34.3603,0.0000,18.0222,5.9679,,true,0,0.008333,0.0000,0.0000,1.00,0.00,0.0000,22,1,295,295,0,0,100,1,11,11,0,246528,0,295,0,0,899444736,0.000000,0.000000,0.000000,0.00,0,2,4,25,17,20,26,13,24,55,97,12,0,0,0,0,0,0,0.0007,0.0282,0.0927,0.0017,0.0046,0.0103,5.9679,0.0231,0.0000,0.5511,0.0009,0.0014,0.2421,0.0017,0.0022,0.0012
2691,34.3746,0.0000,12.5453,7.6796,,true,0,0.008333,0.0000,0.0000,1.00,0.00,0.0000,22,1,295,295,0,0,100,1,11,11,0,246528,0,295,0,0,899444736,0.000000,0.000000,0.000000,0.00,0,2,4,25,17,20,26,13,24,55,97,12,0,0,0,0,0,0,0.0004,0.0237,0.0403,0.0009,0.0033,0.0071,7.6796,0.0129,0.0000,0.4381,0.0003,0.0003,0.1806,0.0014,0.0004,0.0003
2692,34.3892,0.0000,13.5837,8.9704,,true,0,0.008333,0.0000,0.0000,1.00,0.00,0.0000,22,1,295,295,0,0,100,1,11,11,0,246528,0,295,0,0,899444736,0.000000,0.000000,0.000000,0.00,0,2,4,25,17,20,26,13,24,55,97,12,0,0,0,0,0,0,0.0005,0.0176,0.0292,0.0009,0.0032,0.0057,8.9704,0.0104,0.0000,0.3263,0.0004,0.0003,0.1235,0.0009,0.0009,0.0005
2693,34.4057,0.0000,16.4611,8.6937,,true,0,0.008333,0.0000,0.0000,1.00,0.00,0.0000,22,1,295,295,0,0,100,1,11,11,0,246528,0,295,0,0,899444736,0.000000,0.000000,0.000000,0.00,0,2,4,25,17,20,26,13,24,55,97,12,0,0,0,0,0,0,0.0015,0.0380,0.0945,0.0020,0.0065,0.0173,8.6937,0.0138,0.0000,0.7867,0.0020,0.0014,0.2824,0.0035,0.0051,0.0036
2694,34.4150,0.0000,13.5060,4.8723,,true,0,0.008333,0.0000,0.0000,1.00,0.00,0.0000,22,1,295,295,0,0,100,1,11,11,0,246528,0,295,0,0,899444736,0.000000,0.000000,0.000000,0.00,0,2,4,25,17,20,26,13,24,55,97,12,0,0,0,0,0,0,0.0009,0.0348,0.0510,0.0014,0.0075,0.0110,4.8723,0.0301,0.0000,0.5216,0.0009,0.0008,0.2034,0.0019,0.0018,0.0011
2695,34.4324,0.0000,15.2361,7.1482,,true,0,0.008333,0.0000,0.0000,1.00,0.00,0.0000,22,1,295,295,0,0,100,1,11,11,0,246528,0,295,0,0,899444736,0.000000,0.000000,0.000000,0.00,0,2,4,25,17,20,26,13,24,55,97,12,0,0,0,0,0,0,0.0012,0.0516,0.0388,0.0038,0.0056,0.0071,7.1482,0.0219,0.0000,0.3557,0.0005,0.0004,0.1455,0.0013,0.0011,0.0011
2696,34.4416,0.0000,11.4747,4.9440,,true,0,0.008333,0.0000,0.0000,1.00,0.00,0.0000,22,1,295,295,0,0,100,1,11,11,0,246528,0,295,0,0,899444736,0.000000,0.000000,0.000000,0.00,0,2,4,25,17,20,26,13,24,55,97,12,0,0,0,0,0,0,0.0011,0.0346,0.0630,0.0020,0.0016,0.0128,4.9440,0.0438,0.0000,0.4407,0.0006,0.0005,0.1717,0.0015,0.0010,0.0011
2697,34.4538,0.0000,12.8358,4.6624,,true,0,0.008333,0.0000,0.0000,1.00,0.00,0.0000,22,1,295,295,0,0,100,1,11,11,0,246528,0,295,0,0,899444736,0.000000,0.000000,0.000000,0.00,0,2,4,25,17,20,26,13,24,55,97,12,0,0,0,0,0,0,0.0011,0.0294,0.0375,0.0008,0.0033,0.0157,4.6624,0.0194,0.0000,0.4014,0.0006,0.0002,0.1376,0.0015,0.0011,0.0009
2698,34.4689,0.0000,13.4784,5.3866,,true,0,0.008333,0.0000,0.0000,1.00,0.00,0.0000,22,1,295,295,0,0,100,1,11,11,0,246528,0,295,0,0,899444736,0.000000,0.000000,0.000000,0.00,0,2,4,25,17,20,26,13,24,55,97,12,0,0,0,0,0,0,0.0003,0.0195,0.0467,0.0008,0.0045,0.0066,5.3866,0.0249,0.0000,0.4126,0.0006,0.0007,0.1623,0.0022,0.0010,0.0016
2699,34.5178,0.0000,46.8483,6.7846,,true,0,0.008333,0.0000,0.0000,1.00,0.00,0.0000,22,1,295,295,0,0,100,1,11,11,0,246528,0,295,0,0,899444736,0.000000,0.000000,0.000000,0.00,0,2,4,25,17,20,26,13,24,55,97,12,0,0,0,0,0,0,0.0007,0.0211,0.1579,0.0010,0.0056,0.0073,6.7846,0.0302,0.0000,0.4863,0.0013,0.0006,0.2025,0.0017,0.0007,0.0011
2700,34.5290,0.0000,12.5536,6.1620,,true,0,0.008333,0.0000,0.0000,1.00,0.00,0.0000,22,1,295,295,0,0,100,1,11,11,0,246528,0,295,0,0,899444736,0.000000,0.000000,0.000000,0.00,0,2,4,25,17,20,26,13,24,55,97,12,0,0,0,0,0,0,0.0002,0.0119,0.1191,0.0005,0.0017,0.0028,6.1620,0.0488,0.0000,0.3888,0.0002,0.0002,0.0828,0.0007,0.0005,0.0002
2701,34.5370,0.0000,9.5806,5.3259,,true,0,0.008333,0.0000,0.0000,1.00,0.00,0.0000,22,1,295,295,0,0,100,1,11,11,0,246528,0,295,0,0,899444736,0.000000,0.000000,0.000000,0.00,0,2,4,25,17,20,26,13,24,55,97,12,0,0,0,0,0,0,0.0011,0.0712,0.0429,0.0005,0.0014,0.0032,5.3259,0.0216,0.0000,0.5655,0.0007,0.0006,0.1938,0.0030,0.0013,0.0009
2702,34.5445,0.0000,7.8680,4.8552,,true,0,0.008333,0.0000,0.0000,1.00,0.00,0.0000,22,1,295,295,0,0,100,1,11,11,0,246528,0,295,0,0,899444736,0.000000,0.000000,0.000000,0.00,0,2,4,25,17,20,26,13,24,55,97,12,0,0,0,0,0,0,0.0002,0.0199,0.0605,0.0011,0.0029,0.0076,4.8552,0.0540,0.0000,0.5024,0.0005,0.0008,0.2091,0.0017,0.0012,0.0011
2703,34.5577,0.0000,8.4749,9.2216,,true,0,0.008333,0.0000,0.0000,1.00,0.00,0.0000,22,1,295,295,0,0,100,1,11,11,0,246528,0,295,0,0,899444736,0.000000,0.000000,0.000000,0.00,0,2,4,25,17,20,26,13,24,55,97,12,0,0,0,0,0,0,0.0006,0.0459,0.0552,0.0010,0.0053,0.0071,9.2216,0.0201,0.0000,0.4079,0.0002,0.0002,0.1774,0.0016,0.0005,0.0006
2704,34.5647,0.0000,11.5154,4.9098,,true,0,0.008333,0.0000,0.0000,1.00,0.00,0.0000,22,1,295,295,0,0,100,1,11,11,0,246528,0,295,0,0,899444736,0.000000,0.000000,0.000000,0.00,0,2,4,25,17,20,26,13,24,55,97,12,0,0,0,0,0,0,0.0009,0.0204,0.0374,0.0006,0.0053,0.0063,4.9098,0.0170,0.0000,0.5440,0.0007,0.0006,0.2431,0.0038,0.0011,0.0007
2705,34.5914,0.0000,21.7301,10.3517,,true,0,0.008333,0.0000,0.0000,1.00,0.00,0.0000,22,1,295,295,0,0,100,1,11,11,0,246528,0,295,0,0,899444736,0.000000,0.000000,0.000000,0.00,0,2,4,25,17,20,26,13,24,55,97,12,0,0,0,0,0,0,0.0004,0.0239,0.0555,0.0015,0.0028,0.0073,10.3517,0.0412,0.0000,5.0734,0.0009,0.1166,0.1777,0.0087,0.0022,4.4019
2706,34.5993,0.0000,9.7265,6.3325,,true,0,0.008333,0.0000,0.0000,1.00,0.00,0.0000,22,1,295,295,0,0,100,1,11,11,0,246528,0,295,0,0,899444736,0.000000,0.000000,0.000000,0.00,0,2,4,25,17,20,26,13,24,55,97,12,0,0,0,0,0,0,0.0009,0.0418,0.0476,0.0023,0.0060,0.0090,6.3325,0.0162,0.0000,0.5338,0.0009,0.0005,0.1941,0.0032,0.0015,0.0014
2707,34.6096,0.0000,11.5015,6.6389,,true,0,0.008333,0.0000,0.0000,1.00,0.00,0.0000,22,1,295,295,0,0,100,1,11,11,0,246528,0,295,0,0,899444736,0.000000,0.000000,0.000000,0.00,0,2,4,25,17,20,26,13,24,55,97,12,0,0,0,0,0,0,0.0007,0.0239,0.0892,0.0006,0.0023,0.0030,6.6389,0.0375,0.0000,0.5628,0.0009,0.0010,0.2470,0.0013,0.0011,0.0012
2708,34.6214,0.0000,10.8137,7.6710,,true,0,0.008333,0.0000,0.0000,1.00,0.00,0.0000,22,1,295,295,0,0,100,1,11,11,0,246528,0,295,0,0,899444736,0.000000,0.000000,0.000000,0.00,0,2,4,25,17,20,26,13,24,55,97,12,0,0,0,0,0,0,0.0006,0.0318,0.0657,0.0017,0.0031,0.0068,7.6710,0.0150,0.0000,0.3990,0.0006,0.0005,0.1510,0.0018,0.0010,0.0006
2709,34.6497,0.0000,28.6835,6.7988,,true,0,0.008333,0.0000,0.0000,1.00,0.00,0.0000,22,1,295,295,0,0,100,1,11,11,0,246528,0,295,0,0,899444736,0.000000,0.000000,0.000000,0.00,0,2,4,25,17,20,26,13,24,55,97,12,0,0,0,0,0,0,0.0006,0.0269,0.0323,0.0010,0.0123,0.0063,6.7988,0.0243,0.0000,0.4081,0.0002,0.0006,0.1364,0.0015,0.0006,0.0005
2710,34.6594,0.0000,12.0578,4.5005,,true,0,0.008333,0.0000,0.0000,1.00,0.00,0.0000,22,1,295,295,0,0,100,1,11,11,0,246528,0,295,0,0,899444736,0.000000,0.000000,0.000000,0.00,0,2,4,25,17,20,26,13,24,55,97,12,0,0,0,0,0,0,0.0002,0.0221,0.0593,0.0007,0.0049,0.0039,4.5005,0.0312,0.0000,0.5352,0.0007,0.0004,0.2720,0.0012,0.0013,0.0009
2711,34.6688,0.0000,9.9434,4.6704,,true,0,0.008333,0.0000,0.0000,1.00,0.00,0.0000,22,1,295,295,0,0,100,1,11,11,0,246528,0,295,0,0,899444736,0.000000,0.000000,0.000000,0.00,0,2,4,25,17,20,26,13,24,55,97,12,0,0,0,0,0,0,0.0003,0.0283,0.0586,0.0009,0.0032,0.0067,4.6704,0.0297,0.0000,0.5274,0.0006,0.0003,0.2577,0.0018,0.0011,0.0011
2712,34.6776,0.0000,9.3152,3.9666,,true,0,0.008333,0.0000,0.0000,1.00,0.00,0.0000,22,1,295,295,0,0,100,1,11,11,0,246528,0,295,0,0,899444736,0.000000,0.000000,0.000000,0.00,0,2,4,25,17,20,26,13,24,55,97,12,0,0,0,0,0,0,0.0007,0.0236,0.0347,0.0007,0.0049,0.0054,3.9666,0.0219,0.0000,0.4036,0.0005,0.0007,0.1146,0.0025,0.0014,0.0011
2713,34.6829,0.0000,6.3587,3.1845,,true,0,0.008333,0.0000,0.0000,1.00,0.00,0.0000,22,1,295,295,0,0,100,1,11,11,0,246528,0,295,0,0,899444736,0.000000,0.000000,0.000000,0.00,0,2,4,25,17,20,26,13,24,55,97,12,0,0,0,0,0,0,0.0002,0.0168,0.0375,0.0010,0.0022,0.0041,3.1845,0.0183,0.0000,0.3482,0.0004,0.0004,0.1239,0.0011,0.0008,0.0007
2714,34.6930,0.0000,10.2041,3.1422,,true,0,0.008333,0.0000,0.0000,1.00,0.00,0.0000,22,1,295,295,0,0,100,1,11,11,0,246528,0,295,0,0,899444736,0.000000,0.000000,0.000000,0.00,0,2,4,25,17,20,26,13,24,55,97,12,0,0,0,0,0,0,0.0002,0.0187,0.0352,0.0006,0.0032,0.0057,3.1422,0.0174,0.0000,0.3617,0.0007,0.0002,0.1322,0.0010,0.0012,0.0004
2715,34.7051,0.0000,11.3207,3.8131,,true,0,0.008333,0.0000,0.0000,1.00,0.00,0.0000,22,1,295,295,0,0,100,1,11,11,0,246528,0,295,0,0,899444736,0.000000,0.000000,0.000000,0.00,0,2,4,25,17,20,26,13,24,55,97,12,0,0,0,0,0,0,0.0005,0.0263,0.0531,0.0005,0.0040,0.0076,3.8131,0.0254,0.0000,0.4837,0.0007,0.0006,0.1940,0.0014,0.0013,0.0009
2716,34.7190,0.0000,12.7414,4.7419,,true,0,0.008333,0.0000,0.0000,1.00,0.00,0.0000,22,1,295,295,0,0,100,1,11,11,0,246528,0,295,0,0,899444736,0.000000,0.000000,0.000000,0.00,0,2,4,25,17,20,26,13,24,55,97,12,0,0,0,0,0,0,0.0004,0.0418,0.0355,0.0014,0.0030,0.0063,4.7419,0.0274,0.0000,0.3432,0.0007,0.0004,0.1320,0.0015,0.0013,0.0011
2717,34.7302,0.0000,12.3186,3.7843,,true,0,0.008333,0.0000,0.0000,1.00,0.00,0.0000,22,1,295,295,0,0,100,1,11,11,0,246528,0,295,0,0,899444736,0.000000,0.000000,0.000000,0.00,0,2,4,25,17,20,26,13,24,55,97,12,0,0,0,0,0,0,0.0007,0.0169,0.0387,0.0011,0.0022,0.0055,3.7843,0.0178,0.0000,0.3871,0.0007,0.0007,0.1315,0.0017,0.0009,0.0006
2718,34.7404,0.0000,10.5965,3.5487,,true,0,0.008333,0.0000,0.0000,1.00,0.00,0.0000,22,1,295,295,0,0,100,1,11,11,0,246528,0,295,0,0,899444736,0.000000,0.000000,0.000000,0.00,0,2,4,25,17,20,26,13,24,55,97,12,0,0,0,0,0,0,0.0005,0.0207,0.0358,0.0004,0.0035,0.0057,3.5487,0.0163,0.0000,0.3772,0.0007,0.0007,0.1339,0.0014,0.0011,0.0007
2719,34.7520,0.0000,10.9594,3.9553,,true,0,0.008333,0.0000,0.0000,1.00,0.00,0.0000,22,1,295,295,0,0,100,1,11,11,0,246528,0,295,0,0,899444736,0.000000,0.000000,0.000000,0.00,0,2,4,25,17,20,26,13,24,55,97,12,0,0,0,0,0,0,0.0006,0.0178,0.0303,0.0022,0.0029,0.0066,3.9553,0.0156,0.0000,0.3295,0.0004,0.0002,0.1329,0.0011,0.0008,0.0005
2720,34.7631,0.0000,11.2270,3.9140,,true,0,0.008333,0.0000,0.0000,1.00,0.00,0.0000,22,1,295,295,0,0,100,1,11,11,0,246528,0,295,0,0,899444736,0.000000,0.000000,0.000000,0.00,0,2,4,25,17,20,26,13,24,55,97,12,0,0,0,0,0,0,0.0007,0.0211,0.0537,0.0012,0.0031,0.0059,3.9140,0.0222,0.0000,0.3983,0.0004,0.0005,0.1354,0.0013,0.0011,0.0012
2721,34.7743,0.0000,11.9023,3.3960,,true,0,0.008333,0.0000,0.0000,1.00,0.00,0.0000,22,1,295,295,0,0,100,1,11,11,0,246528,0,295,0,0,899444736,0.000000,0.000000,0.000000,0.00,0,2,4,25,17,20,26,13,24,55,97,12,0,0,0,0,0,0,0.0004,0.0158,0.0386,0.0010,0.0040,0.0088,3.3960,0.0165,0.0000,0.3662,0.0006,0.0000,0.1318,0.0012,0.0009,0.0006
2722,34.7853,0.0000,10.7678,3.4699,,true,0,0.008333,0.0000,0.0000,1.00,0.00,0.0000,22,1,295,295,0,0,100,1,11,11,0,246528,0,295,0,0,899444736,0.000000,0.000000,0.000000,0.00,0,2,4,25,17,20,26,13,24,55,97,12,0,0,0,0,0,0,0.0003,0.0194,0.0340,0.0015,0.0046,0.0044,3.4699,0.0151,0.0000,0.3506,0.0006,0.0003,0.1250,0.0012,0.0010,0.0007
2723,34.7963,0.0000,10.5538,3.9555,,true,0,0.008333,0.0000,0.0000,1.00,0.00,0.0000,22,1,295,295,0,0,100,1,11,11,0,246528,0,295,0,0,899444736,0.000000,0.000000,0.000000,0.00,0,2,4,25,17,20,26,13,24,55,97,12,0,0,0,0,0,0,0.0011,0.0231,0.0388,0.0016,0.0048,0.0075,3.9555,0.0173,0.0000,0.4188,0.0008,0.0002,0.1490,0.0016,0.0011,0.0011
2724,34.8087,0.0000,12.5127,3.6706,,true,0,0.008333,0.0000,0.0000,1.00,0.00,0.0000,22,1,295,295,0,0,100,1,11,11,0,246528,0,295,0,0,899444736,0.000000,0.000000,0.000000,0.00,0,2,4,25,17,20,26,13,24,55,97,12,0,0,0,0,0,0,0.0002,0.0152,0.0491,0.0008,0.0034,0.0050,3.6706,0.0184,0.0000,0.3555,0.0005,0.0004,0.1302,0.0014,0.0009,0.0009
2725,34.8195,0.0000,11.1119,3.6572,,true,0,0.008333,0.0000,0.0000,1.00,0.00,0.0000,22,1,295,295,0,0,100,1,11,11,0,246528,0,295,0,0,899444736,0.000000,0.000000,0.000000,0.00,0,2,4,25,17,20,26,13,24,55,97,12,0,0,0,0,0,0,0.0006,0.0167,0.0547,0.0006,0.0021,0.0049,3.6572,0.0258,0.0000,0.4045,0.0005,0.0004,0.1482,0.0016,0.0013,0.0007
2726,34.8308,0.0000,11.6049,3.2974,,true,0,0.008333,0.0000,0.0000,1.00,0.00,0.0000,22,1,295,295,0,0,100,1,11,11,0,246528,0,295,0,0,899444736,0.000000,0.000000,0.000000,0.00,0,2,4,25,17,20,26,13,24,55,97,12,0,0,0,0,0,0,0.0002,0.0189,0.0348,0.0009,0.0030,0.0036,3.2974,0.0161,0.0000,0.3800,0.0010,0.0005,0.1290,0.0010,0.0007,0.0005
2727,34.8432,0.0000,11.2046,4.1666,,true,0,0.008333,0.0000,0.0000,1.00,0.00,0.0000,22,1,295,295,0,0,100,1,11,11,0,246528,0,295,0,0,899444736,0.000000,0.000000,0.000000,0.00,0,2,4,25,17,20,26,13,24,55,97,12,0,0,0,0,0,0,0.0004,0.0247,0.0431,0.0008,0.0029,0.0052,4.1666,0.0202,0.0000,0.3890,0.0005,0.0004,0.1505,0.0018,0.0014,0.0006
2728,34.8555,0.0000,11.7785,4.9355,,true,0,0.008333,0.0000,0.0000,1.00,0.00,0.0000,22,1,295,295,0,0,100,1,11,11,0,246528,0,295,0,0,899444736,0.000000,0.000000,0.000000,0.00,0,2,4,25,17,20,26,13,24,55,97,12,0,0,0,0,0,0,0.0007,0.0252,0.0576,0.0016,0.0216,0.0087,4.9355,0.0250,0.0000,0.3533,0.0009,0.0008,0.1253,0.0014,0.0021,0.0005
2729,34.8665,0.0000,11.7499,4.3106,,true,0,0.008333,0.0000,0.0000,1.00,0.00,0.0000,22,1,295,295,0,0,100,1,11,11,0,246528,0,295,0,0,899444736,0.000000,0.000000,0.000000,0.00,0,2,4,25,17,20,26,13,24,55,97,12,0,0,0,0,0,0,0.0006,0.0209,0.0352,0.0009,0.0096,0.0096,4.3106,0.0204,0.0000,0.4497,0.0012,0.0006,0.1335,0.0021,0.0014,0.0005
2730,34.8790,0.0000,13.7613,2.9804,,true,0,0.008333,0.0000,0.0000,1.00,0.00,0.0000,22,1,295,295,0,0,100,1,11,11,0,246528,0,295,0,0,899444736,0.000000,0.000000,0.000000,0.00,0,2,4,25,17,20,26,13,24,55,97,12,0,0,0,0,0,0,0.0001,0.0158,0.0325,0.0008,0.0028,0.0046,2.9804,0.0151,0.0000,0.3535,0.0006,0.0005,0.1322,0.0012,0.0007,0.0006
2731,34.8904,0.0000,11.2408,3.1530,,true,0,0.008333,0.0000,0.0000,1.00,0.00,0.0000,22,1,295,295,0,0,100,1,11,11,0,246528,0,295,0,0,899444736,0.000000,0.000000,0.000000,0.00,0,2,4,25,17,20,26,13,24,55,97,12,0,0,0,0,0,0,0.0003,0.0172,0.0334,0.0018,0.0031,0.0037,3.1530,0.0167,0.0000,0.3518,0.0005,0.0004,0.1262,0.0012,0.0013,0.0007
2732,34.9012,0.0000,9.4759,4.5605,,true,0,0.008333,0.0000,0.0000,1.00,0.00,0.0000,22,1,295,295,0,0,100,1,11,11,0,246528,0,295,0,0,899444736,0.000000,0.000000,0.000000,0.00,0,2,4,25,17,20,26,13,24,55,97,12,0,0,0,0,0,0,0.0016,0.0160,0.0905,0.0012,0.0052,0.0057,4.5605,0.0283,0.0000,0.5954,0.0005,0.0009,0.1927,0.0017,0.0027,0.0009
2733,34.9147,0.0000,13.4767,4.1896,,true,0,0.008333,0.0000,0.0000,1.00,0.00,0.0000,22,1,295,295,0,0,100,1,11,11,0,246528,0,295,0,0,899444736,0.000000,0.000000,0.000000,0.00,0,2,4,25,17,20,26,13,24,55,97,12,0,0,0,0,0,0,0.0006,0.0255,0.0372,0.0013,0.0028,0.0068,4.1896,0.0203,0.0000,0.4558,0.0011,0.0007,0.1672,0.0018,0.0010,0.0005
2734,34.9259,0.0000,12.0092,3.5549,,true,0,0.008333,0.0000,0.0000,1.00,0.00,0.0000,22,1,295,295,0,0,100,1,11,11,0,246528,0,295,0,0,899444736,0.000000,0.000000,0.000000,0.00,0,2,4,25,17,20,26,13,24,55,97,12,0,0,0,0,0,0,0.0002,0.0171,0.0350,0.0010,0.0049,0.0037,3.5549,0.0169,0.0000,0.3782,0.0004,0.0011,0.1469,0.0013,0.0013,0.0007
2735,34.9383,0.0000,11.9712,4.0380,,true,0,0.008333,0.0000,0.0000,1.00,0.00,0.0000,22,1,295,295,0,0,100,1,11,11,0,246528,0,295,0,0,899444736,0.000000,0.000000,0.000000,0.00,0,2,4,25,17,20,26,13,24,55,97,12,0,0,0,0,0,0,0.0002,0.0224,0.0326,0.0006,0.0024,0.0044,4.0380,0.0160,0.0000,0.3710,0.0000,0.0011,0.1332,0.0012,0.0014,0.0008
2736,34.9505,0.0000,11.6861,4.3325,,true,0,0.008333,0.0000,0.0000,1.00,0.00,0.0000,22,1,295,295,0,0,100,1,11,11,0,246528,0,295,0,0,899444736,0.000000,0.000000,0.000000,0.00,0,2,4,25,17,20,26,13,24,55,97,12,0,0,0,0,0,0,0.0004,0.0244,0.0708,0.0011,0.0050,0.0060,4.3325,0.0274,0.0000,0.4643,0.0005,0.0003,0.2040,0.0017,0.0011,0.0009
2737,34.9621,0.0000,11.8957,3.9535,,true,0,0.008333,0.0000,0.0000,1.00,0.00,0.0000,22,1,295,295,0,0,100,1,11,11,0,246528,0,295,0,0,899444736,0.000000,0.000000,0.000000,0.00,0,2,4,25,17,20,26,13,24,55,97,12,0,0,0,0,0,0,0.0003,0.0223,0.0414,0.0014,0.0034,0.0050,3.9535,0.0178,0.0000,0.3927,0.0005,0.0008,0.1577,0.0017,0.0020,0.0009
2738,34.9741,0.0000,11.3807,3.9511,,true,0,0.008333,0.0000,0.0000,1.00,0.00,0.0000,22,1,295,295,0,0,100,1,11,11,0,246528,0,295,0,0,899444736,0.000000,0.000000,0.000000,0.00,0,2,4,25,17,20,26,13,24,55,97,12,0,0,0,0,0,0,0.0004,0.0225,0.0352,0.0009,0.0048,0.0063,3.9511,0.0166,0.0000,0.3734,0.0009,0.0006,0.1374,0.0020,0.0011,0.0007
2739,34.9857,0.0000,11.9583,4.5955,,true,0,0.008333,0.0000,0.0000,1.00,0.00,0.0000,22,1,295,295,0,0,100,1,11,11,0,246528,0,295,0,0,899444736,0.000000,0.000000,0.000000,0.00,0,2,4,25,17,20,26,13,24,55,97,12,0,0,0,0,0,0,0.0007,0.0407,0.0433,0.0009,0.0040,0.0066,4.5955,0.0185,0.0000,0.4753,0.0002,0.0004,0.1411,0.0026,0.0013,0.0005
2740,35.0002,0.0000,12.2787,6.1138,,true,0,0.008333,0.0000,0.0000,1.00,0.00,0.0000,22,1,295,295,0,0,100,1,11,11,0,246528,0,295,0,0,899444736,0.000000,0.000000,0.000000,0.00,0,2,4,25,17,20,26,13,24,55,97,12,0,0,0,0,0,0,0.0006,0.0252,0.0579,0.0009,0.0031,0.0055,6.1138,0.0304,0.0000,0.5570,0.0006,0.0004,0.2641,0.0017,0.0016,0.0008
2741,35.0126,0.0000,14.5478,4.2907,,true,0,0.008333,0.0000,0.0000,1.00,0.00,0.0000,22,1,295,295,0,0,100,1,11,11,0,246528,0,295,0,0,899444736,0.000000,0.000000,0.000000,0.00,0,2,4,25,17,20,26,13,24,55,97,12,0,0,0,0,0,0,0.0005,0.0225,0.0355,0.0017,0.0034,0.0067,4.2907,0.0130,0.0000,0.3801,0.0003,0.0006,0.1301,0.0018,0.0010,0.0005
2742,35.0226,0.0000,10.9048,3.7446,,true,0,0.008333,0.0000,0.0000,1.00,0.00,0.0000,22,1,295,295,0,0,100,1,11,11,0,246528,0,295,0,0,899444736,0.000000,0.000000,0.000000,0.00,0,2,4,25,17,20,26,13,24,55,97,12,0,0,0,0,0,0,0.0005,0.0157,0.0467,0.0013,0.0038,0.0056,3.7446,0.0231,0.0000,0.3776,0.0004,0.0012,0.1456,0.0014,0.0010,0.0009
2743,35.0349,0.0000,12.4600,3.6673,,true,0,0.008333,0.0000,0.0000,1.00,0.00,0.0000,22,1,295,295,0,0,100,1,11,11,0,246528,0,295,0,0,899444736,0.000000,0.000000,0.000000,0.00,0,2,4,25,17,20,26,13,24,55,97,12,0,0,0,0,0,0,0.0004,0.0160,0.0341,0.0010,0.0030,0.0045,3.6673,0.0152,0.0000,0.3858,0.0005,0.0005,0.1494,0.0015,0.0010,0.0009
2744,35.0470,0.0000,11.2267,4.1452,,true,0,0.008333,0.0000,0.0000,1.00,0.00,0.0000,22,1,295,295,0,0,100,1,11,11,0,246528,0,295,0,0,899444736,0.000000,0.000000,0.000000,0.00,0,2,4,25,17,20,26,13,24,55,97,12,0,0,0,0,0,0,0.0006,0.0183,0.0489,0.0007,0.0027,0.0046,4.1452,0.0160,0.0000,0.4112,0.0004,0.0004,0.1732,0.0012,0.0020,0.0006
2745,35.0597,0.0000,12.4962,4.6099,,true,0,0.008333,0.0000,0.0000,1.00,0.00,0.0000,22,1,295,295,0,0,100,1,11,11,0,246528,0,295,0,0,899444736,0.000000,0.000000,0.000000,0.00,0,2,4,25,17,20,26,13,24,55,97,12,0,0,0,0,0,0,0.0009,0.0179,0.0551,0.0007,0.0025,0.0053,4.6099,0.0231,0.0000,0.3685,0.0009,0.0004,0.1410,0.0015,0.0010,0.0009
2746,35.0731,0.0000,13.0867,4.2864,,true,0,0.008333,0.0000,0.0000,1.00,0.00,0.0000,22,1,295,295,0,0,100,1,11,11,0,246528,0,295,0,0,899444736,0.000000,0.000000,0.000000,0.00,0,2,4,25,17,20,26,13,24,55,97,12,0,0,0,0,0,0,0.0007,0.0283,0.0473,0.0013,0.0044,0.0088,4.2864,0.0232,0.0000,0.4620,0.0008,0.0005,0.1785,0.0013,0.0014,0.0010
2747,35.0845,0.0000,11.7871,4.3493,,true,0,0.008333,0.0000,0.0000,1.00,0.00,0.0000,22,1,295,295,0,0,100,1,11,11,0,246528,0,295,0,0,899444736,0.000000,0.000000,0.000000,0.00,0,2,4,25,17,20,26,13,24,55,97,12,0,0,0,0,0,0,0.0003,0.0221,0.0456,0.0013,0.0049,0.0070,4.3493,0.0191,0.0000,0.9287,0.0008,0.0006,0.5299,0.0015,0.0022,0.0008
2748,35.0973,0.0000,12.7016,4.5436,,true,0,0.008333,0.0000,0.0000,1.00,0.00,0.0000,22,1,295,295,0,0,100,1,11,11,0,246528,0,295,0,0,899444736,0.000000,0.000000,0.000000,0.00,0,2,4,25,17,20,26,13,24,55,97,12,0,0,0,0,0,0,0.0006,0.0201,0.0339,0.0008,0.0028,0.0093,4.5436,0.0160,0.0000,0.3629,0.0005,0.0004,0.1329,0.0014,0.0009,0.0008
2749,35.1111,0.0000,13.8198,4.3476,,true,0,0.008333,0.0000,0.0000,1.00,0.00,0.0000,22,1,295,295,0,0,100,1,11,11,0,246528,0,295,0,0,899444736,0.000000,0.000000,0.000000,0.00,0,2,4,25,17,20,26,13,24,55,97,12,0,0,0,0,0,0,0.0006,0.0225,0.0768,0.0018,0.0048,0.0097,4.3476,0.0272,0.0000,0.3988,0.0004,0.0006,0.1552,0.0019,0.0009,0.0007
2750,35.1242,0.0000,12.2875,5.2518,,true,0,0.008333,0.0000,0.0000,1.00,0.00,0.0000,22,1,295,295,0,0,100,1,11,11,0,246528,0,295,0,0,899444736,0.000000,0.000000,0.000000,0.00,0,2,4,25,17,20,26,13,24,55,97,12,0,0,0,0,0,0,0.0004,0.0168,0.0469,0.0006,0.0042,0.0085,5.2518,0.0453,0.0000,0.3887,0.0006,0.0008,0.1487,0.0012,0.0009,0.0006
2751,35.1345,0.0000,12.3107,3.5083,,true,0,0.008333,0.0000,0.0000,1.00,0.00,0.0000,22,1,295,295,0,0,100,1,11,11,0,246528,0,295,0,0,899444736,0.000000,0.000000,0.000000,0.00,0,2,4,25,17,20,26,13,24,55,97,12,0,0,0,0,0,0,0.0005,0.0250,0.0424,0.0009,0.0025,0.0053,3.5083,0.0174,0.0000,0.3837,0.0005,0.0004,0.1526,0.0014,0.0013,0.0003
2752,35.1483,0.0000,11.3697,5.9581,,true,0,0.008333,0.0000,0.0000,1.00,0.00,0.0000,22,1,295,295,0,0,100,1,11,11,0,246528,0,295,0,0,899444736,0.000000,0.000000,0.000000,0.00,0,2,4,25,17,20,26,13,24,55,97,12,0,0,0,0,0,0,0.0007,0.0356,0.0450,0.0036,0.0053,0.0418,5.9581,0.0186,0.0000,0.4127,0.0006,0.0004,0.1485,0.0015,0.0007,0.0005
2753,35.1603,0.0000,13.5240,4.2252,,true,0,0.008333,0.0000,0.0000,1.00,0.00,0.0000,22,1,295,295,0,0,100,1,11,11,0,246528,0,295,0,0,899444736,0.000000,0.000000,0.000000,0.00,0,2,4,25,17,20,26,13,24,55,97,12,0,0,0,0,0,0,0.0004,0.0260,0.0283,0.0005,0.0013,0.0042,4.2252,0.0177,0.0000,0.3284,0.0004,0.0008,0.1168,0.0016,0.0011,0.0007
2754,35.1712,0.0000,10.5629,4.6991,,true,0,0.008333,0.0000,0.0000,1.00,0.00,0.0000,22,1,295,295,0,0,100,1,11,11,0,246528,0,295,0,0,899444736,0.000000,0.000000,0.000000,0.00,0,2,4,25,17,20,26,13,24,55,97,12,0,0,0,0,0,0,0.0006,0.0325,0.0520,0.0010,0.0046,0.0065,4.6991,0.0288,0.0000,0.4439,0.0005,0.0005,0.1873,0.0018,0.0009,0.0011
2755,35.1855,0.0000,14.1623,4.4975,,true,0,0.008333,0.0000,0.0000,1.00,0.00,0.0000,22,1,295,295,0,0,100,1,11,11,0,246528,0,295,0,0,899444736,0.000000,0.000000,0.000000,0.00,0,2,4,25,17,20,26,13,24,55,97,12,0,0,0,0,0,0,0.0007,0.0154,0.0445,0.0008,0.0022,0.0049,4.4975,0.0199,0.0000,0.3503,0.0004,0.0003,0.1296,0.0015,0.0009,0.0005
2756,35.1968,0.0000,12.0637,3.7823,,true,0,0.008333,0.0000,0.0000,1.00,0.00,0.0000,22,1,295,295,0,0,100,1,11,11,0,246528,0,295,0,0,899444736,0.000000,0.000000,0.000000,0.00,0,2,4,25,17,20,26,13,24,55,97,12,0,0,0,0,0,0,0.0004,0.0177,0.0362,0.0009,0.0034,0.0049,3.7823,0.0248,0.0000,0.3580,0.0004,0.0007,0.1346,0.0014,0.0016,0.0009
2757,35.2106,0.0000,12.5076,5.0166,,true,0,0.008333,0.0000,0.0000,1.00,0.00,0.0000,22,1,295,295,0,0,100,1,11,11,0,246528,0,295,0,0,899444736,0.000000,0.000000,0.000000,0.00,0,2,4,25,17,20,26,13,24,55,97,12,0,0,0,0,0,0,0.0006,0.0290,0.0398,0.0014,0.0046,0.0060,5.0166,0.0218,0.0000,0.4445,0.0004,0.0004,0.1656,0.0021,0.0008,0.0005
2758,35.2236,0.0000,13.9737,4.0142,,true,0,0.008333,0.0000,0.0000,1.00,0.00,0.0000,22,1,295,295,0,0,100,1,11,11,0,246528,0,295,0,0,899444736,0.000000,0.000000,0.000000,0.00,0,2,4,25,17,20,26,13,24,55,97,12,0,0,0,0,0,0,0.0009,0.0254,0.0417,0.0018,0.0042,0.0079,4.0142,0.0241,0.0000,0.3536,0.0006,0.0004,0.1390,0.0014,0.0011,0.0010
2759,35.2399,0.0000,13.4544,6.3149,,true,0,0.008333,0.0000,0.0000,1.00,0.00,0.0000,22,1,295,295,0,0,100,1,11,11,0,246528,0,295,0,0,899444736,0.000000,0.000000,0.000000,0.00,0,2,4,25,17,20,26,13,24,55,97,12,0,0,0,0,0,0,0.0007,0.0373,0.0592,0.0016,0.0054,0.0112,6.3149,0.0215,0.0000,0.6107,0.0004,0.0005,0.2646,0.0026,0.0007,0.0018
2760,35.2538,0.0000,14.2712,6.3238,,true,0,0.008333,0.0000,0.0000,1.00,0.00,0.0000,22,1,295,295,0,0,100,1,11,11,0,246528,0,295,0,0,899444736,0.000000,0.000000,0.000000,0.00,0,2,4,25,17,20,26,13,24,55,97,12,0,0,0,0,0,0,0.0005,0.0276,0.0332,0.0007,0.0057,0.0068,6.3238,0.0149,0.0000,0.3882,0.0005,0.0006,0.1578,0.0013,0.0012,0.0005
2761,35.2622,0.0000,10.8650,3.9682,,true,0,0.008333,0.0000,0.0000,1.00,0.00,0.0000,22,1,295,295,0,0,100,1,11,11,0,246528,0,295,0,0,899444736,0.000000,0.000000,0.000000,0.00,0,2,4,25,17,20,26,13,24,55,97,12,0,0,0,0,0,0,0.0008,0.0171,0.0337,0.0012,0.0033,0.0045,3.9682,0.0164,0.0000,0.3314,0.0004,0.0004,0.1315,0.0030,0.0009,0.0009
2762,35.2746,0.0000,12.5418,4.2359,,true,0,0.008333,0.0000,0.0000,1.00,0.00,0.0000,22,1,295,295,0,0,100,1,11,11,0,246528,0,295,0,0,899444736,0.000000,0.000000,0.000000,0.00,0,2,4,25,17,20,26,13,24,55,97,12,0,0,0,0,0,0,0.0014,0.0267,0.0507,0.0016,0.0053,0.0150,4.2359,0.0232,0.0000,0.5036,0.0008,0.0018,0.1451,0.0026,0.0012,0.0009
2763,35.2876,0.0000,13.6606,3.7076,,true,0,0.008333,0.0000,0.0000,1.00,0.00,0.0000,22,1,295,295,0,0,100,1,11,11,0,246528,0,295,0,0,899444736,0.000000,0.000000,0.000000,0.00,0,2,4,25,17,20,26,13,24,55,97,12,0,0,0,0,0,0,0.0009,0.0365,0.0431,0.0014,0.0050,0.0096,3.7076,0.0253,0.0000,0.4078,0.0004,0.0006,0.1453,0.0011,0.0013,0.0009
2764,35.2988,0.0000,10.6302,4.1120,,true,0,0.008333,0.0000,0.0000,1.00,0.00,0.0000,22,1,295,295,0,0,100,1,11,11,0,246528,0,295,0,0,899444736,0.000000,0.000000,0.000000,0.00,0,2,4,25,17,20,26,13,24,55,97,12,0,0,0,0,0,0,0.0004,0.0224,0.0486,0.0011,0.0033,0.0058,4.1120,0.0190,0.0000,0.4182,0.0006,0.0006,0.1359,0.0014,0.0010,0.0008
2765,35.3137,0.0000,14.4949,4.3056,,true,0,0.008333,0.0000,0.0000,1.00,0.00,0.0000,22,1,295,295,0,0,100,1,11,11,0,246528,0,295,0,0,899444736,0.000000,0.000000,0.000000,0.00,0,2,4,25,17,20,26,13,24,55,97,12,0,0,0,0,0,0,0.0003,0.0274,0.0337,0.0004,0.0019,0.0062,4.3056,0.0139,0.0000,0.3700,0.0005,0.0011,0.1007,0.0012,0.0011,0.0007
2766,35.3231,0.0000,9.9531,3.8729,,true,0,0.008333,0.0000,0.0000,1.00,0.00,0.0000,22,1,295,295,0,0,100,1,11,11,0,246528,0,295,0,0,899444736,0.000000,0.000000,0.000000,0.00,0,2,4,25,17,20,26,13,24,55,97,12,0,0,0,0,0,0,0.0007,0.0211,0.0517,0.0008,0.0026,0.0047,3.8729,0.0195,0.0000,0.3546,0.0004,0.0005,0.1277,0.0013,0.0007,0.0009
2767,35.3372,0.0000,12.2331,5.4874,,true,0,0.008333,0.0000,0.0000,1.00,0.00,0.0000,22,1,295,295,0,0,100,1,11,11,0,246528,0,295,0,0,899444736,0.000000,0.000000,0.000000,0.00,0,2,4,25,17,20,26,13,24,55,97,12,0,0,0,0,0,0,0.0004,0.0286,0.0290,0.0012,0.0020,0.0057,5.4874,0.0165,0.0000,0.3409,0.0005,0.0006,0.1204,0.0015,0.0008,0.0006
2768,35.3565,0.0000,14.1234,10.4824,,true,0,0.008333,0.0000,0.0000,1.00,0.00,0.0000,22,1,295,295,0,0,100,1,11,11,0,246528,0,295,0,0,899444736,0.000000,0.000000,0.000000,0.00,0,2,4,25,17,20,26,13,24,55,97,12,0,0,0,0,0,0,0.0007,0.0230,0.0505,0.0012,0.0055,0.0115,10.4824,0.0231,0.0000,4.1647,0.0007,0.1173,0.1764,0.0065,0.0013,3.5873
2769,35.3662,0.0000,13.1511,7.2443,,true,0,0.008333,0.0000,0.0000,1.00,0.00,0.0000,22,1,295,295,0,0,100,1,11,11,0,246528,0,295,0,0,899444736,0.000000,0.000000,0.000000,0.00,0,2,4,25,17,20,26,13,24,55,97,12,0,0,0,0,0,0,0.0010,0.0414,0.1020,0.0029,0.0067,0.0131,7.2443,0.0400,0.0000,0.6853,0.0006,0.0010,0.2712,0.0026,0.0013,0.0008
2770,35.3821,0.0000,16.8574,6.0815,,true,0,0.008333,0.0000,0.0000,1.00,0.00,0.0000,22,1,295,295,0,0,100,1,11,11,0,246528,0,295,0,0,899444736,0.000000,0.000000,0.000000,0.00,0,2,4,25,17,20,26,13,24,55,97,12,0,0,0,0,0,0,0.0006,0.0239,0.0443,0.0020,0.0067,0.0062,6.0815,0.0201,0.0000,0.4896,0.0003,0.0004,0.1770,0.0031,0.0004,0.0017
2771,35.3974,0.0000,15.6986,5.6306,,true,0,0.008333,0.0000,0.0000,1.00,0.00,0.0000,22,1,295,295,0,0,100,1,11,11,0,246528,0,295,0,0,899444736,0.000000,0.000000,0.000000,0.00,0,2,4,25,17,20,26,13,24,55,97,12,0,0,0,0,0,0,0.0002,0.0175,0.0403,0.0006,0.0013,0.0031,5.6306,0.0272,0.0000,0.4171,0.0003,0.0006,0.1773,0.0028,0.0006,0.0004
2772,35.4132,0.0000,12.9917,8.3700,,true,0,0.008333,0.0000,0.0000,1.00,0.00,0.0000,22,1,295,295,0,0,100,1,11,11,0,246528,0,295,0,0,899444736,0.000000,0.000000,0.000000,0.00,0,2,4,25,17,20,26,13,24,55,97,12,0,0,0,0,0,0,0.0013,0.0653,0.0696,0.0064,0.0116,0.0173,8.3700,0.0244,0.0000,0.7949,0.0002,0.0010,0.3352,0.0029,0.0004,0.0004
2773,35.4322,0.0000,23.6293,4.6918,,true,0,0.008333,0.0000,0.0000,1.00,0.00,0.0000,22,1,295,295,0,0,100,1,11,11,0,246528,0,295,0,0,899444736,0.000000,0.000000,0.000000,0.00,0,2,4,25,17,20,26,13,24,55,97,12,0,0,0,0,0,0,0.0003,0.0171,0.0500,0.0014,0.0018,0.0033,4.6918,0.0200,0.0000,0.5306,0.0007,0.0005,0.2575,0.0032,0.0011,0.0008
2774,35.4416,0.0000,6.9293,7.1231,,true,0,0.008333,0.0000,0.0000,1.00,0.00,0.0000,22,1,295,295,0,0,100,1,11,11,0,246528,0,295,0,0,899444736,0.000000,0.000000,0.000000,0.00,0,2,4,25,17,20,26,13,24,55,97,12,0,0,0,0,0,0,0.0009,0.0198,0.0791,0.0009,0.0033,0.0067,7.1231,0.0205,0.0000,0.5789,0.0008,0.0002,0.3043,0.0022,0.0012,0.0010
2775,35.4493,0.0000,10.0788,4.4586,,true,0,0.008333,0.0000,0.0000,1.00,0.00,0.0000,22,1,295,295,0,0,100,1,11,11,0,246528,0,295,0,0,899444736,0.000000,0.000000,0.000000,0.00,0,2,4,25,17,20,26,13,24,55,97,12,0,0,0,0,0,0,0.0007,0.0216,0.0370,0.0007,0.0018,0.0069,4.4586,0.0143,0.0000,0.2699,0.0010,0.0007,0.0763,0.0007,0.0013,0.0004
2776,35.4563,0.0000,8.2031,3.4693,,true,0,0.008333,0.0000,0.0000,1.00,0.00,0.0000,22,1,295,295,0,0,100,1,11,11,0,246528,0,295,0,0,899444736,0.000000,0.000000,0.000000,0.00,0,2,4,25,17,20,26,13,24,55,97,12,0,0,0,0,0,0,0.0003,0.0218,0.0383,0.0008,0.0024,0.0157,3.4693,0.0172,0.0000,0.3462,0.0009,0.0004,0.1255,0.0011,0.0011,0.0006
2777,35.4692,0.0000,12.3568,4.0675,,true,0,0.008333,0.0000,0.0000,1.00,0.00,0.0000,22,1,295,295,0,0,100,1,11,11,0,246528,0,295,0,0,899444736,0.000000,0.000000,0.000000,0.00,0,2,4,25,17,20,26,13,24,55,97,12,0,0,0,0,0,0,0.0004,0.0301,0.0353,0.0005,0.0029,0.0080,4.0675,0.0173,0.0000,0.3321,0.0007,0.0004,0.1132,0.0025,0.0011,0.0005
2778,35.4796,0.0000,10.6040,3.6518,,true,0,0.008333,0.0000,0.0000,1.00,0.00,0.0000,22,1,295,295,0,0,100,1,11,11,0,246528,0,295,0,0,899444736,0.000000,0.000000,0.000000,0.00,0,2,4,25,17,20,26,13,24,55,97,12,0,0,0,0,0,0,0.0004,0.0215,0.0393,0.0009,0.0037,0.0088,3.6518,0.0170,0.0000,0.3715,0.0003,0.0002,0.1336,0.0015,0.0005,0.0006
2779,35.4904,0.0000,11.0365,3.3847,,true,0,0.008333,0.0000,0.0000,1.00,0.00,0.0000,22,1,295,295,0,0,100,1,11,11,0,246528,0,295,0,0,899444736,0.000000,0.000000,0.000000,0.00,0,2,4,25,17,20,26,13,24,55,97,12,0,0,0,0,0,0,0.0005,0.0259,0.0388,0.0009,0.0020,0.0053,3.3847,0.0166,0.0000,0.3350,0.0008,0.0005,0.1183,0.0011,0.0013,0.0004
2780,35.5010,0.0000,10.6362,3.5919,,true,0,0.008333,0.0000,0.0000,1.00,0.00,0.0000,22,1,295,295,0,0,100,1,11,11,0,246528,0,295,0,0,899444736,0.000000,0.000000,0.000000,0.00,0,2,4,25,17,20,26,13,24,55,97,12,0,0,0,0,0,0,0.0006,0.0224,0.0393,0.0006,0.0018,0.0052,3.5919,0.0185,0.0000,0.4012,0.0004,0.0003,0.1417,0.0018,0.0010,0.0006
2781,35.5162,0.0000,15.1868,3.2960,,true,0,0.008333,0.0000,0.0000,1.00,0.00,0.0000,22,1,295,295,0,0,100,1,11,11,0,246528,0,295,0,0,899444736,0.000000,0.000000,0.000000,0.00,0,2,4,25,17,20,26,13,24,55,97,12,0,0,0,0,0,0,0.0005,0.0271,0.0389,0.0009,0.0031,0.0058,3.2960,0.0184,0.0000,0.3806,0.0005,0.0005,0.1411,0.0013,0.0009,0.0011
2782,35.5258,0.0000,9.7933,3.3861,,true,0,0.008333,0.0000,0.0000,1.00,0.00,0.0000,22,1,295,295,0,0,100,1,11,11,0,246528,0,295,0,0,899444736,0.000000,0.000000,0.000000,0.00,0,2,4,25,17,20,26,13,24,55,97,12,0,0,0,0,0,0,0.0001,0.0202,0.0357,0.0012,0.0029,0.0050,3.3861,0.0187,0.0000,0.3945,0.0004,0.0006,0.1372,0.0013,0.0012,0.0009
2783,35.5379,0.0000,12.0835,3.3365,,true,0,0.008333,0.0000,0.0000,1.00,0.00,0.0000,22,1,295,295,0,0,100,1,11,11,0,246528,0,295,0,0,899444736,0.000000,0.000000,0.000000,0.00,0,2,4,25,17,20,26,13,24,55,97,12,0,0,0,0,0,0,0.0007,0.0198,0.0377,0.0006,0.0033,0.0065,3.3365,0.0172,0.0000,0.3749,0.0005,0.0005,0.1371,0.0019,0.0008,0.0012
2784,35.5501,0.0000,11.6591,3.7710,,true,0,0.008333,0.0000,0.0000,1.00,0.00,0.0000,22,1,295,295,0,0,100,1,11,11,0,246528,0,295,0,0,899444736,0.000000,0.000000,0.000000,0.00,0,2,4,25,17,20,26,13,24,55,97,12,0,0,0,0,0,0,0.0008,0.0227,0.0523,0.0010,0.0029,0.0043,3.7710,0.0250,0.0000,0.4197,0.0008,0.0008,0.1825,0.0015,0.0013,0.0007
2785,35.5614,0.0000,12.2659,2.9251,,true,0,0.008333,0.0000,0.0000,1.00,0.00,0.0000,22,1,295,295,0,0,100,1,11,11,0,246528,0,295,0,0,899444736,0.000000,0.000000,0.000000,0.00,0,2,4,25,17,20,26,13,24,55,97,12,0,0,0,0,0,0,0.0001,0.0161,0.0442,0.0007,0.0020,0.0045,2.9251,0.0162,0.0000,0.3626,0.0001,0.0007,0.1503,0.0012,0.0009,0.0006
2786,35.5723,0.0000,9.4952,4.0291,,true,0,0.008333,0.0000,0.0000,1.00,0.00,0.0000,22,1,295,295,0,0,100,1,11,11,0,246528,0,295,0,0,899444736,0.000000,0.000000,0.000000,0.00,0,2,4,25,17,20,26,13,24,55,97,12,0,0,0,0,0,0,0.0007,0.0192,0.0821,0.0008,0.0031,0.0044,4.0291,0.0235,0.0000,0.4066,0.0005,0.0005,0.1587,0.0016,0.0010,0.0009
2787,35.5830,0.0000,10.8630,4.1012,,true,0,0.008333,0.0000,0.0000,1.00,0.00,0.0000,22,1,295,295,0,0,100,1,11,11,0,246528,0,295,0,0,899444736,0.000000,0.000000,0.000000,0.00,0,2,4,25,17,20,26,13,24,55,97,12,0,0,0,0,0,0,0.0004,0.0247,0.0569,0.0015,0.0034,0.0067,4.1012,0.0243,0.0000,0.5041,0.0007,0.0005,0.1851,0.0033,0.0013,0.0012
2788,35.5971,0.0000,13.5671,4.2693,,true,0,0.008333,0.0000,0.0000,1.00,0.00,0.0000,22,1,295,295,0,0,100,1,11,11,0,246528,0,295,0,0,899444736,0.000000,0.000000,0.000000,0.00,0,2,4,25,17,20,26,13,24,55,97,12,0,0,0,0,0,0,0.0010,0.0312,0.0315,0.0012,0.0032,0.0070,4.2693,0.0162,0.0000,0.3593,0.0006,0.0007,0.1186,0.0016,0.0013,0.0006
2789,35.6100,0.0000,12.0171,5.2504,,true,0,0.008333,0.0000,0.0000,1.00,0.00,0.0000,22,1,295,295,0,0,100,1,11,11,0,246528,0,295,0,0,899444736,0.000000,0.000000,0.000000,0.00,0,2,4,25,17,20,26,13,24,55,97,12,0,0,0,0,0,0,0.0005,0.0178,0.0419,0.0010,0.0042,0.0061,5.2504,0.0209,0.0000,0.3819,0.0006,0.0003,0.1502,0.0014,0.0012,0.0014
2790,35.6222,0.0000,13.1405,4.0527,,true,0,0.008333,0.0000,0.0000,1.00,0.00,0.0000,22,1,295,295,0,0,100,1,11,11,0,246528,0,295,0,0,899444736,0.000000,0.000000,0.000000,0.00,0,2,4,25,17,20,26,13,24,55,97,12,0,0,0,0,0,0,0.0006,0.0237,0.0390,0.0011,0.0037,0.0076,4.0527,0.0179,0.0000,0.3667,0.0004,0.0004,0.1316,0.0013,0.0008,0.0008
2791,35.6327,0.0000,11.4073,3.6742,,true,0,0.008333,0.0000,0.0000,1.00,0.00,0.0000,22,1,295,295,0,0,100,1,11,11,0,246528,0,295,0,0,899444736,0.000000,0.000000,0.000000,0.00,0,2,4,25,17,20,26,13,24,55,97,12,0,0,0,0,0,0,0.0007,0.0317,0.0348,0.0012,0.0030,0.0077,3.6742,0.0162,0.0000,0.3374,0.0007,0.0005,0.1157,0.0013,0.0015,0.0005
2792,35.6443,0.0000,11.7677,3.4506,,true,0,0.008333,0.0000,0.0000,1.00,0.00,0.0000,22,1,295,295,0,0,100,1,11,11,0,246528,0,295,0,0,899444736,0.000000,0.000000,0.000000,0.00,0,2,4,25,17,20,26,13,24,55,97,12,0,0,0,0,0,0,0.0005,0.0216,0.0378,0.0013,0.0030,0.0051,3.4506,0.0161,0.0000,0.3683,0.0005,0.0005,0.1242,0.0014,0.0020,0.0006
2793,35.6539,0.0000,9.9383,3.3635,,true,0,0.008333,0.0000,0.0000,1.00,0.00,0.0000,22,1,295,295,0,0,100,1,11,11,0,246528,0,295,0,0,899444736,0.000000,0.000000,0.000000,0.00,0,2,4,25,17,20,26,13,24,55,97,12,0,0,0,0,0,0,0.0004,0.0182,0.0339,0.0005,0.0015,0.0057,3.3635,0.0148,0.0000,0.3972,0.0006,0.0005,0.1379,0.0015,0.0018,0.0010
2794,35.6681,0.0000,13.7298,3.6369,,true,0,0.008333,0.0000,0.0000,1.00,0.00,0.0000,22,1,295,295,0,0,100,1,11,11,0,246528,0,295,0,0,899444736,0.000000,0.000000,0.000000,0.00,0,2,4,25,17,20,26,13,24,55,97,12,0,0,0,0,0,0,0.0007,0.0327,0.0423,0.0012,0.0041,0.0115,3.6369,0.0179,0.0000,0.4540,0.0007,0.0007,0.1668,0.0026,0.0012,0.0009
2795,35.6799,0.0000,11.7535,3.6372,,true,0,0.008333,0.0000,0.0000,1.00,0.00,0.0000,22,1,295,295,0,0,100,1,11,11,0,246528,0,295,0,0,899444736,0.000000,0.000000,0.000000,0.00,0,2,4,25,17,20,26,13,24,55,97,12,0,0,0,0,0,0,0.0008,0.0247,0.0406,0.0008,0.0034,0.0066,3.6372,0.0164,0.0000,0.4169,0.0008,0.0004,0.1618,0.0016,0.0012,0.0008
2796,35.6922,0.0000,12.4522,3.5318,,true,0,0.008333,0.0000,0.0000,1.00,0.00,0.0000,22,1,295,295,0,0,100,1,11,11,0,246528,0,295,0,0,899444736,0.000000,0.000000,0.000000,0.00,0,2,4,25,17,20,26,13,24,55,97,12,0,0,0,0,0,0,0.0009,0.0180,0.0374,0.0010,0.0034,0.0047,3.5318,0.0139,0.0000,0.3654,0.0004,0.0005,0.1314,0.0012,0.0010,0.0006
2797,35.7051,0.0000,12.0910,4.0891,,true,0,0.008333,0.0000,0.0000,1.00,0.00,0.0000,22,1,295,295,0,0,100,1,11,11,0,246528,0,295,0,0,899444736,0.000000,0.000000,0.000000,0.00,0,2,4,25,17,20,26,13,24,55,97,12,0,0,0,0,0,0,0.0006,0.0278,0.0324,0.0008,0.0024,0.0070,4.0891,0.0176,0.0000,0.3203,0.0003,0.0003,0.1145,0.0015,0.0004,0.0004
2798,35.7181,0.0000,13.5419,3.6403,,true,0,0.008333,0.0000,0.0000,1.00,0.00,0.0000,22,1,295,295,0,0,100,1,11,11,0,246528,0,295,0,0,899444736,0.000000,0.000000,0.000000,0.00,0,2,4,25,17,20,26,13,24,55,97,12,0,0,0,0,0,0,0.0007,0.0174,0.0405,0.0008,0.0027,0.0051,3.6403,0.0154,0.0000,0.4318,0.0006,0.0005,0.1682,0.0005,0.0006,0.0004
2799,35.7275,0.0000,9.9327,3.2865,,true,0,0.008333,0.0000,0.0000,1.00,0.00,0.0000,22,1,295,295,0,0,100,1,11,11,0,246528,0,295,0,0,899444736,0.000000,0.000000,0.000000,0.00,0,2,4,25,17,20,26,13,24,55,97,12,0,0,0,0,0,0,0.0002,0.0142,0.0352,0.0005,0.0023,0.0056,3.2865,0.0184,0.0000,0.3596,0.0005,0.0007,0.1370,0.0013,0.0017,0.0006
2800,35.7392,0.0000,11.8141,3.0663,,true,0,0.008333,0.0000,0.0000,1.00,0.00,0.0000,22,1,295,295,0,0,100,1,11,11,0,246528,0,295,0,0,899444736,0.000000,0.000000,0.000000,0.00,0,2,4,25,17,20,26,13,24,55,97,12,0,0,0,0,0,0,0.0003,0.0192,0.0350,0.0010,0.0035,0.0072,3.0663,0.0160,0.0000,0.3639,0.0008,0.0005,0.1287,0.0016,0.0009,0.0009
2801,35.7499,0.0000,10.6303,3.3407,,true,0,0.008333,0.0000,0.0000,1.00,0.00,0.0000,22,1,295,295,0,0,100,1,11,11,0,246528,0,295,0,0,899444736,0.000000,0.000000,0.000000,0.00,0,2,4,25,17,20,26,13,24,55,97,12,0,0,0,0,0,0,0.0002,0.0199,0.0398,0.0014,0.0032,0.0051,3.3407,0.0143,0.0000,0.4030,0.0003,0.0004,0.1599,0.0018,0.0009,0.0007
2802,35.7614,0.0000,11.0651,3.6484,,true,0,0.008333,0.0000,0.0000,1.00,0.00,0.0000,22,1,295,295,0,0,100,1,11,11,0,246528,0,295,0,0,899444736,0.000000,0.000000,0.000000,0.00,0,2,4,25,17,20,26,13,24,55,97,12,0,0,0,0,0,0,0.0007,0.0151,0.0356,0.0009,0.0042,0.0055,3.6484,0.0172,0.0000,0.3679,0.0006,0.0008,0.1364,0.0020,0.0009,0.0005
2803,35.7722,0.0000,11.1008,3.5269,,true,0,0.008333,0.0000,0.0000,1.00,0.00,0.0000,22,1,295,295,0,0,100,1,11,11,0,246528,0,295,0,0,899444736,0.000000,0.000000,0.000000,0.00,0,2,4,25,17,20,26,13,24,55,97,12,0,0,0,0,0,0,0.0002,0.0201,0.0522,0.0012,0.0035,0.0057,3.5269,0.0265,0.0000,0.4667,0.0005,0.0007,0.1727,0.0019,0.0015,0.0005
2804,35.7868,0.0000,14.1595,3.5628,,true,0,0.008333,0.0000,0.0000,1.00,0.00,0.0000,22,1,295,295,0,0,100,1,11,11,0,246528,0,295,0,0,899444736,0.000000,0.000000,0.000000,0.00,0,2,4,25,17,20,26,13,24,55,97,12,0,0,0,0,0,0,0.0001,0.0251,0.0381,0.0009,0.0020,0.0053,3.5628,0.0251,0.0000,0.4046,0.0006,0.0004,0.1579,0.0017,0.0011,0.0006
2805,35.7985,0.0000,12.1818,3.1474,,true,0,0.008333,0.0000,0.0000,1.00,0.00,0.0000,22,1,295,295,0,0,100,1,11,11,0,246528,0,295,0,0,899444736,0.000000,0.000000,0.000000,0.00,0,2,4,25,17,20,26,13,24,55,97,12,0,0,0,0,0,0,0.0002,0.0143,0.0367,0.0011,0.0031,0.0044,3.1474,0.0153,0.0000,0.3730,0.0007,0.0007,0.1428,0.0010,0.0009,0.0005
2806,35.8097,0.0000,10.8884,3.5816,,true,0,0.008333,0.0000,0.0000,1.00,0.00,0.0000,22,1,295,295,0,0,100,1,11,11,0,246528,0,295,0,0,899444736,0.000000,0.000000,0.000000,0.00,0,2,4,25,17,20,26,13,24,55,97,12,0,0,0,0,0,0,0.0003,0.0173,0.0496,0.0011,0.0030,0.0057,3.5816,0.0162,0.0000,0.3687,0.0005,0.0004,0.1345,0.0015,0.0013,0.0008
2807,35.8221,0.0000,11.9201,3.9688,,true,0,0.008333,0.0000,0.0000,1.00,0.00,0.0000,22,1,295,295,0,0,100,1,11,11,0,246528,0,295,0,0,899444736,0.000000,0.000000,0.000000,0.00,0,2,4,25,17,20,26,13,24,55,97,12,0,0,0,0,0,0,0.0004,0.0218,0.0418,0.0015,0.0050,0.0069,3.9688,0.0219,0.0000,0.4675,0.0008,0.0007,0.1566,0.0015,0.0015,0.0012
2808,35.8358,0.0000,13.5172,3.7862,,true,0,0.008333,0.0000,0.0000,1.00,0.00,0.0000,22,1,295,295,0,0,100,1,11,11,0,246528,0,295,0,0,899444736,0.000000,0.000000,0.000000,0.00,0,2,4,25,17,20,26,13,24,55,97,12,0,0,0,0,0,0,0.0004,0.0193,0.0361,0.0008,0.0034,0.0065,3.7862,0.0184,0.0000,0.3982,0.0009,0.0008,0.1508,0.0014,0.0012,0.0008
2809,35.8525,0.0000,16.7686,4.2049,,true,0,0.008333,0.0000,0.0000,1.00,0.00,0.0000,22,1,295,295,0,0,100,1,11,11,0,246528,0,295,0,0,899444736,0.000000,0.000000,0.000000,0.00,0,2,4,25,17,20,26,13,24,55,97,12,0,0,0,0,0,0,0.0010,0.0195,0.0425,0.0011,0.0031,0.0057,4.2049,0.0197,0.0000,0.4016,0.0007,0.0003,0.1549,0.0016,0.0014,0.0007
2810,35.8595,0.0000,8.2008,3.0510,,true,0,0.008333,0.0000,0.0000,1.00,0.00,0.0000,22,1,295,295,0,0,100,1,11,11,0,246528,0,295,0,0,899444736,0.000000,0.000000,0.000000,0.00,0,2,4,25,17,20,26,13,24,55,97,12,0,0,0,0,0,0,0.0002,0.0151,0.0345,0.0007,0.0023,0.0061,3.0510,0.0162,0.0000,0.3764,0.0004,0.0001,0.1307,0.0012,0.0004,0.0008
2811,35.8704,0.0000,10.4047,3.5346,,true,0,0.008333,0.0000,0.0000,1.00,0.00,0.0000,22,1,295,295,0,0,100,1,11,11,0,246528,0,295,0,0,899444736,0.000000,0.000000,0.000000,0.00,0,2,4,25,17,20,26,13,24,55,97,12,0,0,0,0,0,0,0.0008,0.0248,0.0422,0.0007,0.0033,0.0059,3.5346,0.0210,0.0000,0.4185,0.0010,0.0003,0.1736,0.0018,0.0008,0.0007
2812,35.8836,0.0000,12.0405,4.6983,,true,0,0.008333,0.0000,0.0000,1.00,0.00,0.0000,22,1,295,295,0,0,100,1,11,11,0,246528,0,295,0,0,899444736,0.000000,0.000000,0.000000,0.00,0,2,4,25,17,20,26,13,24,55,97,12,0,0,0,0,0,0,0.0001,0.0235,0.0861,0.0012,0.0045,0.0064,4.6983,0.0237,0.0000,0.5008,0.0004,0.0003,0.2024,0.0030,0.0009,0.0010
2813,35.8962,0.0000,13.8068,3.5006,,true,0,0.008333,0.0000,0.0000,1.00,0.00,0.0000,22,1,295,295,0,0,100,1,11,11,0,246528,0,295,0,0,899444736,0.000000,0.000000,0.000000,0.00,0,2,4,25,17,20,26,13,24,55,97,12,0,0,0,0,0,0,0.0004,0.0174,0.0330,0.0011,0.0038,0.0056,3.5006,0.0153,0.0000,0.3767,0.0004,0.0004,0.1407,0.0020,0.0008,0.0005
2814,35.9110,0.0000,12.8321,5.3152,,true,0,0.008333,0.0000,0.0000,1.00,0.00,0.0000,22,1,295,295,0,0,100,1,11,11,0,246528,0,295,0,0,899444736,0.000000,0.000000,0.000000,0.00,0,2,4,25,17,20,26,13,24,55,97,12,0,0,0,0,0,0,0.0005,0.0207,0.0473,0.0011,0.0025,0.0058,5.3152,0.0220,0.0000,0.4478,0.0005,0.0010,0.1802,0.0017,0.0011,0.0008
2815,35.9243,0.0000,12.0107,6.3583,,true,0,0.008333,0.0000,0.0000,1.00,0.00,0.0000,22,1,295,295,0,0,100,1,11,11,0,246528,0,295,0,0,899444736,0.000000,0.000000,0.000000,0.00,0,2,4,25,17,20,26,13,24,55,97,12,0,0,0,0,0,0,0.0009,0.0710,0.0436,0.0016,0.0038,0.0108,6.3583,0.0273,0.0000,0.4821,0.0006,0.0009,0.1597,0.0018,0.0016,0.0114
2816,35.9357,0.0000,13.9959,4.0747,,true,0,0.008333,0.0000,0.0000,1.00,0.00,0.0000,22,1,295,295,0,0,100,1,11,11,0,246528,0,295,0,0,899444736,0.000000,0.000000,0.000000,0.00,0,2,4,25,17,20,26,13,24,55,97,12,0,0,0,0,0,0,0.0007,0.0194,0.0393,0.0008,0.0037,0.0055,4.0747,0.0179,0.0000,0.3790,0.0008,0.0003,0.1433,0.0015,0.0011,0.0008
2817,35.9470,0.0000,12.1435,3.2773,,true,0,0.008333,0.0000,0.0000,1.00,0.00,0.0000,22,1,295,295,0,0,100,1,11,11,0,246528,0,295,0,0,899444736,0.000000,0.000000,0.000000,0.00,0,2,4,25,17,20,26,13,24,55,97,12,0,0,0,0,0,0,0.0008,0.0192,0.0370,0.0005,0.0035,0.0046,3.2773,0.0120,0.0000,0.3710,0.0009,0.0004,0.1302,0.0015,0.0010,0.0005
2818,35.9589,0.0000,11.1101,4.0099,,true,0,0.008333,0.0000,0.0000,1.00,0.00,0.0000,22,1,295,295,0,0,100,1,11,11,0,246528,0,295,0,0,899444736,0.000000,0.000000,0.000000,0.00,0,2,4,25,17,20,26,13,24,55,97,12,0,0,0,0,0,0,0.0003,0.0216,0.0409,0.0007,0.0032,0.0049,4.0099,0.0164,0.0000,0.3780,0.0006,0.0005,0.1364,0.0014,0.0012,0.0008
2819,35.9697,0.0000,10.8107,4.1765,,true,0,0.008333,0.0000,0.0000,1.00,0.00,0.0000,22,1,295,295,0,0,100,1,11,11,0,246528,0,295,0,0,899444736,0.000000,0.000000,0.000000,0.00,0,2,4,25,17,20,26,13,24,55,97,12,0,0,0,0,0,0,0.0001,0.0385,0.0435,0.0006,0.0044,0.0092,4.1765,0.0182,0.0000,0.3889,0.0006,0.0006,0.1418,0.0014,0.0010,0.0009
2820,35.9809,0.0000,11.9836,3.4017,,true,0,0.008333,0.0000,0.0000,1.00,0.00,0.0000,22,1,295,295,0,0,100,1,11,11,0,246528,0,295,0,0,899444736,0.000000,0.000000,0.000000,0.00,0,2,4,25,17,20,26,13,24,55,97,12,0,0,0,0,0,0,0.0004,0.0188,0.0342,0.0009,0.0028,0.0060,3.4017,0.0168,0.0000,0.3792,0.0007,0.0011,0.1286,0.0013,0.0009,0.0005
2821,35.9910,0.0000,10.7393,2.8302,,true,0,0.008333,0.0000,0.0000,1.00,0.00,0.0000,22,1,295,295,0,0,100,1,11,11,0,246528,0,295,0,0,899444736,0.000000,0.000000,0.000000,0.00,0,2,4,25,17,20,26,13,24,55,97,12,0,0,0,0,0,0,0.0005,0.0184,0.0331,0.0006,0.0020,0.0049,2.8302,0.0121,0.0000,0.3512,0.0005,0.0004,0.1292,0.0013,0.0008,0.0005
2822,36.0014,0.0000,10.1252,3.0698,,true,0,0.008333,0.0000,0.0000,1.00,0.00,0.0000,22,1,295,295,0,0,100,1,11,11,0,246528,0,295,0,0,899444736,0.000000,0.000000,0.000000,0.00,0,2,4,25,17,20,26,13,24,55,97,12,0,0,0,0,0,0,0.0001,0.0174,0.0438,0.0005,0.0025,0.0043,3.0698,0.0173,0.0000,0.3570,0.0006,0.0005,0.1320,0.0012,0.0010,0.0006
2823,36.0130,0.0000,11.2879,3.3863,,true,0,0.008333,0.0000,0.0000,1.00,0.00,0.0000,22,1,295,295,0,0,100,1,11,11,0,246528,0,295,0,0,899444736,0.000000,0.000000,0.000000,0.00,0,2,4,25,17,20,26,13,24,55,97,12,0,0,0,0,0,0,0.0004,0.0170,0.0536,0.0011,0.0026,0.0054,3.3863,0.0215,0.0000,0.3688,0.0005,0.0004,0.1339,0.0011,0.0005,0.0009
2824,36.0249,0.0000,11.8961,3.2310,,true,0,0.008333,0.0000,0.0000,1.00,0.00,0.0000,22,1,295,295,0,0,100,1,11,11,0,246528,0,295,0,0,899444736,0.000000,0.000000,0.000000,0.00,0,2,4,25,17,20,26,13,24,55,97,12,0,0,0,0,0,0,0.0003,0.0195,0.0349,0.0007,0.0029,0.0054,3.2310,0.0175,0.0000,0.3748,0.0005,0.0002,0.1355,0.0017,0.0015,0.0005
2825,36.0358,0.0000,11.1127,3.1282,,true,0,0.008333,0.0000,0.0000,1.00,0.00,0.0000,22,1,295,295,0,0,100,1,11,11,0,246528,0,295,0,0,899444736,0.000000,0.000000,0.000000,0.00,0,2,4,25,17,20,26,13,24,55,97,12,0,0,0,0,0,0,0.0004,0.0164,0.0344,0.0007,0.0030,0.0047,3.1282,0.0155,0.0000,0.3857,0.0004,0.0005,0.1567,0.0012,0.0008,0.0007
2826,36.0476,0.0000,11.5353,3.4693,,true,0,0.008333,0.0000,0.0000,1.00,0.00,0.0000,22,1,295,295,0,0,100,1,11,11,0,246528,0,295,0,0,899444736,0.000000,0.000000,0.000000,0.00,0,2,4,25,17,20,26,13,24,55,97,12,0,0,0,0,0,0,0.0004,0.0174,0.0348,0.0009,0.0037,0.0041,3.4693,0.0234,0.0000,0.3586,0.0005,0.0005,0.1290,0.0012,0.0011,0.0011
2827,36.0580,0.0000,10.5959,3.2060,,true,0,0.008333,0.0000,0.0000,1.00,0.00,0.0000,22,1,295,295,0,0,100,1,11,11,0,246528,0,295,0,0,899444736,0.000000,0.000000,0.000000,0.00,0,2,4,25,17,20,26,13,24,55,97,12,0,0,0,0,0,0,0.0001,0.0176,0.0326,0.0009,0.0023,0.0042,3.2060,0.0148,0.0000,0.3538,0.0008,0.0000,0.1258,0.0011,0.0013,0.0008
2828,36.0693,0.0000,11.3643,3.1628,,true,0,0.008333,0.0000,0.0000,1.00,0.00,0.0000,22,1,295,295,0,0,100,1,11,11,0,246528,0,295,0,0,899444736,0.000000,0.000000,0.000000,0.00,0,2,4,25,17,20,26,13,24,55,97,12,0,0,0,0,0,0,0.0004,0.0182,0.0335,0.0007,0.0027,0.0050,3.1628,0.0140,0.0000,0.3607,0.0010,0.0006,0.1315,0.0015,0.0009,0.0006
2829,36.0803,0.0000,10.8422,3.3250,,true,0,0.008333,0.0000,0.0000,1.00,0.00,0.0000,22,1,295,295,0,0,100,1,11,11,0,246528,0,295,0,0,899444736,0.000000,0.000000,0.000000,0.00,0,2,4,25,17,20,26,13,24,55,97,12,0,0,0,0,0,0,0.0005,0.0156,0.0316,0.0011,0.0025,0.0069,3.3250,0.0165,0.0000,0.3145,0.0007,0.0003,0.1159,0.0017,0.0014,0.0007
2830,36.0940,0.0000,13.1738,3.6870,,true,0,0.008333,0.0000,0.0000,1.00,0.00,0.0000,22,1,295,295,0,0,100,1,11,11,0,246528,0,295,0,0,899444736,0.000000,0.000000,0.000000,0.00,0,2,4,25,17,20,26,13,24,55,97,12,0,0,0,0,0,0,0.0002,0.0296,0.0322,0.0010,0.0036,0.0060,3.6870,0.0202,0.0000,0.3176,0.0000,0.0008,0.1148,0.0009,0.0015,0.0006
2831,36.1090,0.0000,10.2966,8.3976,,true,0,0.008333,0.0000,0.0000,1.00,0.00,0.0000,22,1,295,295,0,0,100,1,11,11,0,246528,0,295,0,0,899444736,0.000000,0.000000,0.000000,0.00,0,2,4,25,17,20,26,13,24,55,97,12,0,0,0,0,0,0,0.0006,0.0206,0.0465,0.0012,0.0027,0.0077,8.3976,0.0192,0.0000,5.3671,0.0005,0.1277,0.1605,0.0016,0.0006,4.8099
2832,36.1152,0.0000,11.2289,3.5090,,true,0,0.008333,0.0000,0.0000,1.00,0.00,0.0000,22,1,295,295,0,0,100,1,11,11,0,246528,0,295,0,0,899444736,0.000000,0.000000,0.000000,0.00,0,2,4,25,17,20,26,13,24,55,97,12,0,0,0,0,0,0,0.0007,0.0137,0.0475,0.0012,0.0034,0.0041,3.5090,0.0205,0.0000,0.4325,0.0006,0.0008,0.1636,0.0017,0.0013,0.0010
2833,36.1269,0.0000,11.0847,3.8392,,true,0,0.008333,0.0000,0.0000,1.00,0.00,0.0000,22,1,295,295,0,0,100,1,11,11,0,246528,0,295,0,0,899444736,0.000000,0.000000,0.000000,0.00,0,2,4,25,17,20,26,13,24,55,97,12,0,0,0,0,0,0,0.0002,0.0206,0.0545,0.0012,0.0035,0.0064,3.8392,0.0211,0.0000,0.4033,0.0005,0.0010,0.1525,0.0016,0.0008,0.0011
2834,36.1387,0.0000,11.1432,4.2681,,true,0,0.008333,0.0000,0.0000,1.00,0.00,0.0000,22,1,295,295,0,0,100,1,11,11,0,246528,0,295,0,0,899444736,0.000000,0.000000,0.000000,0.00,0,2,4,25,17,20,26,13,24,55,97,12,0,0,0,0,0,0,0.0010,0.0216,0.0456,0.0015,0.0021,0.0073,4.2681,0.0200,0.0000,0.4272,0.0007,0.0005,0.1546,0.0016,0.0012,0.0009
2835,36.1490,0.0000,11.6016,3.2397,,true,0,0.008333,0.0000,0.0000,1.00,0.00,0.0000,22,1,295,295,0,0,100,1,11,11,0,246528,0,295,0,0,899444736,0.000000,0.000000,0.000000,0.00,0,2,4,25,17,20,26,13,24,55,97,12,0,0,0,0,0,0,0.0002,0.0190,0.0357,0.0009,0.0103,0.0043,3.2397,0.0121,0.0000,0.3523,0.0004,0.0002,0.1267,0.0011,0.0019,0.0007
2836,36.1584,0.0000,9.6707,3.2104,,true,0,0.008333,0.0000,0.0000,1.00,0.00,0.0000,22,1,295,295,0,0,100,1,11,11,0,246528,0,295,0,0,899444736,0.000000,0.000000,0.000000,0.00,0,2,4,25,17,20,26,13,24,55,97,12,0,0,0,0,0,0,0.0007,0.0215,0.0294,0.0009,0.0055,0.0074,3.2104,0.0149,0.0000,0.3018,0.0007,0.0003,0.1086,0.0013,0.0018,0.0009
2837,36.1692,0.0000,10.5519,3.5311,,true,0,0.008333,0.0000,0.0000,1.00,0.00,0.0000,22,1,295,295,0,0,100,1,11,11,0,246528,0,295,0,0,899444736,0.000000,0.000000,0.000000,0.00,0,2,4,25,17,20,26,13,24,55,97,12,0,0,0,0,0,0,0.0003,0.0227,0.0382,0.0017,0.0033,0.0044,3.5311,0.0201,0.0000,0.3912,0.0003,0.0005,0.1346,0.0018,0.0014,0.0008
2838,36.1816,0.0000,12.1100,3.5506,,true,0,0.008333,0.0000,0.0000,1.00,0.00,0.0000,22,1,295,295,0,0,100,1,11,11,0,246528,0,295,0,0,899444736,0.000000,0.000000,0.000000,0.00,0,2,4,25,17,20,26,13,24,55,97,12,0,0,0,0,0,0,0.0006,0.0171,0.0346,0.0011,0.0026,0.0054,3.5506,0.0134,0.0000,0.3562,0.0005,0.0005,0.1280,0.0013,0.0009,0.0008
2839,36.1912,0.0000,10.8952,2.5080,,true,0,0.008333,0.0000,0.0000,1.00,0.00,0.0000,22,1,295,295,0,0,100,1,11,11,0,246528,0,295,0,0,899444736,0.000000,0.000000,0.000000,0.00,0,2,4,25,17,20,26,13,24,55,97,12,0,0,0,0,0,0,0.0009,0.0118,0.0327,0.0010,0.0021,0.0048,2.5080,0.0109,0.0000,0.3211,0.0005,0.0003,0.1115,0.0010,0.0005,0.0007
2840,36.2033,0.0000,12.1339,2.4855,,true,0,0.008333,0.0000,0.0000,1.00,0.00,0.0000,22,1,295,295,0,0,100,1,11,11,0,246528,0,295,0,0,899444736,0.000000,0.000000,0.000000,0.00,0,2,4,25,17,20,26,13,24,55,97,12,0,0,0,0,0,0,0.0003,0.0104,0.0381,0.0007,0.0020,0.0046,2.4855,0.0127,0.0000,0.3387,0.0006,0.0004,0.1115,0.0008,0.0006,0.0006
2841,36.2133,0.0000,9.8581,2.6873,,true,0,0.008333,0.0000,0.0000,1.00,0.00,0.0000,22,1,295,295,0,0,100,1,11,11,0,246528,0,295,0,0,899444736,0.000000,0.000000,0.000000,0.00,0,2,4,25,17,20,26,13,24,55,97,12,0,0,0,0,0,0,0.0003,0.0183,0.0339,0.0008,0.0030,0.0039,2.6873,0.0163,0.0000,0.3515,0.0008,0.0007,0.1315,0.0012,0.0009,0.0013
2842,36.2266,0.0000,12.2199,3.5327,,true,0,0.008333,0.0000,0.0000,1.00,0.00,0.0000,22,1,295,295,0,0,100,1,11,11,0,246528,0,295,0,0,899444736,0.000000,0.000000,0.000000,0.00,0,2,4,25,17,20,26,13,24,55,97,12,0,0,0,0,0,0,0.0003,0.0188,0.0311,0.0017,0.0036,0.0083,3.5327,0.0153,0.0000,0.3518,0.0005,0.0008,0.1261,0.0013,0.0010,0.0005
2843,36.2374,0.0000,11.1116,3.3204,,true,0,0.008333,0.0000,0.0000,1.00,0.00,0.0000,22,1,295,295,0,0,100,1,11,11,0,246528,0,295,0,0,899444736,0.000000,0.000000,0.000000,0.00,0,2,4,25,17,20,26,13,24,55,97,12,0,0,0,0,0,0,0.0001,0.0157,0.0426,0.0008,0.0028,0.0054,3.3204,0.0154,0.0000,0.3828,0.0009,0.0004,0.1434,0.0019,0.0008,0.0010
2844,36.2482,0.0000,10.7522,3.1806,,true,0,0.008333,0.0000,0.0000,1.00,0.00,0.0000,22,1,295,295,0,0,100,1,11,11,0,246528,0,295,0,0,899444736,0.000000,0.000000,0.000000,0.00,0,2,4,25,17,20,26,13,24,55,97,12,0,0,0,0,0,0,0.0001,0.0296,0.0300,0.0012,0.0020,0.0054,3.1806,0.0174,0.0000,0.3343,0.0005,0.0004,0.1138,0.0021,0.0009,0.0004
2845,36.2592,0.0000,11.4199,2.8596,,true,0,0.008333,0.0000,0.0000,1.00,0.00,0.0000,22,1,295,295,0,0,100,1,11,11,0,246528,0,295,0,0,899444736,0.000000,0.000000,0.000000,0.00,0,2,4,25,17,20,26,13,24,55,97,12,0,0,0,0,0,0,0.0004,0.0173,0.0336,0.0007,0.0018,0.0045,2.8596,0.0149,0.0000,0.3489,0.0005,0.0006,0.1278,0.0018,0.0008,0.0007
2846,36.2713,0.0000,11.7747,3.2254,,true,0,0.008333,0.0000,0.0000,1.00,0.00,0.0000,22,1,295,295,0,0,100,1,11,11,0,246528,0,295,0,0,899444736,0.000000,0.000000,0.000000,0.00,0,2,4,25,17,20,26,13,24,55,97,12,0,0,0,0,0,0,0.0007,0.0209,0.0344,0.0007,0.0032,0.0050,3.2254,0.0173,0.0000,0.3751,0.0005,0.0005,0.1359,0.0014,0.0013,0.0010
2847,36.2845,0.0000,12.9900,3.4811,,true,0,0.008333,0.0000,0.0000,1.00,0.00,0.0000,22,1,295,295,0,0,100,1,11,11,0,246528,0,295,0,0,899444736,0.000000,0.000000,0.000000,0.00,0,2,4,25,17,20,26,13,24,55,97,12,0,0,0,0,0,0,0.0004,0.0223,0.0454,0.0006,0.0031,0.0051,3.4811,0.0331,0.0000,0.4405,0.0005,0.0005,0.1562,0.0012,0.0014,0.0004
2848,36.2963,0.0000,11.4445,3.6882,,true,0,0.008333,0.0000,0.0000,1.00,0.00,0.0000,22,1,295,295,0,0,100,1,11,11,0,246528,0,295,0,0,899444736,0.000000,0.000000,0.000000,0.00,0,2,4,25,17,20,26,13,24,55,97,12,0,0,0,0,0,0,0.0003,0.0169,0.0472,0.0010,0.0037,0.0043,3.6882,0.0174,0.0000,0.4260,0.0004,0.0007,0.1333,0.0037,0.0010,0.0007
2849,36.3091,0.0000,12.6596,3.8781,,true,0,0.008333,0.0000,0.0000,1.00,0.00,0.0000,22,1,295,295,0,0,100,1,11,11,0,246528,0,295,0,0,899444736,0.000000,0.000000,0.000000,0.00,0,2,4,25,17,20,26,13,24,55,97,12,0,0,0,0,0,0,0.0005,0.0198,0.0372,0.0009,0.0034,0.0056,3.8781,0.0149,0.0000,0.3585,0.0006,0.0005,0.1272,0.0010,0.0017,0.0009
2850,36.3193,0.0000,11.1269,3.0893,,true,0,0.008333,0.0000,0.0000,1.00,0.00,0.0000,22,1,295,295,0,0,100,1,11,11,0,246528,0,295,0,0,899444736,0.000000,0.000000,0.000000,0.00,0,2,4,25,17,20,26,13,24,55,97,12,0,0,0,0,0,0,0.0004,0.0158,0.0359,0.0007,0.0029,0.0057,3.0893,0.0172,0.0000,0.3815,0.0005,0.0006,0.1397,0.0015,0.0010,0.0006
2851,36.3309,0.0000,11.8039,2.9651,,true,0,0.008333,0.0000,0.0000,1.00,0.00,0.0000,22,1,295,295,0,0,100,1,11,11,0,246528,0,295,0,0,899444736,0.000000,0.000000,0.000000,0.00,0,2,4,25,17,20,26,13,24,55,97,12,0,0,0,0,0,0,0.0009,0.0118,0.0345,0.0006,0.0021,0.0065,2.9651,0.0180,0.0000,0.3545,0.0006,0.0007,0.1335,0.0014,0.0014,0.0014
2852,36.3465,0.0000,14.1453,3.9009,,true,0,0.008333,0.0000,0.0000,1.00,0.00,0.0000,22,1,295,295,0,0,100,1,11,11,0,246528,0,295,0,0,899444736,0.000000,0.000000,0.000000,0.00,0,2,4,25,17,20,26,13,24,55,97,12,0,0,0,0,0,0,0.0007,0.0237,0.0421,0.0010,0.0047,0.0072,3.9009,0.0318,0.0000,0.4001,0.0009,0.0004,0.1539,0.0013,0.0013,0.0008
2853,36.3602,0.0000,14.0306,3.8366,,true,0,0.008333,0.0000,0.0000,1.00,0.00,0.0000,22,1,295,295,0,0,100,1,11,11,0,246528,0,295,0,0,899444736,0.000000,0.000000,0.000000,0.00,0,2,4,25,17,20,26,13,24,55,97,12,0,0,0,0,0,0,0.0002,0.0164,0.0339,0.0012,0.0019,0.0048,3.8366,0.0181,0.0000,0.3736,0.0006,0.0008,0.1482,0.0015,0.0008,0.0007
2854,36.3715,0.0000,12.4753,2.8498,,true,0,0.008333,0.0000,0.0000,1.00,0.00,0.0000,22,1,295,295,0,0,100,1,11,11,0,246528,0,295,0,0,899444736,0.000000,0.000000,0.000000,0.00,0,2,4,25,17,20,26,13,24,55,97,12,0,0,0,0,0,0,0.0007,0.0170,0.0385,0.0010,0.0032,0.0039,2.8498,0.0139,0.0000,0.3666,0.0006,0.0003,0.1338,0.0024,0.0010,0.0007
2855,36.3896,0.0000,18.2806,2.7349,,true,0,0.008333,0.0000,0.0000,1.00,0.00,0.0000,22,1,295,295,0,0,100,1,11,11,0,246528,0,295,0,0,899444736,0.000000,0.000000,0.000000,0.00,0,2,4,25,17,20,26,13,24,55,97,12,0,0,0,0,0,0,0.0002,0.0142,0.0311,0.0005,0.0021,0.0039,2.7349,0.0120,0.0000,0.3565,0.0004,0.0006,0.1227,0.0013,0.0005,0.0007
2856,36.3993,0.0000,9.2027,3.1176,,true,0,0.008333,0.0000,0.0000,1.00,0.00,0.0000,22,1,295,295,0,0,100,1,11,11,0,246528,0,295,0,0,899444736,0.000000,0.000000,0.000000,0.00,0,2,4,25,17,20,26,13,24,55,97,12,0,0,0,0,0,0,0.0001,0.0161,0.0402,0.0011,0.0040,0.0040,3.1176,0.0105,0.0000,0.3381,0.0004,0.0005,0.1181,0.0008,0.0007,0.0003
2857,36.4111,0.0000,11.7627,3.0790,,true,0,0.008333,0.0000,0.0000,1.00,0.00,0.0000,22,1,295,295,0,0,100,1,11,11,0,246528,0,295,0,0,899444736,0.000000,0.000000,0.000000,0.00,0,2,4,25,17,20,26,13,24,55,97,12,0,0,0,0,0,0,0.0002,0.0141,0.0325,0.0004,0.0023,0.0038,3.0790,0.0110,0.0000,0.3203,0.0001,0.0001,0.1187,0.0013,0.0007,0.0001
2858,36.4245,0.0000,12.4200,3.9729,,true,0,0.008333,0.0000,0.0000,1.00,0.00,0.0000,22,1,295,295,0,0,100,1,11,11,0,246528,0,295,0,0,899444736,0.000000,0.000000,0.000000,0.00,0,2,4,25,17,20,26,13,24,55,97,12,0,0,0,0,0,0,0.0004,0.0206,0.0367,0.0008,0.0030,0.0066,3.9729,0.0167,0.0000,0.4144,0.0004,0.0004,0.1497,0.0024,0.0012,0.0005
2859,36.4376,0.0000,11.6705,4.7898,,true,0,0.008333,0.0000,0.0000,1.00,0.00,0.0000,22,1,295,295,0,0,100,1,11,11,0,246528,0,295,0,0,899444736,0.000000,0.000000,0.000000,0.00,0,2,4,25,17,20,26,13,24,55,97,12,0,0,0,0,0,0,0.0004,0.0187,0.0347,0.0016,0.0048,0.0061,4.7898,0.0175,0.0000,0.3725,0.0006,0.0007,0.1414,0.0013,0.0015,0.0009
2860,36.4511,0.0000,14.9449,3.9199,,true,0,0.008333,0.0000,0.0000,1.00,0.00,0.0000,22,1,295,295,0,0,100,1,11,11,0,246528,0,295,0,0,899444736,0.000000,0.000000,0.000000,0.00,0,2,4,25,17,20,26,13,24,55,97,12,0,0,0,0,0,0,0.0003,0.0186,0.0369,0.0012,0.0034,0.0046,3.9199,0.0128,0.0000,0.3362,0.0004,0.0004,0.1221,0.0007,0.0009,0.0008
2861,36.4593,0.0000,9.1625,3.0203,,true,0,0.008333,0.0000,0.0000,1.00,0.00,0.0000,22,1,295,295,0,0,100,1,11,11,0,246528,0,295,0,0,899444736,0.000000,0.000000,0.000000,0.00,0,2,4,25,17,20,26,13,24,55,97,12,0,0,0,0,0,0,0.0002,0.0185,0.0574,0.0006,0.0026,0.0057,3.0203,0.0129,0.0000,0.3399,0.0005,0.0003,0.1230,0.0016,0.0010,0.0009
2862,36.4711,0.0000,11.0076,3.6849,,true,0,0.008333,0.0000,0.0000,1.00,0.00,0.0000,22,1,295,295,0,0,100,1,11,11,0,246528,0,295,0,0,899444736,0.000000,0.000000,0.000000,0.00,0,2,4,25,17,20,26,13,24,55,97,12,0,0,0,0,0,0,0.0013,0.0144,0.0526,0.0016,0.0042,0.0090,3.6849,0.0216,0.0000,0.3923,0.0005,0.0007,0.1426,0.0016,0.0010,0.0009
2863,36.4816,0.0000,10.5297,3.7472,,true,0,0.008333,0.0000,0.0000,1.00,0.00,0.0000,22,1,295,295,0,0,100,1,11,11,0,246528,0,295,0,0,899444736,0.000000,0.000000,0.000000,0.00,0,2,4,25,17,20,26,13,24,55,97,12,0,0,0,0,0,0,0.0002,0.0217,0.0349,0.0006,0.0028,0.0035,3.7472,0.0165,0.0000,0.3667,0.0006,0.0010,0.1368,0.0014,0.0016,0.0007
2864,36.4927,0.0000,11.1328,3.6087,,true,0,0.008333,0.0000,0.0000,1.00,0.00,0.0000,22,1,295,295,0,0,100,1,11,11,0,246528,0,295,0,0,899444736,0.000000,0.000000,0.000000,0.00,0,2,4,25,17,20,26,13,24,55,97,12,0,0,0,0,0,0,0.0009,0.0180,0.0484,0.0019,0.0040,0.0083,3.6087,0.0228,0.0000,0.3536,0.0006,0.0002,0.1351,0.0015,0.0008,0.0009
2865,36.5030,0.0000,10.2122,3.5858,,true,0,0.008333,0.0000,0.0000,1.00,0.00,0.0000,22,1,295,295,0,0,100,1,11,11,0,246528,0,295,0,0,899444736,0.000000,0.000000,0.000000,0.00,0,2,4,25,17,20,26,13,24,55,97,12,0,0,0,0,0,0,0.0002,0.0160,0.0347,0.0009,0.0023,0.0048,3.5858,0.0195,0.0000,0.3733,0.0005,0.0006,0.1411,0.0015,0.0010,0.0009
2866,36.5177,0.0000,14.6422,3.8909,,true,0,0.008333,0.0000,0.0000,1.00,0.00,0.0000,22,1,295,295,0,0,100,1,11,11,0,246528,0,295,0,0,899444736,0.000000,0.000000,0.000000,0.00,0,2,4,25,17,20,26,13,24,55,97,12,0,0,0,0,0,0,0.0004,0.0222,0.0358,0.0011,0.0036,0.0069,3.8909,0.0182,0.0000,0.3629,0.0009,0.0004,0.1308,0.0014,0.0009,0.0009
2867,36.5321,0.0000,14.2928,3.7897,,true,0,0.008333,0.0000,0.0000,1.00,0.00,0.0000,22,1,295,295,0,0,100,1,11,11,0,246528,0,295,0,0,899444736,0.000000,0.000000,0.000000,0.00,0,2,4,25,17,20,26,13,24,55,97,12,0,0,0,0,0,0,0.0008,0.0226,0.0318,0.0007,0.0024,0.0055,3.7897,0.0086,0.0000,0.3433,0.0005,0.0003,0.1091,0.0017,0.0006,0.0007
2868,36.5394,0.0000,8.0805,3.2289,,true,0,0.008333,0.0000,0.0000,1.00,0.00,0.0000,22,1,295,295,0,0,100,1,11,11,0,246528,0,295,0,0,899444736,0.000000,0.000000,0.000000,0.00,0,2,4,25,17,20,26,13,24,55,97,12,0,0,0,0,0,0,0.0001,0.0163,0.0343,0.0009,0.0023,0.0034,3.2289,0.0142,0.0000,0.3578,0.0001,0.0008,0.1339,0.0011,0.0012,0.0011
2869,36.5511,0.0000,11.5589,3.3644,,true,0,0.008333,0.0000,0.0000,1.00,0.00,0.0000,22,1,295,295,0,0,100,1,11,11,0,246528,0,295,0,0,899444736,0.000000,0.000000,0.000000,0.00,0,2,4,25,17,20,26,13,24,55,97,12,0,0,0,0,0,0,0.0002,0.0226,0.0313,0.0015,0.0033,0.0055,3.3644,0.0159,0.0000,0.3712,0.0006,0.0004,0.1325,0.0012,0.0009,0.0008
2870,36.5613,0.0000,10.2377,3.4181,,true,0,0.008333,0.0000,0.0000,1.00,0.00,0.0000,22,1,295,295,0,0,100,1,11,11,0,246528,0,295,0,0,899444736,0.000000,0.000000,0.000000,0.00,0,2,4,25,17,20,26,13,24,55,97,12,0,0,0,0,0,0,0.0008,0.0254,0.0381,0.0010,0.0022,0.0057,3.4181,0.0158,0.0000,0.3378,0.0002,0.0004,0.1212,0.0012,0.0008,0.0007
2871,36.5722,0.0000,11.1173,3.1515,,true,0,0.008333,0.0000,0.0000,1.00,0.00,0.0000,22,1,295,295,0,0,100,1,11,11,0,246528,0,295,0,0,899444736,0.000000,0.000000,0.000000,0.00,0,2,4,25,17,20,26,13,24,55,97,12,0,0,0,0,0,0,0.0003,0.0152,0.0367,0.0013,0.0034,0.0071,3.1515,0.0204,0.0000,0.3754,0.0005,0.0004,0.1329,0.0010,0.0006,0.0009
2872,36.5834,0.0000,10.9370,3.4548,,true,0,0.008333,0.0000,0.0000,1.00,0.00,0.0000,22,1,295,295,0,0,100,1,11,11,0,246528,0,295,0,0,899444736,0.000000,0.000000,0.000000,0.00,0,2,4,25,17,20,26,13,24,55,97,12,0,0,0,0,0,0,0.0010,0.0110,0.0283,0.0011,0.0043,0.0068,3.4548,0.0160,0.0000,0.2946,0.0007,0.0004,0.1102,0.0011,0.0014,0.0008
2873,36.5945,0.0000,10.7648,3.6437,,true,0,0.008333,0.0000,0.0000,1.00,0.00,0.0000,22,1,295,295,0,0,100,1,11,11,0,246528,0,295,0,0,899444736,0.000000,0.000000,0.000000,0.00,0,2,4,25,17,20,26,13,24,55,97,12,0,0,0,0,0,0,0.0007,0.0277,0.0286,0.0013,0.0026,0.0048,3.6437,0.0139,0.0000,0.3051,0.0005,0.0004,0.1108,0.0010,0.0015,0.0006
2874,36.6047,0.0000,10.3954,3.6578,,true,0,0.008333,0.0000,0.0000,1.00,0.00,0.0000,22,1,295,295,0,0,100,1,11,11,0,246528,0,295,0,0,899444736,0.000000,0.000000,0.000000,0.00,0,2,4,25,17,20,26,13,24,55,97,12,0,0,0,0,0,0,0.0003,0.0249,0.0539,0.0009,0.0024,0.0053,3.6578,0.0196,0.0000,0.4400,0.0005,0.0006,0.1637,0.0012,0.0009,0.0005
2875,36.6154,0.0000,11.0365,3.3404,,true,0,0.008333,0.0000,0.0000,1.00,0.00,0.0000,22,1,295,295,0,0,100,1,11,11,0,246528,0,295,0,0,899444736,0.000000,0.000000,0.000000,0.00,0,2,4,25,17,20,26,13,24,55,97,12,0,0,0,0,0,0,0.0004,0.0179,0.0314,0.0011,0.0029,0.0050,3.3404,0.0152,0.0000,0.3638,0.0008,0.0002,0.1355,0.0010,0.0006,0.0006
2876,36.6295,0.0000,12.2654,4.6356,,true,0,0.008333,0.0000,0.0000,1.00,0.00,0.0000,22,1,295,295,0,0,100,1,11,11,0,246528,0,295,0,0,899444736,0.000000,0.000000,0.000000,0.00,0,2,4,25,17,20,26,13,24,55,97,12,0,0,0,0,0,0,0.0005,0.0186,0.0580,0.0026,0.0036,0.0068,4.6356,0.0244,0.0000,0.4098,0.0003,0.0009,0.1895,0.0018,0.0007,0.0018
2877,36.6405,0.0000,12.1672,3.6760,,true,0,0.008333,0.0000,0.0000,1.00,0.00,0.0000,22,1,295,295,0,0,100,1,11,11,0,246528,0,295,0,0,899444736,0.000000,0.000000,0.000000,0.00,0,2,4,25,17,20,26,13,24,55,97,12,0,0,0,0,0,0,0.0004,0.0258,0.0305,0.0006,0.0030,0.0066,3.6760,0.0152,0.0000,0.3666,0.0005,0.0006,0.1278,0.0019,0.0009,0.0007
2878,36.6518,0.0000,11.2869,3.6569,,true,0,0.008333,0.0000,0.0000,1.00,0.00,0.0000,22,1,295,295,0,0,100,1,11,11,0,246528,0,295,0,0,899444736,0.000000,0.000000,0.000000,0.00,0,2,4,25,17,20,26,13,24,55,97,12,0,0,0,0,0,0,0.0003,0.0152,0.0329,0.0018,0.0015,0.0044,3.6569,0.0152,0.0000,0.3367,0.0006,0.0010,0.1201,0.0015,0.0008,0.0010
2879,36.6628,0.0000,9.9237,4.8390,,true,0,0.008333,0.0000,0.0000,1.00,0.00,0.0000,22,1,295,295,0,0,100,1,11,11,0,246528,0,295,0,0,899444736,0.000000,0.000000,0.000000,0.00,0,2,4,25,17,20,26,13,24,55,97,12,0,0,0,0,0,0,0.0007,0.0250,0.0358,0.0013,0.0042,0.0090,4.8390,0.0154,0.0000,0.3678,0.0005,0.0003,0.1402,0.0014,0.0004,0.0006
2880,36.6734,0.0000,11.8105,3.7208,,true,0,0.008333,0.0000,0.0000,1.00,0.00,0.0000,22,1,295,295,0,0,100,1,11,11,0,246528,0,295,0,0,899444736,0.000000,0.000000,0.000000,0.00,0,2,4,25,17,20,26,13,24,55,97,12,0,0,0,0,0,0,0.0006,0.0151,0.0332,0.0011,0.0028,0.0051,3.7208,0.0159,0.0000,0.3406,0.0010,0.0001,0.1112,0.0014,0.0006,0.0007
2881,36.6836,0.0000,10.4548,3.4661,,true,0,0.008333,0.0000,0.0000,1.00,0.00,0.0000,22,1,295,295,0,0,100,1,11,11,0,246528,0,295,0,0,899444736,0.000000,0.000000,0.000000,0.00,0,2,4,25,17,20,26,13,24,55,97,12,0,0,0,0,0,0,0.0006,0.0178,0.0316,0.0008,0.0042,0.0038,3.4661,0.0340,0.0000,0.2938,0.0005,0.0007,0.1099,0.0014,0.0012,0.0012
2882,36.6944,0.0000,10.8185,3.5362,,true,0,0.008333,0.0000,0.0000,1.00,0.00,0.0000,22,1,295,295,0,0,100,1,11,11,0,246528,0,295,0,0,899444736,0.000000,0.000000,0.000000,0.00,0,2,4,25,17,20,26,13,24,55,97,12,0,0,0,0,0,0,0.0004,0.0232,0.0373,0.0008,0.0040,0.0044,3.5362,0.0177,0.0000,0.3855,0.0008,0.0006,0.1337,0.0016,0.0019,0.0009
2883,36.7054,0.0000,11.0997,3.3668,,true,0,0.008333,0.0000,0.0000,1.00,0.00,0.0000,22,1,295,295,0,0,100,1,11,11,0,246528,0,295,0,0,899444736,0.000000,0.000000,0.000000,0.00,0,2,4,25,17,20,26,13,24,55,97,12,0,0,0,0,0,0,0.0002,0.0208,0.0375,0.0012,0.0036,0.0049,3.3668,0.0168,0.0000,0.3814,0.0004,0.0013,0.1381,0.0014,0.0009,0.0005
2884,36.7167,0.0000,11.1036,3.5310,,true,0,0.008333,0.0000,0.0000,1.00,0.00,0.0000,22,1,295,295,0,0,100,1,11,11,0,246528,0,295,0,0,899444736,0.000000,0.000000,0.000000,0.00,0,2,4,25,17,20,26,13,24,55,97,12,0,0,0,0,0,0,0.0005,0.0169,0.0390,0.0008,0.0030,0.0045,3.5310,0.0163,0.0000,0.3555,0.0005,0.0003,0.1301,0.0014,0.0009,0.0007
2885,36.7282,0.0000,11.2207,3.7113,,true,0,0.008333,0.0000,0.0000,1.00,0.00,0.0000,22,1,295,295,0,0,100,1,11,11,0,246528,0,295,0,0,899444736,0.000000,0.000000,0.000000,0.00,0,2,4,25,17,20,26,13,24,55,97,12,0,0,0,0,0,0,0.0007,0.0166,0.0302,0.0006,0.0031,0.0056,3.7113,0.0177,0.0000,0.3340,0.0006,0.0007,0.1156,0.0008,0.0009,0.0012
2886,36.7405,0.0000,12.5776,3.5798,,true,0,0.008333,0.0000,0.0000,1.00,0.00,0.0000,22,1,295,295,0,0,100,1,11,11,0,246528,0,295,0,0,899444736,0.000000,0.000000,0.000000,0.00,0,2,4,25,17,20,26,13,24,55,97,12,0,0,0,0,0,0,0.0004,0.0197,0.0278,0.0011,0.0028,0.0044,3.5798,0.0079,0.0000,0.3008,0.0003,0.0008,0.1087,0.0014,0.0005,0.0008
2887,36.7518,0.0000,11.2274,3.5119,,true,0,0.008333,0.0000,0.0000,1.00,0.00,0.0000,22,1,295,295,0,0,100,1,11,11,0,246528,0,295,0,0,899444736,0.000000,0.000000,0.000000,0.00,0,2,4,25,17,20,26,13,24,55,97,12,0,0,0,0,0,0,0.0003,0.0158,0.0334,0.0009,0.0033,0.0048,3.5119,0.0170,0.0000,0.2764,0.0006,0.0006,0.1080,0.0008,0.0012,0.0012
2888,36.7625,0.0000,10.4724,3.6768,,true,0,0.008333,0.0000,0.0000,1.00,0.00,0.0000,22,1,295,295,0,0,100,1,11,11,0,246528,0,295,0,0,899444736,0.000000,0.000000,0.000000,0.00,0,2,4,25,17,20,26,13,24,55,97,12,0,0,0,0,0,0,0.0012,0.0163,0.0285,0.0013,0.0027,0.0050,3.6768,0.0166,0.0000,0.2964,0.0007,0.0002,0.1110,0.0019,0.0013,0.0007
2889,36.7734,0.0000,11.1164,3.5441,,true,0,0.008333,0.0000,0.0000,1.00,0.00,0.0000,22,1,295,295,0,0,100,1,11,11,0,246528,0,295,0,0,899444736,0.000000,0.000000,0.000000,0.00,0,2,4,25,17,20,26,13,24,55,97,12,0,0,0,0,0,0,0.0006,0.0190,0.0311,0.0013,0.0034,0.0070,3.5441,0.0183,0.0000,0.2958,0.0005,0.0002,0.1139,0.0013,0.0011,0.0008
2890,36.7847,0.0000,11.0608,3.7413,,true,0,0.008333,0.0000,0.0000,1.00,0.00,0.0000,22,1,295,295,0,0,100,1,11,11,0,246528,0,295,0,0,899444736,0.000000,0.000000,0.000000,0.00,0,2,4,25,17,20,26,13,24,55,97,12,0,0,0,0,0,0,0.0003,0.0164,0.0277,0.0016,0.0033,0.0058,3.7413,0.0162,0.0000,0.2883,0.0007,0.0006,0.1127,0.0020,0.0010,0.0009
2891,36.7960,0.0000,11.3884,3.6702,,true,0,0.008333,0.0000,0.0000,1.00,0.00,0.0000,22,1,295,295,0,0,100,1,11,11,0,246528,0,295,0,0,899444736,0.000000,0.000000,0.000000,0.00,0,2,4,25,17,20,26,13,24,55,97,12,0,0,0,0,0,0,0.0002,0.0218,0.0314,0.0011,0.0033,0.0050,3.6702,0.0212,0.0000,0.3332,0.0005,0.0000,0.1181,0.0016,0.0008,0.0010
2892,36.8079,0.0000,11.9680,3.6475,,true,0,0.008333,0.0000,0.0000,1.00,0.00,0.0000,22,1,295,295,0,0,100,1,11,11,0,246528,0,295,0,0,899444736,0.000000,0.000000,0.000000,0.00,0,2,4,25,17,20,26,13,24,55,97,12,0,0,0,0,0,0,0.0005,0.0228,0.0324,0.0016,0.0040,0.0042,3.6475,0.0208,0.0000,0.3737,0.0004,0.0006,0.1387,0.0016,0.0010,0.0007
2893,36.8192,0.0000,11.2937,3.5758,,true,0,0.008333,0.0000,0.0000,1.00,0.00,0.0000,22,1,295,295,0,0,100,1,11,11,0,246528,0,295,0,0,899444736,0.000000,0.000000,0.000000,0.00,0,2,4,25,17,20,26,13,24,55,97,12,0,0,0,0,0,0,0.0005,0.0138,0.0691,0.0009,0.0038,0.0043,3.5758,0.0226,0.0000,0.3437,0.0004,0.0005,0.1260,0.0015,0.0007,0.0007
2894,36.8320,0.0000,11.6774,4.5652,,true,0,0.008333,0.0000,0.0000,1.00,0.00,0.0000,22,1,295,295,0,0,100,1,11,11,0,246528,0,295,0,0,899444736,0.000000,0.000000,0.000000,0.00,0,2,4,25,17,20,26,13,24,55,97,12,0,0,0,0,0,0,0.0006,0.0229,0.0446,0.0008,0.0047,0.0069,4.5652,0.0275,0.0000,0.4846,0.0005,0.0008,0.1857,0.0013,0.0016,0.0012
2895,36.8441,0.0000,12.8648,4.0909,,true,0,0.008333,0.0000,0.0000,1.00,0.00,0.0000,22,1,295,295,0,0,100,1,11,11,0,246528,0,295,0,0,899444736,0.000000,0.000000,0.000000,0.00,0,2,4,25,17,20,26,13,24,55,97,12,0,0,0,0,0,0,0.0005,0.0276,0.0359,0.0022,0.0037,0.0042,4.0909,0.0287,0.0000,0.4236,0.0005,0.0004,0.2286,0.0017,0.0009,0.0006
2896,36.8618,0.0000,12.5160,9.0520,,true,0,0.008333,0.0000,0.0000,1.00,0.00,0.0000,22,1,295,295,0,0,100,1,11,11,0,246528,0,295,0,0,899444736,0.000000,0.000000,0.000000,0.00,0,2,4,25,17,20,26,13,24,55,97,12,0,0,0,0,0,0,0.0003,0.0198,0.0578,0.0007,0.0035,0.0053,9.0520,0.0377,0.0000,5.4382,0.0011,0.1531,0.1662,0.0022,0.0013,4.8450
2897,36.8680,0.0000,11.2425,4.1097,,true,0,0.008333,0.0000,0.0000,1.00,0.00,0.0000,22,1,295,295,0,0,100,1,11,11,0,246528,0,295,0,0,899444736,0.000000,0.000000,0.000000,0.00,0,2,4,25,17,20,26,13,24,55,97,12,0,0,0,0,0,0,0.0007,0.0312,0.0465,0.0010,0.0027,0.0091,4.1097,0.0262,0.0000,0.3886,0.0003,0.0007,0.1591,0.0015,0.0009,0.0002
2898,36.8792,0.0000,10.8380,4.5800,,true,0,0.008333,0.0000,0.0000,1.00,0.00,0.0000,22,1,295,295,0,0,100,1,11,11,0,246528,0,295,0,0,899444736,0.000000,0.000000,0.000000,0.00,0,2,4,25,17,20,26,13,24,55,97,12,0,0,0,0,0,0,0.0002,0.0187,0.0472,0.0011,0.0022,0.0052,4.5800,0.1147,0.0000,0.4296,0.0011,0.0012,0.1477,0.0191,0.0016,0.0005
2899,36.8944,0.0000,15.4334,4.3621,,true,0,0.008333,0.0000,0.0000,1.00,0.00,0.0000,22,1,295,295,0,0,100,1,11,11,0,246528,0,295,0,0,899444736,0.000000,0.000000,0.000000,0.00,0,2,4,25,17,20,26,13,24,55,97,12,0,0,0,0,0,0,0.0007,0.0160,0.0328,0.0011,0.0022,0.0042,4.3621,0.0134,0.0000,0.3281,0.0003,0.0004,0.1196,0.0007,0.0006,0.0006
2900,36.9033,0.0000,8.4162,3.4200,,true,0,0.008333,0.0000,0.0000,1.00,0.00,0.0000,22,1,295,295,0,0,100,1,11,11,0,246528,0,295,0,0,899444736,0.000000,0.000000,0.000000,0.00,0,2,4,25,17,20,26,13,24,55,97,12,0,0,0,0,0,0,0.0004,0.0188,0.0367,0.0008,0.0025,0.0039,3.4200,0.0158,0.0000,0.3546,0.0003,0.0005,0.1305,0.0011,0.0007,0.0006
2901,36.9124,0.0000,10.2587,3.4991,,true,0,0.008333,0.0000,0.0000,1.00,0.00,0.0000,22,1,295,295,0,0,100,1,11,11,0,246528,0,295,0,0,899444736,0.000000,0.000000,0.000000,0.00,0,2,4,25,17,20,26,13,24,55,97,12,0,0,0,0,0,0,0.0001,0.0192,0.0316,0.0007,0.0096,0.0045,3.4991,0.0137,0.0000,0.3535,0.0005,0.0003,0.1280,0.0014,0.0010,0.0010
2902,36.9248,0.0000,11.5949,4.1262,,true,0,0.008333,0.0000,0.0000,1.00,0.00,0.0000,22,1,295,295,0,0,100,1,11,11,0,246528,0,295,0,0,899444736,0.000000,0.000000,0.000000,0.00,0,2,4,25,17,20,26,13,24,55,97,12,0,0,0,0,0,0,0.0003,0.0224,0.0428,0.0005,0.0024,0.0064,4.1262,0.0215,0.0000,0.3827,0.0005,0.0005,0.1477,0.0018,0.0009,0.0012
2903,36.9352,0.0000,11.5522,3.3764,,true,0,0.008333,0.0000,0.0000,1.00,0.00,0.0000,22,1,295,295,0,0,100,1,11,11,0,246528,0,295,0,0,899444736,0.000000,0.000000,0.000000,0.00,0,2,4,25,17,20,26,13,24,55,97,12,0,0,0,0,0,0,0.0008,0.0214,0.0341,0.0012,0.0026,0.0060,3.3764,0.0172,0.0000,0.3707,0.0007,0.0014,0.1278,0.0014,0.0009,0.0009
2904,36.9450,0.0000,10.4883,2.8956,,true,0,0.008333,0.0000,0.0000,1.00,0.00,0.0000,22,1,295,295,0,0,100,1,11,11,0,246528,0,295,0,0,899444736,0.000000,0.000000,0.000000,0.00,0,2,4,25,17,20,26,13,24,55,97,12,0,0,0,0,0,0,0.0002,0.0160,0.0328,0.0006,0.0026,0.0042,2.8956,0.0182,0.0000,0.3384,0.0004,0.0003,0.1225,0.0018,0.0009,0.0005
2905,36.9568,0.0000,11.6860,2.9452,,true,0,0.008333,0.0000,0.0000,1.00,0.00,0.0000,22,1,295,295,0,0,100,1,11,11,0,246528,0,295,0,0,899444736,0.000000,0.000000,0.000000,0.00,0,2,4,25,17,20,26,13,24,55,97,12,0,0,0,0,0,0,0.0001,0.0164,0.0330,0.0007,0.0027,0.0043,2.9452,0.0186,0.0000,0.3564,0.0006,0.0008,0.1301,0.0015,0.0012,0.0008
2906,36.9675,0.0000,10.8037,3.0393,,true,0,0.008333,0.0000,0.0000,1.00,0.00,0.0000,22,1,295,295,0,0,100,1,11,11,0,246528,0,295,0,0,899444736,0.000000,0.000000,0.000000,0.00,0,2,4,25,17,20,26,13,24,55,97,12,0,0,0,0,0,0,0.0002,0.0134,0.0308,0.0007,0.0021,0.0042,3.0393,0.0142,0.0000,0.3253,0.0006,0.0003,0.1257,0.0012,0.0011,0.0005
2907,36.9787,0.0000,10.7412,3.0931,,true,0,0.008333,0.0000,0.0000,1.00,0.00,0.0000,22,1,295,295,0,0,100,1,11,11,0,246528,0,295,0,0,899444736,0.000000,0.000000,0.000000,0.00,0,2,4,25,17,20,26,13,24,55,97,12,0,0,0,0,0,0,0.0004,0.0205,0.0314,0.0008,0.0025,0.0041,3.0931,0.0153,0.0000,0.3446,0.0007,0.0004,0.1296,0.0014,0.0005,0.0006
2908,36.9903,0.0000,10.9863,3.8494,,true,0,0.008333,0.0000,0.0000,1.00,0.00,0.0000,22,1,295,295,0,0,100,1,11,11,0,246528,0,295,0,0,899444736,0.000000,0.000000,0.000000,0.00,0,2,4,25,17,20,26,13,24,55,97,12,0,0,0,0,0,0,0.0005,0.0149,0.0341,0.0006,0.0024,0.0039,3.8494,0.0171,0.0000,0.3541,0.0005,0.0006,0.1244,0.0013,0.0010,0.0009
2909,37.0012,0.0000,11.3893,3.1973,,true,0,0.008333,0.0000,0.0000,1.00,0.00,0.0000,22,1,295,295,0,0,100,1,11,11,0,246528,0,295,0,0,899444736,0.000000,0.000000,0.000000,0.00,0,2,4,25,17,20,26,13,24,55,97,12,0,0,0,0,0,0,0.0002,0.0186,0.0329,0.0008,0.0024,0.0057,3.1973,0.0170,0.0000,0.3780,0.0005,0.0004,0.1308,0.0018,0.0010,0.0008
2910,37.0143,0.0000,13.0123,3.2713,,true,0,0.008333,0.0000,0.0000,1.00,0.00,0.0000,22,1,295,295,0,0,100,1,11,11,0,246528,0,295,0,0,899444736,0.000000,0.000000,0.000000,0.00,0,2,4,25,17,20,26,13,24,55,97,12,0,0,0,0,0,0,0.0003,0.0164,0.0358,0.0005,0.0025,0.0039,3.2713,0.0134,0.0000,0.3472,0.0001,0.0005,0.1273,0.0013,0.0006,0.0005
2911,37.0254,0.0000,11.3032,3.1707,,true,0,0.008333,0.0000,0.0000,1.00,0.00,0.0000,22,1,295,295,0,0,100,1,11,11,0,246528,0,295,0,0,899444736,0.000000,0.000000,0.000000,0.00,0,2,4,25,17,20,26,13,24,55,97,12,0,0,0,0,0,0,0.0009,0.0194,0.0350,0.0007,0.0027,0.0049,3.1707,0.0190,0.0000,0.3754,0.0006,0.0006,0.1385,0.0015,0.0010,0.0010
2912,37.0397,0.0000,13.0204,4.0136,,true,0,0.008333,0.0000,0.0000,1.00,0.00,0.0000,22,1,295,295,0,0,100,1,11,11,0,246528,0,295,0,0,899444736,0.000000,0.000000,0.000000,0.00,0,2,4,25,17,20,26,13,24,55,97,12,0,0,0,0,0,0,0.0004,0.0267,0.0378,0.0016,0.0063,0.0102,4.0136,0.0211,0.0000,0.4349,0.0005,0.0004,0.1591,0.0019,0.0010,0.0012
2913,37.0545,0.0000,12.7651,6.0811,,true,0,0.008333,0.0000,0.0000,1.00,0.00,0.0000,22,1,295,295,0,0,100,1,11,11,0,246528,0,295,0,0,899444736,0.000000,0.000000,0.000000,0.00,0,2,4,25,17,20,26,13,24,55,97,12,0,0,0,0,0,0,0.0009,0.0203,0.0648,0.0008,0.0039,0.0053,6.0811,0.0404,0.0000,0.4229,0.0004,0.0007,0.1808,0.0016,0.0009,0.0007
2914,37.0684,0.0000,14.3293,5.0834,,true,0,0.008333,0.0000,0.0000,1.00,0.00,0.0000,22,1,295,295,0,0,100,1,11,11,0,246528,0,295,0,0,899444736,0.000000,0.000000,0.000000,0.00,0,2,4,25,17,20,26,13,24,55,97,12,0,0,0,0,0,0,0.0002,0.0293,0.0426,0.0120,0.0029,0.0043,5.0834,0.0213,0.0000,0.3717,0.0008,0.0002,0.1407,0.0010,0.0007,0.0006
2915,37.0800,0.0000,13.5695,3.8179,,true,0,0.008333,0.0000,0.0000,1.00,0.00,0.0000,22,1,295,295,0,0,100,1,11,11,0,246528,0,295,0,0,899444736,0.000000,0.000000,0.000000,0.00,0,2,4,25,17,20,26,13,24,55,97,12,0,0,0,0,0,0,0.0002,0.0180,0.0354,0.0010,0.0041,0.0048,3.8179,0.0178,0.0000,0.3756,0.0005,0.0005,0.1400,0.0011,0.0009,0.0008
2916,37.0914,0.0000,11.3320,3.7681,,true,0,0.008333,0.0000,0.0000,1.00,0.00,0.0000,22,1,295,295,0,0,100,1,11,11,0,246528,0,295,0,0,899444736,0.000000,0.000000,0.000000,0.00,0,2,4,25,17,20,26,13,24,55,97,12,0,0,0,0,0,0,0.0003,0.0246,0.0451,0.0019,0.0043,0.0056,3.7681,0.0196,0.0000,0.4124,0.0008,0.0007,0.1514,0.0011,0.0012,0.0006
2917,37.1036,0.0000,12.1690,3.9169,,true,0,0.008333,0.0000,0.0000,1.00,0.00,0.0000,22,1,295,295,0,0,100,1,11,11,0,246528,0,295,0,0,899444736,0.000000,0.000000,0.000000,0.00,0,2,4,25,17,20,26,13,24,55,97,12,0,0,0,0,0,0,0.0007,0.0353,0.0392,0.0009,0.0040,0.0156,3.9169,0.0198,0.0000,0.3923,0.0003,0.0005,0.1452,0.0016,0.0009,0.0004
2918,37.1169,0.0000,13.0686,4.1847,,true,0,0.008333,0.0000,0.0000,1.00,0.00,0.0000,22,1,295,295,0,0,100,1,11,11,0,246528,0,295,0,0,899444736,0.000000,0.000000,0.000000,0.00,0,2,4,25,17,20,26,13,24,55,97,12,0,0,0,0,0,0,0.0008,0.0315,0.0356,0.0016,0.0052,0.0053,4.1847,0.0162,0.0000,0.3838,0.0004,0.0004,0.1354,0.0018,0.0005,0.0007
2919,37.1307,0.0000,12.6560,4.5479,,true,0,0.008333,0.0000,0.0000,1.00,0.00,0.0000,22,1,295,295,0,0,100,1,11,11,0,246528,0,295,0,0,899444736,0.000000,0.000000,0.000000,0.00,0,2,4,25,17,20,26,13,24,55,97,12,0,0,0,0,0,0,0.0004,0.0227,0.0469,0.0018,0.0066,0.0082,4.5479,0.0268,0.0000,0.4440,0.0006,0.0007,0.1598,0.0013,0.0011,0.0007
2920,37.1479,0.0000,16.2610,5.8894,,true,0,0.008333,0.0000,0.0000,1.00,0.00,0.0000,22,1,295,295,0,0,100,1,11,11,0,246528,0,295,0,0,899444736,0.000000,0.000000,0.000000,0.00,0,2,4,25,17,20,26,13,24,55,97,12,0,0,0,0,0,0,0.0002,0.0128,0.0433,0.0009,0.0047,0.0099,5.8894,0.0233,0.0000,0.4443,0.0003,0.0010,0.1824,0.0022,0.0019,0.0014
2921,37.1564,0.0000,9.5804,5.0867,,true,0,0.008333,0.0000,0.0000,1.00,0.00,0.0000,22,1,295,295,0,0,100,1,11,11,0,246528,0,295,0,0,899444736,0.000000,0.000000,0.000000,0.00,0,2,4,25,17,20,26,13,24,55,97,12,0,0,0,0,0,0,0.0006,0.0207,0.0371,0.0013,0.0042,0.0050,5.0867,0.0181,0.0000,0.3904,0.0009,0.0000,0.1461,0.0016,0.0007,0.0006
2922,37.1717,0.0000,14.1828,5.7355,,true,0,0.008333,0.0000,0.0000,1.00,0.00,0.0000,22,1,295,295,0,0,100,1,11,11,0,246528,0,295,0,0,899444736,0.000000,0.000000,0.000000,0.00,0,2,4,25,17,20,26,13,24,55,97,12,0,0,0,0,0,0,0.0016,0.0294,0.0398,0.0009,0.0029,0.0084,5.7355,0.0203,0.0000,0.4559,0.0011,0.0004,0.1618,0.0029,0.0018,0.0011
2923,37.1877,0.0000,14.9929,6.7597,,true,0,0.008333,0.0000,0.0000,1.00,0.00,0.0000,22,1,295,295,0,0,100,1,11,11,0,246528,0,295,0,0,899444736,0.000000,0.000000,0.000000,0.00,0,2,4,25,17,20,26,13,24,55,97,12,0,0,0,0,0,0,0.0008,0.0297,0.0423,0.0014,0.0034,0.0088,6.7597,0.0227,0.0000,0.4785,0.0008,0.0008,0.1769,0.0018,0.0024,0.0006
2924,37.1983,0.0000,13.3108,4.2451,,true,0,0.008333,0.0000,0.0000,1.00,0.00,0.0000,22,1,295,295,0,0,100,1,11,11,0,246528,0,295,0,0,899444736,0.000000,0.000000,0.000000,0.00,0,2,4,25,17,20,26,13,24,55,97,12,0,0,0,0,0,0,0.0011,0.0228,0.0407,0.0007,0.0043,0.0068,4.2451,0.0179,0.0000,0.4609,0.0005,0.0011,0.2003,0.0026,0.0027,0.0008
2925,37.2110,0.0000,12.3997,4.7416,,true,0,0.008333,0.0000,0.0000,1.00,0.00,0.0000,22,1,295,295,0,0,100,1,11,11,0,246528,0,295,0,0,899444736,0.000000,0.000000,0.000000,0.00,0,2,4,25,17,20,26,13,24,55,97,12,0,0,0,0,0,0,0.0008,0.0306,0.0624,0.0012,0.0046,0.0091,4.7416,0.0346,0.0000,0.5586,0.0010,0.0012,0.2297,0.0031,0.0020,0.0012
2926,37.2316,0.0000,15.1420,9.3435,,true,0,0.008333,0.0000,0.0000,1.00,0.00,0.0000,22,1,295,295,0,0,100,1,11,11,0,246528,0,295,0,0,899444736,0.000000,0.000000,0.000000,0.00,0,2,4,25,17,20,26,13,24,55,97,12,0,0,0,0,0,0,0.0030,0.0584,0.1056,0.0071,0.0113,0.0156,9.3435,0.0498,0.0000,0.7582,0.0013,0.0011,0.3474,0.0032,0.0019,0.0007
2927,37.2531,0.0000,17.8706,13.1394,,true,0,0.008333,0.0000,0.0000,1.00,0.00,0.0000,22,1,295,295,0,0,100,1,11,11,0,246528,0,295,0,0,899444736,0.000000,0.000000,0.000000,0.00,0,2,4,25,17,20,26,13,24,55,97,12,0,0,0,0,0,0,0.0002,0.0532,0.0429,0.0010,0.0027,0.0486,13.1394,0.0765,0.0000,0.7311,0.0004,0.0002,0.3224,0.0023,0.0005,0.0016
2928,37.2673,0.0000,20.3005,7.9429,,true,0,0.008333,0.0000,0.0000,1.00,0.00,0.0000,22,1,295,295,0,0,100,1,11,11,0,246528,0,295,0,0,899444736,0.000000,0.000000,0.000000,0.00,0,2,4,25,17,20,26,13,24,55,97,12,0,0,0,0,0,0,0.0011,0.0434,0.0716,0.0021,0.0072,0.0109,7.9429,0.0403,0.0000,0.5019,0.0007,0.0005,0.1867,0.0017,0.0021,0.0006
2929,37.2849,0.0000,14.5993,9.7085,,true,0,0.008333,0.0000,0.0000,1.00,0.00,0.0000,22,1,295,295,0,0,100,1,11,11,0,246528,0,295,0,0,899444736,0.000000,0.000000,0.000000,0.00,0,2,4,25,17,20,26,13,24,55,97,12,0,0,0,0,0,0,0.0011,0.0528,0.0885,0.0028,0.0045,0.0136,9.7085,0.0347,0.0000,0.9137,0.0007,0.0010,0.3457,0.0038,0.0027,0.0009
2930,37.2949,0.0000,14.2982,5.9815,,true,0,0.008333,0.0000,0.0000,1.00,0.00,0.0000,22,1,295,295,0,0,100,1,11,11,0,246528,0,295,0,0,899444736,0.000000,0.000000,0.000000,0.00,0,2,4,25,17,20,26,13,24,55,97,12,0,0,0,0,0,0,0.0008,0.0248,0.0988,0.0018,0.0052,0.0081,5.9815,0.0741,0.0000,0.5476,0.0008,0.0005,0.2228,0.0021,0.0020,0.0010
2931,37.3076,0.0000,12.8033,6.2283,,true,0,0.008333,0.0000,0.0000,1.00,0.00,0.0000,22,1,295,295,0,0,100,1,11,11,0,246528,0,295,0,0,899444736,0.000000,0.000000,0.000000,0.00,0,2,4,25,17,20,26,13,24,55,97,12,0,0,0,0,0,0,0.0007,0.0365,0.0737,0.0025,0.0144,0.0089,6.2283,0.0334,0.0000,0.6102,0.0006,0.0009,0.2707,0.0016,0.0015,0.0011
2932,37.3149,0.0000,8.9603,4.9848,,true,0,0.008333,0.0000,0.0000,1.00,0.00,0.0000,22,1,295,295,0,0,100,1,11,11,0,246528,0,295,0,0,899444736,0.000000,0.000000,0.000000,0.00,0,2,4,25,17,20,26,13,24,55,97,12,0,0,0,0,0,0,0.0001,0.0235,0.0779,0.0025,0.0026,0.0082,4.9848,0.0799,0.0000,0.5708,0.0005,0.0004,0.2669,0.0014,0.0010,0.0010
2933,37.3222,0.0000,9.1629,2.8159,,true,0,0.008333,0.0000,0.0000,1.00,0.00,0.0000,22,1,295,295,0,0,100,1,11,11,0,246528,0,295,0,0,899444736,0.000000,0.000000,0.000000,0.00,0,2,4,25,17,20,26,13,24,55,97,12,0,0,0,0,0,0,0.0005,0.0161,0.0280,0.0007,0.0024,0.0046,2.8159,0.0125,0.0000,0.3710,0.0004,0.0005,0.1502,0.0005,0.0008,0.0006
2934,37.3332,0.0000,10.1749,4.0342,,true,0,0.008333,0.0000,0.0000,1.00,0.00,0.0000,22,1,295,295,0,0,100,1,11,11,0,246528,0,295,0,0,899444736,0.000000,0.000000,0.000000,0.00,0,2,4,25,17,20,26,13,24,55,97,12,0,0,0,0,0,0,0.0008,0.0218,0.0393,0.0012,0.0040,0.0071,4.0342,0.0184,0.0000,0.4112,0.0004,0.0002,0.1455,0.0012,0.0013,0.0007
2935,37.3518,0.0000,15.5170,6.4330,,true,0,0.008333,0.0000,0.0000,1.00,0.00,0.0000,22,1,295,295,0,0,100,1,11,11,0,246528,0,295,0,0,899444736,0.000000,0.000000,0.000000,0.00,0,2,4,25,17,20,26,13,24,55,97,12,0,0,0,0,0,0,0.0003,0.0216,0.0414,0.0012,0.0035,0.0062,6.4330,0.0175,0.0000,0.4691,0.0005,0.0008,0.1708,0.0028,0.0015,0.0007
2936,37.3651,0.0000,16.0335,4.0575,,true,0,0.008333,0.0000,0.0000,1.00,0.00,0.0000,22,1,295,295,0,0,100,1,11,11,0,246528,0,295,0,0,899444736,0.000000,0.000000,0.000000,0.00,0,2,4,25,17,20,26,13,24,55,97,12,0,0,0,0,0,0,0.0006,0.0276,0.0367,0.0016,0.0048,0.0120,4.0575,0.0182,0.0000,0.3743,0.0003,0.0004,0.1250,0.0020,0.0008,0.0003
2937,37.3771,0.0000,11.9247,3.8660,,true,0,0.008333,0.0000,0.0000,1.00,0.00,0.0000,22,1,295,295,0,0,100,1,11,11,0,246528,0,295,0,0,899444736,0.000000,0.000000,0.000000,0.00,0,2,4,25,17,20,26,13,24,55,97,12,0,0,0,0,0,0,0.0008,0.0219,0.0424,0.0010,0.0025,0.0044,3.8660,0.0330,0.0000,0.4008,0.0004,0.0003,0.1637,0.0018,0.0010,0.0007
2938,37.3914,0.0000,14.7739,3.9876,,true,0,0.008333,0.0000,0.0000,1.00,0.00,0.0000,22,1,295,295,0,0,100,1,11,11,0,246528,0,295,0,0,899444736,0.000000,0.000000,0.000000,0.00,0,2,4,25,17,20,26,13,24,55,97,12,0,0,0,0,0,0,0.0006,0.0250,0.0354,0.0018,0.0030,0.0061,3.9876,0.0176,0.0000,0.3909,0.0006,0.0003,0.1382,0.0013,0.0010,0.0007
2939,37.4028,0.0000,11.7393,3.5185,,true,0,0.008333,0.0000,0.0000,1.00,0.00,0.0000,22,1,295,295,0,0,100,1,11,11,0,246528,0,295,0,0,899444736,0.000000,0.000000,0.000000,0.00,0,2,4,25,17,20,26,13,24,55,97,12,0,0,0,0,0,0,0.0003,0.0268,0.0363,0.0006,0.0050,0.0044,3.5185,0.0170,0.0000,0.3933,0.0003,0.0007,0.1371,0.0010,0.0019,0.0010
2940,37.4146,0.0000,11.8689,3.5747,,true,0,0.008333,0.0000,0.0000,1.00,0.00,0.0000,22,1,295,295,0,0,100,1,11,11,0,246528,0,295,0,0,899444736,0.000000,0.000000,0.000000,0.00,0,2,4,25,17,20,26,13,24,55,97,12,0,0,0,0,0,0,0.0007,0.0250,0.0461,0.0006,0.0020,0.0055,3.5747,0.0189,0.0000,0.3199,0.0005,0.0006,0.1116,0.0021,0.0014,0.0009
2941,37.4279,0.0000,11.9577,4.7387,,true,0,0.008333,0.0000,0.0000,1.00,0.00,0.0000,22,1,295,295,0,0,100,1,11,11,0,246528,0,295,0,0,899444736,0.000000,0.000000,0.000000,0.00,0,2,4,25,17,20,26,13,24,55,97,12,0,0,0,0,0,0,0.0005,0.0266,0.0480,0.0007,0.0045,0.0060,4.7387,0.0189,0.0000,0.4529,0.0007,0.0009,0.1727,0.0019,0.0010,0.0013
2942,37.4424,0.0000,15.1394,3.9133,,true,0,0.008333,0.0000,0.0000,1.00,0.00,0.0000,22,1,295,295,0,0,100,1,11,11,0,246528,0,295,0,0,899444736,0.000000,0.000000,0.000000,0.00,0,2,4,25,17,20,26,13,24,55,97,12,0,0,0,0,0,0,0.0005,0.0266,0.0342,0.0010,0.0049,0.0079,3.9133,0.0159,0.0000,0.4170,0.0009,0.0005,0.1486,0.0014,0.0015,0.0008
2943,37.4548,0.0000,11.0167,5.4620,,true,0,0.008333,0.0000,0.0000,1.00,0.00,0.0000,22,1,295,295,0,0,100,1,11,11,0,246528,0,295,0,0,899444736,0.000000,0.000000,0.000000,0.00,0,2,4,25,17,20,26,13,24,55,97,12,0,0,0,0,0,0,0.0005,0.0201,0.0515,0.0010,0.0045,0.0074,5.4620,0.0251,0.0000,0.4594,0.0003,0.0002,0.1771,0.0018,0.0007,0.0005
2944,37.4659,0.0000,12.8633,3.6236,,true,0,0.008333,0.0000,0.0000,1.00,0.00,0.0000,22,1,295,295,0,0,100,1,11,11,0,246528,0,295,0,0,899444736,0.000000,0.000000,0.000000,0.00,0,2,4,25,17,20,26,13,24,55,97,12,0,0,0,0,0,0,0.0007,0.0174,0.0348,0.0008,0.0039,0.0050,3.6236,0.0164,0.0000,0.3784,0.0006,0.0008,0.1432,0.0014,0.0014,0.0005
2945,37.4837,0.0000,17.1440,4.2234,,true,0,0.008333,0.0000,0.0000,1.00,0.00,0.0000,22,1,295,295,0,0,100,1,11,11,0,246528,0,295,0,0,899444736,0.000000,0.000000,0.000000,0.00,0,2,4,25,17,20,26,13,24,55,97,12,0,0,0,0,0,0,0.0004,0.0206,0.0355,0.0006,0.0030,0.0053,4.2234,0.0097,0.0000,0.3883,0.0004,0.0004,0.1274,0.0013,0.0009,0.0007
2946,37.4948,0.0000,11.9489,3.3438,,true,0,0.008333,0.0000,0.0000,1.00,0.00,0.0000,22,1,295,295,0,0,100,1,11,11,0,246528,0,295,0,0,899444736,0.000000,0.000000,0.000000,0.00,0,2,4,25,17,20,26,13,24,55,97,12,0,0,0,0,0,0,0.0006,0.0216,0.0381,0.0010,0.0035,0.0047,3.3438,0.0170,0.0000,0.4194,0.0006,0.0005,0.1542,0.0016,0.0010,0.0010
2947,37.5072,0.0000,11.6000,4.2842,,true,0,0.008333,0.0000,0.0000,1.00,0.00,0.0000,22,1,295,295,0,0,100,1,11,11,0,246528,0,295,0,0,899444736,0.000000,0.000000,0.000000,0.00,0,2,4,25,17,20,26,13,24,55,97,12,0,0,0,0,0,0,0.0002,0.0260,0.0490,0.0010,0.0038,0.0079,4.2842,0.0224,0.0000,0.4889,0.0008,0.0007,0.1984,0.0021,0.0013,0.0007
2948,37.5206,0.0000,14.3599,3.4053,,true,0,0.008333,0.0000,0.0000,1.00,0.00,0.0000,22,1,295,295,0,0,100,1,11,11,0,246528,0,295,0,0,899444736,0.000000,0.000000,0.000000,0.00,0,2,4,25,17,20,26,13,24,55,97,12,0,0,0,0,0,0,0.0004,0.0200,0.0346,0.0009,0.0042,0.0051,3.4053,0.0215,0.0000,0.3793,0.0005,0.0005,0.1517,0.0015,0.0015,0.0006
2949,37.5365,0.0000,13.2049,5.8782,,true,0,0.008333,0.0000,0.0000,1.00,0.00,0.0000,22,1,295,295,0,0,100,1,11,11,0,246528,0,295,0,0,899444736,0.000000,0.000000,0.000000,0.00,0,2,4,25,17,20,26,13,24,55,97,12,0,0,0,0,0,0,0.0006,0.0397,0.0326,0.0007,0.0038,0.0132,5.8782,0.0256,0.0000,0.3447,0.0004,0.0006,0.1221,0.0012,0.0012,0.0006
2950,37.5482,0.0000,12.5669,4.7568,,true,0,0.008333,0.0000,0.0000,1.00,0.00,0.0000,22,1,295,295,0,0,100,1,11,11,0,246528,0,295,0,0,899444736,0.000000,0.000000,0.000000,0.00,0,2,4,25,17,20,26,13,24,55,97,12,0,0,0,0,0,0,0.0003,0.0230,0.0438,0.0009,0.0027,0.0061,4.7568,0.0199,0.0000,0.3838,0.0005,0.0008,0.1542,0.0026,0.0007,0.0010
2951,37.5589,0.0000,11.9963,3.8000,,true,0,0.008333,0.0000,0.0000,1.00,0.00,0.0000,22,1,295,295,0,0,100,1,11,11,0,246528,0,295,0,0,899444736,0.000000,0.000000,0.000000,0.00,0,2,4,25,17,20,26,13,24,55,97,12,0,0,0,0,0,0,0.0005,0.0196,0.0479,0.0013,0.0047,0.0073,3.8000,0.0197,0.0000,0.4712,0.0006,0.0012,0.1849,0.0016,0.0013,0.0007
2952,37.5724,0.0000,12.2704,5.0814,,true,0,0.008333,0.0000,0.0000,1.00,0.00,0.0000,22,1,295,295,0,0,100,1,11,11,0,246528,0,295,0,0,899444736,0.000000,0.000000,0.000000,0.00,0,2,4,25,17,20,26,13,24,55,97,12,0,0,0,0,0,0,0.0006,0.0244,0.0376,0.0013,0.0044,0.0045,5.0814,0.0179,0.0000,0.4050,0.0006,0.0005,0.1299,0.0019,0.0016,0.0012
2953,37.5844,0.0000,13.0247,3.7637,,true,0,0.008333,0.0000,0.0000,1.00,0.00,0.0000,22,1,295,295,0,0,100,1,11,11,0,246528,0,295,0,0,899444736,0.000000,0.000000,0.000000,0.00,0,2,4,25,17,20,26,13,24,55,97,12,0,0,0,0,0,0,0.0010,0.0286,0.0339,0.0011,0.0044,0.0069,3.7637,0.0184,0.0000,0.3447,0.0005,0.0006,0.1170,0.0013,0.0011,0.0006
2954,37.5965,0.0000,12.6885,3.5464,,true,0,0.008333,0.0000,0.0000,1.00,0.00,0.0000,22,1,295,295,0,0,100,1,11,11,0,246528,0,295,0,0,899444736,0.000000,0.000000,0.000000,0.00,0,2,4,25,17,20,26,13,24,55,97,12,0,0,0,0,0,0,0.0002,0.0185,0.0504,0.0006,0.0021,0.0051,3.5464,0.0224,0.0000,0.3495,0.0007,0.0001,0.1168,0.0012,0.0009,0.0015
2955,37.6136,0.0000,11.9445,8.8219,,true,0,0.008333,0.0000,0.0000,1.00,0.00,0.0000,22,1,295,295,0,0,100,1,11,11,0,246528,0,295,0,0,899444736,0.000000,0.000000,0.000000,0.00,0,2,4,25,17,20,26,13,24,55,97,12,0,0,0,0,0,0,0.0002,0.0137,0.0619,0.0007,0.0029,0.0038,8.8219,0.0329,0.0000,5.4307,0.0008,0.1466,0.1865,0.0027,0.0012,4.8532
2956,37.6210,0.0000,12.8809,3.0762,,true,0,0.008333,0.0000,0.0000,1.00,0.00,0.0000,22,1,295,295,0,0,100,1,11,11,0,246528,0,295,0,0,899444736,0.000000,0.000000,0.000000,0.00,0,2,4,25,17,20,26,13,24,55,97,12,0,0,0,0,0,0,0.0002,0.0154,0.0327,0.0007,0.0026,0.0036,3.0762,0.0170,0.0000,0.3202,0.0000,0.0004,0.1154,0.0015,0.0010,0.0015
2957,37.6317,0.0000,10.4979,3.5108,,true,0,0.008333,0.0000,0.0000,1.00,0.00,0.0000,22,1,295,295,0,0,100,1,11,11,0,246528,0,295,0,0,899444736,0.000000,0.000000,0.000000,0.00,0,2,4,25,17,20,26,13,24,55,97,12,0,0,0,0,0,0,0.0002,0.0151,0.0362,0.0012,0.0030,0.0044,3.5108,0.0190,0.0000,0.4215,0.0007,0.0007,0.1664,0.0019,0.0012,0.0008
2958,37.6442,0.0000,12.1854,3.7608,,true,0,0.008333,0.0000,0.0000,1.00,0.00,0.0000,22,1,295,295,0,0,100,1,11,11,0,246528,0,295,0,0,899444736,0.000000,0.000000,0.000000,0.00,0,2,4,25,17,20,26,13,24,55,97,12,0,0,0,0,0,0,0.0007,0.0303,0.0350,0.0017,0.0039,0.0064,3.7608,0.0195,0.0000,0.3772,0.0009,0.0004,0.1203,0.0019,0.0006,0.0009
2959,37.6549,0.0000,11.4114,3.2099,,true,0,0.008333,0.0000,0.0000,1.00,0.00,0.0000,22,1,295,295,0,0,100,1,11,11,0,246528,0,295,0,0,899444736,0.000000,0.000000,0.000000,0.00,0,2,4,25,17,20,26,13,24,55,97,12,0,0,0,0,0,0,0.0003,0.0227,0.0460,0.0010,0.0045,0.0051,3.2099,0.0198,0.0000,0.4246,0.0005,0.0003,0.1626,0.0017,0.0006,0.0005
2960,37.6655,0.0000,10.9924,2.9114,,true,0,0.008333,0.0000,0.0000,1.00,0.00,0.0000,22,1,295,295,0,0,100,1,11,11,0,246528,0,295,0,0,899444736,0.000000,0.000000,0.000000,0.00,0,2,4,25,17,20,26,13,24,55,97,12,0,0,0,0,0,0,0.0004,0.0215,0.0358,0.0011,0.0014,0.0037,2.9114,0.0176,0.0000,0.3695,0.0008,0.0003,0.1345,0.0015,0.0013,0.0007
2961,37.6782,0.0000,12.3840,3.0378,,true,0,0.008333,0.0000,0.0000,1.00,0.00,0.0000,22,1,295,295,0,0,100,1,11,11,0,246528,0,295,0,0,899444736,0.000000,0.000000,0.000000,0.00,0,2,4,25,17,20,26,13,24,55,97,12,0,0,0,0,0,0,0.0005,0.0169,0.0333,0.0010,0.0031,0.0056,3.0378,0.0170,0.0000,0.3534,0.0008,0.0006,0.1283,0.0009,0.0007,0.0010
2962,37.6884,0.0000,10.2358,2.9425,,true,0,0.008333,0.0000,0.0000,1.00,0.00,0.0000,22,1,295,295,0,0,100,1,11,11,0,246528,0,295,0,0,899444736,0.000000,0.000000,0.000000,0.00,0,2,4,25,17,20,26,13,24,55,97,12,0,0,0,0,0,0,0.0005,0.0201,0.0334,0.0008,0.0022,0.0062,2.9425,0.0145,0.0000,0.3590,0.0004,0.0003,0.1377,0.0014,0.0009,0.0008
2963,37.6987,0.0000,10.4969,2.9810,,true,0,0.008333,0.0000,0.0000,1.00,0.00,0.0000,22,1,295,295,0,0,100,1,11,11,0,246528,0,295,0,0,899444736,0.000000,0.000000,0.000000,0.00,0,2,4,25,17,20,26,13,24,55,97,12,0,0,0,0,0,0,0.0008,0.0153,0.0417,0.0007,0.0032,0.0044,2.9810,0.0185,0.0000,0.3833,0.0006,0.0006,0.1559,0.0015,0.0011,0.0005
2964,37.7094,0.0000,10.5916,3.0664,,true,0,0.008333,0.0000,0.0000,1.00,0.00,0.0000,22,1,295,295,0,0,100,1,11,11,0,246528,0,295,0,0,899444736,0.000000,0.000000,0.000000,0.00,0,2,4,25,17,20,26,13,24,55,97,12,0,0,0,0,0,0,0.0006,0.0155,0.0343,0.0006,0.0027,0.0043,3.0664,0.0179,0.0000,0.3660,0.0006,0.0002,0.1332,0.0013,0.0008,0.0008
2965,37.7218,0.0000,12.0619,3.2369,,true,0,0.008333,0.0000,0.0000,1.00,0.00,0.0000,22,1,295,295,0,0,100,1,11,11,0,246528,0,295,0,0,899444736,0.000000,0.000000,0.000000,0.00,0,2,4,25,17,20,26,13,24,55,97,12,0,0,0,0,0,0,0.0001,0.0200,0.0323,0.0007,0.0031,0.0043,3.2369,0.0155,0.0000,0.3625,0.0006,0.0000,0.1284,0.0019,0.0013,0.0008
2966,37.7328,0.0000,10.4921,3.8135,,true,0,0.008333,0.0000,0.0000,1.00,0.00,0.0000,22,1,295,295,0,0,100,1,11,11,0,246528,0,295,0,0,899444736,0.000000,0.000000,0.000000,0.00,0,2,4,25,17,20,26,13,24,55,97,12,0,0,0,0,0,0,0.0004,0.0242,0.0509,0.0020,0.0022,0.0065,3.8135,0.0216,0.0000,0.4509,0.0007,0.0007,0.1741,0.0014,0.0016,0.0007
2967,37.7445,0.0000,11.9659,3.3717,,true,0,0.008333,0.0000,0.0000,1.00,0.00,0.0000,22,1,295,295,0,0,100,1,11,11,0,246528,0,295,0,0,899444736,0.000000,0.000000,0.000000,0.00,0,2,4,25,17,20,26,13,24,55,97,12,0,0,0,0,0,0,0.0001,0.0310,0.0480,0.0013,0.0032,0.0073,3.3717,0.0099,0.0000,0.3833,0.0007,0.0009,0.1334,0.0019,0.0009,0.0007
2968,37.7571,0.0000,10.8739,5.0336,,true,0,0.008333,0.0000,0.0000,1.00,0.00,0.0000,22,1,295,295,0,0,100,1,11,11,0,246528,0,295,0,0,899444736,0.000000,0.000000,0.000000,0.00,0,2,4,25,17,20,26,13,24,55,97,12,0,0,0,0,0,0,0.0005,0.0307,0.0481,0.0015,0.0049,0.0073,5.0336,0.0261,0.0000,0.4338,0.0007,0.0006,0.1166,0.0009,0.0008,0.0009
2969,37.7705,0.0000,13.8041,4.5005,,true,0,0.008333,0.0000,0.0000,1.00,0.00,0.0000,22,1,295,295,0,0,100,1,11,11,0,246528,0,295,0,0,899444736,0.000000,0.000000,0.000000,0.00,0,2,4,25,17,20,26,13,24,55,97,12,0,0,0,0,0,0,0.0005,0.0268,0.0432,0.0009,0.0039,0.0068,4.5005,0.0317,0.0000,0.4980,0.0009,0.0003,0.2031,0.0015,0.0011,0.0006
2970,37.7820,0.0000,12.3624,3.7509,,true,0,0.008333,0.0000,0.0000,1.00,0.00,0.0000,22,1,295,295,0,0,100,1,11,11,0,246528,0,295,0,0,899444736,0.000000,0.000000,0.000000,0.00,0,2,4,25,17,20,26,13,24,55,97,12,0,0,0,0,0,0,0.0009,0.0257,0.0528,0.0011,0.0036,0.0051,3.7509,0.0155,0.0000,0.3585,0.0006,0.0008,0.1327,0.0012,0.0011,0.0007
2971,37.7941,0.0000,11.5402,4.2285,,true,0,0.008333,0.0000,0.0000,1.00,0.00,0.0000,22,1,295,295,0,0,100,1,11,11,0,246528,0,295,0,0,899444736,0.000000,0.000000,0.000000,0.00,0,2,4,25,17,20,26,13,24,55,97,12,0,0,0,0,0,0,0.0002,0.0164,0.0695,0.0007,0.0029,0.0061,4.2285,0.0181,0.0000,0.3395,0.0001,0.0002,0.1343,0.0016,0.0009,0.0002
2972,37.8051,0.0000,12.4835,2.8756,,true,0,0.008333,0.0000,0.0000,1.00,0.00,0.0000,22,1,295,295,0,0,100,1,11,11,0,246528,0,295,0,0,899444736,0.000000,0.000000,0.000000,0.00,0,2,4,25,17,20,26,13,24,55,97,12,0,0,0,0,0,0,0.0005,0.0177,0.0333,0.0005,0.0018,0.0052,2.8756,0.0158,0.0000,0.3399,0.0005,0.0006,0.1272,0.0013,0.0006,0.0007
2973,37.8170,0.0000,11.7544,3.1531,,true,0,0.008333,0.0000,0.0000,1.00,0.00,0.0000,22,1,295,295,0,0,100,1,11,11,0,246528,0,295,0,0,899444736,0.000000,0.000000,0.000000,0.00,0,2,4,25,17,20,26,13,24,55,97,12,0,0,0,0,0,0,0.0001,0.0147,0.0318,0.0009,0.0024,0.0037,3.1531,0.0145,0.0000,0.3543,0.0009,0.0006,0.1235,0.0017,0.0008,0.0010
2974,37.8261,0.0000,9.3485,3.1516,,true,0,0.008333,0.0000,0.0000,1.00,0.00,0.0000,22,1,295,295,0,0,100,1,11,11,0,246528,0,295,0,0,899444736,0.000000,0.000000,0.000000,0.00,0,2,4,25,17,20,26,13,24,55,97,12,0,0,0,0,0,0,0.0003,0.0174,0.0343,0.0007,0.0041,0.0034,3.1516,0.0157,0.0000,0.3442,0.0004,0.0011,0.1253,0.0015,0.0009,0.0005
2975,37.8389,0.0000,11.3808,4.2432,,true,0,0.008333,0.0000,0.0000,1.00,0.00,0.0000,22,1,295,295,0,0,100,1,11,11,0,246528,0,295,0,0,899444736,0.000000,0.000000,0.000000,0.00,0,2,4,25,17,20,26,13,24,55,97,12,0,0,0,0,0,0,0.0003,0.0196,0.0356,0.0006,0.0031,0.0067,4.2432,0.0171,0.0000,0.3984,0.0007,0.0002,0.1648,0.0017,0.0010,0.0012
2976,37.8515,0.0000,13.7083,3.2133,,true,0,0.008333,0.0000,0.0000,1.00,0.00,0.0000,22,1,295,295,0,0,100,1,11,11,0,246528,0,295,0,0,899444736,0.000000,0.000000,0.000000,0.00,0,2,4,25,17,20,26,13,24,55,97,12,0,0,0,0,0,0,0.0003,0.0211,0.0368,0.0007,0.0041,0.0058,3.2133,0.0173,0.0000,0.3591,0.0006,0.0005,0.1297,0.0008,0.0014,0.0006
2977,37.8629,0.0000,10.7005,3.8732,,true,0,0.008333,0.0000,0.0000,1.00,0.00,0.0000,22,1,295,295,0,0,100,1,11,11,0,246528,0,295,0,0,899444736,0.000000,0.000000,0.000000,0.00,0,2,4,25,17,20,26,13,24,55,97,12,0,0,0,0,0,0,0.0002,0.0242,0.0410,0.0011,0.0026,0.0066,3.8732,0.0149,0.0000,0.4186,0.0004,0.0006,0.1582,0.0013,0.0011,0.0008
2978,37.8728,0.0000,10.7513,3.2637,,true,0,0.008333,0.0000,0.0000,1.00,0.00,0.0000,22,1,295,295,0,0,100,1,11,11,0,246528,0,295,0,0,899444736,0.000000,0.000000,0.000000,0.00,0,2,4,25,17,20,26,13,24,55,97,12,0,0,0,0,0,0,0.0003,0.0195,0.0331,0.0013,0.0029,0.0052,3.2637,0.0137,0.0000,0.3802,0.0004,0.0005,0.1266,0.0020,0.0008,0.0007
2979,37.8837,0.0000,10.4596,3.4815,,true,0,0.008333,0.0000,0.0000,1.00,0.00,0.0000,22,1,295,295,0,0,100,1,11,11,0,246528,0,295,0,0,899444736,0.000000,0.000000,0.000000,0.00,0,2,4,25,17,20,26,13,24,55,97,12,0,0,0,0,0,0,0.0008,0.0122,0.0326,0.0019,0.0030,0.0057,3.4815,0.0156,0.0000,0.2958,0.0005,0.0006,0.1087,0.0018,0.0009,0.0006
2980,37.8954,0.0000,11.6664,3.5752,,true,0,0.008333,0.0000,0.0000,1.00,0.00,0.0000,22,1,295,295,0,0,100,1,11,11,0,246528,0,295,0,0,899444736,0.000000,0.000000,0.000000,0.00,0,2,4,25,17,20,26,13,24,55,97,12,0,0,0,0,0,0,0.0006,0.0204,0.0354,0.0014,0.0030,0.0043,3.5752,0.0170,0.0000,0.3656,0.0004,0.0002,0.1311,0.0011,0.0008,0.0005
2981,37.9064,0.0000,11.2903,3.3100,,true,0,0.008333,0.0000,0.0000,1.00,0.00,0.0000,22,1,295,295,0,0,100,1,11,11,0,246528,0,295,0,0,899444736,0.000000,0.000000,0.000000,0.00,0,2,4,25,17,20,26,13,24,55,97,12,0,0,0,0,0,0,0.0005,0.0262,0.0330,0.0008,0.0024,0.0046,3.3100,0.0158,0.0000,0.3551,0.0005,0.0003,0.1286,0.0015,0.0015,0.0007
2982,37.9172,0.0000,11.0904,3.0893,,true,0,0.008333,0.0000,0.0000,1.00,0.00,0.0000,22,1,295,295,0,0,100,1,11,11,0,246528,0,295,0,0,899444736,0.000000,0.000000,0.000000,0.00,0,2,4,25,17,20,26,13,24,55,97,12,0,0,0,0,0,0,0.0002,0.0155,0.0333,0.0006,0.0024,0.0043,3.0893,0.0159,0.0000,0.3704,0.0005,0.0006,0.1361,0.0020,0.0008,0.0012
2983,37.9281,0.0000,10.7612,3.2698,,true,0,0.008333,0.0000,0.0000,1.00,0.00,0.0000,22,1,295,295,0,0,100,1,11,11,0,246528,0,295,0,0,899444736,0.000000,0.000000,0.000000,0.00,0,2,4,25,17,20,26,13,24,55,97,12,0,0,0,0,0,0,0.0001,0.0252,0.0322,0.0008,0.0023,0.0049,3.2698,0.0135,0.0000,0.3497,0.0003,0.0004,0.1304,0.0015,0.0011,0.0012
2984,37.9410,0.0000,11.9557,3.8747,,true,0,0.008333,0.0000,0.0000,1.00,0.00,0.0000,22,1,295,295,0,0,100,1,11,11,0,246528,0,295,0,0,899444736,0.000000,0.000000,0.000000,0.00,0,2,4,25,17,20,26,13,24,55,97,12,0,0,0,0,0,0,0.0006,0.0188,0.0509,0.0013,0.0038,0.0076,3.8747,0.0214,0.0000,0.3838,0.0007,0.0003,0.1355,0.0014,0.0009,0.0005
2985,37.9523,0.0000,11.6365,3.5799,,true,0,0.008333,0.0000,0.0000,1.00,0.00,0.0000,22,1,295,295,0,0,100,1,11,11,0,246528,0,295,0,0,899444736,0.000000,0.000000,0.000000,0.00,0,2,4,25,17,20,26,13,24,55,97,12,0,0,0,0,0,0,0.0004,0.0180,0.0478,0.0012,0.0038,0.0065,3.5799,0.0223,0.0000,0.3573,0.0002,0.0002,0.1442,0.0010,0.0006,0.0002
2986,37.9623,0.0000,10.4123,3.2386,,true,0,0.008333,0.0000,0.0000,1.00,0.00,0.0000,22,1,295,295,0,0,100,1,11,11,0,246528,0,295,0,0,899444736,0.000000,0.000000,0.000000,0.00,0,2,4,25,17,20,26,13,24,55,97,12,0,0,0,0,0,0,0.0010,0.0263,0.0374,0.0011,0.0038,0.0056,3.2386,0.0179,0.0000,0.3852,0.0006,0.0007,0.1419,0.0018,0.0009,0.0005
2987,37.9738,0.0000,11.9404,3.0015,,true,0,0.008333,0.0000,0.0000,1.00,0.00,0.0000,22,1,295,295,0,0,100,1,11,11,0,246528,0,295,0,0,899444736,0.000000,0.000000,0.000000,0.00,0,2,4,25,17,20,26,13,24,55,97,12,0,0,0,0,0,0,0.0004,0.0201,0.0349,0.0009,0.0025,0.0048,3.0015,0.0169,0.0000,0.3579,0.0007,0.0007,0.1259,0.0006,0.0008,0.0006
2988,37.9855,0.0000,11.0570,3.3237,,true,0,0.008333,0.0000,0.0000,1.00,0.00,0.0000,22,1,295,295,0,0,100,1,11,11,0,246528,0,295,0,0,899444736,0.000000,0.000000,0.000000,0.00,0,2,4,25,17,20,26,13,24,55,97,12,0,0,0,0,0,0,0.0003,0.0154,0.0281,0.0007,0.0030,0.0060,3.3237,0.0174,0.0000,0.3123,0.0005,0.0005,0.1085,0.0014,0.0009,0.0009
2989,37.9958,0.0000,10.1911,3.5157,,true,0,0.008333,0.0000,0.0000,1.00,0.00,0.0000,22,1,295,295,0,0,100,1,11,11,0,246528,0,295,0,0,899444736,0.000000,0.000000,0.000000,0.00,0,2,4,25,17,20,26,13,24,55,97,12,0,0,0,0,0,0,0.0002,0.0173,0.0353,0.0015,0.0038,0.0043,3.5157,0.0156,0.0000,0.3724,0.0008,0.0006,0.1354,0.0014,0.0008,0.0008
2990,38.0084,0.0000,12.2935,3.6186,,true,0,0.008333,0.0000,0.0000,1.00,0.00,0.0000,22,1,295,295,0,0,100,1,11,11,0,246528,0,295,0,0,899444736,0.000000,0.000000,0.000000,0.00,0,2,4,25,17,20,26,13,24,55,97,12,0,0,0,0,0,0,0.0005,0.0239,0.0424,0.0006,0.0090,0.0115,3.6186,0.0194,0.0000,0.3732,0.0009,0.0006,0.1407,0.0015,0.0008,0.0009
2991,38.0202,0.0000,12.1845,3.5300,,true,0,0.008333,0.0000,0.0000,1.00,0.00,0.0000,22,1,295,295,0,0,100,1,11,11,0,246528,0,295,0,0,899444736,0.000000,0.000000,0.000000,0.00,0,2,4,25,17,20,26,13,24,55,97,12,0,0,0,0,0,0,0.0004,0.0187,0.0414,0.0010,0.0029,0.0044,3.5300,0.0237,0.0000,0.3675,0.0007,0.0006,0.1316,0.0016,0.0016,0.0005
2992,38.0331,0.0000,12.9360,3.4580,,true,0,0.008333,0.0000,0.0000,1.00,0.00,0.0000,22,1,295,295,0,0,100,1,11,11,0,246528,0,295,0,0,899444736,0.000000,0.000000,0.000000,0.00,0,2,4,25,17,20,26,13,24,55,97,12,0,0,0,0,0,0,0.0010,0.0201,0.0294,0.0017,0.0041,0.0067,3.4580,0.0146,0.0000,0.3073,0.0005,0.0003,0.1146,0.0012,0.0020,0.0007
2993,38.0496,0.0000,12.4199,6.6850,,true,0,0.008333,0.0000,0.0000,1.00,0.00,0.0000,22,1,295,295,0,0,100,1,11,11,0,246528,0,295,0,0,899444736,0.000000,0.000000,0.000000,0.00,0,2,4,25,17,20,26,13,24,55,97,12,0,0,0,0,0,0,0.0009,0.0340,0.0593,0.0010,0.0035,0.0098,6.6850,0.0306,0.0000,0.5111,0.0003,0.0003,0.2179,0.0027,0.0006,0.0003
2994,38.0606,0.0000,14.3475,3.7464,,true,0,0.008333,0.0000,0.0000,1.00,0.00,0.0000,22,1,295,295,0,0,100,1,11,11,0,246528,0,295,0,0,899444736,0.000000,0.000000,0.000000,0.00,0,2,4,25,17,20,26,13,24,55,97,12,0,0,0,0,0,0,0.0005,0.0155,0.0583,0.0010,0.0031,0.0052,3.7464,0.0300,0.0000,0.3205,0.0005,0.0005,0.1311,0.0013,0.0008,0.0006
2995,38.0722,0.0000,11.3203,4.3949,,true,0,0.008333,0.0000,0.0000,1.00,0.00,0.0000,22,1,295,295,0,0,100,1,11,11,0,246528,0,295,0,0,899444736,0.000000,0.000000,0.000000,0.00,0,2,4,25,17,20,26,13,24,55,97,12,0,0,0,0,0,0,0.0004,0.0219,0.0475,0.0008,0.0019,0.0058,4.3949,0.0180,0.0000,0.3745,0.0009,0.0008,0.1276,0.0016,0.0016,0.0009
2996,38.0854,0.0000,13.7387,3.8985,,true,0,0.008333,0.0000,0.0000,1.00,0.00,0.0000,22,1,295,295,0,0,100,1,11,11,0,246528,0,295,0,0,899444736,0.000000,0.000000,0.000000,0.00,0,2,4,25,17,20,26,13,24,55,97,12,0,0,0,0,0,0,0.0006,0.0201,0.0365,0.0011,0.0028,0.0048,3.8985,0.0197,0.0000,0.3798,0.0005,0.0003,0.1411,0.0017,0.0010,0.0005
2997,38.0983,0.0000,11.9946,4.5267,,true,0,0.008333,0.0000,0.0000,1.00,0.00,0.0000,22,1,295,295,0,0,100,1,11,11,0,246528,0,295,0,0,899444736,0.000000,0.000000,0.000000,0.00,0,2,4,25,17,20,26,13,24,55,97,12,0,0,0,0,0,0,0.0007,0.0168,0.0494,0.0020,0.0040,0.0059,4.5267,0.0182,0.0000,0.3134,0.0005,0.0004,0.1212,0.0014,0.0010,0.0012
2998,38.1118,0.0000,13.6319,3.9130,,true,0,0.008333,0.0000,0.0000,1.00,0.00,0.0000,22,1,295,295,0,0,100,1,11,11,0,246528,0,295,0,0,899444736,0.000000,0.000000,0.000000,0.00,0,2,4,25,17,20,26,13,24,55,97,12,0,0,0,0,0,0,0.0005,0.0219,0.0451,0.0010,0.0035,0.0043,3.9130,0.0201,0.0000,0.4121,0.0008,0.0006,0.1665,0.0011,0.0010,0.0009
2999,38.1245,0.0000,11.9274,5.4093,,true,0,0.008333,0.0000,0.0000,1.00,0.00,0.0000,22,1,295,295,0,0,100,1,11,11,0,246528,0,295,0,0,899444736,0.000000,0.000000,0.000000,0.00,0,2,4,25,17,20,26,13,24,55,97,12,0,0,0,0,0,0,0.0005,0.0213,0.0429,0.0010,0.0057,0.0063,5.4093,0.0187,0.0000,0.5341,0.0007,0.0003,0.2014,0.0028,0.0013,0.0010
3000,38.1429,0.0000,16.2323,7.1897,,true,0,0.008333,0.0000,0.0000,1.00,0.00,0.0000,22,1,295,295,0,0,100,1,11,11,0,246528,0,295,0,0,899444736,0.000000,0.000000,0.000000,0.00,0,2,4,25,17,20,26,13,24,55,97,12,0,0,0,0,0,0,0.0005,0.0254,0.0599,0.0010,0.0037,0.0072,7.1897,0.0189,0.0000,0.4637,0.0006,0.0006,0.1848,0.0011,0.0010,0.0007
3001,38.1549,0.0000,13.2617,5.8684,,true,0,0.008333,0.0000,0.0000,1.00,0.00,0.0000,22,1,295,295,0,0,100,1,11,11,0,246528,0,295,0,0,899444736,0.000000,0.000000,0.000000,0.00,0,2,4,25,17,20,26,13,24,55,97,12,0,0,0,0,0,0,0.0012,0.0342,0.0497,0.0007,0.0038,0.0129,5.8684,0.0226,0.0000,0.4812,0.0004,0.0003,0.1841,0.0019,0.0009,0.0005
3002,38.1627,0.0000,10.7985,3.4617,,true,0,0.008333,0.0000,0.0000,1.00,0.00,0.0000,22,1,295,295,0,0,100,1,11,11,0,246528,0,295,0,0,899444736,0.000000,0.000000,0.000000,0.00,0,2,4,25,17,20,26,13,24,55,97,12,0,0,0,0,0,0,0.0002,0.0200,0.0330,0.0009,0.0021,0.0054,3.4617,0.0180,0.0000,0.3887,0.0005,0.0006,0.1433,0.0016,0.0008,0.0011
3003,38.1764,0.0000,13.6855,3.3854,,true,0,0.008333,0.0000,0.0000,1.00,0.00,0.0000,22,1,295,295,0,0,100,1,11,11,0,246528,0,295,0,0,899444736,0.000000,0.000000,0.000000,0.00,0,2,4,25,17,20,26,13,24,55,97,12,0,0,0,0,0,0,0.0003,0.0158,0.0334,0.0009,0.0039,0.0064,3.3854,0.0188,0.0000,0.3593,0.0006,0.0007,0.1364,0.0014,0.0011,0.0005
3004,38.1876,0.0000,10.9520,3.6293,,true,0,0.008333,0.0000,0.0000,1.00,0.00,0.0000,22,1,295,295,0,0,100,1,11,11,0,246528,0,295,0,0,899444736,0.000000,0.000000,0.000000,0.00,0,2,4,25,17,20,26,13,24,55,97,12,0,0,0,0,0,0,0.0005,0.0234,0.0428,0.0008,0.0043,0.0049,3.6293,0.0190,0.0000,0.3670,0.0007,0.0004,0.1355,0.0020,0.0011,0.0006
3005,38.2028,0.0000,12.4528,6.3565,,true,0,0.008333,0.0000,0.0000,1.00,0.00,0.0000,22,1,295,295,0,0,100,1,11,11,0,246528,0,295,0,0,899444736,0.000000,0.000000,0.000000,0.00,0,2,4,25,17,20,26,13,24,55,97,12,0,0,0,0,0,0,0.0004,0.0232,0.0616,0.0010,0.0047,0.0072,6.3565,0.0363,0.0000,0.6693,0.0007,0.0012,0.3033,0.0037,0.0017,0.0012
3006,38.2153,0.0000,13.9302,4.6173,,true,0,0.008333,0.0000,0.0000,1.00,0.00,0.0000,22,1,295,295,0,0,100,1,11,11,0,246528,0,295,0,0,899444736,0.000000,0.000000,0.000000,0.00,0,2,4,25,17,20,26,13,24,55,97,12,0,0,0,0,0,0,0.0005,0.0297,0.0583,0.0009,0.0040,0.0076,4.6173,0.0253,0.0000,0.4030,0.0006,0.0006,0.1495,0.0015,0.0018,0.0008
3007,38.2301,0.0000,14.8567,4.3156,,true,0,0.008333,0.0000,0.0000,1.00,0.00,0.0000,22,1,295,295,0,0,100,1,11,11,0,246528,0,295,0,0,899444736,0.000000,0.000000,0.000000,0.00,0,2,4,25,17,20,26,13,24,55,97,12,0,0,0,0,0,0,0.0005,0.0187,0.0346,0.0009,0.0032,0.0052,4.3156,0.0161,0.0000,0.3765,0.0004,0.0006,0.1412,0.0020,0.0010,0.0008
3008,38.2434,0.0000,12.4434,5.2613,,true,0,0.008333,0.0000,0.0000,1.00,0.00,0.0000,22,1,295,295,0,0,100,1,11,11,0,246528,0,295,0,0,899444736,0.000000,0.000000,0.000000,0.00,0,2,4,25,17,20,26,13,24,55,97,12,0,0,0,0,0,0,0.0006,0.0294,0.0502,0.0019,0.0042,0.0068,5.2613,0.0228,0.0000,0.4281,0.0006,0.0003,0.1502,0.0013,0.0013,0.0010
3009,38.2550,0.0000,13.5287,3.6734,,true,0,0.008333,0.0000,0.0000,1.00,0.00,0.0000,22,1,295,295,0,0,100,1,11,11,0,246528,0,295,0,0,899444736,0.000000,0.000000,0.000000,0.00,0,2,4,25,17,20,26,13,24,55,97,12,0,0,0,0,0,0,0.0008,0.0214,0.0380,0.0009,0.0036,0.0062,3.6734,0.0182,0.0000,0.3999,0.0010,0.0008,0.1408,0.0013,0.0006,0.0007
3010,38.2705,0.0000,13.6029,5.4571,,true,0,0.008333,0.0000,0.0000,1.00,0.00,0.0000,22,1,295,295,0,0,100,1,11,11,0,246528,0,295,0,0,899444736,0.000000,0.000000,0.000000,0.00,0,2,4,25,17,20,26,13,24,55,97,12,0,0,0,0,0,0,0.0003,0.0220,0.0567,0.0012,0.0038,0.0034,5.4571,0.0201,0.0000,0.4854,0.0005,0.0006,0.1736,0.0012,0.0017,0.0006
3011,38.2817,0.0000,11.9406,4.9046,,true,0,0.008333,0.0000,0.0000,1.00,0.00,0.0000,22,1,295,295,0,0,100,1,11,11,0,246528,0,295,0,0,899444736,0.000000,0.000000,0.000000,0.00,0,2,4,25,17,20,26,13,24,55,97,12,0,0,0,0,0,0,0.0006,0.0279,0.0397,0.0021,0.0070,0.0074,4.9046,0.0186,0.0000,0.4041,0.0006,0.0006,0.1488,0.0017,0.0014,0.0009
3012,38.2964,0.0000,14.3323,4.9307,,true,0,0.008333,0.0000,0.0000,1.00,0.00,0.0000,22,1,295,295,0,0,100,1,11,11,0,246528,0,295,0,0,899444736,0.000000,0.000000,0.000000,0.00,0,2,4,25,17,20,26,13,24,55,97,12,0,0,0,0,0,0,0.0007,0.0192,0.0424,0.0009,0.0063,0.0064,4.9307,0.0169,0.0000,1.1184,0.0003,0.0007,0.1265,0.0014,0.0009,0.0010
3013,38.3109,0.0000,13.7762,5.5304,,true,0,0.008333,0.0000,0.0000,1.00,0.00,0.0000,22,1,295,295,0,0,100,1,11,11,0,246528,0,295,0,0,899444736,0.000000,0.000000,0.000000,0.00,0,2,4,25,17,20,26,13,24,55,97,12,0,0,0,0,0,0,0.0007,0.0301,0.0317,0.0049,0.0067,0.0077,5.5304,0.0165,0.0000,0.3278,0.0007,0.0003,0.1119,0.0017,0.0012,0.0005
3014,38.3244,0.0000,14.0490,5.4110,,true,0,0.008333,0.0000,0.0000,1.00,0.00,0.0000,22,1,295,295,0,0,100,1,11,11,0,246528,0,295,0,0,899444736,0.000000,0.000000,0.000000,0.00,0,2,4,25,17,20,26,13,24,55,97,12,0,0,0,0,0,0,0.0008,0.0223,0.0317,0.0011,0.0034,0.0055,5.4110,0.0190,0.0000,0.3232,0.0005,0.0004,0.1203,0.0014,0.0009,0.0005
3015,38.3403,0.0000,12.3825,8.2026,,true,0,0.008333,0.0000,0.0000,1.00,0.00,0.0000,22,1,295,295,0,0,100,1,11,11,0,246528,0,295,0,0,899444736,0.000000,0.000000,0.000000,0.00,0,2,4,25,17,20,26,13,24,55,97,12,0,0,0,0,0,0,0.0009,0.0371,0.0776,0.0024,0.0047,0.0101,8.2026,0.0467,0.0000,0.4261,0.0002,0.0002,0.2081,0.0008,0.0006,0.0005
3016,38.3637,0.0000,20.3486,10.2532,,true,0,0.008333,0.0000,0.0000,1.00,0.00,0.0000,22,1,295,295,0,0,100,1,11,11,0,246528,0,295,0,0,899444736,0.000000,0.000000,0.000000,0.00,0,2,4,25,17,20,26,13,24,55,97,12,0,0,0,0,0,0,0.0012,0.0962,0.0585,0.0087,0.0068,0.0267,10.2532,0.0295,0.0000,0.5488,0.0007,0.0014,0.1706,0.0022,0.0011,0.0010
3017,38.3784,0.0000,16.6646,9.7221,,true,0,0.008333,0.0000,0.0000,1.00,0.00,0.0000,22,1,295,295,0,0,100,1,11,11,0,246528,0,295,0,0,899444736,0.000000,0.000000,0.000000,0.00,0,2,4,25,17,20,26,13,24,55,97,12,0,0,0,0,0,0,0.0002,0.0154,0.0659,0.0012,0.0020,0.0023,9.7221,0.0236,0.0000,5.7410,0.0006,0.1383,0.1987,0.0037,0.0014,5.1490
3018,38.3854,0.0000,8.4349,5.7026,,true,0,0.008333,0.0000,0.0000,1.00,0.00,0.0000,22,1,295,295,0,0,100,1,11,11,0,246528,0,295,0,0,899444736,0.000000,0.000000,0.000000,0.00,0,2,4,25,17,20,26,13,24,55,97,12,0,0,0,0,0,0,0.0008,0.0284,0.0730,0.0040,0.0063,0.0072,5.7026,0.0488,0.0000,0.4742,0.0010,0.0005,0.1817,0.0016,0.0011,0.0007
3019,38.3938,0.0000,12.6297,4.1971,,true,0,0.008333,0.0000,0.0000,1.00,0.00,0.0000,22,1,295,295,0,0,100,1,11,11,0,246528,0,295,0,0,899444736,0.000000,0.000000,0.000000,0.00,0,2,4,25,17,20,26,13,24,55,97,12,0,0,0,0,0,0,0.0005,0.0196,0.0768,0.0011,0.0039,0.0044,4.1971,0.0166,0.0000,0.4029,0.0009,0.0009,0.1516,0.0013,0.0012,0.0008
3020,38.4062,0.0000,12.8140,3.9400,,true,0,0.008333,0.0000,0.0000,1.00,0.00,0.0000,22,1,295,295,0,0,100,1,11,11,0,246528,0,295,0,0,899444736,0.000000,0.000000,0.000000,0.00,0,2,4,25,17,20,26,13,24,55,97,12,0,0,0,0,0,0,0.0006,0.0269,0.0577,0.0008,0.0028,0.0062,3.9400,0.0200,0.0000,0.4688,0.0003,0.0009,0.1769,0.0016,0.0012,0.0008
3021,38.4215,0.0000,13.1903,5.5698,,true,0,0.008333,0.0000,0.0000,1.00,0.00,0.0000,22,1,295,295,0,0,100,1,11,11,0,246528,0,295,0,0,899444736,0.000000,0.000000,0.000000,0.00,0,2,4,25,17,20,26,13,24,55,97,12,0,0,0,0,0,0,0.0013,0.0311,0.0621,0.0007,0.0066,0.0107,5.5698,0.0274,0.0000,0.4887,0.0006,0.0010,0.1741,0.0024,0.0011,0.0014
3022,38.4337,0.0000,13.6529,4.1688,,true,0,0.008333,0.0000,0.0000,1.00,0.00,0.0000,22,1,295,295,0,0,100,1,11,11,0,246528,0,295,0,0,899444736,0.000000,0.000000,0.000000,0.00,0,2,4,25,17,20,26,13,24,55,97,12,0,0,0,0,0,0,0.0003,0.0232,0.0461,0.0008,0.0035,0.0079,4.1688,0.0212,0.0000,0.4093,0.0006,0.0005,0.1182,0.0021,0.0010,0.0007
3023,38.4465,0.0000,12.3546,4.7073,,true,0,0.008333,0.0000,0.0000,1.00,0.00,0.0000,22,1,295,295,0,0,100,1,11,11,0,246528,0,295,0,0,899444736,0.000000,0.000000,0.000000,0.00,0,2,4,25,17,20,26,13,24,55,97,12,0,0,0,0,0,0,0.0007,0.0234,0.0364,0.0011,0.0049,0.0074,4.7073,0.0198,0.0000,0.3534,0.0007,0.0004,0.1478,0.0013,0.0006,0.0010
3024,38.4628,0.0000,15.5083,5.7475,,true,0,0.008333,0.0000,0.0000,1.00,0.00,0.0000,22,1,295,295,0,0,100,1,11,11,0,246528,0,295,0,0,899444736,0.000000,0.000000,0.000000,0.00,0,2,4,25,17,20,26,13,24,55,97,12,0,0,0,0,0,0,0.0007,0.0419,0.0371,0.0031,0.0048,0.0058,5.7475,0.0172,0.0000,0.4149,0.0006,0.0006,0.1354,0.0020,0.0011,0.0010
3025,38.4752,0.0000,12.9000,5.1629,,true,0,0.008333,0.0000,0.0000,1.00,0.00,0.0000,22,1,295,295,0,0,100,1,11,11,0,246528,0,295,0,0,899444736,0.000000,0.000000,0.000000,0.00,0,2,4,25,17,20,26,13,24,55,97,12,0,0,0,0,0,0,0.0004,0.0198,0.0595,0.0012,0.0037,0.0083,5.1629,0.0235,0.0000,0.4483,0.0005,0.0006,0.1814,0.0014,0.0012,0.0012
3026,38.4893,0.0000,14.0180,5.1805,,true,0,0.008333,0.0000,0.0000,1.00,0.00,0.0000,22,1,295,295,0,0,100,1,11,11,0,246528,0,295,0,0,899444736,0.000000,0.000000,0.000000,0.00,0,2,4,25,17,20,26,13,24,55,97,12,0,0,0,0,0,0,0.0010,0.0244,0.0462,0.0024,0.0051,0.0090,5.1805,0.0197,0.0000,0.4169,0.0006,0.0008,0.1402,0.0012,0.0008,0.0007
3027,38.5035,0.0000,13.7291,5.7826,,true,0,0.008333,0.0000,0.0000,1.00,0.00,0.0000,22,1,295,295,0,0,100,1,11,11,0,246528,0,295,0,0,899444736,0.000000,0.000000,0.000000,0.00,0,2,4,25,17,20,26,13,24,55,97,12,0,0,0,0,0,0,0.0006,0.0203,0.0360,0.0011,0.0031,0.0044,5.7826,0.0156,0.0000,0.3486,0.0003,0.0005,0.1303,0.0010,0.0008,0.0006
3028,38.5190,0.0000,12.3363,7.3372,,true,0,0.008333,0.0000,0.0000,1.00,0.00,0.0000,22,1,295,295,0,0,100,1,11,11,0,246528,0,295,0,0,899444736,0.000000,0.000000,0.000000,0.00,0,2,4,25,17,20,26,13,24,55,97,12,0,0,0,0,0,0,0.0004,0.0260,0.0521,0.0027,0.0086,0.0100,7.3372,0.0359,0.0000,0.4524,0.0007,0.0008,0.1903,0.0015,0.0009,0.0007
3029,38.5298,0.0000,14.8560,4.7238,,true,0,0.008333,0.0000,0.0000,1.00,0.00,0.0000,22,1,295,295,0,0,100,1,11,11,0,246528,0,295,0,0,899444736,0.000000,0.000000,0.000000,0.00,0,2,4,25,17,20,26,13,24,55,97,12,0,0,0,0,0,0,0.0005,0.0177,0.0296,0.0013,0.0033,0.0086,4.7238,0.0151,0.0000,0.3598,0.0006,0.0002,0.1459,0.0030,0.0013,0.0007
3030,38.5420,0.0000,12.3263,4.7933,,true,0,0.008333,0.0000,0.0000,1.00,0.00,0.0000,22,1,295,295,0,0,100,1,11,11,0,246528,0,295,0,0,899444736,0.000000,0.000000,0.000000,0.00,0,2,4,25,17,20,26,13,24,55,97,12,0,0,0,0,0,0,0.0005,0.0338,0.0717,0.0013,0.0046,0.0067,4.7933,0.0230,0.0000,0.5369,0.0005,0.0004,0.1878,0.0024,0.0014,0.0009
3031,38.5602,0.0000,15.7668,7.1003,,true,0,0.008333,0.0000,0.0000,1.00,0.00,0.0000,22,1,295,295,0,0,100,1,11,11,0,246528,0,295,0,0,899444736,0.000000,0.000000,0.000000,0.00,0,2,4,25,17,20,26,13,24,55,97,12,0,0,0,0,0,0,0.0008,0.0293,0.0409,0.0011,0.0040,0.0055,7.1003,0.0137,0.0000,0.4354,0.0008,0.0006,0.1695,0.0013,0.0009,0.0005
3032,38.5694,0.0000,11.7341,4.6485,,true,0,0.008333,0.0000,0.0000,1.00,0.00,0.0000,22,1,295,295,0,0,100,1,11,11,0,246528,0,295,0,0,899444736,0.000000,0.000000,0.000000,0.00,0,2,4,25,17,20,26,13,24,55,97,12,0,0,0,0,0,0,0.0006,0.0325,0.0462,0.0010,0.0041,0.0071,4.6485,0.0266,0.0000,0.3709,0.0005,0.0005,0.1404,0.0018,0.0007,0.0006
3033,38.5858,0.0000,14.8485,5.9411,,true,0,0.008333,0.0000,0.0000,1.00,0.00,0.0000,22,1,295,295,0,0,100,1,11,11,0,246528,0,295,0,0,899444736,0.000000,0.000000,0.000000,0.00,0,2,4,25,17,20,26,13,24,55,97,12,0,0,0,0,0,0,0.0012,0.0438,0.0379,0.0012,0.0042,0.0129,5.9411,0.0166,0.0000,0.3986,0.0009,0.0003,0.1594,0.0019,0.0012,0.0006
3034,38.5983,0.0000,13.1336,5.3396,,true,0,0.008333,0.0000,0.0000,1.00,0.00,0.0000,22,1,295,295,0,0,100,1,11,11,0,246528,0,295,0,0,899444736,0.000000,0.000000,0.000000,0.00,0,2,4,25,17,20,26,13,24,55,97,12,0,0,0,0,0,0,0.0008,0.0335,0.0485,0.0016,0.0043,0.0073,5.3396,0.0312,0.0000,0.4723,0.0009,0.0014,0.1378,0.0037,0.0019,0.0005
3035,38.6104,0.0000,12.8565,4.8814,,true,0,0.008333,0.0000,0.0000,1.00,0.00,0.0000,22,1,295,295,0,0,100,1,11,11,0,246528,0,295,0,0,899444736,0.000000,0.000000,0.000000,0.00,0,2,4,25,17,20,26,13,24,55,97,12,0,0,0,0,0,0,0.0010,0.0219,0.0416,0.0011,0.0049,0.0060,4.8814,0.0368,0.0000,0.3659,0.0005,0.0008,0.1172,0.0014,0.0009,0.0007
3036,38.6234,0.0000,13.8987,3.9216,,true,0,0.008333,0.0000,0.0000,1.00,0.00,0.0000,22,1,295,295,0,0,100,1,11,11,0,246528,0,295,0,0,899444736,0.000000,0.000000,0.000000,0.00,0,2,4,25,17,20,26,13,24,55,97,12,0,0,0,0,0,0,0.0004,0.0225,0.0403,0.0020,0.0041,0.0100,3.9216,0.0194,0.0000,0.3782,0.0002,0.0008,0.1363,0.0015,0.0009,0.0007
3037,38.6353,0.0000,12.1050,3.7252,,true,0,0.008333,0.0000,0.0000,1.00,0.00,0.0000,22,1,295,295,0,0,100,1,11,11,0,246528,0,295,0,0,899444736,0.000000,0.000000,0.000000,0.00,0,2,4,25,17,20,26,13,24,55,97,12,0,0,0,0,0,0,0.0007,0.0294,0.0478,0.0015,0.0036,0.0065,3.7252,0.0170,0.0000,0.5016,0.0006,0.0005,0.1731,0.0018,0.0014,0.0008
3038,38.6500,0.0000,13.7454,4.2647,,true,0,0.008333,0.0000,0.0000,1.00,0.00,0.0000,22,1,295,295,0,0,100,1,11,11,0,246528,0,295,0,0,899444736,0.000000,0.000000,0.000000,0.00,0,2,4,25,17,20,26,13,24,55,97,12,0,0,0,0,0,0,0.0007,0.0195,0.0406,0.0012,0.0044,0.0140,4.2647,0.0170,0.0000,0.4061,0.0007,0.0007,0.1545,0.0019,0.0010,0.0011
3039,38.6629,0.0000,14.0885,3.6168,,true,0,0.008333,0.0000,0.0000,1.00,0.00,0.0000,22,1,295,295,0,0,100,1,11,11,0,246528,0,295,0,0,899444736,0.000000,0.000000,0.000000,0.00,0,2,4,25,17,20,26,13,24,55,97,12,0,0,0,0,0,0,0.0005,0.0218,0.0417,0.0008,0.0034,0.0064,3.6168,0.0161,0.0000,0.3785,0.0008,0.0007,0.1305,0.0017,0.0010,0.0011
3040,38.6736,0.0000,10.9247,3.4536,,true,0,0.008333,0.0000,0.0000,1.00,0.00,0.0000,22,1,295,295,0,0,100,1,11,11,0,246528,0,295,0,0,899444736,0.000000,0.000000,0.000000,0.00,0,2,4,25,17,20,26,13,24,55,97,12,0,0,0,0,0,0,0.0001,0.0294,0.0484,0.0011,0.0032,0.0056,3.4536,0.0172,0.0000,0.3833,0.0004,0.0011,0.1406,0.0025,0.0020,0.0010
3041,38.6880,0.0000,12.9589,4.6698,,true,0,0.008333,0.0000,0.0000,1.00,0.00,0.0000,22,1,295,295,0,0,100,1,11,11,0,246528,0,295,0,0,899444736,0.000000,0.000000,0.000000,0.00,0,2,4,25,17,20,26,13,24,55,97,12,0,0,0,0,0,0,0.0008,0.0512,0.0491,0.0009,0.0036,0.0097,4.6698,0.0226,0.0000,0.4434,0.0010,0.0012,0.1630,0.0023,0.0013,0.0011
3042,38.7030,0.0000,14.0350,5.5782,,true,0,0.008333,0.0000,0.0000,1.00,0.00,0.0000,22,1,295,295,0,0,100,1,11,11,0,246528,0,295,0,0,899444736,0.000000,0.000000,0.000000,0.00,0,2,4,25,17,20,26,13,24,55,97,12,0,0,0,0,0,0,0.0002,0.0198,0.0389,0.0010,0.0034,0.0046,5.5782,0.0234,0.0000,0.3611,0.0004,0.0006,0.1226,0.0011,0.0008,0.0006
3043,38.7137,0.0000,12.2675,4.1103,,true,0,0.008333,0.0000,0.0000,1.00,0.00,0.0000,22,1,295,295,0,0,100,1,11,11,0,246528,0,295,0,0,899444736,0.000000,0.000000,0.000000,0.00,0,2,4,25,17,20,26,13,24,55,97,12,0,0,0,0,0,0,0.0005,0.0210,0.0355,0.0022,0.0035,0.0046,4.1103,0.0179,0.0000,0.3739,0.0008,0.0004,0.1330,0.0013,0.0008,0.0009
3044,38.7269,0.0000,13.1619,4.0292,,true,0,0.008333,0.0000,0.0000,1.00,0.00,0.0000,22,1,295,295,0,0,100,1,11,11,0,246528,0,295,0,0,899444736,0.000000,0.000000,0.000000,0.00,0,2,4,25,17,20,26,13,24,55,97,12,0,0,0,0,0,0,0.0008,0.0226,0.0403,0.0007,0.0032,0.0071,4.0292,0.0187,0.0000,0.3749,0.0003,0.0002,0.1442,0.0011,0.0006,0.0004
3045,38.7432,0.0000,15.4816,4.5352,,true,0,0.008333,0.0000,0.0000,1.00,0.00,0.0000,22,1,295,295,0,0,100,1,11,11,0,246528,0,295,0,0,899444736,0.000000,0.000000,0.000000,0.00,0,2,4,25,17,20,26,13,24,55,97,12,0,0,0,0,0,0,0.0008,0.0269,0.0474,0.0013,0.0068,0.0092,4.5352,0.0215,0.0000,0.4096,0.0006,0.0007,0.1577,0.0018,0.0012,0.0010
3046,38.7552,0.0000,11.8838,3.9564,,true,0,0.008333,0.0000,0.0000,1.00,0.00,0.0000,22,1,295,295,0,0,100,1,11,11,0,246528,0,295,0,0,899444736,0.000000,0.000000,0.000000,0.00,0,2,4,25,17,20,26,13,24,55,97,12,0,0,0,0,0,0,0.0006,0.0231,0.0373,0.0011,0.0038,0.0061,3.9564,0.0191,0.0000,0.3969,0.0007,0.0006,0.1380,0.0015,0.0009,0.0008
3047,38.7705,0.0000,16.5217,3.9921,,true,0,0.008333,0.0000,0.0000,1.00,0.00,0.0000,22,1,295,295,0,0,100,1,11,11,0,246528,0,295,0,0,899444736,0.000000,0.000000,0.000000,0.00,0,2,4,25,17,20,26,13,24,55,97,12,0,0,0,0,0,0,0.0007,0.0171,0.0384,0.0007,0.0036,0.0042,3.9921,0.0104,0.0000,0.3799,0.0002,0.0007,0.1260,0.0015,0.0010,0.0005
3048,38.7807,0.0000,10.4445,3.6927,,true,0,0.008333,0.0000,0.0000,1.00,0.00,0.0000,22,1,295,295,0,0,100,1,11,11,0,246528,0,295,0,0,899444736,0.000000,0.000000,0.000000,0.00,0,2,4,25,17,20,26,13,24,55,97,12,0,0,0,0,0,0,0.0004,0.0224,0.0374,0.0010,0.0038,0.0056,3.6927,0.0167,0.0000,0.3671,0.0005,0.0005,0.1223,0.0013,0.0009,0.0011
3049,38.7920,0.0000,11.4735,3.9055,,true,0,0.008333,0.0000,0.0000,1.00,0.00,0.0000,22,1,295,295,0,0,100,1,11,11,0,246528,0,295,0,0,899444736,0.000000,0.000000,0.000000,0.00,0,2,4,25,17,20,26,13,24,55,97,12,0,0,0,0,0,0,0.0012,0.0183,0.0348,0.0012,0.0030,0.0069,3.9055,0.0169,0.0000,0.3963,0.0004,0.0006,0.1362,0.0017,0.0004,0.0005
3050,38.8053,0.0000,13.7269,3.2712,,true,0,0.008333,0.0000,0.0000,1.00,0.00,0.0000,22,1,295,295,0,0,100,1,11,11,0,246528,0,295,0,0,899444736,0.000000,0.000000,0.000000,0.00,0,2,4,25,17,20,26,13,24,55,97,12,0,0,0,0,0,0,0.0013,0.0210,0.0372,0.0009,0.0031,0.0064,3.2712,0.0186,0.0000,0.3585,0.0003,0.0004,0.1383,0.0013,0.0013,0.0009
3051,38.8181,0.0000,13.3214,3.0213,,true,0,0.008333,0.0000,0.0000,1.00,0.00,0.0000,22,1,295,295,0,0,100,1,11,11,0,246528,0,295,0,0,899444736,0.000000,0.000000,0.000000,0.00,0,2,4,25,17,20,26,13,24,55,97,12,0,0,0,0,0,0,0.0004,0.0162,0.0346,0.0004,0.0029,0.0047,3.0213,0.0155,0.0000,0.3517,0.0004,0.0004,0.1290,0.0021,0.0005,0.0007
3052,38.8320,0.0000,13.4562,3.4756,,true,0,0.008333,0.0000,0.0000,1.00,0.00,0.0000,22,1,295,295,0,0,100,1,11,11,0,246528,0,295,0,0,899444736,0.000000,0.000000,0.000000,0.00,0,2,4,25,17,20,26,13,24,55,97,12,0,0,0,0,0,0,0.0006,0.0210,0.0374,0.0007,0.0035,0.0050,3.4756,0.0270,0.0000,0.3554,0.0005,0.0007,0.1389,0.0012,0.0008,0.0009
3053,38.8459,0.0000,13.5570,3.6702,,true,0,0.008333,0.0000,0.0000,1.00,0.00,0.0000,22,1,295,295,0,0,100,1,11,11,0,246528,0,295,0,0,899444736,0.000000,0.000000,0.000000,0.00,0,2,4,25,17,20,26,13,24,55,97,12,0,0,0,0,0,0,0.0004,0.0192,0.0377,0.0008,0.0027,0.0076,3.6702,0.0196,0.0000,0.3810,0.0003,0.0005,0.1420,0.0015,0.0010,0.0008
3054,38.8615,0.0000,13.9101,5.0128,,true,0,0.008333,0.0000,0.0000,1.00,0.00,0.0000,22,1,295,295,0,0,100,1,11,11,0,246528,0,295,0,0,899444736,0.000000,0.000000,0.000000,0.00,0,2,4,25,17,20,26,13,24,55,97,12,0,0,0,0,0,0,0.0006,0.0355,0.0666,0.0010,0.0039,0.0085,5.0128,0.0548,0.0000,0.4503,0.0006,0.0006,0.1831,0.0026,0.0011,0.0009
3055,38.8758,0.0000,14.3025,5.1464,,true,0,0.008333,0.0000,0.0000,1.00,0.00,0.0000,22,1,295,295,0,0,100,1,11,11,0,246528,0,295,0,0,899444736,0.000000,0.000000,0.000000,0.00,0,2,4,25,17,20,26,13,24,55,97,12,0,0,0,0,0,0,0.0007,0.0256,0.0979,0.0014,0.0044,0.0068,5.1464,0.0231,0.0000,0.5640,0.0005,0.0011,0.2588,0.0019,0.0013,0.0008
3056,38.8935,0.0000,17.1280,5.0977,,true,0,0.008333,0.0000,0.0000,1.00,0.00,0.0000,22,1,295,295,0,0,100,1,11,11,0,246528,0,295,0,0,899444736,0.000000,0.000000,0.000000,0.00,0,2,4,25,17,20,26,13,24,55,97,12,0,0,0,0,0,0,0.0019,0.0382,0.0502,0.0008,0.0036,0.0112,5.0977,0.0448,0.0000,0.5698,0.0006,0.0009,0.2442,0.0028,0.0018,0.0008
3057,38.9066,0.0000,13.5037,5.1622,,true,0,0.008333,0.0000,0.0000,1.00,0.00,0.0000,22,1,295,295,0,0,100,1,11,11,0,246528,0,295,0,0,899444736,0.000000,0.000000,0.000000,0.00,0,2,4,25,17,20,26,13,24,55,97,12,0,0,0,0,0,0,0.0005,0.0203,0.0458,0.0009,0.0046,0.0067,5.1622,0.0534,0.0000,0.4845,0.0007,0.0007,0.1939,0.0012,0.0017,0.0017
3058,38.9192,0.0000,14.3195,3.9138,,true,0,0.008333,0.0000,0.0000,1.00,0.00,0.0000,22,1,295,295,0,0,100,1,11,11,0,246528,0,295,0,0,899444736,0.000000,0.000000,0.000000,0.00,0,2,4,25,17,20,26,13,24,55,97,12,0,0,0,0,0,0,0.0003,0.0191,0.0375,0.0008,0.0032,0.0045,3.9138,0.0178,0.0000,0.4416,0.0004,0.0003,0.2071,0.0019,0.0008,0.0005
3059,38.9460,0.0000,20.5928,7.9289,,true,0,0.008333,0.0000,0.0000,1.00,0.00,0.0000,22,1,295,295,0,0,100,1,11,11,0,246528,0,295,0,0,899444736,0.000000,0.000000,0.000000,0.00,0,2,4,25,17,20,26,13,24,55,97,12,0,0,0,0,0,0,0.0022,0.1706,0.0662,0.0055,0.0117,0.0229,7.9289,0.0394,0.0000,0.7366,0.0012,0.0015,0.1992,0.0026,0.0049,0.0012
3060,38.9627,0.0000,14.1259,11.3839,,true,0,0.008333,0.0000,0.0000,1.00,0.00,0.0000,22,1,295,295,0,0,100,1,11,11,0,246528,0,295,0,0,899444736,0.000000,0.000000,0.000000,0.00,0,2,4,25,17,20,26,13,24,55,97,12,0,0,0,0,0,0,0.0008,0.0532,0.0507,0.0037,0.0086,0.0143,11.3839,0.0251,0.0000,0.5643,0.0008,0.0006,0.2225,0.0019,0.0018,0.0005
3061,38.9821,0.0000,19.4775,11.9445,,true,0,0.008333,0.0000,0.0000,1.00,0.00,0.0000,22,1,295,295,0,0,100,1,11,11,0,246528,0,295,0,0,899444736,0.000000,0.000000,0.000000,0.00,0,2,4,25,17,20,26,13,24,55,97,12,0,0,0,0,0,0,0.0012,0.0630,0.1506,0.0025,0.0057,0.0126,11.9445,0.1241,0.0000,0.3902,0.0005,0.0005,0.1076,0.0012,0.0011,0.0006
3062,38.9987,0.0000,17.0334,10.3729,,true,0,0.008333,0.0000,0.0000,1.00,0.00,0.0000,22,1,295,295,0,0,100,1,11,11,0,246528,0,295,0,0,899444736,0.000000,0.000000,0.000000,0.00,0,2,4,25,17,20,26,13,24,55,97,12,0,0,0,0,0,0,0.0015,0.0718,0.1103,0.0072,0.0196,0.0168,10.3729,0.0370,0.0000,0.7245,0.0023,0.0030,0.2281,0.0028,0.0042,0.0038
3063,39.0181,0.0000,17.0240,13.1580,,true,0,0.008333,0.0000,0.0000,1.00,0.00,0.0000,22,1,295,295,0,0,100,1,11,11,0,246528,0,295,0,0,899444736,0.000000,0.000000,0.000000,0.00,0,2,4,25,17,20,26,13,24,55,97,12,0,0,0,0,0,0,0.0016,0.0350,0.1188,0.0027,0.0061,0.0124,13.1580,0.0572,0.0000,0.6699,0.0010,0.0013,0.2999,0.0021,0.0024,0.0010
3064,39.0360,0.0000,20.3984,11.2015,,true,0,0.008333,0.0000,0.0000,1.00,0.00,0.0000,22,1,295,295,0,0,100,1,11,11,0,246528,0,295,0,0,899444736,0.000000,0.000000,0.000000,0.00,0,2,4,25,17,20,26,13,24,55,97,12,0,0,0,0,0,0,0.0004,0.0208,0.1337,0.0007,0.0019,0.0034,11.2015,0.0496,0.0000,1.0759,0.0002,0.0004,0.3682,0.0007,0.0005,0.0002
3065,39.0592,0.0000,18.5463,16.3730,,true,0,0.008333,0.0000,0.0000,1.00,0.00,0.0000,22,1,295,295,0,0,100,1,11,11,0,246528,0,295,0,0,899444736,0.000000,0.000000,0.000000,0.00,0,2,4,25,17,20,26,13,24,55,97,12,0,0,0,0,0,0,0.0011,0.0351,0.0926,0.0024,0.0081,0.0123,16.3730,0.0508,0.0000,0.9066,0.0009,0.0017,0.2991,0.0054,0.0017,0.0018
3066,39.0817,0.0000,25.3042,12.5635,,true,0,0.008333,0.0000,0.0000,1.00,0.00,0.0000,22,1,295,295,0,0,100,1,11,11,0,246528,0,295,0,0,899444736,0.000000,0.000000,0.000000,0.00,0,2,4,25,17,20,26,13,24,55,97,12,0,0,0,0,0,0,0.0012,0.0445,0.0585,0.0034,0.0078,0.0142,12.5635,0.0269,0.0000,0.7102,0.0006,0.0015,0.1728,0.0050,0.0024,0.0015
3067,39.1010,0.0000,20.3365,10.4577,,true,0,0.008333,0.0000,0.0000,1.00,0.00,0.0000,22,1,295,295,0,0,100,1,11,11,0,246528,0,295,0,0,899444736,0.000000,0.000000,0.000000,0.00,0,2,4,25,17,20,26,13,24,55,97,12,0,0,0,0,0,0,0.0031,0.0435,0.0505,0.0032,0.0111,0.0178,10.4577,0.0272,0.0000,0.5103,0.0008,0.0011,0.1800,0.0036,0.0013,0.0015
3068,39.1176,0.0000,17.3288,10.2256,,true,0,0.008333,0.0000,0.0000,1.00,0.00,0.0000,22,1,295,295,0,0,100,1,11,11,0,246528,0,295,0,0,899444736,0.000000,0.000000,0.000000,0.00,0,2,4,25,17,20,26,13,24,55,97,12,0,0,0,0,0,0,0.0015,0.0373,0.0674,0.0111,0.0090,0.0171,10.2256,0.0270,0.0000,0.6249,0.0010,0.0013,0.2418,0.0028,0.0034,0.0019
3069,39.1378,0.0000,17.8418,12.8338,,true,0,0.008333,0.0000,0.0000,1.00,0.00,0.0000,22,1,295,295,0,0,100,1,11,11,0,246528,0,295,0,0,899444736,0.000000,0.000000,0.000000,0.00,0,2,4,25,17,20,26,13,24,55,97,12,0,0,0,0,0,0,0.0007,0.0512,0.0389,0.0027,0.0130,0.0207,12.8338,0.0160,0.0000,8.3238,0.0104,0.1633,0.2489,0.0078,0.0161,7.4608
3070,39.1594,0.0000,17.3185,17.1289,,true,0,0.008333,0.0000,0.0000,1.00,0.00,0.0000,22,1,295,295,0,0,100,1,11,11,0,246528,0,295,0,0,899444736,0.000000,0.000000,0.000000,0.00,0,2,4,25,17,20,26,13,24,55,97,12,0,0,0,0,0,0,0.0018,0.0761,0.3739,0.0036,0.0099,0.0393,17.1289,0.0905,0.0000,0.7356,0.0008,0.0007,0.2936,0.0029,0.0018,0.0006
3071,39.1769,0.0000,22.5560,9.5551,,true,0,0.008333,0.0000,0.0000,1.00,0.00,0.0000,22,1,295,295,0,0,100,1,11,11,0,246528,0,295,0,0,899444736,0.000000,0.000000,0.000000,0.00,0,2,4,25,17,20,26,13,24,55,97,12,0,0,0,0,0,0,0.0022,0.0555,0.0728,0.0054,0.0086,0.0227,9.5551,0.0260,0.0000,0.6092,0.0006,0.0010,0.1800,0.0034,0.0020,0.0014
3072,39.1943,0.0000,18.3995,11.4475,,true,0,0.008333,0.0000,0.0000,1.00,0.00,0.0000,22,1,295,295,0,0,100,1,11,11,0,246528,0,295,0,0,899444736,0.000000,0.000000,0.000000,0.00,0,2,4,25,17,20,26,13,24,55,97,12,0,0,0,0,0,0,0.0002,0.0202,0.0875,0.0008,0.0024,0.0057,11.4475,0.0602,0.0000,0.4277,0.0003,0.0005,0.1786,0.0009,0.0006,0.0006
3073,39.2124,0.0000,17.9851,10.2753,,true,0,0.008333,0.0000,0.0000,1.00,0.00,0.0000,22,1,295,295,0,0,100,1,11,11,0,246528,0,295,0,0,899444736,0.000000,0.000000,0.000000,0.00,0,2,4,25,17,20,26,13,24,55,97,12,0,0,0,0,0,0,0.0025,0.0577,0.1169,0.0014,0.0142,0.0193,10.2753,0.0546,0.0000,1.0413,0.0008,0.0017,0.5671,0.0048,0.0021,0.0038
3074,39.2260,0.0000,15.4108,9.9480,,true,0,0.008333,0.0000,0.0000,1.00,0.00,0.0000,22,1,295,295,0,0,100,1,11,11,0,246528,0,295,0,0,899444736,0.000000,0.000000,0.000000,0.00,0,2,4,25,17,20,26,13,24,55,97,12,0,0,0,0,0,0,0.0007,0.0541,0.1353,0.0040,0.0091,0.0179,9.9480,0.0602,0.0000,0.7256,0.0011,0.0020,0.1997,0.0024,0.0042,0.0047
3075,39.2389,0.0000,15.5792,6.9075,,true,0,0.008333,0.0000,0.0000,1.00,0.00,0.0000,22,1,295,295,0,0,100,1,11,11,0,246528,0,295,0,0,899444736,0.000000,0.000000,0.000000,0.00,0,2,4,25,17,20,26,13,24,55,97,12,0,0,0,0,0,0,0.0002,0.0165,0.0892,0.0007,0.0023,0.0037,6.9075,0.0341,0.0000,0.4158,0.0004,0.0002,0.1393,0.0006,0.0009,0.0003
3076,39.2487,0.0000,10.7290,6.6192,,true,0,0.008333,0.0000,0.0000,1.00,0.00,0.0000,22,1,295,295,0,0,100,1,11,11,0,246528,0,295,0,0,899444736,0.000000,0.000000,0.000000,0.00,0,2,4,25,17,20,26,13,24,55,97,12,0,0,0,0,0,0,0.0007,0.0309,0.0602,0.0018,0.0056,0.0100,6.6192,0.0267,0.0000,1.0142,0.0030,0.0021,0.4290,0.0077,0.0057,0.0039
3077,39.2623,0.0000,11.7122,8.5390,,true,0,0.008333,0.0000,0.0000,1.00,0.00,0.0000,22,1,295,295,0,0,100,1,11,11,0,246528,0,295,0,0,899444736,0.000000,0.000000,0.000000,0.00,0,2,4,25,17,20,26,13,24,55,97,12,0,0,0,0,0,0,0.0006,0.0284,0.0956,0.0017,0.0041,0.0085,8.5390,0.0409,0.0000,0.4651,0.0007,0.0004,0.2025,0.0026,0.0014,0.0009
3078,39.2727,0.0000,13.0293,5.6589,,true,0,0.008333,0.0000,0.0000,1.00,0.00,0.0000,22,1,295,295,0,0,100,1,11,11,0,246528,0,295,0,0,899444736,0.000000,0.000000,0.000000,0.00,0,2,4,25,17,20,26,13,24,55,97,12,0,0,0,0,0,0,0.0002,0.0277,0.0678,0.0014,0.0052,0.0079,5.6589,0.0342,0.0000,0.5720,0.0006,0.0006,0.2741,0.0013,0.0011,0.0008
3079,39.2843,0.0000,11.1296,6.8081,,true,0,0.008333,0.0000,0.0000,1.00,0.00,0.0000,22,1,295,295,0,0,100,1,11,11,0,246528,0,295,0,0,899444736,0.000000,0.000000,0.000000,0.00,0,2,4,25,17,20,26,13,24,55,97,12,0,0,0,0,0,0,0.0010,0.0197,0.0505,0.0019,0.0066,0.0080,6.8081,0.0416,0.0000,0.4962,0.0010,0.0005,0.2010,0.0025,0.0014,0.0015
3080,39.2956,0.0000,12.5705,5.8842,,true,0,0.008333,0.0000,0.0000,1.00,0.00,0.0000,22,1,295,295,0,0,100,1,11,11,0,246528,0,295,0,0,899444736,0.000000,0.000000,0.000000,0.00,0,2,4,25,17,20,26,13,24,55,97,12,0,0,0,0,0,0,0.0004,0.0207,0.1946,0.0011,0.0034,0.0069,5.8842,0.0260,0.0000,0.5074,0.0009,0.0007,0.2279,0.0046,0.0013,0.0006
3081,39.3044,0.0000,7.7213,6.1246,,true,0,0.008333,0.0000,0.0000,1.00,0.00,0.0000,22,1,295,295,0,0,100,1,11,11,0,246528,0,295,0,0,899444736,0.000000,0.000000,0.000000,0.00,0,2,4,25,17,20,26,13,24,55,97,12,0,0,0,0,0,0,0.0007,0.0268,0.0901,0.0026,0.0052,0.0085,6.1246,0.0297,0.0000,0.5781,0.0007,0.0007,0.2777,0.0052,0.0011,0.0008
3082,39.3157,0.0000,11.6488,5.3973,,true,0,0.008333,0.0000,0.0000,1.00,0.00,0.0000,22,1,295,295,0,0,100,1,11,11,0,246528,0,295,0,0,899444736,0.000000,0.000000,0.000000,0.00,0,2,4,25,17,20,26,13,24,55,97,12,0,0,0,0,0,0,0.0003,0.0193,0.0335,0.0012,0.0042,0.0055,5.3973,0.0155,0.0000,0.3837,0.0005,0.0007,0.1199,0.0007,0.0015,0.0006
3083,39.3248,0.0000,10.6504,4.6551,,true,0,0.008333,0.0000,0.0000,1.00,0.00,0.0000,22,1,295,295,0,0,100,1,11,11,0,246528,0,295,0,0,899444736,0.000000,0.000000,0.000000,0.00,0,2,4,25,17,20,26,13,24,55,97,12,0,0,0,0,0,0,0.0006,0.0294,0.0595,0.0013,0.0120,0.0140,4.6551,0.0250,0.0000,0.5244,0.0008,0.0012,0.2171,0.0013,0.0011,0.0020
3084,39.3351,0.0000,11.4916,3.5482,,true,0,0.008333,0.0000,0.0000,1.00,0.00,0.0000,22,1,295,295,0,0,100,1,11,11,0,246528,0,295,0,0,899444736,0.000000,0.000000,0.000000,0.00,0,2,4,25,17,20,26,13,24,55,97,12,0,0,0,0,0,0,0.0009,0.0168,0.0460,0.0006,0.0030,0.0053,3.5482,0.0234,0.0000,0.4348,0.0005,0.0010,0.1672,0.0021,0.0011,0.0009
3085,39.3530,0.0000,15.8062,5.2247,,true,0,0.008333,0.0000,0.0000,1.00,0.00,0.0000,22,1,295,295,0,0,100,1,11,11,0,246528,0,295,0,0,899444736,0.000000,0.000000,0.000000,0.00,0,2,4,25,17,20,26,13,24,55,97,12,0,0,0,0,0,0,0.0003,0.0280,0.0473,0.0009,0.0043,0.0093,5.2247,0.0310,0.0000,0.4883,0.0003,0.0007,0.1917,0.0044,0.0008,0.0008
3086,39.3668,0.0000,13.6569,5.5774,,true,0,0.008333,0.0000,0.0000,1.00,0.00,0.0000,22,1,295,295,0,0,100,1,11,11,0,246528,0,295,0,0,899444736,0.000000,0.000000,0.000000,0.00,0,2,4,25,17,20,26,13,24,55,97,12,0,0,0,0,0,0,0.0005,0.0204,0.0367,0.0021,0.0044,0.0097,5.5774,0.0217,0.0000,0.3716,0.0015,0.0004,0.1424,0.0014,0.0022,0.0015
3087,39.3819,0.0000,15.4664,5.0863,,true,0,0.008333,0.0000,0.0000,1.00,0.00,0.0000,22,1,295,295,0,0,100,1,11,11,0,246528,0,295,0,0,899444736,0.000000,0.000000,0.000000,0.00,0,2,4,25,17,20,26,13,24,55,97,12,0,0,0,0,0,0,0.0008,0.0185,0.0420,0.0012,0.0065,0.0058,5.0863,0.0179,0.0000,0.4754,0.0008,0.0002,0.1488,0.0028,0.0011,0.0008
3088,39.3979,0.0000,14.6977,6.0423,,true,0,0.008333,0.0000,0.0000,1.00,0.00,0.0000,22,1,295,295,0,0,100,1,11,11,0,246528,0,295,0,0,899444736,0.000000,0.000000,0.000000,0.00,0,2,4,25,17,20,26,13,24,55,97,12,0,0,0,0,0,0,0.0011,0.0417,0.0539,0.0024,0.0056,0.0169,6.0423,0.0242,0.0000,0.4673,0.0008,0.0006,0.1791,0.0034,0.0014,0.0006
3089,39.4143,0.0000,14.7203,7.4267,,true,0,0.008333,0.0000,0.0000,1.00,0.00,0.0000,22,1,295,295,0,0,100,1,11,11,0,246528,0,295,0,0,899444736,0.000000,0.000000,0.000000,0.00,0,2,4,25,17,20,26,13,24,55,97,12,0,0,0,0,0,0,0.0005,0.0283,0.0388,0.0023,0.0048,0.0063,7.4267,0.0173,0.0000,0.4047,0.0006,0.0004,0.1481,0.0016,0.0010,0.0004
3090,39.4295,0.0000,16.3127,6.6181,,true,0,0.008333,0.0000,0.0000,1.00,0.00,0.0000,22,1,295,295,0,0,100,1,11,11,0,246528,0,295,0,0,899444736,0.000000,0.000000,0.000000,0.00,0,2,4,25,17,20,26,13,24,55,97,12,0,0,0,0,0,0,0.0002,0.0405,0.0516,0.0012,0.0058,0.0097,6.6181,0.0250,0.0000,0.4499,0.0003,0.0005,0.1949,0.0021,0.0004,0.0004
3091,39.4451,0.0000,13.7279,8.2908,,true,0,0.008333,0.0000,0.0000,1.00,0.00,0.0000,22,1,295,295,0,0,100,1,11,11,0,246528,0,295,0,0,899444736,0.000000,0.000000,0.000000,0.00,0,2,4,25,17,20,26,13,24,55,97,12,0,0,0,0,0,0,0.0011,0.0295,0.0459,0.0022,0.0072,0.0096,8.2908,0.0116,0.0000,0.4371,0.0007,0.0005,0.1653,0.0013,0.0014,0.0016
3092,39.4595,0.0000,14.2997,9.0510,,true,0,0.008333,0.0000,0.0000,1.00,0.00,0.0000,22,1,295,295,0,0,100,1,11,11,0,246528,0,295,0,0,899444736,0.000000,0.000000,0.000000,0.00,0,2,4,25,17,20,26,13,24,55,97,12,0,0,0,0,0,0,0.0005,0.0193,0.0452,0.0014,0.0053,0.0058,9.0510,0.0240,0.0000,0.4691,0.0003,0.0001,0.1917,0.0050,0.0006,0.0003
3093,39.4797,0.0000,18.9444,9.3409,,true,0,0.008333,0.0000,0.0000,1.00,0.00,0.0000,22,1,295,295,0,0,100,1,11,11,0,246528,0,295,0,0,899444736,0.000000,0.000000,0.000000,0.00,0,2,4,25,17,20,26,13,24,55,97,12,0,0,0,0,0,0,0.0003,0.0196,0.0685,0.0010,0.0026,0.0035,9.3409,0.0162,0.0000,0.3634,0.0003,0.0002,0.1212,0.0009,0.0006,0.0003
3094,39.4904,0.0000,14.3138,6.1540,,true,0,0.008333,0.0000,0.0000,1.00,0.00,0.0000,22,1,295,295,0,0,100,1,11,11,0,246528,0,295,0,0,899444736,0.000000,0.000000,0.000000,0.00,0,2,4,25,17,20,26,13,24,55,97,12,0,0,0,0,0,0,0.0016,0.0568,0.0525,0.0017,0.0062,0.0092,6.1540,0.0773,0.0000,0.7474,0.0015,0.0022,0.2828,0.0038,0.0038,0.0036
3095,39.5035,0.0000,10.9675,8.6817,,true,0,0.008333,0.0000,0.0000,1.00,0.00,0.0000,22,1,295,295,0,0,100,1,11,11,0,246528,0,295,0,0,899444736,0.000000,0.000000,0.000000,0.00,0,2,4,25,17,20,26,13,24,55,97,12,0,0,0,0,0,0,0.0005,0.0264,0.0495,0.0013,0.0043,0.0065,8.6817,0.0621,0.0000,0.4832,0.0006,0.0004,0.1920,0.0018,0.0007,0.0009
3096,39.5258,0.0000,18.2581,11.0402,,true,0,0.008333,0.0000,0.0000,1.00,0.00,0.0000,22,1,295,295,0,0,100,1,11,11,0,246528,0,295,0,0,899444736,0.000000,0.000000,0.000000,0.00,0,2,4,25,17,20,26,13,24,55,97,12,0,0,0,0,0,0,0.0006,0.0131,0.0488,0.0011,0.0025,0.0039,11.0402,0.0201,0.0000,0.3251,0.0003,0.0002,0.1335,0.0013,0.0004,0.0003
3097,39.5413,0.0000,21.6165,6.9421,,true,0,0.008333,0.0000,0.0000,1.00,0.00,0.0000,22,1,295,295,0,0,100,1,11,11,0,246528,0,295,0,0,899444736,0.000000,0.000000,0.000000,0.00,0,2,4,25,17,20,26,13,24,55,97,12,0,0,0,0,0,0,0.0013,0.0490,0.0436,0.0014,0.0046,0.0115,6.9421,0.0304,0.0000,0.6290,0.0012,0.0014,0.1661,0.0038,0.0019,0.0019
3098,39.5580,0.0000,13.5811,10.0630,,true,0,0.008333,0.0000,0.0000,1.00,0.00,0.0000,22,1,295,295,0,0,100,1,11,11,0,246528,0,295,0,0,899444736,0.000000,0.000000,0.000000,0.00,0,2,4,25,17,20,26,13,24,55,97,12,0,0,0,0,0,0,0.0011,0.0321,0.1199,0.0016,0.0020,0.0113,10.0630,0.0413,0.0000,0.5441,0.0007,0.0003,0.2508,0.0017,0.0029,0.0005
3099,39.5727,0.0000,15.2513,8.9791,,true,0,0.008333,0.0000,0.0000,1.00,0.00,0.0000,22,1,295,295,0,0,100,1,11,11,0,246528,0,295,0,0,899444736,0.000000,0.000000,0.000000,0.00,0,2,4,25,17,20,26,13,24,55,97,12,0,0,0,0,0,0,0.0014,0.0254,0.1066,0.0017,0.0053,0.0081,8.9791,0.0780,0.0000,0.5935,0.0012,0.0008,0.2310,0.0026,0.0013,0.0010
3100,39.5914,0.0000,14.1281,14.3635,,true,0,0.008333,0.0000,0.0000,1.00,0.00,0.0000,22,1,295,295,0,0,100,1,11,11,0,246528,0,295,0,0,899444736,0.000000,0.000000,0.000000,0.00,0,2,4,25,17,20,26,13,24,55,97,12,0,0,0,0,0,0,0.0012,0.0618,0.0719,0.0023,0.0115,0.0250,14.3635,0.0273,0.0000,1.1983,0.0021,0.0019,0.5303,0.0027,0.0044,0.0038
3101,39.6099,0.0000,20.5138,10.4050,,true,0,0.008333,0.0000,0.0000,1.00,0.00,0.0000,22,1,295,295,0,0,100,1,11,11,0,246528,0,295,0,0,899444736,0.000000,0.000000,0.000000,0.00,0,2,4,25,17,20,26,13,24,55,97,12,0,0,0,0,0,0,0.0020,0.1592,0.0814,0.0074,0.0178,0.0378,10.4050,0.0440,0.0000,1.3190,0.0022,0.0059,0.4273,0.0027,0.0074,0.0034
3102,39.6356,0.0000,25.1882,11.4278,,true,0,0.008333,0.0000,0.0000,1.00,0.00,0.0000,22,1,295,295,0,0,100,1,11,11,0,246528,0,295,0,0,899444736,0.000000,0.000000,0.000000,0.00,0,2,4,25,17,20,26,13,24,55,97,12,0,0,0,0,0,0,0.0017,0.0431,0.1056,0.0007,0.0029,0.0150,11.4278,0.0598,0.0000,0.8813,0.0019,0.0022,0.3585,0.0028,0.0034,0.0018
3103,39.6543,0.0000,17.1196,12.2815,,true,0,0.008333,0.0000,0.0000,1.00,0.00,0.0000,22,1,295,295,0,0,100,1,11,11,0,246528,0,295,0,0,899444736,0.000000,0.000000,0.000000,0.00,0,2,4,25,17,20,26,13,24,55,97,12,0,0,0,0,0,0,0.0031,0.0571,0.2177,0.0059,0.0154,0.0308,12.2815,0.0544,0.0000,0.8002,0.0027,0.0015,0.2966,0.0031,0.0041,0.0020
3104,39.6721,0.0000,21.3314,9.2471,,true,0,0.008333,0.0000,0.0000,1.00,0.00,0.0000,22,1,295,295,0,0,100,1,11,11,0,246528,0,295,0,0,899444736,0.000000,0.000000,0.000000,0.00,0,2,4,25,17,20,26,13,24,55,97,12,0,0,0,0,0,0,0.0006,0.0218,0.1733,0.0016,0.0050,0.0080,9.2471,0.0809,0.0000,0.7045,0.0010,0.0003,0.3158,0.0035,0.0020,0.0006
3105,39.6835,0.0000,13.4058,7.5844,,true,0,0.008333,0.0000,0.0000,1.00,0.00,0.0000,22,1,295,295,0,0,100,1,11,11,0,246528,0,295,0,0,899444736,0.000000,0.000000,0.000000,0.00,0,2,4,25,17,20,26,13,24,55,97,12,0,0,0,0,0,0,0.0004,0.0182,0.0486,0.0013,0.0075,0.0040,7.5844,0.0199,0.0000,0.2925,0.0002,0.0002,0.0809,0.0008,0.0006,0.0004
3106,39.6937,0.0000,11.3504,7.2809,,true,0,0.008333,0.0000,0.0000,1.00,0.00,0.0000,22,1,295,295,0,0,100,1,11,11,0,246528,0,295,0,0,899444736,0.000000,0.000000,0.000000,0.00,0,2,4,25,17,20,26,13,24,55,97,12,0,0,0,0,0,0,0.0001,0.0232,0.1002,0.0014,0.0038,0.0072,7.2809,0.0946,0.0000,0.4902,0.0006,0.0008,0.1963,0.0027,0.0008,0.0004
3107,39.7074,0.0000,10.7224,9.7580,,true,0,0.008333,0.0000,0.0000,1.00,0.00,0.0000,22,1,295,295,0,0,100,1,11,11,0,246528,0,295,0,0,899444736,0.000000,0.000000,0.000000,0.00,0,2,4,25,17,20,26,13,24,55,97,12,0,0,0,0,0,0,0.0007,0.0203,0.0490,0.0009,0.0039,0.0071,9.7580,0.0218,0.0000,0.4325,0.0002,0.0004,0.1790,0.0022,0.0011,0.0015
3108,39.7177,0.0000,13.2442,6.9512,,true,0,0.008333,0.0000,0.0000,1.00,0.00,0.0000,22,1,295,295,0,0,100,1,11,11,0,246528,0,295,0,0,899444736,0.000000,0.000000,0.000000,0.00,0,2,4,25,17,20,26,13,24,55,97,12,0,0,0,0,0,0,0.0012,0.0989,0.0516,0.0014,0.0080,0.0144,6.9512,0.0455,0.0000,0.5974,0.0010,0.0010,0.1577,0.0051,0.0014,0.0020
3109,39.7294,0.0000,13.7881,5.4311,,true,0,0.008333,0.0000,0.0000,1.00,0.00,0.0000,22,1,295,295,0,0,100,1,11,11,0,246528,0,295,0,0,899444736,0.000000,0.000000,0.000000,0.00,0,2,4,25,17,20,26,13,24,55,97,12,0,0,0,0,0,0,0.0008,0.0338,0.0749,0.0016,0.0045,0.0117,5.4311,0.0230,0.0000,0.4967,0.0010,0.0009,0.2000,0.0013,0.0017,0.0015
3110,39.7406,0.0000,9.5170,6.2633,,true,0,0.008333,0.0000,0.0000,1.00,0.00,0.0000,22,1,295,295,0,0,100,1,11,11,0,246528,0,295,0,0,899444736,0.000000,0.000000,0.000000,0.00,0,2,4,25,17,20,26,13,24,55,97,12,0,0,0,0,0,0,0.0010,0.0342,0.0938,0.0017,0.0053,0.0096,6.2633,0.0355,0.0000,0.8594,0.0011,0.0005,0.4852,0.0026,0.0018,0.0016
3111,39.7482,0.0000,10.3854,4.0856,,true,0,0.008333,0.0000,0.0000,1.00,0.00,0.0000,22,1,295,295,0,0,100,1,11,11,0,246528,0,295,0,0,899444736,0.000000,0.000000,0.000000,0.00,0,2,4,25,17,20,26,13,24,55,97,12,0,0,0,0,0,0,0.0005,0.0180,0.0475,0.0007,0.0028,0.0060,4.0856,0.0209,0.0000,0.4954,0.0006,0.0001,0.2328,0.0016,0.0006,0.0006
3112,39.7606,0.0000,11.4616,4.5459,,true,0,0.008333,0.0000,0.0000,1.00,0.00,0.0000,22,1,295,295,0,0,100,1,11,11,0,246528,0,295,0,0,899444736,0.000000,0.000000,0.000000,0.00,0,2,4,25,17,20,26,13,24,55,97,12,0,0,0,0,0,0,0.0003,0.0226,0.0391,0.0011,0.0034,0.0054,4.5459,0.0265,0.0000,0.4143,0.0004,0.0007,0.1689,0.0016,0.0012,0.0009
3113,39.7787,0.0000,15.2478,7.5529,,true,0,0.008333,0.0000,0.0000,1.00,0.00,0.0000,22,1,295,295,0,0,100,1,11,11,0,246528,0,295,0,0,899444736,0.000000,0.000000,0.000000,0.00,0,2,4,25,17,20,26,13,24,55,97,12,0,0,0,0,0,0,0.0017,0.0291,0.0636,0.0029,0.0079,0.0099,7.5529,0.0218,0.0000,0.5721,0.0008,0.0008,0.2144,0.0036,0.0018,0.0018
3114,39.7967,0.0000,18.7529,6.5868,,true,0,0.008333,0.0000,0.0000,1.00,0.00,0.0000,22,1,295,295,0,0,100,1,11,11,0,246528,0,295,0,0,899444736,0.000000,0.000000,0.000000,0.00,0,2,4,25,17,20,26,13,24,55,97,12,0,0,0,0,0,0,0.0005,0.0295,0.0735,0.0014,0.0046,0.0082,6.5868,0.0319,0.0000,0.4854,0.0009,0.0013,0.1948,0.0021,0.0023,0.0014
3115,39.8087,0.0000,12.6426,6.0408,,true,0,0.008333,0.0000,0.0000,1.00,0.00,0.0000,22,1,295,295,0,0,100,1,11,11,0,246528,0,295,0,0,899444736,0.000000,0.000000,0.000000,0.00,0,2,4,25,17,20,26,13,24,55,97,12,0,0,0,0,0,0,0.0014,0.0240,0.0498,0.0019,0.0024,0.0114,6.0408,0.0235,0.0000,0.5615,0.0007,0.0006,0.2092,0.0013,0.0012,0.0013
3116,39.8217,0.0000,13.2105,6.1232,,true,0,0.008333,0.0000,0.0000,1.00,0.00,0.0000,22,1,295,295,0,0,100,1,11,11,0,246528,0,295,0,0,899444736,0.000000,0.000000,0.000000,0.00,0,2,4,25,17,20,26,13,24,55,97,12,0,0,0,0,0,0,0.0010,0.0264,0.0488,0.0009,0.0040,0.0061,6.1232,0.0237,0.0000,0.4987,0.0004,0.0007,0.1851,0.0018,0.0011,0.0008
3117,39.8332,0.0000,12.2502,5.6977,,true,0,0.008333,0.0000,0.0000,1.00,0.00,0.0000,22,1,295,295,0,0,100,1,11,11,0,246528,0,295,0,0,899444736,0.000000,0.000000,0.000000,0.00,0,2,4,25,17,20,26,13,24,55,97,12,0,0,0,0,0,0,0.0007,0.0361,0.0395,0.0031,0.0107,0.0109,5.6977,0.0188,0.0000,0.5560,0.0009,0.0012,0.1527,0.0018,0.0017,0.0007
3118,39.8476,0.0000,14.1822,5.3813,,true,0,0.008333,0.0000,0.0000,1.00,0.00,0.0000,22,1,295,295,0,0,100,1,11,11,0,246528,0,295,0,0,899444736,0.000000,0.000000,0.000000,0.00,0,2,4,25,17,20,26,13,24,55,97,12,0,0,0,0,0,0,0.0004,0.0279,0.0383,0.0018,0.0066,0.0062,5.3813,0.0168,0.0000,0.4321,0.0009,0.0006,0.1432,0.0020,0.0007,0.0011
3119,39.8581,0.0000,11.1384,5.4190,,true,0,0.008333,0.0000,0.0000,1.00,0.00,0.0000,22,1,295,295,0,0,100,1,11,11,0,246528,0,295,0,0,899444736,0.000000,0.000000,0.000000,0.00,0,2,4,25,17,20,26,13,24,55,97,12,0,0,0,0,0,0,0.0013,0.0317,0.0940,0.0009,0.0049,0.0110,5.4190,0.0369,0.0000,0.6735,0.0004,0.0007,0.2848,0.0022,0.0011,0.0011
3120,39.8718,0.0000,14.5132,4.3676,,true,0,0.008333,0.0000,0.0000,1.00,0.00,0.0000,22,1,295,295,0,0,100,1,11,11,0,246528,0,295,0,0,899444736,0.000000,0.000000,0.000000,0.00,0,2,4,25,17,20,26,13,24,55,97,12,0,0,0,0,0,0,0.0006,0.0251,0.0489,0.0013,0.0062,0.0092,4.3676,0.0248,0.0000,0.4615,0.0009,0.0005,0.1827,0.0016,0.0015,0.0009
3121,39.8922,0.0000,15.2988,9.5099,,true,0,0.008333,0.0000,0.0000,1.00,0.00,0.0000,22,1,295,295,0,0,100,1,11,11,0,246528,0,295,0,0,899444736,0.000000,0.000000,0.000000,0.00,0,2,4,25,17,20,26,13,24,55,97,12,0,0,0,0,0,0,0.0006,0.0175,0.0536,0.0007,0.0039,0.0044,9.5099,0.0215,0.0000,5.9040,0.0006,0.1791,0.1985,0.0026,0.0016,5.2382
3122,39.8996,0.0000,11.7720,5.0097,,true,0,0.008333,0.0000,0.0000,1.00,0.00,0.0000,22,1,295,295,0,0,100,1,11,11,0,246528,0,295,0,0,899444736,0.000000,0.000000,0.000000,0.00,0,2,4,25,17,20,26,13,24,55,97,12,0,0,0,0,0,0,0.0003,0.0194,0.0854,0.0011,0.0030,0.0110,5.0097,0.0662,0.0000,0.5186,0.0010,0.0006,0.2089,0.0017,0.0019,0.0009
3123,39.9124,0.0000,13.5229,4.5583,,true,0,0.008333,0.0000,0.0000,1.00,0.00,0.0000,22,1,295,295,0,0,100,1,11,11,0,246528,0,295,0,0,899444736,0.000000,0.000000,0.000000,0.00,0,2,4,25,17,20,26,13,24,55,97,12,0,0,0,0,0,0,0.0007,0.0286,0.0423,0.0010,0.0046,0.0081,4.5583,0.0109,0.0000,0.4719,0.0016,0.0006,0.1689,0.0018,0.0012,0.0014
3124,39.9265,0.0000,13.8499,4.4285,,true,0,0.008333,0.0000,0.0000,1.00,0.00,0.0000,22,1,295,295,0,0,100,1,11,11,0,246528,0,295,0,0,899444736,0.000000,0.000000,0.000000,0.00,0,2,4,25,17,20,26,13,24,55,97,12,0,0,0,0,0,0,0.0004,0.0278,0.0468,0.0010,0.0041,0.0063,4.4285,0.0329,0.0000,0.4769,0.0003,0.0007,0.1666,0.0015,0.0015,0.0006
3125,39.9374,0.0000,12.0820,3.6163,,true,0,0.008333,0.0000,0.0000,1.00,0.00,0.0000,22,1,295,295,0,0,100,1,11,11,0,246528,0,295,0,0,899444736,0.000000,0.000000,0.000000,0.00,0,2,4,25,17,20,26,13,24,55,97,12,0,0,0,0,0,0,0.0001,0.0242,0.0338,0.0008,0.0050,0.0049,3.6163,0.0181,0.0000,0.4068,0.0007,0.0010,0.1504,0.0017,0.0008,0.0010
3126,39.9513,0.0000,13.9973,3.3738,,true,0,0.008333,0.0000,0.0000,1.00,0.00,0.0000,22,1,295,295,0,0,100,1,11,11,0,246528,0,295,0,0,899444736,0.000000,0.000000,0.000000,0.00,0,2,4,25,17,20,26,13,24,55,97,12,0,0,0,0,0,0,0.0006,0.0233,0.0357,0.0009,0.0024,0.0046,3.3738,0.0188,0.0000,0.3646,0.0004,0.0005,0.1333,0.0020,0.0011,0.0010
3127,39.9781,0.0000,25.4565,4.5067,,true,0,0.008333,0.0000,0.0000,1.00,0.00,0.0000,22,1,295,295,0,0,100,1,11,11,0,246528,0,295,0,0,899444736,0.000000,0.000000,0.000000,0.00,0,2,4,25,17,20,26,13,24,55,97,12,0,0,0,0,0,0,0.0002,0.0173,0.0468,0.0008,0.0021,0.0027,4.5067,0.0353,0.0000,0.7004,0.0003,0.0003,0.4000,0.0029,0.0005,0.0003
3128,39.9866,0.0000,6.9493,6.6041,,true,0,0.008333,0.0000,0.0000,1.00,0.00,0.0000,22,1,295,295,0,0,100,1,11,11,0,246528,0,295,0,0,899444736,0.000000,0.000000,0.000000,0.00,0,2,4,25,17,20,26,13,24,55,97,12,0,0,0,0,0,0,0.0008,0.0258,0.0370,0.0021,0.0056,0.0078,6.6041,0.0162,0.0000,0.5248,0.0016,0.0010,0.1626,0.0029,0.0128,0.0014
3129,40.0020,0.0000,12.0725,8.8189,,true,0,0.008333,0.0000,0.0000,1.00,0.00,0.0000,22,1,295,295,0,0,100,1,11,11,0,246528,0,295,0,0,899444736,0.000000,0.000000,0.000000,0.00,0,2,4,25,17,20,26,13,24,55,97,12,0,0,0,0,0,0,0.0006,0.0668,0.0701,0.0008,0.0063,0.0114,8.8189,0.0370,0.0000,0.4987,0.0008,0.0006,0.2039,0.0025,0.0016,0.0013
3130,40.0251,0.0000,20.6266,11.2128,,true,0,0.008333,0.0000,0.0000,1.00,0.00,0.0000,22,1,295,295,0,0,100,1,11,11,0,246528,0,295,0,0,899444736,0.000000,0.000000,0.000000,0.00,0,2,4,25,17,20,26,13,24,55,97,12,0,0,0,0,0,0,0.0003,0.0176,0.1338,0.0013,0.0121,0.0104,11.2128,0.1188,0.0000,1.1254,0.0011,0.0014,0.6561,0.0043,0.0028,0.0014
3131,40.0451,0.0000,17.8928,12.8531,,true,0,0.008333,0.0000,0.0000,1.00,0.00,0.0000,22,1,295,295,0,0,100,1,11,11,0,246528,0,295,0,0,899444736,0.000000,0.000000,0.000000,0.00,0,2,4,25,17,20,26,13,24,55,97,12,0,0,0,0,0,0,0.0010,0.0577,0.0948,0.0035,0.0062,0.0154,12.8531,0.0618,0.0000,1.3790,0.0018,0.0017,0.4399,0.0061,0.0041,0.0025
3132,40.0611,0.0000,20.3806,8.0534,,true,0,0.008333,0.0000,0.0000,1.00,0.00,0.0000,22,1,295,295,0,0,100,1,11,11,0,246528,0,295,0,0,899444736,0.000000,0.000000,0.000000,0.00,0,2,4,25,17,20,26,13,24,55,97,12,0,0,0,0,0,0,0.0003,0.0125,0.0750,0.0006,0.0018,0.0024,8.0534,0.0455,0.0000,0.3796,0.0003,0.0002,0.1583,0.0008,0.0005,0.0003
3133,40.0791,0.0000,15.2713,10.1958,,true,0,0.008333,0.0000,0.0000,1.00,0.00,0.0000,22,1,295,295,0,0,100,1,11,11,0,246528,0,295,0,0,899444736,0.000000,0.000000,0.000000,0.00,0,2,4,25,17,20,26,13,24,55,97,12,0,0,0,0,0,0,0.0029,0.0521,0.0911,0.0058,0.0109,0.0203,10.1958,0.0342,0.0000,0.7650,0.0012,0.0010,0.3129,0.0041,0.0019,0.0010
3134,40.0947,0.0000,20.2667,8.1506,,true,0,0.008333,0.0000,0.0000,1.00,0.00,0.0000,22,1,295,295,0,0,100,1,11,11,0,246528,0,295,0,0,899444736,0.000000,0.000000,0.000000,0.00,0,2,4,25,17,20,26,13,24,55,97,12,0,0,0,0,0,0,0.0022,0.0236,0.0721,0.0015,0.0055,0.0050,8.1506,0.0811,0.0000,0.8091,0.0008,0.0014,0.3220,0.0034,0.0027,0.0022
3135,40.1076,0.0000,12.2598,7.7728,,true,0,0.008333,0.0000,0.0000,1.00,0.00,0.0000,22,1,295,295,0,0,100,1,11,11,0,246528,0,295,0,0,899444736,0.000000,0.000000,0.000000,0.00,0,2,4,25,17,20,26,13,24,55,97,12,0,0,0,0,0,0,0.0003,0.0225,0.0359,0.0007,0.0069,0.0029,7.7728,0.0165,0.0000,0.4242,0.0006,0.0002,0.1367,0.0019,0.0007,0.0003
3136,40.1183,0.0000,11.9965,6.9913,,true,0,0.008333,0.0000,0.0000,1.00,0.00,0.0000,22,1,295,295,0,0,100,1,11,11,0,246528,0,295,0,0,899444736,0.000000,0.000000,0.000000,0.00,0,2,4,25,17,20,26,13,24,55,97,12,0,0,0,0,0,0,0.0017,0.0171,0.0739,0.0013,0.0072,0.0029,6.9913,0.0448,0.0000,0.5594,0.0009,0.0017,0.2462,0.0035,0.0016,0.0008
3137,40.1364,0.0000,15.2367,9.6924,,true,0,0.008333,0.0000,0.0000,1.00,0.00,0.0000,22,1,295,295,0,0,100,1,11,11,0,246528,0,295,0,0,899444736,0.000000,0.000000,0.000000,0.00,0,2,4,25,17,20,26,13,24,55,97,12,0,0,0,0,0,0,0.0005,0.0235,0.0585,0.0020,0.0049,0.0102,9.6924,0.0295,0.0000,0.4091,0.0005,0.0011,0.1738,0.0013,0.0009,0.0007
3138,40.1516,0.0000,14.8431,9.5547,,true,0,0.008333,0.0000,0.0000,1.00,0.00,0.0000,22,1,295,295,0,0,100,1,11,11,0,246528,0,295,0,0,899444736,0.000000,0.000000,0.000000,0.00,0,2,4,25,17,20,26,13,24,55,97,12,0,0,0,0,0,0,0.0005,0.0243,0.0817,0.0017,0.0042,0.0081,9.5547,0.0462,0.0000,1.1012,0.0008,0.0000,0.2156,0.0042,0.0018,0.0026
3139,40.1725,0.0000,15.6200,15.2391,,true,0,0.008333,0.0000,0.0000,1.00,0.00,0.0000,22,1,295,295,0,0,100,1,11,11,0,246528,0,295,0,0,899444736,0.000000,0.000000,0.000000,0.00,0,2,4,25,17,20,26,13,24,55,97,12,0,0,0,0,0,0,0.0008,0.0363,0.0856,0.0076,0.0023,0.0181,15.2391,0.0642,0.0000,0.8100,0.0011,0.0020,0.3379,0.0023,0.0021,0.0019
3140,40.1931,0.0000,22.5085,12.5609,,true,0,0.008333,0.0000,0.0000,1.00,0.00,0.0000,22,1,295,295,0,0,100,1,11,11,0,246528,0,295,0,0,899444736,0.000000,0.000000,0.000000,0.00,0,2,4,25,17,20,26,13,24,55,97,12,0,0,0,0,0,0,0.0002,0.0228,0.0757,0.0015,0.0032,0.0046,12.5609,0.0258,0.0000,0.4582,0.0003,0.0008,0.1979,0.0007,0.0007,0.0004
3141,40.2117,0.0000,21.3229,10.1870,,true,0,0.008333,0.0000,0.0000,1.00,0.00,0.0000,22,1,295,295,0,0,100,1,11,11,0,246528,0,295,0,0,899444736,0.000000,0.000000,0.000000,0.00,0,2,4,25,17,20,26,13,24,55,97,12,0,0,0,0,0,0,0.0006,0.0268,0.1227,0.0019,0.0046,0.0098,10.1870,0.0585,0.0000,0.6803,0.0007,0.0013,0.2912,0.0043,0.0014,0.0007
