frame,wall_s,sim_time_s,frame_ms,cpu_ms,gpu_ms,gpu_available,steps,fixed_dt_s,sim_cpu_ms,sim_advanced_s,requested_warp,effective_warp,backlog_ms,bodies,vehicles,patches_visible,patches_wanted,jobs_in_flight,eye_speed_mps,detail_bias,lod_min,lod_max,wanted_lod_max,patches_generated,triangles,cache_hits,cache_misses,streaming_queued,assets_pending,rss_bytes,rails_advanced_s,server_compute_s,server_wall_s,server_effective_warp,lod_l0,lod_l1,lod_l2,lod_l3,lod_l4,lod_l5,lod_l6,lod_l7,lod_l8,lod_l9,lod_l10,lod_l11,lod_l12,lod_l13,lod_l14,lod_l15,lod_l16,lod_l17,scope:client.camera_ms,scope:client.celestial_visuals_ms,scope:client.hud_ms,scope:client.pilot_hud_ms,scope:client.pilot_preview_ms,scope:client.pilot_simulation_ms,scope:client.starfield_ms,scope:frame.cpu_ms,scope:render.atmosphere_ms,scope:sim.total_ms,scope:world.streaming_ms,scope:world.terrain_asset_upload_ms,scope:world.terrain_cbt_submit_ms,scope:world.terrain_counters_ms,scope:world.terrain_entity_sync_ms,scope:world.terrain_job_poll_ms,scope:world.terrain_selection_ms
1420,17.8335,0.0583,11.0014,6.4042,,true,0,0.008333,0.0000,0.0000,1.00,0.00,0.0000,22,1,368,368,0,0,100,0,14,14,0,0,0,368,0,0,868904960,0.000000,0.000352,17.320977,0.00,2,5,10,18,16,24,26,14,29,32,36,34,43,43,36,0,0,0,0.0017,0.0540,0.0663,0.0036,0.0174,0.0642,0.0543,6.4042,0.0816,0.0000,1.0200,0.0032,0.0001,0.6124,0.0085,0.0045,0.0002
1421,17.8425,0.0583,10.7797,4.7194,,true,0,0.008333,0.0000,0.0000,1.00,0.00,0.0000,22,1,368,368,0,0,100,0,14,14,0,0,0,368,0,0,868904960,0.000000,0.000352,17.320977,0.00,2,5,10,18,16,24,26,14,29,32,36,34,43,43,36,0,0,0,0.0011,0.0448,0.0669,0.0040,0.0180,0.0594,0.0384,4.7194,0.0627,0.0000,0.8769,0.0033,0.0001,0.5035,0.0082,0.0035,0.0002
1422,17.8525,0.0583,10.0012,4.6825,,true,0,0.008333,0.0000,0.0000,1.00,0.00,0.0000,22,1,368,368,0,0,100,0,14,14,0,0,0,368,0,0,868904960,0.000000,0.000352,17.320977,0.00,2,5,10,18,16,24,26,14,29,32,36,34,43,43,36,0,0,0,0.0008,0.0613,0.0476,0.0035,0.0194,0.0684,0.0384,4.6825,0.0553,0.0000,0.6704,0.0030,0.0001,0.3475,0.0070,0.0038,0.0001
1423,17.8625,0.0583,10.2195,4.6099,,true,0,0.008333,0.0000,0.0000,1.00,0.00,0.0000,22,1,368,368,0,0,100,0,14,14,0,0,0,368,0,0,868904960,0.000000,0.000352,17.320977,0.00,2,5,10,18,16,24,26,14,29,32,36,34,43,43,36,0,0,0,0.0012,0.0519,0.0634,0.0032,0.0130,0.0475,0.0486,4.6099,0.0595,0.0000,0.9222,0.0031,0.0001,0.5315,0.0063,0.0043,0.0002
1424,17.8731,0.0583,10.2993,4.7115,,true,0,0.008333,0.0000,0.0000,1.00,0.00,0.0000,22,1,368,368,0,0,100,0,14,14,0,0,0,368,0,0,868909056,0.000000,0.000352,17.320977,0.00,2,5,10,18,16,24,26,14,29,32,36,34,43,43,36,0,0,0,0.0008,0.0351,0.0490,0.0025,0.0156,0.0455,0.0410,4.7115,0.0504,0.0000,0.6439,0.0033,0.0001,0.3587,0.0059,0.0061,0.0001
1425,17.8838,0.0583,10.6249,4.7995,,true,0,0.008333,0.0000,0.0000,1.00,0.00,0.0000,22,1,368,368,0,0,100,0,14,14,0,0,0,368,0,0,868909056,0.000000,0.000352,17.320977,0.00,2,5,10,18,16,24,26,14,29,32,36,34,43,43,36,0,0,0,0.0007,0.0332,0.0574,0.0027,0.0151,0.0438,0.0373,4.7995,0.0562,0.0000,0.9668,0.0030,0.0001,0.5854,0.0318,0.0053,0.0001
1426,17.8945,0.0583,10.2854,5.1868,,true,0,0.008333,0.0000,0.0000,1.00,0.00,0.0000,22,1,368,368,0,0,100,0,14,14,0,0,0,368,0,0,868941824,0.000000,0.000352,17.320977,0.00,2,5,10,18,16,24,26,14,29,32,36,34,43,43,36,0,0,0,0.0012,0.0443,0.0555,0.0032,0.0172,0.0616,0.0449,5.1868,0.0568,0.0000,0.9468,0.0100,0.0001,0.5440,0.0069,0.0061,0.0002
1427,17.9040,0.0583,9.6708,4.9945,,true,1,0.008333,0.0000,0.0083,1.00,0.00,0.0000,22,1,368,368,0,0,100,0,14,14,0,0,0,368,0,0,868941824,0.000000,0.000352,17.626095,0.00,2,5,10,18,16,24,26,14,29,32,36,34,43,43,36,0,0,0,0.0015,0.0323,0.0553,0.0037,0.0211,0.2241,0.0458,4.9945,0.0573,0.0000,0.6273,0.0029,0.0001,0.3517,0.0053,0.0037,0.0001
1428,17.9154,0.0583,11.1947,4.7690,,true,0,0.008333,0.0000,0.0000,1.00,0.00,0.0000,22,1,368,368,0,0,100,0,14,14,0,0,0,368,0,0,868941824,0.000000,0.000352,17.626095,0.00,2,5,10,18,16,24,26,14,29,32,36,34,43,43,36,0,0,0,0.0011,0.0514,0.0504,0.0022,0.0122,0.0437,0.0489,4.7690,0.0408,0.0000,0.8582,0.0028,0.0001,0.4804,0.0058,0.0042,0.0001
1429,17.9247,0.0583,10.0319,4.6423,,true,0,0.008333,0.0000,0.0000,1.00,0.00,0.0000,22,1,368,368,0,0,100,0,14,14,0,0,0,368,0,0,868941824,0.000000,0.000352,17.626095,0.00,2,5,10,18,16,24,26,14,29,32,36,34,43,43,36,0,0,0,0.0014,0.0321,0.0540,0.0021,0.0126,0.0428,0.0428,4.6423,0.0536,0.0000,0.7367,0.0048,0.0001,0.4012,0.0071,0.0051,0.0001
1430,17.9378,0.0583,11.2067,6.0360,,true,0,0.008333,0.0000,0.0000,1.00,0.00,0.0000,22,1,368,368,0,0,100,0,14,14,0,0,0,368,0,0,868941824,0.000000,0.000352,17.626095,0.00,2,5,10,18,16,24,26,14,29,32,36,34,43,43,36,0,0,0,0.0017,0.0507,0.0658,0.0041,0.0245,0.0810,0.0452,6.0360,0.0701,0.0000,0.9526,0.0056,0.0001,0.5419,0.0097,0.0060,0.0002
1431,17.9494,0.0583,11.9025,5.6323,,true,0,0.008333,0.0000,0.0000,1.00,0.00,0.0000,22,1,368,368,0,0,100,0,14,14,0,0,0,368,0,0,868941824,0.000000,0.000352,17.626095,0.00,2,5,10,18,16,24,26,14,29,32,36,34,43,43,36,0,0,0,0.0036,0.0422,0.0573,0.0044,0.0203,0.0745,0.0401,5.6323,0.0488,0.0000,0.8806,0.0033,0.0001,0.4325,0.0086,0.0044,0.0001
1432,17.9586,0.0583,10.5848,4.8833,,true,0,0.008333,0.0000,0.0000,1.00,0.00,0.0000,22,1,368,368,0,0,100,0,14,14,0,0,0,368,0,0,868941824,0.000000,0.000352,17.626095,0.00,2,5,10,18,16,24,26,14,29,32,36,34,43,43,36,0,0,0,0.0025,0.0508,0.0605,0.0031,0.0152,0.0431,0.0470,4.8833,0.0589,0.0000,0.8893,0.0037,0.0001,0.5186,0.0080,0.0038,0.0002
1433,17.9699,0.0583,11.1937,4.6738,,true,0,0.008333,0.0000,0.0000,1.00,0.00,0.0000,22,1,368,368,0,0,100,0,14,14,0,0,0,368,0,0,868945920,0.000000,0.000352,17.626095,0.00,2,5,10,18,16,24,26,14,29,32,36,34,43,43,36,0,0,0,0.0056,0.0562,0.0545,0.0039,0.0127,0.0389,0.0502,4.6738,0.0665,0.0000,0.6984,0.0033,0.0001,0.3790,0.0082,0.0048,0.0001
1434,17.9818,0.0583,10.8325,5.8098,,true,0,0.008333,0.0000,0.0000,1.00,0.00,0.0000,22,1,368,368,0,0,100,0,14,14,0,0,0,368,0,0,868945920,0.000000,0.000352,17.626095,0.00,2,5,10,18,16,24,26,14,29,32,36,34,43,43,36,0,0,0,0.0019,0.0549,0.0770,0.0048,0.0167,0.0581,0.0522,5.8098,0.0710,0.0000,1.2720,0.0032,0.0001,0.7202,0.0104,0.0059,0.0002
1435,17.9960,0.0583,12.9741,6.6487,,true,0,0.008333,0.0000,0.0000,1.00,0.00,0.0000,22,1,368,368,0,0,100,0,14,14,0,0,0,368,0,0,868945920,0.000000,0.000352,17.626095,0.00,2,5,10,18,16,24,26,14,29,32,36,34,43,43,36,0,0,0,0.0021,0.0520,0.0831,0.0048,0.0175,0.0783,0.0479,6.6487,0.0819,0.0000,0.9627,0.0038,0.0001,0.5441,0.0089,0.0061,0.0002
1436,18.0071,0.0583,11.9425,6.2234,,true,0,0.008333,0.0000,0.0000,1.00,0.00,0.0000,22,1,368,368,0,0,100,0,14,14,0,0,0,368,0,0,868945920,0.000000,0.000352,17.626095,0.00,2,5,10,18,16,24,26,14,29,32,36,34,43,43,36,0,0,0,0.0009,0.0412,0.0527,0.0035,0.0464,0.0664,0.0335,6.2234,0.0701,0.0000,0.6962,0.0031,0.0001,0.4112,0.0035,0.0045,0.0001
1437,18.0154,0.0583,9.8638,4.8912,,true,0,0.008333,0.0000,0.0000,1.00,0.00,0.0000,22,1,368,368,0,0,100,0,14,14,0,0,0,368,0,0,868945920,0.000000,0.000352,17.626095,0.00,2,5,10,18,16,24,26,14,29,32,36,34,43,43,36,0,0,0,0.0007,0.0322,0.0799,0.0043,0.0149,0.0613,0.0385,4.8912,0.0595,0.0000,0.6754,0.0039,0.0001,0.3618,0.0051,0.0048,0.0002
1438,18.0275,0.0583,10.5209,6.4195,,true,0,0.008333,0.0000,0.0000,1.00,0.00,0.0000,22,1,368,368,0,0,100,0,14,14,0,0,0,368,0,0,868945920,0.000000,0.000352,17.626095,0.00,2,5,10,18,16,24,26,14,29,32,36,34,43,43,36,0,0,0,0.0014,0.0437,0.0882,0.0031,0.0235,0.0734,0.0397,6.4195,0.1324,0.0000,1.2386,0.0058,0.0001,0.7609,0.0126,0.0066,0.0002
1439,18.0391,0.0583,12.8072,5.0417,,true,0,0.008333,0.0000,0.0000,1.00,0.00,0.0000,22,1,368,368,0,0,100,0,14,14,0,0,0,368,0,0,868945920,0.000000,0.000352,17.626095,0.00,2,5,10,18,16,24,26,14,29,32,36,34,43,43,36,0,0,0,0.0016,0.0518,0.0506,0.0041,0.0176,0.0519,0.0341,5.0417,0.0606,0.0000,0.6065,0.0025,0.0001,0.3403,0.0054,0.0039,0.0001
1440,18.0493,0.0583,10.1213,5.2818,,true,0,0.008333,0.0000,0.0000,1.00,0.00,0.0000,22,1,368,368,0,0,100,0,14,14,0,0,0,368,0,0,868945920,0.000000,0.000352,17.626095,0.00,2,5,10,18,16,24,26,14,29,32,36,34,43,43,36,0,0,0,0.0019,0.0473,0.0869,0.0041,0.0174,0.0691,0.0458,5.2818,0.0639,0.0000,0.9310,0.0033,0.0001,0.5328,0.0070,0.0055,0.0002
1441,18.0586,0.0583,10.0076,4.7296,,true,0,0.008333,0.0000,0.0000,1.00,0.00,0.0000,22,1,368,368,0,0,100,0,14,14,0,0,0,368,0,0,868978688,0.000000,0.000352,17.626095,0.00,2,5,10,18,16,24,26,14,29,32,36,34,43,43,36,0,0,0,0.0010,0.0384,0.0630,0.0035,0.0167,0.0632,0.0422,4.7296,0.0608,0.0000,0.9026,0.0028,0.0001,0.5195,0.0081,0.0047,0.0002
1442,18.0703,0.0583,10.2033,5.7991,,true,0,0.008333,0.0000,0.0000,1.00,0.00,0.0000,22,1,368,368,0,0,100,0,14,14,0,0,0,368,0,0,868978688,0.000000,0.000352,17.626095,0.00,2,5,10,18,16,24,26,14,29,32,36,34,43,43,36,0,0,0,0.0013,0.0470,0.0725,0.0046,0.0204,0.0948,0.0751,5.7991,0.0897,0.0000,0.9389,0.0041,0.0001,0.5395,0.0078,0.0051,0.0002
1443,18.0805,0.0583,10.9811,5.2361,,true,0,0.008333,0.0000,0.0000,1.00,0.00,0.0000,22,1,368,368,0,0,100,0,14,14,0,0,0,368,0,0,868982784,0.000000,0.000352,17.626095,0.00,2,5,10,18,16,24,26,14,29,32,36,34,43,43,36,0,0,0,0.0014,0.0514,0.0678,0.0045,0.0208,0.0657,0.0519,5.2361,0.0769,0.0000,0.9041,0.0032,0.0001,0.5302,0.0060,0.0050,0.0001
1444,18.0901,0.0583,9.7891,4.9629,,true,0,0.008333,0.0000,0.0000,1.00,0.00,0.0000,22,1,368,368,0,0,100,0,14,14,0,0,0,368,0,0,868982784,0.000000,0.000352,17.626095,0.00,2,5,10,18,16,24,26,14,29,32,36,34,43,43,36,0,0,0,0.0015,0.0287,0.0539,0.0034,0.0113,0.0495,0.0372,4.9629,0.0602,0.0000,0.6287,0.0034,0.0001,0.3590,0.0068,0.0043,0.0001
1445,18.0996,0.0583,9.6603,4.9005,,true,0,0.008333,0.0000,0.0000,1.00,0.00,0.0000,22,1,368,368,0,0,100,0,14,14,0,0,0,368,0,0,868982784,0.000000,0.000352,17.626095,0.00,2,5,10,18,16,24,26,14,29,32,36,34,43,43,36,0,0,0,0.0010,0.0469,0.0668,0.0035,0.0209,0.0719,0.0449,4.9005,0.0661,0.0000,0.9232,0.0032,0.0001,0.5271,0.0079,0.0040,0.0002
1446,18.1099,0.0583,9.8782,5.1972,,true,0,0.008333,0.0000,0.0000,1.00,0.00,0.0000,22,1,368,368,0,0,100,0,14,14,0,0,0,368,0,0,868982784,0.000000,0.000352,17.626095,0.00,2,5,10,18,16,24,26,14,29,32,36,34,43,43,36,0,0,0,0.0012,0.0484,0.0790,0.0039,0.0217,0.0747,0.0486,5.1972,0.1076,0.0000,0.9376,0.0039,0.0001,0.5292,0.0078,0.0058,0.0002
1447,18.1202,0.0583,10.7331,4.8295,,true,0,0.008333,0.0000,0.0000,1.00,0.00,0.0000,22,1,368,368,0,0,100,0,14,14,0,0,0,368,0,0,868982784,0.000000,0.000352,17.626095,0.00,2,5,10,18,16,24,26,14,29,32,36,34,43,43,36,0,0,0,0.0013,0.0495,0.0669,0.0044,0.0178,0.0580,0.0461,4.8295,0.0696,0.0000,0.9117,0.0036,0.0001,0.5382,0.0075,0.0038,0.0002
1448,18.1291,0.0583,9.3791,4.5026,,true,0,0.008333,0.0000,0.0000,1.00,0.00,0.0000,22,1,368,368,0,0,100,0,14,14,0,0,0,368,0,0,868982784,0.000000,0.000352,17.626095,0.00,2,5,10,18,16,24,26,14,29,32,36,34,43,43,36,0,0,0,0.0011,0.0427,0.0608,0.0155,0.0166,0.0529,0.0437,4.5026,0.0718,0.0000,0.9033,0.0033,0.0001,0.5279,0.0076,0.0045,0.0002
1449,18.1407,0.0583,10.0758,5.7902,,true,0,0.008333,0.0000,0.0000,1.00,0.00,0.0000,22,1,368,368,0,0,100,0,14,14,0,0,0,368,0,0,868982784,0.000000,0.000352,17.626095,0.00,2,5,10,18,16,24,26,14,29,32,36,34,43,43,36,0,0,0,0.0010,0.0477,0.0759,0.0047,0.0232,0.0667,0.0467,5.7902,0.0754,0.0000,0.9500,0.0034,0.0001,0.5402,0.0080,0.0044,0.0002
1450,18.1517,0.0583,10.0536,6.7836,,true,0,0.008333,0.0000,0.0000,1.00,0.00,0.0000,22,1,368,368,0,0,100,0,14,14,0,0,0,368,0,0,868982784,0.000000,0.000352,17.626095,0.00,2,5,10,18,16,24,26,14,29,32,36,34,43,43,36,0,0,0,0.0020,0.0519,0.1434,0.0047,0.0205,0.0493,0.0818,6.7836,0.0974,0.0000,1.0478,0.0035,0.0001,0.5987,0.0063,0.0040,0.0002
1451,18.1622,0.0583,11.4553,5.5658,,true,0,0.008333,0.0000,0.0000,1.00,0.00,0.0000,22,1,368,368,0,0,100,0,14,14,0,0,0,368,0,0,868982784,0.000000,0.000352,17.626095,0.00,2,5,10,18,16,24,26,14,29,32,36,34,43,43,36,0,0,0,0.0010,0.0470,0.1275,0.0049,0.0215,0.0784,0.0520,5.5658,0.0847,0.0000,0.9242,0.0037,0.0001,0.5239,0.0092,0.0048,0.0001
1452,18.1728,0.0583,11.2310,5.0916,,true,0,0.008333,0.0000,0.0000,1.00,0.00,0.0000,22,1,368,368,0,0,100,0,14,14,0,0,0,368,0,0,868986880,0.000000,0.000352,17.626095,0.00,2,5,10,18,16,24,26,14,29,32,36,34,43,43,36,0,0,0,0.0009,0.0425,0.0664,0.0045,0.0167,0.0733,0.0458,5.0916,0.0611,0.0000,0.8873,0.0029,0.0001,0.5214,0.0064,0.0038,0.0001
1453,18.1818,0.0583,9.4853,4.8268,,true,0,0.008333,0.0000,0.0000,1.00,0.00,0.0000,22,1,368,368,0,0,100,0,14,14,0,0,0,368,0,0,868986880,0.000000,0.000352,17.626095,0.00,2,5,10,18,16,24,26,14,29,32,36,34,43,43,36,0,0,0,0.0010,0.0424,0.0593,0.0038,0.0131,0.0443,0.0433,4.8268,0.0494,0.0000,0.9023,0.0034,0.0001,0.5219,0.0063,0.0044,0.0002
1454,18.1941,0.0583,11.0795,5.6166,,true,0,0.008333,0.0000,0.0000,1.00,0.00,0.0000,22,1,368,368,0,0,100,0,14,14,0,0,0,368,0,0,868986880,0.000000,0.000352,17.626095,0.00,2,5,10,18,16,24,26,14,29,32,36,34,43,43,36,0,0,0,0.0017,0.0623,0.0679,0.0056,0.0199,0.0762,0.0508,5.6166,0.0798,0.0000,0.7545,0.0041,0.0001,0.3903,0.0080,0.0050,0.0001
1455,18.2048,0.0583,11.4148,5.2730,,true,0,0.008333,0.0000,0.0000,1.00,0.00,0.0000,22,1,368,368,0,0,100,0,14,14,0,0,0,368,0,0,868986880,0.000000,0.000352,17.626095,0.00,2,5,10,18,16,24,26,14,29,32,36,34,43,43,36,0,0,0,0.0049,0.0538,0.0548,0.0031,0.0176,0.0535,0.0481,5.2730,0.0613,0.0000,0.7409,0.0047,0.0001,0.4014,0.0084,0.0067,0.0001
1456,18.2135,0.0583,9.9505,4.1642,,true,1,0.008333,0.0000,0.0083,1.00,0.00,0.0000,22,1,368,368,0,0,100,0,14,14,0,0,0,368,0,0,868986880,0.000000,0.000352,17.930931,0.00,2,5,10,18,16,24,26,14,29,32,36,34,43,43,36,0,0,0,0.0008,0.0260,0.0395,0.0031,0.0147,0.1824,0.0366,4.1642,0.0394,0.0000,0.6260,0.0017,0.0001,0.3631,0.0051,0.0031,0.0001
1457,18.2243,0.0583,9.9870,4.9093,,true,0,0.008333,0.0000,0.0000,1.00,0.00,0.0000,22,1,368,368,0,0,100,0,14,14,0,0,0,368,0,0,868986880,0.000000,0.000352,17.930931,0.00,2,5,10,18,16,24,26,14,29,32,36,34,43,43,36,0,0,0,0.0007,0.0390,0.0440,0.0032,0.0162,0.0557,0.0353,4.9093,0.0460,0.0000,0.6734,0.0028,0.0001,0.4095,0.0056,0.0027,0.0001
1458,18.2371,0.0583,11.8477,5.5029,,true,0,0.008333,0.0000,0.0000,1.00,0.00,0.0000,22,1,368,368,0,0,100,0,14,14,0,0,0,368,0,0,868986880,0.000000,0.000352,17.930931,0.00,2,5,10,18,16,24,26,14,29,32,36,34,43,43,36,0,0,0,0.0014,0.0477,0.0866,0.0047,0.0201,0.0940,0.0493,5.5029,0.0701,0.0000,0.9873,0.0039,0.0001,0.5495,0.0094,0.0044,0.0002
1459,18.2476,0.0583,10.9603,5.3258,,true,0,0.008333,0.0000,0.0000,1.00,0.00,0.0000,22,1,368,368,0,0,100,0,14,14,0,0,0,368,0,0,868986880,0.000000,0.000352,17.930931,0.00,2,5,10,18,16,24,26,14,29,32,36,34,43,43,36,0,0,0,0.0041,0.0522,0.0685,0.0044,0.0187,0.0552,0.0481,5.3258,0.0713,0.0000,0.8965,0.0038,0.0001,0.5208,0.0068,0.0040,0.0002
1460,18.2694,0.0583,9.7554,17.7795,,true,0,0.008333,0.0000,0.0000,1.00,0.00,0.0000,22,1,368,368,0,0,100,0,14,14,0,0,0,368,0,0,868986880,0.000000,0.000352,17.930931,0.00,2,5,10,18,16,24,26,14,29,32,36,34,43,43,36,0,0,0,0.0021,0.0396,0.0938,0.0045,0.0102,0.0435,0.0533,17.7795,0.0759,0.0000,12.9941,0.0059,1.4319,0.5915,0.0268,0.0069,10.5581
1461,18.2763,0.0583,10.2469,5.5075,,true,0,0.008333,0.0000,0.0000,1.00,0.00,0.0000,22,1,368,368,0,0,100,0,14,14,0,0,0,368,0,0,868990976,0.000000,0.000352,17.930931,0.00,2,5,10,18,16,24,26,14,29,32,36,34,43,43,36,0,0,0,0.0027,0.0616,0.0641,0.0019,0.0283,0.0901,0.0439,5.5075,0.0611,0.0000,0.9294,0.0021,0.0001,0.5505,0.0065,0.0021,0.0002
1462,18.2835,0.0583,15.5326,5.6070,,true,0,0.008333,0.0000,0.0000,1.00,0.00,0.0000,22,1,368,368,0,0,100,0,14,14,0,0,0,368,0,0,868990976,0.000000,0.000352,17.930931,0.00,2,5,10,18,16,24,26,14,29,32,36,34,43,43,36,0,0,0,0.0015,0.0485,0.0606,0.0039,0.0103,0.0304,0.0349,5.6070,0.0549,0.0000,1.2129,0.0021,0.0001,0.6690,0.0078,0.0039,0.0002
1463,18.2888,0.0583,6.5460,4.4162,,true,0,0.008333,0.0000,0.0000,1.00,0.00,0.0000,22,1,368,368,0,0,100,0,14,14,0,0,0,368,0,0,868990976,0.000000,0.000352,17.930931,0.00,2,5,10,18,16,24,26,14,29,32,36,34,43,43,36,0,0,0,0.0014,0.0395,0.0504,0.0026,0.0134,0.0561,0.0572,4.4162,0.0505,0.0000,0.9167,0.0021,0.0001,0.5535,0.0070,0.0028,0.0002
1464,18.2986,0.0583,9.8736,4.4850,,true,0,0.008333,0.0000,0.0000,1.00,0.00,0.0000,22,1,368,368,0,0,100,0,14,14,0,0,0,368,0,0,868990976,0.000000,0.000352,17.930931,0.00,2,5,10,18,16,24,26,14,29,32,36,34,43,43,36,0,0,0,0.0009,0.0306,0.0393,0.0039,0.0224,0.0614,0.0413,4.4850,0.0689,0.0000,0.6708,0.0030,0.0001,0.3880,0.0046,0.0040,0.0001
1465,18.3103,0.0583,9.9948,5.7970,,true,0,0.008333,0.0000,0.0000,1.00,0.00,0.0000,22,1,368,368,0,0,100,0,14,14,0,0,0,368,0,0,868990976,0.000000,0.000352,17.930931,0.00,2,5,10,18,16,24,26,14,29,32,36,34,43,43,36,0,0,0,0.0018,0.0559,0.0530,0.0061,0.0235,0.0809,0.0669,5.7970,0.0692,0.0000,0.8199,0.0040,0.0001,0.3800,0.0118,0.0048,0.0002
1466,18.3220,0.0583,10.9651,6.6858,,true,0,0.008333,0.0000,0.0000,1.00,0.00,0.0000,22,1,368,368,0,0,100,0,14,14,0,0,0,368,0,0,868990976,0.000000,0.000352,17.930931,0.00,2,5,10,18,16,24,26,14,29,32,36,34,43,43,36,0,0,0,0.0016,0.0552,0.0721,0.0034,0.0154,0.0547,0.0507,6.6858,0.0654,0.0000,0.8946,0.0032,0.0001,0.5164,0.0050,0.0038,0.0002
1467,18.3311,0.0583,10.4725,5.4383,,true,0,0.008333,0.0000,0.0000,1.00,0.00,0.0000,22,1,368,368,0,0,100,0,14,14,0,0,0,368,0,0,868990976,0.000000,0.000352,17.930931,0.00,2,5,10,18,16,24,26,14,29,32,36,34,43,43,36,0,0,0,0.0011,0.0537,0.0679,0.0028,0.0149,0.0538,0.0460,5.4383,0.0604,0.0000,0.9616,0.0040,0.0001,0.5563,0.0065,0.0037,0.0002
1468,18.3391,0.0583,9.0825,4.7034,,true,0,0.008333,0.0000,0.0000,1.00,0.00,0.0000,22,1,368,368,0,0,100,0,14,14,0,0,0,368,0,0,868990976,0.000000,0.000352,17.930931,0.00,2,5,10,18,16,24,26,14,29,32,36,34,43,43,36,0,0,0,0.0024,0.0431,0.0612,0.0035,0.0177,0.0540,0.0459,4.7034,0.0613,0.0000,0.9432,0.0031,0.0001,0.5468,0.0068,0.0049,0.0002
1469,18.3499,0.0583,10.1912,5.1829,,true,0,0.008333,0.0000,0.0000,1.00,0.00,0.0000,22,1,368,368,0,0,100,0,14,14,0,0,0,368,0,0,868990976,0.000000,0.000352,17.930931,0.00,2,5,10,18,16,24,26,14,29,32,36,34,43,43,36,0,0,0,0.0010,0.0345,0.0603,0.0040,0.0146,0.0439,0.0464,5.1829,0.0575,0.0000,0.9708,0.0051,0.0001,0.5568,0.0083,0.0070,0.0002
1470,18.3605,0.0583,11.1014,4.4748,,true,0,0.008333,0.0000,0.0000,1.00,0.00,0.0000,22,1,368,368,0,0,100,0,14,14,0,0,0,368,0,0,868995072,0.000000,0.000352,17.930931,0.00,2,5,10,18,16,24,26,14,29,32,36,34,43,43,36,0,0,0,0.0051,0.0469,0.0467,0.0095,0.0145,0.0470,0.0536,4.4748,0.0506,0.0000,0.7292,0.0044,0.0001,0.3669,0.0076,0.0057,0.0001
1471,18.3699,0.0583,9.7385,4.4268,,true,0,0.008333,0.0000,0.0000,1.00,0.00,0.0000,22,1,368,368,0,0,100,0,14,14,0,0,0,368,0,0,868995072,0.000000,0.000352,17.930931,0.00,2,5,10,18,16,24,26,14,29,32,36,34,43,43,36,0,0,0,0.0010,0.0362,0.0561,0.0032,0.0193,0.0415,0.0456,4.4268,0.0609,0.0000,0.6654,0.0037,0.0001,0.3795,0.0063,0.0047,0.0001
1472,18.3805,0.0583,10.0454,4.6878,,true,0,0.008333,0.0000,0.0000,1.00,0.00,0.0000,22,1,368,368,0,0,100,0,14,14,0,0,0,368,0,0,868995072,0.000000,0.000352,17.930931,0.00,2,5,10,18,16,24,26,14,29,32,36,34,43,43,36,0,0,0,0.0010,0.0406,0.0600,0.0073,0.0154,0.0498,0.0470,4.6878,0.0725,0.0000,0.8919,0.0029,0.0001,0.5232,0.0092,0.0050,0.0002
1473,18.3921,0.0583,10.2740,5.8918,,true,0,0.008333,0.0000,0.0000,1.00,0.00,0.0000,22,1,368,368,0,0,100,0,14,14,0,0,0,368,0,0,868995072,0.000000,0.000352,17.930931,0.00,2,5,10,18,16,24,26,14,29,32,36,34,43,43,36,0,0,0,0.0010,0.0504,0.1029,0.0044,0.0183,0.0665,0.0496,5.8918,0.0811,0.0000,0.9820,0.0037,0.0001,0.5646,0.0068,0.0053,0.0002
1474,18.4016,0.0583,10.7985,4.8951,,true,0,0.008333,0.0000,0.0000,1.00,0.00,0.0000,22,1,368,368,0,0,100,0,14,14,0,0,0,368,0,0,868995072,0.000000,0.000352,17.930931,0.00,2,5,10,18,16,24,26,14,29,32,36,34,43,43,36,0,0,0,0.0025,0.0473,0.0507,0.0033,0.0166,0.0620,0.0437,4.8951,0.0547,0.0000,0.7031,0.0044,0.0001,0.3689,0.0068,0.0041,0.0001
1475,18.4118,0.0583,9.9852,4.9817,,true,0,0.008333,0.0000,0.0000,1.00,0.00,0.0000,22,1,368,368,0,0,100,0,14,14,0,0,0,368,0,0,868995072,0.000000,0.000352,17.930931,0.00,2,5,10,18,16,24,26,14,29,32,36,34,43,43,36,0,0,0,0.0011,0.0456,0.0673,0.0029,0.0163,0.0514,0.0493,4.9817,0.0802,0.0000,0.9353,0.0041,0.0001,0.5330,0.0108,0.0049,0.0002
1476,18.4231,0.0583,10.6247,5.4272,,true,0,0.008333,0.0000,0.0000,1.00,0.00,0.0000,22,1,368,368,0,0,100,0,14,14,0,0,0,368,0,0,868995072,0.000000,0.000352,17.930931,0.00,2,5,10,18,16,24,26,14,29,32,36,34,43,43,36,0,0,0,0.0010,0.0398,0.0645,0.0037,0.0197,0.0574,0.0429,5.4272,0.0717,0.0000,0.9125,0.0027,0.0001,0.5381,0.0074,0.0037,0.0002
1477,18.4328,0.0583,9.6984,5.3403,,true,0,0.008333,0.0000,0.0000,1.00,0.00,0.0000,22,1,368,368,0,0,100,0,14,14,0,0,0,368,0,0,868995072,0.000000,0.000352,17.930931,0.00,2,5,10,18,16,24,26,14,29,32,36,34,43,43,36,0,0,0,0.0011,0.0519,0.0643,0.0050,0.0337,0.0653,0.0498,5.3403,0.0775,0.0000,0.9376,0.0032,0.0001,0.5575,0.0058,0.0049,0.0002
1478,18.4442,0.0583,11.4303,5.6039,,true,0,0.008333,0.0000,0.0000,1.00,0.00,0.0000,22,1,368,368,0,0,100,0,14,14,0,0,0,368,0,0,868995072,0.000000,0.000352,17.930931,0.00,2,5,10,18,16,24,26,14,29,32,36,34,43,43,36,0,0,0,0.0037,0.0434,0.0633,0.0045,0.0155,0.0547,0.0446,5.6039,0.0718,0.0000,0.9399,0.0039,0.0001,0.5373,0.0069,0.0054,0.0002
1479,18.4546,0.0583,11.2568,4.7919,,true,0,0.008333,0.0000,0.0000,1.00,0.00,0.0000,22,1,368,368,0,0,100,0,14,14,0,0,0,368,0,0,868995072,0.000000,0.000352,17.930931,0.00,2,5,10,18,16,24,26,14,29,32,36,34,43,43,36,0,0,0,0.0010,0.0402,0.0600,0.0036,0.0190,0.0507,0.0448,4.7919,0.0596,0.0000,0.9231,0.0047,0.0001,0.5231,0.0064,0.0063,0.0002
1480,18.4648,0.0583,9.7444,5.4016,,true,0,0.008333,0.0000,0.0000,1.00,0.00,0.0000,22,1,368,368,0,0,100,0,14,14,0,0,0,368,0,0,868999168,0.000000,0.000352,17.930931,0.00,2,5,10,18,16,24,26,14,29,32,36,34,43,43,36,0,0,0,0.0009,0.0409,0.0592,0.0035,0.0283,0.0494,0.0437,5.4016,0.0525,0.0000,0.8818,0.0049,0.0001,0.5156,0.0063,0.0046,0.0001
1481,18.4763,0.0583,11.2809,5.4731,,true,0,0.008333,0.0000,0.0000,1.00,0.00,0.0000,22,1,368,368,0,0,100,0,14,14,0,0,0,368,0,0,868999168,0.000000,0.000352,17.930931,0.00,2,5,10,18,16,24,26,14,29,32,36,34,43,43,36,0,0,0,0.0009,0.0415,0.0770,0.0037,0.0176,0.0577,0.0447,5.4731,0.0712,0.0000,0.8974,0.0032,0.0001,0.4740,0.0065,0.0056,0.0002
1482,18.4868,0.0583,10.9995,4.8514,,true,0,0.008333,0.0000,0.0000,1.00,0.00,0.0000,22,1,368,368,0,0,100,0,14,14,0,0,0,368,0,0,868999168,0.000000,0.000352,17.930931,0.00,2,5,10,18,16,24,26,14,29,32,36,34,43,43,36,0,0,0,0.0011,0.0480,0.0641,0.0044,0.0165,0.0571,0.0498,4.8514,0.0665,0.0000,0.9104,0.0046,0.0001,0.5180,0.0076,0.0059,0.0002
1483,18.4981,0.0583,10.9341,5.3847,,true,0,0.008333,0.0000,0.0000,1.00,0.00,0.0000,22,1,368,368,0,0,100,0,14,14,0,0,0,368,0,0,868999168,0.000000,0.000352,17.930931,0.00,2,5,10,18,16,24,26,14,29,32,36,34,43,43,36,0,0,0,0.0011,0.0450,0.0620,0.0049,0.0203,0.0889,0.0460,5.3847,0.0619,0.0000,0.9209,0.0049,0.0001,0.5272,0.0092,0.0046,0.0002
1484,18.5094,0.0583,11.2004,5.4392,,true,0,0.008333,0.0000,0.0000,1.00,0.00,0.0000,22,1,368,368,0,0,100,0,14,14,0,0,0,368,0,0,868999168,0.000000,0.000352,17.930931,0.00,2,5,10,18,16,24,26,14,29,32,36,34,43,43,36,0,0,0,0.0012,0.0450,0.0744,0.0040,0.0192,0.0688,0.0495,5.4392,0.0726,0.0000,0.9383,0.0042,0.0001,0.5480,0.0086,0.0051,0.0002
1485,18.5198,0.0583,11.2160,4.7046,,true,1,0.008333,0.0000,0.0083,1.00,0.00,0.0000,22,1,368,368,0,0,100,0,14,14,0,0,0,368,0,0,868999168,0.000000,0.000352,18.235799,0.00,2,5,10,18,16,24,26,14,29,32,36,34,43,43,36,0,0,0,0.0012,0.0432,0.0694,0.0035,0.0166,0.2085,0.0480,4.7046,0.0624,0.0000,0.8964,0.0030,0.0001,0.5280,0.0063,0.0043,0.0001
1486,18.5293,0.0583,9.7628,4.4715,,true,0,0.008333,0.0000,0.0000,1.00,0.00,0.0000,22,1,368,368,0,0,100,0,14,14,0,0,0,368,0,0,868999168,0.000000,0.000352,18.235799,0.00,2,5,10,18,16,24,26,14,29,32,36,34,43,43,36,0,0,0,0.0014,0.0382,0.0565,0.0035,0.0146,0.0454,0.0436,4.4715,0.0663,0.0000,0.8912,0.0034,0.0001,0.5299,0.0068,0.0045,0.0002
1487,18.5391,0.0583,9.4609,4.8162,,true,0,0.008333,0.0000,0.0000,1.00,0.00,0.0000,22,1,368,368,0,0,100,0,14,14,0,0,0,368,0,0,868999168,0.000000,0.000352,18.235799,0.00,2,5,10,18,16,24,26,14,29,32,36,34,43,43,36,0,0,0,0.0010,0.0485,0.0672,0.0054,0.0200,0.0573,0.0505,4.8162,0.0722,0.0000,0.9201,0.0038,0.0001,0.5255,0.0069,0.0052,0.0002
1488,18.5507,0.0583,10.3736,5.7574,,true,0,0.008333,0.0000,0.0000,1.00,0.00,0.0000,22,1,368,368,0,0,100,0,14,14,0,0,0,368,0,0,868999168,0.000000,0.000352,18.235799,0.00,2,5,10,18,16,24,26,14,29,32,36,34,43,43,36,0,0,0,0.0017,0.0447,0.0667,0.0039,0.0179,0.0651,0.0571,5.7574,0.0738,0.0000,0.9316,0.0050,0.0001,0.5451,0.0067,0.0059,0.0002
1489,18.5610,0.0583,11.3866,4.5817,,true,0,0.008333,0.0000,0.0000,1.00,0.00,0.0000,22,1,368,368,0,0,100,0,14,14,0,0,0,368,0,0,869003264,0.000000,0.000352,18.235799,0.00,2,5,10,18,16,24,26,14,29,32,36,34,43,43,36,0,0,0,0.0012,0.0359,0.0469,0.0051,0.0207,0.0732,0.0446,4.5817,0.0561,0.0000,0.6633,0.0027,0.0001,0.3735,0.0052,0.0050,0.0001
1490,18.5706,0.0583,9.9283,4.5064,,true,0,0.008333,0.0000,0.0000,1.00,0.00,0.0000,22,1,368,368,0,0,100,0,14,14,0,0,0,368,0,0,869003264,0.000000,0.000352,18.235799,0.00,2,5,10,18,16,24,26,14,29,32,36,34,43,43,36,0,0,0,0.0013,0.0420,0.0630,0.0039,0.0138,0.0518,0.0541,4.5064,0.0634,0.0000,0.8903,0.0046,0.0001,0.5119,0.0065,0.0045,0.0002
1491,18.5797,0.0583,9.4164,4.3378,,true,0,0.008333,0.0000,0.0000,1.00,0.00,0.0000,22,1,368,368,0,0,100,0,14,14,0,0,0,368,0,0,869003264,0.000000,0.000352,18.235799,0.00,2,5,10,18,16,24,26,14,29,32,36,34,43,43,36,0,0,0,0.0013,0.0325,0.0670,0.0046,0.0148,0.0466,0.0464,4.3378,0.0516,0.0000,0.8958,0.0022,0.0001,0.5342,0.0065,0.0030,0.0001
1492,18.5904,0.0583,9.9531,4.9467,,true,0,0.008333,0.0000,0.0000,1.00,0.00,0.0000,22,1,368,368,0,0,100,0,14,14,0,0,0,368,0,0,869003264,0.000000,0.000352,18.235799,0.00,2,5,10,18,16,24,26,14,29,32,36,34,43,43,36,0,0,0,0.0009,0.0447,0.0602,0.0173,0.0152,0.0521,0.0491,4.9467,0.0582,0.0000,0.9105,0.0039,0.0001,0.5347,0.0081,0.0056,0.0001
1493,18.6009,0.0583,11.0126,4.3798,,true,0,0.008333,0.0000,0.0000,1.00,0.00,0.0000,22,1,368,368,0,0,100,0,14,14,0,0,0,368,0,0,869003264,0.000000,0.000352,18.235799,0.00,2,5,10,18,16,24,26,14,29,32,36,34,43,43,36,0,0,0,0.0012,0.0368,0.0549,0.0041,0.0141,0.0504,0.0474,4.3798,0.0511,0.0000,0.8834,0.0022,0.0001,0.5276,0.0062,0.0042,0.0002
1494,18.6111,0.0583,10.1118,4.5765,,true,0,0.008333,0.0000,0.0000,1.00,0.00,0.0000,22,1,368,368,0,0,100,0,14,14,0,0,0,368,0,0,869003264,0.000000,0.000352,18.235799,0.00,2,5,10,18,16,24,26,14,29,32,36,34,43,43,36,0,0,0,0.0013,0.0561,0.0616,0.0035,0.0160,0.0552,0.0488,4.5765,0.0555,0.0000,0.8873,0.0037,0.0001,0.5138,0.0069,0.0046,0.0002
1495,18.6207,0.0583,9.7492,4.4960,,true,0,0.008333,0.0000,0.0000,1.00,0.00,0.0000,22,1,368,368,0,0,100,0,14,14,0,0,0,368,0,0,869003264,0.000000,0.000352,18.235799,0.00,2,5,10,18,16,24,26,14,29,32,36,34,43,43,36,0,0,0,0.0011,0.0414,0.0654,0.0034,0.0169,0.0519,0.0443,4.4960,0.0591,0.0000,0.8987,0.0031,0.0001,0.5185,0.0090,0.0038,0.0002
1496,18.6319,0.0583,9.4956,6.0866,,true,0,0.008333,0.0000,0.0000,1.00,0.00,0.0000,22,1,368,368,0,0,100,0,14,14,0,0,0,368,0,0,869003264,0.000000,0.000352,18.235799,0.00,2,5,10,18,16,24,26,14,29,32,36,34,43,43,36,0,0,0,0.0011,0.0426,0.0621,0.0037,0.0165,0.0486,0.0471,6.0866,0.0597,0.0000,0.9762,0.0036,0.0001,0.5296,0.0082,0.0057,0.0002
1497,18.6423,0.0583,11.8520,4.7362,,true,0,0.008333,0.0000,0.0000,1.00,0.00,0.0000,22,1,368,368,0,0,100,0,14,14,0,0,0,368,0,0,869003264,0.000000,0.000352,18.235799,0.00,2,5,10,18,16,24,26,14,29,32,36,34,43,43,36,0,0,0,0.0016,0.0425,0.0721,0.0032,0.0202,0.0516,0.0477,4.7362,0.0556,0.0000,0.9153,0.0038,0.0001,0.5376,0.0084,0.0062,0.0002
1498,18.6527,0.0583,10.1596,4.7618,,true,0,0.008333,0.0000,0.0000,1.00,0.00,0.0000,22,1,368,368,0,0,100,0,14,14,0,0,0,368,0,0,869007360,0.000000,0.000352,18.235799,0.00,2,5,10,18,16,24,26,14,29,32,36,34,43,43,36,0,0,0,0.0015,0.0438,0.0688,0.0044,0.0161,0.0489,0.0452,4.7618,0.0688,0.0000,0.8598,0.0051,0.0001,0.3886,0.0230,0.0055,0.0002
1499,18.6623,0.0583,10.1163,4.2600,,true,0,0.008333,0.0000,0.0000,1.00,0.00,0.0000,22,1,368,368,0,0,100,0,14,14,0,0,0,368,0,0,869007360,0.000000,0.000352,18.235799,0.00,2,5,10,18,16,24,26,14,29,32,36,34,43,43,36,0,0,0,0.0012,0.0473,0.0672,0.0020,0.0097,0.0287,0.0602,4.2600,0.0652,0.0000,0.9062,0.0040,0.0001,0.5490,0.0079,0.0051,0.0002
1500,18.6754,0.0583,12.0299,5.3404,,true,0,0.008333,0.0000,0.0000,1.00,0.00,0.0000,22,1,368,368,0,0,100,0,14,14,0,0,0,368,0,0,869007360,0.000000,0.000352,18.235799,0.00,2,5,10,18,16,24,26,14,29,32,36,34,43,43,36,0,0,0,0.0014,0.0659,0.0732,0.0037,0.0172,0.0588,0.0489,5.3404,0.0544,0.0000,0.9926,0.0044,0.0001,0.5841,0.0091,0.0056,0.0001
1501,18.6860,0.0583,11.0211,4.8685,,true,0,0.008333,0.0000,0.0000,1.00,0.00,0.0000,22,1,368,368,0,0,100,0,14,14,0,0,0,368,0,0,869007360,0.000000,0.000352,18.235799,0.00,2,5,10,18,16,24,26,14,29,32,36,34,43,43,36,0,0,0,0.0014,0.0323,0.0670,0.0032,0.0152,0.0667,0.0370,4.8685,0.0866,0.0000,0.6441,0.0035,0.0001,0.3498,0.0077,0.0055,0.0001
1502,18.6956,0.0583,9.7560,4.8258,,true,0,0.008333,0.0000,0.0000,1.00,0.00,0.0000,22,1,368,368,0,0,100,0,14,14,0,0,0,368,0,0,869007360,0.000000,0.000352,18.235799,0.00,2,5,10,18,16,24,26,14,29,32,36,34,43,43,36,0,0,0,0.0014,0.0536,0.0533,0.0044,0.0199,0.0616,0.0471,4.8258,0.0566,0.0000,0.6518,0.0035,0.0001,0.3505,0.0047,0.0034,0.0001
1503,18.7061,0.0583,9.9964,5.3511,,true,0,0.008333,0.0000,0.0000,1.00,0.00,0.0000,22,1,368,368,0,0,100,0,14,14,0,0,0,368,0,0,869007360,0.000000,0.000352,18.235799,0.00,2,5,10,18,16,24,26,14,29,32,36,34,43,43,36,0,0,0,0.0013,0.0516,0.0684,0.0046,0.0197,0.0595,0.0477,5.3511,0.0625,0.0000,0.9999,0.0033,0.0001,0.5377,0.0228,0.0047,0.0002
1504,18.7174,0.0583,11.8481,4.8886,,true,0,0.008333,0.0000,0.0000,1.00,0.00,0.0000,22,1,368,368,0,0,100,0,14,14,0,0,0,368,0,0,869007360,0.000000,0.000352,18.235799,0.00,2,5,10,18,16,24,26,14,29,32,36,34,43,43,36,0,0,0,0.0011,0.0466,0.0623,0.0042,0.0175,0.0766,0.0513,4.8886,0.0577,0.0000,0.9175,0.0037,0.0001,0.5333,0.0094,0.0051,0.0002
1505,18.7284,0.0583,10.9064,4.9028,,true,0,0.008333,0.0000,0.0000,1.00,0.00,0.0000,22,1,368,368,0,0,100,0,14,14,0,0,0,368,0,0,869007360,0.000000,0.000352,18.235799,0.00,2,5,10,18,16,24,26,14,29,32,36,34,43,43,36,0,0,0,0.0012,0.0463,0.0646,0.0050,0.0183,0.0523,0.0438,4.9028,0.0675,0.0000,0.8994,0.0033,0.0001,0.5279,0.0069,0.0048,0.0001
1506,18.7379,0.0583,9.8156,4.6277,,true,0,0.008333,0.0000,0.0000,1.00,0.00,0.0000,22,1,368,368,0,0,100,0,14,14,0,0,0,368,0,0,869007360,0.000000,0.000352,18.235799,0.00,2,5,10,18,16,24,26,14,29,32,36,34,43,43,36,0,0,0,0.0015,0.0461,0.0632,0.0040,0.0162,0.0541,0.0590,4.6277,0.0610,0.0000,0.9116,0.0039,0.0001,0.5315,0.0068,0.0051,0.0002
1507,18.7491,0.0583,10.0709,5.6479,,true,0,0.008333,0.0000,0.0000,1.00,0.00,0.0000,22,1,368,368,0,0,100,0,14,14,0,0,0,368,0,0,869007360,0.000000,0.000352,18.235799,0.00,2,5,10,18,16,24,26,14,29,32,36,34,43,43,36,0,0,0,0.0013,0.0533,0.0667,0.0043,0.0213,0.0905,0.0473,5.6479,0.0699,0.0000,0.9611,0.0045,0.0001,0.5408,0.0073,0.0059,0.0002
1508,18.7609,0.0583,12.1994,5.0753,,true,0,0.008333,0.0000,0.0000,1.00,0.00,0.0000,22,1,368,368,0,0,100,0,14,14,0,0,0,368,0,0,869011456,0.000000,0.000352,18.235799,0.00,2,5,10,18,16,24,26,14,29,32,36,34,43,43,36,0,0,0,0.0021,0.0441,0.0544,0.0041,0.0164,0.0627,0.0435,5.0753,0.0659,0.0000,0.6959,0.0025,0.0001,0.3765,0.0066,0.0037,0.0001
1509,18.7698,0.0583,9.7588,4.5237,,true,0,0.008333,0.0000,0.0000,1.00,0.00,0.0000,22,1,368,368,0,0,100,0,14,14,0,0,0,368,0,0,869011456,0.000000,0.000352,18.235799,0.00,2,5,10,18,16,24,26,14,29,32,36,34,43,43,36,0,0,0,0.0007,0.0275,0.0418,0.0041,0.0168,0.0613,0.0492,4.5237,0.0484,0.0000,0.6502,0.0023,0.0001,0.3680,0.0053,0.0044,0.0001
1510,18.7800,0.0583,10.0631,4.5238,,true,0,0.008333,0.0000,0.0000,1.00,0.00,0.0000,22,1,368,368,0,0,100,0,14,14,0,0,0,368,0,0,869011456,0.000000,0.000352,18.235799,0.00,2,5,10,18,16,24,26,14,29,32,36,34,43,43,36,0,0,0,0.0026,0.0434,0.0739,0.0023,0.0148,0.0443,0.0495,4.5238,0.0675,0.0000,0.8841,0.0025,0.0001,0.5187,0.0052,0.0036,0.0002
1511,18.7896,0.0583,9.3262,4.7978,,true,0,0.008333,0.0000,0.0000,1.00,0.00,0.0000,22,1,368,368,0,0,100,0,14,14,0,0,0,368,0,0,869011456,0.000000,0.000352,18.235799,0.00,2,5,10,18,16,24,26,14,29,32,36,34,43,43,36,0,0,0,0.0008,0.0325,0.0487,0.0037,0.0163,0.0510,0.0443,4.7978,0.0496,0.0000,0.6911,0.0030,0.0001,0.4015,0.0054,0.0046,0.0002
1512,18.8005,0.0583,10.8015,5.0834,,true,0,0.008333,0.0000,0.0000,1.00,0.00,0.0000,22,1,368,368,0,0,100,0,14,14,0,0,0,368,0,0,869011456,0.000000,0.000352,18.235799,0.00,2,5,10,18,16,24,26,14,29,32,36,34,43,43,36,0,0,0,0.0014,0.0450,0.0687,0.0031,0.0291,0.0553,0.0441,5.0834,0.0640,0.0000,1.0052,0.0040,0.0001,0.5553,0.0085,0.0035,0.0002
1513,18.8102,0.0583,9.9372,4.8331,,true,0,0.008333,0.0000,0.0000,1.00,0.00,0.0000,22,1,368,368,0,0,100,0,14,14,0,0,0,368,0,0,869011456,0.000000,0.000352,18.235799,0.00,2,5,10,18,16,24,26,14,29,32,36,34,43,43,36,0,0,0,0.0013,0.0443,0.0626,0.0023,0.0129,0.0466,0.0630,4.8331,0.0543,0.0000,0.9400,0.0035,0.0001,0.5579,0.0080,0.0046,0.0002
1514,18.8207,0.0583,10.1020,5.3231,,true,1,0.008333,0.0000,0.0083,1.00,0.00,0.0000,22,1,368,368,0,0,100,0,14,14,0,0,0,368,0,0,869011456,0.000000,0.000352,18.540396,0.00,2,5,10,18,16,24,26,14,29,32,36,34,43,43,36,0,0,0,0.0010,0.0466,0.0627,0.0020,0.0124,0.1796,0.0495,5.3231,0.0623,0.0000,0.9547,0.0037,0.0001,0.5591,0.0090,0.0049,0.0002
1515,18.8321,0.0583,10.8675,5.7108,,true,0,0.008333,0.0000,0.0000,1.00,0.00,0.0000,22,1,368,368,0,0,100,0,14,14,0,0,0,368,0,0,869011456,0.000000,0.000352,18.540396,0.00,2,5,10,18,16,24,26,14,29,32,36,34,43,43,36,0,0,0,0.0012,0.0495,0.0656,0.0038,0.0192,0.0513,0.0602,5.7108,0.0663,0.0000,0.9642,0.0035,0.0001,0.5589,0.0085,0.0045,0.0002
1516,18.8425,0.0583,10.9617,5.2493,,true,0,0.008333,0.0000,0.0000,1.00,0.00,0.0000,22,1,368,368,0,0,100,0,14,14,0,0,0,368,0,0,869011456,0.000000,0.000352,18.540396,0.00,2,5,10,18,16,24,26,14,29,32,36,34,43,43,36,0,0,0,0.0009,0.0433,0.0617,0.0042,0.0145,0.0492,0.0634,5.2493,0.0573,0.0000,0.9388,0.0040,0.0001,0.5489,0.0063,0.0053,0.0001
1517,18.8536,0.0583,10.8135,5.0836,,true,0,0.008333,0.0000,0.0000,1.00,0.00,0.0000,22,1,368,368,0,0,100,0,14,14,0,0,0,368,0,0,869015552,0.000000,0.000352,18.540396,0.00,2,5,10,18,16,24,26,14,29,32,36,34,43,43,36,0,0,0,0.0011,0.0382,0.0791,0.0036,0.0146,0.0436,0.0467,5.0836,0.0542,0.0000,0.9671,0.0033,0.0001,0.5708,0.0063,0.0037,0.0002
1518,18.8639,0.0583,10.6564,5.0482,,true,0,0.008333,0.0000,0.0000,1.00,0.00,0.0000,22,1,368,368,0,0,100,0,14,14,0,0,0,368,0,0,869015552,0.000000,0.000352,18.540396,0.00,2,5,10,18,16,24,26,14,29,32,36,34,43,43,36,0,0,0,0.0010,0.0403,0.0617,0.0037,0.0175,0.0402,0.0446,5.0482,0.0604,0.0000,0.9339,0.0058,0.0001,0.5316,0.0064,0.0082,0.0001
1519,18.8748,0.0583,10.7108,5.3966,,true,0,0.008333,0.0000,0.0000,1.00,0.00,0.0000,22,1,368,368,0,0,100,0,14,14,0,0,0,368,0,0,869015552,0.000000,0.000352,18.540396,0.00,2,5,10,18,16,24,26,14,29,32,36,34,43,43,36,0,0,0,0.0016,0.1413,0.0724,0.0175,0.0143,0.0513,0.0519,5.3966,0.0684,0.0000,1.0004,0.0059,0.0001,0.5669,0.0059,0.0049,0.0001
1520,18.8858,0.0583,10.9169,5.1745,,true,0,0.008333,0.0000,0.0000,1.00,0.00,0.0000,22,1,368,368,0,0,100,0,14,14,0,0,0,368,0,0,869015552,0.000000,0.000352,18.540396,0.00,2,5,10,18,16,24,26,14,29,32,36,34,43,43,36,0,0,0,0.0021,0.0545,0.0601,0.0042,0.0187,0.0602,0.0501,5.1745,0.0622,0.0000,0.8953,0.0039,0.0001,0.4878,0.0066,0.0057,0.0001
1521,18.8956,0.0583,10.3864,4.6566,,true,0,0.008333,0.0000,0.0000,1.00,0.00,0.0000,22,1,368,368,0,0,100,0,14,14,0,0,0,368,0,0,869015552,0.000000,0.000352,18.540396,0.00,2,5,10,18,16,24,26,14,29,32,36,34,43,43,36,0,0,0,0.0012,0.0437,0.0619,0.0040,0.0152,0.0569,0.0572,4.6566,0.0573,0.0000,0.9185,0.0032,0.0001,0.5315,0.0067,0.0031,0.0002
1522,18.9087,0.0583,10.0768,7.7380,,true,0,0.008333,0.0000,0.0000,1.00,0.00,0.0000,22,1,368,368,0,0,100,0,14,14,0,0,0,368,0,0,869015552,0.000000,0.000352,18.540396,0.00,2,5,10,18,16,24,26,14,29,32,36,34,43,43,36,0,0,0,0.0028,0.0713,0.0628,0.0046,0.0228,0.0731,0.0523,7.7380,0.0625,0.0000,1.1064,0.0050,0.0001,0.6105,0.0090,0.0064,0.0002
1523,18.9179,0.0583,11.8228,5.3085,,true,0,0.008333,0.0000,0.0000,1.00,0.00,0.0000,22,1,368,368,0,0,100,0,14,14,0,0,0,368,0,0,869015552,0.000000,0.000352,18.540396,0.00,2,5,10,18,16,24,26,14,29,32,36,34,43,43,36,0,0,0,0.0012,0.0521,0.0613,0.0040,0.0132,0.0564,0.0567,5.3085,0.0599,0.0000,0.9826,0.0041,0.0001,0.4835,0.0067,0.0046,0.0002
1524,18.9299,0.0583,11.2780,5.6969,,true,0,0.008333,0.0000,0.0000,1.00,0.00,0.0000,22,1,368,368,0,0,100,0,14,14,0,0,0,368,0,0,869015552,0.000000,0.000352,18.540396,0.00,2,5,10,18,16,24,26,14,29,32,36,34,43,43,36,0,0,0,0.0013,0.0518,0.0642,0.0041,0.0188,0.0612,0.0534,5.6969,0.0823,0.0000,0.9442,0.0033,0.0001,0.5483,0.0071,0.0049,0.0002
1525,18.9400,0.0583,10.5296,5.3229,,true,0,0.008333,0.0000,0.0000,1.00,0.00,0.0000,22,1,368,368,0,0,100,0,14,14,0,0,0,368,0,0,869015552,0.000000,0.000352,18.540396,0.00,2,5,10,18,16,24,26,14,29,32,36,34,43,43,36,0,0,0,0.0012,0.0534,0.0753,0.0044,0.0196,0.0763,0.0503,5.3229,0.0595,0.0000,0.9572,0.0046,0.0001,0.5496,0.0087,0.0040,0.0002
1526,18.9536,0.0583,11.7269,6.6416,,true,0,0.008333,0.0000,0.0000,1.00,0.00,0.0000,22,1,368,368,0,0,100,0,14,14,0,0,0,368,0,0,869228544,0.000000,0.000352,18.540396,0.00,2,5,10,18,16,24,26,14,29,32,36,34,43,43,36,0,0,0,0.0028,0.0498,0.0784,0.0053,0.0225,0.0857,0.0510,6.6416,0.0858,0.0000,1.0122,0.0049,0.0001,0.5633,0.0088,0.0070,0.0002
1527,18.9638,0.0583,11.9855,5.3925,,true,0,0.008333,0.0000,0.0000,1.00,0.00,0.0000,22,1,368,368,0,0,100,0,14,14,0,0,0,368,0,0,869228544,0.000000,0.000352,18.540396,0.00,2,5,10,18,16,24,26,14,29,32,36,34,43,43,36,0,0,0,0.0014,0.0451,0.0650,0.0041,0.0160,0.0558,0.0494,5.3925,0.0518,0.0000,0.9449,0.0034,0.0001,0.5529,0.0065,0.0054,0.0001
1528,18.9767,0.0583,11.6555,6.5835,,true,0,0.008333,0.0000,0.0000,1.00,0.00,0.0000,22,1,368,368,0,0,100,0,14,14,0,0,0,368,0,0,869228544,0.000000,0.000352,18.540396,0.00,2,5,10,18,16,24,26,14,29,32,36,34,43,43,36,0,0,0,0.0014,0.0501,0.0716,0.0056,0.0239,0.1635,0.0460,6.5835,0.0722,0.0000,0.9593,0.0151,0.0001,0.5460,0.0073,0.0052,0.0002
1529,18.9877,0.0583,11.1929,6.5086,,true,0,0.008333,0.0000,0.0000,1.00,0.00,0.0000,22,1,368,368,0,0,100,0,14,14,0,0,0,368,0,0,869228544,0.000000,0.000352,18.540396,0.00,2,5,10,18,16,24,26,14,29,32,36,34,43,43,36,0,0,0,0.0031,0.0570,0.0798,0.0116,0.0213,0.0687,0.0550,6.5086,0.0885,0.0000,1.1640,0.0050,0.0001,0.6347,0.0092,0.0068,0.0002
1530,18.9999,0.0583,13.4105,5.3341,,true,0,0.008333,0.0000,0.0000,1.00,0.00,0.0000,22,1,368,368,0,0,100,0,14,14,0,0,0,368,0,0,869228544,0.000000,0.000352,18.540396,0.00,2,5,10,18,16,24,26,14,29,32,36,34,43,43,36,0,0,0,0.0012,0.0471,0.0676,0.0034,0.0166,0.0586,0.0482,5.3341,0.0699,0.0000,0.9624,0.0033,0.0001,0.5544,0.0071,0.0052,0.0002
1531,19.0274,0.0583,11.6392,21.1647,,true,0,0.008333,0.0000,0.0000,1.00,0.00,0.0000,22,1,368,368,0,0,100,0,14,14,0,0,0,368,0,0,869228544,0.000000,0.000352,18.540396,0.00,2,5,10,18,16,24,26,14,29,32,36,34,43,43,36,0,0,0,0.0023,0.0413,0.1043,0.0048,0.0155,0.0525,0.0465,21.1647,0.0879,0.0000,16.3359,0.0039,1.2991,0.5334,0.0314,0.0068,14.0473
1532,19.0350,0.0583,11.4740,6.3649,,true,0,0.008333,0.0000,0.0000,1.00,0.00,0.0000,22,1,368,368,0,0,100,0,14,14,0,0,0,368,0,0,869228544,0.000000,0.000352,18.540396,0.00,2,5,10,18,16,24,26,14,29,32,36,34,43,43,36,0,0,0,0.0028,0.0573,0.0866,0.0133,0.0244,0.0773,0.0609,6.3649,0.0673,0.0000,1.0069,0.0034,0.0001,0.5943,0.0051,0.0065,0.0002
1533,19.0423,0.0583,18.7564,5.6341,,true,0,0.008333,0.0000,0.0000,1.00,0.00,0.0000,22,1,368,368,0,0,100,0,14,14,0,0,0,368,0,0,869228544,0.000000,0.000352,18.540396,0.00,2,5,10,18,16,24,26,14,29,32,36,34,43,43,36,0,0,0,0.0010,0.0401,0.0877,0.0022,0.0100,0.0406,0.0624,5.6341,0.0497,0.0000,0.7896,0.0016,0.0001,0.4575,0.0041,0.0024,0.0002
1534,19.0496,0.0583,6.2559,6.1193,,true,0,0.008333,0.0000,0.0000,1.00,0.00,0.0000,22,1,368,368,0,0,100,0,14,14,0,0,0,368,0,0,869228544,0.000000,0.000352,18.540396,0.00,2,5,10,18,16,24,26,14,29,32,36,34,43,43,36,0,0,0,0.0012,0.0452,0.1649,0.0032,0.0222,0.0542,0.0469,6.1193,0.0903,0.0000,1.3531,0.0064,0.0001,0.8560,0.0093,0.0095,0.0002
1535,19.0556,0.0583,7.9515,5.0625,,true,0,0.008333,0.0000,0.0000,1.00,0.00,0.0000,22,1,368,368,0,0,100,0,14,14,0,0,0,368,0,0,869228544,0.000000,0.000352,18.540396,0.00,2,5,10,18,16,24,26,14,29,32,36,34,43,43,36,0,0,0,0.0013,0.0457,0.0626,0.0048,0.0222,0.0458,0.0452,5.0625,0.0611,0.0000,0.9610,0.0044,0.0001,0.5579,0.0081,0.0061,0.0002
1536,19.0659,0.0583,9.9996,5.4723,,true,0,0.008333,0.0000,0.0000,1.00,0.00,0.0000,22,1,368,368,0,0,100,0,14,14,0,0,0,368,0,0,869232640,0.000000,0.000352,18.540396,0.00,2,5,10,18,16,24,26,14,29,32,36,34,43,43,36,0,0,0,0.0010,0.0473,0.0659,0.0038,0.0118,0.0516,0.0524,5.4723,0.0590,0.0000,1.0732,0.0050,0.0001,0.6145,0.0146,0.0052,0.0002
1537,19.0774,0.0583,11.6560,5.1630,,true,0,0.008333,0.0000,0.0000,1.00,0.00,0.0000,22,1,368,368,0,0,100,0,14,14,0,0,0,368,0,0,869232640,0.000000,0.000352,18.540396,0.00,2,5,10,18,16,24,26,14,29,32,36,34,43,43,36,0,0,0,0.0013,0.0399,0.0716,0.0054,0.0178,0.0573,0.0519,5.1630,0.0591,0.0000,0.9879,0.0048,0.0001,0.5948,0.0069,0.0045,0.0002
1538,19.0876,0.0583,10.5534,4.6797,,true,0,0.008333,0.0000,0.0000,1.00,0.00,0.0000,22,1,368,368,0,0,100,0,14,14,0,0,0,368,0,0,869232640,0.000000,0.000352,18.540396,0.00,2,5,10,18,16,24,26,14,29,32,36,34,43,43,36,0,0,0,0.0010,0.0397,0.0646,0.0029,0.0166,0.0417,0.0456,4.6797,0.0550,0.0000,0.9000,0.0031,0.0001,0.5403,0.0059,0.0047,0.0002
1539,19.0974,0.0583,9.7841,4.9542,,true,0,0.008333,0.0000,0.0000,1.00,0.00,0.0000,22,1,368,368,0,0,100,0,14,14,0,0,0,368,0,0,869232640,0.000000,0.000352,18.540396,0.00,2,5,10,18,16,24,26,14,29,32,36,34,43,43,36,0,0,0,0.0012,0.0546,0.0572,0.0026,0.0134,0.0417,0.0589,4.9542,0.0635,0.0000,0.8776,0.0035,0.0001,0.4910,0.0065,0.0055,0.0001
1540,19.1087,0.0583,10.3754,5.7247,,true,0,0.008333,0.0000,0.0000,1.00,0.00,0.0000,22,1,368,368,0,0,100,0,14,14,0,0,0,368,0,0,869232640,0.000000,0.000352,18.540396,0.00,2,5,10,18,16,24,26,14,29,32,36,34,43,43,36,0,0,0,0.0012,0.0525,0.0660,0.0054,0.0216,0.0661,0.0555,5.7247,0.0633,0.0000,0.9985,0.0037,0.0001,0.5822,0.0081,0.0061,0.0001
1541,19.1203,0.0583,11.9727,5.1538,,true,0,0.008333,0.0000,0.0000,1.00,0.00,0.0000,22,1,368,368,0,0,100,0,14,14,0,0,0,368,0,0,869232640,0.000000,0.000352,18.540396,0.00,2,5,10,18,16,24,26,14,29,32,36,34,43,43,36,0,0,0,0.0013,0.0459,0.0672,0.0046,0.0193,0.0656,0.0462,5.1538,0.0600,0.0000,0.9431,0.0036,0.0001,0.5462,0.0064,0.0057,0.0002
1542,19.1333,0.0583,10.3597,8.0697,,true,1,0.008333,0.0000,0.0083,1.00,0.00,0.0000,22,1,368,368,0,0,100,0,14,14,0,0,0,368,0,0,869232640,0.000000,0.000352,18.845313,0.00,2,5,10,18,16,24,26,14,29,32,36,34,43,43,36,0,0,0,0.0011,0.0514,0.0912,0.0053,0.0174,0.2489,0.0570,8.0697,0.0779,0.0000,1.1673,0.0037,0.0001,0.6135,0.0084,0.0061,0.0002
1543,19.1440,0.0583,12.3565,6.2539,,true,0,0.008333,0.0000,0.0000,1.00,0.00,0.0000,22,1,368,368,0,0,100,0,14,14,0,0,0,368,0,0,869232640,0.000000,0.000352,18.845313,0.00,2,5,10,18,16,24,26,14,29,32,36,34,43,43,36,0,0,0,0.0014,0.0453,0.0740,0.0030,0.0170,0.0667,0.0549,6.2539,0.0782,0.0000,0.9410,0.0045,0.0001,0.5426,0.0083,0.0057,0.0002
1544,19.1573,0.0583,11.7494,6.8963,,true,0,0.008333,0.0000,0.0000,1.00,0.00,0.0000,22,1,368,368,0,0,100,0,14,14,0,0,0,368,0,0,869232640,0.000000,0.000352,18.845313,0.00,2,5,10,18,16,24,26,14,29,32,36,34,43,43,36,0,0,0,0.0013,0.0530,0.0661,0.0049,0.0298,0.0821,0.0469,6.8963,0.0993,0.0000,0.9042,0.0057,0.0001,0.5159,0.0097,0.0063,0.0001
1545,19.1673,0.0583,12.0284,5.6702,,true,0,0.008333,0.0000,0.0000,1.00,0.00,0.0000,22,1,368,368,0,0,100,0,14,14,0,0,0,368,0,0,869236736,0.000000,0.000352,18.845313,0.00,2,5,10,18,16,24,26,14,29,32,36,34,43,43,36,0,0,0,0.0016,0.0496,0.0791,0.0038,0.0213,0.0665,0.0536,5.6702,0.0681,0.0000,0.9959,0.0037,0.0001,0.5574,0.0114,0.0052,0.0002
1546,19.1791,0.0583,11.3390,5.9720,,true,0,0.008333,0.0000,0.0000,1.00,0.00,0.0000,22,1,368,368,0,0,100,0,14,14,0,0,0,368,0,0,869236736,0.000000,0.000352,18.845313,0.00,2,5,10,18,16,24,26,14,29,32,36,34,43,43,36,0,0,0,0.0010,0.0452,0.0674,0.0056,0.0165,0.0610,0.0452,5.9720,0.0665,0.0000,0.9259,0.0035,0.0001,0.5534,0.0073,0.0047,0.0002
1547,19.1910,0.0583,11.6060,6.2183,,true,0,0.008333,0.0000,0.0000,1.00,0.00,0.0000,22,1,368,368,0,0,100,0,14,14,0,0,0,368,0,0,869236736,0.000000,0.000352,18.845313,0.00,2,5,10,18,16,24,26,14,29,32,36,34,43,43,36,0,0,0,0.0010,0.0456,0.0784,0.0036,0.0180,0.0579,0.0444,6.2183,0.0712,0.0000,1.0019,0.0041,0.0001,0.5886,0.0073,0.0057,0.0002
1548,19.2032,0.0583,12.6754,5.6860,,true,0,0.008333,0.0000,0.0000,1.00,0.00,0.0000,22,1,368,368,0,0,100,0,14,14,0,0,0,368,0,0,869236736,0.000000,0.000352,18.845313,0.00,2,5,10,18,16,24,26,14,29,32,36,34,43,43,36,0,0,0,0.0010,0.0459,0.0934,0.0042,0.0181,0.0608,0.0483,5.6860,0.0827,0.0000,0.9815,0.0035,0.0001,0.5810,0.0077,0.0045,0.0002
1549,19.2144,0.0583,11.7970,5.5445,,true,0,0.008333,0.0000,0.0000,1.00,0.00,0.0000,22,1,368,368,0,0,100,0,14,14,0,0,0,368,0,0,869236736,0.000000,0.000352,18.845313,0.00,2,5,10,18,16,24,26,14,29,32,36,34,43,43,36,0,0,0,0.0012,0.0558,0.0722,0.0045,0.0223,0.0563,0.0501,5.5445,0.0702,0.0000,1.0882,0.0046,0.0001,0.5627,0.0284,0.0047,0.0002
1550,19.2276,0.0583,12.2707,6.2516,,true,0,0.008333,0.0000,0.0000,1.00,0.00,0.0000,22,1,368,368,0,0,100,0,14,14,0,0,0,368,0,0,869236736,0.000000,0.000352,18.845313,0.00,2,5,10,18,16,24,26,14,29,32,36,34,43,43,36,0,0,0,0.0016,0.0531,0.0731,0.0051,0.0210,0.1630,0.0462,6.2516,0.0564,0.0000,1.0155,0.0048,0.0001,0.5849,0.0096,0.0059,0.0002
1551,19.2406,0.0583,13.6710,5.5178,,true,0,0.008333,0.0000,0.0000,1.00,0.00,0.0000,22,1,368,368,0,0,100,0,14,14,0,0,0,368,0,0,869236736,0.000000,0.000352,18.845313,0.00,2,5,10,18,16,24,26,14,29,32,36,34,43,43,36,0,0,0,0.0014,0.0615,0.0655,0.0048,0.0181,0.0580,0.0509,5.5178,0.0639,0.0000,0.9527,0.0041,0.0001,0.5558,0.0078,0.0043,0.0002
1552,19.2524,0.0583,11.9304,5.5002,,true,0,0.008333,0.0000,0.0000,1.00,0.00,0.0000,22,1,368,368,0,0,100,0,14,14,0,0,0,368,0,0,869236736,0.000000,0.000352,18.845313,0.00,2,5,10,18,16,24,26,14,29,32,36,34,43,43,36,0,0,0,0.0015,0.0443,0.0671,0.0060,0.0193,0.0590,0.0474,5.5002,0.0589,0.0000,1.0104,0.0027,0.0002,0.5678,0.0081,0.0040,0.0002
1553,19.2659,0.0583,12.1915,6.7128,,true,0,0.008333,0.0000,0.0000,1.00,0.00,0.0000,22,1,368,368,0,0,100,0,14,14,0,0,0,368,0,0,869236736,0.000000,0.000352,18.845313,0.00,2,5,10,18,16,24,26,14,29,32,36,34,43,43,36,0,0,0,0.0014,0.0644,0.0856,0.0040,0.0250,0.0688,0.0800,6.7128,0.0779,0.0000,1.0269,0.0060,0.0001,0.5636,0.0086,0.0066,0.0001
1554,19.2779,0.0583,13.6892,5.1735,,true,0,0.008333,0.0000,0.0000,1.00,0.00,0.0000,22,1,368,368,0,0,100,0,14,14,0,0,0,368,0,0,869240832,0.000000,0.000352,18.845313,0.00,2,5,10,18,16,24,26,14,29,32,36,34,43,43,36,0,0,0,0.0010,0.0527,0.0801,0.0043,0.0203,0.0695,0.0502,5.1735,0.0657,0.0000,0.9631,0.0028,0.0001,0.5372,0.0072,0.0045,0.0002
1555,19.2910,0.0583,12.3100,5.7559,,true,0,0.008333,0.0000,0.0000,1.00,0.00,0.0000,22,1,368,368,0,0,100,0,14,14,0,0,0,368,0,0,869240832,0.000000,0.000352,18.845313,0.00,2,5,10,18,16,24,26,14,29,32,36,34,43,43,36,0,0,0,0.0022,0.0396,0.0625,0.0037,0.0187,0.0684,0.0441,5.7559,0.0665,0.0000,0.9410,0.0037,0.0001,0.5712,0.0072,0.0041,0.0002
1556,19.3035,0.0583,11.1179,7.3732,,true,0,0.008333,0.0000,0.0000,1.00,0.00,0.0000,22,1,368,368,0,0,100,0,14,14,0,0,0,368,0,0,869240832,0.000000,0.000352,18.845313,0.00,2,5,10,18,16,24,26,14,29,32,36,34,43,43,36,0,0,0,0.0017,0.0609,0.1112,0.0060,0.0267,0.0967,0.0584,7.3732,0.0989,0.0000,1.0952,0.0038,0.0001,0.6830,0.0063,0.0037,0.0001
1557,19.3167,0.0583,13.6619,6.3030,,true,0,0.008333,0.0000,0.0000,1.00,0.00,0.0000,22,1,368,368,0,0,100,0,14,14,0,0,0,368,0,0,869240832,0.000000,0.000352,18.845313,0.00,2,5,10,18,16,24,26,14,29,32,36,34,43,43,36,0,0,0,0.0014,0.0591,0.0658,0.0041,0.0194,0.0800,0.0458,6.3030,0.0836,0.0000,0.9770,0.0042,0.0001,0.5645,0.0082,0.0063,0.0002
1558,19.3269,0.0583,10.6548,6.3880,,true,0,0.008333,0.0000,0.0000,1.00,0.00,0.0000,22,1,368,368,0,0,100,0,14,14,0,0,0,368,0,0,869240832,0.000000,0.000352,18.845313,0.00,2,5,10,18,16,24,26,14,29,32,36,34,43,43,36,0,0,0,0.0025,0.0727,0.0680,0.0056,0.0360,0.1155,0.0532,6.3880,0.0706,0.0000,1.0362,0.0029,0.0001,0.5853,0.0062,0.0054,0.0002
1559,19.3383,0.0583,11.6482,6.0640,,true,0,0.008333,0.0000,0.0000,1.00,0.00,0.0000,22,1,368,368,0,0,100,0,14,14,0,0,0,368,0,0,869240832,0.000000,0.000352,18.845313,0.00,2,5,10,18,16,24,26,14,29,32,36,34,43,43,36,0,0,0,0.0012,0.0557,0.0924,0.0037,0.0219,0.0784,0.0484,6.0640,0.1079,0.0000,1.0476,0.0042,0.0001,0.5876,0.0073,0.0049,0.0002
1560,19.3534,0.0583,12.2847,8.3991,,true,0,0.008333,0.0000,0.0000,1.00,0.00,0.0000,22,1,368,368,0,0,100,0,14,14,0,0,0,368,0,0,869240832,0.000000,0.000352,18.845313,0.00,2,5,10,18,16,24,26,14,29,32,36,34,43,43,36,0,0,0,0.0028,0.0496,0.0880,0.0051,0.0234,0.0855,0.0620,8.3991,0.0679,0.0000,1.0167,0.0045,0.0001,0.5230,0.0159,0.0063,0.0002
1561,19.3667,0.0583,13.8249,7.6532,,true,0,0.008333,0.0000,0.0000,1.00,0.00,0.0000,22,1,368,368,0,0,100,0,14,14,0,0,0,368,0,0,869240832,0.000000,0.000352,18.845313,0.00,2,5,10,18,16,24,26,14,29,32,36,34,43,43,36,0,0,0,0.0011,0.0555,0.0621,0.0073,0.0242,0.0805,0.0377,7.6532,0.0618,0.0000,0.8408,0.0033,0.0001,0.4806,0.0075,0.0041,0.0001
1562,19.3759,0.0583,10.9344,6.6045,,true,0,0.008333,0.0000,0.0000,1.00,0.00,0.0000,22,1,368,368,0,0,100,0,14,14,0,0,0,368,0,0,869240832,0.000000,0.000352,18.845313,0.00,2,5,10,18,16,24,26,14,29,32,36,34,43,43,36,0,0,0,0.0009,0.0374,0.0563,0.0046,0.0132,0.0483,0.0397,6.6045,0.0445,0.0000,1.0665,0.0066,0.0001,0.5967,0.0158,0.0081,0.0002
1563,19.3893,0.0583,12.4610,7.5396,,true,0,0.008333,0.0000,0.0000,1.00,0.00,0.0000,22,1,368,368,0,0,100,0,14,14,0,0,0,368,0,0,869240832,0.000000,0.000352,18.845313,0.00,2,5,10,18,16,24,26,14,29,32,36,34,43,43,36,0,0,0,0.0013,0.0577,0.0849,0.0104,0.0291,0.1170,0.0470,7.5396,0.1040,0.0000,1.0830,0.0043,0.0001,0.5910,0.0065,0.0057,0.0002
1564,19.4018,0.0583,13.0595,6.8283,,true,0,0.008333,0.0000,0.0000,1.00,0.00,0.0000,22,1,368,368,0,0,100,0,14,14,0,0,0,368,0,0,869244928,0.000000,0.000352,18.845313,0.00,2,5,10,18,16,24,26,14,29,32,36,34,43,43,36,0,0,0,0.0018,0.0631,0.0697,0.0072,0.0248,0.1430,0.0532,6.8283,0.0679,0.0000,1.0273,0.0050,0.0001,0.5712,0.0106,0.0084,0.0002
1565,19.4202,0.0583,14.3410,10.8106,,true,0,0.008333,0.0000,0.0000,1.00,0.00,0.0000,22,1,368,368,0,0,100,0,14,14,0,0,0,368,0,0,869244928,0.000000,0.000352,18.845313,0.00,2,5,10,18,16,24,26,14,29,32,36,34,43,43,36,0,0,0,0.0018,0.0681,0.1375,0.0052,0.0290,0.0917,0.0471,10.8106,0.1726,0.0000,2.0605,0.0064,0.0001,1.2565,0.0161,0.0160,0.0002
1566,19.4367,0.0583,17.3827,8.9845,,true,1,0.008333,0.0000,0.0083,1.00,0.00,0.0000,22,1,368,368,0,0,100,0,14,14,0,0,0,368,0,0,869244928,0.000000,0.000352,19.150172,0.00,2,5,10,18,16,24,26,14,29,32,36,34,43,43,36,0,0,0,0.0013,0.0484,0.1550,0.0040,0.0220,0.2698,0.0491,8.9845,0.1636,0.0000,1.8351,0.0051,0.0001,1.3153,0.0125,0.0068,0.0002
1567,19.4467,0.0583,12.6859,7.2382,,true,0,0.008333,0.0000,0.0000,1.00,0.00,0.0000,22,1,368,368,0,0,100,0,14,14,0,0,0,368,0,0,869244928,0.000000,0.000352,19.150172,0.00,2,5,10,18,16,24,26,14,29,32,36,34,43,43,36,0,0,0,0.0033,0.0454,0.0717,0.0045,0.0227,0.0779,0.0460,7.2382,0.0663,0.0000,0.9835,0.0046,0.0001,0.5722,0.0082,0.0071,0.0002
1568,19.4605,0.0583,12.8222,8.0738,,true,0,0.008333,0.0000,0.0000,1.00,0.00,0.0000,22,1,368,368,0,0,100,0,14,14,0,0,0,368,0,0,869244928,0.000000,0.000352,19.150172,0.00,2,5,10,18,16,24,26,14,29,32,36,34,43,43,36,0,0,0,0.0016,0.0504,0.0763,0.0038,0.0228,0.0779,0.0464,8.0738,0.0897,0.0000,0.9882,0.0040,0.0001,0.5771,0.0076,0.0078,0.0002
1569,19.4721,0.0583,12.8240,6.9495,,true,0,0.008333,0.0000,0.0000,1.00,0.00,0.0000,22,1,368,368,0,0,100,0,14,14,0,0,0,368,0,0,869244928,0.000000,0.000352,19.150172,0.00,2,5,10,18,16,24,26,14,29,32,36,34,43,43,36,0,0,0,0.0012,0.0562,0.0631,0.0058,0.0296,0.1288,0.0456,6.9495,0.0839,0.0000,0.9392,0.0045,0.0001,0.5172,0.0102,0.0063,0.0002
1570,19.4863,0.0583,12.6676,8.6815,,true,0,0.008333,0.0000,0.0000,1.00,0.00,0.0000,22,1,368,368,0,0,100,0,14,14,0,0,0,368,0,0,869244928,0.000000,0.000352,19.150172,0.00,2,5,10,18,16,24,26,14,29,32,36,34,43,43,36,0,0,0,0.0018,0.0725,0.0801,0.0047,0.0194,0.0691,0.0616,8.6815,0.1192,0.0000,1.2758,0.0059,0.0001,0.6870,0.0243,0.0071,0.0002
1571,19.4992,0.0583,13.8558,7.4601,,true,0,0.008333,0.0000,0.0000,1.00,0.00,0.0000,22,1,368,368,0,0,100,0,14,14,0,0,0,368,0,0,869244928,0.000000,0.000352,19.150172,0.00,2,5,10,18,16,24,26,14,29,32,36,34,43,43,36,0,0,0,0.0016,0.0671,0.0561,0.0050,0.0394,0.0840,0.0502,7.4601,0.0580,0.0000,0.9818,0.0056,0.0001,0.5293,0.0100,0.0068,0.0001
1572,19.5132,0.0583,11.8183,9.4694,,true,0,0.008333,0.0000,0.0000,1.00,0.00,0.0000,22,1,368,368,0,0,100,0,14,14,0,0,0,368,0,0,869244928,0.000000,0.000352,19.150172,0.00,2,5,10,18,16,24,26,14,29,32,36,34,43,43,36,0,0,0,0.0037,0.0684,0.0836,0.0065,0.0328,0.1764,0.0674,9.4694,0.0890,0.0000,1.2287,0.0074,0.0001,0.6943,0.0101,0.0085,0.0002
1573,19.5258,0.0583,15.1184,7.1911,,true,0,0.008333,0.0000,0.0000,1.00,0.00,0.0000,22,1,368,368,0,0,100,0,14,14,0,0,0,368,0,0,869249024,0.000000,0.000352,19.150172,0.00,2,5,10,18,16,24,26,14,29,32,36,34,43,43,36,0,0,0,0.0069,0.0741,0.0723,0.0058,0.0250,0.0923,0.1085,7.1911,0.0790,0.0000,1.0725,0.0059,0.0001,0.5392,0.0097,0.0062,0.0002
1574,19.5401,0.0583,11.9016,8.6856,,true,0,0.008333,0.0000,0.0000,1.00,0.00,0.0000,22,1,368,368,0,0,100,0,14,14,0,0,0,368,0,0,869249024,0.000000,0.000352,19.150172,0.00,2,5,10,18,16,24,26,14,29,32,36,34,43,43,36,0,0,0,0.0010,0.0581,0.0596,0.0024,0.0219,0.0880,0.0459,8.6856,0.0678,0.0000,0.9691,0.0057,0.0001,0.5333,0.0097,0.0073,0.0001
1575,19.5543,0.0583,14.1427,9.6016,,true,0,0.008333,0.0000,0.0000,1.00,0.00,0.0000,22,1,368,368,0,0,100,0,14,14,0,0,0,368,0,0,869322752,0.000000,0.000352,19.150172,0.00,2,5,10,18,16,24,26,14,29,32,36,34,43,43,36,0,0,0,0.0015,0.0680,0.0799,0.0068,0.0516,0.1020,0.0636,9.6016,0.0957,0.0000,1.2119,0.0058,0.0002,0.6812,0.0121,0.0076,0.0002
1576,19.5664,0.0583,14.2026,7.0219,,true,0,0.008333,0.0000,0.0000,1.00,0.00,0.0000,22,1,368,368,0,0,100,0,14,14,0,0,0,368,0,0,869322752,0.000000,0.000352,19.150172,0.00,2,5,10,18,16,24,26,14,29,32,36,34,43,43,36,0,0,0,0.0010,0.0533,0.0549,0.0091,0.0230,0.0775,0.0388,7.0219,0.0737,0.0000,0.9824,0.0038,0.0001,0.5838,0.0088,0.0054,0.0001
1577,19.5777,0.0583,11.5046,7.6392,,true,0,0.008333,0.0000,0.0000,1.00,0.00,0.0000,22,1,368,368,0,0,100,0,14,14,0,0,0,368,0,0,869322752,0.000000,0.000352,19.150172,0.00,2,5,10,18,16,24,26,14,29,32,36,34,43,43,36,0,0,0,0.0026,0.0727,0.0718,0.0057,0.0292,0.0739,0.0651,7.6392,0.0685,0.0000,0.9387,0.0048,0.0001,0.5558,0.0074,0.0052,0.0001
1578,19.5919,0.0583,12.5296,8.5273,,true,0,0.008333,0.0000,0.0000,1.00,0.00,0.0000,22,1,368,368,0,0,100,0,14,14,0,0,0,368,0,0,869322752,0.000000,0.000352,19.150172,0.00,2,5,10,18,16,24,26,14,29,32,36,34,43,43,36,0,0,0,0.0020,0.0593,0.0805,0.0077,0.0339,0.1126,0.0474,8.5273,0.1018,0.0000,1.2240,0.0040,0.0001,0.7556,0.0108,0.0065,0.0001
1579,19.6040,0.0583,13.5992,7.5544,,true,0,0.008333,0.0000,0.0000,1.00,0.00,0.0000,22,1,368,368,0,0,100,0,14,14,0,0,0,368,0,0,869322752,0.000000,0.000352,19.150172,0.00,2,5,10,18,16,24,26,14,29,32,36,34,43,43,36,0,0,0,0.0011,0.0498,0.0714,0.0027,0.0161,0.0602,0.0462,7.5544,0.1387,0.0000,0.9880,0.0015,0.0001,0.5874,0.0089,0.0024,0.0001
1580,19.6176,0.0583,12.7207,8.1071,,true,0,0.008333,0.0000,0.0000,1.00,0.00,0.0000,22,1,368,368,0,0,100,0,14,14,0,0,0,368,0,0,869322752,0.000000,0.000352,19.150172,0.00,2,5,10,18,16,24,26,14,29,32,36,34,43,43,36,0,0,0,0.0027,0.0654,0.0840,0.0030,0.0265,0.1034,0.0466,8.1071,0.0523,0.0000,1.2325,0.0041,0.0001,0.6528,0.0109,0.0070,0.0002
1581,19.6277,0.0583,11.6989,7.1949,,true,0,0.008333,0.0000,0.0000,1.00,0.00,0.0000,22,1,368,368,0,0,100,0,14,14,0,0,0,368,0,0,869322752,0.000000,0.000352,19.150172,0.00,2,5,10,18,16,24,26,14,29,32,36,34,43,43,36,0,0,0,0.0023,0.0465,0.0623,0.0094,0.0409,0.1036,0.0774,7.1949,0.0749,0.0000,0.8618,0.0040,0.0001,0.4850,0.0162,0.0051,0.0002
1582,19.6427,0.0583,14.7589,6.7298,,true,0,0.008333,0.0000,0.0000,1.00,0.00,0.0000,22,1,368,368,0,0,100,0,14,14,0,0,0,368,0,0,869326848,0.000000,0.000352,19.150172,0.00,2,5,10,18,16,24,26,14,29,32,36,34,43,43,36,0,0,0,0.0012,0.0493,0.0563,0.0048,0.0260,0.0722,0.0471,6.7298,0.0587,0.0000,0.8587,0.0029,0.0001,0.4730,0.0086,0.0042,0.0002
1583,19.6534,0.0583,10.8185,7.0851,,true,0,0.008333,0.0000,0.0000,1.00,0.00,0.0000,22,1,368,368,0,0,100,0,14,14,0,0,0,368,0,0,869326848,0.000000,0.000352,19.150172,0.00,2,5,10,18,16,24,26,14,29,32,36,34,43,43,36,0,0,0,0.0016,0.0434,0.0609,0.0049,0.0200,0.0740,0.0561,7.0851,0.0711,0.0000,0.8501,0.0028,0.0001,0.4882,0.0090,0.0048,0.0002
1584,19.6666,0.0583,13.0153,6.9738,,true,0,0.008333,0.0000,0.0000,1.00,0.00,0.0000,22,1,368,368,0,0,100,0,14,14,0,0,0,368,0,0,869326848,0.000000,0.000352,19.150172,0.00,2,5,10,18,16,24,26,14,29,32,36,34,43,43,36,0,0,0,0.0017,0.0554,0.0774,0.0054,0.0224,0.0820,0.0954,6.9738,0.0692,0.0000,1.2591,0.0040,0.0001,0.7548,0.0089,0.0060,0.0002
1585,19.6840,0.0583,15.7307,8.5762,,true,0,0.008333,0.0000,0.0000,1.00,0.00,0.0000,22,1,368,368,0,0,100,0,14,14,0,0,0,368,0,0,869326848,0.000000,0.000352,19.150172,0.00,2,5,10,18,16,24,26,14,29,32,36,34,43,43,36,0,0,0,0.0020,0.0786,0.0807,0.0060,0.0242,0.1087,0.0605,8.5762,0.0823,0.0000,1.5293,0.0047,0.0002,0.9283,0.0087,0.0094,0.0002
1586,19.6966,0.0583,12.2603,9.0235,,true,0,0.008333,0.0000,0.0000,1.00,0.00,0.0000,22,1,368,368,0,0,100,0,14,14,0,0,0,368,0,0,869326848,0.000000,0.000352,19.150172,0.00,2,5,10,18,16,24,26,14,29,32,36,34,43,43,36,0,0,0,0.0027,0.0678,0.1005,0.0033,0.0259,0.0754,0.0784,9.0235,0.1136,0.0000,1.2079,0.0043,0.0001,0.6354,0.0080,0.0055,0.0002
1587,19.7079,0.0583,11.7683,8.6241,,true,0,0.008333,0.0000,0.0000,1.00,0.00,0.0000,22,1,368,368,0,0,100,0,14,14,0,0,0,368,0,0,869326848,0.000000,0.000352,19.150172,0.00,2,5,10,18,16,24,26,14,29,32,36,34,43,43,36,0,0,0,0.0032,0.0635,0.0862,0.0047,0.0242,0.0923,0.0623,8.6241,0.1522,0.0000,1.2477,0.0043,0.0002,0.7044,0.0097,0.0055,0.0002
1588,19.7226,0.0583,13.5818,9.4570,,true,0,0.008333,0.0000,0.0000,1.00,0.00,0.0000,22,1,368,368,0,0,100,0,14,14,0,0,0,368,0,0,869326848,0.000000,0.000352,19.150172,0.00,2,5,10,18,16,24,26,14,29,32,36,34,43,43,36,0,0,0,0.0021,0.0817,0.0663,0.0043,0.0212,0.0954,0.0678,9.4570,0.0658,0.0000,1.5483,0.0054,0.0001,0.7999,0.0055,0.0063,0.0005
1589,19.7350,0.0583,14.3408,7.5467,,true,0,0.008333,0.0000,0.0000,1.00,0.00,0.0000,22,1,368,368,0,0,100,0,14,14,0,0,0,368,0,0,869326848,0.000000,0.000352,19.150172,0.00,2,5,10,18,16,24,26,14,29,32,36,34,43,43,36,0,0,0,0.0024,0.0478,0.0748,0.0062,0.0191,0.0908,0.0425,7.5467,0.0812,0.0000,0.8428,0.0038,0.0001,0.4887,0.0056,0.0049,0.0001
1590,19.7464,0.0583,10.1957,9.2729,,true,1,0.008333,0.0000,0.0083,1.00,0.00,0.0000,22,1,368,368,0,0,100,0,14,14,0,0,0,368,0,0,869326848,0.000000,0.000352,19.456354,0.00,2,5,10,18,16,24,26,14,29,32,36,34,43,43,36,0,0,0,0.0019,0.0643,0.0884,0.0031,0.0225,0.2759,0.0723,9.2729,0.0693,0.0000,1.1677,0.0560,0.0001,0.6050,0.0070,0.0057,0.0002
1591,19.7594,0.0583,14.1260,7.7924,,true,0,0.008333,0.0000,0.0000,1.00,0.00,0.0000,22,1,368,368,0,0,100,0,14,14,0,0,0,368,0,0,869330944,0.000000,0.000352,19.456354,0.00,2,5,10,18,16,24,26,14,29,32,36,34,43,43,36,0,0,0,0.0020,0.0681,0.0760,0.0055,0.0479,0.0971,0.0624,7.7924,0.0649,0.0000,1.2567,0.0062,0.0001,0.6735,0.0128,0.0077,0.0002
1592,19.7856,0.0583,11.4372,22.7459,,true,0,0.008333,0.0000,0.0000,1.00,0.00,0.0000,22,1,368,368,0,0,100,0,14,14,0,0,0,368,0,0,869330944,0.000000,0.000352,19.456354,0.00,2,5,10,18,16,24,26,14,29,32,36,34,43,43,36,0,0,0,0.0066,0.0781,0.0602,0.0335,0.0216,0.0810,0.0503,22.7459,0.0428,0.0000,16.8501,0.0061,1.2975,0.5405,0.0388,0.0105,14.3887
1593,19.7940,0.0583,11.6452,6.9072,,true,0,0.008333,0.0000,0.0000,1.00,0.00,0.0000,22,1,368,368,0,0,100,0,14,14,0,0,0,368,0,0,869330944,0.000000,0.000352,19.456354,0.00,2,5,10,18,16,24,26,14,29,32,36,34,43,43,36,0,0,0,0.0023,0.1053,0.1028,0.0036,0.0163,0.0474,0.0440,6.9072,0.0807,0.0000,1.2140,0.0024,0.0002,0.7424,0.0045,0.0030,0.0003
1594,19.8022,0.0583,21.3596,6.6859,,true,0,0.008333,0.0000,0.0000,1.00,0.00,0.0000,22,1,368,368,0,0,100,0,14,14,0,0,0,368,0,0,869330944,0.000000,0.000352,19.456354,0.00,2,5,10,18,16,24,26,14,29,32,36,34,43,43,36,0,0,0,0.0030,0.0616,0.0795,0.0048,0.0225,0.0663,0.0620,6.6859,0.1412,0.0000,1.2749,0.0032,0.0002,0.7027,0.0086,0.0057,0.0002
1595,19.8095,0.0583,7.2901,6.0399,,true,0,0.008333,0.0000,0.0000,1.00,0.00,0.0000,22,1,368,368,0,0,100,0,14,14,0,0,0,368,0,0,869330944,0.000000,0.000352,19.456354,0.00,2,5,10,18,16,24,26,14,29,32,36,34,43,43,36,0,0,0,0.0017,0.0418,0.1198,0.0058,0.0260,0.0462,0.0551,6.0399,0.0929,0.0000,0.9442,0.0025,0.0001,0.4950,0.0052,0.0027,0.0002
1596,19.8164,0.0583,7.1579,5.7939,,true,0,0.008333,0.0000,0.0000,1.00,0.00,0.0000,22,1,368,368,0,0,100,0,14,14,0,0,0,368,0,0,869330944,0.000000,0.000352,19.456354,0.00,2,5,10,18,16,24,26,14,29,32,36,34,43,43,36,0,0,0,0.0013,0.0470,0.0950,0.0044,0.0182,0.0587,0.0654,5.7939,0.0410,0.0000,1.1248,0.0044,0.0001,0.7003,0.0072,0.0063,0.0002
1597,19.8258,0.0583,8.3662,7.3012,,true,0,0.008333,0.0000,0.0000,1.00,0.00,0.0000,22,1,368,368,0,0,100,0,14,14,0,0,0,368,0,0,869330944,0.000000,0.000352,19.456354,0.00,2,5,10,18,16,24,26,14,29,32,36,34,43,43,36,0,0,0,0.0017,0.0625,0.0808,0.0049,0.0238,0.0687,0.0634,7.3012,0.0657,0.0000,1.6414,0.0039,0.0002,0.9947,0.0072,0.0040,0.0003
1598,19.8366,0.0583,11.2156,6.7886,,true,0,0.008333,0.0000,0.0000,1.00,0.00,0.0000,22,1,368,368,0,0,100,0,14,14,0,0,0,368,0,0,869330944,0.000000,0.000352,19.456354,0.00,2,5,10,18,16,24,26,14,29,32,36,34,43,43,36,0,0,0,0.0017,0.0602,0.0776,0.0046,0.0232,0.0875,0.0584,6.7886,0.0796,0.0000,1.1856,0.0060,0.0002,0.7059,0.0097,0.0067,0.0002
1599,19.8488,0.0583,11.9010,7.1285,,true,0,0.008333,0.0000,0.0000,1.00,0.00,0.0000,22,1,368,368,0,0,100,0,14,14,0,0,0,368,0,0,869330944,0.000000,0.000352,19.456354,0.00,2,5,10,18,16,24,26,14,29,32,36,34,43,43,36,0,0,0,0.0012,0.0569,0.0707,0.0030,0.0180,0.0634,0.0527,7.1285,0.0642,0.0000,1.4544,0.0054,0.0001,0.9102,0.0228,0.0063,0.0002
1600,19.8591,0.0583,10.8162,6.5297,,true,0,0.008333,0.0000,0.0000,1.00,0.00,0.0000,22,1,368,368,0,0,100,0,14,14,0,0,0,368,0,0,869330944,0.000000,0.000352,19.456354,0.00,2,5,10,18,16,24,26,14,29,32,36,34,43,43,36,0,0,0,0.0014,0.0492,0.0706,0.0052,0.0264,0.0713,0.0588,6.5297,0.0629,0.0000,1.1447,0.0044,0.0001,0.6353,0.0081,0.0053,0.0002
1601,19.8693,0.0583,9.6639,7.1627,,true,0,0.008333,0.0000,0.0000,1.00,0.00,0.0000,22,1,368,368,0,0,100,0,14,14,0,0,0,368,0,0,869335040,0.000000,0.000352,19.456354,0.00,2,5,10,18,16,24,26,14,29,32,36,34,43,43,36,0,0,0,0.0009,0.0531,0.0998,0.0043,0.0288,0.0900,0.0479,7.1627,0.1134,0.0000,0.9568,0.0039,0.0001,0.5472,0.0068,0.0043,0.0001
1602,19.8821,0.0583,12.7340,7.1374,,true,0,0.008333,0.0000,0.0000,1.00,0.00,0.0000,22,1,368,368,0,0,100,0,14,14,0,0,0,368,0,0,869335040,0.000000,0.000352,19.456354,0.00,2,5,10,18,16,24,26,14,29,32,36,34,43,43,36,0,0,0,0.0017,0.0660,0.0733,0.0071,0.0260,0.0638,0.0546,7.1374,0.0649,0.0000,1.1411,0.0024,0.0001,0.6559,0.0105,0.0078,0.0002
1603,19.8906,0.0583,10.1856,5.7535,,true,0,0.008333,0.0000,0.0000,1.00,0.00,0.0000,22,1,368,368,0,0,100,0,14,14,0,0,0,368,0,0,869335040,0.000000,0.000352,19.456354,0.00,2,5,10,18,16,24,26,14,29,32,36,34,43,43,36,0,0,0,0.0013,0.0608,0.0821,0.0043,0.0303,0.0590,0.0600,5.7535,0.0893,0.0000,1.1895,0.0062,0.0001,0.6582,0.0106,0.0094,0.0004
1604,19.9028,0.0583,10.8078,7.0985,,true,0,0.008333,0.0000,0.0000,1.00,0.00,0.0000,22,1,368,368,0,0,100,0,14,14,0,0,0,368,0,0,869359616,0.000000,0.000352,19.456354,0.00,2,5,10,18,16,24,26,14,29,32,36,34,43,43,36,0,0,0,0.0017,0.0659,0.0782,0.0042,0.0212,0.0810,0.0600,7.0985,0.0789,0.0000,1.2191,0.0048,0.0001,0.7422,0.0095,0.0059,0.0002
1605,19.9159,0.0583,11.7211,7.9684,,true,0,0.008333,0.0000,0.0000,1.00,0.00,0.0000,22,1,368,368,0,0,100,0,14,14,0,0,0,368,0,0,869359616,0.000000,0.000352,19.456354,0.00,2,5,10,18,16,24,26,14,29,32,36,34,43,43,36,0,0,0,0.0017,0.0571,0.0811,0.0055,0.0283,0.1163,0.0572,7.9684,0.0838,0.0000,1.1623,0.0045,0.0001,0.6755,0.0091,0.0062,0.0002
1606,19.9284,0.0583,13.3132,7.3404,,true,0,0.008333,0.0000,0.0000,1.00,0.00,0.0000,22,1,368,368,0,0,100,0,14,14,0,0,0,368,0,0,869359616,0.000000,0.000352,19.456354,0.00,2,5,10,18,16,24,26,14,29,32,36,34,43,43,36,0,0,0,0.0013,0.0829,0.0746,0.0046,0.0220,0.0981,0.0627,7.3404,0.0795,0.0000,1.1309,0.0045,0.0001,0.6531,0.0104,0.0069,0.0007
1607,19.9434,0.0583,13.5666,8.5342,,true,0,0.008333,0.0000,0.0000,1.00,0.00,0.0000,22,1,368,368,0,0,100,0,14,14,0,0,0,368,0,0,869359616,0.000000,0.000352,19.456354,0.00,2,5,10,18,16,24,26,14,29,32,36,34,43,43,36,0,0,0,0.0019,0.0755,0.0832,0.0030,0.0260,0.0917,0.0646,8.5342,0.0616,0.0000,1.7272,0.0057,0.0002,0.9997,0.0122,0.0068,0.0002
1608,19.9575,0.0583,12.8464,9.8139,,true,0,0.008333,0.0000,0.0000,1.00,0.00,0.0000,22,1,368,368,0,0,100,0,14,14,0,0,0,368,0,0,869359616,0.000000,0.000352,19.456354,0.00,2,5,10,18,16,24,26,14,29,32,36,34,43,43,36,0,0,0,0.0035,0.0680,0.0818,0.0057,0.0303,0.1437,0.0596,9.8139,0.0829,0.0000,1.2407,0.0063,0.0002,0.7003,0.0080,0.0073,0.0002
1609,19.9690,0.0583,13.0159,8.2877,,true,0,0.008333,0.0000,0.0000,1.00,0.00,0.0000,22,1,368,368,0,0,100,0,14,14,0,0,0,368,0,0,869359616,0.000000,0.000352,19.456354,0.00,2,5,10,18,16,24,26,14,29,32,36,34,43,43,36,0,0,0,0.0016,0.0727,0.0811,0.0060,0.0265,0.0951,0.0591,8.2877,0.0759,0.0000,1.1777,0.0053,0.0001,0.6596,0.0091,0.0064,0.0002
1610,19.9831,0.0583,13.3766,8.5956,,true,0,0.008333,0.0000,0.0000,1.00,0.00,0.0000,22,1,368,368,0,0,100,0,14,14,0,0,0,368,0,0,869363712,0.000000,0.000352,19.456354,0.00,2,5,10,18,16,24,26,14,29,32,36,34,43,43,36,0,0,0,0.0018,0.0767,0.0881,0.0063,0.0313,0.0917,0.0620,8.5956,0.0810,0.0000,1.3589,0.0044,0.0002,0.6570,0.0123,0.0059,0.0003
1611,19.9987,0.0583,12.7261,11.0120,,true,0,0.008333,0.0000,0.0000,1.00,0.00,0.0000,22,1,368,368,0,0,100,0,14,14,0,0,0,368,0,0,869363712,0.000000,0.000352,19.456354,0.00,2,5,10,18,16,24,26,14,29,32,36,34,43,43,36,0,0,0,0.0048,0.0678,0.1081,0.0080,0.0364,0.1955,0.0804,11.0120,0.1597,0.0000,1.1882,0.0033,0.0001,0.6740,0.0136,0.0045,0.0002
1612,20.0103,0.0583,15.7242,7.9272,,true,0,0.008333,0.0000,0.0000,1.00,0.00,0.0000,22,1,368,368,0,0,100,0,14,14,0,0,0,368,0,0,869363712,0.000000,0.000352,19.456354,0.00,2,5,10,18,16,24,26,14,29,32,36,34,43,43,36,0,0,0,0.0018,0.0698,0.0689,0.0056,0.0242,0.1118,0.0633,7.9272,0.0957,0.0000,1.1614,0.0042,0.0002,0.6560,0.0080,0.0052,0.0002
1613,20.0198,0.0583,10.1211,7.5800,,true,0,0.008333,0.0000,0.0000,1.00,0.00,0.0000,22,1,368,368,0,0,100,0,14,14,0,0,0,368,0,0,869363712,0.000000,0.000352,19.456354,0.00,2,5,10,18,16,24,26,14,29,32,36,34,43,43,36,0,0,0,0.0020,0.0644,0.0851,0.0066,0.0276,0.1225,0.0608,7.5800,0.0932,0.0000,1.1508,0.0049,0.0001,0.6547,0.0080,0.0059,0.0002
1614,20.0361,0.0583,15.5029,7.9779,,true,0,0.008333,0.0000,0.0000,1.00,0.00,0.0000,22,1,368,368,0,0,100,0,14,14,0,0,0,368,0,0,869363712,0.000000,0.000352,19.456354,0.00,2,5,10,18,16,24,26,14,29,32,36,34,43,43,36,0,0,0,0.0017,0.0717,0.0954,0.0047,0.0291,0.0993,0.0594,7.9779,0.0993,0.0000,1.1694,0.0043,0.0001,0.6534,0.0082,0.0065,0.0002
1615,20.0480,0.0583,11.4566,8.3442,,true,1,0.008333,0.0000,0.0083,1.00,0.00,0.0000,22,1,368,368,0,0,100,0,14,14,0,0,0,368,0,0,869363712,0.000000,0.000352,19.762257,0.00,2,5,10,18,16,24,26,14,29,32,36,34,43,43,36,0,0,0,0.0013,0.0455,0.0848,0.0040,0.0239,0.2883,0.0473,8.3442,0.0929,0.0000,1.0529,0.0039,0.0001,0.6407,0.0047,0.0072,0.0001
1616,20.0577,0.0583,11.0880,7.2386,,true,0,0.008333,0.0000,0.0000,1.00,0.00,0.0000,22,1,368,368,0,0,100,0,14,14,0,0,0,368,0,0,869363712,0.000000,0.000352,19.762257,0.00,2,5,10,18,16,24,26,14,29,32,36,34,43,43,36,0,0,0,0.0014,0.0559,0.0662,0.0049,0.0203,0.0787,0.0431,7.2386,0.0850,0.0000,0.9438,0.0045,0.0001,0.5532,0.0115,0.0056,0.0001
1617,20.0719,0.0583,11.8395,9.5802,,true,0,0.008333,0.0000,0.0000,1.00,0.00,0.0000,22,1,368,368,0,0,100,0,14,14,0,0,0,368,0,0,869363712,0.000000,0.000352,19.762257,0.00,2,5,10,18,16,24,26,14,29,32,36,34,43,43,36,0,0,0,0.0019,0.0621,0.0966,0.0053,0.0262,0.0970,0.0674,9.5802,0.0862,0.0000,1.1893,0.0042,0.0001,0.6915,0.0102,0.0055,0.0002
1618,20.0837,0.0583,14.3668,6.9034,,true,0,0.008333,0.0000,0.0000,1.00,0.00,0.0000,22,1,368,368,0,0,100,0,14,14,0,0,0,368,0,0,869363712,0.000000,0.000352,19.762257,0.00,2,5,10,18,16,24,26,14,29,32,36,34,43,43,36,0,0,0,0.0063,0.0658,0.0647,0.0044,0.0248,0.0694,0.0499,6.9034,0.0628,0.0000,0.9629,0.0058,0.0001,0.5672,0.0072,0.0027,0.0001
1619,20.0936,0.0583,10.5492,6.5335,,true,0,0.008333,0.0000,0.0000,1.00,0.00,0.0000,22,1,368,368,0,0,100,0,14,14,0,0,0,368,0,0,869367808,0.000000,0.000352,19.762257,0.00,2,5,10,18,16,24,26,14,29,32,36,34,43,43,36,0,0,0,0.0014,0.0529,0.0762,0.0072,0.0183,0.0717,0.0626,6.5335,0.0775,0.0000,1.1193,0.0034,0.0002,0.6607,0.0071,0.0050,0.0002
1620,20.1052,0.0583,11.2736,6.8126,,true,0,0.008333,0.0000,0.0000,1.00,0.00,0.0000,22,1,368,368,0,0,100,0,14,14,0,0,0,368,0,0,869367808,0.000000,0.000352,19.762257,0.00,2,5,10,18,16,24,26,14,29,32,36,34,43,43,36,0,0,0,0.0013,0.0573,0.0762,0.0039,0.0226,0.0799,0.0541,6.8126,0.0671,0.0000,1.1168,0.0047,0.0001,0.6513,0.0077,0.0168,0.0002
1621,20.1172,0.0583,11.8210,6.8411,,true,0,0.008333,0.0000,0.0000,1.00,0.00,0.0000,22,1,368,368,0,0,100,0,14,14,0,0,0,368,0,0,869367808,0.000000,0.000352,19.762257,0.00,2,5,10,18,16,24,26,14,29,32,36,34,43,43,36,0,0,0,0.0015,0.0558,0.0709,0.0039,0.0228,0.0806,0.0536,6.8411,0.0682,0.0000,1.1198,0.0043,0.0001,0.6631,0.0090,0.0058,0.0002
1622,20.1272,0.0583,10.9029,5.8683,,true,0,0.008333,0.0000,0.0000,1.00,0.00,0.0000,22,1,368,368,0,0,100,0,14,14,0,0,0,368,0,0,869367808,0.000000,0.000352,19.762257,0.00,2,5,10,18,16,24,26,14,29,32,36,34,43,43,36,0,0,0,0.0017,0.0562,0.0750,0.0038,0.0233,0.0807,0.0550,5.8683,0.0808,0.0000,1.1139,0.0043,0.0001,0.6465,0.0067,0.0054,0.0002
1623,20.1408,0.0583,12.3709,6.6489,,true,0,0.008333,0.0000,0.0000,1.00,0.00,0.0000,22,1,368,368,0,0,100,0,14,14,0,0,0,368,0,0,869367808,0.000000,0.000352,19.762257,0.00,2,5,10,18,16,24,26,14,29,32,36,34,43,43,36,0,0,0,0.0017,0.0557,0.0810,0.0080,0.0218,0.0891,0.0542,6.6489,0.0785,0.0000,1.1455,0.0050,0.0001,0.6457,0.0078,0.0049,0.0002
1624,20.1531,0.0583,12.1604,7.4353,,true,0,0.008333,0.0000,0.0000,1.00,0.00,0.0000,22,1,368,368,0,0,100,0,14,14,0,0,0,368,0,0,869367808,0.000000,0.000352,19.762257,0.00,2,5,10,18,16,24,26,14,29,32,36,34,43,43,36,0,0,0,0.0017,0.0582,0.0947,0.0057,0.0275,0.0899,0.0666,7.4353,0.0903,0.0000,1.1945,0.0050,0.0002,0.7062,0.0105,0.0079,0.0002
1625,20.1678,0.0583,13.6293,8.3345,,true,0,0.008333,0.0000,0.0000,1.00,0.00,0.0000,22,1,368,368,0,0,100,0,14,14,0,0,0,368,0,0,869367808,0.000000,0.000352,19.762257,0.00,2,5,10,18,16,24,26,14,29,32,36,34,43,43,36,0,0,0,0.0028,0.1244,0.0613,0.0053,0.0299,0.0815,0.0715,8.3345,0.0619,0.0000,1.2059,0.0076,0.0001,0.5373,0.0126,0.0083,0.0002
1626,20.1787,0.0583,12.2705,6.9899,,true,0,0.008333,0.0000,0.0000,1.00,0.00,0.0000,22,1,368,368,0,0,100,0,14,14,0,0,0,368,0,0,869367808,0.000000,0.000352,19.762257,0.00,2,5,10,18,16,24,26,14,29,32,36,34,43,43,36,0,0,0,0.0012,0.0419,0.0626,0.0055,0.0227,0.0690,0.0443,6.9899,0.0572,0.0000,1.1077,0.0041,0.0001,0.5203,0.0427,0.0045,0.0002
1627,20.1903,0.0583,10.9243,7.4646,,true,0,0.008333,0.0000,0.0000,1.00,0.00,0.0000,22,1,368,368,0,0,100,0,14,14,0,0,0,368,0,0,869367808,0.000000,0.000352,19.762257,0.00,2,5,10,18,16,24,26,14,29,32,36,34,43,43,36,0,0,0,0.0015,0.0564,0.0962,0.0062,0.0286,0.0901,0.0541,7.4646,0.0683,0.0000,1.3759,0.0048,0.0001,0.8846,0.0078,0.0045,0.0002
1628,20.2014,0.0583,12.6683,6.2639,,true,0,0.008333,0.0000,0.0000,1.00,0.00,0.0000,22,1,368,368,0,0,100,0,14,14,0,0,0,368,0,0,869367808,0.000000,0.000352,19.762257,0.00,2,5,10,18,16,24,26,14,29,32,36,34,43,43,36,0,0,0,0.0015,0.0498,0.0763,0.0052,0.0231,0.0953,0.0585,6.2639,0.0683,0.0000,1.1266,0.0038,0.0001,0.6710,0.0072,0.0043,0.0002
1629,20.2140,0.0583,11.3448,7.5998,,true,0,0.008333,0.0000,0.0000,1.00,0.00,0.0000,22,1,368,368,0,0,100,0,14,14,0,0,0,368,0,0,869371904,0.000000,0.000352,19.762257,0.00,2,5,10,18,16,24,26,14,29,32,36,34,43,43,36,0,0,0,0.0018,0.0539,0.0791,0.0045,0.0248,0.0981,0.0543,7.5998,0.0802,0.0000,1.1327,0.0075,0.0002,0.5107,0.0115,0.0071,0.0008
1630,20.2275,0.0583,12.5765,8.0490,,true,0,0.008333,0.0000,0.0000,1.00,0.00,0.0000,22,1,368,368,0,0,100,0,14,14,0,0,0,368,0,0,869371904,0.000000,0.000352,19.762257,0.00,2,5,10,18,16,24,26,14,29,32,36,34,43,43,36,0,0,0,0.0033,0.0605,0.0797,0.0052,0.0302,0.0808,0.0579,8.0490,0.0461,0.0000,1.1959,0.0029,0.0002,0.7083,0.0098,0.0047,0.0002
1631,20.2376,0.0583,11.9208,6.6459,,true,0,0.008333,0.0000,0.0000,1.00,0.00,0.0000,22,1,368,368,0,0,100,0,14,14,0,0,0,368,0,0,869371904,0.000000,0.000352,19.762257,0.00,2,5,10,18,16,24,26,14,29,32,36,34,43,43,36,0,0,0,0.0014,0.0512,0.0724,0.0037,0.0232,0.0715,0.0603,6.6459,0.0703,0.0000,1.1074,0.0039,0.0001,0.6510,0.0092,0.0061,0.0002
1632,20.2524,0.0583,12.3116,8.9687,,true,0,0.008333,0.0000,0.0000,1.00,0.00,0.0000,22,1,368,368,0,0,100,0,14,14,0,0,0,368,0,0,869371904,0.000000,0.000352,19.762257,0.00,2,5,10,18,16,24,26,14,29,32,36,34,43,43,36,0,0,0,0.0018,0.0706,0.0993,0.0057,0.0366,0.1062,0.0675,8.9687,0.1236,0.0000,1.4394,0.0066,0.0001,0.7307,0.0116,0.0087,0.0002
1633,20.2664,0.0583,11.7637,11.1292,,true,0,0.008333,0.0000,0.0000,1.00,0.00,0.0000,22,1,368,368,0,0,100,0,14,14,0,0,0,368,0,0,869371904,0.000000,0.000352,19.762257,0.00,2,5,10,18,16,24,26,14,29,32,36,34,43,43,36,0,0,0,0.0043,0.1096,0.1045,0.0032,0.0194,0.0768,0.0841,11.1292,0.0913,0.0000,1.6407,0.0063,0.0002,0.9155,0.0235,0.0080,0.0002
1634,20.2788,0.0583,15.8729,7.1579,,true,0,0.008333,0.0000,0.0000,1.00,0.00,0.0000,22,1,368,368,0,0,100,0,14,14,0,0,0,368,0,0,869371904,0.000000,0.000352,19.762257,0.00,2,5,10,18,16,24,26,14,29,32,36,34,43,43,36,0,0,0,0.0024,0.0667,0.0887,0.0043,0.0203,0.0683,0.0581,7.1579,0.1065,0.0000,1.2288,0.0028,0.0001,0.7519,0.0082,0.0033,0.0002
1635,20.2869,0.0583,9.9634,6.1537,,true,0,0.008333,0.0000,0.0000,1.00,0.00,0.0000,22,1,368,368,0,0,100,0,14,14,0,0,0,368,0,0,869371904,0.000000,0.000352,19.762257,0.00,2,5,10,18,16,24,26,14,29,32,36,34,43,43,36,0,0,0,0.0013,0.0469,0.0726,0.0041,0.0237,0.0693,0.0529,6.1537,0.0749,0.0000,1.1329,0.0039,0.0002,0.6558,0.0140,0.0050,0.0002
1636,20.2981,0.0583,11.0720,6.2228,,true,0,0.008333,0.0000,0.0000,1.00,0.00,0.0000,22,1,368,368,0,0,100,0,14,14,0,0,0,368,0,0,869371904,0.000000,0.000352,19.762257,0.00,2,5,10,18,16,24,26,14,29,32,36,34,43,43,36,0,0,0,0.0013,0.0494,0.0811,0.0038,0.0216,0.0764,0.0546,6.2228,0.0657,0.0000,1.1020,0.0031,0.0002,0.6555,0.0044,0.0050,0.0002
1637,20.3087,0.0583,9.9972,6.8487,,true,0,0.008333,0.0000,0.0000,1.00,0.00,0.0000,22,1,368,368,0,0,100,0,14,14,0,0,0,368,0,0,869371904,0.000000,0.000352,19.762257,0.00,2,5,10,18,16,24,26,14,29,32,36,34,43,43,36,0,0,0,0.0017,0.0582,0.0800,0.0040,0.0227,0.0937,0.0465,6.8487,0.0764,0.0000,0.9321,0.0047,0.0001,0.5417,0.0087,0.0054,0.0001
1638,20.3203,0.0583,11.6207,6.7329,,true,0,0.008333,0.0000,0.0000,1.00,0.00,0.0000,22,1,368,368,0,0,100,0,14,14,0,0,0,368,0,0,869376000,0.000000,0.000352,19.762257,0.00,2,5,10,18,16,24,26,14,29,32,36,34,43,43,36,0,0,0,0.0018,0.0627,0.0785,0.0051,0.0234,0.0898,0.0586,6.7329,0.0834,0.0000,1.1194,0.0054,0.0001,0.6486,0.0081,0.0059,0.0002
1639,20.3312,0.0583,11.4003,6.3347,,true,0,0.008333,0.0000,0.0000,1.00,0.00,0.0000,22,1,368,368,0,0,100,0,14,14,0,0,0,368,0,0,869376000,0.000000,0.000352,19.762257,0.00,2,5,10,18,16,24,26,14,29,32,36,34,43,43,36,0,0,0,0.0048,0.0645,0.0743,0.0044,0.0202,0.0729,0.0543,6.3347,0.0767,0.0000,1.1492,0.0051,0.0001,0.6725,0.0088,0.0053,0.0002
1640,20.3409,0.0583,9.9338,6.1577,,true,0,0.008333,0.0000,0.0000,1.00,0.00,0.0000,22,1,368,368,0,0,100,0,14,14,0,0,0,368,0,0,869376000,0.000000,0.000352,19.762257,0.00,2,5,10,18,16,24,26,14,29,32,36,34,43,43,36,0,0,0,0.0011,0.0645,0.0737,0.0052,0.0189,0.0408,0.0550,6.1577,0.0734,0.0000,1.1265,0.0044,0.0001,0.6546,0.0082,0.0145,0.0002
1641,20.3536,0.0583,11.1773,7.5465,,true,1,0.008333,0.0000,0.0083,1.00,0.00,0.0000,22,1,368,368,0,0,100,0,14,14,0,0,0,368,0,0,869376000,0.000000,0.000352,20.068458,0.00,2,5,10,18,16,24,26,14,29,32,36,34,43,43,36,0,0,0,0.0015,0.0601,0.0746,0.0058,0.0202,0.2148,0.0583,7.5465,0.0699,0.0000,1.1529,0.0052,0.0001,0.6609,0.0087,0.0055,0.0002
1642,20.3649,0.0583,11.8939,6.7949,,true,0,0.008333,0.0000,0.0000,1.00,0.00,0.0000,22,1,368,368,0,0,100,0,14,14,0,0,0,368,0,0,869376000,0.000000,0.000352,20.068458,0.00,2,5,10,18,16,24,26,14,29,32,36,34,43,43,36,0,0,0,0.0017,0.0660,0.0822,0.0038,0.0187,0.0749,0.0611,6.7949,0.0780,0.0000,1.1707,0.0052,0.0001,0.6656,0.0121,0.0056,0.0002
1643,20.3744,0.0583,10.4063,6.3044,,true,0,0.008333,0.0000,0.0000,1.00,0.00,0.0000,22,1,368,368,0,0,100,0,14,14,0,0,0,368,0,0,869404672,0.000000,0.000352,20.068458,0.00,2,5,10,18,16,24,26,14,29,32,36,34,43,43,36,0,0,0,0.0032,0.0682,0.0947,0.0031,0.0117,0.0380,0.0642,6.3044,0.1001,0.0000,1.2999,0.0039,0.0001,0.7796,0.0091,0.0050,0.0002
1644,20.3868,0.0583,10.8519,7.6581,,true,0,0.008333,0.0000,0.0000,1.00,0.00,0.0000,22,1,368,368,0,0,100,0,14,14,0,0,0,368,0,0,869404672,0.000000,0.000352,20.068458,0.00,2,5,10,18,16,24,26,14,29,32,36,34,43,43,36,0,0,0,0.0012,0.0740,0.1021,0.0064,0.0282,0.0729,0.0627,7.6581,0.1311,0.0000,1.1736,0.0041,0.0001,0.6978,0.0194,0.0065,0.0002
1645,20.3987,0.0583,12.9017,6.3404,,true,0,0.008333,0.0000,0.0000,1.00,0.00,0.0000,22,1,368,368,0,0,100,0,14,14,0,0,0,368,0,0,869404672,0.000000,0.000352,20.068458,0.00,2,5,10,18,16,24,26,14,29,32,36,34,43,43,36,0,0,0,0.0015,0.0540,0.0804,0.0037,0.0250,0.0910,0.0572,6.3404,0.0806,0.0000,1.1663,0.0043,0.0001,0.6762,0.0135,0.0063,0.0003
1646,20.4099,0.0583,11.2835,6.7041,,true,0,0.008333,0.0000,0.0000,1.00,0.00,0.0000,22,1,368,368,0,0,100,0,14,14,0,0,0,368,0,0,869404672,0.000000,0.000352,20.068458,0.00,2,5,10,18,16,24,26,14,29,32,36,34,43,43,36,0,0,0,0.0016,0.0595,0.0840,0.0039,0.0199,0.0650,0.0549,6.7041,0.0850,0.0000,1.2915,0.0039,0.0001,0.8046,0.0087,0.0050,0.0002
1647,20.4203,0.0583,11.1079,5.8458,,true,0,0.008333,0.0000,0.0000,1.00,0.00,0.0000,22,1,368,368,0,0,100,0,14,14,0,0,0,368,0,0,869408768,0.000000,0.000352,20.068458,0.00,2,5,10,18,16,24,26,14,29,32,36,34,43,43,36,0,0,0,0.0015,0.0500,0.0762,0.0046,0.0186,0.0758,0.0581,5.8458,0.0739,0.0000,1.0913,0.0040,0.0001,0.6426,0.0089,0.0043,0.0002
1648,20.4335,0.0583,11.8265,7.0126,,true,0,0.008333,0.0000,0.0000,1.00,0.00,0.0000,22,1,368,368,0,0,100,0,14,14,0,0,0,368,0,0,869408768,0.000000,0.000352,20.068458,0.00,2,5,10,18,16,24,26,14,29,32,36,34,43,43,36,0,0,0,0.0016,0.0536,0.0749,0.0042,0.0246,0.0830,0.0565,7.0126,0.0705,0.0000,1.1652,0.0046,0.0001,0.7023,0.0089,0.0063,0.0002
1649,20.4426,0.0583,10.5501,5.8570,,true,0,0.008333,0.0000,0.0000,1.00,0.00,0.0000,22,1,368,368,0,0,100,0,14,14,0,0,0,368,0,0,869408768,0.000000,0.000352,20.068458,0.00,2,5,10,18,16,24,26,14,29,32,36,34,43,43,36,0,0,0,0.0016,0.0736,0.0781,0.0052,0.0231,0.1111,0.0556,5.8570,0.0743,0.0000,0.9091,0.0049,0.0001,0.4972,0.0059,0.0053,0.0001
1650,20.4541,0.0583,11.2382,5.9822,,true,0,0.008333,0.0000,0.0000,1.00,0.00,0.0000,22,1,368,368,0,0,100,0,14,14,0,0,0,368,0,0,869408768,0.000000,0.000352,20.068458,0.00,2,5,10,18,16,24,26,14,29,32,36,34,43,43,36,0,0,0,0.0017,0.0487,0.0812,0.0050,0.0386,0.0713,0.0562,5.9822,0.0749,0.0000,1.0943,0.0041,0.0001,0.6527,0.0072,0.0052,0.0002
1651,20.4664,0.0583,10.9574,7.3551,,true,0,0.008333,0.0000,0.0000,1.00,0.00,0.0000,22,1,368,368,0,0,100,0,14,14,0,0,0,368,0,0,869408768,0.000000,0.000352,20.068458,0.00,2,5,10,18,16,24,26,14,29,32,36,34,43,43,36,0,0,0,0.0017,0.0775,0.0853,0.0052,0.0245,0.0830,0.0599,7.3551,0.0864,0.0000,1.2479,0.0047,0.0001,0.6691,0.0097,0.0063,0.0002
1652,20.4782,0.0583,12.2344,6.8178,,true,0,0.008333,0.0000,0.0000,1.00,0.00,0.0000,22,1,368,368,0,0,100,0,14,14,0,0,0,368,0,0,869408768,0.000000,0.000352,20.068458,0.00,2,5,10,18,16,24,26,14,29,32,36,34,43,43,36,0,0,0,0.0015,0.0560,0.0833,0.0048,0.0211,0.0830,0.0540,6.8178,0.0734,0.0000,1.1081,0.0045,0.0001,0.5691,0.0182,0.0055,0.0002
1653,20.4895,0.0583,10.8955,7.2516,,true,0,0.008333,0.0000,0.0000,1.00,0.00,0.0000,22,1,368,368,0,0,100,0,14,14,0,0,0,368,0,0,869408768,0.000000,0.000352,20.068458,0.00,2,5,10,18,16,24,26,14,29,32,36,34,43,43,36,0,0,0,0.0015,0.0585,0.1104,0.0048,0.0224,0.0887,0.0551,7.2516,0.0718,0.0000,1.3883,0.0035,0.0002,0.9104,0.0065,0.0051,0.0002
1654,20.4998,0.0583,10.8500,6.7401,,true,0,0.008333,0.0000,0.0000,1.00,0.00,0.0000,22,1,368,368,0,0,100,0,14,14,0,0,0,368,0,0,869408768,0.000000,0.000352,20.068458,0.00,2,5,10,18,16,24,26,14,29,32,36,34,43,43,36,0,0,0,0.0016,0.0513,0.0772,0.0050,0.0231,0.0834,0.0536,6.7401,0.0729,0.0000,1.1088,0.0044,0.0001,0.6636,0.0079,0.0062,0.0002
1655,20.5126,0.0583,11.5990,7.7144,,true,0,0.008333,0.0000,0.0000,1.00,0.00,0.0000,22,1,368,368,0,0,100,0,14,14,0,0,0,368,0,0,869408768,0.000000,0.000352,20.068458,0.00,2,5,10,18,16,24,26,14,29,32,36,34,43,43,36,0,0,0,0.0015,0.0763,0.0850,0.0043,0.0212,0.0919,0.0723,7.7144,0.0794,0.0000,1.1721,0.0024,0.0001,0.6725,0.0116,0.0045,0.0002
1656,20.5450,0.0583,15.6430,24.5474,,true,0,0.008333,0.0000,0.0000,1.00,0.00,0.0000,22,1,368,368,0,0,100,0,14,14,0,0,0,368,0,0,869408768,0.000000,0.000352,20.068458,0.00,2,5,10,18,16,24,26,14,29,32,36,34,43,43,36,0,0,0,0.0016,0.0512,0.1254,0.0048,0.0259,0.0867,0.0537,24.5474,0.0949,0.0000,17.9563,0.0037,1.5184,0.5381,0.0455,0.0059,15.1238
1657,20.5529,0.0583,10.3848,6.5076,,true,0,0.008333,0.0000,0.0000,1.00,0.00,0.0000,22,1,368,368,0,0,100,0,14,14,0,0,0,368,0,0,869412864,0.000000,0.000352,20.068458,0.00,2,5,10,18,16,24,26,14,29,32,36,34,43,43,36,0,0,0,0.0061,0.0697,0.0991,0.0100,0.0255,0.0796,0.0704,6.5076,0.1165,0.0000,1.3291,0.0053,0.0001,0.7776,0.0097,0.0062,0.0002
1658,20.5627,0.0583,24.2728,7.6536,,true,0,0.008333,0.0000,0.0000,1.00,0.00,0.0000,22,1,368,368,0,0,100,0,14,14,0,0,0,368,0,0,869412864,0.000000,0.000352,20.068458,0.00,2,5,10,18,16,24,26,14,29,32,36,34,43,43,36,0,0,0,0.0042,0.0741,0.0740,0.0068,0.0310,0.0922,0.1501,7.6536,0.0514,0.0000,1.0247,0.0051,0.0001,0.5341,0.0135,0.0086,0.0001
1659,20.5708,0.0583,8.6238,7.0992,,true,0,0.008333,0.0000,0.0000,1.00,0.00,0.0000,22,1,368,368,0,0,100,0,14,14,0,0,0,368,0,0,869412864,0.000000,0.000352,20.068458,0.00,2,5,10,18,16,24,26,14,29,32,36,34,43,43,36,0,0,0,0.0035,0.0911,0.0903,0.0064,0.0294,0.0844,0.0697,7.0992,0.1070,0.0000,1.4212,0.0051,0.0003,0.6973,0.0169,0.0062,0.0003
1660,20.5786,0.0583,7.7843,6.3082,,true,0,0.008333,0.0000,0.0000,1.00,0.00,0.0000,22,1,368,368,0,0,100,0,14,14,0,0,0,368,0,0,869412864,0.000000,0.000352,20.068458,0.00,2,5,10,18,16,24,26,14,29,32,36,34,43,43,36,0,0,0,0.0046,0.0834,0.0971,0.0101,0.0150,0.0957,0.1312,6.3082,0.0912,0.0000,1.0639,0.0026,0.0002,0.5942,0.0053,0.0037,0.0002
1661,20.5883,0.0583,8.6309,8.4202,,true,0,0.008333,0.0000,0.0000,1.00,0.00,0.0000,22,1,368,368,0,0,100,0,14,14,0,0,0,368,0,0,869437440,0.000000,0.000352,20.068458,0.00,2,5,10,18,16,24,26,14,29,32,36,34,43,43,36,0,0,0,0.0010,0.0428,0.0965,0.0037,0.0205,0.0549,0.0397,8.4202,0.1111,0.0000,1.0310,0.0018,0.0001,0.6547,0.0051,0.0021,0.0002
1662,20.5970,0.0583,10.1556,6.6478,,true,0,0.008333,0.0000,0.0000,1.00,0.00,0.0000,22,1,368,368,0,0,100,0,14,14,0,0,0,368,0,0,869437440,0.000000,0.000352,20.068458,0.00,2,5,10,18,16,24,26,14,29,32,36,34,43,43,36,0,0,0,0.0013,0.0502,0.0665,0.0044,0.0203,0.0838,0.0550,6.6478,0.0658,0.0000,1.1285,0.0041,0.0001,0.6591,0.0103,0.0046,0.0002
1663,20.6065,0.0583,10.7037,5.7294,,true,0,0.008333,0.0000,0.0000,1.00,0.00,0.0000,22,1,368,368,0,0,100,0,14,14,0,0,0,368,0,0,869437440,0.000000,0.000352,20.068458,0.00,2,5,10,18,16,24,26,14,29,32,36,34,43,43,36,0,0,0,0.0012,0.0383,0.0617,0.0036,0.0186,0.0639,0.0539,5.7294,0.0505,0.0000,0.8598,0.0036,0.0001,0.5035,0.0108,0.0042,0.0001
1664,20.6158,0.0583,9.7581,5.3573,,true,0,0.008333,0.0000,0.0000,1.00,0.00,0.0000,22,1,368,368,0,0,100,0,14,14,0,0,0,368,0,0,869437440,0.000000,0.000352,20.068458,0.00,2,5,10,18,16,24,26,14,29,32,36,34,43,43,36,0,0,0,0.0017,0.0330,0.0527,0.0031,0.0123,0.0455,0.0405,5.3573,0.0506,0.0000,0.9207,0.0026,0.0001,0.5904,0.0060,0.0041,0.0001
1665,20.6291,0.0583,11.3018,6.9792,,true,0,0.008333,0.0000,0.0000,1.00,0.00,0.0000,22,1,368,368,0,0,100,0,14,14,0,0,0,368,0,0,869437440,0.000000,0.000352,20.068458,0.00,2,5,10,18,16,24,26,14,29,32,36,34,43,43,36,0,0,0,0.0015,0.0601,0.1076,0.0065,0.0275,0.1392,0.0583,6.9792,0.0813,0.0000,1.1355,0.0037,0.0001,0.6574,0.0080,0.0060,0.0002
1666,20.6420,0.0583,12.9189,7.0526,,true,0,0.008333,0.0000,0.0000,1.00,0.00,0.0000,22,1,368,368,0,0,100,0,14,14,0,0,0,368,0,0,869441536,0.000000,0.000352,20.068458,0.00,2,5,10,18,16,24,26,14,29,32,36,34,43,43,36,0,0,0,0.0017,0.0586,0.0767,0.0037,0.0218,0.0831,0.0534,7.0526,0.0753,0.0000,1.1311,0.0043,0.0001,0.6763,0.0078,0.0060,0.0002
1667,20.6525,0.0583,11.0836,6.6191,,true,0,0.008333,0.0000,0.0000,1.00,0.00,0.0000,22,1,368,368,0,0,100,0,14,14,0,0,0,368,0,0,869441536,0.000000,0.000352,20.068458,0.00,2,5,10,18,16,24,26,14,29,32,36,34,43,43,36,0,0,0,0.0013,0.0536,0.0880,0.0043,0.0174,0.0709,0.0682,6.6191,0.0700,0.0000,0.9337,0.0038,0.0001,0.5551,0.0076,0.0046,0.0002
1668,20.6666,0.0583,12.1111,8.6089,,true,1,0.008333,0.0000,0.0083,1.00,0.00,0.0000,22,1,368,368,0,0,100,0,14,14,0,0,0,368,0,0,869441536,0.000000,0.000352,20.374300,0.00,2,5,10,18,16,24,26,14,29,32,36,34,43,43,36,0,0,0,0.0014,0.0522,0.1017,0.0043,0.0453,0.1838,0.0485,8.6089,0.0965,0.0000,1.0978,0.0058,0.0001,0.5758,0.0100,0.0079,0.0001
1669,20.6840,0.0583,17.2080,8.0296,,true,0,0.008333,0.0000,0.0000,1.00,0.00,0.0000,22,1,368,368,0,0,100,0,14,14,0,0,0,368,0,0,869527552,0.000000,0.000352,20.374300,0.00,2,5,10,18,16,24,26,14,29,32,36,34,43,43,36,0,0,0,0.0065,0.0682,0.1318,0.0056,0.0372,0.0986,0.0505,8.0296,0.0923,0.0000,1.1014,0.0045,0.0001,0.6188,0.0093,0.0055,0.0001
1670,20.6953,0.0583,11.5162,8.4054,,true,0,0.008333,0.0000,0.0000,1.00,0.00,0.0000,22,1,368,368,0,0,100,0,14,14,0,0,0,368,0,0,869527552,0.000000,0.000352,20.374300,0.00,2,5,10,18,16,24,26,14,29,32,36,34,43,43,36,0,0,0,0.0016,0.0757,0.0788,0.0204,0.0234,0.1086,0.0597,8.4054,0.0745,0.0000,1.2710,0.0046,0.0001,0.6663,0.0204,0.0067,0.0003
1671,20.7096,0.0583,13.0445,9.4404,,true,0,0.008333,0.0000,0.0000,1.00,0.00,0.0000,22,1,368,368,0,0,100,0,14,14,0,0,0,368,0,0,869527552,0.000000,0.000352,20.374300,0.00,2,5,10,18,16,24,26,14,29,32,36,34,43,43,36,0,0,0,0.0015,0.0575,0.1075,0.0093,0.0390,0.1085,0.0464,9.4404,0.2129,0.0000,1.0149,0.0039,0.0001,0.5600,0.0084,0.0056,0.0005
1672,20.7203,0.0583,12.5699,7.9199,,true,0,0.008333,0.0000,0.0000,1.00,0.00,0.0000,22,1,368,368,0,0,100,0,14,14,0,0,0,368,0,0,869527552,0.000000,0.000352,20.374300,0.00,2,5,10,18,16,24,26,14,29,32,36,34,43,43,36,0,0,0,0.0014,0.0546,0.0897,0.0047,0.0261,0.0792,0.0546,7.9199,0.1045,0.0000,1.4270,0.0046,0.0002,0.9344,0.0076,0.0053,0.0002
1673,20.7333,0.0583,11.9064,8.7947,,true,0,0.008333,0.0000,0.0000,1.00,0.00,0.0000,22,1,368,368,0,0,100,0,14,14,0,0,0,368,0,0,869527552,0.000000,0.000352,20.374300,0.00,2,5,10,18,16,24,26,14,29,32,36,34,43,43,36,0,0,0,0.0017,0.0696,0.1195,0.0053,0.0265,0.0768,0.0583,8.7947,0.0746,0.0000,0.9953,0.0042,0.0001,0.4910,0.0109,0.0054,0.0002
1674,20.7461,0.0583,12.6874,8.9197,,true,0,0.008333,0.0000,0.0000,1.00,0.00,0.0000,22,1,368,368,0,0,100,0,14,14,0,0,0,368,0,0,869527552,0.000000,0.000352,20.374300,0.00,2,5,10,18,16,24,26,14,29,32,36,34,43,43,36,0,0,0,0.0020,0.0679,0.0872,0.0045,0.0272,0.0966,0.0569,8.9197,0.0566,0.0000,1.1450,0.0046,0.0001,0.5479,0.0081,0.0053,0.0006
1675,20.7582,0.0583,12.7076,8.1076,,true,0,0.008333,0.0000,0.0000,1.00,0.00,0.0000,22,1,368,368,0,0,100,0,14,14,0,0,0,368,0,0,869531648,0.000000,0.000352,20.374300,0.00,2,5,10,18,16,24,26,14,29,32,36,34,43,43,36,0,0,0,0.0017,0.0640,0.0673,0.0059,0.0217,0.1040,0.0585,8.1076,0.0658,0.0000,1.2558,0.0055,0.0001,0.5609,0.0277,0.0073,0.0004
1676,20.7699,0.0583,11.5596,8.7592,,true,0,0.008333,0.0000,0.0000,1.00,0.00,0.0000,22,1,368,368,0,0,100,0,14,14,0,0,0,368,0,0,869531648,0.000000,0.000352,20.374300,0.00,2,5,10,18,16,24,26,14,29,32,36,34,43,43,36,0,0,0,0.0023,0.0997,0.0866,0.0039,0.0163,0.0626,0.0881,8.7592,0.0766,0.0000,1.5025,0.0062,0.0001,0.6837,0.0120,0.0076,0.0003
1677,20.7828,0.0583,12.9802,8.2205,,true,0,0.008333,0.0000,0.0000,1.00,0.00,0.0000,22,1,368,368,0,0,100,0,14,14,0,0,0,368,0,0,869531648,0.000000,0.000352,20.374300,0.00,2,5,10,18,16,24,26,14,29,32,36,34,43,43,36,0,0,0,0.0015,0.0416,0.0515,0.0049,0.0343,0.0950,0.0466,8.2205,0.0518,0.0000,0.8549,0.0038,0.0001,0.4785,0.0062,0.0044,0.0001
1678,20.7953,0.0583,12.8465,8.0825,,true,0,0.008333,0.0000,0.0000,1.00,0.00,0.0000,22,1,368,368,0,0,100,0,14,14,0,0,0,368,0,0,869531648,0.000000,0.000352,20.374300,0.00,2,5,10,18,16,24,26,14,29,32,36,34,43,43,36,0,0,0,0.0024,0.0724,0.1273,0.0038,0.0249,0.0904,0.0633,8.0825,0.0747,0.0000,1.1900,0.0042,0.0002,0.6893,0.0089,0.0055,0.0002
1679,20.8070,0.0583,11.7497,8.0348,,true,0,0.008333,0.0000,0.0000,1.00,0.00,0.0000,22,1,368,368,0,0,100,0,14,14,0,0,0,368,0,0,869531648,0.000000,0.000352,20.374300,0.00,2,5,10,18,16,24,26,14,29,32,36,34,43,43,36,0,0,0,0.0024,0.0624,0.0550,0.0078,0.0307,0.1097,0.0427,8.0348,0.0902,0.0000,0.9452,0.0039,0.0001,0.4729,0.0063,0.0049,0.0001
1680,20.8173,0.0583,11.0652,7.3127,,true,0,0.008333,0.0000,0.0000,1.00,0.00,0.0000,22,1,368,368,0,0,100,0,14,14,0,0,0,368,0,0,869531648,0.000000,0.000352,20.374300,0.00,2,5,10,18,16,24,26,14,29,32,36,34,43,43,36,0,0,0,0.0028,0.0586,0.0720,0.0047,0.0216,0.0685,0.0510,7.3127,0.0660,0.0000,1.2729,0.0044,0.0001,0.7955,0.0091,0.0055,0.0002
1681,20.8294,0.0583,10.2640,9.1000,,true,0,0.008333,0.0000,0.0000,1.00,0.00,0.0000,22,1,368,368,0,0,100,0,14,14,0,0,0,368,0,0,869531648,0.000000,0.000352,20.374300,0.00,2,5,10,18,16,24,26,14,29,32,36,34,43,43,36,0,0,0,0.0019,0.0645,0.0865,0.0052,0.0274,0.1293,0.0620,9.1000,0.1280,0.0000,1.2916,0.0055,0.0002,0.7960,0.0114,0.0061,0.0002
1682,20.8422,0.0583,13.8315,8.3860,,true,0,0.008333,0.0000,0.0000,1.00,0.00,0.0000,22,1,368,368,0,0,100,0,14,14,0,0,0,368,0,0,869531648,0.000000,0.000352,20.374300,0.00,2,5,10,18,16,24,26,14,29,32,36,34,43,43,36,0,0,0,0.0019,0.0584,0.1432,0.0048,0.0265,0.0816,0.0591,8.3860,0.0857,0.0000,1.3033,0.0040,0.0001,0.7839,0.0099,0.0054,0.0002
1683,20.8544,0.0583,11.9833,8.4273,,true,0,0.008333,0.0000,0.0000,1.00,0.00,0.0000,22,1,368,368,0,0,100,0,14,14,0,0,0,368,0,0,869531648,0.000000,0.000352,20.374300,0.00,2,5,10,18,16,24,26,14,29,32,36,34,43,43,36,0,0,0,0.0016,0.0665,0.1119,0.0056,0.0218,0.0785,0.0573,8.4273,0.0907,0.0000,1.5053,0.0063,0.0001,0.8436,0.0109,0.0071,0.0003
1684,20.8655,0.0583,12.0713,7.3289,,true,0,0.008333,0.0000,0.0000,1.00,0.00,0.0000,22,1,368,368,0,0,100,0,14,14,0,0,0,368,0,0,869531648,0.000000,0.000352,20.374300,0.00,2,5,10,18,16,24,26,14,29,32,36,34,43,43,36,0,0,0,0.0017,0.0461,0.0587,0.0065,0.0247,0.0838,0.0457,7.3289,0.0812,0.0000,0.9133,0.0047,0.0001,0.4925,0.0094,0.0052,0.0001
1685,20.8784,0.0583,10.9468,9.1745,,true,0,0.008333,0.0000,0.0000,1.00,0.00,0.0000,22,1,368,368,0,0,100,0,14,14,0,0,0,368,0,0,869535744,0.000000,0.000352,20.374300,0.00,2,5,10,18,16,24,26,14,29,32,36,34,43,43,36,0,0,0,0.0027,0.0661,0.0877,0.0080,0.0267,0.1124,0.0714,9.1745,0.0991,0.0000,1.2612,0.0058,0.0002,0.6800,0.0117,0.0055,0.0003
1686,20.8936,0.0583,16.7129,7.5849,,true,0,0.008333,0.0000,0.0000,1.00,0.00,0.0000,22,1,368,368,0,0,100,0,14,14,0,0,0,368,0,0,869535744,0.000000,0.000352,20.374300,0.00,2,5,10,18,16,24,26,14,29,32,36,34,43,43,36,0,0,0,0.0015,0.0671,0.1114,0.0039,0.0149,0.0818,0.0514,7.5849,0.1216,0.0000,1.5873,0.0124,0.0002,0.9031,0.0106,0.0169,0.0003
1687,20.9049,0.0583,9.5650,9.4690,,true,0,0.008333,0.0000,0.0000,1.00,0.00,0.0000,22,1,368,368,0,0,100,0,14,14,0,0,0,368,0,0,869535744,0.000000,0.000352,20.374300,0.00,2,5,10,18,16,24,26,14,29,32,36,34,43,43,36,0,0,0,0.0027,0.0671,0.0779,0.0055,0.0247,0.0796,0.0646,9.4690,0.0970,0.0000,1.2438,0.0047,0.0001,0.7471,0.0086,0.0061,0.0002
1688,20.9185,0.0583,14.7145,8.1699,,true,0,0.008333,0.0000,0.0000,1.00,0.00,0.0000,22,1,368,368,0,0,100,0,14,14,0,0,0,368,0,0,869535744,0.000000,0.000352,20.374300,0.00,2,5,10,18,16,24,26,14,29,32,36,34,43,43,36,0,0,0,0.0019,0.0668,0.1064,0.0074,0.0388,0.0988,0.0572,8.1699,0.0921,0.0000,1.2581,0.0048,0.0001,0.7563,0.0082,0.0061,0.0002
1689,20.9298,0.0583,11.6857,7.9730,,true,0,0.008333,0.0000,0.0000,1.00,0.00,0.0000,22,1,368,368,0,0,100,0,14,14,0,0,0,368,0,0,869535744,0.000000,0.000352,20.374300,0.00,2,5,10,18,16,24,26,14,29,32,36,34,43,43,36,0,0,0,0.0016,0.0664,0.0652,0.0372,0.0297,0.0791,0.0646,7.9730,0.0562,0.0000,1.1439,0.0036,0.0001,0.6453,0.0085,0.0043,0.0002
1690,20.9428,0.0583,11.8982,8.9931,,true,0,0.008333,0.0000,0.0000,1.00,0.00,0.0000,22,1,368,368,0,0,100,0,14,14,0,0,0,368,0,0,869535744,0.000000,0.000352,20.374300,0.00,2,5,10,18,16,24,26,14,29,32,36,34,43,43,36,0,0,0,0.0022,0.0719,0.1269,0.0061,0.0276,0.1020,0.0584,8.9931,0.1181,0.0000,1.3352,0.0135,0.0001,0.7078,0.0283,0.0067,0.0001
1691,20.9550,0.0583,11.8668,9.3871,,true,0,0.008333,0.0000,0.0000,1.00,0.00,0.0000,22,1,368,368,0,0,100,0,14,14,0,0,0,368,0,0,869535744,0.000000,0.000352,20.374300,0.00,2,5,10,18,16,24,26,14,29,32,36,34,43,43,36,0,0,0,0.0014,0.0595,0.0819,0.0050,0.0209,0.0815,0.0553,9.3871,0.1002,0.0000,1.2294,0.0038,0.0001,0.7515,0.0107,0.0058,0.0002
1692,20.9665,0.0583,11.9742,8.5841,,true,1,0.008333,0.0000,0.0083,1.00,0.00,0.0000,22,1,368,368,0,0,100,0,14,14,0,0,0,368,0,0,869535744,0.000000,0.000352,20.680573,0.00,2,5,10,18,16,24,26,14,29,32,36,34,43,43,36,0,0,0,0.0017,0.0622,0.0941,0.0037,0.0250,0.2641,0.0553,8.5841,0.0786,0.0000,1.1758,0.0057,0.0001,0.5221,0.0225,0.0074,0.0015
1693,20.9806,0.0583,14.4437,8.3938,,true,0,0.008333,0.0000,0.0000,1.00,0.00,0.0000,22,1,368,368,0,0,100,0,14,14,0,0,0,368,0,0,869535744,0.000000,0.000352,20.680573,0.00,2,5,10,18,16,24,26,14,29,32,36,34,43,43,36,0,0,0,0.0018,0.0657,0.0655,0.0054,0.0254,0.0837,0.0532,8.3938,0.1162,0.0000,1.1363,0.0040,0.0001,0.6621,0.0076,0.0052,0.0002
1694,20.9943,0.0583,11.1482,10.9849,,true,0,0.008333,0.0000,0.0000,1.00,0.00,0.0000,22,1,368,368,0,0,100,0,14,14,0,0,0,368,0,0,869539840,0.000000,0.000352,20.680573,0.00,2,5,10,18,16,24,26,14,29,32,36,34,43,43,36,0,0,0,0.0028,0.0446,0.0645,0.0034,0.0268,0.0769,0.0428,10.9849,0.1422,0.0000,0.9758,0.0033,0.0001,0.5451,0.0096,0.0044,0.0002
1695,21.0081,0.0583,16.1196,8.4407,,true,0,0.008333,0.0000,0.0000,1.00,0.00,0.0000,22,1,368,368,0,0,100,0,14,14,0,0,0,368,0,0,869539840,0.000000,0.000352,20.680573,0.00,2,5,10,18,16,24,26,14,29,32,36,34,43,43,36,0,0,0,0.0032,0.0707,0.1014,0.0047,0.0245,0.1262,0.0659,8.4407,0.0968,0.0000,1.4407,0.0047,0.0002,0.8234,0.0267,0.0060,0.0003
1696,21.0193,0.0583,11.5130,8.0936,,true,0,0.008333,0.0000,0.0000,1.00,0.00,0.0000,22,1,368,368,0,0,100,0,14,14,0,0,0,368,0,0,869539840,0.000000,0.000352,20.680573,0.00,2,5,10,18,16,24,26,14,29,32,36,34,43,43,36,0,0,0,0.0019,0.0732,0.0658,0.0052,0.0236,0.1245,0.0491,8.0936,0.0696,0.0000,1.0421,0.0048,0.0001,0.6124,0.0117,0.0065,0.0002
1697,21.0338,0.0583,13.4165,8.1852,,true,0,0.008333,0.0000,0.0000,1.00,0.00,0.0000,22,1,368,368,0,0,100,0,14,14,0,0,0,368,0,0,869539840,0.000000,0.000352,20.680573,0.00,2,5,10,18,16,24,26,14,29,32,36,34,43,43,36,0,0,0,0.0016,0.0627,0.0880,0.0106,0.0265,0.1069,0.0577,8.1852,0.1046,0.0000,1.0249,0.0043,0.0001,0.4748,0.0085,0.0058,0.0005
1698,21.0446,0.0583,12.7196,7.8442,,true,0,0.008333,0.0000,0.0000,1.00,0.00,0.0000,22,1,368,368,0,0,100,0,14,14,0,0,0,368,0,0,869539840,0.000000,0.000352,20.680573,0.00,2,5,10,18,16,24,26,14,29,32,36,34,43,43,36,0,0,0,0.0018,0.0559,0.0844,0.0056,0.0264,0.1105,0.0578,7.8442,0.0799,0.0000,1.2048,0.0050,0.0002,0.6906,0.0089,0.0057,0.0002
1699,21.0551,0.0583,11.3396,6.9477,,true,0,0.008333,0.0000,0.0000,1.00,0.00,0.0000,22,1,368,368,0,0,100,0,14,14,0,0,0,368,0,0,869539840,0.000000,0.000352,20.680573,0.00,2,5,10,18,16,24,26,14,29,32,36,34,43,43,36,0,0,0,0.0013,0.0535,0.0739,0.0039,0.0192,0.0727,0.0552,6.9477,0.0669,0.0000,1.1242,0.0029,0.0001,0.6551,0.0095,0.0032,0.0002
1700,21.0691,0.0583,11.7896,9.0684,,true,0,0.008333,0.0000,0.0000,1.00,0.00,0.0000,22,1,368,368,0,0,100,0,14,14,0,0,0,368,0,0,869539840,0.000000,0.000352,20.680573,0.00,2,5,10,18,16,24,26,14,29,32,36,34,43,43,36,0,0,0,0.0014,0.0573,0.0973,0.0063,0.0219,0.0863,0.1373,9.0684,0.1043,0.0000,1.1959,0.0075,0.0001,0.5550,0.0200,0.0093,0.0002
1701,21.0816,0.0583,14.1074,7.3548,,true,0,0.008333,0.0000,0.0000,1.00,0.00,0.0000,22,1,368,368,0,0,100,0,14,14,0,0,0,368,0,0,869539840,0.000000,0.000352,20.680573,0.00,2,5,10,18,16,24,26,14,29,32,36,34,43,43,36,0,0,0,0.0013,0.0615,0.0534,0.0055,0.0232,0.0835,0.0433,7.3548,0.0592,0.0000,0.8502,0.0045,0.0001,0.4758,0.0070,0.0052,0.0001
1702,21.0913,0.0583,10.2926,7.1064,,true,0,0.008333,0.0000,0.0000,1.00,0.00,0.0000,22,1,368,368,0,0,100,0,14,14,0,0,0,368,0,0,869539840,0.000000,0.000352,20.680573,0.00,2,5,10,18,16,24,26,14,29,32,36,34,43,43,36,0,0,0,0.0014,0.0646,0.0677,0.0045,0.0326,0.0836,0.0659,7.1064,0.0648,0.0000,1.1963,0.0045,0.0001,0.7416,0.0051,0.0053,0.0002
1703,21.1010,0.0583,10.6764,6.1458,,true,0,0.008333,0.0000,0.0000,1.00,0.00,0.0000,22,1,368,368,0,0,100,0,14,14,0,0,0,368,0,0,869543936,0.000000,0.000352,20.680573,0.00,2,5,10,18,16,24,26,14,29,32,36,34,43,43,36,0,0,0,0.0010,0.0537,0.0803,0.0038,0.0211,0.0670,0.0459,6.1458,0.0691,0.0000,0.8458,0.0038,0.0001,0.4912,0.0075,0.0043,0.0002
1704,21.1179,0.0583,12.5018,9.3698,,true,0,0.008333,0.0000,0.0000,1.00,0.00,0.0000,22,1,368,368,0,0,100,0,14,14,0,0,0,368,0,0,869543936,0.000000,0.000352,20.680573,0.00,2,5,10,18,16,24,26,14,29,32,36,34,43,43,36,0,0,0,0.0016,0.0594,0.0821,0.0073,0.0289,0.0856,0.0575,9.3698,0.1378,0.0000,1.1389,0.0038,0.0002,0.6364,0.0128,0.0063,0.0002
1705,21.1290,0.0583,14.0887,7.1989,,true,0,0.008333,0.0000,0.0000,1.00,0.00,0.0000,22,1,368,368,0,0,100,0,14,14,0,0,0,368,0,0,869543936,0.000000,0.000352,20.680573,0.00,2,5,10,18,16,24,26,14,29,32,36,34,43,43,36,0,0,0,0.0015,0.0699,0.0828,0.0055,0.0144,0.0966,0.0563,7.1989,0.0774,0.0000,1.2534,0.0060,0.0002,0.6955,0.0087,0.0070,0.0003
1706,21.1405,0.0583,11.7193,6.7348,,true,0,0.008333,0.0000,0.0000,1.00,0.00,0.0000,22,1,368,368,0,0,100,0,14,14,0,0,0,368,0,0,869543936,0.000000,0.000352,20.680573,0.00,2,5,10,18,16,24,26,14,29,32,36,34,43,43,36,0,0,0,0.0025,0.0524,0.0596,0.0023,0.0188,0.0842,0.0592,6.7348,0.0586,0.0000,0.8645,0.0041,0.0001,0.4846,0.0084,0.0051,0.0002
1707,21.1550,0.0583,13.1850,8.0861,,true,0,0.008333,0.0000,0.0000,1.00,0.00,0.0000,22,1,368,368,0,0,100,0,14,14,0,0,0,368,0,0,869543936,0.000000,0.000352,20.680573,0.00,2,5,10,18,16,24,26,14,29,32,36,34,43,43,36,0,0,0,0.0014,0.0596,0.1377,0.0055,0.0302,0.1147,0.0567,8.0861,0.0854,0.0000,1.3354,0.0055,0.0002,0.7549,0.0119,0.0066,0.0003
1708,21.1654,0.0583,11.4702,7.3280,,true,0,0.008333,0.0000,0.0000,1.00,0.00,0.0000,22,1,368,368,0,0,100,0,14,14,0,0,0,368,0,0,869543936,0.000000,0.000352,20.680573,0.00,2,5,10,18,16,24,26,14,29,32,36,34,43,43,36,0,0,0,0.0019,0.0547,0.0702,0.0045,0.0268,0.0971,0.0463,7.3280,0.0637,0.0000,0.9742,0.0072,0.0001,0.5025,0.0103,0.0058,0.0001
1709,21.1768,0.0583,11.1001,7.7530,,true,0,0.008333,0.0000,0.0000,1.00,0.00,0.0000,22,1,368,368,0,0,100,0,14,14,0,0,0,368,0,0,869543936,0.000000,0.000352,20.680573,0.00,2,5,10,18,16,24,26,14,29,32,36,34,43,43,36,0,0,0,0.0060,0.0702,0.0739,0.0044,0.0212,0.0788,0.0562,7.7530,0.0669,0.0000,1.4689,0.0030,0.0002,0.7731,0.0098,0.0031,0.0003
1710,21.1906,0.0583,12.2962,8.9140,,true,0,0.008333,0.0000,0.0000,1.00,0.00,0.0000,22,1,368,368,0,0,100,0,14,14,0,0,0,368,0,0,869543936,0.000000,0.000352,20.680573,0.00,2,5,10,18,16,24,26,14,29,32,36,34,43,43,36,0,0,0,0.0027,0.1115,0.0780,0.0058,0.0250,0.0564,0.0634,8.9140,0.1008,0.0000,1.4041,0.0104,0.0002,0.7467,0.0096,0.0084,0.0002
1711,21.2014,0.0583,12.2261,7.7672,,true,0,0.008333,0.0000,0.0000,1.00,0.00,0.0000,22,1,368,368,0,0,100,0,14,14,0,0,0,368,0,0,869543936,0.000000,0.000352,20.680573,0.00,2,5,10,18,16,24,26,14,29,32,36,34,43,43,36,0,0,0,0.0017,0.0707,0.0679,0.0034,0.0185,0.0779,0.0567,7.7672,0.0584,0.0000,1.1359,0.0053,0.0001,0.5344,0.0131,0.0071,0.0003
1712,21.2123,0.0583,11.4600,6.9334,,true,0,0.008333,0.0000,0.0000,1.00,0.00,0.0000,22,1,368,368,0,0,100,0,14,14,0,0,0,368,0,0,869543936,0.000000,0.000352,20.680573,0.00,2,5,10,18,16,24,26,14,29,32,36,34,43,43,36,0,0,0,0.0011,0.0466,0.0691,0.0040,0.0222,0.0705,0.0478,6.9334,0.0635,0.0000,1.0354,0.0046,0.0001,0.5544,0.0221,0.0059,0.0002
1713,21.2262,0.0583,12.5218,8.6199,,true,1,0.008333,0.0000,0.0083,1.00,0.00,0.0000,22,1,368,368,0,0,100,0,14,14,0,0,0,368,0,0,869548032,0.000000,0.000352,20.935949,0.00,2,5,10,18,16,24,26,14,29,32,36,34,43,43,36,0,0,0,0.0035,0.0570,0.0995,0.0052,0.0305,0.2948,0.0646,8.6199,0.0888,0.0000,1.1745,0.0050,0.0001,0.6657,0.0069,0.0039,0.0002
1714,21.2378,0.0583,11.9619,8.1549,,true,0,0.008333,0.0000,0.0000,1.00,0.00,0.0000,22,1,368,368,0,0,100,0,14,14,0,0,0,368,0,0,869548032,0.000000,0.000352,20.935949,0.00,2,5,10,18,16,24,26,14,29,32,36,34,43,43,36,0,0,0,0.0059,0.0533,0.0790,0.0063,0.0234,0.0804,0.0585,8.1549,0.0741,0.0000,1.1820,0.0042,0.0002,0.6915,0.0094,0.0064,0.0002
1715,21.2508,0.0583,13.5285,7.5968,,true,0,0.008333,0.0000,0.0000,1.00,0.00,0.0000,22,1,368,368,0,0,100,0,14,14,0,0,0,368,0,0,869548032,0.000000,0.000352,20.935949,0.00,2,5,10,18,16,24,26,14,29,32,36,34,43,43,36,0,0,0,0.0021,0.0566,0.0719,0.0037,0.0218,0.0728,0.0578,7.5968,0.0645,0.0000,1.1534,0.0042,0.0001,0.6641,0.0107,0.0159,0.0002
1716,21.2619,0.0583,11.2869,7.6455,,true,0,0.008333,0.0000,0.0000,1.00,0.00,0.0000,22,1,368,368,0,0,100,0,14,14,0,0,0,368,0,0,869548032,0.000000,0.000352,20.935949,0.00,2,5,10,18,16,24,26,14,29,32,36,34,43,43,36,0,0,0,0.0027,0.0802,0.0795,0.0039,0.0217,0.1036,0.0587,7.6455,0.0857,0.0000,1.2063,0.0035,0.0001,0.7584,0.0090,0.0057,0.0002
1717,21.2741,0.0583,11.9448,7.3990,,true,0,0.008333,0.0000,0.0000,1.00,0.00,0.0000,22,1,368,368,0,0,100,0,14,14,0,0,0,368,0,0,869548032,0.000000,0.000352,20.935949,0.00,2,5,10,18,16,24,26,14,29,32,36,34,43,43,36,0,0,0,0.0014,0.0616,0.0794,0.0033,0.0242,0.0810,0.0683,7.3990,0.0842,0.0000,1.3314,0.0056,0.0002,0.6951,0.0392,0.0079,0.0003
1718,21.3012,0.0583,11.6072,23.4808,,true,0,0.008333,0.0000,0.0000,1.00,0.00,0.0000,22,1,368,368,0,0,100,0,14,14,0,0,0,368,0,0,869548032,0.000000,0.000352,20.935949,0.00,2,5,10,18,16,24,26,14,29,32,36,34,43,43,36,0,0,0,0.0015,0.0627,0.0745,0.0038,0.0164,0.0553,0.0600,23.4808,0.0486,0.0000,18.2325,0.0027,1.3101,0.7026,0.0323,0.0048,15.7562
1719,21.3102,0.0583,11.4929,7.4806,,true,0,0.008333,0.0000,0.0000,1.00,0.00,0.0000,22,1,368,368,0,0,100,0,14,14,0,0,0,368,0,0,869548032,0.000000,0.000352,20.935949,0.00,2,5,10,18,16,24,26,14,29,32,36,34,43,43,36,0,0,0,0.0037,0.0682,0.0809,0.0031,0.0258,0.0828,0.0611,7.4806,0.0782,0.0000,1.4074,0.0044,0.0002,0.8037,0.0098,0.0052,0.0002
1720,21.3200,0.0583,22.6285,7.9046,,true,0,0.008333,0.0000,0.0000,1.00,0.00,0.0000,22,1,368,368,0,0,100,0,14,14,0,0,0,368,0,0,869548032,0.000000,0.000352,20.935949,0.00,2,5,10,18,16,24,26,14,29,32,36,34,43,43,36,0,0,0,0.0032,0.0484,0.0982,0.0045,0.0138,0.0385,0.0536,7.9046,0.0838,0.0000,1.3154,0.0036,0.0001,0.7879,0.0056,0.0043,0.0002
1721,21.3317,0.0583,7.8130,10.1050,,true,0,0.008333,0.0000,0.0000,1.00,0.00,0.0000,22,1,368,368,0,0,100,0,14,14,0,0,0,368,0,0,869548032,0.000000,0.000352,20.935949,0.00,2,5,10,18,16,24,26,14,29,32,36,34,43,43,36,0,0,0,0.0058,0.0912,0.1757,0.0048,0.0256,0.1084,0.0782,10.1050,0.1363,0.0000,1.8253,0.0094,0.0002,0.9161,0.0125,0.0149,0.0004
1722,21.3451,0.0583,12.6505,10.6484,,true,0,0.008333,0.0000,0.0000,1.00,0.00,0.0000,22,1,368,368,0,0,100,0,14,14,0,0,0,368,0,0,869552128,0.000000,0.000352,20.935949,0.00,2,5,10,18,16,24,26,14,29,32,36,34,43,43,36,0,0,0,0.0076,0.1538,0.0845,0.0220,0.0424,0.1203,0.0661,10.6484,0.0767,0.0000,1.1157,0.0066,0.0001,0.5887,0.0290,0.0072,0.0001
1723,21.3617,0.0583,17.4422,10.7001,,true,0,0.008333,0.0000,0.0000,1.00,0.00,0.0000,22,1,368,368,0,0,100,0,14,14,0,0,0,368,0,0,869552128,0.000000,0.000352,20.935949,0.00,2,5,10,18,16,24,26,14,29,32,36,34,43,43,36,0,0,0,0.0134,0.1013,0.1173,0.0063,0.0434,0.1107,0.1132,10.7001,0.1709,0.0000,1.3216,0.0080,0.0002,0.7161,0.0052,0.0087,0.0002
1724,21.3778,0.0583,17.5748,9.7445,,true,1,0.008333,0.0000,0.0083,1.00,0.00,0.0000,22,1,368,368,0,0,100,0,14,14,0,0,0,368,0,0,869552128,0.000000,0.000352,21.088587,0.00,2,5,10,18,16,24,26,14,29,32,36,34,43,43,36,0,0,0,0.0022,0.0633,0.1121,0.0047,0.0215,0.2750,0.0591,9.7445,0.0908,0.0000,2.2542,0.0059,0.0001,0.7881,0.0066,0.0036,0.0003
1725,21.3938,0.0583,12.2846,14.2860,,true,0,0.008333,0.0000,0.0000,1.00,0.00,0.0000,22,1,368,368,0,0,100,0,14,14,0,0,0,368,0,0,869552128,0.000000,0.000352,21.088587,0.00,2,5,10,18,16,24,26,14,29,32,36,34,43,43,36,0,0,0,0.0049,0.1385,0.1129,0.0109,0.0463,0.2257,0.1310,14.2860,0.1355,0.0000,1.5017,0.0084,0.0001,0.7139,0.0169,0.0095,0.0002
1726,21.4204,0.0583,32.5242,7.8862,,true,0,0.008333,0.0000,0.0000,1.00,0.00,0.0000,22,1,368,368,0,0,100,0,14,14,0,0,0,368,0,0,869552128,0.000000,0.000352,21.088587,0.00,2,5,10,18,16,24,26,14,29,32,36,34,43,43,36,0,0,0,0.0019,0.0620,0.1125,0.0090,0.0302,0.0873,0.0559,7.8862,0.1091,0.0000,1.4440,0.0038,0.0001,0.8897,0.0096,0.0059,0.0002
1727,21.4316,0.0583,9.6432,8.4210,,true,0,0.008333,0.0000,0.0000,1.00,0.00,0.0000,22,1,368,368,0,0,100,0,14,14,0,0,0,368,0,0,869552128,0.000000,0.000352,21.088587,0.00,2,5,10,18,16,24,26,14,29,32,36,34,43,43,36,0,0,0,0.0019,0.0514,0.0791,0.0087,0.0550,0.1257,0.0494,8.4210,0.0973,0.0000,0.9070,0.0027,0.0001,0.4870,0.0056,0.0029,0.0003
1728,21.4395,0.0583,9.8815,6.4455,,true,0,0.008333,0.0000,0.0000,1.00,0.00,0.0000,22,1,368,368,0,0,100,0,14,14,0,0,0,368,0,0,869552128,0.000000,0.000352,21.088587,0.00,2,5,10,18,16,24,26,14,29,32,36,34,43,43,36,0,0,0,0.0034,0.0893,0.0695,0.0060,0.0126,0.0507,0.0833,6.4455,0.0617,0.0000,1.2039,0.0034,0.0001,0.7228,0.0092,0.0041,0.0002
1729,21.4466,0.0583,8.7523,5.8629,,true,0,0.008333,0.0000,0.0000,1.00,0.00,0.0000,22,1,368,368,0,0,100,0,14,14,0,0,0,368,0,0,869552128,0.000000,0.000352,21.088587,0.00,2,5,10,18,16,24,26,14,29,32,36,34,43,43,36,0,0,0,0.0018,0.0676,0.0816,0.0039,0.0219,0.0454,0.0619,5.8629,0.0939,0.0000,0.8405,0.0026,0.0001,0.4945,0.0072,0.0039,0.0002
1730,21.4619,0.0583,12.8484,8.7849,,true,0,0.008333,0.0000,0.0000,1.00,0.00,0.0000,22,1,368,368,0,0,100,0,14,14,0,0,0,368,0,0,869552128,0.000000,0.000352,21.088587,0.00,2,5,10,18,16,24,26,14,29,32,36,34,43,43,36,0,0,0,0.0019,0.0924,0.1043,0.0078,0.0335,0.1015,0.0869,8.7849,0.0949,0.0000,1.5784,0.0053,0.0001,0.8709,0.0131,0.0069,0.0002
1731,21.4768,0.0583,15.2816,7.8062,,true,0,0.008333,0.0000,0.0000,1.00,0.00,0.0000,22,1,368,368,0,0,100,0,14,14,0,0,0,368,0,0,869556224,0.000000,0.000352,21.088587,0.00,2,5,10,18,16,24,26,14,29,32,36,34,43,43,36,0,0,0,0.0032,0.1063,0.0982,0.0052,0.0244,0.0658,0.0597,7.8062,0.0808,0.0000,1.2323,0.0063,0.0001,0.6767,0.0089,0.0078,0.0002
1732,21.4878,0.0583,13.3428,6.0500,,true,0,0.008333,0.0000,0.0000,1.00,0.00,0.0000,22,1,368,368,0,0,100,0,14,14,0,0,0,368,0,0,869556224,0.000000,0.000352,21.088587,0.00,2,5,10,18,16,24,26,14,29,32,36,34,43,43,36,0,0,0,0.0032,0.0700,0.0670,0.0050,0.1028,0.0960,0.0655,6.0500,0.0613,0.0000,0.9542,0.0049,0.0001,0.5410,0.0088,0.0060,0.0001
1733,21.5049,0.0583,14.6157,8.1526,,true,0,0.008333,0.0000,0.0000,1.00,0.00,0.0000,22,1,368,368,0,0,100,0,14,14,0,0,0,368,0,0,869556224,0.000000,0.000352,21.088587,0.00,2,5,10,18,16,24,26,14,29,32,36,34,43,43,36,0,0,0,0.0022,0.0687,0.0807,0.0083,0.0240,0.0801,0.0515,8.1526,0.0942,0.0000,1.2341,0.0048,0.0001,0.6319,0.0224,0.0072,0.0001
1734,21.5179,0.0583,14.0521,7.1008,,true,0,0.008333,0.0000,0.0000,1.00,0.00,0.0000,22,1,368,368,0,0,100,0,14,14,0,0,0,368,0,0,869556224,0.000000,0.000352,21.088587,0.00,2,5,10,18,16,24,26,14,29,32,36,34,43,43,36,0,0,0,0.0033,0.0575,0.0781,0.0061,0.0252,0.0921,0.0607,7.1008,0.1016,0.0000,1.2432,0.0038,0.0001,0.7143,0.0103,0.0054,0.0002
1735,21.5301,0.0583,11.9217,7.8173,,true,0,0.008333,0.0000,0.0000,1.00,0.00,0.0000,22,1,368,368,0,0,100,0,14,14,0,0,0,368,0,0,869556224,0.000000,0.000352,21.088587,0.00,2,5,10,18,16,24,26,14,29,32,36,34,43,43,36,0,0,0,0.0018,0.0582,0.0702,0.0048,0.0258,0.0911,0.0542,7.8173,0.0797,0.0000,0.9903,0.0044,0.0001,0.5405,0.0060,0.0055,0.0002
1736,21.5438,0.0583,12.5409,8.6984,,true,0,0.008333,0.0000,0.0000,1.00,0.00,0.0000,22,1,368,368,0,0,100,0,14,14,0,0,0,368,0,0,869556224,0.000000,0.000352,21.088587,0.00,2,5,10,18,16,24,26,14,29,32,36,34,43,43,36,0,0,0,0.0019,0.0594,0.1350,0.0042,0.0254,0.0716,0.0677,8.6984,0.1100,0.0000,1.3405,0.0040,0.0001,0.7826,0.0097,0.0061,0.0002
1737,21.5554,0.0583,12.5534,7.2863,,true,0,0.008333,0.0000,0.0000,1.00,0.00,0.0000,22,1,368,368,0,0,100,0,14,14,0,0,0,368,0,0,869556224,0.000000,0.000352,21.088587,0.00,2,5,10,18,16,24,26,14,29,32,36,34,43,43,36,0,0,0,0.0019,0.0526,0.0798,0.0051,0.0204,0.0787,0.0615,7.2863,0.0738,0.0000,1.1611,0.0037,0.0002,0.6793,0.0085,0.0060,0.0002
1738,21.5665,0.0583,12.6167,6.4392,,true,0,0.008333,0.0000,0.0000,1.00,0.00,0.0000,22,1,368,368,0,0,100,0,14,14,0,0,0,368,0,0,869556224,0.000000,0.000352,21.088587,0.00,2,5,10,18,16,24,26,14,29,32,36,34,43,43,36,0,0,0,0.0022,0.0659,0.0954,0.0036,0.0201,0.0919,0.0614,6.4392,0.0931,0.0000,1.3110,0.0044,0.0001,0.7807,0.0092,0.0040,0.0002
1739,21.5836,0.0583,13.8520,8.9998,,true,0,0.008333,0.0000,0.0000,1.00,0.00,0.0000,22,1,368,368,0,0,100,0,14,14,0,0,0,368,0,0,869556224,0.000000,0.000352,21.088587,0.00,2,5,10,18,16,24,26,14,29,32,36,34,43,43,36,0,0,0,0.0016,0.0733,0.1006,0.0075,0.0177,0.0948,0.0706,8.9998,0.0846,0.0000,1.1901,0.0049,0.0002,0.6524,0.0105,0.0070,0.0002
1740,21.5941,0.0583,11.7179,8.0959,,true,0,0.008333,0.0000,0.0000,1.00,0.00,0.0000,22,1,368,368,0,0,100,0,14,14,0,0,0,368,0,0,869560320,0.000000,0.000352,21.088587,0.00,2,5,10,18,16,24,26,14,29,32,36,34,43,43,36,0,0,0,0.0017,0.0938,0.0981,0.0104,0.0276,0.0853,0.0556,8.0959,0.2758,0.0000,1.4187,0.0052,0.0001,0.8605,0.0121,0.0067,0.0002
1741,21.6065,0.0583,13.2453,7.2624,,true,0,0.008333,0.0000,0.0000,1.00,0.00,0.0000,22,1,368,368,0,0,100,0,14,14,0,0,0,368,0,0,869560320,0.000000,0.000352,21.088587,0.00,2,5,10,18,16,24,26,14,29,32,36,34,43,43,36,0,0,0,0.0016,0.0768,0.0878,0.0044,0.0222,0.0910,0.0770,7.2624,0.0662,0.0000,1.3261,0.0045,0.0001,0.6971,0.0247,0.0058,0.0002
1742,21.6180,0.0583,11.6628,7.4501,,true,0,0.008333,0.0000,0.0000,1.00,0.00,0.0000,22,1,368,368,0,0,100,0,14,14,0,0,0,368,0,0,869560320,0.000000,0.000352,21.088587,0.00,2,5,10,18,16,24,26,14,29,32,36,34,43,43,36,0,0,0,0.0016,0.0631,0.0869,0.0031,0.0141,0.0453,0.0632,7.4501,0.0828,0.0000,1.1700,0.0033,0.0001,0.6542,0.0087,0.0051,0.0003
1743,21.6330,0.0583,14.3398,7.6610,,true,0,0.008333,0.0000,0.0000,1.00,0.00,0.0000,22,1,368,368,0,0,100,0,14,14,0,0,0,368,0,0,869560320,0.000000,0.000352,21.088587,0.00,2,5,10,18,16,24,26,14,29,32,36,34,43,43,36,0,0,0,0.0032,0.0667,0.0838,0.0087,0.0391,0.1226,0.0602,7.6610,0.0853,0.0000,1.2640,0.0046,0.0001,0.6813,0.0074,0.0050,0.0004
1744,21.6458,0.0583,12.8854,7.8016,,true,0,0.008333,0.0000,0.0000,1.00,0.00,0.0000,22,1,368,368,0,0,100,0,14,14,0,0,0,368,0,0,869560320,0.000000,0.000352,21.088587,0.00,2,5,10,18,16,24,26,14,29,32,36,34,43,43,36,0,0,0,0.0017,0.0590,0.0768,0.0054,0.0285,0.0992,0.0605,7.8016,0.0881,0.0000,1.1977,0.0090,0.0002,0.6505,0.0261,0.0094,0.0002
1745,21.6604,0.0583,14.0993,7.7433,,true,0,0.008333,0.0000,0.0000,1.00,0.00,0.0000,22,1,368,368,0,0,100,0,14,14,0,0,0,368,0,0,869560320,0.000000,0.000352,21.088587,0.00,2,5,10,18,16,24,26,14,29,32,36,34,43,43,36,0,0,0,0.0015,0.0528,0.0637,0.0053,0.0259,0.0762,0.0466,7.7433,0.0628,0.0000,1.0228,0.0061,0.0001,0.5112,0.0128,0.0099,0.0002
1746,21.6792,0.0583,15.3802,10.4649,,true,1,0.008333,0.0000,0.0083,1.00,0.00,0.0000,22,1,368,368,0,0,100,0,14,14,0,0,0,368,0,0,869560320,0.000000,0.000352,21.394802,0.00,2,5,10,18,16,24,26,14,29,32,36,34,43,43,36,0,0,0,0.0021,0.1082,0.1685,0.0079,0.0317,0.4657,0.0745,10.4649,0.1888,0.0000,1.7214,0.0072,0.0002,0.8700,0.0144,0.0110,0.0002
1747,21.6911,0.0583,13.9783,9.4656,,true,0,0.008333,0.0000,0.0000,1.00,0.00,0.0000,22,1,368,368,0,0,100,0,14,14,0,0,0,368,0,0,869560320,0.000000,0.000352,21.394802,0.00,2,5,10,18,16,24,26,14,29,32,36,34,43,43,36,0,0,0,0.0026,0.0774,0.1013,0.0062,0.0217,0.0901,0.0786,9.4656,0.1283,0.0000,2.0356,0.0046,0.0002,1.1975,0.0205,0.0065,0.0003
1748,21.7020,0.0583,12.3309,8.0735,,true,0,0.008333,0.0000,0.0000,1.00,0.00,0.0000,22,1,368,368,0,0,100,0,14,14,0,0,0,368,0,0,869560320,0.000000,0.000352,21.394802,0.00,2,5,10,18,16,24,26,14,29,32,36,34,43,43,36,0,0,0,0.0017,0.0616,0.0945,0.0053,0.0444,0.0947,0.0616,8.0735,0.0859,0.0000,1.6599,0.0038,0.0001,1.0349,0.0112,0.0051,0.0002
1749,21.7186,0.0583,13.7838,9.2715,,true,0,0.008333,0.0000,0.0000,1.00,0.00,0.0000,22,1,368,368,0,0,100,0,14,14,0,0,0,368,0,0,869560320,0.000000,0.000352,21.394802,0.00,2,5,10,18,16,24,26,14,29,32,36,34,43,43,36,0,0,0,0.0018,0.0808,0.0930,0.0080,0.0402,0.2403,0.0587,9.2715,0.0951,0.0000,1.1574,0.0030,0.0001,0.6477,0.0062,0.0036,0.0002
1750,21.7340,0.0583,19.2111,7.1551,,true,0,0.008333,0.0000,0.0000,1.00,0.00,0.0000,22,1,368,368,0,0,100,0,14,14,0,0,0,368,0,0,869564416,0.000000,0.000352,21.394802,0.00,2,5,10,18,16,24,26,14,29,32,36,34,43,43,36,0,0,0,0.0018,0.0676,0.1128,0.0097,0.0415,0.1074,0.0597,7.1551,0.1274,0.0000,1.4453,0.0068,0.0001,0.7873,0.0106,0.0239,0.0002
1751,21.7422,0.0583,7.8105,7.1557,,true,0,0.008333,0.0000,0.0000,1.00,0.00,0.0000,22,1,368,368,0,0,100,0,14,14,0,0,0,368,0,0,869564416,0.000000,0.000352,21.394802,0.00,2,5,10,18,16,24,26,14,29,32,36,34,43,43,36,0,0,0,0.0015,0.0604,0.0824,0.0033,0.0200,0.0799,0.0560,7.1557,0.0890,0.0000,1.1656,0.0035,0.0001,0.6956,0.0094,0.0057,0.0002
1752,21.7531,0.0583,13.0488,5.6292,,true,0,0.008333,0.0000,0.0000,1.00,0.00,0.0000,22,1,368,368,0,0,100,0,14,14,0,0,0,368,0,0,869564416,0.000000,0.000352,21.394802,0.00,2,5,10,18,16,24,26,14,29,32,36,34,43,43,36,0,0,0,0.0016,0.0481,0.0595,0.0032,0.0217,0.0855,0.0658,5.6292,0.0606,0.0000,0.8736,0.0039,0.0001,0.4756,0.0089,0.0061,0.0002
1753,21.7644,0.0583,11.6281,5.4392,,true,0,0.008333,0.0000,0.0000,1.00,0.00,0.0000,22,1,368,368,0,0,100,0,14,14,0,0,0,368,0,0,869564416,0.000000,0.000352,21.394802,0.00,2,5,10,18,16,24,26,14,29,32,36,34,43,43,36,0,0,0,0.0018,0.0355,0.0526,0.0041,0.0129,0.0417,0.0648,5.4392,0.0542,0.0000,0.8151,0.0039,0.0001,0.4776,0.0067,0.0041,0.0001
1754,21.7793,0.0583,12.6666,7.1206,,true,0,0.008333,0.0000,0.0000,1.00,0.00,0.0000,22,1,368,368,0,0,100,0,14,14,0,0,0,368,0,0,869564416,0.000000,0.000352,21.394802,0.00,2,5,10,18,16,24,26,14,29,32,36,34,43,43,36,0,0,0,0.0017,0.0665,0.0745,0.0049,0.0222,0.0831,0.0581,7.1206,0.0996,0.0000,1.1920,0.0045,0.0001,0.6852,0.0080,0.0052,0.0002
1755,21.7927,0.0583,12.5213,7.8585,,true,0,0.008333,0.0000,0.0000,1.00,0.00,0.0000,22,1,368,368,0,0,100,0,14,14,0,0,0,368,0,0,869564416,0.000000,0.000352,21.394802,0.00,2,5,10,18,16,24,26,14,29,32,36,34,43,43,36,0,0,0,0.0030,0.0625,0.0768,0.0078,0.0322,0.1232,0.0599,7.8585,0.0850,0.0000,1.2076,0.0045,0.0002,0.7063,0.0113,0.0053,0.0002
1756,21.8048,0.0583,13.4934,6.8159,,true,0,0.008333,0.0000,0.0000,1.00,0.00,0.0000,22,1,368,368,0,0,100,0,14,14,0,0,0,368,0,0,869564416,0.000000,0.000352,21.394802,0.00,2,5,10,18,16,24,26,14,29,32,36,34,43,43,36,0,0,0,0.0016,0.0668,0.0811,0.0039,0.0307,0.0732,0.0526,6.8159,0.0783,0.0000,1.3015,0.0055,0.0001,0.7254,0.0112,0.0067,0.0002
1757,21.8150,0.0583,11.6863,5.4694,,true,0,0.008333,0.0000,0.0000,1.00,0.00,0.0000,22,1,368,368,0,0,100,0,14,14,0,0,0,368,0,0,869564416,0.000000,0.000352,21.394802,0.00,2,5,10,18,16,24,26,14,29,32,36,34,43,43,36,0,0,0,0.0010,0.0475,0.0550,0.0045,0.0217,0.0715,0.0452,5.4694,0.0563,0.0000,0.8196,0.0034,0.0001,0.4836,0.0073,0.0043,0.0002
1758,21.8259,0.0583,10.5845,6.0708,,true,0,0.008333,0.0000,0.0000,1.00,0.00,0.0000,22,1,368,368,0,0,100,0,14,14,0,0,0,368,0,0,869564416,0.000000,0.000352,21.394802,0.00,2,5,10,18,16,24,26,14,29,32,36,34,43,43,36,0,0,0,0.0016,0.0531,0.0988,0.0029,0.0162,0.0537,0.1015,6.0708,0.0680,0.0000,1.0990,0.0039,0.0002,0.6536,0.0089,0.0044,0.0002
1759,21.8381,0.0583,12.4272,5.7771,,true,0,0.008333,0.0000,0.0000,1.00,0.00,0.0000,22,1,368,368,0,0,100,0,14,14,0,0,0,368,0,0,869568512,0.000000,0.000352,21.394802,0.00,2,5,10,18,16,24,26,14,29,32,36,34,43,43,36,0,0,0,0.0014,0.0544,0.0717,0.0029,0.0151,0.0592,0.0635,5.7771,0.0575,0.0000,1.1195,0.0041,0.0001,0.6615,0.0118,0.0047,0.0002
1760,21.8502,0.0583,11.6812,6.1063,,true,0,0.008333,0.0000,0.0000,1.00,0.00,0.0000,22,1,368,368,0,0,100,0,14,14,0,0,0,368,0,0,869568512,0.000000,0.000352,21.394802,0.00,2,5,10,18,16,24,26,14,29,32,36,34,43,43,36,0,0,0,0.0014,0.0543,0.0721,0.0029,0.0216,0.0753,0.0559,6.1063,0.0762,0.0000,1.3001,0.0075,0.0002,0.8038,0.0083,0.0209,0.0002
1761,21.8605,0.0583,10.8857,5.5493,,true,0,0.008333,0.0000,0.0000,1.00,0.00,0.0000,22,1,368,368,0,0,100,0,14,14,0,0,0,368,0,0,869568512,0.000000,0.000352,21.394802,0.00,2,5,10,18,16,24,26,14,29,32,36,34,43,43,36,0,0,0,0.0011,0.0553,0.0769,0.0048,0.0223,0.0556,0.0536,5.5493,0.0674,0.0000,1.1091,0.0031,0.0001,0.6509,0.0081,0.0043,0.0002
1762,21.8713,0.0583,10.7096,5.7178,,true,0,0.008333,0.0000,0.0000,1.00,0.00,0.0000,22,1,368,368,0,0,100,0,14,14,0,0,0,368,0,0,869568512,0.000000,0.000352,21.394802,0.00,2,5,10,18,16,24,26,14,29,32,36,34,43,43,36,0,0,0,0.0047,0.0499,0.0601,0.0053,0.0243,0.0671,0.0494,5.7178,0.0721,0.0000,0.8626,0.0038,0.0001,0.4848,0.0079,0.0053,0.0002
1763,21.8829,0.0583,11.5764,5.7374,,true,0,0.008333,0.0000,0.0000,1.00,0.00,0.0000,22,1,368,368,0,0,100,0,14,14,0,0,0,368,0,0,869568512,0.000000,0.000352,21.394802,0.00,2,5,10,18,16,24,26,14,29,32,36,34,43,43,36,0,0,0,0.0016,0.0553,0.0701,0.0032,0.0154,0.0618,0.0652,5.7374,0.0629,0.0000,1.1192,0.0031,0.0001,0.6730,0.0079,0.0048,0.0002
1764,21.8945,0.0583,11.0618,6.1717,,true,0,0.008333,0.0000,0.0000,1.00,0.00,0.0000,22,1,368,368,0,0,100,0,14,14,0,0,0,368,0,0,869568512,0.000000,0.000352,21.394802,0.00,2,5,10,18,16,24,26,14,29,32,36,34,43,43,36,0,0,0,0.0020,0.0605,0.0795,0.0045,0.0211,0.0623,0.0580,6.1717,0.0627,0.0000,1.1701,0.0052,0.0001,0.6619,0.0152,0.0056,0.0003
1765,21.9061,0.0583,11.3657,6.2514,,true,0,0.008333,0.0000,0.0000,1.00,0.00,0.0000,22,1,368,368,0,0,100,0,14,14,0,0,0,368,0,0,869568512,0.000000,0.000352,21.394802,0.00,2,5,10,18,16,24,26,14,29,32,36,34,43,43,36,0,0,0,0.0018,0.0706,0.0773,0.0037,0.0237,0.0802,0.0558,6.2514,0.0749,0.0000,1.1484,0.0035,0.0001,0.6934,0.0073,0.0050,0.0002
1766,21.9175,0.0583,11.8533,5.9000,,true,0,0.008333,0.0000,0.0000,1.00,0.00,0.0000,22,1,368,368,0,0,100,0,14,14,0,0,0,368,0,0,869568512,0.000000,0.000352,21.394802,0.00,2,5,10,18,16,24,26,14,29,32,36,34,43,43,36,0,0,0,0.0018,0.0580,0.0744,0.0043,0.0213,0.0777,0.0534,5.9000,0.0737,0.0000,1.1043,0.0032,0.0001,0.6446,0.0070,0.0058,0.0002
1767,21.9284,0.0583,11.0632,5.8277,,true,0,0.008333,0.0000,0.0000,1.00,0.00,0.0000,22,1,368,368,0,0,100,0,14,14,0,0,0,368,0,0,869568512,0.000000,0.000352,21.394802,0.00,2,5,10,18,16,24,26,14,29,32,36,34,43,43,36,0,0,0,0.0015,0.0628,0.0738,0.0041,0.0211,0.0688,0.0564,5.8277,0.0741,0.0000,1.1320,0.0043,0.0002,0.6616,0.0074,0.0047,0.0002
1768,21.9380,0.0583,10.6869,4.7244,,true,0,0.008333,0.0000,0.0000,1.00,0.00,0.0000,22,1,368,368,0,0,100,0,14,14,0,0,0,368,0,0,869572608,0.000000,0.000352,21.394802,0.00,2,5,10,18,16,24,26,14,29,32,36,34,43,43,36,0,0,0,0.0018,0.0490,0.0558,0.0042,0.0226,0.0691,0.0585,4.7244,0.0564,0.0000,0.8378,0.0031,0.0001,0.4782,0.0056,0.0047,0.0001
1769,21.9493,0.0583,10.1876,6.0233,,true,0,0.008333,0.0000,0.0000,1.00,0.00,0.0000,22,1,368,368,0,0,100,0,14,14,0,0,0,368,0,0,869572608,0.000000,0.000352,21.394802,0.00,2,5,10,18,16,24,26,14,29,32,36,34,43,43,36,0,0,0,0.0033,0.0532,0.0661,0.0051,0.0229,0.0701,0.0666,6.0233,0.0620,0.0000,1.1608,0.0044,0.0001,0.7072,0.0107,0.0041,0.0002
1770,21.9625,0.0583,12.6490,6.2129,,true,0,0.008333,0.0000,0.0000,1.00,0.00,0.0000,22,1,368,368,0,0,100,0,14,14,0,0,0,368,0,0,869572608,0.000000,0.000352,21.394802,0.00,2,5,10,18,16,24,26,14,29,32,36,34,43,43,36,0,0,0,0.0016,0.0551,0.0563,0.0037,0.0488,0.0799,0.0458,6.2129,0.0745,0.0000,0.9678,0.0029,0.0001,0.5646,0.0074,0.0036,0.0002
1771,21.9722,0.0583,11.0530,4.8886,,true,0,0.008333,0.0000,0.0000,1.00,0.00,0.0000,22,1,368,368,0,0,100,0,14,14,0,0,0,368,0,0,869572608,0.000000,0.000352,21.394802,0.00,2,5,10,18,16,24,26,14,29,32,36,34,43,43,36,0,0,0,0.0020,0.0282,0.0438,0.0029,0.0100,0.0611,0.0403,4.8886,0.0288,0.0000,0.7308,0.0019,0.0001,0.4413,0.0032,0.0023,0.0001
1772,21.9845,0.0583,10.9757,6.0082,,true,1,0.008333,0.0000,0.0083,1.00,0.00,0.0000,22,1,368,368,0,0,100,0,14,14,0,0,0,368,0,0,869572608,0.000000,0.000352,21.701113,0.00,2,5,10,18,16,24,26,14,29,32,36,34,43,43,36,0,0,0,0.0015,0.0451,0.0692,0.0028,0.0208,0.2336,0.0583,6.0082,0.0582,0.0000,1.0354,0.0022,0.0001,0.6245,0.0045,0.0036,0.0002
1773,22.0000,0.0583,14.4204,6.8095,,true,0,0.008333,0.0000,0.0000,1.00,0.00,0.0000,22,1,368,368,0,0,100,0,14,14,0,0,0,368,0,0,869572608,0.000000,0.000352,21.701113,0.00,2,5,10,18,16,24,26,14,29,32,36,34,43,43,36,0,0,0,0.0029,0.1188,0.1064,0.0030,0.0146,0.0492,0.0613,6.8095,0.0801,0.0000,1.0090,0.0046,0.0001,0.5338,0.0084,0.0061,0.0001
1774,22.0161,0.0583,16.0318,7.1063,,true,0,0.008333,0.0000,0.0000,1.00,0.00,0.0000,22,1,368,368,0,0,100,0,14,14,0,0,0,368,0,0,869572608,0.000000,0.000352,21.701113,0.00,2,5,10,18,16,24,26,14,29,32,36,34,43,43,36,0,0,0,0.0028,0.0558,0.0710,0.0054,0.0270,0.0879,0.0536,7.1063,0.0755,0.0000,1.1885,0.0053,0.0001,0.6916,0.0110,0.0064,0.0002
1775,22.0293,0.0583,10.9790,9.4373,,true,0,0.008333,0.0000,0.0000,1.00,0.00,0.0000,22,1,368,368,0,0,100,0,14,14,0,0,0,368,0,0,869572608,0.000000,0.000352,21.701113,0.00,2,5,10,18,16,24,26,14,29,32,36,34,43,43,36,0,0,0,0.0015,0.0679,0.0742,0.0055,0.0245,0.0838,0.0685,9.4373,0.0661,0.0000,1.2275,0.0059,0.0002,0.6533,0.0097,0.0090,0.0002
1776,22.0740,0.0583,26.3093,27.8806,,true,0,0.008333,0.0000,0.0000,1.00,0.00,0.0000,22,1,368,368,0,0,100,0,14,14,0,0,0,368,0,0,869572608,0.000000,0.000352,21.701113,0.00,2,5,10,18,16,24,26,14,29,32,36,34,43,43,36,0,0,0,0.0016,0.0765,0.0903,0.0128,0.0330,0.1011,0.0591,27.8806,0.1073,0.0000,21.8634,0.0047,1.3374,0.5490,0.0359,0.0059,19.3125
1777,22.0813,0.0583,6.3194,6.0306,,true,0,0.008333,0.0000,0.0000,1.00,0.00,0.0000,22,1,368,368,0,0,100,0,14,14,0,0,0,368,0,0,869572608,0.000000,0.000352,21.701113,0.00,2,5,10,18,16,24,26,14,29,32,36,34,43,43,36,0,0,0,0.0034,0.0731,0.0905,0.0042,0.0217,0.0752,0.1138,6.0306,0.0789,0.0000,1.1472,0.0031,0.0002,0.6838,0.0066,0.0039,0.0002
1778,22.0897,0.0583,30.7735,6.3239,,true,0,0.008333,0.0000,0.0000,1.00,0.00,0.0000,22,1,368,368,0,0,100,0,14,14,0,0,0,368,0,0,869576704,0.000000,0.000352,21.701113,0.00,2,5,10,18,16,24,26,14,29,32,36,34,43,43,36,0,0,0,0.0054,0.0928,0.0619,0.0059,0.0324,0.1153,0.0589,6.3239,0.0858,0.0000,1.0662,0.0022,0.0001,0.6207,0.0044,0.0029,0.0002
1779,22.0970,0.0583,5.6876,6.0153,,true,0,0.008333,0.0000,0.0000,1.00,0.00,0.0000,22,1,368,368,0,0,100,0,14,14,0,0,0,368,0,0,869576704,0.000000,0.000352,21.701113,0.00,2,5,10,18,16,24,26,14,29,32,36,34,43,43,36,0,0,0,0.0032,0.0619,0.0782,0.0118,0.0173,0.0606,0.0598,6.0153,0.0791,0.0000,1.1257,0.0031,0.0001,0.6708,0.0096,0.0048,0.0002
1780,22.1036,0.0583,8.8672,5.7308,,true,0,0.008333,0.0000,0.0000,1.00,0.00,0.0000,22,1,368,368,0,0,100,0,14,14,0,0,0,368,0,0,869576704,0.000000,0.000352,21.701113,0.00,2,5,10,18,16,24,26,14,29,32,36,34,43,43,36,0,0,0,0.0033,0.0448,0.0738,0.0049,0.0217,0.0721,0.0540,5.7308,0.0873,0.0000,1.0404,0.0038,0.0001,0.6118,0.0101,0.0042,0.0002
1781,22.1108,0.0583,5.5223,6.0103,,true,0,0.008333,0.0000,0.0000,1.00,0.00,0.0000,22,1,368,368,0,0,100,0,14,14,0,0,0,368,0,0,869576704,0.000000,0.000352,21.701113,0.00,2,5,10,18,16,24,26,14,29,32,36,34,43,43,36,0,0,0,0.0017,0.0743,0.0902,0.0062,0.0734,0.0839,0.0650,6.0103,0.0937,0.0000,0.9956,0.0034,0.0001,0.5839,0.0074,0.0038,0.0002
1782,22.1172,0.0583,8.1529,5.2710,,true,0,0.008333,0.0000,0.0000,1.00,0.00,0.0000,22,1,368,368,0,0,100,0,14,14,0,0,0,368,0,0,869576704,0.000000,0.000352,21.701113,0.00,2,5,10,18,16,24,26,14,29,32,36,34,43,43,36,0,0,0,0.0015,0.0550,0.0705,0.0034,0.0186,0.0633,0.0544,5.2710,0.0697,0.0000,1.0683,0.0034,0.0001,0.6237,0.0068,0.0054,0.0002
1783,22.1286,0.0583,11.4191,5.7804,,true,0,0.008333,0.0000,0.0000,1.00,0.00,0.0000,22,1,368,368,0,0,100,0,14,14,0,0,0,368,0,0,869576704,0.000000,0.000352,21.701113,0.00,2,5,10,18,16,24,26,14,29,32,36,34,43,43,36,0,0,0,0.0015,0.0609,0.0749,0.0029,0.0264,0.0674,0.0577,5.7804,0.0746,0.0000,1.1150,0.0043,0.0001,0.6520,0.0068,0.0037,0.0002
1784,22.1397,0.0583,10.5332,6.3607,,true,0,0.008333,0.0000,0.0000,1.00,0.00,0.0000,22,1,368,368,0,0,100,0,14,14,0,0,0,368,0,0,869576704,0.000000,0.000352,21.701113,0.00,2,5,10,18,16,24,26,14,29,32,36,34,43,43,36,0,0,0,0.0018,0.0604,0.0789,0.0042,0.0203,0.0851,0.0562,6.3607,0.0761,0.0000,1.1144,0.0045,0.0001,0.6311,0.0079,0.0058,0.0002
1785,22.1504,0.0583,10.8848,5.7805,,true,0,0.008333,0.0000,0.0000,1.00,0.00,0.0000,22,1,368,368,0,0,100,0,14,14,0,0,0,368,0,0,869576704,0.000000,0.000352,21.701113,0.00,2,5,10,18,16,24,26,14,29,32,36,34,43,43,36,0,0,0,0.0014,0.0450,0.0637,0.0024,0.0143,0.0419,0.0457,5.7805,0.0899,0.0000,1.1529,0.0059,0.0001,0.6043,0.0095,0.0076,0.0002
1786,22.1649,0.0583,14.3202,6.2926,,true,0,0.008333,0.0000,0.0000,1.00,0.00,0.0000,22,1,368,368,0,0,100,0,14,14,0,0,0,368,0,0,869576704,0.000000,0.000352,21.701113,0.00,2,5,10,18,16,24,26,14,29,32,36,34,43,43,36,0,0,0,0.0016,0.0495,0.0728,0.0038,0.0223,0.0773,0.0545,6.2926,0.0687,0.0000,1.0779,0.0036,0.0002,0.6459,0.0080,0.0040,0.0002
1787,22.1756,0.0583,10.9950,6.1095,,true,0,0.008333,0.0000,0.0000,1.00,0.00,0.0000,22,1,368,368,0,0,100,0,14,14,0,0,0,368,0,0,869580800,0.000000,0.000352,21.701113,0.00,2,5,10,18,16,24,26,14,29,32,36,34,43,43,36,0,0,0,0.0016,0.0745,0.0820,0.0043,0.0205,0.0996,0.0615,6.1095,0.0759,0.0000,1.1326,0.0041,0.0001,0.6559,0.0060,0.0045,0.0002
1788,22.1875,0.0583,11.3735,6.6673,,true,0,0.008333,0.0000,0.0000,1.00,0.00,0.0000,22,1,368,368,0,0,100,0,14,14,0,0,0,368,0,0,869580800,0.000000,0.000352,21.701113,0.00,2,5,10,18,16,24,26,14,29,32,36,34,43,43,36,0,0,0,0.0018,0.0602,0.0729,0.0051,0.0234,0.0837,0.0485,6.6673,0.0911,0.0000,1.2697,0.0072,0.0001,0.6690,0.0081,0.0092,0.0002
1789,22.2002,0.0583,12.6262,6.5271,,true,0,0.008333,0.0000,0.0000,1.00,0.00,0.0000,22,1,368,368,0,0,100,0,14,14,0,0,0,368,0,0,869580800,0.000000,0.000352,21.701113,0.00,2,5,10,18,16,24,26,14,29,32,36,34,43,43,36,0,0,0,0.0021,0.0490,0.0691,0.0045,0.0205,0.0702,0.0469,6.5271,0.0671,0.0000,0.9456,0.0030,0.0001,0.5885,0.0054,0.0045,0.0002
1790,22.2113,0.0583,11.1652,6.6007,,true,0,0.008333,0.0000,0.0000,1.00,0.00,0.0000,22,1,368,368,0,0,100,0,14,14,0,0,0,368,0,0,869580800,0.000000,0.000352,21.701113,0.00,2,5,10,18,16,24,26,14,29,32,36,34,43,43,36,0,0,0,0.0013,0.0500,0.0716,0.0041,0.0191,0.0679,0.0499,6.6007,0.0771,0.0000,1.5176,0.0039,0.0002,0.8702,0.0093,0.0056,0.0005
1791,22.2204,0.0583,10.8142,5.1070,,true,0,0.008333,0.0000,0.0000,1.00,0.00,0.0000,22,1,368,368,0,0,100,0,14,14,0,0,0,368,0,0,869580800,0.000000,0.000352,21.701113,0.00,2,5,10,18,16,24,26,14,29,32,36,34,43,43,36,0,0,0,0.0045,0.0436,0.0547,0.0038,0.0118,0.0507,0.0618,5.1070,0.0520,0.0000,0.8127,0.0032,0.0001,0.4564,0.0078,0.0037,0.0002
1792,22.2336,0.0583,11.7407,6.0939,,true,0,0.008333,0.0000,0.0000,1.00,0.00,0.0000,22,1,368,368,0,0,100,0,14,14,0,0,0,368,0,0,869580800,0.000000,0.000352,21.701113,0.00,2,5,10,18,16,24,26,14,29,32,36,34,43,43,36,0,0,0,0.0014,0.0847,0.0868,0.0027,0.0125,0.0395,0.0731,6.0939,0.0786,0.0000,1.1679,0.0048,0.0001,0.6620,0.0103,0.0059,0.0002
1793,22.2483,0.0583,14.4910,6.3299,,true,0,0.008333,0.0000,0.0000,1.00,0.00,0.0000,22,1,368,368,0,0,100,0,14,14,0,0,0,368,0,0,869580800,0.000000,0.000352,21.701113,0.00,2,5,10,18,16,24,26,14,29,32,36,34,43,43,36,0,0,0,0.0014,0.0643,0.0597,0.0040,0.0294,0.0865,0.0580,6.3299,0.0714,0.0000,0.9200,0.0054,0.0001,0.5201,0.0084,0.0061,0.0001
1794,22.2604,0.0583,12.3927,6.3192,,true,0,0.008333,0.0000,0.0000,1.00,0.00,0.0000,22,1,368,368,0,0,100,0,14,14,0,0,0,368,0,0,869580800,0.000000,0.000352,21.701113,0.00,2,5,10,18,16,24,26,14,29,32,36,34,43,43,36,0,0,0,0.0017,0.0578,0.0743,0.0041,0.0218,0.0737,0.0600,6.3192,0.0741,0.0000,1.1087,0.0043,0.0001,0.6551,0.0072,0.0047,0.0002
1795,22.2723,0.0583,11.8908,6.4194,,true,0,0.008333,0.0000,0.0000,1.00,0.00,0.0000,22,1,368,368,0,0,100,0,14,14,0,0,0,368,0,0,869580800,0.000000,0.000352,21.701113,0.00,2,5,10,18,16,24,26,14,29,32,36,34,43,43,36,0,0,0,0.0016,0.0607,0.0727,0.0066,0.0260,0.0806,0.0781,6.4194,0.0697,0.0000,1.1466,0.0047,0.0001,0.6736,0.0081,0.0059,0.0002
1796,22.2874,0.0583,14.6024,6.5955,,true,1,0.008333,0.0000,0.0083,1.00,0.00,0.0000,22,1,368,368,0,0,100,0,14,14,0,0,0,368,0,0,869580800,0.000000,0.000352,22.006743,0.00,2,5,10,18,16,24,26,14,29,32,36,34,43,43,36,0,0,0,0.0014,0.0562,0.0779,0.0045,0.0282,0.2415,0.0651,6.5955,0.0715,0.0000,1.1404,0.0034,0.0002,0.6664,0.0063,0.0049,0.0008
1797,22.2973,0.0583,10.8932,5.8913,,true,0,0.008333,0.0000,0.0000,1.00,0.00,0.0000,22,1,368,368,0,0,100,0,14,14,0,0,0,368,0,0,869580800,0.000000,0.000352,22.006743,0.00,2,5,10,18,16,24,26,14,29,32,36,34,43,43,36,0,0,0,0.0018,0.0616,0.0780,0.0053,0.0203,0.0822,0.0597,5.8913,0.0685,0.0000,1.1438,0.0042,0.0001,0.6388,0.0078,0.0070,0.0002
1798,22.3094,0.0583,11.9760,6.0374,,true,0,0.008333,0.0000,0.0000,1.00,0.00,0.0000,22,1,368,368,0,0,100,0,14,14,0,0,0,368,0,0,869580800,0.000000,0.000352,22.006743,0.00,2,5,10,18,16,24,26,14,29,32,36,34,43,43,36,0,0,0,0.0016,0.0558,0.0779,0.0045,0.0219,0.1004,0.0546,6.0374,0.0659,0.0000,1.1500,0.0049,0.0001,0.6604,0.0083,0.0073,0.0005
1799,22.3231,0.0583,13.0470,6.5075,,true,0,0.008333,0.0000,0.0000,1.00,0.00,0.0000,22,1,368,368,0,0,100,0,14,14,0,0,0,368,0,0,869580800,0.000000,0.000352,22.006743,0.00,2,5,10,18,16,24,26,14,29,32,36,34,43,43,36,0,0,0,0.0011,0.0527,0.0751,0.0042,0.0237,0.0781,0.0565,6.5075,0.0833,0.0000,1.0880,0.0030,0.0001,0.6287,0.0065,0.0050,0.0003
1800,22.3363,0.0583,11.6103,7.9536,,true,0,0.008333,0.0000,0.0000,1.00,0.00,0.0000,22,1,368,368,0,0,100,0,14,14,0,0,0,368,0,0,869580800,0.000000,0.000352,22.006743,0.00,2,5,10,18,16,24,26,14,29,32,36,34,43,43,36,0,0,0,0.0017,0.0744,0.0778,0.0128,0.0457,0.0895,0.0718,7.9536,0.0687,0.0000,1.4556,0.0075,0.0001,0.6857,0.0219,0.0107,0.0002
1801,22.3450,0.0583,11.3685,5.5914,,true,0,0.008333,0.0000,0.0000,1.00,0.00,0.0000,22,1,368,368,0,0,100,0,14,14,0,0,0,368,0,0,869580800,0.000000,0.000352,22.006743,0.00,2,5,10,18,16,24,26,14,29,32,36,34,43,43,36,0,0,0,0.0013,0.0540,0.0714,0.0042,0.0178,0.0724,0.0549,5.5914,0.0618,0.0000,1.1349,0.0055,0.0001,0.6709,0.0098,0.0051,0.0002
1802,22.3593,0.0583,13.7946,6.0659,,true,0,0.008333,0.0000,0.0000,1.00,0.00,0.0000,22,1,368,368,0,0,100,0,14,14,0,0,0,368,0,0,869580800,0.000000,0.000352,22.006743,0.00,2,5,10,18,16,24,26,14,29,32,36,34,43,43,36,0,0,0,0.0024,0.0665,0.0744,0.0043,0.0171,0.0642,0.0565,6.0659,0.0724,0.0000,1.1740,0.0060,0.0001,0.6707,0.0092,0.0069,0.0002
1803,22.3713,0.0583,11.6925,6.2267,,true,0,0.008333,0.0000,0.0000,1.00,0.00,0.0000,22,1,368,368,0,0,100,0,14,14,0,0,0,368,0,0,869580800,0.000000,0.000352,22.006743,0.00,2,5,10,18,16,24,26,14,29,32,36,34,43,43,36,0,0,0,0.0031,0.0498,0.0782,0.0047,0.0228,0.0774,0.0533,6.2267,0.0723,0.0000,1.1188,0.0032,0.0002,0.6855,0.0081,0.0037,0.0002
1804,22.3817,0.0583,11.5570,5.4107,,true,0,0.008333,0.0000,0.0000,1.00,0.00,0.0000,22,1,368,368,0,0,100,0,14,14,0,0,0,368,0,0,869580800,0.000000,0.000352,22.006743,0.00,2,5,10,18,16,24,26,14,29,32,36,34,43,43,36,0,0,0,0.0015,0.0481,0.0710,0.0044,0.0271,0.0437,0.0491,5.4107,0.0708,0.0000,1.0958,0.0037,0.0001,0.6703,0.0047,0.0045,0.0002
1805,22.3964,0.0583,13.3058,6.5476,,true,0,0.008333,0.0000,0.0000,1.00,0.00,0.0000,22,1,368,368,0,0,100,0,14,14,0,0,0,368,0,0,869744640,0.000000,0.000352,22.006743,0.00,2,5,10,18,16,24,26,14,29,32,36,34,43,43,36,0,0,0,0.0015,0.0637,0.0636,0.0041,0.0242,0.0974,0.0550,6.5476,0.0838,0.0000,1.1107,0.0039,0.0001,0.6507,0.0074,0.0051,0.0002
1806,22.4068,0.0583,11.3076,5.7433,,true,0,0.008333,0.0000,0.0000,1.00,0.00,0.0000,22,1,368,368,0,0,100,0,14,14,0,0,0,368,0,0,869744640,0.000000,0.000352,22.006743,0.00,2,5,10,18,16,24,26,14,29,32,36,34,43,43,36,0,0,0,0.0018,0.0558,0.0720,0.0048,0.0201,0.0836,0.0543,5.7433,0.0758,0.0000,1.1819,0.0044,0.0001,0.6838,0.0095,0.0053,0.0002
1807,22.4172,0.0583,10.8976,5.3796,,true,0,0.008333,0.0000,0.0000,1.00,0.00,0.0000,22,1,368,368,0,0,100,0,14,14,0,0,0,368,0,0,869744640,0.000000,0.000352,22.006743,0.00,2,5,10,18,16,24,26,14,29,32,36,34,43,43,36,0,0,0,0.0013,0.0591,0.0625,0.0029,0.0247,0.0638,0.0496,5.3796,0.0639,0.0000,0.8575,0.0042,0.0001,0.4742,0.0072,0.0050,0.0001
1808,22.4305,0.0583,12.5170,6.0700,,true,0,0.008333,0.0000,0.0000,1.00,0.00,0.0000,22,1,368,368,0,0,100,0,14,14,0,0,0,368,0,0,869744640,0.000000,0.000352,22.006743,0.00,2,5,10,18,16,24,26,14,29,32,36,34,43,43,36,0,0,0,0.0018,0.0548,0.0818,0.0048,0.0197,0.0917,0.0554,6.0700,0.0695,0.0000,1.1475,0.0037,0.0001,0.6653,0.0083,0.0050,0.0002
1809,22.4452,0.0583,13.9541,6.5607,,true,0,0.008333,0.0000,0.0000,1.00,0.00,0.0000,22,1,368,368,0,0,100,0,14,14,0,0,0,368,0,0,869744640,0.000000,0.000352,22.006743,0.00,2,5,10,18,16,24,26,14,29,32,36,34,43,43,36,0,0,0,0.0016,0.0545,0.0744,0.0042,0.0209,0.0850,0.0597,6.5607,0.0581,0.0000,1.1841,0.0045,0.0001,0.7187,0.0066,0.0053,0.0002
1810,22.4553,0.0583,11.3358,5.5626,,true,0,0.008333,0.0000,0.0000,1.00,0.00,0.0000,22,1,368,368,0,0,100,0,14,14,0,0,0,368,0,0,869744640,0.000000,0.000352,22.006743,0.00,2,5,10,18,16,24,26,14,29,32,36,34,43,43,36,0,0,0,0.0016,0.0577,0.0747,0.0043,0.0191,0.0765,0.0565,5.5626,0.0742,0.0000,1.1205,0.0042,0.0001,0.6477,0.0074,0.0063,0.0002
1811,22.4670,0.0583,11.2303,5.9970,,true,0,0.008333,0.0000,0.0000,1.00,0.00,0.0000,22,1,368,368,0,0,100,0,14,14,0,0,0,368,0,0,869744640,0.000000,0.000352,22.006743,0.00,2,5,10,18,16,24,26,14,29,32,36,34,43,43,36,0,0,0,0.0042,0.0600,0.0789,0.0046,0.0234,0.0778,0.0545,5.9970,0.0732,0.0000,1.1096,0.0041,0.0001,0.6510,0.0070,0.0048,0.0002
1812,22.4799,0.0583,13.3613,5.7104,,true,0,0.008333,0.0000,0.0000,1.00,0.00,0.0000,22,1,368,368,0,0,100,0,14,14,0,0,0,368,0,0,869744640,0.000000,0.000352,22.006743,0.00,2,5,10,18,16,24,26,14,29,32,36,34,43,43,36,0,0,0,0.0017,0.0640,0.0708,0.0037,0.0168,0.0551,0.0508,5.7104,0.0746,0.0000,1.1693,0.0049,0.0001,0.6716,0.0090,0.0063,0.0002
1813,22.4916,0.0583,11.3911,5.6653,,true,0,0.008333,0.0000,0.0000,1.00,0.00,0.0000,22,1,368,368,0,0,100,0,14,14,0,0,0,368,0,0,869744640,0.000000,0.000352,22.006743,0.00,2,5,10,18,16,24,26,14,29,32,36,34,43,43,36,0,0,0,0.0033,0.0455,0.1102,0.0030,0.0161,0.0572,0.0420,5.6653,0.0727,0.0000,0.8990,0.0032,0.0001,0.4798,0.0069,0.0058,0.0002
1814,22.5035,0.0583,11.6723,6.0168,,true,0,0.008333,0.0000,0.0000,1.00,0.00,0.0000,22,1,368,368,0,0,100,0,14,14,0,0,0,368,0,0,869744640,0.000000,0.000352,22.006743,0.00,2,5,10,18,16,24,26,14,29,32,36,34,43,43,36,0,0,0,0.0017,0.0568,0.0827,0.0047,0.0216,0.0818,0.0600,6.0168,0.0752,0.0000,1.1339,0.0039,0.0002,0.6355,0.0091,0.0061,0.0002
1815,22.5164,0.0583,12.4752,6.1686,,true,0,0.008333,0.0000,0.0000,1.00,0.00,0.0000,22,1,368,368,0,0,100,0,14,14,0,0,0,368,0,0,869744640,0.000000,0.000352,22.006743,0.00,2,5,10,18,16,24,26,14,29,32,36,34,43,43,36,0,0,0,0.0019,0.0605,0.0766,0.0048,0.0316,0.0744,0.0554,6.1686,0.0754,0.0000,1.1477,0.0025,0.0001,0.7046,0.0067,0.0038,0.0002
1816,22.5266,0.0583,11.1828,5.5665,,true,0,0.008333,0.0000,0.0000,1.00,0.00,0.0000,22,1,368,368,0,0,100,0,14,14,0,0,0,368,0,0,869744640,0.000000,0.000352,22.006743,0.00,2,5,10,18,16,24,26,14,29,32,36,34,43,43,36,0,0,0,0.0015,0.0569,0.0754,0.0045,0.0210,0.0850,0.0601,5.5665,0.0761,0.0000,1.1149,0.0041,0.0001,0.6633,0.0059,0.0065,0.0002
1817,22.5388,0.0583,11.1509,6.4402,,true,0,0.008333,0.0000,0.0000,1.00,0.00,0.0000,22,1,368,368,0,0,100,0,14,14,0,0,0,368,0,0,869744640,0.000000,0.000352,22.006743,0.00,2,5,10,18,16,24,26,14,29,32,36,34,43,43,36,0,0,0,0.0014,0.0535,0.0789,0.0050,0.0224,0.0764,0.0550,6.4402,0.0753,0.0000,1.1207,0.0047,0.0001,0.6638,0.0062,0.0050,0.0002
1818,22.5505,0.0583,11.9688,6.3518,,true,0,0.008333,0.0000,0.0000,1.00,0.00,0.0000,22,1,368,368,0,0,100,0,14,14,0,0,0,368,0,0,869744640,0.000000,0.000352,22.006743,0.00,2,5,10,18,16,24,26,14,29,32,36,34,43,43,36,0,0,0,0.0016,0.0627,0.0745,0.0033,0.0196,0.0727,0.0580,6.3518,0.0922,0.0000,1.1736,0.0053,0.0001,0.6923,0.0077,0.0064,0.0002
1819,22.5627,0.0583,12.6536,5.8448,,true,0,0.008333,0.0000,0.0000,1.00,0.00,0.0000,22,1,368,368,0,0,100,0,14,14,0,0,0,368,0,0,869744640,0.000000,0.000352,22.006743,0.00,2,5,10,18,16,24,26,14,29,32,36,34,43,43,36,0,0,0,0.0017,0.0652,0.0790,0.0042,0.0231,0.0760,0.0558,5.8448,0.0733,0.0000,1.1492,0.0035,0.0002,0.6675,0.0078,0.0051,0.0002
1820,22.5760,0.0583,12.2219,6.6317,,true,0,0.008333,0.0000,0.0000,1.00,0.00,0.0000,22,1,368,368,0,0,100,0,14,14,0,0,0,368,0,0,869744640,0.000000,0.000352,22.006743,0.00,2,5,10,18,16,24,26,14,29,32,36,34,43,43,36,0,0,0,0.0019,0.0567,0.0634,0.0047,0.0234,0.0801,0.0471,6.6317,0.0636,0.0000,0.9288,0.0042,0.0001,0.5185,0.0080,0.0066,0.0002
1821,22.5883,0.0583,11.5950,7.4133,,true,0,0.008333,0.0000,0.0000,1.00,0.00,0.0000,22,1,368,368,0,0,100,0,14,14,0,0,0,368,0,0,869744640,0.000000,0.000352,22.006743,0.00,2,5,10,18,16,24,26,14,29,32,36,34,43,43,36,0,0,0,0.0017,0.0556,0.0807,0.0063,0.0245,0.0952,0.0628,7.4133,0.0740,0.0000,1.1291,0.0029,0.0001,0.6662,0.0067,0.0044,0.0002
1822,22.6001,0.0583,12.7978,6.4469,,true,1,0.008333,0.0000,0.0083,1.00,0.00,0.0000,22,1,368,368,0,0,100,0,14,14,0,0,0,368,0,0,869744640,0.000000,0.000352,22.312676,0.00,2,5,10,18,16,24,26,14,29,32,36,34,43,43,36,0,0,0,0.0015,0.0604,0.0813,0.0044,0.0208,0.2643,0.0551,6.4469,0.0671,0.0000,1.1554,0.0032,0.0001,0.6677,0.0206,0.0043,0.0002
1823,22.6111,0.0583,11.0738,6.3471,,true,0,0.008333,0.0000,0.0000,1.00,0.00,0.0000,22,1,368,368,0,0,100,0,14,14,0,0,0,368,0,0,869744640,0.000000,0.000352,22.312676,0.00,2,5,10,18,16,24,26,14,29,32,36,34,43,43,36,0,0,0,0.0014,0.0499,0.0684,0.0037,0.0197,0.0669,0.0593,6.3471,0.0626,0.0000,1.1608,0.0051,0.0001,0.6940,0.0082,0.0062,0.0002
1824,22.6219,0.0583,11.5217,5.7684,,true,0,0.008333,0.0000,0.0000,1.00,0.00,0.0000,22,1,368,368,0,0,100,0,14,14,0,0,0,368,0,0,869744640,0.000000,0.000352,22.312676,0.00,2,5,10,18,16,24,26,14,29,32,36,34,43,43,36,0,0,0,0.0043,0.0645,0.0574,0.0040,0.0221,0.0663,0.0554,5.7684,0.0543,0.0000,0.9173,0.0047,0.0001,0.5232,0.0090,0.0057,0.0001
1825,22.6317,0.0583,9.9051,5.5045,,true,0,0.008333,0.0000,0.0000,1.00,0.00,0.0000,22,1,368,368,0,0,100,0,14,14,0,0,0,368,0,0,869744640,0.000000,0.000352,22.312676,0.00,2,5,10,18,16,24,26,14,29,32,36,34,43,43,36,0,0,0,0.0014,0.0626,0.0706,0.0028,0.0124,0.0422,0.0509,5.5045,0.0566,0.0000,1.0410,0.0020,0.0001,0.6100,0.0059,0.0032,0.0002
1826,22.6458,0.0583,12.3346,7.2475,,true,0,0.008333,0.0000,0.0000,1.00,0.00,0.0000,22,1,368,368,0,0,100,0,14,14,0,0,0,368,0,0,869744640,0.000000,0.000352,22.312676,0.00,2,5,10,18,16,24,26,14,29,32,36,34,43,43,36,0,0,0,0.0016,0.0622,0.0770,0.0059,0.0200,0.0999,0.0597,7.2475,0.0783,0.0000,1.2068,0.0035,0.0001,0.6970,0.0078,0.0043,0.0002
1827,22.6584,0.0583,12.7243,7.0568,,true,0,0.008333,0.0000,0.0000,1.00,0.00,0.0000,22,1,368,368,0,0,100,0,14,14,0,0,0,368,0,0,869744640,0.000000,0.000352,22.312676,0.00,2,5,10,18,16,24,26,14,29,32,36,34,43,43,36,0,0,0,0.0021,0.0628,0.0693,0.0063,0.0135,0.1071,0.0569,7.0568,0.0633,0.0000,1.1233,0.0040,0.0001,0.6324,0.0085,0.0055,0.0002
1828,22.6698,0.0583,11.3661,7.1772,,true,0,0.008333,0.0000,0.0000,1.00,0.00,0.0000,22,1,368,368,0,0,100,0,14,14,0,0,0,368,0,0,869744640,0.000000,0.000352,22.312676,0.00,2,5,10,18,16,24,26,14,29,32,36,34,43,43,36,0,0,0,0.0018,0.0567,0.1175,0.0044,0.0217,0.0788,0.0571,7.1772,0.0719,0.0000,1.2535,0.0047,0.0001,0.7303,0.0095,0.0055,0.0002
1829,22.6789,0.0583,11.0376,5.5072,,true,0,0.008333,0.0000,0.0000,1.00,0.00,0.0000,22,1,368,368,0,0,100,0,14,14,0,0,0,368,0,0,869744640,0.000000,0.000352,22.312676,0.00,2,5,10,18,16,24,26,14,29,32,36,34,43,43,36,0,0,0,0.0013,0.0530,0.0652,0.0042,0.0185,0.0618,0.0710,5.5072,0.0529,0.0000,1.0829,0.0040,0.0001,0.6457,0.0075,0.0049,0.0002
1830,22.6894,0.0583,10.7931,5.3390,,true,0,0.008333,0.0000,0.0000,1.00,0.00,0.0000,22,1,368,368,0,0,100,0,14,14,0,0,0,368,0,0,869744640,0.000000,0.000352,22.312676,0.00,2,5,10,18,16,24,26,14,29,32,36,34,43,43,36,0,0,0,0.0014,0.0446,0.0659,0.0031,0.0191,0.0633,0.0567,5.3390,0.0505,0.0000,1.1327,0.0047,0.0002,0.5981,0.0081,0.0050,0.0006
1831,22.7012,0.0583,11.5766,5.2772,,true,0,0.008333,0.0000,0.0000,1.00,0.00,0.0000,22,1,368,368,0,0,100,0,14,14,0,0,0,368,0,0,869761024,0.000000,0.000352,22.312676,0.00,2,5,10,18,16,24,26,14,29,32,36,34,43,43,36,0,0,0,0.0009,0.0330,0.0453,0.0036,0.0234,0.0763,0.0472,5.2772,0.0441,0.0000,0.7453,0.0019,0.0001,0.4341,0.0035,0.0032,0.0001
1832,22.7117,0.0583,10.4136,5.3942,,true,0,0.008333,0.0000,0.0000,1.00,0.00,0.0000,22,1,368,368,0,0,100,0,14,14,0,0,0,368,0,0,869761024,0.000000,0.000352,22.312676,0.00,2,5,10,18,16,24,26,14,29,32,36,34,43,43,36,0,0,0,0.0029,0.0303,0.0475,0.0180,0.0182,0.0616,0.0411,5.3942,0.0373,0.0000,0.7531,0.0028,0.0001,0.4508,0.0067,0.0033,0.0001
1833,22.7227,0.0583,11.3470,5.2363,,true,0,0.008333,0.0000,0.0000,1.00,0.00,0.0000,22,1,368,368,0,0,100,0,14,14,0,0,0,368,0,0,869761024,0.000000,0.000352,22.312676,0.00,2,5,10,18,16,24,26,14,29,32,36,34,43,43,36,0,0,0,0.0011,0.0471,0.0560,0.0039,0.0215,0.0724,0.0428,5.2363,0.0661,0.0000,0.8400,0.0047,0.0001,0.4824,0.0083,0.0055,0.0002
1834,22.7339,0.0583,10.4707,5.7321,,true,0,0.008333,0.0000,0.0000,1.00,0.00,0.0000,22,1,368,368,0,0,100,0,14,14,0,0,0,368,0,0,869761024,0.000000,0.000352,22.312676,0.00,2,5,10,18,16,24,26,14,29,32,36,34,43,43,36,0,0,0,0.0014,0.0451,0.0801,0.0047,0.0202,0.0717,0.0740,5.7321,0.0767,0.0000,1.1711,0.0037,0.0001,0.7474,0.0064,0.0044,0.0002
1835,22.7432,0.0583,9.9459,5.2968,,true,0,0.008333,0.0000,0.0000,1.00,0.00,0.0000,22,1,368,368,0,0,100,0,14,14,0,0,0,368,0,0,869761024,0.000000,0.000352,22.312676,0.00,2,5,10,18,16,24,26,14,29,32,36,34,43,43,36,0,0,0,0.0013,0.0453,0.0522,0.0035,0.0232,0.0504,0.0577,5.2968,0.0563,0.0000,0.8459,0.0035,0.0001,0.4779,0.0085,0.0043,0.0001
1836,22.7548,0.0583,11.3838,5.2862,,true,0,0.008333,0.0000,0.0000,1.00,0.00,0.0000,22,1,368,368,0,0,100,0,14,14,0,0,0,368,0,0,869761024,0.000000,0.000352,22.312676,0.00,2,5,10,18,16,24,26,14,29,32,36,34,43,43,36,0,0,0,0.0012,0.0485,0.0527,0.0043,0.0268,0.0805,0.0451,5.2862,0.0517,0.0000,0.9018,0.0031,0.0001,0.4689,0.0073,0.0045,0.0001
1837,22.7653,0.0583,10.4425,5.4419,,true,0,0.008333,0.0000,0.0000,1.00,0.00,0.0000,22,1,368,368,0,0,100,0,14,14,0,0,0,368,0,0,869761024,0.000000,0.000352,22.312676,0.00,2,5,10,18,16,24,26,14,29,32,36,34,43,43,36,0,0,0,0.0016,0.0489,0.0933,0.0041,0.0178,0.0639,0.0634,5.4419,0.0696,0.0000,1.0874,0.0028,0.0001,0.6430,0.0077,0.0050,0.0002
1838,22.7762,0.0583,10.0237,6.3948,,true,0,0.008333,0.0000,0.0000,1.00,0.00,0.0000,22,1,368,368,0,0,100,0,14,14,0,0,0,368,0,0,869761024,0.000000,0.000352,22.312676,0.00,2,5,10,18,16,24,26,14,29,32,36,34,43,43,36,0,0,0,0.0016,0.0507,0.0712,0.0030,0.0151,0.0610,0.0554,6.3948,0.0709,0.0000,1.0906,0.0040,0.0001,0.6269,0.0070,0.0040,0.0002
1839,22.7866,0.0583,11.0871,5.7379,,true,0,0.008333,0.0000,0.0000,1.00,0.00,0.0000,22,1,368,368,0,0,100,0,14,14,0,0,0,368,0,0,869761024,0.000000,0.000352,22.312676,0.00,2,5,10,18,16,24,26,14,29,32,36,34,43,43,36,0,0,0,0.0009,0.0719,0.0635,0.0034,0.0246,0.0749,0.1192,5.7379,0.0664,0.0000,0.8427,0.0040,0.0001,0.4810,0.0070,0.0053,0.0002
1840,22.8003,0.0583,13.0015,6.1318,,true,0,0.008333,0.0000,0.0000,1.00,0.00,0.0000,22,1,368,368,0,0,100,0,14,14,0,0,0,368,0,0,869761024,0.000000,0.000352,22.312676,0.00,2,5,10,18,16,24,26,14,29,32,36,34,43,43,36,0,0,0,0.0021,0.0406,0.0635,0.0030,0.0207,0.0665,0.0422,6.1318,0.0686,0.0000,0.8949,0.0029,0.0001,0.5418,0.0063,0.0047,0.0001
1841,22.8303,0.0583,10.6882,25.6334,,true,0,0.008333,0.0000,0.0000,1.00,0.00,0.0000,22,1,368,368,0,0,100,0,14,14,0,0,0,368,0,0,869761024,0.000000,0.000352,22.312676,0.00,2,5,10,18,16,24,26,14,29,32,36,34,43,43,36,0,0,0,0.0015,0.0502,0.0827,0.0041,0.0220,0.0745,0.0558,25.6334,0.1156,0.0000,19.3162,0.0053,1.6174,0.5341,0.0386,0.0061,16.6106
1842,22.8392,0.0583,10.1672,7.1437,,true,0,0.008333,0.0000,0.0000,1.00,0.00,0.0000,22,1,368,368,0,0,100,0,14,14,0,0,0,368,0,0,869761024,0.000000,0.000352,22.312676,0.00,2,5,10,18,16,24,26,14,29,32,36,34,43,43,36,0,0,0,0.0039,0.0690,0.1042,0.0050,0.0258,0.0987,0.0637,7.1437,0.0878,0.0000,1.3784,0.0048,0.0001,0.7330,0.0135,0.0080,0.0002
1843,22.8490,0.0583,26.7046,7.2751,,true,0,0.008333,0.0000,0.0000,1.00,0.00,0.0000,22,1,368,368,0,0,100,0,14,14,0,0,0,368,0,0,869761024,0.000000,0.000352,22.312676,0.00,2,5,10,18,16,24,26,14,29,32,36,34,43,43,36,0,0,0,0.0087,0.0771,0.0807,0.0052,0.0236,0.0775,0.0601,7.2751,0.0898,0.0000,0.9811,0.0040,0.0001,0.5726,0.0123,0.0067,0.0002
1844,22.8579,0.0583,9.4119,6.6002,,true,0,0.008333,0.0000,0.0000,1.00,0.00,0.0000,22,1,368,368,0,0,100,0,14,14,0,0,0,368,0,0,869761024,0.000000,0.000352,22.312676,0.00,2,5,10,18,16,24,26,14,29,32,36,34,43,43,36,0,0,0,0.0010,0.0491,0.0870,0.0027,0.0125,0.0426,0.0657,6.6002,0.0979,0.0000,1.4306,0.0064,0.0002,0.8207,0.0221,0.0086,0.0003
1845,22.8667,0.0583,7.2048,7.2488,,true,0,0.008333,0.0000,0.0000,1.00,0.00,0.0000,22,1,368,368,0,0,100,0,14,14,0,0,0,368,0,0,869761024,0.000000,0.000352,22.312676,0.00,2,5,10,18,16,24,26,14,29,32,36,34,43,43,36,0,0,0,0.0184,0.0828,0.1197,0.0100,0.0156,0.0704,0.0622,7.2488,0.1018,0.0000,1.3079,0.0071,0.0001,0.6893,0.0247,0.0072,0.0002
1846,22.8752,0.0583,9.9240,6.9207,,true,0,0.008333,0.0000,0.0000,1.00,0.00,0.0000,22,1,368,368,0,0,100,0,14,14,0,0,0,368,0,0,869761024,0.000000,0.000352,22.312676,0.00,2,5,10,18,16,24,26,14,29,32,36,34,43,43,36,0,0,0,0.0016,0.0651,0.0846,0.0050,0.0262,0.1173,0.0767,6.9207,0.0854,0.0000,1.3020,0.0045,0.0001,0.7843,0.0095,0.0053,0.0002
1847,22.8869,0.0583,12.2342,6.2720,,true,0,0.008333,0.0000,0.0000,1.00,0.00,0.0000,22,1,368,368,0,0,100,0,14,14,0,0,0,368,0,0,869761024,0.000000,0.000352,22.312676,0.00,2,5,10,18,16,24,26,14,29,32,36,34,43,43,36,0,0,0,0.0014,0.0552,0.0749,0.0034,0.0207,0.0667,0.0580,6.2720,0.0616,0.0000,1.1173,0.0026,0.0001,0.6638,0.0082,0.0026,0.0002
1848,22.9012,0.0583,11.3525,8.9050,,true,1,0.008333,0.0000,0.0083,1.00,0.00,0.0000,22,1,368,368,0,0,100,0,14,14,0,0,0,368,0,0,869761024,0.000000,0.000352,22.618011,0.00,2,5,10,18,16,24,26,14,29,32,36,34,43,43,36,0,0,0,0.0016,0.0713,0.0757,0.0034,0.0221,0.2475,0.0589,8.9050,0.0704,0.0000,1.2165,0.0047,0.0001,0.6798,0.0117,0.0070,0.0002
1849,22.9137,0.0583,13.7223,7.8962,,true,0,0.008333,0.0000,0.0000,1.00,0.00,0.0000,22,1,368,368,0,0,100,0,14,14,0,0,0,368,0,0,869761024,0.000000,0.000352,22.618011,0.00,2,5,10,18,16,24,26,14,29,32,36,34,43,43,36,0,0,0,0.0015,0.0576,0.0749,0.0052,0.0258,0.0893,0.0581,7.8962,0.0807,0.0000,1.1808,0.0032,0.0001,0.7216,0.0076,0.0056,0.0002
1850,22.9219,0.0583,11.1928,5.3678,,true,0,0.008333,0.0000,0.0000,1.00,0.00,0.0000,22,1,368,368,0,0,100,0,14,14,0,0,0,368,0,0,869761024,0.000000,0.000352,22.618011,0.00,2,5,10,18,16,24,26,14,29,32,36,34,43,43,36,0,0,0,0.0013,0.0573,0.0719,0.0038,0.0195,0.0750,0.0586,5.3678,0.0679,0.0000,1.1031,0.0044,0.0001,0.6492,0.0093,0.0040,0.0002
1851,22.9333,0.0583,10.9076,5.8760,,true,0,0.008333,0.0000,0.0000,1.00,0.00,0.0000,22,1,368,368,0,0,100,0,14,14,0,0,0,368,0,0,869761024,0.000000,0.000352,22.618011,0.00,2,5,10,18,16,24,26,14,29,32,36,34,43,43,36,0,0,0,0.0015,0.0604,0.0762,0.0041,0.0306,0.0598,0.0549,5.8760,0.0573,0.0000,1.1487,0.0047,0.0001,0.6795,0.0092,0.0057,0.0002
1852,22.9479,0.0583,10.7402,9.5313,,true,0,0.008333,0.0000,0.0000,1.00,0.00,0.0000,22,1,368,368,0,0,100,0,14,14,0,0,0,368,0,0,869761024,0.000000,0.000352,22.618011,0.00,2,5,10,18,16,24,26,14,29,32,36,34,43,43,36,0,0,0,0.0014,0.0627,0.0574,0.0057,0.0279,0.0700,0.0689,9.5313,0.0446,0.0000,1.0547,0.0037,0.0001,0.5454,0.0080,0.0051,0.0002
1853,22.9591,0.0583,13.3753,7.2148,,true,0,0.008333,0.0000,0.0000,1.00,0.00,0.0000,22,1,368,368,0,0,100,0,14,14,0,0,0,368,0,0,869761024,0.000000,0.000352,22.618011,0.00,2,5,10,18,16,24,26,14,29,32,36,34,43,43,36,0,0,0,0.0020,0.0691,0.0732,0.0061,0.0304,0.0880,0.0669,7.2148,0.0792,0.0000,1.1918,0.0056,0.0002,0.6722,0.0099,0.0081,0.0002
1854,22.9725,0.0583,12.0140,8.3624,,true,0,0.008333,0.0000,0.0000,1.00,0.00,0.0000,22,1,368,368,0,0,100,0,14,14,0,0,0,368,0,0,869761024,0.000000,0.000352,22.618011,0.00,2,5,10,18,16,24,26,14,29,32,36,34,43,43,36,0,0,0,0.0019,0.0953,0.0830,0.0035,0.0205,0.0763,0.0707,8.3624,0.0796,0.0000,1.2577,0.0044,0.0001,0.7391,0.0080,0.0046,0.0002
1855,22.9820,0.0583,11.6104,6.8719,,true,0,0.008333,0.0000,0.0000,1.00,0.00,0.0000,22,1,368,368,0,0,100,0,14,14,0,0,0,368,0,0,869761024,0.000000,0.000352,22.618011,0.00,2,5,10,18,16,24,26,14,29,32,36,34,43,43,36,0,0,0,0.0022,0.0795,0.0763,0.0070,0.0273,0.1281,0.0647,6.8719,0.0843,0.0000,1.2552,0.0045,0.0002,0.6492,0.0094,0.0063,0.0003
1856,22.9944,0.0583,12.0344,6.8691,,true,0,0.008333,0.0000,0.0000,1.00,0.00,0.0000,22,1,368,368,0,0,100,0,14,14,0,0,0,368,0,0,869761024,0.000000,0.000352,22.618011,0.00,2,5,10,18,16,24,26,14,29,32,36,34,43,43,36,0,0,0,0.0016,0.0610,0.0697,0.0037,0.0197,0.0775,0.0565,6.8691,0.0973,0.0000,1.1531,0.0060,0.0001,0.6705,0.0075,0.0066,0.0002
1857,23.0063,0.0583,12.0480,6.7767,,true,0,0.008333,0.0000,0.0000,1.00,0.00,0.0000,22,1,368,368,0,0,100,0,14,14,0,0,0,368,0,0,869761024,0.000000,0.000352,22.618011,0.00,2,5,10,18,16,24,26,14,29,32,36,34,43,43,36,0,0,0,0.0019,0.0735,0.0744,0.0051,0.0191,0.0775,0.0647,6.7767,0.0686,0.0000,1.2081,0.0047,0.0001,0.6837,0.0070,0.0059,0.0002
1858,23.0191,0.0583,12.8873,6.6730,,true,0,0.008333,0.0000,0.0000,1.00,0.00,0.0000,22,1,368,368,0,0,100,0,14,14,0,0,0,368,0,0,869761024,0.000000,0.000352,22.618011,0.00,2,5,10,18,16,24,26,14,29,32,36,34,43,43,36,0,0,0,0.0019,0.0656,0.0894,0.0063,0.0260,0.0964,0.0663,6.6730,0.0801,0.0000,1.1251,0.0040,0.0001,0.6417,0.0074,0.0058,0.0002
1859,23.0318,0.0583,12.1785,7.1296,,true,0,0.008333,0.0000,0.0000,1.00,0.00,0.0000,22,1,368,368,0,0,100,0,14,14,0,0,0,368,0,0,869761024,0.000000,0.000352,22.618011,0.00,2,5,10,18,16,24,26,14,29,32,36,34,43,43,36,0,0,0,0.0016,0.0605,0.0671,0.0046,0.0208,0.0779,0.0483,7.1296,0.0756,0.0000,1.3480,0.0091,0.0002,0.7955,0.0092,0.0098,0.0003
1860,23.0436,0.0583,12.7345,6.4953,,true,0,0.008333,0.0000,0.0000,1.00,0.00,0.0000,22,1,368,368,0,0,100,0,14,14,0,0,0,368,0,0,869761024,0.000000,0.000352,22.618011,0.00,2,5,10,18,16,24,26,14,29,32,36,34,43,43,36,0,0,0,0.0021,0.0632,0.0757,0.0051,0.0233,0.0691,0.0601,6.4953,0.0695,0.0000,1.1484,0.0025,0.0002,0.7052,0.0065,0.0044,0.0002
1861,23.0550,0.0583,10.5319,7.0131,,true,1,0.008333,0.0000,0.0083,1.00,0.00,0.0000,22,1,368,368,0,0,100,0,14,14,0,0,0,368,0,0,869761024,0.000000,0.000352,22.770984,0.00,2,5,10,18,16,24,26,14,29,32,36,34,43,43,36,0,0,0,0.0014,0.0576,0.0854,0.0048,0.0451,0.3196,0.0482,7.0131,0.1497,0.0000,1.2007,0.0048,0.0002,0.7100,0.0080,0.0067,0.0002
1862,23.0662,0.0583,12.2245,6.2668,,true,0,0.008333,0.0000,0.0000,1.00,0.00,0.0000,22,1,368,368,0,0,100,0,14,14,0,0,0,368,0,0,869761024,0.000000,0.000352,22.770984,0.00,2,5,10,18,16,24,26,14,29,32,36,34,43,43,36,0,0,0,0.0015,0.0564,0.0919,0.0048,0.0215,0.0744,0.0561,6.2668,0.0812,0.0000,1.2443,0.0054,0.0002,0.7480,0.0079,0.0057,0.0002
1863,23.0777,0.0583,11.4613,6.2478,,true,0,0.008333,0.0000,0.0000,1.00,0.00,0.0000,22,1,368,368,0,0,100,0,14,14,0,0,0,368,0,0,869761024,0.000000,0.000352,22.770984,0.00,2,5,10,18,16,24,26,14,29,32,36,34,43,43,36,0,0,0,0.0059,0.0555,0.0702,0.0041,0.0212,0.0753,0.0541,6.2478,0.0727,0.0000,1.0853,0.0035,0.0001,0.6398,0.0084,0.0059,0.0002
1864,23.0883,0.0583,11.0835,6.1321,,true,0,0.008333,0.0000,0.0000,1.00,0.00,0.0000,22,1,368,368,0,0,100,0,14,14,0,0,0,368,0,0,869761024,0.000000,0.000352,22.770984,0.00,2,5,10,18,16,24,26,14,29,32,36,34,43,43,36,0,0,0,0.0016,0.0648,0.0747,0.0042,0.0285,0.0534,0.0641,6.1321,0.0924,0.0000,1.1353,0.0043,0.0001,0.6606,0.0079,0.0059,0.0002
1865,23.1016,0.0583,12.5990,6.4708,,true,0,0.008333,0.0000,0.0000,1.00,0.00,0.0000,22,1,368,368,0,0,100,0,14,14,0,0,0,368,0,0,869761024,0.000000,0.000352,22.770984,0.00,2,5,10,18,16,24,26,14,29,32,36,34,43,43,36,0,0,0,0.0015,0.0579,0.0766,0.0045,0.0210,0.0828,0.0571,6.4708,0.0656,0.0000,1.1343,0.0033,0.0001,0.6675,0.0095,0.0063,0.0002
1866,23.1119,0.0583,10.7122,6.1304,,true,0,0.008333,0.0000,0.0000,1.00,0.00,0.0000,22,1,368,368,0,0,100,0,14,14,0,0,0,368,0,0,869761024,0.000000,0.000352,22.770984,0.00,2,5,10,18,16,24,26,14,29,32,36,34,43,43,36,0,0,0,0.0014,0.0709,0.0850,0.0053,0.0246,0.0824,0.0553,6.1304,0.0744,0.0000,1.1771,0.0041,0.0001,0.6669,0.0082,0.0049,0.0002
1867,23.1251,0.0583,11.9939,7.3788,,true,0,0.008333,0.0000,0.0000,1.00,0.00,0.0000,22,1,368,368,0,0,100,0,14,14,0,0,0,368,0,0,869761024,0.000000,0.000352,22.770984,0.00,2,5,10,18,16,24,26,14,29,32,36,34,43,43,36,0,0,0,0.0062,0.1147,0.0967,0.0040,0.0219,0.0804,0.0769,7.3788,0.0926,0.0000,1.1757,0.0052,0.0001,0.7375,0.0066,0.0047,0.0002
1868,23.1358,0.0583,11.7737,6.1352,,true,0,0.008333,0.0000,0.0000,1.00,0.00,0.0000,22,1,368,368,0,0,100,0,14,14,0,0,0,368,0,0,869761024,0.000000,0.000352,22.770984,0.00,2,5,10,18,16,24,26,14,29,32,36,34,43,43,36,0,0,0,0.0016,0.0494,0.0585,0.0055,0.0242,0.0744,0.0537,6.1352,0.0731,0.0000,0.8685,0.0126,0.0001,0.4767,0.0078,0.0111,0.0002
1869,23.1492,0.0583,11.7196,7.7578,,true,0,0.008333,0.0000,0.0000,1.00,0.00,0.0000,22,1,368,368,0,0,100,0,14,14,0,0,0,368,0,0,869761024,0.000000,0.000352,22.770984,0.00,2,5,10,18,16,24,26,14,29,32,36,34,43,43,36,0,0,0,0.0017,0.0686,0.0778,0.0084,0.0235,0.0833,0.0567,7.7578,0.0587,0.0000,1.1856,0.0040,0.0001,0.6718,0.0082,0.0050,0.0002
1870,23.1607,0.0583,12.9398,6.4314,,true,0,0.008333,0.0000,0.0000,1.00,0.00,0.0000,22,1,368,368,0,0,100,0,14,14,0,0,0,368,0,0,869761024,0.000000,0.000352,22.770984,0.00,2,5,10,18,16,24,26,14,29,32,36,34,43,43,36,0,0,0,0.0011,0.0389,0.0546,0.0038,0.0184,0.0651,0.0451,6.4314,0.0508,0.0000,0.8896,0.0045,0.0001,0.5066,0.0097,0.0049,0.0002
1871,23.1706,0.0583,10.2780,6.1126,,true,0,0.008333,0.0000,0.0000,1.00,0.00,0.0000,22,1,368,368,0,0,100,0,14,14,0,0,0,368,0,0,869761024,0.000000,0.000352,22.770984,0.00,2,5,10,18,16,24,26,14,29,32,36,34,43,43,36,0,0,0,0.0018,0.0537,0.0821,0.0051,0.0213,0.0821,0.0745,6.1126,0.0956,0.0000,1.1214,0.0040,0.0002,0.6523,0.0082,0.0050,0.0002
1872,23.1824,0.0583,12.4454,5.6646,,true,0,0.008333,0.0000,0.0000,1.00,0.00,0.0000,22,1,368,368,0,0,100,0,14,14,0,0,0,368,0,0,869761024,0.000000,0.000352,22.770984,0.00,2,5,10,18,16,24,26,14,29,32,36,34,43,43,36,0,0,0,0.0017,0.0550,0.0715,0.0038,0.0252,0.0572,0.0565,5.6646,0.0674,0.0000,1.1926,0.0043,0.0001,0.7121,0.0102,0.0056,0.0002
1873,23.1953,0.0583,11.1886,7.1149,,true,0,0.008333,0.0000,0.0000,1.00,0.00,0.0000,22,1,368,368,0,0,100,0,14,14,0,0,0,368,0,0,869761024,0.000000,0.000352,22.770984,0.00,2,5,10,18,16,24,26,14,29,32,36,34,43,43,36,0,0,0,0.0016,0.0561,0.0902,0.0070,0.0267,0.0953,0.0558,7.1149,0.0655,0.0000,1.2833,0.0046,0.0001,0.7709,0.0116,0.0056,0.0002
1874,23.2082,0.0583,12.7937,7.1287,,true,1,0.008333,0.0000,0.0083,1.00,0.00,0.0000,22,1,368,368,0,0,100,0,14,14,0,0,0,368,0,0,869761024,0.000000,0.000352,22.923682,0.00,2,5,10,18,16,24,26,14,29,32,36,34,43,43,36,0,0,0,0.0019,0.0521,0.0723,0.0048,0.0226,0.2891,0.0554,7.1287,0.0732,0.0000,1.1678,0.0031,0.0001,0.6726,0.0100,0.0067,0.0002
1875,23.2189,0.0583,12.4224,5.5513,,true,0,0.008333,0.0000,0.0000,1.00,0.00,0.0000,22,1,368,368,0,0,100,0,14,14,0,0,0,368,0,0,869761024,0.000000,0.000352,22.923682,0.00,2,5,10,18,16,24,26,14,29,32,36,34,43,43,36,0,0,0,0.0009,0.0467,0.0601,0.0040,0.0184,0.0878,0.0464,5.5513,0.0758,0.0000,0.8323,0.0044,0.0001,0.4796,0.0069,0.0041,0.0002
1876,23.2310,0.0583,11.2512,6.2217,,true,0,0.008333,0.0000,0.0000,1.00,0.00,0.0000,22,1,368,368,0,0,100,0,14,14,0,0,0,368,0,0,869761024,0.000000,0.000352,22.923682,0.00,2,5,10,18,16,24,26,14,29,32,36,34,43,43,36,0,0,0,0.0029,0.0594,0.0774,0.0058,0.0235,0.0768,0.0543,6.2217,0.0807,0.0000,1.1482,0.0035,0.0002,0.6638,0.0073,0.0060,0.0002
1877,23.2438,0.0583,12.1902,6.8996,,true,0,0.008333,0.0000,0.0000,1.00,0.00,0.0000,22,1,368,368,0,0,100,0,14,14,0,0,0,368,0,0,869761024,0.000000,0.000352,22.923682,0.00,2,5,10,18,16,24,26,14,29,32,36,34,43,43,36,0,0,0,0.0017,0.0605,0.0824,0.0055,0.0219,0.0871,0.0684,6.8996,0.0731,0.0000,1.1438,0.0046,0.0002,0.6655,0.0097,0.0065,0.0002
1878,23.2561,0.0583,11.7424,7.1495,,true,0,0.008333,0.0000,0.0000,1.00,0.00,0.0000,22,1,368,368,0,0,100,0,14,14,0,0,0,368,0,0,869761024,0.000000,0.000352,22.923682,0.00,2,5,10,18,16,24,26,14,29,32,36,34,43,43,36,0,0,0,0.0018,0.0559,0.0835,0.0048,0.0257,0.0952,0.0598,7.1495,0.0813,0.0000,1.1558,0.0042,0.0001,0.6756,0.0081,0.0100,0.0001
1879,23.2700,0.0583,14.0135,7.1877,,true,0,0.008333,0.0000,0.0000,1.00,0.00,0.0000,22,1,368,368,0,0,100,0,14,14,0,0,0,368,0,0,869761024,0.000000,0.000352,22.923682,0.00,2,5,10,18,16,24,26,14,29,32,36,34,43,43,36,0,0,0,0.0015,0.0591,0.0847,0.0057,0.0254,0.0920,0.0693,7.1877,0.0897,0.0000,1.1207,0.0045,0.0001,0.6645,0.0167,0.0048,0.0002
1880,23.2857,0.0583,14.6653,8.0509,,true,0,0.008333,0.0000,0.0000,1.00,0.00,0.0000,22,1,368,368,0,0,100,0,14,14,0,0,0,368,0,0,869896192,0.000000,0.000352,22.923682,0.00,2,5,10,18,16,24,26,14,29,32,36,34,43,43,36,0,0,0,0.0014,0.0379,0.0698,0.0051,0.0232,0.0950,0.0644,8.0509,0.1201,0.0000,0.9589,0.0048,0.0001,0.5308,0.0102,0.0073,0.0002
1881,23.2997,0.0583,15.2691,6.7819,,true,0,0.008333,0.0000,0.0000,1.00,0.00,0.0000,22,1,368,368,0,0,100,0,14,14,0,0,0,368,0,0,869896192,0.000000,0.000352,22.923682,0.00,2,5,10,18,16,24,26,14,29,32,36,34,43,43,36,0,0,0,0.0046,0.0476,0.0934,0.0043,0.0224,0.0992,0.0460,6.7819,0.0514,0.0000,1.0188,0.0035,0.0001,0.6474,0.0080,0.0052,0.0001
1882,23.3102,0.0583,11.1417,6.4011,,true,0,0.008333,0.0000,0.0000,1.00,0.00,0.0000,22,1,368,368,0,0,100,0,14,14,0,0,0,368,0,0,869896192,0.000000,0.000352,22.923682,0.00,2,5,10,18,16,24,26,14,29,32,36,34,43,43,36,0,0,0,0.0009,0.0403,0.0560,0.0046,0.0204,0.0714,0.0404,6.4011,0.0632,0.0000,0.7909,0.0032,0.0001,0.4615,0.0057,0.0029,0.0001
1883,23.3250,0.0583,12.0459,9.1102,,true,0,0.008333,0.0000,0.0000,1.00,0.00,0.0000,22,1,368,368,0,0,100,0,14,14,0,0,0,368,0,0,869896192,0.000000,0.000352,22.923682,0.00,2,5,10,18,16,24,26,14,29,32,36,34,43,43,36,0,0,0,0.0018,0.0670,0.0730,0.0067,0.0267,0.1129,0.0791,9.1102,0.0928,0.0000,1.2896,0.0036,0.0001,0.6881,0.0051,0.0056,0.0002
1884,23.3397,0.0583,14.7680,8.5168,,true,0,0.008333,0.0000,0.0000,1.00,0.00,0.0000,22,1,368,368,0,0,100,0,14,14,0,0,0,368,0,0,869896192,0.000000,0.000352,22.923682,0.00,2,5,10,18,16,24,26,14,29,32,36,34,43,43,36,0,0,0,0.0109,0.0573,0.0622,0.0067,0.0309,0.1267,0.0707,8.5168,0.0887,0.0000,0.9589,0.0021,0.0001,0.5384,0.0151,0.0028,0.0002
1885,23.3538,0.0583,12.8780,9.9389,,true,0,0.008333,0.0000,0.0000,1.00,0.00,0.0000,22,1,368,368,0,0,100,0,14,14,0,0,0,368,0,0,869896192,0.000000,0.000352,22.923682,0.00,2,5,10,18,16,24,26,14,29,32,36,34,43,43,36,0,0,0,0.0013,0.0622,0.0766,0.0052,0.0244,0.0611,0.0608,9.9389,0.0634,0.0000,1.1255,0.0024,0.0001,0.6539,0.0104,0.0066,0.0002
1886,23.3671,0.0583,14.2404,9.1234,,true,0,0.008333,0.0000,0.0000,1.00,0.00,0.0000,22,1,368,368,0,0,100,0,14,14,0,0,0,368,0,0,869896192,0.000000,0.000352,22.923682,0.00,2,5,10,18,16,24,26,14,29,32,36,34,43,43,36,0,0,0,0.0057,0.0818,0.0692,0.0057,0.0442,0.0826,0.0593,9.1234,0.0667,0.0000,1.2057,0.0053,0.0001,0.6686,0.0088,0.0069,0.0002
1887,23.3816,0.0583,15.3354,8.2585,,true,0,0.008333,0.0000,0.0000,1.00,0.00,0.0000,22,1,368,368,0,0,100,0,14,14,0,0,0,368,0,0,869896192,0.000000,0.000352,22.923682,0.00,2,5,10,18,16,24,26,14,29,32,36,34,43,43,36,0,0,0,0.0052,0.0513,0.0707,0.0031,0.0275,0.0782,0.0567,8.2585,0.0696,0.0000,1.1192,0.0046,0.0001,0.6618,0.0077,0.0058,0.0002
1888,23.3950,0.0583,11.9598,9.3991,,true,0,0.008333,0.0000,0.0000,1.00,0.00,0.0000,22,1,368,368,0,0,100,0,14,14,0,0,0,368,0,0,869896192,0.000000,0.000352,22.923682,0.00,2,5,10,18,16,24,26,14,29,32,36,34,43,43,36,0,0,0,0.0013,0.0501,0.0654,0.0082,0.0278,0.0817,0.0455,9.3991,0.0831,0.0000,1.0185,0.0033,0.0001,0.6050,0.0152,0.0079,0.0001
1889,23.4109,0.0583,16.0391,9.3515,,true,0,0.008333,0.0000,0.0000,1.00,0.00,0.0000,22,1,368,368,0,0,100,0,14,14,0,0,0,368,0,0,869896192,0.000000,0.000352,22.923682,0.00,2,5,10,18,16,24,26,14,29,32,36,34,43,43,36,0,0,0,0.0021,0.0601,0.0612,0.0050,0.0272,0.1006,0.0409,9.3515,0.0479,0.0000,0.9946,0.0031,0.0001,0.6227,0.0085,0.0066,0.0002
1890,23.4235,0.0583,12.8861,9.1110,,true,0,0.008333,0.0000,0.0000,1.00,0.00,0.0000,22,1,368,368,0,0,100,0,14,14,0,0,0,368,0,0,869896192,0.000000,0.000352,22.923682,0.00,2,5,10,18,16,24,26,14,29,32,36,34,43,43,36,0,0,0,0.0023,0.0787,0.0725,0.0042,0.0218,0.0684,0.0631,9.1110,0.0909,0.0000,1.2602,0.0079,0.0001,0.7041,0.0111,0.0099,0.0002
1891,23.4343,0.0583,12.4967,7.6847,,true,0,0.008333,0.0000,0.0000,1.00,0.00,0.0000,22,1,368,368,0,0,100,0,14,14,0,0,0,368,0,0,869896192,0.000000,0.000352,22.923682,0.00,2,5,10,18,16,24,26,14,29,32,36,34,43,43,36,0,0,0,0.0016,0.0561,0.0755,0.0061,0.0275,0.0760,0.0884,7.6847,0.0821,0.0000,1.1781,0.0046,0.0001,0.6906,0.0101,0.0051,0.0002
1892,23.4507,0.0583,15.0825,9.0278,,true,0,0.008333,0.0000,0.0000,1.00,0.00,0.0000,22,1,368,368,0,0,100,0,14,14,0,0,0,368,0,0,869896192,0.000000,0.000352,22.923682,0.00,2,5,10,18,16,24,26,14,29,32,36,34,43,43,36,0,0,0,0.0013,0.0613,0.0801,0.0036,0.0229,0.0906,0.0476,9.0278,0.1167,0.0000,0.9769,0.0052,0.0001,0.5495,0.0088,0.0061,0.0001
1893,23.4637,0.0583,13.6825,8.1140,,true,0,0.008333,0.0000,0.0000,1.00,0.00,0.0000,22,1,368,368,0,0,100,0,14,14,0,0,0,368,0,0,869896192,0.000000,0.000352,22.923682,0.00,2,5,10,18,16,24,26,14,29,32,36,34,43,43,36,0,0,0,0.0015,0.0690,0.0512,0.0062,0.0243,0.0981,0.0484,8.1140,0.1084,0.0000,1.0182,0.0058,0.0001,0.5030,0.0082,0.0084,0.0001
1894,23.4767,0.0583,13.2665,7.7782,,true,0,0.008333,0.0000,0.0000,1.00,0.00,0.0000,22,1,368,368,0,0,100,0,14,14,0,0,0,368,0,0,869896192,0.000000,0.000352,22.923682,0.00,2,5,10,18,16,24,26,14,29,32,36,34,43,43,36,0,0,0,0.0018,0.0568,0.0732,0.0048,0.0398,0.0820,0.0573,7.7782,0.1596,0.0000,1.1603,0.0072,0.0001,0.6575,0.0101,0.0104,0.0002
1895,23.4896,0.0583,12.9245,8.2302,,true,0,0.008333,0.0000,0.0000,1.00,0.00,0.0000,22,1,368,368,0,0,100,0,14,14,0,0,0,368,0,0,869896192,0.000000,0.000352,22.923682,0.00,2,5,10,18,16,24,26,14,29,32,36,34,43,43,36,0,0,0,0.0020,0.0554,0.0906,0.0052,0.0282,0.0807,0.0573,8.2302,0.0794,0.0000,1.3999,0.0045,0.0002,0.8978,0.0086,0.0066,0.0003
1896,23.5045,0.0583,14.3861,8.2760,,true,0,0.008333,0.0000,0.0000,1.00,0.00,0.0000,22,1,368,368,0,0,100,0,14,14,0,0,0,368,0,0,869896192,0.000000,0.000352,22.923682,0.00,2,5,10,18,16,24,26,14,29,32,36,34,43,43,36,0,0,0,0.0017,0.0698,0.0819,0.0063,0.0245,0.0768,0.0554,8.2760,0.0763,0.0000,1.2140,0.0025,0.0002,0.6858,0.0128,0.0053,0.0002
1897,23.5163,0.0583,12.9306,7.3067,,true,0,0.008333,0.0000,0.0000,1.00,0.00,0.0000,22,1,368,368,0,0,100,0,14,14,0,0,0,368,0,0,869896192,0.000000,0.000352,22.923682,0.00,2,5,10,18,16,24,26,14,29,32,36,34,43,43,36,0,0,0,0.0020,0.0619,0.0804,0.0061,0.0265,0.1470,0.0607,7.3067,0.0954,0.0000,1.3568,0.0054,0.0001,0.7684,0.0102,0.0050,0.0002
1898,23.5346,0.0583,15.6383,9.5497,,true,0,0.008333,0.0000,0.0000,1.00,0.00,0.0000,22,1,368,368,0,0,100,0,14,14,0,0,0,368,0,0,869896192,0.000000,0.000352,22.923682,0.00,2,5,10,18,16,24,26,14,29,32,36,34,43,43,36,0,0,0,0.0017,0.0695,0.1977,0.0069,0.0337,0.1190,0.0591,9.5497,0.1127,0.0000,1.2635,0.0048,0.0001,0.6636,0.0056,0.0067,0.0002
1899,23.5475,0.0583,13.5122,9.1747,,true,0,0.008333,0.0000,0.0000,1.00,0.00,0.0000,22,1,368,368,0,0,100,0,14,14,0,0,0,368,0,0,869896192,0.000000,0.000352,22.923682,0.00,2,5,10,18,16,24,26,14,29,32,36,34,43,43,36,0,0,0,0.0019,0.0713,0.0667,0.0062,0.0348,0.1002,0.0596,9.1747,0.0913,0.0000,1.1589,0.0048,0.0001,0.6655,0.0083,0.0060,0.0002
1900,23.5612,0.0583,13.7842,8.8840,,true,0,0.008333,0.0000,0.0000,1.00,0.00,0.0000,22,1,368,368,0,0,100,0,14,14,0,0,0,368,0,0,869896192,0.000000,0.000352,22.923682,0.00,2,5,10,18,16,24,26,14,29,32,36,34,43,43,36,0,0,0,0.0032,0.0711,0.0749,0.0064,0.0292,0.0997,0.0598,8.8840,0.0803,0.0000,1.2618,0.0090,0.0001,0.6534,0.0108,0.0238,0.0002
1901,23.5963,0.0583,13.8957,30.3212,,true,1,0.008333,0.0000,0.0083,1.00,0.00,0.0000,22,1,368,368,0,0,100,0,14,14,0,0,0,368,0,0,869896192,0.000000,0.000352,23.281198,0.00,2,5,10,18,16,24,26,14,29,32,36,34,43,43,36,0,0,0,0.0039,0.0629,0.1178,0.0041,0.0452,0.2646,0.0672,30.3212,0.0877,0.0000,22.3902,0.0021,1.8183,0.7131,0.0207,0.0033,19.3029
1902,23.6071,0.0583,15.2432,8.8654,,true,0,0.008333,0.0000,0.0000,1.00,0.00,0.0000,22,1,368,368,0,0,100,0,14,14,0,0,0,368,0,0,869896192,0.000000,0.000352,23.281198,0.00,2,5,10,18,16,24,26,14,29,32,36,34,43,43,36,0,0,0,0.0072,0.0746,0.1116,0.0053,0.0233,0.0988,0.1828,8.8654,0.1313,0.0000,0.9924,0.0045,0.0001,0.5997,0.0086,0.0058,0.0001
1903,23.6184,0.0583,28.4830,8.6402,,true,0,0.008333,0.0000,0.0000,1.00,0.00,0.0000,22,1,368,368,0,0,100,0,14,14,0,0,0,368,0,0,869896192,0.000000,0.000352,23.281198,0.00,2,5,10,18,16,24,26,14,29,32,36,34,43,43,36,0,0,0,0.0134,0.0582,0.0721,0.0075,0.0197,0.0797,0.0690,8.6402,0.0786,0.0000,1.0839,0.0029,0.0001,0.6965,0.0049,0.0039,0.0001
1904,23.6248,0.0583,10.2096,5.6064,,true,0,0.008333,0.0000,0.0000,1.00,0.00,0.0000,22,1,368,368,0,0,100,0,14,14,0,0,0,368,0,0,869941248,0.000000,0.000352,23.281198,0.00,2,5,10,18,16,24,26,14,29,32,36,34,43,43,36,0,0,0,0.0079,0.1094,0.0792,0.0052,0.0182,0.0341,0.1001,5.6064,0.0682,0.0000,0.8437,0.0020,0.0001,0.5408,0.0062,0.0028,0.0002
1905,23.6327,0.0583,6.1068,6.7817,,true,0,0.008333,0.0000,0.0000,1.00,0.00,0.0000,22,1,368,368,0,0,100,0,14,14,0,0,0,368,0,0,869941248,0.000000,0.000352,23.281198,0.00,2,5,10,18,16,24,26,14,29,32,36,34,43,43,36,0,0,0,0.0024,0.0576,0.0681,0.0042,0.0184,0.0484,0.0628,6.7817,0.0962,0.0000,0.8743,0.0031,0.0001,0.5256,0.0069,0.0046,0.0001
1906,23.6398,0.0583,8.6131,5.8728,,true,0,0.008333,0.0000,0.0000,1.00,0.00,0.0000,22,1,368,368,0,0,100,0,14,14,0,0,0,368,0,0,869941248,0.000000,0.000352,23.281198,0.00,2,5,10,18,16,24,26,14,29,32,36,34,43,43,36,0,0,0,0.0012,0.0451,0.0789,0.0029,0.0161,0.0559,0.0680,5.8728,0.0594,0.0000,1.1002,0.0137,0.0001,0.6392,0.0064,0.0055,0.0002
1907,23.6545,0.0583,10.6779,9.3119,,true,0,0.008333,0.0000,0.0000,1.00,0.00,0.0000,22,1,368,368,0,0,100,0,14,14,0,0,0,368,0,0,869941248,0.000000,0.000352,23.281198,0.00,2,5,10,18,16,24,26,14,29,32,36,34,43,43,36,0,0,0,0.0054,0.0610,0.0760,0.0065,0.0273,0.0922,0.0429,9.3119,0.0788,0.0000,1.1126,0.0058,0.0005,0.6209,0.0138,0.0098,0.0002
1908,23.6725,0.0583,16.3368,10.9364,,true,0,0.008333,0.0000,0.0000,1.00,0.00,0.0000,22,1,368,368,0,0,100,0,14,14,0,0,0,368,0,0,869941248,0.000000,0.000352,23.281198,0.00,2,5,10,18,16,24,26,14,29,32,36,34,43,43,36,0,0,0,0.0057,0.0598,0.0957,0.0094,0.0248,0.1002,0.0635,10.9364,0.0925,0.0000,1.1703,0.0049,0.0001,0.6634,0.0113,0.0078,0.0002
1909,23.6839,0.0583,15.8055,6.9501,,true,0,0.008333,0.0000,0.0000,1.00,0.00,0.0000,22,1,368,368,0,0,100,0,14,14,0,0,0,368,0,0,869941248,0.000000,0.000352,23.281198,0.00,2,5,10,18,16,24,26,14,29,32,36,34,43,43,36,0,0,0,0.0016,0.0576,0.0788,0.0031,0.0272,0.0908,0.0659,6.9501,0.1007,0.0000,1.1923,0.0052,0.0002,0.6926,0.0090,0.0064,0.0003
1910,23.6930,0.0583,9.7959,6.5224,,true,0,0.008333,0.0000,0.0000,1.00,0.00,0.0000,22,1,368,368,0,0,100,0,14,14,0,0,0,368,0,0,869941248,0.000000,0.000352,23.281198,0.00,2,5,10,18,16,24,26,14,29,32,36,34,43,43,36,0,0,0,0.0016,0.0702,0.0768,0.0052,0.0184,0.0646,0.0662,6.5224,0.0770,0.0000,1.1707,0.0048,0.0001,0.6614,0.0100,0.0068,0.0002
1911,23.7063,0.0583,12.3197,7.2559,,true,0,0.008333,0.0000,0.0000,1.00,0.00,0.0000,22,1,368,368,0,0,100,0,14,14,0,0,0,368,0,0,869941248,0.000000,0.000352,23.281198,0.00,2,5,10,18,16,24,26,14,29,32,36,34,43,43,36,0,0,0,0.0017,0.0612,0.0812,0.0052,0.0233,0.0978,0.0687,7.2559,0.0897,0.0000,1.1741,0.0049,0.0001,0.6654,0.0077,0.0052,0.0002
1912,23.7164,0.0583,11.7758,5.7716,,true,0,0.008333,0.0000,0.0000,1.00,0.00,0.0000,22,1,368,368,0,0,100,0,14,14,0,0,0,368,0,0,869941248,0.000000,0.000352,23.281198,0.00,2,5,10,18,16,24,26,14,29,32,36,34,43,43,36,0,0,0,0.0026,0.0611,0.0587,0.0060,0.0250,0.0810,0.0595,5.7716,0.0676,0.0000,1.0337,0.0053,0.0001,0.4951,0.0100,0.0052,0.0004
1913,23.7274,0.0583,10.8382,5.8948,,true,0,0.008333,0.0000,0.0000,1.00,0.00,0.0000,22,1,368,368,0,0,100,0,14,14,0,0,0,368,0,0,869941248,0.000000,0.000352,23.281198,0.00,2,5,10,18,16,24,26,14,29,32,36,34,43,43,36,0,0,0,0.0011,0.0486,0.0687,0.0043,0.0199,0.0937,0.0543,5.8948,0.0845,0.0000,1.1003,0.0028,0.0001,0.6500,0.0069,0.0050,0.0002
1914,23.7413,0.0583,13.5717,6.2442,,true,0,0.008333,0.0000,0.0000,1.00,0.00,0.0000,22,1,368,368,0,0,100,0,14,14,0,0,0,368,0,0,869941248,0.000000,0.000352,23.281198,0.00,2,5,10,18,16,24,26,14,29,32,36,34,43,43,36,0,0,0,0.0014,0.0566,0.0710,0.0045,0.0220,0.0766,0.0649,6.2442,0.0713,0.0000,1.0826,0.0032,0.0001,0.6426,0.0079,0.0050,0.0001
1915,23.7523,0.0583,10.3138,6.9220,,true,0,0.008333,0.0000,0.0000,1.00,0.00,0.0000,22,1,368,368,0,0,100,0,14,14,0,0,0,368,0,0,869941248,0.000000,0.000352,23.281198,0.00,2,5,10,18,16,24,26,14,29,32,36,34,43,43,36,0,0,0,0.0023,0.0733,0.0773,0.0043,0.0282,0.0923,0.0605,6.9220,0.0937,0.0000,1.2094,0.0042,0.0001,0.7009,0.0104,0.0070,0.0002
1916,23.7630,0.0583,12.4252,5.3416,,true,0,0.008333,0.0000,0.0000,1.00,0.00,0.0000,22,1,368,368,0,0,100,0,14,14,0,0,0,368,0,0,869941248,0.000000,0.000352,23.281198,0.00,2,5,10,18,16,24,26,14,29,32,36,34,43,43,36,0,0,0,0.0014,0.0561,0.0650,0.0238,0.0164,0.0573,0.0559,5.3416,0.0540,0.0000,0.8776,0.0041,0.0001,0.4761,0.0079,0.0051,0.0002
1917,23.7753,0.0583,11.5374,5.8143,,true,0,0.008333,0.0000,0.0000,1.00,0.00,0.0000,22,1,368,368,0,0,100,0,14,14,0,0,0,368,0,0,869941248,0.000000,0.000352,23.281198,0.00,2,5,10,18,16,24,26,14,29,32,36,34,43,43,36,0,0,0,0.0043,0.0419,0.0539,0.0043,0.0210,0.0710,0.0495,5.8143,0.0464,0.0000,0.8295,0.0028,0.0001,0.4808,0.0069,0.0049,0.0002
1918,23.7896,0.0583,12.7860,7.2935,,true,0,0.008333,0.0000,0.0000,1.00,0.00,0.0000,22,1,368,368,0,0,100,0,14,14,0,0,0,368,0,0,869941248,0.000000,0.000352,23.281198,0.00,2,5,10,18,16,24,26,14,29,32,36,34,43,43,36,0,0,0,0.0011,0.0385,0.0613,0.0044,0.0197,0.0735,0.0437,7.2935,0.0602,0.0000,0.8328,0.0036,0.0001,0.4909,0.0076,0.0060,0.0002
1919,23.8057,0.0583,14.3738,8.7379,,true,0,0.008333,0.0000,0.0000,1.00,0.00,0.0000,22,1,368,368,0,0,100,0,14,14,0,0,0,368,0,0,869941248,0.000000,0.000352,23.281198,0.00,2,5,10,18,16,24,26,14,29,32,36,34,43,43,36,0,0,0,0.0016,0.0567,0.0872,0.0082,0.0200,0.0860,0.0689,8.7379,0.0594,0.0000,1.1724,0.0038,0.0001,0.6702,0.0086,0.0049,0.0002
1920,23.8174,0.0583,13.0520,7.3798,,true,0,0.008333,0.0000,0.0000,1.00,0.00,0.0000,22,1,368,368,0,0,100,0,14,14,0,0,0,368,0,0,869941248,0.000000,0.000352,23.281198,0.00,2,5,10,18,16,24,26,14,29,32,36,34,43,43,36,0,0,0,0.0017,0.0638,0.0699,0.0056,0.0373,0.0960,0.0726,7.3798,0.0546,0.0000,1.1078,0.0074,0.0001,0.5479,0.0226,0.0077,0.0002
1921,23.8282,0.0583,11.8165,6.4232,,true,0,0.008333,0.0000,0.0000,1.00,0.00,0.0000,22,1,368,368,0,0,100,0,14,14,0,0,0,368,0,0,869941248,0.000000,0.000352,23.281198,0.00,2,5,10,18,16,24,26,14,29,32,36,34,43,43,36,0,0,0,0.0019,0.0452,0.0602,0.0048,0.0229,0.0774,0.0497,6.4232,0.0663,0.0000,0.8457,0.0035,0.0001,0.4885,0.0074,0.0066,0.0001
1922,23.8447,0.0583,14.1908,8.7209,,true,0,0.008333,0.0000,0.0000,1.00,0.00,0.0000,22,1,368,368,0,0,100,0,14,14,0,0,0,368,0,0,869941248,0.000000,0.000352,23.281198,0.00,2,5,10,18,16,24,26,14,29,32,36,34,43,43,36,0,0,0,0.0030,0.0548,0.0720,0.0059,0.0313,0.1011,0.0652,8.7209,0.0851,0.0000,1.1753,0.0047,0.0001,0.6729,0.0108,0.0064,0.0002
1923,23.8556,0.0583,13.6192,6.1839,,true,0,0.008333,0.0000,0.0000,1.00,0.00,0.0000,22,1,368,368,0,0,100,0,14,14,0,0,0,368,0,0,869941248,0.000000,0.000352,23.281198,0.00,2,5,10,18,16,24,26,14,29,32,36,34,43,43,36,0,0,0,0.0044,0.0471,0.0525,0.0045,0.0206,0.0736,0.0399,6.1839,0.0703,0.0000,0.8767,0.0043,0.0001,0.5058,0.0109,0.0060,0.0001
1924,23.8668,0.0583,11.2962,6.4077,,true,0,0.008333,0.0000,0.0000,1.00,0.00,0.0000,22,1,368,368,0,0,100,0,14,14,0,0,0,368,0,0,869941248,0.000000,0.000352,23.281198,0.00,2,5,10,18,16,24,26,14,29,32,36,34,43,43,36,0,0,0,0.0017,0.0740,0.0823,0.0052,0.0222,0.0680,0.0682,6.4077,0.0828,0.0000,1.2045,0.0045,0.0002,0.7097,0.0070,0.0060,0.0002
1925,23.8783,0.0583,11.1328,6.2994,,true,1,0.008333,0.0000,0.0083,1.00,0.00,0.0000,22,1,368,368,0,0,100,0,14,14,0,0,0,368,0,0,869941248,0.000000,0.000352,23.587740,0.00,2,5,10,18,16,24,26,14,29,32,36,34,43,43,36,0,0,0,0.0018,0.0530,0.0653,0.0047,0.0437,0.2649,0.0458,6.2994,0.0718,0.0000,0.9010,0.0045,0.0001,0.5197,0.0073,0.0060,0.0002
1926,23.8891,0.0583,11.6464,5.7543,,true,0,0.008333,0.0000,0.0000,1.00,0.00,0.0000,22,1,368,368,0,0,100,0,14,14,0,0,0,368,0,0,869941248,0.000000,0.000352,23.587740,0.00,2,5,10,18,16,24,26,14,29,32,36,34,43,43,36,0,0,0,0.0009,0.0411,0.0669,0.0035,0.0152,0.0580,0.0465,5.7543,0.0687,0.0000,0.8521,0.0028,0.0001,0.5245,0.0056,0.0033,0.0002
1927,23.9004,0.0583,11.7009,5.3465,,true,0,0.008333,0.0000,0.0000,1.00,0.00,0.0000,22,1,368,368,0,0,100,0,14,14,0,0,0,368,0,0,869941248,0.000000,0.000352,23.587740,0.00,2,5,10,18,16,24,26,14,29,32,36,34,43,43,36,0,0,0,0.0010,0.0338,0.0504,0.0035,0.0218,0.0407,0.0422,5.3465,0.0393,0.0000,0.7891,0.0025,0.0001,0.4636,0.0064,0.0042,0.0001
1928,23.9144,0.0583,12.3021,6.8768,,true,0,0.008333,0.0000,0.0000,1.00,0.00,0.0000,22,1,368,368,0,0,100,0,14,14,0,0,0,368,0,0,869941248,0.000000,0.000352,23.587740,0.00,2,5,10,18,16,24,26,14,29,32,36,34,43,43,36,0,0,0,0.0024,0.1311,0.0641,0.0050,0.0316,0.0856,0.0460,6.8768,0.0599,0.0000,0.8913,0.0048,0.0001,0.5015,0.0087,0.0053,0.0002
1929,23.9270,0.0583,13.0039,6.6574,,true,0,0.008333,0.0000,0.0000,1.00,0.00,0.0000,22,1,368,368,0,0,100,0,14,14,0,0,0,368,0,0,869941248,0.000000,0.000352,23.587740,0.00,2,5,10,18,16,24,26,14,29,32,36,34,43,43,36,0,0,0,0.0019,0.0368,0.0546,0.0038,0.0156,0.0655,0.0407,6.6574,0.0639,0.0000,0.8347,0.0028,0.0001,0.4869,0.0078,0.0034,0.0001
1930,23.9383,0.0583,11.5276,6.4517,,true,0,0.008333,0.0000,0.0000,1.00,0.00,0.0000,22,1,368,368,0,0,100,0,14,14,0,0,0,368,0,0,869990400,0.000000,0.000352,23.587740,0.00,2,5,10,18,16,24,26,14,29,32,36,34,43,43,36,0,0,0,0.0019,0.0662,0.0770,0.0038,0.0206,0.0686,0.0733,6.4517,0.0741,0.0000,1.1575,0.0046,0.0001,0.6431,0.0078,0.0152,0.0002
1931,23.9493,0.0583,11.2922,6.2794,,true,0,0.008333,0.0000,0.0000,1.00,0.00,0.0000,22,1,368,368,0,0,100,0,14,14,0,0,0,368,0,0,869990400,0.000000,0.000352,23.587740,0.00,2,5,10,18,16,24,26,14,29,32,36,34,43,43,36,0,0,0,0.0016,0.0743,0.0702,0.0055,0.0207,0.1151,0.0800,6.2794,0.0934,0.0000,1.1318,0.0038,0.0001,0.6580,0.0148,0.0047,0.0003
1932,23.9607,0.0583,12.2443,5.5720,,true,0,0.008333,0.0000,0.0000,1.00,0.00,0.0000,22,1,368,368,0,0,100,0,14,14,0,0,0,368,0,0,869990400,0.000000,0.000352,23.587740,0.00,2,5,10,18,16,24,26,14,29,32,36,34,43,43,36,0,0,0,0.0014,0.0537,0.0719,0.0034,0.0137,0.0565,0.0545,5.5720,0.0621,0.0000,1.1486,0.0047,0.0001,0.6566,0.0096,0.0058,0.0002
1933,23.9727,0.0583,11.0532,6.2285,,true,0,0.008333,0.0000,0.0000,1.00,0.00,0.0000,22,1,368,368,0,0,100,0,14,14,0,0,0,368,0,0,869990400,0.000000,0.000352,23.587740,0.00,2,5,10,18,16,24,26,14,29,32,36,34,43,43,36,0,0,0,0.0014,0.0662,0.0647,0.0056,0.0239,0.1212,0.0559,6.2285,0.0673,0.0000,0.9983,0.0039,0.0001,0.5023,0.0080,0.0046,0.0005
1934,23.9859,0.0583,12.2836,7.1084,,true,0,0.008333,0.0000,0.0000,1.00,0.00,0.0000,22,1,368,368,0,0,100,0,14,14,0,0,0,368,0,0,869990400,0.000000,0.000352,23.587740,0.00,2,5,10,18,16,24,26,14,29,32,36,34,43,43,36,0,0,0,0.0015,0.0560,0.0706,0.0036,0.0205,0.0847,0.0551,7.1084,0.0669,0.0000,1.1056,0.0052,0.0001,0.6293,0.0071,0.0054,0.0002
1935,23.9961,0.0583,11.0229,6.3781,,true,0,0.008333,0.0000,0.0000,1.00,0.00,0.0000,22,1,368,368,0,0,100,0,14,14,0,0,0,368,0,0,869990400,0.000000,0.000352,23.587740,0.00,2,5,10,18,16,24,26,14,29,32,36,34,43,43,36,0,0,0,0.0017,0.0780,0.0723,0.0050,0.0221,0.0781,0.0596,6.3781,0.0733,0.0000,1.1759,0.0049,0.0001,0.6702,0.0079,0.0054,0.0002
1936,24.0067,0.0583,11.4532,5.7596,,true,0,0.008333,0.0000,0.0000,1.00,0.00,0.0000,22,1,368,368,0,0,100,0,14,14,0,0,0,368,0,0,869990400,0.000000,0.000352,23.587740,0.00,2,5,10,18,16,24,26,14,29,32,36,34,43,43,36,0,0,0,0.0013,0.0475,0.0549,0.0048,0.0218,0.0556,0.0519,5.7596,0.0571,0.0000,0.8342,0.0037,0.0001,0.4743,0.0072,0.0047,0.0001
1937,24.0192,0.0583,12.3201,5.5731,,true,0,0.008333,0.0000,0.0000,1.00,0.00,0.0000,22,1,368,368,0,0,100,0,14,14,0,0,0,368,0,0,869990400,0.000000,0.000352,23.587740,0.00,2,5,10,18,16,24,26,14,29,32,36,34,43,43,36,0,0,0,0.0016,0.0717,0.0567,0.0037,0.0200,0.0731,0.0584,5.5731,0.0596,0.0000,0.8424,0.0036,0.0001,0.4821,0.0077,0.0054,0.0001
1938,24.0311,0.0583,11.4418,6.1778,,true,0,0.008333,0.0000,0.0000,1.00,0.00,0.0000,22,1,368,368,0,0,100,0,14,14,0,0,0,368,0,0,869990400,0.000000,0.000352,23.587740,0.00,2,5,10,18,16,24,26,14,29,32,36,34,43,43,36,0,0,0,0.0016,0.0623,0.0827,0.0097,0.0273,0.0894,0.0454,6.1778,0.0729,0.0000,0.9104,0.0046,0.0001,0.5151,0.0076,0.0059,0.0001
1939,24.0439,0.0583,12.2399,6.7047,,true,0,0.008333,0.0000,0.0000,1.00,0.00,0.0000,22,1,368,368,0,0,100,0,14,14,0,0,0,368,0,0,869990400,0.000000,0.000352,23.587740,0.00,2,5,10,18,16,24,26,14,29,32,36,34,43,43,36,0,0,0,0.0017,0.0586,0.0938,0.0079,0.0200,0.0703,0.0641,6.7047,0.0834,0.0000,1.1212,0.0038,0.0001,0.6460,0.0079,0.0044,0.0002
1940,24.0559,0.0583,11.8560,6.6653,,true,0,0.008333,0.0000,0.0000,1.00,0.00,0.0000,22,1,368,368,0,0,100,0,14,14,0,0,0,368,0,0,869990400,0.000000,0.000352,23.587740,0.00,2,5,10,18,16,24,26,14,29,32,36,34,43,43,36,0,0,0,0.0015,0.0582,0.0760,0.0049,0.0246,0.0757,0.0565,6.6653,0.0830,0.0000,1.1304,0.0028,0.0001,0.6486,0.0082,0.0041,0.0002
1941,24.0673,0.0583,12.0843,6.2364,,true,0,0.008333,0.0000,0.0000,1.00,0.00,0.0000,22,1,368,368,0,0,100,0,14,14,0,0,0,368,0,0,869990400,0.000000,0.000352,23.587740,0.00,2,5,10,18,16,24,26,14,29,32,36,34,43,43,36,0,0,0,0.0016,0.0633,0.0776,0.0045,0.0243,0.0825,0.0556,6.2364,0.0699,0.0000,1.1540,0.0034,0.0001,0.7001,0.0073,0.0058,0.0002
1942,24.0791,0.0583,11.7353,6.0988,,true,1,0.008333,0.0000,0.0083,1.00,0.00,0.0000,22,1,368,368,0,0,100,0,14,14,0,0,0,368,0,0,869990400,0.000000,0.000352,23.791758,0.00,2,5,10,18,16,24,26,14,29,32,36,34,43,43,36,0,0,0,0.0018,0.0633,0.0790,0.0040,0.0411,0.2842,0.0626,6.0988,0.0795,0.0000,1.1686,0.0041,0.0001,0.6977,0.0092,0.0053,0.0002
1943,24.0906,0.0583,11.2989,6.6651,,true,0,0.008333,0.0000,0.0000,1.00,0.00,0.0000,22,1,368,368,0,0,100,0,14,14,0,0,0,368,0,0,869990400,0.000000,0.000352,23.791758,0.00,2,5,10,18,16,24,26,14,29,32,36,34,43,43,36,0,0,0,0.0013,0.0688,0.2176,0.0054,0.0228,0.0742,0.0552,6.6651,0.0807,0.0000,1.4351,0.0051,0.0002,0.8051,0.0118,0.0060,0.0002
1944,24.1029,0.0583,12.9609,5.6195,,true,0,0.008333,0.0000,0.0000,1.00,0.00,0.0000,22,1,368,368,0,0,100,0,14,14,0,0,0,368,0,0,869990400,0.000000,0.000352,23.791758,0.00,2,5,10,18,16,24,26,14,29,32,36,34,43,43,36,0,0,0,0.0038,0.0538,0.0445,0.0032,0.0177,0.0496,0.0998,5.6195,0.0359,0.0000,0.8249,0.0025,0.0001,0.4989,0.0092,0.0031,0.0002
1945,24.1147,0.0583,10.6624,6.7261,,true,0,0.008333,0.0000,0.0000,1.00,0.00,0.0000,22,1,368,368,0,0,100,0,14,14,0,0,0,368,0,0,869990400,0.000000,0.000352,23.791758,0.00,2,5,10,18,16,24,26,14,29,32,36,34,43,43,36,0,0,0,0.0017,0.0717,0.0839,0.0049,0.0235,0.0701,0.0702,6.7261,0.0857,0.0000,1.1419,0.0044,0.0001,0.6557,0.0070,0.0050,0.0002
1946,24.1274,0.0583,12.7032,6.7259,,true,0,0.008333,0.0000,0.0000,1.00,0.00,0.0000,22,1,368,368,0,0,100,0,14,14,0,0,0,368,0,0,869990400,0.000000,0.000352,23.791758,0.00,2,5,10,18,16,24,26,14,29,32,36,34,43,43,36,0,0,0,0.0015,0.0573,0.0698,0.0044,0.0202,0.0729,0.0569,6.7259,0.0627,0.0000,1.1323,0.0035,0.0001,0.6583,0.0082,0.0059,0.0002
1947,24.1383,0.0583,11.4907,6.2501,,true,0,0.008333,0.0000,0.0000,1.00,0.00,0.0000,22,1,368,368,0,0,100,0,14,14,0,0,0,368,0,0,869990400,0.000000,0.000352,23.791758,0.00,2,5,10,18,16,24,26,14,29,32,36,34,43,43,36,0,0,0,0.0019,0.0589,0.0723,0.0049,0.0220,0.0852,0.0559,6.2501,0.0722,0.0000,1.1279,0.0043,0.0001,0.6662,0.0072,0.0045,0.0002
1948,24.1488,0.0583,11.0831,5.7388,,true,0,0.008333,0.0000,0.0000,1.00,0.00,0.0000,22,1,368,368,0,0,100,0,14,14,0,0,0,368,0,0,869990400,0.000000,0.000352,23.791758,0.00,2,5,10,18,16,24,26,14,29,32,36,34,43,43,36,0,0,0,0.0013,0.0551,0.0631,0.0044,0.0202,0.0732,0.0520,5.7388,0.0685,0.0000,0.9421,0.0041,0.0001,0.5534,0.0070,0.0044,0.0001
1949,24.1613,0.0583,12.4847,5.8557,,true,0,0.008333,0.0000,0.0000,1.00,0.00,0.0000,22,1,368,368,0,0,100,0,14,14,0,0,0,368,0,0,869990400,0.000000,0.000352,23.791758,0.00,2,5,10,18,16,24,26,14,29,32,36,34,43,43,36,0,0,0,0.0023,0.0403,0.0499,0.0051,0.0233,0.0722,0.0452,5.8557,0.0526,0.0000,0.8251,0.0038,0.0001,0.4748,0.0164,0.0045,0.0001
1950,24.1734,0.0583,10.9825,6.6399,,true,0,0.008333,0.0000,0.0000,1.00,0.00,0.0000,22,1,368,368,0,0,100,0,14,14,0,0,0,368,0,0,869990400,0.000000,0.000352,23.791758,0.00,2,5,10,18,16,24,26,14,29,32,36,34,43,43,36,0,0,0,0.0026,0.0833,0.0824,0.0065,0.0250,0.0844,0.0789,6.6399,0.0813,0.0000,1.1658,0.0049,0.0001,0.6707,0.0072,0.0065,0.0002
1951,24.1878,0.0583,13.5456,7.6609,,true,0,0.008333,0.0000,0.0000,1.00,0.00,0.0000,22,1,368,368,0,0,100,0,14,14,0,0,0,368,0,0,869990400,0.000000,0.000352,23.791758,0.00,2,5,10,18,16,24,26,14,29,32,36,34,43,43,36,0,0,0,0.0012,0.0568,0.1410,0.0060,0.0250,0.0863,0.0540,7.6609,0.0866,0.0000,1.3574,0.0041,0.0002,0.7792,0.0085,0.0062,0.0003
1952,24.2008,0.0583,13.6181,6.8193,,true,0,0.008333,0.0000,0.0000,1.00,0.00,0.0000,22,1,368,368,0,0,100,0,14,14,0,0,0,368,0,0,869990400,0.000000,0.000352,23.791758,0.00,2,5,10,18,16,24,26,14,29,32,36,34,43,43,36,0,0,0,0.0017,0.0858,0.0712,0.0040,0.0203,0.0685,0.0771,6.8193,0.0712,0.0000,1.1169,0.0038,0.0001,0.6509,0.0068,0.0045,0.0002
1953,24.2110,0.0583,10.1752,7.1268,,true,0,0.008333,0.0000,0.0000,1.00,0.00,0.0000,22,1,368,368,0,0,100,0,14,14,0,0,0,368,0,0,869990400,0.000000,0.000352,23.791758,0.00,2,5,10,18,16,24,26,14,29,32,36,34,43,43,36,0,0,0,0.0016,0.0704,0.0707,0.0043,0.0176,0.0753,0.0704,7.1268,0.0644,0.0000,1.1583,0.0038,0.0001,0.6905,0.0076,0.0061,0.0002
1954,24.2233,0.0583,12.4623,6.7075,,true,0,0.008333,0.0000,0.0000,1.00,0.00,0.0000,22,1,368,368,0,0,100,0,14,14,0,0,0,368,0,0,869990400,0.000000,0.000352,23.791758,0.00,2,5,10,18,16,24,26,14,29,32,36,34,43,43,36,0,0,0,0.0018,0.0538,0.0772,0.0041,0.0274,0.0804,0.0561,6.7075,0.0558,0.0000,1.1516,0.0036,0.0001,0.6771,0.0080,0.0049,0.0002
1955,24.2341,0.0583,11.6471,6.0556,,true,0,0.008333,0.0000,0.0000,1.00,0.00,0.0000,22,1,368,368,0,0,100,0,14,14,0,0,0,368,0,0,869990400,0.000000,0.000352,23.791758,0.00,2,5,10,18,16,24,26,14,29,32,36,34,43,43,36,0,0,0,0.0050,0.0520,0.0613,0.0040,0.0184,0.0827,0.0491,6.0556,0.0715,0.0000,0.8613,0.0039,0.0001,0.4989,0.0082,0.0058,0.0001
1956,24.2457,0.0583,11.7530,5.9051,,true,0,0.008333,0.0000,0.0000,1.00,0.00,0.0000,22,1,368,368,0,0,100,0,14,14,0,0,0,368,0,0,869990400,0.000000,0.000352,23.791758,0.00,2,5,10,18,16,24,26,14,29,32,36,34,43,43,36,0,0,0,0.0019,0.0647,0.0736,0.0026,0.0099,0.0404,0.0635,5.9051,0.0708,0.0000,1.1238,0.0045,0.0001,0.6478,0.0068,0.0053,0.0002
1957,24.2602,0.0583,13.3119,6.8499,,true,0,0.008333,0.0000,0.0000,1.00,0.00,0.0000,22,1,368,368,0,0,100,0,14,14,0,0,0,368,0,0,870027264,0.000000,0.000352,23.791758,0.00,2,5,10,18,16,24,26,14,29,32,36,34,43,43,36,0,0,0,0.0032,0.0584,0.0703,0.0030,0.0215,0.0788,0.0555,6.8499,0.0444,0.0000,1.1620,0.0049,0.0001,0.6303,0.0091,0.0072,0.0002
1958,24.2692,0.0583,10.3520,5.8142,,true,0,0.008333,0.0000,0.0000,1.00,0.00,0.0000,22,1,368,368,0,0,100,0,14,14,0,0,0,368,0,0,870027264,0.000000,0.000352,23.791758,0.00,2,5,10,18,16,24,26,14,29,32,36,34,43,43,36,0,0,0,0.0013,0.0571,0.0843,0.0049,0.0186,0.0708,0.0569,5.8142,0.0833,0.0000,1.1503,0.0044,0.0001,0.6640,0.0175,0.0046,0.0002
1959,24.2812,0.0583,11.8124,6.2762,,true,0,0.008333,0.0000,0.0000,1.00,0.00,0.0000,22,1,368,368,0,0,100,0,14,14,0,0,0,368,0,0,870027264,0.000000,0.000352,23.791758,0.00,2,5,10,18,16,24,26,14,29,32,36,34,43,43,36,0,0,0,0.0014,0.0525,0.0716,0.0041,0.0179,0.0632,0.0542,6.2762,0.0650,0.0000,1.1411,0.0039,0.0001,0.6591,0.0107,0.0055,0.0002
1960,24.2948,0.0583,12.6942,6.4860,,true,0,0.008333,0.0000,0.0000,1.00,0.00,0.0000,22,1,368,368,0,0,100,0,14,14,0,0,0,368,0,0,870027264,0.000000,0.000352,23.791758,0.00,2,5,10,18,16,24,26,14,29,32,36,34,43,43,36,0,0,0,0.0011,0.0465,0.0686,0.0043,0.0194,0.0777,0.0430,6.4860,0.0527,0.0000,0.8760,0.0022,0.0001,0.5017,0.0103,0.0028,0.0001
1961,24.3092,0.0583,13.2315,7.9255,,true,0,0.008333,0.0000,0.0000,1.00,0.00,0.0000,22,1,368,368,0,0,100,0,14,14,0,0,0,368,0,0,870027264,0.000000,0.000352,23.791758,0.00,2,5,10,18,16,24,26,14,29,32,36,34,43,43,36,0,0,0,0.0018,0.0601,0.0808,0.0049,0.0265,0.0937,0.0670,7.9255,0.0917,0.0000,1.2028,0.0059,0.0001,0.7060,0.0072,0.0072,0.0002
1962,24.3227,0.0583,13.7525,7.5182,,true,0,0.008333,0.0000,0.0000,1.00,0.00,0.0000,22,1,368,368,0,0,100,0,14,14,0,0,0,368,0,0,870027264,0.000000,0.000352,23.791758,0.00,2,5,10,18,16,24,26,14,29,32,36,34,43,43,36,0,0,0,0.0023,0.0610,0.0680,0.0059,0.0267,0.0850,0.0586,7.5182,0.0587,0.0000,1.1603,0.0044,0.0002,0.6392,0.0099,0.0066,0.0003
1963,24.3543,0.0583,11.3142,27.8519,,true,0,0.008333,0.0000,0.0000,1.00,0.00,0.0000,22,1,368,368,0,0,100,0,14,14,0,0,0,368,0,0,870027264,0.000000,0.000352,23.791758,0.00,2,5,10,18,16,24,26,14,29,32,36,34,43,43,36,0,0,0,0.0016,0.0666,0.1256,0.0066,0.0251,0.1470,0.0558,27.8519,0.0765,0.0000,21.6144,0.0042,1.3052,0.5105,0.0428,0.0047,19.2638
1964,24.3613,0.0583,12.9354,5.6539,,true,0,0.008333,0.0000,0.0000,1.00,0.00,0.0000,22,1,368,368,0,0,100,0,14,14,0,0,0,368,0,0,870027264,0.000000,0.000352,23.791758,0.00,2,5,10,18,16,24,26,14,29,32,36,34,43,43,36,0,0,0,0.0015,0.0681,0.0624,0.0047,0.0272,0.0668,0.1293,5.6539,0.0563,0.0000,1.1167,0.0029,0.0002,0.6520,0.0069,0.0043,0.0002
1965,24.3716,0.0583,24.3957,7.9426,,true,0,0.008333,0.0000,0.0000,1.00,0.00,0.0000,22,1,368,368,0,0,100,0,14,14,0,0,0,368,0,0,870150144,0.000000,0.000352,23.791758,0.00,2,5,10,18,16,24,26,14,29,32,36,34,43,43,36,0,0,0,0.0031,0.0776,0.0987,0.0214,0.0282,0.0724,0.0775,7.9426,0.1006,0.0000,1.4211,0.0052,0.0002,0.8263,0.0115,0.0064,0.0002
1966,24.3787,0.0583,8.4444,6.1199,,true,1,0.008333,0.0000,0.0083,1.00,0.00,0.0000,22,1,368,368,0,0,100,0,14,14,0,0,0,368,0,0,870150144,0.000000,0.000352,24.096416,0.00,2,5,10,18,16,24,26,14,29,32,36,34,43,43,36,0,0,0,0.0016,0.0488,0.0675,0.0074,0.0465,0.3210,0.0556,6.1199,0.0775,0.0000,1.2677,0.0038,0.0002,0.7002,0.0106,0.0050,0.0002
1967,24.3855,0.0583,6.5620,5.6650,,true,0,0.008333,0.0000,0.0000,1.00,0.00,0.0000,22,1,368,368,0,0,100,0,14,14,0,0,0,368,0,0,870150144,0.000000,0.000352,24.096416,0.00,2,5,10,18,16,24,26,14,29,32,36,34,43,43,36,0,0,0,0.0021,0.0708,0.0918,0.0053,0.0214,0.0621,0.1238,5.6650,0.0744,0.0000,0.9378,0.0040,0.0001,0.4925,0.0109,0.0067,0.0002
1968,24.3929,0.0583,7.9076,6.2352,,true,0,0.008333,0.0000,0.0000,1.00,0.00,0.0000,22,1,368,368,0,0,100,0,14,14,0,0,0,368,0,0,870150144,0.000000,0.000352,24.096416,0.00,2,5,10,18,16,24,26,14,29,32,36,34,43,43,36,0,0,0,0.0015,0.0505,0.0771,0.0043,0.0181,0.0658,0.0542,6.2352,0.0604,0.0000,1.1163,0.0036,0.0002,0.6604,0.0074,0.0040,0.0002
1969,24.4032,0.0583,10.8244,5.8297,,true,0,0.008333,0.0000,0.0000,1.00,0.00,0.0000,22,1,368,368,0,0,100,0,14,14,0,0,0,368,0,0,870150144,0.000000,0.000352,24.096416,0.00,2,5,10,18,16,24,26,14,29,32,36,34,43,43,36,0,0,0,0.0018,0.0555,0.0637,0.0048,0.0225,0.0771,0.0516,5.8297,0.0719,0.0000,0.9065,0.0034,0.0001,0.4928,0.0108,0.0059,0.0001
1970,24.4157,0.0583,11.2951,6.7679,,true,0,0.008333,0.0000,0.0000,1.00,0.00,0.0000,22,1,368,368,0,0,100,0,14,14,0,0,0,368,0,0,870150144,0.000000,0.000352,24.096416,0.00,2,5,10,18,16,24,26,14,29,32,36,34,43,43,36,0,0,0,0.0012,0.0502,0.0635,0.0049,0.0234,0.0856,0.0463,6.7679,0.0762,0.0000,0.8980,0.0041,0.0001,0.5267,0.0080,0.0048,0.0001
1971,24.4262,0.0583,11.4532,6.1636,,true,0,0.008333,0.0000,0.0000,1.00,0.00,0.0000,22,1,368,368,0,0,100,0,14,14,0,0,0,368,0,0,870150144,0.000000,0.000352,24.096416,0.00,2,5,10,18,16,24,26,14,29,32,36,34,43,43,36,0,0,0,0.0015,0.0603,0.0687,0.0036,0.0161,0.0634,0.0738,6.1636,0.0786,0.0000,1.1304,0.0038,0.0001,0.6644,0.0081,0.0038,0.0002
1972,24.4369,0.0583,11.3941,5.5593,,true,0,0.008333,0.0000,0.0000,1.00,0.00,0.0000,22,1,368,368,0,0,100,0,14,14,0,0,0,368,0,0,870150144,0.000000,0.000352,24.096416,0.00,2,5,10,18,16,24,26,14,29,32,36,34,43,43,36,0,0,0,0.0019,0.0447,0.0546,0.0059,0.0261,0.0726,0.0462,5.5593,0.0542,0.0000,0.8687,0.0049,0.0001,0.5055,0.0082,0.0059,0.0001
1973,24.4504,0.0583,11.7096,7.3424,,true,0,0.008333,0.0000,0.0000,1.00,0.00,0.0000,22,1,368,368,0,0,100,0,14,14,0,0,0,368,0,0,870150144,0.000000,0.000352,24.096416,0.00,2,5,10,18,16,24,26,14,29,32,36,34,43,43,36,0,0,0,0.0016,0.0577,0.1075,0.0054,0.0260,0.0850,0.0625,7.3424,0.0905,0.0000,1.1872,0.0047,0.0001,0.6892,0.0092,0.0053,0.0002
1974,24.4670,0.0583,14.6606,8.3930,,true,0,0.008333,0.0000,0.0000,1.00,0.00,0.0000,22,1,368,368,0,0,100,0,14,14,0,0,0,368,0,0,870150144,0.000000,0.000352,24.096416,0.00,2,5,10,18,16,24,26,14,29,32,36,34,43,43,36,0,0,0,0.0018,0.0666,0.0759,0.0043,0.0249,0.0790,0.0580,8.3930,0.0709,0.0000,1.1695,0.0066,0.0001,0.6796,0.0099,0.0061,0.0002
1975,24.4801,0.0583,13.7136,8.1479,,true,0,0.008333,0.0000,0.0000,1.00,0.00,0.0000,22,1,368,368,0,0,100,0,14,14,0,0,0,368,0,0,870150144,0.000000,0.000352,24.096416,0.00,2,5,10,18,16,24,26,14,29,32,36,34,43,43,36,0,0,0,0.0017,0.0596,0.0726,0.0065,0.0704,0.0909,0.0586,8.1479,0.0858,0.0000,1.0786,0.0053,0.0001,0.5190,0.0172,0.0056,0.0002
1976,24.4949,0.0583,13.3499,9.5846,,true,0,0.008333,0.0000,0.0000,1.00,0.00,0.0000,22,1,368,368,0,0,100,0,14,14,0,0,0,368,0,0,870150144,0.000000,0.000352,24.096416,0.00,2,5,10,18,16,24,26,14,29,32,36,34,43,43,36,0,0,0,0.0015,0.0712,0.0891,0.0061,0.0309,0.0989,0.0584,9.5846,0.0903,0.0000,1.2294,0.0044,0.0001,0.7133,0.0082,0.0058,0.0002
1977,24.5034,0.0583,12.0223,6.4913,,true,0,0.008333,0.0000,0.0000,1.00,0.00,0.0000,22,1,368,368,0,0,100,0,14,14,0,0,0,368,0,0,870150144,0.000000,0.000352,24.096416,0.00,2,5,10,18,16,24,26,14,29,32,36,34,43,43,36,0,0,0,0.0016,0.0946,0.0745,0.0044,0.0223,0.0693,0.0588,6.4913,0.0774,0.0000,1.1093,0.0041,0.0001,0.6493,0.0080,0.0058,0.0002
1978,24.5185,0.0583,13.0544,7.8119,,true,0,0.008333,0.0000,0.0000,1.00,0.00,0.0000,22,1,368,368,0,0,100,0,14,14,0,0,0,368,0,0,870150144,0.000000,0.000352,24.096416,0.00,2,5,10,18,16,24,26,14,29,32,36,34,43,43,36,0,0,0,0.0018,0.0709,0.0826,0.0056,0.0344,0.1186,0.0760,7.8119,0.0749,0.0000,1.1890,0.0042,0.0001,0.6787,0.0090,0.0064,0.0002
1979,24.5302,0.0583,12.6976,7.4543,,true,0,0.008333,0.0000,0.0000,1.00,0.00,0.0000,22,1,368,368,0,0,100,0,14,14,0,0,0,368,0,0,870150144,0.000000,0.000352,24.096416,0.00,2,5,10,18,16,24,26,14,29,32,36,34,43,43,36,0,0,0,0.0017,0.0597,0.0804,0.0120,0.0381,0.1047,0.0578,7.4543,0.0752,0.0000,1.2044,0.0051,0.0001,0.6835,0.0104,0.0060,0.0002
1980,24.5418,0.0583,12.5115,6.5671,,true,0,0.008333,0.0000,0.0000,1.00,0.00,0.0000,22,1,368,368,0,0,100,0,14,14,0,0,0,368,0,0,870150144,0.000000,0.000352,24.096416,0.00,2,5,10,18,16,24,26,14,29,32,36,34,43,43,36,0,0,0,0.0020,0.0662,0.1008,0.0039,0.0297,0.0810,0.0567,6.5671,0.0862,0.0000,1.1079,0.0030,0.0002,0.5741,0.0212,0.0066,0.0002
1981,24.5534,0.0583,12.5906,5.8298,,true,0,0.008333,0.0000,0.0000,1.00,0.00,0.0000,22,1,368,368,0,0,100,0,14,14,0,0,0,368,0,0,870150144,0.000000,0.000352,24.096416,0.00,2,5,10,18,16,24,26,14,29,32,36,34,43,43,36,0,0,0,0.0013,0.0562,0.0698,0.0043,0.0239,0.0761,0.0522,5.8298,0.0622,0.0000,0.8680,0.0033,0.0001,0.4900,0.0069,0.0037,0.0001
1982,24.5677,0.0583,12.6839,7.2023,,true,0,0.008333,0.0000,0.0000,1.00,0.00,0.0000,22,1,368,368,0,0,100,0,14,14,0,0,0,368,0,0,870150144,0.000000,0.000352,24.096416,0.00,2,5,10,18,16,24,26,14,29,32,36,34,43,43,36,0,0,0,0.0032,0.0555,0.0758,0.0040,0.0226,0.0780,0.0561,7.2023,0.0761,0.0000,1.1554,0.0047,0.0001,0.6702,0.0074,0.0055,0.0002
1983,24.5798,0.0583,12.4605,6.6385,,true,0,0.008333,0.0000,0.0000,1.00,0.00,0.0000,22,1,368,368,0,0,100,0,14,14,0,0,0,368,0,0,870150144,0.000000,0.000352,24.096416,0.00,2,5,10,18,16,24,26,14,29,32,36,34,43,43,36,0,0,0,0.0016,0.0542,0.0864,0.0045,0.0306,0.0664,0.0539,6.6385,0.0653,0.0000,1.0998,0.0046,0.0001,0.6552,0.0079,0.0056,0.0002
1984,24.5896,0.0583,10.9020,5.8339,,true,0,0.008333,0.0000,0.0000,1.00,0.00,0.0000,22,1,368,368,0,0,100,0,14,14,0,0,0,368,0,0,870150144,0.000000,0.000352,24.096416,0.00,2,5,10,18,16,24,26,14,29,32,36,34,43,43,36,0,0,0,0.0009,0.0737,0.0563,0.0046,0.0187,0.0721,0.0564,5.8339,0.0637,0.0000,0.8639,0.0041,0.0001,0.4831,0.0064,0.0043,0.0001
1985,24.6004,0.0583,11.5612,5.2634,,true,0,0.008333,0.0000,0.0000,1.00,0.00,0.0000,22,1,368,368,0,0,100,0,14,14,0,0,0,368,0,0,870150144,0.000000,0.000352,24.096416,0.00,2,5,10,18,16,24,26,14,29,32,36,34,43,43,36,0,0,0,0.0014,0.0478,0.0676,0.0037,0.0187,0.0593,0.0551,5.2634,0.0550,0.0000,1.0830,0.0038,0.0001,0.6375,0.0083,0.0035,0.0002
1986,24.6129,0.0583,11.2389,6.2841,,true,0,0.008333,0.0000,0.0000,1.00,0.00,0.0000,22,1,368,368,0,0,100,0,14,14,0,0,0,368,0,0,870150144,0.000000,0.000352,24.096416,0.00,2,5,10,18,16,24,26,14,29,32,36,34,43,43,36,0,0,0,0.0017,0.0574,0.0805,0.0050,0.0272,0.1008,0.0553,6.2841,0.0756,0.0000,1.1783,0.0054,0.0001,0.6827,0.0089,0.0057,0.0002
1987,24.6259,0.0583,12.1442,7.0022,,true,0,0.008333,0.0000,0.0000,1.00,0.00,0.0000,22,1,368,368,0,0,100,0,14,14,0,0,0,368,0,0,870150144,0.000000,0.000352,24.096416,0.00,2,5,10,18,16,24,26,14,29,32,36,34,43,43,36,0,0,0,0.0014,0.0533,0.0692,0.0047,0.0247,0.0869,0.0451,7.0022,0.0707,0.0000,0.8719,0.0037,0.0001,0.5001,0.0072,0.0051,0.0001
1988,24.6363,0.0583,11.8580,5.6113,,true,0,0.008333,0.0000,0.0000,1.00,0.00,0.0000,22,1,368,368,0,0,100,0,14,14,0,0,0,368,0,0,870150144,0.000000,0.000352,24.096416,0.00,2,5,10,18,16,24,26,14,29,32,36,34,43,43,36,0,0,0,0.0010,0.0478,0.0645,0.0042,0.0224,0.0675,0.0437,5.6113,0.0559,0.0000,0.8843,0.0029,0.0001,0.5173,0.0084,0.0051,0.0001
1989,24.6535,0.0583,12.4164,9.9604,,true,0,0.008333,0.0000,0.0000,1.00,0.00,0.0000,22,1,368,368,0,0,100,0,14,14,0,0,0,368,0,0,870150144,0.000000,0.000352,24.096416,0.00,2,5,10,18,16,24,26,14,29,32,36,34,43,43,36,0,0,0,0.0012,0.0730,0.0793,0.0050,0.0332,0.0867,0.0493,9.9604,0.0860,0.0000,1.1797,0.0045,0.0002,0.6871,0.0094,0.0070,0.0002
1990,24.6679,0.0583,15.4929,9.2657,,true,0,0.008333,0.0000,0.0000,1.00,0.00,0.0000,22,1,368,368,0,0,100,0,14,14,0,0,0,368,0,0,870150144,0.000000,0.000352,24.096416,0.00,2,5,10,18,16,24,26,14,29,32,36,34,43,43,36,0,0,0,0.0016,0.0625,0.0846,0.0045,0.0207,0.0684,0.0595,9.2657,0.0820,0.0000,1.1838,0.0050,0.0001,0.6801,0.0091,0.0054,0.0002
1991,24.6798,0.0583,13.2658,7.2608,,true,0,0.008333,0.0000,0.0000,1.00,0.00,0.0000,22,1,368,368,0,0,100,0,14,14,0,0,0,368,0,0,870150144,0.000000,0.000352,24.096416,0.00,2,5,10,18,16,24,26,14,29,32,36,34,43,43,36,0,0,0,0.0020,0.0671,0.0855,0.0067,0.0295,0.0789,0.0656,7.2608,0.0682,0.0000,1.1535,0.0046,0.0001,0.6656,0.0093,0.0070,0.0002
1992,24.6911,0.0583,11.7456,7.3086,,true,1,0.008333,0.0000,0.0083,1.00,0.00,0.0000,22,1,368,368,0,0,100,0,14,14,0,0,0,368,0,0,870150144,0.000000,0.000352,24.401940,0.00,2,5,10,18,16,24,26,14,29,32,36,34,43,43,36,0,0,0,0.0016,0.0643,0.1005,0.0051,0.0227,0.2726,0.0709,7.3086,0.0674,0.0000,1.2107,0.0048,0.0001,0.6802,0.0116,0.0165,0.0002
1993,24.7024,0.0583,12.7161,6.1613,,true,0,0.008333,0.0000,0.0000,1.00,0.00,0.0000,22,1,368,368,0,0,100,0,14,14,0,0,0,368,0,0,870150144,0.000000,0.000352,24.401940,0.00,2,5,10,18,16,24,26,14,29,32,36,34,43,43,36,0,0,0,0.0012,0.0493,0.0604,0.0041,0.0247,0.0788,0.0502,6.1613,0.0654,0.0000,0.8994,0.0040,0.0001,0.5337,0.0062,0.0048,0.0002
1994,24.7137,0.0583,11.1393,6.1996,,true,0,0.008333,0.0000,0.0000,1.00,0.00,0.0000,22,1,368,368,0,0,100,0,14,14,0,0,0,368,0,0,870150144,0.000000,0.000352,24.401940,0.00,2,5,10,18,16,24,26,14,29,32,36,34,43,43,36,0,0,0,0.0014,0.0605,0.0750,0.0047,0.0329,0.0681,0.0628,6.1996,0.0787,0.0000,1.1252,0.0045,0.0001,0.6399,0.0075,0.0046,0.0002
1995,24.7263,0.0583,11.6778,7.1868,,true,0,0.008333,0.0000,0.0000,1.00,0.00,0.0000,22,1,368,368,0,0,100,0,14,14,0,0,0,368,0,0,870150144,0.000000,0.000352,24.401940,0.00,2,5,10,18,16,24,26,14,29,32,36,34,43,43,36,0,0,0,0.0106,0.1000,0.0828,0.0043,0.0161,0.0542,0.0629,7.1868,0.0972,0.0000,1.1564,0.0032,0.0001,0.6894,0.0077,0.0040,0.0002
1996,24.7371,0.0583,12.0755,5.9114,,true,0,0.008333,0.0000,0.0000,1.00,0.00,0.0000,22,1,368,368,0,0,100,0,14,14,0,0,0,368,0,0,870150144,0.000000,0.000352,24.401940,0.00,2,5,10,18,16,24,26,14,29,32,36,34,43,43,36,0,0,0,0.0015,0.0600,0.0782,0.0037,0.0164,0.0849,0.0575,5.9114,0.0777,0.0000,1.1192,0.0042,0.0002,0.6540,0.0074,0.0045,0.0002
1997,24.7499,0.0583,12.0470,6.5832,,true,0,0.008333,0.0000,0.0000,1.00,0.00,0.0000,22,1,368,368,0,0,100,0,14,14,0,0,0,368,0,0,870150144,0.000000,0.000352,24.401940,0.00,2,5,10,18,16,24,26,14,29,32,36,34,43,43,36,0,0,0,0.0016,0.0405,0.0621,0.0038,0.0161,0.0592,0.0413,6.5832,0.0832,0.0000,0.8542,0.0035,0.0001,0.5003,0.0070,0.0058,0.0001
1998,24.7606,0.0583,11.5496,5.8923,,true,0,0.008333,0.0000,0.0000,1.00,0.00,0.0000,22,1,368,368,0,0,100,0,14,14,0,0,0,368,0,0,870150144,0.000000,0.000352,24.401940,0.00,2,5,10,18,16,24,26,14,29,32,36,34,43,43,36,0,0,0,0.0014,0.0430,0.0664,0.0040,0.0186,0.0676,0.0694,5.8923,0.0709,0.0000,1.1282,0.0033,0.0001,0.6936,0.0061,0.0039,0.0002
1999,24.7715,0.0583,10.6213,6.1190,,true,0,0.008333,0.0000,0.0000,1.00,0.00,0.0000,22,1,368,368,0,0,100,0,14,14,0,0,0,368,0,0,870150144,0.000000,0.000352,24.401940,0.00,2,5,10,18,16,24,26,14,29,32,36,34,43,43,36,0,0,0,0.0018,0.0539,0.0735,0.0051,0.0221,0.0980,0.0536,6.1190,0.0645,0.0000,1.1344,0.0050,0.0001,0.6500,0.0101,0.0057,0.0002
2000,24.7842,0.0583,12.4800,6.1832,,true,0,0.008333,0.0000,0.0000,1.00,0.00,0.0000,22,1,368,368,0,0,100,0,14,14,0,0,0,368,0,0,870150144,0.000000,0.000352,24.401940,0.00,2,5,10,18,16,24,26,14,29,32,36,34,43,43,36,0,0,0,0.0029,0.0471,0.0569,0.0051,0.0335,0.0809,0.0437,6.1832,0.0521,0.0000,0.8468,0.0044,0.0001,0.4903,0.0064,0.0053,0.0002
2001,24.7964,0.0583,12.1537,6.1648,,true,0,0.008333,0.0000,0.0000,1.00,0.00,0.0000,22,1,368,368,0,0,100,0,14,14,0,0,0,368,0,0,870150144,0.000000,0.000352,24.401940,0.00,2,5,10,18,16,24,26,14,29,32,36,34,43,43,36,0,0,0,0.0020,0.0608,0.0791,0.0052,0.0233,0.0850,0.0602,6.1648,0.0759,0.0000,1.1590,0.0041,0.0001,0.6592,0.0083,0.0048,0.0002
2002,24.8082,0.0583,11.8997,6.3890,,true,0,0.008333,0.0000,0.0000,1.00,0.00,0.0000,22,1,368,368,0,0,100,0,14,14,0,0,0,368,0,0,870150144,0.000000,0.000352,24.401940,0.00,2,5,10,18,16,24,26,14,29,32,36,34,43,43,36,0,0,0,0.0016,0.0577,0.0765,0.0040,0.0204,0.0748,0.0599,6.3890,0.0713,0.0000,1.1592,0.0027,0.0001,0.6914,0.0065,0.0047,0.0002
2003,24.8222,0.0583,12.5380,7.5914,,true,0,0.008333,0.0000,0.0000,1.00,0.00,0.0000,22,1,368,368,0,0,100,0,14,14,0,0,0,368,0,0,870150144,0.000000,0.000352,24.401940,0.00,2,5,10,18,16,24,26,14,29,32,36,34,43,43,36,0,0,0,0.0018,0.0591,0.0703,0.0022,0.0170,0.0739,0.0686,7.5914,0.0474,0.0000,1.1655,0.0051,0.0001,0.6663,0.0184,0.0054,0.0002
2004,24.8322,0.0583,10.8934,6.8175,,true,0,0.008333,0.0000,0.0000,1.00,0.00,0.0000,22,1,368,368,0,0,100,0,14,14,0,0,0,368,0,0,870150144,0.000000,0.000352,24.401940,0.00,2,5,10,18,16,24,26,14,29,32,36,34,43,43,36,0,0,0,0.0025,0.0882,0.0654,0.0045,0.0285,0.0813,0.0773,6.8175,0.0747,0.0000,0.9854,0.0043,0.0001,0.4908,0.0084,0.0038,0.0002
2005,24.8441,0.0583,12.3678,6.4051,,true,0,0.008333,0.0000,0.0000,1.00,0.00,0.0000,22,1,368,368,0,0,100,0,14,14,0,0,0,368,0,0,870150144,0.000000,0.000352,24.401940,0.00,2,5,10,18,16,24,26,14,29,32,36,34,43,43,36,0,0,0,0.0011,0.0309,0.0532,0.0029,0.0131,0.0783,0.0420,6.4051,0.0520,0.0000,0.8071,0.0030,0.0001,0.4731,0.0077,0.0029,0.0001
2006,24.8565,0.0583,11.7610,6.8280,,true,0,0.008333,0.0000,0.0000,1.00,0.00,0.0000,22,1,368,368,0,0,100,0,14,14,0,0,0,368,0,0,870150144,0.000000,0.000352,24.401940,0.00,2,5,10,18,16,24,26,14,29,32,36,34,43,43,36,0,0,0,0.0014,0.0710,0.0780,0.0053,0.0245,0.0812,0.0549,6.8280,0.0876,0.0000,1.0903,0.0030,0.0001,0.6420,0.0069,0.0056,0.0002
2007,24.8666,0.0583,11.4944,5.7642,,true,0,0.008333,0.0000,0.0000,1.00,0.00,0.0000,22,1,368,368,0,0,100,0,14,14,0,0,0,368,0,0,870150144,0.000000,0.000352,24.401940,0.00,2,5,10,18,16,24,26,14,29,32,36,34,43,43,36,0,0,0,0.0014,0.0502,0.0788,0.0046,0.0186,0.0712,0.0561,5.7642,0.0769,0.0000,1.1102,0.0038,0.0001,0.6427,0.0079,0.0051,0.0002
2008,24.8782,0.0583,11.8241,5.6025,,true,0,0.008333,0.0000,0.0000,1.00,0.00,0.0000,22,1,368,368,0,0,100,0,14,14,0,0,0,368,0,0,870150144,0.000000,0.000352,24.401940,0.00,2,5,10,18,16,24,26,14,29,32,36,34,43,43,36,0,0,0,0.0013,0.0637,0.1129,0.0043,0.0194,0.0847,0.0522,5.6025,0.0679,0.0000,1.1218,0.0041,0.0001,0.6427,0.0068,0.0051,0.0002
2009,24.8909,0.0583,11.4569,6.5109,,true,0,0.008333,0.0000,0.0000,1.00,0.00,0.0000,22,1,368,368,0,0,100,0,14,14,0,0,0,368,0,0,870150144,0.000000,0.000352,24.401940,0.00,2,5,10,18,16,24,26,14,29,32,36,34,43,43,36,0,0,0,0.0020,0.0693,0.0666,0.0052,0.0266,0.0738,0.0456,6.5109,0.0898,0.0000,0.9284,0.0041,0.0001,0.5155,0.0082,0.0067,0.0001
2010,24.9039,0.0583,12.0937,7.4645,,true,0,0.008333,0.0000,0.0000,1.00,0.00,0.0000,22,1,368,368,0,0,100,0,14,14,0,0,0,368,0,0,870150144,0.000000,0.000352,24.401940,0.00,2,5,10,18,16,24,26,14,29,32,36,34,43,43,36,0,0,0,0.0015,0.0561,0.0853,0.0056,0.0207,0.0681,0.0555,7.4645,0.0647,0.0000,1.1140,0.0033,0.0001,0.6495,0.0058,0.0036,0.0002
2011,24.9160,0.0583,12.3887,7.1029,,true,0,0.008333,0.0000,0.0000,1.00,0.00,0.0000,22,1,368,368,0,0,100,0,14,14,0,0,0,368,0,0,870150144,0.000000,0.000352,24.401940,0.00,2,5,10,18,16,24,26,14,29,32,36,34,43,43,36,0,0,0,0.0017,0.0606,0.0793,0.0050,0.0301,0.0865,0.0634,7.1029,0.0680,0.0000,1.1840,0.0025,0.0001,0.7037,0.0182,0.0031,0.0002
2012,24.9273,0.0583,11.6434,6.9519,,true,0,0.008333,0.0000,0.0000,1.00,0.00,0.0000,22,1,368,368,0,0,100,0,14,14,0,0,0,368,0,0,870150144,0.000000,0.000352,24.401940,0.00,2,5,10,18,16,24,26,14,29,32,36,34,43,43,36,0,0,0,0.0022,0.0647,0.1168,0.0057,0.0272,0.0917,0.0555,6.9519,0.0838,0.0000,1.1211,0.0040,0.0001,0.6536,0.0073,0.0051,0.0002
2013,24.9393,0.0583,13.2781,5.7121,,true,0,0.008333,0.0000,0.0000,1.00,0.00,0.0000,22,1,368,368,0,0,100,0,14,14,0,0,0,368,0,0,870150144,0.000000,0.000352,24.401940,0.00,2,5,10,18,16,24,26,14,29,32,36,34,43,43,36,0,0,0,0.0015,0.0471,0.0649,0.0040,0.0213,0.0986,0.0570,5.7121,0.0677,0.0000,0.8345,0.0044,0.0001,0.4711,0.0079,0.0054,0.0001
2014,24.9506,0.0583,11.2840,5.5974,,true,0,0.008333,0.0000,0.0000,1.00,0.00,0.0000,22,1,368,368,0,0,100,0,14,14,0,0,0,368,0,0,870150144,0.000000,0.000352,24.401940,0.00,2,5,10,18,16,24,26,14,29,32,36,34,43,43,36,0,0,0,0.0017,0.0306,0.0650,0.0037,0.0185,0.0610,0.0431,5.5974,0.0519,0.0000,0.8114,0.0021,0.0001,0.4779,0.0059,0.0039,0.0002
2015,24.9622,0.0583,11.5639,5.8348,,true,0,0.008333,0.0000,0.0000,1.00,0.00,0.0000,22,1,368,368,0,0,100,0,14,14,0,0,0,368,0,0,870150144,0.000000,0.000352,24.401940,0.00,2,5,10,18,16,24,26,14,29,32,36,34,43,43,36,0,0,0,0.0017,0.0537,0.0707,0.0038,0.0210,0.0736,0.0530,5.8348,0.0695,0.0000,1.0936,0.0038,0.0002,0.6458,0.0065,0.0049,0.0002
2016,24.9739,0.0583,11.2449,6.0213,,true,0,0.008333,0.0000,0.0000,1.00,0.00,0.0000,22,1,368,368,0,0,100,0,14,14,0,0,0,368,0,0,870150144,0.000000,0.000352,24.401940,0.00,2,5,10,18,16,24,26,14,29,32,36,34,43,43,36,0,0,0,0.0016,0.0543,0.0771,0.0050,0.0262,0.0718,0.0663,6.0213,0.0772,0.0000,1.1191,0.0035,0.0002,0.6761,0.0078,0.0056,0.0002
2017,24.9849,0.0583,11.4081,5.9101,,true,0,0.008333,0.0000,0.0000,1.00,0.00,0.0000,22,1,368,368,0,0,100,0,14,14,0,0,0,368,0,0,870150144,0.000000,0.000352,24.401940,0.00,2,5,10,18,16,24,26,14,29,32,36,34,43,43,36,0,0,0,0.0014,0.0573,0.0746,0.0042,0.0196,0.0753,0.0537,5.9101,0.0980,0.0000,1.1276,0.0038,0.0001,0.6774,0.0079,0.0058,0.0002
2018,24.9972,0.0583,11.9273,6.2598,,true,1,0.008333,0.0000,0.0083,1.00,0.00,0.0000,22,1,368,368,0,0,100,0,14,14,0,0,0,368,0,0,870150144,0.000000,0.000352,24.708052,0.00,2,5,10,18,16,24,26,14,29,32,36,34,43,43,36,0,0,0,0.0015,0.0574,0.0659,0.0050,0.0229,0.3092,0.0550,6.2598,0.0800,0.0000,1.0914,0.0037,0.0001,0.6413,0.0075,0.0053,0.0002
2019,25.0087,0.0583,11.2947,6.3262,,true,0,0.008333,0.0000,0.0000,1.00,0.00,0.0000,22,1,368,368,0,0,100,0,14,14,0,0,0,368,0,0,870150144,0.000000,0.000352,24.708052,0.00,2,5,10,18,16,24,26,14,29,32,36,34,43,43,36,0,0,0,0.0015,0.0651,0.0765,0.0050,0.0217,0.0628,0.0514,6.3262,0.0772,0.0000,1.1030,0.0039,0.0002,0.6473,0.0093,0.0050,0.0002
2020,25.0225,0.0583,12.2700,7.7012,,true,0,0.008333,0.0000,0.0000,1.00,0.00,0.0000,22,1,368,368,0,0,100,0,14,14,0,0,0,368,0,0,870150144,0.000000,0.000352,24.708052,0.00,2,5,10,18,16,24,26,14,29,32,36,34,43,43,36,0,0,0,0.0018,0.0638,0.0834,0.0050,0.0253,0.0898,0.0566,7.7012,0.1001,0.0000,1.1837,0.0048,0.0001,0.6614,0.0104,0.0068,0.0002
2021,25.0349,0.0583,13.6329,6.3201,,true,0,0.008333,0.0000,0.0000,1.00,0.00,0.0000,22,1,368,368,0,0,100,0,14,14,0,0,0,368,0,0,870150144,0.000000,0.000352,24.708052,0.00,2,5,10,18,16,24,26,14,29,32,36,34,43,43,36,0,0,0,0.0016,0.0581,0.0582,0.0036,0.0199,0.0730,0.0597,6.3201,0.0704,0.0000,0.8783,0.0040,0.0001,0.4958,0.0077,0.0052,0.0002
2022,25.0459,0.0583,11.5267,6.0619,,true,0,0.008333,0.0000,0.0000,1.00,0.00,0.0000,22,1,368,368,0,0,100,0,14,14,0,0,0,368,0,0,870150144,0.000000,0.000352,24.708052,0.00,2,5,10,18,16,24,26,14,29,32,36,34,43,43,36,0,0,0,0.0017,0.0493,0.0689,0.0044,0.0210,0.0611,0.0568,6.0619,0.0602,0.0000,1.1439,0.0028,0.0001,0.6996,0.0059,0.0035,0.0002
2023,25.0592,0.0583,12.5147,6.7982,,true,0,0.008333,0.0000,0.0000,1.00,0.00,0.0000,22,1,368,368,0,0,100,0,14,14,0,0,0,368,0,0,870150144,0.000000,0.000352,24.708052,0.00,2,5,10,18,16,24,26,14,29,32,36,34,43,43,36,0,0,0,0.0015,0.0573,0.0817,0.0051,0.0249,0.0784,0.0619,6.7982,0.0565,0.0000,1.1481,0.0040,0.0001,0.6563,0.0057,0.0039,0.0002
2024,25.0708,0.0583,11.3005,7.0760,,true,0,0.008333,0.0000,0.0000,1.00,0.00,0.0000,22,1,368,368,0,0,100,0,14,14,0,0,0,368,0,0,870150144,0.000000,0.000352,24.708052,0.00,2,5,10,18,16,24,26,14,29,32,36,34,43,43,36,0,0,0,0.0014,0.0545,0.1033,0.0037,0.0612,0.0781,0.0674,7.0760,0.0705,0.0000,1.2153,0.0027,0.0002,0.7183,0.0099,0.0027,0.0002
2025,25.0808,0.0583,11.7262,5.5281,,true,0,0.008333,0.0000,0.0000,1.00,0.00,0.0000,22,1,368,368,0,0,100,0,14,14,0,0,0,368,0,0,870150144,0.000000,0.000352,24.708052,0.00,2,5,10,18,16,24,26,14,29,32,36,34,43,43,36,0,0,0,0.0043,0.0419,0.0583,0.0034,0.0162,0.0563,0.0425,5.5281,0.0715,0.0000,0.8503,0.0032,0.0001,0.4898,0.0065,0.0053,0.0003
2026,25.1106,0.0583,10.8417,24.2320,,true,0,0.008333,0.0000,0.0000,1.00,0.00,0.0000,22,1,368,368,0,0,100,0,14,14,0,0,0,368,0,0,870150144,0.000000,0.000352,24.708052,0.00,2,5,10,18,16,24,26,14,29,32,36,34,43,43,36,0,0,0,0.0017,0.0546,0.0577,0.0044,0.0282,0.1064,0.0589,24.2320,0.0439,0.0000,18.5651,0.0085,1.3017,0.4733,0.0140,0.0065,16.3012
2027,25.1178,0.0583,11.7712,5.7616,,true,0,0.008333,0.0000,0.0000,1.00,0.00,0.0000,22,1,368,368,0,0,100,0,14,14,0,0,0,368,0,0,870150144,0.000000,0.000352,24.708052,0.00,2,5,10,18,16,24,26,14,29,32,36,34,43,43,36,0,0,0,0.0027,0.0389,0.0970,0.0041,0.0185,0.0616,0.0569,5.7616,0.0381,0.0000,0.7694,0.0010,0.0001,0.4619,0.0044,0.0012,0.0002
2028,25.1265,0.0583,22.1447,6.5771,,true,0,0.008333,0.0000,0.0000,1.00,0.00,0.0000,22,1,368,368,0,0,100,0,14,14,0,0,0,368,0,0,870150144,0.000000,0.000352,24.708052,0.00,2,5,10,18,16,24,26,14,29,32,36,34,43,43,36,0,0,0,0.0011,0.0833,0.0647,0.0032,0.0173,0.0625,0.0670,6.5771,0.0703,0.0000,1.3745,0.0050,0.0002,0.7044,0.0093,0.0067,0.0002
2029,25.1358,0.0583,8.0937,7.2050,,true,0,0.008333,0.0000,0.0000,1.00,0.00,0.0000,22,1,368,368,0,0,100,0,14,14,0,0,0,368,0,0,870150144,0.000000,0.000352,24.708052,0.00,2,5,10,18,16,24,26,14,29,32,36,34,43,43,36,0,0,0,0.0028,0.0821,0.0740,0.0051,0.0258,0.0745,0.0462,7.2050,0.0421,0.0000,1.3057,0.0068,0.0002,0.6591,0.0127,0.0063,0.0004
2030,25.1435,0.0583,8.2359,6.6064,,true,0,0.008333,0.0000,0.0000,1.00,0.00,0.0000,22,1,368,368,0,0,100,0,14,14,0,0,0,368,0,0,870150144,0.000000,0.000352,24.708052,0.00,2,5,10,18,16,24,26,14,29,32,36,34,43,43,36,0,0,0,0.0013,0.0529,0.0634,0.0050,0.0215,0.0706,0.0675,6.6064,0.0687,0.0000,0.9439,0.0029,0.0001,0.5104,0.0075,0.0044,0.0004
2031,25.1524,0.0583,9.8076,6.0932,,true,0,0.008333,0.0000,0.0000,1.00,0.00,0.0000,22,1,368,368,0,0,100,0,14,14,0,0,0,368,0,0,870150144,0.000000,0.000352,24.708052,0.00,2,5,10,18,16,24,26,14,29,32,36,34,43,43,36,0,0,0,0.0016,0.0571,0.0682,0.0044,0.0213,0.0790,0.0594,6.0932,0.0916,0.0000,1.1219,0.0041,0.0002,0.6755,0.0069,0.0059,0.0002
2032,25.1636,0.0583,11.3248,6.1222,,true,0,0.008333,0.0000,0.0000,1.00,0.00,0.0000,22,1,368,368,0,0,100,0,14,14,0,0,0,368,0,0,870150144,0.000000,0.000352,24.708052,0.00,2,5,10,18,16,24,26,14,29,32,36,34,43,43,36,0,0,0,0.0033,0.0596,0.0775,0.0041,0.0219,0.0697,0.0610,6.1222,0.0826,0.0000,1.1334,0.0046,0.0001,0.6725,0.0074,0.0042,0.0002
2033,25.1759,0.0583,11.0765,7.0373,,true,0,0.008333,0.0000,0.0000,1.00,0.00,0.0000,22,1,368,368,0,0,100,0,14,14,0,0,0,368,0,0,870150144,0.000000,0.000352,24.708052,0.00,2,5,10,18,16,24,26,14,29,32,36,34,43,43,36,0,0,0,0.0020,0.0582,0.0814,0.0033,0.0252,0.0819,0.0675,7.0373,0.0828,0.0000,1.1487,0.0043,0.0002,0.6773,0.0079,0.0055,0.0002
2034,25.1864,0.0583,11.9730,5.8731,,true,0,0.008333,0.0000,0.0000,1.00,0.00,0.0000,22,1,368,368,0,0,100,0,14,14,0,0,0,368,0,0,870150144,0.000000,0.000352,24.708052,0.00,2,5,10,18,16,24,26,14,29,32,36,34,43,43,36,0,0,0,0.0070,0.0496,0.0613,0.0038,0.0174,0.0794,0.0445,5.8731,0.0699,0.0000,0.8567,0.0044,0.0001,0.4940,0.0074,0.0053,0.0001
2035,25.1983,0.0583,12.0458,5.6785,,true,0,0.008333,0.0000,0.0000,1.00,0.00,0.0000,22,1,368,368,0,0,100,0,14,14,0,0,0,368,0,0,870150144,0.000000,0.000352,24.708052,0.00,2,5,10,18,16,24,26,14,29,32,36,34,43,43,36,0,0,0,0.0070,0.0420,0.0623,0.0039,0.0166,0.0490,0.0441,5.6785,0.0454,0.0000,0.8213,0.0024,0.0001,0.4704,0.0052,0.0033,0.0002
2036,25.2096,0.0583,10.9137,5.8903,,true,0,0.008333,0.0000,0.0000,1.00,0.00,0.0000,22,1,368,368,0,0,100,0,14,14,0,0,0,368,0,0,870150144,0.000000,0.000352,24.708052,0.00,2,5,10,18,16,24,26,14,29,32,36,34,43,43,36,0,0,0,0.0009,0.0378,0.0569,0.0056,0.0193,0.0648,0.0602,5.8903,0.0606,0.0000,0.9442,0.0046,0.0001,0.5842,0.0069,0.0054,0.0001
2037,25.2216,0.0583,12.3863,5.8918,,true,0,0.008333,0.0000,0.0000,1.00,0.00,0.0000,22,1,368,368,0,0,100,0,14,14,0,0,0,368,0,0,870150144,0.000000,0.000352,24.708052,0.00,2,5,10,18,16,24,26,14,29,32,36,34,43,43,36,0,0,0,0.0018,0.0696,0.0732,0.0045,0.0215,0.0631,0.0683,5.8918,0.0658,0.0000,1.1160,0.0049,0.0001,0.6396,0.0095,0.0058,0.0002
2038,25.2340,0.0583,11.9546,5.9419,,true,0,0.008333,0.0000,0.0000,1.00,0.00,0.0000,22,1,368,368,0,0,100,0,14,14,0,0,0,368,0,0,870150144,0.000000,0.000352,24.708052,0.00,2,5,10,18,16,24,26,14,29,32,36,34,43,43,36,0,0,0,0.0043,0.0409,0.0638,0.0045,0.0224,0.0724,0.0477,5.9419,0.0747,0.0000,0.8700,0.0037,0.0001,0.5169,0.0087,0.0052,0.0001
2039,25.2464,0.0583,11.3733,7.1649,,true,0,0.008333,0.0000,0.0000,1.00,0.00,0.0000,22,1,368,368,0,0,100,0,14,14,0,0,0,368,0,0,870150144,0.000000,0.000352,24.708052,0.00,2,5,10,18,16,24,26,14,29,32,36,34,43,43,36,0,0,0,0.0017,0.0513,0.1126,0.0046,0.0293,0.0680,0.0561,7.1649,0.0780,0.0000,1.3317,0.0030,0.0002,0.8704,0.0071,0.0039,0.0002
2040,25.2594,0.0583,12.9064,7.0457,,true,0,0.008333,0.0000,0.0000,1.00,0.00,0.0000,22,1,368,368,0,0,100,0,14,14,0,0,0,368,0,0,870150144,0.000000,0.000352,24.708052,0.00,2,5,10,18,16,24,26,14,29,32,36,34,43,43,36,0,0,0,0.0011,0.0618,0.0663,0.0055,0.0261,0.0827,0.0465,7.0457,0.0589,0.0000,0.9130,0.0057,0.0001,0.4909,0.0101,0.0052,0.0002
2041,25.2709,0.0583,11.6826,6.9899,,true,0,0.008333,0.0000,0.0000,1.00,0.00,0.0000,22,1,368,368,0,0,100,0,14,14,0,0,0,368,0,0,870150144,0.000000,0.000352,24.708052,0.00,2,5,10,18,16,24,26,14,29,32,36,34,43,43,36,0,0,0,0.0014,0.0553,0.1149,0.0048,0.0250,0.0685,0.0773,6.9899,0.0887,0.0000,1.1206,0.0049,0.0001,0.6623,0.0077,0.0041,0.0002
2042,25.2834,0.0583,12.9227,6.6207,,true,0,0.008333,0.0000,0.0000,1.00,0.00,0.0000,22,1,368,368,0,0,100,0,14,14,0,0,0,368,0,0,870150144,0.000000,0.000352,24.708052,0.00,2,5,10,18,16,24,26,14,29,32,36,34,43,43,36,0,0,0,0.0022,0.0639,0.0872,0.0032,0.0230,0.0689,0.0590,6.6207,0.0946,0.0000,1.1339,0.0042,0.0001,0.6616,0.0068,0.0053,0.0002
2043,25.2947,0.0583,11.6827,6.2654,,true,1,0.008333,0.0000,0.0083,1.00,0.00,0.0000,22,1,368,368,0,0,100,0,14,14,0,0,0,368,0,0,870150144,0.000000,0.000352,25.014201,0.00,2,5,10,18,16,24,26,14,29,32,36,34,43,43,36,0,0,0,0.0013,0.0447,0.0609,0.0030,0.0215,0.2228,0.0453,6.2654,0.0648,0.0000,0.8855,0.0036,0.0001,0.4872,0.0089,0.0044,0.0002
2044,25.3076,0.0583,11.3390,7.8354,,true,0,0.008333,0.0000,0.0000,1.00,0.00,0.0000,22,1,368,368,0,0,100,0,14,14,0,0,0,368,0,0,870150144,0.000000,0.000352,25.014201,0.00,2,5,10,18,16,24,26,14,29,32,36,34,43,43,36,0,0,0,0.0031,0.0545,0.0783,0.0050,0.0214,0.0766,0.0647,7.8354,0.0618,0.0000,1.1702,0.0035,0.0001,0.6970,0.0133,0.0047,0.0002
2045,25.3202,0.0583,12.9735,7.2616,,true,0,0.008333,0.0000,0.0000,1.00,0.00,0.0000,22,1,368,368,0,0,100,0,14,14,0,0,0,368,0,0,870277120,0.000000,0.000352,25.014201,0.00,2,5,10,18,16,24,26,14,29,32,36,34,43,43,36,0,0,0,0.0020,0.0626,0.0629,0.0043,0.0200,0.0731,0.0705,7.2616,0.0450,0.0000,1.1086,0.0042,0.0001,0.6380,0.0097,0.0047,0.0002
2046,25.3281,0.0583,9.8425,5.8396,,true,0,0.008333,0.0000,0.0000,1.00,0.00,0.0000,22,1,368,368,0,0,100,0,14,14,0,0,0,368,0,0,870277120,0.000000,0.000352,25.014201,0.00,2,5,10,18,16,24,26,14,29,32,36,34,43,43,36,0,0,0,0.0025,0.0513,0.0641,0.0045,0.0173,0.0805,0.0533,5.8396,0.0753,0.0000,1.1496,0.0036,0.0001,0.7012,0.0226,0.0048,0.0002
2047,25.3427,0.0583,13.5084,6.4921,,true,0,0.008333,0.0000,0.0000,1.00,0.00,0.0000,22,1,368,368,0,0,100,0,14,14,0,0,0,368,0,0,870277120,0.000000,0.000352,25.014201,0.00,2,5,10,18,16,24,26,14,29,32,36,34,43,43,36,0,0,0,0.0017,0.0542,0.0795,0.0053,0.0243,0.0752,0.0823,6.4921,0.0562,0.0000,1.1162,0.0046,0.0001,0.6571,0.0094,0.0046,0.0002
2048,25.3571,0.0583,12.6002,7.7239,,true,0,0.008333,0.0000,0.0000,1.00,0.00,0.0000,22,1,368,368,0,0,100,0,14,14,0,0,0,368,0,0,886575104,0.000000,0.000352,25.014201,0.00,2,5,10,18,16,24,26,14,29,32,36,34,43,43,36,0,0,0,0.0122,0.0833,0.0789,0.0046,0.0237,0.0975,0.0645,7.7239,0.0824,0.0000,1.1531,0.0071,0.0001,0.5775,0.0143,0.0105,0.0001
2049,25.7767,0.0583,12.7163,415.2110,,true,0,0.008333,0.0000,0.0000,1.00,0.00,0.0000,22,1,368,368,0,0,100,0,14,14,0,0,0,368,0,0,919568384,0.000000,0.000352,25.014201,0.00,2,5,10,18,16,24,26,14,29,32,36,34,43,43,36,0,0,0,0.0026,0.0479,0.0995,0.0043,0.0229,0.0757,0.1199,415.2110,0.0881,0.0000,1.1084,0.0033,0.0001,0.6506,0.0080,0.0046,0.0002
2050,25.7865,0.0583,14.6622,8.4725,,true,1,0.008333,0.0000,0.0083,1.00,0.00,0.0000,22,1,368,368,0,0,100,0,14,14,0,0,0,368,0,0,919568384,0.000000,0.000352,25.319626,0.00,2,5,10,18,16,24,26,14,29,32,36,34,43,43,36,0,0,0,0.0027,0.0503,0.0818,0.0062,0.0301,0.2272,0.0541,8.4725,0.0731,0.0000,1.0023,0.0041,0.0007,0.5005,0.0103,0.0039,0.0003
2051,25.8010,0.0583,415.5124,6.7511,,true,0,0.008333,0.0000,0.0000,1.00,0.00,0.0000,22,1,368,368,0,0,100,0,14,14,0,0,0,368,0,0,919568384,0.000000,0.000352,25.319626,0.00,2,5,10,18,16,24,26,14,29,32,36,34,43,43,36,0,0,0,0.0014,0.0479,0.0666,0.0030,0.0167,0.0518,0.0615,6.7511,0.0611,0.0000,1.1194,0.0027,0.0001,0.6645,0.0054,0.0028,0.0002
2052,25.8101,0.0583,8.7504,7.9550,,true,0,0.008333,0.0000,0.0000,1.00,0.00,0.0000,22,1,368,368,0,0,100,0,14,14,0,0,0,368,0,0,919568384,0.000000,0.000352,25.319626,0.00,2,5,10,18,16,24,26,14,29,32,36,34,43,43,36,0,0,0,0.0038,0.0615,0.1052,0.0068,0.0319,0.0708,0.0770,7.9550,0.1321,0.0000,1.3238,0.0068,0.0001,0.7233,0.0116,0.0091,0.0002
2053,25.8179,0.0583,11.1177,6.6030,,true,0,0.008333,0.0000,0.0000,1.00,0.00,0.0000,22,1,368,368,0,0,100,0,14,14,0,0,0,368,0,0,919568384,0.000000,0.000352,25.319626,0.00,2,5,10,18,16,24,26,14,29,32,36,34,43,43,36,0,0,0,0.0024,0.0722,0.0575,0.0038,0.0126,0.0417,0.0403,6.6030,0.0471,0.0000,0.8748,0.0026,0.0001,0.4991,0.0061,0.0029,0.0001
2054,25.8240,0.0583,6.1365,5.2888,,true,0,0.008333,0.0000,0.0000,1.00,0.00,0.0000,22,1,368,368,0,0,100,0,14,14,0,0,0,368,0,0,919568384,0.000000,0.000352,25.319626,0.00,2,5,10,18,16,24,26,14,29,32,36,34,43,43,36,0,0,0,0.0019,0.0361,0.0649,0.0053,0.0271,0.0595,0.0620,5.2888,0.0729,0.0000,0.8953,0.0053,0.0001,0.4945,0.0073,0.0046,0.0002
2055,25.8299,0.0583,7.0938,4.9106,,true,0,0.008333,0.0000,0.0000,1.00,0.00,0.0000,22,1,368,368,0,0,100,0,14,14,0,0,0,368,0,0,919568384,0.000000,0.000352,25.319626,0.00,2,5,10,18,16,24,26,14,29,32,36,34,43,43,36,0,0,0,0.0017,0.0676,0.0706,0.0022,0.0100,0.0354,0.0774,4.9106,0.0619,0.0000,1.1310,0.0038,0.0001,0.6621,0.0072,0.0040,0.0002
2056,25.8429,0.0583,13.0244,5.3117,,true,0,0.008333,0.0000,0.0000,1.00,0.00,0.0000,22,1,368,368,0,0,100,0,14,14,0,0,0,368,0,0,919568384,0.000000,0.000352,25.319626,0.00,2,5,10,18,16,24,26,14,29,32,36,34,43,43,36,0,0,0,0.0011,0.0488,0.0523,0.0038,0.0240,0.0553,0.0420,5.3117,0.0481,0.0000,0.8402,0.0046,0.0001,0.4896,0.0064,0.0044,0.0001
2057,25.8550,0.0583,11.6192,5.7492,,true,1,0.008333,0.0000,0.0083,1.00,0.00,0.0000,22,1,368,368,0,0,100,0,14,14,0,0,0,368,0,0,919568384,0.000000,0.000352,25.573393,0.00,2,5,10,18,16,24,26,14,29,32,36,34,43,43,36,0,0,0,0.0015,0.0504,0.0705,0.0044,0.0187,0.1988,0.0736,5.7492,0.0660,0.0000,1.1212,0.0043,0.0002,0.6522,0.0092,0.0059,0.0002
2058,25.8687,0.0583,12.4022,6.7160,,true,0,0.008333,0.0000,0.0000,1.00,0.00,0.0000,22,1,368,368,0,0,100,0,14,14,0,0,0,368,0,0,919568384,0.000000,0.000352,25.573393,0.00,2,5,10,18,16,24,26,14,29,32,36,34,43,43,36,0,0,0,0.0015,0.0524,0.0981,0.0062,0.0250,0.0704,0.0553,6.7160,0.0815,0.0000,1.1610,0.0038,0.0001,0.6994,0.0051,0.0047,0.0002
2059,25.8796,0.0583,11.7683,6.0815,,true,0,0.008333,0.0000,0.0000,1.00,0.00,0.0000,22,1,368,368,0,0,100,0,14,14,0,0,0,368,0,0,919568384,0.000000,0.000352,25.573393,0.00,2,5,10,18,16,24,26,14,29,32,36,34,43,43,36,0,0,0,0.0027,0.0452,0.0607,0.0052,0.0213,0.0695,0.0440,6.0815,0.0713,0.0000,0.8785,0.0033,0.0001,0.4825,0.0077,0.0053,0.0001
2060,25.8908,0.0583,11.0100,6.1225,,true,0,0.008333,0.0000,0.0000,1.00,0.00,0.0000,22,1,368,368,0,0,100,0,14,14,0,0,0,368,0,0,919568384,0.000000,0.000352,25.573393,0.00,2,5,10,18,16,24,26,14,29,32,36,34,43,43,36,0,0,0,0.0010,0.0430,0.0639,0.0057,0.0277,0.0690,0.0472,6.1225,0.0527,0.0000,0.9283,0.0038,0.0001,0.5024,0.0090,0.0056,0.0002
2061,25.9018,0.0583,12.0845,5.1256,,true,0,0.008333,0.0000,0.0000,1.00,0.00,0.0000,22,1,368,368,0,0,100,0,14,14,0,0,0,368,0,0,919568384,0.000000,0.000352,25.573393,0.00,2,5,10,18,16,24,26,14,29,32,36,34,43,43,36,0,0,0,0.0009,0.0320,0.0484,0.0113,0.0205,0.0901,0.0377,5.1256,0.0534,0.0000,0.8118,0.0029,0.0001,0.4809,0.0058,0.0041,0.0001
2062,25.9176,0.0583,13.6076,6.9815,,true,0,0.008333,0.0000,0.0000,1.00,0.00,0.0000,22,1,368,368,0,0,100,0,14,14,0,0,0,368,0,0,919568384,0.000000,0.000352,25.573393,0.00,2,5,10,18,16,24,26,14,29,32,36,34,43,43,36,0,0,0,0.0032,0.0570,0.0746,0.0052,0.0258,0.0924,0.0582,6.9815,0.0896,0.0000,1.1012,0.0029,0.0002,0.6452,0.0066,0.0048,0.0002
2063,25.9265,0.0583,9.7289,6.5369,,true,0,0.008333,0.0000,0.0000,1.00,0.00,0.0000,22,1,368,368,0,0,100,0,14,14,0,0,0,368,0,0,919568384,0.000000,0.000352,25.573393,0.00,2,5,10,18,16,24,26,14,29,32,36,34,43,43,36,0,0,0,0.0018,0.0543,0.0903,0.0044,0.0211,0.0831,0.0542,6.5369,0.0746,0.0000,1.1156,0.0037,0.0001,0.6594,0.0071,0.0051,0.0002
2064,25.9389,0.0583,12.4081,6.3948,,true,0,0.008333,0.0000,0.0000,1.00,0.00,0.0000,22,1,368,368,0,0,100,0,14,14,0,0,0,368,0,0,919687168,0.000000,0.000352,25.573393,0.00,2,5,10,18,16,24,26,14,29,32,36,34,43,43,36,0,0,0,0.0016,0.0615,0.0794,0.0050,0.0226,0.0744,0.0554,6.3948,0.0734,0.0000,1.0981,0.0031,0.0002,0.6293,0.0069,0.0058,0.0002
2065,25.9509,0.0583,11.6004,6.7713,,true,0,0.008333,0.0000,0.0000,1.00,0.00,0.0000,22,1,368,368,0,0,100,0,14,14,0,0,0,368,0,0,919687168,0.000000,0.000352,25.573393,0.00,2,5,10,18,16,24,26,14,29,32,36,34,43,43,36,0,0,0,0.0016,0.0578,0.0765,0.0034,0.0233,0.0816,0.0605,6.7713,0.0691,0.0000,1.1547,0.0029,0.0001,0.6780,0.0095,0.0030,0.0002
2066,25.9617,0.0583,11.6134,6.1888,,true,0,0.008333,0.0000,0.0000,1.00,0.00,0.0000,22,1,368,368,0,0,100,0,14,14,0,0,0,368,0,0,919687168,0.000000,0.000352,25.573393,0.00,2,5,10,18,16,24,26,14,29,32,36,34,43,43,36,0,0,0,0.0014,0.0594,0.0848,0.0036,0.0198,0.0899,0.0800,6.1888,0.0824,0.0000,1.1081,0.0039,0.0001,0.6441,0.0077,0.0082,0.0002
2067,25.9737,0.0583,11.4740,6.5120,,true,0,0.008333,0.0000,0.0000,1.00,0.00,0.0000,22,1,368,368,0,0,100,0,14,14,0,0,0,368,0,0,919687168,0.000000,0.000352,25.573393,0.00,2,5,10,18,16,24,26,14,29,32,36,34,43,43,36,0,0,0,0.0014,0.0598,0.0531,0.0044,0.0220,0.0929,0.0440,6.5120,0.0791,0.0000,0.9192,0.0027,0.0001,0.5028,0.0097,0.0075,0.0001
2068,25.9857,0.0583,11.8987,6.4665,,true,0,0.008333,0.0000,0.0000,1.00,0.00,0.0000,22,1,368,368,0,0,100,0,14,14,0,0,0,368,0,0,919687168,0.000000,0.000352,25.573393,0.00,2,5,10,18,16,24,26,14,29,32,36,34,43,43,36,0,0,0,0.0012,0.0384,0.0634,0.0050,0.0215,0.0895,0.0470,6.4665,0.0543,0.0000,0.9273,0.0050,0.0001,0.5497,0.0081,0.0055,0.0002
2069,25.9995,0.0583,13.5046,7.0053,,true,0,0.008333,0.0000,0.0000,1.00,0.00,0.0000,22,1,368,368,0,0,100,0,14,14,0,0,0,368,0,0,919687168,0.000000,0.000352,25.573393,0.00,2,5,10,18,16,24,26,14,29,32,36,34,43,43,36,0,0,0,0.0019,0.0612,0.0660,0.0040,0.0240,0.0865,0.0575,7.0053,0.0757,0.0000,1.1527,0.0039,0.0001,0.6759,0.0081,0.0065,0.0002
2070,26.0290,0.0583,12.2096,24.2212,,true,0,0.008333,0.0000,0.0000,1.00,0.00,0.0000,22,1,368,368,0,0,100,0,14,14,0,0,0,368,0,0,919687168,0.000000,0.000352,25.573393,0.00,2,5,10,18,16,24,26,14,29,32,36,34,43,43,36,0,0,0,0.0015,0.0558,0.0639,0.0047,0.0266,0.0923,0.0581,24.2212,0.0456,0.0000,18.4794,0.0049,1.3088,0.5762,0.0342,0.0064,16.0651
2071,26.0392,0.0583,11.9493,8.3178,,true,0,0.008333,0.0000,0.0000,1.00,0.00,0.0000,22,1,368,368,0,0,100,0,14,14,0,0,0,368,0,0,919687168,0.000000,0.000352,25.573393,0.00,2,5,10,18,16,24,26,14,29,32,36,34,43,43,36,0,0,0,0.0080,0.0443,0.1018,0.0049,0.0224,0.1034,0.0501,8.3178,0.0921,0.0000,1.0617,0.0051,0.0001,0.5975,0.0088,0.0075,0.0002
2072,26.0488,0.0583,24.0961,7.9513,,true,0,0.008333,0.0000,0.0000,1.00,0.00,0.0000,22,1,368,368,0,0,100,0,14,14,0,0,0,368,0,0,919687168,0.000000,0.000352,25.573393,0.00,2,5,10,18,16,24,26,14,29,32,36,34,43,43,36,0,0,0,0.0038,0.0586,0.1003,0.0106,0.0319,0.1305,0.0725,7.9513,0.1057,0.0000,1.2699,0.0046,0.0002,0.7515,0.0109,0.0070,0.0002
2073,26.0575,0.0583,9.8948,6.4245,,true,0,0.008333,0.0000,0.0000,1.00,0.00,0.0000,22,1,368,368,0,0,100,0,14,14,0,0,0,368,0,0,919687168,0.000000,0.000352,25.573393,0.00,2,5,10,18,16,24,26,14,29,32,36,34,43,43,36,0,0,0,0.0031,0.0451,0.0826,0.0100,0.0335,0.0937,0.0738,6.4245,0.0834,0.0000,1.2055,0.0023,0.0002,0.6391,0.0059,0.0035,0.0002
2074,26.0651,0.0583,7.3265,6.4534,,true,0,0.008333,0.0000,0.0000,1.00,0.00,0.0000,22,1,368,368,0,0,100,0,14,14,0,0,0,368,0,0,919687168,0.000000,0.000352,25.573393,0.00,2,5,10,18,16,24,26,14,29,32,36,34,43,43,36,0,0,0,0.0013,0.0616,0.0912,0.0025,0.0151,0.0674,0.0670,6.4534,0.0782,0.0000,1.2946,0.0066,0.0001,0.7409,0.0102,0.0058,0.0002
2075,26.0736,0.0583,9.1343,6.4610,,true,0,0.008333,0.0000,0.0000,1.00,0.00,0.0000,22,1,368,368,0,0,100,0,14,14,0,0,0,368,0,0,919687168,0.000000,0.000352,25.573393,0.00,2,5,10,18,16,24,26,14,29,32,36,34,43,43,36,0,0,0,0.0018,0.0604,0.0963,0.0043,0.0242,0.0871,0.0708,6.4610,0.1138,0.0000,1.1533,0.0038,0.0001,0.6769,0.0075,0.0046,0.0002
2076,26.0857,0.0583,11.8901,6.6584,,true,0,0.008333,0.0000,0.0000,1.00,0.00,0.0000,22,1,368,368,0,0,100,0,14,14,0,0,0,368,0,0,919687168,0.000000,0.000352,25.573393,0.00,2,5,10,18,16,24,26,14,29,32,36,34,43,43,36,0,0,0,0.0027,0.0543,0.0743,0.0062,0.0273,0.0925,0.0676,6.6584,0.0813,0.0000,0.9884,0.0042,0.0001,0.5667,0.0101,0.0051,0.0001
2077,26.0988,0.0583,13.2070,6.5051,,true,0,0.008333,0.0000,0.0000,1.00,0.00,0.0000,22,1,368,368,0,0,100,0,14,14,0,0,0,368,0,0,919687168,0.000000,0.000352,25.573393,0.00,2,5,10,18,16,24,26,14,29,32,36,34,43,43,36,0,0,0,0.0016,0.0558,0.0783,0.0039,0.0223,0.0866,0.0579,6.5051,0.0676,0.0000,1.1229,0.0048,0.0002,0.6506,0.0075,0.0060,0.0002
2078,26.1095,0.0583,11.0214,6.2684,,true,0,0.008333,0.0000,0.0000,1.00,0.00,0.0000,22,1,368,368,0,0,100,0,14,14,0,0,0,368,0,0,919687168,0.000000,0.000352,25.573393,0.00,2,5,10,18,16,24,26,14,29,32,36,34,43,43,36,0,0,0,0.0012,0.0554,0.0700,0.0049,0.0290,0.0827,0.0470,6.2684,0.0753,0.0000,0.9209,0.0039,0.0001,0.5293,0.0072,0.0044,0.0001
2079,26.1196,0.0583,11.3093,5.3170,,true,0,0.008333,0.0000,0.0000,1.00,0.00,0.0000,22,1,368,368,0,0,100,0,14,14,0,0,0,368,0,0,919687168,0.000000,0.000352,25.573393,0.00,2,5,10,18,16,24,26,14,29,32,36,34,43,43,36,0,0,0,0.0014,0.0455,0.0572,0.0025,0.0152,0.0537,0.0535,5.3170,0.0475,0.0000,0.8582,0.0026,0.0001,0.4570,0.0079,0.0036,0.0004
2080,26.1319,0.0583,11.1384,6.2510,,true,0,0.008333,0.0000,0.0000,1.00,0.00,0.0000,22,1,368,368,0,0,100,0,14,14,0,0,0,368,0,0,919687168,0.000000,0.000352,25.573393,0.00,2,5,10,18,16,24,26,14,29,32,36,34,43,43,36,0,0,0,0.0017,0.0744,0.0829,0.0044,0.0167,0.0625,0.0636,6.2510,0.0774,0.0000,1.1671,0.0056,0.0001,0.6600,0.0090,0.0088,0.0002
2081,26.1440,0.0583,12.5401,5.9947,,true,0,0.008333,0.0000,0.0000,1.00,0.00,0.0000,22,1,368,368,0,0,100,0,14,14,0,0,0,368,0,0,919687168,0.000000,0.000352,25.573393,0.00,2,5,10,18,16,24,26,14,29,32,36,34,43,43,36,0,0,0,0.0017,0.0670,0.0726,0.0047,0.0170,0.0489,0.0704,5.9947,0.0682,0.0000,1.1592,0.0057,0.0001,0.6480,0.0099,0.0067,0.0002
2082,26.1590,0.0583,13.3622,7.1376,,true,0,0.008333,0.0000,0.0000,1.00,0.00,0.0000,22,1,368,368,0,0,100,0,14,14,0,0,0,368,0,0,919687168,0.000000,0.000352,25.573393,0.00,2,5,10,18,16,24,26,14,29,32,36,34,43,43,36,0,0,0,0.0016,0.0625,0.1054,0.0036,0.0249,0.1034,0.0557,7.1376,0.1367,0.0000,1.2647,0.0034,0.0002,0.7561,0.0097,0.0061,0.0002
2083,26.1736,0.0583,13.4589,8.1125,,true,0,0.008333,0.0000,0.0000,1.00,0.00,0.0000,22,1,368,368,0,0,100,0,14,14,0,0,0,368,0,0,919687168,0.000000,0.000352,25.573393,0.00,2,5,10,18,16,24,26,14,29,32,36,34,43,43,36,0,0,0,0.0019,0.0566,0.0853,0.0057,0.0248,0.0984,0.0614,8.1125,0.0738,0.0000,1.1413,0.0040,0.0001,0.6530,0.0076,0.0055,0.0002
2084,26.1830,0.0583,12.4298,5.5139,,true,0,0.008333,0.0000,0.0000,1.00,0.00,0.0000,22,1,368,368,0,0,100,0,14,14,0,0,0,368,0,0,919687168,0.000000,0.000352,25.573393,0.00,2,5,10,18,16,24,26,14,29,32,36,34,43,43,36,0,0,0,0.0009,0.0455,0.0571,0.0061,0.0219,0.0626,0.0453,5.5139,0.0655,0.0000,0.8584,0.0035,0.0001,0.5068,0.0074,0.0044,0.0001
2085,26.1969,0.0583,11.8883,7.2447,,true,0,0.008333,0.0000,0.0000,1.00,0.00,0.0000,22,1,368,368,0,0,100,0,14,14,0,0,0,368,0,0,919687168,0.000000,0.000352,25.573393,0.00,2,5,10,18,16,24,26,14,29,32,36,34,43,43,36,0,0,0,0.0010,0.0800,0.0653,0.0035,0.0205,0.0682,0.0396,7.2447,0.0578,0.0000,0.8760,0.0052,0.0001,0.4973,0.0081,0.0161,0.0001
2086,26.2079,0.0583,12.1286,6.6168,,true,0,0.008333,0.0000,0.0000,1.00,0.00,0.0000,22,1,368,368,0,0,100,0,14,14,0,0,0,368,0,0,919687168,0.000000,0.000352,25.573393,0.00,2,5,10,18,16,24,26,14,29,32,36,34,43,43,36,0,0,0,0.0037,0.0446,0.0527,0.0045,0.0202,0.0839,0.0444,6.6168,0.0674,0.0000,0.8712,0.0032,0.0001,0.5127,0.0051,0.0039,0.0002
2087,26.2216,0.0583,12.7540,7.2208,,true,1,0.008333,0.0000,0.0083,1.00,0.00,0.0000,22,1,368,368,0,0,100,0,14,14,0,0,0,368,0,0,919687168,0.000000,0.000352,25.929768,0.00,2,5,10,18,16,24,26,14,29,32,36,34,43,43,36,0,0,0,0.0016,0.0502,0.0741,0.0037,0.0229,0.2435,0.0549,7.2208,0.0799,0.0000,1.1610,0.0020,0.0002,0.7160,0.0080,0.0033,0.0002
2088,26.2346,0.0583,13.2722,7.0682,,true,0,0.008333,0.0000,0.0000,1.00,0.00,0.0000,22,1,368,368,0,0,100,0,14,14,0,0,0,368,0,0,919687168,0.000000,0.000352,25.929768,0.00,2,5,10,18,16,24,26,14,29,32,36,34,43,43,36,0,0,0,0.0022,0.0763,0.0839,0.0064,0.0283,0.1001,0.0714,7.0682,0.0794,0.0000,1.1926,0.0049,0.0001,0.6734,0.0177,0.0072,0.0002
2089,26.2489,0.0583,13.4918,7.6725,,true,0,0.008333,0.0000,0.0000,1.00,0.00,0.0000,22,1,368,368,0,0,100,0,14,14,0,0,0,368,0,0,919687168,0.000000,0.000352,25.929768,0.00,2,5,10,18,16,24,26,14,29,32,36,34,43,43,36,0,0,0,0.0013,0.0492,0.0786,0.0046,0.0224,0.0822,0.0530,7.6725,0.0762,0.0000,1.1403,0.0041,0.0002,0.6623,0.0086,0.0059,0.0002
2090,26.2607,0.0583,12.6419,6.4646,,true,0,0.008333,0.0000,0.0000,1.00,0.00,0.0000,22,1,368,368,0,0,100,0,14,14,0,0,0,368,0,0,919687168,0.000000,0.000352,25.929768,0.00,2,5,10,18,16,24,26,14,29,32,36,34,43,43,36,0,0,0,0.0010,0.0580,0.0699,0.0037,0.0224,0.0783,0.0463,6.4646,0.0894,0.0000,0.9253,0.0040,0.0001,0.5139,0.0081,0.0046,0.0002
2091,26.2733,0.0583,12.5179,7.0531,,true,0,0.008333,0.0000,0.0000,1.00,0.00,0.0000,22,1,368,368,0,0,100,0,14,14,0,0,0,368,0,0,919687168,0.000000,0.000352,25.929768,0.00,2,5,10,18,16,24,26,14,29,32,36,34,43,43,36,0,0,0,0.0015,0.0545,0.0742,0.0045,0.0206,0.0805,0.0622,7.0531,0.0687,0.0000,1.2204,0.0049,0.0001,0.7029,0.0097,0.0070,0.0002
2092,26.2880,0.0583,14.1995,7.3784,,true,0,0.008333,0.0000,0.0000,1.00,0.00,0.0000,22,1,368,368,0,0,100,0,14,14,0,0,0,368,0,0,919687168,0.000000,0.000352,25.929768,0.00,2,5,10,18,16,24,26,14,29,32,36,34,43,43,36,0,0,0,0.0015,0.0479,0.0497,0.0059,0.0273,0.1232,0.0458,7.3784,0.0662,0.0000,0.9516,0.0032,0.0001,0.5542,0.0119,0.0052,0.0001
2093,26.2979,0.0583,11.3849,6.0371,,true,0,0.008333,0.0000,0.0000,1.00,0.00,0.0000,22,1,368,368,0,0,100,0,14,14,0,0,0,368,0,0,919687168,0.000000,0.000352,25.929768,0.00,2,5,10,18,16,24,26,14,29,32,36,34,43,43,36,0,0,0,0.0016,0.0630,0.0757,0.0042,0.0205,0.0493,0.0713,6.0371,0.0675,0.0000,1.1281,0.0045,0.0001,0.6546,0.0077,0.0052,0.0002
2094,26.3093,0.0583,11.6956,6.1678,,true,0,0.008333,0.0000,0.0000,1.00,0.00,0.0000,22,1,368,368,0,0,100,0,14,14,0,0,0,368,0,0,919687168,0.000000,0.000352,25.929768,0.00,2,5,10,18,16,24,26,14,29,32,36,34,43,43,36,0,0,0,0.0017,0.0602,0.0796,0.0041,0.0204,0.0886,0.0634,6.1678,0.0813,0.0000,1.1383,0.0041,0.0002,0.6652,0.0074,0.0061,0.0002
2095,26.3214,0.0583,12.2081,6.0021,,true,0,0.008333,0.0000,0.0000,1.00,0.00,0.0000,22,1,368,368,0,0,100,0,14,14,0,0,0,368,0,0,919687168,0.000000,0.000352,25.929768,0.00,2,5,10,18,16,24,26,14,29,32,36,34,43,43,36,0,0,0,0.0017,0.0769,0.0753,0.0098,0.0221,0.0506,0.0600,6.0021,0.0673,0.0000,1.2245,0.0050,0.0001,0.7194,0.0083,0.0069,0.0002
2096,26.3351,0.0583,11.5600,7.6371,,true,0,0.008333,0.0000,0.0000,1.00,0.00,0.0000,22,1,368,368,0,0,100,0,14,14,0,0,0,368,0,0,919687168,0.000000,0.000352,25.929768,0.00,2,5,10,18,16,24,26,14,29,32,36,34,43,43,36,0,0,0,0.0017,0.0580,0.0812,0.0063,0.0255,0.1031,0.0654,7.6371,0.0608,0.0000,1.1633,0.0045,0.0001,0.6737,0.0065,0.0058,0.0002
2097,26.3459,0.0583,12.1358,6.5595,,true,0,0.008333,0.0000,0.0000,1.00,0.00,0.0000,22,1,368,368,0,0,100,0,14,14,0,0,0,368,0,0,919687168,0.000000,0.000352,25.929768,0.00,2,5,10,18,16,24,26,14,29,32,36,34,43,43,36,0,0,0,0.0021,0.0526,0.0747,0.0046,0.0237,0.0761,0.0605,6.5595,0.0803,0.0000,1.1046,0.0043,0.0001,0.6471,0.0084,0.0056,0.0002
2098,26.3581,0.0583,12.0789,6.3706,,true,0,0.008333,0.0000,0.0000,1.00,0.00,0.0000,22,1,368,368,0,0,100,0,14,14,0,0,0,368,0,0,919687168,0.000000,0.000352,25.929768,0.00,2,5,10,18,16,24,26,14,29,32,36,34,43,43,36,0,0,0,0.0015,0.0562,0.0570,0.0050,0.0216,0.0923,0.0560,6.3706,0.0615,0.0000,0.8806,0.0045,0.0001,0.4968,0.0074,0.0067,0.0002
2099,26.3682,0.0583,11.7175,5.0510,,true,0,0.008333,0.0000,0.0000,1.00,0.00,0.0000,22,1,368,368,0,0,100,0,14,14,0,0,0,368,0,0,919687168,0.000000,0.000352,25.929768,0.00,2,5,10,18,16,24,26,14,29,32,36,34,43,43,36,0,0,0,0.0009,0.0301,0.0483,0.0034,0.0163,0.0556,0.0478,5.0510,0.0494,0.0000,0.7944,0.0024,0.0001,0.4552,0.0046,0.0028,0.0001
2100,26.3811,0.0583,12.9235,5.0517,,true,0,0.008333,0.0000,0.0000,1.00,0.00,0.0000,22,1,368,368,0,0,100,0,14,14,0,0,0,368,0,0,919687168,0.000000,0.000352,25.929768,0.00,2,5,10,18,16,24,26,14,29,32,36,34,43,43,36,0,0,0,0.0011,0.0379,0.0502,0.0041,0.0173,0.0555,0.0407,5.0517,0.0617,0.0000,0.7941,0.0038,0.0001,0.4690,0.0062,0.0048,0.0001
2101,26.3929,0.0583,11.5939,5.0988,,true,0,0.008333,0.0000,0.0000,1.00,0.00,0.0000,22,1,368,368,0,0,100,0,14,14,0,0,0,368,0,0,919687168,0.000000,0.000352,25.929768,0.00,2,5,10,18,16,24,26,14,29,32,36,34,43,43,36,0,0,0,0.0009,0.0270,0.0475,0.0044,0.0213,0.0716,0.0367,5.0988,0.0332,0.0000,0.8049,0.0013,0.0001,0.4680,0.0056,0.0032,0.0002
2102,26.4037,0.0583,11.3128,4.9112,,true,0,0.008333,0.0000,0.0000,1.00,0.00,0.0000,22,1,368,368,0,0,100,0,14,14,0,0,0,368,0,0,919687168,0.000000,0.000352,25.929768,0.00,2,5,10,18,16,24,26,14,29,32,36,34,43,43,36,0,0,0,0.0009,0.0297,0.0793,0.0116,0.0139,0.0408,0.0427,4.9112,0.0633,0.0000,1.1816,0.0045,0.0002,0.6224,0.0070,0.0039,0.0003
2103,26.4172,0.0583,12.3566,5.6058,,true,0,0.008333,0.0000,0.0000,1.00,0.00,0.0000,22,1,368,368,0,0,100,0,14,14,0,0,0,368,0,0,919687168,0.000000,0.000352,25.929768,0.00,2,5,10,18,16,24,26,14,29,32,36,34,43,43,36,0,0,0,0.0009,0.0420,0.0557,0.0043,0.0232,0.0826,0.0395,5.6058,0.0589,0.0000,0.8770,0.0040,0.0001,0.4962,0.0068,0.0047,0.0002
2104,26.4274,0.0583,10.2995,5.7847,,true,0,0.008333,0.0000,0.0000,1.00,0.00,0.0000,22,1,368,368,0,0,100,0,14,14,0,0,0,368,0,0,919687168,0.000000,0.000352,25.929768,0.00,2,5,10,18,16,24,26,14,29,32,36,34,43,43,36,0,0,0,0.0016,0.0278,0.1189,0.0034,0.0210,0.0631,0.0383,5.7847,0.0790,0.0000,1.0649,0.0020,0.0001,0.7139,0.0049,0.0021,0.0001
2105,26.4394,0.0583,12.3945,5.5133,,true,0,0.008333,0.0000,0.0000,1.00,0.00,0.0000,22,1,368,368,0,0,100,0,14,14,0,0,0,368,0,0,919687168,0.000000,0.000352,25.929768,0.00,2,5,10,18,16,24,26,14,29,32,36,34,43,43,36,0,0,0,0.0020,0.0712,0.0659,0.0035,0.0116,0.0407,0.0709,5.5133,0.0862,0.0000,1.1528,0.0044,0.0002,0.6469,0.0064,0.0051,0.0002
2106,26.4523,0.0583,11.5723,6.4400,,true,0,0.008333,0.0000,0.0000,1.00,0.00,0.0000,22,1,368,368,0,0,100,0,14,14,0,0,0,368,0,0,919826432,0.000000,0.000352,25.929768,0.00,2,5,10,18,16,24,26,14,29,32,36,34,43,43,36,0,0,0,0.0013,0.0489,0.0836,0.0040,0.0234,0.0741,0.0412,6.4400,0.0925,0.0000,0.9365,0.0043,0.0001,0.5584,0.0080,0.0051,0.0002
2107,26.4643,0.0583,12.3785,6.4047,,true,0,0.008333,0.0000,0.0000,1.00,0.00,0.0000,22,1,368,368,0,0,100,0,14,14,0,0,0,368,0,0,919826432,0.000000,0.000352,25.929768,0.00,2,5,10,18,16,24,26,14,29,32,36,34,43,43,36,0,0,0,0.0016,0.0614,0.0787,0.0026,0.0574,0.0365,0.0709,6.4047,0.0794,0.0000,1.1268,0.0055,0.0001,0.6341,0.0071,0.0071,0.0002
2108,26.4792,0.0583,13.9729,7.3209,,true,0,0.008333,0.0000,0.0000,1.00,0.00,0.0000,22,1,368,368,0,0,100,0,14,14,0,0,0,368,0,0,919834624,0.000000,0.000352,25.929768,0.00,2,5,10,18,16,24,26,14,29,32,36,34,43,43,36,0,0,0,0.0019,0.0650,0.0826,0.0053,0.0256,0.0819,0.0601,7.3209,0.0751,0.0000,1.2488,0.0042,0.0001,0.7693,0.0095,0.0061,0.0002
2109,26.4893,0.0583,10.9514,6.5776,,true,0,0.008333,0.0000,0.0000,1.00,0.00,0.0000,22,1,368,368,0,0,100,0,14,14,0,0,0,368,0,0,919834624,0.000000,0.000352,25.929768,0.00,2,5,10,18,16,24,26,14,29,32,36,34,43,43,36,0,0,0,0.0041,0.0568,0.0601,0.0056,0.0447,0.0970,0.0429,6.5776,0.0734,0.0000,0.8907,0.0036,0.0001,0.5196,0.0064,0.0045,0.0002
2110,26.4996,0.0583,12.2357,4.7658,,true,0,0.008333,0.0000,0.0000,1.00,0.00,0.0000,22,1,368,368,0,0,100,0,14,14,0,0,0,368,0,0,919834624,0.000000,0.000352,25.929768,0.00,2,5,10,18,16,24,26,14,29,32,36,34,43,43,36,0,0,0,0.0011,0.0359,0.0554,0.0034,0.0196,0.0613,0.0403,4.7658,0.0460,0.0000,0.8052,0.0025,0.0001,0.4740,0.0074,0.0045,0.0001
2111,26.5107,0.0583,10.2570,5.6449,,true,0,0.008333,0.0000,0.0000,1.00,0.00,0.0000,22,1,368,368,0,0,100,0,14,14,0,0,0,368,0,0,919834624,0.000000,0.000352,25.929768,0.00,2,5,10,18,16,24,26,14,29,32,36,34,43,43,36,0,0,0,0.0010,0.0400,0.0602,0.0048,0.0254,0.0800,0.0384,5.6449,0.0570,0.0000,0.8918,0.0025,0.0001,0.4965,0.0077,0.0040,0.0001
2112,26.5238,0.0583,13.2165,5.4013,,true,0,0.008333,0.0000,0.0000,1.00,0.00,0.0000,22,1,368,368,0,0,100,0,14,14,0,0,0,368,0,0,919834624,0.000000,0.000352,25.929768,0.00,2,5,10,18,16,24,26,14,29,32,36,34,43,43,36,0,0,0,0.0015,0.0526,0.0578,0.0043,0.0165,0.0825,0.0458,5.4013,0.0952,0.0000,0.8343,0.0036,0.0001,0.4690,0.0085,0.0053,0.0001
2113,26.5360,0.0583,11.5476,5.6849,,true,0,0.008333,0.0000,0.0000,1.00,0.00,0.0000,22,1,368,368,0,0,100,0,14,14,0,0,0,368,0,0,919834624,0.000000,0.000352,25.929768,0.00,2,5,10,18,16,24,26,14,29,32,36,34,43,43,36,0,0,0,0.0020,0.0395,0.0625,0.0050,0.0244,0.0741,0.0401,5.6849,0.0640,0.0000,0.8429,0.0043,0.0001,0.4823,0.0067,0.0051,0.0002
2114,26.5487,0.0583,11.9284,6.7360,,true,0,0.008333,0.0000,0.0000,1.00,0.00,0.0000,22,1,368,368,0,0,100,0,14,14,0,0,0,368,0,0,919834624,0.000000,0.000352,25.929768,0.00,2,5,10,18,16,24,26,14,29,32,36,34,43,43,36,0,0,0,0.0018,0.0666,0.0903,0.0041,0.0164,0.0602,0.0657,6.7360,0.0918,0.0000,1.1100,0.0043,0.0001,0.6413,0.0081,0.0058,0.0002
2115,26.5593,0.0583,11.4992,5.8522,,true,0,0.008333,0.0000,0.0000,1.00,0.00,0.0000,22,1,368,368,0,0,100,0,14,14,0,0,0,368,0,0,919834624,0.000000,0.000352,25.929768,0.00,2,5,10,18,16,24,26,14,29,32,36,34,43,43,36,0,0,0,0.0014,0.0616,0.0758,0.0045,0.0219,0.1032,0.0626,5.8522,0.0741,0.0000,1.1016,0.0034,0.0001,0.6372,0.0061,0.0041,0.0002
2116,26.5714,0.0583,11.0854,6.7366,,true,1,0.008333,0.0000,0.0083,1.00,0.00,0.0000,22,1,368,368,0,0,100,0,14,14,0,0,0,368,0,0,919834624,0.000000,0.000352,26.287217,0.00,2,5,10,18,16,24,26,14,29,32,36,34,43,43,36,0,0,0,0.0025,0.0552,0.0748,0.0046,0.0238,0.2867,0.0694,6.7366,0.0766,0.0000,1.1489,0.0042,0.0002,0.6635,0.0077,0.0062,0.0002
2117,26.5835,0.0583,12.4339,6.3836,,true,0,0.008333,0.0000,0.0000,1.00,0.00,0.0000,22,1,368,368,0,0,100,0,14,14,0,0,0,368,0,0,919834624,0.000000,0.000352,26.287217,0.00,2,5,10,18,16,24,26,14,29,32,36,34,43,43,36,0,0,0,0.0016,0.0523,0.0802,0.0044,0.0231,0.0740,0.0739,6.3836,0.0706,0.0000,1.1075,0.0037,0.0001,0.6611,0.0055,0.0048,0.0002
2118,26.5929,0.0583,10.5809,5.7003,,true,0,0.008333,0.0000,0.0000,1.00,0.00,0.0000,22,1,368,368,0,0,100,0,14,14,0,0,0,368,0,0,919834624,0.000000,0.000352,26.287217,0.00,2,5,10,18,16,24,26,14,29,32,36,34,43,43,36,0,0,0,0.0034,0.0417,0.0576,0.0042,0.0186,0.0641,0.0464,5.7003,0.0747,0.0000,0.8630,0.0036,0.0001,0.5039,0.0068,0.0064,0.0001
2119,26.6046,0.0583,12.5274,4.6660,,true,0,0.008333,0.0000,0.0000,1.00,0.00,0.0000,22,1,368,368,0,0,100,0,14,14,0,0,0,368,0,0,919834624,0.000000,0.000352,26.287217,0.00,2,5,10,18,16,24,26,14,29,32,36,34,43,43,36,0,0,0,0.0009,0.0340,0.0538,0.0021,0.0129,0.0358,0.0515,4.6660,0.0438,0.0000,0.8063,0.0029,0.0001,0.4782,0.0062,0.0038,0.0001
2120,26.6158,0.0583,11.4514,4.5900,,true,0,0.008333,0.0000,0.0000,1.00,0.00,0.0000,22,1,368,368,0,0,100,0,14,14,0,0,0,368,0,0,919834624,0.000000,0.000352,26.287217,0.00,2,5,10,18,16,24,26,14,29,32,36,34,43,43,36,0,0,0,0.0009,0.0387,0.0579,0.0040,0.0133,0.0458,0.0428,4.5900,0.0504,0.0000,0.8251,0.0032,0.0001,0.4881,0.0072,0.0027,0.0002
2121,26.6270,0.0583,11.5108,3.9951,,true,0,0.008333,0.0000,0.0000,1.00,0.00,0.0000,22,1,368,368,0,0,100,0,14,14,0,0,0,368,0,0,919834624,0.000000,0.000352,26.287217,0.00,2,5,10,18,16,24,26,14,29,32,36,34,43,43,36,0,0,0,0.0010,0.0322,0.0472,0.0032,0.0159,0.0378,0.0681,3.9951,0.0367,0.0000,0.8143,0.0038,0.0001,0.4714,0.0063,0.0036,0.0001
2122,26.6412,0.0583,12.3318,6.0002,,true,0,0.008333,0.0000,0.0000,1.00,0.00,0.0000,22,1,368,368,0,0,100,0,14,14,0,0,0,368,0,0,919834624,0.000000,0.000352,26.287217,0.00,2,5,10,18,16,24,26,14,29,32,36,34,43,43,36,0,0,0,0.0009,0.0381,0.0526,0.0046,0.0180,0.0803,0.0391,6.0002,0.0487,0.0000,0.9116,0.0038,0.0001,0.5764,0.0071,0.0042,0.0001
2123,26.6575,0.0583,14.4017,7.2557,,true,0,0.008333,0.0000,0.0000,1.00,0.00,0.0000,22,1,368,368,0,0,100,0,14,14,0,0,0,368,0,0,919834624,0.000000,0.000352,26.287217,0.00,2,5,10,18,16,24,26,14,29,32,36,34,43,43,36,0,0,0,0.0071,0.0583,0.0785,0.0047,0.0257,0.0880,0.0571,7.2557,0.0468,0.0000,1.1505,0.0059,0.0001,0.6605,0.0097,0.0066,0.0002
2124,26.6675,0.0583,11.4969,6.1679,,true,0,0.008333,0.0000,0.0000,1.00,0.00,0.0000,22,1,368,368,0,0,100,0,14,14,0,0,0,368,0,0,919834624,0.000000,0.000352,26.287217,0.00,2,5,10,18,16,24,26,14,29,32,36,34,43,43,36,0,0,0,0.0016,0.0596,0.0883,0.0044,0.0208,0.1106,0.0698,6.1679,0.1026,0.0000,1.2636,0.0053,0.0001,0.7581,0.0125,0.0079,0.0002
2125,26.6794,0.0583,12.2541,5.6754,,true,0,0.008333,0.0000,0.0000,1.00,0.00,0.0000,22,1,368,368,0,0,100,0,14,14,0,0,0,368,0,0,919834624,0.000000,0.000352,26.287217,0.00,2,5,10,18,16,24,26,14,29,32,36,34,43,43,36,0,0,0,0.0011,0.0481,0.0557,0.0052,0.0253,0.0826,0.0452,5.6754,0.0712,0.0000,0.8797,0.0026,0.0001,0.4828,0.0091,0.0035,0.0002
2126,26.6909,0.0583,11.7298,5.2984,,true,0,0.008333,0.0000,0.0000,1.00,0.00,0.0000,22,1,368,368,0,0,100,0,14,14,0,0,0,368,0,0,919834624,0.000000,0.000352,26.287217,0.00,2,5,10,18,16,24,26,14,29,32,36,34,43,43,36,0,0,0,0.0010,0.0337,0.0436,0.0032,0.0151,0.0474,0.0470,5.2984,0.0403,0.0000,0.8327,0.0009,0.0001,0.4486,0.0039,0.0024,0.0002
2127,26.7046,0.0583,12.1768,6.9905,,true,0,0.008333,0.0000,0.0000,1.00,0.00,0.0000,22,1,368,368,0,0,100,0,14,14,0,0,0,368,0,0,919834624,0.000000,0.000352,26.287217,0.00,2,5,10,18,16,24,26,14,29,32,36,34,43,43,36,0,0,0,0.0017,0.0555,0.0790,0.0044,0.0232,0.0806,0.0674,6.9905,0.0572,0.0000,1.2642,0.0037,0.0001,0.7973,0.0085,0.0046,0.0002
2128,26.7188,0.0583,13.7982,7.1297,,true,0,0.008333,0.0000,0.0000,1.00,0.00,0.0000,22,1,368,368,0,0,100,0,14,14,0,0,0,368,0,0,919834624,0.000000,0.000352,26.287217,0.00,2,5,10,18,16,24,26,14,29,32,36,34,43,43,36,0,0,0,0.0017,0.0589,0.0709,0.0038,0.0241,0.0795,0.0636,7.1297,0.1270,0.0000,1.1837,0.0042,0.0002,0.6912,0.0088,0.0068,0.0002
2129,26.7298,0.0583,11.3259,7.2112,,true,0,0.008333,0.0000,0.0000,1.00,0.00,0.0000,22,1,368,368,0,0,100,0,14,14,0,0,0,368,0,0,919834624,0.000000,0.000352,26.287217,0.00,2,5,10,18,16,24,26,14,29,32,36,34,43,43,36,0,0,0,0.0017,0.1285,0.0837,0.0057,0.0298,0.1260,0.0563,7.2112,0.0691,0.0000,1.2160,0.0046,0.0001,0.7183,0.0080,0.0061,0.0002
2130,26.7419,0.0583,12.6891,6.5225,,true,0,0.008333,0.0000,0.0000,1.00,0.00,0.0000,22,1,368,368,0,0,100,0,14,14,0,0,0,368,0,0,919834624,0.000000,0.000352,26.287217,0.00,2,5,10,18,16,24,26,14,29,32,36,34,43,43,36,0,0,0,0.0024,0.0484,0.0551,0.0038,0.0244,0.1034,0.0516,6.5225,0.0607,0.0000,0.9153,0.0033,0.0001,0.5110,0.0102,0.0051,0.0001
2131,26.7549,0.0583,11.6503,7.5847,,true,0,0.008333,0.0000,0.0000,1.00,0.00,0.0000,22,1,368,368,0,0,100,0,14,14,0,0,0,368,0,0,919834624,0.000000,0.000352,26.287217,0.00,2,5,10,18,16,24,26,14,29,32,36,34,43,43,36,0,0,0,0.0016,0.0607,0.0781,0.0047,0.0275,0.0911,0.0734,7.5847,0.0699,0.0000,1.1880,0.0045,0.0001,0.6730,0.0111,0.0066,0.0002
2132,26.7876,0.0583,12.1877,28.4164,,true,0,0.008333,0.0000,0.0000,1.00,0.00,0.0000,22,1,368,368,0,0,100,0,14,14,0,0,0,368,0,0,919834624,0.000000,0.000352,26.287217,0.00,2,5,10,18,16,24,26,14,29,32,36,34,43,43,36,0,0,0,0.0035,0.0538,0.1656,0.0076,0.0162,0.0679,0.0559,28.4164,0.1122,0.0000,22.4378,0.0031,1.7895,0.6580,0.0207,0.0049,19.4509
2133,26.7958,0.0583,10.4740,6.4177,,true,1,0.008333,0.0000,0.0083,1.00,0.00,0.0000,22,1,368,368,0,0,100,0,14,14,0,0,0,368,0,0,919834624,0.000000,0.000352,26.490793,0.00,2,5,10,18,16,24,26,14,29,32,36,34,43,43,36,0,0,0,0.0039,0.0819,0.1297,0.0031,0.0143,0.2480,0.0761,6.4177,0.1040,0.0000,1.0449,0.0047,0.0001,0.5553,0.0089,0.0080,0.0002
2134,26.8037,0.0583,27.9482,6.2264,,true,0,0.008333,0.0000,0.0000,1.00,0.00,0.0000,22,1,368,368,0,0,100,0,14,14,0,0,0,368,0,0,919834624,0.000000,0.000352,26.490793,0.00,2,5,10,18,16,24,26,14,29,32,36,34,43,43,36,0,0,0,0.0072,0.0369,0.1096,0.0076,0.0352,0.0363,0.0712,6.2264,0.0661,0.0000,1.2817,0.0071,0.0002,0.6889,0.0084,0.0059,0.0002
2135,26.8126,0.0583,7.1372,7.4819,,true,0,0.008333,0.0000,0.0000,1.00,0.00,0.0000,22,1,368,368,0,0,100,0,14,14,0,0,0,368,0,0,919834624,0.000000,0.000352,26.490793,0.00,2,5,10,18,16,24,26,14,29,32,36,34,43,43,36,0,0,0,0.0029,0.0664,0.0995,0.0069,0.0292,0.0207,0.0629,7.4819,0.0877,0.0000,1.2679,0.0062,0.0001,0.7024,0.0115,0.0096,0.0002
2136,26.8204,0.0583,8.6613,5.9942,,true,0,0.008333,0.0000,0.0000,1.00,0.00,0.0000,22,1,368,368,0,0,100,0,14,14,0,0,0,368,0,0,919834624,0.000000,0.000352,26.490793,0.00,2,5,10,18,16,24,26,14,29,32,36,34,43,43,36,0,0,0,0.0018,0.0605,0.0827,0.0040,0.0134,0.1019,0.0624,5.9942,0.0628,0.0000,1.0747,0.0026,0.0002,0.6342,0.0053,0.0031,0.0002
2137,26.8275,0.0583,7.0361,5.8367,,true,0,0.008333,0.0000,0.0000,1.00,0.00,0.0000,22,1,368,368,0,0,100,0,14,14,0,0,0,368,0,0,919834624,0.000000,0.000352,26.490793,0.00,2,5,10,18,16,24,26,14,29,32,36,34,43,43,36,0,0,0,0.0022,0.0449,0.0615,0.0024,0.0113,0.0503,0.0417,5.8367,0.0737,0.0000,0.9928,0.0048,0.0001,0.5701,0.0094,0.0053,0.0002
2138,26.8349,0.0583,9.2627,5.1820,,true,0,0.008333,0.0000,0.0000,1.00,0.00,0.0000,22,1,368,368,0,0,100,0,14,14,0,0,0,368,0,0,919834624,0.000000,0.000352,26.490793,0.00,2,5,10,18,16,24,26,14,29,32,36,34,43,43,36,0,0,0,0.0010,0.0289,0.0813,0.0033,0.0173,0.0688,0.0374,5.1820,0.0603,0.0000,0.7374,0.0015,0.0001,0.4437,0.0028,0.0017,0.0001
2139,26.8479,0.0583,11.6608,6.3875,,true,0,0.008333,0.0000,0.0000,1.00,0.00,0.0000,22,1,368,368,0,0,100,0,14,14,0,0,0,368,0,0,919834624,0.000000,0.000352,26.490793,0.00,2,5,10,18,16,24,26,14,29,32,36,34,43,43,36,0,0,0,0.0021,0.0564,0.0846,0.0039,0.0187,0.0773,0.0588,6.3875,0.0767,0.0000,1.1282,0.0036,0.0002,0.6658,0.0070,0.0045,0.0002
2140,26.8609,0.0583,13.1539,6.4335,,true,0,0.008333,0.0000,0.0000,1.00,0.00,0.0000,22,1,368,368,0,0,100,0,14,14,0,0,0,368,0,0,919834624,0.000000,0.000352,26.490793,0.00,2,5,10,18,16,24,26,14,29,32,36,34,43,43,36,0,0,0,0.0015,0.0543,0.1230,0.0039,0.0224,0.0852,0.0582,6.4335,0.0549,0.0000,1.1296,0.0032,0.0001,0.6605,0.0077,0.0049,0.0002
2141,26.8715,0.0583,10.7158,6.3008,,true,0,0.008333,0.0000,0.0000,1.00,0.00,0.0000,22,1,368,368,0,0,100,0,14,14,0,0,0,368,0,0,919834624,0.000000,0.000352,26.490793,0.00,2,5,10,18,16,24,26,14,29,32,36,34,43,43,36,0,0,0,0.0015,0.0617,0.0725,0.0048,0.0230,0.0816,0.0705,6.3008,0.0607,0.0000,1.1550,0.0048,0.0002,0.6395,0.0082,0.0057,0.0002
2142,26.8833,0.0583,12.8226,5.2682,,true,0,0.008333,0.0000,0.0000,1.00,0.00,0.0000,22,1,368,368,0,0,100,0,14,14,0,0,0,368,0,0,919834624,0.000000,0.000352,26.490793,0.00,2,5,10,18,16,24,26,14,29,32,36,34,43,43,36,0,0,0,0.0021,0.0485,0.0682,0.0036,0.0175,0.0617,0.0446,5.2682,0.0502,0.0000,0.8383,0.0036,0.0001,0.4678,0.0073,0.0050,0.0002
2143,26.8971,0.0583,11.6709,7.0496,,true,0,0.008333,0.0000,0.0000,1.00,0.00,0.0000,22,1,368,368,0,0,100,0,14,14,0,0,0,368,0,0,919834624,0.000000,0.000352,26.490793,0.00,2,5,10,18,16,24,26,14,29,32,36,34,43,43,36,0,0,0,0.0018,0.0575,0.0741,0.0056,0.0242,0.0743,0.0750,7.0496,0.0590,0.0000,1.6197,0.0048,0.0002,0.8972,0.0106,0.0050,0.0003
2144,26.9085,0.0583,11.5884,6.8590,,true,0,0.008333,0.0000,0.0000,1.00,0.00,0.0000,22,1,368,368,0,0,100,0,14,14,0,0,0,368,0,0,919834624,0.000000,0.000352,26.490793,0.00,2,5,10,18,16,24,26,14,29,32,36,34,43,43,36,0,0,0,0.0021,0.0711,0.0791,0.0037,0.0162,0.0495,0.0615,6.8590,0.0992,0.0000,1.2969,0.0053,0.0001,0.7078,0.0172,0.0073,0.0002
2145,26.9192,0.0583,12.0585,5.8114,,true,0,0.008333,0.0000,0.0000,1.00,0.00,0.0000,22,1,368,368,0,0,100,0,14,14,0,0,0,368,0,0,919834624,0.000000,0.000352,26.490793,0.00,2,5,10,18,16,24,26,14,29,32,36,34,43,43,36,0,0,0,0.0016,0.0489,0.0724,0.0047,0.0226,0.0638,0.0645,5.8114,0.0734,0.0000,1.1206,0.0030,0.0001,0.6584,0.0193,0.0042,0.0002
2146,26.9304,0.0583,10.4196,6.7078,,true,0,0.008333,0.0000,0.0000,1.00,0.00,0.0000,22,1,368,368,0,0,100,0,14,14,0,0,0,368,0,0,919834624,0.000000,0.000352,26.490793,0.00,2,5,10,18,16,24,26,14,29,32,36,34,43,43,36,0,0,0,0.0021,0.1171,0.0827,0.0068,0.0309,0.0989,0.0733,6.7078,0.0790,0.0000,1.1724,0.0054,0.0001,0.6652,0.0095,0.0072,0.0002
2147,26.9430,0.0583,12.8242,6.2555,,true,0,0.008333,0.0000,0.0000,1.00,0.00,0.0000,22,1,368,368,0,0,100,0,14,14,0,0,0,368,0,0,919834624,0.000000,0.000352,26.490793,0.00,2,5,10,18,16,24,26,14,29,32,36,34,43,43,36,0,0,0,0.0015,0.0528,0.0760,0.0045,0.0222,0.0938,0.0615,6.2555,0.0557,0.0000,1.1122,0.0038,0.0002,0.6580,0.0058,0.0047,0.0002
2148,26.9560,0.0583,12.1215,6.5688,,true,0,0.008333,0.0000,0.0000,1.00,0.00,0.0000,22,1,368,368,0,0,100,0,14,14,0,0,0,368,0,0,919834624,0.000000,0.000352,26.490793,0.00,2,5,10,18,16,24,26,14,29,32,36,34,43,43,36,0,0,0,0.0012,0.0448,0.0597,0.0036,0.0225,0.0868,0.0428,6.5688,0.0762,0.0000,0.8868,0.0038,0.0001,0.5123,0.0083,0.0061,0.0002
2149,26.9660,0.0583,11.9450,5.4033,,true,0,0.008333,0.0000,0.0000,1.00,0.00,0.0000,22,1,368,368,0,0,100,0,14,14,0,0,0,368,0,0,919834624,0.000000,0.000352,26.490793,0.00,2,5,10,18,16,24,26,14,29,32,36,34,43,43,36,0,0,0,0.0032,0.0380,0.0514,0.0039,0.0169,0.0522,0.0388,5.4033,0.0539,0.0000,0.8355,0.0034,0.0001,0.4985,0.0063,0.0038,0.0001
2150,26.9801,0.0583,12.8693,6.2972,,true,0,0.008333,0.0000,0.0000,1.00,0.00,0.0000,22,1,368,368,0,0,100,0,14,14,0,0,0,368,0,0,919834624,0.000000,0.000352,26.490793,0.00,2,5,10,18,16,24,26,14,29,32,36,34,43,43,36,0,0,0,0.0012,0.0508,0.1037,0.0043,0.0198,0.0694,0.0482,6.2972,0.0698,0.0000,0.9681,0.0046,0.0001,0.5304,0.0096,0.0056,0.0001
2151,26.9906,0.0583,10.6768,6.2674,,true,0,0.008333,0.0000,0.0000,1.00,0.00,0.0000,22,1,368,368,0,0,100,0,14,14,0,0,0,368,0,0,919834624,0.000000,0.000352,26.490793,0.00,2,5,10,18,16,24,26,14,29,32,36,34,43,43,36,0,0,0,0.0017,0.0709,0.0836,0.0052,0.0208,0.0691,0.0655,6.2674,0.1165,0.0000,1.2122,0.0053,0.0001,0.6428,0.0070,0.0050,0.0002
2152,27.0013,0.0583,12.0358,5.2014,,true,0,0.008333,0.0000,0.0000,1.00,0.00,0.0000,22,1,368,368,0,0,100,0,14,14,0,0,0,368,0,0,919834624,0.000000,0.000352,26.490793,0.00,2,5,10,18,16,24,26,14,29,32,36,34,43,43,36,0,0,0,0.0009,0.0465,0.0566,0.0051,0.0211,0.0712,0.0546,5.2014,0.0623,0.0000,0.9428,0.0026,0.0001,0.5967,0.0053,0.0040,0.0001
2153,27.0150,0.0583,11.4788,7.0016,,true,0,0.008333,0.0000,0.0000,1.00,0.00,0.0000,22,1,368,368,0,0,100,0,14,14,0,0,0,368,0,0,919834624,0.000000,0.000352,26.490793,0.00,2,5,10,18,16,24,26,14,29,32,36,34,43,43,36,0,0,0,0.0020,0.0506,0.0703,0.0041,0.0221,0.0959,0.0546,7.0016,0.0615,0.0000,1.1146,0.0052,0.0001,0.6453,0.0085,0.0075,0.0002
2154,27.0254,0.0583,12.0874,5.6297,,true,0,0.008333,0.0000,0.0000,1.00,0.00,0.0000,22,1,368,368,0,0,100,0,14,14,0,0,0,368,0,0,919834624,0.000000,0.000352,26.490793,0.00,2,5,10,18,16,24,26,14,29,32,36,34,43,43,36,0,0,0,0.0011,0.0391,0.0671,0.0034,0.0187,0.0608,0.0446,5.6297,0.0656,0.0000,0.8622,0.0039,0.0001,0.5176,0.0062,0.0043,0.0002
2155,27.0381,0.0583,11.0732,7.0738,,true,0,0.008333,0.0000,0.0000,1.00,0.00,0.0000,22,1,368,368,0,0,100,0,14,14,0,0,0,368,0,0,919834624,0.000000,0.000352,26.490793,0.00,2,5,10,18,16,24,26,14,29,32,36,34,43,43,36,0,0,0,0.0017,0.0690,0.0874,0.0038,0.0200,0.0670,0.0588,7.0738,0.0729,0.0000,1.2483,0.0049,0.0001,0.7635,0.0066,0.0051,0.0002
2156,27.0520,0.0583,12.8708,8.0703,,true,0,0.008333,0.0000,0.0000,1.00,0.00,0.0000,22,1,368,368,0,0,100,0,14,14,0,0,0,368,0,0,919834624,0.000000,0.000352,26.490793,0.00,2,5,10,18,16,24,26,14,29,32,36,34,43,43,36,0,0,0,0.0014,0.0658,0.0806,0.0094,0.0447,0.0837,0.0638,8.0703,0.0711,0.0000,1.1861,0.0027,0.0002,0.6478,0.0120,0.0035,0.0002
2157,27.0628,0.0583,12.1810,6.7688,,true,0,0.008333,0.0000,0.0000,1.00,0.00,0.0000,22,1,368,368,0,0,100,0,14,14,0,0,0,368,0,0,919834624,0.000000,0.000352,26.490793,0.00,2,5,10,18,16,24,26,14,29,32,36,34,43,43,36,0,0,0,0.0015,0.0564,0.0838,0.0043,0.0217,0.0699,0.0574,6.7688,0.0968,0.0000,1.1619,0.0035,0.0001,0.6832,0.0080,0.0043,0.0002
2158,27.0740,0.0583,11.8770,6.0864,,true,0,0.008333,0.0000,0.0000,1.00,0.00,0.0000,22,1,368,368,0,0,100,0,14,14,0,0,0,368,0,0,919834624,0.000000,0.000352,26.490793,0.00,2,5,10,18,16,24,26,14,29,32,36,34,43,43,36,0,0,0,0.0018,0.0761,0.0772,0.0055,0.0240,0.0460,0.0642,6.0864,0.0827,0.0000,1.1196,0.0062,0.0001,0.6474,0.0085,0.0067,0.0002
2159,27.0856,0.0583,12.0709,5.8442,,true,0,0.008333,0.0000,0.0000,1.00,0.00,0.0000,22,1,368,368,0,0,100,0,14,14,0,0,0,368,0,0,919834624,0.000000,0.000352,26.490793,0.00,2,5,10,18,16,24,26,14,29,32,36,34,43,43,36,0,0,0,0.0015,0.0652,0.0844,0.0032,0.0193,0.0410,0.0633,5.8442,0.0861,0.0000,1.2307,0.0055,0.0001,0.7280,0.0080,0.0050,0.0002
2160,27.0993,0.0583,11.5207,7.6567,,true,0,0.008333,0.0000,0.0000,1.00,0.00,0.0000,22,1,368,368,0,0,100,0,14,14,0,0,0,368,0,0,919834624,0.000000,0.000352,26.490793,0.00,2,5,10,18,16,24,26,14,29,32,36,34,43,43,36,0,0,0,0.0018,0.0704,0.0653,0.0046,0.0246,0.1016,0.0563,7.6567,0.0627,0.0000,1.7819,0.0056,0.0003,0.9284,0.0264,0.0077,0.0004
2161,27.1087,0.0583,11.5948,5.8636,,true,0,0.008333,0.0000,0.0000,1.00,0.00,0.0000,22,1,368,368,0,0,100,0,14,14,0,0,0,368,0,0,919834624,0.000000,0.000352,26.490793,0.00,2,5,10,18,16,24,26,14,29,32,36,34,43,43,36,0,0,0,0.0016,0.0561,0.0733,0.0042,0.0157,0.0794,0.0590,5.8636,0.0538,0.0000,1.0941,0.0031,0.0002,0.6423,0.0072,0.0040,0.0002
2162,27.1206,0.0583,12.0991,5.7261,,true,0,0.008333,0.0000,0.0000,1.00,0.00,0.0000,22,1,368,368,0,0,100,0,14,14,0,0,0,368,0,0,919834624,0.000000,0.000352,26.490793,0.00,2,5,10,18,16,24,26,14,29,32,36,34,43,43,36,0,0,0,0.0018,0.0589,0.0722,0.0025,0.0177,0.0525,0.0575,5.7261,0.0609,0.0000,1.1483,0.0046,0.0001,0.6611,0.0076,0.0062,0.0002
2163,27.1325,0.0583,11.0608,5.9787,,true,1,0.008333,0.0000,0.0083,1.00,0.00,0.0000,22,1,368,368,0,0,100,0,14,14,0,0,0,368,0,0,919834624,0.000000,0.000352,26.845974,0.00,2,5,10,18,16,24,26,14,29,32,36,34,43,43,36,0,0,0,0.0014,0.0469,0.0848,0.0041,0.0226,0.2452,0.0447,5.9787,0.0783,0.0000,0.8579,0.0028,0.0001,0.4828,0.0076,0.0060,0.0001
2164,27.1450,0.0583,12.3413,6.6617,,true,0,0.008333,0.0000,0.0000,1.00,0.00,0.0000,22,1,368,368,0,0,100,0,14,14,0,0,0,368,0,0,919834624,0.000000,0.000352,26.845974,0.00,2,5,10,18,16,24,26,14,29,32,36,34,43,43,36,0,0,0,0.0016,0.0601,0.0721,0.0057,0.0210,0.0767,0.0552,6.6617,0.0753,0.0000,1.1124,0.0050,0.0001,0.6389,0.0167,0.0069,0.0002
2165,27.1575,0.0583,11.7546,6.8302,,true,0,0.008333,0.0000,0.0000,1.00,0.00,0.0000,22,1,368,368,0,0,100,0,14,14,0,0,0,368,0,0,919834624,0.000000,0.000352,26.845974,0.00,2,5,10,18,16,24,26,14,29,32,36,34,43,43,36,0,0,0,0.0013,0.0659,0.0600,0.0052,0.0227,0.0754,0.0483,6.8302,0.0704,0.0000,1.0912,0.0054,0.0001,0.6697,0.0058,0.0051,0.0002
2166,27.1693,0.0583,12.2642,6.6343,,true,0,0.008333,0.0000,0.0000,1.00,0.00,0.0000,22,1,368,368,0,0,100,0,14,14,0,0,0,368,0,0,919834624,0.000000,0.000352,26.845974,0.00,2,5,10,18,16,24,26,14,29,32,36,34,43,43,36,0,0,0,0.0023,0.0669,0.1044,0.0044,0.0196,0.0620,0.0716,6.6343,0.1030,0.0000,0.8797,0.0057,0.0001,0.4798,0.0084,0.0061,0.0001
2167,27.1809,0.0583,12.5755,5.8699,,true,0,0.008333,0.0000,0.0000,1.00,0.00,0.0000,22,1,368,368,0,0,100,0,14,14,0,0,0,368,0,0,919834624,0.000000,0.000352,26.845974,0.00,2,5,10,18,16,24,26,14,29,32,36,34,43,43,36,0,0,0,0.0014,0.0569,0.0740,0.0038,0.0232,0.0712,0.0640,5.8699,0.0806,0.0000,1.0524,0.0024,0.0001,0.6309,0.0063,0.0036,0.0002
2168,27.1924,0.0583,11.2393,5.8654,,true,0,0.008333,0.0000,0.0000,1.00,0.00,0.0000,22,1,368,368,0,0,100,0,14,14,0,0,0,368,0,0,919834624,0.000000,0.000352,26.845974,0.00,2,5,10,18,16,24,26,14,29,32,36,34,43,43,36,0,0,0,0.0020,0.0449,0.0725,0.0042,0.0177,0.0567,0.0450,5.8654,0.0532,0.0000,0.8550,0.0028,0.0001,0.5133,0.0082,0.0030,0.0001
2169,27.2041,0.0583,11.7726,5.9942,,true,0,0.008333,0.0000,0.0000,1.00,0.00,0.0000,22,1,368,368,0,0,100,0,14,14,0,0,0,368,0,0,919834624,0.000000,0.000352,26.845974,0.00,2,5,10,18,16,24,26,14,29,32,36,34,43,43,36,0,0,0,0.0025,0.0639,0.0662,0.0026,0.0111,0.0290,0.0788,5.9942,0.0593,0.0000,1.1247,0.0052,0.0001,0.6560,0.0066,0.0044,0.0002
2170,27.2163,0.0583,11.5130,6.3123,,true,0,0.008333,0.0000,0.0000,1.00,0.00,0.0000,22,1,368,368,0,0,100,0,14,14,0,0,0,368,0,0,919834624,0.000000,0.000352,26.845974,0.00,2,5,10,18,16,24,26,14,29,32,36,34,43,43,36,0,0,0,0.0026,0.0782,0.0760,0.0024,0.0088,0.0365,0.0832,6.3123,0.0748,0.0000,1.2142,0.0066,0.0001,0.6868,0.0094,0.0069,0.0002
2171,27.2278,0.0583,11.5423,6.4980,,true,0,0.008333,0.0000,0.0000,1.00,0.00,0.0000,22,1,368,368,0,0,100,0,14,14,0,0,0,368,0,0,919834624,0.000000,0.000352,26.845974,0.00,2,5,10,18,16,24,26,14,29,32,36,34,43,43,36,0,0,0,0.0010,0.0439,0.0614,0.0043,0.0212,0.0706,0.0440,6.4980,0.0622,0.0000,0.9424,0.0041,0.0001,0.5793,0.0076,0.0056,0.0002
2172,27.2400,0.0583,12.2398,6.5763,,true,0,0.008333,0.0000,0.0000,1.00,0.00,0.0000,22,1,368,368,0,0,100,0,14,14,0,0,0,368,0,0,919834624,0.000000,0.000352,26.845974,0.00,2,5,10,18,16,24,26,14,29,32,36,34,43,43,36,0,0,0,0.0015,0.0556,0.0741,0.0042,0.0223,0.0876,0.0659,6.5763,0.0707,0.0000,1.1234,0.0038,0.0002,0.6540,0.0089,0.0052,0.0002
2173,27.2501,0.0583,10.5170,6.2288,,true,0,0.008333,0.0000,0.0000,1.00,0.00,0.0000,22,1,368,368,0,0,100,0,14,14,0,0,0,368,0,0,919834624,0.000000,0.000352,26.845974,0.00,2,5,10,18,16,24,26,14,29,32,36,34,43,43,36,0,0,0,0.0018,0.0488,0.0844,0.0049,0.0214,0.0811,0.0558,6.2288,0.0909,0.0000,1.1688,0.0044,0.0001,0.7122,0.0072,0.0050,0.0002
2174,27.2635,0.0583,13.0194,6.5512,,true,0,0.008333,0.0000,0.0000,1.00,0.00,0.0000,22,1,368,368,0,0,100,0,14,14,0,0,0,368,0,0,919834624,0.000000,0.000352,26.845974,0.00,2,5,10,18,16,24,26,14,29,32,36,34,43,43,36,0,0,0,0.0016,0.0460,0.1053,0.0050,0.0233,0.0777,0.0615,6.5512,0.0780,0.0000,1.1048,0.0030,0.0001,0.6250,0.0080,0.0053,0.0002
2175,27.2752,0.0583,11.5315,6.6299,,true,0,0.008333,0.0000,0.0000,1.00,0.00,0.0000,22,1,368,368,0,0,100,0,14,14,0,0,0,368,0,0,919834624,0.000000,0.000352,26.845974,0.00,2,5,10,18,16,24,26,14,29,32,36,34,43,43,36,0,0,0,0.0018,0.0557,0.0692,0.0052,0.0238,0.0755,0.0689,6.6299,0.0744,0.0000,1.1148,0.0034,0.0001,0.6511,0.0088,0.0051,0.0002
2176,27.2855,0.0583,11.2432,5.7871,,true,0,0.008333,0.0000,0.0000,1.00,0.00,0.0000,22,1,368,368,0,0,100,0,14,14,0,0,0,368,0,0,919834624,0.000000,0.000352,26.845974,0.00,2,5,10,18,16,24,26,14,29,32,36,34,43,43,36,0,0,0,0.0009,0.0461,0.0580,0.0037,0.0164,0.0593,0.0411,5.7871,0.0481,0.0000,0.8704,0.0026,0.0001,0.4942,0.0097,0.0044,0.0002
2177,27.2986,0.0583,11.9042,6.8914,,true,0,0.008333,0.0000,0.0000,1.00,0.00,0.0000,22,1,368,368,0,0,100,0,14,14,0,0,0,368,0,0,919834624,0.000000,0.000352,26.845974,0.00,2,5,10,18,16,24,26,14,29,32,36,34,43,43,36,0,0,0,0.0014,0.0627,0.0760,0.0047,0.0235,0.0786,0.0584,6.8914,0.0693,0.0000,1.1372,0.0033,0.0002,0.6892,0.0091,0.0049,0.0002
2178,27.3092,0.0583,11.2221,6.4801,,true,0,0.008333,0.0000,0.0000,1.00,0.00,0.0000,22,1,368,368,0,0,100,0,14,14,0,0,0,368,0,0,919834624,0.000000,0.000352,26.845974,0.00,2,5,10,18,16,24,26,14,29,32,36,34,43,43,36,0,0,0,0.0019,0.0750,0.0734,0.0117,0.0258,0.0598,0.0624,6.4801,0.0735,0.0000,1.1786,0.0046,0.0001,0.6687,0.0085,0.0058,0.0002
2179,27.3213,0.0583,12.7472,5.7414,,true,0,0.008333,0.0000,0.0000,1.00,0.00,0.0000,22,1,368,368,0,0,100,0,14,14,0,0,0,368,0,0,919834624,0.000000,0.000352,26.845974,0.00,2,5,10,18,16,24,26,14,29,32,36,34,43,43,36,0,0,0,0.0019,0.0662,0.0725,0.0100,0.0223,0.0657,0.0648,5.7414,0.0615,0.0000,1.1874,0.0045,0.0002,0.6472,0.0085,0.0053,0.0003
2180,27.3344,0.0583,11.7049,7.0152,,true,0,0.008333,0.0000,0.0000,1.00,0.00,0.0000,22,1,368,368,0,0,100,0,14,14,0,0,0,368,0,0,919834624,0.000000,0.000352,26.845974,0.00,2,5,10,18,16,24,26,14,29,32,36,34,43,43,36,0,0,0,0.0015,0.0629,0.0802,0.0044,0.0227,0.0814,0.0578,7.0152,0.0817,0.0000,1.1700,0.0042,0.0001,0.6716,0.0069,0.0059,0.0003
2181,27.3442,0.0583,11.3789,5.6473,,true,0,0.008333,0.0000,0.0000,1.00,0.00,0.0000,22,1,368,368,0,0,100,0,14,14,0,0,0,368,0,0,919834624,0.000000,0.000352,26.845974,0.00,2,5,10,18,16,24,26,14,29,32,36,34,43,43,36,0,0,0,0.0011,0.0516,0.0559,0.0051,0.0265,0.0575,0.0432,5.6473,0.0595,0.0000,0.8838,0.0029,0.0001,0.4687,0.0080,0.0051,0.0001
2182,27.3589,0.0583,13.0254,6.9758,,true,0,0.008333,0.0000,0.0000,1.00,0.00,0.0000,22,1,368,368,0,0,100,0,14,14,0,0,0,368,0,0,919834624,0.000000,0.000352,26.845974,0.00,2,5,10,18,16,24,26,14,29,32,36,34,43,43,36,0,0,0,0.0015,0.0545,0.0687,0.0042,0.0230,0.0774,0.0588,6.9758,0.0655,0.0000,1.1256,0.0053,0.0001,0.6676,0.0090,0.0062,0.0002
2183,27.3698,0.0583,11.5122,6.5833,,true,0,0.008333,0.0000,0.0000,1.00,0.00,0.0000,22,1,368,368,0,0,100,0,14,14,0,0,0,368,0,0,919834624,0.000000,0.000352,26.845974,0.00,2,5,10,18,16,24,26,14,29,32,36,34,43,43,36,0,0,0,0.0032,0.0586,0.0824,0.0037,0.0182,0.0764,0.0608,6.5833,0.0698,0.0000,1.2323,0.0043,0.0001,0.6975,0.0104,0.0062,0.0002
2184,27.3827,0.0583,13.1408,6.3481,,true,0,0.008333,0.0000,0.0000,1.00,0.00,0.0000,22,1,368,368,0,0,100,0,14,14,0,0,0,368,0,0,919834624,0.000000,0.000352,26.845974,0.00,2,5,10,18,16,24,26,14,29,32,36,34,43,43,36,0,0,0,0.0015,0.0614,0.0763,0.0042,0.0213,0.0976,0.0554,6.3481,0.0613,0.0000,0.9977,0.0044,0.0001,0.5114,0.0152,0.0046,0.0002
2185,27.3951,0.0583,11.3651,7.1220,,true,0,0.008333,0.0000,0.0000,1.00,0.00,0.0000,22,1,368,368,0,0,100,0,14,14,0,0,0,368,0,0,919834624,0.000000,0.000352,26.845974,0.00,2,5,10,18,16,24,26,14,29,32,36,34,43,43,36,0,0,0,0.0015,0.0627,0.0757,0.0049,0.0325,0.0895,0.0582,7.1220,0.0694,0.0000,1.1666,0.0050,0.0001,0.6659,0.0094,0.0072,0.0002
2186,27.4058,0.0583,12.1735,5.8383,,true,0,0.008333,0.0000,0.0000,1.00,0.00,0.0000,22,1,368,368,0,0,100,0,14,14,0,0,0,368,0,0,919834624,0.000000,0.000352,26.845974,0.00,2,5,10,18,16,24,26,14,29,32,36,34,43,43,36,0,0,0,0.0013,0.0496,0.0617,0.0039,0.0180,0.0790,0.0502,5.8383,0.0682,0.0000,0.8684,0.0032,0.0001,0.4972,0.0075,0.0043,0.0001
2187,27.4218,0.0583,15.6259,6.1684,,true,0,0.008333,0.0000,0.0000,1.00,0.00,0.0000,22,1,368,368,0,0,100,0,14,14,0,0,0,368,0,0,919834624,0.000000,0.000352,26.845974,0.00,2,5,10,18,16,24,26,14,29,32,36,34,43,43,36,0,0,0,0.0063,0.0757,0.1029,0.0037,0.0201,0.0741,0.0575,6.1684,0.1007,0.0000,1.1803,0.0061,0.0002,0.6642,0.0103,0.0060,0.0003
2188,27.4287,0.0583,6.5628,5.8668,,true,0,0.008333,0.0000,0.0000,1.00,0.00,0.0000,22,1,368,368,0,0,100,0,14,14,0,0,0,368,0,0,919834624,0.000000,0.000352,26.845974,0.00,2,5,10,18,16,24,26,14,29,32,36,34,43,43,36,0,0,0,0.0013,0.0570,0.0770,0.0085,0.0189,0.0637,0.0693,5.8668,0.0699,0.0000,1.1433,0.0029,0.0001,0.6798,0.0064,0.0046,0.0002
2189,27.4413,0.0583,13.2792,6.0346,,true,1,0.008333,0.0000,0.0083,1.00,0.00,0.0000,22,1,368,368,0,0,100,0,14,14,0,0,0,368,0,0,919834624,0.000000,0.000352,27.150098,0.00,2,5,10,18,16,24,26,14,29,32,36,34,43,43,36,0,0,0,0.0018,0.0543,0.0565,0.0034,0.0167,0.2317,0.0573,6.0346,0.0701,0.0000,0.9427,0.0035,0.0001,0.5095,0.0081,0.0052,0.0001
2190,27.4532,0.0583,10.6084,6.5131,,true,0,0.008333,0.0000,0.0000,1.00,0.00,0.0000,22,1,368,368,0,0,100,0,14,14,0,0,0,368,0,0,919834624,0.000000,0.000352,27.150098,0.00,2,5,10,18,16,24,26,14,29,32,36,34,43,43,36,0,0,0,0.0042,0.0459,0.0682,0.0048,0.0245,0.0813,0.0454,6.5131,0.0824,0.0000,0.8815,0.0045,0.0001,0.4968,0.0094,0.0061,0.0001
2191,27.4655,0.0583,13.3582,6.0539,,true,0,0.008333,0.0000,0.0000,1.00,0.00,0.0000,22,1,368,368,0,0,100,0,14,14,0,0,0,368,0,0,919834624,0.000000,0.000352,27.150098,0.00,2,5,10,18,16,24,26,14,29,32,36,34,43,43,36,0,0,0,0.0018,0.0347,0.1008,0.0042,0.0218,0.0675,0.0496,6.0539,0.0728,0.0000,0.7996,0.0016,0.0001,0.4782,0.0059,0.0025,0.0001
2192,27.4769,0.0583,11.5537,5.9728,,true,0,0.008333,0.0000,0.0000,1.00,0.00,0.0000,22,1,368,368,0,0,100,0,14,14,0,0,0,368,0,0,919834624,0.000000,0.000352,27.150098,0.00,2,5,10,18,16,24,26,14,29,32,36,34,43,43,36,0,0,0,0.0014,0.0502,0.0707,0.0041,0.0216,0.0814,0.0854,5.9728,0.0675,0.0000,1.0787,0.0039,0.0001,0.6493,0.0073,0.0046,0.0002
2193,27.4885,0.0583,11.1433,6.3841,,true,0,0.008333,0.0000,0.0000,1.00,0.00,0.0000,22,1,368,368,0,0,100,0,14,14,0,0,0,368,0,0,919834624,0.000000,0.000352,27.150098,0.00,2,5,10,18,16,24,26,14,29,32,36,34,43,43,36,0,0,0,0.0025,0.0712,0.0840,0.0035,0.0180,0.0542,0.0673,6.3841,0.0906,0.0000,1.2303,0.0039,0.0002,0.7316,0.0076,0.0050,0.0002
2194,27.5003,0.0583,12.7072,5.6183,,true,0,0.008333,0.0000,0.0000,1.00,0.00,0.0000,22,1,368,368,0,0,100,0,14,14,0,0,0,368,0,0,919834624,0.000000,0.000352,27.150098,0.00,2,5,10,18,16,24,26,14,29,32,36,34,43,43,36,0,0,0,0.0014,0.0443,0.0583,0.0033,0.0212,0.0677,0.0432,5.6183,0.0784,0.0000,0.8716,0.0036,0.0001,0.5015,0.0084,0.0058,0.0001
2195,27.5122,0.0583,11.0329,6.2692,,true,0,0.008333,0.0000,0.0000,1.00,0.00,0.0000,22,1,368,368,0,0,100,0,14,14,0,0,0,368,0,0,919834624,0.000000,0.000352,27.150098,0.00,2,5,10,18,16,24,26,14,29,32,36,34,43,43,36,0,0,0,0.0018,0.0610,0.0803,0.0050,0.0233,0.0718,0.1001,6.2692,0.0790,0.0000,1.1426,0.0035,0.0002,0.6823,0.0091,0.0066,0.0002
2196,27.5403,0.0583,12.7451,21.7796,,true,0,0.008333,0.0000,0.0000,1.00,0.00,0.0000,22,1,368,368,0,0,100,0,14,14,0,0,0,368,0,0,919834624,0.000000,0.000352,27.150098,0.00,2,5,10,18,16,24,26,14,29,32,36,34,43,43,36,0,0,0,0.0012,0.0519,0.0902,0.0055,0.0257,0.0855,0.0419,21.7796,0.0875,0.0000,15.9894,0.0054,1.2914,0.5409,0.0245,0.0052,13.7296
2197,27.5490,0.0583,11.3507,7.2253,,true,0,0.008333,0.0000,0.0000,1.00,0.00,0.0000,22,1,368,368,0,0,100,0,14,14,0,0,0,368,0,0,919834624,0.000000,0.000352,27.150098,0.00,2,5,10,18,16,24,26,14,29,32,36,34,43,43,36,0,0,0,0.0045,0.0571,0.0784,0.0107,0.0191,0.0782,0.0735,7.2253,0.0735,0.0000,1.3287,0.0043,0.0002,0.6525,0.0179,0.0047,0.0002
2198,27.5576,0.0583,20.9575,6.3749,,true,0,0.008333,0.0000,0.0000,1.00,0.00,0.0000,22,1,368,368,0,0,100,0,14,14,0,0,0,368,0,0,919834624,0.000000,0.000352,27.150098,0.00,2,5,10,18,16,24,26,14,29,32,36,34,43,43,36,0,0,0,0.0153,0.0489,0.0795,0.0046,0.0150,0.0495,0.0399,6.3749,0.0717,0.0000,1.2079,0.0024,0.0001,0.6505,0.0115,0.0034,0.0002
2199,27.5650,0.0583,6.6033,6.3137,,true,0,0.008333,0.0000,0.0000,1.00,0.00,0.0000,22,1,368,368,0,0,100,0,14,14,0,0,0,368,0,0,919834624,0.000000,0.000352,27.150098,0.00,2,5,10,18,16,24,26,14,29,32,36,34,43,43,36,0,0,0,0.0015,0.0580,0.0944,0.0041,0.0153,0.0392,0.0672,6.3137,0.1038,0.0000,1.4737,0.0034,0.0002,0.8623,0.0139,0.0031,0.0003
2200,27.5717,0.0583,8.6322,5.6512,,true,0,0.008333,0.0000,0.0000,1.00,0.00,0.0000,22,1,368,368,0,0,100,0,14,14,0,0,0,368,0,0,919834624,0.000000,0.000352,27.150098,0.00,2,5,10,18,16,24,26,14,29,32,36,34,43,43,36,0,0,0,0.0015,0.0517,0.0566,0.0041,0.0208,0.0757,0.0537,5.6512,0.0675,0.0000,0.8951,0.0041,0.0001,0.5032,0.0087,0.0058,0.0001
2201,27.5849,0.0583,12.1453,6.6656,,true,0,0.008333,0.0000,0.0000,1.00,0.00,0.0000,22,1,368,368,0,0,100,0,14,14,0,0,0,368,0,0,919834624,0.000000,0.000352,27.150098,0.00,2,5,10,18,16,24,26,14,29,32,36,34,43,43,36,0,0,0,0.0019,0.0614,0.0764,0.0040,0.0144,0.0646,0.0593,6.6656,0.0746,0.0000,1.1294,0.0046,0.0001,0.6655,0.0073,0.0055,0.0002
2202,27.5967,0.0583,12.0772,6.2828,,true,0,0.008333,0.0000,0.0000,1.00,0.00,0.0000,22,1,368,368,0,0,100,0,14,14,0,0,0,368,0,0,919834624,0.000000,0.000352,27.150098,0.00,2,5,10,18,16,24,26,14,29,32,36,34,43,43,36,0,0,0,0.0009,0.0496,0.0601,0.0052,0.0241,0.0843,0.0734,6.2828,0.0877,0.0000,0.8709,0.0043,0.0001,0.4857,0.0074,0.0040,0.0002
2203,27.6091,0.0583,11.8789,7.0008,,true,0,0.008333,0.0000,0.0000,1.00,0.00,0.0000,22,1,368,368,0,0,100,0,14,14,0,0,0,368,0,0,919834624,0.000000,0.000352,27.150098,0.00,2,5,10,18,16,24,26,14,29,32,36,34,43,43,36,0,0,0,0.0023,0.0574,0.0661,0.0040,0.0218,0.0708,0.0492,7.0008,0.0699,0.0000,1.0480,0.0093,0.0001,0.4960,0.0091,0.0102,0.0002
2204,27.6216,0.0583,13.9066,5.4854,,true,0,0.008333,0.0000,0.0000,1.00,0.00,0.0000,22,1,368,368,0,0,100,0,14,14,0,0,0,368,0,0,919834624,0.000000,0.000352,27.150098,0.00,2,5,10,18,16,24,26,14,29,32,36,34,43,43,36,0,0,0,0.0013,0.0468,0.0638,0.0043,0.0197,0.0702,0.0550,5.4854,0.0534,0.0000,0.9184,0.0048,0.0001,0.5117,0.0092,0.0055,0.0002
2205,27.6345,0.0583,11.9639,6.2476,,true,0,0.008333,0.0000,0.0000,1.00,0.00,0.0000,22,1,368,368,0,0,100,0,14,14,0,0,0,368,0,0,919834624,0.000000,0.000352,27.150098,0.00,2,5,10,18,16,24,26,14,29,32,36,34,43,43,36,0,0,0,0.0013,0.0428,0.0529,0.0042,0.0236,0.0651,0.0435,6.2476,0.0563,0.0000,0.8788,0.0045,0.0001,0.5152,0.0082,0.0057,0.0001
2206,27.6463,0.0583,10.4714,7.8959,,true,0,0.008333,0.0000,0.0000,1.00,0.00,0.0000,22,1,368,368,0,0,100,0,14,14,0,0,0,368,0,0,919834624,0.000000,0.000352,27.150098,0.00,2,5,10,18,16,24,26,14,29,32,36,34,43,43,36,0,0,0,0.0015,0.0732,0.0823,0.0046,0.0248,0.0971,0.0592,7.8959,0.0846,0.0000,1.1911,0.0041,0.0001,0.6939,0.0092,0.0064,0.0002
2207,27.6635,0.0583,16.0565,7.8492,,true,0,0.008333,0.0000,0.0000,1.00,0.00,0.0000,22,1,368,368,0,0,100,0,14,14,0,0,0,368,0,0,919834624,0.000000,0.000352,27.150098,0.00,2,5,10,18,16,24,26,14,29,32,36,34,43,43,36,0,0,0,0.0022,0.0631,0.0725,0.0051,0.0246,0.0875,0.0596,7.8492,0.0820,0.0000,0.9197,0.0043,0.0001,0.4934,0.0093,0.0056,0.0002
2208,27.6726,0.0583,12.0859,5.8650,,true,0,0.008333,0.0000,0.0000,1.00,0.00,0.0000,22,1,368,368,0,0,100,0,14,14,0,0,0,368,0,0,919834624,0.000000,0.000352,27.150098,0.00,2,5,10,18,16,24,26,14,29,32,36,34,43,43,36,0,0,0,0.0009,0.0399,0.1109,0.0035,0.0181,0.0730,0.0422,5.8650,0.0630,0.0000,0.8001,0.0021,0.0001,0.4778,0.0061,0.0028,0.0002
2209,27.6838,0.0583,11.6472,5.5996,,true,0,0.008333,0.0000,0.0000,1.00,0.00,0.0000,22,1,368,368,0,0,100,0,14,14,0,0,0,368,0,0,919834624,0.000000,0.000352,27.150098,0.00,2,5,10,18,16,24,26,14,29,32,36,34,43,43,36,0,0,0,0.0017,0.0528,0.0768,0.0037,0.0542,0.0302,0.0638,5.5996,0.0820,0.0000,1.2358,0.0040,0.0002,0.6965,0.0074,0.0032,0.0002
2210,27.6982,0.0583,13.4087,6.2856,,true,0,0.008333,0.0000,0.0000,1.00,0.00,0.0000,22,1,368,368,0,0,100,0,14,14,0,0,0,368,0,0,919834624,0.000000,0.000352,27.150098,0.00,2,5,10,18,16,24,26,14,29,32,36,34,43,43,36,0,0,0,0.0014,0.0653,0.0683,0.0057,0.0188,0.0682,0.0564,6.2856,0.0669,0.0000,1.1116,0.0031,0.0001,0.6586,0.0093,0.0038,0.0002
2211,27.7104,0.0583,11.6625,6.9091,,true,0,0.008333,0.0000,0.0000,1.00,0.00,0.0000,22,1,368,368,0,0,100,0,14,14,0,0,0,368,0,0,919834624,0.000000,0.000352,27.150098,0.00,2,5,10,18,16,24,26,14,29,32,36,34,43,43,36,0,0,0,0.0016,0.0643,0.0838,0.0038,0.0187,0.0678,0.0606,6.9091,0.0598,0.0000,1.0907,0.0033,0.0001,0.7242,0.0110,0.0033,0.0001
2212,27.7221,0.0583,11.4931,6.5989,,true,0,0.008333,0.0000,0.0000,1.00,0.00,0.0000,22,1,368,368,0,0,100,0,14,14,0,0,0,368,0,0,919834624,0.000000,0.000352,27.150098,0.00,2,5,10,18,16,24,26,14,29,32,36,34,43,43,36,0,0,0,0.0031,0.0631,0.0830,0.0060,0.0272,0.1078,0.0590,6.5989,0.0766,0.0000,1.1212,0.0051,0.0001,0.6578,0.0096,0.0052,0.0002
2213,27.7359,0.0583,13.5050,7.1939,,true,1,0.008333,0.0000,0.0083,1.00,0.00,0.0000,22,1,368,368,0,0,100,0,14,14,0,0,0,368,0,0,919834624,0.000000,0.000352,27.454516,0.00,2,5,10,18,16,24,26,14,29,32,36,34,43,43,36,0,0,0,0.0013,0.0520,0.0598,0.0043,0.0273,0.2673,0.0460,7.1939,0.0651,0.0000,0.9357,0.0061,0.0001,0.5326,0.0089,0.0059,0.0001
2214,27.7463,0.0583,12.5189,5.3311,,true,0,0.008333,0.0000,0.0000,1.00,0.00,0.0000,22,1,368,368,0,0,100,0,14,14,0,0,0,368,0,0,919834624,0.000000,0.000352,27.454516,0.00,2,5,10,18,16,24,26,14,29,32,36,34,43,43,36,0,0,0,0.0009,0.0326,0.0464,0.0026,0.0157,0.0397,0.0428,5.3311,0.0325,0.0000,0.7774,0.0021,0.0001,0.4695,0.0060,0.0032,0.0001
2215,27.7576,0.0583,10.5861,5.7524,,true,0,0.008333,0.0000,0.0000,1.00,0.00,0.0000,22,1,368,368,0,0,100,0,14,14,0,0,0,368,0,0,919834624,0.000000,0.000352,27.454516,0.00,2,5,10,18,16,24,26,14,29,32,36,34,43,43,36,0,0,0,0.0027,0.0627,0.0867,0.0034,0.0137,0.0496,0.0686,5.7524,0.0836,0.0000,1.1412,0.0049,0.0002,0.6657,0.0066,0.0050,0.0002
2216,27.7734,0.0583,13.8445,7.6283,,true,0,0.008333,0.0000,0.0000,1.00,0.00,0.0000,22,1,368,368,0,0,100,0,14,14,0,0,0,368,0,0,919834624,0.000000,0.000352,27.454516,0.00,2,5,10,18,16,24,26,14,29,32,36,34,43,43,36,0,0,0,0.0044,0.0438,0.1380,0.0045,0.0166,0.0755,0.0417,7.6283,0.0765,0.0000,0.8832,0.0041,0.0001,0.5030,0.0086,0.0071,0.0001
2217,27.7850,0.0583,13.0037,6.5634,,true,0,0.008333,0.0000,0.0000,1.00,0.00,0.0000,22,1,368,368,0,0,100,0,14,14,0,0,0,368,0,0,919834624,0.000000,0.000352,27.454516,0.00,2,5,10,18,16,24,26,14,29,32,36,34,43,43,36,0,0,0,0.0019,0.0661,0.0837,0.0048,0.0223,0.0630,0.0702,6.5634,0.1191,0.0000,1.1898,0.0052,0.0002,0.6714,0.0091,0.0057,0.0002
2218,27.7976,0.0583,12.6498,6.3278,,true,0,0.008333,0.0000,0.0000,1.00,0.00,0.0000,22,1,368,368,0,0,100,0,14,14,0,0,0,368,0,0,919834624,0.000000,0.000352,27.454516,0.00,2,5,10,18,16,24,26,14,29,32,36,34,43,43,36,0,0,0,0.0015,0.0606,0.0769,0.0043,0.0185,0.0757,0.0565,6.3278,0.0644,0.0000,1.1521,0.0041,0.0001,0.6706,0.0088,0.0059,0.0002
2219,27.8106,0.0583,12.6551,6.7668,,true,0,0.008333,0.0000,0.0000,1.00,0.00,0.0000,22,1,368,368,0,0,100,0,14,14,0,0,0,368,0,0,919834624,0.000000,0.000352,27.454516,0.00,2,5,10,18,16,24,26,14,29,32,36,34,43,43,36,0,0,0,0.0016,0.0640,0.0828,0.0046,0.0246,0.0825,0.0557,6.7668,0.0704,0.0000,1.1643,0.0037,0.0001,0.7022,0.0063,0.0051,0.0002
2220,27.8223,0.0583,12.7717,5.8153,,true,0,0.008333,0.0000,0.0000,1.00,0.00,0.0000,22,1,368,368,0,0,100,0,14,14,0,0,0,368,0,0,919834624,0.000000,0.000352,27.454516,0.00,2,5,10,18,16,24,26,14,29,32,36,34,43,43,36,0,0,0,0.0035,0.0537,0.0773,0.0027,0.0269,0.0852,0.0656,5.8153,0.0686,0.0000,1.1828,0.0045,0.0002,0.6794,0.0072,0.0048,0.0003
2221,27.8372,0.0583,13.7544,6.7106,,true,0,0.008333,0.0000,0.0000,1.00,0.00,0.0000,22,1,368,368,0,0,100,0,14,14,0,0,0,368,0,0,919834624,0.000000,0.000352,27.454516,0.00,2,5,10,18,16,24,26,14,29,32,36,34,43,43,36,0,0,0,0.0017,0.0652,0.0798,0.0039,0.0217,0.0838,0.0740,6.7106,0.0858,0.0000,1.1710,0.0044,0.0001,0.6923,0.0082,0.0055,0.0002
2222,27.8494,0.0583,13.0498,6.2518,,true,0,0.008333,0.0000,0.0000,1.00,0.00,0.0000,22,1,368,368,0,0,100,0,14,14,0,0,0,368,0,0,919834624,0.000000,0.000352,27.454516,0.00,2,5,10,18,16,24,26,14,29,32,36,34,43,43,36,0,0,0,0.0031,0.0557,0.0914,0.0053,0.0206,0.0892,0.0584,6.2518,0.0853,0.0000,1.1858,0.0045,0.0001,0.6974,0.0110,0.0059,0.0002
2223,27.8632,0.0583,13.4131,6.5606,,true,0,0.008333,0.0000,0.0000,1.00,0.00,0.0000,22,1,368,368,0,0,100,0,14,14,0,0,0,368,0,0,919834624,0.000000,0.000352,27.454516,0.00,2,5,10,18,16,24,26,14,29,32,36,34,43,43,36,0,0,0,0.0018,0.0572,0.0917,0.0055,0.0263,0.0769,0.0574,6.5606,0.0813,0.0000,1.1730,0.0169,0.0001,0.6644,0.0086,0.0233,0.0002
2224,27.8751,0.0583,12.9128,5.7237,,true,0,0.008333,0.0000,0.0000,1.00,0.00,0.0000,22,1,368,368,0,0,100,0,14,14,0,0,0,368,0,0,919834624,0.000000,0.000352,27.454516,0.00,2,5,10,18,16,24,26,14,29,32,36,34,43,43,36,0,0,0,0.0020,0.0721,0.0691,0.0050,0.0213,0.0845,0.0432,5.7237,0.0753,0.0000,0.9329,0.0054,0.0001,0.5202,0.0107,0.0061,0.0001
2225,27.8880,0.0583,12.5633,5.9962,,true,0,0.008333,0.0000,0.0000,1.00,0.00,0.0000,22,1,368,368,0,0,100,0,14,14,0,0,0,368,0,0,919834624,0.000000,0.000352,27.454516,0.00,2,5,10,18,16,24,26,14,29,32,36,34,43,43,36,0,0,0,0.0017,0.0513,0.0564,0.0037,0.0217,0.0775,0.0622,5.9962,0.0438,0.0000,1.0963,0.0043,0.0002,0.6290,0.0080,0.0047,0.0002
2226,27.9030,0.0583,13.2672,7.7200,,true,0,0.008333,0.0000,0.0000,1.00,0.00,0.0000,22,1,368,368,0,0,100,0,14,14,0,0,0,368,0,0,919834624,0.000000,0.000352,27.454516,0.00,2,5,10,18,16,24,26,14,29,32,36,34,43,43,36,0,0,0,0.0016,0.0420,0.1020,0.0040,0.0197,0.0881,0.0427,7.7200,0.1679,0.0000,0.9759,0.0040,0.0001,0.6068,0.0078,0.0067,0.0001
2227,27.9246,0.0583,18.4680,9.4420,,true,0,0.008333,0.0000,0.0000,1.00,0.00,0.0000,22,1,368,368,0,0,100,0,14,14,0,0,0,368,0,0,919834624,0.000000,0.000352,27.454516,0.00,2,5,10,18,16,24,26,14,29,32,36,34,43,43,36,0,0,0,0.0030,0.0553,0.1882,0.0026,0.0231,0.0687,0.0912,9.4420,0.1807,0.0000,1.8696,0.0137,0.0004,0.8929,0.0203,0.0170,0.0003
2228,27.9347,0.0583,11.5382,8.3398,,true,0,0.008333,0.0000,0.0000,1.00,0.00,0.0000,22,1,368,368,0,0,100,0,14,14,0,0,0,368,0,0,919834624,0.000000,0.000352,27.454516,0.00,2,5,10,18,16,24,26,14,29,32,36,34,43,43,36,0,0,0,0.0015,0.0702,0.1302,0.0028,0.0191,0.1077,0.0608,8.3398,0.1079,0.0000,1.6153,0.0062,0.0001,0.9661,0.0144,0.0094,0.0002
2229,27.9447,0.0583,13.5971,5.8727,,true,0,0.008333,0.0000,0.0000,1.00,0.00,0.0000,22,1,368,368,0,0,100,0,14,14,0,0,0,368,0,0,919834624,0.000000,0.000352,27.454516,0.00,2,5,10,18,16,24,26,14,29,32,36,34,43,43,36,0,0,0,0.0018,0.0890,0.0621,0.0035,0.0214,0.0600,0.0456,5.8727,0.0808,0.0000,0.8672,0.0047,0.0001,0.4781,0.0084,0.0058,0.0002
2230,27.9581,0.0583,12.9797,6.0261,,true,0,0.008333,0.0000,0.0000,1.00,0.00,0.0000,22,1,368,368,0,0,100,0,14,14,0,0,0,368,0,0,919834624,0.000000,0.000352,27.454516,0.00,2,5,10,18,16,24,26,14,29,32,36,34,43,43,36,0,0,0,0.0012,0.0435,0.0584,0.0035,0.0243,0.0708,0.0424,6.0261,0.0582,0.0000,0.8395,0.0029,0.0001,0.4887,0.0066,0.0038,0.0001
2231,27.9722,0.0583,12.8023,7.1882,,true,0,0.008333,0.0000,0.0000,1.00,0.00,0.0000,22,1,368,368,0,0,100,0,14,14,0,0,0,368,0,0,919834624,0.000000,0.000352,27.454516,0.00,2,5,10,18,16,24,26,14,29,32,36,34,43,43,36,0,0,0,0.0033,0.1244,0.0815,0.0057,0.0273,0.1015,0.0613,7.1882,0.0823,0.0000,1.3410,0.0053,0.0002,0.7835,0.0118,0.0054,0.0003
2232,27.9837,0.0583,13.5510,5.3349,,true,0,0.008333,0.0000,0.0000,1.00,0.00,0.0000,22,1,368,368,0,0,100,0,14,14,0,0,0,368,0,0,919834624,0.000000,0.000352,27.454516,0.00,2,5,10,18,16,24,26,14,29,32,36,34,43,43,36,0,0,0,0.0011,0.0493,0.0599,0.0048,0.0243,0.0782,0.0472,5.3349,0.0694,0.0000,0.8460,0.0033,0.0001,0.4756,0.0066,0.0046,0.0002
2233,27.9970,0.0583,12.0604,6.2087,,true,0,0.008333,0.0000,0.0000,1.00,0.00,0.0000,22,1,368,368,0,0,100,0,14,14,0,0,0,368,0,0,919834624,0.000000,0.000352,27.454516,0.00,2,5,10,18,16,24,26,14,29,32,36,34,43,43,36,0,0,0,0.0010,0.0521,0.0628,0.0043,0.0204,0.0759,0.0526,6.2087,0.0611,0.0000,0.8900,0.0030,0.0001,0.5238,0.0076,0.0035,0.0001
2234,28.0082,0.0583,12.0301,6.0992,,true,0,0.008333,0.0000,0.0000,1.00,0.00,0.0000,22,1,368,368,0,0,100,0,14,14,0,0,0,368,0,0,919834624,0.000000,0.000352,27.454516,0.00,2,5,10,18,16,24,26,14,29,32,36,34,43,43,36,0,0,0,0.0009,0.0358,0.0612,0.0039,0.0168,0.0651,0.0459,6.0992,0.0631,0.0000,1.0533,0.0032,0.0001,0.5561,0.0058,0.0039,0.0001
2235,28.0222,0.0583,13.2098,6.2066,,true,0,0.008333,0.0000,0.0000,1.00,0.00,0.0000,22,1,368,368,0,0,100,0,14,14,0,0,0,368,0,0,919834624,0.000000,0.000352,27.454516,0.00,2,5,10,18,16,24,26,14,29,32,36,34,43,43,36,0,0,0,0.0012,0.0548,0.0601,0.0037,0.0236,0.0856,0.0468,6.2066,0.0751,0.0000,0.9054,0.0041,0.0001,0.5166,0.0078,0.0048,0.0001
2236,28.0357,0.0583,13.1497,6.9525,,true,0,0.008333,0.0000,0.0000,1.00,0.00,0.0000,22,1,368,368,0,0,100,0,14,14,0,0,0,368,0,0,919834624,0.000000,0.000352,27.454516,0.00,2,5,10,18,16,24,26,14,29,32,36,34,43,43,36,0,0,0,0.0021,0.0601,0.0871,0.0047,0.0237,0.0813,0.0618,6.9525,0.0821,0.0000,1.1806,0.0042,0.0001,0.7030,0.0099,0.0067,0.0002
2237,28.0488,0.0583,12.8090,7.1151,,true,1,0.008333,0.0000,0.0083,1.00,0.00,0.0000,22,1,368,368,0,0,100,0,14,14,0,0,0,368,0,0,919834624,0.000000,0.000352,27.759015,0.00,2,5,10,18,16,24,26,14,29,32,36,34,43,43,36,0,0,0,0.0013,0.0554,0.0652,0.0040,0.0203,0.2384,0.0474,7.1151,0.0516,0.0000,0.9126,0.0044,0.0001,0.5257,0.0078,0.0054,0.0001
2238,28.0612,0.0583,13.1565,6.2320,,true,0,0.008333,0.0000,0.0000,1.00,0.00,0.0000,22,1,368,368,0,0,100,0,14,14,0,0,0,368,0,0,919834624,0.000000,0.000352,27.759015,0.00,2,5,10,18,16,24,26,14,29,32,36,34,43,43,36,0,0,0,0.0017,0.0516,0.0758,0.0053,0.0223,0.0774,0.0551,6.2320,0.0792,0.0000,1.1080,0.0038,0.0001,0.6581,0.0084,0.0046,0.0002
2239,28.0733,0.0583,12.7276,6.0425,,true,0,0.008333,0.0000,0.0000,1.00,0.00,0.0000,22,1,368,368,0,0,100,0,14,14,0,0,0,368,0,0,919834624,0.000000,0.000352,27.759015,0.00,2,5,10,18,16,24,26,14,29,32,36,34,43,43,36,0,0,0,0.0014,0.0569,0.0675,0.0033,0.0239,0.0731,0.0470,6.0425,0.0880,0.0000,0.8970,0.0043,0.0001,0.4962,0.0085,0.0052,0.0001
2240,28.0873,0.0583,13.0965,6.7867,,true,0,0.008333,0.0000,0.0000,1.00,0.00,0.0000,22,1,368,368,0,0,100,0,14,14,0,0,0,368,0,0,919834624,0.000000,0.000352,27.759015,0.00,2,5,10,18,16,24,26,14,29,32,36,34,43,43,36,0,0,0,0.0017,0.0568,0.0555,0.0130,0.0214,0.1045,0.0792,6.7867,0.0629,0.0000,1.0456,0.0035,0.0002,0.4717,0.0070,0.0048,0.0004
2241,28.1014,0.0583,13.6737,7.0090,,true,0,0.008333,0.0000,0.0000,1.00,0.00,0.0000,22,1,368,368,0,0,100,0,14,14,0,0,0,368,0,0,919834624,0.000000,0.000352,27.759015,0.00,2,5,10,18,16,24,26,14,29,32,36,34,43,43,36,0,0,0,0.0022,0.0745,0.0708,0.0050,0.0276,0.0526,0.0587,7.0090,0.0642,0.0000,1.1222,0.0047,0.0001,0.6192,0.0084,0.0057,0.0002
2242,28.1104,0.0583,10.4989,5.8191,,true,0,0.008333,0.0000,0.0000,1.00,0.00,0.0000,22,1,368,368,0,0,100,0,14,14,0,0,0,368,0,0,919834624,0.000000,0.000352,27.759015,0.00,2,5,10,18,16,24,26,14,29,32,36,34,43,43,36,0,0,0,0.0015,0.0601,0.0585,0.0049,0.0216,0.0779,0.0585,5.8191,0.0819,0.0000,0.8992,0.0052,0.0001,0.4988,0.0079,0.0053,0.0002
2243,28.1240,0.0583,12.7838,6.2726,,true,0,0.008333,0.0000,0.0000,1.00,0.00,0.0000,22,1,368,368,0,0,100,0,14,14,0,0,0,368,0,0,919834624,0.000000,0.000352,27.759015,0.00,2,5,10,18,16,24,26,14,29,32,36,34,43,43,36,0,0,0,0.0014,0.0501,0.0814,0.0049,0.0213,0.0873,0.0641,6.2726,0.0786,0.0000,1.1010,0.0039,0.0002,0.6481,0.0066,0.0047,0.0002
2244,28.1349,0.0583,11.8310,5.4317,,true,0,0.008333,0.0000,0.0000,1.00,0.00,0.0000,22,1,368,368,0,0,100,0,14,14,0,0,0,368,0,0,919834624,0.000000,0.000352,27.759015,0.00,2,5,10,18,16,24,26,14,29,32,36,34,43,43,36,0,0,0,0.0011,0.0449,0.0748,0.0060,0.0265,0.0450,0.0571,5.4317,0.0653,0.0000,1.0872,0.0030,0.0001,0.6553,0.0074,0.0045,0.0002
2245,28.1481,0.0583,12.7455,6.2027,,true,0,0.008333,0.0000,0.0000,1.00,0.00,0.0000,22,1,368,368,0,0,100,0,14,14,0,0,0,368,0,0,919834624,0.000000,0.000352,27.759015,0.00,2,5,10,18,16,24,26,14,29,32,36,34,43,43,36,0,0,0,0.0010,0.0533,0.0724,0.0041,0.0233,0.0809,0.0553,6.2027,0.0604,0.0000,1.1579,0.0041,0.0002,0.6450,0.0069,0.0053,0.0004
2246,28.1606,0.0583,12.6560,6.0447,,true,0,0.008333,0.0000,0.0000,1.00,0.00,0.0000,22,1,368,368,0,0,100,0,14,14,0,0,0,368,0,0,919834624,0.000000,0.000352,27.759015,0.00,2,5,10,18,16,24,26,14,29,32,36,34,43,43,36,0,0,0,0.0017,0.0585,0.0594,0.0046,0.0233,0.0655,0.0454,6.0447,0.0645,0.0000,0.9227,0.0045,0.0001,0.5144,0.0074,0.0065,0.0002
2247,28.1747,0.0583,12.4876,7.0439,,true,0,0.008333,0.0000,0.0000,1.00,0.00,0.0000,22,1,368,368,0,0,100,0,14,14,0,0,0,368,0,0,919834624,0.000000,0.000352,27.759015,0.00,2,5,10,18,16,24,26,14,29,32,36,34,43,43,36,0,0,0,0.0019,0.0616,0.0731,0.0038,0.0239,0.0872,0.0552,7.0439,0.0682,0.0000,1.2072,0.0047,0.0001,0.7105,0.0126,0.0060,0.0002
2248,28.1853,0.0583,11.5243,6.6758,,true,0,0.008333,0.0000,0.0000,1.00,0.00,0.0000,22,1,368,368,0,0,100,0,14,14,0,0,0,368,0,0,919834624,0.000000,0.000352,27.759015,0.00,2,5,10,18,16,24,26,14,29,32,36,34,43,43,36,0,0,0,0.0015,0.0512,0.1849,0.0042,0.0213,0.0768,0.0597,6.6758,0.1057,0.0000,1.1813,0.0035,0.0002,0.7356,0.0072,0.0046,0.0002
2249,28.1966,0.0583,11.4818,6.1978,,true,0,0.008333,0.0000,0.0000,1.00,0.00,0.0000,22,1,368,368,0,0,100,0,14,14,0,0,0,368,0,0,919834624,0.000000,0.000352,27.759015,0.00,2,5,10,18,16,24,26,14,29,32,36,34,43,43,36,0,0,0,0.0028,0.0941,0.0736,0.0049,0.0198,0.0988,0.0541,6.1978,0.0758,0.0000,1.0881,0.0034,0.0001,0.6433,0.0075,0.0122,0.0002
2250,28.2074,0.0583,11.5649,5.7533,,true,0,0.008333,0.0000,0.0000,1.00,0.00,0.0000,22,1,368,368,0,0,100,0,14,14,0,0,0,368,0,0,919834624,0.000000,0.000352,27.759015,0.00,2,5,10,18,16,24,26,14,29,32,36,34,43,43,36,0,0,0,0.0017,0.0539,0.0767,0.0031,0.0211,0.0772,0.0535,5.7533,0.0746,0.0000,1.1218,0.0031,0.0001,0.6902,0.0092,0.0038,0.0002
2251,28.2208,0.0583,12.9636,6.0836,,true,0,0.008333,0.0000,0.0000,1.00,0.00,0.0000,22,1,368,368,0,0,100,0,14,14,0,0,0,368,0,0,919834624,0.000000,0.000352,27.759015,0.00,2,5,10,18,16,24,26,14,29,32,36,34,43,43,36,0,0,0,0.0016,0.0555,0.1062,0.0038,0.0194,0.0643,0.0561,6.0836,0.0749,0.0000,1.1920,0.0038,0.0001,0.7137,0.0099,0.0044,0.0002
2252,28.2342,0.0583,12.0036,7.2959,,true,0,0.008333,0.0000,0.0000,1.00,0.00,0.0000,22,1,368,368,0,0,100,0,14,14,0,0,0,368,0,0,919834624,0.000000,0.000352,27.759015,0.00,2,5,10,18,16,24,26,14,29,32,36,34,43,43,36,0,0,0,0.0014,0.0635,0.0707,0.0033,0.0166,0.0599,0.0734,7.2959,0.0596,0.0000,1.3920,0.0041,0.0002,0.8883,0.0098,0.0040,0.0002
2253,28.2438,0.0583,11.4574,5.6603,,true,0,0.008333,0.0000,0.0000,1.00,0.00,0.0000,22,1,368,368,0,0,100,0,14,14,0,0,0,368,0,0,919834624,0.000000,0.000352,27.759015,0.00,2,5,10,18,16,24,26,14,29,32,36,34,43,43,36,0,0,0,0.0011,0.0398,0.0536,0.0040,0.0228,0.0783,0.0440,5.6603,0.0597,0.0000,0.8440,0.0034,0.0001,0.4916,0.0071,0.0055,0.0001
2254,28.2574,0.0583,11.4127,7.7815,,true,0,0.008333,0.0000,0.0000,1.00,0.00,0.0000,22,1,368,368,0,0,100,0,14,14,0,0,0,368,0,0,919834624,0.000000,0.000352,27.759015,0.00,2,5,10,18,16,24,26,14,29,32,36,34,43,43,36,0,0,0,0.0022,0.0613,0.0731,0.0048,0.0224,0.0792,0.0613,7.7815,0.0704,0.0000,1.0998,0.0032,0.0001,0.6518,0.0076,0.0036,0.0002
2255,28.2696,0.0583,12.6487,7.2217,,true,0,0.008333,0.0000,0.0000,1.00,0.00,0.0000,22,1,368,368,0,0,100,0,14,14,0,0,0,368,0,0,919834624,0.000000,0.000352,27.759015,0.00,2,5,10,18,16,24,26,14,29,32,36,34,43,43,36,0,0,0,0.0011,0.0602,0.0917,0.0047,0.0260,0.0938,0.0565,7.2217,0.0936,0.0000,1.4227,0.0288,0.0001,0.8577,0.0209,0.0163,0.0002
2256,28.3000,0.0583,13.5563,24.1792,,true,0,0.008333,0.0000,0.0000,1.00,0.00,0.0000,22,1,368,368,0,0,100,0,14,14,0,0,0,368,0,0,919834624,0.000000,0.000352,27.759015,0.00,2,5,10,18,16,24,26,14,29,32,36,34,43,43,36,0,0,0,0.0013,0.0443,0.0723,0.0043,0.0199,0.0510,0.0414,24.1792,0.0494,0.0000,19.3056,0.0031,1.7662,0.7385,0.0280,0.0057,16.3052
2257,28.3080,0.0583,12.1825,6.5387,,true,0,0.008333,0.0000,0.0000,1.00,0.00,0.0000,22,1,368,368,0,0,100,0,14,14,0,0,0,368,0,0,919834624,0.000000,0.000352,27.759015,0.00,2,5,10,18,16,24,26,14,29,32,36,34,43,43,36,0,0,0,0.0031,0.0539,0.0964,0.0042,0.0228,0.0749,0.0639,6.5387,0.0873,0.0000,1.3574,0.0038,0.0002,0.8630,0.0075,0.0047,0.0002
2258,28.3156,0.0583,21.5676,6.2603,,true,0,0.008333,0.0000,0.0000,1.00,0.00,0.0000,22,1,368,368,0,0,100,0,14,14,0,0,0,368,0,0,919834624,0.000000,0.000352,27.759015,0.00,2,5,10,18,16,24,26,14,29,32,36,34,43,43,36,0,0,0,0.0020,0.0580,0.0790,0.0049,0.0322,0.1211,0.0586,6.2603,0.0730,0.0000,1.3430,0.0041,0.0001,0.7682,0.0119,0.0051,0.0003
2259,28.3229,0.0583,5.4145,6.2573,,true,0,0.008333,0.0000,0.0000,1.00,0.00,0.0000,22,1,368,368,0,0,100,0,14,14,0,0,0,368,0,0,919834624,0.000000,0.000352,27.759015,0.00,2,5,10,18,16,24,26,14,29,32,36,34,43,43,36,0,0,0,0.0028,0.0772,0.0865,0.0049,0.0185,0.0531,0.0531,6.2573,0.0938,0.0000,1.3408,0.0026,0.0002,0.7121,0.0131,0.0034,0.0003
2260,28.3295,0.0583,8.7415,5.7171,,true,0,0.008333,0.0000,0.0000,1.00,0.00,0.0000,22,1,368,368,0,0,100,0,14,14,0,0,0,368,0,0,919834624,0.000000,0.000352,27.759015,0.00,2,5,10,18,16,24,26,14,29,32,36,34,43,43,36,0,0,0,0.0016,0.0512,0.0730,0.0043,0.0199,0.0567,0.0612,5.7171,0.0657,0.0000,1.1276,0.0049,0.0002,0.6465,0.0085,0.0062,0.0002
2261,28.3443,0.0583,12.8126,7.7184,,true,1,0.008333,0.0000,0.0083,1.00,0.00,0.0000,22,1,368,368,0,0,100,0,14,14,0,0,0,368,0,0,919834624,0.000000,0.000352,28.063625,0.00,2,5,10,18,16,24,26,14,29,32,36,34,43,43,36,0,0,0,0.0015,0.0624,0.0778,0.0048,0.0236,0.2543,0.0566,7.7184,0.0806,0.0000,1.1701,0.0053,0.0001,0.6751,0.0132,0.0076,0.0002
2262,28.3545,0.0583,11.6769,6.0768,,true,0,0.008333,0.0000,0.0000,1.00,0.00,0.0000,22,1,368,368,0,0,100,0,14,14,0,0,0,368,0,0,919834624,0.000000,0.000352,28.063625,0.00,2,5,10,18,16,24,26,14,29,32,36,34,43,43,36,0,0,0,0.0013,0.0557,0.0686,0.0047,0.0252,0.0892,0.0454,6.0768,0.0992,0.0000,0.9320,0.0047,0.0001,0.4849,0.0075,0.0062,0.0001
2263,28.3660,0.0583,11.6345,6.2300,,true,0,0.008333,0.0000,0.0000,1.00,0.00,0.0000,22,1,368,368,0,0,100,0,14,14,0,0,0,368,0,0,919834624,0.000000,0.000352,28.063625,0.00,2,5,10,18,16,24,26,14,29,32,36,34,43,43,36,0,0,0,0.0015,0.0569,0.0748,0.0045,0.0237,0.0704,0.0556,6.2300,0.0793,0.0000,1.0244,0.0044,0.0001,0.5625,0.0077,0.0048,0.0004
2264,28.3784,0.0583,12.1037,6.5625,,true,0,0.008333,0.0000,0.0000,1.00,0.00,0.0000,22,1,368,368,0,0,100,0,14,14,0,0,0,368,0,0,919834624,0.000000,0.000352,28.063625,0.00,2,5,10,18,16,24,26,14,29,32,36,34,43,43,36,0,0,0,0.0056,0.0654,0.0755,0.0041,0.0196,0.0911,0.0820,6.5625,0.0740,0.0000,1.2030,0.0044,0.0002,0.6910,0.0079,0.0053,0.0004
2265,28.3906,0.0583,12.0904,6.4455,,true,0,0.008333,0.0000,0.0000,1.00,0.00,0.0000,22,1,368,368,0,0,100,0,14,14,0,0,0,368,0,0,919834624,0.000000,0.000352,28.063625,0.00,2,5,10,18,16,24,26,14,29,32,36,34,43,43,36,0,0,0,0.0016,0.0639,0.1076,0.0057,0.0225,0.1035,0.0576,6.4455,0.0844,0.0000,1.1450,0.0134,0.0001,0.6545,0.0071,0.0068,0.0002
2266,28.4023,0.0583,12.9539,5.3528,,true,0,0.008333,0.0000,0.0000,1.00,0.00,0.0000,22,1,368,368,0,0,100,0,14,14,0,0,0,368,0,0,919834624,0.000000,0.000352,28.063625,0.00,2,5,10,18,16,24,26,14,29,32,36,34,43,43,36,0,0,0,0.0011,0.0539,0.0645,0.0045,0.0209,0.0696,0.0564,5.3528,0.0712,0.0000,0.8838,0.0038,0.0001,0.4828,0.0059,0.0048,0.0001
2267,28.4142,0.0583,11.2874,5.8749,,true,0,0.008333,0.0000,0.0000,1.00,0.00,0.0000,22,1,368,368,0,0,100,0,14,14,0,0,0,368,0,0,919834624,0.000000,0.000352,28.063625,0.00,2,5,10,18,16,24,26,14,29,32,36,34,43,43,36,0,0,0,0.0015,0.0582,0.0712,0.0034,0.0256,0.0969,0.0550,5.8749,0.0709,0.0000,1.1102,0.0041,0.0001,0.6512,0.0087,0.0048,0.0002
2268,28.4282,0.0583,13.1129,6.8943,,true,0,0.008333,0.0000,0.0000,1.00,0.00,0.0000,22,1,368,368,0,0,100,0,14,14,0,0,0,368,0,0,919834624,0.000000,0.000352,28.063625,0.00,2,5,10,18,16,24,26,14,29,32,36,34,43,43,36,0,0,0,0.0018,0.0644,0.1646,0.0106,0.0541,0.0824,0.0572,6.8943,0.0875,0.0000,1.1375,0.0033,0.0001,0.6408,0.0071,0.0050,0.0002
2269,28.4408,0.0583,12.7320,6.7064,,true,0,0.008333,0.0000,0.0000,1.00,0.00,0.0000,22,1,368,368,0,0,100,0,14,14,0,0,0,368,0,0,919834624,0.000000,0.000352,28.063625,0.00,2,5,10,18,16,24,26,14,29,32,36,34,43,43,36,0,0,0,0.0016,0.0557,0.0833,0.0042,0.0189,0.0726,0.0587,6.7064,0.0754,0.0000,1.0951,0.0027,0.0001,0.6522,0.0074,0.0042,0.0001
2270,28.4523,0.0583,11.4085,6.6121,,true,0,0.008333,0.0000,0.0000,1.00,0.00,0.0000,22,1,368,368,0,0,100,0,14,14,0,0,0,368,0,0,919834624,0.000000,0.000352,28.063625,0.00,2,5,10,18,16,24,26,14,29,32,36,34,43,43,36,0,0,0,0.0021,0.0585,0.0750,0.0047,0.0206,0.0748,0.0600,6.6121,0.0736,0.0000,1.1430,0.0049,0.0001,0.6651,0.0102,0.0075,0.0002
2271,28.4625,0.0583,11.5769,5.5446,,true,0,0.008333,0.0000,0.0000,1.00,0.00,0.0000,22,1,368,368,0,0,100,0,14,14,0,0,0,368,0,0,919834624,0.000000,0.000352,28.063625,0.00,2,5,10,18,16,24,26,14,29,32,36,34,43,43,36,0,0,0,0.0012,0.0475,0.0800,0.0045,0.0287,0.0743,0.0548,5.5446,0.0653,0.0000,1.0667,0.0040,0.0001,0.5095,0.0201,0.0057,0.0002
2272,28.4759,0.0583,12.1051,6.7372,,true,0,0.008333,0.0000,0.0000,1.00,0.00,0.0000,22,1,368,368,0,0,100,0,14,14,0,0,0,368,0,0,919834624,0.000000,0.000352,28.063625,0.00,2,5,10,18,16,24,26,14,29,32,36,34,43,43,36,0,0,0,0.0016,0.0804,0.0847,0.0052,0.0390,0.0908,0.0501,6.7372,0.0794,0.0000,1.1917,0.0051,0.0001,0.6727,0.0075,0.0061,0.0002
2273,28.4879,0.0583,13.1145,5.5749,,true,0,0.008333,0.0000,0.0000,1.00,0.00,0.0000,22,1,368,368,0,0,100,0,14,14,0,0,0,368,0,0,919834624,0.000000,0.000352,28.063625,0.00,2,5,10,18,16,24,26,14,29,32,36,34,43,43,36,0,0,0,0.0021,0.0780,0.0591,0.0049,0.0231,0.0593,0.0486,5.5749,0.0483,0.0000,0.8110,0.0032,0.0001,0.4734,0.0065,0.0036,0.0001
2274,28.5021,0.0583,12.4993,7.2178,,true,0,0.008333,0.0000,0.0000,1.00,0.00,0.0000,22,1,368,368,0,0,100,0,14,14,0,0,0,368,0,0,919834624,0.000000,0.000352,28.063625,0.00,2,5,10,18,16,24,26,14,29,32,36,34,43,43,36,0,0,0,0.0021,0.0707,0.0813,0.0072,0.0303,0.0881,0.0591,7.2178,0.0803,0.0000,1.1496,0.0039,0.0001,0.6601,0.0093,0.0058,0.0002
2275,28.5156,0.0583,13.1254,7.3409,,true,0,0.008333,0.0000,0.0000,1.00,0.00,0.0000,22,1,368,368,0,0,100,0,14,14,0,0,0,368,0,0,919834624,0.000000,0.000352,28.063625,0.00,2,5,10,18,16,24,26,14,29,32,36,34,43,43,36,0,0,0,0.0014,0.0578,0.0784,0.0049,0.0219,0.0797,0.0561,7.3409,0.0703,0.0000,1.1745,0.0053,0.0002,0.6826,0.0093,0.0066,0.0002
2276,28.5259,0.0583,12.0112,6.1159,,true,0,0.008333,0.0000,0.0000,1.00,0.00,0.0000,22,1,368,368,0,0,100,0,14,14,0,0,0,368,0,0,919834624,0.000000,0.000352,28.063625,0.00,2,5,10,18,16,24,26,14,29,32,36,34,43,43,36,0,0,0,0.0016,0.0604,0.0758,0.0056,0.0259,0.1099,0.0570,6.1159,0.0705,0.0000,1.1267,0.0040,0.0001,0.6482,0.0078,0.0051,0.0002
2277,28.5384,0.0583,12.0270,6.2993,,true,0,0.008333,0.0000,0.0000,1.00,0.00,0.0000,22,1,368,368,0,0,100,0,14,14,0,0,0,368,0,0,919834624,0.000000,0.000352,28.063625,0.00,2,5,10,18,16,24,26,14,29,32,36,34,43,43,36,0,0,0,0.0014,0.0543,0.0820,0.0057,0.0235,0.0794,0.0570,6.2993,0.0527,0.0000,1.1618,0.0041,0.0001,0.6841,0.0089,0.0064,0.0002
2278,28.5494,0.0583,11.2449,6.1502,,true,0,0.008333,0.0000,0.0000,1.00,0.00,0.0000,22,1,368,368,0,0,100,0,14,14,0,0,0,368,0,0,919834624,0.000000,0.000352,28.063625,0.00,2,5,10,18,16,24,26,14,29,32,36,34,43,43,36,0,0,0,0.0013,0.0472,0.0729,0.0049,0.0227,0.0876,0.0510,6.1502,0.0758,0.0000,1.1167,0.0034,0.0001,0.6808,0.0051,0.0049,0.0002
2279,28.5649,0.0583,14.0346,7.4812,,true,0,0.008333,0.0000,0.0000,1.00,0.00,0.0000,22,1,368,368,0,0,100,0,14,14,0,0,0,368,0,0,919834624,0.000000,0.000352,28.063625,0.00,2,5,10,18,16,24,26,14,29,32,36,34,43,43,36,0,0,0,0.0017,0.0600,0.0737,0.0038,0.0144,0.0664,0.0599,7.4812,0.0653,0.0000,1.1591,0.0048,0.0001,0.6487,0.0080,0.0059,0.0002
2280,28.5754,0.0583,11.6708,6.0980,,true,0,0.008333,0.0000,0.0000,1.00,0.00,0.0000,22,1,368,368,0,0,100,0,14,14,0,0,0,368,0,0,919834624,0.000000,0.000352,28.063625,0.00,2,5,10,18,16,24,26,14,29,32,36,34,43,43,36,0,0,0,0.0014,0.0637,0.0946,0.0043,0.0224,0.0884,0.0598,6.0980,0.0708,0.0000,1.0851,0.0069,0.0001,0.5295,0.0159,0.0078,0.0002
2281,28.5903,0.0583,13.4805,7.6262,,true,0,0.008333,0.0000,0.0000,1.00,0.00,0.0000,22,1,368,368,0,0,100,0,14,14,0,0,0,368,0,0,919834624,0.000000,0.000352,28.063625,0.00,2,5,10,18,16,24,26,14,29,32,36,34,43,43,36,0,0,0,0.0015,0.0651,0.0728,0.0049,0.0240,0.0834,0.0520,7.6262,0.0668,0.0000,1.1029,0.0041,0.0001,0.6573,0.0066,0.0050,0.0002
2282,28.5998,0.0583,11.4246,5.8942,,true,0,0.008333,0.0000,0.0000,1.00,0.00,0.0000,22,1,368,368,0,0,100,0,14,14,0,0,0,368,0,0,919834624,0.000000,0.000352,28.063625,0.00,2,5,10,18,16,24,26,14,29,32,36,34,43,43,36,0,0,0,0.0029,0.0432,0.0540,0.0041,0.0187,0.0642,0.0453,5.8942,0.0742,0.0000,0.8404,0.0029,0.0001,0.4942,0.0055,0.0044,0.0001
2283,28.6124,0.0583,11.6696,6.7585,,true,0,0.008333,0.0000,0.0000,1.00,0.00,0.0000,22,1,368,368,0,0,100,0,14,14,0,0,0,368,0,0,919834624,0.000000,0.000352,28.063625,0.00,2,5,10,18,16,24,26,14,29,32,36,34,43,43,36,0,0,0,0.0037,0.0682,0.0818,0.0056,0.0238,0.0825,0.0644,6.7585,0.0953,0.0000,1.2219,0.0050,0.0002,0.7007,0.0080,0.0071,0.0002
2284,28.6244,0.0583,13.3643,5.6944,,true,0,0.008333,0.0000,0.0000,1.00,0.00,0.0000,22,1,368,368,0,0,100,0,14,14,0,0,0,368,0,0,919834624,0.000000,0.000352,28.063625,0.00,2,5,10,18,16,24,26,14,29,32,36,34,43,43,36,0,0,0,0.0012,0.0598,0.0727,0.0048,0.0246,0.0574,0.0499,5.6944,0.0563,0.0000,0.8689,0.0039,0.0001,0.4823,0.0070,0.0049,0.0002
2285,28.6381,0.0583,13.1885,5.9206,,true,0,0.008333,0.0000,0.0000,1.00,0.00,0.0000,22,1,368,368,0,0,100,0,14,14,0,0,0,368,0,0,919834624,0.000000,0.000352,28.063625,0.00,2,5,10,18,16,24,26,14,29,32,36,34,43,43,36,0,0,0,0.0009,0.0423,0.0620,0.0050,0.0274,0.0797,0.0385,5.9206,0.0576,0.0000,0.8051,0.0030,0.0001,0.4637,0.0055,0.0034,0.0001
2286,28.6570,0.0583,13.7744,10.2932,,true,1,0.008333,0.0000,0.0083,1.00,0.00,0.0000,22,1,368,368,0,0,100,0,14,14,0,0,0,368,0,0,919834624,0.000000,0.000352,28.368094,0.00,2,5,10,18,16,24,26,14,29,32,36,34,43,43,36,0,0,0,0.0015,0.0871,0.2120,0.0046,0.0266,0.3048,0.0471,10.2932,0.2262,0.0000,1.0782,0.0024,0.0001,0.6245,0.0121,0.0031,0.0001
2287,28.6683,0.0583,15.5165,6.6633,,true,0,0.008333,0.0000,0.0000,1.00,0.00,0.0000,22,1,368,368,0,0,100,0,14,14,0,0,0,368,0,0,919834624,0.000000,0.000352,28.368094,0.00,2,5,10,18,16,24,26,14,29,32,36,34,43,43,36,0,0,0,0.0015,0.0471,0.0633,0.0043,0.0281,0.0723,0.0415,6.6633,0.0690,0.0000,0.8250,0.0037,0.0001,0.4758,0.0079,0.0048,0.0001
2288,28.6804,0.0583,13.2947,5.7962,,true,0,0.008333,0.0000,0.0000,1.00,0.00,0.0000,22,1,368,368,0,0,100,0,14,14,0,0,0,368,0,0,919834624,0.000000,0.000352,28.368094,0.00,2,5,10,18,16,24,26,14,29,32,36,34,43,43,36,0,0,0,0.0016,0.0659,0.1178,0.0051,0.0121,0.0384,0.0646,5.7962,0.0866,0.0000,1.1665,0.0037,0.0001,0.6970,0.0097,0.0045,0.0002
2289,28.6952,0.0583,13.6241,6.6293,,true,0,0.008333,0.0000,0.0000,1.00,0.00,0.0000,22,1,368,368,0,0,100,0,14,14,0,0,0,368,0,0,919834624,0.000000,0.000352,28.368094,0.00,2,5,10,18,16,24,26,14,29,32,36,34,43,43,36,0,0,0,0.0016,0.0603,0.0985,0.0049,0.0392,0.0905,0.0671,6.6293,0.0807,0.0000,1.1570,0.0042,0.0001,0.6681,0.0174,0.0047,0.0002
2290,28.7085,0.0583,13.0279,7.0925,,true,0,0.008333,0.0000,0.0000,1.00,0.00,0.0000,22,1,368,368,0,0,100,0,14,14,0,0,0,368,0,0,919834624,0.000000,0.000352,28.368094,0.00,2,5,10,18,16,24,26,14,29,32,36,34,43,43,36,0,0,0,0.0013,0.0574,0.0663,0.0050,0.0193,0.0705,0.0434,7.0925,0.0757,0.0000,0.9824,0.0036,0.0001,0.5285,0.0111,0.0061,0.0002
2291,28.7195,0.0583,11.9391,6.0623,,true,0,0.008333,0.0000,0.0000,1.00,0.00,0.0000,22,1,368,368,0,0,100,0,14,14,0,0,0,368,0,0,919834624,0.000000,0.000352,28.368094,0.00,2,5,10,18,16,24,26,14,29,32,36,34,43,43,36,0,0,0,0.0014,0.0550,0.0611,0.0046,0.0207,0.0793,0.0460,6.0623,0.0754,0.0000,0.8657,0.0045,0.0001,0.4777,0.0093,0.0037,0.0001
2292,28.7313,0.0583,11.1433,6.7604,,true,0,0.008333,0.0000,0.0000,1.00,0.00,0.0000,22,1,368,368,0,0,100,0,14,14,0,0,0,368,0,0,919834624,0.000000,0.000352,28.368094,0.00,2,5,10,18,16,24,26,14,29,32,36,34,43,43,36,0,0,0,0.0014,0.0701,0.0824,0.0046,0.0271,0.0862,0.0656,6.7604,0.0737,0.0000,1.2343,0.0040,0.0002,0.6962,0.0081,0.0058,0.0003
2293,28.7449,0.0583,13.7487,6.8330,,true,0,0.008333,0.0000,0.0000,1.00,0.00,0.0000,22,1,368,368,0,0,100,0,14,14,0,0,0,368,0,0,919834624,0.000000,0.000352,28.368094,0.00,2,5,10,18,16,24,26,14,29,32,36,34,43,43,36,0,0,0,0.0013,0.0645,0.1017,0.0040,0.0198,0.0547,0.0530,6.8330,0.0933,0.0000,1.3915,0.0055,0.0001,0.7512,0.0106,0.0071,0.0002
2294,28.7598,0.0583,14.4637,6.9177,,true,0,0.008333,0.0000,0.0000,1.00,0.00,0.0000,22,1,368,368,0,0,100,0,14,14,0,0,0,368,0,0,919834624,0.000000,0.000352,28.368094,0.00,2,5,10,18,16,24,26,14,29,32,36,34,43,43,36,0,0,0,0.0016,0.0673,0.0770,0.0044,0.0156,0.0575,0.0744,6.9177,0.0693,0.0000,1.1878,0.0058,0.0001,0.6531,0.0092,0.0057,0.0003
2295,28.7709,0.0583,11.3527,6.7376,,true,0,0.008333,0.0000,0.0000,1.00,0.00,0.0000,22,1,368,368,0,0,100,0,14,14,0,0,0,368,0,0,919834624,0.000000,0.000352,28.368094,0.00,2,5,10,18,16,24,26,14,29,32,36,34,43,43,36,0,0,0,0.0019,0.0599,0.0821,0.0052,0.0232,0.0994,0.0609,6.7376,0.0877,0.0000,1.1807,0.0040,0.0001,0.6939,0.0174,0.0055,0.0002
2296,28.7834,0.0583,13.2228,6.2363,,true,0,0.008333,0.0000,0.0000,1.00,0.00,0.0000,22,1,368,368,0,0,100,0,14,14,0,0,0,368,0,0,919834624,0.000000,0.000352,28.368094,0.00,2,5,10,18,16,24,26,14,29,32,36,34,43,43,36,0,0,0,0.0015,0.0635,0.0760,0.0042,0.0246,0.0906,0.0610,6.2363,0.0737,0.0000,1.1216,0.0039,0.0001,0.6426,0.0088,0.0049,0.0002
2297,28.7954,0.0583,11.2812,6.7251,,true,0,0.008333,0.0000,0.0000,1.00,0.00,0.0000,22,1,368,368,0,0,100,0,14,14,0,0,0,368,0,0,919834624,0.000000,0.000352,28.368094,0.00,2,5,10,18,16,24,26,14,29,32,36,34,43,43,36,0,0,0,0.0015,0.0758,0.0772,0.0050,0.0290,0.0771,0.0623,6.7251,0.1004,0.0000,1.2357,0.0047,0.0001,0.6763,0.0086,0.0048,0.0002
2298,28.8076,0.0583,13.1299,6.2339,,true,0,0.008333,0.0000,0.0000,1.00,0.00,0.0000,22,1,368,368,0,0,100,0,14,14,0,0,0,368,0,0,919834624,0.000000,0.000352,28.368094,0.00,2,5,10,18,16,24,26,14,29,32,36,34,43,43,36,0,0,0,0.0013,0.0559,0.0584,0.0041,0.0188,0.0606,0.0495,6.2339,0.0720,0.0000,0.9015,0.0048,0.0001,0.4953,0.0088,0.0058,0.0002
2299,28.8219,0.0583,13.2799,6.9711,,true,0,0.008333,0.0000,0.0000,1.00,0.00,0.0000,22,1,368,368,0,0,100,0,14,14,0,0,0,368,0,0,919834624,0.000000,0.000352,28.368094,0.00,2,5,10,18,16,24,26,14,29,32,36,34,43,43,36,0,0,0,0.0015,0.0546,0.0788,0.0051,0.0209,0.0779,0.0621,6.9711,0.0675,0.0000,1.1293,0.0051,0.0001,0.6576,0.0141,0.0059,0.0002
2300,28.8331,0.0583,11.1394,6.9854,,true,0,0.008333,0.0000,0.0000,1.00,0.00,0.0000,22,1,368,368,0,0,100,0,14,14,0,0,0,368,0,0,919834624,0.000000,0.000352,28.368094,0.00,2,5,10,18,16,24,26,14,29,32,36,34,43,43,36,0,0,0,0.0018,0.0757,0.0860,0.0044,0.0236,0.0859,0.0587,6.9854,0.0802,0.0000,1.1448,0.0043,0.0002,0.6414,0.0079,0.0052,0.0002
2301,28.8455,0.0583,12.5018,6.9415,,true,0,0.008333,0.0000,0.0000,1.00,0.00,0.0000,22,1,368,368,0,0,100,0,14,14,0,0,0,368,0,0,919834624,0.000000,0.000352,28.368094,0.00,2,5,10,18,16,24,26,14,29,32,36,34,43,43,36,0,0,0,0.0016,0.0785,0.0713,0.0040,0.0198,0.0841,0.0551,6.9415,0.0778,0.0000,1.1130,0.0035,0.0002,0.6509,0.0062,0.0042,0.0002
2302,28.8582,0.0583,12.4485,7.0526,,true,0,0.008333,0.0000,0.0000,1.00,0.00,0.0000,22,1,368,368,0,0,100,0,14,14,0,0,0,368,0,0,919834624,0.000000,0.000352,28.368094,0.00,2,5,10,18,16,24,26,14,29,32,36,34,43,43,36,0,0,0,0.0015,0.0546,0.0831,0.0078,0.0234,0.0782,0.0451,7.0526,0.0559,0.0000,0.9428,0.0053,0.0001,0.5302,0.0065,0.0055,0.0002
2303,28.8676,0.0583,10.9650,5.9327,,true,0,0.008333,0.0000,0.0000,1.00,0.00,0.0000,22,1,368,368,0,0,100,0,14,14,0,0,0,368,0,0,919834624,0.000000,0.000352,28.368094,0.00,2,5,10,18,16,24,26,14,29,32,36,34,43,43,36,0,0,0,0.0017,0.0500,0.0771,0.0039,0.0250,0.0645,0.0707,5.9327,0.0786,0.0000,1.2385,0.0042,0.0001,0.7839,0.0078,0.0050,0.0002
2304,28.8801,0.0583,13.0547,5.1520,,true,0,0.008333,0.0000,0.0000,1.00,0.00,0.0000,22,1,368,368,0,0,100,0,14,14,0,0,0,368,0,0,919834624,0.000000,0.000352,28.368094,0.00,2,5,10,18,16,24,26,14,29,32,36,34,43,43,36,0,0,0,0.0018,0.0558,0.0576,0.0071,0.0133,0.0366,0.0482,5.1520,0.0616,0.0000,0.8056,0.0027,0.0001,0.4701,0.0062,0.0041,0.0001
2305,28.8940,0.0583,12.1559,6.5864,,true,0,0.008333,0.0000,0.0000,1.00,0.00,0.0000,22,1,368,368,0,0,100,0,14,14,0,0,0,368,0,0,919834624,0.000000,0.000352,28.368094,0.00,2,5,10,18,16,24,26,14,29,32,36,34,43,43,36,0,0,0,0.0016,0.0550,0.0759,0.0052,0.0228,0.0798,0.0638,6.5864,0.0784,0.0000,1.1794,0.0057,0.0001,0.7202,0.0088,0.0054,0.0002
2306,28.9053,0.0583,11.9860,6.2284,,true,0,0.008333,0.0000,0.0000,1.00,0.00,0.0000,22,1,368,368,0,0,100,0,14,14,0,0,0,368,0,0,919834624,0.000000,0.000352,28.368094,0.00,2,5,10,18,16,24,26,14,29,32,36,34,43,43,36,0,0,0,0.0014,0.0587,0.0586,0.0148,0.0262,0.0790,0.0489,6.2284,0.0582,0.0000,0.8528,0.0046,0.0001,0.4708,0.0072,0.0060,0.0001
2307,28.9193,0.0583,13.2112,6.7056,,true,0,0.008333,0.0000,0.0000,1.00,0.00,0.0000,22,1,368,368,0,0,100,0,14,14,0,0,0,368,0,0,919834624,0.000000,0.000352,28.368094,0.00,2,5,10,18,16,24,26,14,29,32,36,34,43,43,36,0,0,0,0.0010,0.0432,0.0584,0.0042,0.0218,0.0738,0.0411,6.7056,0.0533,0.0000,1.0859,0.0027,0.0001,0.7046,0.0118,0.0026,0.0001
2308,28.9281,0.0583,10.5278,5.4032,,true,0,0.008333,0.0000,0.0000,1.00,0.00,0.0000,22,1,368,368,0,0,100,0,14,14,0,0,0,368,0,0,919834624,0.000000,0.000352,28.368094,0.00,2,5,10,18,16,24,26,14,29,32,36,34,43,43,36,0,0,0,0.0008,0.0358,0.0562,0.0039,0.0202,0.0680,0.0415,5.4032,0.0580,0.0000,0.8110,0.0036,0.0001,0.4897,0.0074,0.0038,0.0002
2309,28.9422,0.0583,13.2694,6.2163,,true,0,0.008333,0.0000,0.0000,1.00,0.00,0.0000,22,1,368,368,0,0,100,0,14,14,0,0,0,368,0,0,919834624,0.000000,0.000352,28.368094,0.00,2,5,10,18,16,24,26,14,29,32,36,34,43,43,36,0,0,0,0.0017,0.0612,0.0826,0.0030,0.0179,0.0686,0.0635,6.2163,0.0753,0.0000,1.2423,0.0050,0.0002,0.7595,0.0090,0.0089,0.0002
2310,28.9548,0.0583,12.3008,6.3196,,true,1,0.008333,0.0000,0.0083,1.00,0.00,0.0000,22,1,368,368,0,0,100,0,14,14,0,0,0,368,0,0,919834624,0.000000,0.000352,28.672703,0.00,2,5,10,18,16,24,26,14,29,32,36,34,43,43,36,0,0,0,0.0010,0.0934,0.0613,0.0046,0.0258,0.2818,0.0444,6.3196,0.0471,0.0000,0.9423,0.0025,0.0001,0.5532,0.0095,0.0034,0.0001
2311,28.9654,0.0583,11.3659,5.7049,,true,0,0.008333,0.0000,0.0000,1.00,0.00,0.0000,22,1,368,368,0,0,100,0,14,14,0,0,0,368,0,0,919834624,0.000000,0.000352,28.672703,0.00,2,5,10,18,16,24,26,14,29,32,36,34,43,43,36,0,0,0,0.0016,0.0634,0.0728,0.0032,0.0179,0.1026,0.0678,5.7049,0.0659,0.0000,1.0888,0.0027,0.0001,0.6220,0.0072,0.0034,0.0002
2312,28.9787,0.0583,12.0979,6.6013,,true,0,0.008333,0.0000,0.0000,1.00,0.00,0.0000,22,1,368,368,0,0,100,0,14,14,0,0,0,368,0,0,919834624,0.000000,0.000352,28.672703,0.00,2,5,10,18,16,24,26,14,29,32,36,34,43,43,36,0,0,0,0.0019,0.0532,0.0693,0.0055,0.0237,0.0923,0.0433,6.6013,0.0747,0.0000,0.9202,0.0046,0.0001,0.5218,0.0080,0.0069,0.0001
2313,28.9913,0.0583,12.6978,6.5449,,true,0,0.008333,0.0000,0.0000,1.00,0.00,0.0000,22,1,368,368,0,0,100,0,14,14,0,0,0,368,0,0,919834624,0.000000,0.000352,28.672703,0.00,2,5,10,18,16,24,26,14,29,32,36,34,43,43,36,0,0,0,0.0014,0.0675,0.0848,0.0054,0.0247,0.0612,0.0576,6.5449,0.0790,0.0000,1.1681,0.0045,0.0001,0.6693,0.0087,0.0044,0.0002
2314,29.0031,0.0583,12.4735,6.0972,,true,0,0.008333,0.0000,0.0000,1.00,0.00,0.0000,22,1,368,368,0,0,100,0,14,14,0,0,0,368,0,0,919834624,0.000000,0.000352,28.672703,0.00,2,5,10,18,16,24,26,14,29,32,36,34,43,43,36,0,0,0,0.0015,0.1096,0.0816,0.0045,0.0229,0.0578,0.0614,6.0972,0.0777,0.0000,1.1366,0.0040,0.0001,0.6542,0.0081,0.0042,0.0002
2315,29.0144,0.0583,11.0617,6.2724,,true,0,0.008333,0.0000,0.0000,1.00,0.00,0.0000,22,1,368,368,0,0,100,0,14,14,0,0,0,368,0,0,919834624,0.000000,0.000352,28.672703,0.00,2,5,10,18,16,24,26,14,29,32,36,34,43,43,36,0,0,0,0.0046,0.0471,0.0621,0.0043,0.0237,0.0742,0.0473,6.2724,0.0744,0.0000,0.8945,0.0047,0.0001,0.5177,0.0089,0.0037,0.0002
2316,29.0269,0.0583,12.8328,6.1605,,true,0,0.008333,0.0000,0.0000,1.00,0.00,0.0000,22,1,368,368,0,0,100,0,14,14,0,0,0,368,0,0,919834624,0.000000,0.000352,28.672703,0.00,2,5,10,18,16,24,26,14,29,32,36,34,43,43,36,0,0,0,0.0015,0.0509,0.0938,0.0040,0.0205,0.0465,0.0516,6.1605,0.0772,0.0000,1.1025,0.0047,0.0001,0.6401,0.0082,0.0052,0.0002
2317,29.0591,0.0583,12.6938,25.2829,,true,0,0.008333,0.0000,0.0000,1.00,0.00,0.0000,22,1,368,368,0,0,100,0,14,14,0,0,0,368,0,0,919834624,0.000000,0.000352,28.672703,0.00,2,5,10,18,16,24,26,14,29,32,36,34,43,43,36,0,0,0,0.0014,0.0539,0.0597,0.0063,0.0216,0.0834,0.0584,25.2829,0.0430,0.0000,19.7234,0.0014,1.2804,0.4476,0.0138,0.0022,17.5592
2318,29.0677,0.0583,11.2876,7.1088,,true,0,0.008333,0.0000,0.0000,1.00,0.00,0.0000,22,1,368,368,0,0,100,0,14,14,0,0,0,368,0,0,919834624,0.000000,0.000352,28.672703,0.00,2,5,10,18,16,24,26,14,29,32,36,34,43,43,36,0,0,0,0.0039,0.0279,0.0716,0.0032,0.0161,0.0303,0.0504,7.1088,0.0620,0.0000,1.2966,0.0031,0.0001,0.8137,0.0070,0.0049,0.0002
2319,29.0761,0.0583,24.9337,6.3158,,true,0,0.008333,0.0000,0.0000,1.00,0.00,0.0000,22,1,368,368,0,0,100,0,14,14,0,0,0,368,0,0,919834624,0.000000,0.000352,28.672703,0.00,2,5,10,18,16,24,26,14,29,32,36,34,43,43,36,0,0,0,0.0070,0.0744,0.0944,0.0046,0.0163,0.0933,0.0808,6.3158,0.0897,0.0000,0.9134,0.0044,0.0001,0.5182,0.0101,0.0054,0.0001
2320,29.0829,0.0583,7.4938,5.6240,,true,0,0.008333,0.0000,0.0000,1.00,0.00,0.0000,22,1,368,368,0,0,100,0,14,14,0,0,0,368,0,0,919834624,0.000000,0.000352,28.672703,0.00,2,5,10,18,16,24,26,14,29,32,36,34,43,43,36,0,0,0,0.0011,0.0861,0.0821,0.0030,0.0137,0.0628,0.0490,5.6240,0.0816,0.0000,1.2337,0.0052,0.0001,0.6538,0.0094,0.0491,0.0002
2321,29.0907,0.0583,7.0530,6.2035,,true,0,0.008333,0.0000,0.0000,1.00,0.00,0.0000,22,1,368,368,0,0,100,0,14,14,0,0,0,368,0,0,919834624,0.000000,0.000352,28.672703,0.00,2,5,10,18,16,24,26,14,29,32,36,34,43,43,36,0,0,0,0.0065,0.0515,0.0770,0.0045,0.0186,0.0649,0.0554,6.2035,0.1071,0.0000,1.1620,0.0049,0.0001,0.6799,0.0101,0.0062,0.0002
2322,29.1022,0.0583,11.5963,6.4124,,true,0,0.008333,0.0000,0.0000,1.00,0.00,0.0000,22,1,368,368,0,0,100,0,14,14,0,0,0,368,0,0,919834624,0.000000,0.000352,28.672703,0.00,2,5,10,18,16,24,26,14,29,32,36,34,43,43,36,0,0,0,0.0015,0.0635,0.0650,0.0047,0.0216,0.0449,0.0606,6.4124,0.0853,0.0000,1.2775,0.0048,0.0001,0.7829,0.0075,0.0049,0.0002
2323,29.1131,0.0583,10.6599,6.0572,,true,0,0.008333,0.0000,0.0000,1.00,0.00,0.0000,22,1,368,368,0,0,100,0,14,14,0,0,0,368,0,0,919834624,0.000000,0.000352,28.672703,0.00,2,5,10,18,16,24,26,14,29,32,36,34,43,43,36,0,0,0,0.0017,0.0841,0.0567,0.0039,0.0183,0.0600,0.1079,6.0572,0.0780,0.0000,0.8336,0.0038,0.0001,0.4801,0.0060,0.0058,0.0001
2324,29.1244,0.0583,11.9789,6.0307,,true,0,0.008333,0.0000,0.0000,1.00,0.00,0.0000,22,1,368,368,0,0,100,0,14,14,0,0,0,368,0,0,919834624,0.000000,0.000352,28.672703,0.00,2,5,10,18,16,24,26,14,29,32,36,34,43,43,36,0,0,0,0.0018,0.0568,0.0743,0.0050,0.0248,0.0582,0.0637,6.0307,0.0616,0.0000,1.1354,0.0042,0.0002,0.6461,0.0069,0.0057,0.0002
2325,29.1358,0.0583,11.5662,5.7162,,true,0,0.008333,0.0000,0.0000,1.00,0.00,0.0000,22,1,368,368,0,0,100,0,14,14,0,0,0,368,0,0,919834624,0.000000,0.000352,28.672703,0.00,2,5,10,18,16,24,26,14,29,32,36,34,43,43,36,0,0,0,0.0015,0.0656,0.0865,0.0052,0.0215,0.0812,0.0821,5.7162,0.0570,0.0000,1.1563,0.0058,0.0001,0.6595,0.0074,0.0065,0.0002
2326,29.1473,0.0583,11.1427,5.8746,,true,0,0.008333,0.0000,0.0000,1.00,0.00,0.0000,22,1,368,368,0,0,100,0,14,14,0,0,0,368,0,0,919834624,0.000000,0.000352,28.672703,0.00,2,5,10,18,16,24,26,14,29,32,36,34,43,43,36,0,0,0,0.0032,0.0752,0.1002,0.0036,0.0149,0.0445,0.0824,5.8746,0.0960,0.0000,1.1578,0.0051,0.0001,0.6630,0.0076,0.0052,0.0002
2327,29.1602,0.0583,13.4785,5.4008,,true,0,0.008333,0.0000,0.0000,1.00,0.00,0.0000,22,1,368,368,0,0,100,0,14,14,0,0,0,368,0,0,919834624,0.000000,0.000352,28.672703,0.00,2,5,10,18,16,24,26,14,29,32,36,34,43,43,36,0,0,0,0.0013,0.0534,0.0520,0.0031,0.0196,0.0549,0.0498,5.4008,0.0541,0.0000,0.8544,0.0034,0.0001,0.4866,0.0076,0.0043,0.0002
2328,29.1722,0.0583,11.2513,5.8702,,true,0,0.008333,0.0000,0.0000,1.00,0.00,0.0000,22,1,368,368,0,0,100,0,14,14,0,0,0,368,0,0,919834624,0.000000,0.000352,28.672703,0.00,2,5,10,18,16,24,26,14,29,32,36,34,43,43,36,0,0,0,0.0013,0.0538,0.0708,0.0039,0.0241,0.0863,0.0592,5.8702,0.0668,0.0000,0.9069,0.0035,0.0001,0.4974,0.0087,0.0051,0.0002
2329,29.1879,0.0583,13.7380,7.8012,,true,0,0.008333,0.0000,0.0000,1.00,0.00,0.0000,22,1,368,368,0,0,100,0,14,14,0,0,0,368,0,0,919834624,0.000000,0.000352,28.672703,0.00,2,5,10,18,16,24,26,14,29,32,36,34,43,43,36,0,0,0,0.0013,0.0533,0.0657,0.0054,0.0230,0.0642,0.0781,7.8012,0.0994,0.0000,1.1166,0.0034,0.0001,0.6553,0.0084,0.0034,0.0002
2330,29.1982,0.0583,12.5627,5.7546,,true,0,0.008333,0.0000,0.0000,1.00,0.00,0.0000,22,1,368,368,0,0,100,0,14,14,0,0,0,368,0,0,919834624,0.000000,0.000352,28.672703,0.00,2,5,10,18,16,24,26,14,29,32,36,34,43,43,36,0,0,0,0.0019,0.0514,0.0549,0.0023,0.0204,0.0698,0.0617,5.7546,0.0540,0.0000,0.9356,0.0053,0.0001,0.5348,0.0204,0.0062,0.0002
2331,29.2083,0.0583,9.9257,6.1348,,true,0,0.008333,0.0000,0.0000,1.00,0.00,0.0000,22,1,368,368,0,0,100,0,14,14,0,0,0,368,0,0,919834624,0.000000,0.000352,28.672703,0.00,2,5,10,18,16,24,26,14,29,32,36,34,43,43,36,0,0,0,0.0038,0.0544,0.0719,0.0043,0.0243,0.0585,0.0638,6.1348,0.0713,0.0000,1.1789,0.0038,0.0001,0.6985,0.0080,0.0051,0.0002
2332,29.2206,0.0583,12.9164,5.5543,,true,0,0.008333,0.0000,0.0000,1.00,0.00,0.0000,22,1,368,368,0,0,100,0,14,14,0,0,0,368,0,0,919834624,0.000000,0.000352,28.672703,0.00,2,5,10,18,16,24,26,14,29,32,36,34,43,43,36,0,0,0,0.0019,0.0637,0.0608,0.0032,0.0187,0.0460,0.0742,5.5543,0.0556,0.0000,0.9177,0.0037,0.0001,0.4934,0.0070,0.0052,0.0001
2333,29.2347,0.0583,12.8541,6.4679,,true,0,0.008333,0.0000,0.0000,1.00,0.00,0.0000,22,1,368,368,0,0,100,0,14,14,0,0,0,368,0,0,919834624,0.000000,0.000352,28.672703,0.00,2,5,10,18,16,24,26,14,29,32,36,34,43,43,36,0,0,0,0.0016,0.0725,0.0698,0.0053,0.0204,0.0852,0.0701,6.4679,0.0743,0.0000,0.9724,0.0034,0.0001,0.4972,0.0084,0.0045,0.0003
2334,29.2456,0.0583,12.2341,5.2402,,true,0,0.008333,0.0000,0.0000,1.00,0.00,0.0000,22,1,368,368,0,0,100,0,14,14,0,0,0,368,0,0,919834624,0.000000,0.000352,28.672703,0.00,2,5,10,18,16,24,26,14,29,32,36,34,43,43,36,0,0,0,0.0009,0.0303,0.0499,0.0039,0.0230,0.0641,0.0465,5.2402,0.0391,0.0000,0.7474,0.0015,0.0001,0.4471,0.0034,0.0020,0.0002
2335,29.2591,0.0583,12.6743,6.2993,,true,1,0.008333,0.0000,0.0083,1.00,0.00,0.0000,22,1,368,368,0,0,100,0,14,14,0,0,0,368,0,0,919834624,0.000000,0.000352,28.976920,0.00,2,5,10,18,16,24,26,14,29,32,36,34,43,43,36,0,0,0,0.0021,0.0762,0.0777,0.0039,0.0173,0.2054,0.0928,6.2993,0.0857,0.0000,1.1162,0.0047,0.0001,0.6405,0.0066,0.0048,0.0002
2336,29.2697,0.0583,11.8245,5.2210,,true,0,0.008333,0.0000,0.0000,1.00,0.00,0.0000,22,1,368,368,0,0,100,0,14,14,0,0,0,368,0,0,919834624,0.000000,0.000352,28.976920,0.00,2,5,10,18,16,24,26,14,29,32,36,34,43,43,36,0,0,0,0.0010,0.0435,0.0552,0.0051,0.0179,0.0600,0.0578,5.2210,0.0618,0.0000,0.8378,0.0029,0.0001,0.5102,0.0065,0.0040,0.0001
2337,29.2862,0.0583,13.6521,7.5133,,true,0,0.008333,0.0000,0.0000,1.00,0.00,0.0000,22,1,368,368,0,0,100,0,14,14,0,0,0,368,0,0,919834624,0.000000,0.000352,28.976920,0.00,2,5,10,18,16,24,26,14,29,32,36,34,43,43,36,0,0,0,0.0016,0.0786,0.0884,0.0043,0.0188,0.0711,0.0655,7.5133,0.1383,0.0000,1.2597,0.0043,0.0001,0.7413,0.0110,0.0042,0.0002
2338,29.2967,0.0583,12.8026,5.2156,,true,0,0.008333,0.0000,0.0000,1.00,0.00,0.0000,22,1,368,368,0,0,100,0,14,14,0,0,0,368,0,0,919834624,0.000000,0.000352,28.976920,0.00,2,5,10,18,16,24,26,14,29,32,36,34,43,43,36,0,0,0,0.0017,0.0447,0.0681,0.0033,0.0147,0.0391,0.0704,5.2156,0.0658,0.0000,0.8887,0.0037,0.0001,0.5446,0.0057,0.0063,0.0001
2339,29.3091,0.0583,10.9192,6.8415,,true,0,0.008333,0.0000,0.0000,1.00,0.00,0.0000,22,1,368,368,0,0,100,0,14,14,0,0,0,368,0,0,919834624,0.000000,0.000352,28.976920,0.00,2,5,10,18,16,24,26,14,29,32,36,34,43,43,36,0,0,0,0.0017,0.0549,0.0654,0.0054,0.0275,0.0888,0.0425,6.8415,0.0717,0.0000,0.8709,0.0039,0.0001,0.4908,0.0115,0.0048,0.0001
2340,29.3192,0.0583,11.7177,5.3727,,true,0,0.008333,0.0000,0.0000,1.00,0.00,0.0000,22,1,368,368,0,0,100,0,14,14,0,0,0,368,0,0,919834624,0.000000,0.000352,28.976920,0.00,2,5,10,18,16,24,26,14,29,32,36,34,43,43,36,0,0,0,0.0014,0.0590,0.0718,0.0034,0.0149,0.0414,0.0657,5.3727,0.0645,0.0000,1.0791,0.0040,0.0001,0.6204,0.0065,0.0048,0.0002
2341,29.3314,0.0583,11.0249,6.2038,,true,0,0.008333,0.0000,0.0000,1.00,0.00,0.0000,22,1,368,368,0,0,100,0,14,14,0,0,0,368,0,0,919834624,0.000000,0.000352,28.976920,0.00,2,5,10,18,16,24,26,14,29,32,36,34,43,43,36,0,0,0,0.0043,0.0600,0.1016,0.0028,0.0152,0.0496,0.0538,6.2038,0.1056,0.0000,1.1744,0.0035,0.0001,0.6619,0.0089,0.0039,0.0002
2342,29.3445,0.0583,13.7628,5.7604,,true,0,0.008333,0.0000,0.0000,1.00,0.00,0.0000,22,1,368,368,0,0,100,0,14,14,0,0,0,368,0,0,919834624,0.000000,0.000352,28.976920,0.00,2,5,10,18,16,24,26,14,29,32,36,34,43,43,36,0,0,0,0.0011,0.0429,0.0555,0.0037,0.0218,0.0638,0.0767,5.7604,0.0616,0.0000,0.8135,0.0033,0.0001,0.4641,0.0068,0.0046,0.0002
2343,29.3561,0.0583,11.8192,5.5556,,true,0,0.008333,0.0000,0.0000,1.00,0.00,0.0000,22,1,368,368,0,0,100,0,14,14,0,0,0,368,0,0,919834624,0.000000,0.000352,28.976920,0.00,2,5,10,18,16,24,26,14,29,32,36,34,43,43,36,0,0,0,0.0034,0.0532,0.0769,0.0055,0.0240,0.0916,0.0601,5.5556,0.0680,0.0000,1.0935,0.0030,0.0001,0.6475,0.0093,0.0041,0.0002
2344,29.3698,0.0583,12.1314,7.0882,,true,0,0.008333,0.0000,0.0000,1.00,0.00,0.0000,22,1,368,368,0,0,100,0,14,14,0,0,0,368,0,0,919834624,0.000000,0.000352,28.976920,0.00,2,5,10,18,16,24,26,14,29,32,36,34,43,43,36,0,0,0,0.0015,0.0658,0.0627,0.0050,0.0214,0.1065,0.0447,7.0882,0.0726,0.0000,0.9774,0.0048,0.0001,0.5418,0.0091,0.0062,0.0001
2345,29.3828,0.0583,13.1765,6.5635,,true,0,0.008333,0.0000,0.0000,1.00,0.00,0.0000,22,1,368,368,0,0,100,0,14,14,0,0,0,368,0,0,919834624,0.000000,0.000352,28.976920,0.00,2,5,10,18,16,24,26,14,29,32,36,34,43,43,36,0,0,0,0.0019,0.0589,0.0794,0.0053,0.0284,0.1134,0.0584,6.5635,0.0859,0.0000,1.1725,0.0043,0.0001,0.6793,0.0103,0.0056,0.0002
2346,29.3964,0.0583,14.2219,6.1425,,true,0,0.008333,0.0000,0.0000,1.00,0.00,0.0000,22,1,368,368,0,0,100,0,14,14,0,0,0,368,0,0,919834624,0.000000,0.000352,28.976920,0.00,2,5,10,18,16,24,26,14,29,32,36,34,43,43,36,0,0,0,0.0038,0.0484,0.0647,0.0053,0.0224,0.0768,0.0434,6.1425,0.0795,0.0000,0.8906,0.0050,0.0001,0.5195,0.0097,0.0046,0.0002
2347,29.4081,0.0583,11.8985,6.1031,,true,0,0.008333,0.0000,0.0000,1.00,0.00,0.0000,22,1,368,368,0,0,100,0,14,14,0,0,0,368,0,0,919834624,0.000000,0.000352,28.976920,0.00,2,5,10,18,16,24,26,14,29,32,36,34,43,43,36,0,0,0,0.0020,0.0389,0.1099,0.0041,0.0281,0.0857,0.0486,6.1031,0.0798,0.0000,0.9211,0.0040,0.0001,0.5481,0.0076,0.0030,0.0002
2348,29.4208,0.0583,13.3564,5.6759,,true,0,0.008333,0.0000,0.0000,1.00,0.00,0.0000,22,1,368,368,0,0,100,0,14,14,0,0,0,368,0,0,919834624,0.000000,0.000352,28.976920,0.00,2,5,10,18,16,24,26,14,29,32,36,34,43,43,36,0,0,0,0.0015,0.0558,0.0625,0.0046,0.0186,0.0631,0.0744,5.6759,0.0528,0.0000,1.0424,0.0038,0.0001,0.5943,0.0065,0.0049,0.0002
2349,29.4346,0.0583,12.1394,6.9689,,true,0,0.008333,0.0000,0.0000,1.00,0.00,0.0000,22,1,368,368,0,0,100,0,14,14,0,0,0,368,0,0,919834624,0.000000,0.000352,28.976920,0.00,2,5,10,18,16,24,26,14,29,32,36,34,43,43,36,0,0,0,0.0016,0.0668,0.0764,0.0046,0.0252,0.0830,0.0658,6.9689,0.0757,0.0000,1.2362,0.0043,0.0001,0.7111,0.0082,0.0056,0.0002
2350,29.4476,0.0583,12.8782,7.1939,,true,0,0.008333,0.0000,0.0000,1.00,0.00,0.0000,22,1,368,368,0,0,100,0,14,14,0,0,0,368,0,0,919834624,0.000000,0.000352,28.976920,0.00,2,5,10,18,16,24,26,14,29,32,36,34,43,43,36,0,0,0,0.0019,0.0645,0.0732,0.0047,0.0240,0.0820,0.0571,7.1939,0.0593,0.0000,1.1818,0.0047,0.0002,0.6521,0.0098,0.0074,0.0002
2351,29.4573,0.0583,11.8801,5.0816,,true,0,0.008333,0.0000,0.0000,1.00,0.00,0.0000,22,1,368,368,0,0,100,0,14,14,0,0,0,368,0,0,919834624,0.000000,0.000352,28.976920,0.00,2,5,10,18,16,24,26,14,29,32,36,34,43,43,36,0,0,0,0.0010,0.0416,0.0552,0.0028,0.0188,0.0650,0.0416,5.0816,0.0623,0.0000,0.8308,0.0033,0.0001,0.4971,0.0065,0.0048,0.0001
2352,29.4694,0.0583,10.9299,6.3569,,true,0,0.008333,0.0000,0.0000,1.00,0.00,0.0000,22,1,368,368,0,0,100,0,14,14,0,0,0,368,0,0,919834624,0.000000,0.000352,28.976920,0.00,2,5,10,18,16,24,26,14,29,32,36,34,43,43,36,0,0,0,0.0021,0.0634,0.0777,0.0032,0.0157,0.0511,0.0809,6.3569,0.0726,0.0000,1.1872,0.0057,0.0001,0.6517,0.0228,0.0065,0.0002
2353,29.4829,0.0583,13.4321,6.3985,,true,0,0.008333,0.0000,0.0000,1.00,0.00,0.0000,22,1,368,368,0,0,100,0,14,14,0,0,0,368,0,0,919834624,0.000000,0.000352,28.976920,0.00,2,5,10,18,16,24,26,14,29,32,36,34,43,43,36,0,0,0,0.0015,0.0570,0.0757,0.0043,0.0202,0.0742,0.0604,6.3985,0.0746,0.0000,1.1252,0.0039,0.0002,0.6560,0.0079,0.0056,0.0002
2354,29.4964,0.0583,11.6846,7.8839,,true,0,0.008333,0.0000,0.0000,1.00,0.00,0.0000,22,1,368,368,0,0,100,0,14,14,0,0,0,368,0,0,919834624,0.000000,0.000352,28.976920,0.00,2,5,10,18,16,24,26,14,29,32,36,34,43,43,36,0,0,0,0.0027,0.0734,0.0854,0.0049,0.0234,0.0789,0.0621,7.8839,0.0846,0.0000,1.1828,0.0053,0.0001,0.6706,0.0110,0.0045,0.0002
2355,29.5086,0.0583,13.2720,6.8995,,true,0,0.008333,0.0000,0.0000,1.00,0.00,0.0000,22,1,368,368,0,0,100,0,14,14,0,0,0,368,0,0,919834624,0.000000,0.000352,28.976920,0.00,2,5,10,18,16,24,26,14,29,32,36,34,43,43,36,0,0,0,0.0018,0.0794,0.0607,0.0063,0.0238,0.0637,0.0788,6.8995,0.0639,0.0000,1.0973,0.0038,0.0002,0.5472,0.0092,0.0061,0.0003
2356,29.5204,0.0583,12.5926,6.1294,,true,0,0.008333,0.0000,0.0000,1.00,0.00,0.0000,22,1,368,368,0,0,100,0,14,14,0,0,0,368,0,0,919834624,0.000000,0.000352,28.976920,0.00,2,5,10,18,16,24,26,14,29,32,36,34,43,43,36,0,0,0,0.0018,0.0528,0.0628,0.0028,0.0168,0.0731,0.0594,6.1294,0.0505,0.0000,1.0679,0.0025,0.0002,0.6382,0.0060,0.0041,0.0002
2357,29.5317,0.0583,11.3187,6.2487,,true,0,0.008333,0.0000,0.0000,1.00,0.00,0.0000,22,1,368,368,0,0,100,0,14,14,0,0,0,368,0,0,919834624,0.000000,0.000352,28.976920,0.00,2,5,10,18,16,24,26,14,29,32,36,34,43,43,36,0,0,0,0.0018,0.0646,0.0823,0.0058,0.0261,0.0526,0.0549,6.2487,0.0718,0.0000,1.1316,0.0044,0.0002,0.6445,0.0091,0.0067,0.0003
2358,29.5455,0.0583,13.0718,6.9414,,true,0,0.008333,0.0000,0.0000,1.00,0.00,0.0000,22,1,368,368,0,0,100,0,14,14,0,0,0,368,0,0,919834624,0.000000,0.000352,28.976920,0.00,2,5,10,18,16,24,26,14,29,32,36,34,43,43,36,0,0,0,0.0017,0.0549,0.0756,0.0046,0.0186,0.0785,0.0524,6.9414,0.0742,0.0000,1.1138,0.0038,0.0001,0.6487,0.0088,0.0049,0.0002
2359,29.5564,0.0583,12.0056,5.9213,,true,0,0.008333,0.0000,0.0000,1.00,0.00,0.0000,22,1,368,368,0,0,100,0,14,14,0,0,0,368,0,0,919834624,0.000000,0.000352,28.976920,0.00,2,5,10,18,16,24,26,14,29,32,36,34,43,43,36,0,0,0,0.0014,0.0617,0.0805,0.0033,0.0195,0.0951,0.0587,5.9213,0.0712,0.0000,1.1067,0.0064,0.0001,0.6414,0.0094,0.0068,0.0002
2360,29.5675,0.0583,10.5901,6.4875,,true,1,0.008333,0.0000,0.0083,1.00,0.00,0.0000,22,1,368,368,0,0,100,0,14,14,0,0,0,368,0,0,919834624,0.000000,0.000352,29.280680,0.00,2,5,10,18,16,24,26,14,29,32,36,34,43,43,36,0,0,0,0.0021,0.0651,0.0838,0.0044,0.0192,0.2937,0.0669,6.4875,0.0904,0.0000,1.1530,0.0060,0.0001,0.6598,0.0081,0.0097,0.0002
2361,29.5812,0.0583,12.6012,7.4512,,true,0,0.008333,0.0000,0.0000,1.00,0.00,0.0000,22,1,368,368,0,0,100,0,14,14,0,0,0,368,0,0,919834624,0.000000,0.000352,29.280680,0.00,2,5,10,18,16,24,26,14,29,32,36,34,43,43,36,0,0,0,0.0019,0.0677,0.0848,0.0037,0.0198,0.0639,0.0696,7.4512,0.0871,0.0000,1.1211,0.0044,0.0002,0.6521,0.0073,0.0051,0.0002
2362,29.5930,0.0583,12.5045,6.6414,,true,0,0.008333,0.0000,0.0000,1.00,0.00,0.0000,22,1,368,368,0,0,100,0,14,14,0,0,0,368,0,0,919834624,0.000000,0.000352,29.280680,0.00,2,5,10,18,16,24,26,14,29,32,36,34,43,43,36,0,0,0,0.0009,0.0580,0.0603,0.0064,0.0215,0.0767,0.0419,6.6414,0.0614,0.0000,0.9037,0.0041,0.0001,0.4961,0.0096,0.0069,0.0001
2363,29.6021,0.0583,11.0312,4.8802,,true,0,0.008333,0.0000,0.0000,1.00,0.00,0.0000,22,1,368,368,0,0,100,0,14,14,0,0,0,368,0,0,919834624,0.000000,0.000352,29.280680,0.00,2,5,10,18,16,24,26,14,29,32,36,34,43,43,36,0,0,0,0.0019,0.0616,0.0573,0.0033,0.0186,0.0530,0.0966,4.8802,0.0595,0.0000,0.9051,0.0034,0.0001,0.4978,0.0053,0.0041,0.0002
2364,29.6146,0.0583,11.6579,5.6030,,true,0,0.008333,0.0000,0.0000,1.00,0.00,0.0000,22,1,368,368,0,0,100,0,14,14,0,0,0,368,0,0,919834624,0.000000,0.000352,29.280680,0.00,2,5,10,18,16,24,26,14,29,32,36,34,43,43,36,0,0,0,0.0022,0.0640,0.0579,0.0043,0.0275,0.0784,0.0773,5.6030,0.0635,0.0000,1.0184,0.0048,0.0002,0.5255,0.0073,0.0052,0.0003
2365,29.6297,0.0583,14.3371,6.4612,,true,0,0.008333,0.0000,0.0000,1.00,0.00,0.0000,22,1,368,368,0,0,100,0,14,14,0,0,0,368,0,0,919834624,0.000000,0.000352,29.280680,0.00,2,5,10,18,16,24,26,14,29,32,36,34,43,43,36,0,0,0,0.0015,0.0705,0.0815,0.0042,0.0186,0.0705,0.0625,6.4612,0.0905,0.0000,1.2292,0.0055,0.0002,0.6437,0.0090,0.0059,0.0003
2366,29.6437,0.0583,13.2076,7.3710,,true,0,0.008333,0.0000,0.0000,1.00,0.00,0.0000,22,1,368,368,0,0,100,0,14,14,0,0,0,368,0,0,919834624,0.000000,0.000352,29.280680,0.00,2,5,10,18,16,24,26,14,29,32,36,34,43,43,36,0,0,0,0.0069,0.0691,0.0868,0.0040,0.0210,0.0763,0.0611,7.3710,0.1106,0.0000,1.1634,0.0042,0.0001,0.6566,0.0067,0.0049,0.0002
2367,29.6576,0.0583,14.5787,6.1495,,true,0,0.008333,0.0000,0.0000,1.00,0.00,0.0000,22,1,368,368,0,0,100,0,14,14,0,0,0,368,0,0,919834624,0.000000,0.000352,29.280680,0.00,2,5,10,18,16,24,26,14,29,32,36,34,43,43,36,0,0,0,0.0012,0.0440,0.0746,0.0048,0.0207,0.0816,0.0453,6.1495,0.0606,0.0000,0.8595,0.0043,0.0001,0.4831,0.0091,0.0053,0.0001
2368,29.6685,0.0583,11.3048,6.0441,,true,0,0.008333,0.0000,0.0000,1.00,0.00,0.0000,22,1,368,368,0,0,100,0,14,14,0,0,0,368,0,0,919834624,0.000000,0.000352,29.280680,0.00,2,5,10,18,16,24,26,14,29,32,36,34,43,43,36,0,0,0,0.0025,0.0377,0.0724,0.0046,0.0193,0.0720,0.0449,6.0441,0.0711,0.0000,0.9134,0.0042,0.0001,0.5290,0.0153,0.0048,0.0002
2369,29.6814,0.0583,13.5569,5.5241,,true,0,0.008333,0.0000,0.0000,1.00,0.00,0.0000,22,1,368,368,0,0,100,0,14,14,0,0,0,368,0,0,919834624,0.000000,0.000352,29.280680,0.00,2,5,10,18,16,24,26,14,29,32,36,34,43,43,36,0,0,0,0.0017,0.0632,0.0720,0.0034,0.0179,0.0383,0.0746,5.5241,0.0665,0.0000,1.1489,0.0047,0.0001,0.6470,0.0081,0.0069,0.0002
2370,29.6950,0.0583,12.7009,6.1774,,true,0,0.008333,0.0000,0.0000,1.00,0.00,0.0000,22,1,368,368,0,0,100,0,14,14,0,0,0,368,0,0,919834624,0.000000,0.000352,29.280680,0.00,2,5,10,18,16,24,26,14,29,32,36,34,43,43,36,0,0,0,0.0015,0.0677,0.0853,0.0039,0.0172,0.0528,0.0810,6.1774,0.0596,0.0000,1.1969,0.0055,0.0001,0.6871,0.0076,0.0049,0.0002
2371,29.7053,0.0583,11.3340,5.3995,,true,0,0.008333,0.0000,0.0000,1.00,0.00,0.0000,22,1,368,368,0,0,100,0,14,14,0,0,0,368,0,0,919834624,0.000000,0.000352,29.280680,0.00,2,5,10,18,16,24,26,14,29,32,36,34,43,43,36,0,0,0,0.0011,0.0458,0.0628,0.0032,0.0139,0.0303,0.0414,5.3995,0.0554,0.0000,0.8385,0.0031,0.0001,0.4726,0.0092,0.0046,0.0001
2372,29.7172,0.0583,12.7788,4.8293,,true,0,0.008333,0.0000,0.0000,1.00,0.00,0.0000,22,1,368,368,0,0,100,0,14,14,0,0,0,368,0,0,919834624,0.000000,0.000352,29.280680,0.00,2,5,10,18,16,24,26,14,29,32,36,34,43,43,36,0,0,0,0.0015,0.0366,0.0543,0.0029,0.0111,0.0353,0.0401,4.8293,0.0507,0.0000,0.8269,0.0035,0.0001,0.4793,0.0058,0.0041,0.0002
2373,29.7293,0.0583,10.5941,6.3278,,true,0,0.008333,0.0000,0.0000,1.00,0.00,0.0000,22,1,368,368,0,0,100,0,14,14,0,0,0,368,0,0,919834624,0.000000,0.000352,29.280680,0.00,2,5,10,18,16,24,26,14,29,32,36,34,43,43,36,0,0,0,0.0013,0.0513,0.0624,0.0052,0.0289,0.0812,0.0538,6.3278,0.0610,0.0000,0.9391,0.0062,0.0001,0.5356,0.0101,0.0061,0.0001
2374,29.7419,0.0583,13.6198,5.2346,,true,0,0.008333,0.0000,0.0000,1.00,0.00,0.0000,22,1,368,368,0,0,100,0,14,14,0,0,0,368,0,0,919834624,0.000000,0.000352,29.280680,0.00,2,5,10,18,16,24,26,14,29,32,36,34,43,43,36,0,0,0,0.0009,0.0362,0.0638,0.0034,0.0155,0.0580,0.0380,5.2346,0.0564,0.0000,0.8329,0.0038,0.0001,0.4858,0.0087,0.0056,0.0001
2375,29.7551,0.0583,12.1361,5.7332,,true,0,0.008333,0.0000,0.0000,1.00,0.00,0.0000,22,1,368,368,0,0,100,0,14,14,0,0,0,368,0,0,919834624,0.000000,0.000352,29.280680,0.00,2,5,10,18,16,24,26,14,29,32,36,34,43,43,36,0,0,0,0.0008,0.0293,0.0481,0.0023,0.0092,0.0322,0.0367,5.7332,0.0360,0.0000,0.7738,0.0036,0.0001,0.4656,0.0048,0.0026,0.0001
2376,29.7680,0.0583,11.3333,7.4537,,true,0,0.008333,0.0000,0.0000,1.00,0.00,0.0000,22,1,368,368,0,0,100,0,14,14,0,0,0,368,0,0,919834624,0.000000,0.000352,29.280680,0.00,2,5,10,18,16,24,26,14,29,32,36,34,43,43,36,0,0,0,0.0015,0.0664,0.0857,0.0038,0.0195,0.0563,0.0678,7.4537,0.0806,0.0000,1.2532,0.0048,0.0002,0.7086,0.0082,0.0073,0.0002
2377,29.7787,0.0583,11.8267,6.4534,,true,0,0.008333,0.0000,0.0000,1.00,0.00,0.0000,22,1,368,368,0,0,100,0,14,14,0,0,0,368,0,0,919834624,0.000000,0.000352,29.280680,0.00,2,5,10,18,16,24,26,14,29,32,36,34,43,43,36,0,0,0,0.0013,0.0493,0.0564,0.0037,0.0194,0.0530,0.0439,6.4534,0.0564,0.0000,0.9552,0.0048,0.0001,0.5597,0.0076,0.0060,0.0002
2378,29.8064,0.0583,11.6424,22.2695,,true,0,0.008333,0.0000,0.0000,1.00,0.00,0.0000,22,1,368,368,0,0,100,0,14,14,0,0,0,368,0,0,919834624,0.000000,0.000352,29.280680,0.00,2,5,10,18,16,24,26,14,29,32,36,34,43,43,36,0,0,0,0.0053,0.0456,0.0855,0.0044,0.0252,0.0646,0.0395,22.2695,0.0679,0.0000,16.8400,0.0032,1.3562,0.5454,0.0171,0.0046,14.5666
2379,29.8142,0.0583,11.5054,6.3600,,true,1,0.008333,0.0000,0.0083,1.00,0.00,0.0000,22,1,368,368,0,0,100,0,14,14,0,0,0,368,0,0,919834624,0.000000,0.000352,29.534113,0.00,2,5,10,18,16,24,26,14,29,32,36,34,43,43,36,0,0,0,0.0019,0.0546,0.0900,0.0055,0.0224,0.3050,0.0594,6.3600,0.0559,0.0000,1.4364,0.0054,0.0002,0.8075,0.0086,0.0069,0.0002
2380,29.8220,0.0583,21.0534,5.3251,,true,0,0.008333,0.0000,0.0000,1.00,0.00,0.0000,22,1,368,368,0,0,100,0,14,14,0,0,0,368,0,0,919834624,0.000000,0.000352,29.534113,0.00,2,5,10,18,16,24,26,14,29,32,36,34,43,43,36,0,0,0,0.0012,0.0556,0.0619,0.0040,0.0139,0.0470,0.0684,5.3251,0.0677,0.0000,1.1104,0.0196,0.0001,0.4793,0.0145,0.0058,0.0004
2381,29.8287,0.0583,6.1829,5.8196,,true,0,0.008333,0.0000,0.0000,1.00,0.00,0.0000,22,1,368,368,0,0,100,0,14,14,0,0,0,368,0,0,919834624,0.000000,0.000352,29.534113,0.00,2,5,10,18,16,24,26,14,29,32,36,34,43,43,36,0,0,0,0.0012,0.0512,0.0637,0.0039,0.0117,0.0677,0.0628,5.8196,0.0501,0.0000,1.1473,0.0038,0.0002,0.6833,0.0073,0.0043,0.0002
2382,29.8365,0.0583,8.7231,5.6130,,true,0,0.008333,0.0000,0.0000,1.00,0.00,0.0000,22,1,368,368,0,0,100,0,14,14,0,0,0,368,0,0,919834624,0.000000,0.000352,29.534113,0.00,2,5,10,18,16,24,26,14,29,32,36,34,43,43,36,0,0,0,0.0017,0.0516,0.0729,0.0038,0.0187,0.0477,0.0587,5.6130,0.0386,0.0000,1.2828,0.0043,0.0001,0.8200,0.0109,0.0055,0.0004
2383,29.8500,0.0583,11.6038,7.0005,,true,0,0.008333,0.0000,0.0000,1.00,0.00,0.0000,22,1,368,368,0,0,100,0,14,14,0,0,0,368,0,0,919834624,0.000000,0.000352,29.534113,0.00,2,5,10,18,16,24,26,14,29,32,36,34,43,43,36,0,0,0,0.0016,0.0640,0.1292,0.0048,0.0207,0.0855,0.0614,7.0005,0.0813,0.0000,1.2461,0.0051,0.0001,0.6815,0.0087,0.0071,0.0002
2384,29.8638,0.0583,13.5266,7.0926,,true,0,0.008333,0.0000,0.0000,1.00,0.00,0.0000,22,1,368,368,0,0,100,0,14,14,0,0,0,368,0,0,919834624,0.000000,0.000352,29.534113,0.00,2,5,10,18,16,24,26,14,29,32,36,34,43,43,36,0,0,0,0.0013,0.0603,0.0781,0.0052,0.0220,0.0747,0.0652,7.0926,0.0701,0.0000,1.1425,0.0044,0.0001,0.6606,0.0098,0.0078,0.0002
2385,29.8744,0.0583,12.2261,5.8711,,true,0,0.008333,0.0000,0.0000,1.00,0.00,0.0000,22,1,368,368,0,0,100,0,14,14,0,0,0,368,0,0,919834624,0.000000,0.000352,29.534113,0.00,2,5,10,18,16,24,26,14,29,32,36,34,43,43,36,0,0,0,0.0015,0.0536,0.0802,0.0043,0.0223,0.0831,0.0592,5.8711,0.0850,0.0000,1.1634,0.0040,0.0002,0.6657,0.0092,0.0063,0.0002
2386,29.8885,0.0583,13.2040,6.7612,,true,0,0.008333,0.0000,0.0000,1.00,0.00,0.0000,22,1,368,368,0,0,100,0,14,14,0,0,0,368,0,0,919834624,0.000000,0.000352,29.534113,0.00,2,5,10,18,16,24,26,14,29,32,36,34,43,43,36,0,0,0,0.0017,0.0622,0.0641,0.0044,0.0291,0.0866,0.0466,6.7612,0.0784,0.0000,0.9474,0.0044,0.0001,0.5318,0.0089,0.0052,0.0001
2387,29.9012,0.0583,13.2624,6.0984,,true,0,0.008333,0.0000,0.0000,1.00,0.00,0.0000,22,1,368,368,0,0,100,0,14,14,0,0,0,368,0,0,919834624,0.000000,0.000352,29.534113,0.00,2,5,10,18,16,24,26,14,29,32,36,34,43,43,36,0,0,0,0.0019,0.0551,0.0881,0.0036,0.0218,0.0885,0.0536,6.0984,0.0955,0.0000,1.0940,0.0045,0.0001,0.6476,0.0064,0.0053,0.0002
2388,29.9147,0.0583,12.6736,6.5186,,true,0,0.008333,0.0000,0.0000,1.00,0.00,0.0000,22,1,368,368,0,0,100,0,14,14,0,0,0,368,0,0,919834624,0.000000,0.000352,29.534113,0.00,2,5,10,18,16,24,26,14,29,32,36,34,43,43,36,0,0,0,0.0018,0.0617,0.0601,0.0053,0.0266,0.0812,0.0495,6.5186,0.0674,0.0000,0.9096,0.0054,0.0001,0.4874,0.0100,0.0065,0.0001
2389,29.9238,0.0583,10.9223,5.1883,,true,0,0.008333,0.0000,0.0000,1.00,0.00,0.0000,22,1,368,368,0,0,100,0,14,14,0,0,0,368,0,0,919834624,0.000000,0.000352,29.534113,0.00,2,5,10,18,16,24,26,14,29,32,36,34,43,43,36,0,0,0,0.0015,0.0765,0.0752,0.0031,0.0130,0.0608,0.0604,5.1883,0.0758,0.0000,1.1280,0.0039,0.0001,0.6541,0.0071,0.0046,0.0002
2390,29.9356,0.0583,10.9863,5.7298,,true,0,0.008333,0.0000,0.0000,1.00,0.00,0.0000,22,1,368,368,0,0,100,0,14,14,0,0,0,368,0,0,919834624,0.000000,0.000352,29.534113,0.00,2,5,10,18,16,24,26,14,29,32,36,34,43,43,36,0,0,0,0.0015,0.0501,0.0591,0.0050,0.0237,0.0765,0.0442,5.7298,0.0485,0.0000,0.8583,0.0040,0.0001,0.4872,0.0063,0.0046,0.0002
2391,29.9462,0.0583,11.1402,5.0488,,true,0,0.008333,0.0000,0.0000,1.00,0.00,0.0000,22,1,368,368,0,0,100,0,14,14,0,0,0,368,0,0,919834624,0.000000,0.000352,29.534113,0.00,2,5,10,18,16,24,26,14,29,32,36,34,43,43,36,0,0,0,0.0009,0.0373,0.0476,0.0032,0.0151,0.0514,0.0401,5.0488,0.0485,0.0000,0.7966,0.0026,0.0001,0.4485,0.0032,0.0021,0.0001
2392,29.9619,0.0583,13.8238,7.0547,,true,0,0.008333,0.0000,0.0000,1.00,0.00,0.0000,22,1,368,368,0,0,100,0,14,14,0,0,0,368,0,0,919834624,0.000000,0.000352,29.534113,0.00,2,5,10,18,16,24,26,14,29,32,36,34,43,43,36,0,0,0,0.0021,0.0906,0.0743,0.0042,0.0247,0.0989,0.0671,7.0547,0.0655,0.0000,1.1822,0.0046,0.0002,0.6800,0.0138,0.0041,0.0002
2393,29.9719,0.0583,11.6193,5.4518,,true,1,0.008333,0.0000,0.0083,1.00,0.00,0.0000,22,1,368,368,0,0,100,0,14,14,0,0,0,368,0,0,919834624,0.000000,0.000352,29.686203,0.00,2,5,10,18,16,24,26,14,29,32,36,34,43,43,36,0,0,0,0.0012,0.0412,0.0590,0.0032,0.0172,0.2168,0.0428,5.4518,0.0632,0.0000,0.8563,0.0036,0.0001,0.4864,0.0076,0.0051,0.0001
2394,29.9843,0.0583,10.8632,7.5135,,true,0,0.008333,0.0000,0.0000,1.00,0.00,0.0000,22,1,368,368,0,0,100,0,14,14,0,0,0,368,0,0,919834624,0.000000,0.000352,29.686203,0.00,2,5,10,18,16,24,26,14,29,32,36,34,43,43,36,0,0,0,0.0010,0.0412,0.0882,0.0036,0.0171,0.0535,0.0425,7.5135,0.0849,0.0000,0.9852,0.0040,0.0001,0.5452,0.0100,0.0042,0.0002
2395,29.9999,0.0583,15.6387,6.8981,,true,0,0.008333,0.0000,0.0000,1.00,0.00,0.0000,22,1,368,368,0,0,100,0,14,14,0,0,0,368,0,0,919834624,0.000000,0.000352,29.686203,0.00,2,5,10,18,16,24,26,14,29,32,36,34,43,43,36,0,0,0,0.0014,0.0635,0.0759,0.0057,0.0214,0.0845,0.0560,6.8981,0.0689,0.0000,1.1497,0.0039,0.0001,0.6628,0.0104,0.0058,0.0004
2396,30.0112,0.0583,11.6755,6.3750,,true,0,0.008333,0.0000,0.0000,1.00,0.00,0.0000,22,1,368,368,0,0,100,0,14,14,0,0,0,368,0,0,919834624,0.000000,0.000352,29.686203,0.00,2,5,10,18,16,24,26,14,29,32,36,34,43,43,36,0,0,0,0.0047,0.0686,0.0753,0.0047,0.0257,0.0945,0.0611,6.3750,0.0836,0.0000,0.8999,0.0035,0.0001,0.4965,0.0045,0.0042,0.0002
2397,30.0231,0.0583,12.6759,6.1660,,true,1,0.008333,0.0000,0.0083,1.00,0.00,0.0000,22,1,368,368,0,0,100,0,14,14,0,0,0,368,0,0,919834624,0.000000,0.000352,29.736743,0.00,2,5,10,18,16,24,26,14,29,32,36,34,43,43,36,0,0,0,0.0018,0.0633,0.0702,0.0019,0.0136,0.1607,0.0969,6.1660,0.0686,0.0000,1.1355,0.0057,0.0001,0.6527,0.0077,0.0064,0.0002
2398,30.0360,0.0583,12.0067,6.7694,,true,0,0.008333,0.0000,0.0000,1.00,0.00,0.0000,22,1,368,368,0,0,100,0,14,14,0,0,0,368,0,0,919834624,0.000000,0.000352,29.736743,0.00,2,5,10,18,16,24,26,14,29,32,36,34,43,43,36,0,0,0,0.0021,0.0693,0.0839,0.0036,0.0201,0.0683,0.0667,6.7694,0.0839,0.0000,1.1923,0.0043,0.0001,0.6694,0.0073,0.0049,0.0002
2399,30.0474,0.0583,12.1663,6.1120,,true,0,0.008333,0.0000,0.0000,1.00,0.00,0.0000,22,1,368,368,0,0,100,0,14,14,0,0,0,368,0,0,919834624,0.000000,0.000352,29.736743,0.00,2,5,10,18,16,24,26,14,29,32,36,34,43,43,36,0,0,0,0.0012,0.0502,0.0686,0.0042,0.0229,0.0938,0.0466,6.1120,0.0674,0.0000,0.8805,0.0046,0.0001,0.4950,0.0073,0.0058,0.0001
2400,30.0592,0.0583,12.1409,5.6876,,true,0,0.008333,0.0000,0.0000,1.00,0.00,0.0000,22,1,368,368,0,0,100,0,14,14,0,0,0,368,0,0,919834624,0.000000,0.000352,29.736743,0.00,2,5,10,18,16,24,26,14,29,32,36,34,43,43,36,0,0,0,0.0013,0.0385,0.0529,0.0037,0.0228,0.0632,0.0423,5.6876,0.0581,0.0000,0.8308,0.0035,0.0001,0.4831,0.0058,0.0036,0.0001
2401,30.0709,0.0583,11.6245,5.5955,,true,0,0.008333,0.0000,0.0000,1.00,0.00,0.0000,22,1,368,368,0,0,100,0,14,14,0,0,0,368,0,0,919834624,0.000000,0.000352,29.736743,0.00,2,5,10,18,16,24,26,14,29,32,36,34,43,43,36,0,0,0,0.0025,0.1150,0.0984,0.0033,0.0089,0.0297,0.0751,5.5955,0.0577,0.0000,0.7622,0.0017,0.0001,0.4683,0.0040,0.0023,0.0002
2402,30.0848,0.0583,13.3524,6.3631,,true,0,0.008333,0.0000,0.0000,1.00,0.00,0.0000,22,1,368,368,0,0,100,0,14,14,0,0,0,368,0,0,919834624,0.000000,0.000352,29.736743,0.00,2,5,10,18,16,24,26,14,29,32,36,34,43,43,36,0,0,0,0.0023,0.0410,0.0599,0.0037,0.0188,0.0702,0.0394,6.3631,0.0643,0.0000,0.8248,0.0026,0.0001,0.4876,0.0068,0.0043,0.0001
2403,30.0967,0.0583,11.8536,6.1618,,true,0,0.008333,0.0000,0.0000,1.00,0.00,0.0000,22,1,368,368,0,0,100,0,14,14,0,0,0,368,0,0,919834624,0.000000,0.000352,29.736743,0.00,2,5,10,18,16,24,26,14,29,32,36,34,43,43,36,0,0,0,0.0017,0.0656,0.0750,0.0053,0.0194,0.0836,0.0732,6.1618,0.0707,0.0000,1.1641,0.0051,0.0002,0.6502,0.0083,0.0066,0.0002
2404,30.1104,0.0583,13.9213,6.0783,,true,0,0.008333,0.0000,0.0000,1.00,0.00,0.0000,22,1,368,368,0,0,100,0,14,14,0,0,0,368,0,0,919834624,0.000000,0.000352,29.736743,0.00,2,5,10,18,16,24,26,14,29,32,36,34,43,43,36,0,0,0,0.0021,0.0826,0.0646,0.0040,0.0146,0.0468,0.0835,6.0783,0.0721,0.0000,1.2465,0.0070,0.0001,0.6888,0.0116,0.0070,0.0002
2405,30.1227,0.0583,13.0128,5.4517,,true,0,0.008333,0.0000,0.0000,1.00,0.00,0.0000,22,1,368,368,0,0,100,0,14,14,0,0,0,368,0,0,919834624,0.000000,0.000352,29.736743,0.00,2,5,10,18,16,24,26,14,29,32,36,34,43,43,36,0,0,0,0.0009,0.0420,0.0563,0.0038,0.0146,0.0444,0.0457,5.4517,0.0583,0.0000,0.8071,0.0025,0.0001,0.4758,0.0072,0.0048,0.0001
2406,30.1347,0.0583,11.3047,6.0414,,true,0,0.008333,0.0000,0.0000,1.00,0.00,0.0000,22,1,368,368,0,0,100,0,14,14,0,0,0,368,0,0,919834624,0.000000,0.000352,29.736743,0.00,2,5,10,18,16,24,26,14,29,32,36,34,43,43,36,0,0,0,0.0017,0.0719,0.0755,0.0040,0.0169,0.0522,0.0719,6.0414,0.0757,0.0000,1.1612,0.0059,0.0001,0.6439,0.0072,0.0053,0.0002
2407,30.1445,0.0583,11.0312,4.8910,,true,0,0.008333,0.0000,0.0000,1.00,0.00,0.0000,22,1,368,368,0,0,100,0,14,14,0,0,0,368,0,0,919834624,0.000000,0.000352,29.736743,0.00,2,5,10,18,16,24,26,14,29,32,36,34,43,43,36,0,0,0,0.0011,0.0477,0.0556,0.0065,0.0134,0.0421,0.0472,4.8910,0.0585,0.0000,0.7974,0.0031,0.0001,0.4783,0.0044,0.0040,0.0002
2408,30.1578,0.0583,13.5923,4.9104,,true,0,0.008333,0.0000,0.0000,1.00,0.00,0.0000,22,1,368,368,0,0,100,0,14,14,0,0,0,368,0,0,919834624,0.000000,0.000352,29.736743,0.00,2,5,10,18,16,24,26,14,29,32,36,34,43,43,36,0,0,0,0.0027,0.0329,0.0535,0.0026,0.0128,0.0519,0.0417,4.9104,0.0449,0.0000,0.8177,0.0028,0.0001,0.4680,0.0073,0.0047,0.0001
2409,30.1707,0.0583,11.2911,6.2689,,true,0,0.008333,0.0000,0.0000,1.00,0.00,0.0000,22,1,368,368,0,0,100,0,14,14,0,0,0,368,0,0,919834624,0.000000,0.000352,29.736743,0.00,2,5,10,18,16,24,26,14,29,32,36,34,43,43,36,0,0,0,0.0014,0.0737,0.0778,0.0057,0.0277,0.0338,0.0779,6.2689,0.0779,0.0000,1.2316,0.0068,0.0002,0.7018,0.0080,0.0054,0.0002
2410,30.1840,0.0583,12.6533,6.8465,,true,0,0.008333,0.0000,0.0000,1.00,0.00,0.0000,22,1,368,368,0,0,100,0,14,14,0,0,0,368,0,0,919834624,0.000000,0.000352,29.736743,0.00,2,5,10,18,16,24,26,14,29,32,36,34,43,43,36,0,0,0,0.0016,0.0616,0.0845,0.0043,0.0233,0.0862,0.0570,6.8465,0.0612,0.0000,1.0847,0.0027,0.0002,0.6051,0.0086,0.0064,0.0002
2411,30.1973,0.0583,13.0571,6.7562,,true,0,0.008333,0.0000,0.0000,1.00,0.00,0.0000,22,1,368,368,0,0,100,0,14,14,0,0,0,368,0,0,919834624,0.000000,0.000352,29.736743,0.00,2,5,10,18,16,24,26,14,29,32,36,34,43,43,36,0,0,0,0.0016,0.0838,0.0738,0.0048,0.0232,0.0441,0.0584,6.7562,0.0690,0.0000,1.1289,0.0046,0.0002,0.6344,0.0069,0.0049,0.0002
2412,30.2064,0.0583,10.7969,5.4187,,true,0,0.008333,0.0000,0.0000,1.00,0.00,0.0000,22,1,368,368,0,0,100,0,14,14,0,0,0,368,0,0,919834624,0.000000,0.000352,29.736743,0.00,2,5,10,18,16,24,26,14,29,32,36,34,43,43,36,0,0,0,0.0009,0.0376,0.0628,0.0051,0.0288,0.0490,0.0378,5.4187,0.0670,0.0000,0.8535,0.0076,0.0001,0.4819,0.0063,0.0044,0.0003
2413,30.2205,0.0583,14.1397,5.4988,,true,0,0.008333,0.0000,0.0000,1.00,0.00,0.0000,22,1,368,368,0,0,100,0,14,14,0,0,0,368,0,0,919834624,0.000000,0.000352,29.736743,0.00,2,5,10,18,16,24,26,14,29,32,36,34,43,43,36,0,0,0,0.0017,0.0419,0.0613,0.0041,0.0128,0.0652,0.0598,5.4988,0.0504,0.0000,1.0538,0.0026,0.0001,0.6312,0.0068,0.0039,0.0002
2414,30.2318,0.0583,10.4646,6.1191,,true,0,0.008333,0.0000,0.0000,1.00,0.00,0.0000,22,1,368,368,0,0,100,0,14,14,0,0,0,368,0,0,919834624,0.000000,0.000352,29.736743,0.00,2,5,10,18,16,24,26,14,29,32,36,34,43,43,36,0,0,0,0.0025,0.0797,0.0862,0.0044,0.0202,0.0713,0.0708,6.1191,0.1034,0.0000,1.2087,0.0063,0.0001,0.6709,0.0227,0.0071,0.0002
2415,30.2437,0.0583,12.1430,5.9430,,true,0,0.008333,0.0000,0.0000,1.00,0.00,0.0000,22,1,368,368,0,0,100,0,14,14,0,0,0,368,0,0,919834624,0.000000,0.000352,29.736743,0.00,2,5,10,18,16,24,26,14,29,32,36,34,43,43,36,0,0,0,0.0024,0.0427,0.0587,0.0039,0.0186,0.0597,0.0449,5.9430,0.0561,0.0000,0.9117,0.0050,0.0001,0.5219,0.0077,0.0063,0.0001
2416,30.2550,0.0583,11.4602,6.0061,,true,0,0.008333,0.0000,0.0000,1.00,0.00,0.0000,22,1,368,368,0,0,100,0,14,14,0,0,0,368,0,0,919834624,0.000000,0.000352,29.736743,0.00,2,5,10,18,16,24,26,14,29,32,36,34,43,43,36,0,0,0,0.0024,0.0740,0.0777,0.0058,0.0160,0.0472,0.0718,6.0061,0.0675,0.0000,1.1601,0.0044,0.0001,0.6528,0.0089,0.0059,0.0002
2417,30.2666,0.0583,11.7179,5.8247,,true,0,0.008333,0.0000,0.0000,1.00,0.00,0.0000,22,1,368,368,0,0,100,0,14,14,0,0,0,368,0,0,919834624,0.000000,0.000352,29.736743,0.00,2,5,10,18,16,24,26,14,29,32,36,34,43,43,36,0,0,0,0.0018,0.0438,0.0619,0.0089,0.0326,0.0401,0.0433,5.8247,0.0596,0.0000,0.8726,0.0036,0.0001,0.4863,0.0065,0.0056,0.0002
2418,30.2781,0.0583,12.3329,4.7518,,true,1,0.008333,0.0000,0.0083,1.00,0.00,0.0000,22,1,368,368,0,0,100,0,14,14,0,0,0,368,0,0,919834624,0.000000,0.000352,29.989802,0.00,2,5,10,18,16,24,26,14,29,32,36,34,43,43,36,0,0,0,0.0014,0.0237,0.0470,0.0025,0.0174,0.1057,0.0414,4.7518,0.0414,0.0000,0.7597,0.0022,0.0001,0.4652,0.0048,0.0023,0.0002
2419,30.2931,0.0583,12.5416,7.0757,,true,0,0.008333,0.0000,0.0000,1.00,0.00,0.0000,22,1,368,368,0,0,100,0,14,14,0,0,0,368,0,0,919834624,0.000000,0.000352,29.989802,0.00,2,5,10,18,16,24,26,14,29,32,36,34,43,43,36,0,0,0,0.0034,0.0956,0.0918,0.0049,0.0262,0.0712,0.0625,7.0757,0.0914,0.0000,1.1557,0.0052,0.0001,0.6503,0.0075,0.0050,0.0002
2420,30.3032,0.0583,12.2580,5.3151,,true,0,0.008333,0.0000,0.0000,1.00,0.00,0.0000,22,1,368,368,0,0,100,0,14,14,0,0,0,368,0,0,919834624,0.000000,0.000352,29.989802,0.00,2,5,10,18,16,24,26,14,29,32,36,34,43,43,36,0,0,0,0.0013,0.0470,0.0866,0.0034,0.0189,0.0648,0.0441,5.3151,0.0643,0.0000,0.8530,0.0041,0.0001,0.4703,0.0071,0.0057,0.0003
2421,30.3166,0.0583,13.0371,5.3675,,true,0,0.008333,0.0000,0.0000,1.00,0.00,0.0000,22,1,368,368,0,0,100,0,14,14,0,0,0,368,0,0,919834624,0.000000,0.000352,29.989802,0.00,2,5,10,18,16,24,26,14,29,32,36,34,43,43,36,0,0,0,0.0007,0.0368,0.1109,0.0025,0.0142,0.0436,0.0431,5.3675,0.0720,0.0000,0.8437,0.0044,0.0001,0.5004,0.0067,0.0053,0.0002
2422,30.3269,0.0583,10.2739,5.7293,,true,0,0.008333,0.0000,0.0000,1.00,0.00,0.0000,22,1,368,368,0,0,100,0,14,14,0,0,0,368,0,0,919834624,0.000000,0.000352,29.989802,0.00,2,5,10,18,16,24,26,14,29,32,36,34,43,43,36,0,0,0,0.0009,0.0397,0.1028,0.0030,0.0121,0.0394,0.0382,5.7293,0.0553,0.0000,0.7908,0.0023,0.0001,0.4748,0.0057,0.0034,0.0001
2423,30.3405,0.0583,13.8554,5.3038,,true,0,0.008333,0.0000,0.0000,1.00,0.00,0.0000,22,1,368,368,0,0,100,0,14,14,0,0,0,368,0,0,919834624,0.000000,0.000352,29.989802,0.00,2,5,10,18,16,24,26,14,29,32,36,34,43,43,36,0,0,0,0.0036,0.0367,0.0508,0.0056,0.0246,0.0903,0.0386,5.3038,0.0479,0.0000,0.8365,0.0026,0.0001,0.4917,0.0069,0.0044,0.0002
2424,30.3539,0.0583,13.2908,5.5713,,true,0,0.008333,0.0000,0.0000,1.00,0.00,0.0000,22,1,368,368,0,0,100,0,14,14,0,0,0,368,0,0,919834624,0.000000,0.000352,29.989802,0.00,2,5,10,18,16,24,26,14,29,32,36,34,43,43,36,0,0,0,0.0017,0.0740,0.0733,0.0037,0.0135,0.0411,0.0696,5.5713,0.0846,0.0000,1.1952,0.0059,0.0001,0.6539,0.0233,0.0056,0.0002
2425,30.3664,0.0583,13.0981,4.9617,,true,0,0.008333,0.0000,0.0000,1.00,0.00,0.0000,22,1,368,368,0,0,100,0,14,14,0,0,0,368,0,0,919834624,0.000000,0.000352,29.989802,0.00,2,5,10,18,16,24,26,14,29,32,36,34,43,43,36,0,0,0,0.0009,0.0395,0.0625,0.0121,0.0126,0.0383,0.0395,4.9617,0.0603,0.0000,0.8172,0.0037,0.0001,0.4848,0.0067,0.0047,0.0002
2426,30.3789,0.0583,12.4531,5.2429,,true,0,0.008333,0.0000,0.0000,1.00,0.00,0.0000,22,1,368,368,0,0,100,0,14,14,0,0,0,368,0,0,919834624,0.000000,0.000352,29.989802,0.00,2,5,10,18,16,24,26,14,29,32,36,34,43,43,36,0,0,0,0.0011,0.0430,0.0521,0.0038,0.0168,0.0613,0.0370,5.2429,0.0505,0.0000,0.8487,0.0043,0.0001,0.4738,0.0073,0.0046,0.0001
2427,30.3930,0.0583,12.4262,6.1688,,true,0,0.008333,0.0000,0.0000,1.00,0.00,0.0000,22,1,368,368,0,0,100,0,14,14,0,0,0,368,0,0,919834624,0.000000,0.000352,29.989802,0.00,2,5,10,18,16,24,26,14,29,32,36,34,43,43,36,0,0,0,0.0010,0.0391,0.0657,0.0046,0.0250,0.0827,0.0581,6.1688,0.0655,0.0000,0.8915,0.0050,0.0001,0.4958,0.0093,0.0061,0.0001
2428,30.4042,0.0583,12.1169,5.9100,,true,0,0.008333,0.0000,0.0000,1.00,0.00,0.0000,22,1,368,368,0,0,100,0,14,14,0,0,0,368,0,0,919834624,0.000000,0.000352,29.989802,0.00,2,5,10,18,16,24,26,14,29,32,36,34,43,43,36,0,0,0,0.0018,0.0525,0.0751,0.0048,0.0223,0.0687,0.0610,5.9100,0.0625,0.0000,1.1046,0.0039,0.0001,0.6432,0.0081,0.0053,0.0002
2429,30.4188,0.0583,13.8907,6.2372,,true,0,0.008333,0.0000,0.0000,1.00,0.00,0.0000,22,1,368,368,0,0,100,0,14,14,0,0,0,368,0,0,919834624,0.000000,0.000352,29.989802,0.00,2,5,10,18,16,24,26,14,29,32,36,34,43,43,36,0,0,0,0.0015,0.0642,0.0752,0.0047,0.0239,0.0830,0.0561,6.2372,0.0630,0.0000,1.1435,0.0043,0.0002,0.6486,0.0086,0.0079,0.0002
2430,30.4281,0.0583,10.2280,5.4036,,true,0,0.008333,0.0000,0.0000,1.00,0.00,0.0000,22,1,368,368,0,0,100,0,14,14,0,0,0,368,0,0,919834624,0.000000,0.000352,29.989802,0.00,2,5,10,18,16,24,26,14,29,32,36,34,43,43,36,0,0,0,0.0037,0.0422,0.0546,0.0031,0.0184,0.0572,0.0467,5.4036,0.0803,0.0000,0.8256,0.0039,0.0001,0.4733,0.0067,0.0048,0.0001
2431,30.4398,0.0583,12.1035,5.1973,,true,0,0.008333,0.0000,0.0000,1.00,0.00,0.0000,22,1,368,368,0,0,100,0,14,14,0,0,0,368,0,0,919834624,0.000000,0.000352,29.989802,0.00,2,5,10,18,16,24,26,14,29,32,36,34,43,43,36,0,0,0,0.0021,0.0687,0.0585,0.0040,0.0195,0.0459,0.0635,5.1973,0.0496,0.0000,0.8335,0.0038,0.0001,0.4916,0.0079,0.0043,0.0001
2432,30.4520,0.0583,11.3685,5.8221,,true,0,0.008333,0.0000,0.0000,1.00,0.00,0.0000,22,1,368,368,0,0,100,0,14,14,0,0,0,368,0,0,919834624,0.000000,0.000352,29.989802,0.00,2,5,10,18,16,24,26,14,29,32,36,34,43,43,36,0,0,0,0.0009,0.0379,0.0462,0.0026,0.0134,0.0308,0.0486,5.8221,0.0382,0.0000,0.8780,0.0023,0.0001,0.4959,0.0057,0.0037,0.0001
2433,30.4654,0.0583,13.0363,6.1704,,true,0,0.008333,0.0000,0.0000,1.00,0.00,0.0000,22,1,368,368,0,0,100,0,14,14,0,0,0,368,0,0,919834624,0.000000,0.000352,29.989802,0.00,2,5,10,18,16,24,26,14,29,32,36,34,43,43,36,0,0,0,0.0016,0.0479,0.0702,0.0039,0.0180,0.0667,0.0737,6.1704,0.0780,0.0000,1.1707,0.0028,0.0002,0.7261,0.0162,0.0054,0.0002
2434,30.4753,0.0583,11.1385,4.8975,,true,0,0.008333,0.0000,0.0000,1.00,0.00,0.0000,22,1,368,368,0,0,100,0,14,14,0,0,0,368,0,0,919834624,0.000000,0.000352,29.989802,0.00,2,5,10,18,16,24,26,14,29,32,36,34,43,43,36,0,0,0,0.0025,0.0397,0.0544,0.0040,0.0181,0.0592,0.0428,4.8975,0.0546,0.0000,0.7990,0.0028,0.0001,0.4760,0.0069,0.0032,0.0001
2435,30.4860,0.0583,10.2290,5.3329,,true,0,0.008333,0.0000,0.0000,1.00,0.00,0.0000,22,1,368,368,0,0,100,0,14,14,0,0,0,368,0,0,919834624,0.000000,0.000352,29.989802,0.00,2,5,10,18,16,24,26,14,29,32,36,34,43,43,36,0,0,0,0.0009,0.0308,0.0559,0.0022,0.0110,0.0339,0.0361,5.3329,0.0584,0.0000,0.8234,0.0017,0.0001,0.5134,0.0034,0.0022,0.0002
2436,30.5024,0.0583,14.9517,6.6130,,true,0,0.008333,0.0000,0.0000,1.00,0.00,0.0000,22,1,368,368,0,0,100,0,14,14,0,0,0,368,0,0,919834624,0.000000,0.000352,29.989802,0.00,2,5,10,18,16,24,26,14,29,32,36,34,43,43,36,0,0,0,0.0015,0.0602,0.0688,0.0047,0.0203,0.0727,0.0581,6.6130,0.0633,0.0000,1.1370,0.0040,0.0001,0.6505,0.0091,0.0068,0.0002
2437,30.5109,0.0583,9.9853,5.3069,,true,0,0.008333,0.0000,0.0000,1.00,0.00,0.0000,22,1,368,368,0,0,100,0,14,14,0,0,0,368,0,0,919834624,0.000000,0.000352,29.989802,0.00,2,5,10,18,16,24,26,14,29,32,36,34,43,43,36,0,0,0,0.0011,0.0488,0.0610,0.0041,0.0219,0.0660,0.0529,5.3069,0.0606,0.0000,1.0284,0.0035,0.0001,0.6070,0.0104,0.0052,0.0001
2438,30.5264,0.0583,12.7022,8.0415,,true,0,0.008333,0.0000,0.0000,1.00,0.00,0.0000,22,1,368,368,0,0,100,0,14,14,0,0,0,368,0,0,919834624,0.000000,0.000352,29.989802,0.00,2,5,10,18,16,24,26,14,29,32,36,34,43,43,36,0,0,0,0.0015,0.0494,0.0749,0.0046,0.0215,0.0642,0.0574,8.0415,0.0634,0.0000,1.1850,0.0050,0.0001,0.7039,0.0086,0.0059,0.0002
2439,30.5369,0.0583,12.4571,6.2349,,true,0,0.008333,0.0000,0.0000,1.00,0.00,0.0000,22,1,368,368,0,0,100,0,14,14,0,0,0,368,0,0,919834624,0.000000,0.000352,29.989802,0.00,2,5,10,18,16,24,26,14,29,32,36,34,43,43,36,0,0,0,0.0018,0.0687,0.0712,0.0050,0.0192,0.0730,0.0565,6.2349,0.0711,0.0000,1.0997,0.0040,0.0001,0.6438,0.0065,0.0038,0.0002
2440,30.5676,0.0583,12.0542,25.0409,,true,0,0.008333,0.0000,0.0000,1.00,0.00,0.0000,22,1,368,368,0,0,100,0,14,14,0,0,0,368,0,0,919834624,0.000000,0.000352,29.989802,0.00,2,5,10,18,16,24,26,14,29,32,36,34,43,43,36,0,0,0,0.0019,0.0723,0.0572,0.0050,0.0202,0.0867,0.0664,25.0409,0.0503,0.0000,19.1472,0.0016,1.3825,0.4699,0.0123,0.0024,16.8446
2441,30.5758,0.0583,12.5638,6.6179,,true,1,0.008333,0.0000,0.0083,1.00,0.00,0.0000,22,1,368,368,0,0,100,0,14,14,0,0,0,368,0,0,919834624,0.000000,0.000352,30.293825,0.00,2,5,10,18,16,24,26,14,29,32,36,34,43,43,36,0,0,0,0.0020,0.0611,0.0762,0.0033,0.0108,0.2505,0.0727,6.6179,0.0583,0.0000,0.8575,0.0020,0.0001,0.5157,0.0068,0.0040,0.0001
2442,30.5845,0.0583,22.6107,6.7287,,true,0,0.008333,0.0000,0.0000,1.00,0.00,0.0000,22,1,368,368,0,0,100,0,14,14,0,0,0,368,0,0,919834624,0.000000,0.000352,30.293825,0.00,2,5,10,18,16,24,26,14,29,32,36,34,43,43,36,0,0,0,0.0018,0.0611,0.0512,0.0068,0.0322,0.1300,0.0563,6.7287,0.0388,0.0000,1.2393,0.0036,0.0001,0.6882,0.0134,0.0042,0.0003
2443,30.5928,0.0583,7.0668,7.0705,,true,0,0.008333,0.0000,0.0000,1.00,0.00,0.0000,22,1,368,368,0,0,100,0,14,14,0,0,0,368,0,0,919834624,0.000000,0.000352,30.293825,0.00,2,5,10,18,16,24,26,14,29,32,36,34,43,43,36,0,0,0,0.0028,0.0344,0.0596,0.0052,0.0155,0.0456,0.0542,7.0705,0.0553,0.0000,1.0697,0.0153,0.0002,0.5184,0.0225,0.0420,0.0002
2444,30.6011,0.0583,10.0063,6.0669,,true,0,0.008333,0.0000,0.0000,1.00,0.00,0.0000,22,1,368,368,0,0,100,0,14,14,0,0,0,368,0,0,919834624,0.000000,0.000352,30.293825,0.00,2,5,10,18,16,24,26,14,29,32,36,34,43,43,36,0,0,0,0.0016,0.0656,0.0815,0.0039,0.0178,0.0562,0.0852,6.0669,0.0630,0.0000,1.1607,0.0056,0.0001,0.6724,0.0095,0.0058,0.0001
2445,30.6138,0.0583,11.7018,7.0241,,true,0,0.008333,0.0000,0.0000,1.00,0.00,0.0000,22,1,368,368,0,0,100,0,14,14,0,0,0,368,0,0,919834624,0.000000,0.000352,30.293825,0.00,2,5,10,18,16,24,26,14,29,32,36,34,43,43,36,0,0,0,0.0064,0.0551,0.0792,0.0060,0.0231,0.0789,0.0586,7.0241,0.0727,0.0000,1.1492,0.0048,0.0001,0.6682,0.0097,0.0075,0.0002
2446,30.6258,0.0583,12.4807,6.5805,,true,0,0.008333,0.0000,0.0000,1.00,0.00,0.0000,22,1,368,368,0,0,100,0,14,14,0,0,0,368,0,0,919834624,0.000000,0.000352,30.293825,0.00,2,5,10,18,16,24,26,14,29,32,36,34,43,43,36,0,0,0,0.0015,0.0592,0.0597,0.0046,0.0210,0.0879,0.0450,6.5805,0.0493,0.0000,0.8493,0.0031,0.0001,0.4953,0.0086,0.0031,0.0001
2447,30.6386,0.0583,12.1421,7.1700,,true,0,0.008333,0.0000,0.0000,1.00,0.00,0.0000,22,1,368,368,0,0,100,0,14,14,0,0,0,368,0,0,919834624,0.000000,0.000352,30.293825,0.00,2,5,10,18,16,24,26,14,29,32,36,34,43,43,36,0,0,0,0.0026,0.0671,0.0825,0.0050,0.0201,0.0608,0.0781,7.1700,0.1086,0.0000,1.2419,0.0038,0.0001,0.7062,0.0087,0.0053,0.0002
2448,30.6542,0.0583,13.0419,9.4470,,true,0,0.008333,0.0000,0.0000,1.00,0.00,0.0000,22,1,368,368,0,0,100,0,14,14,0,0,0,368,0,0,919834624,0.000000,0.000352,30.293825,0.00,2,5,10,18,16,24,26,14,29,32,36,34,43,43,36,0,0,0,0.0021,0.0786,0.0873,0.0077,0.0413,0.1270,0.0643,9.4470,0.0789,0.0000,1.2576,0.0055,0.0001,0.6937,0.0695,0.0069,0.0002
2449,30.6673,0.0583,14.9215,7.7771,,true,0,0.008333,0.0000,0.0000,1.00,0.00,0.0000,22,1,368,368,0,0,100,0,14,14,0,0,0,368,0,0,919834624,0.000000,0.000352,30.293825,0.00,2,5,10,18,16,24,26,14,29,32,36,34,43,43,36,0,0,0,0.0020,0.0610,0.0678,0.0047,0.0190,0.0851,0.0616,7.7771,0.0520,0.0000,1.1689,0.0027,0.0001,0.6570,0.0103,0.0083,0.0002
2450,30.6790,0.0583,13.2490,6.1403,,true,0,0.008333,0.0000,0.0000,1.00,0.00,0.0000,22,1,368,368,0,0,100,0,14,14,0,0,0,368,0,0,919834624,0.000000,0.000352,30.293825,0.00,2,5,10,18,16,24,26,14,29,32,36,34,43,43,36,0,0,0,0.0017,0.0646,0.0736,0.0053,0.0251,0.1019,0.0540,6.1403,0.0672,0.0000,1.1480,0.0045,0.0001,0.6807,0.0081,0.0066,0.0002
2451,30.6923,0.0583,13.1534,6.3733,,true,0,0.008333,0.0000,0.0000,1.00,0.00,0.0000,22,1,368,368,0,0,100,0,14,14,0,0,0,368,0,0,919834624,0.000000,0.000352,30.293825,0.00,2,5,10,18,16,24,26,14,29,32,36,34,43,43,36,0,0,0,0.0047,0.0532,0.0608,0.0045,0.0231,0.0760,0.0452,6.3733,0.0846,0.0000,0.8976,0.0046,0.0001,0.5140,0.0117,0.0052,0.0001
2452,30.7035,0.0583,12.5659,5.3644,,true,0,0.008333,0.0000,0.0000,1.00,0.00,0.0000,22,1,368,368,0,0,100,0,14,14,0,0,0,368,0,0,919834624,0.000000,0.000352,30.293825,0.00,2,5,10,18,16,24,26,14,29,32,36,34,43,43,36,0,0,0,0.0011,0.0333,0.0534,0.0038,0.0151,0.0359,0.0392,5.3644,0.0650,0.0000,0.8087,0.0016,0.0001,0.4891,0.0072,0.0023,0.0001
2453,30.7175,0.0583,13.2263,5.7430,,true,0,0.008333,0.0000,0.0000,1.00,0.00,0.0000,22,1,368,368,0,0,100,0,14,14,0,0,0,368,0,0,919834624,0.000000,0.000352,30.293825,0.00,2,5,10,18,16,24,26,14,29,32,36,34,43,43,36,0,0,0,0.0009,0.0354,0.0570,0.0042,0.0217,0.0748,0.0408,5.7430,0.0543,0.0000,0.8236,0.0027,0.0001,0.4823,0.0060,0.0034,0.0001
2454,30.7273,0.0583,10.4538,5.5527,,true,0,0.008333,0.0000,0.0000,1.00,0.00,0.0000,22,1,368,368,0,0,100,0,14,14,0,0,0,368,0,0,919834624,0.000000,0.000352,30.293825,0.00,2,5,10,18,16,24,26,14,29,32,36,34,43,43,36,0,0,0,0.0019,0.0644,0.0708,0.0035,0.0146,0.0470,0.0693,5.5527,0.0646,0.0000,1.1174,0.0031,0.0002,0.6401,0.0073,0.0044,0.0002
2455,30.7415,0.0583,13.0942,6.3317,,true,0,0.008333,0.0000,0.0000,1.00,0.00,0.0000,22,1,368,368,0,0,100,0,14,14,0,0,0,368,0,0,919834624,0.000000,0.000352,30.293825,0.00,2,5,10,18,16,24,26,14,29,32,36,34,43,43,36,0,0,0,0.0013,0.0512,0.0560,0.0040,0.0225,0.0778,0.0858,6.3317,0.0486,0.0000,1.2663,0.0035,0.0002,0.8034,0.0083,0.0059,0.0003
2456,30.7521,0.0583,11.2630,5.9597,,true,0,0.008333,0.0000,0.0000,1.00,0.00,0.0000,22,1,368,368,0,0,100,0,14,14,0,0,0,368,0,0,919834624,0.000000,0.000352,30.293825,0.00,2,5,10,18,16,24,26,14,29,32,36,34,43,43,36,0,0,0,0.0016,0.0502,0.0566,0.0042,0.0194,0.0618,0.0442,5.9597,0.0607,0.0000,0.9243,0.0034,0.0001,0.5660,0.0080,0.0059,0.0002
2457,30.7638,0.0583,12.6078,5.2507,,true,0,0.008333,0.0000,0.0000,1.00,0.00,0.0000,22,1,368,368,0,0,100,0,14,14,0,0,0,368,0,0,919834624,0.000000,0.000352,30.293825,0.00,2,5,10,18,16,24,26,14,29,32,36,34,43,43,36,0,0,0,0.0016,0.0467,0.0511,0.0053,0.0196,0.0712,0.0662,5.2507,0.0443,0.0000,0.8058,0.0026,0.0001,0.4713,0.0071,0.0033,0.0002
2458,30.7773,0.0583,11.4600,6.6831,,true,0,0.008333,0.0000,0.0000,1.00,0.00,0.0000,22,1,368,368,0,0,100,0,14,14,0,0,0,368,0,0,919834624,0.000000,0.000352,30.293825,0.00,2,5,10,18,16,24,26,14,29,32,36,34,43,43,36,0,0,0,0.0018,0.0610,0.0834,0.0054,0.0283,0.0831,0.0660,6.6831,0.1006,0.0000,1.2775,0.0046,0.0002,0.7107,0.0108,0.0071,0.0003
2459,30.7908,0.0583,12.7405,7.7786,,true,0,0.008333,0.0000,0.0000,1.00,0.00,0.0000,22,1,368,368,0,0,100,0,14,14,0,0,0,368,0,0,919834624,0.000000,0.000352,30.293825,0.00,2,5,10,18,16,24,26,14,29,32,36,34,43,43,36,0,0,0,0.0023,0.0633,0.0870,0.0045,0.0200,0.0741,0.0628,7.7786,0.1085,0.0000,1.1950,0.0056,0.0001,0.6960,0.0079,0.0061,0.0002
2460,30.8024,0.0583,13.2987,6.0018,,true,0,0.008333,0.0000,0.0000,1.00,0.00,0.0000,22,1,368,368,0,0,100,0,14,14,0,0,0,368,0,0,919834624,0.000000,0.000352,30.293825,0.00,2,5,10,18,16,24,26,14,29,32,36,34,43,43,36,0,0,0,0.0017,0.0558,0.0820,0.0061,0.0235,0.0762,0.0666,6.0018,0.0623,0.0000,1.1443,0.0040,0.0001,0.6618,0.0088,0.0058,0.0002
2461,30.8139,0.0583,11.4092,6.0134,,true,0,0.008333,0.0000,0.0000,1.00,0.00,0.0000,22,1,368,368,0,0,100,0,14,14,0,0,0,368,0,0,919834624,0.000000,0.000352,30.293825,0.00,2,5,10,18,16,24,26,14,29,32,36,34,43,43,36,0,0,0,0.0013,0.0606,0.0626,0.0054,0.0251,0.0826,0.0489,6.0134,0.0622,0.0000,0.9387,0.0038,0.0001,0.5307,0.0110,0.0066,0.0001
2462,30.8275,0.0583,13.0985,6.5426,,true,0,0.008333,0.0000,0.0000,1.00,0.00,0.0000,22,1,368,368,0,0,100,0,14,14,0,0,0,368,0,0,919834624,0.000000,0.000352,30.293825,0.00,2,5,10,18,16,24,26,14,29,32,36,34,43,43,36,0,0,0,0.0039,0.0421,0.0611,0.0052,0.0241,0.0740,0.0440,6.5426,0.0822,0.0000,0.8809,0.0034,0.0001,0.5251,0.0075,0.0057,0.0001
2463,30.8415,0.0583,13.5753,6.8240,,true,0,0.008333,0.0000,0.0000,1.00,0.00,0.0000,22,1,368,368,0,0,100,0,14,14,0,0,0,368,0,0,919834624,0.000000,0.000352,30.293825,0.00,2,5,10,18,16,24,26,14,29,32,36,34,43,43,36,0,0,0,0.0016,0.0507,0.0716,0.0048,0.0190,0.0732,0.0575,6.8240,0.0778,0.0000,1.2531,0.0043,0.0002,0.7556,0.0136,0.0075,0.0002
2464,30.8523,0.0583,11.8651,5.9463,,true,0,0.008333,0.0000,0.0000,1.00,0.00,0.0000,22,1,368,368,0,0,100,0,14,14,0,0,0,368,0,0,919834624,0.000000,0.000352,30.293825,0.00,2,5,10,18,16,24,26,14,29,32,36,34,43,43,36,0,0,0,0.0012,0.0448,0.0617,0.0043,0.0229,0.0857,0.0440,5.9463,0.0715,0.0000,0.8773,0.0034,0.0001,0.4926,0.0072,0.0062,0.0001
2465,30.8665,0.0583,12.7705,7.4218,,true,0,0.008333,0.0000,0.0000,1.00,0.00,0.0000,22,1,368,368,0,0,100,0,14,14,0,0,0,368,0,0,919834624,0.000000,0.000352,30.293825,0.00,2,5,10,18,16,24,26,14,29,32,36,34,43,43,36,0,0,0,0.0017,0.0629,0.0730,0.0018,0.0113,0.0248,0.0601,7.4218,0.0791,0.0000,1.1265,0.0043,0.0001,0.6357,0.0056,0.0046,0.0002
2466,30.8757,0.0583,10.1519,6.3440,,true,0,0.008333,0.0000,0.0000,1.00,0.00,0.0000,22,1,368,368,0,0,100,0,14,14,0,0,0,368,0,0,919834624,0.000000,0.000352,30.293825,0.00,2,5,10,18,16,24,26,14,29,32,36,34,43,43,36,0,0,0,0.0015,0.0522,0.0874,0.0041,0.0240,0.0852,0.0675,6.3440,0.0700,0.0000,1.1287,0.0050,0.0001,0.6562,0.0092,0.0064,0.0002
2467,30.8855,0.0583,11.4811,4.8659,,true,0,0.008333,0.0000,0.0000,1.00,0.00,0.0000,22,1,368,368,0,0,100,0,14,14,0,0,0,368,0,0,919834624,0.000000,0.000352,30.293825,0.00,2,5,10,18,16,24,26,14,29,32,36,34,43,43,36,0,0,0,0.0021,0.0391,0.0464,0.0045,0.0213,0.0718,0.0471,4.8659,0.0396,0.0000,0.8100,0.0023,0.0001,0.4890,0.0054,0.0043,0.0001
2468,30.8991,0.0583,11.8815,6.1598,,true,0,0.008333,0.0000,0.0000,1.00,0.00,0.0000,22,1,368,368,0,0,100,0,14,14,0,0,0,368,0,0,919834624,0.000000,0.000352,30.293825,0.00,2,5,10,18,16,24,26,14,29,32,36,34,43,43,36,0,0,0,0.0014,0.0491,0.0623,0.0046,0.0226,0.0825,0.0495,6.1598,0.0575,0.0000,1.1966,0.0033,0.0001,0.7058,0.0094,0.0042,0.0002
2469,30.9122,0.0583,12.4765,7.0795,,true,0,0.008333,0.0000,0.0000,1.00,0.00,0.0000,22,1,368,368,0,0,100,0,14,14,0,0,0,368,0,0,919834624,0.000000,0.000352,30.293825,0.00,2,5,10,18,16,24,26,14,29,32,36,34,43,43,36,0,0,0,0.0021,0.0797,0.0812,0.0069,0.0724,0.1334,0.0629,7.0795,0.0854,0.0000,1.1633,0.0051,0.0002,0.6494,0.0105,0.0072,0.0002
2470,30.9244,0.0583,13.2161,5.9859,,true,0,0.008333,0.0000,0.0000,1.00,0.00,0.0000,22,1,368,368,0,0,100,0,14,14,0,0,0,368,0,0,919834624,0.000000,0.000352,30.293825,0.00,2,5,10,18,16,24,26,14,29,32,36,34,43,43,36,0,0,0,0.0013,0.0534,0.0697,0.0041,0.0213,0.0787,0.0612,5.9859,0.0707,0.0000,1.1027,0.0044,0.0001,0.6413,0.0090,0.0053,0.0002
2471,30.9366,0.0583,12.1660,5.7695,,true,1,0.008333,0.0000,0.0083,1.00,0.00,0.0000,22,1,368,368,0,0,100,0,14,14,0,0,0,368,0,0,919834624,0.000000,0.000352,30.648871,0.00,2,5,10,18,16,24,26,14,29,32,36,34,43,43,36,0,0,0,0.0012,0.0528,0.0566,0.0053,0.0217,0.2181,0.0428,5.7695,0.0604,0.0000,0.9222,0.0047,0.0001,0.5247,0.0075,0.0051,0.0002
2472,30.9508,0.0583,13.1294,7.1540,,true,0,0.008333,0.0000,0.0000,1.00,0.00,0.0000,22,1,368,368,0,0,100,0,14,14,0,0,0,368,0,0,919834624,0.000000,0.000352,30.648871,0.00,2,5,10,18,16,24,26,14,29,32,36,34,43,43,36,0,0,0,0.0014,0.0643,0.0769,0.0041,0.0204,0.0530,0.0719,7.1540,0.0709,0.0000,1.2080,0.0071,0.0001,0.6824,0.0102,0.0070,0.0002
2473,30.9603,0.0583,11.5402,5.1618,,true,0,0.008333,0.0000,0.0000,1.00,0.00,0.0000,22,1,368,368,0,0,100,0,14,14,0,0,0,368,0,0,919834624,0.000000,0.000352,30.648871,0.00,2,5,10,18,16,24,26,14,29,32,36,34,43,43,36,0,0,0,0.0009,0.0419,0.0544,0.0108,0.0225,0.0780,0.0424,5.1618,0.0559,0.0000,0.8274,0.0040,0.0001,0.4733,0.0057,0.0048,0.0001
2474,30.9731,0.0583,11.4666,6.4684,,true,0,0.008333,0.0000,0.0000,1.00,0.00,0.0000,22,1,368,368,0,0,100,0,14,14,0,0,0,368,0,0,919834624,0.000000,0.000352,30.648871,0.00,2,5,10,18,16,24,26,14,29,32,36,34,43,43,36,0,0,0,0.0013,0.0427,0.0647,0.0054,0.0240,0.0758,0.0395,6.4684,0.0732,0.0000,0.8355,0.0039,0.0001,0.4850,0.0062,0.0039,0.0002
2475,30.9847,0.0583,12.1809,6.0025,,true,0,0.008333,0.0000,0.0000,1.00,0.00,0.0000,22,1,368,368,0,0,100,0,14,14,0,0,0,368,0,0,919834624,0.000000,0.000352,30.648871,0.00,2,5,10,18,16,24,26,14,29,32,36,34,43,43,36,0,0,0,0.0066,0.0655,0.0813,0.0033,0.0193,0.0563,0.0619,6.0025,0.1000,0.0000,1.1241,0.0052,0.0001,0.6303,0.0090,0.0048,0.0002
2476,30.9967,0.0583,11.6269,5.9804,,true,0,0.008333,0.0000,0.0000,1.00,0.00,0.0000,22,1,368,368,0,0,100,0,14,14,0,0,0,368,0,0,919834624,0.000000,0.000352,30.648871,0.00,2,5,10,18,16,24,26,14,29,32,36,34,43,43,36,0,0,0,0.0018,0.0459,0.1025,0.0045,0.0269,0.0897,0.0535,5.9804,0.0939,0.0000,0.9057,0.0043,0.0001,0.5171,0.0075,0.0051,0.0001
2477,31.0085,0.0583,12.5127,5.7781,,true,0,0.008333,0.0000,0.0000,1.00,0.00,0.0000,22,1,368,368,0,0,100,0,14,14,0,0,0,368,0,0,919834624,0.000000,0.000352,30.648871,0.00,2,5,10,18,16,24,26,14,29,32,36,34,43,43,36,0,0,0,0.0013,0.0512,0.0667,0.0050,0.0239,0.0595,0.0461,5.7781,0.0732,0.0000,0.8283,0.0033,0.0001,0.4605,0.0062,0.0035,0.0002
2478,31.0214,0.0583,12.6450,5.8168,,true,0,0.008333,0.0000,0.0000,1.00,0.00,0.0000,22,1,368,368,0,0,100,0,14,14,0,0,0,368,0,0,919834624,0.000000,0.000352,30.648871,0.00,2,5,10,18,16,24,26,14,29,32,36,34,43,43,36,0,0,0,0.0018,0.0589,0.0705,0.0046,0.0192,0.0790,0.1048,5.8168,0.0597,0.0000,1.2196,0.0035,0.0001,0.7289,0.0084,0.0050,0.0002
2479,31.0332,0.0583,11.1501,6.5235,,true,0,0.008333,0.0000,0.0000,1.00,0.00,0.0000,22,1,368,368,0,0,100,0,14,14,0,0,0,368,0,0,919834624,0.000000,0.000352,30.648871,0.00,2,5,10,18,16,24,26,14,29,32,36,34,43,43,36,0,0,0,0.0013,0.0822,0.0710,0.0051,0.0222,0.0750,0.0492,6.5235,0.0710,0.0000,0.9746,0.0033,0.0001,0.5499,0.0095,0.0045,0.0001
2480,31.0458,0.0583,11.4827,7.3846,,true,0,0.008333,0.0000,0.0000,1.00,0.00,0.0000,22,1,368,368,0,0,100,0,14,14,0,0,0,368,0,0,919834624,0.000000,0.000352,30.648871,0.00,2,5,10,18,16,24,26,14,29,32,36,34,43,43,36,0,0,0,0.0036,0.0621,0.0795,0.0089,0.0207,0.0752,0.0584,7.3846,0.0669,0.0000,1.1609,0.0045,0.0001,0.6562,0.0065,0.0044,0.0002
2481,31.0603,0.0583,14.2961,7.3091,,true,0,0.008333,0.0000,0.0000,1.00,0.00,0.0000,22,1,368,368,0,0,100,0,14,14,0,0,0,368,0,0,919834624,0.000000,0.000352,30.648871,0.00,2,5,10,18,16,24,26,14,29,32,36,34,43,43,36,0,0,0,0.0048,0.0551,0.0601,0.0026,0.0200,0.0976,0.0436,7.3091,0.0778,0.0000,1.0242,0.0038,0.0001,0.5775,0.0130,0.0061,0.0002
2482,31.0707,0.0583,12.4254,5.6329,,true,0,0.008333,0.0000,0.0000,1.00,0.00,0.0000,22,1,368,368,0,0,100,0,14,14,0,0,0,368,0,0,919834624,0.000000,0.000352,30.648871,0.00,2,5,10,18,16,24,26,14,29,32,36,34,43,43,36,0,0,0,0.0018,0.0282,0.0455,0.0034,0.0119,0.0268,0.0385,5.6329,0.0434,0.0000,0.7891,0.0016,0.0001,0.4681,0.0056,0.0033,0.0001
2483,31.0825,0.0583,11.6275,5.6686,,true,0,0.008333,0.0000,0.0000,1.00,0.00,0.0000,22,1,368,368,0,0,100,0,14,14,0,0,0,368,0,0,919834624,0.000000,0.000352,30.648871,0.00,2,5,10,18,16,24,26,14,29,32,36,34,43,43,36,0,0,0,0.0013,0.0304,0.0697,0.0023,0.0148,0.0358,0.0360,5.6686,0.0587,0.0000,0.7564,0.0018,0.0001,0.4537,0.0034,0.0023,0.0002
2484,31.0996,0.0583,15.4196,7.3104,,true,0,0.008333,0.0000,0.0000,1.00,0.00,0.0000,22,1,368,368,0,0,100,0,14,14,0,0,0,368,0,0,919834624,0.000000,0.000352,30.648871,0.00,2,5,10,18,16,24,26,14,29,32,36,34,43,43,36,0,0,0,0.0016,0.0546,0.0771,0.0043,0.0236,0.0755,0.0569,7.3104,0.0824,0.0000,1.1325,0.0039,0.0002,0.6549,0.0087,0.0051,0.0002
2485,31.1098,0.0583,11.5931,6.2298,,true,0,0.008333,0.0000,0.0000,1.00,0.00,0.0000,22,1,368,368,0,0,100,0,14,14,0,0,0,368,0,0,919834624,0.000000,0.000352,30.648871,0.00,2,5,10,18,16,24,26,14,29,32,36,34,43,43,36,0,0,0,0.0014,0.0676,0.0735,0.0039,0.0184,0.0852,0.0606,6.2298,0.0772,0.0000,1.1746,0.0044,0.0001,0.6876,0.0104,0.0066,0.0002
2486,31.1210,0.0583,11.7415,5.4069,,true,0,0.008333,0.0000,0.0000,1.00,0.00,0.0000,22,1,368,368,0,0,100,0,14,14,0,0,0,368,0,0,919834624,0.000000,0.000352,30.648871,0.00,2,5,10,18,16,24,26,14,29,32,36,34,43,43,36,0,0,0,0.0009,0.0411,0.0568,0.0055,0.0269,0.0724,0.0414,5.4069,0.0551,0.0000,0.8327,0.0033,0.0001,0.4820,0.0066,0.0029,0.0001
2487,31.1341,0.0583,11.5308,6.9689,,true,0,0.008333,0.0000,0.0000,1.00,0.00,0.0000,22,1,368,368,0,0,100,0,14,14,0,0,0,368,0,0,919834624,0.000000,0.000352,30.648871,0.00,2,5,10,18,16,24,26,14,29,32,36,34,43,43,36,0,0,0,0.0030,0.1091,0.0942,0.0047,0.0284,0.0553,0.0629,6.9689,0.0653,0.0000,1.1953,0.0061,0.0001,0.6585,0.0097,0.0071,0.0002
2488,31.1446,0.0583,11.8907,5.9500,,true,0,0.008333,0.0000,0.0000,1.00,0.00,0.0000,22,1,368,368,0,0,100,0,14,14,0,0,0,368,0,0,919834624,0.000000,0.000352,30.648871,0.00,2,5,10,18,16,24,26,14,29,32,36,34,43,43,36,0,0,0,0.0023,0.0672,0.1049,0.0021,0.0111,0.0233,0.0777,5.9500,0.0471,0.0000,1.1578,0.0042,0.0001,0.6620,0.0042,0.0048,0.0002
2489,31.1558,0.0583,11.4980,5.7539,,true,0,0.008333,0.0000,0.0000,1.00,0.00,0.0000,22,1,368,368,0,0,100,0,14,14,0,0,0,368,0,0,919834624,0.000000,0.000352,30.648871,0.00,2,5,10,18,16,24,26,14,29,32,36,34,43,43,36,0,0,0,0.0018,0.0655,0.0787,0.0020,0.0113,0.0487,0.0659,5.7539,0.0766,0.0000,1.1755,0.0064,0.0001,0.6645,0.0089,0.0069,0.0002
2490,31.1688,0.0583,12.3587,6.2064,,true,0,0.008333,0.0000,0.0000,1.00,0.00,0.0000,22,1,368,368,0,0,100,0,14,14,0,0,0,368,0,0,919834624,0.000000,0.000352,30.648871,0.00,2,5,10,18,16,24,26,14,29,32,36,34,43,43,36,0,0,0,0.0019,0.0700,0.0885,0.0027,0.0086,0.0939,0.0683,6.2064,0.0718,0.0000,1.1948,0.0078,0.0001,0.6610,0.0111,0.0086,0.0002
2491,31.1820,0.0583,12.5046,6.9921,,true,0,0.008333,0.0000,0.0000,1.00,0.00,0.0000,22,1,368,368,0,0,100,0,14,14,0,0,0,368,0,0,919834624,0.000000,0.000352,30.648871,0.00,2,5,10,18,16,24,26,14,29,32,36,34,43,43,36,0,0,0,0.0016,0.0551,0.0751,0.0045,0.0244,0.0785,0.0672,6.9921,0.0749,0.0000,1.0892,0.0038,0.0001,0.6460,0.0077,0.0049,0.0002
2492,31.1926,0.0583,11.0139,6.3434,,true,0,0.008333,0.0000,0.0000,1.00,0.00,0.0000,22,1,368,368,0,0,100,0,14,14,0,0,0,368,0,0,919834624,0.000000,0.000352,30.648871,0.00,2,5,10,18,16,24,26,14,29,32,36,34,43,43,36,0,0,0,0.0020,0.0407,0.0698,0.0041,0.0240,0.0857,0.0438,6.3434,0.1301,0.0000,0.9326,0.0040,0.0001,0.5704,0.0082,0.0048,0.0002
2493,31.2046,0.0583,12.9425,5.6676,,true,0,0.008333,0.0000,0.0000,1.00,0.00,0.0000,22,1,368,368,0,0,100,0,14,14,0,0,0,368,0,0,919834624,0.000000,0.000352,30.648871,0.00,2,5,10,18,16,24,26,14,29,32,36,34,43,43,36,0,0,0,0.0011,0.0502,0.0523,0.0036,0.0195,0.0706,0.0408,5.6676,0.0608,0.0000,0.8594,0.0034,0.0001,0.4802,0.0065,0.0045,0.0003
2494,31.2197,0.0583,13.7137,6.7594,,true,0,0.008333,0.0000,0.0000,1.00,0.00,0.0000,22,1,368,368,0,0,100,0,14,14,0,0,0,368,0,0,919834624,0.000000,0.000352,30.648871,0.00,2,5,10,18,16,24,26,14,29,32,36,34,43,43,36,0,0,0,0.0015,0.0709,0.0545,0.0037,0.0203,0.0784,0.0646,6.7594,0.0533,0.0000,1.2940,0.0029,0.0001,0.8194,0.0127,0.0036,0.0001
2495,31.2302,0.0583,11.3286,6.1076,,true,0,0.008333,0.0000,0.0000,1.00,0.00,0.0000,22,1,368,368,0,0,100,0,14,14,0,0,0,368,0,0,919834624,0.000000,0.000352,30.648871,0.00,2,5,10,18,16,24,26,14,29,32,36,34,43,43,36,0,0,0,0.0016,0.0527,0.0779,0.0049,0.0542,0.0750,0.0597,6.1076,0.0719,0.0000,1.1071,0.0043,0.0002,0.6554,0.0109,0.0051,0.0002
2496,31.2421,0.0583,12.0967,6.0676,,true,1,0.008333,0.0000,0.0083,1.00,0.00,0.0000,22,1,368,368,0,0,100,0,14,14,0,0,0,368,0,0,919834624,0.000000,0.000352,30.952831,0.00,2,5,10,18,16,24,26,14,29,32,36,34,43,43,36,0,0,0,0.0017,0.0582,0.0731,0.0064,0.0264,0.2388,0.0619,6.0676,0.0730,0.0000,1.1220,0.0034,0.0001,0.6555,0.0081,0.0060,0.0002
2497,31.2565,0.0583,11.8530,8.1957,,true,0,0.008333,0.0000,0.0000,1.00,0.00,0.0000,22,1,368,368,0,0,100,0,14,14,0,0,0,368,0,0,919834624,0.000000,0.000352,30.952831,0.00,2,5,10,18,16,24,26,14,29,32,36,34,43,43,36,0,0,0,0.0014,0.0709,0.0783,0.0041,0.0186,0.0909,0.0619,8.1957,0.0740,0.0000,1.3018,0.0047,0.0001,0.7411,0.0114,0.0074,0.0002
2498,31.2664,0.0583,12.0480,6.3131,,true,0,0.008333,0.0000,0.0000,1.00,0.00,0.0000,22,1,368,368,0,0,100,0,14,14,0,0,0,368,0,0,919834624,0.000000,0.000352,30.952831,0.00,2,5,10,18,16,24,26,14,29,32,36,34,43,43,36,0,0,0,0.0015,0.0487,0.0767,0.0043,0.0239,0.0649,0.0662,6.3131,0.0747,0.0000,1.1045,0.0030,0.0001,0.6793,0.0066,0.0049,0.0002
2499,31.2765,0.0583,10.6932,5.7350,,true,0,0.008333,0.0000,0.0000,1.00,0.00,0.0000,22,1,368,368,0,0,100,0,14,14,0,0,0,368,0,0,919834624,0.000000,0.000352,30.952831,0.00,2,5,10,18,16,24,26,14,29,32,36,34,43,43,36,0,0,0,0.0012,0.0507,0.0812,0.0041,0.0248,0.0774,0.0554,5.7350,0.0756,0.0000,1.1002,0.0043,0.0001,0.6393,0.0071,0.0056,0.0002
2500,31.2875,0.0583,11.6908,5.2601,,true,0,0.008333,0.0000,0.0000,1.00,0.00,0.0000,22,1,368,368,0,0,100,0,14,14,0,0,0,368,0,0,919834624,0.000000,0.000352,30.952831,0.00,2,5,10,18,16,24,26,14,29,32,36,34,43,43,36,0,0,0,0.0011,0.0554,0.0554,0.0031,0.0123,0.0765,0.0413,5.2601,0.0714,0.0000,0.8948,0.0029,0.0001,0.4853,0.0070,0.0036,0.0001
2501,31.3183,0.0583,13.2522,22.4476,,true,0,0.008333,0.0000,0.0000,1.00,0.00,0.0000,22,1,368,368,0,0,100,0,14,14,0,0,0,368,0,0,919834624,0.000000,0.000352,30.952831,0.00,2,5,10,18,16,24,26,14,29,32,36,34,43,43,36,0,0,0,0.0034,0.0391,0.0871,0.0029,0.0189,0.0616,0.0537,22.4476,0.1041,0.0000,16.0273,0.0032,1.2664,0.5002,0.0265,0.0045,13.8722
2502,31.3251,0.0583,12.0013,5.7976,,true,0,0.008333,0.0000,0.0000,1.00,0.00,0.0000,22,1,368,368,0,0,100,0,14,14,0,0,0,368,0,0,919834624,0.000000,0.000352,30.952831,0.00,2,5,10,18,16,24,26,14,29,32,36,34,43,43,36,0,0,0,0.0037,0.0385,0.0607,0.0178,0.0185,0.0477,0.0531,5.7976,0.0616,0.0000,0.9167,0.0038,0.0001,0.5624,0.0072,0.0060,0.0001
2503,31.3340,0.0583,19.5177,6.8000,,true,0,0.008333,0.0000,0.0000,1.00,0.00,0.0000,22,1,368,368,0,0,100,0,14,14,0,0,0,368,0,0,919834624,0.000000,0.000352,30.952831,0.00,2,5,10,18,16,24,26,14,29,32,36,34,43,43,36,0,0,0,0.0069,0.0422,0.0586,0.0693,0.0346,0.1385,0.0414,6.8000,0.0611,0.0000,0.9204,0.0031,0.0001,0.5788,0.0074,0.0049,0.0002
2504,31.3404,0.0583,8.8386,4.3039,,true,0,0.008333,0.0000,0.0000,1.00,0.00,0.0000,22,1,368,368,0,0,100,0,14,14,0,0,0,368,0,0,919834624,0.000000,0.000352,30.952831,0.00,2,5,10,18,16,24,26,14,29,32,36,34,43,43,36,0,0,0,0.0008,0.0275,0.0447,0.0021,0.0152,0.0384,0.0444,4.3039,0.0329,0.0000,0.7642,0.0015,0.0001,0.4657,0.0036,0.0020,0.0001
2505,31.3524,0.0583,10.8152,5.7406,,true,0,0.008333,0.0000,0.0000,1.00,0.00,0.0000,22,1,368,368,0,0,100,0,14,14,0,0,0,368,0,0,919834624,0.000000,0.000352,30.952831,0.00,2,5,10,18,16,24,26,14,29,32,36,34,43,43,36,0,0,0,0.0012,0.0398,0.0561,0.0038,0.0198,0.0747,0.0389,5.7406,0.0482,0.0000,0.8883,0.0051,0.0001,0.5280,0.0073,0.0051,0.0001
2506,31.3664,0.0583,13.0646,6.4238,,true,0,0.008333,0.0000,0.0000,1.00,0.00,0.0000,22,1,368,368,0,0,100,0,14,14,0,0,0,368,0,0,919834624,0.000000,0.000352,30.952831,0.00,2,5,10,18,16,24,26,14,29,32,36,34,43,43,36,0,0,0,0.0017,0.0531,0.0729,0.0062,0.0259,0.0745,0.0815,6.4238,0.0727,0.0000,1.1577,0.0041,0.0001,0.7125,0.0064,0.0059,0.0002
2507,31.3796,0.0583,12.0512,7.3043,,true,0,0.008333,0.0000,0.0000,1.00,0.00,0.0000,22,1,368,368,0,0,100,0,14,14,0,0,0,368,0,0,919834624,0.000000,0.000352,30.952831,0.00,2,5,10,18,16,24,26,14,29,32,36,34,43,43,36,0,0,0,0.0021,0.0620,0.0722,0.0041,0.0231,0.0790,0.0578,7.3043,0.0664,0.0000,1.1843,0.0042,0.0001,0.6834,0.0093,0.0066,0.0002
2508,31.3900,0.0583,11.4939,6.4391,,true,0,0.008333,0.0000,0.0000,1.00,0.00,0.0000,22,1,368,368,0,0,100,0,14,14,0,0,0,368,0,0,919834624,0.000000,0.000352,30.952831,0.00,2,5,10,18,16,24,26,14,29,32,36,34,43,43,36,0,0,0,0.0018,0.0654,0.0856,0.0032,0.0179,0.0627,0.0588,6.4391,0.0667,0.0000,1.2006,0.0047,0.0001,0.7158,0.0067,0.0058,0.0002
2509,31.4006,0.0583,11.9702,5.0365,,true,0,0.008333,0.0000,0.0000,1.00,0.00,0.0000,22,1,368,368,0,0,100,0,14,14,0,0,0,368,0,0,919834624,0.000000,0.000352,30.952831,0.00,2,5,10,18,16,24,26,14,29,32,36,34,43,43,36,0,0,0,0.0009,0.0394,0.0575,0.0026,0.0096,0.0327,0.0463,5.0365,0.0772,0.0000,0.8369,0.0048,0.0001,0.4967,0.0060,0.0041,0.0001
2510,31.4144,0.0583,11.6241,7.0487,,true,0,0.008333,0.0000,0.0000,1.00,0.00,0.0000,22,1,368,368,0,0,100,0,14,14,0,0,0,368,0,0,919834624,0.000000,0.000352,30.952831,0.00,2,5,10,18,16,24,26,14,29,32,36,34,43,43,36,0,0,0,0.0019,0.0803,0.0974,0.0060,0.0239,0.0914,0.0786,7.0487,0.0921,0.0000,1.6955,0.0050,0.0002,0.9341,0.0112,0.0053,0.0003
2511,31.4271,0.0583,13.2561,6.7019,,true,0,0.008333,0.0000,0.0000,1.00,0.00,0.0000,22,1,368,368,0,0,100,0,14,14,0,0,0,368,0,0,919834624,0.000000,0.000352,30.952831,0.00,2,5,10,18,16,24,26,14,29,32,36,34,43,43,36,0,0,0,0.0018,0.0551,0.0983,0.0046,0.0254,0.0869,0.0563,6.7019,0.0674,0.0000,1.1277,0.0044,0.0001,0.6504,0.0098,0.0053,0.0002
2512,31.4387,0.0583,12.4766,6.0060,,true,0,0.008333,0.0000,0.0000,1.00,0.00,0.0000,22,1,368,368,0,0,100,0,14,14,0,0,0,368,0,0,919834624,0.000000,0.000352,30.952831,0.00,2,5,10,18,16,24,26,14,29,32,36,34,43,43,36,0,0,0,0.0028,0.0552,0.0737,0.0031,0.0190,0.0859,0.0549,6.0060,0.0733,0.0000,1.1020,0.0028,0.0002,0.6355,0.0090,0.0060,0.0002
2513,31.4522,0.0583,12.4916,6.8768,,true,0,0.008333,0.0000,0.0000,1.00,0.00,0.0000,22,1,368,368,0,0,100,0,14,14,0,0,0,368,0,0,919834624,0.000000,0.000352,30.952831,0.00,2,5,10,18,16,24,26,14,29,32,36,34,43,43,36,0,0,0,0.0034,0.0562,0.0807,0.0053,0.0272,0.0864,0.0572,6.8768,0.0742,0.0000,1.1797,0.0046,0.0001,0.7173,0.0085,0.0057,0.0002
2514,31.4640,0.0583,12.8263,5.8844,,true,0,0.008333,0.0000,0.0000,1.00,0.00,0.0000,22,1,368,368,0,0,100,0,14,14,0,0,0,368,0,0,919834624,0.000000,0.000352,30.952831,0.00,2,5,10,18,16,24,26,14,29,32,36,34,43,43,36,0,0,0,0.0017,0.0490,0.0734,0.0039,0.0233,0.0792,0.0660,5.8844,0.0817,0.0000,1.0856,0.0043,0.0001,0.6473,0.0069,0.0052,0.0002
2515,31.4757,0.0583,11.5873,5.8221,,true,0,0.008333,0.0000,0.0000,1.00,0.00,0.0000,22,1,368,368,0,0,100,0,14,14,0,0,0,368,0,0,919834624,0.000000,0.000352,30.952831,0.00,2,5,10,18,16,24,26,14,29,32,36,34,43,43,36,0,0,0,0.0018,0.0586,0.0720,0.0068,0.0147,0.0451,0.0632,5.8221,0.0741,0.0000,1.1104,0.0035,0.0001,0.6455,0.0077,0.0049,0.0002
2516,31.4884,0.0583,12.8747,5.9666,,true,0,0.008333,0.0000,0.0000,1.00,0.00,0.0000,22,1,368,368,0,0,100,0,14,14,0,0,0,368,0,0,919834624,0.000000,0.000352,30.952831,0.00,2,5,10,18,16,24,26,14,29,32,36,34,43,43,36,0,0,0,0.0014,0.0519,0.0818,0.0039,0.0245,0.0693,0.0564,5.9666,0.0802,0.0000,1.1055,0.0038,0.0001,0.6462,0.0074,0.0055,0.0002
2517,31.5011,0.0583,12.3439,6.0636,,true,0,0.008333,0.0000,0.0000,1.00,0.00,0.0000,22,1,368,368,0,0,100,0,14,14,0,0,0,368,0,0,919834624,0.000000,0.000352,30.952831,0.00,2,5,10,18,16,24,26,14,29,32,36,34,43,43,36,0,0,0,0.0016,0.0555,0.0889,0.0046,0.0233,0.0823,0.0555,6.0636,0.0809,0.0000,1.1024,0.0046,0.0001,0.6442,0.0079,0.0051,0.0002
2518,31.5136,0.0583,11.5984,6.8295,,true,0,0.008333,0.0000,0.0000,1.00,0.00,0.0000,22,1,368,368,0,0,100,0,14,14,0,0,0,368,0,0,919834624,0.000000,0.000352,30.952831,0.00,2,5,10,18,16,24,26,14,29,32,36,34,43,43,36,0,0,0,0.0017,0.0575,0.0802,0.0040,0.0219,0.0908,0.0586,6.8295,0.0961,0.0000,1.2118,0.0058,0.0001,0.7269,0.0073,0.0059,0.0002
2519,31.5256,0.0583,12.6029,6.2913,,true,0,0.008333,0.0000,0.0000,1.00,0.00,0.0000,22,1,368,368,0,0,100,0,14,14,0,0,0,368,0,0,919834624,0.000000,0.000352,30.952831,0.00,2,5,10,18,16,24,26,14,29,32,36,34,43,43,36,0,0,0,0.0012,0.0480,0.0604,0.0055,0.0287,0.0879,0.0435,6.2913,0.0706,0.0000,0.8595,0.0028,0.0001,0.5022,0.0074,0.0043,0.0002
2520,31.5377,0.0583,11.9014,6.5438,,true,1,0.008333,0.0000,0.0083,1.00,0.00,0.0000,22,1,368,368,0,0,100,0,14,14,0,0,0,368,0,0,919834624,0.000000,0.000352,31.257189,0.00,2,5,10,18,16,24,26,14,29,32,36,34,43,43,36,0,0,0,0.0017,0.0516,0.0689,0.0042,0.0217,0.2649,0.0534,6.5438,0.0721,0.0000,1.1316,0.0049,0.0002,0.6610,0.0088,0.0064,0.0002
2521,31.5477,0.0583,10.9259,5.1734,,true,0,0.008333,0.0000,0.0000,1.00,0.00,0.0000,22,1,368,368,0,0,100,0,14,14,0,0,0,368,0,0,919834624,0.000000,0.000352,31.257189,0.00,2,5,10,18,16,24,26,14,29,32,36,34,43,43,36,0,0,0,0.0010,0.0637,0.0593,0.0027,0.0132,0.0405,0.0626,5.1734,0.0722,0.0000,0.8499,0.0022,0.0001,0.4857,0.0080,0.0032,0.0001
2522,31.5632,0.0583,14.7827,6.4306,,true,0,0.008333,0.0000,0.0000,1.00,0.00,0.0000,22,1,368,368,0,0,100,0,14,14,0,0,0,368,0,0,919834624,0.000000,0.000352,31.257189,0.00,2,5,10,18,16,24,26,14,29,32,36,34,43,43,36,0,0,0,0.0024,0.0559,0.0626,0.0039,0.0160,0.0708,0.0597,6.4306,0.0623,0.0000,1.1555,0.0034,0.0001,0.6735,0.0065,0.0040,0.0002
2523,31.5754,0.0583,11.7633,6.6853,,true,0,0.008333,0.0000,0.0000,1.00,0.00,0.0000,22,1,368,368,0,0,100,0,14,14,0,0,0,368,0,0,919834624,0.000000,0.000352,31.257189,0.00,2,5,10,18,16,24,26,14,29,32,36,34,43,43,36,0,0,0,0.0018,0.0631,0.0819,0.0039,0.0211,0.0746,0.0637,6.6853,0.0670,0.0000,1.1896,0.0029,0.0001,0.7120,0.0098,0.0044,0.0002
2524,31.5887,0.0583,12.7511,7.3477,,true,0,0.008333,0.0000,0.0000,1.00,0.00,0.0000,22,1,368,368,0,0,100,0,14,14,0,0,0,368,0,0,919957504,0.000000,0.000352,31.257189,0.00,2,5,10,18,16,24,26,14,29,32,36,34,43,43,36,0,0,0,0.0018,0.0720,0.0714,0.0046,0.0239,0.0642,0.0581,7.3477,0.0659,0.0000,1.2241,0.0029,0.0002,0.6830,0.0114,0.0046,0.0002
2525,31.5980,0.0583,10.6773,6.3525,,true,0,0.008333,0.0000,0.0000,1.00,0.00,0.0000,22,1,368,368,0,0,100,0,14,14,0,0,0,368,0,0,919957504,0.000000,0.000352,31.257189,0.00,2,5,10,18,16,24,26,14,29,32,36,34,43,43,36,0,0,0,0.0012,0.0542,0.0538,0.0044,0.0208,0.0732,0.0548,6.3525,0.0545,0.0000,0.8526,0.0041,0.0001,0.4832,0.0101,0.0045,0.0002
2526,31.6176,0.0583,15.4022,9.2966,,true,0,0.008333,0.0000,0.0000,1.00,0.00,0.0000,22,1,368,368,0,0,100,0,14,14,0,0,0,368,0,0,919957504,0.000000,0.000352,31.257189,0.00,2,5,10,18,16,24,26,14,29,32,36,34,43,43,36,0,0,0,0.0016,0.0948,0.0751,0.0057,0.0325,0.1054,0.0638,9.2966,0.0950,0.0000,1.2857,0.0082,0.0001,0.7279,0.0098,0.0103,0.0002
2527,31.6285,0.0583,13.7872,7.3958,,true,0,0.008333,0.0000,0.0000,1.00,0.00,0.0000,22,1,368,368,0,0,100,0,14,14,0,0,0,368,0,0,919957504,0.000000,0.000352,31.257189,0.00,2,5,10,18,16,24,26,14,29,32,36,34,43,43,36,0,0,0,0.0015,0.0627,0.0850,0.0054,0.0209,0.0760,0.0554,7.3958,0.0856,0.0000,1.4104,0.0044,0.0001,0.9174,0.0068,0.0047,0.0002
2528,31.6405,0.0583,12.5020,6.8628,,true,0,0.008333,0.0000,0.0000,1.00,0.00,0.0000,22,1,368,368,0,0,100,0,14,14,0,0,0,368,0,0,919957504,0.000000,0.000352,31.257189,0.00,2,5,10,18,16,24,26,14,29,32,36,34,43,43,36,0,0,0,0.0019,0.0515,0.0726,0.0052,0.0234,0.0763,0.0546,6.8628,0.0835,0.0000,1.0949,0.0038,0.0001,0.6424,0.0088,0.0050,0.0002
2529,31.6564,0.0583,12.3753,9.6824,,true,0,0.008333,0.0000,0.0000,1.00,0.00,0.0000,22,1,368,368,0,0,100,0,14,14,0,0,0,368,0,0,919957504,0.000000,0.000352,31.257189,0.00,2,5,10,18,16,24,26,14,29,32,36,34,43,43,36,0,0,0,0.0015,0.0645,0.1981,0.0040,0.0217,0.1047,0.0565,9.6824,0.1745,0.0000,1.2456,0.0027,0.0001,0.7429,0.0110,0.0057,0.0002
2530,31.6699,0.0583,15.0661,8.5706,,true,0,0.008333,0.0000,0.0000,1.00,0.00,0.0000,22,1,368,368,0,0,100,0,14,14,0,0,0,368,0,0,919957504,0.000000,0.000352,31.257189,0.00,2,5,10,18,16,24,26,14,29,32,36,34,43,43,36,0,0,0,0.0039,0.0669,0.1381,0.0052,0.0250,0.1477,0.0556,8.5706,0.1159,0.0000,1.4957,0.0070,0.0002,0.9014,0.0093,0.0110,0.0002
2531,31.6820,0.0583,15.2664,5.9173,,true,0,0.008333,0.0000,0.0000,1.00,0.00,0.0000,22,1,368,368,0,0,100,0,14,14,0,0,0,368,0,0,919957504,0.000000,0.000352,31.257189,0.00,2,5,10,18,16,24,26,14,29,32,36,34,43,43,36,0,0,0,0.0018,0.0483,0.0712,0.0038,0.0195,0.0689,0.0522,5.9173,0.0660,0.0000,1.1017,0.0040,0.0001,0.6556,0.0075,0.0053,0.0002
2532,31.6954,0.0583,13.1928,5.8675,,true,0,0.008333,0.0000,0.0000,1.00,0.00,0.0000,22,1,368,368,0,0,100,0,14,14,0,0,0,368,0,0,919957504,0.000000,0.000352,31.257189,0.00,2,5,10,18,16,24,26,14,29,32,36,34,43,43,36,0,0,0,0.0018,0.0608,0.0854,0.0048,0.0230,0.0959,0.0568,5.8675,0.0705,0.0000,1.1305,0.0049,0.0001,0.6473,0.0093,0.0062,0.0002
2533,31.7091,0.0583,12.7563,6.8132,,true,0,0.008333,0.0000,0.0000,1.00,0.00,0.0000,22,1,368,368,0,0,100,0,14,14,0,0,0,368,0,0,919957504,0.000000,0.000352,31.257189,0.00,2,5,10,18,16,24,26,14,29,32,36,34,43,43,36,0,0,0,0.0015,0.0615,0.0787,0.0037,0.0255,0.0711,0.0579,6.8132,0.0912,0.0000,1.3751,0.0052,0.0002,0.5320,0.0116,0.0057,0.0010
2534,31.7201,0.0583,12.9433,4.9810,,true,0,0.008333,0.0000,0.0000,1.00,0.00,0.0000,22,1,368,368,0,0,100,0,14,14,0,0,0,368,0,0,919957504,0.000000,0.000352,31.257189,0.00,2,5,10,18,16,24,26,14,29,32,36,34,43,43,36,0,0,0,0.0015,0.0545,0.0544,0.0032,0.0163,0.0692,0.0471,4.9810,0.0845,0.0000,0.8234,0.0035,0.0001,0.4681,0.0070,0.0041,0.0001
2535,31.7318,0.0583,10.5712,6.0524,,true,0,0.008333,0.0000,0.0000,1.00,0.00,0.0000,22,1,368,368,0,0,100,0,14,14,0,0,0,368,0,0,919957504,0.000000,0.000352,31.257189,0.00,2,5,10,18,16,24,26,14,29,32,36,34,43,43,36,0,0,0,0.0015,0.0535,0.0745,0.0041,0.0210,0.0754,0.0573,6.0524,0.0657,0.0000,1.1218,0.0045,0.0001,0.6600,0.0066,0.0044,0.0002
2536,31.7437,0.0583,12.6129,5.4937,,true,0,0.008333,0.0000,0.0000,1.00,0.00,0.0000,22,1,368,368,0,0,100,0,14,14,0,0,0,368,0,0,919957504,0.000000,0.000352,31.257189,0.00,2,5,10,18,16,24,26,14,29,32,36,34,43,43,36,0,0,0,0.0023,0.0506,0.0593,0.0025,0.0190,0.0808,0.0445,5.4937,0.0622,0.0000,0.8427,0.0031,0.0001,0.5071,0.0108,0.0039,0.0002
2537,31.7585,0.0583,13.0305,6.8662,,true,0,0.008333,0.0000,0.0000,1.00,0.00,0.0000,22,1,368,368,0,0,100,0,14,14,0,0,0,368,0,0,919957504,0.000000,0.000352,31.257189,0.00,2,5,10,18,16,24,26,14,29,32,36,34,43,43,36,0,0,0,0.0015,0.0535,0.0719,0.0045,0.0278,0.0759,0.0598,6.8662,0.0571,0.0000,1.1852,0.0043,0.0001,0.7183,0.0110,0.0054,0.0002
2538,31.7678,0.0583,10.9297,5.5221,,true,0,0.008333,0.0000,0.0000,1.00,0.00,0.0000,22,1,368,368,0,0,100,0,14,14,0,0,0,368,0,0,919957504,0.000000,0.000352,31.257189,0.00,2,5,10,18,16,24,26,14,29,32,36,34,43,43,36,0,0,0,0.0015,0.0517,0.0768,0.0043,0.0166,0.0683,0.0629,5.5221,0.0927,0.0000,1.0919,0.0050,0.0001,0.6443,0.0059,0.0060,0.0002
2539,31.7817,0.0583,12.0031,7.1998,,true,0,0.008333,0.0000,0.0000,1.00,0.00,0.0000,22,1,368,368,0,0,100,0,14,14,0,0,0,368,0,0,919957504,0.000000,0.000352,31.257189,0.00,2,5,10,18,16,24,26,14,29,32,36,34,43,43,36,0,0,0,0.0053,0.0576,0.0795,0.0053,0.0258,0.0751,0.0537,7.1998,0.0820,0.0000,1.1341,0.0032,0.0001,0.6862,0.0080,0.0058,0.0002
2540,31.7921,0.0583,11.9672,5.6436,,true,0,0.008333,0.0000,0.0000,1.00,0.00,0.0000,22,1,368,368,0,0,100,0,14,14,0,0,0,368,0,0,919957504,0.000000,0.000352,31.257189,0.00,2,5,10,18,16,24,26,14,29,32,36,34,43,43,36,0,0,0,0.0016,0.0561,0.0513,0.0034,0.0206,0.0795,0.0562,5.6436,0.0760,0.0000,0.8839,0.0042,0.0001,0.4899,0.0081,0.0052,0.0001
2541,31.8041,0.0583,11.6966,5.6942,,true,0,0.008333,0.0000,0.0000,1.00,0.00,0.0000,22,1,368,368,0,0,100,0,14,14,0,0,0,368,0,0,919957504,0.000000,0.000352,31.257189,0.00,2,5,10,18,16,24,26,14,29,32,36,34,43,43,36,0,0,0,0.0014,0.0439,0.0746,0.0026,0.0123,0.0362,0.0514,5.6942,0.0661,0.0000,1.0970,0.0023,0.0001,0.6582,0.0065,0.0042,0.0004
2542,31.8187,0.0583,14.2499,6.2709,,true,0,0.008333,0.0000,0.0000,1.00,0.00,0.0000,22,1,368,368,0,0,100,0,14,14,0,0,0,368,0,0,919957504,0.000000,0.000352,31.257189,0.00,2,5,10,18,16,24,26,14,29,32,36,34,43,43,36,0,0,0,0.0018,0.0576,0.0757,0.0030,0.0180,0.0891,0.0544,6.2709,0.0624,0.0000,1.1374,0.0044,0.0001,0.6650,0.0078,0.0067,0.0002
2543,31.8279,0.0583,9.9979,5.7813,,true,0,0.008333,0.0000,0.0000,1.00,0.00,0.0000,22,1,368,368,0,0,100,0,14,14,0,0,0,368,0,0,919957504,0.000000,0.000352,31.257189,0.00,2,5,10,18,16,24,26,14,29,32,36,34,43,43,36,0,0,0,0.0019,0.0597,0.0717,0.0040,0.0180,0.0647,0.0550,5.7813,0.0730,0.0000,1.0899,0.0037,0.0001,0.6472,0.0068,0.0051,0.0002
2544,31.8422,0.0583,12.8039,7.1270,,true,1,0.008333,0.0000,0.0083,1.00,0.00,0.0000,22,1,368,368,0,0,100,0,14,14,0,0,0,368,0,0,919957504,0.000000,0.000352,31.561861,0.00,2,5,10,18,16,24,26,14,29,32,36,34,43,43,36,0,0,0,0.0015,0.0528,0.0954,0.0041,0.0196,0.2328,0.0415,7.1270,0.0768,0.0000,1.1632,0.0040,0.0001,0.7837,0.0081,0.0047,0.0001
2545,31.8534,0.0583,11.7200,6.4608,,true,0,0.008333,0.0000,0.0000,1.00,0.00,0.0000,22,1,368,368,0,0,100,0,14,14,0,0,0,368,0,0,919957504,0.000000,0.000352,31.561861,0.00,2,5,10,18,16,24,26,14,29,32,36,34,43,43,36,0,0,0,0.0021,0.0685,0.0569,0.0053,0.0237,0.0764,0.0763,6.4608,0.0650,0.0000,0.8976,0.0041,0.0001,0.4856,0.0044,0.0041,0.0001
2546,31.8647,0.0583,11.7700,6.1424,,true,0,0.008333,0.0000,0.0000,1.00,0.00,0.0000,22,1,368,368,0,0,100,0,14,14,0,0,0,368,0,0,919957504,0.000000,0.000352,31.561861,0.00,2,5,10,18,16,24,26,14,29,32,36,34,43,43,36,0,0,0,0.0015,0.0583,0.0818,0.0042,0.0215,0.0696,0.0555,6.1424,0.0702,0.0000,1.1095,0.0038,0.0001,0.6444,0.0092,0.0055,0.0003
2547,31.8775,0.0583,12.7618,6.2300,,true,0,0.008333,0.0000,0.0000,1.00,0.00,0.0000,22,1,368,368,0,0,100,0,14,14,0,0,0,368,0,0,919957504,0.000000,0.000352,31.561861,0.00,2,5,10,18,16,24,26,14,29,32,36,34,43,43,36,0,0,0,0.0016,0.0619,0.0777,0.0054,0.0250,0.0932,0.0613,6.2300,0.0749,0.0000,1.1865,0.0043,0.0002,0.6554,0.0091,0.0064,0.0002
2548,31.8910,0.0583,12.4061,7.2881,,true,0,0.008333,0.0000,0.0000,1.00,0.00,0.0000,22,1,368,368,0,0,100,0,14,14,0,0,0,368,0,0,919957504,0.000000,0.000352,31.561861,0.00,2,5,10,18,16,24,26,14,29,32,36,34,43,43,36,0,0,0,0.0015,0.0520,0.1944,0.0051,0.0220,0.0725,0.0556,7.2881,0.0844,0.0000,1.5614,0.0042,0.0001,0.9968,0.0123,0.0046,0.0005
2549,31.9015,0.0583,12.5817,5.2388,,true,0,0.008333,0.0000,0.0000,1.00,0.00,0.0000,22,1,368,368,0,0,100,0,14,14,0,0,0,368,0,0,919957504,0.000000,0.000352,31.561861,0.00,2,5,10,18,16,24,26,14,29,32,36,34,43,43,36,0,0,0,0.0010,0.0510,0.0549,0.0047,0.0186,0.0671,0.0407,5.2388,0.0530,0.0000,0.8557,0.0040,0.0001,0.5023,0.0075,0.0053,0.0001
2550,31.9159,0.0583,12.0263,7.0862,,true,0,0.008333,0.0000,0.0000,1.00,0.00,0.0000,22,1,368,368,0,0,100,0,14,14,0,0,0,368,0,0,919957504,0.000000,0.000352,31.561861,0.00,2,5,10,18,16,24,26,14,29,32,36,34,43,43,36,0,0,0,0.0019,0.0604,0.0756,0.0049,0.0226,0.0782,0.0481,7.0862,0.0620,0.0000,0.9669,0.0042,0.0001,0.5553,0.0103,0.0060,0.0002
2551,31.9275,0.0583,12.1185,6.9480,,true,0,0.008333,0.0000,0.0000,1.00,0.00,0.0000,22,1,368,368,0,0,100,0,14,14,0,0,0,368,0,0,919957504,0.000000,0.000352,31.561861,0.00,2,5,10,18,16,24,26,14,29,32,36,34,43,43,36,0,0,0,0.0014,0.0582,0.0698,0.0032,0.0177,0.0650,0.0619,6.9480,0.0765,0.0000,1.0900,0.0035,0.0001,0.6226,0.0057,0.0055,0.0002
2552,31.9384,0.0583,11.6357,6.1553,,true,0,0.008333,0.0000,0.0000,1.00,0.00,0.0000,22,1,368,368,0,0,100,0,14,14,0,0,0,368,0,0,919957504,0.000000,0.000352,31.561861,0.00,2,5,10,18,16,24,26,14,29,32,36,34,43,43,36,0,0,0,0.0020,0.0557,0.0691,0.0051,0.0207,0.0745,0.0572,6.1553,0.1144,0.0000,1.1268,0.0034,0.0001,0.6475,0.0184,0.0053,0.0002
2553,31.9494,0.0583,11.6565,5.9368,,true,0,0.008333,0.0000,0.0000,1.00,0.00,0.0000,22,1,368,368,0,0,100,0,14,14,0,0,0,368,0,0,919957504,0.000000,0.000352,31.561861,0.00,2,5,10,18,16,24,26,14,29,32,36,34,43,43,36,0,0,0,0.0031,0.0503,0.1028,0.0039,0.0164,0.0557,0.0524,5.9368,0.0691,0.0000,1.1351,0.0032,0.0001,0.6801,0.0079,0.0043,0.0002
2554,31.9625,0.0583,12.3569,6.3791,,true,0,0.008333,0.0000,0.0000,1.00,0.00,0.0000,22,1,368,368,0,0,100,0,14,14,0,0,0,368,0,0,919957504,0.000000,0.000352,31.561861,0.00,2,5,10,18,16,24,26,14,29,32,36,34,43,43,36,0,0,0,0.0010,0.0563,0.0590,0.0029,0.0305,0.0774,0.0502,6.3791,0.0759,0.0000,0.9104,0.0034,0.0002,0.5230,0.0076,0.0042,0.0002
2555,31.9750,0.0583,11.6214,6.7590,,true,0,0.008333,0.0000,0.0000,1.00,0.00,0.0000,22,1,368,368,0,0,100,0,14,14,0,0,0,368,0,0,919957504,0.000000,0.000352,31.561861,0.00,2,5,10,18,16,24,26,14,29,32,36,34,43,43,36,0,0,0,0.0020,0.0569,0.0742,0.0035,0.0203,0.0859,0.0696,6.7590,0.0805,0.0000,1.1843,0.0041,0.0001,0.6863,0.0083,0.0049,0.0002
2556,31.9873,0.0583,12.3982,6.8187,,true,0,0.008333,0.0000,0.0000,1.00,0.00,0.0000,22,1,368,368,0,0,100,0,14,14,0,0,0,368,0,0,919957504,0.000000,0.000352,31.561861,0.00,2,5,10,18,16,24,26,14,29,32,36,34,43,43,36,0,0,0,0.0021,0.0720,0.0580,0.0024,0.0141,0.0786,0.0718,6.8187,0.0580,0.0000,1.0254,0.0048,0.0001,0.4841,0.0060,0.0074,0.0002
2557,31.9971,0.0583,11.4362,5.5718,,true,0,0.008333,0.0000,0.0000,1.00,0.00,0.0000,22,1,368,368,0,0,100,0,14,14,0,0,0,368,0,0,919957504,0.000000,0.000352,31.561861,0.00,2,5,10,18,16,24,26,14,29,32,36,34,43,43,36,0,0,0,0.0010,0.0372,0.0522,0.0049,0.0195,0.1199,0.0410,5.5718,0.0495,0.0000,0.8375,0.0031,0.0001,0.4592,0.0048,0.0052,0.0002
2558,32.0092,0.0583,11.3931,6.1898,,true,0,0.008333,0.0000,0.0000,1.00,0.00,0.0000,22,1,368,368,0,0,100,0,14,14,0,0,0,368,0,0,919957504,0.000000,0.000352,31.561861,0.00,2,5,10,18,16,24,26,14,29,32,36,34,43,43,36,0,0,0,0.0018,0.0556,0.0650,0.0049,0.0211,0.0844,0.0788,6.1898,0.0865,0.0000,1.2108,0.0040,0.0001,0.7538,0.0083,0.0061,0.0002
2559,32.0215,0.0583,12.0791,6.4002,,true,0,0.008333,0.0000,0.0000,1.00,0.00,0.0000,22,1,368,368,0,0,100,0,14,14,0,0,0,368,0,0,919957504,0.000000,0.000352,31.561861,0.00,2,5,10,18,16,24,26,14,29,32,36,34,43,43,36,0,0,0,0.0045,0.0663,0.0864,0.0028,0.0295,0.0900,0.0542,6.4002,0.0773,0.0000,1.1990,0.0032,0.0001,0.7368,0.0109,0.0051,0.0002
2560,32.0361,0.0583,13.9586,6.9979,,true,0,0.008333,0.0000,0.0000,1.00,0.00,0.0000,22,1,368,368,0,0,100,0,14,14,0,0,0,368,0,0,919957504,0.000000,0.000352,31.561861,0.00,2,5,10,18,16,24,26,14,29,32,36,34,43,43,36,0,0,0,0.0014,0.0587,0.0827,0.0048,0.0207,0.0747,0.0576,6.9979,0.0726,0.0000,1.1591,0.0047,0.0001,0.6789,0.0059,0.0059,0.0002
2561,32.0480,0.0583,12.3811,6.6696,,true,1,0.008333,0.0000,0.0083,1.00,0.00,0.0000,22,1,368,368,0,0,100,0,14,14,0,0,0,368,0,0,919957504,0.000000,0.000352,31.764559,0.00,2,5,10,18,16,24,26,14,29,32,36,34,43,43,36,0,0,0,0.0016,0.0519,0.0775,0.0040,0.0237,0.2627,0.0641,6.6696,0.0649,0.0000,1.1131,0.0029,0.0001,0.6509,0.0082,0.0046,0.0002
2562,32.0801,0.0583,11.9025,26.5848,,true,0,0.008333,0.0000,0.0000,1.00,0.00,0.0000,22,1,368,368,0,0,100,0,14,14,0,0,0,368,0,0,919957504,0.000000,0.000352,31.764559,0.00,2,5,10,18,16,24,26,14,29,32,36,34,43,43,36,0,0,0,0.0014,0.0582,0.0790,0.0054,0.0226,0.0829,0.0564,26.5848,0.0683,0.0000,21.2423,0.0019,1.4691,0.5214,0.0139,0.0026,18.7808
2563,32.0873,0.0583,10.8440,6.1262,,true,0,0.008333,0.0000,0.0000,1.00,0.00,0.0000,22,1,368,368,0,0,100,0,14,14,0,0,0,368,0,0,919957504,0.000000,0.000352,31.764559,0.00,2,5,10,18,16,24,26,14,29,32,36,34,43,43,36,0,0,0,0.0012,0.0774,0.0720,0.0048,0.0253,0.0657,0.0553,6.1262,0.0446,0.0000,1.2144,0.0047,0.0002,0.6064,0.0121,0.0054,0.0003
2564,32.0971,0.0583,25.7109,7.0589,,true,0,0.008333,0.0000,0.0000,1.00,0.00,0.0000,22,1,368,368,0,0,100,0,14,14,0,0,0,368,0,0,919957504,0.000000,0.000352,31.764559,0.00,2,5,10,18,16,24,26,14,29,32,36,34,43,43,36,0,0,0,0.0069,0.0468,0.0695,0.0068,0.0258,0.0853,0.0725,7.0589,0.0497,0.0000,1.2326,0.0043,0.0002,0.6581,0.0136,0.0066,0.0012
2565,32.1042,0.0583,8.6990,5.4299,,true,0,0.008333,0.0000,0.0000,1.00,0.00,0.0000,22,1,368,368,0,0,100,0,14,14,0,0,0,368,0,0,919957504,0.000000,0.000352,31.764559,0.00,2,5,10,18,16,24,26,14,29,32,36,34,43,43,36,0,0,0,0.0014,0.0518,0.0751,0.0032,0.0135,0.0403,0.0643,5.4299,0.0679,0.0000,1.2452,0.0053,0.0002,0.7270,0.0163,0.0070,0.0002
2566,32.1130,0.0583,5.9416,7.6185,,true,0,0.008333,0.0000,0.0000,1.00,0.00,0.0000,22,1,368,368,0,0,100,0,14,14,0,0,0,368,0,0,919957504,0.000000,0.000352,31.764559,0.00,2,5,10,18,16,24,26,14,29,32,36,34,43,43,36,0,0,0,0.0061,0.0894,0.1899,0.0094,0.0668,0.0888,0.0555,7.6185,0.1219,0.0000,1.3952,0.0087,0.0002,0.6870,0.0117,0.0158,0.0002
2567,32.1202,0.0583,9.6948,5.8927,,true,0,0.008333,0.0000,0.0000,1.00,0.00,0.0000,22,1,368,368,0,0,100,0,14,14,0,0,0,368,0,0,919957504,0.000000,0.000352,31.764559,0.00,2,5,10,18,16,24,26,14,29,32,36,34,43,43,36,0,0,0,0.0014,0.0553,0.0817,0.0035,0.0183,0.0639,0.0663,5.8927,0.0632,0.0000,1.1102,0.0040,0.0002,0.6543,0.0083,0.0039,0.0002
2568,32.1316,0.0583,11.7319,5.9739,,true,0,0.008333,0.0000,0.0000,1.00,0.00,0.0000,22,1,368,368,0,0,100,0,14,14,0,0,0,368,0,0,919957504,0.000000,0.000352,31.764559,0.00,2,5,10,18,16,24,26,14,29,32,36,34,43,43,36,0,0,0,0.0019,0.0466,0.0832,0.0042,0.0195,0.0676,0.0443,5.9739,0.0624,0.0000,1.1015,0.0049,0.0001,0.6554,0.0100,0.0053,0.0001
2569,32.1436,0.0583,13.2277,4.7734,,true,0,0.008333,0.0000,0.0000,1.00,0.00,0.0000,22,1,368,368,0,0,100,0,14,14,0,0,0,368,0,0,919957504,0.000000,0.000352,31.764559,0.00,2,5,10,18,16,24,26,14,29,32,36,34,43,43,36,0,0,0,0.0016,0.0419,0.0623,0.0019,0.0205,0.0871,0.0608,4.7734,0.0519,0.0000,0.8211,0.0022,0.0001,0.4991,0.0037,0.0040,0.0001
2570,32.1585,0.0583,12.4908,6.6909,,true,0,0.008333,0.0000,0.0000,1.00,0.00,0.0000,22,1,368,368,0,0,100,0,14,14,0,0,0,368,0,0,919957504,0.000000,0.000352,31.764559,0.00,2,5,10,18,16,24,26,14,29,32,36,34,43,43,36,0,0,0,0.0013,0.0581,0.0711,0.0044,0.0208,0.0811,0.0611,6.6909,0.0913,0.0000,1.1364,0.0041,0.0001,0.6723,0.0066,0.0053,0.0003
2571,32.1706,0.0583,11.8238,7.2170,,true,0,0.008333,0.0000,0.0000,1.00,0.00,0.0000,22,1,368,368,0,0,100,0,14,14,0,0,0,368,0,0,919957504,0.000000,0.000352,31.764559,0.00,2,5,10,18,16,24,26,14,29,32,36,34,43,43,36,0,0,0,0.0012,0.0604,0.0796,0.0041,0.0240,0.0725,0.0617,7.2170,0.0747,0.0000,1.1478,0.0038,0.0001,0.6697,0.0093,0.0043,0.0002
2572,32.1803,0.0583,12.0167,5.0962,,true,0,0.008333,0.0000,0.0000,1.00,0.00,0.0000,22,1,368,368,0,0,100,0,14,14,0,0,0,368,0,0,919957504,0.000000,0.000352,31.764559,0.00,2,5,10,18,16,24,26,14,29,32,36,34,43,43,36,0,0,0,0.0009,0.0485,0.0525,0.0038,0.0113,0.0499,0.0469,5.0962,0.0571,0.0000,0.8216,0.0033,0.0001,0.4715,0.0082,0.0049,0.0001
2573,32.1933,0.0583,11.4895,6.0348,,true,0,0.008333,0.0000,0.0000,1.00,0.00,0.0000,22,1,368,368,0,0,100,0,14,14,0,0,0,368,0,0,919957504,0.000000,0.000352,31.764559,0.00,2,5,10,18,16,24,26,14,29,32,36,34,43,43,36,0,0,0,0.0012,0.0463,0.0963,0.0036,0.0203,0.0818,0.0419,6.0348,0.0817,0.0000,0.8478,0.0038,0.0001,0.4978,0.0075,0.0040,0.0002
2574,32.2034,0.0583,11.4733,4.8219,,true,0,0.008333,0.0000,0.0000,1.00,0.00,0.0000,22,1,368,368,0,0,100,0,14,14,0,0,0,368,0,0,919957504,0.000000,0.000352,31.764559,0.00,2,5,10,18,16,24,26,14,29,32,36,34,43,43,36,0,0,0,0.0009,0.0684,0.0560,0.0019,0.0088,0.0307,0.0382,4.8219,0.0589,0.0000,0.7514,0.0017,0.0001,0.4394,0.0044,0.0022,0.0001
2575,32.2193,0.0583,13.6299,6.9359,,true,0,0.008333,0.0000,0.0000,1.00,0.00,0.0000,22,1,368,368,0,0,100,0,14,14,0,0,0,368,0,0,919957504,0.000000,0.000352,31.764559,0.00,2,5,10,18,16,24,26,14,29,32,36,34,43,43,36,0,0,0,0.0013,0.0557,0.0676,0.0049,0.0230,0.0931,0.0614,6.9359,0.0765,0.0000,1.1633,0.0038,0.0002,0.6891,0.0067,0.0049,0.0002
2576,32.2292,0.0583,11.3045,5.7513,,true,0,0.008333,0.0000,0.0000,1.00,0.00,0.0000,22,1,368,368,0,0,100,0,14,14,0,0,0,368,0,0,919957504,0.000000,0.000352,31.764559,0.00,2,5,10,18,16,24,26,14,29,32,36,34,43,43,36,0,0,0,0.0011,0.0515,0.0675,0.0041,0.0206,0.0757,0.0453,5.7513,0.0660,0.0000,0.9072,0.0043,0.0001,0.5051,0.0096,0.0066,0.0002
2577,32.2419,0.0583,12.0266,6.3909,,true,0,0.008333,0.0000,0.0000,1.00,0.00,0.0000,22,1,368,368,0,0,100,0,14,14,0,0,0,368,0,0,919957504,0.000000,0.000352,31.764559,0.00,2,5,10,18,16,24,26,14,29,32,36,34,43,43,36,0,0,0,0.0015,0.0659,0.0750,0.0034,0.0197,0.0755,0.0603,6.3909,0.0745,0.0000,1.1886,0.0047,0.0001,0.6745,0.0096,0.0069,0.0002
2578,32.2527,0.0583,10.9459,6.2773,,true,0,0.008333,0.0000,0.0000,1.00,0.00,0.0000,22,1,368,368,0,0,100,0,14,14,0,0,0,368,0,0,919957504,0.000000,0.000352,31.764559,0.00,2,5,10,18,16,24,26,14,29,32,36,34,43,43,36,0,0,0,0.0013,0.0650,0.0982,0.0037,0.0160,0.0632,0.0607,6.2773,0.0830,0.0000,1.1924,0.0044,0.0001,0.6719,0.0090,0.0051,0.0002
2579,32.2654,0.0583,12.7717,6.2698,,true,0,0.008333,0.0000,0.0000,1.00,0.00,0.0000,22,1,368,368,0,0,100,0,14,14,0,0,0,368,0,0,919957504,0.000000,0.000352,31.764559,0.00,2,5,10,18,16,24,26,14,29,32,36,34,43,43,36,0,0,0,0.0011,0.0611,0.0808,0.0054,0.0238,0.0904,0.0551,6.2698,0.0918,0.0000,1.1580,0.0035,0.0002,0.6863,0.0101,0.0043,0.0002
2580,32.2774,0.0583,12.4068,5.6350,,true,0,0.008333,0.0000,0.0000,1.00,0.00,0.0000,22,1,368,368,0,0,100,0,14,14,0,0,0,368,0,0,919957504,0.000000,0.000352,31.764559,0.00,2,5,10,18,16,24,26,14,29,32,36,34,43,43,36,0,0,0,0.0012,0.0621,0.0785,0.0048,0.0143,0.0477,0.0633,5.6350,0.1075,0.0000,1.0739,0.0038,0.0001,0.5309,0.0703,0.0054,0.0002
2581,32.2921,0.0583,13.8490,6.6035,,true,0,0.008333,0.0000,0.0000,1.00,0.00,0.0000,22,1,368,368,0,0,100,0,14,14,0,0,0,368,0,0,920076288,0.000000,0.000352,31.764559,0.00,2,5,10,18,16,24,26,14,29,32,36,34,43,43,36,0,0,0,0.0014,0.0507,0.0732,0.0044,0.0238,0.0829,0.0624,6.6035,0.0751,0.0000,1.2685,0.0040,0.0001,0.7367,0.0082,0.0063,0.0002
2582,32.3044,0.0583,12.4395,6.5741,,true,0,0.008333,0.0000,0.0000,1.00,0.00,0.0000,22,1,368,368,0,0,100,0,14,14,0,0,0,368,0,0,920076288,0.000000,0.000352,31.764559,0.00,2,5,10,18,16,24,26,14,29,32,36,34,43,43,36,0,0,0,0.0016,0.0524,0.0768,0.0044,0.0270,0.0787,0.0574,6.5741,0.1066,0.0000,1.1037,0.0032,0.0001,0.6509,0.0078,0.0036,0.0002
2583,32.3170,0.0583,11.8399,6.8934,,true,0,0.008333,0.0000,0.0000,1.00,0.00,0.0000,22,1,368,368,0,0,100,0,14,14,0,0,0,368,0,0,920076288,0.000000,0.000352,31.764559,0.00,2,5,10,18,16,24,26,14,29,32,36,34,43,43,36,0,0,0,0.0015,0.0627,0.0743,0.0047,0.0215,0.0869,0.0562,6.8934,0.0756,0.0000,1.1451,0.0047,0.0002,0.6647,0.0072,0.0068,0.0002
2584,32.3277,0.0583,11.9615,6.0759,,true,0,0.008333,0.0000,0.0000,1.00,0.00,0.0000,22,1,368,368,0,0,100,0,14,14,0,0,0,368,0,0,920076288,0.000000,0.000352,31.764559,0.00,2,5,10,18,16,24,26,14,29,32,36,34,43,43,36,0,0,0,0.0017,0.0527,0.0761,0.0041,0.0223,0.0734,0.0629,6.0759,0.0685,0.0000,1.1557,0.0037,0.0001,0.6612,0.0091,0.0051,0.0002
2585,32.3392,0.0583,11.9201,5.5799,,true,0,0.008333,0.0000,0.0000,1.00,0.00,0.0000,22,1,368,368,0,0,100,0,14,14,0,0,0,368,0,0,920076288,0.000000,0.000352,31.764559,0.00,2,5,10,18,16,24,26,14,29,32,36,34,43,43,36,0,0,0,0.0013,0.0463,0.0806,0.0025,0.0140,0.0435,0.0509,5.5799,0.0733,0.0000,1.1057,0.0025,0.0001,0.6551,0.0056,0.0029,0.0002
2586,32.3540,0.0583,13.0073,7.2412,,true,1,0.008333,0.0000,0.0083,1.00,0.00,0.0000,22,1,368,368,0,0,100,0,14,14,0,0,0,368,0,0,920076288,0.000000,0.000352,32.068703,0.00,2,5,10,18,16,24,26,14,29,32,36,34,43,43,36,0,0,0,0.0019,0.0570,0.0807,0.0045,0.0281,0.2626,0.0582,7.2412,0.0774,0.0000,1.1575,0.0049,0.0002,0.6842,0.0094,0.0066,0.0002
2587,32.3635,0.0583,11.1918,5.8119,,true,0,0.008333,0.0000,0.0000,1.00,0.00,0.0000,22,1,368,368,0,0,100,0,14,14,0,0,0,368,0,0,920076288,0.000000,0.000352,32.068703,0.00,2,5,10,18,16,24,26,14,29,32,36,34,43,43,36,0,0,0,0.0013,0.0520,0.0785,0.0042,0.0219,0.0713,0.0546,5.8119,0.0598,0.0000,1.1220,0.0039,0.0001,0.6649,0.0068,0.0032,0.0002
2588,32.3760,0.0583,11.2954,6.7799,,true,0,0.008333,0.0000,0.0000,1.00,0.00,0.0000,22,1,368,368,0,0,100,0,14,14,0,0,0,368,0,0,920076288,0.000000,0.000352,32.068703,0.00,2,5,10,18,16,24,26,14,29,32,36,34,43,43,36,0,0,0,0.0019,0.0645,0.0879,0.0052,0.0212,0.0821,0.0574,6.7799,0.0952,0.0000,1.1717,0.0041,0.0002,0.6910,0.0084,0.0042,0.0002
2589,32.3867,0.0583,11.8075,6.0155,,true,0,0.008333,0.0000,0.0000,1.00,0.00,0.0000,22,1,368,368,0,0,100,0,14,14,0,0,0,368,0,0,920076288,0.000000,0.000352,32.068703,0.00,2,5,10,18,16,24,26,14,29,32,36,34,43,43,36,0,0,0,0.0019,0.0595,0.0976,0.0052,0.0269,0.0712,0.0518,6.0155,0.0962,0.0000,1.1062,0.0041,0.0001,0.6394,0.0078,0.0072,0.0002
2590,32.3988,0.0583,11.7726,6.0812,,true,0,0.008333,0.0000,0.0000,1.00,0.00,0.0000,22,1,368,368,0,0,100,0,14,14,0,0,0,368,0,0,920076288,0.000000,0.000352,32.068703,0.00,2,5,10,18,16,24,26,14,29,32,36,34,43,43,36,0,0,0,0.0015,0.0577,0.0741,0.0071,0.0253,0.0850,0.0577,6.0812,0.0751,0.0000,1.1527,0.0049,0.0001,0.6740,0.0092,0.0050,0.0002
2591,32.4103,0.0583,11.5601,6.3071,,true,0,0.008333,0.0000,0.0000,1.00,0.00,0.0000,22,1,368,368,0,0,100,0,14,14,0,0,0,368,0,0,920076288,0.000000,0.000352,32.068703,0.00,2,5,10,18,16,24,26,14,29,32,36,34,43,43,36,0,0,0,0.0019,0.0667,0.0817,0.0049,0.0208,0.0833,0.0580,6.3071,0.0696,0.0000,1.1700,0.0044,0.0001,0.6736,0.0097,0.0050,0.0002
2592,32.4251,0.0583,13.6063,7.2384,,true,0,0.008333,0.0000,0.0000,1.00,0.00,0.0000,22,1,368,368,0,0,100,0,14,14,0,0,0,368,0,0,920076288,0.000000,0.000352,32.068703,0.00,2,5,10,18,16,24,26,14,29,32,36,34,43,43,36,0,0,0,0.0016,0.0646,0.0789,0.0056,0.0237,0.0871,0.0571,7.2384,0.0784,0.0000,1.1196,0.0044,0.0002,0.6525,0.0073,0.0045,0.0002
2593,32.4372,0.0583,12.1061,7.0478,,true,0,0.008333,0.0000,0.0000,1.00,0.00,0.0000,22,1,368,368,0,0,100,0,14,14,0,0,0,368,0,0,920076288,0.000000,0.000352,32.068703,0.00,2,5,10,18,16,24,26,14,29,32,36,34,43,43,36,0,0,0,0.0015,0.0922,0.0796,0.0047,0.0228,0.0817,0.0557,7.0478,0.0823,0.0000,1.1393,0.0048,0.0001,0.6671,0.0085,0.0058,0.0002
2594,32.4478,0.0583,11.6044,6.4958,,true,0,0.008333,0.0000,0.0000,1.00,0.00,0.0000,22,1,368,368,0,0,100,0,14,14,0,0,0,368,0,0,920076288,0.000000,0.000352,32.068703,0.00,2,5,10,18,16,24,26,14,29,32,36,34,43,43,36,0,0,0,0.0019,0.0622,0.0767,0.0044,0.0198,0.0688,0.0583,6.4958,0.0919,0.0000,1.1942,0.0054,0.0001,0.6989,0.0070,0.0060,0.0002
2595,32.4597,0.0583,12.8642,5.3823,,true,0,0.008333,0.0000,0.0000,1.00,0.00,0.0000,22,1,368,368,0,0,100,0,14,14,0,0,0,368,0,0,920076288,0.000000,0.000352,32.068703,0.00,2,5,10,18,16,24,26,14,29,32,36,34,43,43,36,0,0,0,0.0039,0.0452,0.0601,0.0034,0.0139,0.0455,0.0414,5.3823,0.0633,0.0000,0.8799,0.0030,0.0001,0.5317,0.0071,0.0044,0.0001
2596,32.4708,0.0583,10.6978,5.9774,,true,0,0.008333,0.0000,0.0000,1.00,0.00,0.0000,22,1,368,368,0,0,100,0,14,14,0,0,0,368,0,0,920076288,0.000000,0.000352,32.068703,0.00,2,5,10,18,16,24,26,14,29,32,36,34,43,43,36,0,0,0,0.0016,0.0524,0.0737,0.0039,0.0206,0.0741,0.0543,5.9774,0.0645,0.0000,1.1521,0.0045,0.0001,0.6657,0.0066,0.0059,0.0002
2597,32.4849,0.0583,13.2060,6.6516,,true,0,0.008333,0.0000,0.0000,1.00,0.00,0.0000,22,1,368,368,0,0,100,0,14,14,0,0,0,368,0,0,920076288,0.000000,0.000352,32.068703,0.00,2,5,10,18,16,24,26,14,29,32,36,34,43,43,36,0,0,0,0.0015,0.0611,0.0619,0.0047,0.0209,0.0960,0.0467,6.6516,0.0729,0.0000,0.8929,0.0034,0.0001,0.5165,0.0083,0.0053,0.0002
2598,32.4971,0.0583,11.9336,6.5900,,true,0,0.008333,0.0000,0.0000,1.00,0.00,0.0000,22,1,368,368,0,0,100,0,14,14,0,0,0,368,0,0,920076288,0.000000,0.000352,32.068703,0.00,2,5,10,18,16,24,26,14,29,32,36,34,43,43,36,0,0,0,0.0019,0.0677,0.0821,0.0057,0.0251,0.0730,0.0669,6.5900,0.0766,0.0000,1.2140,0.0035,0.0001,0.6669,0.0146,0.0031,0.0002
2599,32.5087,0.0583,12.0907,6.4078,,true,0,0.008333,0.0000,0.0000,1.00,0.00,0.0000,22,1,368,368,0,0,100,0,14,14,0,0,0,368,0,0,920076288,0.000000,0.000352,32.068703,0.00,2,5,10,18,16,24,26,14,29,32,36,34,43,43,36,0,0,0,0.0017,0.0633,0.0813,0.0057,0.0204,0.0932,0.0550,6.4078,0.0886,0.0000,1.1580,0.0043,0.0001,0.6067,0.0190,0.0058,0.0002
2600,32.5217,0.0583,12.8924,6.4514,,true,0,0.008333,0.0000,0.0000,1.00,0.00,0.0000,22,1,368,368,0,0,100,0,14,14,0,0,0,368,0,0,920076288,0.000000,0.000352,32.068703,0.00,2,5,10,18,16,24,26,14,29,32,36,34,43,43,36,0,0,0,0.0016,0.0827,0.0856,0.0036,0.0202,0.0846,0.0579,6.4514,0.0672,0.0000,1.1368,0.0046,0.0001,0.6529,0.0079,0.0057,0.0002
2601,32.5335,0.0583,11.9244,6.2796,,true,0,0.008333,0.0000,0.0000,1.00,0.00,0.0000,22,1,368,368,0,0,100,0,14,14,0,0,0,368,0,0,920076288,0.000000,0.000352,32.068703,0.00,2,5,10,18,16,24,26,14,29,32,36,34,43,43,36,0,0,0,0.0019,0.0631,0.0808,0.0074,0.0288,0.1006,0.0578,6.2796,0.0832,0.0000,1.1824,0.0053,0.0002,0.6644,0.0097,0.0050,0.0002
2602,32.5473,0.0583,13.2555,6.9179,,true,0,0.008333,0.0000,0.0000,1.00,0.00,0.0000,22,1,368,368,0,0,100,0,14,14,0,0,0,368,0,0,920076288,0.000000,0.000352,32.068703,0.00,2,5,10,18,16,24,26,14,29,32,36,34,43,43,36,0,0,0,0.0017,0.0841,0.0933,0.0040,0.0186,0.0800,0.0550,6.9179,0.0816,0.0000,1.1258,0.0057,0.0001,0.6452,0.0080,0.0057,0.0002
2603,32.5589,0.0583,12.0224,6.4657,,true,0,0.008333,0.0000,0.0000,1.00,0.00,0.0000,22,1,368,368,0,0,100,0,14,14,0,0,0,368,0,0,920076288,0.000000,0.000352,32.068703,0.00,2,5,10,18,16,24,26,14,29,32,36,34,43,43,36,0,0,0,0.0015,0.0624,0.0839,0.0045,0.0267,0.1078,0.0554,6.4657,0.0762,0.0000,1.1193,0.0036,0.0002,0.6446,0.0075,0.0050,0.0002
2604,32.5707,0.0583,11.8862,6.4300,,true,0,0.008333,0.0000,0.0000,1.00,0.00,0.0000,22,1,368,368,0,0,100,0,14,14,0,0,0,368,0,0,920076288,0.000000,0.000352,32.068703,0.00,2,5,10,18,16,24,26,14,29,32,36,34,43,43,36,0,0,0,0.0017,0.0380,0.0599,0.0045,0.0207,0.0717,0.0689,6.4300,0.0649,0.0000,0.8387,0.0038,0.0001,0.4872,0.0067,0.0044,0.0001
2605,32.5827,0.0583,12.4179,5.9634,,true,0,0.008333,0.0000,0.0000,1.00,0.00,0.0000,22,1,368,368,0,0,100,0,14,14,0,0,0,368,0,0,920076288,0.000000,0.000352,32.068703,0.00,2,5,10,18,16,24,26,14,29,32,36,34,43,43,36,0,0,0,0.0015,0.0589,0.0769,0.0046,0.0220,0.0737,0.0579,5.9634,0.0761,0.0000,1.1343,0.0066,0.0001,0.6650,0.0063,0.0087,0.0002
2606,32.5935,0.0583,10.4953,6.3670,,true,0,0.008333,0.0000,0.0000,1.00,0.00,0.0000,22,1,368,368,0,0,100,0,14,14,0,0,0,368,0,0,920076288,0.000000,0.000352,32.068703,0.00,2,5,10,18,16,24,26,14,29,32,36,34,43,43,36,0,0,0,0.0015,0.0627,0.0819,0.0049,0.0297,0.0828,0.0594,6.3670,0.0767,0.0000,1.1518,0.0039,0.0002,0.6755,0.0087,0.0073,0.0002
2607,32.6046,0.0583,11.9241,5.2568,,true,0,0.008333,0.0000,0.0000,1.00,0.00,0.0000,22,1,368,368,0,0,100,0,14,14,0,0,0,368,0,0,920076288,0.000000,0.000352,32.068703,0.00,2,5,10,18,16,24,26,14,29,32,36,34,43,43,36,0,0,0,0.0017,0.0736,0.0545,0.0028,0.0117,0.0368,0.0733,5.2568,0.0605,0.0000,1.0587,0.0032,0.0002,0.4715,0.0075,0.0046,0.0003
2608,32.6189,0.0583,13.1849,6.5095,,true,0,0.008333,0.0000,0.0000,1.00,0.00,0.0000,22,1,368,368,0,0,100,0,14,14,0,0,0,368,0,0,920076288,0.000000,0.000352,32.068703,0.00,2,5,10,18,16,24,26,14,29,32,36,34,43,43,36,0,0,0,0.0015,0.0615,0.0810,0.0044,0.0217,0.0646,0.0644,6.5095,0.0643,0.0000,1.1450,0.0040,0.0002,0.6652,0.0067,0.0042,0.0002
2609,32.6304,0.0583,11.8558,6.2288,,true,0,0.008333,0.0000,0.0000,1.00,0.00,0.0000,22,1,368,368,0,0,100,0,14,14,0,0,0,368,0,0,920076288,0.000000,0.000352,32.068703,0.00,2,5,10,18,16,24,26,14,29,32,36,34,43,43,36,0,0,0,0.0012,0.0549,0.0633,0.0052,0.0261,0.1196,0.0437,6.2288,0.0735,0.0000,0.8738,0.0043,0.0001,0.4977,0.0065,0.0043,0.0002
2610,32.6442,0.0583,13.0140,6.9818,,true,0,0.008333,0.0000,0.0000,1.00,0.00,0.0000,22,1,368,368,0,0,100,0,14,14,0,0,0,368,0,0,920076288,0.000000,0.000352,32.068703,0.00,2,5,10,18,16,24,26,14,29,32,36,34,43,43,36,0,0,0,0.0015,0.0526,0.0828,0.0057,0.0210,0.0723,0.0584,6.9818,0.0632,0.0000,1.1755,0.0060,0.0001,0.7112,0.0109,0.0065,0.0002
2611,32.6573,0.0583,12.4895,7.2963,,true,0,0.008333,0.0000,0.0000,1.00,0.00,0.0000,22,1,368,368,0,0,100,0,14,14,0,0,0,368,0,0,920076288,0.000000,0.000352,32.068703,0.00,2,5,10,18,16,24,26,14,29,32,36,34,43,43,36,0,0,0,0.0017,0.0660,0.0875,0.0049,0.0263,0.1574,0.0568,7.2963,0.0818,0.0000,1.1647,0.0047,0.0001,0.6669,0.0094,0.0066,0.0002
2612,32.6704,0.0583,13.5566,7.1374,,true,0,0.008333,0.0000,0.0000,1.00,0.00,0.0000,22,1,368,368,0,0,100,0,14,14,0,0,0,368,0,0,920076288,0.000000,0.000352,32.068703,0.00,2,5,10,18,16,24,26,14,29,32,36,34,43,43,36,0,0,0,0.0014,0.0643,0.0956,0.0052,0.0227,0.0911,0.0610,7.1374,0.0822,0.0000,1.2054,0.0039,0.0001,0.7252,0.0187,0.0045,0.0002
2613,32.6834,0.0583,13.6530,6.7875,,true,0,0.008333,0.0000,0.0000,1.00,0.00,0.0000,22,1,368,368,0,0,100,0,14,14,0,0,0,368,0,0,920076288,0.000000,0.000352,32.068703,0.00,2,5,10,18,16,24,26,14,29,32,36,34,43,43,36,0,0,0,0.0018,0.0608,0.0875,0.0042,0.0189,0.0684,0.0633,6.7875,0.0933,0.0000,1.3089,0.0044,0.0001,0.8039,0.0094,0.0050,0.0002
2614,32.7008,0.0583,16.0353,7.1644,,true,0,0.008333,0.0000,0.0000,1.00,0.00,0.0000,22,1,368,368,0,0,100,0,14,14,0,0,0,368,0,0,920076288,0.000000,0.000352,32.068703,0.00,2,5,10,18,16,24,26,14,29,32,36,34,43,43,36,0,0,0,0.0015,0.0640,0.0696,0.0052,0.0244,0.0860,0.0598,7.1644,0.0601,0.0000,1.1375,0.0045,0.0001,0.6620,0.0074,0.0050,0.0002
2615,32.7106,0.0583,10.8410,6.8733,,true,1,0.008333,0.0000,0.0083,1.00,0.00,0.0000,22,1,368,368,0,0,100,0,14,14,0,0,0,368,0,0,920076288,0.000000,0.000352,32.423881,0.00,2,5,10,18,16,24,26,14,29,32,36,34,43,43,36,0,0,0,0.0021,0.0575,0.0792,0.0036,0.0200,0.2506,0.0570,6.8733,0.0814,0.0000,1.1389,0.0044,0.0002,0.6754,0.0110,0.0056,0.0002
2616,32.7226,0.0583,12.4177,6.6231,,true,0,0.008333,0.0000,0.0000,1.00,0.00,0.0000,22,1,368,368,0,0,100,0,14,14,0,0,0,368,0,0,920076288,0.000000,0.000352,32.423881,0.00,2,5,10,18,16,24,26,14,29,32,36,34,43,43,36,0,0,0,0.0017,0.0933,0.0746,0.0049,0.0276,0.0802,0.0570,6.6231,0.0719,0.0000,1.1223,0.0051,0.0001,0.6422,0.0067,0.0059,0.0002
2617,32.7348,0.0583,11.8065,6.7374,,true,0,0.008333,0.0000,0.0000,1.00,0.00,0.0000,22,1,368,368,0,0,100,0,14,14,0,0,0,368,0,0,920076288,0.000000,0.000352,32.423881,0.00,2,5,10,18,16,24,26,14,29,32,36,34,43,43,36,0,0,0,0.0019,0.0608,0.0917,0.0042,0.0238,0.0785,0.0565,6.7374,0.0710,0.0000,1.1849,0.0026,0.0001,0.7160,0.0096,0.0035,0.0002
2618,32.7457,0.0583,11.5266,6.2167,,true,0,0.008333,0.0000,0.0000,1.00,0.00,0.0000,22,1,368,368,0,0,100,0,14,14,0,0,0,368,0,0,920076288,0.000000,0.000352,32.423881,0.00,2,5,10,18,16,24,26,14,29,32,36,34,43,43,36,0,0,0,0.0015,0.0549,0.0798,0.0045,0.0234,0.1004,0.0559,6.2167,0.0720,0.0000,1.1071,0.0038,0.0001,0.6459,0.0078,0.0048,0.0002
2619,32.7580,0.0583,11.3658,6.8457,,true,0,0.008333,0.0000,0.0000,1.00,0.00,0.0000,22,1,368,368,0,0,100,0,14,14,0,0,0,368,0,0,920076288,0.000000,0.000352,32.423881,0.00,2,5,10,18,16,24,26,14,29,32,36,34,43,43,36,0,0,0,0.0029,0.0572,0.0843,0.0053,0.0249,0.0859,0.0579,6.8457,0.0723,0.0000,1.1246,0.0036,0.0002,0.6660,0.0095,0.0052,0.0002
2620,32.7684,0.0583,11.5777,6.0513,,true,0,0.008333,0.0000,0.0000,1.00,0.00,0.0000,22,1,368,368,0,0,100,0,14,14,0,0,0,368,0,0,920076288,0.000000,0.000352,32.423881,0.00,2,5,10,18,16,24,26,14,29,32,36,34,43,43,36,0,0,0,0.0013,0.0648,0.0643,0.0046,0.0251,0.0872,0.0477,6.0513,0.0903,0.0000,0.9318,0.0044,0.0001,0.4964,0.0126,0.0036,0.0001
2621,32.7803,0.0583,12.1307,6.0628,,true,0,0.008333,0.0000,0.0000,1.00,0.00,0.0000,22,1,368,368,0,0,100,0,14,14,0,0,0,368,0,0,920076288,0.000000,0.000352,32.423881,0.00,2,5,10,18,16,24,26,14,29,32,36,34,43,43,36,0,0,0,0.0015,0.0568,0.0768,0.0044,0.0202,0.0552,0.0614,6.0628,0.0651,0.0000,1.1235,0.0043,0.0001,0.6704,0.0086,0.0047,0.0002
2622,32.7916,0.0583,10.9726,6.0589,,true,0,0.008333,0.0000,0.0000,1.00,0.00,0.0000,22,1,368,368,0,0,100,0,14,14,0,0,0,368,0,0,920076288,0.000000,0.000352,32.423881,0.00,2,5,10,18,16,24,26,14,29,32,36,34,43,43,36,0,0,0,0.0016,0.0619,0.0733,0.0049,0.0213,0.0794,0.0608,6.0589,0.0839,0.0000,1.0950,0.0041,0.0002,0.6417,0.0082,0.0054,0.0002
2623,32.8026,0.0583,11.6278,5.7621,,true,0,0.008333,0.0000,0.0000,1.00,0.00,0.0000,22,1,368,368,0,0,100,0,14,14,0,0,0,368,0,0,920076288,0.000000,0.000352,32.423881,0.00,2,5,10,18,16,24,26,14,29,32,36,34,43,43,36,0,0,0,0.0017,0.0542,0.0787,0.0033,0.0161,0.0572,0.0547,5.7621,0.0704,0.0000,1.2190,0.0052,0.0001,0.7122,0.0067,0.0051,0.0002
2624,32.8363,0.0583,12.7528,26.0042,,true,0,0.008333,0.0000,0.0000,1.00,0.00,0.0000,22,1,368,368,0,0,100,0,14,14,0,0,0,368,0,0,920076288,0.000000,0.000352,32.423881,0.00,2,5,10,18,16,24,26,14,29,32,36,34,43,43,36,0,0,0,0.0020,0.0581,0.0722,0.0044,0.0239,0.0775,0.0592,26.0042,0.0617,0.0000,20.4310,0.0019,1.2953,0.5163,0.0326,0.0026,18.1362
2625,32.8435,0.0583,11.3732,6.1085,,true,0,0.008333,0.0000,0.0000,1.00,0.00,0.0000,22,1,368,368,0,0,100,0,14,14,0,0,0,368,0,0,920076288,0.000000,0.000352,32.423881,0.00,2,5,10,18,16,24,26,14,29,32,36,34,43,43,36,0,0,0,0.0036,0.0680,0.0682,0.0067,0.0241,0.0850,0.0655,6.1085,0.0732,0.0000,1.2444,0.0032,0.0001,0.7470,0.0078,0.0033,0.0002
2626,32.8510,0.0583,23.9546,5.5943,,true,0,0.008333,0.0000,0.0000,1.00,0.00,0.0000,22,1,368,368,0,0,100,0,14,14,0,0,0,368,0,0,920076288,0.000000,0.000352,32.423881,0.00,2,5,10,18,16,24,26,14,29,32,36,34,43,43,36,0,0,0,0.0022,0.0489,0.0567,0.0061,0.0238,0.0712,0.0471,5.5943,0.0572,0.0000,0.8690,0.0036,0.0001,0.4935,0.0062,0.0054,0.0002
2627,32.8598,0.0583,7.0645,7.3696,,true,0,0.008333,0.0000,0.0000,1.00,0.00,0.0000,22,1,368,368,0,0,100,0,14,14,0,0,0,368,0,0,920076288,0.000000,0.000352,32.423881,0.00,2,5,10,18,16,24,26,14,29,32,36,34,43,43,36,0,0,0,0.0021,0.0921,0.0868,0.0090,0.0287,0.0875,0.0490,7.3696,0.0949,0.0000,1.4950,0.0064,0.0003,0.8109,0.0081,0.0081,0.0005
2628,32.8675,0.0583,7.4162,6.5043,,true,0,0.008333,0.0000,0.0000,1.00,0.00,0.0000,22,1,368,368,0,0,100,0,14,14,0,0,0,368,0,0,920076288,0.000000,0.000352,32.423881,0.00,2,5,10,18,16,24,26,14,29,32,36,34,43,43,36,0,0,0,0.0013,0.0481,0.1211,0.0031,0.0175,0.0602,0.0498,6.5043,0.0998,0.0000,1.4885,0.0041,0.0002,0.9366,0.0108,0.0063,0.0002
2629,32.8762,0.0583,9.8830,6.5272,,true,0,0.008333,0.0000,0.0000,1.00,0.00,0.0000,22,1,368,368,0,0,100,0,14,14,0,0,0,368,0,0,920076288,0.000000,0.000352,32.423881,0.00,2,5,10,18,16,24,26,14,29,32,36,34,43,43,36,0,0,0,0.0013,0.0549,0.0691,0.0042,0.0348,0.0724,0.0647,6.5272,0.0526,0.0000,1.1885,0.0045,0.0001,0.6751,0.0071,0.0063,0.0002
2630,32.8877,0.0583,11.4667,6.5545,,true,0,0.008333,0.0000,0.0000,1.00,0.00,0.0000,22,1,368,368,0,0,100,0,14,14,0,0,0,368,0,0,920076288,0.000000,0.000352,32.423881,0.00,2,5,10,18,16,24,26,14,29,32,36,34,43,43,36,0,0,0,0.0021,0.0746,0.0742,0.0035,0.0183,0.0550,0.0737,6.5545,0.0762,0.0000,1.2062,0.0048,0.0002,0.7184,0.0064,0.0052,0.0002
2631,32.9006,0.0583,12.9081,6.2002,,true,0,0.008333,0.0000,0.0000,1.00,0.00,0.0000,22,1,368,368,0,0,100,0,14,14,0,0,0,368,0,0,920076288,0.000000,0.000352,32.423881,0.00,2,5,10,18,16,24,26,14,29,32,36,34,43,43,36,0,0,0,0.0014,0.0508,0.0695,0.0046,0.0217,0.1013,0.0436,6.2002,0.0621,0.0000,0.9094,0.0049,0.0001,0.4971,0.0089,0.0049,0.0001
2632,32.9129,0.0583,11.2551,7.3942,,true,0,0.008333,0.0000,0.0000,1.00,0.00,0.0000,22,1,368,368,0,0,100,0,14,14,0,0,0,368,0,0,920076288,0.000000,0.000352,32.423881,0.00,2,5,10,18,16,24,26,14,29,32,36,34,43,43,36,0,0,0,0.0017,0.0584,0.0864,0.0049,0.0255,0.1004,0.0605,7.3942,0.0819,0.0000,1.2107,0.0039,0.0001,0.7313,0.0103,0.0047,0.0002
2633,32.9249,0.0583,12.9002,6.8252,,true,0,0.008333,0.0000,0.0000,1.00,0.00,0.0000,22,1,368,368,0,0,100,0,14,14,0,0,0,368,0,0,920076288,0.000000,0.000352,32.423881,0.00,2,5,10,18,16,24,26,14,29,32,36,34,43,43,36,0,0,0,0.0017,0.0638,0.1141,0.0038,0.0196,0.0727,0.0609,6.8252,0.1482,0.0000,1.0851,0.0045,0.0001,0.6112,0.0083,0.0056,0.0002
2634,32.9371,0.0583,11.9017,6.6731,,true,0,0.008333,0.0000,0.0000,1.00,0.00,0.0000,22,1,368,368,0,0,100,0,14,14,0,0,0,368,0,0,920076288,0.000000,0.000352,32.423881,0.00,2,5,10,18,16,24,26,14,29,32,36,34,43,43,36,0,0,0,0.0014,0.0590,0.0711,0.0042,0.0216,0.0788,0.0593,6.6731,0.0649,0.0000,1.1668,0.0047,0.0001,0.6812,0.0091,0.0053,0.0002
2635,32.9467,0.0583,11.2565,5.6020,,true,0,0.008333,0.0000,0.0000,1.00,0.00,0.0000,22,1,368,368,0,0,100,0,14,14,0,0,0,368,0,0,920076288,0.000000,0.000352,32.423881,0.00,2,5,10,18,16,24,26,14,29,32,36,34,43,43,36,0,0,0,0.0013,0.0614,0.0563,0.0038,0.0195,0.0744,0.0458,5.6020,0.0590,0.0000,0.8828,0.0041,0.0001,0.4766,0.0073,0.0050,0.0001
2636,32.9596,0.0583,11.8364,6.4232,,true,0,0.008333,0.0000,0.0000,1.00,0.00,0.0000,22,1,368,368,0,0,100,0,14,14,0,0,0,368,0,0,920076288,0.000000,0.000352,32.423881,0.00,2,5,10,18,16,24,26,14,29,32,36,34,43,43,36,0,0,0,0.0016,0.0602,0.0809,0.0052,0.0224,0.0644,0.0718,6.4232,0.0741,0.0000,1.1269,0.0046,0.0002,0.6649,0.0064,0.0061,0.0002
2637,32.9701,0.0583,10.9994,6.1093,,true,0,0.008333,0.0000,0.0000,1.00,0.00,0.0000,22,1,368,368,0,0,100,0,14,14,0,0,0,368,0,0,920076288,0.000000,0.000352,32.423881,0.00,2,5,10,18,16,24,26,14,29,32,36,34,43,43,36,0,0,0,0.0015,0.0574,0.0761,0.0047,0.0231,0.0809,0.0579,6.1093,0.0762,0.0000,1.1279,0.0038,0.0001,0.6670,0.0082,0.0052,0.0002
2638,32.9826,0.0583,12.4367,6.1691,,true,0,0.008333,0.0000,0.0000,1.00,0.00,0.0000,22,1,368,368,0,0,100,0,14,14,0,0,0,368,0,0,920076288,0.000000,0.000352,32.423881,0.00,2,5,10,18,16,24,26,14,29,32,36,34,43,43,36,0,0,0,0.0016,0.0592,0.0898,0.0050,0.0236,0.0721,0.0565,6.1691,0.0709,0.0000,1.0854,0.0043,0.0001,0.5277,0.0237,0.0043,0.0002
2639,32.9962,0.0583,12.3632,6.9594,,true,0,0.008333,0.0000,0.0000,1.00,0.00,0.0000,22,1,368,368,0,0,100,0,14,14,0,0,0,368,0,0,920076288,0.000000,0.000352,32.423881,0.00,2,5,10,18,16,24,26,14,29,32,36,34,43,43,36,0,0,0,0.0016,0.0569,0.0681,0.0038,0.0245,0.0874,0.0488,6.9594,0.0580,0.0000,0.9362,0.0111,0.0001,0.5264,0.0102,0.0058,0.0002
2640,33.0082,0.0583,11.9742,7.2418,,true,1,0.008333,0.0000,0.0083,1.00,0.00,0.0000,22,1,368,368,0,0,100,0,14,14,0,0,0,368,0,0,920076288,0.000000,0.000352,32.728287,0.00,2,5,10,18,16,24,26,14,29,32,36,34,43,43,36,0,0,0,0.0016,0.0573,0.0714,0.0039,0.0192,0.2686,0.0631,7.2418,0.0656,0.0000,1.1142,0.0032,0.0002,0.6663,0.0101,0.0052,0.0002
2641,33.0204,0.0583,11.9103,7.3771,,true,0,0.008333,0.0000,0.0000,1.00,0.00,0.0000,22,1,368,368,0,0,100,0,14,14,0,0,0,368,0,0,920076288,0.000000,0.000352,32.728287,0.00,2,5,10,18,16,24,26,14,29,32,36,34,43,43,36,0,0,0,0.0017,0.0703,0.0701,0.0047,0.0232,0.0794,0.0674,7.3771,0.0647,0.0000,1.1663,0.0043,0.0001,0.6520,0.0094,0.0077,0.0002
2642,33.0323,0.0583,11.7231,7.1641,,true,0,0.008333,0.0000,0.0000,1.00,0.00,0.0000,22,1,368,368,0,0,100,0,14,14,0,0,0,368,0,0,920076288,0.000000,0.000352,32.728287,0.00,2,5,10,18,16,24,26,14,29,32,36,34,43,43,36,0,0,0,0.0019,0.0624,0.0713,0.0040,0.0226,0.0906,0.0561,7.1641,0.1040,0.0000,1.1272,0.0041,0.0001,0.6642,0.0064,0.0060,0.0002
2643,33.0422,0.0583,12.0387,5.8148,,true,0,0.008333,0.0000,0.0000,1.00,0.00,0.0000,22,1,368,368,0,0,100,0,14,14,0,0,0,368,0,0,920076288,0.000000,0.000352,32.728287,0.00,2,5,10,18,16,24,26,14,29,32,36,34,43,43,36,0,0,0,0.0017,0.0499,0.0737,0.0049,0.0254,0.0641,0.0557,5.8148,0.0711,0.0000,1.0811,0.0027,0.0001,0.6465,0.0064,0.0056,0.0002
2644,33.0525,0.0583,10.3843,5.8293,,true,0,0.008333,0.0000,0.0000,1.00,0.00,0.0000,22,1,368,368,0,0,100,0,14,14,0,0,0,368,0,0,920076288,0.000000,0.000352,32.728287,0.00,2,5,10,18,16,24,26,14,29,32,36,34,43,43,36,0,0,0,0.0017,0.0560,0.0748,0.0049,0.0215,0.0828,0.0628,5.8293,0.0815,0.0000,1.1921,0.0038,0.0001,0.6560,0.0105,0.0059,0.0002
2645,33.0648,0.0583,12.4827,5.5322,,true,0,0.008333,0.0000,0.0000,1.00,0.00,0.0000,22,1,368,368,0,0,100,0,14,14,0,0,0,368,0,0,920076288,0.000000,0.000352,32.728287,0.00,2,5,10,18,16,24,26,14,29,32,36,34,43,43,36,0,0,0,0.0014,0.0392,0.0728,0.0035,0.0175,0.0610,0.0517,5.5322,0.0694,0.0000,1.1068,0.0037,0.0001,0.6539,0.0080,0.0039,0.0002
2646,33.0768,0.0583,11.1931,6.1395,,true,0,0.008333,0.0000,0.0000,1.00,0.00,0.0000,22,1,368,368,0,0,100,0,14,14,0,0,0,368,0,0,920076288,0.000000,0.000352,32.728287,0.00,2,5,10,18,16,24,26,14,29,32,36,34,43,43,36,0,0,0,0.0019,0.0594,0.0814,0.0039,0.0241,0.0904,0.0545,6.1395,0.0768,0.0000,1.2282,0.0045,0.0002,0.7235,0.0100,0.0054,0.0002
2647,33.0899,0.0583,12.1246,7.2518,,true,0,0.008333,0.0000,0.0000,1.00,0.00,0.0000,22,1,368,368,0,0,100,0,14,14,0,0,0,368,0,0,920076288,0.000000,0.000352,32.728287,0.00,2,5,10,18,16,24,26,14,29,32,36,34,43,43,36,0,0,0,0.0018,0.0619,0.0816,0.0049,0.0289,0.0968,0.0552,7.2518,0.0810,0.0000,1.1301,0.0039,0.0001,0.6401,0.0072,0.0043,0.0002
2648,33.1009,0.0583,11.6385,6.5108,,true,0,0.008333,0.0000,0.0000,1.00,0.00,0.0000,22,1,368,368,0,0,100,0,14,14,0,0,0,368,0,0,920076288,0.000000,0.000352,32.728287,0.00,2,5,10,18,16,24,26,14,29,32,36,34,43,43,36,0,0,0,0.0017,0.0618,0.0773,0.0045,0.0215,0.0867,0.0595,6.5108,0.0834,0.0000,1.1267,0.0036,0.0001,0.6483,0.0068,0.0050,0.0002
2649,33.1127,0.0583,11.2447,7.0926,,true,0,0.008333,0.0000,0.0000,1.00,0.00,0.0000,22,1,368,368,0,0,100,0,14,14,0,0,0,368,0,0,920076288,0.000000,0.000352,32.728287,0.00,2,5,10,18,16,24,26,14,29,32,36,34,43,43,36,0,0,0,0.0016,0.0771,0.0818,0.0048,0.0251,0.0764,0.0571,7.0926,0.0754,0.0000,1.2149,0.0046,0.0001,0.7348,0.0087,0.0048,0.0002
2650,33.1256,0.0583,12.1626,7.1838,,true,0,0.008333,0.0000,0.0000,1.00,0.00,0.0000,22,1,368,368,0,0,100,0,14,14,0,0,0,368,0,0,920076288,0.000000,0.000352,32.728287,0.00,2,5,10,18,16,24,26,14,29,32,36,34,43,43,36,0,0,0,0.0015,0.0673,0.0894,0.0045,0.0188,0.0733,0.0670,7.1838,0.0614,0.0000,1.1493,0.0052,0.0001,0.6562,0.0081,0.0053,0.0002
2651,33.1381,0.0583,13.1915,6.8339,,true,0,0.008333,0.0000,0.0000,1.00,0.00,0.0000,22,1,368,368,0,0,100,0,14,14,0,0,0,368,0,0,920076288,0.000000,0.000352,32.728287,0.00,2,5,10,18,16,24,26,14,29,32,36,34,43,43,36,0,0,0,0.0015,0.0625,0.0814,0.0041,0.0224,0.0761,0.0622,6.8339,0.0822,0.0000,1.1714,0.0034,0.0001,0.6893,0.0085,0.0057,0.0002
2652,33.1482,0.0583,11.4929,5.8814,,true,0,0.008333,0.0000,0.0000,1.00,0.00,0.0000,22,1,368,368,0,0,100,0,14,14,0,0,0,368,0,0,920076288,0.000000,0.000352,32.728287,0.00,2,5,10,18,16,24,26,14,29,32,36,34,43,43,36,0,0,0,0.0021,0.0539,0.0738,0.0051,0.0198,0.0672,0.0581,5.8814,0.0697,0.0000,1.1124,0.0044,0.0002,0.6469,0.0076,0.0059,0.0002
2653,33.1610,0.0583,12.5570,6.0432,,true,0,0.008333,0.0000,0.0000,1.00,0.00,0.0000,22,1,368,368,0,0,100,0,14,14,0,0,0,368,0,0,920076288,0.000000,0.000352,32.728287,0.00,2,5,10,18,16,24,26,14,29,32,36,34,43,43,36,0,0,0,0.0020,0.0632,0.0761,0.0035,0.0166,0.0579,0.0706,6.0432,0.0765,0.0000,1.1606,0.0043,0.0001,0.6427,0.0077,0.0059,0.0002
2654,33.1730,0.0583,10.9186,6.7844,,true,0,0.008333,0.0000,0.0000,1.00,0.00,0.0000,22,1,368,368,0,0,100,0,14,14,0,0,0,368,0,0,920076288,0.000000,0.000352,32.728287,0.00,2,5,10,18,16,24,26,14,29,32,36,34,43,43,36,0,0,0,0.0017,0.0662,0.0801,0.0049,0.0211,0.0840,0.0633,6.7844,0.0806,0.0000,1.1656,0.0043,0.0002,0.6660,0.0082,0.0066,0.0002
2655,33.1845,0.0583,12.0038,6.5663,,true,0,0.008333,0.0000,0.0000,1.00,0.00,0.0000,22,1,368,368,0,0,100,0,14,14,0,0,0,368,0,0,920076288,0.000000,0.000352,32.728287,0.00,2,5,10,18,16,24,26,14,29,32,36,34,43,43,36,0,0,0,0.0018,0.0581,0.0780,0.0052,0.0224,0.0750,0.0584,6.5663,0.0825,0.0000,1.1160,0.0046,0.0001,0.6368,0.0071,0.0081,0.0002
2656,33.1954,0.0583,10.7569,6.4306,,true,0,0.008333,0.0000,0.0000,1.00,0.00,0.0000,22,1,368,368,0,0,100,0,14,14,0,0,0,368,0,0,920076288,0.000000,0.000352,32.728287,0.00,2,5,10,18,16,24,26,14,29,32,36,34,43,43,36,0,0,0,0.0016,0.0689,0.0847,0.0058,0.0259,0.0808,0.0753,6.4306,0.0825,0.0000,1.1232,0.0045,0.0001,0.6543,0.0085,0.0047,0.0002
2657,33.2068,0.0583,12.1861,5.8727,,true,0,0.008333,0.0000,0.0000,1.00,0.00,0.0000,22,1,368,368,0,0,100,0,14,14,0,0,0,368,0,0,920076288,0.000000,0.000352,32.728287,0.00,2,5,10,18,16,24,26,14,29,32,36,34,43,43,36,0,0,0,0.0017,0.0423,0.0622,0.0039,0.0187,0.0792,0.0469,5.8727,0.0630,0.0000,0.8121,0.0023,0.0001,0.4830,0.0070,0.0032,0.0001
2658,33.2206,0.0583,12.9428,6.5304,,true,0,0.008333,0.0000,0.0000,1.00,0.00,0.0000,22,1,368,368,0,0,100,0,14,14,0,0,0,368,0,0,920076288,0.000000,0.000352,32.728287,0.00,2,5,10,18,16,24,26,14,29,32,36,34,43,43,36,0,0,0,0.0013,0.0691,0.0664,0.0054,0.0188,0.0616,0.1143,6.5304,0.0539,0.0000,1.1252,0.0029,0.0001,0.6717,0.0080,0.0048,0.0002
2659,33.2308,0.0583,10.5037,6.2754,,true,0,0.008333,0.0000,0.0000,1.00,0.00,0.0000,22,1,368,368,0,0,100,0,14,14,0,0,0,368,0,0,920076288,0.000000,0.000352,32.728287,0.00,2,5,10,18,16,24,26,14,29,32,36,34,43,43,36,0,0,0,0.0016,0.0592,0.0772,0.0057,0.0289,0.0923,0.0584,6.2754,0.0839,0.0000,1.1224,0.0035,0.0001,0.6548,0.0080,0.0054,0.0001
2660,33.2417,0.0583,12.0469,5.2930,,true,0,0.008333,0.0000,0.0000,1.00,0.00,0.0000,22,1,368,368,0,0,100,0,14,14,0,0,0,368,0,0,920076288,0.000000,0.000352,32.728287,0.00,2,5,10,18,16,24,26,14,29,32,36,34,43,43,36,0,0,0,0.0038,0.0480,0.0588,0.0041,0.0229,0.0601,0.0416,5.2930,0.0657,0.0000,0.8904,0.0031,0.0001,0.5264,0.0056,0.0042,0.0002
2661,33.2539,0.0583,11.1189,6.4596,,true,0,0.008333,0.0000,0.0000,1.00,0.00,0.0000,22,1,368,368,0,0,100,0,14,14,0,0,0,368,0,0,920076288,0.000000,0.000352,32.728287,0.00,2,5,10,18,16,24,26,14,29,32,36,34,43,43,36,0,0,0,0.0016,0.0761,0.0770,0.0050,0.0235,0.0908,0.0856,6.4596,0.0754,0.0000,1.1788,0.0035,0.0001,0.6981,0.0061,0.0049,0.0002
2662,33.2657,0.0583,12.0184,6.1387,,true,0,0.008333,0.0000,0.0000,1.00,0.00,0.0000,22,1,368,368,0,0,100,0,14,14,0,0,0,368,0,0,920076288,0.000000,0.000352,32.728287,0.00,2,5,10,18,16,24,26,14,29,32,36,34,43,43,36,0,0,0,0.0018,0.0546,0.0655,0.0046,0.0259,0.0686,0.0463,6.1387,0.0689,0.0000,0.8412,0.0035,0.0001,0.4698,0.0090,0.0037,0.0001
2663,33.2769,0.0583,11.1359,6.1111,,true,0,0.008333,0.0000,0.0000,1.00,0.00,0.0000,22,1,368,368,0,0,100,0,14,14,0,0,0,368,0,0,920076288,0.000000,0.000352,32.728287,0.00,2,5,10,18,16,24,26,14,29,32,36,34,43,43,36,0,0,0,0.0024,0.0713,0.0735,0.0032,0.0179,0.0501,0.0594,6.1111,0.0764,0.0000,1.1268,0.0055,0.0002,0.6445,0.0073,0.0064,0.0002
2664,33.2876,0.0583,11.5104,5.5947,,true,0,0.008333,0.0000,0.0000,1.00,0.00,0.0000,22,1,368,368,0,0,100,0,14,14,0,0,0,368,0,0,920076288,0.000000,0.000352,32.728287,0.00,2,5,10,18,16,24,26,14,29,32,36,34,43,43,36,0,0,0,0.0013,0.0439,0.0569,0.0044,0.0245,0.0527,0.0467,5.5947,0.0600,0.0000,0.9632,0.0133,0.0001,0.5397,0.0095,0.0154,0.0002
2665,33.3003,0.0583,12.2948,5.8714,,true,0,0.008333,0.0000,0.0000,1.00,0.00,0.0000,22,1,368,368,0,0,100,0,14,14,0,0,0,368,0,0,920076288,0.000000,0.000352,32.728287,0.00,2,5,10,18,16,24,26,14,29,32,36,34,43,43,36,0,0,0,0.0007,0.0283,0.0493,0.0037,0.0211,0.0733,0.0457,5.8714,0.0411,0.0000,0.7960,0.0019,0.0001,0.4765,0.0049,0.0027,0.0001
2666,33.3098,0.0583,10.2622,5.1463,,true,0,0.008333,0.0000,0.0000,1.00,0.00,0.0000,22,1,368,368,0,0,100,0,14,14,0,0,0,368,0,0,920076288,0.000000,0.000352,32.728287,0.00,2,5,10,18,16,24,26,14,29,32,36,34,43,43,36,0,0,0,0.0009,0.0268,0.0432,0.0036,0.0146,0.0377,0.0370,5.1463,0.0410,0.0000,0.7759,0.0020,0.0001,0.4758,0.0057,0.0022,0.0001
2667,33.3241,0.0583,12.3296,6.8047,,true,1,0.008333,0.0000,0.0083,1.00,0.00,0.0000,22,1,368,368,0,0,100,0,14,14,0,0,0,368,0,0,920076288,0.000000,0.000352,33.032146,0.00,2,5,10,18,16,24,26,14,29,32,36,34,43,43,36,0,0,0,0.0017,0.0634,0.0807,0.0040,0.0230,0.2314,0.0639,6.8047,0.0808,0.0000,1.1366,0.0040,0.0001,0.6459,0.0072,0.0042,0.0002
2668,33.3353,0.0583,12.1402,5.9273,,true,0,0.008333,0.0000,0.0000,1.00,0.00,0.0000,22,1,368,368,0,0,100,0,14,14,0,0,0,368,0,0,920076288,0.000000,0.000352,33.032146,0.00,2,5,10,18,16,24,26,14,29,32,36,34,43,43,36,0,0,0,0.0041,0.0473,0.0599,0.0044,0.0222,0.0920,0.0437,5.9273,0.0642,0.0000,0.8760,0.0039,0.0001,0.5151,0.0089,0.0057,0.0002
2669,33.3469,0.0583,11.8649,5.9063,,true,0,0.008333,0.0000,0.0000,1.00,0.00,0.0000,22,1,368,368,0,0,100,0,14,14,0,0,0,368,0,0,920076288,0.000000,0.000352,33.032146,0.00,2,5,10,18,16,24,26,14,29,32,36,34,43,43,36,0,0,0,0.0018,0.0519,0.0727,0.0051,0.0230,0.0752,0.0668,5.9063,0.0813,0.0000,1.0986,0.0033,0.0001,0.6475,0.0065,0.0047,0.0002
2670,33.3601,0.0583,12.1369,6.8133,,true,0,0.008333,0.0000,0.0000,1.00,0.00,0.0000,22,1,368,368,0,0,100,0,14,14,0,0,0,368,0,0,920076288,0.000000,0.000352,33.032146,0.00,2,5,10,18,16,24,26,14,29,32,36,34,43,43,36,0,0,0,0.0018,0.0753,0.0995,0.0047,0.0207,0.0863,0.0619,6.8133,0.0820,0.0000,1.1872,0.0047,0.0002,0.6792,0.0062,0.0051,0.0002
2671,33.3701,0.0583,11.5178,5.7727,,true,0,0.008333,0.0000,0.0000,1.00,0.00,0.0000,22,1,368,368,0,0,100,0,14,14,0,0,0,368,0,0,920076288,0.000000,0.000352,33.032146,0.00,2,5,10,18,16,24,26,14,29,32,36,34,43,43,36,0,0,0,0.0027,0.0436,0.0613,0.0032,0.0139,0.0516,0.0438,5.7727,0.0538,0.0000,0.9152,0.0041,0.0001,0.5296,0.0080,0.0052,0.0002
2672,33.3835,0.0583,13.0280,5.9249,,true,0,0.008333,0.0000,0.0000,1.00,0.00,0.0000,22,1,368,368,0,0,100,0,14,14,0,0,0,368,0,0,920076288,0.000000,0.000352,33.032146,0.00,2,5,10,18,16,24,26,14,29,32,36,34,43,43,36,0,0,0,0.0012,0.0673,0.0728,0.0040,0.0156,0.0686,0.0729,5.9249,0.0783,0.0000,1.1262,0.0046,0.0002,0.6443,0.0089,0.0137,0.0002
2673,33.3954,0.0583,11.1636,6.3617,,true,0,0.008333,0.0000,0.0000,1.00,0.00,0.0000,22,1,368,368,0,0,100,0,14,14,0,0,0,368,0,0,920076288,0.000000,0.000352,33.032146,0.00,2,5,10,18,16,24,26,14,29,32,36,34,43,43,36,0,0,0,0.0020,0.0718,0.0812,0.0041,0.0211,0.0653,0.0588,6.3617,0.0813,0.0000,1.1833,0.0050,0.0001,0.6788,0.0108,0.0043,0.0002
2674,33.4082,0.0583,12.1711,7.1136,,true,0,0.008333,0.0000,0.0000,1.00,0.00,0.0000,22,1,368,368,0,0,100,0,14,14,0,0,0,368,0,0,920076288,0.000000,0.000352,33.032146,0.00,2,5,10,18,16,24,26,14,29,32,36,34,43,43,36,0,0,0,0.0018,0.0704,0.0923,0.0024,0.0129,0.0458,0.0680,7.1136,0.1000,0.0000,1.1972,0.0050,0.0002,0.7009,0.0074,0.0063,0.0002
2675,33.4193,0.0583,12.5976,5.4165,,true,0,0.008333,0.0000,0.0000,1.00,0.00,0.0000,22,1,368,368,0,0,100,0,14,14,0,0,0,368,0,0,920076288,0.000000,0.000352,33.032146,0.00,2,5,10,18,16,24,26,14,29,32,36,34,43,43,36,0,0,0,0.0016,0.0437,0.0582,0.0034,0.0136,0.0496,0.0447,5.4165,0.0710,0.0000,0.8676,0.0039,0.0001,0.4922,0.0071,0.0058,0.0001
2676,33.4323,0.0583,10.9199,7.3571,,true,0,0.008333,0.0000,0.0000,1.00,0.00,0.0000,22,1,368,368,0,0,100,0,14,14,0,0,0,368,0,0,920076288,0.000000,0.000352,33.032146,0.00,2,5,10,18,16,24,26,14,29,32,36,34,43,43,36,0,0,0,0.0015,0.0673,0.0767,0.0043,0.0188,0.0596,0.0778,7.3571,0.0806,0.0000,1.1611,0.0047,0.0001,0.6746,0.0091,0.0065,0.0002
2677,33.4436,0.0583,13.0003,6.0557,,true,0,0.008333,0.0000,0.0000,1.00,0.00,0.0000,22,1,368,368,0,0,100,0,14,14,0,0,0,368,0,0,920076288,0.000000,0.000352,33.032146,0.00,2,5,10,18,16,24,26,14,29,32,36,34,43,43,36,0,0,0,0.0015,0.0375,0.0616,0.0035,0.0226,0.0742,0.0409,6.0557,0.0645,0.0000,0.8623,0.0105,0.0001,0.4897,0.0075,0.0054,0.0002
2678,33.4550,0.0583,11.1735,5.9283,,true,0,0.008333,0.0000,0.0000,1.00,0.00,0.0000,22,1,368,368,0,0,100,0,14,14,0,0,0,368,0,0,920076288,0.000000,0.000352,33.032146,0.00,2,5,10,18,16,24,26,14,29,32,36,34,43,43,36,0,0,0,0.0023,0.0721,0.0555,0.0035,0.0188,0.0424,0.0849,5.9283,0.0555,0.0000,0.7915,0.0031,0.0001,0.4666,0.0064,0.0043,0.0001
2679,33.4685,0.0583,12.8109,6.8565,,true,0,0.008333,0.0000,0.0000,1.00,0.00,0.0000,22,1,368,368,0,0,100,0,14,14,0,0,0,368,0,0,920076288,0.000000,0.000352,33.032146,0.00,2,5,10,18,16,24,26,14,29,32,36,34,43,43,36,0,0,0,0.0009,0.0434,0.0550,0.0033,0.0151,0.0562,0.0405,6.8565,0.0585,0.0000,1.1494,0.0019,0.0001,0.7876,0.0095,0.0034,0.0001
2680,33.4788,0.0583,11.6753,5.3940,,true,0,0.008333,0.0000,0.0000,1.00,0.00,0.0000,22,1,368,368,0,0,100,0,14,14,0,0,0,368,0,0,920076288,0.000000,0.000352,33.032146,0.00,2,5,10,18,16,24,26,14,29,32,36,34,43,43,36,0,0,0,0.0019,0.0290,0.0547,0.0032,0.0119,0.1035,0.0409,5.3940,0.0521,0.0000,0.7976,0.0031,0.0001,0.4834,0.0056,0.0037,0.0002
2681,33.4909,0.0583,10.8113,6.7172,,true,0,0.008333,0.0000,0.0000,1.00,0.00,0.0000,22,1,368,368,0,0,100,0,14,14,0,0,0,368,0,0,920076288,0.000000,0.000352,33.032146,0.00,2,5,10,18,16,24,26,14,29,32,36,34,43,43,36,0,0,0,0.0018,0.0746,0.0848,0.0028,0.0116,0.0450,0.0795,6.7172,0.0833,0.0000,1.1254,0.0063,0.0001,0.6361,0.0073,0.0057,0.0002
2682,33.5013,0.0583,12.2790,4.9860,,true,0,0.008333,0.0000,0.0000,1.00,0.00,0.0000,22,1,368,368,0,0,100,0,14,14,0,0,0,368,0,0,920076288,0.000000,0.000352,33.032146,0.00,2,5,10,18,16,24,26,14,29,32,36,34,43,43,36,0,0,0,0.0013,0.0359,0.0623,0.0025,0.0064,0.0236,0.0462,4.9860,0.0535,0.0000,0.7704,0.0031,0.0001,0.4629,0.0038,0.0040,0.0001
2683,33.5128,0.0583,10.7902,5.4479,,true,0,0.008333,0.0000,0.0000,1.00,0.00,0.0000,22,1,368,368,0,0,100,0,14,14,0,0,0,368,0,0,920076288,0.000000,0.000352,33.032146,0.00,2,5,10,18,16,24,26,14,29,32,36,34,43,43,36,0,0,0,0.0020,0.0354,0.0477,0.0024,0.0102,0.0397,0.0477,5.4479,0.0394,0.0000,0.7698,0.0025,0.0001,0.4482,0.0058,0.0029,0.0001
2684,33.5265,0.0583,12.9052,6.3729,,true,0,0.008333,0.0000,0.0000,1.00,0.00,0.0000,22,1,368,368,0,0,100,0,14,14,0,0,0,368,0,0,920076288,0.000000,0.000352,33.032146,0.00,2,5,10,18,16,24,26,14,29,32,36,34,43,43,36,0,0,0,0.0011,0.0442,0.0535,0.0044,0.0304,0.0619,0.0388,6.3729,0.0524,0.0000,0.8479,0.0037,0.0001,0.4842,0.0093,0.0052,0.0001
2685,33.5385,0.0583,10.6874,7.6018,,true,0,0.008333,0.0000,0.0000,1.00,0.00,0.0000,22,1,368,368,0,0,100,0,14,14,0,0,0,368,0,0,920076288,0.000000,0.000352,33.032146,0.00,2,5,10,18,16,24,26,14,29,32,36,34,43,43,36,0,0,0,0.0018,0.0681,0.0932,0.0053,0.0239,0.0914,0.0589,7.6018,0.0905,0.0000,1.1252,0.0044,0.0001,0.6383,0.0083,0.0065,0.0002
2686,33.5492,0.0583,12.6998,5.7995,,true,0,0.008333,0.0000,0.0000,1.00,0.00,0.0000,22,1,368,368,0,0,100,0,14,14,0,0,0,368,0,0,920076288,0.000000,0.000352,33.032146,0.00,2,5,10,18,16,24,26,14,29,32,36,34,43,43,36,0,0,0,0.0018,0.0446,0.0543,0.0039,0.0218,0.0686,0.0447,5.7995,0.0731,0.0000,0.8308,0.0026,0.0001,0.4828,0.0069,0.0057,0.0002
2687,33.5619,0.0583,12.6242,5.5208,,true,0,0.008333,0.0000,0.0000,1.00,0.00,0.0000,22,1,368,368,0,0,100,0,14,14,0,0,0,368,0,0,920076288,0.000000,0.000352,33.032146,0.00,2,5,10,18,16,24,26,14,29,32,36,34,43,43,36,0,0,0,0.0014,0.0404,0.0556,0.0039,0.0194,0.0598,0.0413,5.5208,0.0581,0.0000,0.8213,0.0029,0.0001,0.4863,0.0045,0.0035,0.0001
2688,33.5964,0.0583,11.3307,28.8583,,true,0,0.008333,0.0000,0.0000,1.00,0.00,0.0000,22,1,368,368,0,0,100,0,14,14,0,0,0,368,0,0,920076288,0.000000,0.000352,33.032146,0.00,2,5,10,18,16,24,26,14,29,32,36,34,43,43,36,0,0,0,0.0030,0.0523,0.1020,0.0044,0.0231,0.0916,0.0737,28.8583,0.0790,0.0000,23.1852,0.0048,2.0964,0.6908,0.0333,0.0059,19.8175
2689,33.6037,0.0583,10.9012,5.9306,,true,0,0.008333,0.0000,0.0000,1.00,0.00,0.0000,22,1,368,368,0,0,100,0,14,14,0,0,0,368,0,0,920076288,0.000000,0.000352,33.032146,0.00,2,5,10,18,16,24,26,14,29,32,36,34,43,43,36,0,0,0,0.0043,0.0489,0.0787,0.0033,0.0199,0.1030,0.0602,5.9306,0.0727,0.0000,1.1620,0.0042,0.0001,0.6656,0.0056,0.0035,0.0002
2690,33.6116,0.0583,26.4086,6.6221,,true,0,0.008333,0.0000,0.0000,1.00,0.00,0.0000,22,1,368,368,0,0,100,0,14,14,0,0,0,368,0,0,920076288,0.000000,0.000352,33.032146,0.00,2,5,10,18,16,24,26,14,29,32,36,34,43,43,36,0,0,0,0.0014,0.0598,0.1082,0.0032,0.0142,0.0423,0.0716,6.6221,0.1045,0.0000,1.2698,0.0055,0.0001,0.6987,0.0079,0.0073,0.0002
2691,33.6183,0.0583,7.2305,5.3894,,true,1,0.008333,0.0000,0.0083,1.00,0.00,0.0000,22,1,368,368,0,0,100,0,14,14,0,0,0,368,0,0,920076288,0.000000,0.000352,33.336103,0.00,2,5,10,18,16,24,26,14,29,32,36,34,43,43,36,0,0,0,0.0037,0.0399,0.0810,0.0037,0.0140,0.1202,0.0417,5.3894,0.0703,0.0000,0.9822,0.0050,0.0001,0.5927,0.0123,0.0068,0.0001
2692,33.6247,0.0583,6.8559,5.5112,,true,0,0.008333,0.0000,0.0000,1.00,0.00,0.0000,22,1,368,368,0,0,100,0,14,14,0,0,0,368,0,0,920076288,0.000000,0.000352,33.336103,0.00,2,5,10,18,16,24,26,14,29,32,36,34,43,43,36,0,0,0,0.0042,0.0297,0.0537,0.0044,0.0266,0.0432,0.0428,5.5112,0.0436,0.0000,1.0269,0.0021,0.0001,0.6843,0.0054,0.0025,0.0002
2693,33.6312,0.0583,7.3411,5.0244,,true,0,0.008333,0.0000,0.0000,1.00,0.00,0.0000,22,1,368,368,0,0,100,0,14,14,0,0,0,368,0,0,920076288,0.000000,0.000352,33.336103,0.00,2,5,10,18,16,24,26,14,29,32,36,34,43,43,36,0,0,0,0.0011,0.0719,0.0569,0.0038,0.0174,0.0595,0.0590,5.0244,0.0530,0.0000,0.8188,0.0028,0.0001,0.4726,0.0081,0.0048,0.0001
2694,33.6462,0.0583,12.6642,7.3191,,true,0,0.008333,0.0000,0.0000,1.00,0.00,0.0000,22,1,368,368,0,0,100,0,14,14,0,0,0,368,0,0,920076288,0.000000,0.000352,33.336103,0.00,2,5,10,18,16,24,26,14,29,32,36,34,43,43,36,0,0,0,0.0020,0.0472,0.0716,0.0046,0.0248,0.0826,0.0454,7.3191,0.0731,0.0000,0.9209,0.0038,0.0001,0.4850,0.0082,0.0050,0.0002
2695,33.6603,0.0583,14.1400,6.9525,,true,0,0.008333,0.0000,0.0000,1.00,0.00,0.0000,22,1,368,368,0,0,100,0,14,14,0,0,0,368,0,0,920076288,0.000000,0.000352,33.336103,0.00,2,5,10,18,16,24,26,14,29,32,36,34,43,43,36,0,0,0,0.0019,0.0739,0.0626,0.0054,0.0258,0.0786,0.0404,6.9525,0.0689,0.0000,0.9420,0.0046,0.0001,0.4986,0.0109,0.0061,0.0001
2696,33.6747,0.0583,12.9992,8.1200,,true,0,0.008333,0.0000,0.0000,1.00,0.00,0.0000,22,1,368,368,0,0,100,0,14,14,0,0,0,368,0,0,920076288,0.000000,0.000352,33.336103,0.00,2,5,10,18,16,24,26,14,29,32,36,34,43,43,36,0,0,0,0.0018,0.0688,0.0774,0.0054,0.0225,0.0873,0.0671,8.1200,0.0723,0.0000,1.1913,0.0040,0.0001,0.6891,0.0109,0.0066,0.0002
2697,33.6841,0.0583,12.3085,5.8363,,true,0,0.008333,0.0000,0.0000,1.00,0.00,0.0000,22,1,368,368,0,0,100,0,14,14,0,0,0,368,0,0,920076288,0.000000,0.000352,33.336103,0.00,2,5,10,18,16,24,26,14,29,32,36,34,43,43,36,0,0,0,0.0014,0.0523,0.0592,0.0046,0.0203,0.0704,0.0464,5.8363,0.0570,0.0000,0.8611,0.0032,0.0001,0.4947,0.0049,0.0047,0.0001
2698,33.6940,0.0583,10.8514,5.1346,,true,0,0.008333,0.0000,0.0000,1.00,0.00,0.0000,22,1,368,368,0,0,100,0,14,14,0,0,0,368,0,0,920076288,0.000000,0.000352,33.336103,0.00,2,5,10,18,16,24,26,14,29,32,36,34,43,43,36,0,0,0,0.0025,0.0302,0.0568,0.0021,0.0487,0.0511,0.0438,5.1346,0.0930,0.0000,0.7920,0.0021,0.0001,0.4600,0.0097,0.0031,0.0001
2699,33.7066,0.0583,12.2523,5.3511,,true,0,0.008333,0.0000,0.0000,1.00,0.00,0.0000,22,1,368,368,0,0,100,0,14,14,0,0,0,368,0,0,920076288,0.000000,0.000352,33.336103,0.00,2,5,10,18,16,24,26,14,29,32,36,34,43,43,36,0,0,0,0.0013,0.0526,0.0521,0.0061,0.0201,0.0690,0.0684,5.3511,0.0638,0.0000,0.8239,0.0023,0.0001,0.4837,0.0073,0.0036,0.0002
2700,33.7190,0.0583,12.5709,5.2310,,true,0,0.008333,0.0000,0.0000,1.00,0.00,0.0000,22,1,368,368,0,0,100,0,14,14,0,0,0,368,0,0,920076288,0.000000,0.000352,33.336103,0.00,2,5,10,18,16,24,26,14,29,32,36,34,43,43,36,0,0,0,0.0009,0.0394,0.0498,0.0051,0.0209,0.0812,0.0437,5.2310,0.0445,0.0000,0.7850,0.0024,0.0001,0.4511,0.0056,0.0037,0.0002
2701,33.7318,0.0583,11.2918,6.5104,,true,0,0.008333,0.0000,0.0000,1.00,0.00,0.0000,22,1,368,368,0,0,100,0,14,14,0,0,0,368,0,0,920076288,0.000000,0.000352,33.336103,0.00,2,5,10,18,16,24,26,14,29,32,36,34,43,43,36,0,0,0,0.0022,0.0445,0.0655,0.0040,0.0196,0.0607,0.0441,6.5104,0.0771,0.0000,1.1555,0.0044,0.0001,0.7093,0.0085,0.0047,0.0002
2702,33.7430,0.0583,12.5986,5.2850,,true,0,0.008333,0.0000,0.0000,1.00,0.00,0.0000,22,1,368,368,0,0,100,0,14,14,0,0,0,368,0,0,920076288,0.000000,0.000352,33.336103,0.00,2,5,10,18,16,24,26,14,29,32,36,34,43,43,36,0,0,0,0.0021,0.0324,0.0589,0.0040,0.0156,0.0485,0.0384,5.2850,0.0585,0.0000,0.8103,0.0033,0.0001,0.4879,0.0074,0.0038,0.0001
2703,33.7538,0.0583,10.1224,6.0310,,true,0,0.008333,0.0000,0.0000,1.00,0.00,0.0000,22,1,368,368,0,0,100,0,14,14,0,0,0,368,0,0,920076288,0.000000,0.000352,33.336103,0.00,2,5,10,18,16,24,26,14,29,32,36,34,43,43,36,0,0,0,0.0031,0.0537,0.0957,0.0067,0.0237,0.0877,0.0837,6.0310,0.0722,0.0000,1.1170,0.0036,0.0002,0.6446,0.0076,0.0065,0.0002
2704,33.7649,0.0583,11.5559,5.8269,,true,0,0.008333,0.0000,0.0000,1.00,0.00,0.0000,22,1,368,368,0,0,100,0,14,14,0,0,0,368,0,0,920076288,0.000000,0.000352,33.336103,0.00,2,5,10,18,16,24,26,14,29,32,36,34,43,43,36,0,0,0,0.0016,0.0574,0.0725,0.0045,0.0254,0.0658,0.0637,5.8269,0.0988,0.0000,1.1083,0.0033,0.0001,0.6504,0.0082,0.0040,0.0002
2705,33.7765,0.0583,11.2985,5.7325,,true,0,0.008333,0.0000,0.0000,1.00,0.00,0.0000,22,1,368,368,0,0,100,0,14,14,0,0,0,368,0,0,920076288,0.000000,0.000352,33.336103,0.00,2,5,10,18,16,24,26,14,29,32,36,34,43,43,36,0,0,0,0.0014,0.0458,0.0577,0.0049,0.0244,0.0707,0.0440,5.7325,0.0544,0.0000,0.8289,0.0034,0.0001,0.4775,0.0076,0.0045,0.0001
2706,33.7882,0.0583,11.7880,5.7373,,true,0,0.008333,0.0000,0.0000,1.00,0.00,0.0000,22,1,368,368,0,0,100,0,14,14,0,0,0,368,0,0,920076288,0.000000,0.000352,33.336103,0.00,2,5,10,18,16,24,26,14,29,32,36,34,43,43,36,0,0,0,0.0037,0.0417,0.1184,0.0032,0.0358,0.0676,0.0396,5.7373,0.0794,0.0000,0.8325,0.0041,0.0001,0.4800,0.0085,0.0083,0.0001
2707,33.8006,0.0583,12.5486,5.4977,,true,0,0.008333,0.0000,0.0000,1.00,0.00,0.0000,22,1,368,368,0,0,100,0,14,14,0,0,0,368,0,0,920076288,0.000000,0.000352,33.336103,0.00,2,5,10,18,16,24,26,14,29,32,36,34,43,43,36,0,0,0,0.0016,0.0670,0.0835,0.0027,0.0086,0.0271,0.0707,5.4977,0.0838,0.0000,1.1070,0.0037,0.0001,0.6488,0.0062,0.0034,0.0002
2708,33.8105,0.0583,10.4321,5.0219,,true,0,0.008333,0.0000,0.0000,1.00,0.00,0.0000,22,1,368,368,0,0,100,0,14,14,0,0,0,368,0,0,920076288,0.000000,0.000352,33.336103,0.00,2,5,10,18,16,24,26,14,29,32,36,34,43,43,36,0,0,0,0.0010,0.0540,0.0546,0.0027,0.0145,0.0278,0.0486,5.0219,0.0591,0.0000,0.8254,0.0024,0.0001,0.4900,0.0074,0.0042,0.0001
2709,33.8209,0.0583,11.8232,3.7519,,true,0,0.008333,0.0000,0.0000,1.00,0.00,0.0000,22,1,368,368,0,0,100,0,14,14,0,0,0,368,0,0,920076288,0.000000,0.000352,33.336103,0.00,2,5,10,18,16,24,26,14,29,32,36,34,43,43,36,0,0,0,0.0014,0.0331,0.0508,0.0038,0.0147,0.0676,0.0415,3.7519,0.0494,0.0000,0.7757,0.0026,0.0001,0.4709,0.0049,0.0028,0.0001
2710,33.8351,0.0583,12.2769,5.0915,,true,0,0.008333,0.0000,0.0000,1.00,0.00,0.0000,22,1,368,368,0,0,100,0,14,14,0,0,0,368,0,0,920076288,0.000000,0.000352,33.336103,0.00,2,5,10,18,16,24,26,14,29,32,36,34,43,43,36,0,0,0,0.0021,0.0901,0.0622,0.0032,0.0120,0.0351,0.0823,5.0915,0.0553,0.0000,0.8246,0.0030,0.0001,0.4744,0.0055,0.0031,0.0001
2711,33.8474,0.0583,12.0957,5.6655,,true,0,0.008333,0.0000,0.0000,1.00,0.00,0.0000,22,1,368,368,0,0,100,0,14,14,0,0,0,368,0,0,920076288,0.000000,0.000352,33.336103,0.00,2,5,10,18,16,24,26,14,29,32,36,34,43,43,36,0,0,0,0.0021,0.0824,0.0570,0.0034,0.0139,0.0473,0.0678,5.6655,0.0468,0.0000,0.7997,0.0024,0.0001,0.4630,0.0066,0.0049,0.0001
2712,33.8592,0.0583,11.8486,5.5692,,true,0,0.008333,0.0000,0.0000,1.00,0.00,0.0000,22,1,368,368,0,0,100,0,14,14,0,0,0,368,0,0,920076288,0.000000,0.000352,33.336103,0.00,2,5,10,18,16,24,26,14,29,32,36,34,43,43,36,0,0,0,0.0014,0.0724,0.0504,0.0042,0.0165,0.0515,0.0640,5.5692,0.0455,0.0000,0.8175,0.0030,0.0001,0.4695,0.0059,0.0045,0.0002
2713,33.8703,0.0583,11.7187,5.1723,,true,0,0.008333,0.0000,0.0000,1.00,0.00,0.0000,22,1,368,368,0,0,100,0,14,14,0,0,0,368,0,0,920076288,0.000000,0.000352,33.336103,0.00,2,5,10,18,16,24,26,14,29,32,36,34,43,43,36,0,0,0,0.0021,0.0514,0.0533,0.0021,0.0116,0.0371,0.0459,5.1723,0.0811,0.0000,0.8256,0.0024,0.0001,0.4792,0.0082,0.0035,0.0002
2714,33.8822,0.0583,12.0097,4.8173,,true,0,0.008333,0.0000,0.0000,1.00,0.00,0.0000,22,1,368,368,0,0,100,0,14,14,0,0,0,368,0,0,920076288,0.000000,0.000352,33.336103,0.00,2,5,10,18,16,24,26,14,29,32,36,34,43,43,36,0,0,0,0.0038,0.0301,0.0480,0.0022,0.0091,0.0272,0.0418,4.8173,0.0360,0.0000,0.7432,0.0022,0.0001,0.4514,0.0044,0.0025,0.0001
2715,33.8943,0.0583,11.6175,5.4039,,true,0,0.008333,0.0000,0.0000,1.00,0.00,0.0000,22,1,368,368,0,0,100,0,14,14,0,0,0,368,0,0,920076288,0.000000,0.000352,33.336103,0.00,2,5,10,18,16,24,26,14,29,32,36,34,43,43,36,0,0,0,0.0044,0.0293,0.0507,0.0033,0.0189,0.0495,0.0438,5.4039,0.0435,0.0000,0.7835,0.0026,0.0001,0.4660,0.0061,0.0042,0.0001
2716,33.9070,0.0583,11.9043,6.1773,,true,0,0.008333,0.0000,0.0000,1.00,0.00,0.0000,22,1,368,368,0,0,100,0,14,14,0,0,0,368,0,0,920076288,0.000000,0.000352,33.336103,0.00,2,5,10,18,16,24,26,14,29,32,36,34,43,43,36,0,0,0,0.0018,0.0547,0.0818,0.0044,0.0208,0.0693,0.0617,6.1773,0.0831,0.0000,1.1066,0.0040,0.0002,0.6437,0.0078,0.0060,0.0002
2717,33.9211,0.0583,13.7087,6.4833,,true,1,0.008333,0.0000,0.0083,1.00,0.00,0.0000,22,1,368,368,0,0,100,0,14,14,0,0,0,368,0,0,920076288,0.000000,0.000352,33.640052,0.00,2,5,10,18,16,24,26,14,29,32,36,34,43,43,36,0,0,0,0.0016,0.0726,0.0764,0.0033,0.0172,0.2216,0.0661,6.4833,0.0653,0.0000,1.1531,0.0047,0.0001,0.6698,0.0097,0.0052,0.0002
2718,33.9316,0.0583,10.8499,6.1431,,true,0,0.008333,0.0000,0.0000,1.00,0.00,0.0000,22,1,368,368,0,0,100,0,14,14,0,0,0,368,0,0,920076288,0.000000,0.000352,33.640052,0.00,2,5,10,18,16,24,26,14,29,32,36,34,43,43,36,0,0,0,0.0052,0.0446,0.0652,0.0039,0.0203,0.0633,0.0474,6.1431,0.0733,0.0000,0.8952,0.0037,0.0001,0.5114,0.0071,0.0067,0.0002
2719,33.9442,0.0583,12.3093,6.4769,,true,0,0.008333,0.0000,0.0000,1.00,0.00,0.0000,22,1,368,368,0,0,100,0,14,14,0,0,0,368,0,0,920076288,0.000000,0.000352,33.640052,0.00,2,5,10,18,16,24,26,14,29,32,36,34,43,43,36,0,0,0,0.0012,0.0490,0.0569,0.0049,0.0228,0.0802,0.0421,6.4769,0.0684,0.0000,0.8723,0.0034,0.0001,0.5073,0.0061,0.0048,0.0002
2720,33.9562,0.0583,11.4880,6.7359,,true,0,0.008333,0.0000,0.0000,1.00,0.00,0.0000,22,1,368,368,0,0,100,0,14,14,0,0,0,368,0,0,920076288,0.000000,0.000352,33.640052,0.00,2,5,10,18,16,24,26,14,29,32,36,34,43,43,36,0,0,0,0.0030,0.0503,0.0692,0.0045,0.0239,0.0870,0.0660,6.7359,0.0721,0.0000,1.2144,0.0059,0.0001,0.7029,0.0050,0.0065,0.0003
2721,33.9651,0.0583,11.0343,5.1534,,true,0,0.008333,0.0000,0.0000,1.00,0.00,0.0000,22,1,368,368,0,0,100,0,14,14,0,0,0,368,0,0,920076288,0.000000,0.000352,33.640052,0.00,2,5,10,18,16,24,26,14,29,32,36,34,43,43,36,0,0,0,0.0012,0.0514,0.0681,0.0055,0.0220,0.0633,0.0484,5.1534,0.0651,0.0000,0.9418,0.0031,0.0001,0.5418,0.0078,0.0041,0.0002
2722,33.9777,0.0583,11.5402,5.7361,,true,0,0.008333,0.0000,0.0000,1.00,0.00,0.0000,22,1,368,368,0,0,100,0,14,14,0,0,0,368,0,0,920076288,0.000000,0.000352,33.640052,0.00,2,5,10,18,16,24,26,14,29,32,36,34,43,43,36,0,0,0,0.0009,0.0314,0.0480,0.0048,0.0268,0.0863,0.0474,5.7361,0.0430,0.0000,0.7903,0.0018,0.0001,0.4685,0.0078,0.0029,0.0002
2723,33.9904,0.0583,11.9526,6.4059,,true,0,0.008333,0.0000,0.0000,1.00,0.00,0.0000,22,1,368,368,0,0,100,0,14,14,0,0,0,368,0,0,920076288,0.000000,0.000352,33.640052,0.00,2,5,10,18,16,24,26,14,29,32,36,34,43,43,36,0,0,0,0.0011,0.0452,0.0600,0.0032,0.0226,0.0729,0.0439,6.4059,0.0646,0.0000,0.8484,0.0036,0.0001,0.5004,0.0087,0.0043,0.0001
2724,34.0027,0.0583,12.1050,6.8910,,true,0,0.008333,0.0000,0.0000,1.00,0.00,0.0000,22,1,368,368,0,0,100,0,14,14,0,0,0,368,0,0,920076288,0.000000,0.000352,33.640052,0.00,2,5,10,18,16,24,26,14,29,32,36,34,43,43,36,0,0,0,0.0017,0.0552,0.0661,0.0042,0.0210,0.0777,0.0570,6.8910,0.0640,0.0000,1.1485,0.0040,0.0001,0.6746,0.0098,0.0052,0.0002
2725,34.0131,0.0583,11.0130,5.9809,,true,0,0.008333,0.0000,0.0000,1.00,0.00,0.0000,22,1,368,368,0,0,100,0,14,14,0,0,0,368,0,0,920076288,0.000000,0.000352,33.640052,0.00,2,5,10,18,16,24,26,14,29,32,36,34,43,43,36,0,0,0,0.0012,0.0626,0.0620,0.0048,0.0224,0.0806,0.0526,5.9809,0.0818,0.0000,0.8648,0.0050,0.0001,0.4815,0.0053,0.0050,0.0001
2726,34.0260,0.0583,12.2622,6.8619,,true,0,0.008333,0.0000,0.0000,1.00,0.00,0.0000,22,1,368,368,0,0,100,0,14,14,0,0,0,368,0,0,920076288,0.000000,0.000352,33.640052,0.00,2,5,10,18,16,24,26,14,29,32,36,34,43,43,36,0,0,0,0.0016,0.0647,0.0913,0.0051,0.0212,0.0749,0.0582,6.8619,0.0683,0.0000,1.3106,0.0037,0.0001,0.8259,0.0072,0.0048,0.0002
2727,34.0397,0.0583,12.5320,7.6003,,true,0,0.008333,0.0000,0.0000,1.00,0.00,0.0000,22,1,368,368,0,0,100,0,14,14,0,0,0,368,0,0,920076288,0.000000,0.000352,33.640052,0.00,2,5,10,18,16,24,26,14,29,32,36,34,43,43,36,0,0,0,0.0018,0.0609,0.0708,0.0048,0.0651,0.0854,0.0590,7.6003,0.0626,0.0000,1.3292,0.0043,0.0001,0.7700,0.0089,0.0085,0.0002
2728,34.0506,0.0583,12.0287,6.8872,,true,0,0.008333,0.0000,0.0000,1.00,0.00,0.0000,22,1,368,368,0,0,100,0,14,14,0,0,0,368,0,0,920076288,0.000000,0.000352,33.640052,0.00,2,5,10,18,16,24,26,14,29,32,36,34,43,43,36,0,0,0,0.0020,0.0682,0.0827,0.0046,0.0161,0.0639,0.0702,6.8872,0.0635,0.0000,1.1898,0.0059,0.0001,0.6753,0.0084,0.0061,0.0002
2729,34.0600,0.0583,11.1359,5.1737,,true,0,0.008333,0.0000,0.0000,1.00,0.00,0.0000,22,1,368,368,0,0,100,0,14,14,0,0,0,368,0,0,920076288,0.000000,0.000352,33.640052,0.00,2,5,10,18,16,24,26,14,29,32,36,34,43,43,36,0,0,0,0.0014,0.0464,0.0575,0.0031,0.0193,0.0715,0.0466,5.1737,0.0522,0.0000,0.8393,0.0044,0.0001,0.4676,0.0072,0.0049,0.0001
2730,34.0732,0.0583,12.1061,6.3593,,true,0,0.008333,0.0000,0.0000,1.00,0.00,0.0000,22,1,368,368,0,0,100,0,14,14,0,0,0,368,0,0,920076288,0.000000,0.000352,33.640052,0.00,2,5,10,18,16,24,26,14,29,32,36,34,43,43,36,0,0,0,0.0019,0.0688,0.0808,0.0045,0.0211,0.0710,0.0577,6.3593,0.0760,0.0000,1.1975,0.0055,0.0002,0.6840,0.0098,0.0066,0.0002
2731,34.0857,0.0583,12.2193,6.5137,,true,0,0.008333,0.0000,0.0000,1.00,0.00,0.0000,22,1,368,368,0,0,100,0,14,14,0,0,0,368,0,0,920076288,0.000000,0.000352,33.640052,0.00,2,5,10,18,16,24,26,14,29,32,36,34,43,43,36,0,0,0,0.0015,0.0645,0.0933,0.0042,0.0190,0.0999,0.0636,6.5137,0.1012,0.0000,1.1379,0.0037,0.0001,0.6628,0.0076,0.0052,0.0002
2732,34.0993,0.0583,12.9798,7.0400,,true,0,0.008333,0.0000,0.0000,1.00,0.00,0.0000,22,1,368,368,0,0,100,0,14,14,0,0,0,368,0,0,920076288,0.000000,0.000352,33.640052,0.00,2,5,10,18,16,24,26,14,29,32,36,34,43,43,36,0,0,0,0.0023,0.0543,0.0975,0.0045,0.0258,0.0894,0.0579,7.0400,0.0866,0.0000,1.1421,0.0037,0.0001,0.6728,0.0077,0.0049,0.0002
2733,34.1115,0.0583,11.9289,7.2177,,true,0,0.008333,0.0000,0.0000,1.00,0.00,0.0000,22,1,368,368,0,0,100,0,14,14,0,0,0,368,0,0,920076288,0.000000,0.000352,33.640052,0.00,2,5,10,18,16,24,26,14,29,32,36,34,43,43,36,0,0,0,0.0016,0.0567,0.0958,0.0041,0.0242,0.0790,0.0668,7.2177,0.0896,0.0000,1.1515,0.0043,0.0001,0.6484,0.0058,0.0054,0.0002
2734,34.1226,0.0583,12.3104,6.3638,,true,0,0.008333,0.0000,0.0000,1.00,0.00,0.0000,22,1,368,368,0,0,100,0,14,14,0,0,0,368,0,0,920076288,0.000000,0.000352,33.640052,0.00,2,5,10,18,16,24,26,14,29,32,36,34,43,43,36,0,0,0,0.0015,0.0588,0.0737,0.0042,0.0233,0.0775,0.0612,6.3638,0.0837,0.0000,1.1003,0.0028,0.0001,0.6578,0.0062,0.0043,0.0002
2735,34.1348,0.0583,11.5098,6.6914,,true,0,0.008333,0.0000,0.0000,1.00,0.00,0.0000,22,1,368,368,0,0,100,0,14,14,0,0,0,368,0,0,920076288,0.000000,0.000352,33.640052,0.00,2,5,10,18,16,24,26,14,29,32,36,34,43,43,36,0,0,0,0.0056,0.0619,0.0777,0.0045,0.0196,0.0846,0.0626,6.6914,0.0675,0.0000,1.2118,0.0137,0.0001,0.6713,0.0103,0.0122,0.0002
2736,34.1459,0.0583,11.8864,6.2168,,true,0,0.008333,0.0000,0.0000,1.00,0.00,0.0000,22,1,368,368,0,0,100,0,14,14,0,0,0,368,0,0,920076288,0.000000,0.000352,33.640052,0.00,2,5,10,18,16,24,26,14,29,32,36,34,43,43,36,0,0,0,0.0014,0.0500,0.0728,0.0043,0.0243,0.0746,0.0544,6.2168,0.0720,0.0000,1.1144,0.0028,0.0001,0.6691,0.0076,0.0052,0.0002
2737,34.1577,0.0583,11.5534,6.1565,,true,0,0.008333,0.0000,0.0000,1.00,0.00,0.0000,22,1,368,368,0,0,100,0,14,14,0,0,0,368,0,0,920076288,0.000000,0.000352,33.640052,0.00,2,5,10,18,16,24,26,14,29,32,36,34,43,43,36,0,0,0,0.0011,0.0568,0.0724,0.0043,0.0231,0.0815,0.0474,6.1565,0.0755,0.0000,0.9119,0.0054,0.0001,0.4951,0.0087,0.0065,0.0001
2738,34.1671,0.0583,10.7155,5.4157,,true,0,0.008333,0.0000,0.0000,1.00,0.00,0.0000,22,1,368,368,0,0,100,0,14,14,0,0,0,368,0,0,920076288,0.000000,0.000352,33.640052,0.00,2,5,10,18,16,24,26,14,29,32,36,34,43,43,36,0,0,0,0.0015,0.0301,0.0591,0.0035,0.0149,0.0512,0.0414,5.4157,0.0578,0.0000,0.8748,0.0044,0.0001,0.4877,0.0073,0.0061,0.0002
2739,34.1808,0.0583,13.0383,5.8239,,true,0,0.008333,0.0000,0.0000,1.00,0.00,0.0000,22,1,368,368,0,0,100,0,14,14,0,0,0,368,0,0,920076288,0.000000,0.000352,33.640052,0.00,2,5,10,18,16,24,26,14,29,32,36,34,43,43,36,0,0,0,0.0012,0.0472,0.0550,0.0052,0.0229,0.0843,0.0481,5.8239,0.0623,0.0000,0.8437,0.0043,0.0001,0.4767,0.0068,0.0048,0.0001
2740,34.1923,0.0583,11.2690,5.8950,,true,0,0.008333,0.0000,0.0000,1.00,0.00,0.0000,22,1,368,368,0,0,100,0,14,14,0,0,0,368,0,0,920076288,0.000000,0.000352,33.640052,0.00,2,5,10,18,16,24,26,14,29,32,36,34,43,43,36,0,0,0,0.0017,0.0359,0.0558,0.0048,0.0218,0.0728,0.0599,5.8950,0.0576,0.0000,0.8141,0.0030,0.0001,0.4712,0.0070,0.0035,0.0001
2741,34.2042,0.0583,11.4995,6.3783,,true,0,0.008333,0.0000,0.0000,1.00,0.00,0.0000,22,1,368,368,0,0,100,0,14,14,0,0,0,368,0,0,920076288,0.000000,0.000352,33.640052,0.00,2,5,10,18,16,24,26,14,29,32,36,34,43,43,36,0,0,0,0.0016,0.0491,0.0684,0.0054,0.0214,0.0795,0.0730,6.3783,0.0639,0.0000,1.0992,0.0035,0.0001,0.6658,0.0060,0.0047,0.0002
2742,34.2163,0.0583,11.8964,6.4223,,true,0,0.008333,0.0000,0.0000,1.00,0.00,0.0000,22,1,368,368,0,0,100,0,14,14,0,0,0,368,0,0,920076288,0.000000,0.000352,33.640052,0.00,2,5,10,18,16,24,26,14,29,32,36,34,43,43,36,0,0,0,0.0018,0.0614,0.0800,0.0046,0.0209,0.0923,0.0659,6.4223,0.0705,0.0000,1.1727,0.0034,0.0001,0.6720,0.0084,0.0049,0.0002
2743,34.2273,0.0583,11.2228,6.3621,,true,1,0.008333,0.0000,0.0083,1.00,0.00,0.0000,22,1,368,368,0,0,100,0,14,14,0,0,0,368,0,0,920076288,0.000000,0.000352,33.944034,0.00,2,5,10,18,16,24,26,14,29,32,36,34,43,43,36,0,0,0,0.0014,0.0600,0.0724,0.0042,0.0205,0.2515,0.0458,6.3621,0.0804,0.0000,1.1165,0.0039,0.0002,0.6630,0.0087,0.0044,0.0002
2744,34.2409,0.0583,13.4401,6.4440,,true,0,0.008333,0.0000,0.0000,1.00,0.00,0.0000,22,1,368,368,0,0,100,0,14,14,0,0,0,368,0,0,920076288,0.000000,0.000352,33.944034,0.00,2,5,10,18,16,24,26,14,29,32,36,34,43,43,36,0,0,0,0.0011,0.0565,0.0641,0.0047,0.0231,0.0834,0.0455,6.4440,0.0761,0.0000,0.8832,0.0037,0.0001,0.4897,0.0066,0.0037,0.0002
2745,34.2527,0.0583,11.6345,6.6028,,true,0,0.008333,0.0000,0.0000,1.00,0.00,0.0000,22,1,368,368,0,0,100,0,14,14,0,0,0,368,0,0,920076288,0.000000,0.000352,33.944034,0.00,2,5,10,18,16,24,26,14,29,32,36,34,43,43,36,0,0,0,0.0015,0.0622,0.0724,0.0042,0.0235,0.0718,0.0728,6.6028,0.0857,0.0000,1.1662,0.0044,0.0001,0.6664,0.0098,0.0049,0.0002
2746,34.2624,0.0583,11.1361,5.3764,,true,0,0.008333,0.0000,0.0000,1.00,0.00,0.0000,22,1,368,368,0,0,100,0,14,14,0,0,0,368,0,0,920076288,0.000000,0.000352,33.944034,0.00,2,5,10,18,16,24,26,14,29,32,36,34,43,43,36,0,0,0,0.0015,0.0551,0.0530,0.0039,0.0228,0.0542,0.0438,5.3764,0.0781,0.0000,0.8696,0.0042,0.0001,0.4725,0.0076,0.0038,0.0005
2747,34.2751,0.0583,11.2483,6.6481,,true,0,0.008333,0.0000,0.0000,1.00,0.00,0.0000,22,1,368,368,0,0,100,0,14,14,0,0,0,368,0,0,920076288,0.000000,0.000352,33.944034,0.00,2,5,10,18,16,24,26,14,29,32,36,34,43,43,36,0,0,0,0.0019,0.0557,0.0810,0.0040,0.0270,0.0829,0.0608,6.6481,0.0728,0.0000,1.1223,0.0032,0.0002,0.6563,0.0091,0.0053,0.0002
2748,34.2849,0.0583,11.2956,5.5001,,true,0,0.008333,0.0000,0.0000,1.00,0.00,0.0000,22,1,368,368,0,0,100,0,14,14,0,0,0,368,0,0,920076288,0.000000,0.000352,33.944034,0.00,2,5,10,18,16,24,26,14,29,32,36,34,43,43,36,0,0,0,0.0011,0.0508,0.0566,0.0042,0.0210,0.0614,0.0477,5.5001,0.0563,0.0000,0.8552,0.0043,0.0001,0.4789,0.0073,0.0058,0.0001
2749,34.2984,0.0583,12.3471,6.4789,,true,0,0.008333,0.0000,0.0000,1.00,0.00,0.0000,22,1,368,368,0,0,100,0,14,14,0,0,0,368,0,0,920076288,0.000000,0.000352,33.944034,0.00,2,5,10,18,16,24,26,14,29,32,36,34,43,43,36,0,0,0,0.0030,0.0696,0.0826,0.0043,0.0258,0.0827,0.0570,6.4789,0.0761,0.0000,1.1318,0.0039,0.0001,0.6736,0.0073,0.0050,0.0004
2750,34.3083,0.0583,10.7523,5.5742,,true,0,0.008333,0.0000,0.0000,1.00,0.00,0.0000,22,1,368,368,0,0,100,0,14,14,0,0,0,368,0,0,920076288,0.000000,0.000352,33.944034,0.00,2,5,10,18,16,24,26,14,29,32,36,34,43,43,36,0,0,0,0.0015,0.0530,0.0829,0.0046,0.0225,0.0821,0.0521,5.5742,0.0733,0.0000,1.0934,0.0036,0.0001,0.6317,0.0073,0.0047,0.0002
2751,34.3209,0.0583,11.8352,6.2969,,true,0,0.008333,0.0000,0.0000,1.00,0.00,0.0000,22,1,368,368,0,0,100,0,14,14,0,0,0,368,0,0,920076288,0.000000,0.000352,33.944034,0.00,2,5,10,18,16,24,26,14,29,32,36,34,43,43,36,0,0,0,0.0020,0.0663,0.0725,0.0032,0.0220,0.0787,0.0610,6.2969,0.0814,0.0000,1.1481,0.0058,0.0002,0.6385,0.0083,0.0059,0.0002
2752,34.3506,0.0583,13.2958,22.4157,,true,0,0.008333,0.0000,0.0000,1.00,0.00,0.0000,22,1,368,368,0,0,100,0,14,14,0,0,0,368,0,0,920076288,0.000000,0.000352,33.944034,0.00,2,5,10,18,16,24,26,14,29,32,36,34,43,43,36,0,0,0,0.0010,0.0606,0.1155,0.0060,0.0246,0.0763,0.0458,22.4157,0.1088,0.0000,16.4607,0.0047,1.2768,0.5728,0.0351,0.0049,14.1097
2753,34.3583,0.0583,11.7594,6.3489,,true,0,0.008333,0.0000,0.0000,1.00,0.00,0.0000,22,1,368,368,0,0,100,0,14,14,0,0,0,368,0,0,920076288,0.000000,0.000352,33.944034,0.00,2,5,10,18,16,24,26,14,29,32,36,34,43,43,36,0,0,0,0.0034,0.1133,0.0722,0.0036,0.0227,0.0647,0.0665,6.3489,0.0672,0.0000,1.3419,0.0036,0.0002,0.8049,0.0090,0.0046,0.0002
2754,34.3659,0.0583,20.7566,5.5430,,true,0,0.008333,0.0000,0.0000,1.00,0.00,0.0000,22,1,368,368,0,0,100,0,14,14,0,0,0,368,0,0,920076288,0.000000,0.000352,33.944034,0.00,2,5,10,18,16,24,26,14,29,32,36,34,43,43,36,0,0,0,0.0030,0.0378,0.0855,0.0033,0.0153,0.0444,0.0643,5.5430,0.0678,0.0000,0.8650,0.0018,0.0001,0.5652,0.0038,0.0023,0.0002
2755,34.3741,0.0583,6.4302,7.0839,,true,0,0.008333,0.0000,0.0000,1.00,0.00,0.0000,22,1,368,368,0,0,100,0,14,14,0,0,0,368,0,0,920076288,0.000000,0.000352,33.944034,0.00,2,5,10,18,16,24,26,14,29,32,36,34,43,43,36,0,0,0,0.0012,0.0536,0.0932,0.0029,0.0225,0.0742,0.0618,7.0839,0.1132,0.0000,1.2535,0.0046,0.0002,0.6817,0.0144,0.0057,0.0002
2756,34.3804,0.0583,8.7685,5.2162,,true,0,0.008333,0.0000,0.0000,1.00,0.00,0.0000,22,1,368,368,0,0,100,0,14,14,0,0,0,368,0,0,920076288,0.000000,0.000352,33.944034,0.00,2,5,10,18,16,24,26,14,29,32,36,34,43,43,36,0,0,0,0.0012,0.0610,0.0674,0.0036,0.0169,0.0560,0.0539,5.2162,0.0635,0.0000,1.0937,0.0032,0.0002,0.6637,0.0075,0.0043,0.0002
2757,34.3927,0.0583,10.7283,6.3150,,true,0,0.008333,0.0000,0.0000,1.00,0.00,0.0000,22,1,368,368,0,0,100,0,14,14,0,0,0,368,0,0,920076288,0.000000,0.000352,33.944034,0.00,2,5,10,18,16,24,26,14,29,32,36,34,43,43,36,0,0,0,0.0015,0.0582,0.0878,0.0057,0.0213,0.0846,0.0564,6.3150,0.0791,0.0000,1.1300,0.0044,0.0001,0.6541,0.0079,0.0046,0.0002
2758,34.4040,0.0583,11.7056,6.0284,,true,0,0.008333,0.0000,0.0000,1.00,0.00,0.0000,22,1,368,368,0,0,100,0,14,14,0,0,0,368,0,0,920076288,0.000000,0.000352,33.944034,0.00,2,5,10,18,16,24,26,14,29,32,36,34,43,43,36,0,0,0,0.0019,0.0803,0.0715,0.0045,0.0200,0.0506,0.0583,6.0284,0.0558,0.0000,1.1726,0.0055,0.0002,0.6669,0.0082,0.0061,0.0003
2759,34.4155,0.0583,11.2432,6.0034,,true,0,0.008333,0.0000,0.0000,1.00,0.00,0.0000,22,1,368,368,0,0,100,0,14,14,0,0,0,368,0,0,920076288,0.000000,0.000352,33.944034,0.00,2,5,10,18,16,24,26,14,29,32,36,34,43,43,36,0,0,0,0.0019,0.0607,0.0657,0.0058,0.0240,0.0820,0.0473,6.0034,0.0641,0.0000,0.8957,0.0041,0.0001,0.4864,0.0074,0.0039,0.0002
2760,34.4274,0.0583,11.6674,6.6673,,true,0,0.008333,0.0000,0.0000,1.00,0.00,0.0000,22,1,368,368,0,0,100,0,14,14,0,0,0,368,0,0,920076288,0.000000,0.000352,33.944034,0.00,2,5,10,18,16,24,26,14,29,32,36,34,43,43,36,0,0,0,0.0019,0.0523,0.1015,0.0035,0.0223,0.0726,0.0616,6.6673,0.0842,0.0000,1.3213,0.0042,0.0001,0.8361,0.0077,0.0043,0.0002
2761,34.4387,0.0583,12.1632,5.6701,,true,0,0.008333,0.0000,0.0000,1.00,0.00,0.0000,22,1,368,368,0,0,100,0,14,14,0,0,0,368,0,0,920076288,0.000000,0.000352,33.944034,0.00,2,5,10,18,16,24,26,14,29,32,36,34,43,43,36,0,0,0,0.0014,0.0601,0.0742,0.0033,0.0172,0.0755,0.0524,5.6701,0.0636,0.0000,1.1166,0.0033,0.0001,0.6618,0.0082,0.0062,0.0002
2762,34.4510,0.0583,11.6856,6.1716,,true,0,0.008333,0.0000,0.0000,1.00,0.00,0.0000,22,1,368,368,0,0,100,0,14,14,0,0,0,368,0,0,920076288,0.000000,0.000352,33.944034,0.00,2,5,10,18,16,24,26,14,29,32,36,34,43,43,36,0,0,0,0.0021,0.0765,0.0683,0.0041,0.0257,0.0770,0.0594,6.1716,0.0766,0.0000,0.8432,0.0026,0.0001,0.4950,0.0073,0.0036,0.0001
2763,34.4637,0.0583,12.8285,6.1396,,true,0,0.008333,0.0000,0.0000,1.00,0.00,0.0000,22,1,368,368,0,0,100,0,14,14,0,0,0,368,0,0,920076288,0.000000,0.000352,33.944034,0.00,2,5,10,18,16,24,26,14,29,32,36,34,43,43,36,0,0,0,0.0016,0.0544,0.0652,0.0037,0.0460,0.0698,0.0541,6.1396,0.0649,0.0000,1.0894,0.0041,0.0002,0.6343,0.0072,0.0053,0.0002
2764,34.4773,0.0583,12.2586,7.0934,,true,0,0.008333,0.0000,0.0000,1.00,0.00,0.0000,22,1,368,368,0,0,100,0,14,14,0,0,0,368,0,0,920076288,0.000000,0.000352,33.944034,0.00,2,5,10,18,16,24,26,14,29,32,36,34,43,43,36,0,0,0,0.0016,0.0613,0.0741,0.0045,0.0195,0.0861,0.0546,7.0934,0.0646,0.0000,1.1821,0.0036,0.0001,0.6663,0.0097,0.0067,0.0002
2765,34.4881,0.0583,11.1995,7.0314,,true,0,0.008333,0.0000,0.0000,1.00,0.00,0.0000,22,1,368,368,0,0,100,0,14,14,0,0,0,368,0,0,920076288,0.000000,0.000352,33.944034,0.00,2,5,10,18,16,24,26,14,29,32,36,34,43,43,36,0,0,0,0.0020,0.0749,0.0851,0.0039,0.0148,0.0483,0.0727,7.0314,0.0940,0.0000,1.5455,0.0042,0.0001,0.8486,0.0193,0.0047,0.0002
2766,34.5007,0.0583,12.8061,6.6952,,true,0,0.008333,0.0000,0.0000,1.00,0.00,0.0000,22,1,368,368,0,0,100,0,14,14,0,0,0,368,0,0,920076288,0.000000,0.000352,33.944034,0.00,2,5,10,18,16,24,26,14,29,32,36,34,43,43,36,0,0,0,0.0072,0.0755,0.0778,0.0031,0.0130,0.0408,0.2350,6.6952,0.1037,0.0000,1.1856,0.0049,0.0001,0.6428,0.0080,0.0053,0.0002
2767,34.5124,0.0583,11.3101,6.9411,,true,0,0.008333,0.0000,0.0000,1.00,0.00,0.0000,22,1,368,368,0,0,100,0,14,14,0,0,0,368,0,0,920076288,0.000000,0.000352,33.944034,0.00,2,5,10,18,16,24,26,14,29,32,36,34,43,43,36,0,0,0,0.0015,0.0569,0.0794,0.0061,0.0244,0.0873,0.0786,6.9411,0.0908,0.0000,1.1710,0.0046,0.0001,0.6931,0.0109,0.0072,0.0002
2768,34.5243,0.0583,12.4059,6.6121,,true,0,0.008333,0.0000,0.0000,1.00,0.00,0.0000,22,1,368,368,0,0,100,0,14,14,0,0,0,368,0,0,920076288,0.000000,0.000352,33.944034,0.00,2,5,10,18,16,24,26,14,29,32,36,34,43,43,36,0,0,0,0.0018,0.0559,0.0729,0.0051,0.0265,0.0734,0.0617,6.6121,0.0592,0.0000,1.1277,0.0033,0.0001,0.6855,0.0078,0.0066,0.0002
2769,34.5360,0.0583,10.8965,7.2054,,true,1,0.008333,0.0000,0.0083,1.00,0.00,0.0000,22,1,368,368,0,0,100,0,14,14,0,0,0,368,0,0,920076288,0.000000,0.000352,34.248661,0.00,2,5,10,18,16,24,26,14,29,32,36,34,43,43,36,0,0,0,0.0015,0.0545,0.0793,0.0043,0.0237,0.2737,0.0541,7.2054,0.0880,0.0000,1.1368,0.0040,0.0001,0.6781,0.0093,0.0059,0.0002
2770,34.5458,0.0583,11.8770,5.5539,,true,0,0.008333,0.0000,0.0000,1.00,0.00,0.0000,22,1,368,368,0,0,100,0,14,14,0,0,0,368,0,0,920076288,0.000000,0.000352,34.248661,0.00,2,5,10,18,16,24,26,14,29,32,36,34,43,43,36,0,0,0,0.0019,0.0617,0.0610,0.0044,0.0239,0.0766,0.0453,5.5539,0.0635,0.0000,0.8849,0.0058,0.0001,0.4810,0.0069,0.0060,0.0001
2771,34.5582,0.0583,11.7714,6.0296,,true,0,0.008333,0.0000,0.0000,1.00,0.00,0.0000,22,1,368,368,0,0,100,0,14,14,0,0,0,368,0,0,920076288,0.000000,0.000352,34.248661,0.00,2,5,10,18,16,24,26,14,29,32,36,34,43,43,36,0,0,0,0.0019,0.0639,0.0784,0.0056,0.0258,0.0833,0.0577,6.0296,0.0896,0.0000,1.1379,0.0033,0.0001,0.6616,0.0076,0.0046,0.0002
2772,34.5709,0.0583,12.5815,6.0001,,true,0,0.008333,0.0000,0.0000,1.00,0.00,0.0000,22,1,368,368,0,0,100,0,14,14,0,0,0,368,0,0,920076288,0.000000,0.000352,34.248661,0.00,2,5,10,18,16,24,26,14,29,32,36,34,43,43,36,0,0,0,0.0017,0.0423,0.0572,0.0034,0.0222,0.0647,0.0501,6.0001,0.0688,0.0000,0.8942,0.0046,0.0001,0.4791,0.0268,0.0052,0.0002
2773,34.5849,0.0583,13.3884,6.5708,,true,0,0.008333,0.0000,0.0000,1.00,0.00,0.0000,22,1,368,368,0,0,100,0,14,14,0,0,0,368,0,0,920076288,0.000000,0.000352,34.248661,0.00,2,5,10,18,16,24,26,14,29,32,36,34,43,43,36,0,0,0,0.0053,0.0593,0.0563,0.0042,0.0190,0.0875,0.0760,6.5708,0.0516,0.0000,1.2193,0.0037,0.0002,0.6349,0.0074,0.0050,0.0003
2774,34.5960,0.0583,11.7464,5.9813,,true,0,0.008333,0.0000,0.0000,1.00,0.00,0.0000,22,1,368,368,0,0,100,0,14,14,0,0,0,368,0,0,920076288,0.000000,0.000352,34.248661,0.00,2,5,10,18,16,24,26,14,29,32,36,34,43,43,36,0,0,0,0.0009,0.0380,0.0611,0.0046,0.0368,0.0788,0.0460,5.9813,0.0590,0.0000,0.8550,0.0038,0.0001,0.4911,0.0067,0.0043,0.0001
2775,34.6110,0.0583,11.5089,9.4076,,true,0,0.008333,0.0000,0.0000,1.00,0.00,0.0000,22,1,368,368,0,0,100,0,14,14,0,0,0,368,0,0,920076288,0.000000,0.000352,34.248661,0.00,2,5,10,18,16,24,26,14,29,32,36,34,43,43,36,0,0,0,0.0032,0.1091,0.0768,0.0101,0.0483,0.1076,0.0490,9.4076,0.0830,0.0000,1.0690,0.0106,0.0001,0.5345,0.0131,0.0130,0.0001
2776,34.6265,0.0583,16.8760,7.7101,,true,0,0.008333,0.0000,0.0000,1.00,0.00,0.0000,22,1,368,368,0,0,100,0,14,14,0,0,0,368,0,0,920076288,0.000000,0.000352,34.248661,0.00,2,5,10,18,16,24,26,14,29,32,36,34,43,43,36,0,0,0,0.0019,0.0281,0.0831,0.0055,0.0224,0.0724,0.0361,7.7101,0.0739,0.0000,1.0237,0.0022,0.0001,0.7016,0.0062,0.0031,0.0002
2777,34.6386,0.0583,10.5762,9.4514,,true,1,0.008333,0.0000,0.0083,1.00,0.00,0.0000,22,1,368,368,0,0,100,0,14,14,0,0,0,368,0,0,920076288,0.000000,0.000352,34.350144,0.00,2,5,10,18,16,24,26,14,29,32,36,34,43,43,36,0,0,0,0.0024,0.0803,0.0802,0.0033,0.0155,0.2037,0.0861,9.4514,0.0715,0.0000,1.5847,0.0101,0.0001,0.9484,0.0083,0.0063,0.0003
2778,34.6520,0.0583,13.6901,9.2692,,true,0,0.008333,0.0000,0.0000,1.00,0.00,0.0000,22,1,368,368,0,0,100,0,14,14,0,0,0,368,0,0,920076288,0.000000,0.000352,34.350144,0.00,2,5,10,18,16,24,26,14,29,32,36,34,43,43,36,0,0,0,0.0025,0.1083,0.1137,0.0052,0.0256,0.0966,0.0865,9.2692,0.0984,0.0000,1.4884,0.0049,0.0002,0.9061,0.0075,0.0083,0.0003
2779,34.6637,0.0583,13.7039,6.9826,,true,0,0.008333,0.0000,0.0000,1.00,0.00,0.0000,22,1,368,368,0,0,100,0,14,14,0,0,0,368,0,0,920076288,0.000000,0.000352,34.350144,0.00,2,5,10,18,16,24,26,14,29,32,36,34,43,43,36,0,0,0,0.0012,0.0440,0.0540,0.0043,0.0253,0.0750,0.0549,6.9826,0.0547,0.0000,0.8698,0.0039,0.0001,0.4886,0.0041,0.0052,0.0001
2780,34.6753,0.0583,12.3329,6.2734,,true,0,0.008333,0.0000,0.0000,1.00,0.00,0.0000,22,1,368,368,0,0,100,0,14,14,0,0,0,368,0,0,920076288,0.000000,0.000352,34.350144,0.00,2,5,10,18,16,24,26,14,29,32,36,34,43,43,36,0,0,0,0.0012,0.0533,0.0671,0.0037,0.0215,0.0858,0.0438,6.2734,0.0766,0.0000,0.9048,0.0042,0.0005,0.4990,0.0117,0.0063,0.0001
2781,34.6895,0.0583,13.3382,7.5253,,true,0,0.008333,0.0000,0.0000,1.00,0.00,0.0000,22,1,368,368,0,0,100,0,14,14,0,0,0,368,0,0,920076288,0.000000,0.000352,34.350144,0.00,2,5,10,18,16,24,26,14,29,32,36,34,43,43,36,0,0,0,0.0018,0.0534,0.0773,0.0053,0.0248,0.0714,0.0621,7.5253,0.0811,0.0000,1.1444,0.0035,0.0001,0.6655,0.0087,0.0048,0.0002
2782,34.7010,0.0583,12.7917,6.1470,,true,0,0.008333,0.0000,0.0000,1.00,0.00,0.0000,22,1,368,368,0,0,100,0,14,14,0,0,0,368,0,0,920076288,0.000000,0.000352,34.350144,0.00,2,5,10,18,16,24,26,14,29,32,36,34,43,43,36,0,0,0,0.0017,0.0676,0.0569,0.0029,0.0177,0.0595,0.0645,6.1470,0.0472,0.0000,0.8344,0.0038,0.0001,0.4683,0.0081,0.0057,0.0002
2783,34.7126,0.0583,9.9873,7.9063,,true,0,0.008333,0.0000,0.0000,1.00,0.00,0.0000,22,1,368,368,0,0,100,0,14,14,0,0,0,368,0,0,920076288,0.000000,0.000352,34.350144,0.00,2,5,10,18,16,24,26,14,29,32,36,34,43,43,36,0,0,0,0.0013,0.0425,0.0989,0.0070,0.0267,0.0481,0.0728,7.9063,0.0780,0.0000,0.9779,0.0039,0.0001,0.6156,0.0133,0.0041,0.0002
2784,34.7314,0.0583,17.4872,8.8618,,true,0,0.008333,0.0000,0.0000,1.00,0.00,0.0000,22,1,368,368,0,0,100,0,14,14,0,0,0,368,0,0,920076288,0.000000,0.000352,34.350144,0.00,2,5,10,18,16,24,26,14,29,32,36,34,43,43,36,0,0,0,0.0014,0.0567,0.1091,0.0048,0.0212,0.1014,0.0460,8.8618,0.0925,0.0000,1.2406,0.0045,0.0001,0.8399,0.0049,0.0040,0.0002
2785,34.7411,0.0583,11.1687,7.4874,,true,0,0.008333,0.0000,0.0000,1.00,0.00,0.0000,22,1,368,368,0,0,100,0,14,14,0,0,0,368,0,0,920076288,0.000000,0.000352,34.350144,0.00,2,5,10,18,16,24,26,14,29,32,36,34,43,43,36,0,0,0,0.0009,0.0464,0.0583,0.0035,0.0203,0.0658,0.0409,7.4874,0.0535,0.0000,1.3535,0.0037,0.0001,0.7590,0.0225,0.0048,0.0002
2786,34.7555,0.0583,13.5627,8.0262,,true,0,0.008333,0.0000,0.0000,1.00,0.00,0.0000,22,1,368,368,0,0,100,0,14,14,0,0,0,368,0,0,920076288,0.000000,0.000352,34.350144,0.00,2,5,10,18,16,24,26,14,29,32,36,34,43,43,36,0,0,0,0.0017,0.0787,0.0925,0.0046,0.0231,0.0664,0.0743,8.0262,0.0680,0.0000,1.1672,0.0070,0.0001,0.6546,0.0097,0.0071,0.0002
2787,34.7650,0.0583,11.7488,6.0936,,true,0,0.008333,0.0000,0.0000,1.00,0.00,0.0000,22,1,368,368,0,0,100,0,14,14,0,0,0,368,0,0,920076288,0.000000,0.000352,34.350144,0.00,2,5,10,18,16,24,26,14,29,32,36,34,43,43,36,0,0,0,0.0010,0.0464,0.0508,0.0033,0.0142,0.0537,0.0413,6.0936,0.0801,0.0000,0.8578,0.0045,0.0001,0.4835,0.0090,0.0057,0.0002
2788,34.7794,0.0583,13.4702,6.8764,,true,0,0.008333,0.0000,0.0000,1.00,0.00,0.0000,22,1,368,368,0,0,100,0,14,14,0,0,0,368,0,0,920076288,0.000000,0.000352,34.350144,0.00,2,5,10,18,16,24,26,14,29,32,36,34,43,43,36,0,0,0,0.0019,0.0609,0.0618,0.0051,0.0278,0.0985,0.0466,6.8764,0.0602,0.0000,0.8603,0.0033,0.0001,0.4816,0.0080,0.0053,0.0001
2789,34.7931,0.0583,11.6969,8.3478,,true,0,0.008333,0.0000,0.0000,1.00,0.00,0.0000,22,1,368,368,0,0,100,0,14,14,0,0,0,368,0,0,920076288,0.000000,0.000352,34.350144,0.00,2,5,10,18,16,24,26,14,29,32,36,34,43,43,36,0,0,0,0.0231,0.0561,0.0586,0.0079,0.0428,0.1093,0.0449,8.3478,0.0680,0.0000,0.8808,0.0049,0.0001,0.4833,0.0066,0.0048,0.0002
2790,34.8054,0.0583,13.2518,7.9653,,true,0,0.008333,0.0000,0.0000,1.00,0.00,0.0000,22,1,368,368,0,0,100,0,14,14,0,0,0,368,0,0,920076288,0.000000,0.000352,34.350144,0.00,2,5,10,18,16,24,26,14,29,32,36,34,43,43,36,0,0,0,0.0010,0.0535,0.0983,0.0043,0.0194,0.0764,0.0430,7.9653,0.0902,0.0000,1.2721,0.0021,0.0001,0.8246,0.0113,0.0027,0.0002
2791,34.8178,0.0583,13.0831,7.1213,,true,0,0.008333,0.0000,0.0000,1.00,0.00,0.0000,22,1,368,368,0,0,100,0,14,14,0,0,0,368,0,0,920076288,0.000000,0.000352,34.350144,0.00,2,5,10,18,16,24,26,14,29,32,36,34,43,43,36,0,0,0,0.0013,0.0490,0.0922,0.0042,0.0416,0.0906,0.0416,7.1213,0.0926,0.0000,0.8941,0.0046,0.0001,0.5020,0.0083,0.0075,0.0002
2792,34.8319,0.0583,12.8206,8.7611,,true,0,0.008333,0.0000,0.0000,1.00,0.00,0.0000,22,1,368,368,0,0,100,0,14,14,0,0,0,368,0,0,920076288,0.000000,0.000352,34.350144,0.00,2,5,10,18,16,24,26,14,29,32,36,34,43,43,36,0,0,0,0.0018,0.0614,0.0791,0.0063,0.0270,0.1867,0.0773,8.7611,0.0793,0.0000,1.3628,0.0061,0.0001,0.7644,0.0115,0.0067,0.0003
2793,34.8463,0.0583,13.4842,9.6224,,true,0,0.008333,0.0000,0.0000,1.00,0.00,0.0000,22,1,368,368,0,0,100,0,14,14,0,0,0,368,0,0,920076288,0.000000,0.000352,34.350144,0.00,2,5,10,18,16,24,26,14,29,32,36,34,43,43,36,0,0,0,0.0016,0.0685,0.0845,0.0037,0.0356,0.0723,0.0590,9.6224,0.0842,0.0000,1.2337,0.0025,0.0001,0.6779,0.0089,0.0033,0.0004
2794,34.8589,0.0583,14.0949,7.7028,,true,0,0.008333,0.0000,0.0000,1.00,0.00,0.0000,22,1,368,368,0,0,100,0,14,14,0,0,0,368,0,0,920076288,0.000000,0.000352,34.350144,0.00,2,5,10,18,16,24,26,14,29,32,36,34,43,43,36,0,0,0,0.0021,0.0703,0.0786,0.0045,0.0112,0.0734,0.0631,7.7028,0.0535,0.0000,1.2410,0.0067,0.0001,0.6887,0.0125,0.0065,0.0002
2795,34.8704,0.0583,11.8012,7.7700,,true,0,0.008333,0.0000,0.0000,1.00,0.00,0.0000,22,1,368,368,0,0,100,0,14,14,0,0,0,368,0,0,920076288,0.000000,0.000352,34.350144,0.00,2,5,10,18,16,24,26,14,29,32,36,34,43,43,36,0,0,0,0.0015,0.0496,0.0740,0.0159,0.0182,0.0786,0.0441,7.7700,0.0876,0.0000,1.0342,0.0035,0.0001,0.6436,0.0095,0.0035,0.0001
2796,34.8824,0.0583,13.6328,6.1524,,true,0,0.008333,0.0000,0.0000,1.00,0.00,0.0000,22,1,368,368,0,0,100,0,14,14,0,0,0,368,0,0,920076288,0.000000,0.000352,34.350144,0.00,2,5,10,18,16,24,26,14,29,32,36,34,43,43,36,0,0,0,0.0020,0.0416,0.0538,0.0035,0.0175,0.0731,0.0425,6.1524,0.0438,0.0000,0.8626,0.0037,0.0001,0.4955,0.0076,0.0050,0.0001
2797,34.8983,0.0583,14.1419,7.6131,,true,0,0.008333,0.0000,0.0000,1.00,0.00,0.0000,22,1,368,368,0,0,100,0,14,14,0,0,0,368,0,0,920076288,0.000000,0.000352,34.350144,0.00,2,5,10,18,16,24,26,14,29,32,36,34,43,43,36,0,0,0,0.0020,0.0353,0.0744,0.0032,0.0169,0.0742,0.0423,7.6131,0.0577,0.0000,0.8188,0.0035,0.0001,0.4861,0.0060,0.0047,0.0002
2798,34.9114,0.0583,11.5205,9.4813,,true,0,0.008333,0.0000,0.0000,1.00,0.00,0.0000,22,1,368,368,0,0,100,0,14,14,0,0,0,368,0,0,920076288,0.000000,0.000352,34.350144,0.00,2,5,10,18,16,24,26,14,29,32,36,34,43,43,36,0,0,0,0.0017,0.1035,0.0734,0.0062,0.0190,0.0971,0.0427,9.4813,0.0845,0.0000,1.2935,0.0041,0.0002,0.7102,0.0096,0.0048,0.0005
2799,34.9240,0.0583,13.7461,8.2398,,true,0,0.008333,0.0000,0.0000,1.00,0.00,0.0000,22,1,368,368,0,0,100,0,14,14,0,0,0,368,0,0,920076288,0.000000,0.000352,34.350144,0.00,2,5,10,18,16,24,26,14,29,32,36,34,43,43,36,0,0,0,0.0014,0.0499,0.0747,0.0043,0.0248,0.0926,0.0643,8.2398,0.0727,0.0000,1.1987,0.0043,0.0001,0.7368,0.0071,0.0047,0.0002
2800,34.9346,0.0583,11.7066,7.0269,,true,0,0.008333,0.0000,0.0000,1.00,0.00,0.0000,22,1,368,368,0,0,100,0,14,14,0,0,0,368,0,0,920076288,0.000000,0.000352,34.350144,0.00,2,5,10,18,16,24,26,14,29,32,36,34,43,43,36,0,0,0,0.0016,0.0551,0.0714,0.0055,0.0468,0.1020,0.0557,7.0269,0.0777,0.0000,0.9274,0.0048,0.0001,0.5221,0.0122,0.0045,0.0002
2801,34.9494,0.0583,13.8863,8.3291,,true,1,0.008333,0.0000,0.0083,1.00,0.00,0.0000,22,1,368,368,0,0,100,0,14,14,0,0,0,368,0,0,920076288,0.000000,0.000352,34.655969,0.00,2,5,10,18,16,24,26,14,29,32,36,34,43,43,36,0,0,0,0.0010,0.0461,0.0919,0.0054,0.0206,0.2340,0.0433,8.3291,0.0971,0.0000,0.8838,0.0036,0.0001,0.5205,0.0080,0.0056,0.0002
2802,34.9643,0.0583,15.1437,7.9187,,true,0,0.008333,0.0000,0.0000,1.00,0.00,0.0000,22,1,368,368,0,0,100,0,14,14,0,0,0,368,0,0,920076288,0.000000,0.000352,34.655969,0.00,2,5,10,18,16,24,26,14,29,32,36,34,43,43,36,0,0,0,0.0017,0.0534,0.0764,0.0043,0.0252,0.0812,0.0563,7.9187,0.0733,0.0000,1.2479,0.0032,0.0002,0.7270,0.0106,0.0054,0.0002
2803,34.9800,0.0583,12.9428,10.4223,,true,0,0.008333,0.0000,0.0000,1.00,0.00,0.0000,22,1,368,368,0,0,100,0,14,14,0,0,0,368,0,0,920076288,0.000000,0.000352,34.655969,0.00,2,5,10,18,16,24,26,14,29,32,36,34,43,43,36,0,0,0,0.0019,0.0700,0.0709,0.0058,0.0311,0.1151,0.0606,10.4223,0.1407,0.0000,1.0807,0.0058,0.0001,0.4959,0.0177,0.0074,0.0002
2804,34.9940,0.0583,15.9220,8.5291,,true,0,0.008333,0.0000,0.0000,1.00,0.00,0.0000,22,1,368,368,0,0,100,0,14,14,0,0,0,368,0,0,920076288,0.000000,0.000352,34.655969,0.00,2,5,10,18,16,24,26,14,29,32,36,34,43,43,36,0,0,0,0.0023,0.0765,0.0927,0.0054,0.0149,0.0520,0.1100,8.5291,0.1028,0.0000,1.6418,0.0067,0.0001,1.0355,0.0123,0.0081,0.0001
2805,35.0020,0.0583,10.8623,6.0721,,true,0,0.008333,0.0000,0.0000,1.00,0.00,0.0000,22,1,368,368,0,0,100,0,14,14,0,0,0,368,0,0,920076288,0.000000,0.000352,34.655969,0.00,2,5,10,18,16,24,26,14,29,32,36,34,43,43,36,0,0,0,0.0013,0.0425,0.0610,0.0045,0.0245,0.0592,0.0539,6.0721,0.0534,0.0000,0.9492,0.0028,0.0001,0.5839,0.0084,0.0048,0.0001
2806,35.0132,0.0583,10.9542,6.2195,,true,0,0.008333,0.0000,0.0000,1.00,0.00,0.0000,22,1,368,368,0,0,100,0,14,14,0,0,0,368,0,0,920076288,0.000000,0.000352,34.655969,0.00,2,5,10,18,16,24,26,14,29,32,36,34,43,43,36,0,0,0,0.0010,0.0478,0.0586,0.0042,0.0167,0.0739,0.0463,6.2195,0.0613,0.0000,0.8575,0.0039,0.0001,0.5095,0.0058,0.0043,0.0002
2807,35.0273,0.0583,12.9385,7.5615,,true,0,0.008333,0.0000,0.0000,1.00,0.00,0.0000,22,1,368,368,0,0,100,0,14,14,0,0,0,368,0,0,920076288,0.000000,0.000352,34.655969,0.00,2,5,10,18,16,24,26,14,29,32,36,34,43,43,36,0,0,0,0.0033,0.0551,0.0866,0.0049,0.0214,0.0944,0.0587,7.5615,0.0811,0.0000,1.2760,0.0039,0.0001,0.7477,0.0071,0.0049,0.0002
2808,35.0411,0.0583,12.8166,8.1599,,true,0,0.008333,0.0000,0.0000,1.00,0.00,0.0000,22,1,368,368,0,0,100,0,14,14,0,0,0,368,0,0,920076288,0.000000,0.000352,34.655969,0.00,2,5,10,18,16,24,26,14,29,32,36,34,43,43,36,0,0,0,0.0018,0.0642,0.0820,0.0044,0.0216,0.0712,0.0588,8.1599,0.0748,0.0000,1.2093,0.0026,0.0001,0.6928,0.0236,0.0040,0.0002
2809,35.0544,0.0583,13.8144,7.6600,,true,0,0.008333,0.0000,0.0000,1.00,0.00,0.0000,22,1,368,368,0,0,100,0,14,14,0,0,0,368,0,0,920076288,0.000000,0.000352,34.655969,0.00,2,5,10,18,16,24,26,14,29,32,36,34,43,43,36,0,0,0,0.0018,0.0606,0.0878,0.0052,0.0265,0.0985,0.0510,7.6600,0.0709,0.0000,0.9638,0.0049,0.0001,0.5235,0.0113,0.0053,0.0001
2810,35.0641,0.0583,12.3265,5.3374,,true,0,0.008333,0.0000,0.0000,1.00,0.00,0.0000,22,1,368,368,0,0,100,0,14,14,0,0,0,368,0,0,920076288,0.000000,0.000352,34.655969,0.00,2,5,10,18,16,24,26,14,29,32,36,34,43,43,36,0,0,0,0.0010,0.0422,0.0614,0.0040,0.0207,0.0595,0.0439,5.3374,0.0612,0.0000,0.8121,0.0027,0.0001,0.4834,0.0072,0.0036,0.0001
2811,35.0763,0.0583,11.7606,5.8205,,true,0,0.008333,0.0000,0.0000,1.00,0.00,0.0000,22,1,368,368,0,0,100,0,14,14,0,0,0,368,0,0,920076288,0.000000,0.000352,34.655969,0.00,2,5,10,18,16,24,26,14,29,32,36,34,43,43,36,0,0,0,0.0019,0.0444,0.0545,0.0039,0.0164,0.0745,0.0455,5.8205,0.0594,0.0000,0.8534,0.0040,0.0001,0.4817,0.0085,0.0056,0.0001
2812,35.1054,0.0583,11.4365,23.2283,,true,0,0.008333,0.0000,0.0000,1.00,0.00,0.0000,22,1,368,368,0,0,100,0,14,14,0,0,0,368,0,0,920076288,0.000000,0.000352,34.655969,0.00,2,5,10,18,16,24,26,14,29,32,36,34,43,43,36,0,0,0,0.0009,0.0349,0.0783,0.0031,0.0150,0.0635,0.0389,23.2283,0.0771,0.0000,18.0685,0.0026,1.2571,0.5121,0.0189,0.0046,15.8201
2813,35.1142,0.0583,13.7061,7.2613,,true,0,0.008333,0.0000,0.0000,1.00,0.00,0.0000,22,1,368,368,0,0,100,0,14,14,0,0,0,368,0,0,920076288,0.000000,0.000352,34.655969,0.00,2,5,10,18,16,24,26,14,29,32,36,34,43,43,36,0,0,0,0.0020,0.0442,0.1177,0.0081,0.0213,0.1062,0.0440,7.2613,0.0836,0.0000,1.4718,0.0036,0.0012,0.7645,0.0127,0.0069,0.0005
2814,35.1224,0.0583,20.4478,6.1381,,true,0,0.008333,0.0000,0.0000,1.00,0.00,0.0000,22,1,368,368,0,0,100,0,14,14,0,0,0,368,0,0,920076288,0.000000,0.000352,34.655969,0.00,2,5,10,18,16,24,26,14,29,32,36,34,43,43,36,0,0,0,0.0028,0.0380,0.0595,0.0038,0.0142,0.0458,0.0390,6.1381,0.0597,0.0000,0.9267,0.0020,0.0001,0.5718,0.0041,0.0023,0.0001
2815,35.1310,0.0583,6.6030,7.2262,,true,0,0.008333,0.0000,0.0000,1.00,0.00,0.0000,22,1,368,368,0,0,100,0,14,14,0,0,0,368,0,0,920076288,0.000000,0.000352,34.655969,0.00,2,5,10,18,16,24,26,14,29,32,36,34,43,43,36,0,0,0,0.0041,0.0625,0.0853,0.0041,0.0262,0.0706,0.1163,7.2262,0.0977,0.0000,1.1360,0.0065,0.0001,0.6750,0.0101,0.0051,0.0002
2816,35.1393,0.0583,10.2551,5.9429,,true,0,0.008333,0.0000,0.0000,1.00,0.00,0.0000,22,1,368,368,0,0,100,0,14,14,0,0,0,368,0,0,920076288,0.000000,0.000352,34.655969,0.00,2,5,10,18,16,24,26,14,29,32,36,34,43,43,36,0,0,0,0.0009,0.0341,0.0618,0.0047,0.0168,0.0598,0.0409,5.9429,0.0677,0.0000,0.8658,0.0032,0.0001,0.5129,0.0076,0.0033,0.0001
2817,35.1549,0.0583,12.2109,9.2432,,true,0,0.008333,0.0000,0.0000,1.00,0.00,0.0000,22,1,368,368,0,0,100,0,14,14,0,0,0,368,0,0,920076288,0.000000,0.000352,34.655969,0.00,2,5,10,18,16,24,26,14,29,32,36,34,43,43,36,0,0,0,0.0020,0.0652,0.0789,0.0046,0.0236,0.0949,0.0643,9.2432,0.0862,0.0000,1.1971,0.0046,0.0001,0.6582,0.0093,0.0062,0.0002
2818,35.1668,0.0583,14.0541,7.4438,,true,0,0.008333,0.0000,0.0000,1.00,0.00,0.0000,22,1,368,368,0,0,100,0,14,14,0,0,0,368,0,0,920076288,0.000000,0.000352,34.655969,0.00,2,5,10,18,16,24,26,14,29,32,36,34,43,43,36,0,0,0,0.0017,0.0722,0.1004,0.0056,0.0173,0.0733,0.0581,7.4438,0.0646,0.0000,1.1725,0.0038,0.0001,0.6517,0.0100,0.0046,0.0002
2819,35.1764,0.0583,11.4480,5.6621,,true,0,0.008333,0.0000,0.0000,1.00,0.00,0.0000,22,1,368,368,0,0,100,0,14,14,0,0,0,368,0,0,920076288,0.000000,0.000352,34.655969,0.00,2,5,10,18,16,24,26,14,29,32,36,34,43,43,36,0,0,0,0.0010,0.0466,0.0687,0.0035,0.0201,0.0592,0.0440,5.6621,0.0759,0.0000,0.8606,0.0038,0.0001,0.4960,0.0060,0.0049,0.0001
2820,35.1906,0.0583,11.3097,8.9269,,true,0,0.008333,0.0000,0.0000,1.00,0.00,0.0000,22,1,368,368,0,0,100,0,14,14,0,0,0,368,0,0,920076288,0.000000,0.000352,34.655969,0.00,2,5,10,18,16,24,26,14,29,32,36,34,43,43,36,0,0,0,0.0056,0.0771,0.1288,0.0159,0.0178,0.0738,0.0860,8.9269,0.1074,0.0000,1.4155,0.0058,0.0001,0.8403,0.0075,0.0074,0.0002
2821,35.2038,0.0583,15.0208,6.6572,,true,0,0.008333,0.0000,0.0000,1.00,0.00,0.0000,22,1,368,368,0,0,100,0,14,14,0,0,0,368,0,0,920076288,0.000000,0.000352,34.655969,0.00,2,5,10,18,16,24,26,14,29,32,36,34,43,43,36,0,0,0,0.0017,0.0741,0.0744,0.0035,0.0181,0.0664,0.0606,6.6572,0.0704,0.0000,1.1873,0.0052,0.0002,0.6547,0.0111,0.0062,0.0002
2822,35.2181,0.0583,12.5153,8.1298,,true,0,0.008333,0.0000,0.0000,1.00,0.00,0.0000,22,1,368,368,0,0,100,0,14,14,0,0,0,368,0,0,920076288,0.000000,0.000352,34.655969,0.00,2,5,10,18,16,24,26,14,29,32,36,34,43,43,36,0,0,0,0.0015,0.0525,0.0694,0.0046,0.0186,0.0749,0.0443,8.1298,0.0711,0.0000,0.9365,0.0041,0.0001,0.5054,0.0101,0.0241,0.0001
2823,35.2350,0.0583,15.8466,9.0944,,true,0,0.008333,0.0000,0.0000,1.00,0.00,0.0000,22,1,368,368,0,0,100,0,14,14,0,0,0,368,0,0,920117248,0.000000,0.000352,34.655969,0.00,2,5,10,18,16,24,26,14,29,32,36,34,43,43,36,0,0,0,0.0011,0.0626,0.0856,0.0055,0.0171,0.0985,0.0465,9.0944,0.1099,0.0000,1.1548,0.0046,0.0001,0.6815,0.0112,0.0056,0.0001
2824,35.2458,0.0583,12.6169,7.7079,,true,1,0.008333,0.0000,0.0083,1.00,0.00,0.0000,22,1,368,368,0,0,100,0,14,14,0,0,0,368,0,0,920117248,0.000000,0.000352,34.962052,0.00,2,5,10,18,16,24,26,14,29,32,36,34,43,43,36,0,0,0,0.0009,0.0508,0.0619,0.0040,0.0237,0.2284,0.0456,7.7079,0.0590,0.0000,0.8808,0.0049,0.0001,0.4846,0.0167,0.0053,0.0001
2825,35.2572,0.0583,12.0404,6.9562,,true,0,0.008333,0.0000,0.0000,1.00,0.00,0.0000,22,1,368,368,0,0,100,0,14,14,0,0,0,368,0,0,920117248,0.000000,0.000352,34.962052,0.00,2,5,10,18,16,24,26,14,29,32,36,34,43,43,36,0,0,0,0.0015,0.0623,0.0790,0.0039,0.0223,0.0896,0.0577,6.9562,0.0717,0.0000,1.2186,0.0052,0.0001,0.7255,0.0096,0.0062,0.0002
2826,35.2698,0.0583,11.9969,7.7574,,true,0,0.008333,0.0000,0.0000,1.00,0.00,0.0000,22,1,368,368,0,0,100,0,14,14,0,0,0,368,0,0,920117248,0.000000,0.000352,34.962052,0.00,2,5,10,18,16,24,26,14,29,32,36,34,43,43,36,0,0,0,0.0019,0.0694,0.0942,0.0041,0.0200,0.0788,0.0590,7.7574,0.0997,0.0000,1.3136,0.0039,0.0002,0.8053,0.0084,0.0050,0.0002
2827,35.2826,0.0583,13.2297,6.9418,,true,0,0.008333,0.0000,0.0000,1.00,0.00,0.0000,22,1,368,368,0,0,100,0,14,14,0,0,0,368,0,0,920117248,0.000000,0.000352,34.962052,0.00,2,5,10,18,16,24,26,14,29,32,36,34,43,43,36,0,0,0,0.0019,0.0870,0.0696,0.0027,0.0106,0.0459,0.0731,6.9418,0.0616,0.0000,1.3044,0.0096,0.0001,0.7244,0.0114,0.0073,0.0003
2828,35.2973,0.0583,13.4011,7.7913,,true,0,0.008333,0.0000,0.0000,1.00,0.00,0.0000,22,1,368,368,0,0,100,0,14,14,0,0,0,368,0,0,920117248,0.000000,0.000352,34.962052,0.00,2,5,10,18,16,24,26,14,29,32,36,34,43,43,36,0,0,0,0.0024,0.0510,0.0585,0.0052,0.0219,0.0756,0.0467,7.7913,0.0589,0.0000,0.9302,0.0045,0.0001,0.4944,0.0111,0.0070,0.0001
2829,35.3077,0.0583,12.7502,6.3351,,true,0,0.008333,0.0000,0.0000,1.00,0.00,0.0000,22,1,368,368,0,0,100,0,14,14,0,0,0,368,0,0,920117248,0.000000,0.000352,34.962052,0.00,2,5,10,18,16,24,26,14,29,32,36,34,43,43,36,0,0,0,0.0016,0.0349,0.0724,0.0036,0.0150,0.0481,0.0793,6.3351,0.0508,0.0000,0.8027,0.0036,0.0001,0.4791,0.0079,0.0040,0.0002
2830,35.3216,0.0583,13.6031,6.3395,,true,0,0.008333,0.0000,0.0000,1.00,0.00,0.0000,22,1,368,368,0,0,100,0,14,14,0,0,0,368,0,0,920117248,0.000000,0.000352,34.962052,0.00,2,5,10,18,16,24,26,14,29,32,36,34,43,43,36,0,0,0,0.0016,0.0548,0.0600,0.0044,0.0236,0.0811,0.0582,6.3395,0.0604,0.0000,1.1381,0.0053,0.0001,0.6201,0.0090,0.0056,0.0002
2831,35.3351,0.0583,12.4039,7.1869,,true,0,0.008333,0.0000,0.0000,1.00,0.00,0.0000,22,1,368,368,0,0,100,0,14,14,0,0,0,368,0,0,920117248,0.000000,0.000352,34.962052,0.00,2,5,10,18,16,24,26,14,29,32,36,34,43,43,36,0,0,0,0.0013,0.0621,0.0733,0.0048,0.0236,0.0897,0.0505,7.1869,0.0626,0.0000,1.0161,0.0054,0.0001,0.5737,0.0089,0.0059,0.0001
2832,35.3491,0.0583,13.4512,7.8879,,true,0,0.008333,0.0000,0.0000,1.00,0.00,0.0000,22,1,368,368,0,0,100,0,14,14,0,0,0,368,0,0,920117248,0.000000,0.000352,34.962052,0.00,2,5,10,18,16,24,26,14,29,32,36,34,43,43,36,0,0,0,0.0021,0.0521,0.0611,0.0047,0.0239,0.0488,0.0531,7.8879,0.0742,0.0000,1.1829,0.0046,0.0001,0.5069,0.0105,0.0053,0.0001
2833,35.3631,0.0583,12.7044,8.8901,,true,0,0.008333,0.0000,0.0000,1.00,0.00,0.0000,22,1,368,368,0,0,100,0,14,14,0,0,0,368,0,0,920117248,0.000000,0.000352,34.962052,0.00,2,5,10,18,16,24,26,14,29,32,36,34,43,43,36,0,0,0,0.0018,0.0573,0.0724,0.0071,0.0372,0.0897,0.0582,8.8901,0.0528,0.0000,1.2394,0.0036,0.0001,0.6319,0.0092,0.0054,0.0006
2834,35.3787,0.0583,15.7192,8.7791,,true,0,0.008333,0.0000,0.0000,1.00,0.00,0.0000,22,1,368,368,0,0,100,0,14,14,0,0,0,368,0,0,920117248,0.000000,0.000352,34.962052,0.00,2,5,10,18,16,24,26,14,29,32,36,34,43,43,36,0,0,0,0.0015,0.0694,0.1133,0.0052,0.0277,0.1365,0.0574,8.7791,0.1181,0.0000,1.3292,0.0040,0.0001,0.8390,0.0084,0.0061,0.0002
2835,35.3889,0.0583,11.6051,7.6642,,true,0,0.008333,0.0000,0.0000,1.00,0.00,0.0000,22,1,368,368,0,0,100,0,14,14,0,0,0,368,0,0,920117248,0.000000,0.000352,34.962052,0.00,2,5,10,18,16,24,26,14,29,32,36,34,43,43,36,0,0,0,0.0043,0.0522,0.0774,0.0058,0.0231,0.1017,0.0632,7.6642,0.0713,0.0000,1.1895,0.0134,0.0002,0.6975,0.0087,0.0053,0.0002
2836,35.4017,0.0583,13.6233,6.9377,,true,0,0.008333,0.0000,0.0000,1.00,0.00,0.0000,22,1,368,368,0,0,100,0,14,14,0,0,0,368,0,0,920117248,0.000000,0.000352,34.962052,0.00,2,5,10,18,16,24,26,14,29,32,36,34,43,43,36,0,0,0,0.0018,0.0584,0.0807,0.0053,0.0193,0.0743,0.0617,6.9377,0.0718,0.0000,1.1985,0.0043,0.0001,0.6821,0.0088,0.0065,0.0002
2837,35.4120,0.0583,10.8343,6.5869,,true,0,0.008333,0.0000,0.0000,1.00,0.00,0.0000,22,1,368,368,0,0,100,0,14,14,0,0,0,368,0,0,920117248,0.000000,0.000352,34.962052,0.00,2,5,10,18,16,24,26,14,29,32,36,34,43,43,36,0,0,0,0.0013,0.0584,0.1012,0.0053,0.0294,0.1220,0.0462,6.5869,0.0773,0.0000,0.9195,0.0044,0.0001,0.5191,0.0092,0.0050,0.0002
2838,35.4264,0.0583,14.1369,6.8026,,true,0,0.008333,0.0000,0.0000,1.00,0.00,0.0000,22,1,368,368,0,0,100,0,14,14,0,0,0,368,0,0,920117248,0.000000,0.000352,34.962052,0.00,2,5,10,18,16,24,26,14,29,32,36,34,43,43,36,0,0,0,0.0018,0.0779,0.0699,0.0035,0.0189,0.0594,0.0618,6.8026,0.0630,0.0000,1.1612,0.0051,0.0001,0.6571,0.0083,0.0053,0.0002
2839,35.4369,0.0583,10.8652,6.1887,,true,0,0.008333,0.0000,0.0000,1.00,0.00,0.0000,22,1,368,368,0,0,100,0,14,14,0,0,0,368,0,0,920117248,0.000000,0.000352,34.962052,0.00,2,5,10,18,16,24,26,14,29,32,36,34,43,43,36,0,0,0,0.0009,0.0495,0.0634,0.0040,0.0214,0.0773,0.0474,6.1887,0.0473,0.0000,0.8875,0.0048,0.0001,0.5252,0.0091,0.0046,0.0001
2840,35.4545,0.0583,13.4752,10.1766,,true,0,0.008333,0.0000,0.0000,1.00,0.00,0.0000,22,1,368,368,0,0,100,0,14,14,0,0,0,368,0,0,920117248,0.000000,0.000352,34.962052,0.00,2,5,10,18,16,24,26,14,29,32,36,34,43,43,36,0,0,0,0.0018,0.0488,0.1018,0.0055,0.0170,0.0814,0.0506,10.1766,0.0707,0.0000,1.5208,0.0053,0.0001,0.9154,0.0217,0.0061,0.0001
2841,35.4653,0.0583,14.5863,6.7897,,true,0,0.008333,0.0000,0.0000,1.00,0.00,0.0000,22,1,368,368,0,0,100,0,14,14,0,0,0,368,0,0,920117248,0.000000,0.000352,34.962052,0.00,2,5,10,18,16,24,26,14,29,32,36,34,43,43,36,0,0,0,0.0015,0.0571,0.0550,0.0027,0.0246,0.0902,0.0413,6.7897,0.0656,0.0000,0.8352,0.0035,0.0001,0.4743,0.0060,0.0048,0.0001
2842,35.4787,0.0583,11.1819,8.7093,,true,0,0.008333,0.0000,0.0000,1.00,0.00,0.0000,22,1,368,368,0,0,100,0,14,14,0,0,0,368,0,0,920117248,0.000000,0.000352,34.962052,0.00,2,5,10,18,16,24,26,14,29,32,36,34,43,43,36,0,0,0,0.0017,0.0507,0.0816,0.0048,0.0289,0.0806,0.0627,8.7093,0.0606,0.0000,1.2709,0.0059,0.0002,0.6761,0.0078,0.0113,0.0002
2843,35.4894,0.0583,12.5966,7.0824,,true,0,0.008333,0.0000,0.0000,1.00,0.00,0.0000,22,1,368,368,0,0,100,0,14,14,0,0,0,368,0,0,920117248,0.000000,0.000352,34.962052,0.00,2,5,10,18,16,24,26,14,29,32,36,34,43,43,36,0,0,0,0.0018,0.0288,0.0657,0.0052,0.0218,0.0621,0.0370,7.0824,0.0570,0.0000,0.8953,0.0045,0.0001,0.5182,0.0151,0.0048,0.0001
2844,35.5008,0.0583,11.6217,6.7660,,true,0,0.008333,0.0000,0.0000,1.00,0.00,0.0000,22,1,368,368,0,0,100,0,14,14,0,0,0,368,0,0,920117248,0.000000,0.000352,34.962052,0.00,2,5,10,18,16,24,26,14,29,32,36,34,43,43,36,0,0,0,0.0017,0.0652,0.0765,0.0044,0.0246,0.0813,0.0793,6.7660,0.0615,0.0000,1.1465,0.0038,0.0002,0.6735,0.0069,0.0057,0.0002
2845,35.5109,0.0583,11.0119,5.7811,,true,0,0.008333,0.0000,0.0000,1.00,0.00,0.0000,22,1,368,368,0,0,100,0,14,14,0,0,0,368,0,0,920117248,0.000000,0.000352,34.962052,0.00,2,5,10,18,16,24,26,14,29,32,36,34,43,43,36,0,0,0,0.0020,0.0411,0.0593,0.0044,0.0218,0.0731,0.0664,5.7811,0.0706,0.0000,0.8428,0.0032,0.0001,0.4923,0.0073,0.0043,0.0001
2846,35.5241,0.0583,12.7505,6.4148,,true,0,0.008333,0.0000,0.0000,1.00,0.00,0.0000,22,1,368,368,0,0,100,0,14,14,0,0,0,368,0,0,920117248,0.000000,0.000352,34.962052,0.00,2,5,10,18,16,24,26,14,29,32,36,34,43,43,36,0,0,0,0.0015,0.0546,0.1015,0.0036,0.0202,0.0780,0.0551,6.4148,0.0757,0.0000,1.1484,0.0033,0.0001,0.6602,0.0066,0.0053,0.0002
2847,35.5348,0.0583,10.9050,6.4415,,true,0,0.008333,0.0000,0.0000,1.00,0.00,0.0000,22,1,368,368,0,0,100,0,14,14,0,0,0,368,0,0,920117248,0.000000,0.000352,34.962052,0.00,2,5,10,18,16,24,26,14,29,32,36,34,43,43,36,0,0,0,0.0012,0.0570,0.0571,0.0063,0.0248,0.1001,0.0495,6.4415,0.0647,0.0000,0.9175,0.0049,0.0001,0.4875,0.0084,0.0056,0.0001
2848,35.5532,0.0583,15.0793,9.1341,,true,1,0.008333,0.0000,0.0083,1.00,0.00,0.0000,22,1,368,368,0,0,100,0,14,14,0,0,0,368,0,0,920117248,0.000000,0.000352,35.268500,0.00,2,5,10,18,16,24,26,14,29,32,36,34,43,43,36,0,0,0,0.0021,0.0636,0.0618,0.0042,0.0329,0.3254,0.0493,9.1341,0.0592,0.0000,1.1564,0.0044,0.0001,0.7214,0.0083,0.0057,0.0001
2849,35.5655,0.0583,13.4315,7.8015,,true,0,0.008333,0.0000,0.0000,1.00,0.00,0.0000,22,1,368,368,0,0,100,0,14,14,0,0,0,368,0,0,920117248,0.000000,0.000352,35.268500,0.00,2,5,10,18,16,24,26,14,29,32,36,34,43,43,36,0,0,0,0.0017,0.0892,0.0719,0.0052,0.0246,0.0825,0.0609,7.8015,0.0664,0.0000,1.1570,0.0039,0.0001,0.6635,0.0072,0.0047,0.0002
2850,35.5746,0.0583,11.2842,6.1472,,true,0,0.008333,0.0000,0.0000,1.00,0.00,0.0000,22,1,368,368,0,0,100,0,14,14,0,0,0,368,0,0,920117248,0.000000,0.000352,35.268500,0.00,2,5,10,18,16,24,26,14,29,32,36,34,43,43,36,0,0,0,0.0015,0.0527,0.0641,0.0039,0.0258,0.0867,0.0470,6.1472,0.0730,0.0000,0.8955,0.0037,0.0001,0.5026,0.0083,0.0043,0.0002
2851,35.5899,0.0583,14.2582,7.2188,,true,0,0.008333,0.0000,0.0000,1.00,0.00,0.0000,22,1,368,368,0,0,100,0,14,14,0,0,0,368,0,0,920117248,0.000000,0.000352,35.268500,0.00,2,5,10,18,16,24,26,14,29,32,36,34,43,43,36,0,0,0,0.0014,0.0476,0.0602,0.0053,0.0219,0.0785,0.0438,7.2188,0.0697,0.0000,0.9066,0.0059,0.0001,0.4969,0.0139,0.0077,0.0002
2852,35.6017,0.0583,12.6489,6.4448,,true,0,0.008333,0.0000,0.0000,1.00,0.00,0.0000,22,1,368,368,0,0,100,0,14,14,0,0,0,368,0,0,920117248,0.000000,0.000352,35.268500,0.00,2,5,10,18,16,24,26,14,29,32,36,34,43,43,36,0,0,0,0.0017,0.0588,0.0683,0.0041,0.0162,0.0552,0.0725,6.4448,0.0589,0.0000,1.1190,0.0045,0.0002,0.6245,0.0115,0.0059,0.0002
2853,35.6110,0.0583,10.6940,5.1940,,true,0,0.008333,0.0000,0.0000,1.00,0.00,0.0000,22,1,368,368,0,0,100,0,14,14,0,0,0,368,0,0,920117248,0.000000,0.000352,35.268500,0.00,2,5,10,18,16,24,26,14,29,32,36,34,43,43,36,0,0,0,0.0022,0.0373,0.0542,0.0029,0.0118,0.0308,0.0687,5.1940,0.0392,0.0000,0.7786,0.0029,0.0001,0.4489,0.0067,0.0046,0.0001
2854,35.6243,0.0583,11.8072,6.5033,,true,0,0.008333,0.0000,0.0000,1.00,0.00,0.0000,22,1,368,368,0,0,100,0,14,14,0,0,0,368,0,0,920117248,0.000000,0.000352,35.268500,0.00,2,5,10,18,16,24,26,14,29,32,36,34,43,43,36,0,0,0,0.0012,0.0655,0.0791,0.0045,0.0262,0.0881,0.0426,6.5033,0.0654,0.0000,1.1093,0.0036,0.0001,0.6502,0.0096,0.0048,0.0002
2855,35.6371,0.0583,12.0882,7.0178,,true,0,0.008333,0.0000,0.0000,1.00,0.00,0.0000,22,1,368,368,0,0,100,0,14,14,0,0,0,368,0,0,920117248,0.000000,0.000352,35.268500,0.00,2,5,10,18,16,24,26,14,29,32,36,34,43,43,36,0,0,0,0.0033,0.0478,0.0699,0.0051,0.0261,0.0860,0.0573,7.0178,0.0617,0.0000,1.1561,0.0052,0.0002,0.6634,0.0091,0.0071,0.0002
2856,35.6509,0.0583,12.3602,8.6889,,true,0,0.008333,0.0000,0.0000,1.00,0.00,0.0000,22,1,368,368,0,0,100,0,14,14,0,0,0,368,0,0,920117248,0.000000,0.000352,35.268500,0.00,2,5,10,18,16,24,26,14,29,32,36,34,43,43,36,0,0,0,0.0018,0.0582,0.1207,0.0061,0.0288,0.1101,0.0467,8.6889,0.0786,0.0000,1.0571,0.0043,0.0001,0.5718,0.0122,0.0062,0.0002
2857,35.6642,0.0583,14.5072,7.4094,,true,0,0.008333,0.0000,0.0000,1.00,0.00,0.0000,22,1,368,368,0,0,100,0,14,14,0,0,0,368,0,0,920117248,0.000000,0.000352,35.268500,0.00,2,5,10,18,16,24,26,14,29,32,36,34,43,43,36,0,0,0,0.0015,0.0642,0.0575,0.0050,0.0292,0.0599,0.0476,7.4094,0.0646,0.0000,1.0094,0.0052,0.0001,0.5837,0.0077,0.0067,0.0001
2858,35.6752,0.0583,10.5354,7.9029,,true,0,0.008333,0.0000,0.0000,1.00,0.00,0.0000,22,1,368,368,0,0,100,0,14,14,0,0,0,368,0,0,920117248,0.000000,0.000352,35.268500,0.00,2,5,10,18,16,24,26,14,29,32,36,34,43,43,36,0,0,0,0.0026,0.0631,0.0856,0.0069,0.0305,0.0902,0.0602,7.9029,0.1305,0.0000,1.2142,0.0046,0.0002,0.6723,0.0093,0.0064,0.0002
2859,35.6884,0.0583,14.8839,6.1919,,true,0,0.008333,0.0000,0.0000,1.00,0.00,0.0000,22,1,368,368,0,0,100,0,14,14,0,0,0,368,0,0,920117248,0.000000,0.000352,35.268500,0.00,2,5,10,18,16,24,26,14,29,32,36,34,43,43,36,0,0,0,0.0012,0.0393,0.0834,0.0044,0.0190,0.0645,0.0630,6.1919,0.0519,0.0000,0.8576,0.0033,0.0001,0.5039,0.0080,0.0046,0.0002
2860,35.6994,0.0583,11.6955,5.4627,,true,0,0.008333,0.0000,0.0000,1.00,0.00,0.0000,22,1,368,368,0,0,100,0,14,14,0,0,0,368,0,0,920117248,0.000000,0.000352,35.268500,0.00,2,5,10,18,16,24,26,14,29,32,36,34,43,43,36,0,0,0,0.0009,0.0289,0.0539,0.0050,0.0125,0.0487,0.0443,5.4627,0.0585,0.0000,0.7781,0.0029,0.0001,0.4618,0.0047,0.0037,0.0001
2861,35.7096,0.0583,10.4931,5.3514,,true,0,0.008333,0.0000,0.0000,1.00,0.00,0.0000,22,1,368,368,0,0,100,0,14,14,0,0,0,368,0,0,920117248,0.000000,0.000352,35.268500,0.00,2,5,10,18,16,24,26,14,29,32,36,34,43,43,36,0,0,0,0.0010,0.0494,0.0559,0.0040,0.0181,0.0715,0.0688,5.3514,0.0524,0.0000,0.8241,0.0021,0.0001,0.4848,0.0064,0.0028,0.0002
2862,35.7221,0.0583,12.2484,5.6877,,true,0,0.008333,0.0000,0.0000,1.00,0.00,0.0000,22,1,368,368,0,0,100,0,14,14,0,0,0,368,0,0,920117248,0.000000,0.000352,35.268500,0.00,2,5,10,18,16,24,26,14,29,32,36,34,43,43,36,0,0,0,0.0015,0.0691,0.0555,0.0044,0.0224,0.0683,0.0655,5.6877,0.0544,0.0000,0.8337,0.0035,0.0001,0.4775,0.0080,0.0044,0.0002
2863,35.7359,0.0583,12.7289,6.4535,,true,0,0.008333,0.0000,0.0000,1.00,0.00,0.0000,22,1,368,368,0,0,100,0,14,14,0,0,0,368,0,0,920117248,0.000000,0.000352,35.268500,0.00,2,5,10,18,16,24,26,14,29,32,36,34,43,43,36,0,0,0,0.0022,0.0508,0.0654,0.0047,0.0259,0.0665,0.0411,6.4535,0.0655,0.0000,0.8726,0.0033,0.0001,0.5029,0.0089,0.0064,0.0001
2864,35.7465,0.0583,11.9425,5.4761,,true,0,0.008333,0.0000,0.0000,1.00,0.00,0.0000,22,1,368,368,0,0,100,0,14,14,0,0,0,368,0,0,920117248,0.000000,0.000352,35.268500,0.00,2,5,10,18,16,24,26,14,29,32,36,34,43,43,36,0,0,0,0.0018,0.0355,0.0580,0.0039,0.0154,0.0530,0.0401,5.4761,0.0648,0.0000,0.7966,0.0033,0.0001,0.4564,0.0053,0.0043,0.0001
2865,35.7599,0.0583,11.8419,6.8101,,true,1,0.008333,0.0000,0.0083,1.00,0.00,0.0000,22,1,368,368,0,0,100,0,14,14,0,0,0,368,0,0,920117248,0.000000,0.000352,35.472674,0.00,2,5,10,18,16,24,26,14,29,32,36,34,43,43,36,0,0,0,0.0017,0.0517,0.0747,0.0049,0.0233,0.2779,0.0630,6.8101,0.0690,0.0000,1.0998,0.0027,0.0002,0.6466,0.0057,0.0032,0.0002
2866,35.7690,0.0583,10.7859,5.5901,,true,0,0.008333,0.0000,0.0000,1.00,0.00,0.0000,22,1,368,368,0,0,100,0,14,14,0,0,0,368,0,0,920117248,0.000000,0.000352,35.472674,0.00,2,5,10,18,16,24,26,14,29,32,36,34,43,43,36,0,0,0,0.0026,0.0583,0.0577,0.0028,0.0162,0.0511,0.0505,5.5901,0.0579,0.0000,0.8561,0.0035,0.0001,0.4834,0.0067,0.0099,0.0002
2867,35.7833,0.0583,12.8906,6.3826,,true,0,0.008333,0.0000,0.0000,1.00,0.00,0.0000,22,1,368,368,0,0,100,0,14,14,0,0,0,368,0,0,920117248,0.000000,0.000352,35.472674,0.00,2,5,10,18,16,24,26,14,29,32,36,34,43,43,36,0,0,0,0.0032,0.0537,0.0778,0.0041,0.0235,0.0777,0.0693,6.3826,0.0586,0.0000,1.1480,0.0035,0.0001,0.6730,0.0219,0.0045,0.0002
2868,35.7947,0.0583,11.6929,6.2671,,true,0,0.008333,0.0000,0.0000,1.00,0.00,0.0000,22,1,368,368,0,0,100,0,14,14,0,0,0,368,0,0,920117248,0.000000,0.000352,35.472674,0.00,2,5,10,18,16,24,26,14,29,32,36,34,43,43,36,0,0,0,0.0021,0.0525,0.0918,0.0051,0.0258,0.0980,0.0574,6.2671,0.0813,0.0000,1.1496,0.0047,0.0002,0.6656,0.0096,0.0133,0.0002
2869,35.8054,0.0583,11.5479,5.6265,,true,0,0.008333,0.0000,0.0000,1.00,0.00,0.0000,22,1,368,368,0,0,100,0,14,14,0,0,0,368,0,0,920117248,0.000000,0.000352,35.472674,0.00,2,5,10,18,16,24,26,14,29,32,36,34,43,43,36,0,0,0,0.0016,0.0730,0.0769,0.0049,0.0235,0.0755,0.0639,5.6265,0.0740,0.0000,1.1447,0.0042,0.0001,0.6582,0.0067,0.0040,0.0002
2870,35.8191,0.0583,12.3104,6.8491,,true,0,0.008333,0.0000,0.0000,1.00,0.00,0.0000,22,1,368,368,0,0,100,0,14,14,0,0,0,368,0,0,920117248,0.000000,0.000352,35.472674,0.00,2,5,10,18,16,24,26,14,29,32,36,34,43,43,36,0,0,0,0.0014,0.0499,0.0692,0.0047,0.0233,0.0860,0.0536,6.8491,0.0739,0.0000,1.1387,0.0051,0.0001,0.6615,0.0109,0.0056,0.0002
2871,35.8279,0.0583,10.0662,5.8278,,true,0,0.008333,0.0000,0.0000,1.00,0.00,0.0000,22,1,368,368,0,0,100,0,14,14,0,0,0,368,0,0,920117248,0.000000,0.000352,35.472674,0.00,2,5,10,18,16,24,26,14,29,32,36,34,43,43,36,0,0,0,0.0016,0.0732,0.0725,0.0035,0.0176,0.0675,0.0661,5.8278,0.0602,0.0000,1.1316,0.0043,0.0001,0.6439,0.0078,0.0054,0.0002
2872,35.8588,0.0583,12.6201,23.8765,,true,0,0.008333,0.0000,0.0000,1.00,0.00,0.0000,22,1,368,368,0,0,100,0,14,14,0,0,0,368,0,0,920117248,0.000000,0.000352,35.472674,0.00,2,5,10,18,16,24,26,14,29,32,36,34,43,43,36,0,0,0,0.0020,0.0691,0.0561,0.0052,0.0274,0.0930,0.0565,23.8765,0.0422,0.0000,19.1271,0.0043,1.3716,0.5515,0.0338,0.0050,16.6870
2873,35.8663,0.0583,10.9470,6.3717,,true,0,0.008333,0.0000,0.0000,1.00,0.00,0.0000,22,1,368,368,0,0,100,0,14,14,0,0,0,368,0,0,920117248,0.000000,0.000352,35.472674,0.00,2,5,10,18,16,24,26,14,29,32,36,34,43,43,36,0,0,0,0.0009,0.0807,0.0987,0.0045,0.0154,0.0553,0.0585,6.3717,0.0347,0.0000,0.8911,0.0020,0.0001,0.5225,0.0047,0.0028,0.0003
2874,35.8746,0.0583,23.3820,5.5222,,true,0,0.008333,0.0000,0.0000,1.00,0.00,0.0000,22,1,368,368,0,0,100,0,14,14,0,0,0,368,0,0,920117248,0.000000,0.000352,35.472674,0.00,2,5,10,18,16,24,26,14,29,32,36,34,43,43,36,0,0,0,0.0020,0.0328,0.0804,0.0028,0.0125,0.0388,0.0519,5.5222,0.1067,0.0000,0.7652,0.0015,0.0001,0.4562,0.0039,0.0024,0.0002
2875,35.8809,0.0583,7.0504,4.8757,,true,0,0.008333,0.0000,0.0000,1.00,0.00,0.0000,22,1,368,368,0,0,100,0,14,14,0,0,0,368,0,0,920117248,0.000000,0.000352,35.472674,0.00,2,5,10,18,16,24,26,14,29,32,36,34,43,43,36,0,0,0,0.0041,0.0828,0.0649,0.0023,0.0079,0.0296,0.0815,4.8757,0.0681,0.0000,0.7738,0.0011,0.0001,0.4447,0.0069,0.0030,0.0002
2876,35.8874,0.0583,6.7578,4.4206,,true,0,0.008333,0.0000,0.0000,1.00,0.00,0.0000,22,1,368,368,0,0,100,0,14,14,0,0,0,368,0,0,920117248,0.000000,0.000352,35.472674,0.00,2,5,10,18,16,24,26,14,29,32,36,34,43,43,36,0,0,0,0.0010,0.0276,0.0453,0.0024,0.0072,0.0235,0.0497,4.4206,0.0425,0.0000,0.7008,0.0009,0.0001,0.4457,0.0025,0.0012,0.0001
2877,35.9009,0.0583,11.5971,6.0887,,true,0,0.008333,0.0000,0.0000,1.00,0.00,0.0000,22,1,368,368,0,0,100,0,14,14,0,0,0,368,0,0,920117248,0.000000,0.000352,35.472674,0.00,2,5,10,18,16,24,26,14,29,32,36,34,43,43,36,0,0,0,0.0034,0.0571,0.0697,0.0052,0.0263,0.0941,0.0705,6.0887,0.0709,0.0000,1.0714,0.0027,0.0001,0.6331,0.0055,0.0034,0.0002
2878,35.9121,0.0583,10.9219,6.5035,,true,0,0.008333,0.0000,0.0000,1.00,0.00,0.0000,22,1,368,368,0,0,100,0,14,14,0,0,0,368,0,0,920117248,0.000000,0.000352,35.472674,0.00,2,5,10,18,16,24,26,14,29,32,36,34,43,43,36,0,0,0,0.0015,0.0489,0.1447,0.0069,0.0319,0.1042,0.0600,6.5035,0.1029,0.0000,0.8807,0.0055,0.0001,0.4870,0.0087,0.0049,0.0002
2879,35.9228,0.0583,12.2447,5.1130,,true,0,0.008333,0.0000,0.0000,1.00,0.00,0.0000,22,1,368,368,0,0,100,0,14,14,0,0,0,368,0,0,920117248,0.000000,0.000352,35.472674,0.00,2,5,10,18,16,24,26,14,29,32,36,34,43,43,36,0,0,0,0.0014,0.0556,0.0612,0.0058,0.0237,0.0803,0.0556,5.1130,0.0486,0.0000,0.8998,0.0029,0.0001,0.4432,0.0095,0.0031,0.0002
2880,35.9345,0.0583,10.5790,6.1651,,true,0,0.008333,0.0000,0.0000,1.00,0.00,0.0000,22,1,368,368,0,0,100,0,14,14,0,0,0,368,0,0,920117248,0.000000,0.000352,35.472674,0.00,2,5,10,18,16,24,26,14,29,32,36,34,43,43,36,0,0,0,0.0015,0.0625,0.1050,0.0034,0.0190,0.0721,0.0595,6.1651,0.0738,0.0000,1.1259,0.0044,0.0001,0.6596,0.0095,0.0057,0.0002
2881,35.9473,0.0583,12.3988,6.5559,,true,0,0.008333,0.0000,0.0000,1.00,0.00,0.0000,22,1,368,368,0,0,100,0,14,14,0,0,0,368,0,0,920117248,0.000000,0.000352,35.472674,0.00,2,5,10,18,16,24,26,14,29,32,36,34,43,43,36,0,0,0,0.0015,0.0655,0.0789,0.0041,0.0232,0.0764,0.0587,6.5559,0.0722,0.0000,1.1419,0.0037,0.0001,0.6767,0.0088,0.0045,0.0002
2882,35.9619,0.0583,13.2555,7.6094,,true,0,0.008333,0.0000,0.0000,1.00,0.00,0.0000,22,1,368,368,0,0,100,0,14,14,0,0,0,368,0,0,920117248,0.000000,0.000352,35.472674,0.00,2,5,10,18,16,24,26,14,29,32,36,34,43,43,36,0,0,0,0.0014,0.0647,0.0777,0.0049,0.0254,0.0998,0.0571,7.6094,0.0819,0.0000,1.2708,0.0044,0.0001,0.7326,0.0115,0.0072,0.0002
2883,35.9724,0.0583,12.2242,6.1019,,true,0,0.008333,0.0000,0.0000,1.00,0.00,0.0000,22,1,368,368,0,0,100,0,14,14,0,0,0,368,0,0,920117248,0.000000,0.000352,35.472674,0.00,2,5,10,18,16,24,26,14,29,32,36,34,43,43,36,0,0,0,0.0017,0.0636,0.0805,0.0067,0.0242,0.0827,0.0579,6.1019,0.0733,0.0000,1.1506,0.0035,0.0001,0.6443,0.0083,0.0052,0.0002
2884,35.9896,0.0583,12.8499,10.3285,,true,0,0.008333,0.0000,0.0000,1.00,0.00,0.0000,22,1,368,368,0,0,100,0,14,14,0,0,0,368,0,0,920117248,0.000000,0.000352,35.472674,0.00,2,5,10,18,16,24,26,14,29,32,36,34,43,43,36,0,0,0,0.0020,0.0844,0.1004,0.0066,0.0310,0.1155,0.1198,10.3285,0.1158,0.0000,2.5737,0.0051,0.0002,1.4277,0.0145,0.0066,0.0003
2885,35.9999,0.0583,14.3763,6.3149,,true,0,0.008333,0.0000,0.0000,1.00,0.00,0.0000,22,1,368,368,0,0,100,0,14,14,0,0,0,368,0,0,920117248,0.000000,0.000352,35.472674,0.00,2,5,10,18,16,24,26,14,29,32,36,34,43,43,36,0,0,0,0.0020,0.0394,0.0617,0.0030,0.0179,0.0556,0.0391,6.3149,0.0608,0.0000,0.8864,0.0017,0.0001,0.4975,0.0116,0.0026,0.0001
2886,36.0108,0.0583,10.6892,6.5924,,true,0,0.008333,0.0000,0.0000,1.00,0.00,0.0000,22,1,368,368,0,0,100,0,14,14,0,0,0,368,0,0,920117248,0.000000,0.000352,35.472674,0.00,2,5,10,18,16,24,26,14,29,32,36,34,43,43,36,0,0,0,0.0018,0.0576,0.1124,0.0040,0.0237,0.0853,0.0613,6.5924,0.0747,0.0000,1.1989,0.0052,0.0001,0.7018,0.0109,0.0059,0.0002
2887,36.0261,0.0583,14.2586,7.5388,,true,0,0.008333,0.0000,0.0000,1.00,0.00,0.0000,22,1,368,368,0,0,100,0,14,14,0,0,0,368,0,0,920117248,0.000000,0.000352,35.472674,0.00,2,5,10,18,16,24,26,14,29,32,36,34,43,43,36,0,0,0,0.0017,0.0531,0.1038,0.0046,0.0204,0.0819,0.0550,7.5388,0.0831,0.0000,1.3794,0.0073,0.0017,0.6780,0.0332,0.0071,0.0002
2888,36.0380,0.0583,12.1967,7.0534,,true,0,0.008333,0.0000,0.0000,1.00,0.00,0.0000,22,1,368,368,0,0,100,0,14,14,0,0,0,368,0,0,920117248,0.000000,0.000352,35.472674,0.00,2,5,10,18,16,24,26,14,29,32,36,34,43,43,36,0,0,0,0.0023,0.0690,0.0591,0.0041,0.0235,0.1006,0.0409,7.0534,0.0676,0.0000,0.9672,0.0068,0.0001,0.5189,0.0110,0.0064,0.0001
2889,36.0521,0.0583,11.9493,9.3691,,true,0,0.008333,0.0000,0.0000,1.00,0.00,0.0000,22,1,368,368,0,0,100,0,14,14,0,0,0,368,0,0,920117248,0.000000,0.000352,35.472674,0.00,2,5,10,18,16,24,26,14,29,32,36,34,43,43,36,0,0,0,0.0015,0.0628,0.0903,0.0056,0.0248,0.0879,0.0615,9.3691,0.1177,0.0000,1.1879,0.0035,0.0001,0.7038,0.0091,0.0058,0.0002
2890,36.0655,0.0583,15.0230,7.5321,,true,0,0.008333,0.0000,0.0000,1.00,0.00,0.0000,22,1,368,368,0,0,100,0,14,14,0,0,0,368,0,0,920117248,0.000000,0.000352,35.472674,0.00,2,5,10,18,16,24,26,14,29,32,36,34,43,43,36,0,0,0,0.0015,0.0650,0.0746,0.0063,0.0293,0.0895,0.0529,7.5321,0.0698,0.0000,1.1144,0.0037,0.0001,0.6502,0.0083,0.0064,0.0002
2891,36.0765,0.0583,11.3203,7.2855,,true,0,0.008333,0.0000,0.0000,1.00,0.00,0.0000,22,1,368,368,0,0,100,0,14,14,0,0,0,368,0,0,920117248,0.000000,0.000352,35.472674,0.00,2,5,10,18,16,24,26,14,29,32,36,34,43,43,36,0,0,0,0.0013,0.0637,0.0835,0.0047,0.0249,0.0890,0.0584,7.2855,0.0829,0.0000,1.1820,0.0056,0.0002,0.6800,0.0088,0.0086,0.0002
2892,36.0895,0.0583,13.2959,7.1129,,true,0,0.008333,0.0000,0.0000,1.00,0.00,0.0000,22,1,368,368,0,0,100,0,14,14,0,0,0,368,0,0,920117248,0.000000,0.000352,35.472674,0.00,2,5,10,18,16,24,26,14,29,32,36,34,43,43,36,0,0,0,0.0013,0.0663,0.0733,0.0048,0.0225,0.1269,0.0524,7.1129,0.0638,0.0000,0.9648,0.0042,0.0001,0.5340,0.0093,0.0101,0.0002
2893,36.1005,0.0583,11.6370,6.4195,,true,0,0.008333,0.0000,0.0000,1.00,0.00,0.0000,22,1,368,368,0,0,100,0,14,14,0,0,0,368,0,0,920117248,0.000000,0.000352,35.472674,0.00,2,5,10,18,16,24,26,14,29,32,36,34,43,43,36,0,0,0,0.0014,0.0534,0.0696,0.0047,0.0387,0.0883,0.0529,6.4195,0.1006,0.0000,1.1627,0.0048,0.0001,0.6735,0.0112,0.0061,0.0002
2894,36.1143,0.0583,12.1496,8.0649,,true,1,0.008333,0.0000,0.0083,1.00,0.00,0.0000,22,1,368,368,0,0,100,0,14,14,0,0,0,368,0,0,920117248,0.000000,0.000352,35.829442,0.00,2,5,10,18,16,24,26,14,29,32,36,34,43,43,36,0,0,0,0.0016,0.0696,0.0896,0.0033,0.0225,0.2434,0.0729,8.0649,0.0951,0.0000,1.2462,0.0048,0.0001,0.7019,0.0181,0.0043,0.0002
2895,36.1264,0.0583,13.5756,6.6332,,true,0,0.008333,0.0000,0.0000,1.00,0.00,0.0000,22,1,368,368,0,0,100,0,14,14,0,0,0,368,0,0,920117248,0.000000,0.000352,35.829442,0.00,2,5,10,18,16,24,26,14,29,32,36,34,43,43,36,0,0,0,0.0017,0.0521,0.0735,0.0040,0.0200,0.0721,0.0627,6.6332,0.0742,0.0000,1.1189,0.0030,0.0001,0.6709,0.0106,0.0052,0.0002
2896,36.1393,0.0583,11.8871,7.5035,,true,0,0.008333,0.0000,0.0000,1.00,0.00,0.0000,22,1,368,368,0,0,100,0,14,14,0,0,0,368,0,0,920117248,0.000000,0.000352,35.829442,0.00,2,5,10,18,16,24,26,14,29,32,36,34,43,43,36,0,0,0,0.0033,0.0533,0.0790,0.0050,0.0218,0.0902,0.0546,7.5035,0.0625,0.0000,1.1764,0.0053,0.0001,0.6901,0.0108,0.0069,0.0002
2897,36.1537,0.0583,13.1683,8.7996,,true,0,0.008333,0.0000,0.0000,1.00,0.00,0.0000,22,1,368,368,0,0,100,0,14,14,0,0,0,368,0,0,920117248,0.000000,0.000352,35.829442,0.00,2,5,10,18,16,24,26,14,29,32,36,34,43,43,36,0,0,0,0.0014,0.0676,0.0778,0.0056,0.0251,0.0888,0.0578,8.7996,0.0790,0.0000,1.2325,0.0051,0.0001,0.7116,0.0096,0.0069,0.0002
2898,36.1640,0.0583,12.5614,6.7287,,true,0,0.008333,0.0000,0.0000,1.00,0.00,0.0000,22,1,368,368,0,0,100,0,14,14,0,0,0,368,0,0,920117248,0.000000,0.000352,35.829442,0.00,2,5,10,18,16,24,26,14,29,32,36,34,43,43,36,0,0,0,0.0015,0.0551,0.0771,0.0047,0.0251,0.0722,0.0543,6.7287,0.0777,0.0000,1.4912,0.0032,0.0001,1.0333,0.0082,0.0044,0.0002
2899,36.1780,0.0583,12.4891,8.0793,,true,0,0.008333,0.0000,0.0000,1.00,0.00,0.0000,22,1,368,368,0,0,100,0,14,14,0,0,0,368,0,0,920117248,0.000000,0.000352,35.829442,0.00,2,5,10,18,16,24,26,14,29,32,36,34,43,43,36,0,0,0,0.0015,0.0592,0.0876,0.0055,0.0241,0.0962,0.0558,8.0793,0.0940,0.0000,1.1903,0.0034,0.0001,0.6790,0.0106,0.0050,0.0002
2900,36.1919,0.0583,12.8034,9.0881,,true,0,0.008333,0.0000,0.0000,1.00,0.00,0.0000,22,1,368,368,0,0,100,0,14,14,0,0,0,368,0,0,920117248,0.000000,0.000352,35.829442,0.00,2,5,10,18,16,24,26,14,29,32,36,34,43,43,36,0,0,0,0.0016,0.0665,0.0639,0.0043,0.0238,0.0906,0.0496,9.0881,0.0653,0.0000,0.9327,0.0050,0.0001,0.5015,0.0088,0.0065,0.0001
2901,36.2044,0.0583,13.7283,7.8135,,true,0,0.008333,0.0000,0.0000,1.00,0.00,0.0000,22,1,368,368,0,0,100,0,14,14,0,0,0,368,0,0,920117248,0.000000,0.000352,35.829442,0.00,2,5,10,18,16,24,26,14,29,32,36,34,43,43,36,0,0,0,0.0026,0.0615,0.0797,0.0057,0.0300,0.0776,0.0662,7.8135,0.0868,0.0000,1.1871,0.0046,0.0001,0.6533,0.0074,0.0055,0.0002
2902,36.2144,0.0583,11.2356,6.7618,,true,0,0.008333,0.0000,0.0000,1.00,0.00,0.0000,22,1,368,368,0,0,100,0,14,14,0,0,0,368,0,0,920117248,0.000000,0.000352,35.829442,0.00,2,5,10,18,16,24,26,14,29,32,36,34,43,43,36,0,0,0,0.0014,0.0610,0.0793,0.0051,0.0240,0.0858,0.0659,6.7618,0.0516,0.0000,1.3062,0.0049,0.0001,0.7690,0.0323,0.0047,0.0002
2903,36.2295,0.0583,14.5866,7.3442,,true,0,0.008333,0.0000,0.0000,1.00,0.00,0.0000,22,1,368,368,0,0,100,0,14,14,0,0,0,368,0,0,920117248,0.000000,0.000352,35.829442,0.00,2,5,10,18,16,24,26,14,29,32,36,34,43,43,36,0,0,0,0.0013,0.0518,0.0637,0.0056,0.0244,0.0558,0.0443,7.3442,0.0633,0.0000,0.9221,0.0047,0.0001,0.5135,0.0105,0.0062,0.0001
2904,36.2413,0.0583,11.7208,7.2117,,true,0,0.008333,0.0000,0.0000,1.00,0.00,0.0000,22,1,368,368,0,0,100,0,14,14,0,0,0,368,0,0,920117248,0.000000,0.000352,35.829442,0.00,2,5,10,18,16,24,26,14,29,32,36,34,43,43,36,0,0,0,0.0018,0.0532,0.0730,0.0045,0.0238,0.0836,0.0704,7.2117,0.1289,0.0000,1.1272,0.0052,0.0001,0.6533,0.0087,0.0069,0.0002
2905,36.2530,0.0583,11.9583,6.9735,,true,0,0.008333,0.0000,0.0000,1.00,0.00,0.0000,22,1,368,368,0,0,100,0,14,14,0,0,0,368,0,0,920117248,0.000000,0.000352,35.829442,0.00,2,5,10,18,16,24,26,14,29,32,36,34,43,43,36,0,0,0,0.0023,0.0571,0.0652,0.0050,0.0265,0.0777,0.0607,6.9735,0.0844,0.0000,0.8850,0.0042,0.0001,0.4922,0.0073,0.0041,0.0001
2906,36.2695,0.0583,14.8926,8.5089,,true,0,0.008333,0.0000,0.0000,1.00,0.00,0.0000,22,1,368,368,0,0,100,0,14,14,0,0,0,368,0,0,920117248,0.000000,0.000352,35.829442,0.00,2,5,10,18,16,24,26,14,29,32,36,34,43,43,36,0,0,0,0.0018,0.0736,0.0790,0.0020,0.0158,0.0661,0.0617,8.5089,0.0515,0.0000,1.4073,0.0027,0.0002,0.7866,0.0093,0.0035,0.0003
2907,36.2774,0.0583,11.3215,5.4355,,true,0,0.008333,0.0000,0.0000,1.00,0.00,0.0000,22,1,368,368,0,0,100,0,14,14,0,0,0,368,0,0,920117248,0.000000,0.000352,35.829442,0.00,2,5,10,18,16,24,26,14,29,32,36,34,43,43,36,0,0,0,0.0047,0.0373,0.0533,0.0044,0.0153,0.0561,0.0512,5.4355,0.0508,0.0000,0.7820,0.0031,0.0001,0.4639,0.0058,0.0042,0.0001
2908,36.2906,0.0583,11.2608,7.3488,,true,0,0.008333,0.0000,0.0000,1.00,0.00,0.0000,22,1,368,368,0,0,100,0,14,14,0,0,0,368,0,0,920117248,0.000000,0.000352,35.829442,0.00,2,5,10,18,16,24,26,14,29,32,36,34,43,43,36,0,0,0,0.0031,0.0846,0.0903,0.0058,0.0292,0.0934,0.1162,7.3488,0.1216,0.0000,1.1831,0.0042,0.0001,0.6819,0.0075,0.0049,0.0002
2909,36.3049,0.0583,13.5579,7.6479,,true,0,0.008333,0.0000,0.0000,1.00,0.00,0.0000,22,1,368,368,0,0,100,0,14,14,0,0,0,368,0,0,920117248,0.000000,0.000352,35.829442,0.00,2,5,10,18,16,24,26,14,29,32,36,34,43,43,36,0,0,0,0.0018,0.0562,0.0738,0.0053,0.0240,0.0777,0.0568,7.6479,0.0663,0.0000,1.1411,0.0043,0.0001,0.6630,0.0094,0.0069,0.0002
2910,36.3193,0.0583,12.8123,9.2221,,true,1,0.008333,0.0000,0.0083,1.00,0.00,0.0000,22,1,368,368,0,0,100,0,14,14,0,0,0,368,0,0,920117248,0.000000,0.000352,36.032892,0.00,2,5,10,18,16,24,26,14,29,32,36,34,43,43,36,0,0,0,0.0016,0.0617,0.1250,0.0056,0.0278,0.3053,0.0605,9.2221,0.1016,0.0000,1.0438,0.0073,0.0001,0.5698,0.0104,0.0078,0.0002
2911,36.3342,0.0583,14.2310,10.1760,,true,0,0.008333,0.0000,0.0000,1.00,0.00,0.0000,22,1,368,368,0,0,100,0,14,14,0,0,0,368,0,0,920117248,0.000000,0.000352,36.032892,0.00,2,5,10,18,16,24,26,14,29,32,36,34,43,43,36,0,0,0,0.0015,0.0493,0.0852,0.0046,0.0195,0.0898,0.0491,10.1760,0.0984,0.0000,1.0522,0.0053,0.0001,0.5346,0.0511,0.0174,0.0001
2912,36.3487,0.0583,14.6489,9.8760,,true,0,0.008333,0.0000,0.0000,1.00,0.00,0.0000,22,1,368,368,0,0,100,0,14,14,0,0,0,368,0,0,920117248,0.000000,0.000352,36.032892,0.00,2,5,10,18,16,24,26,14,29,32,36,34,43,43,36,0,0,0,0.0015,0.0821,0.1031,0.0040,0.0216,0.0883,0.0715,9.8760,0.1156,0.0000,1.4375,0.0053,0.0001,0.8520,0.0114,0.0079,0.0002
2913,36.3622,0.0583,15.2290,7.4225,,true,0,0.008333,0.0000,0.0000,1.00,0.00,0.0000,22,1,368,368,0,0,100,0,14,14,0,0,0,368,0,0,920117248,0.000000,0.000352,36.032892,0.00,2,5,10,18,16,24,26,14,29,32,36,34,43,43,36,0,0,0,0.0019,0.0634,0.0829,0.0057,0.0289,0.0937,0.0511,7.4225,0.0756,0.0000,1.0922,0.0036,0.0001,0.6414,0.0075,0.0049,0.0002
2914,36.3756,0.0583,12.6802,8.6791,,true,0,0.008333,0.0000,0.0000,1.00,0.00,0.0000,22,1,368,368,0,0,100,0,14,14,0,0,0,368,0,0,920117248,0.000000,0.000352,36.032892,0.00,2,5,10,18,16,24,26,14,29,32,36,34,43,43,36,0,0,0,0.0019,0.0894,0.0818,0.0061,0.0261,0.2317,0.0676,8.6791,0.0784,0.0000,1.1544,0.0051,0.0002,0.6478,0.0085,0.0078,0.0002
2915,36.3913,0.0583,13.1278,11.6816,,true,0,0.008333,0.0000,0.0000,1.00,0.00,0.0000,22,1,368,368,0,0,100,0,14,14,0,0,0,368,0,0,920117248,0.000000,0.000352,36.032892,0.00,2,5,10,18,16,24,26,14,29,32,36,34,43,43,36,0,0,0,0.0020,0.0750,0.0823,0.0088,0.0687,0.1242,0.0463,11.6816,0.1299,0.0000,1.3506,0.0040,0.0001,0.8302,0.0078,0.0060,0.0001
2916,36.4053,0.0583,16.0002,8.7013,,true,0,0.008333,0.0000,0.0000,1.00,0.00,0.0000,22,1,368,368,0,0,100,0,14,14,0,0,0,368,0,0,920117248,0.000000,0.000352,36.032892,0.00,2,5,10,18,16,24,26,14,29,32,36,34,43,43,36,0,0,0,0.0014,0.0624,0.1065,0.0052,0.0226,0.0903,0.0571,8.7013,0.0967,0.0000,1.2261,0.0074,0.0002,0.7355,0.0071,0.0059,0.0002
2917,36.4191,0.0583,12.6564,10.3946,,true,0,0.008333,0.0000,0.0000,1.00,0.00,0.0000,22,1,368,368,0,0,100,0,14,14,0,0,0,368,0,0,920117248,0.000000,0.000352,36.032892,0.00,2,5,10,18,16,24,26,14,29,32,36,34,43,43,36,0,0,0,0.0022,0.0769,0.0828,0.0085,0.0451,0.1002,0.0682,10.3946,0.0866,0.0000,1.3849,0.0027,0.0001,0.7366,0.0230,0.0040,0.0003
2918,36.4339,0.0583,14.7210,9.8262,,true,0,0.008333,0.0000,0.0000,1.00,0.00,0.0000,22,1,368,368,0,0,100,0,14,14,0,0,0,368,0,0,920117248,0.000000,0.000352,36.032892,0.00,2,5,10,18,16,24,26,14,29,32,36,34,43,43,36,0,0,0,0.0017,0.0627,0.1319,0.0087,0.0542,0.2002,0.0823,9.8262,0.2456,0.0000,1.2428,0.0051,0.0002,0.6632,0.0135,0.0056,0.0003
2919,36.4453,0.0583,13.0068,9.2738,,true,0,0.008333,0.0000,0.0000,1.00,0.00,0.0000,22,1,368,368,0,0,100,0,14,14,0,0,0,368,0,0,920117248,0.000000,0.000352,36.032892,0.00,2,5,10,18,16,24,26,14,29,32,36,34,43,43,36,0,0,0,0.0014,0.0633,0.1214,0.0044,0.0379,0.0804,0.0583,9.2738,0.2152,0.0000,1.2726,0.0050,0.0001,0.7637,0.0106,0.0067,0.0002
2920,36.4614,0.0583,15.5738,9.3246,,true,0,0.008333,0.0000,0.0000,1.00,0.00,0.0000,22,1,368,368,0,0,100,0,14,14,0,0,0,368,0,0,920117248,0.000000,0.000352,36.032892,0.00,2,5,10,18,16,24,26,14,29,32,36,34,43,43,36,0,0,0,0.0017,0.0836,0.0752,0.0079,0.0337,0.1118,0.0586,9.3246,0.0719,0.0000,1.2120,0.0045,0.0001,0.7007,0.0088,0.0074,0.0002
2921,36.4764,0.0583,15.3180,9.3028,,true,0,0.008333,0.0000,0.0000,1.00,0.00,0.0000,22,1,368,368,0,0,100,0,14,14,0,0,0,368,0,0,920117248,0.000000,0.000352,36.032892,0.00,2,5,10,18,16,24,26,14,29,32,36,34,43,43,36,0,0,0,0.0014,0.0712,0.0804,0.0052,0.0305,0.1172,0.0549,9.3028,0.1094,0.0000,1.2287,0.0052,0.0002,0.6856,0.0096,0.0059,0.0002
2922,36.4885,0.0583,13.3949,7.8149,,true,0,0.008333,0.0000,0.0000,1.00,0.00,0.0000,22,1,368,368,0,0,100,0,14,14,0,0,0,368,0,0,920117248,0.000000,0.000352,36.032892,0.00,2,5,10,18,16,24,26,14,29,32,36,34,43,43,36,0,0,0,0.0009,0.0584,0.0718,0.0051,0.0255,0.0800,0.0394,7.8149,0.0719,0.0000,0.8503,0.0045,0.0001,0.4688,0.0071,0.0046,0.0001
2923,36.5058,0.0583,13.2809,9.1297,,true,0,0.008333,0.0000,0.0000,1.00,0.00,0.0000,22,1,368,368,0,0,100,0,14,14,0,0,0,368,0,0,920117248,0.000000,0.000352,36.032892,0.00,2,5,10,18,16,24,26,14,29,32,36,34,43,43,36,0,0,0,0.0205,0.1224,0.0826,0.0073,0.0221,0.0908,0.1110,9.1297,0.0904,0.0000,1.1119,0.0047,0.0001,0.6488,0.0126,0.0068,0.0002
2924,36.5177,0.0583,15.0773,8.2581,,true,0,0.008333,0.0000,0.0000,1.00,0.00,0.0000,22,1,368,368,0,0,100,0,14,14,0,0,0,368,0,0,920117248,0.000000,0.000352,36.032892,0.00,2,5,10,18,16,24,26,14,29,32,36,34,43,43,36,0,0,0,0.0010,0.0602,0.0728,0.0080,0.0277,0.0867,0.0474,8.2581,0.0775,0.0000,0.9397,0.0051,0.0001,0.5208,0.0115,0.0107,0.0001
2925,36.5362,0.0583,14.3860,12.4823,,true,0,0.008333,0.0000,0.0000,1.00,0.00,0.0000,22,1,368,368,0,0,100,0,14,14,0,0,0,368,0,0,920117248,0.000000,0.000352,36.032892,0.00,2,5,10,18,16,24,26,14,29,32,36,34,43,43,36,0,0,0,0.0019,0.0628,0.1137,0.0059,0.0314,0.1129,0.0623,12.4823,0.1438,0.0000,1.3784,0.0065,0.0002,0.7982,0.0108,0.0077,0.0002
2926,36.5480,0.0583,16.1010,8.5983,,true,0,0.008333,0.0000,0.0000,1.00,0.00,0.0000,22,1,368,368,0,0,100,0,14,14,0,0,0,368,0,0,920117248,0.000000,0.000352,36.032892,0.00,2,5,10,18,16,24,26,14,29,32,36,34,43,43,36,0,0,0,0.0020,0.0811,0.1079,0.0047,0.0210,0.0897,0.0841,8.5983,0.1062,0.0000,1.8112,0.0057,0.0002,0.9167,0.0115,0.0058,0.0003
2927,36.5633,0.0583,12.7889,10.6699,,true,0,0.008333,0.0000,0.0000,1.00,0.00,0.0000,22,1,368,368,0,0,100,0,14,14,0,0,0,368,0,0,920117248,0.000000,0.000352,36.032892,0.00,2,5,10,18,16,24,26,14,29,32,36,34,43,43,36,0,0,0,0.0031,0.2017,0.2898,0.0178,0.0345,0.1571,0.1367,10.6699,0.1446,0.0000,1.8823,0.0054,0.0002,1.0938,0.0092,0.0064,0.0003
2928,36.5784,0.0583,15.0728,9.9123,,true,0,0.008333,0.0000,0.0000,1.00,0.00,0.0000,22,1,368,368,0,0,100,0,14,14,0,0,0,368,0,0,920117248,0.000000,0.000352,36.032892,0.00,2,5,10,18,16,24,26,14,29,32,36,34,43,43,36,0,0,0,0.0020,0.0794,0.0860,0.0055,0.0763,0.0977,0.0550,9.9123,0.1017,0.0000,0.9209,0.0042,0.0001,0.5208,0.0047,0.0063,0.0001
2929,36.5909,0.0583,14.2370,9.4338,,true,0,0.008333,0.0000,0.0000,1.00,0.00,0.0000,22,1,368,368,0,0,100,0,14,14,0,0,0,368,0,0,920117248,0.000000,0.000352,36.032892,0.00,2,5,10,18,16,24,26,14,29,32,36,34,43,43,36,0,0,0,0.0027,0.0777,0.0726,0.0047,0.0214,0.0753,0.0853,9.4338,0.0684,0.0000,1.1727,0.0045,0.0001,0.6665,0.0088,0.0049,0.0002
2930,36.6213,0.0583,14.2179,25.6174,,true,0,0.008333,0.0000,0.0000,1.00,0.00,0.0000,22,1,368,368,0,0,100,0,14,14,0,0,0,368,0,0,920117248,0.000000,0.000352,36.032892,0.00,2,5,10,18,16,24,26,14,29,32,36,34,43,43,36,0,0,0,0.0017,0.0653,0.1461,0.0052,0.0281,0.0976,0.0600,25.6174,0.1436,0.0000,18.6078,0.0655,1.9530,0.7526,0.0827,0.0231,14.9332
2931,36.6312,0.0583,11.5649,8.2861,,true,0,0.008333,0.0000,0.0000,1.00,0.00,0.0000,22,1,368,368,0,0,100,0,14,14,0,0,0,368,0,0,920117248,0.000000,0.000352,36.032892,0.00,2,5,10,18,16,24,26,14,29,32,36,34,43,43,36,0,0,0,0.0034,0.1302,0.1772,0.0096,0.0289,0.0803,0.0979,8.2861,0.0798,0.0000,0.9442,0.0068,0.0001,0.5059,0.0099,0.0100,0.0002
2932,36.6421,0.0583,27.5502,7.5216,,true,0,0.008333,0.0000,0.0000,1.00,0.00,0.0000,22,1,368,368,0,0,100,0,14,14,0,0,0,368,0,0,920117248,0.000000,0.000352,36.032892,0.00,2,5,10,18,16,24,26,14,29,32,36,34,43,43,36,0,0,0,0.0016,0.0552,0.0620,0.0070,0.0625,0.0800,0.0648,7.5216,0.0835,0.0000,0.9284,0.0048,0.0001,0.5382,0.0083,0.0054,0.0002
2933,36.6541,0.0583,8.9098,9.7969,,true,0,0.008333,0.0000,0.0000,1.00,0.00,0.0000,22,1,368,368,0,0,100,0,14,14,0,0,0,368,0,0,920117248,0.000000,0.000352,36.032892,0.00,2,5,10,18,16,24,26,14,29,32,36,34,43,43,36,0,0,0,0.0019,0.0602,0.1092,0.0034,0.0153,0.0533,0.0592,9.7969,0.1278,0.0000,1.8045,0.0140,0.0001,0.9354,0.0110,0.0266,0.0002
2934,36.6687,0.0583,12.1055,11.6621,,true,0,0.008333,0.0000,0.0000,1.00,0.00,0.0000,22,1,368,368,0,0,100,0,14,14,0,0,0,368,0,0,920117248,0.000000,0.000352,36.032892,0.00,2,5,10,18,16,24,26,14,29,32,36,34,43,43,36,0,0,0,0.0016,0.0691,0.1030,0.0045,0.0284,0.3224,0.0593,11.6621,0.0947,0.0000,1.0564,0.0024,0.0001,0.5813,0.0059,0.0033,0.0003
2935,36.6803,0.0583,15.6465,8.8801,,true,1,0.008333,0.0000,0.0083,1.00,0.00,0.0000,22,1,368,368,0,0,100,0,14,14,0,0,0,368,0,0,920117248,0.000000,0.000352,36.390009,0.00,2,5,10,18,16,24,26,14,29,32,36,34,43,43,36,0,0,0,0.0019,0.0976,0.0994,0.0115,0.0759,0.4224,0.1387,8.8801,0.0455,0.0000,1.3983,0.0065,0.0002,0.7570,0.0269,0.0084,0.0002
2936,36.6929,0.0583,11.4346,10.0971,,true,0,0.008333,0.0000,0.0000,1.00,0.00,0.0000,22,1,368,368,0,0,100,0,14,14,0,0,0,368,0,0,920117248,0.000000,0.000352,36.390009,0.00,2,5,10,18,16,24,26,14,29,32,36,34,43,43,36,0,0,0,0.0027,0.0489,0.3359,0.0045,0.0520,0.0857,0.0667,10.0971,0.2327,0.0000,0.9838,0.0038,0.0001,0.5583,0.0089,0.0056,0.0001
2937,36.7070,0.0583,13.7563,9.6495,,true,0,0.008333,0.0000,0.0000,1.00,0.00,0.0000,22,1,368,368,0,0,100,0,14,14,0,0,0,368,0,0,920117248,0.000000,0.000352,36.390009,0.00,2,5,10,18,16,24,26,14,29,32,36,34,43,43,36,0,0,0,0.0018,0.0623,0.1817,0.0054,0.0322,0.1076,0.1261,9.6495,0.1404,0.0000,1.3355,0.0045,0.0001,0.7914,0.0087,0.0059,0.0002
2938,36.7188,0.0583,13.6794,8.2883,,true,0,0.008333,0.0000,0.0000,1.00,0.00,0.0000,22,1,368,368,0,0,100,0,14,14,0,0,0,368,0,0,920117248,0.000000,0.000352,36.390009,0.00,2,5,10,18,16,24,26,14,29,32,36,34,43,43,36,0,0,0,0.0018,0.0768,0.0709,0.0058,0.0266,0.1067,0.0651,8.2883,0.0823,0.0000,1.4087,0.0057,0.0002,0.6696,0.0178,0.0067,0.0003
2939,36.7314,0.0583,12.7399,8.4198,,true,0,0.008333,0.0000,0.0000,1.00,0.00,0.0000,22,1,368,368,0,0,100,0,14,14,0,0,0,368,0,0,920117248,0.000000,0.000352,36.390009,0.00,2,5,10,18,16,24,26,14,29,32,36,34,43,43,36,0,0,0,0.0019,0.0671,0.1158,0.0046,0.0246,0.0774,0.0597,8.4198,0.0868,0.0000,1.3090,0.0043,0.0001,0.8092,0.0087,0.0062,0.0002
2940,36.7439,0.0583,13.2021,7.4828,,true,0,0.008333,0.0000,0.0000,1.00,0.00,0.0000,22,1,368,368,0,0,100,0,14,14,0,0,0,368,0,0,920117248,0.000000,0.000352,36.390009,0.00,2,5,10,18,16,24,26,14,29,32,36,34,43,43,36,0,0,0,0.0019,0.0818,0.0723,0.0061,0.0257,0.0889,0.0566,7.4828,0.0720,0.0000,1.1835,0.0049,0.0001,0.6611,0.0097,0.0071,0.0002
2941,36.7589,0.0583,12.4422,9.8277,,true,0,0.008333,0.0000,0.0000,1.00,0.00,0.0000,22,1,368,368,0,0,100,0,14,14,0,0,0,368,0,0,920117248,0.000000,0.000352,36.390009,0.00,2,5,10,18,16,24,26,14,29,32,36,34,43,43,36,0,0,0,0.0021,0.0925,0.0810,0.0065,0.0304,0.0916,0.0666,9.8277,0.0815,0.0000,1.2630,0.0053,0.0002,0.6991,0.0074,0.0081,0.0002
2942,36.7732,0.0583,14.7493,9.6364,,true,0,0.008333,0.0000,0.0000,1.00,0.00,0.0000,22,1,368,368,0,0,100,0,14,14,0,0,0,368,0,0,920117248,0.000000,0.000352,36.390009,0.00,2,5,10,18,16,24,26,14,29,32,36,34,43,43,36,0,0,0,0.0022,0.1073,0.0936,0.0055,0.0245,0.0947,0.0707,9.6364,0.0783,0.0000,1.3018,0.0052,0.0001,0.6029,0.0129,0.0082,0.0004
2943,36.7864,0.0583,14.5815,8.5346,,true,0,0.008333,0.0000,0.0000,1.00,0.00,0.0000,22,1,368,368,0,0,100,0,14,14,0,0,0,368,0,0,920117248,0.000000,0.000352,36.390009,0.00,2,5,10,18,16,24,26,14,29,32,36,34,43,43,36,0,0,0,0.0018,0.0733,0.0765,0.0045,0.0274,0.0925,0.0571,8.5346,0.0701,0.0000,1.1721,0.0042,0.0002,0.6972,0.0080,0.0071,0.0002
2944,36.7983,0.0583,11.6958,8.2901,,true,0,0.008333,0.0000,0.0000,1.00,0.00,0.0000,22,1,368,368,0,0,100,0,14,14,0,0,0,368,0,0,920117248,0.000000,0.000352,36.390009,0.00,2,5,10,18,16,24,26,14,29,32,36,34,43,43,36,0,0,0,0.0017,0.0707,0.0658,0.0044,0.0273,0.1138,0.0485,8.2901,0.0733,0.0000,0.9876,0.0043,0.0001,0.5236,0.0098,0.0060,0.0001
2945,36.8119,0.0583,13.2382,9.0359,,true,0,0.008333,0.0000,0.0000,1.00,0.00,0.0000,22,1,368,368,0,0,100,0,14,14,0,0,0,368,0,0,920117248,0.000000,0.000352,36.390009,0.00,2,5,10,18,16,24,26,14,29,32,36,34,43,43,36,0,0,0,0.0020,0.1083,0.0947,0.0055,0.0272,0.0814,0.0601,9.0359,0.1400,0.0000,1.3396,0.0060,0.0001,0.7194,0.0113,0.0074,0.0002
2946,36.8263,0.0583,14.3381,9.0373,,true,0,0.008333,0.0000,0.0000,1.00,0.00,0.0000,22,1,368,368,0,0,100,0,14,14,0,0,0,368,0,0,920117248,0.000000,0.000352,36.390009,0.00,2,5,10,18,16,24,26,14,29,32,36,34,43,43,36,0,0,0,0.0022,0.0646,0.0757,0.0063,0.0276,0.0789,0.0590,9.0373,0.0725,0.0000,1.2668,0.0058,0.0001,0.6517,0.0078,0.0071,0.0002
2947,36.8448,0.0583,17.1335,9.3185,,true,0,0.008333,0.0000,0.0000,1.00,0.00,0.0000,22,1,368,368,0,0,100,0,14,14,0,0,0,368,0,0,920117248,0.000000,0.000352,36.390009,0.00,2,5,10,18,16,24,26,14,29,32,36,34,43,43,36,0,0,0,0.0036,0.2491,0.1406,0.0059,0.0316,0.1458,0.0714,9.3185,0.1408,0.0000,1.4658,0.0058,0.0002,0.8022,0.0125,0.0084,0.0002
2948,36.8579,0.0583,11.8946,11.0775,,true,0,0.008333,0.0000,0.0000,1.00,0.00,0.0000,22,1,368,368,0,0,100,0,14,14,0,0,0,368,0,0,920117248,0.000000,0.000352,36.390009,0.00,2,5,10,18,16,24,26,14,29,32,36,34,43,43,36,0,0,0,0.0021,0.1167,0.1160,0.0086,0.0416,0.1194,0.0715,11.0775,0.1462,0.0000,1.5170,0.0043,0.0002,0.8032,0.0099,0.0063,0.0003
2949,36.8717,0.0583,15.8501,8.8749,,true,0,0.008333,0.0000,0.0000,1.00,0.00,0.0000,22,1,368,368,0,0,100,0,14,14,0,0,0,368,0,0,920117248,0.000000,0.000352,36.390009,0.00,2,5,10,18,16,24,26,14,29,32,36,34,43,43,36,0,0,0,0.0024,0.0659,0.1317,0.0050,0.0208,0.0853,0.0715,8.8749,0.1354,0.0000,1.5121,0.0027,0.0002,0.9747,0.0142,0.0033,0.0002
2950,36.8816,0.0583,12.0337,7.3703,,true,0,0.008333,0.0000,0.0000,1.00,0.00,0.0000,22,1,368,368,0,0,100,0,14,14,0,0,0,368,0,0,920117248,0.000000,0.000352,36.390009,0.00,2,5,10,18,16,24,26,14,29,32,36,34,43,43,36,0,0,0,0.0014,0.0582,0.0743,0.0042,0.0220,0.0759,0.0518,7.3703,0.0753,0.0000,1.1000,0.0034,0.0001,0.6599,0.0099,0.0056,0.0002
2951,36.8940,0.0583,12.0892,7.3947,,true,0,0.008333,0.0000,0.0000,1.00,0.00,0.0000,22,1,368,368,0,0,100,0,14,14,0,0,0,368,0,0,920117248,0.000000,0.000352,36.390009,0.00,2,5,10,18,16,24,26,14,29,32,36,34,43,43,36,0,0,0,0.0016,0.0574,0.0870,0.0049,0.0244,0.0965,0.0563,7.3947,0.1029,0.0000,1.1514,0.0048,0.0001,0.6781,0.0095,0.0048,0.0002
2952,36.9092,0.0583,13.8487,9.2543,,true,0,0.008333,0.0000,0.0000,1.00,0.00,0.0000,22,1,368,368,0,0,100,0,14,14,0,0,0,368,0,0,920117248,0.000000,0.000352,36.390009,0.00,2,5,10,18,16,24,26,14,29,32,36,34,43,43,36,0,0,0,0.0016,0.0622,0.0747,0.0044,0.0252,0.0805,0.0562,9.2543,0.0791,0.0000,1.0769,0.0037,0.0001,0.6328,0.0088,0.0052,0.0002
2953,36.9239,0.0583,16.0054,7.7295,,true,0,0.008333,0.0000,0.0000,1.00,0.00,0.0000,22,1,368,368,0,0,100,0,14,14,0,0,0,368,0,0,920117248,0.000000,0.000352,36.390009,0.00,2,5,10,18,16,24,26,14,29,32,36,34,43,43,36,0,0,0,0.0017,0.0572,0.1221,0.0039,0.0236,0.1501,0.0518,7.7295,0.1505,0.0000,1.0739,0.0022,0.0001,0.6302,0.0071,0.0027,0.0002
2954,36.9346,0.0583,10.6272,7.8774,,true,0,0.008333,0.0000,0.0000,1.00,0.00,0.0000,22,1,368,368,0,0,100,0,14,14,0,0,0,368,0,0,920117248,0.000000,0.000352,36.390009,0.00,2,5,10,18,16,24,26,14,29,32,36,34,43,43,36,0,0,0,0.0017,0.0538,0.0781,0.0063,0.0260,0.0837,0.0694,7.8774,0.0628,0.0000,1.0747,0.0037,0.0001,0.6267,0.0080,0.0052,0.0002
2955,36.9520,0.0583,15.4314,9.8598,,true,0,0.008333,0.0000,0.0000,1.00,0.00,0.0000,22,1,368,368,0,0,100,0,14,14,0,0,0,368,0,0,920117248,0.000000,0.000352,36.390009,0.00,2,5,10,18,16,24,26,14,29,32,36,34,43,43,36,0,0,0,0.0021,0.0610,0.0700,0.0064,0.0288,0.0998,0.0842,9.8598,0.0773,0.0000,1.1084,0.0041,0.0001,0.5971,0.0065,0.0063,0.0002
2956,36.9642,0.0583,14.4667,7.5919,,true,0,0.008333,0.0000,0.0000,1.00,0.00,0.0000,22,1,368,368,0,0,100,0,14,14,0,0,0,368,0,0,920117248,0.000000,0.000352,36.390009,0.00,2,5,10,18,16,24,26,14,29,32,36,34,43,43,36,0,0,0,0.0015,0.0678,0.1115,0.0048,0.0238,0.0799,0.0532,7.5919,0.1148,0.0000,1.3516,0.0048,0.0001,0.7798,0.0073,0.0047,0.0002
2957,36.9747,0.0583,10.0185,7.8097,,true,0,0.008333,0.0000,0.0000,1.00,0.00,0.0000,22,1,368,368,0,0,100,0,14,14,0,0,0,368,0,0,920117248,0.000000,0.000352,36.390009,0.00,2,5,10,18,16,24,26,14,29,32,36,34,43,43,36,0,0,0,0.0014,0.0536,0.1385,0.0056,0.0344,0.1234,0.0499,7.8097,0.1460,0.0000,1.1060,0.0050,0.0001,0.6577,0.0084,0.0062,0.0002
2958,36.9894,0.0583,14.7124,8.0225,,true,1,0.008333,0.0000,0.0083,1.00,0.00,0.0000,22,1,368,368,0,0,100,0,14,14,0,0,0,368,0,0,920117248,0.000000,0.000352,36.696758,0.00,2,5,10,18,16,24,26,14,29,32,36,34,43,43,36,0,0,0,0.0013,0.0609,0.0808,0.0053,0.0263,0.2586,0.0489,8.0225,0.0701,0.0000,1.0202,0.0041,0.0001,0.6002,0.0122,0.0051,0.0002
2959,37.0072,0.0583,15.3119,9.8848,,true,0,0.008333,0.0000,0.0000,1.00,0.00,0.0000,22,1,368,368,0,0,100,0,14,14,0,0,0,368,0,0,920117248,0.000000,0.000352,36.696758,0.00,2,5,10,18,16,24,26,14,29,32,36,34,43,43,36,0,0,0,0.0017,0.0682,0.0854,0.0053,0.0314,0.0952,0.0982,9.8848,0.0575,0.0000,1.2361,0.0062,0.0001,0.7015,0.0063,0.0058,0.0002
2960,37.0195,0.0583,13.6820,8.7971,,true,0,0.008333,0.0000,0.0000,1.00,0.00,0.0000,22,1,368,368,0,0,100,0,14,14,0,0,0,368,0,0,920117248,0.000000,0.000352,36.696758,0.00,2,5,10,18,16,24,26,14,29,32,36,34,43,43,36,0,0,0,0.0018,0.0602,0.0751,0.0045,0.0246,0.1219,0.0548,8.7971,0.0821,0.0000,1.1043,0.0071,0.0001,0.6097,0.0107,0.0099,0.0002
2961,37.0374,0.0583,15.6194,10.4819,,true,0,0.008333,0.0000,0.0000,1.00,0.00,0.0000,22,1,368,368,0,0,100,0,14,14,0,0,0,368,0,0,920117248,0.000000,0.000352,36.696758,0.00,2,5,10,18,16,24,26,14,29,32,36,34,43,43,36,0,0,0,0.0030,0.0781,0.1196,0.0102,0.0586,0.1352,0.0569,10.4819,0.1949,0.0000,1.2256,0.0063,0.0001,0.6260,0.0121,0.0080,0.0002
2962,37.0509,0.0583,14.6363,10.4423,,true,0,0.008333,0.0000,0.0000,1.00,0.00,0.0000,22,1,368,368,0,0,100,0,14,14,0,0,0,368,0,0,920117248,0.000000,0.000352,36.696758,0.00,2,5,10,18,16,24,26,14,29,32,36,34,43,43,36,0,0,0,0.0015,0.0615,0.0861,0.0052,0.0237,0.0744,0.0522,10.4423,0.0890,0.0000,1.3415,0.0052,0.0002,0.7131,0.0102,0.0064,0.0002
2963,37.0644,0.0583,15.0914,8.6968,,true,0,0.008333,0.0000,0.0000,1.00,0.00,0.0000,22,1,368,368,0,0,100,0,14,14,0,0,0,368,0,0,920117248,0.000000,0.000352,36.696758,0.00,2,5,10,18,16,24,26,14,29,32,36,34,43,43,36,0,0,0,0.0013,0.0515,0.0690,0.0031,0.0249,0.0980,0.0485,8.6968,0.0642,0.0000,1.0052,0.0040,0.0001,0.5890,0.0093,0.0062,0.0002
2964,37.0770,0.0583,13.5027,7.4156,,true,0,0.008333,0.0000,0.0000,1.00,0.00,0.0000,22,1,368,368,0,0,100,0,14,14,0,0,0,368,0,0,920117248,0.000000,0.000352,36.696758,0.00,2,5,10,18,16,24,26,14,29,32,36,34,43,43,36,0,0,0,0.0015,0.0643,0.0820,0.0057,0.0304,0.0932,0.0528,7.4156,0.1111,0.0000,1.0544,0.0045,0.0001,0.5940,0.0106,0.0070,0.0002
2965,37.0916,0.0583,13.6932,8.7947,,true,0,0.008333,0.0000,0.0000,1.00,0.00,0.0000,22,1,368,368,0,0,100,0,14,14,0,0,0,368,0,0,920117248,0.000000,0.000352,36.696758,0.00,2,5,10,18,16,24,26,14,29,32,36,34,43,43,36,0,0,0,0.0038,0.0944,0.0921,0.0050,0.0296,0.0808,0.0566,8.7947,0.1110,0.0000,1.0557,0.0032,0.0001,0.5631,0.0096,0.0046,0.0002
2966,37.1084,0.0583,15.9050,9.0414,,true,0,0.008333,0.0000,0.0000,1.00,0.00,0.0000,22,1,368,368,0,0,100,0,14,14,0,0,0,368,0,0,920117248,0.000000,0.000352,36.696758,0.00,2,5,10,18,16,24,26,14,29,32,36,34,43,43,36,0,0,0,0.0018,0.0656,0.0698,0.0047,0.0296,0.0823,0.0521,9.0414,0.0686,0.0000,1.0050,0.0041,0.0001,0.5723,0.0048,0.0047,0.0002
2967,37.1194,0.0583,13.3806,7.0545,,true,0,0.008333,0.0000,0.0000,1.00,0.00,0.0000,22,1,368,368,0,0,100,0,14,14,0,0,0,368,0,0,920117248,0.000000,0.000352,36.696758,0.00,2,5,10,18,16,24,26,14,29,32,36,34,43,43,36,0,0,0,0.0016,0.0804,0.0642,0.0053,0.0216,0.0752,0.0597,7.0545,0.0712,0.0000,1.0956,0.0058,0.0001,0.5590,0.0108,0.0076,0.0003
2968,37.1292,0.0583,11.2638,6.0689,,true,0,0.008333,0.0000,0.0000,1.00,0.00,0.0000,22,1,368,368,0,0,100,0,14,14,0,0,0,368,0,0,920117248,0.000000,0.000352,36.696758,0.00,2,5,10,18,16,24,26,14,29,32,36,34,43,43,36,0,0,0,0.0016,0.0549,0.0739,0.0027,0.0165,0.0632,0.0456,6.0689,0.0710,0.0000,1.2802,0.0028,0.0001,0.7802,0.0077,0.0038,0.0003
2969,37.1437,0.0583,13.2250,7.0725,,true,0,0.008333,0.0000,0.0000,1.00,0.00,0.0000,22,1,368,368,0,0,100,0,14,14,0,0,0,368,0,0,920117248,0.000000,0.000352,36.696758,0.00,2,5,10,18,16,24,26,14,29,32,36,34,43,43,36,0,0,0,0.0017,0.0596,0.1026,0.0071,0.0258,0.0879,0.0512,7.0725,0.0782,0.0000,1.0119,0.0041,0.0001,0.5836,0.0080,0.0047,0.0002
2970,37.1564,0.0583,13.1396,6.5846,,true,0,0.008333,0.0000,0.0000,1.00,0.00,0.0000,22,1,368,368,0,0,100,0,14,14,0,0,0,368,0,0,920117248,0.000000,0.000352,36.696758,0.00,2,5,10,18,16,24,26,14,29,32,36,34,43,43,36,0,0,0,0.0027,0.0599,0.0740,0.0050,0.0379,0.0809,0.0488,6.5846,0.0796,0.0000,1.0519,0.0033,0.0001,0.5896,0.0044,0.0052,0.0002
2971,37.1685,0.0583,12.4363,6.3264,,true,0,0.008333,0.0000,0.0000,1.00,0.00,0.0000,22,1,368,368,0,0,100,0,14,14,0,0,0,368,0,0,920117248,0.000000,0.000352,36.696758,0.00,2,5,10,18,16,24,26,14,29,32,36,34,43,43,36,0,0,0,0.0014,0.0498,0.0775,0.0062,0.0254,0.0848,0.0475,6.3264,0.0730,0.0000,0.9564,0.0037,0.0001,0.5554,0.0082,0.0051,0.0002
2972,37.1814,0.0583,13.5572,6.1354,,true,0,0.008333,0.0000,0.0000,1.00,0.00,0.0000,22,1,368,368,0,0,100,0,14,14,0,0,0,368,0,0,920117248,0.000000,0.000352,36.696758,0.00,2,5,10,18,16,24,26,14,29,32,36,34,43,43,36,0,0,0,0.0017,0.0539,0.0630,0.0044,0.0267,0.0706,0.0485,6.1354,0.0763,0.0000,0.9689,0.0035,0.0001,0.5470,0.0102,0.0048,0.0002
2973,37.1950,0.0583,12.7820,6.4098,,true,0,0.008333,0.0000,0.0000,1.00,0.00,0.0000,22,1,368,368,0,0,100,0,14,14,0,0,0,368,0,0,920117248,0.000000,0.000352,36.696758,0.00,2,5,10,18,16,24,26,14,29,32,36,34,43,43,36,0,0,0,0.0016,0.0554,0.0714,0.0047,0.0239,0.0742,0.0462,6.4098,0.0576,0.0000,1.0088,0.0039,0.0001,0.5882,0.0045,0.0049,0.0002
2974,37.2105,0.0583,12.6780,8.9605,,true,0,0.008333,0.0000,0.0000,1.00,0.00,0.0000,22,1,368,368,0,0,100,0,14,14,0,0,0,368,0,0,920117248,0.000000,0.000352,36.696758,0.00,2,5,10,18,16,24,26,14,29,32,36,34,43,43,36,0,0,0,0.0016,0.0804,0.0966,0.0040,0.0228,0.0895,0.0632,8.9605,0.0957,0.0000,1.4113,0.0044,0.0002,0.8064,0.0095,0.0053,0.0002
2975,37.2254,0.0583,15.7343,8.1701,,true,0,0.008333,0.0000,0.0000,1.00,0.00,0.0000,22,1,368,368,0,0,100,0,14,14,0,0,0,368,0,0,920117248,0.000000,0.000352,36.696758,0.00,2,5,10,18,16,24,26,14,29,32,36,34,43,43,36,0,0,0,0.0019,0.0780,0.0727,0.0050,0.0270,0.1007,0.0505,8.1701,0.0737,0.0000,1.0408,0.0048,0.0001,0.5521,0.0080,0.0062,0.0002
2976,37.2362,0.0583,12.4682,6.6298,,true,0,0.008333,0.0000,0.0000,1.00,0.00,0.0000,22,1,368,368,0,0,100,0,14,14,0,0,0,368,0,0,920117248,0.000000,0.000352,36.696758,0.00,2,5,10,18,16,24,26,14,29,32,36,34,43,43,36,0,0,0,0.0012,0.0498,0.0539,0.0034,0.0207,0.0652,0.0443,6.6298,0.0757,0.0000,0.9617,0.0050,0.0001,0.5229,0.0081,0.0074,0.0001
2977,37.2489,0.0583,12.1350,7.7038,,true,0,0.008333,0.0000,0.0000,1.00,0.00,0.0000,22,1,368,368,0,0,100,0,14,14,0,0,0,368,0,0,920117248,0.000000,0.000352,36.696758,0.00,2,5,10,18,16,24,26,14,29,32,36,34,43,43,36,0,0,0,0.0019,0.0709,0.1038,0.0047,0.0211,0.0696,0.1033,7.7038,0.0864,0.0000,1.3880,0.0050,0.0001,0.7995,0.0073,0.0053,0.0002
2978,37.2628,0.0583,13.0570,7.0184,,true,0,0.008333,0.0000,0.0000,1.00,0.00,0.0000,22,1,368,368,0,0,100,0,14,14,0,0,0,368,0,0,920117248,0.000000,0.000352,36.696758,0.00,2,5,10,18,16,24,26,14,29,32,36,34,43,43,36,0,0,0,0.0015,0.0638,0.0718,0.0051,0.0255,0.0547,0.0503,7.0184,0.0551,0.0000,1.0282,0.0052,0.0001,0.6051,0.0086,0.0057,0.0002
2979,37.2732,0.0583,11.7600,7.0089,,true,0,0.008333,0.0000,0.0000,1.00,0.00,0.0000,22,1,368,368,0,0,100,0,14,14,0,0,0,368,0,0,920117248,0.000000,0.000352,36.696758,0.00,2,5,10,18,16,24,26,14,29,32,36,34,43,43,36,0,0,0,0.0016,0.0648,0.0703,0.0056,0.0239,0.0755,0.0490,7.0089,0.0941,0.0000,1.0921,0.0049,0.0001,0.6021,0.0145,0.0072,0.0001
2980,37.2895,0.0583,15.0763,8.0633,,true,1,0.008333,0.0000,0.0083,1.00,0.00,0.0000,22,1,368,368,0,0,100,0,14,14,0,0,0,368,0,0,920117248,0.000000,0.000352,37.003833,0.00,2,5,10,18,16,24,26,14,29,32,36,34,43,43,36,0,0,0,0.0014,0.0639,0.0724,0.0037,0.0218,0.2409,0.0585,8.0633,0.0649,0.0000,1.1131,0.0047,0.0001,0.5799,0.0095,0.0054,0.0002
2981,37.3004,0.0583,12.5148,6.3679,,true,0,0.008333,0.0000,0.0000,1.00,0.00,0.0000,22,1,368,368,0,0,100,0,14,14,0,0,0,368,0,0,920117248,0.000000,0.000352,37.003833,0.00,2,5,10,18,16,24,26,14,29,32,36,34,43,43,36,0,0,0,0.0014,0.0548,0.0705,0.0044,0.0229,0.0724,0.0497,6.3679,0.0692,0.0000,0.9723,0.0023,0.0001,0.5654,0.0091,0.0028,0.0002
2982,37.3129,0.0583,11.6190,7.1665,,true,0,0.008333,0.0000,0.0000,1.00,0.00,0.0000,22,1,368,368,0,0,100,0,14,14,0,0,0,368,0,0,920117248,0.000000,0.000352,37.003833,0.00,2,5,10,18,16,24,26,14,29,32,36,34,43,43,36,0,0,0,0.0019,0.0648,0.0845,0.0049,0.0297,0.1006,0.0521,7.1665,0.0853,0.0000,1.0566,0.0056,0.0001,0.5975,0.0103,0.0049,0.0002
2983,37.3265,0.0583,13.9696,7.1419,,true,0,0.008333,0.0000,0.0000,1.00,0.00,0.0000,22,1,368,368,0,0,100,0,14,14,0,0,0,368,0,0,920117248,0.000000,0.000352,37.003833,0.00,2,5,10,18,16,24,26,14,29,32,36,34,43,43,36,0,0,0,0.0015,0.0509,0.0942,0.0048,0.0251,0.0818,0.0567,7.1419,0.0863,0.0000,1.2705,0.0029,0.0001,0.8496,0.0063,0.0061,0.0001
2984,37.3411,0.0583,13.0803,7.4391,,true,0,0.008333,0.0000,0.0000,1.00,0.00,0.0000,22,1,368,368,0,0,100,0,14,14,0,0,0,368,0,0,920117248,0.000000,0.000352,37.003833,0.00,2,5,10,18,16,24,26,14,29,32,36,34,43,43,36,0,0,0,0.0016,0.0610,0.0587,0.0055,0.0354,0.0668,0.0529,7.4391,0.0609,0.0000,1.0173,0.0052,0.0001,0.5715,0.0071,0.0072,0.0002
2985,37.3503,0.0583,11.9455,5.9954,,true,0,0.008333,0.0000,0.0000,1.00,0.00,0.0000,22,1,368,368,0,0,100,0,14,14,0,0,0,368,0,0,920117248,0.000000,0.000352,37.003833,0.00,2,5,10,18,16,24,26,14,29,32,36,34,43,43,36,0,0,0,0.0016,0.0607,0.0789,0.0038,0.0199,0.0784,0.0495,5.9954,0.0651,0.0000,1.0121,0.0045,0.0001,0.5891,0.0064,0.0056,0.0002
2986,37.3830,0.0583,13.3373,25.2746,,true,0,0.008333,0.0000,0.0000,1.00,0.00,0.0000,22,1,368,368,0,0,100,0,14,14,0,0,0,368,0,0,920117248,0.000000,0.000352,37.003833,0.00,2,5,10,18,16,24,26,14,29,32,36,34,43,43,36,0,0,0,0.0016,0.0502,0.1091,0.0036,0.0204,0.0716,0.0490,25.2746,0.1095,0.0000,19.2798,0.0030,1.4880,0.5889,0.0350,0.0060,16.7129
2987,37.3921,0.0583,16.3925,7.7920,,true,0,0.008333,0.0000,0.0000,1.00,0.00,0.0000,22,1,368,368,0,0,100,0,14,14,0,0,0,368,0,0,920117248,0.000000,0.000352,37.003833,0.00,2,5,10,18,16,24,26,14,29,32,36,34,43,43,36,0,0,0,0.0014,0.0646,0.0762,0.0140,0.0403,0.0984,0.0520,7.7920,0.0829,0.0000,1.1594,0.0050,0.0001,0.5889,0.0197,0.0064,0.0002
2988,37.4016,0.0583,19.7967,7.1242,,true,0,0.008333,0.0000,0.0000,1.00,0.00,0.0000,22,1,368,368,0,0,100,0,14,14,0,0,0,368,0,0,920117248,0.000000,0.000352,37.003833,0.00,2,5,10,18,16,24,26,14,29,32,36,34,43,43,36,0,0,0,0.0012,0.0382,0.0941,0.0028,0.0146,0.0640,0.0501,7.1242,0.0996,0.0000,1.2494,0.0056,0.0001,0.6556,0.0056,0.0122,0.0002
2989,37.4112,0.0583,8.2284,8.2131,,true,0,0.008333,0.0000,0.0000,1.00,0.00,0.0000,22,1,368,368,0,0,100,0,14,14,0,0,0,368,0,0,920117248,0.000000,0.000352,37.003833,0.00,2,5,10,18,16,24,26,14,29,32,36,34,43,43,36,0,0,0,0.0099,0.0833,0.0865,0.0156,0.0721,0.1729,0.0711,8.2131,0.1028,0.0000,1.5260,0.0062,0.0001,0.9018,0.0106,0.0077,0.0002
2990,37.4230,0.0583,10.8992,9.5299,,true,0,0.008333,0.0000,0.0000,1.00,0.00,0.0000,22,1,368,368,0,0,100,0,14,14,0,0,0,368,0,0,920117248,0.000000,0.000352,37.003833,0.00,2,5,10,18,16,24,26,14,29,32,36,34,43,43,36,0,0,0,0.0012,0.0629,0.0565,0.0058,0.0272,0.0888,0.0627,9.5299,0.0497,0.0000,1.0251,0.0040,0.0001,0.5938,0.0089,0.0049,0.0002
2991,37.4402,0.0583,16.3875,9.7712,,true,0,0.008333,0.0000,0.0000,1.00,0.00,0.0000,22,1,368,368,0,0,100,0,14,14,0,0,0,368,0,0,920117248,0.000000,0.000352,37.003833,0.00,2,5,10,18,16,24,26,14,29,32,36,34,43,43,36,0,0,0,0.0015,0.0667,0.1062,0.0061,0.0270,0.0965,0.0531,9.7712,0.1141,0.0000,1.3445,0.0065,0.0001,0.8556,0.0144,0.0048,0.0001
2992,37.4540,0.0583,12.6651,9.7917,,true,0,0.008333,0.0000,0.0000,1.00,0.00,0.0000,22,1,368,368,0,0,100,0,14,14,0,0,0,368,0,0,920117248,0.000000,0.000352,37.003833,0.00,2,5,10,18,16,24,26,14,29,32,36,34,43,43,36,0,0,0,0.0025,0.0991,0.0708,0.0074,0.0281,0.0959,0.0744,9.7917,0.0630,0.0000,1.2337,0.0070,0.0002,0.5934,0.0130,0.0083,0.0002
2993,37.4719,0.0583,20.3138,9.2151,,true,0,0.008333,0.0000,0.0000,1.00,0.00,0.0000,22,1,368,368,0,0,100,0,14,14,0,0,0,368,0,0,920117248,0.000000,0.000352,37.003833,0.00,2,5,10,18,16,24,26,14,29,32,36,34,43,43,36,0,0,0,0.0055,0.1084,0.0663,0.0088,0.0606,0.2286,0.0712,9.2151,0.0487,0.0000,2.0280,0.0220,0.0001,0.7859,0.0139,0.0541,0.0010
2994,37.4817,0.0583,11.2272,7.7596,,true,0,0.008333,0.0000,0.0000,1.00,0.00,0.0000,22,1,368,368,0,0,100,0,14,14,0,0,0,368,0,0,920117248,0.000000,0.000352,37.003833,0.00,2,5,10,18,16,24,26,14,29,32,36,34,43,43,36,0,0,0,0.0024,0.0411,0.0576,0.0046,0.0206,0.0735,0.0649,7.7596,0.0509,0.0000,1.0553,0.0027,0.0001,0.6327,0.0077,0.0069,0.0001
2995,37.4944,0.0583,12.7499,7.7620,,true,0,0.008333,0.0000,0.0000,1.00,0.00,0.0000,22,1,368,368,0,0,100,0,14,14,0,0,0,368,0,0,920117248,0.000000,0.000352,37.003833,0.00,2,5,10,18,16,24,26,14,29,32,36,34,43,43,36,0,0,0,0.0017,0.0474,0.0662,0.0062,0.0230,0.0787,0.0886,7.7620,0.0708,0.0000,1.0630,0.0040,0.0001,0.5871,0.0105,0.0070,0.0002
2996,37.5088,0.0583,13.5897,8.6465,,true,0,0.008333,0.0000,0.0000,1.00,0.00,0.0000,22,1,368,368,0,0,100,0,14,14,0,0,0,368,0,0,920117248,0.000000,0.000352,37.003833,0.00,2,5,10,18,16,24,26,14,29,32,36,34,43,43,36,0,0,0,0.0009,0.0515,0.0953,0.0040,0.0198,0.0820,0.0433,8.6465,0.0852,0.0000,1.1541,0.0040,0.0001,0.6752,0.0095,0.0062,0.0002
2997,37.5230,0.0583,14.5966,7.9853,,true,0,0.008333,0.0000,0.0000,1.00,0.00,0.0000,22,1,368,368,0,0,100,0,14,14,0,0,0,368,0,0,920117248,0.000000,0.000352,37.003833,0.00,2,5,10,18,16,24,26,14,29,32,36,34,43,43,36,0,0,0,0.0014,0.0636,0.0753,0.0044,0.0256,0.0769,0.0567,7.9853,0.0496,0.0000,1.3465,0.0048,0.0001,0.7581,0.0103,0.0068,0.0002
2998,37.5334,0.0583,11.8516,6.7679,,true,0,0.008333,0.0000,0.0000,1.00,0.00,0.0000,22,1,368,368,0,0,100,0,14,14,0,0,0,368,0,0,920117248,0.000000,0.000352,37.003833,0.00,2,5,10,18,16,24,26,14,29,32,36,34,43,43,36,0,0,0,0.0055,0.0785,0.0712,0.0044,0.0263,0.0755,0.0636,6.7679,0.0758,0.0000,0.9803,0.0031,0.0001,0.5442,0.0088,0.0266,0.0003
2999,37.5480,0.0583,14.3985,7.1352,,true,0,0.008333,0.0000,0.0000,1.00,0.00,0.0000,22,1,368,368,0,0,100,0,14,14,0,0,0,368,0,0,920117248,0.000000,0.000352,37.003833,0.00,2,5,10,18,16,24,26,14,29,32,36,34,43,43,36,0,0,0,0.0018,0.0651,0.0744,0.0049,0.0212,0.0738,0.0494,7.1352,0.0756,0.0000,0.9401,0.0033,0.0001,0.5439,0.0067,0.0053,0.0002
3000,37.5665,0.0583,17.0210,8.1736,,true,0,0.008333,0.0000,0.0000,1.00,0.00,0.0000,22,1,368,368,0,0,100,0,14,14,0,0,0,368,0,0,920117248,0.000000,0.000352,37.003833,0.00,2,5,10,18,16,24,26,14,29,32,36,34,43,43,36,0,0,0,0.0012,0.0360,0.1141,0.0038,0.0209,0.0713,0.0434,8.1736,0.0991,0.0000,1.2637,0.0034,0.0001,0.8081,0.0091,0.0056,0.0002
3001,37.5763,0.0583,11.5773,6.5828,,true,0,0.008333,0.0000,0.0000,1.00,0.00,0.0000,22,1,368,368,0,0,100,0,14,14,0,0,0,368,0,0,920117248,0.000000,0.000352,37.003833,0.00,2,5,10,18,16,24,26,14,29,32,36,34,43,43,36,0,0,0,0.0017,0.0568,0.0575,0.0053,0.0201,0.0812,0.0551,6.5828,0.0805,0.0000,0.9585,0.0022,0.0001,0.5623,0.0097,0.0021,0.0002
3002,37.5882,0.0583,12.2450,6.6658,,true,0,0.008333,0.0000,0.0000,1.00,0.00,0.0000,22,1,368,368,0,0,100,0,14,14,0,0,0,368,0,0,920117248,0.000000,0.000352,37.003833,0.00,2,5,10,18,16,24,26,14,29,32,36,34,43,43,36,0,0,0,0.0018,0.0614,0.0782,0.0053,0.0252,0.0946,0.0473,6.6658,0.0764,0.0000,1.3231,0.0038,0.0001,0.7602,0.0075,0.0055,0.0002
3003,37.6008,0.0583,13.2058,5.9187,,true,1,0.008333,0.0000,0.0083,1.00,0.00,0.0000,22,1,368,368,0,0,100,0,14,14,0,0,0,368,0,0,920117248,0.000000,0.000352,37.310457,0.00,2,5,10,18,16,24,26,14,29,32,36,34,43,43,36,0,0,0,0.0012,0.0429,0.0621,0.0035,0.0176,0.2241,0.0536,5.9187,0.0634,0.0000,0.9442,0.0032,0.0001,0.5529,0.0060,0.0045,0.0002
3004,37.6132,0.0583,11.6664,6.3741,,true,0,0.008333,0.0000,0.0000,1.00,0.00,0.0000,22,1,368,368,0,0,100,0,14,14,0,0,0,368,0,0,920117248,0.000000,0.000352,37.310457,0.00,2,5,10,18,16,24,26,14,29,32,36,34,43,43,36,0,0,0,0.0018,0.0721,0.0792,0.0057,0.0293,0.0866,0.0564,6.3741,0.0838,0.0000,1.0845,0.0037,0.0001,0.5955,0.0089,0.0054,0.0002
3005,37.6274,0.0583,13.7569,7.2288,,true,0,0.008333,0.0000,0.0000,1.00,0.00,0.0000,22,1,368,368,0,0,100,0,14,14,0,0,0,368,0,0,920117248,0.000000,0.000352,37.310457,0.00,2,5,10,18,16,24,26,14,29,32,36,34,43,43,36,0,0,0,0.0016,0.0585,0.0692,0.0046,0.0259,0.0877,0.0511,7.2288,0.0831,0.0000,1.0526,0.0034,0.0001,0.6343,0.0076,0.0048,0.0002
3006,37.6401,0.0583,12.2492,7.1828,,true,0,0.008333,0.0000,0.0000,1.00,0.00,0.0000,22,1,368,368,0,0,100,0,14,14,0,0,0,368,0,0,920117248,0.000000,0.000352,37.310457,0.00,2,5,10,18,16,24,26,14,29,32,36,34,43,43,36,0,0,0,0.0027,0.0442,0.0719,0.0039,0.0227,0.0816,0.0458,7.1828,0.0595,0.0000,0.9589,0.0045,0.0001,0.5647,0.0121,0.0051,0.0002
3007,37.6548,0.0583,13.2662,8.7289,,true,0,0.008333,0.0000,0.0000,1.00,0.00,0.0000,22,1,368,368,0,0,100,0,14,14,0,0,0,368,0,0,920117248,0.000000,0.000352,37.310457,0.00,2,5,10,18,16,24,26,14,29,32,36,34,43,43,36,0,0,0,0.0062,0.0630,0.0775,0.0063,0.0395,0.1014,0.0535,8.7289,0.0915,0.0000,1.0716,0.0046,0.0001,0.5793,0.0091,0.0064,0.0002
3008,37.6690,0.0583,14.6584,8.0630,,true,0,0.008333,0.0000,0.0000,1.00,0.00,0.0000,22,1,368,368,0,0,100,0,14,14,0,0,0,368,0,0,920117248,0.000000,0.000352,37.310457,0.00,2,5,10,18,16,24,26,14,29,32,36,34,43,43,36,0,0,0,0.0014,0.0532,0.0610,0.0036,0.0250,0.0795,0.0461,8.0630,0.0633,0.0000,0.9463,0.0042,0.0001,0.5394,0.0083,0.0054,0.0002
3009,37.6833,0.0583,15.1656,7.1817,,true,0,0.008333,0.0000,0.0000,1.00,0.00,0.0000,22,1,368,368,0,0,100,0,14,14,0,0,0,368,0,0,920117248,0.000000,0.000352,37.310457,0.00,2,5,10,18,16,24,26,14,29,32,36,34,43,43,36,0,0,0,0.0012,0.0591,0.0624,0.0050,0.0410,0.1016,0.0509,7.1817,0.0666,0.0000,1.0067,0.0042,0.0001,0.5697,0.0068,0.0050,0.0002
3010,37.6944,0.0583,11.9056,6.7138,,true,0,0.008333,0.0000,0.0000,1.00,0.00,0.0000,22,1,368,368,0,0,100,0,14,14,0,0,0,368,0,0,920117248,0.000000,0.000352,37.310457,0.00,2,5,10,18,16,24,26,14,29,32,36,34,43,43,36,0,0,0,0.0015,0.0522,0.0763,0.0051,0.0225,0.0934,0.0672,6.7138,0.0890,0.0000,1.0048,0.0047,0.0001,0.5808,0.0067,0.0057,0.0002
3011,37.7074,0.0583,13.5213,6.4875,,true,0,0.008333,0.0000,0.0000,1.00,0.00,0.0000,22,1,368,368,0,0,100,0,14,14,0,0,0,368,0,0,920117248,0.000000,0.000352,37.310457,0.00,2,5,10,18,16,24,26,14,29,32,36,34,43,43,36,0,0,0,0.0014,0.0539,0.0768,0.0045,0.0235,0.0812,0.0471,6.4875,0.0598,0.0000,1.0156,0.0097,0.0001,0.5881,0.0058,0.0051,0.0002
3012,37.7208,0.0583,12.9631,6.6387,,true,0,0.008333,0.0000,0.0000,1.00,0.00,0.0000,22,1,368,368,0,0,100,0,14,14,0,0,0,368,0,0,920117248,0.000000,0.000352,37.310457,0.00,2,5,10,18,16,24,26,14,29,32,36,34,43,43,36,0,0,0,0.0026,0.0438,0.0739,0.0037,0.0226,0.0802,0.0480,6.6387,0.0603,0.0000,1.0123,0.0034,0.0001,0.6166,0.0065,0.0056,0.0001
3013,37.7330,0.0583,11.7885,7.4594,,true,0,0.008333,0.0000,0.0000,1.00,0.00,0.0000,22,1,368,368,0,0,100,0,14,14,0,0,0,368,0,0,920117248,0.000000,0.000352,37.310457,0.00,2,5,10,18,16,24,26,14,29,32,36,34,43,43,36,0,0,0,0.0013,0.0663,0.0757,0.0038,0.0214,0.0725,0.0555,7.4594,0.0790,0.0000,1.0891,0.0065,0.0001,0.5579,0.0117,0.0077,0.0002
3014,37.7451,0.0583,13.6877,5.8010,,true,0,0.008333,0.0000,0.0000,1.00,0.00,0.0000,22,1,368,368,0,0,100,0,14,14,0,0,0,368,0,0,920117248,0.000000,0.000352,37.310457,0.00,2,5,10,18,16,24,26,14,29,32,36,34,43,43,36,0,0,0,0.0043,0.0524,0.0589,0.0040,0.0201,0.0854,0.0465,5.8010,0.0594,0.0000,0.9502,0.0044,0.0001,0.5375,0.0065,0.0050,0.0001
3015,37.7586,0.0583,12.6096,6.3221,,true,0,0.008333,0.0000,0.0000,1.00,0.00,0.0000,22,1,368,368,0,0,100,0,14,14,0,0,0,368,0,0,920117248,0.000000,0.000352,37.310457,0.00,2,5,10,18,16,24,26,14,29,32,36,34,43,43,36,0,0,0,0.0029,0.0500,0.0691,0.0052,0.0271,0.1008,0.0467,6.3221,0.0739,0.0000,0.9695,0.0043,0.0001,0.5475,0.0071,0.0048,0.0002
3016,37.7702,0.0583,12.2109,5.9960,,true,0,0.008333,0.0000,0.0000,1.00,0.00,0.0000,22,1,368,368,0,0,100,0,14,14,0,0,0,368,0,0,920117248,0.000000,0.000352,37.310457,0.00,2,5,10,18,16,24,26,14,29,32,36,34,43,43,36,0,0,0,0.0017,0.0613,0.0671,0.0039,0.0190,0.0707,0.0501,5.9960,0.0731,0.0000,0.9668,0.0043,0.0001,0.5454,0.0070,0.0051,0.0002
3017,37.7838,0.0583,13.4955,5.9646,,true,0,0.008333,0.0000,0.0000,1.00,0.00,0.0000,22,1,368,368,0,0,100,0,14,14,0,0,0,368,0,0,920117248,0.000000,0.000352,37.310457,0.00,2,5,10,18,16,24,26,14,29,32,36,34,43,43,36,0,0,0,0.0013,0.0449,0.0735,0.0069,0.0304,0.0441,0.0519,5.9646,0.0757,0.0000,0.9829,0.0035,0.0001,0.5590,0.0083,0.0054,0.0002
3018,37.8001,0.0583,15.3450,6.6946,,true,0,0.008333,0.0000,0.0000,1.00,0.00,0.0000,22,1,368,368,0,0,100,0,14,14,0,0,0,368,0,0,920117248,0.000000,0.000352,37.310457,0.00,2,5,10,18,16,24,26,14,29,32,36,34,43,43,36,0,0,0,0.0015,0.0644,0.0612,0.0043,0.0180,0.0750,0.0458,6.6946,0.0693,0.0000,0.9863,0.0058,0.0001,0.5517,0.0084,0.0068,0.0001
3019,37.8107,0.0583,11.5177,5.9250,,true,0,0.008333,0.0000,0.0000,1.00,0.00,0.0000,22,1,368,368,0,0,100,0,14,14,0,0,0,368,0,0,920117248,0.000000,0.000352,37.310457,0.00,2,5,10,18,16,24,26,14,29,32,36,34,43,43,36,0,0,0,0.0016,0.0608,0.0660,0.0041,0.0204,0.0798,0.0536,5.9250,0.0650,0.0000,0.9748,0.0041,0.0001,0.5708,0.0066,0.0048,0.0002
3020,37.8238,0.0583,13.7400,5.3104,,true,0,0.008333,0.0000,0.0000,1.00,0.00,0.0000,22,1,368,368,0,0,100,0,14,14,0,0,0,368,0,0,920117248,0.000000,0.000352,37.310457,0.00,2,5,10,18,16,24,26,14,29,32,36,34,43,43,36,0,0,0,0.0016,0.0487,0.0673,0.0050,0.0236,0.0895,0.0513,5.3104,0.0798,0.0000,0.9453,0.0041,0.0001,0.5532,0.0056,0.0044,0.0002
3021,37.8395,0.0583,14.0129,6.6597,,true,0,0.008333,0.0000,0.0000,1.00,0.00,0.0000,22,1,368,368,0,0,100,0,14,14,0,0,0,368,0,0,920117248,0.000000,0.000352,37.310457,0.00,2,5,10,18,16,24,26,14,29,32,36,34,43,43,36,0,0,0,0.0027,0.0479,0.0585,0.0050,0.0237,0.1029,0.0469,6.6597,0.0698,0.0000,0.9987,0.0040,0.0001,0.5754,0.0077,0.0055,0.0002
3022,37.8491,0.0583,11.0412,5.7499,,true,0,0.008333,0.0000,0.0000,1.00,0.00,0.0000,22,1,368,368,0,0,100,0,14,14,0,0,0,368,0,0,920117248,0.000000,0.000352,37.310457,0.00,2,5,10,18,16,24,26,14,29,32,36,34,43,43,36,0,0,0,0.0013,0.0518,0.0638,0.0052,0.0216,0.0793,0.0500,5.7499,0.0591,0.0000,0.9951,0.0040,0.0001,0.5864,0.0079,0.0061,0.0002
3023,37.8628,0.0583,13.7185,5.5741,,true,0,0.008333,0.0000,0.0000,1.00,0.00,0.0000,22,1,368,368,0,0,100,0,14,14,0,0,0,368,0,0,920117248,0.000000,0.000352,37.310457,0.00,2,5,10,18,16,24,26,14,29,32,36,34,43,43,36,0,0,0,0.0037,0.0436,0.0594,0.0047,0.0316,0.0408,0.0527,5.5741,0.0643,0.0000,0.9489,0.0026,0.0001,0.5842,0.0059,0.0044,0.0002
3024,37.8788,0.0583,14.0625,7.0582,,true,0,0.008333,0.0000,0.0000,1.00,0.00,0.0000,22,1,368,368,0,0,100,0,14,14,0,0,0,368,0,0,920117248,0.000000,0.000352,37.310457,0.00,2,5,10,18,16,24,26,14,29,32,36,34,43,43,36,0,0,0,0.0017,0.0614,0.0695,0.0058,0.0311,0.0877,0.0487,7.0582,0.0799,0.0000,0.9568,0.0053,0.0001,0.5335,0.0091,0.0062,0.0002
3025,37.8900,0.0583,11.9804,6.8866,,true,0,0.008333,0.0000,0.0000,1.00,0.00,0.0000,22,1,368,368,0,0,100,0,14,14,0,0,0,368,0,0,920117248,0.000000,0.000352,37.310457,0.00,2,5,10,18,16,24,26,14,29,32,36,34,43,43,36,0,0,0,0.0013,0.0587,0.0731,0.0050,0.0222,0.0849,0.0472,6.8866,0.1160,0.0000,0.9493,0.0046,0.0001,0.5242,0.0081,0.0057,0.0002
3026,37.9033,0.0583,13.7763,6.1328,,true,1,0.008333,0.0000,0.0083,1.00,0.00,0.0000,22,1,368,368,0,0,100,0,14,14,0,0,0,368,0,0,920117248,0.000000,0.000352,37.615751,0.00,2,5,10,18,16,24,26,14,29,32,36,34,43,43,36,0,0,0,0.0018,0.0548,0.0823,0.0044,0.0243,0.3377,0.0487,6.1328,0.0859,0.0000,0.9844,0.0038,0.0001,0.5685,0.0083,0.0052,0.0002
3027,37.9258,0.0583,17.9257,9.5269,,true,0,0.008333,0.0000,0.0000,1.00,0.00,0.0000,22,1,368,368,0,0,100,0,14,14,0,0,0,368,0,0,920117248,0.000000,0.000352,37.615751,0.00,2,5,10,18,16,24,26,14,29,32,36,34,43,43,36,0,0,0,0.0026,0.0731,0.1679,0.0054,0.0339,0.1323,0.0546,9.5269,0.1347,0.0000,1.3212,0.0079,0.0001,0.6357,0.0177,0.0092,0.0004
3028,37.9351,0.0583,13.6601,6.3042,,true,0,0.008333,0.0000,0.0000,1.00,0.00,0.0000,22,1,368,368,0,0,100,0,14,14,0,0,0,368,0,0,920117248,0.000000,0.000352,37.615751,0.00,2,5,10,18,16,24,26,14,29,32,36,34,43,43,36,0,0,0,0.0015,0.0619,0.0705,0.0049,0.0214,0.0934,0.0525,6.3042,0.0922,0.0000,1.0968,0.0051,0.0001,0.6420,0.0088,0.0095,0.0002
3029,37.9499,0.0583,14.5248,6.9763,,true,0,0.008333,0.0000,0.0000,1.00,0.00,0.0000,22,1,368,368,0,0,100,0,14,14,0,0,0,368,0,0,920117248,0.000000,0.000352,37.615751,0.00,2,5,10,18,16,24,26,14,29,32,36,34,43,43,36,0,0,0,0.0019,0.0518,0.0707,0.0092,0.0705,0.0945,0.0528,6.9763,0.1028,0.0000,1.0541,0.0039,0.0001,0.5835,0.0212,0.0087,0.0002
3030,37.9638,0.0583,14.9815,5.9163,,true,0,0.008333,0.0000,0.0000,1.00,0.00,0.0000,22,1,368,368,0,0,100,0,14,14,0,0,0,368,0,0,920117248,0.000000,0.000352,37.615751,0.00,2,5,10,18,16,24,26,14,29,32,36,34,43,43,36,0,0,0,0.0014,0.0629,0.0686,0.0050,0.0206,0.0771,0.0728,5.9163,0.0811,0.0000,1.2608,0.0048,0.0002,0.5758,0.0093,0.0060,0.0009
3031,37.9769,0.0583,12.8087,5.8743,,true,0,0.008333,0.0000,0.0000,1.00,0.00,0.0000,22,1,368,368,0,0,100,0,14,14,0,0,0,368,0,0,920117248,0.000000,0.000352,37.615751,0.00,2,5,10,18,16,24,26,14,29,32,36,34,43,43,36,0,0,0,0.0028,0.0527,0.0741,0.0050,0.0241,0.0838,0.0538,5.8743,0.0872,0.0000,1.0312,0.0041,0.0001,0.5837,0.0079,0.0074,0.0002
3032,37.9940,0.0583,15.3312,7.7171,,true,0,0.008333,0.0000,0.0000,1.00,0.00,0.0000,22,1,368,368,0,0,100,0,14,14,0,0,0,368,0,0,920117248,0.000000,0.000352,37.615751,0.00,2,5,10,18,16,24,26,14,29,32,36,34,43,43,36,0,0,0,0.0015,0.0575,0.0708,0.0047,0.0249,0.0775,0.0552,7.7171,0.1851,0.0000,1.1500,0.0047,0.0001,0.6888,0.0096,0.0043,0.0002
3033,38.0079,0.0583,13.6578,7.9265,,true,0,0.008333,0.0000,0.0000,1.00,0.00,0.0000,22,1,368,368,0,0,100,0,14,14,0,0,0,368,0,0,920117248,0.000000,0.000352,37.615751,0.00,2,5,10,18,16,24,26,14,29,32,36,34,43,43,36,0,0,0,0.0014,0.0605,0.0727,0.0045,0.0238,0.0790,0.0451,7.9265,0.0734,0.0000,0.8933,0.0034,0.0001,0.4992,0.0082,0.0049,0.0001
3034,38.0191,0.0583,13.0662,6.0460,,true,0,0.008333,0.0000,0.0000,1.00,0.00,0.0000,22,1,368,368,0,0,100,0,14,14,0,0,0,368,0,0,920117248,0.000000,0.000352,37.615751,0.00,2,5,10,18,16,24,26,14,29,32,36,34,43,43,36,0,0,0,0.0014,0.0545,0.0779,0.0040,0.0225,0.0872,0.0540,6.0460,0.0742,0.0000,1.1464,0.0040,0.0002,0.7062,0.0092,0.0054,0.0002
3035,38.0325,0.0583,12.2360,7.0903,,true,0,0.008333,0.0000,0.0000,1.00,0.00,0.0000,22,1,368,368,0,0,100,0,14,14,0,0,0,368,0,0,920117248,0.000000,0.000352,37.615751,0.00,2,5,10,18,16,24,26,14,29,32,36,34,43,43,36,0,0,0,0.0017,0.0738,0.0803,0.0041,0.0312,0.0989,0.0686,7.0903,0.1149,0.0000,1.1393,0.0042,0.0001,0.6769,0.0090,0.0062,0.0002
3036,38.0454,0.0583,13.1129,6.9443,,true,0,0.008333,0.0000,0.0000,1.00,0.00,0.0000,22,1,368,368,0,0,100,0,14,14,0,0,0,368,0,0,920117248,0.000000,0.000352,37.615751,0.00,2,5,10,18,16,24,26,14,29,32,36,34,43,43,36,0,0,0,0.0014,0.0586,0.0909,0.0045,0.0210,0.0804,0.0566,6.9443,0.0783,0.0000,1.1139,0.0041,0.0001,0.6467,0.0069,0.0058,0.0002
3037,38.0580,0.0583,13.6762,6.1862,,true,0,0.008333,0.0000,0.0000,1.00,0.00,0.0000,22,1,368,368,0,0,100,0,14,14,0,0,0,368,0,0,920117248,0.000000,0.000352,37.615751,0.00,2,5,10,18,16,24,26,14,29,32,36,34,43,43,36,0,0,0,0.0015,0.0779,0.0797,0.0065,0.0146,0.0778,0.0603,6.1862,0.0710,0.0000,1.2039,0.0048,0.0001,0.6966,0.0076,0.0066,0.0002
3038,38.0716,0.0583,12.9631,6.8001,,true,0,0.008333,0.0000,0.0000,1.00,0.00,0.0000,22,1,368,368,0,0,100,0,14,14,0,0,0,368,0,0,920117248,0.000000,0.000352,37.615751,0.00,2,5,10,18,16,24,26,14,29,32,36,34,43,43,36,0,0,0,0.0021,0.0672,0.0797,0.0054,0.0229,0.0825,0.0534,6.8001,0.0745,0.0000,1.2231,0.0046,0.0001,0.6993,0.0085,0.0065,0.0002
3039,38.0857,0.0583,14.2113,6.5447,,true,0,0.008333,0.0000,0.0000,1.00,0.00,0.0000,22,1,368,368,0,0,100,0,14,14,0,0,0,368,0,0,920117248,0.000000,0.000352,37.615751,0.00,2,5,10,18,16,24,26,14,29,32,36,34,43,43,36,0,0,0,0.0021,0.0589,0.0821,0.0046,0.0195,0.0817,0.0608,6.5447,0.0763,0.0000,1.1143,0.0034,0.0002,0.6437,0.0079,0.0057,0.0002
3040,38.1003,0.0583,12.9082,7.8362,,true,0,0.008333,0.0000,0.0000,1.00,0.00,0.0000,22,1,368,368,0,0,100,0,14,14,0,0,0,368,0,0,920117248,0.000000,0.000352,37.615751,0.00,2,5,10,18,16,24,26,14,29,32,36,34,43,43,36,0,0,0,0.0019,0.0594,0.0771,0.0057,0.0256,0.0859,0.0555,7.8362,0.0647,0.0000,1.1515,0.0050,0.0001,0.6801,0.0083,0.0054,0.0002
3041,38.1114,0.0583,12.1891,7.0882,,true,0,0.008333,0.0000,0.0000,1.00,0.00,0.0000,22,1,368,368,0,0,100,0,14,14,0,0,0,368,0,0,920117248,0.000000,0.000352,37.615751,0.00,2,5,10,18,16,24,26,14,29,32,36,34,43,43,36,0,0,0,0.0017,0.0615,0.0823,0.0043,0.0242,0.0881,0.0561,7.0882,0.0798,0.0000,1.1671,0.0047,0.0001,0.6517,0.0102,0.0063,0.0002
3042,38.1425,0.0583,12.5251,25.7557,,true,0,0.008333,0.0000,0.0000,1.00,0.00,0.0000,22,1,368,368,0,0,100,0,14,14,0,0,0,368,0,0,920117248,0.000000,0.000352,37.615751,0.00,2,5,10,18,16,24,26,14,29,32,36,34,43,43,36,0,0,0,0.0015,0.0620,0.0591,0.0040,0.0197,0.0681,0.0606,25.7557,0.0439,0.0000,20.4949,0.0016,1.4947,0.4794,0.0144,0.0024,18.0625
3043,38.1523,0.0583,11.6739,7.9974,,true,0,0.008333,0.0000,0.0000,1.00,0.00,0.0000,22,1,368,368,0,0,100,0,14,14,0,0,0,368,0,0,920117248,0.000000,0.000352,37.615751,0.00,2,5,10,18,16,24,26,14,29,32,36,34,43,43,36,0,0,0,0.0028,0.0448,0.1173,0.0053,0.0137,0.0698,0.0582,7.9974,0.1148,0.0000,1.3864,0.0039,0.0001,0.7973,0.0092,0.0052,0.0002
3044,38.1631,0.0583,25.6661,8.6472,,true,0,0.008333,0.0000,0.0000,1.00,0.00,0.0000,22,1,368,368,0,0,100,0,14,14,0,0,0,368,0,0,920117248,0.000000,0.000352,37.615751,0.00,2,5,10,18,16,24,26,14,29,32,36,34,43,43,36,0,0,0,0.0036,0.0629,0.0941,0.0258,0.0688,0.1376,0.0561,8.6472,0.0884,0.0000,1.2243,0.0048,0.0001,0.6724,0.0142,0.0078,0.0002
3045,38.1743,0.0583,11.0215,8.4977,,true,0,0.008333,0.0000,0.0000,1.00,0.00,0.0000,22,1,368,368,0,0,100,0,14,14,0,0,0,368,0,0,920117248,0.000000,0.000352,37.615751,0.00,2,5,10,18,16,24,26,14,29,32,36,34,43,43,36,0,0,0,0.0031,0.0532,0.0905,0.0037,0.0195,0.0563,0.0648,8.4977,0.0865,0.0000,1.2667,0.0024,0.0002,0.8014,0.0086,0.0033,0.0002
3046,38.1838,0.0583,10.5782,7.7448,,true,0,0.008333,0.0000,0.0000,1.00,0.00,0.0000,22,1,368,368,0,0,100,0,14,14,0,0,0,368,0,0,920117248,0.000000,0.000352,37.615751,0.00,2,5,10,18,16,24,26,14,29,32,36,34,43,43,36,0,0,0,0.0020,0.0527,0.0916,0.0195,0.0238,0.0377,0.0513,7.7448,0.1194,0.0000,1.5074,0.0045,0.0001,0.9509,0.0239,0.0047,0.0002
3047,38.1923,0.0583,10.0202,6.8319,,true,0,0.008333,0.0000,0.0000,1.00,0.00,0.0000,22,1,368,368,0,0,100,0,14,14,0,0,0,368,0,0,920117248,0.000000,0.000352,37.615751,0.00,2,5,10,18,16,24,26,14,29,32,36,34,43,43,36,0,0,0,0.0016,0.0499,0.0894,0.0054,0.0260,0.0694,0.0500,6.8319,0.0777,0.0000,0.8823,0.0057,0.0001,0.4989,0.0109,0.0070,0.0001
3048,38.2073,0.0583,14.4620,7.1718,,true,1,0.008333,0.0000,0.0083,1.00,0.00,0.0000,22,1,368,368,0,0,100,0,14,14,0,0,0,368,0,0,920117248,0.000000,0.000352,37.920871,0.00,2,5,10,18,16,24,26,14,29,32,36,34,43,43,36,0,0,0,0.0015,0.0530,0.0757,0.0040,0.0202,0.2381,0.0575,7.1718,0.0721,0.0000,1.1854,0.0039,0.0001,0.6703,0.0132,0.0056,0.0002
3049,38.2210,0.0583,12.8868,7.3633,,true,0,0.008333,0.0000,0.0000,1.00,0.00,0.0000,22,1,368,368,0,0,100,0,14,14,0,0,0,368,0,0,920117248,0.000000,0.000352,37.920871,0.00,2,5,10,18,16,24,26,14,29,32,36,34,43,43,36,0,0,0,0.0014,0.0715,0.0614,0.0104,0.0253,0.0697,0.0554,7.3633,0.0640,0.0000,1.1534,0.0047,0.0001,0.6560,0.0079,0.0035,0.0002
3050,38.2306,0.0583,11.0601,6.3705,,true,0,0.008333,0.0000,0.0000,1.00,0.00,0.0000,22,1,368,368,0,0,100,0,14,14,0,0,0,368,0,0,920117248,0.000000,0.000352,37.920871,0.00,2,5,10,18,16,24,26,14,29,32,36,34,43,43,36,0,0,0,0.0014,0.0858,0.0790,0.0054,0.0233,0.0724,0.0621,6.3705,0.0721,0.0000,1.0814,0.0042,0.0002,0.5305,0.0594,0.0051,0.0002
3051,38.2438,0.0583,12.6618,7.0982,,true,0,0.008333,0.0000,0.0000,1.00,0.00,0.0000,22,1,368,368,0,0,100,0,14,14,0,0,0,368,0,0,920117248,0.000000,0.000352,37.920871,0.00,2,5,10,18,16,24,26,14,29,32,36,34,43,43,36,0,0,0,0.0018,0.0898,0.1167,0.0048,0.0172,0.0611,0.0663,7.0982,0.0905,0.0000,1.1192,0.0044,0.0001,0.6421,0.0058,0.0047,0.0002
3052,38.2575,0.0583,13.8815,6.7324,,true,0,0.008333,0.0000,0.0000,1.00,0.00,0.0000,22,1,368,368,0,0,100,0,14,14,0,0,0,368,0,0,920117248,0.000000,0.000352,37.920871,0.00,2,5,10,18,16,24,26,14,29,32,36,34,43,43,36,0,0,0,0.0027,0.0597,0.0621,0.0040,0.0276,0.0879,0.0440,6.7324,0.1011,0.0000,0.9904,0.0053,0.0001,0.5425,0.0101,0.0056,0.0001
3053,38.2780,0.0583,17.7813,8.9545,,true,0,0.008333,0.0000,0.0000,1.00,0.00,0.0000,22,1,368,368,0,0,100,0,14,14,0,0,0,368,0,0,920117248,0.000000,0.000352,37.920871,0.00,2,5,10,18,16,24,26,14,29,32,36,34,43,43,36,0,0,0,0.0031,0.0471,0.1042,0.0053,0.0289,0.0924,0.0586,8.9545,0.0886,0.0000,1.4600,0.0097,0.0002,0.7360,0.0102,0.0123,0.0003
3054,38.2918,0.0583,13.2250,9.7769,,true,0,0.008333,0.0000,0.0000,1.00,0.00,0.0000,22,1,368,368,0,0,100,0,14,14,0,0,0,368,0,0,920117248,0.000000,0.000352,37.920871,0.00,2,5,10,18,16,24,26,14,29,32,36,34,43,43,36,0,0,0,0.0016,0.0827,0.0726,0.0059,0.0276,0.0848,0.0723,9.7769,0.1092,0.0000,1.1895,0.0044,0.0001,0.6792,0.0119,0.0064,0.0002
3055,38.3041,0.0583,14.2473,7.8225,,true,0,0.008333,0.0000,0.0000,1.00,0.00,0.0000,22,1,368,368,0,0,100,0,14,14,0,0,0,368,0,0,920117248,0.000000,0.000352,37.920871,0.00,2,5,10,18,16,24,26,14,29,32,36,34,43,43,36,0,0,0,0.0023,0.0716,0.1148,0.0062,0.0231,0.0702,0.0630,7.8225,0.0815,0.0000,1.1646,0.0053,0.0001,0.6462,0.0067,0.0069,0.0002
3056,38.3128,0.0583,10.6999,6.0559,,true,0,0.008333,0.0000,0.0000,1.00,0.00,0.0000,22,1,368,368,0,0,100,0,14,14,0,0,0,368,0,0,920117248,0.000000,0.000352,37.920871,0.00,2,5,10,18,16,24,26,14,29,32,36,34,43,43,36,0,0,0,0.0009,0.0399,0.0691,0.0032,0.0169,0.0579,0.0416,6.0559,0.0722,0.0000,0.8667,0.0041,0.0001,0.4973,0.0078,0.0047,0.0002
3057,38.3274,0.0583,11.8274,8.5175,,true,0,0.008333,0.0000,0.0000,1.00,0.00,0.0000,22,1,368,368,0,0,100,0,14,14,0,0,0,368,0,0,920117248,0.000000,0.000352,37.920871,0.00,2,5,10,18,16,24,26,14,29,32,36,34,43,43,36,0,0,0,0.0016,0.0539,0.0781,0.0035,0.0283,0.1155,0.0617,8.5175,0.0671,0.0000,1.2181,0.0080,0.0002,0.6678,0.0122,0.0082,0.0002
3058,38.3406,0.0583,13.5577,8.1845,,true,0,0.008333,0.0000,0.0000,1.00,0.00,0.0000,22,1,368,368,0,0,100,0,14,14,0,0,0,368,0,0,920117248,0.000000,0.000352,37.920871,0.00,2,5,10,18,16,24,26,14,29,32,36,34,43,43,36,0,0,0,0.0016,0.0663,0.0854,0.0040,0.0291,0.0799,0.0530,8.1845,0.0842,0.0000,1.7592,0.0044,0.0002,1.1058,0.0127,0.0068,0.0002
3059,38.3530,0.0583,11.9805,9.2552,,true,0,0.008333,0.0000,0.0000,1.00,0.00,0.0000,22,1,368,368,0,0,100,0,14,14,0,0,0,368,0,0,920117248,0.000000,0.000352,37.920871,0.00,2,5,10,18,16,24,26,14,29,32,36,34,43,43,36,0,0,0,0.0016,0.0653,0.0743,0.0039,0.0220,0.0543,0.0658,9.2552,0.0705,0.0000,1.2106,0.0051,0.0002,0.6846,0.0106,0.0049,0.0002
3060,38.3659,0.0583,13.6947,8.1798,,true,0,0.008333,0.0000,0.0000,1.00,0.00,0.0000,22,1,368,368,0,0,100,0,14,14,0,0,0,368,0,0,920117248,0.000000,0.000352,37.920871,0.00,2,5,10,18,16,24,26,14,29,32,36,34,43,43,36,0,0,0,0.0015,0.0611,0.0715,0.0053,0.0218,0.0804,0.0565,8.1798,0.0723,0.0000,1.1425,0.0040,0.0001,0.6531,0.0111,0.0072,0.0002
3061,38.3780,0.0583,12.6222,7.3868,,true,0,0.008333,0.0000,0.0000,1.00,0.00,0.0000,22,1,368,368,0,0,100,0,14,14,0,0,0,368,0,0,920117248,0.000000,0.000352,37.920871,0.00,2,5,10,18,16,24,26,14,29,32,36,34,43,43,36,0,0,0,0.0014,0.0632,0.0550,0.0041,0.0226,0.0859,0.0593,7.3868,0.0812,0.0000,0.9635,0.0050,0.0001,0.5393,0.0086,0.0060,0.0001
3062,38.3886,0.0583,11.6319,6.5994,,true,0,0.008333,0.0000,0.0000,1.00,0.00,0.0000,22,1,368,368,0,0,100,0,14,14,0,0,0,368,0,0,920117248,0.000000,0.000352,37.920871,0.00,2,5,10,18,16,24,26,14,29,32,36,34,43,43,36,0,0,0,0.0017,0.0591,0.0788,0.0029,0.0167,0.0649,0.0624,6.5994,0.0711,0.0000,1.3142,0.0139,0.0001,0.6693,0.0204,0.0492,0.0002
3063,38.4001,0.0583,12.3089,5.8790,,true,0,0.008333,0.0000,0.0000,1.00,0.00,0.0000,22,1,368,368,0,0,100,0,14,14,0,0,0,368,0,0,920117248,0.000000,0.000352,37.920871,0.00,2,5,10,18,16,24,26,14,29,32,36,34,43,43,36,0,0,0,0.0014,0.0475,0.0620,0.0048,0.0225,0.0699,0.0416,5.8790,0.0793,0.0000,0.9047,0.0047,0.0001,0.4984,0.0085,0.0066,0.0002
3064,38.4150,0.0583,13.3318,7.0400,,true,0,0.008333,0.0000,0.0000,1.00,0.00,0.0000,22,1,368,368,0,0,100,0,14,14,0,0,0,368,0,0,920117248,0.000000,0.000352,37.920871,0.00,2,5,10,18,16,24,26,14,29,32,36,34,43,43,36,0,0,0,0.0015,0.0619,0.2200,0.0054,0.0277,0.1371,0.0672,7.0400,0.1072,0.0000,1.2461,0.0043,0.0001,0.7096,0.0086,0.0063,0.0002
3065,38.4288,0.0583,13.5381,7.4222,,true,0,0.008333,0.0000,0.0000,1.00,0.00,0.0000,22,1,368,368,0,0,100,0,14,14,0,0,0,368,0,0,920117248,0.000000,0.000352,37.920871,0.00,2,5,10,18,16,24,26,14,29,32,36,34,43,43,36,0,0,0,0.0014,0.0620,0.0828,0.0047,0.0257,0.0875,0.0559,7.4222,0.0810,0.0000,1.3600,0.0048,0.0001,0.7966,0.0153,0.0052,0.0002
3066,38.4416,0.0583,13.8405,6.4406,,true,0,0.008333,0.0000,0.0000,1.00,0.00,0.0000,22,1,368,368,0,0,100,0,14,14,0,0,0,368,0,0,920117248,0.000000,0.000352,37.920871,0.00,2,5,10,18,16,24,26,14,29,32,36,34,43,43,36,0,0,0,0.0014,0.0497,0.0750,0.0039,0.0239,0.0686,0.0557,6.4406,0.0646,0.0000,1.1465,0.0049,0.0002,0.6666,0.0088,0.0057,0.0002
3067,38.4534,0.0583,12.0624,6.5798,,true,0,0.008333,0.0000,0.0000,1.00,0.00,0.0000,22,1,368,368,0,0,100,0,14,14,0,0,0,368,0,0,920117248,0.000000,0.000352,37.920871,0.00,2,5,10,18,16,24,26,14,29,32,36,34,43,43,36,0,0,0,0.0015,0.0591,0.0781,0.0042,0.0268,0.0780,0.0569,6.5798,0.0798,0.0000,1.1753,0.0048,0.0001,0.6841,0.0084,0.0063,0.0002
3068,38.4668,0.0583,13.4192,6.5035,,true,0,0.008333,0.0000,0.0000,1.00,0.00,0.0000,22,1,368,368,0,0,100,0,14,14,0,0,0,368,0,0,920117248,0.000000,0.000352,37.920871,0.00,2,5,10,18,16,24,26,14,29,32,36,34,43,43,36,0,0,0,0.0009,0.0471,0.0603,0.0037,0.0244,0.0891,0.0440,6.5035,0.0662,0.0000,0.9018,0.0057,0.0001,0.4784,0.0084,0.0054,0.0001
3069,38.4796,0.0583,12.8020,6.4465,,true,0,0.008333,0.0000,0.0000,1.00,0.00,0.0000,22,1,368,368,0,0,100,0,14,14,0,0,0,368,0,0,920117248,0.000000,0.000352,37.920871,0.00,2,5,10,18,16,24,26,14,29,32,36,34,43,43,36,0,0,0,0.0023,0.0641,0.0761,0.0037,0.0165,0.0654,0.0651,6.4465,0.0637,0.0000,1.1132,0.0035,0.0001,0.6547,0.0045,0.0056,0.0002
3070,38.4917,0.0583,10.4008,7.8644,,true,0,0.008333,0.0000,0.0000,1.00,0.00,0.0000,22,1,368,368,0,0,100,0,14,14,0,0,0,368,0,0,920117248,0.000000,0.000352,37.920871,0.00,2,5,10,18,16,24,26,14,29,32,36,34,43,43,36,0,0,0,0.0057,0.0598,0.0870,0.0056,0.0309,0.1039,0.0630,7.8644,0.0854,0.0000,1.3628,0.0041,0.0001,0.7665,0.0080,0.0064,0.0002
3071,38.5058,0.0583,13.6836,8.4530,,true,0,0.008333,0.0000,0.0000,1.00,0.00,0.0000,22,1,368,368,0,0,100,0,14,14,0,0,0,368,0,0,920117248,0.000000,0.000352,37.920871,0.00,2,5,10,18,16,24,26,14,29,32,36,34,43,43,36,0,0,0,0.0021,0.0703,0.0978,0.0042,0.0205,0.0820,0.0646,8.4530,0.0814,0.0000,1.6929,0.0041,0.0002,0.9823,0.0105,0.0056,0.0003
3072,38.5167,0.0583,12.2232,6.7561,,true,1,0.008333,0.0000,0.0083,1.00,0.00,0.0000,22,1,368,368,0,0,100,0,14,14,0,0,0,368,0,0,920117248,0.000000,0.000352,38.226098,0.00,2,5,10,18,16,24,26,14,29,32,36,34,43,43,36,0,0,0,0.0014,0.0712,0.0756,0.0046,0.0222,0.2857,0.0586,6.7561,0.0722,0.0000,1.2717,0.0054,0.0001,0.7645,0.0093,0.0059,0.0002
3073,38.5276,0.0583,12.2721,6.0842,,true,0,0.008333,0.0000,0.0000,1.00,0.00,0.0000,22,1,368,368,0,0,100,0,14,14,0,0,0,368,0,0,920117248,0.000000,0.000352,38.226098,0.00,2,5,10,18,16,24,26,14,29,32,36,34,43,43,36,0,0,0,0.0055,0.0561,0.0584,0.0051,0.0232,0.0718,0.0417,6.0842,0.0653,0.0000,0.9109,0.0047,0.0001,0.4946,0.0091,0.0062,0.0002
3074,38.5414,0.0583,13.9230,5.9539,,true,0,0.008333,0.0000,0.0000,1.00,0.00,0.0000,22,1,368,368,0,0,100,0,14,14,0,0,0,368,0,0,920117248,0.000000,0.000352,38.226098,0.00,2,5,10,18,16,24,26,14,29,32,36,34,43,43,36,0,0,0,0.0015,0.0576,0.0783,0.0037,0.0177,0.0555,0.0590,5.9539,0.0944,0.0000,1.2545,0.0035,0.0001,0.7689,0.0075,0.0048,0.0002
3075,38.5569,0.0583,13.5493,7.1886,,true,0,0.008333,0.0000,0.0000,1.00,0.00,0.0000,22,1,368,368,0,0,100,0,14,14,0,0,0,368,0,0,920117248,0.000000,0.000352,38.226098,0.00,2,5,10,18,16,24,26,14,29,32,36,34,43,43,36,0,0,0,0.0024,0.0510,0.0624,0.0044,0.0220,0.0660,0.0415,7.1886,0.0555,0.0000,0.9057,0.0050,0.0001,0.5172,0.0091,0.0056,0.0001
3076,38.5670,0.0583,11.2831,6.4716,,true,0,0.008333,0.0000,0.0000,1.00,0.00,0.0000,22,1,368,368,0,0,100,0,14,14,0,0,0,368,0,0,920117248,0.000000,0.000352,38.226098,0.00,2,5,10,18,16,24,26,14,29,32,36,34,43,43,36,0,0,0,0.0016,0.0551,0.0863,0.0037,0.0206,0.0783,0.0567,6.4716,0.0762,0.0000,1.2074,0.0036,0.0001,0.6713,0.0067,0.0041,0.0002
3077,38.5780,0.0583,11.8939,5.6312,,true,0,0.008333,0.0000,0.0000,1.00,0.00,0.0000,22,1,368,368,0,0,100,0,14,14,0,0,0,368,0,0,920117248,0.000000,0.000352,38.226098,0.00,2,5,10,18,16,24,26,14,29,32,36,34,43,43,36,0,0,0,0.0013,0.0468,0.0580,0.0036,0.0208,0.1083,0.0504,5.6312,0.0596,0.0000,0.8272,0.0032,0.0001,0.4794,0.0068,0.0048,0.0001
3078,38.5922,0.0583,13.1487,6.7902,,true,0,0.008333,0.0000,0.0000,1.00,0.00,0.0000,22,1,368,368,0,0,100,0,14,14,0,0,0,368,0,0,920117248,0.000000,0.000352,38.226098,0.00,2,5,10,18,16,24,26,14,29,32,36,34,43,43,36,0,0,0,0.0016,0.0575,0.0738,0.0050,0.0250,0.0691,0.0649,6.7902,0.0694,0.0000,1.2404,0.0043,0.0001,0.6728,0.0178,0.0065,0.0002
3079,38.6082,0.0583,14.6367,7.7252,,true,0,0.008333,0.0000,0.0000,1.00,0.00,0.0000,22,1,368,368,0,0,100,0,14,14,0,0,0,368,0,0,920117248,0.000000,0.000352,38.226098,0.00,2,5,10,18,16,24,26,14,29,32,36,34,43,43,36,0,0,0,0.0067,0.0604,0.0654,0.0036,0.0272,0.0951,0.0473,7.7252,0.0600,0.0000,0.8592,0.0042,0.0001,0.4797,0.0083,0.0043,0.0001
3080,38.6182,0.0583,11.0859,6.4537,,true,0,0.008333,0.0000,0.0000,1.00,0.00,0.0000,22,1,368,368,0,0,100,0,14,14,0,0,0,368,0,0,920117248,0.000000,0.000352,38.226098,0.00,2,5,10,18,16,24,26,14,29,32,36,34,43,43,36,0,0,0,0.0018,0.0413,0.0624,0.0040,0.0243,0.0927,0.0431,6.4537,0.0641,0.0000,0.8932,0.0042,0.0001,0.4932,0.0087,0.0046,0.0001
3081,38.6320,0.0583,12.5553,7.6467,,true,0,0.008333,0.0000,0.0000,1.00,0.00,0.0000,22,1,368,368,0,0,100,0,14,14,0,0,0,368,0,0,920117248,0.000000,0.000352,38.226098,0.00,2,5,10,18,16,24,26,14,29,32,36,34,43,43,36,0,0,0,0.0015,0.0628,0.0728,0.0029,0.0219,0.0898,0.0632,7.6467,0.0666,0.0000,1.1471,0.0044,0.0001,0.6498,0.0093,0.0072,0.0002
3082,38.6454,0.0583,12.4636,8.9565,,true,0,0.008333,0.0000,0.0000,1.00,0.00,0.0000,22,1,368,368,0,0,100,0,14,14,0,0,0,368,0,0,920117248,0.000000,0.000352,38.226098,0.00,2,5,10,18,16,24,26,14,29,32,36,34,43,43,36,0,0,0,0.0013,0.0531,0.1314,0.0056,0.0246,0.0915,0.0575,8.9565,0.0989,0.0000,1.2178,0.0040,0.0001,0.7225,0.0089,0.0060,0.0002
3083,38.6656,0.0583,16.8908,10.5022,,true,0,0.008333,0.0000,0.0000,1.00,0.00,0.0000,22,1,368,368,0,0,100,0,14,14,0,0,0,368,0,0,920117248,0.000000,0.000352,38.226098,0.00,2,5,10,18,16,24,26,14,29,32,36,34,43,43,36,0,0,0,0.0022,0.0797,0.1524,0.0031,0.0289,0.1113,0.0570,10.5022,0.1824,0.0000,1.5793,0.0076,0.0001,0.5806,0.0192,0.0120,0.0002
3084,38.6787,0.0583,16.7813,7.8977,,true,0,0.008333,0.0000,0.0000,1.00,0.00,0.0000,22,1,368,368,0,0,100,0,14,14,0,0,0,368,0,0,920117248,0.000000,0.000352,38.226098,0.00,2,5,10,18,16,24,26,14,29,32,36,34,43,43,36,0,0,0,0.0017,0.0643,0.1216,0.0044,0.0252,0.0889,0.0569,7.8977,0.0630,0.0000,1.1984,0.0044,0.0001,0.6494,0.0212,0.0068,0.0002
3085,38.6872,0.0583,11.2434,6.0519,,true,0,0.008333,0.0000,0.0000,1.00,0.00,0.0000,22,1,368,368,0,0,100,0,14,14,0,0,0,368,0,0,920117248,0.000000,0.000352,38.226098,0.00,2,5,10,18,16,24,26,14,29,32,36,34,43,43,36,0,0,0,0.0015,0.0562,0.0789,0.0167,0.0186,0.0858,0.0540,6.0519,0.0808,0.0000,1.1278,0.0038,0.0002,0.6688,0.0074,0.0034,0.0003
3086,38.7018,0.0583,13.4758,6.9290,,true,0,0.008333,0.0000,0.0000,1.00,0.00,0.0000,22,1,368,368,0,0,100,0,14,14,0,0,0,368,0,0,920117248,0.000000,0.000352,38.226098,0.00,2,5,10,18,16,24,26,14,29,32,36,34,43,43,36,0,0,0,0.0015,0.0549,0.0848,0.0046,0.0230,0.0832,0.0564,6.9290,0.0682,0.0000,1.1279,0.0039,0.0001,0.6767,0.0091,0.0034,0.0002
3087,38.7143,0.0583,12.6011,6.7533,,true,0,0.008333,0.0000,0.0000,1.00,0.00,0.0000,22,1,368,368,0,0,100,0,14,14,0,0,0,368,0,0,920117248,0.000000,0.000352,38.226098,0.00,2,5,10,18,16,24,26,14,29,32,36,34,43,43,36,0,0,0,0.0016,0.0672,0.0869,0.0052,0.0240,0.0881,0.0617,6.7533,0.0803,0.0000,1.2776,0.0045,0.0001,0.7195,0.0097,0.0050,0.0002
3088,38.7270,0.0583,13.1166,6.7332,,true,0,0.008333,0.0000,0.0000,1.00,0.00,0.0000,22,1,368,368,0,0,100,0,14,14,0,0,0,368,0,0,920117248,0.000000,0.000352,38.226098,0.00,2,5,10,18,16,24,26,14,29,32,36,34,43,43,36,0,0,0,0.0018,0.0725,0.0794,0.0067,0.0262,0.0826,0.0573,6.7332,0.0652,0.0000,1.2386,0.0063,0.0001,0.6839,0.0083,0.0098,0.0004
3089,38.7392,0.0583,12.7183,6.0320,,true,0,0.008333,0.0000,0.0000,1.00,0.00,0.0000,22,1,368,368,0,0,100,0,14,14,0,0,0,368,0,0,920117248,0.000000,0.000352,38.226098,0.00,2,5,10,18,16,24,26,14,29,32,36,34,43,43,36,0,0,0,0.0016,0.0553,0.0760,0.0049,0.0261,0.0760,0.0551,6.0320,0.0745,0.0000,1.1029,0.0039,0.0002,0.6534,0.0081,0.0053,0.0002
3090,38.7542,0.0583,12.0372,7.7545,,true,0,0.008333,0.0000,0.0000,1.00,0.00,0.0000,22,1,368,368,0,0,100,0,14,14,0,0,0,368,0,0,920117248,0.000000,0.000352,38.226098,0.00,2,5,10,18,16,24,26,14,29,32,36,34,43,43,36,0,0,0,0.0016,0.0613,0.0812,0.0102,0.0214,0.0766,0.0559,7.7545,0.0689,0.0000,1.1865,0.0029,0.0001,0.7084,0.0092,0.0042,0.0002
3091,38.7669,0.0583,14.2547,7.4789,,true,0,0.008333,0.0000,0.0000,1.00,0.00,0.0000,22,1,368,368,0,0,100,0,14,14,0,0,0,368,0,0,920117248,0.000000,0.000352,38.226098,0.00,2,5,10,18,16,24,26,14,29,32,36,34,43,43,36,0,0,0,0.0015,0.0603,0.0824,0.0044,0.0225,0.1596,0.0616,7.4789,0.0785,0.0000,1.1940,0.0034,0.0001,0.7137,0.0083,0.0039,0.0002
3092,38.7788,0.0583,11.1401,7.0361,,true,0,0.008333,0.0000,0.0000,1.00,0.00,0.0000,22,1,368,368,0,0,100,0,14,14,0,0,0,368,0,0,920117248,0.000000,0.000352,38.226098,0.00,2,5,10,18,16,24,26,14,29,32,36,34,43,43,36,0,0,0,0.0020,0.0745,0.0980,0.0036,0.0179,0.0711,0.0644,7.0361,0.0721,0.0000,1.3091,0.0059,0.0001,0.7549,0.0088,0.0073,0.0002
3093,38.7912,0.0583,13.3635,6.3862,,true,0,0.008333,0.0000,0.0000,1.00,0.00,0.0000,22,1,368,368,0,0,100,0,14,14,0,0,0,368,0,0,920117248,0.000000,0.000352,38.226098,0.00,2,5,10,18,16,24,26,14,29,32,36,34,43,43,36,0,0,0,0.0017,0.0656,0.0821,0.0057,0.0304,0.0951,0.0575,6.3862,0.0836,0.0000,1.2093,0.0037,0.0001,0.7286,0.0073,0.0056,0.0002
3094,38.8065,0.0583,13.7089,8.7520,,true,0,0.008333,0.0000,0.0000,1.00,0.00,0.0000,22,1,368,368,0,0,100,0,14,14,0,0,0,368,0,0,920117248,0.000000,0.000352,38.226098,0.00,2,5,10,18,16,24,26,14,29,32,36,34,43,43,36,0,0,0,0.0019,0.0634,0.0964,0.0074,0.0292,0.0827,0.0588,8.7520,0.0921,0.0000,1.2039,0.0075,0.0001,0.6819,0.0075,0.0065,0.0003
3095,38.8231,0.0583,15.0353,9.8943,,true,1,0.008333,0.0000,0.0083,1.00,0.00,0.0000,22,1,368,368,0,0,100,0,14,14,0,0,0,368,0,0,920117248,0.000000,0.000352,38.532785,0.00,2,5,10,18,16,24,26,14,29,32,36,34,43,43,36,0,0,0,0.0019,0.0676,0.1098,0.0053,0.0268,0.3280,0.0565,9.8943,0.1289,0.0000,1.5069,0.0083,0.0001,0.7971,0.0102,0.0110,0.0002
3096,38.8342,0.0583,13.4032,7.7320,,true,0,0.008333,0.0000,0.0000,1.00,0.00,0.0000,22,1,368,368,0,0,100,0,14,14,0,0,0,368,0,0,920117248,0.000000,0.000352,38.532785,0.00,2,5,10,18,16,24,26,14,29,32,36,34,43,43,36,0,0,0,0.0019,0.0790,0.0749,0.0039,0.0205,0.0712,0.0588,7.7320,0.0692,0.0000,1.2259,0.0041,0.0001,0.6966,0.0090,0.0056,0.0002
3097,38.8454,0.0583,12.6712,6.6154,,true,0,0.008333,0.0000,0.0000,1.00,0.00,0.0000,22,1,368,368,0,0,100,0,14,14,0,0,0,368,0,0,920117248,0.000000,0.000352,38.532785,0.00,2,5,10,18,16,24,26,14,29,32,36,34,43,43,36,0,0,0,0.0015,0.0621,0.1061,0.0045,0.0166,0.0768,0.0541,6.6154,0.0884,0.0000,1.1320,0.0039,0.0001,0.6802,0.0091,0.0051,0.0002
3098,38.8568,0.0583,12.3576,5.7909,,true,0,0.008333,0.0000,0.0000,1.00,0.00,0.0000,22,1,368,368,0,0,100,0,14,14,0,0,0,368,0,0,920117248,0.000000,0.000352,38.532785,0.00,2,5,10,18,16,24,26,14,29,32,36,34,43,43,36,0,0,0,0.0018,0.0576,0.0750,0.0042,0.0155,0.0848,0.0555,5.7909,0.0640,0.0000,1.1626,0.0051,0.0001,0.6560,0.0089,0.0057,0.0002
3099,38.8700,0.0583,12.4759,6.4403,,true,0,0.008333,0.0000,0.0000,1.00,0.00,0.0000,22,1,368,368,0,0,100,0,14,14,0,0,0,368,0,0,920117248,0.000000,0.000352,38.532785,0.00,2,5,10,18,16,24,26,14,29,32,36,34,43,43,36,0,0,0,0.0018,0.0587,0.0762,0.0167,0.0387,0.0917,0.0569,6.4403,0.0992,0.0000,1.1595,0.0045,0.0001,0.6899,0.0082,0.0048,0.0002
3100,38.9001,0.0583,13.0657,23.3000,,true,0,0.008333,0.0000,0.0000,1.00,0.00,0.0000,22,1,368,368,0,0,100,0,14,14,0,0,0,368,0,0,920117248,0.000000,0.000352,38.532785,0.00,2,5,10,18,16,24,26,14,29,32,36,34,43,43,36,0,0,0,0.0019,0.0473,0.1189,0.0042,0.0217,0.0788,0.0436,23.3000,0.1089,0.0000,17.8983,0.0038,1.8049,0.7151,0.0383,0.0063,14.8651
3101,38.9092,0.0583,11.2087,7.6748,,true,0,0.008333,0.0000,0.0000,1.00,0.00,0.0000,22,1,368,368,0,0,100,0,14,14,0,0,0,368,0,0,920117248,0.000000,0.000352,38.532785,0.00,2,5,10,18,16,24,26,14,29,32,36,34,43,43,36,0,0,0,0.0014,0.0900,0.0933,0.0072,0.0277,0.0670,0.1384,7.6748,0.1084,0.0000,1.5261,0.0067,0.0002,0.7824,0.0140,0.0088,0.0002
3102,38.9184,0.0583,23.8502,6.9015,,true,0,0.008333,0.0000,0.0000,1.00,0.00,0.0000,22,1,368,368,0,0,100,0,14,14,0,0,0,368,0,0,920117248,0.000000,0.000352,38.532785,0.00,2,5,10,18,16,24,26,14,29,32,36,34,43,43,36,0,0,0,0.0021,0.0767,0.0873,0.0052,0.0411,0.1185,0.0811,6.9015,0.0887,0.0000,1.4043,0.0058,0.0002,0.8662,0.0099,0.0074,0.0002
3103,38.9256,0.0583,7.0521,6.1898,,true,0,0.008333,0.0000,0.0000,1.00,0.00,0.0000,22,1,368,368,0,0,100,0,14,14,0,0,0,368,0,0,920117248,0.000000,0.000352,38.532785,0.00,2,5,10,18,16,24,26,14,29,32,36,34,43,43,36,0,0,0,0.0030,0.0578,0.0707,0.0058,0.0259,0.0478,0.0650,6.1898,0.0770,0.0000,0.9651,0.0041,0.0001,0.5025,0.0106,0.0069,0.0001
3104,38.9331,0.0583,7.9586,6.3912,,true,0,0.008333,0.0000,0.0000,1.00,0.00,0.0000,22,1,368,368,0,0,100,0,14,14,0,0,0,368,0,0,920117248,0.000000,0.000352,38.532785,0.00,2,5,10,18,16,24,26,14,29,32,36,34,43,43,36,0,0,0,0.0015,0.0573,0.0765,0.0061,0.0296,0.0795,0.0660,6.3912,0.0651,0.0000,1.1756,0.0036,0.0001,0.6554,0.0078,0.0064,0.0002
3105,38.9483,0.0583,13.4136,7.8526,,true,0,0.008333,0.0000,0.0000,1.00,0.00,0.0000,22,1,368,368,0,0,100,0,14,14,0,0,0,368,0,0,920117248,0.000000,0.000352,38.532785,0.00,2,5,10,18,16,24,26,14,29,32,36,34,43,43,36,0,0,0,0.0017,0.0765,0.0979,0.0057,0.0204,0.0827,0.0715,7.8526,0.0858,0.0000,1.4166,0.0063,0.0002,0.7545,0.0096,0.0072,0.0003
3106,38.9588,0.0583,12.2527,6.4149,,true,0,0.008333,0.0000,0.0000,1.00,0.00,0.0000,22,1,368,368,0,0,100,0,14,14,0,0,0,368,0,0,920117248,0.000000,0.000352,38.532785,0.00,2,5,10,18,16,24,26,14,29,32,36,34,43,43,36,0,0,0,0.0019,0.0625,0.0772,0.0218,0.0218,0.0894,0.0550,6.4149,0.0656,0.0000,1.1549,0.0038,0.0002,0.6402,0.0076,0.0068,0.0002
3107,38.9717,0.0583,11.3987,7.6738,,true,0,0.008333,0.0000,0.0000,1.00,0.00,0.0000,22,1,368,368,0,0,100,0,14,14,0,0,0,368,0,0,920117248,0.000000,0.000352,38.532785,0.00,2,5,10,18,16,24,26,14,29,32,36,34,43,43,36,0,0,0,0.0013,0.0620,0.1291,0.0060,0.0303,0.1002,0.0599,7.6738,0.0941,0.0000,1.4795,0.0039,0.0001,0.8984,0.0109,0.0050,0.0002
3108,38.9830,0.0583,13.5908,5.8168,,true,0,0.008333,0.0000,0.0000,1.00,0.00,0.0000,22,1,368,368,0,0,100,0,14,14,0,0,0,368,0,0,920117248,0.000000,0.000352,38.532785,0.00,2,5,10,18,16,24,26,14,29,32,36,34,43,43,36,0,0,0,0.0034,0.0524,0.0696,0.0038,0.0176,0.0643,0.0588,5.8168,0.0673,0.0000,1.1131,0.0047,0.0002,0.6387,0.0080,0.0059,0.0002
3109,38.9960,0.0583,12.3457,6.1112,,true,0,0.008333,0.0000,0.0000,1.00,0.00,0.0000,22,1,368,368,0,0,100,0,14,14,0,0,0,368,0,0,920117248,0.000000,0.000352,38.532785,0.00,2,5,10,18,16,24,26,14,29,32,36,34,43,43,36,0,0,0,0.0021,0.0586,0.0738,0.0045,0.0256,0.0817,0.0587,6.1112,0.0701,0.0000,1.1618,0.0046,0.0001,0.7090,0.0074,0.0056,0.0002
3110,39.0089,0.0583,12.7744,6.5422,,true,0,0.008333,0.0000,0.0000,1.00,0.00,0.0000,22,1,368,368,0,0,100,0,14,14,0,0,0,368,0,0,920117248,0.000000,0.000352,38.532785,0.00,2,5,10,18,16,24,26,14,29,32,36,34,43,43,36,0,0,0,0.0019,0.0515,0.0840,0.0045,0.0212,0.0641,0.0543,6.5422,0.0821,0.0000,1.0296,0.0037,0.0002,0.5581,0.0080,0.0058,0.0002
3111,39.0246,0.0583,13.7849,8.1589,,true,0,0.008333,0.0000,0.0000,1.00,0.00,0.0000,22,1,368,368,0,0,100,0,14,14,0,0,0,368,0,0,920117248,0.000000,0.000352,38.532785,0.00,2,5,10,18,16,24,26,14,29,32,36,34,43,43,36,0,0,0,0.0021,0.0648,0.1172,0.0035,0.0211,0.0802,0.0618,8.1589,0.0770,0.0000,0.9068,0.0047,0.0001,0.4908,0.0088,0.0069,0.0002
3112,39.0371,0.0583,13.1493,7.2804,,true,0,0.008333,0.0000,0.0000,1.00,0.00,0.0000,22,1,368,368,0,0,100,0,14,14,0,0,0,368,0,0,920117248,0.000000,0.000352,38.532785,0.00,2,5,10,18,16,24,26,14,29,32,36,34,43,43,36,0,0,0,0.0016,0.0618,0.0702,0.0044,0.0269,0.0811,0.0678,7.2804,0.0650,0.0000,1.1537,0.0055,0.0002,0.6479,0.0098,0.0072,0.0002
3113,39.0476,0.0583,11.5286,6.5554,,true,0,0.008333,0.0000,0.0000,1.00,0.00,0.0000,22,1,368,368,0,0,100,0,14,14,0,0,0,368,0,0,920117248,0.000000,0.000352,38.532785,0.00,2,5,10,18,16,24,26,14,29,32,36,34,43,43,36,0,0,0,0.0016,0.0639,0.0709,0.0053,0.0229,0.0854,0.0586,6.5554,0.0860,0.0000,1.1670,0.0037,0.0002,0.6724,0.0080,0.0055,0.0002
3114,39.0610,0.0583,13.8089,6.2392,,true,0,0.008333,0.0000,0.0000,1.00,0.00,0.0000,22,1,368,368,0,0,100,0,14,14,0,0,0,368,0,0,920117248,0.000000,0.000352,38.532785,0.00,2,5,10,18,16,24,26,14,29,32,36,34,43,43,36,0,0,0,0.0017,0.0581,0.0711,0.0046,0.0221,0.0809,0.0571,6.2392,0.0663,0.0000,1.2281,0.0043,0.0001,0.6929,0.0087,0.0067,0.0002
3115,39.0771,0.0583,14.6484,7.6943,,true,0,0.008333,0.0000,0.0000,1.00,0.00,0.0000,22,1,368,368,0,0,100,0,14,14,0,0,0,368,0,0,920117248,0.000000,0.000352,38.532785,0.00,2,5,10,18,16,24,26,14,29,32,36,34,43,43,36,0,0,0,0.0020,0.0706,0.0784,0.0060,0.0279,0.0897,0.0617,7.6943,0.1268,0.0000,1.2290,0.0044,0.0001,0.6824,0.0101,0.0074,0.0003
3116,39.0974,0.0583,15.1945,12.3199,,true,0,0.008333,0.0000,0.0000,1.00,0.00,0.0000,22,1,368,368,0,0,100,0,14,14,0,0,0,368,0,0,920117248,0.000000,0.000352,38.532785,0.00,2,5,10,18,16,24,26,14,29,32,36,34,43,43,36,0,0,0,0.0032,0.0675,0.1023,0.0107,0.0563,0.1213,0.1367,12.3199,0.0750,0.0000,1.2240,0.0039,0.0001,0.6751,0.0138,0.0045,0.0002
3117,39.1119,0.0583,17.5080,9.0536,,true,0,0.008333,0.0000,0.0000,1.00,0.00,0.0000,22,1,368,368,0,0,100,0,14,14,0,0,0,368,0,0,920117248,0.000000,0.000352,38.532785,0.00,2,5,10,18,16,24,26,14,29,32,36,34,43,43,36,0,0,0,0.0023,0.0462,0.0733,0.0037,0.0250,0.0931,0.0422,9.0536,0.1817,0.0000,0.8247,0.0020,0.0001,0.5003,0.0043,0.0030,0.0001
3118,39.1224,0.0583,13.8834,6.2518,,true,1,0.008333,0.0000,0.0083,1.00,0.00,0.0000,22,1,368,368,0,0,100,0,14,14,0,0,0,368,0,0,920117248,0.000000,0.000352,38.838207,0.00,2,5,10,18,16,24,26,14,29,32,36,34,43,43,36,0,0,0,0.0054,0.0529,0.0660,0.0054,0.0171,0.2679,0.0408,6.2518,0.0492,0.0000,0.8300,0.0038,0.0001,0.4684,0.0068,0.0047,0.0002
3119,39.1320,0.0583,9.8253,6.2443,,true,0,0.008333,0.0000,0.0000,1.00,0.00,0.0000,22,1,368,368,0,0,100,0,14,14,0,0,0,368,0,0,920117248,0.000000,0.000352,38.838207,0.00,2,5,10,18,16,24,26,14,29,32,36,34,43,43,36,0,0,0,0.0017,0.0487,0.0805,0.0034,0.0164,0.0757,0.0514,6.2443,0.1286,0.0000,1.1330,0.0041,0.0002,0.6536,0.0091,0.0061,0.0002
3120,39.1450,0.0583,13.3077,5.9783,,true,0,0.008333,0.0000,0.0000,1.00,0.00,0.0000,22,1,368,368,0,0,100,0,14,14,0,0,0,368,0,0,920117248,0.000000,0.000352,38.838207,0.00,2,5,10,18,16,24,26,14,29,32,36,34,43,43,36,0,0,0,0.0016,0.0548,0.0925,0.0034,0.0207,0.1124,0.0687,5.9783,0.0819,0.0000,1.1207,0.0035,0.0001,0.6632,0.0078,0.0046,0.0002
3121,39.1592,0.0583,13.1617,6.7668,,true,0,0.008333,0.0000,0.0000,1.00,0.00,0.0000,22,1,368,368,0,0,100,0,14,14,0,0,0,368,0,0,920117248,0.000000,0.000352,38.838207,0.00,2,5,10,18,16,24,26,14,29,32,36,34,43,43,36,0,0,0,0.0016,0.0619,0.0783,0.0052,0.0232,0.0805,0.0546,6.7668,0.0965,0.0000,1.1372,0.0039,0.0001,0.6449,0.0079,0.0050,0.0002
3122,39.1722,0.0583,12.3536,7.2200,,true,0,0.008333,0.0000,0.0000,1.00,0.00,0.0000,22,1,368,368,0,0,100,0,14,14,0,0,0,368,0,0,920117248,0.000000,0.000352,38.838207,0.00,2,5,10,18,16,24,26,14,29,32,36,34,43,43,36,0,0,0,0.0017,0.0543,0.0815,0.0050,0.0259,0.0949,0.0563,7.2200,0.0879,0.0000,1.2789,0.0053,0.0001,0.7959,0.0093,0.0064,0.0002
3123,39.1839,0.0583,12.7455,6.5264,,true,0,0.008333,0.0000,0.0000,1.00,0.00,0.0000,22,1,368,368,0,0,100,0,14,14,0,0,0,368,0,0,920117248,0.000000,0.000352,38.838207,0.00,2,5,10,18,16,24,26,14,29,32,36,34,43,43,36,0,0,0,0.0031,0.0600,0.0752,0.0068,0.0239,0.0840,0.0556,6.5264,0.0567,0.0000,1.1163,0.0039,0.0001,0.6511,0.0055,0.0042,0.0002
3124,39.1988,0.0583,12.9108,7.5198,,true,0,0.008333,0.0000,0.0000,1.00,0.00,0.0000,22,1,368,368,0,0,100,0,14,14,0,0,0,368,0,0,920117248,0.000000,0.000352,38.838207,0.00,2,5,10,18,16,24,26,14,29,32,36,34,43,43,36,0,0,0,0.0057,0.0726,0.0746,0.0074,0.0322,0.0884,0.0589,7.5198,0.0664,0.0000,1.1923,0.0092,0.0001,0.6650,0.0121,0.0136,0.0002
3125,39.2108,0.0583,13.0228,7.6725,,true,0,0.008333,0.0000,0.0000,1.00,0.00,0.0000,22,1,368,368,0,0,100,0,14,14,0,0,0,368,0,0,920117248,0.000000,0.000352,38.838207,0.00,2,5,10,18,16,24,26,14,29,32,36,34,43,43,36,0,0,0,0.0020,0.0718,0.0872,0.0047,0.0298,0.0867,0.0647,7.6725,0.0864,0.0000,1.3646,0.0055,0.0001,0.7595,0.0101,0.0083,0.0002
3126,39.2264,0.0583,15.3348,7.4195,,true,0,0.008333,0.0000,0.0000,1.00,0.00,0.0000,22,1,368,368,0,0,100,0,14,14,0,0,0,368,0,0,920117248,0.000000,0.000352,38.838207,0.00,2,5,10,18,16,24,26,14,29,32,36,34,43,43,36,0,0,0,0.0018,0.0639,0.0683,0.0059,0.0251,0.0713,0.0581,7.4195,0.0617,0.0000,1.1345,0.0053,0.0002,0.6706,0.0071,0.0063,0.0002
3127,39.2364,0.0583,11.3246,6.2682,,true,0,0.008333,0.0000,0.0000,1.00,0.00,0.0000,22,1,368,368,0,0,100,0,14,14,0,0,0,368,0,0,920117248,0.000000,0.000352,38.838207,0.00,2,5,10,18,16,24,26,14,29,32,36,34,43,43,36,0,0,0,0.0016,0.0557,0.1074,0.0226,0.0237,0.1011,0.0562,6.2682,0.0927,0.0000,1.0910,0.0043,0.0001,0.5345,0.0269,0.0057,0.0002
3128,39.2489,0.0583,12.2685,6.5061,,true,0,0.008333,0.0000,0.0000,1.00,0.00,0.0000,22,1,368,368,0,0,100,0,14,14,0,0,0,368,0,0,920117248,0.000000,0.000352,38.838207,0.00,2,5,10,18,16,24,26,14,29,32,36,34,43,43,36,0,0,0,0.0016,0.0537,0.0794,0.0048,0.0252,0.1802,0.0557,6.5061,0.1122,0.0000,1.1603,0.0030,0.0001,0.6919,0.0085,0.0054,0.0002
3129,39.2614,0.0583,13.5702,5.6463,,true,0,0.008333,0.0000,0.0000,1.00,0.00,0.0000,22,1,368,368,0,0,100,0,14,14,0,0,0,368,0,0,920117248,0.000000,0.000352,38.838207,0.00,2,5,10,18,16,24,26,14,29,32,36,34,43,43,36,0,0,0,0.0016,0.0585,0.0781,0.0040,0.0185,0.1250,0.0567,5.6463,0.0648,0.0000,1.1375,0.0042,0.0001,0.6473,0.0082,0.0056,0.0002
3130,39.2772,0.0583,12.9698,8.0683,,true,0,0.008333,0.0000,0.0000,1.00,0.00,0.0000,22,1,368,368,0,0,100,0,14,14,0,0,0,368,0,0,920117248,0.000000,0.000352,38.838207,0.00,2,5,10,18,16,24,26,14,29,32,36,34,43,43,36,0,0,0,0.0016,0.0583,0.0736,0.0039,0.0221,0.0851,0.0564,8.0683,0.0681,0.0000,1.3031,0.0051,0.0001,0.6888,0.0084,0.0064,0.0003
3131,39.2889,0.0583,13.5196,6.2429,,true,0,0.008333,0.0000,0.0000,1.00,0.00,0.0000,22,1,368,368,0,0,100,0,14,14,0,0,0,368,0,0,920117248,0.000000,0.000352,38.838207,0.00,2,5,10,18,16,24,26,14,29,32,36,34,43,43,36,0,0,0,0.0012,0.0507,0.0733,0.0049,0.0264,0.0875,0.0432,6.2429,0.0739,0.0000,0.8873,0.0042,0.0001,0.4831,0.0065,0.0056,0.0002
3132,39.3069,0.0583,15.0026,9.1818,,true,0,0.008333,0.0000,0.0000,1.00,0.00,0.0000,22,1,368,368,0,0,100,0,14,14,0,0,0,368,0,0,920117248,0.000000,0.000352,38.838207,0.00,2,5,10,18,16,24,26,14,29,32,36,34,43,43,36,0,0,0,0.0014,0.0590,0.1501,0.0056,0.0295,0.0878,0.0567,9.1818,0.0606,0.0000,1.2097,0.0044,0.0001,0.6804,0.0140,0.0087,0.0002
3133,39.3178,0.0583,13.2710,6.8441,,true,0,0.008333,0.0000,0.0000,1.00,0.00,0.0000,22,1,368,368,0,0,100,0,14,14,0,0,0,368,0,0,920117248,0.000000,0.000352,38.838207,0.00,2,5,10,18,16,24,26,14,29,32,36,34,43,43,36,0,0,0,0.0016,0.0624,0.0753,0.0040,0.0277,0.0808,0.0572,6.8441,0.0751,0.0000,1.1349,0.0043,0.0001,0.6464,0.0081,0.0055,0.0002
3134,39.3302,0.0583,12.4351,7.0702,,true,0,0.008333,0.0000,0.0000,1.00,0.00,0.0000,22,1,368,368,0,0,100,0,14,14,0,0,0,368,0,0,920117248,0.000000,0.000352,38.838207,0.00,2,5,10,18,16,24,26,14,29,32,36,34,43,43,36,0,0,0,0.0020,0.0742,0.0852,0.0048,0.0281,0.0990,0.0577,7.0702,0.0831,0.0000,1.1740,0.0041,0.0001,0.6500,0.0110,0.0058,0.0002
3135,39.3435,0.0583,12.9811,7.5337,,true,0,0.008333,0.0000,0.0000,1.00,0.00,0.0000,22,1,368,368,0,0,100,0,14,14,0,0,0,368,0,0,920117248,0.000000,0.000352,38.838207,0.00,2,5,10,18,16,24,26,14,29,32,36,34,43,43,36,0,0,0,0.0016,0.0613,0.0933,0.0033,0.0203,0.0753,0.0544,7.5337,0.0743,0.0000,1.1559,0.0042,0.0001,0.6997,0.0108,0.0059,0.0002
3136,39.3555,0.0583,11.4446,7.8159,,true,0,0.008333,0.0000,0.0000,1.00,0.00,0.0000,22,1,368,368,0,0,100,0,14,14,0,0,0,368,0,0,920117248,0.000000,0.000352,38.838207,0.00,2,5,10,18,16,24,26,14,29,32,36,34,43,43,36,0,0,0,0.0016,0.0643,0.0807,0.0052,0.0236,0.0940,0.0557,7.8159,0.0705,0.0000,1.2641,0.0049,0.0001,0.6961,0.0133,0.0074,0.0002
3137,39.3690,0.0583,11.9367,9.3943,,true,0,0.008333,0.0000,0.0000,1.00,0.00,0.0000,22,1,368,368,0,0,100,0,14,14,0,0,0,368,0,0,920117248,0.000000,0.000352,38.838207,0.00,2,5,10,18,16,24,26,14,29,32,36,34,43,43,36,0,0,0,0.0018,0.0857,0.1010,0.0056,0.0232,0.0950,0.0636,9.3943,0.0997,0.0000,1.7495,0.0065,0.0002,1.0669,0.0090,0.0058,0.0003
3138,39.3802,0.0583,13.7402,6.8668,,true,0,0.008333,0.0000,0.0000,1.00,0.00,0.0000,22,1,368,368,0,0,100,0,14,14,0,0,0,368,0,0,920117248,0.000000,0.000352,38.838207,0.00,2,5,10,18,16,24,26,14,29,32,36,34,43,43,36,0,0,0,0.0014,0.0565,0.1162,0.0039,0.0212,0.0808,0.0545,6.8668,0.0620,0.0000,1.1097,0.0044,0.0001,0.6520,0.0086,0.0058,0.0002
3139,39.3953,0.0583,11.4611,10.2606,,true,0,0.008333,0.0000,0.0000,1.00,0.00,0.0000,22,1,368,368,0,0,100,0,14,14,0,0,0,368,0,0,920117248,0.000000,0.000352,38.838207,0.00,2,5,10,18,16,24,26,14,29,32,36,34,43,43,36,0,0,0,0.0030,0.0948,0.1116,0.0076,0.0357,0.1145,0.0696,10.2606,0.1500,0.0000,1.4709,0.0044,0.0002,0.8313,0.0183,0.0086,0.0002
3140,39.4081,0.0583,15.1041,8.1208,,true,0,0.008333,0.0000,0.0000,1.00,0.00,0.0000,22,1,368,368,0,0,100,0,14,14,0,0,0,368,0,0,920117248,0.000000,0.000352,38.838207,0.00,2,5,10,18,16,24,26,14,29,32,36,34,43,43,36,0,0,0,0.0017,0.0571,0.0899,0.0047,0.0161,0.0851,0.0558,8.1208,0.0797,0.0000,1.2092,0.0057,0.0002,0.6575,0.0168,0.0077,0.0002
3141,39.4204,0.0583,13.8722,6.7832,,true,0,0.008333,0.0000,0.0000,1.00,0.00,0.0000,22,1,368,368,0,0,100,0,14,14,0,0,0,368,0,0,920117248,0.000000,0.000352,38.838207,0.00,2,5,10,18,16,24,26,14,29,32,36,34,43,43,36,0,0,0,0.0016,0.0623,0.0853,0.0050,0.0232,0.1009,0.0814,6.7832,0.0853,0.0000,1.1369,0.0044,0.0001,0.6624,0.0078,0.0052,0.0002
3142,39.4346,0.0583,13.9785,6.7386,,true,0,0.008333,0.0000,0.0000,1.00,0.00,0.0000,22,1,368,368,0,0,100,0,14,14,0,0,0,368,0,0,920117248,0.000000,0.000352,38.838207,0.00,2,5,10,18,16,24,26,14,29,32,36,34,43,43,36,0,0,0,0.0020,0.0756,0.0694,0.0056,0.0259,0.1018,0.0593,6.7386,0.0678,0.0000,1.1437,0.0045,0.0001,0.6675,0.0079,0.0080,0.0002
3143,39.4485,0.0583,11.0069,10.0369,,true,0,0.008333,0.0000,0.0000,1.00,0.00,0.0000,22,1,368,368,0,0,100,0,14,14,0,0,0,368,0,0,920117248,0.000000,0.000352,38.838207,0.00,2,5,10,18,16,24,26,14,29,32,36,34,43,43,36,0,0,0,0.0017,0.0625,0.1132,0.0052,0.0227,0.0695,0.0550,10.0369,0.1029,0.0000,1.1621,0.0045,0.0001,0.6702,0.0092,0.0054,0.0002
3144,39.4629,0.0583,17.3608,6.6261,,true,0,0.008333,0.0000,0.0000,1.00,0.00,0.0000,22,1,368,368,0,0,100,0,14,14,0,0,0,368,0,0,920117248,0.000000,0.000352,38.838207,0.00,2,5,10,18,16,24,26,14,29,32,36,34,43,43,36,0,0,0,0.0014,0.0590,0.0602,0.0043,0.0260,0.0583,0.0564,6.6261,0.0823,0.0000,1.1272,0.0029,0.0001,0.6292,0.0102,0.0046,0.0002
3145,39.4730,0.0583,10.7206,6.5461,,true,0,0.008333,0.0000,0.0000,1.00,0.00,0.0000,22,1,368,368,0,0,100,0,14,14,0,0,0,368,0,0,920117248,0.000000,0.000352,38.838207,0.00,2,5,10,18,16,24,26,14,29,32,36,34,43,43,36,0,0,0,0.0017,0.0536,0.0799,0.0045,0.0262,0.0849,0.0557,6.5461,0.0755,0.0000,1.1870,0.0087,0.0002,0.5800,0.0339,0.0532,0.0002
3146,39.4888,0.0583,14.7105,7.4227,,true,1,0.008333,0.0000,0.0083,1.00,0.00,0.0000,22,1,368,368,0,0,100,0,14,14,0,0,0,368,0,0,920117248,0.000000,0.000352,39.195881,0.00,2,5,10,18,16,24,26,14,29,32,36,34,43,43,36,0,0,0,0.0017,0.0601,0.0741,0.0037,0.0205,0.2742,0.0540,7.4227,0.0964,0.0000,1.1271,0.0043,0.0001,0.6598,0.0081,0.0056,0.0003
3147,39.5000,0.0583,11.8427,6.7306,,true,0,0.008333,0.0000,0.0000,1.00,0.00,0.0000,22,1,368,368,0,0,100,0,14,14,0,0,0,368,0,0,920117248,0.000000,0.000352,39.195881,0.00,2,5,10,18,16,24,26,14,29,32,36,34,43,43,36,0,0,0,0.0017,0.0636,0.0893,0.0057,0.0211,0.0782,0.0578,6.7306,0.0830,0.0000,1.2024,0.0039,0.0001,0.7163,0.0090,0.0057,0.0002
3148,39.5118,0.0583,12.1654,6.3719,,true,0,0.008333,0.0000,0.0000,1.00,0.00,0.0000,22,1,368,368,0,0,100,0,14,14,0,0,0,368,0,0,920117248,0.000000,0.000352,39.195881,0.00,2,5,10,18,16,24,26,14,29,32,36,34,43,43,36,0,0,0,0.0015,0.0601,0.1209,0.0048,0.0270,0.0802,0.0568,6.3719,0.0860,0.0000,1.1369,0.0036,0.0001,0.6524,0.0102,0.0047,0.0002
3149,39.5251,0.0583,13.6098,6.2113,,true,0,0.008333,0.0000,0.0000,1.00,0.00,0.0000,22,1,368,368,0,0,100,0,14,14,0,0,0,368,0,0,920117248,0.000000,0.000352,39.195881,0.00,2,5,10,18,16,24,26,14,29,32,36,34,43,43,36,0,0,0,0.0019,0.0659,0.0719,0.0040,0.0219,0.0825,0.1038,6.2113,0.0828,0.0000,1.1211,0.0046,0.0001,0.6608,0.0090,0.0054,0.0002
3150,39.5383,0.0583,12.5858,6.4696,,true,0,0.008333,0.0000,0.0000,1.00,0.00,0.0000,22,1,368,368,0,0,100,0,14,14,0,0,0,368,0,0,920117248,0.000000,0.000352,39.195881,0.00,2,5,10,18,16,24,26,14,29,32,36,34,43,43,36,0,0,0,0.0018,0.0701,0.0659,0.0041,0.0210,0.0707,0.0860,6.4696,0.0608,0.0000,0.9245,0.0054,0.0001,0.5117,0.0070,0.0061,0.0001
3151,39.5490,0.0583,10.8925,6.5193,,true,0,0.008333,0.0000,0.0000,1.00,0.00,0.0000,22,1,368,368,0,0,100,0,14,14,0,0,0,368,0,0,920117248,0.000000,0.000352,39.195881,0.00,2,5,10,18,16,24,26,14,29,32,36,34,43,43,36,0,0,0,0.0018,0.0548,0.0764,0.0042,0.0207,0.1265,0.0578,6.5193,0.0769,0.0000,1.1462,0.0038,0.0001,0.6636,0.0072,0.0044,0.0002
3152,39.5601,0.0583,12.0582,5.4358,,true,0,0.008333,0.0000,0.0000,1.00,0.00,0.0000,22,1,368,368,0,0,100,0,14,14,0,0,0,368,0,0,920117248,0.000000,0.000352,39.195881,0.00,2,5,10,18,16,24,26,14,29,32,36,34,43,43,36,0,0,0,0.0015,0.0378,0.0631,0.0038,0.0177,0.0618,0.0561,5.4358,0.0646,0.0000,0.8989,0.0038,0.0001,0.4948,0.0076,0.0060,0.0001
3153,39.5708,0.0583,10.5551,5.8149,,true,0,0.008333,0.0000,0.0000,1.00,0.00,0.0000,22,1,368,368,0,0,100,0,14,14,0,0,0,368,0,0,920117248,0.000000,0.000352,39.195881,0.00,2,5,10,18,16,24,26,14,29,32,36,34,43,43,36,0,0,0,0.0017,0.0580,0.0711,0.0039,0.0213,0.0807,0.0554,5.8149,0.0734,0.0000,1.1353,0.0048,0.0001,0.6661,0.0098,0.0048,0.0002
3154,39.5832,0.0583,12.3814,5.6127,,true,0,0.008333,0.0000,0.0000,1.00,0.00,0.0000,22,1,368,368,0,0,100,0,14,14,0,0,0,368,0,0,920117248,0.000000,0.000352,39.195881,0.00,2,5,10,18,16,24,26,14,29,32,36,34,43,43,36,0,0,0,0.0017,0.0542,0.0627,0.0036,0.0212,0.0849,0.0455,5.6127,0.0755,0.0000,0.8591,0.0043,0.0001,0.4859,0.0065,0.0054,0.0001
3155,39.5948,0.0583,11.4207,5.9518,,true,0,0.008333,0.0000,0.0000,1.00,0.00,0.0000,22,1,368,368,0,0,100,0,14,14,0,0,0,368,0,0,920117248,0.000000,0.000352,39.195881,0.00,2,5,10,18,16,24,26,14,29,32,36,34,43,43,36,0,0,0,0.0014,0.0574,0.0737,0.0063,0.0230,0.0860,0.0519,5.9518,0.0706,0.0000,1.0847,0.0038,0.0001,0.6416,0.0060,0.0050,0.0002
3156,39.6078,0.0583,12.7227,6.1466,,true,0,0.008333,0.0000,0.0000,1.00,0.00,0.0000,22,1,368,368,0,0,100,0,14,14,0,0,0,368,0,0,920117248,0.000000,0.000352,39.195881,0.00,2,5,10,18,16,24,26,14,29,32,36,34,43,43,36,0,0,0,0.0018,0.0557,0.0777,0.0043,0.0230,0.0805,0.0582,6.1466,0.0793,0.0000,1.2338,0.0042,0.0002,0.6893,0.0107,0.0051,0.0003
3157,39.6197,0.0583,12.5981,5.6838,,true,0,0.008333,0.0000,0.0000,1.00,0.00,0.0000,22,1,368,368,0,0,100,0,14,14,0,0,0,368,0,0,920117248,0.000000,0.000352,39.195881,0.00,2,5,10,18,16,24,26,14,29,32,36,34,43,43,36,0,0,0,0.0018,0.1226,0.0671,0.0053,0.0233,0.0619,0.0556,5.6838,0.0652,0.0000,0.9569,0.0053,0.0001,0.5200,0.0092,0.0066,0.0001
3158,39.6335,0.0583,11.7200,7.1796,,true,0,0.008333,0.0000,0.0000,1.00,0.00,0.0000,22,1,368,368,0,0,100,0,14,14,0,0,0,368,0,0,920117248,0.000000,0.000352,39.195881,0.00,2,5,10,18,16,24,26,14,29,32,36,34,43,43,36,0,0,0,0.0011,0.0543,0.0623,0.0039,0.0206,0.0752,0.0484,7.1796,0.0786,0.0000,0.8460,0.0036,0.0001,0.4785,0.0088,0.0062,0.0004
3159,39.6684,0.0583,13.7756,28.3852,,true,0,0.008333,0.0000,0.0000,1.00,0.00,0.0000,22,1,368,368,0,0,100,0,14,14,0,0,0,368,0,0,920117248,0.000000,0.000352,39.195881,0.00,2,5,10,18,16,24,26,14,29,32,36,34,43,43,36,0,0,0,0.0015,0.0620,0.1558,0.0043,0.0234,0.0840,0.0577,28.3852,0.1210,0.0000,22.8161,0.0046,1.8369,0.6956,0.0297,0.0058,19.6963
3160,39.6773,0.0583,14.4075,7.2719,,true,0,0.008333,0.0000,0.0000,1.00,0.00,0.0000,22,1,368,368,0,0,100,0,14,14,0,0,0,368,0,0,920117248,0.000000,0.000352,39.195881,0.00,2,5,10,18,16,24,26,14,29,32,36,34,43,43,36,0,0,0,0.0037,0.0743,0.0726,0.0060,0.0271,0.1093,0.0819,7.2719,0.0672,0.0000,1.2677,0.0044,0.0001,0.6633,0.0087,0.0078,0.0003
3161,39.6849,0.0583,24.7168,6.0520,,true,0,0.008333,0.0000,0.0000,1.00,0.00,0.0000,22,1,368,368,0,0,100,0,14,14,0,0,0,368,0,0,920117248,0.000000,0.000352,39.195881,0.00,2,5,10,18,16,24,26,14,29,32,36,34,43,43,36,0,0,0,0.0035,0.0619,0.0812,0.0059,0.0259,0.0462,0.0496,6.0520,0.0736,0.0000,1.1467,0.0026,0.0002,0.6734,0.0076,0.0041,0.0002
3162,39.6921,0.0583,5.6533,6.1472,,true,0,0.008333,0.0000,0.0000,1.00,0.00,0.0000,22,1,368,368,0,0,100,0,14,14,0,0,0,368,0,0,920117248,0.000000,0.000352,39.195881,0.00,2,5,10,18,16,24,26,14,29,32,36,34,43,43,36,0,0,0,0.0035,0.0599,0.0926,0.0050,0.0212,0.0619,0.1126,6.1472,0.0733,0.0000,1.3907,0.0043,0.0001,0.8253,0.0108,0.0072,0.0002
3163,39.6987,0.0583,8.2267,5.4025,,true,0,0.008333,0.0000,0.0000,1.00,0.00,0.0000,22,1,368,368,0,0,100,0,14,14,0,0,0,368,0,0,920117248,0.000000,0.000352,39.195881,0.00,2,5,10,18,16,24,26,14,29,32,36,34,43,43,36,0,0,0,0.0010,0.0511,0.0696,0.0033,0.0206,0.0680,0.0538,5.4025,0.0602,0.0000,1.0992,0.0029,0.0001,0.6415,0.0088,0.0048,0.0002
3164,39.7106,0.0583,11.4023,6.3250,,true,0,0.008333,0.0000,0.0000,1.00,0.00,0.0000,22,1,368,368,0,0,100,0,14,14,0,0,0,368,0,0,920117248,0.000000,0.000352,39.195881,0.00,2,5,10,18,16,24,26,14,29,32,36,34,43,43,36,0,0,0,0.0015,0.0624,0.0671,0.0042,0.0215,0.0809,0.0483,6.3250,0.0746,0.0000,0.9285,0.0050,0.0001,0.4947,0.0099,0.0087,0.0002
3165,39.7215,0.0583,11.6095,5.6223,,true,0,0.008333,0.0000,0.0000,1.00,0.00,0.0000,22,1,368,368,0,0,100,0,14,14,0,0,0,368,0,0,920117248,0.000000,0.000352,39.195881,0.00,2,5,10,18,16,24,26,14,29,32,36,34,43,43,36,0,0,0,0.0017,0.0583,0.0646,0.0043,0.0210,0.0642,0.0644,5.6223,0.0545,0.0000,1.0954,0.0035,0.0001,0.6544,0.0064,0.0029,0.0002
3166,39.7369,0.0583,13.4533,7.4912,,true,0,0.008333,0.0000,0.0000,1.00,0.00,0.0000,22,1,368,368,0,0,100,0,14,14,0,0,0,368,0,0,920117248,0.000000,0.000352,39.195881,0.00,2,5,10,18,16,24,26,14,29,32,36,34,43,43,36,0,0,0,0.0012,0.0474,0.0723,0.0052,0.0279,0.0815,0.0512,7.4912,0.0707,0.0000,0.9354,0.0044,0.0001,0.5100,0.0087,0.0067,0.0002
3167,39.7479,0.0583,12.0619,6.5579,,true,0,0.008333,0.0000,0.0000,1.00,0.00,0.0000,22,1,368,368,0,0,100,0,14,14,0,0,0,368,0,0,920117248,0.000000,0.000352,39.195881,0.00,2,5,10,18,16,24,26,14,29,32,36,34,43,43,36,0,0,0,0.0011,0.0297,0.0462,0.0053,0.0198,0.0842,0.0466,6.5579,0.0410,0.0000,0.8513,0.0029,0.0001,0.4715,0.0058,0.0033,0.0001
3168,39.7594,0.0583,11.7793,6.3388,,true,0,0.008333,0.0000,0.0000,1.00,0.00,0.0000,22,1,368,368,0,0,100,0,14,14,0,0,0,368,0,0,920117248,0.000000,0.000352,39.195881,0.00,2,5,10,18,16,24,26,14,29,32,36,34,43,43,36,0,0,0,0.0023,0.0685,0.0722,0.0036,0.0273,0.0705,0.0815,6.3388,0.0782,0.0000,1.1067,0.0040,0.0001,0.6447,0.0081,0.0052,0.0002
3169,39.7714,0.0583,11.7779,6.3923,,true,0,0.008333,0.0000,0.0000,1.00,0.00,0.0000,22,1,368,368,0,0,100,0,14,14,0,0,0,368,0,0,920117248,0.000000,0.000352,39.195881,0.00,2,5,10,18,16,24,26,14,29,32,36,34,43,43,36,0,0,0,0.0009,0.0457,0.1102,0.0051,0.0222,0.0763,0.0500,6.3923,0.0765,0.0000,0.8732,0.0024,0.0001,0.5230,0.0072,0.0039,0.0002
3170,39.7832,0.0583,12.9686,5.6711,,true,1,0.008333,0.0000,0.0083,1.00,0.00,0.0000,22,1,368,368,0,0,100,0,14,14,0,0,0,368,0,0,920117248,0.000000,0.000352,39.501276,0.00,2,5,10,18,16,24,26,14,29,32,36,34,43,43,36,0,0,0,0.0015,0.0561,0.0682,0.0032,0.0162,0.2186,0.0563,5.6711,0.0681,0.0000,1.1724,0.0057,0.0002,0.6735,0.0082,0.0085,0.0002
3171,39.7963,0.0583,12.5578,5.8182,,true,0,0.008333,0.0000,0.0000,1.00,0.00,0.0000,22,1,368,368,0,0,100,0,14,14,0,0,0,368,0,0,920117248,0.000000,0.000352,39.501276,0.00,2,5,10,18,16,24,26,14,29,32,36,34,43,43,36,0,0,0,0.0018,0.0474,0.0756,0.0064,0.0355,0.0462,0.0605,5.8182,0.0669,0.0000,1.1143,0.0037,0.0001,0.6636,0.0070,0.0046,0.0002
3172,39.8097,0.0583,12.9887,6.4353,,true,0,0.008333,0.0000,0.0000,1.00,0.00,0.0000,22,1,368,368,0,0,100,0,14,14,0,0,0,368,0,0,920117248,0.000000,0.000352,39.501276,0.00,2,5,10,18,16,24,26,14,29,32,36,34,43,43,36,0,0,0,0.0021,0.0556,0.1057,0.0050,0.0249,0.0813,0.0492,6.4353,0.0842,0.0000,0.9065,0.0044,0.0001,0.5160,0.0077,0.0050,0.0001
3173,39.8225,0.0583,12.8473,6.4401,,true,0,0.008333,0.0000,0.0000,1.00,0.00,0.0000,22,1,368,368,0,0,100,0,14,14,0,0,0,368,0,0,920117248,0.000000,0.000352,39.501276,0.00,2,5,10,18,16,24,26,14,29,32,36,34,43,43,36,0,0,0,0.0015,0.0537,0.0728,0.0035,0.0224,0.0741,0.0668,6.4401,0.0719,0.0000,1.1533,0.0032,0.0002,0.7012,0.0088,0.0037,0.0002
3174,39.8351,0.0583,11.7443,7.1395,,true,0,0.008333,0.0000,0.0000,1.00,0.00,0.0000,22,1,368,368,0,0,100,0,14,14,0,0,0,368,0,0,920117248,0.000000,0.000352,39.501276,0.00,2,5,10,18,16,24,26,14,29,32,36,34,43,43,36,0,0,0,0.0015,0.0640,0.0781,0.0055,0.0264,0.0809,0.0584,7.1395,0.0678,0.0000,1.1937,0.0068,0.0001,0.6835,0.0104,0.0070,0.0002
3175,39.8452,0.0583,11.2028,6.2334,,true,0,0.008333,0.0000,0.0000,1.00,0.00,0.0000,22,1,368,368,0,0,100,0,14,14,0,0,0,368,0,0,920117248,0.000000,0.000352,39.501276,0.00,2,5,10,18,16,24,26,14,29,32,36,34,43,43,36,0,0,0,0.0017,0.0544,0.0826,0.0038,0.0196,0.0898,0.0549,6.2334,0.0713,0.0000,1.1104,0.0043,0.0001,0.6457,0.0075,0.0091,0.0002
3176,39.8574,0.0583,11.8022,5.7720,,true,0,0.008333,0.0000,0.0000,1.00,0.00,0.0000,22,1,368,368,0,0,100,0,14,14,0,0,0,368,0,0,920117248,0.000000,0.000352,39.501276,0.00,2,5,10,18,16,24,26,14,29,32,36,34,43,43,36,0,0,0,0.0016,0.0607,0.0751,0.0031,0.0228,0.0894,0.0541,5.7720,0.0707,0.0000,1.1331,0.0050,0.0001,0.6735,0.0082,0.0057,0.0002
3177,39.8708,0.0583,13.7574,6.0323,,true,0,0.008333,0.0000,0.0000,1.00,0.00,0.0000,22,1,368,368,0,0,100,0,14,14,0,0,0,368,0,0,920117248,0.000000,0.000352,39.501276,0.00,2,5,10,18,16,24,26,14,29,32,36,34,43,43,36,0,0,0,0.0011,0.0518,0.0733,0.0048,0.0203,0.0717,0.0556,6.0323,0.0763,0.0000,0.8877,0.0036,0.0001,0.4965,0.0084,0.0057,0.0001
3178,39.8822,0.0583,11.7866,5.7377,,true,0,0.008333,0.0000,0.0000,1.00,0.00,0.0000,22,1,368,368,0,0,100,0,14,14,0,0,0,368,0,0,920117248,0.000000,0.000352,39.501276,0.00,2,5,10,18,16,24,26,14,29,32,36,34,43,43,36,0,0,0,0.0015,0.0564,0.0754,0.0047,0.0183,0.0760,0.0549,5.7377,0.0734,0.0000,1.0863,0.0041,0.0001,0.6362,0.0076,0.0046,0.0002
3179,39.8941,0.0583,10.8299,6.7377,,true,0,0.008333,0.0000,0.0000,1.00,0.00,0.0000,22,1,368,368,0,0,100,0,14,14,0,0,0,368,0,0,920117248,0.000000,0.000352,39.501276,0.00,2,5,10,18,16,24,26,14,29,32,36,34,43,43,36,0,0,0,0.0016,0.0575,0.0960,0.0054,0.0256,0.0812,0.0575,6.7377,0.0882,0.0000,1.1715,0.0047,0.0002,0.6994,0.0089,0.0063,0.0002
3180,39.9072,0.0583,12.5535,7.3342,,true,0,0.008333,0.0000,0.0000,1.00,0.00,0.0000,22,1,368,368,0,0,100,0,14,14,0,0,0,368,0,0,920117248,0.000000,0.000352,39.501276,0.00,2,5,10,18,16,24,26,14,29,32,36,34,43,43,36,0,0,0,0.0017,0.0593,0.1154,0.0048,0.0251,0.0822,0.0555,7.3342,0.0724,0.0000,1.3726,0.0040,0.0001,0.8056,0.0230,0.0049,0.0002
3181,39.9183,0.0583,12.0522,6.2123,,true,0,0.008333,0.0000,0.0000,1.00,0.00,0.0000,22,1,368,368,0,0,100,0,14,14,0,0,0,368,0,0,920117248,0.000000,0.000352,39.501276,0.00,2,5,10,18,16,24,26,14,29,32,36,34,43,43,36,0,0,0,0.0056,0.0598,0.0569,0.0077,0.0205,0.0731,0.0500,6.2123,0.0642,0.0000,0.9656,0.0046,0.0001,0.5224,0.0081,0.0050,0.0001
3182,39.9282,0.0583,11.4418,5.1495,,true,0,0.008333,0.0000,0.0000,1.00,0.00,0.0000,22,1,368,368,0,0,100,0,14,14,0,0,0,368,0,0,920117248,0.000000,0.000352,39.501276,0.00,2,5,10,18,16,24,26,14,29,32,36,34,43,43,36,0,0,0,0.0037,0.0269,0.0505,0.0029,0.0331,0.0645,0.0525,5.1495,0.0522,0.0000,0.7631,0.0017,0.0001,0.4633,0.0052,0.0025,0.0001
3183,39.9430,0.0583,13.2718,6.1304,,true,0,0.008333,0.0000,0.0000,1.00,0.00,0.0000,22,1,368,368,0,0,100,0,14,14,0,0,0,368,0,0,920117248,0.000000,0.000352,39.501276,0.00,2,5,10,18,16,24,26,14,29,32,36,34,43,43,36,0,0,0,0.0015,0.0587,0.0673,0.0048,0.0228,0.0600,0.0645,6.1304,0.0570,0.0000,1.0886,0.0045,0.0001,0.6394,0.0077,0.0036,0.0002
3184,39.9528,0.0583,10.4703,5.7941,,true,0,0.008333,0.0000,0.0000,1.00,0.00,0.0000,22,1,368,368,0,0,100,0,14,14,0,0,0,368,0,0,920117248,0.000000,0.000352,39.501276,0.00,2,5,10,18,16,24,26,14,29,32,36,34,43,43,36,0,0,0,0.0017,0.0684,0.0651,0.0039,0.0199,0.0686,0.0590,5.7941,0.0631,0.0000,0.8674,0.0039,0.0001,0.4755,0.0071,0.0054,0.0001
3185,39.9672,0.0583,12.7511,7.0874,,true,0,0.008333,0.0000,0.0000,1.00,0.00,0.0000,22,1,368,368,0,0,100,0,14,14,0,0,0,368,0,0,920117248,0.000000,0.000352,39.501276,0.00,2,5,10,18,16,24,26,14,29,32,36,34,43,43,36,0,0,0,0.0015,0.0604,0.0753,0.0056,0.0388,0.0780,0.0518,7.0874,0.0859,0.0000,1.2457,0.0036,0.0001,0.6720,0.0094,0.0061,0.0002
3186,39.9793,0.0583,13.0921,6.1417,,true,0,0.008333,0.0000,0.0000,1.00,0.00,0.0000,22,1,368,368,0,0,100,0,14,14,0,0,0,368,0,0,920117248,0.000000,0.000352,39.501276,0.00,2,5,10,18,16,24,26,14,29,32,36,34,43,43,36,0,0,0,0.0012,0.0467,0.0771,0.0046,0.0231,0.0783,0.0461,6.1417,0.0660,0.0000,1.1083,0.0049,0.0001,0.6641,0.0091,0.0067,0.0003
3187,39.9910,0.0583,11.5374,6.6623,,true,1,0.008333,0.0000,0.0083,1.00,0.00,0.0000,22,1,368,368,0,0,100,0,14,14,0,0,0,368,0,0,920117248,0.000000,0.000352,39.704270,0.00,2,5,10,18,16,24,26,14,29,32,36,34,43,43,36,0,0,0,0.0018,0.0741,0.0789,0.0039,0.0219,0.2527,0.0605,6.6623,0.0639,0.0000,1.1864,0.0047,0.0001,0.6784,0.0105,0.0049,0.0002
3188,40.0021,0.0583,12.0064,5.6769,,true,0,0.008333,0.0000,0.0000,1.00,0.00,0.0000,22,1,368,368,0,0,100,0,14,14,0,0,0,368,0,0,920117248,0.000000,0.000352,39.704270,0.00,2,5,10,18,16,24,26,14,29,32,36,34,43,43,36,0,0,0,0.0018,0.0615,0.0744,0.0047,0.0223,0.0800,0.0558,5.6769,0.0867,0.0000,1.1323,0.0034,0.0001,0.6633,0.0297,0.0043,0.0002
3189,40.0159,0.0583,11.6883,7.3297,,true,0,0.008333,0.0000,0.0000,1.00,0.00,0.0000,22,1,368,368,0,0,100,0,14,14,0,0,0,368,0,0,920117248,0.000000,0.000352,39.704270,0.00,2,5,10,18,16,24,26,14,29,32,36,34,43,43,36,0,0,0,0.0019,0.0529,0.0801,0.0055,0.0265,0.1211,0.0544,7.3297,0.0883,0.0000,1.1112,0.0036,0.0001,0.6453,0.0079,0.0058,0.0002
3190,40.0282,0.0583,12.8174,7.1391,,true,0,0.008333,0.0000,0.0000,1.00,0.00,0.0000,22,1,368,368,0,0,100,0,14,14,0,0,0,368,0,0,920117248,0.000000,0.000352,39.704270,0.00,2,5,10,18,16,24,26,14,29,32,36,34,43,43,36,0,0,0,0.0014,0.0642,0.0704,0.0040,0.0214,0.0648,0.0572,7.1391,0.0630,0.0000,1.1843,0.0049,0.0001,0.6848,0.0099,0.0058,0.0002
3191,40.0389,0.0583,11.4544,6.3212,,true,0,0.008333,0.0000,0.0000,1.00,0.00,0.0000,22,1,368,368,0,0,100,0,14,14,0,0,0,368,0,0,920117248,0.000000,0.000352,39.704270,0.00,2,5,10,18,16,24,26,14,29,32,36,34,43,43,36,0,0,0,0.0014,0.0544,0.0787,0.0049,0.0212,0.0726,0.0616,6.3212,0.0759,0.0000,1.1005,0.0037,0.0001,0.6442,0.0064,0.0059,0.0002
3192,40.0496,0.0583,10.8536,6.3118,,true,0,0.008333,0.0000,0.0000,1.00,0.00,0.0000,22,1,368,368,0,0,100,0,14,14,0,0,0,368,0,0,920117248,0.000000,0.000352,39.704270,0.00,2,5,10,18,16,24,26,14,29,32,36,34,43,43,36,0,0,0,0.0017,0.0544,0.0769,0.0050,0.0360,0.0794,0.0572,6.3118,0.0575,0.0000,1.1414,0.0042,0.0001,0.6858,0.0081,0.0054,0.0002
3193,40.0612,0.0583,12.3533,5.7162,,true,0,0.008333,0.0000,0.0000,1.00,0.00,0.0000,22,1,368,368,0,0,100,0,14,14,0,0,0,368,0,0,920117248,0.000000,0.000352,39.704270,0.00,2,5,10,18,16,24,26,14,29,32,36,34,43,43,36,0,0,0,0.0015,0.0576,0.0723,0.0034,0.0157,0.0652,0.0547,5.7162,0.0712,0.0000,1.1409,0.0048,0.0001,0.6387,0.0094,0.0062,0.0002
3194,40.0744,0.0583,12.1158,6.4894,,true,0,0.008333,0.0000,0.0000,1.00,0.00,0.0000,22,1,368,368,0,0,100,0,14,14,0,0,0,368,0,0,920117248,0.000000,0.000352,39.704270,0.00,2,5,10,18,16,24,26,14,29,32,36,34,43,43,36,0,0,0,0.0019,0.0533,0.0766,0.0036,0.0196,0.0799,0.0592,6.4894,0.0757,0.0000,1.1517,0.0041,0.0001,0.6913,0.0078,0.0046,0.0002
3195,40.0865,0.0583,11.8639,6.8500,,true,0,0.008333,0.0000,0.0000,1.00,0.00,0.0000,22,1,368,368,0,0,100,0,14,14,0,0,0,368,0,0,920117248,0.000000,0.000352,39.704270,0.00,2,5,10,18,16,24,26,14,29,32,36,34,43,43,36,0,0,0,0.0018,0.0613,0.0731,0.0045,0.0229,0.0798,0.0576,6.8500,0.0743,0.0000,1.1071,0.0031,0.0001,0.6548,0.0082,0.0066,0.0002
3196,40.0990,0.0583,11.9888,7.1639,,true,0,0.008333,0.0000,0.0000,1.00,0.00,0.0000,22,1,368,368,0,0,100,0,14,14,0,0,0,368,0,0,920117248,0.000000,0.000352,39.704270,0.00,2,5,10,18,16,24,26,14,29,32,36,34,43,43,36,0,0,0,0.0018,0.0601,0.0774,0.0048,0.0218,0.0999,0.0584,7.1639,0.0634,0.0000,1.1418,0.0036,0.0001,0.6578,0.0065,0.0045,0.0002
3197,40.1092,0.0583,11.3472,6.1836,,true,0,0.008333,0.0000,0.0000,1.00,0.00,0.0000,22,1,368,368,0,0,100,0,14,14,0,0,0,368,0,0,920117248,0.000000,0.000352,39.704270,0.00,2,5,10,18,16,24,26,14,29,32,36,34,43,43,36,0,0,0,0.0017,0.0516,0.0755,0.0048,0.0205,0.0786,0.0537,6.1836,0.0763,0.0000,1.0988,0.0038,0.0002,0.6636,0.0084,0.0042,0.0002
3198,40.1213,0.0583,12.0226,6.2909,,true,0,0.008333,0.0000,0.0000,1.00,0.00,0.0000,22,1,368,368,0,0,100,0,14,14,0,0,0,368,0,0,920117248,0.000000,0.000352,39.704270,0.00,2,5,10,18,16,24,26,14,29,32,36,34,43,43,36,0,0,0,0.0016,0.0538,0.0948,0.0050,0.0227,0.0771,0.0549,6.2909,0.0649,0.0000,1.3024,0.0038,0.0001,0.8443,0.0077,0.0052,0.0002
3199,40.1317,0.0583,11.2134,5.7261,,true,0,0.008333,0.0000,0.0000,1.00,0.00,0.0000,22,1,368,368,0,0,100,0,14,14,0,0,0,368,0,0,920117248,0.000000,0.000352,39.704270,0.00,2,5,10,18,16,24,26,14,29,32,36,34,43,43,36,0,0,0,0.0014,0.0542,0.0712,0.0046,0.0204,0.0740,0.0608,5.7261,0.0803,0.0000,1.1100,0.0048,0.0001,0.6385,0.0097,0.0046,0.0002
3200,40.1465,0.0583,12.9900,6.7154,,true,0,0.008333,0.0000,0.0000,1.00,0.00,0.0000,22,1,368,368,0,0,100,0,14,14,0,0,0,368,0,0,920117248,0.000000,0.000352,39.704270,0.00,2,5,10,18,16,24,26,14,29,32,36,34,43,43,36,0,0,0,0.0016,0.0537,0.0684,0.0035,0.0238,0.0753,0.0561,6.7154,0.0625,0.0000,1.1072,0.0041,0.0001,0.6446,0.0080,0.0056,0.0002
3201,40.1569,0.0583,11.4363,6.3832,,true,0,0.008333,0.0000,0.0000,1.00,0.00,0.0000,22,1,368,368,0,0,100,0,14,14,0,0,0,368,0,0,920117248,0.000000,0.000352,39.704270,0.00,2,5,10,18,16,24,26,14,29,32,36,34,43,43,36,0,0,0,0.0015,0.0631,0.0736,0.0045,0.0212,0.0679,0.0572,6.3832,0.0752,0.0000,1.1310,0.0042,0.0001,0.6564,0.0066,0.0042,0.0002
3202,40.1665,0.0583,10.7204,5.3815,,true,0,0.008333,0.0000,0.0000,1.00,0.00,0.0000,22,1,368,368,0,0,100,0,14,14,0,0,0,368,0,0,920117248,0.000000,0.000352,39.704270,0.00,2,5,10,18,16,24,26,14,29,32,36,34,43,43,36,0,0,0,0.0013,0.0565,0.0753,0.0030,0.0126,0.0415,0.0651,5.3815,0.0695,0.0000,1.1251,0.0039,0.0002,0.6428,0.0088,0.0045,0.0002
3203,40.1784,0.0583,11.4844,5.8690,,true,0,0.008333,0.0000,0.0000,1.00,0.00,0.0000,22,1,368,368,0,0,100,0,14,14,0,0,0,368,0,0,920117248,0.000000,0.000352,39.704270,0.00,2,5,10,18,16,24,26,14,29,32,36,34,43,43,36,0,0,0,0.0012,0.0678,0.0765,0.0041,0.0174,0.0677,0.0543,5.8690,0.0592,0.0000,1.1249,0.0036,0.0001,0.6480,0.0083,0.0045,0.0002
3204,40.1913,0.0583,12.3749,6.3217,,true,0,0.008333,0.0000,0.0000,1.00,0.00,0.0000,22,1,368,368,0,0,100,0,14,14,0,0,0,368,0,0,920117248,0.000000,0.000352,39.704270,0.00,2,5,10,18,16,24,26,14,29,32,36,34,43,43,36,0,0,0,0.0020,0.0599,0.0731,0.0055,0.0196,0.0786,0.0641,6.3217,0.0718,0.0000,1.1532,0.0035,0.0001,0.6995,0.0085,0.0057,0.0001
3205,40.2052,0.0583,13.4626,6.4326,,true,0,0.008333,0.0000,0.0000,1.00,0.00,0.0000,22,1,368,368,0,0,100,0,14,14,0,0,0,368,0,0,920117248,0.000000,0.000352,39.704270,0.00,2,5,10,18,16,24,26,14,29,32,36,34,43,43,36,0,0,0,0.0017,0.0565,0.0799,0.0046,0.0265,0.0825,0.0660,6.4326,0.0771,0.0000,1.1491,0.0046,0.0001,0.6811,0.0093,0.0045,0.0002
3206,40.2185,0.0583,12.6844,6.9753,,true,0,0.008333,0.0000,0.0000,1.00,0.00,0.0000,22,1,368,368,0,0,100,0,14,14,0,0,0,368,0,0,920117248,0.000000,0.000352,39.704270,0.00,2,5,10,18,16,24,26,14,29,32,36,34,43,43,36,0,0,0,0.0012,0.0669,0.0742,0.0040,0.0224,0.0903,0.0506,6.9753,0.0566,0.0000,1.1185,0.0038,0.0001,0.6684,0.0077,0.0056,0.0002
3207,40.2288,0.0583,11.7334,5.8029,,true,0,0.008333,0.0000,0.0000,1.00,0.00,0.0000,22,1,368,368,0,0,100,0,14,14,0,0,0,368,0,0,920117248,0.000000,0.000352,39.704270,0.00,2,5,10,18,16,24,26,14,29,32,36,34,43,43,36,0,0,0,0.0016,0.0592,0.0707,0.0044,0.0236,0.0725,0.0557,5.8029,0.0773,0.0000,0.9210,0.0043,0.0001,0.4982,0.0074,0.0049,0.0001
3208,40.2414,0.0583,12.1908,5.6022,,true,0,0.008333,0.0000,0.0000,1.00,0.00,0.0000,22,1,368,368,0,0,100,0,14,14,0,0,0,368,0,0,920117248,0.000000,0.000352,39.704270,0.00,2,5,10,18,16,24,26,14,29,32,36,34,43,43,36,0,0,0,0.0013,0.0456,0.0560,0.0036,0.0211,0.0757,0.0472,5.6022,0.0595,0.0000,0.8328,0.0027,0.0001,0.4753,0.0056,0.0029,0.0002
3209,40.2527,0.0583,11.6757,5.9851,,true,0,0.008333,0.0000,0.0000,1.00,0.00,0.0000,22,1,368,368,0,0,100,0,14,14,0,0,0,368,0,0,920117248,0.000000,0.000352,39.704270,0.00,2,5,10,18,16,24,26,14,29,32,36,34,43,43,36,0,0,0,0.0015,0.0492,0.0714,0.0055,0.0194,0.0643,0.0547,5.9851,0.0652,0.0000,1.1111,0.0033,0.0001,0.6608,0.0067,0.0034,0.0002
3210,40.2662,0.0583,13.3399,6.0114,,true,0,0.008333,0.0000,0.0000,1.00,0.00,0.0000,22,1,368,368,0,0,100,0,14,14,0,0,0,368,0,0,920117248,0.000000,0.000352,39.704270,0.00,2,5,10,18,16,24,26,14,29,32,36,34,43,43,36,0,0,0,0.0040,0.0415,0.0605,0.0032,0.0220,0.0625,0.0419,6.0114,0.0617,0.0000,0.9167,0.0033,0.0001,0.5753,0.0080,0.0043,0.0002
3211,40.2789,0.0583,11.6016,6.8559,,true,0,0.008333,0.0000,0.0000,1.00,0.00,0.0000,22,1,368,368,0,0,100,0,14,14,0,0,0,368,0,0,920117248,0.000000,0.000352,39.704270,0.00,2,5,10,18,16,24,26,14,29,32,36,34,43,43,36,0,0,0,0.0015,0.0491,0.0763,0.0037,0.0205,0.0710,0.0585,6.8559,0.0696,0.0000,1.1054,0.0044,0.0001,0.6671,0.0084,0.0043,0.0002
3212,40.2902,0.0583,11.4386,6.8925,,true,1,0.008333,0.0000,0.0083,1.00,0.00,0.0000,22,1,368,368,0,0,100,0,14,14,0,0,0,368,0,0,920117248,0.000000,0.000352,40.008751,0.00,2,5,10,18,16,24,26,14,29,32,36,34,43,43,36,0,0,0,0.0017,0.0655,0.0772,0.0040,0.0233,0.2906,0.0566,6.8925,0.0710,0.0000,0.9204,0.0036,0.0001,0.5572,0.0074,0.0052,0.0002
3213,40.3020,0.0583,12.0185,6.6309,,true,0,0.008333,0.0000,0.0000,1.00,0.00,0.0000,22,1,368,368,0,0,100,0,14,14,0,0,0,368,0,0,920117248,0.000000,0.000352,40.008751,0.00,2,5,10,18,16,24,26,14,29,32,36,34,43,43,36,0,0,0,0.0014,0.0610,0.0777,0.0046,0.0184,0.0737,0.0571,6.6309,0.0761,0.0000,1.1335,0.0050,0.0001,0.6533,0.0058,0.0045,0.0002
3214,40.3129,0.0583,11.8330,5.7600,,true,0,0.008333,0.0000,0.0000,1.00,0.00,0.0000,22,1,368,368,0,0,100,0,14,14,0,0,0,368,0,0,920117248,0.000000,0.000352,40.008751,0.00,2,5,10,18,16,24,26,14,29,32,36,34,43,43,36,0,0,0,0.0019,0.0716,0.0798,0.0038,0.0136,0.1009,0.0556,5.7600,0.0736,0.0000,1.1320,0.0026,0.0001,0.6636,0.0103,0.0034,0.0002
3215,40.3276,0.0583,13.0739,7.4296,,true,0,0.008333,0.0000,0.0000,1.00,0.00,0.0000,22,1,368,368,0,0,100,0,14,14,0,0,0,368,0,0,920117248,0.000000,0.000352,40.008751,0.00,2,5,10,18,16,24,26,14,29,32,36,34,43,43,36,0,0,0,0.0017,0.0528,0.0892,0.0041,0.0180,0.0745,0.0526,7.4296,0.0909,0.0000,1.0716,0.0039,0.0001,0.6051,0.0098,0.0042,0.0002
3216,40.3374,0.0583,11.8405,5.4152,,true,0,0.008333,0.0000,0.0000,1.00,0.00,0.0000,22,1,368,368,0,0,100,0,14,14,0,0,0,368,0,0,920117248,0.000000,0.000352,40.008751,0.00,2,5,10,18,16,24,26,14,29,32,36,34,43,43,36,0,0,0,0.0020,0.0560,0.0708,0.0041,0.0220,0.0677,0.0541,5.4152,0.0590,0.0000,1.0944,0.0042,0.0001,0.6381,0.0073,0.0051,0.0002
3217,40.3502,0.0583,11.3273,6.6558,,true,0,0.008333,0.0000,0.0000,1.00,0.00,0.0000,22,1,368,368,0,0,100,0,14,14,0,0,0,368,0,0,920117248,0.000000,0.000352,40.008751,0.00,2,5,10,18,16,24,26,14,29,32,36,34,43,43,36,0,0,0,0.0018,0.0659,0.0836,0.0043,0.0229,0.0665,0.0588,6.6558,0.0876,0.0000,1.2256,0.0046,0.0001,0.6767,0.0132,0.0064,0.0002
3218,40.3610,0.0583,12.4686,5.5169,,true,0,0.008333,0.0000,0.0000,1.00,0.00,0.0000,22,1,368,368,0,0,100,0,14,14,0,0,0,368,0,0,920117248,0.000000,0.000352,40.008751,0.00,2,5,10,18,16,24,26,14,29,32,36,34,43,43,36,0,0,0,0.0011,0.0482,0.0717,0.0044,0.0420,0.0609,0.0547,5.5169,0.0597,0.0000,1.0972,0.0026,0.0001,0.6424,0.0089,0.0043,0.0001
3219,40.3728,0.0583,10.7780,6.1396,,true,0,0.008333,0.0000,0.0000,1.00,0.00,0.0000,22,1,368,368,0,0,100,0,14,14,0,0,0,368,0,0,920117248,0.000000,0.000352,40.008751,0.00,2,5,10,18,16,24,26,14,29,32,36,34,43,43,36,0,0,0,0.0013,0.0685,0.0740,0.0061,0.0228,0.0769,0.0532,6.1396,0.0687,0.0000,1.0852,0.0029,0.0001,0.6471,0.0079,0.0047,0.0002
