frame,wall_s,sim_time_s,frame_ms,cpu_ms,gpu_ms,gpu_available,steps,fixed_dt_s,sim_cpu_ms,sim_advanced_s,requested_warp,effective_warp,backlog_ms,bodies,vehicles,patches_visible,patches_wanted,jobs_in_flight,eye_speed_mps,detail_bias,lod_min,lod_max,wanted_lod_max,patches_generated,triangles,cache_hits,cache_misses,streaming_queued,assets_pending,rss_bytes,rails_advanced_s,server_compute_s,server_wall_s,server_effective_warp,lod_l0,lod_l1,lod_l2,lod_l3,lod_l4,lod_l5,lod_l6,lod_l7,lod_l8,lod_l9,lod_l10,lod_l11,lod_l12,lod_l13,lod_l14,lod_l15,lod_l16,lod_l17,scope:client.camera_ms,scope:client.celestial_visuals_ms,scope:client.hud_ms,scope:client.pilot_hud_ms,scope:client.pilot_preview_ms,scope:client.pilot_simulation_ms,scope:client.starfield_ms,scope:frame.cpu_ms,scope:render.atmosphere_ms,scope:sim.total_ms,scope:world.streaming_ms,scope:world.terrain_asset_upload_ms,scope:world.terrain_cbt_submit_ms,scope:world.terrain_counters_ms,scope:world.terrain_entity_sync_ms,scope:world.terrain_job_poll_ms,scope:world.terrain_materials_ms,scope:world.terrain_meshing_ms,scope:world.terrain_selection_ms
536,9.3098,9.0417,16.2680,5.1040,,true,2,0.008333,0.1899,0.0167,1.00,1.00,1.2325,22,1,382,382,0,351,451,0,15,15,0,357120,0,681,0,0,739143680,0.000000,0.000000,0.000000,0.00,2,7,10,18,16,25,21,20,21,33,31,40,35,42,33,28,0,0,0.0005,0.0027,0.0381,0.0425,0.0063,0.1905,0.0046,5.1040,0.0165,0.1899,0.3959,0.0004,0.0003,0.1405,0.0011,0.0010,0.0000,0.0000,0.0008
537,9.3236,9.0500,14.4334,4.6251,,true,1,0.008333,0.1665,0.0083,1.00,0.58,7.3326,22,1,382,382,0,351,451,0,15,15,0,357120,0,681,0,0,739147776,0.000000,0.000000,0.000000,0.00,2,7,10,18,16,25,21,20,21,33,31,40,35,42,33,28,0,0,0.0005,0.0026,0.0926,0.0498,0.0075,0.1669,0.0051,4.6251,0.0230,0.1665,0.4365,0.0003,0.0003,0.1821,0.0021,0.0008,0.0000,0.0000,0.0004
538,9.3395,9.0667,15.8442,4.4745,,true,2,0.008333,0.1702,0.0167,1.00,1.00,6.5101,22,1,382,382,0,350,450,0,15,15,0,357120,0,681,0,0,739213312,0.000000,0.000000,0.000000,0.00,2,7,10,18,16,25,21,20,21,33,31,40,35,42,33,28,0,0,0.0002,0.0022,0.0413,0.0448,0.0073,0.1705,0.0055,4.4745,0.0126,0.1702,0.4579,0.0007,0.0010,0.1808,0.0010,0.0019,0.0000,0.0000,0.0008
539,9.3601,9.0833,16.3007,8.8147,,true,2,0.008333,0.2142,0.0167,1.00,1.00,6.1441,22,1,382,382,8,350,450,0,15,15,0,357120,0,689,20,40,739278848,0.000000,0.000000,0.000000,0.00,2,7,10,18,16,25,21,20,21,33,31,40,35,42,33,28,0,0,0.0004,0.0013,0.0478,0.0398,0.0078,0.2150,0.0048,8.8147,0.0151,0.2142,3.6337,0.0001,0.1357,0.2006,0.0017,0.0009,0.0000,0.0000,2.9862
540,9.3713,9.1000,15.3022,4.6187,,true,2,0.008333,0.1932,0.0167,1.00,1.00,4.7797,22,1,382,382,8,359,459,0,15,15,8,357120,0,697,12,40,739278848,0.000000,0.000000,0.000000,0.00,2,7,10,18,16,25,21,20,21,33,31,40,35,42,33,28,0,0,0.0004,0.0012,0.0486,0.0349,0.0058,0.1942,0.0049,4.6187,0.0189,0.1932,0.6471,0.0235,0.1294,0.1854,0.0017,0.0106,0.0000,33.1526,0.0007
541,9.3861,9.1167,14.3553,4.9930,,true,2,0.008333,0.1704,0.0167,1.00,1.00,2.4683,22,1,382,382,4,369,469,0,15,15,8,357120,0,701,4,20,740937728,0.000000,0.000000,0.000000,0.00,2,7,10,18,16,25,21,20,21,33,31,40,35,42,33,28,0,0,0.0002,0.0015,0.0363,0.0490,0.0081,0.1708,0.0066,4.9930,0.0149,0.1704,0.8543,0.0194,0.1376,0.1276,0.0013,0.0083,0.0000,32.1706,0.0008
542,9.4025,9.1333,16.0673,4.9868,,true,2,0.008333,0.1782,0.0167,1.00,1.00,1.8690,22,1,382,382,0,374,474,0,15,15,4,357120,0,701,0,0,741900288,0.000000,0.000000,0.000000,0.00,2,7,10,18,16,25,21,20,21,33,31,40,35,42,33,28,0,0,0.0007,0.0033,0.0442,0.0422,0.0096,0.1786,0.0064,4.9868,0.0192,0.1782,0.5793,0.0170,0.0003,0.1458,0.0014,0.0148,0.0000,18.3272,0.0013
543,9.4202,9.1500,16.9300,5.7803,,true,2,0.008333,0.3484,0.0167,1.00,0.98,2.1323,22,1,382,382,0,375,475,0,15,15,0,357120,0,701,0,0,741900288,0.000000,0.000000,0.000000,0.00,2,7,10,18,16,25,21,20,21,33,32,36,35,42,32,32,0,0,0.0010,0.0031,0.0399,0.0340,0.0075,0.3499,0.0065,5.7803,0.0150,0.3484,0.4409,0.0004,0.0003,0.1456,0.0014,0.0011,0.0000,0.0000,0.0006
544,9.4357,9.1667,16.7313,4.8139,,true,2,0.008333,0.1973,0.0167,1.00,1.00,2.1969,22,1,382,382,0,374,474,0,15,15,0,357120,0,701,0,0,741900288,0.000000,0.000000,0.000000,0.00,2,7,10,18,16,25,21,20,21,33,32,36,35,42,32,32,0,0,0.0004,0.0037,0.0599,0.0340,0.0066,0.1981,0.0073,4.8139,0.0183,0.1973,0.4467,0.0007,0.0005,0.1569,0.0016,0.0015,0.0000,0.0000,0.0011
545,9.4519,9.1833,16.6670,4.6811,,true,2,0.008333,0.1916,0.0167,1.00,1.00,2.1972,22,1,382,382,0,373,473,0,15,15,0,357120,0,701,0,0,741900288,0.000000,0.000000,0.000000,0.00,2,7,10,18,16,25,21,20,21,33,32,36,35,42,32,32,0,0,0.0005,0.0024,0.0386,0.0461,0.0088,0.1925,0.0063,4.6811,0.0158,0.1916,0.4527,0.0006,0.0003,0.1577,0.0018,0.0009,0.0000,0.0000,0.0005
546,9.4663,9.1917,14.2787,4.9347,,true,1,0.008333,0.1734,0.0083,1.00,0.58,8.1426,22,1,382,382,0,367,467,0,15,15,0,357120,0,701,0,0,741900288,0.000000,0.000000,0.000000,0.00,2,7,10,18,16,25,21,20,21,33,32,36,35,42,32,32,0,0,0.0004,0.0030,0.0547,0.0473,0.0070,0.1740,0.0056,4.9347,0.0178,0.1734,0.4486,0.0004,0.0002,0.1637,0.0018,0.0004,0.0000,0.0000,0.0004
547,9.4825,9.2083,16.0587,5.0358,,true,2,0.008333,0.1799,0.0167,1.00,1.00,7.5347,22,1,382,382,0,363,463,0,15,15,0,359424,0,701,0,0,741904384,0.000000,0.000000,0.000000,0.00,2,7,10,18,16,25,21,20,21,33,32,36,35,42,32,32,0,0,0.0007,0.0026,0.0322,0.0403,0.0075,0.1805,0.0077,5.0358,0.0148,0.1799,0.3978,0.0008,0.0004,0.1780,0.0019,0.0011,0.0000,0.0000,0.0012
548,9.4993,9.2250,16.5043,5.0450,,true,2,0.008333,0.1876,0.0167,1.00,1.00,7.3723,22,1,382,382,0,361,461,0,15,15,0,357120,0,701,0,0,741904384,0.000000,0.000000,0.000000,0.00,2,7,10,18,16,25,21,20,21,33,32,36,35,42,32,32,0,0,0.0006,0.0023,0.0432,0.0375,0.0067,0.1884,0.0053,5.0450,0.0167,0.1876,0.4246,0.0004,0.0005,0.1817,0.0020,0.0013,0.0000,0.0000,0.0006
549,9.5155,9.2417,15.8856,5.4739,,true,2,0.008333,0.1820,0.0167,1.00,1.00,6.5913,22,1,382,382,0,359,459,0,15,15,0,352512,0,701,0,0,741904384,0.000000,0.000000,0.000000,0.00,2,7,10,18,16,25,21,20,21,33,32,36,35,42,32,32,0,0,0.0006,0.0023,0.0491,0.0404,0.0082,0.1825,0.0061,5.4739,0.0173,0.1820,0.5006,0.0004,0.0007,0.2147,0.0012,0.0017,0.0000,0.0000,0.0008
550,9.5330,9.2583,15.8482,6.7497,,true,2,0.008333,0.3813,0.0167,1.00,1.00,5.7728,22,1,382,382,0,359,459,0,15,15,0,352512,0,701,0,0,741904384,0.000000,0.000000,0.000000,0.00,2,7,10,18,16,25,21,20,21,33,32,36,35,42,32,32,0,0,0.0011,0.0029,0.0424,0.0492,0.0087,0.3821,0.0065,6.7497,0.0748,0.3813,0.4551,0.0004,0.0003,0.1834,0.0019,0.0013,0.0000,0.0000,0.0015
551,9.5457,9.2750,15.4053,4.5314,,true,2,0.008333,0.1578,0.0167,1.00,1.00,4.5114,22,1,382,382,0,359,459,0,15,15,0,352512,0,701,0,0,741904384,0.000000,0.000000,0.000000,0.00,2,7,10,18,16,25,21,20,21,33,32,36,35,42,32,32,0,0,0.0006,0.0025,0.0302,0.0375,0.0063,0.1582,0.0054,4.5314,0.0153,0.1578,0.4286,0.0002,0.0002,0.1947,0.0021,0.0003,0.0000,0.0000,0.0008
552,9.5607,9.2917,14.9976,4.5533,,true,2,0.008333,0.2357,0.0167,1.00,1.00,2.8423,22,1,382,382,0,359,459,0,15,15,0,352512,0,701,0,0,741904384,0.000000,0.000000,0.000000,0.00,2,7,10,18,16,25,21,20,21,33,32,36,35,42,32,32,0,0,0.0002,0.0025,0.0493,0.0526,0.0075,0.2367,0.0060,4.5533,0.0146,0.2357,0.4285,0.0004,0.0004,0.1759,0.0018,0.0006,0.0000,0.0000,0.0006
553,9.5760,9.3083,15.2125,4.6174,,true,2,0.008333,0.1373,0.0167,1.00,1.00,1.3882,22,1,382,382,0,361,461,0,15,15,0,352512,0,701,0,0,741904384,0.000000,0.000000,0.000000,0.00,2,7,10,18,16,25,21,20,21,33,32,36,35,42,32,32,0,0,0.0002,0.0010,0.0343,0.0480,0.0081,0.1377,0.0024,4.6174,0.0166,0.1373,0.3455,0.0005,0.0004,0.1619,0.0018,0.0010,0.0000,0.0000,0.0007
554,9.5916,9.3167,14.9859,4.7363,,true,1,0.008333,0.1833,0.0083,1.00,0.56,8.0408,22,1,382,382,0,359,459,0,15,15,0,352512,0,701,0,0,741904384,0.000000,0.000000,0.000000,0.00,2,7,10,18,16,25,21,20,21,33,32,36,35,42,32,32,0,0,0.0007,0.0023,0.0601,0.0353,0.0033,0.1838,0.0074,4.7363,0.0187,0.1833,0.4190,0.0003,0.0002,0.1697,0.0014,0.0006,0.0000,0.0000,0.0005
555,9.6052,9.3333,14.0962,4.6944,,true,2,0.008333,0.1599,0.0167,1.00,1.00,5.4704,22,1,382,382,0,358,458,0,15,15,0,352512,0,701,0,0,741904384,0.000000,0.000000,0.000000,0.00,2,7,10,18,16,25,21,20,21,33,32,36,35,42,32,32,0,0,0.0002,0.0016,0.0482,0.0300,0.0043,0.1602,0.0040,4.6944,0.0182,0.1599,0.4429,0.0004,0.0003,0.1713,0.0015,0.0009,0.0000,0.0000,0.0011
556,9.6222,9.3500,16.8696,4.9168,,true,2,0.008333,0.1829,0.0167,1.00,0.99,5.6733,22,1,382,382,0,358,458,0,15,15,0,352512,0,701,0,0,741908480,0.000000,0.000000,0.000000,0.00,2,7,10,18,16,25,21,20,21,33,32,36,35,42,32,32,0,0,0.0001,0.0025,0.0492,0.0406,0.0068,0.1835,0.0057,4.9168,0.0194,0.1829,0.4783,0.0004,0.0003,0.1871,0.0016,0.0011,0.0000,0.0000,0.0008
557,9.6359,9.3667,14.2052,4.3868,,true,2,0.008333,0.1633,0.0167,1.00,1.00,3.2118,22,1,382,382,0,359,459,0,15,15,0,352512,0,701,0,0,741908480,0.000000,0.000000,0.000000,0.00,2,7,10,18,16,25,21,20,21,33,32,36,35,42,32,32,0,0,0.0002,0.0019,0.0407,0.0415,0.0065,0.1638,0.0043,4.3868,0.0215,0.1633,0.3759,0.0006,0.0004,0.1541,0.0017,0.0005,0.0000,0.0000,0.0008
558,9.6520,9.3833,14.9399,5.6224,,true,2,0.008333,0.1939,0.0167,1.00,1.00,1.4851,22,1,382,382,0,360,460,0,15,15,0,352512,0,701,0,0,741908480,0.000000,0.000000,0.000000,0.00,2,7,10,18,16,25,21,20,21,33,32,36,35,42,32,32,0,0,0.0005,0.0027,0.0533,0.0448,0.0075,0.1943,0.0084,5.6224,0.0246,0.1939,0.5067,0.0006,0.0002,0.1990,0.0009,0.0008,0.0000,0.0000,0.0009
559,9.6689,9.4000,16.2605,5.8994,,true,2,0.008333,0.3268,0.0167,1.00,1.00,1.0790,22,1,382,382,0,360,460,0,15,15,0,352512,0,701,0,0,741908480,0.000000,0.000000,0.000000,0.00,2,7,10,18,16,25,21,20,21,33,32,36,35,42,32,32,0,0,0.0006,0.0034,0.0487,0.0683,0.0144,0.3272,0.0085,5.8994,0.0205,0.3268,0.5411,0.0007,0.0010,0.1918,0.0032,0.0040,0.0000,0.0000,0.0015
560,9.6838,9.4167,16.0470,4.9224,,true,2,0.008333,0.1887,0.0167,1.00,1.00,0.4593,22,1,382,382,0,361,461,0,15,15,0,352512,0,701,0,0,741908480,0.000000,0.000000,0.000000,0.00,2,7,10,18,16,25,21,20,21,33,32,36,35,42,32,32,0,0,0.0008,0.0021,0.0530,0.0475,0.0112,0.1891,0.0066,4.9224,0.0185,0.1887,0.4293,0.0006,0.0006,0.1554,0.0017,0.0014,0.0000,0.0000,0.0015
561,9.6982,9.4250,14.3411,4.8318,,true,1,0.008333,0.1250,0.0083,1.00,0.58,6.4671,22,1,382,382,0,360,460,0,15,15,0,352512,0,701,0,0,741908480,0.000000,0.000000,0.000000,0.00,2,7,10,18,16,25,21,20,21,33,32,36,35,42,32,32,0,0,0.0008,0.0017,0.0401,0.0351,0.0057,0.1252,0.0051,4.8318,0.0199,0.1250,0.4168,0.0005,0.0002,0.1607,0.0022,0.0017,0.0000,0.0000,0.0012
562,9.7154,9.4417,15.7490,4.9789,,true,2,0.008333,0.1982,0.0167,1.00,1.00,5.5495,22,1,382,382,0,359,459,0,15,15,0,352512,0,701,0,0,741908480,0.000000,0.000000,0.000000,0.00,2,7,10,18,16,25,21,20,21,33,32,36,35,42,32,32,0,0,0.0003,0.0026,0.0384,0.0498,0.0070,0.1987,0.0063,4.9789,0.0146,0.1982,0.3716,0.0004,0.0003,0.1401,0.0014,0.0008,0.0000,0.0000,0.0007
563,9.7303,9.4583,15.5282,5.8929,,true,2,0.008333,0.1546,0.0167,1.00,1.00,4.4110,22,1,382,382,0,359,459,0,15,15,0,352512,0,701,0,0,741908480,0.000000,0.000000,0.000000,0.00,2,7,10,18,16,25,21,20,21,33,32,36,35,42,32,32,0,0,0.0007,0.0034,0.0598,0.0364,0.0073,0.1548,0.0058,5.8929,0.0204,0.1546,0.5356,0.0005,0.0011,0.1864,0.0017,0.0013,0.0000,0.0000,0.0008
564,9.7437,9.4750,15.1014,4.3598,,true,2,0.008333,0.1480,0.0167,1.00,1.00,2.8457,22,1,382,382,0,359,459,0,15,15,0,352512,0,701,0,0,741908480,0.000000,0.000000,0.000000,0.00,2,7,10,18,16,25,21,20,21,33,32,36,35,42,32,32,0,0,0.0005,0.0020,0.0389,0.0407,0.0074,0.1486,0.0047,4.3598,0.0095,0.1480,0.4322,0.0005,0.0003,0.1732,0.0013,0.0013,0.0000,0.0000,0.0011
565,9.7600,9.4917,15.4957,5.0370,,true,2,0.008333,0.1528,0.0167,1.00,1.00,1.6747,22,1,382,382,0,360,460,0,15,15,0,354816,0,701,0,0,741912576,0.000000,0.000000,0.000000,0.00,2,7,10,18,16,25,21,20,21,33,32,36,35,42,32,32,0,0,0.0003,0.0031,0.0479,0.0408,0.0076,0.1532,0.0057,5.0370,0.0195,0.1528,0.4474,0.0004,0.0006,0.1625,0.0010,0.0010,0.0000,0.0000,0.0010
566,9.7768,9.5083,15.5196,6.2320,,true,2,0.008333,0.3889,0.0167,1.00,1.00,0.5277,22,1,382,382,0,361,461,0,15,15,0,354816,0,701,0,0,741912576,0.000000,0.000000,0.000000,0.00,2,7,10,18,16,25,21,20,21,33,32,36,35,42,32,32,0,0,0.0005,0.0033,0.0394,0.0560,0.0082,0.3897,0.0068,6.2320,0.0174,0.3889,0.4481,0.0007,0.0006,0.1539,0.0018,0.0008,0.0000,0.0000,0.0010
567,9.7894,9.5167,14.8454,4.1704,,true,1,0.008333,0.1489,0.0083,1.00,0.56,7.0397,22,1,382,382,0,360,460,0,15,15,0,354816,0,701,0,0,741912576,0.000000,0.000000,0.000000,0.00,2,7,10,18,16,25,21,20,21,33,32,36,35,42,32,32,0,0,0.0001,0.0028,0.0527,0.0360,0.0062,0.1490,0.0049,4.1704,0.0165,0.1489,0.4016,0.0006,0.0004,0.1488,0.0018,0.0008,0.0000,0.0000,0.0010
568,9.8044,9.5333,14.8652,4.2996,,true,2,0.008333,0.1468,0.0167,1.00,1.00,5.2382,22,1,382,382,0,359,459,0,15,15,0,352512,0,701,0,0,741912576,0.000000,0.000000,0.000000,0.00,2,7,10,18,16,25,21,20,21,33,32,36,35,42,32,32,0,0,0.0006,0.0019,0.0353,0.0398,0.0067,0.1473,0.0043,4.2996,0.0197,0.1468,0.3636,0.0008,0.0004,0.1585,0.0015,0.0013,0.0000,0.0000,0.0011
569,9.8204,9.5500,15.1209,4.9869,,true,2,0.008333,0.2000,0.0167,1.00,1.00,3.6925,22,1,382,382,0,359,459,0,15,15,0,352512,0,701,0,0,741912576,0.000000,0.000000,0.000000,0.00,2,7,10,18,16,25,21,20,21,33,32,36,35,42,32,32,0,0,0.0003,0.0022,0.0389,0.0401,0.0080,0.2008,0.0053,4.9869,0.0188,0.2000,0.4281,0.0005,0.0004,0.1679,0.0023,0.0008,0.0000,0.0000,0.0008
570,9.8374,9.5667,16.6562,5.1097,,true,2,0.008333,0.1744,0.0167,1.00,1.00,3.6820,22,1,382,382,0,359,459,0,15,15,0,350208,0,701,0,0,741912576,0.000000,0.000000,0.000000,0.00,2,7,10,18,16,25,21,20,21,33,32,36,35,42,32,32,0,0,0.0009,0.0020,0.0490,0.0388,0.0071,0.1755,0.0053,5.1097,0.0218,0.1744,0.4524,0.0004,0.0002,0.1696,0.0017,0.0011,0.0000,0.0000,0.0010
571,9.8520,9.5833,14.9639,4.9072,,true,2,0.008333,0.1959,0.0167,1.00,1.00,1.9793,22,1,382,382,0,360,460,0,15,15,0,350208,0,701,0,0,741912576,0.000000,0.000000,0.000000,0.00,2,7,10,18,16,25,21,20,21,33,32,36,35,42,32,32,0,0,0.0006,0.0022,0.0416,0.0416,0.0065,0.1963,0.0056,4.9072,0.0132,0.1959,0.4174,0.0006,0.0004,0.1760,0.0013,0.0020,0.0000,0.0000,0.0009
572,9.8654,9.5917,14.5029,4.0547,,true,1,0.008333,0.1374,0.0083,1.00,0.57,8.1489,22,1,382,382,0,359,459,0,15,15,0,350208,0,701,0,0,741912576,0.000000,0.000000,0.000000,0.00,2,7,10,18,16,25,21,20,21,33,32,36,35,42,32,32,0,0,0.0006,0.0010,0.0318,0.0265,0.0035,0.1383,0.0032,4.0547,0.0233,0.1374,0.3438,0.0003,0.0003,0.1377,0.0007,0.0010,0.0000,0.0000,0.0010
573,9.8829,9.6083,16.8438,3.9552,,true,2,0.008333,0.1534,0.0167,1.00,0.99,8.3260,22,1,382,382,0,358,458,0,15,15,0,350208,0,701,0,0,741912576,0.000000,0.000000,0.000000,0.00,2,7,10,18,16,25,21,20,21,33,32,36,35,42,32,32,0,0,0.0009,0.0017,0.0321,0.0334,0.0053,0.1542,0.0039,3.9552,0.0140,0.1534,0.3581,0.0003,0.0002,0.1358,0.0010,0.0010,0.0000,0.0000,0.0008
574,9.8952,9.6250,13.2442,3.9900,,true,2,0.008333,0.1100,0.0167,1.00,1.00,4.9035,22,1,382,382,0,359,459,0,15,15,0,350208,0,701,0,0,741916672,0.000000,0.000000,0.000000,0.00,2,7,10,18,16,25,21,20,21,33,32,36,35,42,32,32,0,0,0.0004,0.0014,0.0444,0.0272,0.0047,0.1102,0.0036,3.9900,0.0177,0.1100,0.4287,0.0004,0.0003,0.1576,0.0015,0.0007,0.0000,0.0000,0.0011
575,9.9102,9.6417,15.1141,3.6271,,true,2,0.008333,0.2244,0.0167,1.00,1.00,3.3509,22,1,382,382,0,359,459,0,15,15,0,350208,0,701,0,0,741916672,0.000000,0.000000,0.000000,0.00,2,7,10,18,16,25,21,20,21,33,32,36,35,42,32,32,0,0,0.0001,0.0015,0.0299,0.0310,0.0050,0.2247,0.0035,3.6271,0.0100,0.2244,0.3324,0.0004,0.0003,0.1283,0.0009,0.0011,0.0000,0.0000,0.0010
576,9.9245,9.6583,14.5137,3.6570,,true,2,0.008333,0.1095,0.0167,1.00,1.00,1.1980,22,1,382,382,0,360,460,0,15,15,0,350208,0,701,0,0,741916672,0.000000,0.000000,0.000000,0.00,2,7,10,18,16,25,21,20,21,33,32,36,35,42,32,32,0,0,0.0001,0.0010,0.0419,0.0265,0.0027,0.1097,0.0031,3.6570,0.0141,0.1095,0.3892,0.0005,0.0003,0.1539,0.0010,0.0110,0.0000,0.0000,0.0008
577,9.9456,9.6750,17.7688,6.2594,,true,2,0.008333,0.2427,0.0167,1.00,0.94,2.3001,22,1,382,382,0,360,460,0,15,15,0,350208,0,701,0,0,741916672,0.000000,0.000000,0.000000,0.00,2,7,10,18,16,25,21,20,21,33,32,36,35,42,32,32,0,0,0.0008,0.0029,0.0582,0.0510,0.0108,0.2434,0.0083,6.2594,0.0436,0.2427,0.5158,0.0007,0.0004,0.2343,0.0020,0.0017,0.0000,0.0000,0.0017
578,9.9604,9.6917,16.7197,4.6149,,true,2,0.008333,0.2778,0.0167,1.00,1.00,2.3531,22,1,382,382,0,360,460,0,15,15,0,350208,0,701,0,0,741916672,0.000000,0.000000,0.000000,0.00,2,7,10,18,16,25,21,20,21,33,32,36,35,42,32,32,0,0,0.0003,0.0017,0.0460,0.0409,0.0077,0.2786,0.0050,4.6149,0.0189,0.2778,0.3947,0.0004,0.0005,0.1447,0.0011,0.0008,0.0000,0.0000,0.0009
579,9.9766,9.7083,15.2442,5.5362,,true,2,0.008333,0.1977,0.0167,1.00,1.00,0.9306,22,1,382,382,0,361,461,0,15,15,0,350208,0,701,0,0,741916672,0.000000,0.000000,0.000000,0.00,2,7,10,18,16,25,21,20,21,33,32,36,35,42,32,32,0,0,0.0007,0.0024,0.0445,0.0503,0.0076,0.1982,0.0050,5.5362,0.0204,0.1977,0.3885,0.0011,0.0004,0.1725,0.0016,0.0010,0.0000,0.0000,0.0009
580,9.9920,9.7250,16.2175,4.7291,,true,2,0.008333,0.2093,0.0167,1.00,1.00,0.4815,22,1,382,382,0,361,461,0,15,15,0,350208,0,701,0,0,741916672,0.000000,0.000000,0.000000,0.00,2,7,10,18,16,25,21,20,21,33,32,36,35,42,32,32,0,0,0.0007,0.0032,0.0453,0.0391,0.0045,0.2102,0.0047,4.7291,0.0188,0.2093,0.5023,0.0005,0.0006,0.1940,0.0028,0.0011,0.0000,0.0000,0.0008
581,10.0084,9.7333,16.0971,5.0072,,true,1,0.008333,0.1319,0.0083,1.00,0.52,8.2453,22,1,382,382,0,360,460,0,15,15,0,347904,0,701,0,0,741916672,0.000000,0.000000,0.000000,0.00,2,7,10,18,16,25,21,20,21,33,32,36,35,42,32,32,0,0,0.0006,0.0023,0.0504,0.0386,0.0074,0.1329,0.0056,5.0072,0.0189,0.1319,0.4269,0.0005,0.0005,0.1793,0.0013,0.0008,0.0000,0.0000,0.0010
582,10.0247,9.7500,15.1317,5.7816,,true,2,0.008333,0.3877,0.0167,1.00,1.00,6.7104,22,1,382,382,0,360,460,0,15,15,0,347904,0,701,0,0,741916672,0.000000,0.000000,0.000000,0.00,2,7,10,18,16,25,21,20,21,33,32,36,35,42,32,32,0,0,0.0005,0.0020,0.0467,0.0493,0.0097,0.3898,0.0072,5.7816,0.0208,0.3877,0.4141,0.0005,0.0005,0.1873,0.0017,0.0015,0.0000,0.0000,0.0006
583,10.0407,9.7667,17.0970,4.9591,,true,2,0.008333,0.2018,0.0167,1.00,0.97,7.1407,22,1,382,382,0,360,460,0,15,15,0,347904,0,701,0,0,741916672,0.000000,0.000000,0.000000,0.00,2,7,10,18,16,25,21,20,21,33,32,36,35,42,32,32,0,0,0.0008,0.0030,0.0385,0.0466,0.0082,0.2023,0.0071,4.9591,0.0195,0.2018,0.3836,0.0004,0.0007,0.1568,0.0013,0.0006,0.0000,0.0000,0.0011
584,10.0574,9.7833,16.4840,5.1536,,true,2,0.008333,0.2028,0.0167,1.00,1.00,6.9581,22,1,382,382,0,359,459,0,15,15,0,347904,0,701,0,0,741920768,0.000000,0.000000,0.000000,0.00,2,7,10,18,16,25,21,20,21,33,32,36,35,42,32,32,0,0,0.0002,0.0037,0.0351,0.0420,0.0083,0.2032,0.0070,5.1536,0.0151,0.2028,0.4129,0.0005,0.0005,0.1452,0.0015,0.0010,0.0000,0.0000,0.0006
585,10.0728,9.8000,15.8919,4.7795,,true,2,0.008333,0.1825,0.0167,1.00,1.00,6.1833,22,1,382,382,0,359,459,0,15,15,0,350208,0,701,0,0,741920768,0.000000,0.000000,0.000000,0.00,2,7,10,18,16,25,21,20,21,33,32,36,35,42,32,32,0,0,0.0005,0.0022,0.0491,0.0419,0.0078,0.1831,0.0072,4.7795,0.0198,0.1825,0.4336,0.0005,0.0004,0.1952,0.0013,0.0012,0.0000,0.0000,0.0011
586,10.0877,9.8167,15.3101,4.2631,,true,2,0.008333,0.1762,0.0167,1.00,1.00,4.8267,22,1,382,382,0,360,460,0,15,15,0,350208,0,701,0,0,741920768,0.000000,0.000000,0.000000,0.00,2,7,10,18,16,25,21,20,21,33,32,36,35,42,32,32,0,0,0.0003,0.0022,0.0355,0.0376,0.0061,0.1775,0.0046,4.2631,0.0137,0.1762,0.3664,0.0006,0.0002,0.1372,0.0012,0.0012,0.0000,0.0000,0.0006
587,10.1039,9.8333,15.0444,5.4134,,true,2,0.008333,0.2160,0.0167,1.00,1.00,3.2045,22,1,382,382,0,360,460,0,15,15,0,350208,0,701,0,0,741920768,0.000000,0.000000,0.000000,0.00,2,7,10,18,16,25,21,20,21,33,32,36,35,42,32,32,0,0,0.0003,0.0018,0.0368,0.0382,0.0054,0.2167,0.0053,5.4134,0.0212,0.2160,0.3741,0.0006,0.0005,0.1618,0.0015,0.0014,0.0000,0.0000,0.0008
588,10.1241,9.8500,15.7223,9.9446,,true,2,0.008333,0.2341,0.0167,1.00,1.00,2.2601,22,1,382,382,8,360,460,0,15,15,0,350208,0,709,35,40,741920768,0.000000,0.000000,0.000000,0.00,2,7,10,18,16,25,21,20,21,33,32,36,35,42,32,32,0,0,0.0003,0.0016,0.0689,0.0560,0.0094,0.2346,0.0034,9.9446,0.0155,0.2341,4.5882,0.0006,0.1638,0.1250,0.0013,0.0007,0.0000,0.0000,3.8842
589,10.1388,9.8667,16.6818,7.0158,,true,2,0.008333,0.2144,0.0167,1.00,1.00,2.2752,22,1,382,382,8,361,461,0,15,15,8,347904,0,717,27,40,741920768,0.000000,0.000000,0.000000,0.00,2,7,10,18,16,25,21,20,21,33,32,36,35,42,32,32,0,0,0.0003,0.0026,0.0539,0.0576,0.0121,0.2148,0.0056,7.0158,0.0199,0.2144,1.0957,0.0333,0.2313,0.2100,0.0027,0.0153,0.0000,33.4543,0.0009
590,10.1549,9.8833,17.0587,6.6915,,true,2,0.008333,0.1766,0.0167,1.00,0.98,2.6673,22,1,382,382,8,361,461,0,15,15,6,347904,0,723,21,40,741920768,0.000000,0.000000,0.000000,0.00,2,7,10,18,16,25,21,20,21,33,32,36,35,42,32,32,0,0,0.0007,0.0033,0.0401,0.0618,0.0071,0.1778,0.0086,6.6915,0.0188,0.1766,0.7560,0.0225,0.1300,0.1848,0.0017,0.0109,0.0000,27.5859,0.0011
591,10.1750,9.9000,16.6848,10.0493,,true,2,0.008333,0.5684,0.0167,1.00,1.00,2.6854,22,1,382,382,8,361,461,0,15,15,8,345600,0,731,13,40,741920768,0.000000,0.000000,0.000000,0.00,2,7,10,18,16,25,21,20,21,33,32,36,35,42,32,32,0,0,0.0006,0.0034,0.0685,0.0604,0.0119,0.5714,0.0089,10.0493,0.0268,0.5684,0.8657,0.0380,0.0005,0.2756,0.0043,0.0258,0.0000,32.3276,0.0022
592,10.1999,9.9250,24.7830,9.5230,,true,3,0.008333,0.3458,0.0250,1.00,1.00,2.4684,22,1,382,382,5,362,462,0,15,15,8,345600,0,736,5,25,741920768,0.000000,0.000000,0.000000,0.00,2,7,10,18,16,25,21,20,21,33,32,36,35,42,32,32,0,0,0.0002,0.0014,0.0562,0.0713,0.0143,0.3475,0.0049,9.5230,0.0494,0.3458,0.8179,0.0360,0.0004,0.3074,0.0029,0.0165,0.0000,40.6205,0.0006
593,10.2138,9.9417,16.8377,6.8530,,true,2,0.008333,0.1378,0.0167,1.00,0.99,2.6394,22,1,382,382,0,362,462,0,15,15,5,345600,0,736,0,0,741924864,0.000000,0.000000,0.000000,0.00,2,7,10,18,16,25,21,20,21,33,32,36,35,42,32,32,0,0,0.0008,0.0031,0.0593,0.0598,0.0108,0.1385,0.0057,6.8530,0.0205,0.1378,0.6200,0.0206,0.0003,0.2131,0.0024,0.0120,0.0000,23.2374,0.0010
594,10.2319,9.9583,16.9876,7.8147,,true,2,0.008333,0.2292,0.0167,1.00,0.98,2.9604,22,1,382,382,0,362,462,0,15,15,0,345600,0,736,0,0,741924864,0.000000,0.000000,0.000000,0.00,2,7,10,18,16,25,21,20,21,33,32,36,37,32,40,32,0,0,0.0005,0.0020,0.0424,0.0352,0.0258,0.2300,0.0059,7.8147,0.0328,0.2292,0.5221,0.0004,0.0004,0.1705,0.0015,0.0012,0.0000,0.0000,0.0015
595,10.2481,9.9750,20.2464,4.6085,,true,2,0.008333,0.1816,0.0167,1.00,0.82,6.5401,22,1,382,382,0,360,460,0,15,15,0,345600,0,736,0,0,741924864,0.000000,0.000000,0.000000,0.00,2,7,10,18,16,25,21,20,21,33,32,36,37,32,40,32,0,0,0.0007,0.0024,0.0507,0.0412,0.0052,0.1824,0.0068,4.6085,0.0203,0.1816,0.5803,0.0006,0.0004,0.2292,0.0021,0.0013,0.0000,0.0000,0.0010
596,10.2635,9.9917,15.1399,4.6096,,true,2,0.008333,0.2003,0.0167,1.00,1.00,5.0134,22,1,382,382,0,360,460,0,15,15,0,345600,0,736,0,0,741928960,0.000000,0.000000,0.000000,0.00,2,7,10,18,16,25,21,20,21,33,32,36,37,32,40,32,0,0,0.0004,0.0016,0.0399,0.0445,0.0060,0.2014,0.0046,4.6096,0.0151,0.2003,0.3836,0.0004,0.0004,0.1530,0.0012,0.0010,0.0000,0.0000,0.0005
597,10.2792,10.0083,15.6253,5.3020,,true,2,0.008333,0.2524,0.0167,1.00,1.00,3.9720,22,1,382,382,0,360,460,0,15,15,0,345600,0,736,0,0,741928960,0.000000,0.000000,0.000000,0.00,2,7,10,18,16,25,21,20,21,33,32,36,37,32,40,32,0,0,0.0001,0.0013,0.0395,0.0385,0.0047,0.2528,0.0048,5.3020,0.0169,0.2524,0.3755,0.0003,0.0005,0.1734,0.0021,0.0012,0.0000,0.0000,0.0005
598,10.2947,10.0250,16.3573,4.3610,,true,2,0.008333,0.1623,0.0167,1.00,1.00,3.6627,22,1,382,382,0,361,461,0,15,15,0,345600,0,736,0,0,741928960,0.000000,0.000000,0.000000,0.00,2,7,10,18,16,25,21,20,21,33,32,36,37,32,40,32,0,0,0.0001,0.0014,0.0386,0.0306,0.0044,0.1627,0.0039,4.3610,0.0173,0.1623,0.4082,0.0004,0.0003,0.1983,0.0012,0.0010,0.0000,0.0000,0.0006
599,10.3134,10.0417,17.2092,5.5939,,true,2,0.008333,0.2012,0.0167,1.00,0.97,4.2052,22,1,382,382,0,361,461,0,15,15,0,345600,0,736,0,0,741928960,0.000000,0.000000,0.000000,0.00,2,7,10,18,16,25,21,20,21,33,32,36,37,32,40,32,0,0,0.0006,0.0029,0.0567,0.0373,0.0078,0.2024,0.0042,5.5939,0.0159,0.2012,0.4197,0.0006,0.0006,0.1937,0.0015,0.0011,0.0000,0.0000,0.0008
600,10.3287,10.0583,16.0917,4.9986,,true,2,0.008333,0.1571,0.0167,1.00,1.00,3.6302,22,1,382,382,0,362,462,0,15,15,0,338688,0,736,0,0,741928960,0.000000,0.000000,0.000000,0.00,2,7,10,18,16,25,21,20,21,33,32,36,37,32,40,32,0,0,0.0002,0.0019,0.0315,0.0400,0.0076,0.1574,0.0035,4.9986,0.0176,0.1571,0.3701,0.0006,0.0004,0.1627,0.0015,0.0012,0.0000,0.0000,0.0011
601,10.3490,10.0750,18.1789,6.3662,,true,2,0.008333,0.2063,0.0167,1.00,0.92,5.1424,22,1,382,382,0,362,462,0,15,15,0,338688,0,736,0,0,741928960,0.000000,0.000000,0.000000,0.00,2,7,10,18,16,25,21,20,21,33,32,36,37,32,40,32,0,0,0.0001,0.0029,0.0503,0.0461,0.0070,0.2072,0.0057,6.3662,0.0202,0.2063,0.4846,0.0005,0.0006,0.2027,0.0019,0.0012,0.0000,0.0000,0.0007
602,10.3659,10.0917,17.3114,6.0558,,true,2,0.008333,0.2463,0.0167,1.00,0.96,5.7872,22,1,382,382,0,361,461,0,15,15,0,336384,0,736,0,0,741933056,0.000000,0.000000,0.000000,0.00,2,7,10,18,16,25,21,20,21,33,32,36,37,32,40,32,0,0,0.0006,0.0031,0.0454,0.0494,0.0087,0.2475,0.0074,6.0558,0.0198,0.2463,0.4147,0.0004,0.0004,0.1705,0.0015,0.0007,0.0000,0.0000,0.0007
603,10.3819,10.1083,17.2777,5.1723,,true,2,0.008333,0.2112,0.0167,1.00,0.96,6.3982,22,1,382,382,0,361,461,0,15,15,0,338688,0,736,0,0,741933056,0.000000,0.000000,0.000000,0.00,2,7,10,18,16,25,21,20,21,33,32,36,37,32,40,32,0,0,0.0004,0.0025,0.0989,0.0452,0.0070,0.2115,0.0058,5.1723,0.0191,0.2112,0.5011,0.0005,0.0004,0.2221,0.0019,0.0013,0.0000,0.0000,0.0012
604,10.3944,10.1250,14.0121,3.9608,,true,2,0.008333,0.1802,0.0167,1.00,1.00,3.7436,22,1,382,382,0,362,462,0,15,15,0,338688,0,736,0,0,742535168,0.000000,0.000000,0.000000,0.00,2,7,10,18,16,25,21,20,21,33,32,36,37,32,40,32,0,0,0.0005,0.0015,0.0371,0.0362,0.0071,0.1808,0.0050,3.9608,0.0178,0.1802,0.4321,0.0004,0.0006,0.1784,0.0018,0.0012,0.0000,0.0000,0.0011
605,10.4113,10.1417,15.8657,4.8777,,true,2,0.008333,0.2994,0.0167,1.00,1.00,2.9427,22,1,382,382,0,363,463,0,15,15,0,336384,0,736,0,0,742535168,0.000000,0.000000,0.000000,0.00,2,7,10,18,16,25,21,20,21,33,32,36,37,32,40,32,0,0,0.0003,0.0019,0.0373,0.0518,0.0104,0.2998,0.0033,4.8777,0.0168,0.2994,0.4206,0.0005,0.0007,0.1695,0.0012,0.0016,0.0000,0.0000,0.0009
606,10.4278,10.1583,16.0945,5.3049,,true,2,0.008333,0.1907,0.0167,1.00,1.00,2.3705,22,1,382,382,0,364,464,0,15,15,0,336384,0,736,0,0,742535168,0.000000,0.000000,0.000000,0.00,2,7,10,18,16,25,21,20,21,33,32,36,37,32,40,32,0,0,0.0005,0.0016,0.0384,0.0365,0.0071,0.1912,0.0055,5.3049,0.0145,0.1907,0.4114,0.0003,0.0005,0.1676,0.0013,0.0012,0.0000,0.0000,0.0009
607,10.4454,10.1750,17.1478,5.5887,,true,2,0.008333,0.2125,0.0167,1.00,0.97,2.8516,22,1,382,382,0,364,464,0,15,15,0,336384,0,736,0,0,742535168,0.000000,0.000000,0.000000,0.00,2,7,10,18,16,25,21,20,21,33,32,36,37,32,40,32,0,0,0.0008,0.0015,0.0383,0.0362,0.0073,0.2131,0.0059,5.5887,0.0166,0.2125,0.4083,0.0006,0.0004,0.1714,0.0015,0.0008,0.0000,0.0000,0.0015
608,10.4601,10.1917,15.5661,4.8948,,true,2,0.008333,0.1926,0.0167,1.00,1.00,1.7510,22,1,382,382,0,365,465,0,15,15,0,336384,0,736,0,0,742535168,0.000000,0.000000,0.000000,0.00,2,7,10,18,16,25,21,20,21,33,32,36,37,32,40,32,0,0,0.0003,0.0019,0.0474,0.0318,0.0029,0.1935,0.0072,4.8948,0.0191,0.1926,0.4959,0.0006,0.0004,0.2134,0.0016,0.0011,0.0000,0.0000,0.0011
609,10.4771,10.2083,16.4719,5.3317,,true,2,0.008333,0.2575,0.0167,1.00,1.00,1.5562,22,1,382,382,0,366,466,0,15,15,0,336384,0,736,0,0,742535168,0.000000,0.000000,0.000000,0.00,2,7,10,18,16,25,21,20,21,33,32,36,37,32,40,32,0,0,0.0002,0.0024,0.0596,0.0648,0.0083,0.2589,0.0059,5.3317,0.0198,0.2575,0.4055,0.0005,0.0003,0.1632,0.0014,0.0010,0.0000,0.0000,0.0011
610,10.4922,10.2250,15.8344,4.6936,,true,2,0.008333,0.1539,0.0167,1.00,1.00,0.7240,22,1,382,382,0,366,466,0,15,15,0,336384,0,736,0,0,742535168,0.000000,0.000000,0.000000,0.00,2,7,10,18,16,25,21,20,21,33,32,36,37,32,40,32,0,0,0.0002,0.0015,0.0372,0.0420,0.0065,0.1546,0.0050,4.6936,0.0142,0.1539,0.4371,0.0003,0.0004,0.1711,0.0022,0.0017,0.0000,0.0000,0.0008
611,10.5089,10.2333,15.5670,5.6610,,true,1,0.008333,0.1640,0.0083,1.00,0.54,7.9577,22,1,382,382,0,365,465,0,15,15,0,336384,0,736,0,0,742535168,0.000000,0.000000,0.000000,0.00,2,7,10,18,16,25,21,20,21,33,32,36,37,32,40,32,0,0,0.0002,0.0032,0.0490,0.0450,0.0102,0.1647,0.0067,5.6610,0.0510,0.1640,0.4371,0.0002,0.0008,0.1802,0.0017,0.0010,0.0000,0.0000,0.0019
612,10.5230,10.2500,15.0792,4.9251,,true,2,0.008333,0.2638,0.0167,1.00,1.00,6.3702,22,1,382,382,0,365,465,0,15,15,0,334080,0,736,0,0,742539264,0.000000,0.000000,0.000000,0.00,2,7,10,18,16,25,21,20,21,33,32,36,37,32,40,32,0,0,0.0005,0.0035,0.0330,0.0307,0.0043,0.2645,0.0065,4.9251,0.0201,0.2638,0.3863,0.0004,0.0003,0.1512,0.0014,0.0016,0.0000,0.0000,0.0013
613,10.5410,10.2667,17.2203,5.3927,,true,2,0.008333,0.1622,0.0167,1.00,0.97,6.9238,22,1,382,382,0,364,464,0,15,15,0,336384,0,736,0,0,742539264,0.000000,0.000000,0.000000,0.00,2,7,10,18,16,25,21,20,21,33,32,36,37,32,40,32,0,0,0.0006,0.0027,0.0605,0.0450,0.0081,0.1628,0.0070,5.3927,0.0167,0.1622,0.4427,0.0007,0.0004,0.1868,0.0020,0.0007,0.0000,0.0000,0.0010
614,10.5573,10.2833,16.8690,4.8844,,true,2,0.008333,0.2011,0.0167,1.00,0.99,7.1261,22,1,382,382,0,364,464,0,15,15,0,336384,0,736,0,0,742539264,0.000000,0.000000,0.000000,0.00,2,7,10,18,16,25,21,20,21,33,32,36,37,32,40,32,0,0,0.0003,0.0035,0.0337,0.0535,0.0100,0.2019,0.0075,4.8844,0.0156,0.2011,0.3775,0.0004,0.0004,0.1619,0.0017,0.0013,0.0000,0.0000,0.0009
615,10.5741,10.3000,16.2336,5.2222,,true,2,0.008333,0.1879,0.0167,1.00,1.00,6.6930,22,1,382,382,0,364,464,0,15,15,0,336384,0,736,0,0,742539264,0.000000,0.000000,0.000000,0.00,2,7,10,18,16,25,21,20,21,33,32,36,37,32,40,32,0,0,0.0002,0.0018,0.0408,0.0381,0.0074,0.1887,0.0047,5.2222,0.0162,0.1879,0.4121,0.0007,0.0004,0.1656,0.0012,0.0007,0.0000,0.0000,0.0007
616,10.5892,10.3167,15.7931,4.8909,,true,2,0.008333,0.1869,0.0167,1.00,1.00,5.8195,22,1,382,382,0,364,464,0,15,15,0,336384,0,736,0,0,742539264,0.000000,0.000000,0.000000,0.00,2,7,10,18,16,25,21,20,21,33,32,36,37,32,40,32,0,0,0.0008,0.0022,0.0438,0.0407,0.0078,0.1882,0.0066,4.8909,0.0168,0.1869,0.4216,0.0007,0.0005,0.1629,0.0011,0.0010,0.0000,0.0000,0.0015
617,10.6055,10.3333,15.8311,5.1903,,true,2,0.008333,0.1951,0.0167,1.00,1.00,4.9840,22,1,382,382,0,364,464,0,15,15,0,334080,0,736,0,0,742539264,0.000000,0.000000,0.000000,0.00,2,7,10,18,16,25,21,20,21,33,32,36,37,32,40,32,0,0,0.0006,0.0043,0.0450,0.0501,0.0063,0.1957,0.0085,5.1903,0.0165,0.1951,0.4327,0.0006,0.0007,0.1690,0.0018,0.0012,0.0000,0.0000,0.0012
618,10.6204,10.3500,14.8171,5.3124,,true,2,0.008333,0.1818,0.0167,1.00,1.00,3.1344,22,1,382,382,0,365,465,0,15,15,0,334080,0,736,0,0,742539264,0.000000,0.000000,0.000000,0.00,2,7,10,18,16,25,21,20,21,33,32,36,37,32,40,32,0,0,0.0003,0.0017,0.0523,0.0349,0.0059,0.1824,0.0044,5.3124,0.0179,0.1818,0.4528,0.0006,0.0011,0.1825,0.0019,0.0010,0.0000,0.0000,0.0018
619,10.6374,10.3667,16.5440,5.6945,,true,2,0.008333,0.1752,0.0167,1.00,1.00,3.0117,22,1,382,382,0,366,466,0,15,15,0,334080,0,736,0,0,742539264,0.000000,0.000000,0.000000,0.00,2,7,10,18,16,25,21,20,21,33,32,36,37,32,40,32,0,0,0.0004,0.0033,0.0592,0.0395,0.0078,0.1758,0.0053,5.6945,0.0163,0.1752,0.4653,0.0004,0.0005,0.1832,0.0024,0.0009,0.0000,0.0000,0.0009
620,10.6534,10.3833,17.0662,4.6474,,true,2,0.008333,0.2110,0.0167,1.00,0.98,3.4113,22,1,382,382,0,366,466,0,15,15,0,336384,0,736,0,0,742539264,0.000000,0.000000,0.000000,0.00,2,7,10,18,16,25,21,20,21,33,32,36,37,32,40,32,0,0,0.0010,0.0021,0.0551,0.0399,0.0088,0.2121,0.0073,4.6474,0.0169,0.2110,0.4221,0.0006,0.0009,0.1957,0.0014,0.0006,0.0000,0.0000,0.0005
621,10.6705,10.4000,15.6486,5.9601,,true,2,0.008333,0.4095,0.0167,1.00,1.00,2.3932,22,1,382,382,0,366,466,0,15,15,0,336384,0,736,0,0,742543360,0.000000,0.000000,0.000000,0.00,2,7,10,18,16,25,21,20,21,33,32,36,37,32,40,32,0,0,0.0002,0.0020,0.0403,0.0474,0.0070,0.4100,0.0054,5.9601,0.0160,0.4095,0.4564,0.0004,0.0007,0.1720,0.0013,0.0009,0.0000,0.0000,0.0011
622,10.6866,10.4167,17.4401,4.8457,,true,2,0.008333,0.1934,0.0167,1.00,0.96,3.1666,22,1,382,382,0,367,467,0,15,15,0,336384,0,736,0,0,742543360,0.000000,0.000000,0.000000,0.00,2,7,10,18,16,25,21,20,21,33,32,36,37,32,40,32,0,0,0.0004,0.0027,0.0421,0.0490,0.0060,0.1943,0.0040,4.8457,0.0143,0.1934,0.4329,0.0007,0.0004,0.1817,0.0013,0.0013,0.0000,0.0000,0.0008
623,10.7020,10.4333,14.7809,5.4242,,true,2,0.008333,0.1750,0.0167,1.00,1.00,1.2809,22,1,382,382,0,367,467,0,15,15,0,336384,0,736,0,0,742543360,0.000000,0.000000,0.000000,0.00,2,7,10,18,16,25,21,20,21,33,32,36,37,32,40,32,0,0,0.0008,0.0032,0.0490,0.0403,0.0075,0.1762,0.0068,5.4242,0.0138,0.1750,0.4563,0.0006,0.0004,0.1799,0.0014,0.0009,0.0000,0.0000,0.0010
624,10.7173,10.4500,15.8860,4.9386,,true,2,0.008333,0.2160,0.0167,1.00,1.00,0.5002,22,1,382,382,0,368,468,0,15,15,0,336384,0,736,0,0,742543360,0.000000,0.000000,0.000000,0.00,2,7,10,18,16,25,21,20,21,33,32,36,37,32,40,32,0,0,0.0006,0.0020,0.0411,0.0396,0.0073,0.2166,0.0062,4.9386,0.0159,0.2160,0.4272,0.0007,0.0006,0.1729,0.0011,0.0010,0.0000,0.0000,0.0003
625,10.7314,10.4583,14.7485,4.4317,,true,1,0.008333,0.1706,0.0083,1.00,0.57,6.9154,22,1,382,382,0,367,467,0,15,15,0,336384,0,736,0,0,742543360,0.000000,0.000000,0.000000,0.00,2,7,10,18,16,25,21,20,21,33,32,36,37,32,40,32,0,0,0.0001,0.0020,0.0364,0.0401,0.0086,0.1714,0.0041,4.4317,0.0165,0.1706,0.4086,0.0004,0.0004,0.1617,0.0013,0.0006,0.0000,0.0000,0.0012
626,10.7470,10.4750,15.1377,4.8864,,true,2,0.008333,0.2463,0.0167,1.00,1.00,5.3864,22,1,382,382,0,367,467,0,15,15,0,336384,0,736,0,0,742543360,0.000000,0.000000,0.000000,0.00,2,7,10,18,16,25,21,20,21,33,32,36,37,32,40,32,0,0,0.0007,0.0023,0.0512,0.0484,0.0068,0.2471,0.0060,4.8864,0.0182,0.2463,0.4679,0.0007,0.0006,0.1803,0.0010,0.0018,0.0000,0.0000,0.0009
627,10.7636,10.4917,15.9529,5.3524,,true,2,0.008333,0.2039,0.0167,1.00,1.00,4.6727,22,1,382,382,0,367,467,0,15,15,0,336384,0,736,0,0,742543360,0.000000,0.000000,0.000000,0.00,2,7,10,18,16,25,21,20,21,33,32,36,37,32,40,32,0,0,0.0004,0.0019,0.0439,0.0467,0.0064,0.2044,0.0057,5.3524,0.0192,0.2039,0.4680,0.0005,0.0005,0.1725,0.0021,0.0019,0.0000,0.0000,0.0009
628,10.7785,10.5083,15.1840,5.3216,,true,2,0.008333,0.3702,0.0167,1.00,1.00,3.1900,22,1,382,382,0,367,467,0,15,15,0,336384,0,736,0,0,742543360,0.000000,0.000000,0.000000,0.00,2,7,10,18,16,25,21,20,21,33,32,36,37,32,40,32,0,0,0.0005,0.0033,0.0428,0.0287,0.0079,0.3708,0.0068,5.3216,0.0152,0.3702,0.4831,0.0009,0.0005,0.2099,0.0019,0.0010,0.0000,0.0000,0.0015
629,10.7992,10.5250,17.6101,6.7968,,true,2,0.008333,0.2972,0.0167,1.00,0.95,4.1334,22,1,382,382,0,367,467,0,15,15,0,336384,0,736,0,0,742543360,0.000000,0.000000,0.000000,0.00,2,7,10,18,16,25,21,20,21,33,32,36,37,32,40,32,0,0,0.0006,0.0035,0.0566,0.0629,0.0108,0.2982,0.0070,6.7968,0.0214,0.2972,0.5308,0.0006,0.0007,0.2225,0.0020,0.0010,0.0000,0.0000,0.0012
630,10.8117,10.5417,16.1177,4.6732,,true,2,0.008333,0.1455,0.0167,1.00,1.00,3.5845,22,1,382,382,0,367,467,0,15,15,0,336384,0,736,0,0,742547456,0.000000,0.000000,0.000000,0.00,2,7,10,18,16,25,21,20,21,33,32,36,37,32,40,32,0,0,0.0008,0.0024,0.0476,0.0384,0.0079,0.1465,0.0088,4.6732,0.0203,0.1455,0.5139,0.0005,0.0005,0.1962,0.0013,0.0009,0.0000,0.0000,0.0018
631,10.8265,10.5583,15.1166,4.4754,,true,2,0.008333,0.1840,0.0167,1.00,1.00,2.0344,22,1,382,382,0,368,468,0,15,15,0,334080,0,736,0,0,742547456,0.000000,0.000000,0.000000,0.00,2,7,10,18,16,25,21,20,21,33,32,36,37,32,40,32,0,0,0.0004,0.0020,0.0428,0.0372,0.0069,0.1846,0.0048,4.4754,0.0162,0.1840,0.4054,0.0008,0.0004,0.1725,0.0016,0.0013,0.0000,0.0000,0.0011
632,10.8444,10.5750,16.3838,5.7649,,true,2,0.008333,0.2084,0.0167,1.00,1.00,1.7515,22,1,382,382,0,368,468,0,15,15,0,334080,0,736,0,0,742547456,0.000000,0.000000,0.000000,0.00,2,7,10,18,16,25,21,20,21,33,32,36,37,32,40,32,0,0,0.0007,0.0021,0.0572,0.0542,0.0100,0.2091,0.0066,5.7649,0.0264,0.2084,0.5938,0.0007,0.0005,0.2538,0.0021,0.0013,0.0000,0.0000,0.0012
633,10.8586,10.5917,15.4996,4.6289,,true,2,0.008333,0.1602,0.0167,1.00,1.00,0.5845,22,1,382,382,0,369,469,0,15,15,0,331776,0,736,0,0,742547456,0.000000,0.000000,0.000000,0.00,2,7,10,18,16,25,21,20,21,33,32,36,37,32,40,32,0,0,0.0002,0.0038,0.0318,0.0411,0.0081,0.1608,0.0057,4.6289,0.0402,0.1602,0.3450,0.0005,0.0009,0.1588,0.0016,0.0011,0.0000,0.0000,0.0014
634,10.8810,10.6000,15.9763,10.7549,,true,1,0.008333,0.2023,0.0083,1.00,0.52,8.2275,22,1,382,382,8,368,468,0,15,15,0,331776,0,744,37,40,742547456,0.000000,0.000000,0.000000,0.00,2,7,10,18,16,25,21,20,21,33,32,36,37,32,40,32,0,0,0.0005,0.0019,0.0471,0.0462,0.0068,0.2034,0.0048,10.7549,0.0169,0.2023,4.7703,0.0007,0.1725,0.1583,0.0008,0.0006,0.0000,0.0000,3.9652
635,10.8908,10.6167,15.6227,5.1039,,true,2,0.008333,0.1673,0.0167,1.00,1.00,7.1835,22,1,382,382,8,376,476,0,15,15,7,331776,0,751,30,40,742547456,0.000000,0.000000,0.000000,0.00,2,7,10,18,16,25,21,20,21,33,32,36,37,32,40,32,0,0,0.0002,0.0021,0.0404,0.0457,0.0072,0.1681,0.0058,5.1039,0.0144,0.1673,0.7844,0.0225,0.1847,0.1616,0.0014,0.0083,0.0000,29.7818,0.0009
636,10.9071,10.6333,15.4093,5.7312,,true,2,0.008333,0.2235,0.0167,1.00,1.00,5.9261,22,1,382,382,8,382,482,0,15,15,7,331776,0,758,23,40,742547456,0.000000,0.000000,0.000000,0.00,2,7,10,18,16,25,21,20,21,33,32,36,37,32,40,32,0,0,0.0003,0.0030,0.0480,0.0494,0.0099,0.2249,0.0064,5.7312,0.0198,0.2235,0.7052,0.0286,0.1056,0.1949,0.0015,0.0144,0.0000,28.4360,0.0011
637,10.9227,10.6500,16.4924,4.7593,,true,2,0.008333,0.2835,0.0167,1.00,1.00,5.7519,22,1,382,382,8,385,485,0,15,15,8,331776,0,766,15,40,742547456,0.000000,0.000000,0.000000,0.00,2,7,10,18,16,25,21,20,21,33,32,36,37,32,40,32,0,0,0.0002,0.0025,0.0307,0.0375,0.0068,0.2848,0.0062,4.7593,0.0174,0.2835,0.4952,0.0227,0.0003,0.1759,0.0009,0.0139,0.0000,33.2936,0.0010
638,10.9406,10.6667,16.5647,5.4901,,true,2,0.008333,0.1891,0.0167,1.00,1.00,5.6499,22,1,382,382,7,386,486,0,15,15,8,331776,0,773,7,35,742547456,0.000000,0.000000,0.000000,0.00,2,7,10,18,16,25,21,20,21,33,32,36,37,32,40,32,0,0,0.0006,0.0026,0.0538,0.0393,0.0072,0.1899,0.0067,5.4901,0.0198,0.1891,0.6691,0.0252,0.0002,0.2256,0.0020,0.0137,0.0000,32.6186,0.0009
639,10.9576,10.6833,18.3427,4.5955,,true,2,0.008333,0.1467,0.0167,1.00,0.91,7.3260,22,1,382,382,0,384,484,0,15,15,7,331776,0,773,0,0,742547456,0.000000,0.000000,0.000000,0.00,2,7,10,18,16,25,21,20,21,33,32,36,37,32,40,32,0,0,0.0001,0.0017,0.0280,0.0336,0.0068,0.1476,0.0049,4.5955,0.0152,0.1467,0.4069,0.0164,0.0004,0.1559,0.0014,0.0142,0.0000,32.2717,0.0013
640,10.9729,10.7000,14.8229,4.8185,,true,2,0.008333,0.1849,0.0167,1.00,1.00,5.4822,22,1,382,382,0,384,484,0,15,15,0,331776,0,773,0,0,742592512,0.000000,0.000000,0.000000,0.00,2,7,10,18,16,25,21,20,21,33,31,38,45,33,38,24,0,0,0.0002,0.0026,0.0404,0.0392,0.0063,0.1857,0.0056,4.8185,0.0147,0.1849,0.5583,0.0004,0.0004,0.1701,0.0014,0.0008,0.0000,0.0000,0.0013
641,10.9889,10.7167,16.5882,5.0844,,true,2,0.008333,0.2135,0.0167,1.00,1.00,5.4038,22,1,382,382,0,384,484,0,15,15,0,331776,0,773,0,0,742592512,0.000000,0.000000,0.000000,0.00,2,7,10,18,16,25,21,20,21,33,31,38,45,33,38,24,0,0,0.0002,0.0015,0.0401,0.0378,0.0070,0.2145,0.0035,5.0844,0.0137,0.2135,0.4293,0.0006,0.0004,0.1768,0.0013,0.0012,0.0000,0.0000,0.0014
642,11.0054,10.7333,16.6229,4.7530,,true,2,0.008333,0.2227,0.0167,1.00,1.00,5.3600,22,1,382,382,0,383,483,0,15,15,0,331776,0,773,0,0,742592512,0.000000,0.000000,0.000000,0.00,2,7,10,18,16,25,21,20,21,33,31,38,45,33,38,24,0,0,0.0002,0.0023,0.0488,0.0390,0.0059,0.2231,0.0067,4.7530,0.0209,0.2227,0.4841,0.0004,0.0009,0.2008,0.0013,0.0006,0.0000,0.0000,0.0011
643,11.0206,10.7500,15.0705,4.8747,,true,2,0.008333,0.3448,0.0167,1.00,1.00,3.7638,22,1,382,382,0,384,484,0,15,15,0,331776,0,773,0,0,742592512,0.000000,0.000000,0.000000,0.00,2,7,10,18,16,25,21,20,21,33,31,38,45,33,38,24,0,0,0.0005,0.0018,0.0396,0.0383,0.0067,0.3461,0.0046,4.8747,0.0367,0.3448,0.4274,0.0006,0.0003,0.1828,0.0015,0.0009,0.0000,0.0000,0.0007
644,11.0358,10.7667,15.3337,4.9172,,true,2,0.008333,0.1631,0.0167,1.00,1.00,2.4308,22,1,382,382,0,385,485,0,15,15,0,331776,0,773,0,0,742592512,0.000000,0.000000,0.000000,0.00,2,7,10,18,16,25,21,20,21,33,31,38,45,33,38,24,0,0,0.0001,0.0015,0.0376,0.0395,0.0086,0.1635,0.0025,4.9172,0.0351,0.1631,0.3885,0.0006,0.0003,0.1695,0.0006,0.0018,0.0000,0.0000,0.0009
645,11.0539,10.7833,17.3617,5.3072,,true,2,0.008333,0.2141,0.0167,1.00,0.96,3.1259,22,1,382,382,0,385,485,0,15,15,0,331776,0,773,0,0,742592512,0.000000,0.000000,0.000000,0.00,2,7,10,18,16,25,21,20,21,33,31,38,45,33,38,24,0,0,0.0005,0.0023,0.0380,0.0554,0.0099,0.2154,0.0043,5.3072,0.0192,0.2141,0.3866,0.0005,0.0003,0.1911,0.0010,0.0005,0.0000,0.0000,0.0006
646,11.0682,10.8000,15.1573,4.6682,,true,2,0.008333,0.1736,0.0167,1.00,1.00,1.6165,22,1,382,382,0,386,486,0,15,15,0,361728,0,773,0,0,742592512,0.000000,0.000000,0.000000,0.00,2,7,10,18,16,25,21,20,21,33,31,38,45,33,38,24,0,0,0.0002,0.0018,0.0411,0.0215,0.0064,0.1738,0.0048,4.6682,0.0169,0.1736,0.3735,0.0004,0.0008,0.1812,0.0015,0.0009,0.0000,0.0000,0.0015
647,11.0844,10.8167,15.7811,5.0168,,true,2,0.008333,0.1731,0.0167,1.00,1.00,0.7309,22,1,382,382,0,386,486,0,15,15,0,361728,0,773,0,0,742592512,0.000000,0.000000,0.000000,0.00,2,7,10,18,16,25,21,20,21,33,31,38,45,33,38,24,0,0,0.0006,0.0024,0.0430,0.0432,0.0075,0.1739,0.0060,5.0168,0.0171,0.1731,0.4147,0.0006,0.0007,0.1743,0.0015,0.0010,0.0000,0.0000,0.0007
648,11.0989,10.8250,14.8428,4.8375,,true,1,0.008333,0.1273,0.0083,1.00,0.56,7.2404,22,1,382,382,0,384,484,0,15,15,0,361728,0,773,0,0,742596608,0.000000,0.000000,0.000000,0.00,2,7,10,18,16,25,21,20,21,33,31,38,45,33,38,24,0,0,0.0005,0.0016,0.0758,0.0498,0.0089,0.1280,0.0051,4.8375,0.0210,0.1273,0.3816,0.0002,0.0002,0.1998,0.0020,0.0004,0.0000,0.0000,0.0008
649,11.1149,10.8417,15.6693,5.1164,,true,2,0.008333,0.2669,0.0167,1.00,1.00,6.2429,22,1,382,382,0,382,482,0,15,15,0,361728,0,773,0,0,742793216,0.000000,0.000000,0.000000,0.00,2,7,10,18,16,25,21,20,21,33,31,38,45,33,38,24,0,0,0.0006,0.0018,0.0435,0.0465,0.0034,0.2681,0.0046,5.1164,0.0183,0.2669,0.4873,0.0004,0.0002,0.1955,0.0011,0.0009,0.0000,0.0000,0.0010
650,11.1318,10.8583,15.8692,6.1759,,true,2,0.008333,0.1796,0.0167,1.00,1.00,5.4455,22,1,382,382,0,381,481,0,15,15,0,361728,0,773,0,0,742793216,0.000000,0.000000,0.000000,0.00,2,7,10,18,16,25,21,20,21,33,31,38,45,33,38,24,0,0,0.0002,0.0031,0.0380,0.0476,0.0087,0.1804,0.0073,6.1759,0.0158,0.1796,0.3885,0.0007,0.0006,0.1584,0.0010,0.0015,0.0000,0.0000,0.0011
651,11.1491,10.8750,16.2269,6.8912,,true,2,0.008333,0.2782,0.0167,1.00,1.00,5.0058,22,1,382,382,0,381,481,0,15,15,0,361728,0,773,0,0,742793216,0.000000,0.000000,0.000000,0.00,2,7,10,18,16,25,21,20,21,33,31,38,45,33,38,24,0,0,0.0004,0.0024,0.0406,0.0477,0.0073,0.2786,0.0074,6.8912,0.0208,0.2782,0.4434,0.0005,0.0007,0.1900,0.0017,0.0012,0.0000,0.0000,0.0009
652,11.1668,10.8917,18.0194,6.6811,,true,2,0.008333,0.3232,0.0167,1.00,0.92,6.3584,22,1,382,382,0,380,480,0,15,15,0,361728,0,773,0,0,742834176,0.000000,0.000000,0.000000,0.00,2,7,10,18,16,25,21,20,21,33,31,38,45,33,38,24,0,0,0.0009,0.0036,0.0474,0.0497,0.0087,0.3243,0.0100,6.6811,0.0235,0.3232,0.4944,0.0005,0.0005,0.2300,0.0017,0.0008,0.0000,0.0000,0.0011
653,11.1959,10.9167,22.0520,12.4431,,true,3,0.008333,0.3222,0.0250,1.00,1.00,3.4105,22,1,382,382,0,380,480,0,15,15,0,361728,0,773,0,0,742842368,0.000000,0.000000,0.000000,0.00,2,7,10,18,16,25,21,20,21,33,31,38,45,33,38,24,0,0,0.0013,0.0069,0.0990,0.0770,0.0177,0.3234,0.0187,12.4431,0.0490,0.3222,0.9147,0.0013,0.0011,0.5002,0.0035,0.0028,0.0000,0.0000,0.0018
654,11.2134,10.9333,21.2444,9.3898,,true,2,0.008333,0.2861,0.0167,1.00,0.78,7.9882,22,1,382,382,0,379,479,0,15,15,0,361728,0,773,0,0,742842368,0.000000,0.000000,0.000000,0.00,2,7,10,18,16,25,21,20,21,33,31,38,45,33,38,24,0,0,0.0006,0.0043,0.0556,0.0485,0.0099,0.2863,0.0117,9.3898,0.0182,0.2861,0.6434,0.0004,0.0008,0.2799,0.0017,0.0012,0.0000,0.0000,0.0013
655,11.2272,10.9500,16.5002,6.6635,,true,2,0.008333,0.2108,0.0167,1.00,1.00,7.8217,22,1,382,382,0,378,478,0,15,15,0,361728,0,773,0,0,742842368,0.000000,0.000000,0.000000,0.00,2,7,10,18,16,25,21,20,21,33,31,38,45,33,38,24,0,0,0.0004,0.0027,0.0469,0.0452,0.0077,0.2117,0.0069,6.6635,0.0194,0.2108,0.4233,0.0003,0.0005,0.1926,0.0006,0.0009,0.0000,0.0000,0.0007
656,11.2434,10.9667,16.1737,6.8347,,true,2,0.008333,0.1946,0.0167,1.00,1.00,7.3287,22,1,382,382,0,378,478,0,15,15,0,361728,0,773,0,0,742842368,0.000000,0.000000,0.000000,0.00,2,7,10,18,16,25,21,20,21,33,31,38,45,33,38,24,0,0,0.0001,0.0014,0.0891,0.0548,0.0085,0.1954,0.0116,6.8347,0.0379,0.1946,0.9127,0.0023,0.0021,0.3554,0.0027,0.0065,0.0000,0.0000,0.0081
657,11.2576,10.9833,16.3461,5.0950,,true,2,0.008333,0.2476,0.0167,1.00,1.00,7.0082,22,1,382,382,0,377,477,0,15,15,0,361728,0,773,0,0,742842368,0.000000,0.000000,0.000000,0.00,2,7,10,18,16,25,21,20,21,33,31,38,45,33,38,24,0,0,0.0001,0.0020,0.0415,0.0540,0.0067,0.2489,0.0062,5.0950,0.0218,0.2476,0.4600,0.0009,0.0007,0.1804,0.0017,0.0035,0.0000,0.0000,0.0016
658,11.2725,11.0000,15.0165,5.2605,,true,2,0.008333,0.3063,0.0167,1.00,1.00,5.3580,22,1,382,382,0,378,478,0,15,15,0,361728,0,773,0,0,742846464,0.000000,0.000000,0.000000,0.00,2,7,10,18,16,25,21,20,21,33,31,38,45,33,38,24,0,0,0.0006,0.0031,0.0504,0.0370,0.0060,0.3069,0.0070,5.2605,0.0255,0.3063,0.4362,0.0005,0.0008,0.1823,0.0010,0.0014,0.0000,0.0000,0.0007
659,11.2877,11.0167,15.6815,4.8329,,true,2,0.008333,0.2106,0.0167,1.00,1.00,4.3729,22,1,382,382,0,378,478,0,15,15,0,361728,0,773,0,0,742846464,0.000000,0.000000,0.000000,0.00,2,7,10,18,16,25,21,20,21,33,31,38,45,33,38,24,0,0,0.0002,0.0049,0.0407,0.0566,0.0058,0.2122,0.0074,4.8329,0.0166,0.2106,0.3893,0.0006,0.0003,0.1545,0.0012,0.0015,0.0000,0.0000,0.0006
660,11.3033,11.0333,14.8233,5.5158,,true,2,0.008333,0.2015,0.0167,1.00,1.00,2.5295,22,1,382,382,0,379,479,0,15,15,0,361728,0,773,0,0,742846464,0.000000,0.000000,0.000000,0.00,2,7,10,18,16,25,21,20,21,33,31,38,45,33,38,24,0,0,0.0005,0.0033,0.0456,0.0479,0.0092,0.2020,0.0076,5.5158,0.0152,0.2015,0.3718,0.0003,0.0003,0.1568,0.0011,0.0009,0.0000,0.0000,0.0008
661,11.3192,11.0500,16.1708,5.1500,,true,2,0.008333,0.1978,0.0167,1.00,1.00,2.0336,22,1,382,382,0,379,479,0,15,15,0,361728,0,773,0,0,742846464,0.000000,0.000000,0.000000,0.00,2,7,10,18,16,25,21,20,21,33,31,38,45,33,38,24,0,0,0.0001,0.0020,0.0382,0.0553,0.0108,0.1988,0.0065,5.1500,0.0164,0.1978,0.4594,0.0005,0.0004,0.1877,0.0016,0.0009,0.0000,0.0000,0.0009
662,11.3342,11.0667,15.4946,4.6988,,true,2,0.008333,0.2319,0.0167,1.00,1.00,0.8615,22,1,382,382,0,380,480,0,15,15,0,361728,0,773,0,0,742846464,0.000000,0.000000,0.000000,0.00,2,7,10,18,16,25,21,20,21,33,31,38,45,33,38,24,0,0,0.0008,0.0014,0.0382,0.0846,0.0089,0.2325,0.0056,4.6988,0.0174,0.2319,0.3625,0.0004,0.0004,0.1613,0.0010,0.0009,0.0000,0.0000,0.0009
663,11.3547,11.0833,16.4253,8.7843,,true,2,0.008333,0.2502,0.0167,1.00,1.00,0.6201,22,1,382,382,0,381,481,0,15,15,0,361728,0,773,0,0,742846464,0.000000,0.000000,0.000000,0.00,2,7,10,18,16,25,21,20,21,33,31,38,45,33,38,24,0,0,0.0005,0.0029,0.0612,0.0466,0.0062,0.2513,0.0061,8.7843,0.0221,0.2502,0.5921,0.0004,0.0004,0.2800,0.0021,0.0007,0.0000,0.0000,0.0006
664,11.3709,11.1000,18.3099,6.7741,,true,2,0.008333,0.2235,0.0167,1.00,0.91,2.2633,22,1,382,382,0,381,481,0,15,15,0,361728,0,773,0,0,742846464,0.000000,0.000000,0.000000,0.00,2,7,10,18,16,25,21,20,21,33,31,38,45,33,38,24,0,0,0.0010,0.0021,0.0630,0.0898,0.0098,0.2239,0.0081,6.7741,0.0199,0.2235,0.4610,0.0006,0.0003,0.2072,0.0020,0.0012,0.0000,0.0000,0.0011
665,11.3886,11.1167,19.2112,5.0346,,true,2,0.008333,0.2271,0.0167,1.00,0.87,4.8079,22,1,382,382,0,380,480,0,15,15,0,361728,0,773,0,0,742846464,0.000000,0.000000,0.000000,0.00,2,7,10,18,16,25,21,20,21,33,31,38,45,33,38,24,0,0,0.0002,0.0016,0.0365,0.0438,0.0062,0.2278,0.0045,5.0346,0.0244,0.2271,0.3656,0.0008,0.0004,0.1377,0.0009,0.0010,0.0000,0.0000,0.0012
666,11.4025,11.1333,14.3086,4.8236,,true,2,0.008333,0.2371,0.0167,1.00,1.00,2.4498,22,1,382,382,0,380,480,0,15,15,0,361728,0,773,0,0,742846464,0.000000,0.000000,0.000000,0.00,2,7,10,18,16,25,21,20,21,33,31,38,45,33,38,24,0,0,0.0005,0.0013,0.0348,0.0489,0.0076,0.2378,0.0056,4.8236,0.0170,0.2371,0.3906,0.0008,0.0005,0.1671,0.0013,0.0017,0.0000,0.0000,0.0010
667,11.4177,11.1500,14.9347,5.1001,,true,2,0.008333,0.3797,0.0167,1.00,1.00,0.7179,22,1,382,382,0,381,481,0,15,15,0,361728,0,773,0,0,742846464,0.000000,0.000000,0.000000,0.00,2,7,10,18,16,25,21,20,21,33,31,38,45,33,38,24,0,0,0.0003,0.0034,0.0422,0.0303,0.0035,0.3811,0.0053,5.1001,0.0189,0.3797,0.4446,0.0007,0.0006,0.2260,0.0013,0.0011,0.0000,0.0000,0.0005
668,11.4333,11.1583,15.6818,5.0371,,true,1,0.008333,0.1444,0.0083,1.00,0.53,8.0664,22,1,382,382,0,380,480,0,15,15,0,361728,0,773,0,0,742850560,0.000000,0.000000,0.000000,0.00,2,7,10,18,16,25,21,20,21,33,31,38,45,33,38,24,0,0,0.0001,0.0020,0.0486,0.0601,0.0090,0.1452,0.0055,5.0371,0.0176,0.1444,0.4902,0.0003,0.0004,0.2264,0.0014,0.0006,0.0000,0.0000,0.0006
669,11.4499,11.1750,15.8876,5.7021,,true,2,0.008333,0.2221,0.0167,1.00,1.00,7.2873,22,1,382,382,0,379,479,0,15,15,0,361728,0,773,0,0,742850560,0.000000,0.000000,0.000000,0.00,2,7,10,18,16,25,21,20,21,33,31,38,45,33,38,24,0,0,0.0002,0.0032,0.0463,0.0525,0.0072,0.2224,0.0073,5.7021,0.0224,0.2221,0.5080,0.0007,0.0004,0.2270,0.0021,0.0013,0.0000,0.0000,0.0004
670,11.4647,11.1917,15.9814,4.7633,,true,2,0.008333,0.1937,0.0167,1.00,1.00,6.6021,22,1,382,382,0,379,479,0,15,15,0,361728,0,773,0,0,742850560,0.000000,0.000000,0.000000,0.00,2,7,10,18,16,25,21,20,21,33,31,38,45,33,38,24,0,0,0.0002,0.0013,0.0406,0.0427,0.0062,0.1942,0.0026,4.7633,0.0196,0.1937,0.4421,0.0005,0.0006,0.1751,0.0016,0.0010,0.0000,0.0000,0.0012
671,11.4800,11.2083,15.2279,4.7572,,true,2,0.008333,0.2052,0.0167,1.00,1.00,5.1633,22,1,382,382,0,379,479,0,15,15,0,361728,0,773,0,0,742850560,0.000000,0.000000,0.000000,0.00,2,7,10,18,16,25,21,20,21,33,31,38,45,33,38,24,0,0,0.0003,0.0014,0.0381,0.0411,0.0079,0.2057,0.0058,4.7572,0.0160,0.2052,0.4225,0.0002,0.0002,0.1973,0.0018,0.0004,0.0000,0.0000,0.0006
672,11.4950,11.2250,14.9767,4.8136,,true,2,0.008333,0.1969,0.0167,1.00,1.00,3.4733,22,1,382,382,0,379,479,0,15,15,0,359424,0,773,0,0,742850560,0.000000,0.000000,0.000000,0.00,2,7,10,18,16,25,21,20,21,33,31,38,45,33,38,24,0,0,0.0002,0.0020,0.0419,0.0383,0.0076,0.1977,0.0028,4.8136,0.0153,0.1969,0.4831,0.0012,0.0005,0.1795,0.0023,0.0008,0.0000,0.0000,0.0011
673,11.5110,11.2417,15.8475,5.0972,,true,2,0.008333,0.2131,0.0167,1.00,1.00,2.6541,22,1,382,382,0,379,479,0,15,15,0,359424,0,773,0,0,742850560,0.000000,0.000000,0.000000,0.00,2,7,10,18,16,25,21,20,21,33,31,38,45,33,38,24,0,0,0.0005,0.0023,0.0576,0.0406,0.0063,0.2136,0.0058,5.0972,0.0265,0.2131,0.4837,0.0007,0.0005,0.2042,0.0018,0.0019,0.0000,0.0000,0.0008
674,11.5269,11.2583,15.6304,5.1835,,true,2,0.008333,0.2947,0.0167,1.00,1.00,1.6179,22,1,382,382,0,380,480,0,15,15,0,361728,0,773,0,0,742850560,0.000000,0.000000,0.000000,0.00,2,7,10,18,16,25,21,20,21,33,31,38,45,33,38,24,0,0,0.0002,0.0024,0.0378,0.0420,0.0069,0.2956,0.0055,5.1835,0.0198,0.2947,0.4631,0.0005,0.0006,0.2013,0.0009,0.0016,0.0000,0.0000,0.0011
675,11.5424,11.2750,15.5616,5.1687,,true,2,0.008333,0.1722,0.0167,1.00,1.00,0.5128,22,1,382,382,0,380,480,0,15,15,0,361728,0,773,0,0,742850560,0.000000,0.000000,0.000000,0.00,2,7,10,18,16,25,21,20,21,33,31,38,45,33,38,24,0,0,0.0005,0.0019,0.0367,0.0386,0.0065,0.1730,0.0038,5.1687,0.0155,0.1722,0.4555,0.0006,0.0003,0.1994,0.0018,0.0009,0.0000,0.0000,0.0012
676,11.5602,11.2917,17.3687,5.4726,,true,2,0.008333,0.2205,0.0167,1.00,0.96,1.2149,22,1,382,382,0,380,480,0,15,15,0,361728,0,773,0,0,742850560,0.000000,0.000000,0.000000,0.00,2,7,10,18,16,25,21,20,21,33,31,38,45,33,38,24,0,0,0.0002,0.0027,0.0392,0.0366,0.0062,0.2213,0.0052,5.4726,0.0151,0.2205,0.4398,0.0007,0.0003,0.1791,0.0010,0.0011,0.0000,0.0000,0.0009
677,11.5758,11.3083,16.2270,5.0027,,true,2,0.008333,0.3138,0.0167,1.00,1.00,0.7752,22,1,382,382,0,381,481,0,15,15,0,361728,0,773,0,0,742854656,0.000000,0.000000,0.000000,0.00,2,7,10,18,16,25,21,20,21,33,31,38,45,33,38,24,0,0,0.0006,0.0039,0.0680,0.0395,0.0049,0.3143,0.0089,5.0027,0.0171,0.3138,0.4288,0.0006,0.0003,0.1616,0.0016,0.0014,0.0000,0.0000,0.0009
678,11.5891,11.3167,14.2381,4.1502,,true,1,0.008333,0.1631,0.0083,1.00,0.59,6.6800,22,1,382,382,0,380,480,0,15,15,0,361728,0,773,0,0,742854656,0.000000,0.000000,0.000000,0.00,2,7,10,18,16,25,21,20,21,33,31,38,45,33,38,24,0,0,0.0002,0.0015,0.0460,0.0339,0.0050,0.1636,0.0042,4.1502,0.0156,0.1631,0.3999,0.0003,0.0003,0.1765,0.0010,0.0007,0.0000,0.0000,0.0007
679,11.6042,11.3333,15.3914,4.0006,,true,2,0.008333,0.1587,0.0167,1.00,1.00,5.4047,22,1,382,382,0,380,480,0,15,15,0,361728,0,773,0,0,742854656,0.000000,0.000000,0.000000,0.00,2,7,10,18,16,25,21,20,21,33,31,38,45,33,38,24,0,0,0.0001,0.0016,0.0463,0.0286,0.0046,0.1591,0.0033,4.0006,0.0178,0.1587,0.4292,0.0003,0.0004,0.1995,0.0007,0.0007,0.0000,0.0000,0.0008
680,11.6210,11.3500,15.7543,4.7612,,true,2,0.008333,0.1927,0.0167,1.00,1.00,4.4924,22,1,382,382,0,380,480,0,15,15,0,361728,0,773,0,0,742854656,0.000000,0.000000,0.000000,0.00,2,7,10,18,16,25,21,20,21,33,31,38,45,33,38,24,0,0,0.0009,0.0021,0.0371,0.0356,0.0081,0.1934,0.0061,4.7612,0.0179,0.1927,0.4174,0.0006,0.0002,0.1935,0.0014,0.0011,0.0000,0.0000,0.0010
681,11.6435,11.3667,16.2361,10.9265,,true,2,0.008333,0.2136,0.0167,1.00,1.00,4.0618,22,1,382,382,8,380,480,0,15,15,0,361728,0,781,34,40,742854656,0.000000,0.000000,0.000000,0.00,2,7,10,18,16,25,21,20,21,33,31,38,45,33,38,24,0,0,0.0004,0.0022,0.0451,0.0367,0.0065,0.2142,0.0038,10.9265,0.0193,0.2136,4.6404,0.0003,0.1582,0.1898,0.0030,0.0011,0.0000,0.0000,3.8016
682,11.6558,11.3833,16.2847,6.2300,,true,2,0.008333,0.2064,0.0167,1.00,1.00,3.6798,22,1,382,382,8,382,482,0,15,15,6,361728,0,787,28,40,742854656,0.000000,0.000000,0.000000,0.00,2,7,10,18,16,25,21,20,21,33,31,38,45,33,38,24,0,0,0.0008,0.0040,0.0335,0.0579,0.0102,0.2074,0.0054,6.2300,0.0166,0.2064,0.6059,0.0204,0.1273,0.1820,0.0016,0.0099,0.0000,27.5852,0.0009
683,11.6699,11.4000,15.1290,5.5594,,true,2,0.008333,0.3755,0.0167,1.00,1.00,2.1421,22,1,382,382,8,388,488,0,15,15,6,361728,0,793,22,40,742854656,0.000000,0.000000,0.000000,0.00,2,7,10,18,16,25,21,20,21,33,31,38,45,33,38,24,0,0,0.0003,0.0028,0.0379,0.0485,0.0070,0.3761,0.0043,5.5594,0.0131,0.3755,0.7692,0.0184,0.1426,0.2067,0.0011,0.0090,0.0000,30.9451,0.0010
684,11.6924,11.4167,20.3751,7.3897,,true,2,0.008333,0.1850,0.0167,1.00,0.82,5.8505,22,1,382,382,8,383,483,0,15,15,8,361728,0,801,14,40,742854656,0.000000,0.000000,0.000000,0.00,2,7,10,18,16,25,21,20,21,33,31,38,45,33,38,24,0,0,0.0003,0.0023,0.0513,0.0437,0.0065,0.1858,0.0071,7.3897,0.0252,0.1850,0.7123,0.0280,0.0003,0.2195,0.0025,0.0199,0.0000,36.4496,0.0011
685,11.7081,11.4333,16.1463,7.1704,,true,2,0.008333,0.2071,0.0167,1.00,1.00,5.3301,22,1,382,382,6,381,481,0,15,15,8,361728,0,807,6,30,742920192,0.000000,0.000000,0.000000,0.00,2,7,10,18,16,25,21,20,21,33,31,38,45,33,38,24,0,0,0.0004,0.0013,0.0494,0.9723,0.0080,0.2075,0.0048,7.1704,0.0163,0.2071,0.6257,0.0194,0.0001,0.1905,0.0017,0.0167,0.0000,35.0342,0.0005
686,11.7229,11.4500,16.3352,4.9569,,true,2,0.008333,0.1841,0.0167,1.00,1.00,4.9986,22,1,382,382,0,380,480,0,15,15,6,361728,0,807,0,0,742924288,0.000000,0.000000,0.000000,0.00,2,7,10,18,16,25,21,20,21,33,31,38,45,33,38,24,0,0,0.0001,0.0022,0.0269,0.0444,0.0098,0.1843,0.0070,4.9569,0.0109,0.1841,0.4304,0.0204,0.0006,0.1437,0.0014,0.0119,0.0000,24.9429,0.0011
687,11.7380,11.4667,15.7762,4.7945,,true,2,0.008333,0.2296,0.0167,1.00,1.00,4.1081,22,1,382,382,0,381,481,0,15,15,0,361728,0,807,0,0,742989824,0.000000,0.000000,0.000000,0.00,2,7,10,18,16,25,21,20,22,29,32,34,44,34,52,16,0,0,0.0010,0.0023,0.0396,0.0399,0.0059,0.2305,0.0055,4.7945,0.0152,0.2296,0.4764,0.0004,0.0003,0.1646,0.0007,0.0012,0.0000,0.0000,0.0003
688,11.7538,11.4833,15.7196,5.2545,,true,2,0.008333,0.1942,0.0167,1.00,1.00,3.1610,22,1,382,382,0,382,482,0,15,15,0,361728,0,807,0,0,742989824,0.000000,0.000000,0.000000,0.00,2,7,10,18,16,25,21,20,22,29,32,34,44,34,52,16,0,0,0.0005,0.0025,0.0568,0.0483,0.0105,0.1947,0.0061,5.2545,0.0229,0.1942,0.5528,0.0005,0.0004,0.2491,0.0019,0.0007,0.0000,0.0000,0.0008
689,11.7693,11.5000,16.7420,4.2409,,true,2,0.008333,0.3511,0.0167,1.00,1.00,3.2364,22,1,382,382,0,383,483,0,15,15,0,361728,0,807,0,0,743428096,0.000000,0.000000,0.000000,0.00,2,7,10,18,16,25,21,20,22,29,32,34,44,34,52,16,0,0,0.0007,0.0018,0.0363,0.0475,0.0079,0.3516,0.0055,4.2409,0.0153,0.3511,0.3715,0.0005,0.0005,0.1778,0.0009,0.0009,0.0000,0.0000,0.0011
690,11.7832,11.5167,13.7331,4.5767,,true,2,0.008333,0.1641,0.0167,1.00,1.00,0.3029,22,1,382,382,0,385,485,0,15,15,0,361728,0,807,0,0,743493632,0.000000,0.000000,0.000000,0.00,2,7,10,18,16,25,21,20,22,29,32,34,44,34,52,16,0,0,0.0002,0.0012,0.0349,0.0376,0.0059,0.1646,0.0042,4.5767,0.0157,0.1641,0.3203,0.0003,0.0007,0.1292,0.0009,0.0006,0.0000,0.0000,0.0008
691,11.8017,11.5333,18.5242,4.3737,,true,2,0.008333,0.2083,0.0167,1.00,0.90,2.1604,22,1,382,382,0,386,486,0,15,15,0,361728,0,807,0,0,743493632,0.000000,0.000000,0.000000,0.00,2,7,10,18,16,25,21,20,22,29,32,34,44,34,52,16,0,0,0.0001,0.0012,0.0297,0.0390,0.0088,0.2086,0.0056,4.3737,0.0145,0.2083,0.3826,0.0006,0.0003,0.1672,0.0016,0.0013,0.0000,0.0000,0.0007
692,11.8183,11.5500,15.4028,5.8519,,true,2,0.008333,0.1702,0.0167,1.00,1.00,0.8966,22,1,382,382,0,387,487,0,15,15,0,361728,0,807,0,0,743522304,0.000000,0.000000,0.000000,0.00,2,7,10,18,16,25,21,20,22,29,32,34,44,34,52,16,0,0,0.0003,0.0013,0.0344,0.0409,0.0079,0.1707,0.0054,5.8519,0.0086,0.1702,0.3968,0.0006,0.0004,0.1904,0.0013,0.0008,0.0000,0.0000,0.0011
693,11.8358,11.5667,17.3011,5.5969,,true,2,0.008333,0.2477,0.0167,1.00,0.96,1.5310,22,1,382,382,0,387,487,0,15,15,0,364032,0,807,0,0,743620608,0.000000,0.000000,0.000000,0.00,2,7,10,18,16,25,21,20,22,29,32,34,44,34,52,16,0,0,0.0001,0.0020,0.0422,0.0470,0.0063,0.2488,0.0049,5.5969,0.0179,0.2477,0.4554,0.0008,0.0005,0.1969,0.0015,0.0014,0.0000,0.0000,0.0009
694,11.8588,11.5833,17.0969,10.8092,,true,2,0.008333,0.3233,0.0167,1.00,0.97,1.9612,22,1,382,382,0,387,487,0,15,15,0,364032,0,807,0,0,744869888,0.000000,0.000000,0.000000,0.00,2,7,10,18,16,25,21,20,22,29,32,34,44,34,52,16,0,0,0.0015,0.0039,0.0617,0.0609,0.0120,0.3244,0.0097,10.8092,0.0190,0.3233,0.5453,0.0010,0.0007,0.2371,0.0010,0.0009,0.0000,0.0000,0.0009
695,11.8736,11.6000,18.3649,6.9191,,true,2,0.008333,0.1980,0.0167,1.00,0.91,3.6594,22,1,382,382,0,386,486,0,15,15,0,364032,0,807,0,0,744873984,0.000000,0.000000,0.000000,0.00,2,7,10,18,16,25,21,20,22,29,32,34,44,34,52,16,0,0,0.0003,0.0029,0.0795,0.0448,0.0097,0.1982,0.0083,6.9191,0.0274,0.1980,0.4671,0.0007,0.0005,0.2190,0.0017,0.0009,0.0000,0.0000,0.0011
696,11.8899,11.6167,17.1649,6.7671,,true,2,0.008333,0.1815,0.0167,1.00,0.97,4.1576,22,1,382,382,0,385,485,0,15,15,0,364032,0,807,0,0,744873984,0.000000,0.000000,0.000000,0.00,2,7,10,18,16,25,21,20,22,29,32,34,44,34,52,16,0,0,0.0005,0.0030,0.0568,0.0443,0.0088,0.1826,0.0090,6.7671,0.0190,0.1815,0.4387,0.0005,0.0004,0.2071,0.0020,0.0013,0.0000,0.0000,0.0012
697,11.9103,11.6333,18.5402,8.8841,,true,2,0.008333,0.2808,0.0167,1.00,0.90,6.0312,22,1,382,382,0,384,484,0,15,15,0,364032,0,807,0,0,744873984,0.000000,0.000000,0.000000,0.00,2,7,10,18,16,25,21,20,22,29,32,34,44,34,52,16,0,0,0.0003,0.0015,0.0616,0.0697,0.0090,0.2834,0.0080,8.8841,0.0214,0.2808,0.6431,0.0005,0.0005,0.2554,0.0024,0.0014,0.0000,0.0000,0.0007
698,11.9303,11.6583,19.6651,8.6411,,true,3,0.008333,0.3637,0.0250,1.00,1.00,0.6962,22,1,382,382,0,385,485,0,15,15,0,364032,0,807,0,0,744873984,0.000000,0.000000,0.000000,0.00,2,7,10,18,16,25,21,20,22,29,32,34,44,34,52,16,0,0,0.0004,0.0013,0.0565,0.0321,0.0035,0.3641,0.0033,8.6411,0.0234,0.3637,0.4943,0.0002,0.0002,0.2302,0.0016,0.0004,0.0000,0.0000,0.0006
699,11.9395,11.6667,13.4208,5.2316,,true,1,0.008333,0.1619,0.0083,1.00,0.62,5.7837,22,1,382,382,0,384,484,0,15,15,0,364032,0,807,0,0,744873984,0.000000,0.000000,0.000000,0.00,2,7,10,18,16,25,21,20,22,29,32,34,44,34,52,16,0,0,0.0002,0.0030,0.0530,0.0378,0.0061,0.1628,0.0052,5.2316,0.0240,0.1619,0.5534,0.0006,0.0003,0.2273,0.0011,0.0014,0.0000,0.0000,0.0009
700,11.9584,11.6833,17.3338,6.4337,,true,2,0.008333,0.2369,0.0167,1.00,0.96,6.4508,22,1,382,382,0,383,483,0,15,15,0,364032,0,807,0,0,744873984,0.000000,0.000000,0.000000,0.00,2,7,10,18,16,25,21,20,22,29,32,34,44,34,52,16,0,0,0.0004,0.0034,0.0573,0.0520,0.0075,0.2375,0.0078,6.4337,0.0267,0.2369,0.4839,0.0008,0.0005,0.2007,0.0011,0.0013,0.0000,0.0000,0.0013
701,11.9732,11.7000,15.6651,5.7628,,true,2,0.008333,0.2256,0.0167,1.00,1.00,5.4493,22,1,382,382,0,383,483,0,15,15,0,364032,0,807,0,0,744873984,0.000000,0.000000,0.000000,0.00,2,7,10,18,16,25,21,20,22,29,32,34,44,34,52,16,0,0,0.0010,0.0051,0.0520,0.0691,0.0093,0.2270,0.0169,5.7628,0.0214,0.2256,0.5402,0.0008,0.0005,0.2453,0.0020,0.0014,0.0000,0.0000,0.0016
702,11.9882,11.7167,15.7422,5.1198,,true,2,0.008333,0.1573,0.0167,1.00,1.00,4.5249,22,1,382,382,0,383,483,0,15,15,0,364032,0,807,0,0,744873984,0.000000,0.000000,0.000000,0.00,2,7,10,18,16,25,21,20,22,29,32,34,44,34,52,16,0,0,0.0005,0.0016,0.0393,0.0375,0.0089,0.1577,0.0063,5.1198,0.0207,0.1573,0.3484,0.0004,0.0004,0.1608,0.0016,0.0010,0.0000,0.0000,0.0014
703,12.0036,11.7333,15.4334,5.1489,,true,2,0.008333,0.2220,0.0167,1.00,1.00,3.2916,22,1,382,382,0,383,483,0,15,15,0,361728,0,807,0,0,744873984,0.000000,0.000000,0.000000,0.00,2,7,10,18,16,25,21,20,22,29,32,34,44,34,52,16,0,0,0.0003,0.0021,0.0396,0.0413,0.0060,0.2221,0.0041,5.1489,0.0155,0.2220,0.4045,0.0003,0.0002,0.1706,0.0011,0.0011,0.0000,0.0000,0.0007
704,12.0193,11.7500,15.1985,5.7520,,true,2,0.008333,0.3665,0.0167,1.00,1.00,1.8234,22,1,382,382,0,384,484,0,15,15,0,361728,0,807,0,0,744873984,0.000000,0.000000,0.000000,0.00,2,7,10,18,16,25,21,20,22,29,32,34,44,34,52,16,0,0,0.0007,0.0032,0.0914,0.0559,0.0087,0.3681,0.0071,5.7520,0.0176,0.3665,0.4863,0.0005,0.0010,0.2473,0.0011,0.0006,0.0000,0.0000,0.0008
705,12.0351,11.7667,15.9549,5.5463,,true,2,0.008333,0.1798,0.0167,1.00,1.00,1.1117,22,1,382,382,0,385,485,0,15,15,0,361728,0,807,0,0,744878080,0.000000,0.000000,0.000000,0.00,2,7,10,18,16,25,21,20,22,29,32,34,44,34,52,16,0,0,0.0004,0.0014,0.0378,0.0379,0.0056,0.1802,0.0045,5.5463,0.0186,0.1798,0.4892,0.0005,0.0004,0.2116,0.0017,0.0013,0.0000,0.0000,0.0008
706,12.0507,11.7750,15.4835,5.5146,,true,1,0.008333,0.1312,0.0083,1.00,0.54,8.2619,22,1,382,382,0,383,483,0,15,15,0,361728,0,807,0,0,744878080,0.000000,0.000000,0.000000,0.00,2,7,10,18,16,25,21,20,22,29,32,34,44,34,52,16,0,0,0.0003,0.0031,0.0473,0.0421,0.0066,0.1531,0.0049,5.5146,0.0148,0.1312,0.4662,0.0006,0.0009,0.1764,0.0021,0.0013,0.0000,0.0000,0.0015
707,12.0682,11.8000,16.9560,5.9604,,true,3,0.008333,0.2065,0.0250,1.00,1.00,0.2179,22,1,382,382,0,384,484,0,15,15,0,361728,0,807,0,0,744878080,0.000000,0.000000,0.000000,0.00,2,7,10,18,16,25,21,20,22,29,32,34,44,34,52,16,0,0,0.0005,0.0021,0.0461,0.0375,0.0079,0.2070,0.0050,5.9604,0.0149,0.2065,0.4492,0.0005,0.0007,0.1821,0.0019,0.0009,0.0000,0.0000,0.0011
708,12.0826,11.8083,14.3106,6.1643,,true,1,0.008333,0.1644,0.0083,1.00,0.58,6.1951,22,1,382,382,0,384,484,0,15,15,0,361728,0,807,0,0,744878080,0.000000,0.000000,0.000000,0.00,2,7,10,18,16,25,21,20,22,29,32,34,44,34,52,16,0,0,0.0003,0.0041,0.0522,0.0420,0.0081,0.1656,0.0074,6.1643,0.0235,0.1644,0.5134,0.0004,0.0004,0.2361,0.0034,0.0007,0.0000,0.0000,0.0007
709,12.0978,11.8250,16.1129,5.3816,,true,2,0.008333,0.2514,0.0167,1.00,1.00,5.6413,22,1,382,382,0,384,484,0,15,15,0,361728,0,807,0,0,744878080,0.000000,0.000000,0.000000,0.00,2,7,10,18,16,25,21,20,22,29,32,34,44,34,52,16,0,0,0.0002,0.0026,0.0698,0.0436,0.0060,0.2518,0.0041,5.3816,0.0207,0.2514,0.4829,0.0003,0.0005,0.2039,0.0019,0.0013,0.0000,0.0000,0.0014
710,12.1130,11.8417,15.0225,5.5330,,true,2,0.008333,0.2000,0.0167,1.00,1.00,3.9971,22,1,382,382,0,384,484,0,15,15,0,361728,0,807,0,0,744878080,0.000000,0.000000,0.000000,0.00,2,7,10,18,16,25,21,20,22,29,32,34,44,34,52,16,0,0,0.0004,0.0025,0.0535,0.0359,0.0030,0.2004,0.0059,5.5330,0.0167,0.2000,0.4674,0.0005,0.0006,0.2116,0.0016,0.0009,0.0000,0.0000,0.0017
711,12.1315,11.8583,17.6396,6.2276,,true,2,0.008333,0.1833,0.0167,1.00,0.94,4.9701,22,1,382,382,0,384,484,0,15,15,0,361728,0,807,0,0,744878080,0.000000,0.000000,0.000000,0.00,2,7,10,18,16,25,21,20,22,29,32,34,44,34,52,16,0,0,0.0009,0.0027,0.0341,0.0427,0.0063,0.1841,0.0085,6.2276,0.0186,0.1833,0.4146,0.0009,0.0003,0.1788,0.0018,0.0010,0.0000,0.0000,0.0009
712,12.1473,11.8750,16.5393,5.3097,,true,2,0.008333,0.1935,0.0167,1.00,1.00,4.8428,22,1,382,382,0,384,484,0,15,15,0,357120,0,807,0,0,744878080,0.000000,0.000000,0.000000,0.00,2,7,10,18,16,25,21,20,22,29,32,34,44,34,52,16,0,0,0.0003,0.0020,0.0462,0.0442,0.0060,0.1945,0.0054,5.3097,0.0181,0.1935,0.4734,0.0006,0.0006,0.2306,0.0013,0.0012,0.0000,0.0000,0.0017
713,12.1692,11.8917,19.5944,7.2731,,true,2,0.008333,0.4182,0.0167,1.00,0.85,7.7705,22,1,382,382,0,383,483,0,15,15,0,357120,0,807,0,0,744878080,0.000000,0.000000,0.000000,0.00,2,7,10,18,16,25,21,20,22,29,32,34,44,34,52,16,0,0,0.0009,0.0036,0.0405,0.0545,0.0099,0.4190,0.0077,7.2731,0.0180,0.4182,0.5379,0.0008,0.0007,0.2372,0.0013,0.0028,0.0000,0.0000,0.0025
714,12.1898,11.9167,18.4035,9.1394,,true,3,0.008333,0.4679,0.0250,1.00,1.00,1.1740,22,1,382,382,0,384,484,0,15,15,0,357120,0,807,0,0,744882176,0.000000,0.000000,0.000000,0.00,2,7,10,18,16,25,21,20,22,29,32,34,44,34,52,16,0,0,0.0006,0.0027,0.0475,0.0540,0.0105,0.4701,0.0092,9.1394,0.0222,0.4679,0.5376,0.0007,0.0010,0.2451,0.0023,0.0019,0.0000,0.0000,0.0014
715,12.2037,11.9333,16.6178,6.9097,,true,2,0.008333,0.2660,0.0167,1.00,1.00,1.1251,22,1,382,382,0,385,485,0,15,15,0,357120,0,807,0,0,744882176,0.000000,0.000000,0.000000,0.00,2,7,10,18,16,25,21,20,22,29,32,34,44,34,52,16,0,0,0.0002,0.0092,0.0499,0.0559,0.0088,0.2669,0.0126,6.9097,0.0250,0.2660,0.8577,0.0016,0.0014,0.2785,0.0022,0.0046,0.0000,0.0000,0.0015
716,12.2189,11.9500,17.0057,5.5191,,true,2,0.008333,0.2125,0.0167,1.00,0.98,1.4641,22,1,382,382,0,385,485,0,15,15,0,357120,0,807,0,0,744882176,0.000000,0.000000,0.000000,0.00,2,7,10,18,16,25,21,20,22,29,32,34,44,34,52,16,0,0,0.0004,0.0023,0.0431,0.0366,0.0034,0.2136,0.0075,5.5191,0.0189,0.2125,0.4538,0.0006,0.0005,0.2064,0.0012,0.0012,0.0000,0.0000,0.0014
717,12.2434,11.9667,21.6462,7.8095,,true,2,0.008333,0.2126,0.0167,1.00,0.77,6.4436,22,1,382,382,0,385,485,0,15,15,0,357120,0,807,0,0,744882176,0.000000,0.000000,0.000000,0.00,2,7,10,18,16,25,21,20,22,29,32,34,44,34,52,16,0,0,0.0002,0.0017,0.0519,0.0519,0.0086,0.2138,0.0044,7.8095,0.0246,0.2126,0.5429,0.0005,0.0006,0.2768,0.0015,0.0009,0.0000,0.0000,0.0010
718,12.2573,11.9833,15.0153,6.7976,,true,2,0.008333,0.3911,0.0167,1.00,1.00,4.7922,22,1,382,382,0,385,485,0,15,15,0,357120,0,807,0,0,744882176,0.000000,0.000000,0.000000,0.00,2,7,10,18,16,25,21,20,22,29,32,34,44,34,52,16,0,0,0.0007,0.0045,0.0701,0.0999,0.0122,0.3928,0.0104,6.7976,0.0331,0.3911,0.4911,0.0003,0.0007,0.2442,0.0021,0.0012,0.0000,0.0000,0.0010
719,12.2737,12.0000,16.9765,6.4309,,true,2,0.008333,0.4052,0.0167,1.00,0.98,5.1021,22,1,382,382,0,385,485,0,15,15,0,357120,0,807,0,0,744882176,0.000000,0.000000,0.000000,0.00,2,7,10,18,16,25,21,20,22,29,32,34,44,34,52,16,0,0,0.0005,0.0029,0.0519,0.0605,0.0154,0.4065,0.0096,6.4309,0.0239,0.4052,0.4929,0.0005,0.0003,0.2482,0.0012,0.0008,0.0000,0.0000,0.0014
720,12.2888,12.0167,15.5357,6.1510,,true,2,0.008333,0.2666,0.0167,1.00,1.00,3.9711,22,1,382,382,0,385,485,0,15,15,0,357120,0,807,0,0,744882176,0.000000,0.000000,0.000000,0.00,2,7,10,18,16,25,21,20,22,29,32,34,44,34,52,16,0,0,0.0004,0.0035,0.0485,0.0561,0.0078,0.2673,0.0102,6.1510,0.0237,0.2666,0.4730,0.0005,0.0004,0.2140,0.0011,0.0010,0.0000,0.0000,0.0012
721,12.3042,12.0333,16.7476,4.8417,,true,2,0.008333,0.1724,0.0167,1.00,1.00,4.0520,22,1,382,382,0,385,485,0,15,15,0,357120,0,807,0,0,744882176,0.000000,0.000000,0.000000,0.00,2,7,10,18,16,25,21,20,22,29,32,34,44,34,52,16,0,0,0.0004,0.0012,0.0394,0.0391,0.0059,0.1736,0.0047,4.8417,0.0133,0.1724,0.3622,0.0006,0.0012,0.1739,0.0013,0.0009,0.0000,0.0000,0.0014
722,12.3252,12.0500,19.3930,6.1018,,true,2,0.008333,0.2473,0.0167,1.00,0.86,6.7783,22,1,382,382,0,385,485,0,15,15,0,357120,0,807,0,0,744882176,0.000000,0.000000,0.000000,0.00,2,7,10,18,16,25,21,20,22,29,32,34,44,34,52,16,0,0,0.0005,0.0022,0.0390,0.0400,0.0091,0.2488,0.0066,6.1018,0.0115,0.2473,0.4375,0.0009,0.0005,0.2017,0.0021,0.0011,0.0000,0.0000,0.0009
723,12.3384,12.0667,14.0742,5.4861,,true,2,0.008333,0.2560,0.0167,1.00,1.00,4.1858,22,1,382,382,0,385,485,0,15,15,0,357120,0,807,0,0,744886272,0.000000,0.000000,0.000000,0.00,2,7,10,18,16,25,21,20,22,29,32,34,44,34,52,16,0,0,0.0007,0.0023,0.0397,0.0424,0.0086,0.2568,0.0038,5.4861,0.0204,0.2560,0.4827,0.0005,0.0004,0.2405,0.0009,0.0007,0.0000,0.0000,0.0005
724,12.3578,12.0833,17.9310,6.6643,,true,2,0.008333,0.3559,0.0167,1.00,0.93,5.4502,22,1,382,382,0,385,485,0,15,15,0,357120,0,807,0,0,744886272,0.000000,0.000000,0.000000,0.00,2,7,10,18,16,25,21,20,22,29,32,34,44,34,52,16,0,0,0.0006,0.0030,0.0306,0.0592,0.0116,0.3565,0.0069,6.6643,0.0154,0.3559,0.4471,0.0011,0.0004,0.1940,0.0011,0.0014,0.0000,0.0000,0.0013
725,12.3748,12.1000,18.1291,5.7708,,true,2,0.008333,0.2332,0.0167,1.00,0.92,6.9127,22,1,382,382,0,385,485,0,15,15,0,359424,0,807,0,0,744886272,0.000000,0.000000,0.000000,0.00,2,7,10,18,16,25,21,20,22,29,32,34,44,34,52,16,0,0,0.0005,0.0031,0.0503,0.0528,0.0103,0.2337,0.0056,5.7708,0.0184,0.2332,0.6240,0.0006,0.0005,0.2693,0.0012,0.0009,0.0000,0.0000,0.0009
726,12.3974,12.1167,16.5465,11.2985,,true,2,0.008333,0.2129,0.0167,1.00,1.00,6.7925,22,1,382,382,8,384,484,0,15,15,0,359424,0,815,24,40,745099264,0.000000,0.000000,0.000000,0.00,2,7,10,18,16,25,21,20,22,29,32,34,44,34,52,16,0,0,0.0004,0.0035,0.0591,0.0884,0.0092,0.2132,0.0078,11.2985,0.0273,0.2129,3.8646,0.0005,0.1341,0.1772,0.0019,0.0012,0.0000,0.0000,3.1512
727,12.4101,12.1333,15.4720,9.3395,,true,2,0.008333,0.2178,0.0167,1.00,1.00,5.5978,22,1,382,382,8,393,493,0,15,15,7,359424,0,822,17,40,745099264,0.000000,0.000000,0.000000,0.00,2,7,10,18,16,25,21,20,22,29,32,34,44,34,52,16,0,0,0.0002,0.0028,0.0529,0.0478,0.0065,0.2190,0.0075,9.3395,0.0190,0.2178,1.3471,0.0238,0.2640,0.1773,0.0015,0.0139,0.0000,30.2164,0.0007
728,12.4232,12.1500,15.8945,5.8608,,true,2,0.008333,0.3276,0.0167,1.00,1.00,4.8256,22,1,382,382,8,398,498,0,15,15,8,359424,0,830,9,40,745099264,0.000000,0.000000,0.000000,0.00,2,7,10,18,16,25,21,20,22,29,32,34,44,34,52,16,0,0,0.0005,0.0023,0.0654,0.0376,0.0069,0.3285,0.0061,5.8608,0.0233,0.3276,0.9466,0.0254,0.1972,0.2343,0.0019,0.0133,0.0000,37.2510,0.0012
729,12.4430,12.1667,19.0256,7.0531,,true,2,0.008333,0.2121,0.0167,1.00,0.88,7.1845,22,1,382,382,1,395,495,0,15,15,8,361728,0,831,1,5,745799680,0.000000,0.000000,0.000000,0.00,2,7,10,18,16,25,21,20,22,29,32,34,44,34,52,16,0,0,0.0011,0.0037,0.0637,0.0490,0.0084,0.2127,0.0065,7.0531,0.0204,0.2121,0.6143,0.0249,0.0004,0.1851,0.0019,0.0725,0.0000,37.9043,0.0008
730,12.4556,12.1833,14.2277,5.1122,,true,2,0.008333,0.2043,0.0167,1.00,1.00,4.7455,22,1,382,382,0,397,497,0,15,15,1,361728,0,831,0,0,745799680,0.000000,0.000000,0.000000,0.00,2,7,10,18,16,25,21,20,22,29,32,34,44,34,52,16,0,0,0.0006,0.0029,0.0356,0.0431,0.0075,0.2054,0.0050,5.1122,0.0175,0.2043,0.4893,0.0114,0.0004,0.1706,0.0018,0.0069,0.0000,4.3391,0.0016
731,12.4734,12.2000,17.8463,5.2743,,true,2,0.008333,0.2037,0.0167,1.00,0.93,5.9251,22,1,382,382,0,396,496,0,15,15,0,359424,0,831,0,0,745803776,0.000000,0.000000,0.000000,0.00,2,7,10,18,16,25,21,20,22,29,32,34,41,50,35,20,0,0,0.0003,0.0015,0.0441,0.0399,0.0070,0.2040,0.0041,5.2743,0.0188,0.2037,0.5914,0.0007,0.0004,0.1965,0.0013,0.0012,0.0000,0.0000,0.0007
732,12.4914,12.2167,17.3946,6.0631,,true,2,0.008333,0.1809,0.0167,1.00,0.96,6.6531,22,1,382,382,0,395,495,0,15,15,0,359424,0,831,0,0,745803776,0.000000,0.000000,0.000000,0.00,2,7,10,18,16,25,21,20,22,29,32,34,41,50,35,20,0,0,0.0004,0.0024,0.0520,0.0529,0.0083,0.1820,0.0059,6.0631,0.0217,0.1809,0.5320,0.0008,0.0003,0.2287,0.0014,0.0009,0.0000,0.0000,0.0012
733,12.5087,12.2333,17.7678,5.3413,,true,2,0.008333,0.2564,0.0167,1.00,0.94,7.7543,22,1,382,382,0,393,493,0,15,15,0,359424,0,831,0,0,745807872,0.000000,0.000000,0.000000,0.00,2,7,10,18,16,25,21,20,22,29,32,34,41,50,35,20,0,0,0.0003,0.0014,0.0522,0.0400,0.0086,0.2578,0.0051,5.3413,0.0258,0.2564,0.5517,0.0006,0.0008,0.2191,0.0015,0.0011,0.0000,0.0000,0.0015
734,12.5234,12.2500,14.8743,5.4693,,true,2,0.008333,0.2948,0.0167,1.00,1.00,5.9619,22,1,382,382,0,393,493,0,15,15,0,359424,0,831,0,0,745807872,0.000000,0.000000,0.000000,0.00,2,7,10,18,16,25,21,20,22,29,32,34,41,50,35,20,0,0,0.0004,0.0045,0.0417,0.0428,0.0082,0.2958,0.0080,5.4693,0.0203,0.2948,0.4457,0.0005,0.0003,0.1877,0.0019,0.0015,0.0000,0.0000,0.0009
735,12.5425,12.2667,18.2393,6.1325,,true,2,0.008333,0.2141,0.0167,1.00,0.91,7.5346,22,1,382,382,0,392,492,0,15,15,0,359424,0,831,0,0,745807872,0.000000,0.000000,0.000000,0.00,2,7,10,18,16,25,21,20,22,29,32,34,41,50,35,20,0,0,0.0006,0.0029,0.0435,0.0456,0.0058,0.2150,0.0067,6.1325,0.0243,0.2141,0.3757,0.0003,0.0003,0.1553,0.0012,0.0007,0.0000,0.0000,0.0012
736,12.5597,12.2917,17.5145,5.6177,,true,3,0.008333,0.2331,0.0250,1.00,1.00,0.0490,22,1,382,382,0,395,495,0,15,15,0,359424,0,831,0,0,745807872,0.000000,0.000000,0.000000,0.00,2,7,10,18,16,25,21,20,22,29,32,34,41,50,35,20,0,0,0.0005,0.0030,0.0471,0.0445,0.0081,0.2341,0.0062,5.6177,0.0191,0.2331,0.4326,0.0005,0.0003,0.1959,0.0010,0.0009,0.0000,0.0000,0.0020
737,12.5768,12.3083,17.6509,5.2472,,true,2,0.008333,0.2381,0.0167,1.00,0.94,1.0333,22,1,382,382,0,397,497,0,15,15,0,368640,0,831,0,0,745807872,0.000000,0.000000,0.000000,0.00,2,7,10,18,16,25,21,20,22,29,32,34,41,50,35,20,0,0,0.0004,0.0031,0.0445,0.0429,0.0069,0.2394,0.0044,5.2472,0.0197,0.2381,0.4509,0.0004,0.0003,0.1954,0.0013,0.0014,0.0000,0.0000,0.0006
738,12.5908,12.3167,14.6869,4.9957,,true,1,0.008333,0.2241,0.0083,1.00,0.57,7.3868,22,1,382,382,0,395,495,0,15,15,0,368640,0,831,0,0,745807872,0.000000,0.000000,0.000000,0.00,2,7,10,18,16,25,21,20,22,29,32,34,41,50,35,20,0,0,0.0004,0.0023,0.0794,0.0509,0.0076,0.2254,0.0063,4.9957,0.0175,0.2241,0.5239,0.0006,0.0004,0.2153,0.0025,0.0010,0.0000,0.0000,0.0005
739,12.6093,12.3333,16.6269,6.5449,,true,2,0.008333,0.2579,0.0167,1.00,1.00,7.3471,22,1,382,382,0,394,494,0,15,15,0,368640,0,831,0,0,745807872,0.000000,0.000000,0.000000,0.00,2,7,10,18,16,25,21,20,22,29,32,34,41,50,35,20,0,0,0.0004,0.0021,0.0707,0.0412,0.0077,0.2588,0.0065,6.5449,0.0225,0.2579,0.4973,0.0004,0.0004,0.2036,0.0022,0.0009,0.0000,0.0000,0.0010
740,12.6227,12.3500,14.8978,5.4682,,true,2,0.008333,0.2141,0.0167,1.00,1.00,5.5782,22,1,382,382,0,393,493,0,15,15,0,366336,0,831,0,0,745807872,0.000000,0.000000,0.000000,0.00,2,7,10,18,16,25,21,20,22,29,32,34,41,50,35,20,0,0,0.0003,0.0021,0.0461,0.0415,0.0100,0.2149,0.0061,5.4682,0.0242,0.2141,0.4436,0.0003,0.0004,0.1733,0.0015,0.0008,0.0000,0.0000,0.0011
741,12.6395,12.3667,16.9634,4.8067,,true,2,0.008333,0.2320,0.0167,1.00,0.98,5.8750,22,1,382,382,0,393,493,0,15,15,0,366336,0,831,0,0,745807872,0.000000,0.000000,0.000000,0.00,2,7,10,18,16,25,21,20,22,29,32,34,41,50,35,20,0,0,0.0002,0.0023,0.0364,0.0403,0.0075,0.2334,0.0047,4.8067,0.0126,0.2320,0.3494,0.0005,0.0005,0.1389,0.0016,0.0016,0.0000,0.0000,0.0011
742,12.6554,12.3833,15.4781,4.9182,,true,2,0.008333,0.1641,0.0167,1.00,1.00,4.6864,22,1,382,382,0,393,493,0,15,15,0,366336,0,831,0,0,745811968,0.000000,0.000000,0.000000,0.00,2,7,10,18,16,25,21,20,22,29,32,34,41,50,35,20,0,0,0.0005,0.0021,0.0318,0.0366,0.0069,0.1650,0.0054,4.9182,0.0130,0.1641,0.3584,0.0003,0.0001,0.1553,0.0011,0.0007,0.0000,0.0000,0.0003
743,12.6743,12.4000,18.8787,5.2100,,true,2,0.008333,0.2940,0.0167,1.00,0.88,6.8985,22,1,382,382,0,392,492,0,15,15,0,366336,0,831,0,0,745811968,0.000000,0.000000,0.000000,0.00,2,7,10,18,16,25,21,20,22,29,32,34,41,50,35,20,0,0,0.0005,0.0030,0.0566,0.0382,0.0085,0.2945,0.0056,5.2100,0.0229,0.2940,0.4438,0.0012,0.0003,0.2087,0.0018,0.0009,0.0000,0.0000,0.0008
744,12.6924,12.4167,15.4283,7.5680,,true,2,0.008333,0.1930,0.0167,1.00,1.00,5.6601,22,1,382,382,0,392,492,0,15,15,0,366336,0,831,0,0,745811968,0.000000,0.000000,0.000000,0.00,2,7,10,18,16,25,21,20,22,29,32,34,41,50,35,20,0,0,0.0005,0.0032,0.0567,0.0472,0.0111,0.1937,0.0079,7.5680,0.0222,0.1930,0.6408,0.0006,0.0011,0.2421,0.0028,0.0013,0.0000,0.0000,0.0006
745,12.7081,12.4333,17.7358,5.8334,,true,2,0.008333,0.2348,0.0167,1.00,0.94,6.7292,22,1,382,382,0,392,492,0,15,15,0,366336,0,831,0,0,745811968,0.000000,0.000000,0.000000,0.00,2,7,10,18,16,25,21,20,22,29,32,34,41,50,35,20,0,0,0.0009,0.0034,0.0446,0.0444,0.0057,0.2356,0.0072,5.8334,0.0163,0.2348,0.4325,0.0004,0.0004,0.1813,0.0018,0.0009,0.0000,0.0000,0.0007
746,12.7249,12.4500,17.2282,5.4008,,true,2,0.008333,0.2250,0.0167,1.00,0.97,7.2907,22,1,382,382,0,392,492,0,15,15,0,366336,0,831,0,0,745811968,0.000000,0.000000,0.000000,0.00,2,7,10,18,16,25,21,20,22,29,32,34,41,50,35,20,0,0,0.0007,0.0027,0.0466,0.0460,0.0087,0.2263,0.0071,5.4008,0.0195,0.2250,0.4829,0.0010,0.0005,0.2243,0.0022,0.0013,0.0000,0.0000,0.0007
747,12.7402,12.4667,15.7809,5.2083,,true,2,0.008333,0.2255,0.0167,1.00,1.00,6.4050,22,1,382,382,0,392,492,0,15,15,0,364032,0,831,0,0,745811968,0.000000,0.000000,0.000000,0.00,2,7,10,18,16,25,21,20,22,29,32,34,41,50,35,20,0,0,0.0006,0.0022,0.0560,0.0444,0.0065,0.2269,0.0067,5.2083,0.0224,0.2255,0.5027,0.0004,0.0003,0.2174,0.0014,0.0006,0.0000,0.0000,0.0007
748,12.7587,12.4833,15.9829,7.1970,,true,2,0.008333,0.1851,0.0167,1.00,1.00,5.7212,22,1,382,382,0,392,492,0,15,15,0,361728,0,831,0,0,745811968,0.000000,0.000000,0.000000,0.00,2,7,10,18,16,25,21,20,22,29,32,34,41,50,35,20,0,0,0.0002,0.0017,0.0319,0.0378,0.0074,0.1866,0.0059,7.1970,0.0138,0.1851,0.3287,0.0005,0.0002,0.1442,0.0010,0.0006,0.0000,0.0000,0.0005
749,12.7755,12.5000,18.8820,5.2545,,true,2,0.008333,0.3350,0.0167,1.00,0.88,7.9365,22,1,382,382,0,391,491,0,15,15,0,361728,0,831,0,0,745811968,0.000000,0.000000,0.000000,0.00,2,7,10,18,16,25,21,20,22,29,32,34,41,50,35,20,0,0,0.0005,0.0024,0.0645,0.0492,0.0088,0.3360,0.0054,5.2545,0.0227,0.3350,0.3934,0.0004,0.0004,0.1727,0.0015,0.0013,0.0000,0.0000,0.0012
750,12.7905,12.5167,15.6050,5.0044,,true,2,0.008333,0.1966,0.0167,1.00,1.00,6.8749,22,1,382,382,0,391,491,0,15,15,0,361728,0,831,0,0,745811968,0.000000,0.000000,0.000000,0.00,2,7,10,18,16,25,21,20,22,29,32,34,41,50,35,20,0,0,0.0005,0.0020,0.0506,0.0380,0.0055,0.1971,0.0043,5.0044,0.0189,0.1966,0.4411,0.0005,0.0008,0.1774,0.0016,0.0010,0.0000,0.0000,0.0013
751,12.8052,12.5333,14.5289,5.0646,,true,2,0.008333,0.2242,0.0167,1.00,1.00,4.7371,22,1,382,382,0,392,492,0,15,15,0,361728,0,831,0,0,745816064,0.000000,0.000000,0.000000,0.00,2,7,10,18,16,25,21,20,22,29,32,34,41,50,35,20,0,0,0.0004,0.0026,0.0357,0.0459,0.0095,0.2251,0.0077,5.0646,0.0176,0.2242,0.4106,0.0008,0.0007,0.1981,0.0018,0.0008,0.0000,0.0000,0.0009
752,12.8219,12.5500,16.3255,5.5810,,true,2,0.008333,0.1800,0.0167,1.00,1.00,4.3960,22,1,382,382,0,392,492,0,15,15,0,361728,0,831,0,0,745816064,0.000000,0.000000,0.000000,0.00,2,7,10,18,16,25,21,20,22,29,32,34,41,50,35,20,0,0,0.0008,0.0026,0.0581,0.0379,0.0079,0.1808,0.0078,5.5810,0.0201,0.1800,0.5270,0.0005,0.0006,0.2058,0.0017,0.0010,0.0000,0.0000,0.0011
753,12.8371,12.5667,15.6947,4.9893,,true,2,0.008333,0.2042,0.0167,1.00,1.00,3.4240,22,1,382,382,0,393,493,0,15,15,0,361728,0,831,0,0,745816064,0.000000,0.000000,0.000000,0.00,2,7,10,18,16,25,21,20,22,29,32,34,41,50,35,20,0,0,0.0006,0.0039,0.0353,0.0633,0.0101,0.2052,0.0077,4.9893,0.0164,0.2042,0.3960,0.0006,0.0005,0.1692,0.0022,0.0024,0.0000,0.0000,0.0012
754,12.8561,12.5833,18.0489,5.8465,,true,2,0.008333,0.2609,0.0167,1.00,0.92,4.8062,22,1,382,382,0,393,493,0,15,15,0,361728,0,831,0,0,745816064,0.000000,0.000000,0.000000,0.00,2,7,10,18,16,25,21,20,22,29,32,34,41,50,35,20,0,0,0.0008,0.0032,0.0520,0.0527,0.0085,0.2616,0.0069,5.8465,0.0231,0.2609,0.4360,0.0006,0.0008,0.1938,0.0011,0.0011,0.0000,0.0000,0.0007
755,12.8733,12.6000,17.1910,5.8664,,true,2,0.008333,0.2457,0.0167,1.00,0.97,5.3305,22,1,382,382,0,393,493,0,15,15,0,361728,0,831,0,0,745816064,0.000000,0.000000,0.000000,0.00,2,7,10,18,16,25,21,20,22,29,32,34,41,50,35,20,0,0,0.0004,0.0029,0.0464,0.0583,0.0066,0.2466,0.0052,5.8664,0.0240,0.2457,0.3605,0.0005,0.0002,0.1399,0.0013,0.0007,0.0000,0.0000,0.0007
756,12.8884,12.6167,14.7043,6.3210,,true,2,0.008333,0.2426,0.0167,1.00,1.00,3.3681,22,1,382,382,0,393,493,0,15,15,0,361728,0,831,0,0,745816064,0.000000,0.000000,0.000000,0.00,2,7,10,18,16,25,21,20,22,29,32,34,41,50,35,20,0,0,0.0008,0.0025,0.0791,0.0569,0.0088,0.2434,0.0065,6.3210,0.0198,0.2426,0.5461,0.0005,0.0003,0.2220,0.0024,0.0011,0.0000,0.0000,0.0010
757,12.9047,12.6333,17.4373,5.0613,,true,2,0.008333,0.2358,0.0167,1.00,0.96,4.1387,22,1,382,382,0,393,493,0,15,15,0,361728,0,831,0,0,745816064,0.000000,0.000000,0.000000,0.00,2,7,10,18,16,25,21,20,22,29,32,34,41,50,35,20,0,0,0.0003,0.0023,0.0483,0.0482,0.0085,0.2369,0.0049,5.0613,0.0175,0.2358,0.4635,0.0005,0.0005,0.1930,0.0016,0.0013,0.0000,0.0000,0.0011
758,12.9230,12.6500,16.6034,6.7418,,true,2,0.008333,0.4023,0.0167,1.00,1.00,4.0755,22,1,382,382,0,394,494,0,15,15,0,361728,0,831,0,0,745816064,0.000000,0.000000,0.000000,0.00,2,7,10,18,16,25,21,20,22,29,32,34,41,50,35,20,0,0,0.0005,0.0059,0.0815,0.0565,0.0103,0.4033,0.0159,6.7418,0.0283,0.4023,0.5282,0.0006,0.0006,0.2492,0.0025,0.0017,0.0000,0.0000,0.0018
759,12.9399,12.6667,17.3424,6.3770,,true,2,0.008333,0.2129,0.0167,1.00,0.96,4.7513,22,1,382,382,0,393,493,0,15,15,0,361728,0,831,0,0,745816064,0.000000,0.000000,0.000000,0.00,2,7,10,18,16,25,21,20,22,29,32,34,41,50,35,20,0,0,0.0002,0.0025,0.0452,0.0421,0.0082,0.2134,0.0095,6.3770,0.0212,0.2129,0.4317,0.0004,0.0001,0.2161,0.0015,0.0008,0.0000,0.0000,0.0009
760,12.9569,12.6833,17.4784,5.6930,,true,2,0.008333,0.2075,0.0167,1.00,0.95,5.5630,22,1,382,382,0,393,493,0,15,15,0,361728,0,831,0,0,745816064,0.000000,0.000000,0.000000,0.00,2,7,10,18,16,25,21,20,22,29,32,34,41,50,35,20,0,0,0.0008,0.0022,0.0478,0.0408,0.0074,0.2083,0.0050,5.6930,0.0136,0.2075,0.4661,0.0007,0.0006,0.1725,0.0018,0.0012,0.0000,0.0000,0.0010
761,12.9733,12.7000,16.2162,6.1135,,true,2,0.008333,0.2191,0.0167,1.00,1.00,5.1126,22,1,382,382,0,393,493,0,15,15,0,361728,0,831,0,0,745820160,0.000000,0.000000,0.000000,0.00,2,7,10,18,16,25,21,20,22,29,32,34,41,50,35,20,0,0,0.0002,0.0040,0.0555,0.0922,0.0080,0.2195,0.0099,6.1135,0.0230,0.2191,0.4787,0.0005,0.0005,0.1966,0.0015,0.0010,0.0000,0.0000,0.0015
762,12.9881,12.7167,16.0859,4.9591,,true,2,0.008333,0.2137,0.0167,1.00,1.00,4.5318,22,1,382,382,0,393,493,0,15,15,0,361728,0,831,0,0,745820160,0.000000,0.000000,0.000000,0.00,2,7,10,18,16,25,21,20,22,29,32,34,41,50,35,20,0,0,0.0004,0.0028,0.0360,0.0364,0.0068,0.2147,0.0083,4.9591,0.0176,0.2137,0.3954,0.0008,0.0003,0.1454,0.0012,0.0010,0.0000,0.0000,0.0005
763,13.0053,12.7333,16.3343,5.7520,,true,2,0.008333,0.2572,0.0167,1.00,1.00,4.1995,22,1,382,382,0,394,494,0,15,15,0,361728,0,831,0,0,745820160,0.000000,0.000000,0.000000,0.00,2,7,10,18,16,25,21,20,22,29,32,34,41,50,35,20,0,0,0.0002,0.0020,0.0506,0.0477,0.0092,0.2578,0.0047,5.7520,0.0176,0.2572,0.5008,0.0006,0.0005,0.1828,0.0016,0.0014,0.0000,0.0000,0.0013
764,13.0223,12.7500,17.3230,5.5676,,true,2,0.008333,0.2976,0.0167,1.00,0.96,4.8559,22,1,382,382,0,394,494,0,15,15,0,361728,0,831,0,0,745820160,0.000000,0.000000,0.000000,0.00,2,7,10,18,16,25,21,20,22,29,32,34,41,50,35,20,0,0,0.0007,0.0025,0.0427,0.0412,0.0075,0.2993,0.0062,5.5676,0.0152,0.2976,0.3913,0.0004,0.0005,0.1623,0.0013,0.0015,0.0000,0.0000,0.0012
765,13.0398,12.7667,17.3473,5.6489,,true,2,0.008333,0.2682,0.0167,1.00,0.96,5.5364,22,1,382,382,0,393,493,0,15,15,0,361728,0,831,0,0,745820160,0.000000,0.000000,0.000000,0.00,2,7,10,18,16,25,21,20,22,29,32,34,41,50,35,20,0,0,0.0003,0.0032,0.0491,0.0459,0.0080,0.2688,0.0098,5.6489,0.0200,0.2682,0.4290,0.0004,0.0005,0.1721,0.0012,0.0010,0.0000,0.0000,0.0015
766,13.0565,12.7833,17.3488,4.8287,,true,2,0.008333,0.2342,0.0167,1.00,0.96,6.2186,22,1,382,382,0,393,493,0,15,15,0,361728,0,831,0,0,745820160,0.000000,0.000000,0.000000,0.00,2,7,10,18,16,25,21,20,22,29,32,34,41,50,35,20,0,0,0.0001,0.0011,0.0415,0.0424,0.0077,0.2353,0.0052,4.8287,0.0180,0.2342,0.4477,0.0004,0.0004,0.1733,0.0013,0.0010,0.0000,0.0000,0.0011
767,13.0737,12.8000,15.9148,5.9608,,true,2,0.008333,0.2227,0.0167,1.00,1.00,5.4667,22,1,382,382,0,393,493,0,15,15,0,361728,0,831,0,0,745820160,0.000000,0.000000,0.000000,0.00,2,7,10,18,16,25,21,20,22,29,32,34,41,50,35,20,0,0,0.0009,0.0016,0.0608,0.0444,0.0071,0.2235,0.0059,5.9608,0.0237,0.2227,0.5879,0.0005,0.0005,0.2405,0.0015,0.0011,0.0000,0.0000,0.0008
768,13.0892,12.8167,16.7074,5.1755,,true,2,0.008333,0.2643,0.0167,1.00,1.00,5.5075,22,1,382,382,0,393,493,0,15,15,0,359424,0,831,0,0,745820160,0.000000,0.000000,0.000000,0.00,2,7,10,18,16,25,21,20,22,29,32,34,41,50,35,20,0,0,0.0003,0.0027,0.0506,0.0512,0.0114,0.2647,0.0051,5.1755,0.0190,0.2643,0.4754,0.0003,0.0006,0.1687,0.0025,0.0007,0.0000,0.0000,0.0006
769,13.1061,12.8333,17.0336,4.7960,,true,2,0.008333,0.2029,0.0167,1.00,0.98,5.8744,22,1,382,382,0,393,493,0,15,15,0,359424,0,831,0,0,745820160,0.000000,0.000000,0.000000,0.00,2,7,10,18,16,25,21,20,22,29,32,34,41,50,35,20,0,0,0.0001,0.0021,0.0444,0.0376,0.0069,0.2034,0.0046,4.7960,0.0192,0.2029,0.4497,0.0005,0.0005,0.1692,0.0011,0.0009,0.0000,0.0000,0.0009
770,13.1214,12.8500,14.9365,5.3983,,true,2,0.008333,0.2799,0.0167,1.00,1.00,4.1443,22,1,382,382,0,394,494,0,15,15,0,359424,0,831,0,0,745824256,0.000000,0.000000,0.000000,0.00,2,7,10,18,16,25,21,20,22,29,32,34,41,50,35,20,0,0,0.0002,0.0023,0.0647,0.0530,0.0069,0.2809,0.0063,5.3983,0.0211,0.2799,0.5282,0.0010,0.0010,0.1797,0.0014,0.0014,0.0000,0.0000,0.0016
771,13.1382,12.8667,16.5762,5.2831,,true,2,0.008333,0.2240,0.0167,1.00,1.00,4.0538,22,1,382,382,0,394,494,0,15,15,0,359424,0,831,0,0,745824256,0.000000,0.000000,0.000000,0.00,2,7,10,18,16,25,21,20,22,29,32,34,41,50,35,20,0,0,0.0001,0.0027,0.0457,0.0380,0.0076,0.2242,0.0057,5.2831,0.0192,0.2240,0.4689,0.0004,0.0003,0.1749,0.0016,0.0008,0.0000,0.0000,0.0012
772,13.1623,12.8833,16.2710,13.0435,,true,2,0.008333,0.2646,0.0167,1.00,1.00,3.6581,22,1,382,382,8,394,494,0,15,15,0,359424,0,839,33,40,745824256,0.000000,0.000000,0.000000,0.00,2,7,10,18,16,25,21,20,22,29,32,34,41,50,35,20,0,0,0.0002,0.0021,0.0761,0.0493,0.0065,0.2657,0.0046,13.0435,0.0230,0.2646,5.5995,0.0004,0.1830,0.2453,0.0010,0.0008,0.0000,0.0000,4.6569
773,13.1851,12.9000,17.3110,17.7870,,true,2,0.008333,0.7196,0.0167,1.00,0.96,4.3025,22,1,382,382,8,391,491,0,15,15,8,359424,0,847,25,40,745824256,0.000000,0.000000,0.000000,0.00,2,7,10,18,16,25,21,20,22,29,32,34,41,50,35,20,0,0,0.0018,0.0125,0.0384,0.1102,0.0207,0.7216,0.0288,17.7870,0.0218,0.7196,1.4362,0.1094,0.2576,0.2432,0.0053,0.0264,0.0000,53.2840,0.0030
774,13.1998,12.9250,22.3400,9.7830,,true,3,0.008333,0.2739,0.0250,1.00,1.00,1.6425,22,1,382,382,8,397,497,0,15,15,8,359424,0,855,17,40,745824256,0.000000,0.000000,0.000000,0.00,2,7,10,18,16,25,21,20,22,29,32,34,41,50,35,20,0,0,0.0006,0.0016,0.0617,0.0569,0.0089,0.2743,0.0072,9.7830,0.0266,0.2739,0.7051,0.0108,0.1122,0.2376,0.0021,0.0123,0.0000,42.8918,0.0005
775,13.2187,12.9417,18.7115,8.5751,,true,2,0.008333,0.2293,0.0167,1.00,0.89,3.6873,22,1,382,382,8,397,497,0,15,15,8,359424,0,863,9,40,745824256,0.000000,0.000000,0.000000,0.00,2,7,10,18,16,25,21,20,22,29,32,34,41,50,35,20,0,0,0.0003,0.0020,0.1070,0.0438,0.0097,0.2301,0.0031,8.5751,0.0349,0.2293,0.7348,0.0295,0.0002,0.1808,0.0036,0.0283,0.0000,39.3726,0.0012
776,13.2297,12.9583,16.0595,5.7637,,true,2,0.008333,0.2168,0.0167,1.00,1.00,3.0801,22,1,382,382,1,398,498,0,15,15,8,359424,0,864,1,5,745824256,0.000000,0.000000,0.000000,0.00,2,7,10,18,16,25,21,20,22,29,32,34,41,50,35,20,0,0,0.0006,0.0056,0.0421,0.0541,0.0106,0.2178,0.0073,5.7637,0.0214,0.2168,0.5701,0.0227,0.0005,0.1523,0.0017,0.0254,0.0000,42.3371,0.0012
777,13.2463,12.9750,16.6397,6.0192,,true,2,0.008333,0.2285,0.0167,1.00,1.00,3.0532,22,1,382,382,0,398,498,0,15,15,1,359424,0,864,0,0,745824256,0.000000,0.000000,0.000000,0.00,2,7,10,18,16,25,21,20,22,29,32,34,41,50,35,20,0,0,0.0007,0.0035,0.0761,0.0415,0.0074,0.2287,0.0072,6.0192,0.0213,0.2285,0.5133,0.0135,0.0004,0.1816,0.0017,0.0114,0.0000,5.9443,0.0011
778,13.2645,12.9917,18.6521,5.4407,,true,2,0.008333,0.1915,0.0167,1.00,0.89,5.0386,22,1,382,382,0,397,497,0,15,15,0,359424,0,864,0,0,745824256,0.000000,0.000000,0.000000,0.00,2,7,10,18,16,25,21,20,22,31,24,35,38,42,51,20,0,0,0.0006,0.0027,0.0608,0.0444,0.0102,0.1926,0.0053,5.4407,0.0215,0.1915,0.6569,0.0005,0.0006,0.2317,0.0017,0.0011,0.0000,0.0000,0.0011
779,13.2832,13.0083,17.2983,5.7697,,true,2,0.008333,0.4373,0.0167,1.00,0.96,5.6703,22,1,382,382,0,395,495,0,15,15,0,359424,0,864,0,0,745828352,0.000000,0.000000,0.000000,0.00,2,7,10,18,16,25,21,20,22,31,24,35,38,42,51,20,0,0,0.0004,0.0033,0.0499,0.0510,0.0089,0.4381,0.0060,5.7697,0.0135,0.4373,0.4625,0.0005,0.0005,0.2060,0.0020,0.0009,0.0000,0.0000,0.0010
780,13.2977,13.0250,16.4343,5.2004,,true,2,0.008333,0.2462,0.0167,1.00,1.00,5.4379,22,1,382,382,0,395,495,0,15,15,0,359424,0,864,0,0,745832448,0.000000,0.000000,0.000000,0.00,2,7,10,18,16,25,21,20,22,31,24,35,38,42,51,20,0,0,0.0007,0.0033,0.0761,0.0545,0.0080,0.2471,0.0062,5.2004,0.0218,0.2462,0.5434,0.0005,0.0007,0.2372,0.0012,0.0011,0.0000,0.0000,0.0010
781,13.3127,13.0417,14.9358,5.4138,,true,2,0.008333,0.1739,0.0167,1.00,1.00,3.7070,22,1,382,382,0,395,495,0,15,15,0,359424,0,864,0,0,745832448,0.000000,0.000000,0.000000,0.00,2,7,10,18,16,25,21,20,22,31,24,35,38,42,51,20,0,0,0.0003,0.0019,0.0425,0.0296,0.0056,0.1741,0.0042,5.4138,0.0188,0.1739,0.4929,0.0002,0.0004,0.2413,0.0017,0.0006,0.0000,0.0000,0.0008
782,13.3301,13.0583,17.7084,5.1140,,true,2,0.008333,0.2346,0.0167,1.00,0.94,4.7487,22,1,382,382,0,395,495,0,15,15,0,359424,0,864,0,0,745832448,0.000000,0.000000,0.000000,0.00,2,7,10,18,16,25,21,20,22,31,24,35,38,42,51,20,0,0,0.0005,0.0017,0.0507,0.0518,0.0081,0.2356,0.0062,5.1140,0.0174,0.2346,0.5779,0.0006,0.0005,0.2714,0.0024,0.0014,0.0000,0.0000,0.0010
783,13.3467,13.0750,16.3503,5.2860,,true,2,0.008333,0.2128,0.0167,1.00,1.00,4.4324,22,1,382,382,0,395,495,0,15,15,0,359424,0,864,0,0,745832448,0.000000,0.000000,0.000000,0.00,2,7,10,18,16,25,21,20,22,31,24,35,38,42,51,20,0,0,0.0004,0.0024,0.0540,0.0428,0.0068,0.2136,0.0071,5.2860,0.0189,0.2128,0.5522,0.0007,0.0002,0.2157,0.0014,0.0019,0.0000,0.0000,0.0009
784,13.3678,13.0917,19.8575,6.3971,,true,2,0.008333,0.2234,0.0167,1.00,0.84,7.6232,22,1,382,382,0,394,494,0,15,15,0,359424,0,864,0,0,745832448,0.000000,0.000000,0.000000,0.00,2,7,10,18,16,25,21,20,22,31,24,35,38,42,51,20,0,0,0.0002,0.0017,0.0591,0.0385,0.0081,0.2240,0.0066,6.3971,0.0218,0.2234,0.5968,0.0008,0.0005,0.2475,0.0016,0.0010,0.0000,0.0000,0.0013
785,13.3880,13.1167,17.6602,8.3971,,true,3,0.008333,0.2515,0.0250,1.00,1.00,0.2834,22,1,382,382,0,396,496,0,15,15,0,359424,0,864,0,0,745832448,0.000000,0.000000,0.000000,0.00,2,7,10,18,16,25,21,20,22,31,24,35,38,42,51,20,0,0,0.0006,0.0032,0.0585,0.0475,0.0086,0.2520,0.0068,8.3971,0.0225,0.2515,0.5312,0.0006,0.0004,0.2184,0.0021,0.0011,0.0000,0.0000,0.0009
786,13.4004,13.1250,15.8025,5.6087,,true,1,0.008333,0.1795,0.0083,1.00,0.53,7.7526,22,1,382,382,0,395,495,0,15,15,0,359424,0,864,0,0,745832448,0.000000,0.000000,0.000000,0.00,2,7,10,18,16,25,21,20,22,31,24,35,38,42,51,20,0,0,0.0009,0.0016,0.0564,0.0476,0.0076,0.1802,0.0060,5.6087,0.0212,0.1795,0.5680,0.0006,0.0005,0.2275,0.0014,0.0014,0.0000,0.0000,0.0009
787,13.4150,13.1417,14.6156,5.6615,,true,2,0.008333,0.3989,0.0167,1.00,1.00,5.7015,22,1,382,382,0,395,495,0,15,15,0,357120,0,864,0,0,745832448,0.000000,0.000000,0.000000,0.00,2,7,10,18,16,25,21,20,22,31,24,35,38,42,51,20,0,0,0.0005,0.0031,0.0503,0.0513,0.0086,0.3998,0.0051,5.6615,0.0218,0.3989,0.4182,0.0005,0.0003,0.1759,0.0018,0.0008,0.0000,0.0000,0.0010
788,13.4460,13.1583,19.1875,16.1980,,true,2,0.008333,0.3732,0.0167,1.00,0.87,8.2223,22,1,382,382,0,394,494,0,15,15,0,357120,0,864,0,0,745832448,0.000000,0.000000,0.000000,0.00,2,7,10,18,16,25,21,20,22,31,24,35,38,42,51,20,0,0,0.0010,0.0048,0.1129,0.0951,0.0176,0.3752,0.0103,16.1980,0.0681,0.3732,0.6322,0.0009,0.0012,0.2692,0.0017,0.0015,0.0000,0.0000,0.0021
789,13.4638,13.1833,24.9339,9.4951,,true,3,0.008333,0.2618,0.0250,1.00,1.00,8.1562,22,1,382,382,0,394,494,0,15,15,0,357120,0,864,0,0,745836544,0.000000,0.000000,0.000000,0.00,2,7,10,18,16,25,21,20,22,31,24,35,38,42,51,20,0,0,0.0013,0.0043,0.1588,0.0920,0.0151,0.2633,0.0122,9.4951,0.0403,0.2618,0.8120,0.0008,0.0016,0.3616,0.0027,0.0030,0.0000,0.0000,0.0013
790,13.4849,13.2000,16.3884,14.3966,,true,2,0.008333,0.1907,0.0167,1.00,1.00,7.8779,22,1,382,382,0,393,493,0,15,15,0,357120,0,864,0,0,745836544,0.000000,0.000000,0.000000,0.00,2,7,10,18,16,25,21,20,22,31,24,35,38,42,51,20,0,0,0.0002,0.0018,0.0595,0.0324,0.0054,0.1911,0.0041,14.3966,0.0141,0.1907,0.4871,0.0003,0.0004,0.1875,0.0006,0.0005,0.0000,0.0000,0.0005
791,13.5098,13.2250,21.8069,16.3851,,true,3,0.008333,0.2330,0.0250,1.00,1.00,4.6849,22,1,382,382,0,394,494,0,15,15,0,357120,0,864,0,0,745836544,0.000000,0.000000,0.000000,0.00,2,7,10,18,16,25,21,20,22,31,24,35,38,42,51,20,0,0,0.0011,0.0048,0.1087,0.0374,0.0045,0.2333,0.0141,16.3851,0.0434,0.2330,0.7265,0.0008,0.0005,0.3604,0.0020,0.0019,0.0000,0.0000,0.0013
792,13.5408,13.2583,29.5883,18.7348,,true,4,0.008333,0.5692,0.0333,1.00,1.00,0.9399,22,1,382,382,0,396,496,0,15,15,0,357120,0,864,0,0,745836544,0.000000,0.000000,0.000000,0.00,2,7,10,18,16,25,21,20,22,31,24,35,38,42,51,20,0,0,0.0011,0.0045,0.0633,0.0956,0.0128,0.5698,0.0098,18.7348,0.0265,0.5692,0.6914,0.0006,0.0009,0.2870,0.0016,0.0016,0.0000,0.0000,0.0017
793,13.5613,13.2833,24.8071,14.3520,,true,3,0.008333,0.3594,0.0250,1.00,1.00,0.7470,22,1,382,382,0,397,497,0,15,15,0,357120,0,864,0,0,745844736,0.000000,0.000000,0.000000,0.00,2,7,10,18,16,25,21,20,22,31,24,35,38,42,51,20,0,0,0.0003,0.0042,0.0530,0.0594,0.0093,0.3600,0.0086,14.3520,0.0232,0.3594,0.6588,0.0009,0.0009,0.2781,0.0026,0.0017,0.0000,0.0000,0.0012
794,13.5944,13.3083,29.6479,17.7935,,true,3,0.008333,0.3032,0.0250,1.00,0.84,5.3949,22,1,382,382,0,397,497,0,15,15,0,357120,0,864,0,0,745844736,0.000000,0.000000,0.000000,0.00,2,7,10,18,16,25,21,20,22,31,24,35,38,42,51,20,0,0,0.0008,0.0047,0.1257,0.1035,0.0132,0.3047,0.0163,17.7935,0.0526,0.3032,0.7468,0.0008,0.0007,0.3365,0.0029,0.0021,0.0000,0.0000,0.0017
795,13.6072,13.3333,20.4299,9.4460,,true,3,0.008333,0.2361,0.0250,1.00,1.00,0.8248,22,1,382,382,0,398,498,0,15,15,0,357120,0,864,0,0,745844736,0.000000,0.000000,0.000000,0.00,2,7,10,18,16,25,21,20,22,31,24,35,38,42,51,20,0,0,0.0027,0.0095,0.0606,0.0571,0.0072,0.2366,0.0208,9.4460,0.0298,0.2361,0.5781,0.0003,0.0003,0.2286,0.0008,0.0007,0.0000,0.0000,0.0010
796,13.6246,13.3500,19.1532,8.5381,,true,2,0.008333,0.3054,0.0167,1.00,0.87,3.3114,22,1,382,382,0,398,498,0,15,15,0,357120,0,864,0,0,745844736,0.000000,0.000000,0.000000,0.00,2,7,10,18,16,25,21,20,22,31,24,35,38,42,51,20,0,0,0.0015,0.0041,0.0518,0.0645,0.0116,0.3067,0.0103,8.5381,0.0125,0.3054,0.5726,0.0016,0.0008,0.2028,0.0010,0.0018,0.0000,0.0000,0.0025
797,13.6476,13.3667,14.5939,17.1229,,true,2,0.008333,0.3936,0.0167,1.00,1.00,1.2386,22,1,382,382,0,399,499,0,15,15,0,354816,0,864,0,0,745844736,0.000000,0.000000,0.000000,0.00,2,7,10,18,16,25,21,20,22,31,24,35,38,42,51,20,0,0,0.0019,0.0056,0.1507,0.1349,0.0256,0.3943,0.0126,17.1229,0.0770,0.3936,0.7087,0.0003,0.0005,0.3875,0.0031,0.0006,0.0000,0.0000,0.0009
798,13.6760,13.3917,29.6325,16.0728,,true,3,0.008333,0.6942,0.0250,1.00,0.84,5.8711,22,1,382,382,0,399,499,0,15,15,0,354816,0,864,0,0,745848832,0.000000,0.000000,0.000000,0.00,2,7,10,18,16,25,21,20,22,31,24,35,38,42,51,20,0,0,0.0014,0.0070,0.1281,0.1441,0.0145,0.6970,0.0126,16.0728,0.0472,0.6942,0.8380,0.0019,0.0005,0.3519,0.0027,0.0015,0.0000,0.0000,0.0019
799,13.6891,13.4083,19.0339,9.2271,,true,2,0.008333,0.3357,0.0167,1.00,0.88,8.2383,22,1,382,382,0,398,498,0,15,15,0,354816,0,864,0,0,745848832,0.000000,0.000000,0.000000,0.00,2,7,10,18,16,25,21,20,22,31,24,35,38,42,51,20,0,0,0.0002,0.0014,0.0465,0.1010,0.0135,0.3362,0.0039,9.2271,0.0156,0.3357,0.4829,0.0006,0.0006,0.1760,0.0006,0.0009,0.0000,0.0000,0.0008
800,13.7013,13.4250,13.5606,8.7537,,true,2,0.008333,0.2920,0.0167,1.00,1.00,5.1322,22,1,382,382,0,398,498,0,15,15,0,352512,0,864,0,0,745848832,0.000000,0.000000,0.000000,0.00,2,7,10,18,16,25,21,20,22,31,24,35,38,42,51,20,0,0,0.0005,0.0085,0.0649,0.0434,0.0043,0.2928,0.0081,8.7537,0.0224,0.2920,0.6450,0.0005,0.0005,0.2634,0.0055,0.0010,0.0000,0.0000,0.0009
801,13.7110,13.4333,11.0389,7.9226,,true,1,0.008333,0.1502,0.0083,1.00,0.75,7.8378,22,1,382,382,0,397,497,0,15,15,0,352512,0,864,0,0,745848832,0.000000,0.000000,0.000000,0.00,2,7,10,18,16,25,21,20,22,31,24,35,38,42,51,20,0,0,0.0002,0.0012,0.0873,0.0403,0.0079,0.1510,0.0031,7.9226,0.0635,0.1502,0.7982,0.0010,0.0008,0.4959,0.0024,0.0021,0.0000,0.0000,0.0020
802,13.7202,13.4500,10.0265,6.9493,,true,2,0.008333,0.1940,0.0167,1.00,1.00,1.1976,22,1,382,382,0,398,498,0,15,15,0,352512,0,864,0,0,745848832,0.000000,0.000000,0.000000,0.00,2,7,10,18,16,25,21,20,22,31,24,35,38,42,51,20,0,0,0.0006,0.0027,0.0988,0.0461,0.0086,0.1961,0.0096,6.9493,0.0674,0.1940,0.7473,0.0010,0.0005,0.3712,0.0026,0.0019,0.0000,0.0000,0.0018
803,13.7327,13.4583,12.8522,6.6581,,true,1,0.008333,0.1956,0.0083,1.00,0.65,5.7165,22,1,382,382,0,398,498,0,15,15,0,352512,0,864,0,0,745848832,0.000000,0.000000,0.000000,0.00,2,7,10,18,16,25,21,20,22,31,24,35,38,42,51,20,0,0,0.0006,0.0027,0.0681,0.0456,0.0098,0.1969,0.0068,6.6581,0.0231,0.1956,0.6397,0.0005,0.0004,0.2443,0.0014,0.0010,0.0000,0.0000,0.0014
804,13.7463,13.4750,14.6938,5.2784,,true,2,0.008333,0.2107,0.0167,1.00,1.00,3.7436,22,1,382,382,0,398,498,0,15,15,0,352512,0,864,0,0,745848832,0.000000,0.000000,0.000000,0.00,2,7,10,18,16,25,21,20,22,31,24,35,38,42,51,20,0,0,0.0007,0.0033,0.0479,0.0432,0.0062,0.2109,0.0056,5.2784,0.0197,0.2107,0.4807,0.0003,0.0003,0.1973,0.0017,0.0015,0.0000,0.0000,0.0008
805,13.7629,13.4917,15.6798,6.3834,,true,2,0.008333,0.2271,0.0167,1.00,1.00,2.7567,22,1,382,382,0,399,499,0,15,15,0,352512,0,864,0,0,745848832,0.000000,0.000000,0.000000,0.00,2,7,10,18,16,25,21,20,22,31,24,35,38,42,51,20,0,0,0.0004,0.0031,0.0468,0.0594,0.0062,0.2291,0.0090,6.3834,0.0213,0.2271,0.5822,0.0005,0.0006,0.2925,0.0021,0.0012,0.0000,0.0000,0.0010
806,13.7810,13.5083,16.9565,7.2734,,true,2,0.008333,0.4179,0.0167,1.00,0.98,3.0465,22,1,382,382,0,399,499,0,15,15,0,352512,0,864,0,0,745848832,0.000000,0.000000,0.000000,0.00,2,7,10,18,16,25,21,20,22,31,24,35,38,42,51,20,0,0,0.0007,0.0030,0.0697,0.0618,0.0078,0.4187,0.0075,7.2734,0.0253,0.4179,0.5001,0.0006,0.0007,0.2393,0.0016,0.0009,0.0000,0.0000,0.0009
807,13.7965,13.5250,17.8330,5.2308,,true,2,0.008333,0.2147,0.0167,1.00,0.93,4.2129,22,1,382,382,0,399,499,0,15,15,0,352512,0,864,0,0,745852928,0.000000,0.000000,0.000000,0.00,2,7,10,18,16,25,21,20,22,31,24,35,38,42,51,20,0,0,0.0003,0.0021,0.0386,0.0895,0.0099,0.2156,0.0080,5.2308,0.0167,0.2147,0.3942,0.0005,0.0003,0.1615,0.0015,0.0013,0.0000,0.0000,0.0018
808,13.8148,13.5417,17.1875,6.2267,,true,2,0.008333,0.2369,0.0167,1.00,0.97,4.7337,22,1,382,382,0,399,499,0,15,15,0,352512,0,864,0,0,745852928,0.000000,0.000000,0.000000,0.00,2,7,10,18,16,25,21,20,22,31,24,35,38,42,51,20,0,0,0.0007,0.0022,0.0511,0.0479,0.0080,0.2378,0.0060,6.2267,0.0359,0.2369,0.4479,0.0005,0.0004,0.2009,0.0015,0.0020,0.0000,0.0000,0.0011
809,13.8321,13.5583,17.9234,5.4863,,true,2,0.008333,0.2232,0.0167,1.00,0.93,5.9904,22,1,382,382,0,399,499,0,15,15,0,352512,0,864,0,0,745852928,0.000000,0.000000,0.000000,0.00,2,7,10,18,16,25,21,20,22,31,24,35,38,42,51,20,0,0,0.0002,0.0017,0.0400,0.0458,0.0074,0.2239,0.0044,5.4863,0.0188,0.2232,0.4590,0.0004,0.0003,0.1996,0.0019,0.0007,0.0000,0.0000,0.0011
810,13.8500,13.5750,17.0434,6.6308,,true,2,0.008333,0.1921,0.0167,1.00,0.98,6.3671,22,1,382,382,0,399,499,0,15,15,0,352512,0,864,0,0,745852928,0.000000,0.000000,0.000000,0.00,2,7,10,18,16,25,21,20,22,31,24,35,38,42,51,20,0,0,0.0007,0.0021,0.0390,0.0495,0.0083,0.1929,0.0050,6.6308,0.0136,0.1921,0.3608,0.0005,0.0006,0.1548,0.0014,0.0019,0.0000,0.0000,0.0012
811,13.8648,13.5917,16.5817,4.6202,,true,2,0.008333,0.2109,0.0167,1.00,1.00,6.2822,22,1,382,382,0,399,499,0,15,15,0,352512,0,864,0,0,745852928,0.000000,0.000000,0.000000,0.00,2,7,10,18,16,25,21,20,22,31,24,35,38,42,51,20,0,0,0.0003,0.0024,0.0437,0.0368,0.0079,0.2115,0.0055,4.6202,0.0166,0.2109,0.4790,0.0005,0.0009,0.1986,0.0020,0.0014,0.0000,0.0000,0.0010
812,13.8807,13.6083,15.1896,5.7418,,true,2,0.008333,0.2325,0.0167,1.00,1.00,4.8051,22,1,382,382,0,399,499,0,15,15,0,352512,0,864,0,0,745852928,0.000000,0.000000,0.000000,0.00,2,7,10,18,16,25,21,20,22,31,24,35,38,42,51,20,0,0,0.0002,0.0025,0.0572,0.0516,0.0098,0.2332,0.0077,5.7418,0.0251,0.2325,0.5967,0.0003,0.0002,0.3025,0.0014,0.0004,0.0000,0.0000,0.0004
813,13.9011,13.6333,20.2079,5.3859,,true,3,0.008333,0.2160,0.0250,1.00,1.00,0.0130,22,1,382,382,0,400,500,0,15,15,0,352512,0,864,0,0,745852928,0.000000,0.000000,0.000000,0.00,2,7,10,18,16,25,21,20,22,31,24,35,38,42,51,20,0,0,0.0007,0.0024,0.0469,0.0366,0.0057,0.2167,0.0043,5.3859,0.0196,0.2160,0.4884,0.0006,0.0004,0.2070,0.0015,0.0008,0.0000,0.0000,0.0011
814,13.9217,13.6417,15.0414,11.0973,,true,1,0.008333,0.3167,0.0083,1.00,0.55,6.7211,22,1,382,382,8,399,499,0,15,15,0,352512,0,872,43,40,745852928,0.000000,0.000000,0.000000,0.00,2,7,10,18,16,25,21,20,22,31,24,35,38,42,51,20,0,0,0.0010,0.0027,0.0620,0.0453,0.0062,0.3177,0.0053,11.0973,0.0177,0.3167,4.2666,0.0005,0.1482,0.1801,0.0029,0.0006,0.0000,0.0000,3.4556
815,13.9382,13.6667,20.0607,7.7826,,true,3,0.008333,0.2251,0.0250,1.00,1.00,1.7818,22,1,382,382,8,425,525,0,15,15,7,352512,0,879,36,40,745852928,0.000000,0.000000,0.000000,0.00,2,7,10,18,16,25,21,20,22,31,24,35,38,42,51,20,0,0,0.0009,0.0021,0.0393,0.0514,0.0077,0.2256,0.0072,7.7826,0.0147,0.2251,0.7338,0.0255,0.1574,0.1260,0.0013,0.0276,0.0000,37.7348,0.0014
816,13.9534,13.6833,15.8442,6.5783,,true,2,0.008333,0.2036,0.0167,1.00,1.00,0.9594,22,1,382,382,8,436,536,0,15,15,8,352512,0,887,28,40,745857024,0.000000,0.000000,0.000000,0.00,2,7,10,18,16,25,21,20,22,31,24,35,38,42,51,20,0,0,0.0016,0.0029,0.0601,0.0479,0.0066,0.2046,0.0064,6.5783,0.0247,0.2036,0.9076,0.0300,0.1630,0.2167,0.0027,0.0115,0.0000,40.4985,0.0010
817,13.9714,13.7000,17.9043,6.6122,,true,2,0.008333,0.2206,0.0167,1.00,0.93,2.1970,22,1,382,382,8,436,536,0,15,15,8,350208,0,895,20,40,745857024,0.000000,0.000000,0.000000,0.00,2,7,10,18,16,25,21,20,22,31,24,35,38,42,51,20,0,0,0.0005,0.0031,0.0532,0.0508,0.0092,0.2215,0.0061,6.6122,0.0190,0.2206,0.6445,0.0236,0.0006,0.1737,0.0016,0.0179,0.0000,35.8895,0.0012
818,13.9948,13.7167,20.0694,9.5359,,true,2,0.008333,0.4360,0.0167,1.00,0.83,5.5998,22,1,382,382,8,430,530,0,15,15,8,350208,0,903,12,40,746192896,0.000000,0.000000,0.000000,0.00,2,7,10,18,16,25,21,20,22,31,24,35,38,42,51,20,0,0,0.0007,0.0020,0.0643,0.0467,0.0076,0.4376,0.0053,9.5359,0.0126,0.4360,0.7935,0.0292,0.0003,0.2868,0.0019,0.0188,0.0000,40.2209,0.0010
819,14.0059,13.7333,16.0350,5.1027,,true,2,0.008333,0.1784,0.0167,1.00,1.00,4.9681,22,1,382,382,4,425,525,0,15,15,8,347904,0,907,4,20,746192896,0.000000,0.000000,0.000000,0.00,2,7,10,18,16,25,21,20,22,31,24,35,38,42,51,20,0,0,0.0002,0.0022,0.0632,0.0409,0.0079,0.1788,0.0063,5.1027,0.0220,0.1784,0.6466,0.0300,0.0005,0.2246,0.0015,0.0192,0.0000,42.6788,0.0010
820,14.0216,13.7500,15.2256,5.7397,,true,2,0.008333,0.4049,0.0167,1.00,1.00,3.5270,22,1,382,382,0,423,523,0,15,15,4,347904,0,907,0,0,746192896,0.000000,0.000000,0.000000,0.00,2,7,10,18,16,25,21,20,22,31,24,35,38,42,51,20,0,0,0.0006,0.0028,0.0432,0.0460,0.0077,0.4059,0.0071,5.7397,0.0190,0.4049,0.5931,0.0222,0.0003,0.2108,0.0019,0.0172,0.0000,21.8081,0.0011
821,14.0416,13.7667,19.7086,5.9400,,true,2,0.008333,0.2623,0.0167,1.00,0.85,6.5689,22,1,382,382,0,418,518,0,15,15,0,347904,0,907,0,0,746192896,0.000000,0.000000,0.000000,0.00,2,7,10,18,16,25,21,20,22,29,30,43,40,37,38,24,0,0,0.0006,0.0017,0.0609,0.0562,0.0068,0.2632,0.0076,5.9400,0.0286,0.2623,0.7084,0.0006,0.0004,0.2663,0.0020,0.0008,0.0000,0.0000,0.0006
822,14.0596,13.7833,17.6478,5.7902,,true,2,0.008333,0.1914,0.0167,1.00,0.94,7.5501,22,1,382,382,0,414,514,0,15,15,0,347904,0,907,0,0,746192896,0.000000,0.000000,0.000000,0.00,2,7,10,18,16,25,21,20,22,29,30,43,40,37,38,24,0,0,0.0004,0.0029,0.0480,0.0498,0.0074,0.1925,0.0055,5.7902,0.0201,0.1914,0.6187,0.0004,0.0006,0.3734,0.0015,0.0013,0.0000,0.0000,0.0009
823,14.0772,13.8083,17.8152,5.9811,,true,3,0.008333,0.2597,0.0250,1.00,1.00,0.3653,22,1,382,382,0,416,516,0,15,15,0,347904,0,907,0,0,746192896,0.000000,0.000000,0.000000,0.00,2,7,10,18,16,25,21,20,22,29,30,43,40,37,38,24,0,0,0.0002,0.0024,0.0582,0.0457,0.0078,0.2605,0.0057,5.9811,0.0415,0.2597,0.4641,0.0007,0.0006,0.2057,0.0011,0.0009,0.0000,0.0000,0.0008
824,14.0955,13.8250,17.4890,5.9150,,true,2,0.008333,0.2241,0.0167,1.00,0.95,1.1877,22,1,382,382,0,416,516,0,15,15,0,347904,0,907,0,0,746192896,0.000000,0.000000,0.000000,0.00,2,7,10,18,16,25,21,20,22,29,30,43,40,37,38,24,0,0,0.0009,0.0036,0.0510,0.0347,0.0079,0.2248,0.0087,5.9150,0.0231,0.2241,0.6031,0.0007,0.0005,0.2801,0.0022,0.0009,0.0000,0.0000,0.0014
825,14.1123,13.8417,18.7316,5.3130,,true,2,0.008333,0.2467,0.0167,1.00,0.89,3.2526,22,1,382,382,0,415,515,0,15,15,0,347904,0,907,0,0,746192896,0.000000,0.000000,0.000000,0.00,2,7,10,18,16,25,21,20,22,29,30,43,40,37,38,24,0,0,0.0002,0.0027,0.0668,0.0530,0.0069,0.2476,0.0068,5.3130,0.0251,0.2467,0.5620,0.0004,0.0004,0.2389,0.0020,0.0009,0.0000,0.0000,0.0009
826,14.1329,13.8583,17.0546,8.4140,,true,2,0.008333,0.2285,0.0167,1.00,0.98,3.6405,22,1,382,382,0,414,514,0,15,15,0,347904,0,907,0,0,746196992,0.000000,0.000000,0.000000,0.00,2,7,10,18,16,25,21,20,22,29,30,43,40,37,38,24,0,0,0.0005,0.0036,0.0375,0.0555,0.0084,0.2290,0.0060,8.4140,0.0176,0.2285,0.4283,0.0007,0.0006,0.1877,0.0024,0.0010,0.0000,0.0000,0.0008
827,14.1453,13.8750,16.0284,5.2611,,true,2,0.008333,0.2166,0.0167,1.00,1.00,3.0023,22,1,382,382,0,413,513,0,15,15,0,366336,0,907,0,0,746196992,0.000000,0.000000,0.000000,0.00,2,7,10,18,16,25,21,20,22,29,30,43,40,37,38,24,0,0,0.0004,0.0020,0.0433,0.0388,0.0072,0.2176,0.0062,5.2611,0.0200,0.2166,0.4724,0.0005,0.0012,0.2099,0.0017,0.0016,0.0000,0.0000,0.0009
828,14.1648,13.8917,17.6515,6.7864,,true,2,0.008333,0.3748,0.0167,1.00,0.94,3.9871,22,1,382,382,0,412,512,0,15,15,0,368640,0,907,0,0,746196992,0.000000,0.000000,0.000000,0.00,2,7,10,18,16,25,21,20,22,29,30,43,40,37,38,24,0,0,0.0009,0.0023,0.0666,0.0447,0.0088,0.3768,0.0061,6.7864,0.0272,0.3748,0.5550,0.0002,0.0002,0.2473,0.0018,0.0004,0.0000,0.0000,0.0005
829,14.1916,13.9083,20.5863,11.8749,,true,2,0.008333,0.3825,0.0167,1.00,0.81,7.9067,22,1,382,382,0,410,510,0,15,15,0,368640,0,907,0,0,746196992,0.000000,0.000000,0.000000,0.00,2,7,10,18,16,25,21,20,22,29,30,43,40,37,38,24,0,0,0.0009,0.0053,0.0832,0.0881,0.0130,0.3839,0.0163,11.8749,0.0333,0.3825,0.7217,0.0006,0.0013,0.3535,0.0057,0.0017,0.0000,0.0000,0.0010
830,14.2071,13.9333,19.1615,9.2972,,true,3,0.008333,0.2606,0.0250,1.00,1.00,2.0682,22,1,382,382,0,410,510,0,15,15,0,368640,0,907,0,0,746196992,0.000000,0.000000,0.000000,0.00,2,7,10,18,16,25,21,20,22,29,30,43,40,37,38,24,0,0,0.0009,0.0036,0.0772,0.0451,0.0101,0.2614,0.0113,9.2972,0.0357,0.2606,0.5549,0.0008,0.0009,0.2367,0.0022,0.0012,0.0000,0.0000,0.0012
831,14.2199,13.9417,14.5638,7.7507,,true,1,0.008333,0.1730,0.0083,1.00,0.57,8.2987,22,1,382,382,0,408,508,0,15,15,0,368640,0,907,0,0,746196992,0.000000,0.000000,0.000000,0.00,2,7,10,18,16,25,21,20,22,29,30,43,40,37,38,24,0,0,0.0004,0.0028,0.0365,0.0446,0.0093,0.1743,0.0061,7.7507,0.0212,0.1730,0.4047,0.0006,0.0006,0.2009,0.0019,0.0019,0.0000,0.0000,0.0007
832,14.2434,13.9667,20.1187,11.0007,,true,3,0.008333,0.3492,0.0250,1.00,1.00,3.4174,22,1,382,382,0,408,508,0,15,15,0,368640,0,907,0,0,746196992,0.000000,0.000000,0.000000,0.00,2,7,10,18,16,25,21,20,22,29,30,43,40,37,38,24,0,0,0.0011,0.0035,0.0648,0.0584,0.0122,0.3509,0.0078,11.0007,0.0231,0.3492,0.6320,0.0006,0.0006,0.2943,0.0017,0.0015,0.0000,0.0000,0.0021
833,14.2553,13.9833,16.5352,6.5903,,true,2,0.008333,0.2885,0.0167,1.00,1.00,3.2859,22,1,382,382,0,408,508,0,15,15,0,368640,0,907,0,0,746196992,0.000000,0.000000,0.000000,0.00,2,7,10,18,16,25,21,20,22,29,30,43,40,37,38,24,0,0,0.0004,0.0036,0.0626,0.0566,0.0129,0.2894,0.0077,6.5903,0.0220,0.2885,0.5092,0.0005,0.0006,0.2457,0.0015,0.0017,0.0000,0.0000,0.0008
834,14.2748,14.0000,18.5926,7.2171,,true,2,0.008333,0.3830,0.0167,1.00,0.90,5.2119,22,1,382,382,0,408,508,0,15,15,0,368640,0,907,0,0,746196992,0.000000,0.000000,0.000000,0.00,2,7,10,18,16,25,21,20,22,29,30,43,40,37,38,24,0,0,0.0005,0.0024,0.0397,0.0607,0.0115,0.3838,0.0056,7.2171,0.0168,0.3830,0.4551,0.0008,0.0004,0.1831,0.0016,0.0010,0.0000,0.0000,0.0012
835,14.2962,14.0167,17.4071,10.7930,,true,2,0.008333,0.2171,0.0167,1.00,0.96,5.9523,22,1,382,382,0,407,507,0,15,15,0,368640,0,907,0,0,746201088,0.000000,0.000000,0.000000,0.00,2,7,10,18,16,25,21,20,22,29,30,43,40,37,38,24,0,0,0.0003,0.0027,0.0615,0.0729,0.0093,0.2178,0.0099,10.7930,0.0198,0.2171,0.6207,0.0005,0.0007,0.2701,0.0011,0.0015,0.0000,0.0000,0.0016
836,14.3109,14.0333,19.0408,6.8746,,true,2,0.008333,0.1815,0.0167,1.00,0.88,8.3265,22,1,382,382,0,406,506,0,15,15,0,368640,0,907,0,0,746201088,0.000000,0.000000,0.000000,0.00,2,7,10,18,16,25,21,20,22,29,30,43,40,37,38,24,0,0,0.0010,0.0031,0.0410,0.0614,0.0106,0.1820,0.0076,6.8746,0.0190,0.1815,0.4559,0.0002,0.0002,0.2086,0.0015,0.0004,0.0000,0.0000,0.0009
837,14.3338,14.0583,18.0500,11.6074,,true,3,0.008333,0.2008,0.0250,1.00,1.00,1.3765,22,1,382,382,0,407,507,0,15,15,0,368640,0,907,0,0,746201088,0.000000,0.000000,0.000000,0.00,2,7,10,18,16,25,21,20,22,29,30,43,40,37,38,24,0,0,0.0008,0.0031,0.0527,0.0431,0.0091,0.2014,0.0095,11.6074,0.0287,0.2008,0.5057,0.0007,0.0005,0.2210,0.0021,0.0020,0.0000,0.0000,0.0008
838,14.3516,14.0750,19.5838,10.0080,,true,2,0.008333,0.2369,0.0167,1.00,0.85,4.2937,22,1,382,382,0,407,507,0,15,15,0,368640,0,907,0,0,746201088,0.000000,0.000000,0.000000,0.00,2,7,10,18,16,25,21,20,22,29,30,43,40,37,38,24,0,0,0.0002,0.0031,0.0599,0.0563,0.0100,0.2380,0.0092,10.0080,0.0858,0.2369,0.4460,0.0004,0.0005,0.1983,0.0017,0.0014,0.0000,0.0000,0.0009
839,14.3696,14.0917,19.7123,8.3766,,true,2,0.008333,0.2020,0.0167,1.00,0.85,7.3393,22,1,382,382,0,407,507,0,15,15,0,368640,0,907,0,0,746201088,0.000000,0.000000,0.000000,0.00,2,7,10,18,16,25,21,20,22,29,30,43,40,37,38,24,0,0,0.0001,0.0021,0.0462,0.0425,0.0079,0.2025,0.0066,8.3766,0.0199,0.2020,0.4136,0.0005,0.0005,0.1984,0.0018,0.0007,0.0000,0.0000,0.0007
840,14.3816,14.1083,13.4543,7.0306,,true,2,0.008333,0.2204,0.0167,1.00,1.00,4.1269,22,1,382,382,0,407,507,0,15,15,0,368640,0,907,0,0,746201088,0.000000,0.000000,0.000000,0.00,2,7,10,18,16,25,21,20,22,29,30,43,40,37,38,24,0,0,0.0002,0.0029,0.0510,0.0371,0.0110,0.2211,0.0067,7.0306,0.0205,0.2204,0.4434,0.0006,0.0005,0.2196,0.0016,0.0012,0.0000,0.0000,0.0018
841,14.3997,14.1250,17.9328,6.8334,,true,2,0.008333,0.2525,0.0167,1.00,0.93,5.3930,22,1,382,382,0,407,507,0,15,15,0,368640,0,907,0,0,746201088,0.000000,0.000000,0.000000,0.00,2,7,10,18,16,25,21,20,22,29,30,43,40,37,38,24,0,0,0.0009,0.0035,0.0712,0.0510,0.0098,0.2538,0.0062,6.8334,0.0248,0.2525,0.6676,0.0007,0.0006,0.2870,0.0019,0.0008,0.0000,0.0000,0.0009
842,14.4141,14.1417,16.0595,5.6971,,true,2,0.008333,0.3226,0.0167,1.00,1.00,4.7859,22,1,382,382,0,407,507,0,15,15,0,368640,0,907,0,0,746266624,0.000000,0.000000,0.000000,0.00,2,7,10,18,16,25,21,20,22,29,30,43,40,37,38,24,0,0,0.0004,0.0021,0.0491,0.0496,0.0079,0.3230,0.0051,5.6971,0.0317,0.3226,0.4958,0.0006,0.0005,0.2072,0.0020,0.0012,0.0000,0.0000,0.0016
843,14.4312,14.1583,15.8840,6.8750,,true,2,0.008333,0.2172,0.0167,1.00,1.00,4.0032,22,1,382,382,0,407,507,0,15,15,0,368640,0,907,0,0,746266624,0.000000,0.000000,0.000000,0.00,2,7,10,18,16,25,21,20,22,29,30,43,40,37,38,24,0,0,0.0004,0.0014,0.0397,0.0434,0.0060,0.2179,0.0051,6.8750,0.0161,0.2172,0.4208,0.0005,0.0008,0.1702,0.0017,0.0009,0.0000,0.0000,0.0005
844,14.4479,14.1750,17.0375,6.3941,,true,2,0.008333,0.2121,0.0167,1.00,0.98,4.3741,22,1,382,382,0,407,507,0,15,15,0,368640,0,907,0,0,746270720,0.000000,0.000000,0.000000,0.00,2,7,10,18,16,25,21,20,22,29,30,43,40,37,38,24,0,0,0.0010,0.0022,0.0605,0.0423,0.0074,0.2138,0.0073,6.3941,0.0262,0.2121,0.5667,0.0010,0.0007,0.2914,0.0017,0.0012,0.0000,0.0000,0.0008
845,14.4643,14.1917,17.5208,5.4113,,true,2,0.008333,0.1983,0.0167,1.00,0.95,5.2282,22,1,382,382,0,407,507,0,15,15,0,368640,0,907,0,0,746336256,0.000000,0.000000,0.000000,0.00,2,7,10,18,16,25,21,20,22,29,30,43,40,37,38,24,0,0,0.0003,0.0022,0.0334,0.0737,0.0118,0.1988,0.0070,5.4113,0.0156,0.1983,0.4669,0.0005,0.0006,0.2051,0.0017,0.0009,0.0000,0.0000,0.0010
846,14.4829,14.2083,17.2655,6.4901,,true,2,0.008333,0.1871,0.0167,1.00,0.97,5.8270,22,1,382,382,0,407,507,0,15,15,0,368640,0,907,0,0,747646976,0.000000,0.000000,0.000000,0.00,2,7,10,18,16,25,21,20,22,29,30,43,40,37,38,24,0,0,0.0003,0.0028,0.0943,0.0625,0.0082,0.1885,0.0083,6.4901,0.0277,0.1871,0.5301,0.0005,0.0004,0.2587,0.0018,0.0016,0.0000,0.0000,0.0010
847,14.5014,14.2250,18.3961,6.5825,,true,2,0.008333,0.2900,0.0167,1.00,0.91,7.5564,22,1,382,382,0,406,506,0,15,15,0,368640,0,907,0,0,747646976,0.000000,0.000000,0.000000,0.00,2,7,10,18,16,25,21,20,22,29,30,43,40,37,38,24,0,0,0.0003,0.0027,0.0599,0.0582,0.0089,0.2910,0.0076,6.5825,0.0224,0.2900,0.5558,0.0010,0.0002,0.2560,0.0018,0.0025,0.0000,0.0000,0.0011
848,14.5173,14.2417,17.2084,5.5656,,true,2,0.008333,0.2324,0.0167,1.00,0.97,8.0982,22,1,382,382,0,406,506,0,15,15,0,368640,0,907,0,0,747646976,0.000000,0.000000,0.000000,0.00,2,7,10,18,16,25,21,20,22,29,30,43,40,37,38,24,0,0,0.0002,0.0026,0.0607,0.0408,0.0081,0.2333,0.0065,5.5656,0.0266,0.2324,0.4744,0.0006,0.0003,0.2143,0.0017,0.0010,0.0000,0.0000,0.0007
849,14.5345,14.2583,16.4276,6.2698,,true,2,0.008333,0.3924,0.0167,1.00,1.00,7.8591,22,1,382,382,0,406,506,0,15,15,0,368640,0,907,0,0,747646976,0.000000,0.000000,0.000000,0.00,2,7,10,18,16,25,21,20,22,29,30,43,40,37,38,24,0,0,0.0005,0.0025,0.0382,0.0468,0.0074,0.3935,0.0057,6.2698,0.0186,0.3924,0.3907,0.0008,0.0005,0.1674,0.0017,0.0016,0.0000,0.0000,0.0015
850,14.5536,14.2833,17.7289,7.4080,,true,3,0.008333,0.2953,0.0250,1.00,1.00,0.5880,22,1,382,382,0,407,507,0,15,15,0,368640,0,907,0,0,747646976,0.000000,0.000000,0.000000,0.00,2,7,10,18,16,25,21,20,22,29,30,43,40,37,38,24,0,0,0.0003,0.0022,0.0606,0.0638,0.0071,0.2957,0.0085,7.4080,0.0235,0.2953,0.6189,0.0007,0.0007,0.2935,0.0018,0.0012,0.0000,0.0000,0.0018
851,14.5689,14.3000,17.4734,5.3931,,true,2,0.008333,0.2396,0.0167,1.00,0.95,1.3947,22,1,382,382,0,407,507,0,15,15,0,368640,0,907,0,0,747646976,0.000000,0.000000,0.000000,0.00,2,7,10,18,16,25,21,20,22,29,30,43,40,37,38,24,0,0,0.0004,0.0028,0.0522,0.0554,0.0089,0.2407,0.0068,5.3931,0.0239,0.2396,0.4861,0.0005,0.0005,0.2115,0.0025,0.0010,0.0000,0.0000,0.0008
852,14.5867,14.3167,16.7668,6.1886,,true,2,0.008333,0.2541,0.0167,1.00,0.99,1.4948,22,1,382,382,0,408,508,0,15,15,0,368640,0,907,0,0,747646976,0.000000,0.000000,0.000000,0.00,2,7,10,18,16,25,21,20,22,29,30,43,40,37,38,24,0,0,0.0007,0.0048,0.0643,0.1054,0.0136,0.2549,0.0091,6.1886,0.0248,0.2541,0.4747,0.0008,0.0004,0.1886,0.0021,0.0012,0.0000,0.0000,0.0014
853,14.6029,14.3333,17.3568,5.3443,,true,2,0.008333,0.2307,0.0167,1.00,0.96,2.1850,22,1,382,382,0,408,508,0,15,15,0,368640,0,907,0,0,747646976,0.000000,0.000000,0.000000,0.00,2,7,10,18,16,25,21,20,22,29,30,43,40,37,38,24,0,0,0.0007,0.0020,0.0527,0.0425,0.0092,0.2310,0.0062,5.3443,0.0159,0.2307,0.4933,0.0005,0.0005,0.1933,0.0015,0.0017,0.0000,0.0000,0.0013
854,14.6191,14.3500,16.2203,5.3658,,true,2,0.008333,0.1906,0.0167,1.00,1.00,1.7387,22,1,382,382,0,408,508,0,15,15,0,368640,0,907,0,0,747651072,0.000000,0.000000,0.000000,0.00,2,7,10,18,16,25,21,20,22,29,30,43,40,37,38,24,0,0,0.0005,0.0027,0.0493,0.0436,0.0092,0.1912,0.0058,5.3658,0.0194,0.1906,0.4831,0.0004,0.0005,0.2291,0.0013,0.0008,0.0000,0.0000,0.0007
855,14.6355,14.3667,16.3537,5.3830,,true,2,0.008333,0.1562,0.0167,1.00,1.00,1.4257,22,1,382,382,0,409,509,0,15,15,0,366336,0,907,0,0,747651072,0.000000,0.000000,0.000000,0.00,2,7,10,18,16,25,21,20,22,29,30,43,40,37,38,24,0,0,0.0006,0.0020,0.0384,0.0383,0.0073,0.1570,0.0067,5.3830,0.0181,0.1562,0.3785,0.0008,0.0003,0.1772,0.0011,0.0017,0.0000,0.0000,0.0011
856,14.6588,14.3833,16.1288,12.6050,,true,2,0.008333,0.2493,0.0167,1.00,1.00,0.8878,22,1,382,382,8,409,509,0,15,15,0,366336,0,915,47,40,747651072,0.000000,0.000000,0.000000,0.00,2,7,10,18,16,25,21,20,22,29,30,43,40,37,38,24,0,0,0.0001,0.0026,0.0551,0.0432,0.0079,0.2499,0.0060,12.6050,0.0201,0.2493,5.3166,0.0006,0.1991,0.1496,0.0007,0.0010,0.0000,0.0000,4.4476
857,14.6719,14.4000,17.5618,7.9820,,true,2,0.008333,0.3402,0.0167,1.00,0.95,1.7829,22,1,382,382,8,404,504,0,15,15,7,366336,0,922,40,40,747651072,0.000000,0.000000,0.000000,0.00,2,7,10,18,16,25,21,20,22,29,30,43,40,37,38,24,0,0,0.0004,0.0024,0.0560,0.0465,0.0070,0.3409,0.0129,7.9820,0.0254,0.3402,1.2584,0.0209,0.3171,0.3054,0.0021,0.0085,0.0000,31.8442,0.0015
858,14.6856,14.4083,14.3484,6.6296,,true,1,0.008333,0.1822,0.0083,1.00,0.58,7.7980,22,1,382,382,8,383,483,0,15,15,8,366336,0,930,32,40,747651072,0.000000,0.000000,0.000000,0.00,2,7,10,18,16,25,21,20,22,29,30,43,40,37,38,24,0,0,0.0007,0.0017,0.0476,0.0498,0.0060,0.1829,0.0070,6.6296,0.0161,0.1822,1.0059,0.0315,0.1648,0.3023,0.0011,0.0122,0.0000,29.6336,0.0010
859,14.7025,14.4333,18.4628,5.3519,,true,3,0.008333,0.1777,0.0250,1.00,1.00,1.2609,22,1,382,382,8,389,489,0,15,15,8,366336,0,938,24,40,747651072,0.000000,0.000000,0.000000,0.00,2,7,10,18,16,25,21,20,22,29,30,43,40,37,38,24,0,0,0.0004,0.0025,0.0913,0.0345,0.0063,0.1789,0.0078,5.3519,0.0229,0.1777,0.8768,0.0325,0.0006,0.2971,0.0020,0.0234,0.0000,38.1643,0.0011
860,14.7224,14.4500,17.9713,7.1259,,true,2,0.008333,0.1532,0.0167,1.00,0.93,2.5655,22,1,382,382,8,392,492,0,15,15,7,366336,0,945,17,40,747651072,0.000000,0.000000,0.000000,0.00,2,7,10,18,16,25,21,20,22,29,30,43,40,37,38,24,0,0,0.0003,0.0032,0.0323,0.0446,0.0074,0.1536,0.0070,7.1259,0.0120,0.1532,0.7592,0.0235,0.0003,0.1186,0.0023,0.0157,0.0000,32.9156,0.0005
861,14.7364,14.4667,15.1861,6.1986,,true,2,0.008333,0.2020,0.0167,1.00,1.00,1.0850,22,1,382,382,8,396,496,0,15,15,8,366336,0,953,9,40,747651072,0.000000,0.000000,0.000000,0.00,2,7,10,18,16,25,21,20,22,29,30,43,40,37,38,24,0,0,0.0009,0.0036,0.0586,0.0861,0.0149,0.2030,0.0059,6.1986,0.0181,0.2020,0.7230,0.0356,0.0007,0.1877,0.0029,0.0197,0.0000,35.1197,0.0011
862,14.7603,14.4833,20.6445,9.0176,,true,2,0.008333,0.1766,0.0167,1.00,0.81,5.0628,22,1,382,382,1,395,495,0,15,15,8,366336,0,954,1,5,747651072,0.000000,0.000000,0.000000,0.00,2,7,10,18,16,25,21,20,22,29,30,43,40,37,38,24,0,0,0.0006,0.0031,0.0725,0.0536,0.0077,0.1780,0.0090,9.0176,0.0196,0.1766,0.6779,0.0466,0.0012,0.2354,0.0019,0.0397,0.0000,30.6686,0.0018
863,14.7795,14.5000,18.5381,10.0623,,true,2,0.008333,0.2980,0.0167,1.00,0.90,6.9342,22,1,382,382,0,394,494,0,15,15,1,366336,0,954,0,0,747659264,0.000000,0.000000,0.000000,0.00,2,7,10,18,16,25,21,20,22,29,30,43,40,37,38,24,0,0,0.0001,0.0014,0.0292,0.0466,0.0071,0.2990,0.0052,10.0623,0.0087,0.2980,0.4684,0.0119,0.0005,0.1748,0.0021,0.0074,0.0000,3.9190,0.0007
864,14.7959,14.5250,18.3960,7.7664,,true,3,0.008333,0.2744,0.0250,1.00,1.00,0.3302,22,1,382,382,0,398,498,0,15,15,0,366336,0,954,0,0,747659264,0.000000,0.000000,0.000000,0.00,2,7,10,18,16,25,21,20,22,28,36,36,34,43,48,16,0,0,0.0005,0.0017,0.0430,0.0433,0.0066,0.2751,0.0221,7.7664,0.0199,0.2744,0.5992,0.0005,0.0003,0.2190,0.0040,0.0008,0.0000,0.0000,0.0008
865,14.8148,14.5417,19.2914,7.8704,,true,2,0.008333,0.1516,0.0167,1.00,0.86,2.9550,22,1,382,382,0,400,500,0,15,15,0,366336,0,954,0,0,747659264,0.000000,0.000000,0.000000,0.00,2,7,10,18,16,25,21,20,22,28,36,36,34,43,48,16,0,0,0.0011,0.0037,0.0602,0.0581,0.0039,0.1521,0.0101,7.8704,0.0203,0.1516,0.6024,0.0005,0.0006,0.2121,0.0016,0.0009,0.0000,0.0000,0.0009
866,14.8281,14.5583,15.8734,5.4624,,true,2,0.008333,0.1884,0.0167,1.00,1.00,2.1617,22,1,382,382,0,402,502,0,15,15,0,366336,0,954,0,0,747659264,0.000000,0.000000,0.000000,0.00,2,7,10,18,16,25,21,20,22,28,36,36,34,43,48,16,0,0,0.0001,0.0020,0.0439,0.0466,0.0098,0.1889,0.0062,5.4624,0.0193,0.1884,0.5029,0.0006,0.0008,0.2192,0.0026,0.0020,0.0000,0.0000,0.0014
867,14.8427,14.5750,14.6876,5.6326,,true,2,0.008333,0.2255,0.0167,1.00,1.00,0.1826,22,1,382,382,0,404,504,0,15,15,0,366336,0,954,0,0,747659264,0.000000,0.000000,0.000000,0.00,2,7,10,18,16,25,21,20,22,28,36,36,34,43,48,16,0,0,0.0004,0.0031,0.0425,0.0484,0.0089,0.2268,0.0095,5.6326,0.0380,0.2255,0.4125,0.0007,0.0008,0.1740,0.0013,0.0017,0.0000,0.0000,0.0009
868,14.8610,14.5917,18.2931,5.4010,,true,2,0.008333,0.1875,0.0167,1.00,0.91,1.8091,22,1,382,382,0,405,505,0,15,15,0,366336,0,954,0,0,747659264,0.000000,0.000000,0.000000,0.00,2,7,10,18,16,25,21,20,22,28,36,36,34,43,48,16,0,0,0.0001,0.0030,0.0408,0.0446,0.0080,0.1878,0.0082,5.4010,0.0170,0.1875,0.3898,0.0005,0.0004,0.1751,0.0017,0.0008,0.0000,0.0000,0.0010
869,14.8788,14.6083,15.9997,7.2862,,true,2,0.008333,0.3057,0.0167,1.00,1.00,1.1421,22,1,382,382,0,406,506,0,15,15,0,366336,0,954,0,0,747659264,0.000000,0.000000,0.000000,0.00,2,7,10,18,16,25,21,20,22,28,36,36,34,43,48,16,0,0,0.0025,0.0022,0.0793,0.0649,0.0130,0.3073,0.0065,7.2862,0.0151,0.3057,0.5474,0.0005,0.0005,0.2363,0.0018,0.0014,0.0000,0.0000,0.0013
870,14.8971,14.6250,18.3751,7.0550,,true,2,0.008333,0.2302,0.0167,1.00,0.91,2.8506,22,1,382,382,0,407,507,0,15,15,0,370944,0,954,0,0,747659264,0.000000,0.000000,0.000000,0.00,2,7,10,18,16,25,21,20,22,28,36,36,34,43,48,16,0,0,0.0007,0.0024,0.0416,0.0717,0.0097,0.2309,0.0093,7.0550,0.0183,0.2302,0.4509,0.0006,0.0006,0.1947,0.0018,0.0014,0.0000,0.0000,0.0012
871,14.9129,14.6417,16.6625,5.9610,,true,2,0.008333,0.3338,0.0167,1.00,1.00,2.8465,22,1,382,382,0,407,507,0,15,15,0,370944,0,954,0,0,747659264,0.000000,0.000000,0.000000,0.00,2,7,10,18,16,25,21,20,22,28,36,36,34,43,48,16,0,0,0.0010,0.0035,0.0701,0.0778,0.0083,0.3348,0.0060,5.9610,0.0204,0.3338,0.6336,0.0005,0.0005,0.2458,0.0018,0.0015,0.0000,0.0000,0.0012
872,14.9304,14.6583,17.1882,6.4196,,true,2,0.008333,0.1766,0.0167,1.00,0.97,3.3681,22,1,382,382,0,407,507,0,15,15,0,370944,0,954,0,0,747663360,0.000000,0.000000,0.000000,0.00,2,7,10,18,16,25,21,20,22,28,36,36,34,43,48,16,0,0,0.0003,0.0024,0.0349,0.0372,0.0077,0.1775,0.0061,6.4196,0.0175,0.1766,0.3879,0.0009,0.0005,0.1609,0.0016,0.0012,0.0000,0.0000,0.0009
873,14.9476,14.6750,17.5037,5.8050,,true,2,0.008333,0.2067,0.0167,1.00,0.95,4.2051,22,1,382,382,0,407,507,0,15,15,0,373248,0,954,0,0,747663360,0.000000,0.000000,0.000000,0.00,2,7,10,18,16,25,21,20,22,28,36,36,34,43,48,16,0,0,0.0007,0.0025,0.0566,0.0516,0.0057,0.2077,0.0071,5.8050,0.0198,0.2067,0.5129,0.0004,0.0005,0.1910,0.0038,0.0009,0.0000,0.0000,0.0011
874,14.9632,14.6917,15.5290,6.2344,,true,2,0.008333,0.2283,0.0167,1.00,1.00,3.0674,22,1,382,382,0,407,507,0,15,15,0,370944,0,954,0,0,747663360,0.000000,0.000000,0.000000,0.00,2,7,10,18,16,25,21,20,22,28,36,36,34,43,48,16,0,0,0.0008,0.0023,0.0373,0.0471,0.0101,0.2292,0.0073,6.2344,0.0237,0.2283,0.4059,0.0005,0.0007,0.1797,0.0025,0.0011,0.0000,0.0000,0.0011
875,14.9793,14.7083,16.1551,6.5201,,true,2,0.008333,0.1852,0.0167,1.00,1.00,2.5558,22,1,382,382,0,407,507,0,15,15,0,370944,0,954,0,0,747663360,0.000000,0.000000,0.000000,0.00,2,7,10,18,16,25,21,20,22,28,36,36,34,43,48,16,0,0,0.0008,0.0040,0.0559,0.0432,0.0089,0.1858,0.0084,6.5201,0.0366,0.1852,0.4809,0.0008,0.0004,0.1976,0.0014,0.0008,0.0000,0.0000,0.0016
876,14.9983,14.7250,18.3902,6.6732,,true,2,0.008333,0.2717,0.0167,1.00,0.91,4.2793,22,1,382,382,0,407,507,0,15,15,0,370944,0,954,0,0,747663360,0.000000,0.000000,0.000000,0.00,2,7,10,18,16,25,21,20,22,28,36,36,34,43,48,16,0,0,0.0004,0.0029,0.0490,0.0509,0.0087,0.2726,0.0071,6.6732,0.0190,0.2717,0.5332,0.0007,0.0005,0.2198,0.0017,0.0009,0.0000,0.0000,0.0007
877,15.0157,14.7417,18.1798,5.7153,,true,2,0.008333,0.2132,0.0167,1.00,0.92,5.7924,22,1,382,382,0,407,507,0,15,15,0,370944,0,954,0,0,747663360,0.000000,0.000000,0.000000,0.00,2,7,10,18,16,25,21,20,22,28,36,36,34,43,48,16,0,0,0.0004,0.0030,0.0677,0.0504,0.0086,0.2141,0.0052,5.7153,0.0246,0.2132,0.4690,0.0007,0.0009,0.1986,0.0014,0.0012,0.0000,0.0000,0.0010
878,15.0301,14.7583,15.2441,5.3945,,true,2,0.008333,0.4889,0.0167,1.00,1.00,4.3698,22,1,382,382,0,407,507,0,15,15,0,370944,0,954,0,0,747663360,0.000000,0.000000,0.000000,0.00,2,7,10,18,16,25,21,20,22,28,36,36,34,43,48,16,0,0,0.0003,0.0021,0.0472,0.0637,0.0064,0.4900,0.0065,5.3945,0.0156,0.4889,0.4991,0.0006,0.0011,0.1957,0.0010,0.0013,0.0000,0.0000,0.0012
879,15.0451,14.7750,15.1117,5.6146,,true,2,0.008333,0.2004,0.0167,1.00,1.00,2.8148,22,1,382,382,0,407,507,0,15,15,0,370944,0,954,0,0,747663360,0.000000,0.000000,0.000000,0.00,2,7,10,18,16,25,21,20,22,28,36,36,34,43,48,16,0,0,0.0003,0.0026,0.0595,0.0834,0.0073,0.2009,0.0086,5.6146,0.0319,0.2004,0.5405,0.0021,0.0006,0.2253,0.0029,0.0016,0.0000,0.0000,0.0013
880,15.0670,14.7917,19.4499,7.2270,,true,2,0.008333,0.2424,0.0167,1.00,0.86,5.5981,22,1,382,382,0,407,507,0,15,15,0,370944,0,954,0,0,747663360,0.000000,0.000000,0.000000,0.00,2,7,10,18,16,25,21,20,22,28,36,36,34,43,48,16,0,0,0.0007,0.0060,0.1125,0.0943,0.0120,0.2437,0.0125,7.2270,0.0295,0.2424,0.7891,0.0004,0.0008,0.3844,0.0037,0.0012,0.0000,0.0000,0.0012
881,15.0846,14.8083,17.3284,6.9214,,true,2,0.008333,0.2119,0.0167,1.00,0.96,6.2598,22,1,382,382,0,407,507,0,15,15,0,370944,0,954,0,0,747663360,0.000000,0.000000,0.000000,0.00,2,7,10,18,16,25,21,20,22,28,36,36,34,43,48,16,0,0,0.0005,0.0018,0.0375,0.0635,0.0105,0.2132,0.0082,6.9214,0.0194,0.2119,0.3955,0.0006,0.0004,0.1664,0.0015,0.0011,0.0000,0.0000,0.0009
882,15.1004,14.8250,16.8725,6.5959,,true,2,0.008333,0.2194,0.0167,1.00,0.99,6.4656,22,1,382,382,0,407,507,0,15,15,0,370944,0,954,0,0,747667456,0.000000,0.000000,0.000000,0.00,2,7,10,18,16,25,21,20,22,28,36,36,34,43,48,16,0,0,0.0007,0.0030,0.0707,0.0683,0.0104,0.2206,0.0104,6.5959,0.0228,0.2194,0.5178,0.0005,0.0005,0.2285,0.0036,0.0011,0.0000,0.0000,0.0010
883,15.1170,14.8417,16.4520,6.7761,,true,2,0.008333,0.2545,0.0167,1.00,1.00,6.2510,22,1,382,382,0,406,506,0,15,15,0,370944,0,954,0,0,747667456,0.000000,0.000000,0.000000,0.00,2,7,10,18,16,25,21,20,22,28,36,36,34,43,48,16,0,0,0.0006,0.0040,0.0504,0.0646,0.0089,0.2553,0.0108,6.7761,0.0240,0.2545,0.5015,0.0007,0.0010,0.2381,0.0019,0.0016,0.0000,0.0000,0.0012
884,15.1341,14.8583,17.9613,5.7221,,true,2,0.008333,0.2930,0.0167,1.00,0.93,7.5456,22,1,382,382,0,406,506,0,15,15,0,370944,0,954,0,0,747667456,0.000000,0.000000,0.000000,0.00,2,7,10,18,16,25,21,20,22,28,36,36,34,43,48,16,0,0,0.0008,0.0033,0.1171,0.0499,0.0093,0.2939,0.0073,5.7221,0.0219,0.2930,0.4870,0.0011,0.0009,0.2169,0.0015,0.0014,0.0000,0.0000,0.0006
885,15.1547,14.8750,17.0593,9.5194,,true,2,0.008333,0.4373,0.0167,1.00,0.98,7.9382,22,1,382,382,0,406,506,0,15,15,0,370944,0,954,0,0,747667456,0.000000,0.000000,0.000000,0.00,2,7,10,18,16,25,21,20,22,28,36,36,34,43,48,16,0,0,0.0007,0.0024,0.0771,0.0989,0.0160,0.4389,0.0224,9.5194,0.0439,0.4373,1.0914,0.0017,0.0015,0.5357,0.0047,0.0049,0.0000,0.0000,0.0036
886,15.1713,14.9000,19.9914,5.9973,,true,3,0.008333,0.4144,0.0250,1.00,1.00,2.9296,22,1,382,382,0,407,507,0,15,15,0,370944,0,954,0,0,747667456,0.000000,0.000000,0.000000,0.00,2,7,10,18,16,25,21,20,22,28,36,36,34,43,48,16,0,0,0.0007,0.0025,0.0453,0.0520,0.0104,0.4162,0.0056,5.9973,0.0195,0.4144,0.4836,0.0005,0.0004,0.1992,0.0019,0.0015,0.0000,0.0000,0.0008
887,15.1988,14.9167,18.1997,15.2719,,true,2,0.008333,0.3013,0.0167,1.00,0.92,4.4627,22,1,382,382,0,407,507,0,15,15,0,370944,0,954,0,0,747667456,0.000000,0.000000,0.000000,0.00,2,7,10,18,16,25,21,20,22,28,36,36,34,43,48,16,0,0,0.0022,0.0062,0.0690,0.1950,0.0244,0.3032,0.0170,15.2719,0.0376,0.3013,0.7048,0.0014,0.0005,0.2884,0.0025,0.0022,0.0000,0.0000,0.0006
888,15.2157,14.9417,21.1340,9.6974,,true,3,0.008333,0.2963,0.0250,1.00,1.00,0.5967,22,1,382,382,0,408,508,0,15,15,0,370944,0,954,0,0,747667456,0.000000,0.000000,0.000000,0.00,2,7,10,18,16,25,21,20,22,28,36,36,34,43,48,16,0,0,0.0003,0.0026,0.0703,0.0455,0.0065,0.2976,0.0059,9.6974,0.0229,0.2963,0.8888,0.0010,0.0013,0.4786,0.0032,0.0016,0.0000,0.0000,0.0018
889,15.2378,14.9583,23.3077,9.2155,,true,2,0.008333,0.2504,0.0167,1.00,0.72,7.2378,22,1,382,382,0,408,508,0,15,15,0,370944,0,954,0,0,747667456,0.000000,0.000000,0.000000,0.00,2,7,10,18,16,25,21,20,22,28,36,36,34,43,48,16,0,0,0.0011,0.0074,0.1353,0.0739,0.0138,0.2507,0.0103,9.2155,0.0697,0.2504,0.7107,0.0012,0.0007,0.3756,0.0017,0.0028,0.0000,0.0000,0.0012
890,15.2465,14.9750,12.9653,5.9042,,true,2,0.008333,0.2479,0.0167,1.00,1.00,3.5364,22,1,382,382,0,409,509,0,15,15,0,370944,0,954,0,0,747667456,0.000000,0.000000,0.000000,0.00,2,7,10,18,16,25,21,20,22,28,36,36,34,43,48,16,0,0,0.0005,0.0023,0.0508,0.0484,0.0075,0.2491,0.0078,5.9042,0.0202,0.2479,0.5218,0.0004,0.0003,0.2403,0.0015,0.0010,0.0000,0.0000,0.0007
891,15.2603,14.9917,14.2176,5.4386,,true,2,0.008333,0.2129,0.0167,1.00,1.00,1.0873,22,1,382,382,0,409,509,0,15,15,0,366336,0,954,0,0,747671552,0.000000,0.000000,0.000000,0.00,2,7,10,18,16,25,21,20,22,28,36,36,34,43,48,16,0,0,0.0007,0.0020,0.0523,0.0432,0.0050,0.2134,0.0065,5.4386,0.0149,0.2129,0.5682,0.0005,0.0005,0.2846,0.0022,0.0018,0.0000,0.0000,0.0011
892,15.2792,15.0083,18.7516,5.5899,,true,2,0.008333,0.3211,0.0167,1.00,0.89,3.1723,22,1,382,382,0,410,510,0,15,15,0,366336,0,954,0,0,747671552,0.000000,0.000000,0.000000,0.00,2,7,10,18,16,25,21,20,22,28,36,36,34,43,48,16,0,0,0.0007,0.0024,0.0588,0.0564,0.0067,0.3218,0.0063,5.5899,0.0195,0.3211,0.4079,0.0005,0.0004,0.1891,0.0019,0.0010,0.0000,0.0000,0.0009
893,15.2960,15.0250,15.2301,7.1500,,true,2,0.008333,0.2230,0.0167,1.00,1.00,1.7356,22,1,382,382,0,410,510,0,15,15,0,366336,0,954,0,0,747671552,0.000000,0.000000,0.000000,0.00,2,7,10,18,16,25,21,20,22,28,36,36,34,43,48,16,0,0,0.0001,0.0028,0.0381,0.0484,0.0089,0.2238,0.0071,7.1500,0.0271,0.2230,0.5364,0.0004,0.0004,0.2305,0.0020,0.0011,0.0000,0.0000,0.0009
894,15.3127,15.0417,18.2784,5.6007,,true,2,0.008333,0.2668,0.0167,1.00,0.91,3.3473,22,1,382,382,0,410,510,0,15,15,0,366336,0,954,0,0,747671552,0.000000,0.000000,0.000000,0.00,2,7,10,18,16,25,21,20,22,28,36,36,34,43,48,16,0,0,0.0004,0.0023,0.0384,0.0574,0.0103,0.2683,0.0060,5.6007,0.0171,0.2668,0.4150,0.0010,0.0003,0.1661,0.0012,0.0018,0.0000,0.0000,0.0012
895,15.3284,15.0583,15.4604,5.8311,,true,2,0.008333,0.2525,0.0167,1.00,1.00,2.1411,22,1,382,382,0,410,510,0,15,15,0,366336,0,954,0,0,747671552,0.000000,0.000000,0.000000,0.00,2,7,10,18,16,25,21,20,22,28,36,36,34,43,48,16,0,0,0.0013,0.0028,0.0481,0.0661,0.0087,0.2541,0.0099,5.8311,0.0290,0.2525,0.4730,0.0005,0.0006,0.2393,0.0012,0.0015,0.0000,0.0000,0.0005
896,15.3486,15.0750,19.3868,6.2518,,true,2,0.008333,0.2457,0.0167,1.00,0.86,4.8612,22,1,382,382,0,410,510,0,15,15,0,366336,0,954,0,0,747671552,0.000000,0.000000,0.000000,0.00,2,7,10,18,16,25,21,20,22,28,36,36,34,43,48,16,0,0,0.0003,0.0024,0.0608,0.0495,0.0083,0.2471,0.0059,6.2518,0.0215,0.2457,0.5170,0.0007,0.0007,0.2153,0.0021,0.0010,0.0000,0.0000,0.0021
897,15.3743,15.1000,21.1106,10.7167,,true,3,0.008333,0.1955,0.0250,1.00,1.00,0.9718,22,1,382,382,0,411,511,0,15,15,0,366336,0,954,0,0,747671552,0.000000,0.000000,0.000000,0.00,2,7,10,18,16,25,21,20,22,28,36,36,34,43,48,16,0,0,0.0004,0.0012,0.0804,0.0411,0.0053,0.1964,0.0065,10.7167,0.0339,0.1955,0.5139,0.0004,0.0002,0.2736,0.0028,0.0004,0.0000,0.0000,0.0004
898,15.3928,15.1167,16.2188,13.5111,,true,2,0.008333,0.2086,0.0167,1.00,1.00,0.5239,22,1,382,382,8,411,511,0,15,15,0,366336,0,962,35,40,747671552,0.000000,0.000000,0.000000,0.00,2,7,10,18,16,25,21,20,22,28,36,36,34,43,48,16,0,0,0.0004,0.0022,0.1213,0.0462,0.0076,0.2100,0.0057,13.5111,0.0413,0.2086,5.7768,0.0006,0.2110,0.2893,0.0028,0.0008,0.0000,0.0000,4.7090
899,15.4072,15.1333,16.1812,11.1735,,true,2,0.008333,0.1969,0.0167,1.00,1.00,0.0384,22,1,382,382,8,415,515,0,15,15,6,366336,0,968,29,40,747671552,0.000000,0.000000,0.000000,0.00,2,7,10,18,16,25,21,20,22,28,36,36,34,43,48,16,0,0,0.0005,0.0038,0.0649,0.0627,0.0089,0.1975,0.0083,11.1735,0.0199,0.1969,1.2318,0.0264,0.3024,0.2294,0.0017,0.0231,0.0000,31.2927,0.0014
900,15.4268,15.1500,21.2116,9.2817,,true,2,0.008333,0.3164,0.0167,1.00,0.79,4.5834,22,1,382,382,8,404,504,0,15,15,7,366336,0,975,22,40,747675648,0.000000,0.000000,0.000000,0.00,2,7,10,18,16,25,21,20,22,28,36,36,34,43,48,16,0,0,0.0003,0.0016,0.0558,0.0354,0.0078,0.3173,0.0034,9.2817,0.0366,0.3164,1.1670,0.0411,0.2097,0.3161,0.0024,0.0379,0.0000,41.9124,0.0004
901,15.4377,15.1667,14.9181,5.9974,,true,2,0.008333,0.2308,0.0167,1.00,1.00,2.8348,22,1,382,382,8,402,502,0,15,15,6,366336,0,981,16,40,747675648,0.000000,0.000000,0.000000,0.00,2,7,10,18,16,25,21,20,22,28,36,36,34,43,48,16,0,0,0.0002,0.0022,0.0566,0.0425,0.0074,0.2316,0.0063,5.9974,0.0205,0.2308,0.7549,0.0218,0.0003,0.2170,0.0013,0.0107,0.0000,26.2910,0.0006
902,15.4521,15.1833,14.7394,5.2880,,true,2,0.008333,0.2004,0.0167,1.00,1.00,0.9076,22,1,382,382,8,405,505,0,15,15,8,366336,0,989,8,40,747675648,0.000000,0.000000,0.000000,0.00,2,7,10,18,16,25,21,20,22,28,36,36,34,43,48,16,0,0,0.0004,0.0020,0.0452,0.0457,0.0066,0.2011,0.0062,5.2880,0.0174,0.2004,0.6262,0.0321,0.0003,0.2411,0.0018,0.0156,0.0000,35.0776,0.0006
903,15.4722,15.2000,18.7437,6.5864,,true,2,0.008333,0.2962,0.0167,1.00,0.89,2.9846,22,1,382,382,0,404,504,0,15,15,8,366336,0,989,0,0,747675648,0.000000,0.000000,0.000000,0.00,2,7,10,18,16,25,21,20,22,28,36,36,34,43,48,16,0,0,0.0003,0.0058,0.0383,0.0563,0.0096,0.2975,0.0126,6.5864,0.0147,0.2962,0.5494,0.0238,0.0005,0.2132,0.0022,0.0175,0.0000,35.6655,0.0014
904,15.4889,15.2167,17.0790,6.3257,,true,2,0.008333,0.2491,0.0167,1.00,0.98,3.3970,22,1,382,382,0,404,504,0,15,15,0,366336,0,989,0,0,747679744,0.000000,0.000000,0.000000,0.00,2,7,10,18,16,25,21,20,22,27,38,42,42,45,43,4,0,0,0.0002,0.0021,0.0507,0.0550,0.0095,0.2507,0.0070,6.3257,0.0209,0.2491,0.6536,0.0006,0.0008,0.2146,0.0012,0.0011,0.0000,0.0000,0.0007
905,15.5077,15.2333,18.5284,6.5422,,true,2,0.008333,0.2317,0.0167,1.00,0.90,5.2587,22,1,382,382,0,403,503,0,15,15,0,366336,0,989,0,0,747679744,0.000000,0.000000,0.000000,0.00,2,7,10,18,16,25,21,20,22,27,38,42,42,45,43,4,0,0,0.0005,0.0027,0.0569,0.0544,0.0086,0.2326,0.0063,6.5422,0.0199,0.2317,0.5469,0.0004,0.0004,0.2372,0.0019,0.0009,0.0000,0.0000,0.0007
906,15.5260,15.2500,18.8533,6.4761,,true,2,0.008333,0.3662,0.0167,1.00,0.88,7.4454,22,1,382,382,0,401,501,0,15,15,0,366336,0,989,0,0,747679744,0.000000,0.000000,0.000000,0.00,2,7,10,18,16,25,21,20,22,27,38,42,42,45,43,4,0,0,0.0002,0.0020,0.0444,0.0505,0.0081,0.3673,0.0056,6.4761,0.0146,0.3662,0.4759,0.0004,0.0007,0.1906,0.0017,0.0011,0.0000,0.0000,0.0014
907,15.5391,15.2667,14.2961,5.5061,,true,2,0.008333,0.2538,0.0167,1.00,1.00,5.0748,22,1,382,382,0,401,501,0,15,15,0,366336,0,989,0,0,747679744,0.000000,0.000000,0.000000,0.00,2,7,10,18,16,25,21,20,22,27,38,42,42,45,43,4,0,0,0.0005,0.0008,0.0436,0.0638,0.0096,0.2549,0.0022,5.5061,0.0176,0.2538,0.3989,0.0005,0.0008,0.1850,0.0012,0.0016,0.0000,0.0000,0.0008
908,15.5572,15.2833,17.9291,5.5514,,true,2,0.008333,0.2838,0.0167,1.00,0.93,6.3372,22,1,382,382,0,401,501,0,15,15,0,366336,0,989,0,0,747679744,0.000000,0.000000,0.000000,0.00,2,7,10,18,16,25,21,20,22,27,38,42,42,45,43,4,0,0,0.0002,0.0028,0.0622,0.0520,0.0101,0.2848,0.0076,5.5514,0.0161,0.2838,0.4295,0.0004,0.0005,0.1976,0.0014,0.0007,0.0000,0.0000,0.0012
909,15.5758,15.3000,18.3784,5.7242,,true,2,0.008333,0.2234,0.0167,1.00,0.91,8.0490,22,1,382,382,0,401,501,0,15,15,0,366336,0,989,0,0,747679744,0.000000,0.000000,0.000000,0.00,2,7,10,18,16,25,21,20,22,27,38,42,42,45,43,4,0,0,0.0015,0.0029,0.0405,0.0470,0.0070,0.2241,0.0086,5.7242,0.0133,0.2234,0.3644,0.0008,0.0005,0.1636,0.0015,0.0005,0.0000,0.0000,0.0009
910,15.5920,15.3167,16.2543,5.5129,,true,2,0.008333,0.2406,0.0167,1.00,1.00,7.6366,22,1,382,382,0,401,501,0,15,15,0,370944,0,989,0,0,747683840,0.000000,0.000000,0.000000,0.00,2,7,10,18,16,25,21,20,22,27,38,42,42,45,43,4,0,0,0.0008,0.0026,0.0476,0.0524,0.0084,0.2415,0.0061,5.5129,0.0193,0.2406,0.4893,0.0004,0.0004,0.1984,0.0013,0.0014,0.0000,0.0000,0.0006
911,15.6101,15.3333,16.6273,6.6397,,true,2,0.008333,0.2159,0.0167,1.00,1.00,7.5972,22,1,382,382,0,401,501,0,15,15,0,370944,0,989,0,0,747683840,0.000000,0.000000,0.000000,0.00,2,7,10,18,16,25,21,20,22,27,38,42,42,45,43,4,0,0,0.0007,0.0025,0.0456,0.0587,0.0098,0.2166,0.0094,6.6397,0.0204,0.2159,0.5420,0.0011,0.0010,0.2131,0.0018,0.0022,0.0000,0.0000,0.0012
912,15.6264,15.3583,17.6368,5.3847,,true,3,0.008333,0.1860,0.0250,1.00,1.00,0.2340,22,1,382,382,0,405,505,0,15,15,0,370944,0,989,0,0,747683840,0.000000,0.000000,0.000000,0.00,2,7,10,18,16,25,21,20,22,27,38,42,42,45,43,4,0,0,0.0009,0.0029,0.0493,0.0428,0.0046,0.1862,0.0052,5.3847,0.0194,0.1860,0.4939,0.0004,0.0004,0.1809,0.0013,0.0014,0.0000,0.0000,0.0009
913,15.6429,15.3667,16.2501,5.8582,,true,1,0.008333,0.2227,0.0083,1.00,0.51,8.1508,22,1,382,382,0,404,504,0,15,15,0,370944,0,989,0,0,747683840,0.000000,0.000000,0.000000,0.00,2,7,10,18,16,25,21,20,22,27,38,42,42,45,43,4,0,0,0.0003,0.0027,0.0455,0.0450,0.0129,0.2247,0.0063,5.8582,0.0174,0.2227,0.5389,0.0009,0.0007,0.2659,0.0024,0.0015,0.0000,0.0000,0.0011
914,15.6649,15.3917,18.4792,9.2689,,true,3,0.008333,0.3858,0.0250,1.00,1.00,1.6300,22,1,382,382,0,407,507,0,15,15,0,370944,0,989,0,0,747683840,0.000000,0.000000,0.000000,0.00,2,7,10,18,16,25,21,20,22,27,38,42,42,45,43,4,0,0,0.0006,0.0027,0.0697,0.0430,0.0068,0.3867,0.0075,9.2689,0.0277,0.3858,0.5437,0.0006,0.0005,0.2525,0.0014,0.0014,0.0000,0.0000,0.0011
915,15.6778,15.4083,16.8300,5.3975,,true,2,0.008333,0.2588,0.0167,1.00,0.99,1.7933,22,1,382,382,0,409,509,0,15,15,0,370944,0,989,0,0,747683840,0.000000,0.000000,0.000000,0.00,2,7,10,18,16,25,21,20,22,27,38,42,42,45,43,4,0,0,0.0003,0.0025,0.0554,0.0483,0.0090,0.2598,0.0062,5.3975,0.0368,0.2588,0.5439,0.0008,0.0005,0.2248,0.0012,0.0009,0.0000,0.0000,0.0012
916,15.6949,15.4250,17.1151,5.5910,,true,2,0.008333,0.2635,0.0167,1.00,0.97,2.2417,22,1,382,382,0,410,510,0,15,15,0,370944,0,989,0,0,747683840,0.000000,0.000000,0.000000,0.00,2,7,10,18,16,25,21,20,22,27,38,42,42,45,43,4,0,0,0.0004,0.0015,0.0471,0.0585,0.0078,0.2644,0.0076,5.5910,0.0188,0.2635,0.4378,0.0006,0.0003,0.2042,0.0014,0.0008,0.0000,0.0000,0.0010
917,15.7142,15.4417,17.1334,7.3791,,true,2,0.008333,0.2964,0.0167,1.00,0.97,2.7085,22,1,382,382,0,411,511,0,15,15,0,370944,0,989,0,0,747683840,0.000000,0.000000,0.000000,0.00,2,7,10,18,16,25,21,20,22,27,38,42,42,45,43,4,0,0,0.0003,0.0026,0.0566,0.0492,0.0115,0.2980,0.0059,7.3791,0.0541,0.2964,0.8682,0.0006,0.0006,0.2128,0.0021,0.0013,0.0000,0.0000,0.0008
918,15.7331,15.4583,20.8561,5.6900,,true,2,0.008333,0.2658,0.0167,1.00,0.80,6.8979,22,1,382,382,0,410,510,0,15,15,0,373248,0,989,0,0,747683840,0.000000,0.000000,0.000000,0.00,2,7,10,18,16,25,21,20,22,27,38,42,42,45,43,4,0,0,0.0002,0.0022,0.0629,0.0423,0.0077,0.2664,0.0061,5.6900,0.0213,0.2658,0.5146,0.0005,0.0005,0.2182,0.0017,0.0016,0.0000,0.0000,0.0018
919,15.7478,15.4750,14.2525,6.1796,,true,2,0.008333,0.2821,0.0167,1.00,1.00,4.4837,22,1,382,382,0,410,510,0,15,15,0,373248,0,989,0,0,747687936,0.000000,0.000000,0.000000,0.00,2,7,10,18,16,25,21,20,22,27,38,42,42,45,43,4,0,0,0.0003,0.0020,0.0743,0.0511,0.0113,0.2827,0.0090,6.1796,0.0281,0.2821,0.5183,0.0007,0.0007,0.2499,0.0023,0.0010,0.0000,0.0000,0.0014
920,15.7656,15.4917,18.1555,5.7917,,true,2,0.008333,0.2080,0.0167,1.00,0.92,5.9725,22,1,382,382,0,410,510,0,15,15,0,373248,0,989,0,0,747687936,0.000000,0.000000,0.000000,0.00,2,7,10,18,16,25,21,20,22,27,38,42,42,45,43,4,0,0,0.0009,0.0027,0.0359,0.0488,0.0078,0.2086,0.0061,5.7917,0.0175,0.2080,0.4500,0.0005,0.0005,0.2130,0.0017,0.0016,0.0000,0.0000,0.0014
921,15.7826,15.5083,17.1426,5.6125,,true,2,0.008333,0.3392,0.0167,1.00,0.97,6.4485,22,1,382,382,0,410,510,0,15,15,0,375552,0,989,0,0,747687936,0.000000,0.000000,0.000000,0.00,2,7,10,18,16,25,21,20,22,27,38,42,42,45,43,4,0,0,0.0002,0.0023,0.0417,0.0384,0.0080,0.3398,0.0057,5.6125,0.0195,0.3392,0.4856,0.0012,0.0006,0.2141,0.0014,0.0012,0.0000,0.0000,0.0008
922,15.7998,15.5250,17.2490,5.7710,,true,2,0.008333,0.2237,0.0167,1.00,0.97,7.0309,22,1,382,382,0,410,510,0,15,15,0,375552,0,989,0,0,747687936,0.000000,0.000000,0.000000,0.00,2,7,10,18,16,25,21,20,22,27,38,42,42,45,43,4,0,0,0.0003,0.0030,0.0493,0.0423,0.0070,0.2243,0.0067,5.7710,0.0202,0.2237,0.5339,0.0003,0.0003,0.2209,0.0015,0.0011,0.0000,0.0000,0.0009
923,15.8264,15.5500,23.8856,7.9040,,true,3,0.008333,0.2897,0.0250,1.00,1.00,5.9164,22,1,382,382,0,410,510,0,15,15,0,375552,0,989,0,0,747687936,0.000000,0.000000,0.000000,0.00,2,7,10,18,16,25,21,20,22,27,38,42,42,45,43,4,0,0,0.0011,0.0049,0.0476,0.0833,0.0111,0.2913,0.0161,7.9040,0.0208,0.2897,0.4249,0.0011,0.0009,0.1546,0.0017,0.0021,0.0000,0.0000,0.0012
924,15.8375,15.5667,14.1690,5.0679,,true,2,0.008333,0.2894,0.0167,1.00,1.00,3.4188,22,1,382,382,0,411,511,0,15,15,0,375552,0,989,0,0,747687936,0.000000,0.000000,0.000000,0.00,2,7,10,18,16,25,21,20,22,27,38,42,42,45,43,4,0,0,0.0005,0.0020,0.0546,0.0555,0.0090,0.2907,0.0055,5.0679,0.0186,0.2894,0.4804,0.0006,0.0005,0.1814,0.0016,0.0016,0.0000,0.0000,0.0010
925,15.8530,15.5833,14.8602,5.8042,,true,2,0.008333,0.1887,0.0167,1.00,1.00,1.6123,22,1,382,382,0,412,512,0,15,15,0,375552,0,989,0,0,747687936,0.000000,0.000000,0.000000,0.00,2,7,10,18,16,25,21,20,22,27,38,42,42,45,43,4,0,0,0.0005,0.0029,0.0598,0.0449,0.0074,0.1893,0.0051,5.8042,0.0261,0.1887,0.4256,0.0007,0.0003,0.1851,0.0018,0.0014,0.0000,0.0000,0.0017
926,15.8704,15.6000,18.0052,5.3510,,true,2,0.008333,0.1976,0.0167,1.00,0.93,2.9508,22,1,382,382,0,413,513,0,15,15,0,375552,0,989,0,0,747687936,0.000000,0.000000,0.000000,0.00,2,7,10,18,16,25,21,20,22,27,38,42,42,45,43,4,0,0,0.0003,0.0033,0.0521,0.0443,0.0073,0.1986,0.0052,5.3510,0.0266,0.1976,0.4983,0.0004,0.0005,0.2123,0.0021,0.0013,0.0000,0.0000,0.0008
927,15.8862,15.6167,15.9450,5.3442,,true,2,0.008333,0.1645,0.0167,1.00,1.00,2.2291,22,1,382,382,0,413,513,0,15,15,0,375552,0,989,0,0,747687936,0.000000,0.000000,0.000000,0.00,2,7,10,18,16,25,21,20,22,27,38,42,42,45,43,4,0,0,0.0002,0.0031,0.0545,0.0422,0.0087,0.1652,0.0050,5.3442,0.0146,0.1645,0.4087,0.0005,0.0008,0.1844,0.0015,0.0012,0.0000,0.0000,0.0010
928,15.9053,15.6333,17.8578,6.4841,,true,2,0.008333,0.2169,0.0167,1.00,0.93,3.4202,22,1,382,382,0,413,513,0,15,15,0,375552,0,989,0,0,747692032,0.000000,0.000000,0.000000,0.00,2,7,10,18,16,25,21,20,22,27,38,42,42,45,43,4,0,0,0.0002,0.0031,0.0526,0.0625,0.0076,0.2180,0.0062,6.4841,0.0216,0.2169,0.6043,0.0005,0.0005,0.2659,0.0015,0.0010,0.0000,0.0000,0.0008
929,15.9231,15.6500,18.1955,5.8684,,true,2,0.008333,0.2974,0.0167,1.00,0.92,4.9490,22,1,382,382,0,413,513,0,15,15,0,375552,0,989,0,0,747692032,0.000000,0.000000,0.000000,0.00,2,7,10,18,16,25,21,20,22,27,38,42,42,45,43,4,0,0,0.0003,0.0025,0.0602,0.0713,0.0065,0.2982,0.0058,5.8684,0.0276,0.2974,0.4649,0.0005,0.0003,0.1965,0.0018,0.0009,0.0000,0.0000,0.0011
930,15.9392,15.6667,16.2792,5.5626,,true,2,0.008333,0.2841,0.0167,1.00,1.00,4.5616,22,1,382,382,0,413,513,0,15,15,0,375552,0,989,0,0,747692032,0.000000,0.000000,0.000000,0.00,2,7,10,18,16,25,21,20,22,27,38,42,42,45,43,4,0,0,0.0003,0.0021,0.0446,0.0445,0.0064,0.2850,0.0091,5.5626,0.0264,0.2841,0.4427,0.0006,0.0006,0.1840,0.0014,0.0011,0.0000,0.0000,0.0017
931,15.9534,15.6833,14.7303,5.5427,,true,2,0.008333,0.2004,0.0167,1.00,1.00,2.6252,22,1,382,382,0,414,514,0,15,15,0,375552,0,989,0,0,747692032,0.000000,0.000000,0.000000,0.00,2,7,10,18,16,25,21,20,22,27,38,42,42,45,43,4,0,0,0.0001,0.0018,0.0335,0.0367,0.0059,0.2014,0.0061,5.5427,0.0193,0.2004,0.4129,0.0004,0.0002,0.1663,0.0015,0.0013,0.0000,0.0000,0.0012
932,15.9707,15.7000,16.9494,5.8198,,true,2,0.008333,0.2157,0.0167,1.00,0.98,2.9079,22,1,382,382,0,414,514,0,15,15,0,375552,0,989,0,0,747692032,0.000000,0.000000,0.000000,0.00,2,7,10,18,16,25,21,20,22,27,38,42,42,45,43,4,0,0,0.0007,0.0020,0.0717,0.0418,0.0082,0.2167,0.0054,5.8198,0.0283,0.2157,0.4716,0.0003,0.0007,0.2024,0.0014,0.0012,0.0000,0.0000,0.0007
933,15.9872,15.7167,16.6529,5.7170,,true,2,0.008333,0.2357,0.0167,1.00,1.00,2.8941,22,1,382,382,0,414,514,0,15,15,0,375552,0,989,0,0,747692032,0.000000,0.000000,0.000000,0.00,2,7,10,18,16,25,21,20,22,27,38,42,42,45,43,4,0,0,0.0004,0.0014,0.0395,0.0353,0.0075,0.2368,0.0064,5.7170,0.0214,0.2357,0.4475,0.0006,0.0003,0.2006,0.0013,0.0008,0.0000,0.0000,0.0009
934,16.0067,15.7333,18.5188,6.2124,,true,2,0.008333,0.2495,0.0167,1.00,0.90,4.7462,22,1,382,382,0,414,514,0,15,15,0,375552,0,989,0,0,747692032,0.000000,0.000000,0.000000,0.00,2,7,10,18,16,25,21,20,22,27,38,42,42,45,43,4,0,0,0.0008,0.0032,0.0644,0.0564,0.0074,0.2505,0.0081,6.2124,0.0366,0.2495,0.5264,0.0004,0.0004,0.2162,0.0019,0.0015,0.0000,0.0000,0.0010
935,16.0239,15.7500,18.3312,5.3729,,true,2,0.008333,0.3155,0.0167,1.00,0.91,6.4107,22,1,382,382,0,414,514,0,15,15,0,375552,0,989,0,0,747692032,0.000000,0.000000,0.000000,0.00,2,7,10,18,16,25,21,20,22,27,38,42,42,45,43,4,0,0,0.0006,0.0022,0.0661,0.0371,0.0063,0.3158,0.0063,5.3729,0.0192,0.3155,0.5776,0.0008,0.0005,0.2591,0.0019,0.0013,0.0000,0.0000,0.0016
936,16.0387,15.7667,14.5767,5.5806,,true,2,0.008333,0.2423,0.0167,1.00,1.00,4.3208,22,1,382,382,0,414,514,0,15,15,0,375552,0,989,0,0,747692032,0.000000,0.000000,0.000000,0.00,2,7,10,18,16,25,21,20,22,27,38,42,42,45,43,4,0,0,0.0002,0.0035,0.0414,0.0489,0.0068,0.2430,0.0081,5.5806,0.0231,0.2423,0.4281,0.0006,0.0005,0.1983,0.0012,0.0008,0.0000,0.0000,0.0009
937,16.0561,15.7833,17.2724,5.7005,,true,2,0.008333,0.2438,0.0167,1.00,0.96,4.9265,22,1,382,382,0,414,514,0,15,15,0,375552,0,989,0,0,747696128,0.000000,0.000000,0.000000,0.00,2,7,10,18,16,25,21,20,22,27,38,42,42,45,43,4,0,0,0.0004,0.0015,0.0552,0.0408,0.0075,0.2441,0.0057,5.7005,0.0194,0.2438,0.5119,0.0005,0.0003,0.2308,0.0016,0.0012,0.0000,0.0000,0.0012
938,16.0719,15.8000,15.8581,5.7931,,true,2,0.008333,0.2129,0.0167,1.00,1.00,4.1179,22,1,382,382,0,414,514,0,15,15,0,375552,0,989,0,0,747696128,0.000000,0.000000,0.000000,0.00,2,7,10,18,16,25,21,20,22,27,38,42,42,45,43,4,0,0,0.0006,0.0023,0.0566,0.0495,0.0080,0.2135,0.0049,5.7931,0.0170,0.2129,0.4429,0.0004,0.0004,0.1941,0.0011,0.0006,0.0000,0.0000,0.0018
939,16.0895,15.8167,17.8226,5.5664,,true,2,0.008333,0.2387,0.0167,1.00,0.94,5.2738,22,1,382,382,0,414,514,0,15,15,0,375552,0,989,0,0,747696128,0.000000,0.000000,0.000000,0.00,2,7,10,18,16,25,21,20,22,27,38,42,42,45,43,4,0,0,0.0003,0.0023,0.0512,0.0447,0.0081,0.2395,0.0054,5.5664,0.0203,0.2387,0.6070,0.0008,0.0005,0.2581,0.0017,0.0008,0.0000,0.0000,0.0012
940,16.1069,15.8333,16.3888,6.1705,,true,2,0.008333,0.2618,0.0167,1.00,1.00,4.9959,22,1,382,382,0,414,514,0,15,15,0,375552,0,989,0,0,747696128,0.000000,0.000000,0.000000,0.00,2,7,10,18,16,25,21,20,22,27,38,42,42,45,43,4,0,0,0.0005,0.0018,0.0539,0.0569,0.0098,0.2626,0.0077,6.1705,0.0190,0.2618,0.5140,0.0005,0.0002,0.2189,0.0015,0.0009,0.0000,0.0000,0.0009
941,16.1313,15.8500,18.7137,12.0055,,true,2,0.008333,0.2314,0.0167,1.00,0.89,7.0429,22,1,382,382,8,414,514,0,15,14,0,373248,0,997,14,40,747696128,0.000000,0.000000,0.000000,0.00,2,7,10,18,16,25,21,20,22,27,38,42,42,45,43,4,0,0,0.0008,0.0028,0.0797,0.0463,0.0077,0.2326,0.0060,12.0055,0.0288,0.2314,5.2064,0.0004,0.1762,0.2109,0.0013,0.0008,0.0000,0.0000,4.4231
942,16.1425,15.8667,17.3441,5.9522,,true,2,0.008333,0.2204,0.0167,1.00,0.96,7.7204,22,1,382,382,8,411,511,0,15,14,5,373248,0,1002,9,40,747696128,0.000000,0.000000,0.000000,0.00,2,7,10,18,16,25,21,20,22,27,38,42,42,45,43,4,0,0,0.0003,0.0025,0.0619,0.0435,0.0063,0.2216,0.0056,5.9522,0.0226,0.2204,0.9110,0.0281,0.2360,0.2710,0.0022,0.0105,0.0000,27.6114,0.0009
943,16.1585,15.8833,15.3577,5.3416,,true,2,0.008333,0.2031,0.0167,1.00,1.00,6.4114,22,1,382,382,1,415,515,0,15,14,8,373248,0,1003,1,5,747696128,0.000000,0.000000,0.000000,0.00,2,7,10,18,16,25,21,20,22,27,38,42,42,45,43,4,0,0,0.0004,0.0023,0.0409,0.0595,0.0072,0.2050,0.0219,5.3416,0.0204,0.2031,0.5736,0.0252,0.1132,0.1739,0.0007,0.0100,0.0000,40.6386,0.0008
944,16.1757,15.9000,17.8702,5.4016,,true,2,0.008333,0.4164,0.0167,1.00,0.93,7.6149,22,1,382,382,0,415,515,0,15,14,1,373248,0,1003,0,0,747696128,0.000000,0.000000,0.000000,0.00,2,7,10,18,16,25,21,20,22,27,38,42,42,45,43,4,0,0,0.0007,0.0035,0.0443,0.0471,0.0079,0.4177,0.0065,5.4016,0.0234,0.4164,0.4729,0.0118,0.0004,0.1805,0.0021,0.0057,0.0000,5.6882,0.0012
945,16.2079,15.9250,25.3124,11.0383,,true,3,0.008333,0.4311,0.0250,1.00,0.99,7.9274,22,1,382,382,0,415,515,0,14,14,0,373248,0,1003,0,0,747696128,0.000000,0.000000,0.000000,0.00,2,7,10,18,16,25,21,20,22,27,39,38,41,48,48,0,0,0,0.0003,0.0049,0.0556,0.1006,0.0167,0.4318,0.0073,11.0383,0.0137,0.4311,1.1018,0.0004,0.0002,0.4457,0.0016,0.0007,0.0000,0.0000,0.0062
946,16.2270,15.9500,22.4854,8.9920,,true,3,0.008333,0.4378,0.0250,1.00,1.00,5.4127,22,1,382,382,0,418,518,0,14,14,0,373248,0,1003,0,0,747696128,0.000000,0.000000,0.000000,0.00,2,7,10,18,16,25,21,20,22,27,39,38,41,48,48,0,0,0,0.0010,0.0061,0.0989,0.0950,0.0168,0.4387,0.0120,8.9920,0.0269,0.4378,0.6326,0.0008,0.0009,0.2403,0.0020,0.0017,0.0000,0.0000,0.0015
947,16.2380,15.9667,14.3191,6.1916,,true,2,0.008333,0.2231,0.0167,1.00,1.00,3.0652,22,1,382,382,0,422,522,0,14,14,0,373248,0,1003,0,0,747704320,0.000000,0.000000,0.000000,0.00,2,7,10,18,16,25,21,20,22,27,39,38,41,48,48,0,0,0,0.0003,0.0019,0.0593,0.0372,0.0056,0.2239,0.0048,6.1916,0.0178,0.2231,0.6616,0.0006,0.0005,0.3150,0.0012,0.0018,0.0000,0.0000,0.0008
948,16.2504,15.9750,13.2984,5.2235,,true,1,0.008333,0.1863,0.0083,1.00,0.63,8.0303,22,1,382,382,0,420,520,0,14,14,0,373248,0,1003,0,0,747937792,0.000000,0.000000,0.000000,0.00,2,7,10,18,16,25,21,20,22,27,39,38,41,48,48,0,0,0,0.0003,0.0016,0.0603,0.0445,0.0062,0.1870,0.0041,5.2235,0.0253,0.1863,0.5897,0.0006,0.0004,0.2008,0.0025,0.0014,0.0000,0.0000,0.0007
949,16.2667,15.9917,16.4492,5.5218,,true,2,0.008333,0.2478,0.0167,1.00,1.00,7.8128,22,1,382,382,0,419,519,0,14,14,0,373248,0,1003,0,0,748093440,0.000000,0.000000,0.000000,0.00,2,7,10,18,16,25,21,20,22,27,39,38,41,48,48,0,0,0,0.0003,0.0023,0.0536,0.0482,0.0073,0.2487,0.0057,5.5218,0.0194,0.2478,0.5370,0.0004,0.0004,0.2242,0.0016,0.0018,0.0000,0.0000,0.0014
950,16.2858,16.0167,17.9096,6.3051,,true,3,0.008333,0.4487,0.0250,1.00,1.00,0.7224,22,1,382,382,0,424,524,0,14,14,0,373248,0,1003,0,0,748093440,0.000000,0.000000,0.000000,0.00,2,7,10,18,16,25,21,20,22,27,39,38,41,48,48,0,0,0,0.0004,0.0033,0.0465,0.0519,0.0071,0.4497,0.0106,6.3051,0.0176,0.4487,0.4049,0.0005,0.0005,0.1875,0.0019,0.0019,0.0000,0.0000,0.0011
951,16.3033,16.0333,17.5189,6.0351,,true,2,0.008333,0.2715,0.0167,1.00,0.95,1.5747,22,1,382,382,0,426,526,0,14,14,0,366336,0,1003,0,0,748093440,0.000000,0.000000,0.000000,0.00,2,7,10,18,16,25,21,20,22,27,39,38,41,48,48,0,0,0,0.0007,0.0026,0.0821,0.0496,0.0068,0.2726,0.0054,6.0351,0.0258,0.2715,0.6297,0.0006,0.0005,0.2862,0.0040,0.0013,0.0000,0.0000,0.0006
952,16.3219,16.0500,17.7806,7.0164,,true,2,0.008333,0.2717,0.0167,1.00,0.94,2.6887,22,1,382,382,0,427,527,0,14,14,0,366336,0,1003,0,0,748093440,0.000000,0.000000,0.000000,0.00,2,7,10,18,16,25,21,20,22,27,39,38,41,48,48,0,0,0,0.0003,0.0034,0.0403,0.0720,0.0058,0.2730,0.0096,7.0164,0.0300,0.2717,0.8096,0.0007,0.0007,0.4509,0.0016,0.0014,0.0000,0.0000,0.0017
953,16.3363,16.0667,16.1413,5.5437,,true,2,0.008333,0.2805,0.0167,1.00,1.00,2.1633,22,1,382,382,0,427,527,0,14,14,0,366336,0,1003,0,0,748093440,0.000000,0.000000,0.000000,0.00,2,7,10,18,16,25,21,20,22,27,39,38,41,48,48,0,0,0,0.0001,0.0022,0.0425,0.0512,0.0094,0.2816,0.0075,5.5437,0.0277,0.2805,0.5592,0.0005,0.0008,0.2645,0.0022,0.0013,0.0000,0.0000,0.0016
954,16.3543,16.0833,16.5852,6.7936,,true,2,0.008333,0.1910,0.0167,1.00,1.00,2.0818,22,1,382,382,0,428,528,0,14,14,0,366336,0,1003,0,0,748093440,0.000000,0.000000,0.000000,0.00,2,7,10,18,16,25,21,20,22,27,39,38,41,48,48,0,0,0,0.0003,0.0048,0.0432,0.0534,0.0083,0.1922,0.0250,6.7936,0.0171,0.1910,0.4187,0.0006,0.0006,0.1878,0.0022,0.0011,0.0000,0.0000,0.0013
955,16.3751,16.1000,19.1580,6.7310,,true,2,0.008333,0.3433,0.0167,1.00,0.87,4.5732,22,1,382,382,0,427,527,0,14,14,0,366336,0,1003,0,0,748093440,0.000000,0.000000,0.000000,0.00,2,7,10,18,16,25,21,20,22,27,39,38,41,48,48,0,0,0,0.0006,0.0028,0.0460,0.0471,0.0085,0.3447,0.0086,6.7310,0.0265,0.3433,0.5124,0.0007,0.0005,0.2423,0.0016,0.0014,0.0000,0.0000,0.0011
956,16.3901,16.1167,17.5510,5.5696,,true,2,0.008333,0.2051,0.0167,1.00,0.95,5.4575,22,1,382,382,0,426,526,0,14,14,0,366336,0,1003,0,0,748122112,0.000000,0.000000,0.000000,0.00,2,7,10,18,16,25,21,20,22,27,39,38,41,48,48,0,0,0,0.0003,0.0032,0.0568,0.0463,0.0071,0.2055,0.0075,5.5696,0.0217,0.2051,0.6368,0.0005,0.0008,0.2854,0.0021,0.0017,0.0000,0.0000,0.0014
957,16.4067,16.1333,16.6316,5.8215,,true,2,0.008333,0.1834,0.0167,1.00,1.00,5.4225,22,1,382,382,0,425,525,0,14,14,0,366336,0,1003,0,0,748163072,0.000000,0.000000,0.000000,0.00,2,7,10,18,16,25,21,20,22,27,39,38,41,48,48,0,0,0,0.0002,0.0018,0.0495,0.0444,0.0074,0.1843,0.0058,5.8215,0.0200,0.1834,0.5312,0.0006,0.0004,0.2221,0.0023,0.0012,0.0000,0.0000,0.0010
958,16.4256,16.1500,18.8284,5.7167,,true,2,0.008333,0.4281,0.0167,1.00,0.89,7.5842,22,1,382,382,0,423,523,0,14,14,0,364032,0,1003,0,0,748228608,0.000000,0.000000,0.000000,0.00,2,7,10,18,16,25,21,20,22,27,39,38,41,48,48,0,0,0,0.0010,0.0024,0.0432,0.0545,0.0105,0.4288,0.0104,5.7167,0.0196,0.4281,0.4968,0.0006,0.0005,0.2030,0.0015,0.0008,0.0000,0.0000,0.0011
959,16.4412,16.1667,14.9574,6.5421,,true,2,0.008333,0.2141,0.0167,1.00,1.00,5.8749,22,1,382,382,0,423,523,0,14,14,0,364032,0,1003,0,0,748294144,0.000000,0.000000,0.000000,0.00,2,7,10,18,16,25,21,20,22,27,39,38,41,48,48,0,0,0,0.0004,0.0036,0.0569,0.0495,0.0090,0.2151,0.0064,6.5421,0.0308,0.2141,0.6627,0.0005,0.0002,0.2477,0.0034,0.0020,0.0000,0.0000,0.0021
960,16.4590,16.1833,17.7762,6.3709,,true,2,0.008333,0.1944,0.0167,1.00,0.94,6.9844,22,1,382,382,0,422,522,0,14,14,0,364032,0,1003,0,0,749539328,0.000000,0.000000,0.000000,0.00,2,7,10,18,16,25,21,20,22,27,39,38,41,48,48,0,0,0,0.0006,0.0034,0.0397,0.0411,0.0073,0.1949,0.0090,6.3709,0.0243,0.1944,0.4062,0.0005,0.0004,0.2144,0.0012,0.0008,0.0000,0.0000,0.0011
961,16.4781,16.2000,17.0948,8.6551,,true,2,0.008333,0.2448,0.0167,1.00,0.97,7.4125,22,1,382,382,0,421,521,0,14,14,0,364032,0,1003,0,0,749539328,0.000000,0.000000,0.000000,0.00,2,7,10,18,16,25,21,20,22,27,39,38,41,48,48,0,0,0,0.0001,0.0020,0.0396,0.0557,0.0068,0.2454,0.0051,8.6551,0.0127,0.2448,0.4372,0.0006,0.0006,0.1677,0.0015,0.0012,0.0000,0.0000,0.0010
962,16.5007,16.2250,22.6720,7.9056,,true,3,0.008333,0.2634,0.0250,1.00,1.00,5.0845,22,1,382,382,0,422,522,0,14,14,0,364032,0,1003,0,0,749699072,0.000000,0.000000,0.000000,0.00,2,7,10,18,16,25,21,20,22,27,39,38,41,48,48,0,0,0,0.0002,0.0031,0.0459,0.0513,0.0091,0.2652,0.0071,7.9056,0.0349,0.2634,0.5076,0.0006,0.0005,0.2324,0.0015,0.0008,0.0000,0.0000,0.0011
963,16.5158,16.2417,16.4430,7.0117,,true,2,0.008333,0.2685,0.0167,1.00,1.00,4.8608,22,1,382,382,0,422,522,0,14,14,0,364032,0,1003,0,0,749699072,0.000000,0.000000,0.000000,0.00,2,7,10,18,16,25,21,20,22,27,39,38,41,48,48,0,0,0,0.0011,0.0024,0.0481,0.0535,0.0096,0.2699,0.0058,7.0117,0.0208,0.2685,0.5323,0.0007,0.0005,0.2121,0.0024,0.0020,0.0000,0.0000,0.0018
964,16.5329,16.2583,19.0972,5.0708,,true,2,0.008333,0.3279,0.0167,1.00,0.87,7.2913,22,1,382,382,0,421,521,0,14,14,0,364032,0,1003,0,0,749699072,0.000000,0.000000,0.000000,0.00,2,7,10,18,16,25,21,20,22,27,39,38,41,48,48,0,0,0,0.0004,0.0014,0.0464,0.0455,0.0085,0.3282,0.0067,5.0708,0.0153,0.3279,0.4997,0.0005,0.0004,0.2372,0.0020,0.0019,0.0000,0.0000,0.0014
965,16.5512,16.2750,16.7797,6.4624,,true,2,0.008333,0.2261,0.0167,1.00,0.99,7.4044,22,1,382,382,0,421,521,0,14,14,0,364032,0,1003,0,0,749703168,0.000000,0.000000,0.000000,0.00,2,7,10,18,16,25,21,20,22,27,39,38,41,48,48,0,0,0,0.0007,0.0020,0.0550,0.0490,0.0078,0.2267,0.0075,6.4624,0.0245,0.2261,0.6375,0.0009,0.0003,0.2795,0.0023,0.0012,0.0000,0.0000,0.0010
966,16.5695,16.3000,18.0982,6.7924,,true,3,0.008333,0.2307,0.0250,1.00,1.00,0.5026,22,1,382,382,0,422,522,0,14,14,0,364032,0,1003,0,0,749703168,0.000000,0.000000,0.000000,0.00,2,7,10,18,16,25,21,20,22,27,39,38,41,48,48,0,0,0,0.0007,0.0021,0.0517,0.0520,0.0078,0.2320,0.0067,6.7924,0.0371,0.2307,0.4755,0.0004,0.0003,0.1970,0.0013,0.0014,0.0000,0.0000,0.0013
967,16.5850,16.3167,17.3251,5.1016,,true,2,0.008333,0.2283,0.0167,1.00,0.96,1.1611,22,1,382,382,0,423,523,0,14,14,0,364032,0,1003,0,0,749703168,0.000000,0.000000,0.000000,0.00,2,7,10,18,16,25,21,20,22,27,39,38,41,48,48,0,0,0,0.0004,0.0034,0.0420,0.0396,0.0064,0.2288,0.0057,5.1016,0.0183,0.2283,0.5225,0.0005,0.0003,0.2316,0.0013,0.0013,0.0000,0.0000,0.0006
968,16.6032,16.3333,16.7691,6.3591,,true,2,0.008333,0.3341,0.0167,1.00,0.99,1.2635,22,1,382,382,0,424,524,0,14,14,0,364032,0,1003,0,0,749703168,0.000000,0.000000,0.000000,0.00,2,7,10,18,16,25,21,20,22,27,39,38,41,48,48,0,0,0,0.0007,0.0027,0.0534,0.0649,0.0127,0.3343,0.0062,6.3591,0.0219,0.3341,0.6425,0.0013,0.0013,0.2851,0.0016,0.0026,0.0000,0.0000,0.0016
969,16.6223,16.3500,19.4724,5.7290,,true,2,0.008333,0.2432,0.0167,1.00,0.86,4.0693,22,1,382,382,0,423,523,0,14,14,0,364032,0,1003,0,0,749703168,0.000000,0.000000,0.000000,0.00,2,7,10,18,16,25,21,20,22,27,39,38,41,48,48,0,0,0,0.0003,0.0032,0.0488,0.0428,0.0089,0.2441,0.0076,5.7290,0.0200,0.2432,0.4763,0.0007,0.0004,0.2146,0.0008,0.0011,0.0000,0.0000,0.0011
970,16.6373,16.3667,16.0072,5.1413,,true,2,0.008333,0.2341,0.0167,1.00,1.00,3.4098,22,1,382,382,0,423,523,0,14,14,0,364032,0,1003,0,0,749703168,0.000000,0.000000,0.000000,0.00,2,7,10,18,16,25,21,20,22,27,39,38,41,48,48,0,0,0,0.0010,0.0015,0.0664,0.0516,0.0081,0.2352,0.0081,5.1413,0.0282,0.2341,0.5761,0.0010,0.0009,0.2399,0.0016,0.0019,0.0000,0.0000,0.0019
971,16.6558,16.3833,17.9361,5.7954,,true,2,0.008333,0.2121,0.0167,1.00,0.93,4.6793,22,1,382,382,0,423,523,0,14,14,0,366336,0,1003,0,0,749703168,0.000000,0.000000,0.000000,0.00,2,7,10,18,16,25,21,20,22,27,39,38,41,48,48,0,0,0,0.0004,0.0033,0.0519,0.0357,0.0057,0.2128,0.0059,5.7954,0.0229,0.2121,0.5399,0.0006,0.0006,0.2397,0.0015,0.0009,0.0000,0.0000,0.0008
972,16.6739,16.4000,18.2896,5.4117,,true,2,0.008333,0.3181,0.0167,1.00,0.91,6.3022,22,1,382,382,0,422,522,0,14,14,0,366336,0,1003,0,0,749703168,0.000000,0.000000,0.000000,0.00,2,7,10,18,16,25,21,20,22,27,39,38,41,48,48,0,0,0,0.0003,0.0015,0.0708,0.0366,0.0055,0.3185,0.0048,5.4117,0.0217,0.3181,0.5708,0.0007,0.0005,0.2603,0.0020,0.0010,0.0000,0.0000,0.0009
973,16.6905,16.4167,16.3188,5.5850,,true,2,0.008333,0.2246,0.0167,1.00,1.00,5.9544,22,1,382,382,0,422,522,0,14,14,0,366336,0,1003,0,0,749703168,0.000000,0.000000,0.000000,0.00,2,7,10,18,16,25,21,20,22,27,39,38,41,48,48,0,0,0,0.0007,0.0025,0.0781,0.0426,0.0083,0.2256,0.0059,5.5850,0.0107,0.2246,0.6354,0.0005,0.0005,0.2505,0.0017,0.0011,0.0000,0.0000,0.0012
974,16.7054,16.4333,15.4439,5.3276,,true,2,0.008333,0.2633,0.0167,1.00,1.00,4.7316,22,1,382,382,0,422,522,0,14,14,0,366336,0,1003,0,0,749703168,0.000000,0.000000,0.000000,0.00,2,7,10,18,16,25,21,20,22,27,39,38,41,48,48,0,0,0,0.0007,0.0029,0.0428,0.0446,0.0079,0.2646,0.0061,5.3276,0.0199,0.2633,0.4403,0.0003,0.0005,0.1699,0.0013,0.0010,0.0000,0.0000,0.0008
975,16.7245,16.4500,18.0812,5.4689,,true,2,0.008333,0.2000,0.0167,1.00,0.92,6.1461,22,1,382,382,0,422,522,0,14,14,0,366336,0,1003,0,0,749707264,0.000000,0.000000,0.000000,0.00,2,7,10,18,16,25,21,20,22,27,39,38,41,48,48,0,0,0,0.0005,0.0021,0.0381,0.0423,0.0088,0.2015,0.0050,5.4689,0.0181,0.2000,0.4114,0.0004,0.0004,0.1547,0.0020,0.0007,0.0000,0.0000,0.0014
976,16.7413,16.4667,16.9497,5.1375,,true,2,0.008333,0.2265,0.0167,1.00,0.98,6.4292,22,1,382,382,0,422,522,0,14,14,0,364032,0,1003,0,0,749707264,0.000000,0.000000,0.000000,0.00,2,7,10,18,16,25,21,20,22,27,39,38,41,48,48,0,0,0,0.0007,0.0025,0.0395,0.0410,0.0049,0.2272,0.0053,5.1375,0.0209,0.2265,0.4727,0.0005,0.0006,0.1861,0.0013,0.0012,0.0000,0.0000,0.0010
977,16.7556,16.4833,15.4815,5.0474,,true,2,0.008333,0.2365,0.0167,1.00,1.00,5.2440,22,1,382,382,0,422,522,0,14,14,0,364032,0,1003,0,0,749707264,0.000000,0.000000,0.000000,0.00,2,7,10,18,16,25,21,20,22,27,39,38,41,48,48,0,0,0,0.0002,0.0019,0.0458,0.0358,0.0065,0.2376,0.0048,5.0474,0.0181,0.2365,0.4701,0.0005,0.0004,0.1825,0.0013,0.0012,0.0000,0.0000,0.0014
978,16.7723,16.5000,15.8596,5.6080,,true,2,0.008333,0.3288,0.0167,1.00,1.00,4.4370,22,1,382,382,0,422,522,0,14,14,0,364032,0,1003,0,0,749707264,0.000000,0.000000,0.000000,0.00,2,7,10,18,16,25,21,20,22,27,39,38,41,48,48,0,0,0,0.0003,0.0021,0.0436,0.0500,0.0080,0.3295,0.0061,5.6080,0.0208,0.3288,0.4476,0.0004,0.0007,0.1958,0.0012,0.0009,0.0000,0.0000,0.0010
979,16.7913,16.5167,17.4710,6.5695,,true,2,0.008333,0.2321,0.0167,1.00,0.95,5.2413,22,1,382,382,0,422,522,0,14,14,0,364032,0,1003,0,0,749707264,0.000000,0.000000,0.000000,0.00,2,7,10,18,16,25,21,20,22,27,39,38,41,48,48,0,0,0,0.0003,0.0021,0.0802,0.0786,0.0102,0.2326,0.0061,6.5695,0.0217,0.2321,0.6444,0.0008,0.0008,0.2612,0.0020,0.0018,0.0000,0.0000,0.0014
980,16.8056,16.5333,16.5674,5.2241,,true,2,0.008333,0.2515,0.0167,1.00,1.00,5.1420,22,1,382,382,0,422,522,0,14,14,0,364032,0,1003,0,0,749707264,0.000000,0.000000,0.000000,0.00,2,7,10,18,16,25,21,20,22,27,39,38,41,48,48,0,0,0,0.0009,0.0019,0.0399,0.0442,0.0089,0.2524,0.0072,5.2241,0.0187,0.2515,0.4738,0.0008,0.0005,0.1957,0.0015,0.0008,0.0000,0.0000,0.0008
981,16.8250,16.5500,18.2602,5.9887,,true,2,0.008333,0.2104,0.0167,1.00,0.91,6.7356,22,1,382,382,0,422,522,0,14,14,0,364032,0,1003,0,0,749707264,0.000000,0.000000,0.000000,0.00,2,7,10,18,16,25,21,20,22,27,39,38,41,48,48,0,0,0,0.0002,0.0032,0.0505,0.0829,0.0064,0.2113,0.0076,5.9887,0.0198,0.2104,0.4323,0.0006,0.0003,0.1649,0.0013,0.0010,0.0000,0.0000,0.0006
982,16.8480,16.5667,16.5677,12.3976,,true,2,0.008333,0.2275,0.0167,1.00,1.00,6.6366,22,1,382,382,8,421,521,0,14,14,0,364032,0,1011,31,40,749707264,0.000000,0.000000,0.000000,0.00,2,7,10,18,16,25,21,20,22,27,39,38,41,48,48,0,0,0,0.0003,0.0026,0.0752,0.0419,0.0053,0.2286,0.0065,12.3976,0.0499,0.2275,5.6362,0.0004,0.2020,0.2711,0.0039,0.0017,0.0000,0.0000,4.6075
983,16.8587,16.5833,17.0100,6.2041,,true,2,0.008333,0.2448,0.0167,1.00,0.98,6.9799,22,1,382,382,8,419,519,0,14,14,7,364032,0,1018,24,40,749707264,0.000000,0.000000,0.000000,0.00,2,7,10,18,16,25,21,20,22,27,39,38,41,48,48,0,0,0,0.0007,0.0025,0.0442,0.0606,0.0087,0.2460,0.0071,6.2041,0.0167,0.2448,1.0846,0.0313,0.2496,0.2506,0.0017,0.0169,0.0000,36.1001,0.0008
984,16.8742,16.6000,15.5891,5.9229,,true,2,0.008333,0.2087,0.0167,1.00,1.00,5.9024,22,1,382,382,8,423,523,0,14,14,8,366336,0,1026,16,40,749711360,0.000000,0.000000,0.000000,0.00,2,7,10,18,16,25,21,20,22,27,39,38,41,48,48,0,0,0,0.0003,0.0018,0.0490,0.0460,0.0089,0.2095,0.0056,5.9229,0.0234,0.2087,0.6778,0.0272,0.1133,0.1869,0.0011,0.0107,0.0000,39.2897,0.0016
985,16.8953,16.6167,18.2770,8.1837,,true,2,0.008333,0.2460,0.0167,1.00,0.91,7.5127,22,1,382,382,8,421,521,0,14,14,8,366336,0,1034,8,40,749711360,0.000000,0.000000,0.000000,0.00,2,7,10,18,16,25,21,20,22,27,39,38,41,48,48,0,0,0,0.0007,0.0027,0.0691,0.0624,0.0126,0.2466,0.0083,8.1837,0.0248,0.2460,0.8415,0.0461,0.0004,0.2966,0.0020,0.0314,0.0000,38.3341,0.0024
986,16.9104,16.6417,18.3594,5.3960,,true,3,0.008333,0.3313,0.0250,1.00,1.00,0.8721,22,1,382,382,0,430,530,0,14,14,8,366336,0,1034,0,0,749711360,0.000000,0.000000,0.000000,0.00,2,7,10,18,16,25,21,20,22,27,39,38,41,48,48,0,0,0,0.0001,0.0021,0.0421,0.0382,0.0082,0.3322,0.0045,5.3960,0.0183,0.3313,0.5280,0.0220,0.0003,0.1855,0.0012,0.0160,0.0000,40.1873,0.0012
987,16.9299,16.6583,17.2685,7.4634,,true,2,0.008333,0.2500,0.0167,1.00,0.97,1.4740,22,1,382,382,0,434,534,0,14,14,0,366336,0,1034,0,0,749711360,0.000000,0.000000,0.000000,0.00,2,7,10,18,16,25,21,20,21,29,46,41,48,38,40,0,0,0,0.0002,0.0020,0.0742,0.0461,0.0065,0.2506,0.0046,7.4634,0.0198,0.2500,0.6910,0.0004,0.0005,0.2434,0.0015,0.0009,0.0000,0.0000,0.0005
988,16.9447,16.6750,16.8946,5.8235,,true,2,0.008333,0.2155,0.0167,1.00,0.99,1.7019,22,1,382,382,0,436,536,0,14,14,0,366336,0,1034,0,0,749711360,0.000000,0.000000,0.000000,0.00,2,7,10,18,16,25,21,20,21,29,46,41,48,38,40,0,0,0,0.0019,0.0038,0.0420,0.0486,0.0084,0.2161,0.0101,5.8235,0.0176,0.2155,0.4007,0.0006,0.0007,0.1866,0.0014,0.0008,0.0000,0.0000,0.0007
989,16.9646,16.6917,19.0453,6.4082,,true,2,0.008333,0.2167,0.0167,1.00,0.88,4.0805,22,1,382,382,0,435,535,0,14,14,0,366336,0,1034,0,0,749711360,0.000000,0.000000,0.000000,0.00,2,7,10,18,16,25,21,20,21,29,46,41,48,38,40,0,0,0,0.0001,0.0016,0.0461,0.0633,0.0097,0.2171,0.0059,6.4082,0.0179,0.2167,0.4814,0.0008,0.0005,0.2156,0.0018,0.0017,0.0000,0.0000,0.0023
990,16.9798,16.7083,16.4290,5.6782,,true,2,0.008333,0.2159,0.0167,1.00,1.00,3.8429,22,1,382,382,0,434,534,0,14,14,0,366336,0,1034,0,0,749711360,0.000000,0.000000,0.000000,0.00,2,7,10,18,16,25,21,20,21,29,46,41,48,38,40,0,0,0,0.0002,0.0033,0.0578,0.0402,0.0070,0.2164,0.0086,5.6782,0.0206,0.2159,0.6347,0.0013,0.0006,0.2724,0.0017,0.0036,0.0000,0.0000,0.0018
991,16.9983,16.7250,18.3059,5.7799,,true,2,0.008333,0.1691,0.0167,1.00,0.91,5.4821,22,1,382,382,0,432,532,0,14,14,0,366336,0,1034,0,0,749711360,0.000000,0.000000,0.000000,0.00,2,7,10,18,16,25,21,20,21,29,46,41,48,38,40,0,0,0,0.0003,0.0019,0.0532,0.0419,0.0083,0.1695,0.0075,5.7799,0.0199,0.1691,0.4870,0.0004,0.0004,0.2349,0.0009,0.0014,0.0000,0.0000,0.0004
992,17.0172,16.7417,18.0962,6.4276,,true,2,0.008333,0.2711,0.0167,1.00,0.92,6.9116,22,1,382,382,0,429,529,0,14,14,0,364032,0,1034,0,0,749711360,0.000000,0.000000,0.000000,0.00,2,7,10,18,16,25,21,20,21,29,46,41,48,38,40,0,0,0,0.0002,0.0027,0.0608,0.0422,0.0099,0.2719,0.0053,6.4276,0.0207,0.2711,0.7489,0.0008,0.0010,0.3757,0.0030,0.0024,0.0000,0.0000,0.0018
993,17.0346,16.7667,18.0961,5.6156,,true,3,0.008333,0.4002,0.0250,1.00,1.00,0.0077,22,1,382,382,0,431,531,0,14,14,0,373248,0,1034,0,0,749715456,0.000000,0.000000,0.000000,0.00,2,7,10,18,16,25,21,20,21,29,46,41,48,38,40,0,0,0,0.0009,0.0016,0.0667,0.0547,0.0087,0.4014,0.0094,5.6156,0.0234,0.4002,0.5265,0.0005,0.0002,0.2179,0.0015,0.0014,0.0000,0.0000,0.0011
994,17.0512,16.7833,17.1255,5.3102,,true,2,0.008333,0.2455,0.0167,1.00,0.97,0.4665,22,1,382,382,0,432,532,0,14,14,0,373248,0,1034,0,0,749715456,0.000000,0.000000,0.000000,0.00,2,7,10,18,16,25,21,20,21,29,46,41,48,38,40,0,0,0,0.0002,0.0021,0.0440,0.0426,0.0076,0.2460,0.0043,5.3102,0.0167,0.2455,0.5054,0.0004,0.0004,0.2431,0.0017,0.0011,0.0000,0.0000,0.0014
995,17.0671,16.7917,16.0931,5.1728,,true,1,0.008333,0.1995,0.0083,1.00,0.52,8.2262,22,1,382,382,0,429,529,0,14,14,0,373248,0,1034,0,0,749715456,0.000000,0.000000,0.000000,0.00,2,7,10,18,16,25,21,20,21,29,46,41,48,38,40,0,0,0,0.0002,0.0027,0.0548,0.0461,0.0069,0.2004,0.0055,5.1728,0.0148,0.1995,0.4955,0.0008,0.0004,0.2169,0.0015,0.0010,0.0000,0.0000,0.0011
996,17.0831,16.8083,15.5621,5.7287,,true,2,0.008333,0.2451,0.0167,1.00,1.00,7.1217,22,1,382,382,0,427,527,0,14,14,0,373248,0,1034,0,0,749715456,0.000000,0.000000,0.000000,0.00,2,7,10,18,16,25,21,20,21,29,46,41,48,38,40,0,0,0,0.0011,0.0028,0.0481,0.0536,0.0095,0.2465,0.0108,5.7287,0.0161,0.2451,0.5925,0.0009,0.0004,0.2603,0.0018,0.0012,0.0000,0.0000,0.0013
997,17.1010,16.8250,17.3042,6.0756,,true,2,0.008333,0.2587,0.0167,1.00,0.96,7.7593,22,1,382,382,0,426,526,0,14,14,0,373248,0,1034,0,0,749715456,0.000000,0.000000,0.000000,0.00,2,7,10,18,16,25,21,20,21,29,46,41,48,38,40,0,0,0,0.0001,0.0025,0.0513,0.0437,0.0053,0.2599,0.0036,6.0756,0.0188,0.2587,0.4290,0.0007,0.0005,0.2199,0.0026,0.0008,0.0000,0.0000,0.0008
998,17.1158,16.8417,15.5104,5.4910,,true,2,0.008333,0.3015,0.0167,1.00,1.00,6.6030,22,1,382,382,0,425,525,0,14,14,0,373248,0,1034,0,0,749715456,0.000000,0.000000,0.000000,0.00,2,7,10,18,16,25,21,20,21,29,46,41,48,38,40,0,0,0,0.0003,0.0021,0.0722,0.0509,0.0080,0.3022,0.0076,5.4910,0.0252,0.3015,0.6277,0.0008,0.0004,0.2976,0.0019,0.0011,0.0000,0.0000,0.0012
999,17.1372,16.8667,18.9720,7.7857,,true,3,0.008333,0.3350,0.0250,1.00,1.00,0.5750,22,1,382,382,0,427,527,0,14,14,0,375552,0,1034,0,0,749715456,0.000000,0.000000,0.000000,0.00,2,7,10,18,16,25,21,20,21,29,46,41,48,38,40,0,0,0,0.0008,0.0025,0.0592,0.0474,0.0078,0.3367,0.0061,7.7857,0.0193,0.3350,0.6227,0.0005,0.0007,0.2832,0.0016,0.0020,0.0000,0.0000,0.0011
1000,17.1503,16.8750,15.7045,5.4083,,true,1,0.008333,0.1810,0.0083,1.00,0.53,7.9461,22,1,382,382,0,425,525,0,14,14,0,375552,0,1034,0,0,749715456,0.000000,0.000000,0.000000,0.00,2,7,10,18,16,25,21,20,21,29,46,41,48,38,40,0,0,0,0.0003,0.0014,0.0485,0.0501,0.0079,0.1819,0.0068,5.4083,0.0184,0.1810,0.5802,0.0004,0.0003,0.2882,0.0012,0.0014,0.0000,0.0000,0.0011
1001,17.1678,16.9000,17.5493,5.3169,,true,3,0.008333,0.4844,0.0250,1.00,1.00,0.4954,22,1,382,382,0,427,527,0,14,14,0,375552,0,1034,0,0,749715456,0.000000,0.000000,0.000000,0.00,2,7,10,18,16,25,21,20,21,29,46,41,48,38,40,0,0,0,0.0003,0.0018,0.0443,0.0408,0.0076,0.4847,0.0068,5.3169,0.0229,0.4844,0.5206,0.0006,0.0008,0.2573,0.0014,0.0009,0.0000,0.0000,0.0011
1002,17.1944,16.9167,19.8015,11.5866,,true,2,0.008333,0.3327,0.0167,1.00,0.84,3.6302,22,1,382,382,0,427,527,0,14,14,0,375552,0,1034,0,0,749715456,0.000000,0.000000,0.000000,0.00,2,7,10,18,16,25,21,20,21,29,46,41,48,38,40,0,0,0,0.0001,0.0020,0.0426,0.0510,0.0061,0.3345,0.0069,11.5866,0.0217,0.3327,0.5552,0.0006,0.0005,0.2694,0.0016,0.0017,0.0000,0.0000,0.0014
1003,17.2092,16.9333,19.2875,7.1104,,true,2,0.008333,0.3212,0.0167,1.00,0.86,6.2511,22,1,382,382,0,426,526,0,14,14,0,375552,0,1034,0,0,749719552,0.000000,0.000000,0.000000,0.00,2,7,10,18,16,25,21,20,21,29,46,41,48,38,40,0,0,0,0.0005,0.0030,0.0594,0.0579,0.0072,0.3223,0.0067,7.1104,0.0289,0.3212,0.6705,0.0006,0.0005,0.3733,0.0028,0.0010,0.0000,0.0000,0.0008
1004,17.2263,16.9500,18.3941,6.1134,,true,2,0.008333,0.2345,0.0167,1.00,0.91,7.9785,22,1,382,382,0,425,525,0,14,14,0,375552,0,1034,0,0,749719552,0.000000,0.000000,0.000000,0.00,2,7,10,18,16,25,21,20,21,29,46,41,48,38,40,0,0,0,0.0006,0.0015,0.0863,0.0736,0.0106,0.2353,0.0076,6.1134,0.0204,0.2345,0.5926,0.0008,0.0004,0.2648,0.0022,0.0012,0.0000,0.0000,0.0013
1005,17.2428,16.9750,17.7602,5.1904,,true,3,0.008333,0.3009,0.0250,1.00,1.00,0.7387,22,1,382,382,0,426,526,0,14,14,0,375552,0,1034,0,0,749719552,0.000000,0.000000,0.000000,0.00,2,7,10,18,16,25,21,20,21,29,46,41,48,38,40,0,0,0,0.0002,0.0018,0.0605,0.0487,0.0083,0.3020,0.0074,5.1904,0.0170,0.3009,0.4782,0.0005,0.0006,0.1923,0.0016,0.0013,0.0000,0.0000,0.0007
1006,17.2612,16.9917,17.8330,5.4725,,true,2,0.008333,0.2489,0.0167,1.00,0.93,1.9050,22,1,382,382,0,426,526,0,14,14,0,375552,0,1034,0,0,749719552,0.000000,0.000000,0.000000,0.00,2,7,10,18,16,25,21,20,21,29,46,41,48,38,40,0,0,0,0.0007,0.0020,0.0455,0.0516,0.0082,0.2498,0.0058,5.4725,0.0163,0.2489,0.4778,0.0005,0.0003,0.1943,0.0015,0.0010,0.0000,0.0000,0.0007
1007,17.2756,17.0000,14.5327,5.6776,,true,1,0.008333,0.3270,0.0083,1.00,0.57,8.1043,22,1,382,382,0,425,525,0,14,14,0,377856,0,1034,0,0,749719552,0.000000,0.000000,0.000000,0.00,2,7,10,18,16,25,21,20,21,29,46,41,48,38,40,0,0,0,0.0006,0.0024,0.0711,0.0553,0.0069,0.3286,0.0060,5.6776,0.0241,0.3270,0.6585,0.0005,0.0004,0.2645,0.0028,0.0009,0.0000,0.0000,0.0015
1008,17.2941,17.0250,17.8790,6.0104,,true,3,0.008333,0.2462,0.0250,1.00,1.00,0.9833,22,1,382,382,0,426,526,0,14,14,0,377856,0,1034,0,0,749719552,0.000000,0.000000,0.000000,0.00,2,7,10,18,16,25,21,20,21,29,46,41,48,38,40,0,0,0,0.0008,0.0017,0.0504,0.0427,0.0078,0.2471,0.0049,6.0104,0.0197,0.2462,0.4766,0.0003,0.0005,0.2191,0.0014,0.0007,0.0000,0.0000,0.0006
1009,17.3100,17.0417,16.3413,5.8167,,true,2,0.008333,0.2185,0.0167,1.00,1.00,0.6580,22,1,382,382,0,427,527,0,14,14,0,377856,0,1034,0,0,749719552,0.000000,0.000000,0.000000,0.00,2,7,10,18,16,25,21,20,21,29,46,41,48,38,40,0,0,0,0.0002,0.0015,0.0637,0.0459,0.0087,0.2190,0.0056,5.8167,0.0189,0.2185,0.5203,0.0007,0.0004,0.2147,0.0017,0.0017,0.0000,0.0000,0.0013
1010,17.3285,17.0583,17.4738,6.2291,,true,2,0.008333,0.2834,0.0167,1.00,0.95,1.4651,22,1,382,382,0,427,527,0,14,14,0,377856,0,1034,0,0,749719552,0.000000,0.000000,0.000000,0.00,2,7,10,18,16,25,21,20,21,29,46,41,48,38,40,0,0,0,0.0005,0.0029,0.0540,0.0487,0.0070,0.2844,0.0064,6.2291,0.0213,0.2834,0.5246,0.0006,0.0006,0.2646,0.0012,0.0011,0.0000,0.0000,0.0013
1011,17.3445,17.0750,17.4220,5.2667,,true,2,0.008333,0.2246,0.0167,1.00,0.96,2.2205,22,1,382,382,0,427,527,0,14,14,0,377856,0,1034,0,0,749719552,0.000000,0.000000,0.000000,0.00,2,7,10,18,16,25,21,20,21,29,46,41,48,38,40,0,0,0,0.0005,0.0020,0.0418,0.0365,0.0085,0.2262,0.0034,5.2667,0.0174,0.2246,0.5086,0.0011,0.0005,0.1913,0.0011,0.0012,0.0000,0.0000,0.0008
1012,17.3630,17.0917,17.2643,5.7911,,true,2,0.008333,0.2466,0.0167,1.00,0.97,2.8181,22,1,382,382,0,427,527,0,14,14,0,377856,0,1034,0,0,749723648,0.000000,0.000000,0.000000,0.00,2,7,10,18,16,25,21,20,21,29,46,41,48,38,40,0,0,0,0.0006,0.0027,0.0620,0.0587,0.0075,0.2473,0.0061,5.7911,0.0216,0.2466,0.5676,0.0006,0.0005,0.2592,0.0018,0.0012,0.0000,0.0000,0.0008
1013,17.3792,17.1083,16.7108,5.9400,,true,2,0.008333,0.2011,0.0167,1.00,1.00,2.8622,22,1,382,382,0,427,527,0,14,14,0,377856,0,1034,0,0,749723648,0.000000,0.000000,0.000000,0.00,2,7,10,18,16,25,21,20,21,29,46,41,48,38,40,0,0,0,0.0006,0.0026,0.0546,0.0513,0.0080,0.2012,0.0074,5.9400,0.0188,0.2011,0.5992,0.0005,0.0004,0.2644,0.0016,0.0008,0.0000,0.0000,0.0008
1014,17.3946,17.1250,15.6591,5.6610,,true,2,0.008333,0.2157,0.0167,1.00,1.00,1.8546,22,1,382,382,0,427,527,0,14,14,0,380160,0,1034,0,0,749723648,0.000000,0.000000,0.000000,0.00,2,7,10,18,16,25,21,20,21,29,46,41,48,38,40,0,0,0,0.0004,0.0016,0.0447,0.0412,0.0073,0.2164,0.0051,5.6610,0.0165,0.2157,0.4934,0.0005,0.0005,0.2159,0.0016,0.0009,0.0000,0.0000,0.0009
1015,17.4116,17.1417,17.0196,5.7690,,true,2,0.008333,0.3927,0.0167,1.00,0.98,2.2075,22,1,382,382,0,427,527,0,14,14,0,380160,0,1034,0,0,749723648,0.000000,0.000000,0.000000,0.00,2,7,10,18,16,25,21,20,21,29,46,41,48,38,40,0,0,0,0.0006,0.0023,0.0483,0.0651,0.0081,0.3935,0.0062,5.7690,0.0200,0.3927,0.5486,0.0004,0.0006,0.2107,0.0025,0.0017,0.0000,0.0000,0.0007
1016,17.4302,17.1583,17.5944,6.5159,,true,2,0.008333,0.1983,0.0167,1.00,0.95,3.1353,22,1,382,382,0,426,526,0,14,14,0,380160,0,1034,0,0,749780992,0.000000,0.000000,0.000000,0.00,2,7,10,18,16,25,21,20,21,29,46,41,48,38,40,0,0,0,0.0014,0.0040,0.0591,0.0553,0.0088,0.1988,0.0066,6.5159,0.0195,0.1983,0.5581,0.0004,0.0004,0.2269,0.0012,0.0015,0.0000,0.0000,0.0008
1017,17.4452,17.1750,16.5569,5.2554,,true,2,0.008333,0.2390,0.0167,1.00,1.00,3.0255,22,1,382,382,0,426,526,0,14,14,0,380160,0,1034,0,0,749797376,0.000000,0.000000,0.000000,0.00,2,7,10,18,16,25,21,20,21,29,46,41,48,38,40,0,0,0,0.0002,0.0027,0.0464,0.0458,0.0084,0.2399,0.0054,5.2554,0.0181,0.2390,0.5282,0.0005,0.0005,0.2061,0.0015,0.0014,0.0000,0.0000,0.0009
1018,17.4600,17.1917,14.9065,5.3697,,true,2,0.008333,0.2060,0.0167,1.00,1.00,1.2654,22,1,382,382,0,426,526,0,14,14,0,380160,0,1034,0,0,751099904,0.000000,0.000000,0.000000,0.00,2,7,10,18,16,25,21,20,21,29,46,41,48,38,40,0,0,0,0.0002,0.0025,0.0576,0.0698,0.0099,0.2063,0.0107,5.3697,0.0250,0.2060,0.5610,0.0006,0.0005,0.2395,0.0018,0.0012,0.0000,0.0000,0.0010
1019,17.4787,17.2083,17.8104,5.8044,,true,2,0.008333,0.1904,0.0167,1.00,0.94,2.4091,22,1,382,382,0,426,526,0,14,14,0,380160,0,1034,0,0,751099904,0.000000,0.000000,0.000000,0.00,2,7,10,18,16,25,21,20,21,29,46,41,48,38,40,0,0,0,0.0005,0.0021,0.0429,0.0370,0.0088,0.1909,0.0061,5.8044,0.0135,0.1904,0.6633,0.0005,0.0005,0.2577,0.0012,0.0007,0.0000,0.0000,0.0005
1020,17.4951,17.2250,17.1811,4.9998,,true,2,0.008333,0.2180,0.0167,1.00,0.97,2.9235,22,1,382,382,0,426,526,0,14,14,0,380160,0,1034,0,0,751099904,0.000000,0.000000,0.000000,0.00,2,7,10,18,16,25,21,20,21,29,46,41,48,38,40,0,0,0,0.0009,0.0035,0.0549,0.0382,0.0073,0.2190,0.0067,4.9998,0.0205,0.2180,0.5885,0.0009,0.0004,0.2355,0.0015,0.0010,0.0000,0.0000,0.0009
1021,17.5097,17.2417,15.0521,5.0415,,true,2,0.008333,0.2029,0.0167,1.00,1.00,1.3089,22,1,382,382,0,426,526,0,14,14,0,377856,0,1034,0,0,751104000,0.000000,0.000000,0.000000,0.00,2,7,10,18,16,25,21,20,21,29,46,41,48,38,40,0,0,0,0.0004,0.0016,0.0636,0.0438,0.0090,0.2035,0.0061,5.0415,0.0184,0.2029,0.4947,0.0004,0.0004,0.2093,0.0017,0.0009,0.0000,0.0000,0.0012
1022,17.5269,17.2583,16.1218,5.6672,,true,2,0.008333,0.4735,0.0167,1.00,1.00,0.7641,22,1,382,382,0,427,527,0,14,14,0,377856,0,1034,0,0,751104000,0.000000,0.000000,0.000000,0.00,2,7,10,18,16,25,21,20,21,29,46,41,48,38,40,0,0,0,0.0010,0.0015,0.0785,0.0576,0.0071,0.4745,0.0071,5.6672,0.0243,0.4735,0.6241,0.0007,0.0006,0.2861,0.0017,0.0013,0.0000,0.0000,0.0014
1023,17.5461,17.2750,17.9058,7.0208,,true,2,0.008333,0.2674,0.0167,1.00,0.93,2.0032,22,1,382,382,0,426,526,0,14,14,0,377856,0,1034,0,0,751104000,0.000000,0.000000,0.000000,0.00,2,7,10,18,16,25,21,20,21,29,46,41,48,38,40,0,0,0,0.0008,0.0046,0.0580,0.0523,0.0073,0.2689,0.0075,7.0208,0.0180,0.2674,0.6402,0.0011,0.0009,0.2900,0.0019,0.0014,0.0000,0.0000,0.0017
1024,17.5703,17.2917,19.2279,11.5049,,true,2,0.008333,0.2287,0.0167,1.00,0.87,4.5644,22,1,382,382,8,426,526,0,14,14,0,377856,0,1042,32,40,751104000,0.000000,0.000000,0.000000,0.00,2,7,10,18,16,25,21,20,21,29,46,41,48,38,40,0,0,0,0.0003,0.0019,0.0775,0.0576,0.0085,0.2299,0.0069,11.5049,0.0261,0.2287,5.6778,0.0009,0.1780,0.3211,0.0047,0.0013,0.0000,0.0000,4.6433
1025,17.5796,17.3083,15.0232,6.4147,,true,2,0.008333,0.2398,0.0167,1.00,1.00,2.9210,22,1,382,382,8,437,537,0,14,14,7,377856,0,1049,25,40,751104000,0.000000,0.000000,0.000000,0.00,2,7,10,18,16,25,21,20,21,29,46,41,48,38,40,0,0,0,0.0002,0.0023,0.0417,0.0737,0.0089,0.2408,0.0058,6.4147,0.0173,0.2398,1.2447,0.0306,0.2411,0.1543,0.0017,0.0132,0.0000,30.8815,0.0018
1026,17.5954,17.3250,15.7376,6.4909,,true,2,0.008333,0.1979,0.0167,1.00,1.00,1.9919,22,1,382,382,8,443,543,0,14,14,8,375552,0,1057,17,40,751104000,0.000000,0.000000,0.000000,0.00,2,7,10,18,16,25,21,20,21,29,46,41,48,38,40,0,0,0,0.0002,0.0023,0.0572,0.0475,0.0070,0.1984,0.0073,6.4909,0.0185,0.1979,1.0010,0.0401,0.2197,0.2168,0.0020,0.0150,0.0000,37.4969,0.0011
1027,17.6122,17.3417,17.5294,5.4385,,true,2,0.008333,0.2171,0.0167,1.00,0.95,2.8546,22,1,382,382,8,442,542,0,14,14,8,375552,0,1065,9,40,751108096,0.000000,0.000000,0.000000,0.00,2,7,10,18,16,25,21,20,21,29,46,41,48,38,40,0,0,0,0.0005,0.0021,0.0482,0.0368,0.0087,0.2177,0.0052,5.4385,0.0183,0.2171,0.5743,0.0215,0.0004,0.1716,0.0017,0.0161,0.0000,37.9279,0.0009
1028,17.6324,17.3583,19.3217,5.4082,,true,2,0.008333,0.2350,0.0167,1.00,0.86,5.5097,22,1,382,382,1,436,536,0,14,14,8,375552,0,1066,1,5,751108096,0.000000,0.000000,0.000000,0.00,2,7,10,18,16,25,21,20,21,29,46,41,48,38,40,0,0,0,0.0001,0.0025,0.0515,0.0400,0.0077,0.2361,0.0078,5.4082,0.0201,0.2350,0.6502,0.0296,0.0005,0.2128,0.0017,0.0191,0.0000,38.0381,0.0011
1029,17.6464,17.3750,15.3170,4.9245,,true,2,0.008333,0.2341,0.0167,1.00,1.00,4.1600,22,1,382,382,0,434,534,0,14,14,1,375552,0,1066,0,0,751108096,0.000000,0.000000,0.000000,0.00,2,7,10,18,16,25,21,20,21,29,46,41,48,38,40,0,0,0,0.0005,0.0031,0.0374,0.0651,0.0097,0.2344,0.0063,4.9245,0.0155,0.2341,0.4006,0.0060,0.0005,0.1348,0.0014,0.0054,0.0000,5.7699,0.0013
1030,17.6640,17.3917,17.4266,4.8131,,true,2,0.008333,0.3349,0.0167,1.00,0.96,4.9200,22,1,382,382,0,431,531,0,14,14,0,375552,0,1066,0,0,751108096,0.000000,0.000000,0.000000,0.00,2,7,10,18,16,25,21,20,22,26,42,41,47,41,44,0,0,0,0.0003,0.0030,0.0345,0.0514,0.0075,0.3351,0.0068,4.8131,0.0163,0.3349,0.5024,0.0005,0.0003,0.1889,0.0022,0.0011,0.0000,0.0000,0.0010
1031,17.6819,17.4083,18.1631,5.0255,,true,2,0.008333,0.1733,0.0167,1.00,0.92,6.4164,22,1,382,382,0,428,528,0,14,14,0,375552,0,1066,0,0,751112192,0.000000,0.000000,0.000000,0.00,2,7,10,18,16,25,21,20,22,26,42,41,47,41,44,0,0,0,0.0002,0.0018,0.0303,0.0539,0.0070,0.1738,0.0043,5.0255,0.0172,0.1733,0.3642,0.0004,0.0004,0.1737,0.0010,0.0008,0.0000,0.0000,0.0006
1032,17.6996,17.4250,16.9857,5.6864,,true,2,0.008333,0.2434,0.0167,1.00,0.98,6.7354,22,1,382,382,0,426,526,0,14,14,0,375552,0,1066,0,0,751112192,0.000000,0.000000,0.000000,0.00,2,7,10,18,16,25,21,20,22,26,42,41,47,41,44,0,0,0,0.0006,0.0020,0.0533,0.0460,0.0083,0.2440,0.0063,5.6864,0.0241,0.2434,0.5685,0.0005,0.0005,0.2468,0.0018,0.0007,0.0000,0.0000,0.0005
1033,17.7139,17.4417,15.0373,4.9056,,true,2,0.008333,0.2401,0.0167,1.00,1.00,5.1061,22,1,382,382,0,425,525,0,14,14,0,375552,0,1066,0,0,751112192,0.000000,0.000000,0.000000,0.00,2,7,10,18,16,25,21,20,22,26,42,41,47,41,44,0,0,0,0.0003,0.0024,0.0410,0.0509,0.0080,0.2405,0.0053,4.9056,0.0145,0.2401,0.3869,0.0003,0.0003,0.1420,0.0013,0.0007,0.0000,0.0000,0.0008
1034,17.7331,17.4583,18.8040,5.3291,,true,2,0.008333,0.2408,0.0167,1.00,0.89,7.2434,22,1,382,382,0,423,523,0,14,14,0,375552,0,1066,0,0,751112192,0.000000,0.000000,0.000000,0.00,2,7,10,18,16,25,21,20,22,26,42,41,47,41,44,0,0,0,0.0006,0.0022,0.0445,0.0463,0.0064,0.2414,0.0073,5.3291,0.0189,0.2408,0.5213,0.0004,0.0002,0.2428,0.0013,0.0010,0.0000,0.0000,0.0014
1035,17.7463,17.4750,13.9174,4.9600,,true,2,0.008333,0.2609,0.0167,1.00,1.00,4.4941,22,1,382,382,0,424,524,0,14,14,0,375552,0,1066,0,0,751112192,0.000000,0.000000,0.000000,0.00,2,7,10,18,16,25,21,20,22,26,42,41,47,41,44,0,0,0,0.0007,0.0018,0.0520,0.0519,0.0076,0.2612,0.0068,4.9600,0.0211,0.2609,0.5488,0.0005,0.0005,0.2144,0.0014,0.0012,0.0000,0.0000,0.0008
1036,17.7632,17.4917,16.6013,5.1192,,true,2,0.008333,0.2331,0.0167,1.00,1.00,4.4288,22,1,382,382,0,424,524,0,14,14,0,366336,0,1066,0,0,751112192,0.000000,0.000000,0.000000,0.00,2,7,10,18,16,25,21,20,22,26,42,41,47,41,44,0,0,0,0.0005,0.0019,0.0536,0.0450,0.0061,0.2339,0.0062,5.1192,0.0214,0.2331,0.5304,0.0007,0.0003,0.2082,0.0014,0.0006,0.0000,0.0000,0.0009
1037,17.7785,17.5083,15.4314,5.1121,,true,2,0.008333,0.3391,0.0167,1.00,1.00,3.1935,22,1,382,382,0,425,525,0,14,14,0,366336,0,1066,0,0,751112192,0.000000,0.000000,0.000000,0.00,2,7,10,18,16,25,21,20,22,26,42,41,47,41,44,0,0,0,0.0007,0.0020,0.0456,0.1114,0.0281,0.3403,0.0056,5.1121,0.0169,0.3391,0.4512,0.0005,0.0007,0.1909,0.0019,0.0016,0.0000,0.0000,0.0010
1038,17.7949,17.5250,15.8150,5.7086,,true,2,0.008333,0.1977,0.0167,1.00,1.00,2.3418,22,1,382,382,0,426,526,0,14,14,0,366336,0,1066,0,0,751112192,0.000000,0.000000,0.000000,0.00,2,7,10,18,16,25,21,20,22,26,42,41,47,41,44,0,0,0,0.0008,0.0018,0.0557,0.0407,0.0078,0.1990,0.0049,5.7086,0.0220,0.1977,0.5676,0.0006,0.0004,0.2317,0.0019,0.0005,0.0000,0.0000,0.0013
1039,17.8101,17.5417,15.7948,5.2105,,true,2,0.008333,0.2270,0.0167,1.00,1.00,1.4699,22,1,382,382,0,427,527,0,14,14,0,366336,0,1066,0,0,751112192,0.000000,0.000000,0.000000,0.00,2,7,10,18,16,25,21,20,22,26,42,41,47,41,44,0,0,0,0.0004,0.0022,0.0554,0.0443,0.0070,0.2282,0.0058,5.2105,0.0220,0.2270,0.5052,0.0006,0.0004,0.2070,0.0017,0.0014,0.0000,0.0000,0.0008
1040,17.8279,17.5583,16.8532,5.9576,,true,2,0.008333,0.2547,0.0167,1.00,0.99,1.6564,22,1,382,382,0,428,528,0,14,14,0,366336,0,1066,0,0,751116288,0.000000,0.000000,0.000000,0.00,2,7,10,18,16,25,21,20,22,26,42,41,47,41,44,0,0,0,0.0006,0.0021,0.0562,0.0520,0.0072,0.2559,0.0074,5.9576,0.0298,0.2547,0.5810,0.0004,0.0007,0.2398,0.0020,0.0009,0.0000,0.0000,0.0009
1041,17.8436,17.5750,16.3131,5.0945,,true,2,0.008333,0.2337,0.0167,1.00,1.00,1.3028,22,1,382,382,0,428,528,0,14,14,0,366336,0,1066,0,0,751116288,0.000000,0.000000,0.000000,0.00,2,7,10,18,16,25,21,20,22,26,42,41,47,41,44,0,0,0,0.0007,0.0023,0.0546,0.0406,0.0057,0.2343,0.0059,5.0945,0.0206,0.2337,0.4782,0.0007,0.0005,0.1851,0.0018,0.0010,0.0000,0.0000,0.0009
1042,17.8609,17.5917,16.4085,6.4042,,true,2,0.008333,0.2569,0.0167,1.00,1.00,1.0447,22,1,382,382,0,429,529,0,14,14,0,366336,0,1066,0,0,751116288,0.000000,0.000000,0.000000,0.00,2,7,10,18,16,25,21,20,22,26,42,41,47,41,44,0,0,0,0.0006,0.0018,0.0404,0.0538,0.0073,0.2579,0.0075,6.4042,0.0137,0.2569,0.3578,0.0006,0.0007,0.1556,0.0012,0.0015,0.0000,0.0000,0.0011
1043,17.8809,17.6083,20.2974,5.5869,,true,2,0.008333,0.2032,0.0167,1.00,0.82,4.6754,22,1,382,382,0,428,528,0,14,14,0,366336,0,1066,0,0,751116288,0.000000,0.000000,0.000000,0.00,2,7,10,18,16,25,21,20,22,26,42,41,47,41,44,0,0,0,0.0005,0.0019,0.0437,0.0562,0.0068,0.2038,0.0054,5.5869,0.0198,0.2032,0.4619,0.0009,0.0004,0.1929,0.0020,0.0010,0.0000,0.0000,0.0013
1044,17.8957,17.6250,15.5777,4.8518,,true,2,0.008333,0.1832,0.0167,1.00,1.00,3.5865,22,1,382,382,0,428,528,0,14,14,0,366336,0,1066,0,0,751116288,0.000000,0.000000,0.000000,0.00,2,7,10,18,16,25,21,20,22,26,42,41,47,41,44,0,0,0,0.0002,0.0017,0.0495,0.0339,0.0054,0.1837,0.0036,4.8518,0.0144,0.1832,0.4358,0.0003,0.0003,0.1818,0.0012,0.0008,0.0000,0.0000,0.0007
1045,17.9143,17.6417,16.3193,7.2512,,true,2,0.008333,0.4529,0.0167,1.00,1.00,3.2391,22,1,382,382,0,427,527,0,14,14,0,366336,0,1066,0,0,751116288,0.000000,0.000000,0.000000,0.00,2,7,10,18,16,25,21,20,22,26,42,41,47,41,44,0,0,0,0.0006,0.0028,0.0876,0.0578,0.0086,0.4542,0.0073,7.2512,0.0299,0.4529,0.5867,0.0011,0.0005,0.2640,0.0028,0.0021,0.0000,0.0000,0.0008
1046,17.9300,17.6583,16.3289,6.6644,,true,2,0.008333,0.2681,0.0167,1.00,1.00,2.9013,22,1,382,382,0,427,527,0,14,14,0,366336,0,1066,0,0,751116288,0.000000,0.000000,0.000000,0.00,2,7,10,18,16,25,21,20,22,26,42,41,47,41,44,0,0,0,0.0003,0.0032,0.0400,0.0483,0.0072,0.2876,0.0062,6.6644,0.0223,0.2681,0.4226,0.0006,0.0008,0.1895,0.0013,0.0012,0.0000,0.0000,0.0011
1047,17.9466,17.6750,17.7500,5.5693,,true,2,0.008333,0.1970,0.0167,1.00,0.94,3.9846,22,1,382,382,0,427,527,0,14,14,0,366336,0,1066,0,0,751116288,0.000000,0.000000,0.000000,0.00,2,7,10,18,16,25,21,20,22,26,42,41,47,41,44,0,0,0,0.0007,0.0031,0.0566,0.0535,0.0088,0.1972,0.0090,5.5693,0.0230,0.1970,0.5304,0.0007,0.0006,0.2278,0.0025,0.0013,0.0000,0.0000,0.0006
1048,17.9623,17.6917,16.0290,5.3531,,true,2,0.008333,0.1891,0.0167,1.00,1.00,3.3469,22,1,382,382,0,427,527,0,14,14,0,366336,0,1066,0,0,751116288,0.000000,0.000000,0.000000,0.00,2,7,10,18,16,25,21,20,22,26,42,41,47,41,44,0,0,0,0.0003,0.0013,0.0471,0.0607,0.0092,0.1896,0.0053,5.3531,0.0199,0.1891,0.4685,0.0006,0.0003,0.1817,0.0019,0.0014,0.0000,0.0000,0.0011
1049,17.9786,17.7083,16.2072,5.4371,,true,2,0.008333,0.2432,0.0167,1.00,1.00,2.8875,22,1,382,382,0,427,527,0,14,14,0,366336,0,1066,0,0,751120384,0.000000,0.000000,0.000000,0.00,2,7,10,18,16,25,21,20,22,26,42,41,47,41,44,0,0,0,0.0005,0.0038,0.0631,0.0474,0.0087,0.2454,0.0073,5.4371,0.0300,0.2432,0.4641,0.0006,0.0004,0.2212,0.0012,0.0006,0.0000,0.0000,0.0013
1050,17.9937,17.7250,15.6367,5.0062,,true,2,0.008333,0.1881,0.0167,1.00,1.00,1.8575,22,1,382,382,0,427,527,0,14,14,0,366336,0,1066,0,0,751120384,0.000000,0.000000,0.000000,0.00,2,7,10,18,16,25,21,20,22,26,42,41,47,41,44,0,0,0,0.0002,0.0017,0.0680,0.0469,0.0088,0.1883,0.0054,5.0062,0.0248,0.1881,0.4670,0.0006,0.0005,0.1940,0.0019,0.0014,0.0000,0.0000,0.0011
1051,18.0073,17.7333,14.6122,4.3014,,true,1,0.008333,0.1421,0.0083,1.00,0.57,8.1364,22,1,382,382,0,426,526,0,14,14,0,366336,0,1066,0,0,751120384,0.000000,0.000000,0.000000,0.00,2,7,10,18,16,25,21,20,22,26,42,41,47,41,44,0,0,0,0.0003,0.0012,0.0448,0.0364,0.0042,0.1427,0.0030,4.3014,0.0157,0.1421,0.4224,0.0004,0.0003,0.1683,0.0014,0.0006,0.0000,0.0000,0.0005
1052,18.0246,17.7500,16.1346,5.1787,,true,2,0.008333,0.3023,0.0167,1.00,1.00,7.6043,22,1,382,382,0,425,525,0,14,14,0,366336,0,1066,0,0,751120384,0.000000,0.000000,0.000000,0.00,2,7,10,18,16,25,21,20,22,26,42,41,47,41,44,0,0,0,0.0003,0.0018,0.0418,0.0337,0.0046,0.3025,0.0052,5.1787,0.0146,0.3023,0.4176,0.0003,0.0006,0.1642,0.0012,0.0016,0.0000,0.0000,0.0006
1053,18.0426,17.7750,18.7776,4.3681,,true,3,0.008333,0.2617,0.0250,1.00,1.00,1.3819,22,1,382,382,0,426,526,0,14,14,0,366336,0,1066,0,0,751120384,0.000000,0.000000,0.000000,0.00,2,7,10,18,16,25,21,20,22,26,42,41,47,41,44,0,0,0,0.0002,0.0012,0.0370,0.0409,0.0067,0.2630,0.0052,4.3681,0.0180,0.2617,0.4547,0.0004,0.0006,0.1675,0.0012,0.0012,0.0000,0.0000,0.0010
1054,18.0563,17.7833,14.0880,4.2434,,true,1,0.008333,0.1714,0.0083,1.00,0.59,7.1365,22,1,382,382,0,425,525,0,14,14,0,366336,0,1066,0,0,751120384,0.000000,0.000000,0.000000,0.00,2,7,10,18,16,25,21,20,22,26,42,41,47,41,44,0,0,0,0.0002,0.0018,0.0386,0.0421,0.0070,0.1721,0.0052,4.2434,0.0174,0.1714,0.4125,0.0006,0.0010,0.1740,0.0015,0.0010,0.0000,0.0000,0.0010
1055,18.0738,17.8000,15.9618,5.2574,,true,2,0.008333,0.2038,0.0167,1.00,1.00,6.4317,22,1,382,382,0,425,525,0,14,14,0,366336,0,1066,0,0,751120384,0.000000,0.000000,0.000000,0.00,2,7,10,18,16,25,21,20,22,26,42,41,47,41,44,0,0,0,0.0002,0.0021,0.0511,0.0314,0.0116,0.2044,0.0066,5.2574,0.0189,0.2038,0.5019,0.0005,0.0003,0.2305,0.0044,0.0014,0.0000,0.0000,0.0011
1056,18.0897,17.8167,16.6116,4.8991,,true,2,0.008333,0.1942,0.0167,1.00,1.00,6.3766,22,1,382,382,0,425,525,0,14,14,0,366336,0,1066,0,0,751120384,0.000000,0.000000,0.000000,0.00,2,7,10,18,16,25,21,20,22,26,42,41,47,41,44,0,0,0,0.0003,0.0018,0.0382,0.0469,0.0060,0.1950,0.0054,4.8991,0.0152,0.1942,0.4558,0.0006,0.0006,0.1874,0.0016,0.0018,0.0000,0.0000,0.0014
1057,18.1065,17.8333,16.3225,5.1917,,true,2,0.008333,0.2372,0.0167,1.00,1.00,6.0325,22,1,382,382,0,425,525,0,14,14,0,366336,0,1066,0,0,751120384,0.000000,0.000000,0.000000,0.00,2,7,10,18,16,25,21,20,22,26,42,41,47,41,44,0,0,0,0.0007,0.0035,0.0409,0.0534,0.0074,0.2381,0.0057,5.1917,0.0217,0.2372,0.4269,0.0005,0.0005,0.1986,0.0016,0.0011,0.0000,0.0000,0.0006
1058,18.1219,17.8500,16.1807,4.4413,,true,2,0.008333,0.2203,0.0167,1.00,1.00,5.5465,22,1,382,382,0,425,525,0,14,14,0,366336,0,1066,0,0,751120384,0.000000,0.000000,0.000000,0.00,2,7,10,18,16,25,21,20,22,26,42,41,47,41,44,0,0,0,0.0003,0.0021,0.0406,0.0406,0.0054,0.2211,0.0048,4.4413,0.0158,0.2203,0.4856,0.0004,0.0003,0.1872,0.0017,0.0009,0.0000,0.0000,0.0003
1059,18.1390,17.8667,15.3828,5.9380,,true,2,0.008333,0.2065,0.0167,1.00,1.00,4.2627,22,1,382,382,0,425,525,0,14,14,0,366336,0,1066,0,0,751124480,0.000000,0.000000,0.000000,0.00,2,7,10,18,16,25,21,20,22,26,42,41,47,41,44,0,0,0,0.0005,0.0031,0.0584,0.0684,0.0098,0.2071,0.0061,5.9380,0.0235,0.2065,0.5815,0.0009,0.0005,0.2445,0.0020,0.0014,0.0000,0.0000,0.0013
1060,18.1549,17.8833,17.3669,4.7209,,true,2,0.008333,0.2210,0.0167,1.00,0.96,4.9630,22,1,382,382,0,425,525,0,14,14,0,366336,0,1066,0,0,751124480,0.000000,0.000000,0.000000,0.00,2,7,10,18,16,25,21,20,22,26,42,41,47,41,44,0,0,0,0.0008,0.0031,0.0450,0.0410,0.0089,0.2215,0.0076,4.7209,0.0191,0.2210,0.4639,0.0004,0.0009,0.1847,0.0016,0.0015,0.0000,0.0000,0.0014
1061,18.1693,17.9000,14.3275,5.0668,,true,2,0.008333,0.2846,0.0167,1.00,1.00,2.6237,22,1,382,382,0,425,525,0,14,14,0,366336,0,1066,0,0,751124480,0.000000,0.000000,0.000000,0.00,2,7,10,18,16,25,21,20,22,26,42,41,47,41,44,0,0,0,0.0002,0.0018,0.0577,0.0344,0.0056,0.2854,0.0048,5.0668,0.0237,0.2846,0.4909,0.0005,0.0004,0.2459,0.0014,0.0011,0.0000,0.0000,0.0005
1062,18.1941,17.9167,20.0875,9.2643,,true,2,0.008333,0.4144,0.0167,1.00,0.83,6.0446,22,1,382,382,0,425,525,0,14,14,0,366336,0,1066,0,0,751124480,0.000000,0.000000,0.000000,0.00,2,7,10,18,16,25,21,20,22,26,42,41,47,41,44,0,0,0,0.0012,0.0081,0.0709,0.0823,0.0214,0.4159,0.0177,9.2643,0.0425,0.4144,0.9408,0.0034,0.0007,0.3915,0.0032,0.0029,0.0000,0.0000,0.0052
1063,18.2080,17.9333,17.8697,5.2685,,true,2,0.008333,0.2403,0.0167,1.00,0.93,7.2477,22,1,382,382,0,425,525,0,14,14,0,366336,0,1066,0,0,751124480,0.000000,0.000000,0.000000,0.00,2,7,10,18,16,25,21,20,22,26,42,41,47,41,44,0,0,0,0.0007,0.0020,0.0429,0.0450,0.0080,0.2411,0.0074,5.2685,0.0182,0.2403,0.5092,0.0006,0.0005,0.2083,0.0016,0.0014,0.0000,0.0000,0.0009
1064,18.2237,17.9500,15.9742,5.2406,,true,2,0.008333,0.2105,0.0167,1.00,1.00,6.5552,22,1,382,382,0,425,525,0,14,14,0,366336,0,1066,0,0,751124480,0.000000,0.000000,0.000000,0.00,2,7,10,18,16,25,21,20,22,26,42,41,47,41,44,0,0,0,0.0002,0.0023,0.0601,0.0468,0.0066,0.2117,0.0057,5.2406,0.0208,0.2105,0.5612,0.0007,0.0005,0.2479,0.0007,0.0011,0.0000,0.0000,0.0007
1065,18.2451,17.9750,20.9096,5.3373,,true,3,0.008333,0.3203,0.0250,1.00,1.00,2.4648,22,1,382,382,0,425,525,0,14,14,0,366336,0,1066,0,0,751124480,0.000000,0.000000,0.000000,0.00,2,7,10,18,16,25,21,20,22,26,42,41,47,41,44,0,0,0,0.0010,0.0024,0.0422,0.0589,0.0074,0.3209,0.0074,5.3373,0.0180,0.3203,0.4305,0.0006,0.0004,0.1622,0.0015,0.0016,0.0000,0.0000,0.0007
1066,18.2590,17.9917,14.2653,5.2370,,true,2,0.008333,0.2464,0.0167,1.00,1.00,0.0634,22,1,382,382,0,426,526,0,14,14,0,364032,0,1066,0,0,751124480,0.000000,0.000000,0.000000,0.00,2,7,10,18,16,25,21,20,22,26,42,41,47,41,44,0,0,0,0.0003,0.0018,0.0697,0.0383,0.0071,0.2471,0.0053,5.2370,0.0418,0.2464,0.4327,0.0009,0.0006,0.1800,0.0013,0.0013,0.0000,0.0000,0.0014
1067,18.2811,18.0000,16.5848,10.7125,,true,1,0.008333,0.2728,0.0083,1.00,0.50,8.3148,22,1,382,382,8,425,525,0,14,14,0,364032,0,1074,11,40,751124480,0.000000,0.000000,0.000000,0.00,2,7,10,18,16,25,21,20,22,26,42,41,47,41,44,0,0,0,0.0002,0.0026,0.0531,0.0411,0.0065,0.2735,0.0039,10.7125,0.0207,0.2728,5.1096,0.0002,0.1756,0.1829,0.0009,0.0010,0.0000,0.0000,4.4242
1068,18.2903,18.0167,14.5685,5.4652,,true,2,0.008333,0.1962,0.0167,1.00,1.00,6.2166,22,1,382,382,5,441,541,0,14,14,6,364032,0,1077,5,25,751128576,0.000000,0.000000,0.000000,0.00,2,7,10,18,16,25,21,20,22,26,42,41,47,41,44,0,0,0,0.0002,0.0028,0.0523,0.0426,0.0221,0.1965,0.0058,5.4652,0.0206,0.1962,0.6815,0.0246,0.1839,0.1772,0.0017,0.0129,0.0000,27.1729,0.0008
1069,18.3059,18.0333,15.6944,5.3944,,true,2,0.008333,0.2033,0.0167,1.00,1.00,5.2444,22,1,382,382,0,448,548,0,14,14,5,364032,0,1077,0,0,751128576,0.000000,0.000000,0.000000,0.00,2,7,10,18,16,25,21,20,22,26,42,41,47,41,44,0,0,0,0.0005,0.0020,0.0440,0.0505,0.0102,0.2038,0.0068,5.3944,0.0190,0.2033,0.6285,0.0230,0.1606,0.1872,0.0022,0.0105,0.0000,21.6533,0.0009
1070,18.3254,18.0500,17.5421,5.9265,,true,2,0.008333,0.2399,0.0167,1.00,0.95,6.1198,22,1,382,382,0,448,548,0,14,14,0,364032,0,1077,0,0,751128576,0.000000,0.000000,0.000000,0.00,2,7,10,18,16,25,21,20,20,34,42,42,42,47,36,0,0,0,0.0006,0.0034,0.0442,0.0484,0.0076,0.2414,0.0088,5.9265,0.0215,0.2399,0.6827,0.0006,0.0007,0.2717,0.0015,0.0008,0.0000,0.0000,0.0007
1071,18.3461,18.0750,22.0735,5.3893,,true,3,0.008333,0.2631,0.0250,1.00,1.00,3.1933,22,1,382,382,0,450,550,0,14,14,0,364032,0,1077,0,0,751128576,0.000000,0.000000,0.000000,0.00,2,7,10,18,16,25,21,20,20,34,42,42,42,47,36,0,0,0,0.0002,0.0016,0.0399,0.0428,0.0045,0.2634,0.0044,5.3893,0.0154,0.2631,0.4034,0.0006,0.0003,0.1758,0.0018,0.0009,0.0000,0.0000,0.0011
1072,18.3612,18.0917,16.8610,4.1761,,true,2,0.008333,0.1846,0.0167,1.00,0.99,3.3877,22,1,382,382,0,450,550,0,14,14,0,364032,0,1077,0,0,751128576,0.000000,0.000000,0.000000,0.00,2,7,10,18,16,25,21,20,20,34,42,42,42,47,36,0,0,0,0.0003,0.0019,0.0533,0.0428,0.0082,0.1850,0.0062,4.1761,0.0211,0.1846,0.5561,0.0009,0.0004,0.2233,0.0015,0.0013,0.0000,0.0000,0.0008
1073,18.3745,18.1000,12.2887,5.3253,,true,1,0.008333,0.1306,0.0083,1.00,0.68,7.3431,22,1,382,382,0,446,546,0,14,14,0,364032,0,1077,0,0,751128576,0.000000,0.000000,0.000000,0.00,2,7,10,18,16,25,21,20,20,34,42,42,42,47,36,0,0,0,0.0004,0.0024,0.0394,0.0374,0.0043,0.1312,0.0053,5.3253,0.0204,0.1306,0.4546,0.0005,0.0007,0.1867,0.0011,0.0013,0.0000,0.0000,0.0007
1074,18.3919,18.1167,17.6225,4.9698,,true,2,0.008333,0.2196,0.0167,1.00,0.95,8.2989,22,1,382,382,0,441,541,0,14,14,0,364032,0,1077,0,0,751128576,0.000000,0.000000,0.000000,0.00,2,7,10,18,16,25,21,20,20,34,42,42,42,47,36,0,0,0,0.0003,0.0026,0.0429,0.0374,0.0067,0.2203,0.0079,4.9698,0.0202,0.2196,0.5319,0.0007,0.0006,0.2615,0.0020,0.0009,0.0000,0.0000,0.0013
1075,18.4097,18.1333,16.6525,6.3426,,true,2,0.008333,0.2406,0.0167,1.00,1.00,8.2847,22,1,382,382,0,437,537,0,14,14,0,364032,0,1077,0,0,751128576,0.000000,0.000000,0.000000,0.00,2,7,10,18,16,25,21,20,20,34,42,42,42,47,36,0,0,0,0.0006,0.0012,0.0588,0.0435,0.0080,0.2417,0.0028,6.3426,0.0240,0.2406,0.5903,0.0006,0.0007,0.2384,0.0016,0.0017,0.0000,0.0000,0.0009
1076,18.4260,18.1583,17.7625,4.8649,,true,3,0.008333,0.3977,0.0250,1.00,1.00,1.0472,22,1,382,382,0,440,540,0,14,14,0,352512,0,1077,0,0,751128576,0.000000,0.000000,0.000000,0.00,2,7,10,18,16,25,21,20,20,34,42,42,42,47,36,0,0,0,0.0002,0.0022,0.0491,0.0367,0.0060,0.3985,0.0074,4.8649,0.0199,0.3977,0.5205,0.0004,0.0005,0.2073,0.0021,0.0007,0.0000,0.0000,0.0008
1077,18.4436,18.1750,16.3156,5.6442,,true,2,0.008333,0.2666,0.0167,1.00,1.00,0.6961,22,1,382,382,0,441,541,0,14,14,0,352512,0,1077,0,0,751132672,0.000000,0.000000,0.000000,0.00,2,7,10,18,16,25,21,20,20,34,42,42,42,47,36,0,0,0,0.0005,0.0021,0.0551,0.0688,0.0080,0.2673,0.0069,5.6442,0.0247,0.2666,0.5807,0.0009,0.0004,0.2224,0.0014,0.0011,0.0000,0.0000,0.0012
1078,18.4594,18.1917,16.1519,5.5775,,true,2,0.008333,0.1758,0.0167,1.00,1.00,0.1814,22,1,382,382,0,442,542,0,14,14,0,352512,0,1077,0,0,751132672,0.000000,0.000000,0.000000,0.00,2,7,10,18,16,25,21,20,20,34,42,42,42,47,36,0,0,0,0.0002,0.0024,0.0463,0.0414,0.0075,0.1763,0.0054,5.5775,0.0182,0.1758,0.4574,0.0004,0.0006,0.1705,0.0016,0.0009,0.0000,0.0000,0.0008
1079,18.4773,18.2083,16.5200,6.9917,,true,2,0.008333,0.2059,0.0167,1.00,1.00,0.0347,22,1,382,382,0,443,543,0,14,14,0,352512,0,1077,0,0,751132672,0.000000,0.000000,0.000000,0.00,2,7,10,18,16,25,21,20,20,34,42,42,42,47,36,0,0,0,0.0007,0.0023,0.0500,0.0519,0.0068,0.2068,0.0052,6.9917,0.0179,0.2059,0.4550,0.0005,0.0008,0.1848,0.0015,0.0008,0.0000,0.0000,0.0015
1080,18.4946,18.2250,18.3592,5.7885,,true,2,0.008333,0.1867,0.0167,1.00,0.91,1.7272,22,1,382,382,0,442,542,0,14,14,0,352512,0,1077,0,0,751132672,0.000000,0.000000,0.000000,0.00,2,7,10,18,16,25,21,20,20,34,42,42,42,47,36,0,0,0,0.0003,0.0024,0.0338,0.0367,0.0069,0.1870,0.0062,5.7885,0.0174,0.1867,0.3956,0.0005,0.0004,0.1633,0.0013,0.0010,0.0000,0.0000,0.0013
1081,18.5116,18.2417,16.8849,5.8498,,true,2,0.008333,0.2381,0.0167,1.00,0.99,1.9454,22,1,382,382,0,441,541,0,14,14,0,352512,0,1077,0,0,751132672,0.000000,0.000000,0.000000,0.00,2,7,10,18,16,25,21,20,20,34,42,42,42,47,36,0,0,0,0.0013,0.0038,0.0406,0.0703,0.0119,0.2386,0.0096,5.8498,0.0152,0.2381,0.4774,0.0012,0.0005,0.1888,0.0017,0.0017,0.0000,0.0000,0.0011
1082,18.5304,18.2583,17.0623,7.4629,,true,2,0.008333,0.4501,0.0167,1.00,0.98,2.3411,22,1,382,382,0,440,540,0,14,14,0,352512,0,1077,0,0,751132672,0.000000,0.000000,0.000000,0.00,2,7,10,18,16,25,21,20,20,34,42,42,42,47,36,0,0,0,0.0007,0.0020,0.0510,0.1394,0.0082,0.4510,0.0057,7.4629,0.0181,0.4501,0.5697,0.0005,0.0010,0.2540,0.0023,0.0008,0.0000,0.0000,0.0014
1083,18.5461,18.2750,16.8916,6.2364,,true,2,0.008333,0.2261,0.0167,1.00,0.99,2.5661,22,1,382,382,0,439,539,0,14,14,0,352512,0,1077,0,0,751132672,0.000000,0.000000,0.000000,0.00,2,7,10,18,16,25,21,20,20,34,42,42,42,47,36,0,0,0,0.0003,0.0017,0.0435,0.0483,0.0076,0.2266,0.0062,6.2364,0.0198,0.2261,0.4817,0.0006,0.0005,0.1946,0.0012,0.0014,0.0000,0.0000,0.0007
1084,18.5751,18.2917,21.7032,12.3022,,true,2,0.008333,0.2315,0.0167,1.00,0.77,7.6026,22,1,382,382,0,436,536,0,14,14,0,352512,0,1077,0,0,751132672,0.000000,0.000000,0.000000,0.00,2,7,10,18,16,25,21,20,20,34,42,42,42,47,36,0,0,0,0.0002,0.0098,0.0952,0.0637,0.0071,0.2322,0.0083,12.3022,0.0251,0.2315,0.9002,0.0018,0.0005,0.3513,0.0046,0.0032,0.0000,0.0000,0.0022
1085,18.5880,18.3167,18.9767,7.3077,,true,3,0.008333,0.3394,0.0250,1.00,1.00,1.5794,22,1,382,382,0,436,536,0,14,14,0,352512,0,1077,0,0,751132672,0.000000,0.000000,0.000000,0.00,2,7,10,18,16,25,21,20,20,34,42,42,42,47,36,0,0,0,0.0007,0.0038,0.0404,0.0772,0.0112,0.3409,0.0091,7.3077,0.0209,0.3394,0.5695,0.0010,0.0008,0.2343,0.0021,0.0017,0.0000,0.0000,0.0019
1086,18.6029,18.3333,16.8972,5.5469,,true,2,0.008333,0.3911,0.0167,1.00,0.99,1.8099,22,1,382,382,0,436,536,0,14,14,0,352512,0,1077,0,0,751136768,0.000000,0.000000,0.000000,0.00,2,7,10,18,16,25,21,20,20,34,42,42,42,47,36,0,0,0,0.0006,0.0015,0.0537,0.0485,0.0089,0.3924,0.0059,5.5469,0.0150,0.3911,0.5510,0.0006,0.0007,0.2251,0.0018,0.0012,0.0000,0.0000,0.0021
1087,18.6186,18.3500,15.6808,5.8071,,true,2,0.008333,0.2294,0.0167,1.00,1.00,0.8241,22,1,382,382,0,436,536,0,14,14,0,352512,0,1077,0,0,751136768,0.000000,0.000000,0.000000,0.00,2,7,10,18,16,25,21,20,20,34,42,42,42,47,36,0,0,0,0.0003,0.0023,0.0675,0.0475,0.0088,0.2304,0.0071,5.8071,0.0260,0.2294,0.6589,0.0003,0.0003,0.3138,0.0010,0.0007,0.0000,0.0000,0.0007
1088,18.6393,18.3667,19.7016,6.5613,,true,2,0.008333,0.2546,0.0167,1.00,0.85,3.8590,22,1,382,382,0,435,535,0,14,14,0,352512,0,1077,0,0,751136768,0.000000,0.000000,0.000000,0.00,2,7,10,18,16,25,21,20,20,34,42,42,42,47,36,0,0,0,0.0006,0.0027,0.0594,0.0474,0.0094,0.2552,0.0061,6.5613,0.0264,0.2546,0.5223,0.0006,0.0010,0.2233,0.0017,0.0010,0.0000,0.0000,0.0010
1089,18.6560,18.3833,17.4434,6.0119,,true,2,0.008333,0.2775,0.0167,1.00,0.96,4.6358,22,1,382,382,0,434,534,0,14,14,0,352512,0,1077,0,0,751136768,0.000000,0.000000,0.000000,0.00,2,7,10,18,16,25,21,20,20,34,42,42,42,47,36,0,0,0,0.0002,0.0019,0.0532,0.0508,0.0089,0.2785,0.0062,6.0119,0.0220,0.2775,0.4782,0.0005,0.0008,0.1935,0.0016,0.0009,0.0000,0.0000,0.0014
1090,18.6750,18.4000,19.1246,5.7974,,true,2,0.008333,0.3799,0.0167,1.00,0.87,7.0937,22,1,382,382,0,433,533,0,14,14,0,352512,0,1077,0,0,751136768,0.000000,0.000000,0.000000,0.00,2,7,10,18,16,25,21,20,20,34,42,42,42,47,36,0,0,0,0.0003,0.0021,0.0413,0.0533,0.0072,0.3817,0.0066,5.7974,0.0126,0.3799,0.4520,0.0006,0.0004,0.1891,0.0018,0.0014,0.0000,0.0000,0.0009
1091,18.6911,18.4167,16.1456,5.8036,,true,2,0.008333,0.2812,0.0167,1.00,1.00,6.5726,22,1,382,382,0,432,532,0,14,14,0,352512,0,1077,0,0,751136768,0.000000,0.000000,0.000000,0.00,2,7,10,18,16,25,21,20,20,34,42,42,42,47,36,0,0,0,0.0006,0.0025,0.0523,0.0884,0.0078,0.2817,0.0067,5.8036,0.0304,0.2812,0.4903,0.0006,0.0004,0.2070,0.0013,0.0011,0.0000,0.0000,0.0006
1092,18.7091,18.4333,16.9531,6.9523,,true,2,0.008333,0.2482,0.0167,1.00,0.98,6.8591,22,1,382,382,0,431,531,0,14,14,0,352512,0,1077,0,0,751136768,0.000000,0.000000,0.000000,0.00,2,7,10,18,16,25,21,20,20,34,42,42,42,47,36,0,0,0,0.0003,0.0023,0.0630,0.0469,0.0074,0.2498,0.0087,6.9523,0.0233,0.2482,0.5818,0.0006,0.0007,0.2340,0.0016,0.0016,0.0000,0.0000,0.0015
1093,18.7253,18.4500,17.5062,5.5475,,true,2,0.008333,0.2776,0.0167,1.00,0.95,7.6986,22,1,382,382,0,430,530,0,14,14,0,350208,0,1077,0,0,751136768,0.000000,0.000000,0.000000,0.00,2,7,10,18,16,25,21,20,20,34,42,42,42,47,36,0,0,0,0.0010,0.0027,0.0420,0.0424,0.0086,0.2785,0.0069,5.5475,0.0180,0.2776,0.5236,0.0006,0.0009,0.2314,0.0015,0.0010,0.0000,0.0000,0.0015
1094,18.7438,18.4750,17.3867,6.4904,,true,3,0.008333,0.3035,0.0250,1.00,1.00,0.0853,22,1,382,382,0,431,531,0,14,14,0,350208,0,1077,0,0,751136768,0.000000,0.000000,0.000000,0.00,2,7,10,18,16,25,21,20,20,34,42,42,42,47,36,0,0,0,0.0002,0.0026,0.0565,0.0535,0.0099,0.3047,0.0073,6.4904,0.0293,0.3035,0.6964,0.0007,0.0004,0.2849,0.0043,0.0011,0.0000,0.0000,0.0010
1095,18.7609,18.4917,18.0151,5.8341,,true,2,0.008333,0.2143,0.0167,1.00,0.93,1.4337,22,1,382,382,0,432,532,0,14,14,0,350208,0,1077,0,0,751136768,0.000000,0.000000,0.000000,0.00,2,7,10,18,16,25,21,20,20,34,42,42,42,47,36,0,0,0,0.0005,0.0021,0.0714,0.0504,0.0097,0.2152,0.0074,5.8341,0.0205,0.2143,0.7161,0.0007,0.0009,0.2838,0.0025,0.0012,0.0000,0.0000,0.0015
1096,18.7798,18.5083,18.8324,5.6530,,true,2,0.008333,0.5402,0.0167,1.00,0.89,3.5994,22,1,382,382,0,432,532,0,14,14,0,350208,0,1077,0,0,751140864,0.000000,0.000000,0.000000,0.00,2,7,10,18,16,25,21,20,20,34,42,42,42,47,36,0,0,0,0.0005,0.0023,0.0488,0.0570,0.0084,0.5418,0.0083,5.6530,0.0503,0.5402,0.3850,0.0005,0.0003,0.1443,0.0017,0.0008,0.0000,0.0000,0.0010
1097,18.7957,18.5250,15.5417,6.1948,,true,2,0.008333,0.2453,0.0167,1.00,1.00,2.4744,22,1,382,382,0,432,532,0,14,14,0,350208,0,1077,0,0,751140864,0.000000,0.000000,0.000000,0.00,2,7,10,18,16,25,21,20,20,34,42,42,42,47,36,0,0,0,0.0006,0.0025,0.0601,0.0514,0.0102,0.2462,0.0056,6.1948,0.0195,0.2453,0.5219,0.0007,0.0008,0.1976,0.0015,0.0013,0.0000,0.0000,0.0017
1098,18.8127,18.5417,17.2016,6.1881,,true,2,0.008333,0.2439,0.0167,1.00,0.97,3.0094,22,1,382,382,0,432,532,0,14,14,0,350208,0,1077,0,0,751140864,0.000000,0.000000,0.000000,0.00,2,7,10,18,16,25,21,20,20,34,42,42,42,47,36,0,0,0,0.0002,0.0046,0.0478,0.0499,0.0071,0.2446,0.0078,6.1881,0.0184,0.2439,0.5006,0.0007,0.0004,0.2157,0.0024,0.0013,0.0000,0.0000,0.0012
1099,18.8323,18.5583,19.7322,5.5247,,true,2,0.008333,0.2881,0.0167,1.00,0.84,6.0749,22,1,382,382,0,431,531,0,14,14,0,350208,0,1077,0,0,751140864,0.000000,0.000000,0.000000,0.00,2,7,10,18,16,25,21,20,20,34,42,42,42,47,36,0,0,0,0.0007,0.0027,0.0447,0.0494,0.0112,0.2899,0.0065,5.5247,0.0174,0.2881,0.5260,0.0006,0.0006,0.2000,0.0021,0.0014,0.0000,0.0000,0.0014
1100,18.8511,18.5750,17.5766,6.5364,,true,2,0.008333,0.5688,0.0167,1.00,0.95,6.9849,22,1,382,382,0,430,530,0,14,14,0,350208,0,1077,0,0,751140864,0.000000,0.000000,0.000000,0.00,2,7,10,18,16,25,21,20,20,34,42,42,42,47,36,0,0,0,0.0004,0.0016,0.0598,0.0407,0.0083,0.5695,0.0056,6.5364,0.0234,0.5688,0.5916,0.0010,0.0008,0.2298,0.0020,0.0020,0.0000,0.0000,0.0011
1101,18.8659,18.5917,16.6246,5.0535,,true,2,0.008333,0.2087,0.0167,1.00,1.00,6.9428,22,1,382,382,0,430,530,0,14,14,0,350208,0,1077,0,0,751140864,0.000000,0.000000,0.000000,0.00,2,7,10,18,16,25,21,20,20,34,42,42,42,47,36,0,0,0,0.0007,0.0032,0.0364,0.0398,0.0076,0.2092,0.0078,5.0535,0.0164,0.2087,0.4134,0.0004,0.0003,0.1995,0.0016,0.0006,0.0000,0.0000,0.0002
1102,18.8814,18.6083,15.7176,5.1162,,true,2,0.008333,0.2340,0.0167,1.00,1.00,5.9937,22,1,382,382,0,429,529,0,14,14,0,350208,0,1077,0,0,751140864,0.000000,0.000000,0.000000,0.00,2,7,10,18,16,25,21,20,20,34,42,42,42,47,36,0,0,0,0.0004,0.0031,0.0385,0.0598,0.0066,0.2346,0.0057,5.1162,0.0177,0.2340,0.4149,0.0004,0.0005,0.1627,0.0014,0.0011,0.0000,0.0000,0.0013
1103,18.8978,18.6250,16.8398,4.8740,,true,2,0.008333,0.2138,0.0167,1.00,0.99,6.1668,22,1,382,382,0,429,529,0,14,14,0,350208,0,1077,0,0,751140864,0.000000,0.000000,0.000000,0.00,2,7,10,18,16,25,21,20,20,34,42,42,42,47,36,0,0,0,0.0003,0.0013,0.0523,0.0403,0.0059,0.2144,0.0048,4.8740,0.0155,0.2138,0.4224,0.0005,0.0005,0.1555,0.0017,0.0014,0.0000,0.0000,0.0009
1104,18.9125,18.6417,14.3095,5.3831,,true,2,0.008333,0.3662,0.0167,1.00,1.00,3.8097,22,1,382,382,0,430,530,0,14,14,0,352512,0,1077,0,0,751140864,0.000000,0.000000,0.000000,0.00,2,7,10,18,16,25,21,20,20,34,42,42,42,47,36,0,0,0,0.0004,0.0025,0.0469,0.0482,0.0062,0.3666,0.0028,5.3831,0.0181,0.3662,0.5016,0.0013,0.0005,0.1781,0.0019,0.0014,0.0000,0.0000,0.0010
1105,18.9298,18.6583,16.9660,5.1344,,true,2,0.008333,0.2177,0.0167,1.00,0.98,4.1090,22,1,382,382,0,430,530,0,14,14,0,352512,0,1077,0,0,751144960,0.000000,0.000000,0.000000,0.00,2,7,10,18,16,25,21,20,20,34,42,42,42,47,36,0,0,0,0.0004,0.0017,0.0372,0.0394,0.0082,0.2182,0.0044,5.1344,0.0178,0.2177,0.3926,0.0005,0.0006,0.1542,0.0012,0.0011,0.0000,0.0000,0.0008
1106,18.9442,18.6750,14.8194,5.2386,,true,2,0.008333,0.2106,0.0167,1.00,1.00,2.2617,22,1,382,382,0,430,530,0,14,14,0,352512,0,1077,0,0,751144960,0.000000,0.000000,0.000000,0.00,2,7,10,18,16,25,21,20,20,34,42,42,42,47,36,0,0,0,0.0006,0.0032,0.0826,0.0405,0.0068,0.2110,0.0084,5.2386,0.0167,0.2106,0.5248,0.0004,0.0005,0.2241,0.0016,0.0013,0.0000,0.0000,0.0011
1107,18.9619,18.6917,17.8772,4.8075,,true,2,0.008333,0.2102,0.0167,1.00,0.93,3.4723,22,1,382,382,0,430,530,0,14,14,0,354816,0,1077,0,0,751144960,0.000000,0.000000,0.000000,0.00,2,7,10,18,16,25,21,20,20,34,42,42,42,47,36,0,0,0,0.0002,0.0018,0.0433,0.0394,0.0087,0.2106,0.0064,4.8075,0.0186,0.2102,0.4582,0.0005,0.0007,0.1842,0.0014,0.0013,0.0000,0.0000,0.0009
1108,18.9815,18.7083,15.6437,9.0863,,true,2,0.008333,0.1748,0.0167,1.00,1.00,2.4493,22,1,382,382,8,430,530,0,14,14,0,354816,0,1085,25,40,751144960,0.000000,0.000000,0.000000,0.00,2,7,10,18,16,25,21,20,20,34,42,42,42,47,36,0,0,0,0.0002,0.0022,0.0423,0.0289,0.0060,0.1751,0.0057,9.0863,0.0128,0.1748,5.1028,0.0003,0.1803,0.1514,0.0014,0.0008,0.0000,0.0000,4.3706
1109,18.9941,18.7250,15.8655,5.6933,,true,2,0.008333,0.1636,0.0167,1.00,1.00,1.6481,22,1,382,382,8,435,535,0,14,14,8,352512,0,1093,17,40,751144960,0.000000,0.000000,0.000000,0.00,2,7,10,18,16,25,21,20,20,34,42,42,42,47,36,0,0,0,0.0003,0.0009,0.0393,0.0404,0.0077,0.1641,0.0030,5.6933,0.0147,0.1636,0.7522,0.0266,0.2132,0.1673,0.0013,0.0096,0.0000,36.3381,0.0010
1110,19.0080,18.7333,14.4959,4.9144,,true,1,0.008333,0.1089,0.0083,1.00,0.57,7.8107,22,1,382,382,8,414,514,0,14,14,8,352512,0,1101,9,40,751144960,0.000000,0.000000,0.000000,0.00,2,7,10,18,16,25,21,20,20,34,42,42,42,47,36,0,0,0,0.0001,0.0019,0.0551,0.0244,0.0045,0.1096,0.0049,4.9144,0.0185,0.1089,0.7757,0.0203,0.1476,0.2211,0.0010,0.0107,0.0000,39.0907,0.0009
1111,19.0252,18.7500,16.4702,5.3068,,true,2,0.008333,0.3261,0.0167,1.00,1.00,7.6142,22,1,382,382,1,406,506,0,14,14,8,352512,0,1102,1,5,751144960,0.000000,0.000000,0.000000,0.00,2,7,10,18,16,25,21,20,20,34,42,42,42,47,36,0,0,0,0.0002,0.0011,0.0516,0.0384,0.0067,0.3271,0.0047,5.3068,0.0148,0.3261,0.5024,0.0211,0.0004,0.1622,0.0015,0.0146,0.0000,39.6687,0.0010
1112,19.0431,18.7667,17.3783,5.9427,,true,2,0.008333,0.2545,0.0167,1.00,0.96,8.3259,22,1,382,382,0,402,502,0,14,14,1,350208,0,1102,0,0,751144960,0.000000,0.000000,0.000000,0.00,2,7,10,18,16,25,21,20,20,34,42,42,42,47,36,0,0,0,0.0002,0.0021,0.0438,0.0334,0.0053,0.2551,0.0075,5.9427,0.0176,0.2545,0.4878,0.0115,0.0003,0.1720,0.0011,0.0054,0.0000,4.0688,0.0007
1113,19.0600,18.7917,17.8530,5.0537,,true,3,0.008333,0.2143,0.0250,1.00,1.00,1.1788,22,1,382,382,0,410,510,0,14,14,0,350208,0,1102,0,0,751144960,0.000000,0.000000,0.000000,0.00,2,7,10,18,16,25,21,20,20,34,42,43,37,51,36,0,0,0,0.0005,0.0026,0.0530,0.0353,0.0061,0.2151,0.0054,5.0537,0.0195,0.2143,0.5693,0.0005,0.0003,0.2277,0.0008,0.0006,0.0000,0.0000,0.0008
1114,19.0751,18.8083,15.6123,4.8354,,true,2,0.008333,0.1807,0.0167,1.00,1.00,0.1245,22,1,382,382,0,417,517,0,14,14,0,350208,0,1102,0,0,751149056,0.000000,0.000000,0.000000,0.00,2,7,10,18,16,25,21,20,20,34,42,43,37,51,36,0,0,0,0.0004,0.0015,0.0381,0.0377,0.0057,0.1811,0.0048,4.8354,0.0158,0.1807,0.4229,0.0006,0.0004,0.1817,0.0015,0.0010,0.0000,0.0000,0.0013
1115,19.0923,18.8250,17.4585,4.5309,,true,2,0.008333,0.1992,0.0167,1.00,0.95,0.9164,22,1,382,382,0,421,521,0,14,14,0,350208,0,1102,0,0,751149056,0.000000,0.000000,0.000000,0.00,2,7,10,18,16,25,21,20,20,34,42,43,37,51,36,0,0,0,0.0004,0.0014,0.0361,0.0405,0.0085,0.2006,0.0048,4.5309,0.0152,0.1992,0.3483,0.0010,0.0005,0.1463,0.0012,0.0008,0.0000,0.0000,0.0015
1116,19.1070,18.8333,14.4335,4.8682,,true,1,0.008333,0.1479,0.0083,1.00,0.58,7.0165,22,1,382,382,0,419,519,0,14,14,0,350208,0,1102,0,0,751149056,0.000000,0.000000,0.000000,0.00,2,7,10,18,16,25,21,20,20,34,42,43,37,51,36,0,0,0,0.0006,0.0026,0.0524,0.0432,0.0051,0.1484,0.0064,4.8682,0.0233,0.1479,0.5038,0.0006,0.0005,0.2444,0.0021,0.0013,0.0000,0.0000,0.0012
1117,19.1234,18.8500,16.5168,4.8765,,true,2,0.008333,0.1915,0.0167,1.00,1.00,6.8667,22,1,382,382,0,418,518,0,14,14,0,350208,0,1102,0,0,751149056,0.000000,0.000000,0.000000,0.00,2,7,10,18,16,25,21,20,20,34,42,43,37,51,36,0,0,0,0.0007,0.0031,0.0431,0.0481,0.0071,0.1919,0.0062,4.8765,0.0209,0.1915,0.4763,0.0007,0.0004,0.2169,0.0009,0.0011,0.0000,0.0000,0.0013
1118,19.1406,18.8667,16.3401,5.4211,,true,2,0.008333,0.1933,0.0167,1.00,1.00,6.5401,22,1,382,382,0,418,518,0,14,14,0,350208,0,1102,0,0,751149056,0.000000,0.000000,0.000000,0.00,2,7,10,18,16,25,21,20,20,34,42,43,37,51,36,0,0,0,0.0004,0.0021,0.0534,0.0488,0.0077,0.1940,0.0056,5.4211,0.0219,0.1933,0.5383,0.0008,0.0004,0.1995,0.0023,0.0015,0.0000,0.0000,0.0012
1119,19.1561,18.8833,16.1140,4.7532,,true,2,0.008333,0.2119,0.0167,1.00,1.00,5.9875,22,1,382,382,0,418,518,0,14,14,0,359424,0,1102,0,0,751149056,0.000000,0.000000,0.000000,0.00,2,7,10,18,16,25,21,20,20,34,42,43,37,51,36,0,0,0,0.0005,0.0021,0.0426,0.0416,0.0091,0.2130,0.0069,4.7532,0.0173,0.2119,0.4544,0.0008,0.0006,0.1652,0.0030,0.0013,0.0000,0.0000,0.0014
1120,19.1712,18.9000,15.1515,4.9726,,true,2,0.008333,0.2994,0.0167,1.00,1.00,4.4723,22,1,382,382,0,420,520,0,14,14,0,359424,0,1102,0,0,751149056,0.000000,0.000000,0.000000,0.00,2,7,10,18,16,25,21,20,20,34,42,43,37,51,36,0,0,0,0.0002,0.0016,0.0389,0.0410,0.0065,0.3000,0.0038,4.9726,0.0148,0.2994,0.4354,0.0005,0.0008,0.1790,0.0010,0.0012,0.0000,0.0000,0.0009
1121,19.1960,18.9167,19.6418,8.0817,,true,2,0.008333,0.2723,0.0167,1.00,0.85,7.4474,22,1,382,382,0,419,519,0,14,14,0,359424,0,1102,0,0,751149056,0.000000,0.000000,0.000000,0.00,2,7,10,18,16,25,21,20,20,34,42,43,37,51,36,0,0,0,0.0011,0.0032,0.1198,0.0591,0.0069,0.2735,0.0099,8.0817,0.0372,0.2723,0.5379,0.0006,0.0012,0.2504,0.0020,0.0013,0.0000,0.0000,0.0014
1122,19.2098,18.9417,18.0018,5.3469,,true,3,0.008333,0.3052,0.0250,1.00,1.00,0.4493,22,1,382,382,0,422,522,0,14,14,0,359424,0,1102,0,0,751149056,0.000000,0.000000,0.000000,0.00,2,7,10,18,16,25,21,20,20,34,42,43,37,51,36,0,0,0,0.0005,0.0030,0.0574,0.0437,0.0072,0.3054,0.0104,5.3469,0.0235,0.3052,0.4176,0.0003,0.0005,0.1769,0.0025,0.0008,0.0000,0.0000,0.0008
1123,19.2235,18.9500,14.8021,5.0458,,true,1,0.008333,0.1827,0.0083,1.00,0.56,6.9180,22,1,382,382,0,422,522,0,14,14,0,359424,0,1102,0,0,751149056,0.000000,0.000000,0.000000,0.00,2,7,10,18,16,25,21,20,20,34,42,43,37,51,36,0,0,0,0.0005,0.0015,0.0447,0.0441,0.0055,0.1848,0.0048,5.0458,0.0236,0.1827,0.3841,0.0004,0.0005,0.1576,0.0011,0.0007,0.0000,0.0000,0.0012
1124,19.2417,18.9750,18.4951,4.3169,,true,3,0.008333,0.2021,0.0250,1.00,1.00,0.4132,22,1,382,382,0,424,524,0,14,14,0,359424,0,1102,0,0,751153152,0.000000,0.000000,0.000000,0.00,2,7,10,18,16,25,21,20,20,34,42,43,37,51,36,0,0,0,0.0002,0.0014,0.0370,0.0412,0.0057,0.2025,0.0039,4.3169,0.0157,0.2021,0.4161,0.0006,0.0004,0.1693,0.0014,0.0010,0.0000,0.0000,0.0006
1125,19.2594,18.9917,16.8437,5.0589,,true,2,0.008333,0.1798,0.0167,1.00,0.99,0.5902,22,1,382,382,0,426,526,0,14,14,0,359424,0,1102,0,0,751153152,0.000000,0.000000,0.000000,0.00,2,7,10,18,16,25,21,20,20,34,42,43,37,51,36,0,0,0,0.0003,0.0018,0.0438,0.0466,0.0065,0.1804,0.0045,5.0589,0.0160,0.1798,0.4435,0.0011,0.0006,0.1710,0.0012,0.0009,0.0000,0.0000,0.0012
1126,19.2739,19.0000,14.9819,4.6902,,true,1,0.008333,0.2073,0.0083,1.00,0.56,7.2388,22,1,382,382,0,425,525,0,14,14,0,359424,0,1102,0,0,751153152,0.000000,0.000000,0.000000,0.00,2,7,10,18,16,25,21,20,20,34,42,43,37,51,36,0,0,0,0.0004,0.0013,0.0370,0.0363,0.0075,0.2075,0.0055,4.6902,0.0145,0.2073,0.4126,0.0009,0.0003,0.1643,0.0012,0.0010,0.0000,0.0000,0.0007
1127,19.2897,19.0167,15.9312,4.7160,,true,2,0.008333,0.2198,0.0167,1.00,1.00,6.5033,22,1,382,382,0,424,524,0,14,14,0,359424,0,1102,0,0,751153152,0.000000,0.000000,0.000000,0.00,2,7,10,18,16,25,21,20,20,34,42,43,37,51,36,0,0,0,0.0002,0.0022,0.0396,0.0304,0.0033,0.2200,0.0039,4.7160,0.0138,0.2198,0.4555,0.0004,0.0003,0.2138,0.0011,0.0012,0.0000,0.0000,0.0009
1128,19.3063,19.0333,16.8407,4.3430,,true,2,0.008333,0.2141,0.0167,1.00,0.99,6.6773,22,1,382,382,0,424,524,0,14,14,0,359424,0,1102,0,0,751153152,0.000000,0.000000,0.000000,0.00,2,7,10,18,16,25,21,20,20,34,42,43,37,51,36,0,0,0,0.0005,0.0017,0.0757,0.0357,0.0067,0.2154,0.0045,4.3430,0.0290,0.2141,0.4722,0.0004,0.0005,0.1924,0.0018,0.0011,0.0000,0.0000,0.0008
1129,19.3219,19.0500,15.0732,4.9611,,true,2,0.008333,0.2346,0.0167,1.00,1.00,5.0839,22,1,382,382,0,424,524,0,14,14,0,357120,0,1102,0,0,751153152,0.000000,0.000000,0.000000,0.00,2,7,10,18,16,25,21,20,20,34,42,43,37,51,36,0,0,0,0.0002,0.0030,0.0382,0.0469,0.0108,0.2348,0.0061,4.9611,0.0241,0.2346,0.4232,0.0005,0.0005,0.1666,0.0010,0.0013,0.0000,0.0000,0.0011
1130,19.3383,19.0667,17.3617,4.0184,,true,2,0.008333,0.1937,0.0167,1.00,0.96,5.7789,22,1,382,382,0,424,524,0,14,14,0,357120,0,1102,0,0,751153152,0.000000,0.000000,0.000000,0.00,2,7,10,18,16,25,21,20,20,34,42,43,37,51,36,0,0,0,0.0002,0.0019,0.0378,0.0375,0.0069,0.1950,0.0049,4.0184,0.0121,0.1937,0.3802,0.0003,0.0002,0.1488,0.0015,0.0012,0.0000,0.0000,0.0007
1131,19.3532,19.0833,14.2156,4.7243,,true,2,0.008333,0.1949,0.0167,1.00,1.00,3.3278,22,1,382,382,0,425,525,0,14,14,0,357120,0,1102,0,0,751153152,0.000000,0.000000,0.000000,0.00,2,7,10,18,16,25,21,20,20,34,42,43,37,51,36,0,0,0,0.0002,0.0012,0.0532,0.0275,0.0056,0.1956,0.0045,4.7243,0.0197,0.1949,0.4855,0.0007,0.0010,0.2209,0.0014,0.0009,0.0000,0.0000,0.0012
1132,19.3709,19.1000,16.9987,5.1874,,true,2,0.008333,0.2103,0.0167,1.00,0.98,3.6599,22,1,382,382,0,425,525,0,14,14,0,357120,0,1102,0,0,751153152,0.000000,0.000000,0.000000,0.00,2,7,10,18,16,25,21,20,20,34,42,43,37,51,36,0,0,0,0.0008,0.0024,0.0487,0.0381,0.0071,0.2111,0.0048,5.1874,0.0206,0.2103,0.4269,0.0005,0.0009,0.1864,0.0013,0.0011,0.0000,0.0000,0.0010
1133,19.3856,19.1167,15.5508,4.8907,,true,2,0.008333,0.1581,0.0167,1.00,1.00,2.5440,22,1,382,382,0,426,526,0,14,14,0,357120,0,1102,0,0,751157248,0.000000,0.000000,0.000000,0.00,2,7,10,18,16,25,21,20,20,34,42,43,37,51,36,0,0,0,0.0002,0.0032,0.0613,0.0309,0.0054,0.1586,0.0043,4.8907,0.0286,0.1581,0.4554,0.0008,0.0005,0.1930,0.0029,0.0009,0.0000,0.0000,0.0006
1134,19.4012,19.1333,16.2426,4.1151,,true,2,0.008333,0.1747,0.0167,1.00,1.00,2.1200,22,1,382,382,0,427,527,0,14,14,0,357120,0,1102,0,0,751157248,0.000000,0.000000,0.000000,0.00,2,7,10,18,16,25,21,20,20,34,42,43,37,51,36,0,0,0,0.0002,0.0016,0.0379,0.0360,0.0082,0.1752,0.0052,4.1151,0.0149,0.1747,0.4163,0.0009,0.0007,0.1555,0.0006,0.0011,0.0000,0.0000,0.0011
1135,19.4194,19.1500,16.1534,6.0392,,true,2,0.008333,0.3635,0.0167,1.00,1.00,1.6066,22,1,382,382,0,427,527,0,14,14,0,357120,0,1102,0,0,751157248,0.000000,0.000000,0.000000,0.00,2,7,10,18,16,25,21,20,20,34,42,43,37,51,36,0,0,0,0.0007,0.0038,0.0601,0.0561,0.0074,0.3661,0.0058,6.0392,0.0232,0.3635,0.3679,0.0005,0.0002,0.1614,0.0012,0.0011,0.0000,0.0000,0.0009
1136,19.4356,19.1667,16.2815,5.7411,,true,2,0.008333,0.1764,0.0167,1.00,1.00,1.2214,22,1,382,382,0,428,528,0,14,14,0,357120,0,1102,0,0,751157248,0.000000,0.000000,0.000000,0.00,2,7,10,18,16,25,21,20,20,34,42,43,37,51,36,0,0,0,0.0001,0.0030,0.0773,0.0390,0.0060,0.1772,0.0070,5.7411,0.0459,0.1764,0.4041,0.0006,0.0002,0.1687,0.0014,0.0008,0.0000,0.0000,0.0005
1137,19.4516,19.1833,15.4654,6.2430,,true,2,0.008333,0.2663,0.0167,1.00,1.00,0.0202,22,1,382,382,0,429,529,0,14,14,0,357120,0,1102,0,0,751157248,0.000000,0.000000,0.000000,0.00,2,7,10,18,16,25,21,20,20,34,42,43,37,51,36,0,0,0,0.0007,0.0033,0.0505,0.0512,0.0099,0.2665,0.0078,6.2430,0.0217,0.2663,0.5239,0.0007,0.0006,0.2389,0.0028,0.0009,0.0000,0.0000,0.0006
1138,19.4680,19.2000,17.3251,5.1150,,true,2,0.008333,0.1739,0.0167,1.00,0.96,0.6786,22,1,382,382,0,429,529,0,14,14,0,357120,0,1102,0,0,751157248,0.000000,0.000000,0.000000,0.00,2,7,10,18,16,25,21,20,20,34,42,43,37,51,36,0,0,0,0.0005,0.0026,0.0562,0.0414,0.0077,0.1741,0.0073,5.1150,0.0251,0.1739,0.5103,0.0004,0.0003,0.2215,0.0024,0.0007,0.0000,0.0000,0.0008
1139,19.4825,19.2083,15.1538,4.7611,,true,1,0.008333,0.1640,0.0083,1.00,0.55,7.4991,22,1,382,382,0,428,528,0,14,14,0,357120,0,1102,0,0,751157248,0.000000,0.000000,0.000000,0.00,2,7,10,18,16,25,21,20,20,34,42,43,37,51,36,0,0,0,0.0003,0.0018,0.0345,0.0422,0.0067,0.1647,0.0043,4.7611,0.0159,0.1640,0.4028,0.0006,0.0005,0.1565,0.0014,0.0008,0.0000,0.0000,0.0013
1140,19.4984,19.2250,16.0563,4.6506,,true,2,0.008333,0.1899,0.0167,1.00,1.00,6.8887,22,1,382,382,0,427,527,0,14,14,0,357120,0,1102,0,0,751157248,0.000000,0.000000,0.000000,0.00,2,7,10,18,16,25,21,20,20,34,42,43,37,51,36,0,0,0,0.0001,0.0028,0.0401,0.0341,0.0060,0.1902,0.0062,4.6506,0.0157,0.1899,0.4135,0.0006,0.0004,0.1654,0.0017,0.0014,0.0000,0.0000,0.0011
1141,19.5115,19.2417,14.2386,3.6715,,true,2,0.008333,0.1415,0.0167,1.00,1.00,4.4607,22,1,382,382,0,427,527,0,14,14,0,357120,0,1102,0,0,751157248,0.000000,0.000000,0.000000,0.00,2,7,10,18,16,25,21,20,20,34,42,43,37,51,36,0,0,0,0.0001,0.0008,0.0331,0.0337,0.0042,0.1420,0.0034,3.6715,0.0142,0.1415,0.3709,0.0004,0.0003,0.1594,0.0009,0.0006,0.0000,0.0000,0.0010
1142,19.5276,19.2583,15.2581,4.6596,,true,2,0.008333,0.2975,0.0167,1.00,1.00,3.0521,22,1,382,382,0,427,527,0,14,14,0,357120,0,1102,0,0,751161344,0.000000,0.000000,0.000000,0.00,2,7,10,18,16,25,21,20,20,34,42,43,37,51,36,0,0,0,0.0002,0.0016,0.0386,0.0350,0.0064,0.2979,0.0045,4.6596,0.0194,0.2975,0.4175,0.0013,0.0004,0.1764,0.0007,0.0021,0.0000,0.0000,0.0033
1143,19.5456,19.2750,16.7047,5.6760,,true,2,0.008333,0.2754,0.0167,1.00,1.00,3.0901,22,1,382,382,0,427,527,0,14,14,0,357120,0,1102,0,0,751161344,0.000000,0.000000,0.000000,0.00,2,7,10,18,16,25,21,20,20,34,42,43,37,51,36,0,0,0,0.0004,0.0035,0.1078,0.0407,0.0035,0.2764,0.0106,5.6760,0.0275,0.2754,0.4937,0.0007,0.0005,0.2433,0.0010,0.0023,0.0000,0.0000,0.0019
1144,19.5625,19.2917,17.7389,4.7506,,true,2,0.008333,0.2505,0.0167,1.00,0.94,4.1624,22,1,382,382,0,427,527,0,14,14,0,357120,0,1102,0,0,751161344,0.000000,0.000000,0.000000,0.00,2,7,10,18,16,25,21,20,20,34,42,43,37,51,36,0,0,0,0.0005,0.0026,0.0624,0.0488,0.0087,0.2519,0.0048,4.7506,0.0199,0.2505,0.4291,0.0006,0.0004,0.1715,0.0015,0.0009,0.0000,0.0000,0.0013
1145,19.5767,19.3083,14.4542,4.8717,,true,2,0.008333,0.1737,0.0167,1.00,1.00,1.9499,22,1,382,382,0,428,528,0,14,14,0,357120,0,1102,0,0,751161344,0.000000,0.000000,0.000000,0.00,2,7,10,18,16,25,21,20,20,34,42,43,37,51,36,0,0,0,0.0003,0.0011,0.0489,0.0298,0.0043,0.1742,0.0026,4.8717,0.0123,0.1737,0.5013,0.0005,0.0001,0.2069,0.0010,0.0017,0.0000,0.0000,0.0010
1146,19.5916,19.3250,15.3901,4.2767,,true,2,0.008333,0.1408,0.0167,1.00,1.00,0.6734,22,1,382,382,0,428,528,0,14,14,0,357120,0,1102,0,0,751161344,0.000000,0.000000,0.000000,0.00,2,7,10,18,16,25,21,20,20,34,42,43,37,51,36,0,0,0,0.0003,0.0017,0.0376,0.0271,0.0054,0.1415,0.0046,4.2767,0.0187,0.1408,0.3976,0.0005,0.0004,0.1806,0.0010,0.0015,0.0000,0.0000,0.0007
1147,19.6050,19.3333,14.7547,3.3304,,true,1,0.008333,0.1171,0.0083,1.00,0.56,7.0948,22,1,382,382,0,427,527,0,14,14,0,357120,0,1102,0,0,751161344,0.000000,0.000000,0.000000,0.00,2,7,10,18,16,25,21,20,20,34,42,43,37,51,36,0,0,0,0.0003,0.0009,0.0344,0.0200,0.0025,0.1174,0.0024,3.3304,0.0126,0.1171,0.3473,0.0003,0.0002,0.1481,0.0009,0.0004,0.0000,0.0000,0.0004
1148,19.6209,19.3500,15.4562,3.5710,,true,2,0.008333,0.1508,0.0167,1.00,1.00,5.8843,22,1,382,382,0,427,527,0,14,14,0,357120,0,1102,0,0,751161344,0.000000,0.000000,0.000000,0.00,2,7,10,18,16,25,21,20,20,34,42,43,37,51,36,0,0,0,0.0004,0.0011,0.0308,0.0311,0.0046,0.1516,0.0034,3.5710,0.0115,0.1508,0.3482,0.0003,0.0006,0.1381,0.0011,0.0007,0.0000,0.0000,0.0008
1149,19.6360,19.3667,15.0992,3.5081,,true,2,0.008333,0.1623,0.0167,1.00,1.00,4.3169,22,1,382,382,0,427,527,0,14,14,0,357120,0,1102,0,0,751161344,0.000000,0.000000,0.000000,0.00,2,7,10,18,16,25,21,20,20,34,42,43,37,51,36,0,0,0,0.0002,0.0015,0.0417,0.0240,0.0043,0.1628,0.0034,3.5081,0.0155,0.1623,0.3675,0.0004,0.0006,0.1429,0.0012,0.0006,0.0000,0.0000,0.0007
1150,19.6523,19.3833,14.9701,4.6326,,true,2,0.008333,0.1766,0.0167,1.00,1.00,2.6203,22,1,382,382,0,427,527,0,14,14,0,357120,0,1102,0,0,751161344,0.000000,0.000000,0.000000,0.00,2,7,10,18,16,25,21,20,20,34,42,43,37,51,36,0,0,0,0.0001,0.0180,0.0375,0.0406,0.0058,0.1771,0.0061,4.6326,0.0189,0.1766,0.3876,0.0004,0.0005,0.1624,0.0014,0.0009,0.0000,0.0000,0.0007
1151,19.6709,19.4000,18.1923,4.7289,,true,2,0.008333,0.3144,0.0167,1.00,0.92,4.1459,22,1,382,382,0,427,527,0,14,14,0,357120,0,1102,0,0,751161344,0.000000,0.000000,0.000000,0.00,2,7,10,18,16,25,21,20,20,34,42,43,37,51,36,0,0,0,0.0008,0.0016,0.0523,0.0365,0.0055,0.3149,0.0059,4.7289,0.0151,0.3144,0.4770,0.0005,0.0006,0.1771,0.0012,0.0012,0.0000,0.0000,0.0010
1152,19.6892,19.4167,14.8748,8.3384,,true,2,0.008333,0.2034,0.0167,1.00,1.00,2.3541,22,1,382,382,8,428,528,0,14,14,0,357120,0,1110,16,40,751165440,0.000000,0.000000,0.000000,0.00,2,7,10,18,16,25,21,20,20,34,42,43,37,51,36,0,0,0,0.0001,0.0025,0.0418,0.0452,0.0100,0.2038,0.0063,8.3384,0.0173,0.2034,3.6819,0.0005,0.1320,0.1985,0.0019,0.0009,0.0000,0.0000,3.0334
1153,19.6995,19.4333,14.3518,4.4503,,true,2,0.008333,0.1811,0.0167,1.00,1.00,0.0392,22,1,382,382,8,445,545,0,14,14,8,357120,0,1118,8,40,751165440,0.000000,0.000000,0.000000,0.00,2,7,10,18,16,25,21,20,20,34,42,43,37,51,36,0,0,0,0.0001,0.0018,0.0348,0.0372,0.0072,0.1817,0.0045,4.4503,0.0127,0.1811,0.6143,0.0241,0.1552,0.1549,0.0016,0.0080,0.0000,38.5153,0.0005
1154,19.7151,19.4417,15.2768,4.4535,,true,1,0.008333,0.1278,0.0083,1.00,0.55,6.9827,22,1,382,382,0,425,525,0,14,14,8,357120,0,1118,0,0,751165440,0.000000,0.000000,0.000000,0.00,2,7,10,18,16,25,21,20,20,34,42,43,37,51,36,0,0,0,0.0002,0.0015,0.0474,0.0271,0.0046,0.1285,0.0033,4.4535,0.0217,0.1278,0.6179,0.0258,0.1658,0.1459,0.0018,0.0174,0.0000,32.3887,0.0011
1155,19.7306,19.4583,15.9845,4.0236,,true,2,0.008333,0.2107,0.0167,1.00,1.00,6.3006,22,1,382,382,0,416,516,0,14,14,0,357120,0,1118,0,0,751255552,0.000000,0.000000,0.000000,0.00,2,7,10,18,16,25,21,20,20,34,41,48,34,46,40,0,0,0,0.0003,0.0017,0.0374,0.0345,0.0057,0.2109,0.0056,4.0236,0.0163,0.2107,0.4980,0.0005,0.0005,0.1756,0.0012,0.0009,0.0000,0.0000,0.0009
1156,19.7487,19.4750,17.4168,4.6948,,true,2,0.008333,0.1845,0.0167,1.00,0.96,7.0507,22,1,382,382,0,412,512,0,14,14,0,357120,0,1118,0,0,751255552,0.000000,0.000000,0.000000,0.00,2,7,10,18,16,25,21,20,20,34,41,48,34,46,40,0,0,0,0.0001,0.0018,0.0353,0.0506,0.0071,0.1851,0.0053,4.6948,0.0160,0.1845,0.4176,0.0004,0.0006,0.1991,0.0015,0.0007,0.0000,0.0000,0.0011
1157,19.7631,19.4917,15.7603,3.7879,,true,2,0.008333,0.1889,0.0167,1.00,1.00,6.1443,22,1,382,382,0,411,511,0,14,14,0,357120,0,1118,0,0,751255552,0.000000,0.000000,0.000000,0.00,2,7,10,18,16,25,21,20,20,34,41,48,34,46,40,0,0,0,0.0004,0.0017,0.0351,0.0292,0.0058,0.1891,0.0046,3.7879,0.0160,0.1889,0.3823,0.0004,0.0004,0.1716,0.0016,0.0012,0.0000,0.0000,0.0010
1158,19.7785,19.5083,14.4868,4.5785,,true,2,0.008333,0.2401,0.0167,1.00,1.00,3.9643,22,1,382,382,0,414,514,0,14,14,0,357120,0,1118,0,0,751255552,0.000000,0.000000,0.000000,0.00,2,7,10,18,16,25,21,20,20,34,41,48,34,46,40,0,0,0,0.0002,0.0018,0.0365,0.0277,0.0042,0.2405,0.0043,4.5785,0.0176,0.2401,0.3476,0.0004,0.0004,0.1620,0.0010,0.0009,0.0000,0.0000,0.0009
1159,19.7950,19.5250,17.3632,3.7521,,true,2,0.008333,0.1747,0.0167,1.00,0.96,4.6608,22,1,382,382,0,415,515,0,14,14,0,357120,0,1118,0,0,751255552,0.000000,0.000000,0.000000,0.00,2,7,10,18,16,25,21,20,20,34,41,48,34,46,40,0,0,0,0.0002,0.0020,0.0417,0.0335,0.0077,0.1751,0.0060,3.7521,0.0260,0.1747,0.3727,0.0007,0.0006,0.1556,0.0016,0.0009,0.0000,0.0000,0.0010
1160,19.8124,19.5417,15.9411,4.9413,,true,2,0.008333,0.1934,0.0167,1.00,1.00,3.9353,22,1,382,382,0,417,517,0,14,14,0,357120,0,1118,0,0,751255552,0.000000,0.000000,0.000000,0.00,2,7,10,18,16,25,21,20,20,34,41,48,34,46,40,0,0,0,0.0009,0.0026,0.0545,0.0459,0.0038,0.1940,0.0098,4.9413,0.0240,0.1934,0.4903,0.0012,0.0007,0.2378,0.0014,0.0011,0.0000,0.0000,0.0013
1161,19.8269,19.5583,15.8842,3.7862,,true,2,0.008333,0.1607,0.0167,1.00,1.00,3.1528,22,1,382,382,0,420,520,0,14,14,0,368640,0,1118,0,0,751259648,0.000000,0.000000,0.000000,0.00,2,7,10,18,16,25,21,20,20,34,41,48,34,46,40,0,0,0,0.0004,0.0010,0.0338,0.0292,0.0049,0.1609,0.0053,3.7862,0.0133,0.1607,0.3630,0.0005,0.0003,0.1537,0.0011,0.0007,0.0000,0.0000,0.0005
1162,19.8458,19.5750,17.2913,5.0223,,true,2,0.008333,0.2125,0.0167,1.00,0.96,3.7775,22,1,382,382,0,421,521,0,14,14,0,366336,0,1118,0,0,751259648,0.000000,0.000000,0.000000,0.00,2,7,10,18,16,25,21,20,20,34,41,48,34,46,40,0,0,0,0.0002,0.0015,0.0372,0.0374,0.0079,0.2138,0.0050,5.0223,0.0167,0.2125,0.3985,0.0005,0.0007,0.1947,0.0012,0.0011,0.0000,0.0000,0.0013
1163,19.8612,19.5917,16.2420,4.4717,,true,2,0.008333,0.2214,0.0167,1.00,1.00,3.3528,22,1,382,382,0,422,522,0,14,14,0,366336,0,1118,0,0,751259648,0.000000,0.000000,0.000000,0.00,2,7,10,18,16,25,21,20,20,34,41,48,34,46,40,0,0,0,0.0001,0.0022,0.0391,0.0349,0.0065,0.2218,0.0071,4.4717,0.0153,0.2214,0.4207,0.0006,0.0004,0.1701,0.0012,0.0014,0.0000,0.0000,0.0010
1164,19.8772,19.6083,15.2690,5.4751,,true,2,0.008333,0.1916,0.0167,1.00,1.00,1.9551,22,1,382,382,0,424,524,0,14,14,0,364032,0,1118,0,0,751276032,0.000000,0.000000,0.000000,0.00,2,7,10,18,16,25,21,20,20,34,41,48,34,46,40,0,0,0,0.0003,0.0008,0.0356,0.0312,0.0063,0.1924,0.0042,5.4751,0.0149,0.1916,0.4315,0.0007,0.0005,0.2092,0.0018,0.0011,0.0000,0.0000,0.0013
1165,19.8942,19.6250,18.1369,4.0925,,true,2,0.008333,0.1607,0.0167,1.00,0.92,3.4253,22,1,382,382,0,425,525,0,14,14,0,361728,0,1118,0,0,751325184,0.000000,0.000000,0.000000,0.00,2,7,10,18,16,25,21,20,20,34,41,48,34,46,40,0,0,0,0.0008,0.0014,0.0457,0.0329,0.0050,0.1612,0.0042,4.0925,0.0201,0.1607,0.4104,0.0006,0.0005,0.1770,0.0017,0.0008,0.0000,0.0000,0.0009
1166,19.9090,19.6417,13.7697,5.0794,,true,2,0.008333,0.2895,0.0167,1.00,1.00,0.5284,22,1,382,382,0,427,527,0,14,14,0,361728,0,1118,0,0,752635904,0.000000,0.000000,0.000000,0.00,2,7,10,18,16,25,21,20,20,34,41,48,34,46,40,0,0,0,0.0010,0.0025,0.0396,0.0324,0.0062,0.2899,0.0071,5.0794,0.0119,0.2895,0.3797,0.0006,0.0004,0.1726,0.0017,0.0012,0.0000,0.0000,0.0011
1167,19.9256,19.6583,17.1682,4.5231,,true,2,0.008333,0.1787,0.0167,1.00,0.97,1.0299,22,1,382,382,0,428,528,0,14,14,0,361728,0,1118,0,0,752635904,0.000000,0.000000,0.000000,0.00,2,7,10,18,16,25,21,20,20,34,41,48,34,46,40,0,0,0,0.0003,0.0019,0.0342,0.0289,0.0023,0.1794,0.0045,4.5231,0.0120,0.1787,0.3863,0.0005,0.0006,0.1588,0.0013,0.0007,0.0000,0.0000,0.0017
1168,19.9422,19.6750,15.7692,5.1662,,true,2,0.008333,0.1637,0.0167,1.00,1.00,0.1324,22,1,382,382,0,429,529,0,14,14,0,361728,0,1118,0,0,752635904,0.000000,0.000000,0.000000,0.00,2,7,10,18,16,25,21,20,20,34,41,48,34,46,40,0,0,0,0.0003,0.0021,0.0538,0.0245,0.0087,0.1640,0.0063,5.1662,0.0203,0.1637,0.4594,0.0007,0.0004,0.1911,0.0019,0.0021,0.0000,0.0000,0.0014
1169,19.9614,19.6917,18.6384,5.5950,,true,2,0.008333,0.1978,0.0167,1.00,0.89,2.1042,22,1,382,382,0,429,529,0,14,14,0,359424,0,1118,0,0,752635904,0.000000,0.000000,0.000000,0.00,2,7,10,18,16,25,21,20,20,34,41,48,34,46,40,0,0,0,0.0004,0.0018,0.0547,0.0454,0.0082,0.1986,0.0062,5.5950,0.0263,0.1978,0.4983,0.0007,0.0007,0.2363,0.0016,0.0012,0.0000,0.0000,0.0012
1170,19.9749,19.7083,14.7259,4.8673,,true,2,0.008333,0.2029,0.0167,1.00,1.00,0.1634,22,1,382,382,0,430,530,0,14,14,0,359424,0,1118,0,0,752640000,0.000000,0.000000,0.000000,0.00,2,7,10,18,16,25,21,20,20,34,41,48,34,46,40,0,0,0,0.0005,0.0032,0.0534,0.0500,0.0077,0.2034,0.0075,4.8673,0.0196,0.2029,0.5162,0.0004,0.0007,0.2798,0.0023,0.0010,0.0000,0.0000,0.0008
1171,19.9960,19.7250,19.5567,5.6444,,true,2,0.008333,0.2691,0.0167,1.00,0.85,3.0534,22,1,382,382,0,430,530,0,14,14,0,359424,0,1118,0,0,752640000,0.000000,0.000000,0.000000,0.00,2,7,10,18,16,25,21,20,20,34,41,48,34,46,40,0,0,0,0.0007,0.0034,0.0551,0.0568,0.0078,0.2707,0.0078,5.6444,0.0249,0.2691,0.5239,0.0009,0.0004,0.2398,0.0014,0.0014,0.0000,0.0000,0.0006
1172,20.0089,19.7417,14.6983,4.4281,,true,2,0.008333,0.1452,0.0167,1.00,1.00,1.0851,22,1,382,382,0,430,530,0,14,14,0,361728,0,1118,0,0,752640000,0.000000,0.000000,0.000000,0.00,2,7,10,18,16,25,21,20,20,34,41,48,34,46,40,0,0,0,0.0001,0.0015,0.0327,0.0252,0.0030,0.1459,0.0042,4.4281,0.0136,0.1452,0.3788,0.0008,0.0005,0.1512,0.0015,0.0011,0.0000,0.0000,0.0007
1173,20.0254,19.7583,15.7829,5.0505,,true,2,0.008333,0.3146,0.0167,1.00,1.00,0.2014,22,1,382,382,0,430,530,0,14,14,0,361728,0,1118,0,0,752640000,0.000000,0.000000,0.000000,0.00,2,7,10,18,16,25,21,20,20,34,41,48,34,46,40,0,0,0,0.0003,0.0022,0.0450,0.0516,0.0103,0.3150,0.0056,5.0505,0.0205,0.3146,0.4362,0.0003,0.0003,0.1864,0.0017,0.0014,0.0000,0.0000,0.0008
1174,20.0411,19.7667,16.3404,4.4642,,true,1,0.008333,0.1559,0.0083,1.00,0.51,8.2084,22,1,382,382,0,428,528,0,14,14,0,361728,0,1118,0,0,752640000,0.000000,0.000000,0.000000,0.00,2,7,10,18,16,25,21,20,20,34,41,48,34,46,40,0,0,0,0.0002,0.0022,0.0497,0.0385,0.0054,0.1566,0.0041,4.4642,0.0197,0.1559,0.4612,0.0008,0.0004,0.1723,0.0020,0.0011,0.0000,0.0000,0.0010
1175,20.0678,19.7917,22.5484,7.9978,,true,3,0.008333,0.2552,0.0250,1.00,1.00,5.7568,22,1,382,382,0,428,528,0,14,14,0,361728,0,1118,0,0,752640000,0.000000,0.000000,0.000000,0.00,2,7,10,18,16,25,21,20,20,34,41,48,34,46,40,0,0,0,0.0004,0.0024,0.0375,0.0522,0.0072,0.2559,0.0063,7.9978,0.0226,0.2552,0.4651,0.0008,0.0006,0.2031,0.0020,0.0005,0.0000,0.0000,0.0003
1176,20.0825,19.8083,17.2881,5.5484,,true,2,0.008333,0.1978,0.0167,1.00,0.96,6.3783,22,1,382,382,0,427,527,0,14,14,0,361728,0,1118,0,0,752640000,0.000000,0.000000,0.000000,0.00,2,7,10,18,16,25,21,20,20,34,41,48,34,46,40,0,0,0,0.0006,0.0015,0.0533,0.0455,0.0085,0.1980,0.0066,5.5484,0.0223,0.1978,0.6067,0.0005,0.0004,0.2837,0.0031,0.0013,0.0000,0.0000,0.0013
1177,20.0979,19.8250,16.2347,5.0003,,true,2,0.008333,0.1856,0.0167,1.00,1.00,5.9464,22,1,382,382,0,427,527,0,14,14,0,361728,0,1118,0,0,752640000,0.000000,0.000000,0.000000,0.00,2,7,10,18,16,25,21,20,20,34,41,48,34,46,40,0,0,0,0.0004,0.0016,0.0344,0.0362,0.0075,0.1861,0.0056,5.0003,0.0193,0.1856,0.3791,0.0003,0.0006,0.1642,0.0015,0.0007,0.0000,0.0000,0.0011
1178,20.1133,19.8417,15.9186,4.7518,,true,2,0.008333,0.2279,0.0167,1.00,1.00,5.1983,22,1,382,382,0,427,527,0,14,14,0,361728,0,1118,0,0,752640000,0.000000,0.000000,0.000000,0.00,2,7,10,18,16,25,21,20,20,34,41,48,34,46,40,0,0,0,0.0016,0.0018,0.0366,0.0315,0.0033,0.2287,0.0042,4.7518,0.0182,0.2279,0.3978,0.0006,0.0007,0.1689,0.0016,0.0010,0.0000,0.0000,0.0024
1179,20.1301,19.8583,17.2530,4.1189,,true,2,0.008333,0.2306,0.0167,1.00,0.97,5.7846,22,1,382,382,0,426,526,0,14,14,0,361728,0,1118,0,0,752640000,0.000000,0.000000,0.000000,0.00,2,7,10,18,16,25,21,20,20,34,41,48,34,46,40,0,0,0,0.0005,0.0021,0.0356,0.0364,0.0059,0.2314,0.0052,4.1189,0.0187,0.2306,0.4200,0.0007,0.0010,0.1881,0.0013,0.0015,0.0000,0.0000,0.0015
1180,20.1469,19.8750,16.0051,5.0474,,true,2,0.008333,0.1698,0.0167,1.00,1.00,5.1230,22,1,382,382,0,426,526,0,14,14,0,361728,0,1118,0,0,752644096,0.000000,0.000000,0.000000,0.00,2,7,10,18,16,25,21,20,20,34,41,48,34,46,40,0,0,0,0.0006,0.0034,0.0363,0.0414,0.0068,0.1714,0.0055,5.0474,0.0139,0.1698,0.3675,0.0004,0.0002,0.1595,0.0011,0.0011,0.0000,0.0000,0.0011
1181,20.1655,19.8917,17.4013,5.9934,,true,2,0.008333,0.3948,0.0167,1.00,0.96,5.8576,22,1,382,382,0,426,526,0,14,14,0,361728,0,1118,0,0,752644096,0.000000,0.000000,0.000000,0.00,2,7,10,18,16,25,21,20,20,34,41,48,34,46,40,0,0,0,0.0004,0.0022,0.0600,0.0494,0.0098,0.3963,0.0074,5.9934,0.0266,0.3948,0.5099,0.0009,0.0004,0.1867,0.0031,0.0011,0.0000,0.0000,0.0014
1182,20.1823,19.9083,15.5376,6.6887,,true,2,0.008333,0.2447,0.0167,1.00,1.00,4.7285,22,1,382,382,0,427,527,0,14,14,0,364032,0,1118,0,0,752644096,0.000000,0.000000,0.000000,0.00,2,7,10,18,16,25,21,20,20,34,41,48,34,46,40,0,0,0,0.0007,0.0036,0.0602,0.0423,0.0105,0.2452,0.0056,6.6887,0.0525,0.2447,0.5211,0.0007,0.0006,0.2371,0.0020,0.0012,0.0000,0.0000,0.0013
1183,20.2002,19.9250,19.2357,5.7740,,true,2,0.008333,0.2298,0.0167,1.00,0.87,7.2975,22,1,382,382,0,426,526,0,14,14,0,364032,0,1118,0,0,752644096,0.000000,0.000000,0.000000,0.00,2,7,10,18,16,25,21,20,20,34,41,48,34,46,40,0,0,0,0.0002,0.0024,0.0456,0.0463,0.0091,0.2312,0.0088,5.7740,0.0192,0.2298,0.5842,0.0007,0.0004,0.3010,0.0020,0.0012,0.0000,0.0000,0.0014
1184,20.2168,19.9500,18.0394,4.4949,,true,3,0.008333,0.2023,0.0250,1.00,1.00,0.3369,22,1,382,382,0,427,527,0,14,14,0,364032,0,1118,0,0,752644096,0.000000,0.000000,0.000000,0.00,2,7,10,18,16,25,21,20,20,34,41,48,34,46,40,0,0,0,0.0002,0.0021,0.0448,0.0368,0.0065,0.2025,0.0044,4.4949,0.0201,0.2023,0.4145,0.0006,0.0002,0.1828,0.0011,0.0014,0.0000,0.0000,0.0015
1185,20.2321,19.9583,16.0533,4.2107,,true,1,0.008333,0.1325,0.0083,1.00,0.52,8.0569,22,1,382,382,0,427,527,0,14,14,0,364032,0,1118,0,0,752644096,0.000000,0.000000,0.000000,0.00,2,7,10,18,16,25,21,20,20,34,41,48,34,46,40,0,0,0,0.0003,0.0029,0.0370,0.0390,0.0075,0.1328,0.0060,4.2107,0.0153,0.1325,0.3956,0.0008,0.0003,0.1685,0.0011,0.0009,0.0000,0.0000,0.0011
1186,20.2489,19.9750,16.5435,4.2723,,true,2,0.008333,0.1480,0.0167,1.00,1.00,7.9338,22,1,382,382,0,426,526,0,14,14,0,364032,0,1118,0,0,752644096,0.000000,0.000000,0.000000,0.00,2,7,10,18,16,25,21,20,20,34,41,48,34,46,40,0,0,0,0.0004,0.0017,0.0363,0.0278,0.0046,0.1483,0.0038,4.2723,0.0152,0.1480,0.3997,0.0005,0.0003,0.1871,0.0008,0.0008,0.0000,0.0000,0.0005
1187,20.2686,20.0000,17.8279,5.7547,,true,3,0.008333,0.4316,0.0250,1.00,1.00,0.7617,22,1,382,382,0,427,527,0,14,14,0,364032,0,1118,0,0,752644096,0.000000,0.000000,0.000000,0.00,2,7,10,18,16,25,21,20,20,34,41,48,34,46,40,0,0,0,0.0004,0.0035,0.0506,0.0649,0.0093,0.4338,0.0070,5.7547,0.0179,0.4316,0.4559,0.0005,0.0005,0.1957,0.0016,0.0013,0.0000,0.0000,0.0009
1188,20.2852,20.0167,17.5475,4.9472,,true,2,0.008333,0.2059,0.0167,1.00,0.95,1.6425,22,1,382,382,0,428,528,0,14,14,0,364032,0,1118,0,0,752644096,0.000000,0.000000,0.000000,0.00,2,7,10,18,16,25,21,20,20,34,41,48,34,46,40,0,0,0,0.0005,0.0015,0.1003,0.0345,0.0076,0.2067,0.0043,4.9472,0.0242,0.2059,0.4940,0.0007,0.0002,0.1969,0.0025,0.0012,0.0000,0.0000,0.0011
1189,20.3010,20.0333,16.2966,4.6956,,true,2,0.008333,0.1979,0.0167,1.00,1.00,1.2724,22,1,382,382,0,429,529,0,14,14,0,364032,0,1118,0,0,752648192,0.000000,0.000000,0.000000,0.00,2,7,10,18,16,25,21,20,20,34,41,48,34,46,40,0,0,0,0.0010,0.0016,0.0371,0.0447,0.0071,0.1983,0.0047,4.6956,0.0157,0.1979,0.4358,0.0005,0.0007,0.1769,0.0018,0.0019,0.0000,0.0000,0.0013
1190,20.3178,20.0500,16.5755,4.6388,,true,2,0.008333,0.2132,0.0167,1.00,1.00,1.1812,22,1,382,382,0,429,529,0,14,14,0,364032,0,1118,0,0,752648192,0.000000,0.000000,0.000000,0.00,2,7,10,18,16,25,21,20,20,34,41,48,34,46,40,0,0,0,0.0003,0.0015,0.0515,0.0487,0.0068,0.2142,0.0064,4.6388,0.0169,0.2132,0.5072,0.0007,0.0004,0.1754,0.0016,0.0011,0.0000,0.0000,0.0007
1191,20.3333,20.0583,14.7914,4.8207,,true,1,0.008333,0.1745,0.0083,1.00,0.56,7.6392,22,1,382,382,0,428,528,0,14,14,0,364032,0,1118,0,0,752648192,0.000000,0.000000,0.000000,0.00,2,7,10,18,16,25,21,20,20,34,41,48,34,46,40,0,0,0,0.0004,0.0040,0.0642,0.0377,0.0086,0.1760,0.0061,4.8207,0.0252,0.1745,0.4082,0.0005,0.0005,0.1801,0.0014,0.0015,0.0000,0.0000,0.0009
1192,20.3478,20.0750,15.2989,4.8237,,true,2,0.008333,0.2080,0.0167,1.00,1.00,6.2714,22,1,382,382,0,428,528,0,14,14,0,364032,0,1118,0,0,752648192,0.000000,0.000000,0.000000,0.00,2,7,10,18,16,25,21,20,20,34,41,48,34,46,40,0,0,0,0.0010,0.0032,0.0493,0.0481,0.0064,0.2085,0.0065,4.8237,0.0177,0.2080,0.3910,0.0003,0.0000,0.1564,0.0016,0.0005,0.0000,0.0000,0.0008
1193,20.3663,20.0917,17.2373,5.7866,,true,2,0.008333,0.2338,0.0167,1.00,0.97,6.8421,22,1,382,382,0,428,528,0,14,14,0,364032,0,1118,0,0,752648192,0.000000,0.000000,0.000000,0.00,2,7,10,18,16,25,21,20,20,34,41,48,34,46,40,0,0,0,0.0004,0.0025,0.0594,0.0578,0.0087,0.2348,0.0082,5.7866,0.0248,0.2338,0.5499,0.0004,0.0004,0.2344,0.0016,0.0014,0.0000,0.0000,0.0011
1194,20.3803,20.1083,15.4497,4.6421,,true,2,0.008333,0.2050,0.0167,1.00,1.00,5.6251,22,1,382,382,0,428,528,0,14,14,0,364032,0,1118,0,0,752648192,0.000000,0.000000,0.000000,0.00,2,7,10,18,16,25,21,20,20,34,41,48,34,46,40,0,0,0,0.0001,0.0016,0.0343,0.0412,0.0097,0.2059,0.0024,4.6421,0.0194,0.2050,0.3954,0.0006,0.0006,0.1654,0.0005,0.0007,0.0000,0.0000,0.0013
1195,20.3996,20.1250,15.0316,8.9186,,true,2,0.008333,0.1846,0.0167,1.00,1.00,3.9901,22,1,382,382,8,428,528,0,14,14,0,364032,0,1126,43,40,752648192,0.000000,0.000000,0.000000,0.00,2,7,10,18,16,25,21,20,20,34,41,48,34,46,40,0,0,0,0.0005,0.0019,0.0404,0.0330,0.0053,0.1853,0.0047,8.9186,0.0115,0.1846,4.1876,0.0009,0.1763,0.1613,0.0014,0.0012,0.0000,0.0000,3.4078
1196,20.4134,20.1417,16.8923,5.7736,,true,2,0.008333,0.4002,0.0167,1.00,0.99,4.2157,22,1,382,382,8,427,527,0,14,14,8,366336,0,1134,35,40,752648192,0.000000,0.000000,0.000000,0.00,2,7,10,18,16,25,21,20,20,34,41,48,34,46,40,0,0,0,0.0006,0.0020,0.0656,0.0323,0.0026,0.4012,0.0051,5.7736,0.0226,0.4002,0.7601,0.0272,0.1521,0.1822,0.0018,0.0085,0.0000,36.1546,0.0006
1197,20.4290,20.1583,15.8133,5.4884,,true,2,0.008333,0.2366,0.0167,1.00,1.00,3.3624,22,1,382,382,8,430,530,0,14,14,8,366336,0,1142,27,40,752648192,0.000000,0.000000,0.000000,0.00,2,7,10,18,16,25,21,20,20,34,41,48,34,46,40,0,0,0,0.0007,0.0029,0.0749,0.0782,0.0065,0.2372,0.0056,5.4884,0.0210,0.2366,0.7349,0.0254,0.1120,0.2010,0.0021,0.0159,0.0000,33.0787,0.0007
1198,20.4499,20.1750,19.1661,6.4275,,true,2,0.008333,0.3675,0.0167,1.00,0.87,5.8619,22,1,382,382,8,426,526,0,14,14,8,366336,0,1150,19,40,752652288,0.000000,0.000000,0.000000,0.00,2,7,10,18,16,25,21,20,20,34,41,48,34,46,40,0,0,0,0.0018,0.0072,0.0509,0.0464,0.0088,0.3702,0.0137,6.4275,0.0262,0.3675,0.8780,0.0553,0.0004,0.2742,0.0032,0.0289,0.0000,32.0077,0.0017
1199,20.4695,20.1917,17.0444,8.4430,,true,2,0.008333,0.3569,0.0167,1.00,0.98,6.2396,22,1,382,382,8,423,523,0,14,14,8,366336,0,1158,11,40,752652288,0.000000,0.000000,0.000000,0.00,2,7,10,18,16,25,21,20,20,34,41,48,34,46,40,0,0,0,0.0001,0.0038,0.0439,0.0713,0.0223,0.3578,0.0081,8.4430,0.0172,0.3569,0.7147,0.0431,0.0008,0.2264,0.0015,0.0269,0.0000,32.8716,0.0009
1200,20.4848,20.2083,18.7495,5.6995,,true,2,0.008333,0.1825,0.0167,1.00,0.89,8.3224,22,1,382,382,3,420,520,0,14,14,8,364032,0,1161,3,15,752652288,0.000000,0.000000,0.000000,0.00,2,7,10,18,16,25,21,20,20,34,41,48,34,46,40,0,0,0,0.0004,0.0014,0.0382,0.0530,0.0061,0.1837,0.0055,5.6995,0.0129,0.1825,0.5740,0.0293,0.0004,0.1896,0.0014,0.0188,0.0000,36.0450,0.0010
1201,20.4963,20.2250,13.7313,4.1034,,true,2,0.008333,0.1412,0.0167,1.00,1.00,5.3871,22,1,382,382,0,421,521,0,14,14,3,364032,0,1161,0,0,752652288,0.000000,0.000000,0.000000,0.00,2,7,10,18,16,25,21,20,20,34,41,48,34,46,40,0,0,0,0.0015,0.0020,0.0366,0.0256,0.0033,0.1413,0.0048,4.1034,0.0108,0.1412,0.4189,0.0165,0.0003,0.1538,0.0012,0.0089,0.0000,12.3030,0.0008
1202,20.5120,20.2417,15.9601,3.8255,,true,2,0.008333,0.1458,0.0167,1.00,1.00,4.6805,22,1,382,382,0,422,522,0,14,14,0,364032,0,1161,0,0,752652288,0.000000,0.000000,0.000000,0.00,2,7,10,18,16,25,21,20,20,34,41,46,43,43,36,0,0,0,0.0001,0.0014,0.0335,0.0328,0.0041,0.1462,0.0046,3.8255,0.0290,0.1458,0.4784,0.0006,0.0005,0.1701,0.0014,0.0014,0.0000,0.0000,0.0010
1203,20.5290,20.2583,16.7549,4.2443,,true,2,0.008333,0.3176,0.0167,1.00,0.99,4.7688,22,1,382,382,0,424,524,0,14,14,0,361728,0,1161,0,0,752652288,0.000000,0.000000,0.000000,0.00,2,7,10,18,16,25,21,20,20,34,41,46,43,43,36,0,0,0,0.0004,0.0015,0.0347,0.0342,0.0096,0.3186,0.0048,4.2443,0.0146,0.3176,0.3871,0.0008,0.0007,0.1735,0.0009,0.0019,0.0000,0.0000,0.0013
1204,20.5480,20.2750,17.5680,5.5337,,true,2,0.008333,0.2327,0.0167,1.00,0.95,5.6701,22,1,382,382,0,424,524,0,14,14,0,361728,0,1161,0,0,752652288,0.000000,0.000000,0.000000,0.00,2,7,10,18,16,25,21,20,20,34,41,46,43,43,36,0,0,0,0.0008,0.0017,0.0438,0.0403,0.0078,0.2337,0.0045,5.5337,0.0337,0.2327,0.4431,0.0006,0.0005,0.2242,0.0012,0.0008,0.0000,0.0000,0.0014
1205,20.5640,20.2917,15.8942,5.6557,,true,2,0.008333,0.2096,0.0167,1.00,1.00,4.8977,22,1,382,382,0,425,525,0,14,14,0,361728,0,1161,0,0,752652288,0.000000,0.000000,0.000000,0.00,2,7,10,18,16,25,21,20,20,34,41,46,43,43,36,0,0,0,0.0003,0.0021,0.0425,0.0825,0.0110,0.2109,0.0045,5.6557,0.0255,0.2096,0.4916,0.0007,0.0005,0.2456,0.0015,0.0017,0.0000,0.0000,0.0014
1206,20.5806,20.3083,17.1103,5.2315,,true,2,0.008333,0.1683,0.0167,1.00,0.97,5.3413,22,1,382,382,0,425,525,0,14,14,0,361728,0,1161,0,0,752652288,0.000000,0.000000,0.000000,0.00,2,7,10,18,16,25,21,20,20,34,41,46,43,43,36,0,0,0,0.0005,0.0153,0.0420,0.0366,0.0078,0.1689,0.0074,5.2315,0.0176,0.1683,0.4600,0.0005,0.0004,0.1982,0.0010,0.0006,0.0000,0.0000,0.0006
1207,20.5952,20.3250,14.8364,4.9321,,true,2,0.008333,0.1896,0.0167,1.00,1.00,3.5110,22,1,382,382,0,427,527,0,14,14,0,361728,0,1161,0,0,752656384,0.000000,0.000000,0.000000,0.00,2,7,10,18,16,25,21,20,20,34,41,46,43,43,36,0,0,0,0.0009,0.0016,0.0389,0.0947,0.0076,0.1910,0.0056,4.9321,0.0171,0.1896,0.3963,0.0007,0.0004,0.1651,0.0010,0.0010,0.0000,0.0000,0.0009
1208,20.6098,20.3417,15.1941,4.5154,,true,2,0.008333,0.1975,0.0167,1.00,1.00,2.0384,22,1,382,382,0,429,529,0,14,14,0,387072,0,1161,0,0,752656384,0.000000,0.000000,0.000000,0.00,2,7,10,18,16,25,21,20,20,34,41,46,43,43,36,0,0,0,0.0001,0.0019,0.0481,0.0366,0.0053,0.1981,0.0042,4.5154,0.0147,0.1975,0.3844,0.0005,0.0005,0.1771,0.0014,0.0011,0.0000,0.0000,0.0009
1209,20.6263,20.3583,15.2887,5.4652,,true,2,0.008333,0.1995,0.0167,1.00,1.00,0.6605,22,1,382,382,0,430,530,0,14,14,0,387072,0,1161,0,0,752656384,0.000000,0.000000,0.000000,0.00,2,7,10,18,16,25,21,20,20,34,41,46,43,43,36,0,0,0,0.0004,0.0024,0.0521,0.0281,0.0099,0.2007,0.0058,5.4652,0.0212,0.1995,0.4542,0.0006,0.0003,0.2202,0.0027,0.0010,0.0000,0.0000,0.0011
1210,20.6412,20.3667,15.7736,4.7507,,true,1,0.008333,0.1608,0.0083,1.00,0.53,8.1007,22,1,382,382,0,429,529,0,14,14,0,387072,0,1161,0,0,752656384,0.000000,0.000000,0.000000,0.00,2,7,10,18,16,25,21,20,20,34,41,46,43,43,36,0,0,0,0.0002,0.0007,0.0357,0.0389,0.0069,0.1612,0.0056,4.7507,0.0184,0.1608,0.4003,0.0005,0.0007,0.1600,0.0022,0.0009,0.0000,0.0000,0.0008
1211,20.6564,20.3833,14.7272,5.4273,,true,2,0.008333,0.1550,0.0167,1.00,1.00,6.1613,22,1,382,382,0,428,528,0,14,14,0,387072,0,1161,0,0,752656384,0.000000,0.000000,0.000000,0.00,2,7,10,18,16,25,21,20,20,34,41,46,43,43,36,0,0,0,0.0002,0.0030,0.0547,0.0370,0.0070,0.1558,0.0075,5.4273,0.0209,0.1550,0.4708,0.0008,0.0004,0.2415,0.0016,0.0011,0.0000,0.0000,0.0013
1212,20.6750,20.4000,17.7029,5.9310,,true,2,0.008333,0.3561,0.0167,1.00,0.94,7.1975,22,1,382,382,0,427,527,0,14,14,0,387072,0,1161,0,0,752656384,0.000000,0.000000,0.000000,0.00,2,7,10,18,16,25,21,20,20,34,41,46,43,43,36,0,0,0,0.0006,0.0032,0.0410,0.0509,0.0080,0.3572,0.0070,5.9310,0.0173,0.3561,0.4215,0.0004,0.0003,0.1762,0.0009,0.0010,0.0000,0.0000,0.0010
1213,20.6887,20.4167,15.1103,4.5313,,true,2,0.008333,0.1690,0.0167,1.00,1.00,5.6412,22,1,382,382,0,427,527,0,14,14,0,387072,0,1161,0,0,752656384,0.000000,0.000000,0.000000,0.00,2,7,10,18,16,25,21,20,20,34,41,46,43,43,36,0,0,0,0.0024,0.0031,0.0417,0.0332,0.0036,0.1696,0.0050,4.5313,0.0152,0.1690,0.3938,0.0003,0.0000,0.1628,0.0011,0.0007,0.0000,0.0000,0.0006
1214,20.7062,20.4333,16.3884,5.3326,,true,2,0.008333,0.2084,0.0167,1.00,1.00,5.3629,22,1,382,382,0,427,527,0,14,14,0,387072,0,1161,0,0,752656384,0.000000,0.000000,0.000000,0.00,2,7,10,18,16,25,21,20,20,34,41,46,43,43,36,0,0,0,0.0002,0.0021,0.0460,0.0474,0.0052,0.2087,0.0047,5.3326,0.0180,0.2084,0.4251,0.0003,0.0007,0.1771,0.0014,0.0008,0.0000,0.0000,0.0009
1215,20.7197,20.4500,14.7563,4.5060,,true,2,0.008333,0.1393,0.0167,1.00,1.00,3.4525,22,1,382,382,0,428,528,0,14,14,0,387072,0,1161,0,0,752656384,0.000000,0.000000,0.000000,0.00,2,7,10,18,16,25,21,20,20,34,41,46,43,43,36,0,0,0,0.0002,0.0013,0.0354,0.0328,0.0064,0.1400,0.0047,4.5060,0.0154,0.1393,0.3855,0.0004,0.0003,0.1767,0.0013,0.0010,0.0000,0.0000,0.0017
1216,20.7347,20.4667,15.1130,4.3652,,true,2,0.008333,0.1568,0.0167,1.00,1.00,1.8988,22,1,382,382,0,429,529,0,14,14,0,387072,0,1161,0,0,752656384,0.000000,0.000000,0.000000,0.00,2,7,10,18,16,25,21,20,20,34,41,46,43,43,36,0,0,0,0.0003,0.0014,0.0410,0.0331,0.0073,0.1572,0.0049,4.3652,0.0162,0.1568,0.4384,0.0006,0.0005,0.2209,0.0016,0.0011,0.0000,0.0000,0.0015
1217,20.7499,20.4750,13.8815,5.6461,,true,1,0.008333,0.1534,0.0083,1.00,0.60,7.4470,22,1,382,382,0,428,528,0,14,14,0,387072,0,1161,0,0,752660480,0.000000,0.000000,0.000000,0.00,2,7,10,18,16,25,21,20,20,34,41,46,43,43,36,0,0,0,0.0001,0.0019,0.0537,0.0569,0.0092,0.1549,0.0024,5.6461,0.0224,0.1534,0.4020,0.0006,0.0005,0.1999,0.0018,0.0010,0.0000,0.0000,0.0007
1218,20.7656,20.4917,16.2875,5.1325,,true,2,0.008333,0.2125,0.0167,1.00,1.00,7.0679,22,1,382,382,0,428,528,0,14,14,0,387072,0,1161,0,0,752660480,0.000000,0.000000,0.000000,0.00,2,7,10,18,16,25,21,20,20,34,41,46,43,43,36,0,0,0,0.0001,0.0009,0.0458,0.1020,0.0104,0.2138,0.0047,5.1325,0.0238,0.2125,0.5161,0.0006,0.0004,0.2794,0.0017,0.0009,0.0000,0.0000,0.0013
1219,20.7813,20.5083,15.7987,5.0308,,true,2,0.008333,0.2891,0.0167,1.00,1.00,6.2000,22,1,382,382,0,428,528,0,14,14,0,387072,0,1161,0,0,752660480,0.000000,0.000000,0.000000,0.00,2,7,10,18,16,25,21,20,20,34,41,46,43,43,36,0,0,0,0.0004,0.0027,0.0514,0.0322,0.0050,0.2899,0.0080,5.0308,0.0227,0.2891,0.4533,0.0006,0.0008,0.1910,0.0018,0.0013,0.0000,0.0000,0.0008
1220,20.7966,20.5250,15.2776,5.0635,,true,2,0.008333,0.1676,0.0167,1.00,1.00,4.8109,22,1,382,382,0,428,528,0,14,14,0,387072,0,1161,0,0,752660480,0.000000,0.000000,0.000000,0.00,2,7,10,18,16,25,21,20,20,34,41,46,43,43,36,0,0,0,0.0005,0.0012,0.0366,0.0394,0.0073,0.1680,0.0142,5.0635,0.0126,0.1676,0.3886,0.0004,0.0009,0.1668,0.0005,0.0011,0.0000,0.0000,0.0015
1221,20.8128,20.5417,16.2657,4.6880,,true,2,0.008333,0.1874,0.0167,1.00,1.00,4.4099,22,1,382,382,0,429,529,0,14,14,0,387072,0,1161,0,0,752660480,0.000000,0.000000,0.000000,0.00,2,7,10,18,16,25,21,20,20,34,41,46,43,43,36,0,0,0,0.0004,0.0019,0.0508,0.0451,0.0065,0.1887,0.0053,4.6880,0.0180,0.1874,0.4698,0.0005,0.0004,0.2271,0.0014,0.0005,0.0000,0.0000,0.0009
1222,20.8272,20.5583,14.0697,5.5323,,true,2,0.008333,0.1371,0.0167,1.00,1.00,1.8130,22,1,382,382,0,429,529,0,14,14,0,387072,0,1161,0,0,752660480,0.000000,0.000000,0.000000,0.00,2,7,10,18,16,25,21,20,20,34,41,46,43,43,36,0,0,0,0.0003,0.0015,0.0418,0.0346,0.0073,0.1373,0.0043,5.5323,0.0196,0.1371,0.3992,0.0007,0.0004,0.1589,0.0012,0.0013,0.0000,0.0000,0.0009
1223,20.8414,20.5750,15.4976,4.1918,,true,2,0.008333,0.1458,0.0167,1.00,1.00,0.6439,22,1,382,382,0,430,530,0,14,14,0,387072,0,1161,0,0,752672768,0.000000,0.000000,0.000000,0.00,2,7,10,18,16,25,21,20,20,34,41,46,43,43,36,0,0,0,0.0002,0.0013,0.0347,0.0257,0.0053,0.1461,0.0030,4.1918,0.0167,0.1458,0.3366,0.0003,0.0004,0.1496,0.0009,0.0010,0.0000,0.0000,0.0005
1224,20.8590,20.5917,16.9246,4.6779,,true,2,0.008333,0.2130,0.0167,1.00,0.98,0.9018,22,1,382,382,0,431,531,0,14,14,0,387072,0,1161,0,0,752726016,0.000000,0.000000,0.000000,0.00,2,7,10,18,16,25,21,20,20,34,41,46,43,43,36,0,0,0,0.0001,0.0019,0.0339,0.0383,0.0079,0.2133,0.0100,4.6779,0.0201,0.2130,0.5105,0.0007,0.0007,0.1957,0.0019,0.0012,0.0000,0.0000,0.0012
1225,20.8755,20.6083,15.7665,5.3092,,true,2,0.008333,0.2683,0.0167,1.00,1.00,0.0016,22,1,382,382,0,432,532,0,14,14,0,387072,0,1161,0,0,754036736,0.000000,0.000000,0.000000,0.00,2,7,10,18,16,25,21,20,20,34,41,46,43,43,36,0,0,0,0.0007,0.0037,0.0476,0.0430,0.0120,0.2687,0.0069,5.3092,0.0222,0.2683,0.5067,0.0006,0.0007,0.2139,0.0017,0.0017,0.0000,0.0000,0.0013
1226,20.8905,20.6167,15.5885,4.8550,,true,1,0.008333,0.1758,0.0083,1.00,0.53,7.2567,22,1,382,382,0,431,531,0,14,14,0,387072,0,1161,0,0,754040832,0.000000,0.000000,0.000000,0.00,2,7,10,18,16,25,21,20,20,34,41,46,43,43,36,0,0,0,0.0006,0.0018,0.0398,0.0241,0.0036,0.1765,0.0054,4.8550,0.0186,0.1758,0.4071,0.0002,0.0002,0.1708,0.0010,0.0006,0.0000,0.0000,0.0005
1227,20.9045,20.6333,14.8425,4.1503,,true,2,0.008333,0.1294,0.0167,1.00,1.00,5.4325,22,1,382,382,0,430,530,0,14,14,0,387072,0,1161,0,0,754040832,0.000000,0.000000,0.000000,0.00,2,7,10,18,16,25,21,20,20,34,41,46,43,43,36,0,0,0,0.0003,0.0016,0.0391,0.0391,0.0060,0.1298,0.0054,4.1503,0.0230,0.1294,0.3569,0.0003,0.0005,0.1765,0.0018,0.0008,0.0000,0.0000,0.0010
1228,20.9226,20.6500,15.9729,6.1143,,true,2,0.008333,0.3234,0.0167,1.00,1.00,4.7388,22,1,382,382,0,430,530,0,14,14,0,387072,0,1161,0,0,754040832,0.000000,0.000000,0.000000,0.00,2,7,10,18,16,25,21,20,20,34,41,46,43,43,36,0,0,0,0.0005,0.0036,0.0381,0.0469,0.0092,0.3239,0.0055,6.1143,0.0163,0.3234,0.3963,0.0005,0.0003,0.1694,0.0011,0.0011,0.0000,0.0000,0.0013
1229,20.9407,20.6667,18.5962,5.1535,,true,2,0.008333,0.2149,0.0167,1.00,0.90,6.6683,22,1,382,382,0,429,529,0,14,14,0,387072,0,1161,0,0,754040832,0.000000,0.000000,0.000000,0.00,2,7,10,18,16,25,21,20,20,34,41,46,43,43,36,0,0,0,0.0004,0.0016,0.0492,0.0430,0.0085,0.2159,0.0049,5.1535,0.0112,0.2149,0.4026,0.0005,0.0002,0.1898,0.0011,0.0008,0.0000,0.0000,0.0008
1230,20.9549,20.6833,15.1420,4.6424,,true,2,0.008333,0.1834,0.0167,1.00,1.00,5.1436,22,1,382,382,0,429,529,0,14,14,0,387072,0,1161,0,0,754040832,0.000000,0.000000,0.000000,0.00,2,7,10,18,16,25,21,20,20,34,41,46,43,43,36,0,0,0,0.0004,0.0034,0.0449,0.0381,0.0083,0.1848,0.0062,4.6424,0.0165,0.1834,0.4198,0.0003,0.0004,0.1767,0.0014,0.0012,0.0000,0.0000,0.0005
1231,20.9708,20.7000,15.1935,5.1236,,true,2,0.008333,0.2057,0.0167,1.00,1.00,3.6705,22,1,382,382,0,430,530,0,14,14,0,387072,0,1161,0,0,754040832,0.000000,0.000000,0.000000,0.00,2,7,10,18,16,25,21,20,20,34,41,46,43,43,36,0,0,0,0.0004,0.0026,0.0406,0.0319,0.0071,0.2064,0.0073,5.1236,0.0166,0.2057,0.4118,0.0006,0.0002,0.1982,0.0013,0.0017,0.0000,0.0000,0.0013
1232,20.9854,20.7167,15.5456,4.3577,,true,2,0.008333,0.1833,0.0167,1.00,1.00,2.5495,22,1,382,382,0,430,530,0,14,14,0,387072,0,1161,0,0,754040832,0.000000,0.000000,0.000000,0.00,2,7,10,18,16,25,21,20,20,34,41,46,43,43,36,0,0,0,0.0004,0.0013,0.0322,0.0399,0.0093,0.1836,0.0034,4.3577,0.0297,0.1833,0.4335,0.0005,0.0004,0.1993,0.0013,0.0023,0.0000,0.0000,0.0009
1233,21.0001,20.7333,15.3534,4.0361,,true,2,0.008333,0.1616,0.0167,1.00,1.00,1.2362,22,1,382,382,0,431,531,0,14,14,0,387072,0,1161,0,0,754040832,0.000000,0.000000,0.000000,0.00,2,7,10,18,16,25,21,20,20,34,41,46,43,43,36,0,0,0,0.0006,0.0018,0.0375,0.0327,0.0063,0.1622,0.0061,4.0361,0.0189,0.1616,0.3728,0.0006,0.0004,0.1640,0.0015,0.0010,0.0000,0.0000,0.0011
1234,21.0166,20.7500,15.8622,4.5331,,true,2,0.008333,0.2851,0.0167,1.00,1.00,0.4317,22,1,382,382,0,431,531,0,14,14,0,384768,0,1161,0,0,754040832,0.000000,0.000000,0.000000,0.00,2,7,10,18,16,25,21,20,20,34,41,46,43,43,36,0,0,0,0.0006,0.0010,0.0332,0.0387,0.0059,0.2864,0.0049,4.5331,0.0180,0.2851,0.4074,0.0006,0.0006,0.1787,0.0014,0.0010,0.0000,0.0000,0.0009
1235,21.0312,20.7583,14.4447,4.6861,,true,1,0.008333,0.1630,0.0083,1.00,0.58,6.5431,22,1,382,382,0,430,530,0,14,14,0,384768,0,1161,0,0,754044928,0.000000,0.000000,0.000000,0.00,2,7,10,18,16,25,21,20,20,34,41,46,43,43,36,0,0,0,0.0002,0.0025,0.0521,0.0331,0.0054,0.1637,0.0061,4.6861,0.0209,0.1630,0.4196,0.0006,0.0004,0.1987,0.0016,0.0011,0.0000,0.0000,0.0014
1236,21.0469,20.7750,15.4944,4.9991,,true,2,0.008333,0.2086,0.0167,1.00,1.00,5.3709,22,1,382,382,0,430,530,0,14,14,0,382464,0,1161,0,0,754044928,0.000000,0.000000,0.000000,0.00,2,7,10,18,16,25,21,20,20,34,41,46,43,43,36,0,0,0,0.0002,0.0018,0.0454,0.0445,0.0081,0.2090,0.0046,4.9991,0.0200,0.2086,0.4320,0.0007,0.0004,0.2199,0.0008,0.0010,0.0000,0.0000,0.0012
1237,21.0628,20.7917,15.6128,4.8203,,true,2,0.008333,0.1809,0.0167,1.00,1.00,4.3170,22,1,382,382,0,430,530,0,14,14,0,382464,0,1161,0,0,754044928,0.000000,0.000000,0.000000,0.00,2,7,10,18,16,25,21,20,20,34,41,46,43,43,36,0,0,0,0.0002,0.0028,0.0363,0.0417,0.0087,0.1813,0.0061,4.8203,0.0159,0.1809,0.3662,0.0004,0.0002,0.1755,0.0016,0.0013,0.0000,0.0000,0.0008
1238,21.0808,20.8083,17.0548,5.5335,,true,2,0.008333,0.1797,0.0167,1.00,0.98,4.7052,22,1,382,382,0,430,530,0,14,14,0,382464,0,1161,0,0,754044928,0.000000,0.000000,0.000000,0.00,2,7,10,18,16,25,21,20,20,34,41,46,43,43,36,0,0,0,0.0003,0.0025,0.0461,0.0395,0.0051,0.1803,0.0045,5.5335,0.0158,0.1797,0.4101,0.0005,0.0002,0.1651,0.0016,0.0010,0.0000,0.0000,0.0010
1239,21.0980,20.8250,14.3923,8.8895,,true,2,0.008333,0.1897,0.0167,1.00,1.00,2.4308,22,1,382,382,8,430,530,0,14,14,0,382464,0,1169,21,40,754044928,0.000000,0.000000,0.000000,0.00,2,7,10,18,16,25,21,20,20,34,41,46,43,43,36,0,0,0,0.0001,0.0024,0.0371,0.0325,0.0067,0.1910,0.0048,8.8895,0.0133,0.1897,4.0900,0.0005,0.1528,0.2084,0.0021,0.0011,0.0000,0.0000,3.3894
1240,21.1110,20.8417,15.6804,6.2460,,true,2,0.008333,0.1644,0.0167,1.00,1.00,1.4446,22,1,382,382,8,437,537,0,14,14,4,382464,0,1173,17,40,754044928,0.000000,0.000000,0.000000,0.00,2,7,10,18,16,25,21,20,20,34,41,46,43,43,36,0,0,0,0.0001,0.0018,0.0406,0.0444,0.0075,0.1651,0.0048,6.2460,0.0204,0.1644,1.0936,0.0115,0.1852,0.1583,0.0009,0.0062,0.0000,16.7590,0.0017
1241,21.1265,20.8583,16.3600,4.6829,,true,2,0.008333,0.2123,0.0167,1.00,1.00,1.1380,22,1,382,382,8,440,540,0,14,14,8,382464,0,1181,9,40,754044928,0.000000,0.000000,0.000000,0.00,2,7,10,18,16,25,21,20,20,34,41,46,43,43,36,0,0,0,0.0003,0.0018,0.0342,0.0342,0.0052,0.2134,0.0040,4.6829,0.0164,0.2123,0.5477,0.0178,0.1164,0.1430,0.0014,0.0107,0.0000,33.0963,0.0008
1242,21.1468,20.8750,19.2334,5.9582,,true,2,0.008333,0.2057,0.0167,1.00,0.87,3.7047,22,1,382,382,1,435,535,0,14,14,8,384768,0,1182,1,5,754044928,0.000000,0.000000,0.000000,0.00,2,7,10,18,16,25,21,20,20,34,41,46,43,43,36,0,0,0,0.0004,0.0027,0.0401,0.0436,0.0074,0.2069,0.0054,5.9582,0.0195,0.2057,0.4289,0.0196,0.0005,0.1507,0.0011,0.0169,0.0000,33.3505,0.0010
1243,21.1581,20.8833,12.5465,4.5648,,true,1,0.008333,0.1462,0.0083,1.00,0.66,7.9179,22,1,382,382,0,424,524,0,14,14,1,384768,0,1182,0,0,754049024,0.000000,0.000000,0.000000,0.00,2,7,10,18,16,25,21,20,20,34,41,46,43,43,36,0,0,0,0.0002,0.0019,0.0342,0.0376,0.0067,0.1471,0.0052,4.5648,0.0152,0.1462,0.4281,0.0122,0.0003,0.1622,0.0015,0.0047,0.0000,4.0986,0.0008
1244,21.1761,20.9083,17.2442,5.5695,,true,3,0.008333,0.3797,0.0250,1.00,1.00,0.1621,22,1,382,382,0,429,529,0,14,14,0,384768,0,1182,0,0,754049024,0.000000,0.000000,0.000000,0.00,2,7,10,18,16,25,21,20,20,34,41,46,42,48,32,0,0,0,0.0011,0.0024,0.0411,0.0397,0.0077,0.3800,0.0072,5.5695,0.0179,0.3797,0.5813,0.0004,0.0004,0.1908,0.0019,0.0005,0.0000,0.0000,0.0009
1245,21.2015,20.9250,21.5511,8.5103,,true,2,0.008333,0.3332,0.0167,1.00,0.77,5.0465,22,1,382,382,0,427,527,0,14,14,0,384768,0,1182,0,0,754053120,0.000000,0.000000,0.000000,0.00,2,7,10,18,16,25,21,20,20,34,41,46,42,48,32,0,0,0,0.0015,0.0036,0.0519,0.0644,0.0134,0.3342,0.0154,8.5103,0.0326,0.3332,0.4549,0.0007,0.0005,0.2092,0.0017,0.0015,0.0000,0.0000,0.0008
1246,21.2156,20.9417,18.6654,4.5702,,true,2,0.008333,0.2098,0.0167,1.00,0.89,7.0452,22,1,382,382,0,423,523,0,14,14,0,384768,0,1182,0,0,754053120,0.000000,0.000000,0.000000,0.00,2,7,10,18,16,25,21,20,20,34,41,46,42,48,32,0,0,0,0.0011,0.0021,0.0364,0.0410,0.0078,0.2106,0.0058,4.5702,0.0171,0.2098,0.4081,0.0006,0.0012,0.1740,0.0016,0.0012,0.0000,0.0000,0.0008
1247,21.2288,20.9583,13.1708,5.5066,,true,2,0.008333,0.1957,0.0167,1.00,1.00,3.5494,22,1,382,382,0,424,524,0,14,14,0,384768,0,1182,0,0,754053120,0.000000,0.000000,0.000000,0.00,2,7,10,18,16,25,21,20,20,34,41,46,42,48,32,0,0,0,0.0004,0.0021,0.0370,0.0420,0.0070,0.1960,0.0049,5.5066,0.0135,0.1957,0.3411,0.0007,0.0003,0.1465,0.0008,0.0012,0.0000,0.0000,0.0010
1248,21.2464,20.9750,18.2113,4.6721,,true,2,0.008333,0.1832,0.0167,1.00,0.92,5.0941,22,1,382,382,0,424,524,0,14,14,0,384768,0,1182,0,0,754053120,0.000000,0.000000,0.000000,0.00,2,7,10,18,16,25,21,20,20,34,41,46,42,48,32,0,0,0,0.0005,0.0020,0.0490,0.0385,0.0053,0.1838,0.0042,4.6721,0.0209,0.1832,0.4831,0.0008,0.0007,0.2003,0.0015,0.0012,0.0000,0.0000,0.0005
1249,21.2625,20.9917,14.7220,5.8441,,true,2,0.008333,0.2071,0.0167,1.00,1.00,3.1494,22,1,382,382,0,425,525,0,14,14,0,384768,0,1182,0,0,754053120,0.000000,0.000000,0.000000,0.00,2,7,10,18,16,25,21,20,20,34,41,46,42,48,32,0,0,0,0.0003,0.0025,0.0391,0.0445,0.0091,0.2080,0.0063,5.8441,0.0186,0.2071,0.4411,0.0004,0.0004,0.2054,0.0013,0.0010,0.0000,0.0000,0.0011
1250,21.2790,21.0083,16.6856,5.8458,,true,2,0.008333,0.3608,0.0167,1.00,1.00,3.1683,22,1,382,382,0,426,526,0,14,14,0,366336,0,1182,0,0,754053120,0.000000,0.000000,0.000000,0.00,2,7,10,18,16,25,21,20,20,34,41,46,42,48,32,0,0,0,0.0002,0.0037,0.0458,0.0376,0.0070,0.3621,0.0113,5.8458,0.0209,0.3608,0.5551,0.0004,0.0009,0.2691,0.0036,0.0011,0.0000,0.0000,0.0011
1251,21.2955,21.0250,17.3331,4.7505,,true,2,0.008333,0.1897,0.0167,1.00,0.96,3.8347,22,1,382,382,0,426,526,0,14,14,0,368640,0,1182,0,0,754053120,0.000000,0.000000,0.000000,0.00,2,7,10,18,16,25,21,20,20,34,41,46,42,48,32,0,0,0,0.0004,0.0017,0.0340,0.0358,0.0079,0.1901,0.0050,4.7505,0.0147,0.1897,0.3582,0.0007,0.0006,0.1556,0.0014,0.0011,0.0000,0.0000,0.0012
1252,21.3084,21.0417,14.1112,3.9720,,true,2,0.008333,0.1439,0.0167,1.00,1.00,1.2792,22,1,382,382,0,428,528,0,14,14,0,368640,0,1182,0,0,754053120,0.000000,0.000000,0.000000,0.00,2,7,10,18,16,25,21,20,20,34,41,46,42,48,32,0,0,0,0.0002,0.0010,0.0330,0.0248,0.0040,0.1441,0.0043,3.9720,0.0188,0.1439,0.3138,0.0003,0.0004,0.1306,0.0008,0.0007,0.0000,0.0000,0.0009
1253,21.3228,21.0500,14.9261,3.4022,,true,1,0.008333,0.1258,0.0083,1.00,0.56,7.8719,22,1,382,382,0,426,526,0,14,14,0,368640,0,1182,0,0,754053120,0.000000,0.000000,0.000000,0.00,2,7,10,18,16,25,21,20,20,34,41,46,42,48,32,0,0,0,0.0001,0.0009,0.0338,0.0250,0.0041,0.1264,0.0033,3.4022,0.0114,0.1258,0.3011,0.0007,0.0000,0.1215,0.0010,0.0007,0.0000,0.0000,0.0009
1254,21.3387,21.0667,15.7090,3.5369,,true,2,0.008333,0.1491,0.0167,1.00,1.00,6.9143,22,1,382,382,0,425,525,0,14,14,0,368640,0,1182,0,0,754057216,0.000000,0.000000,0.000000,0.00,2,7,10,18,16,25,21,20,20,34,41,46,42,48,32,0,0,0,0.0001,0.0014,0.0328,0.0276,0.0046,0.1496,0.0034,3.5369,0.0155,0.1491,0.3230,0.0004,0.0002,0.1374,0.0011,0.0007,0.0000,0.0000,0.0005
1255,21.3578,21.0833,16.4157,5.9183,,true,2,0.008333,0.1848,0.0167,1.00,1.00,6.6633,22,1,382,382,0,425,525,0,14,14,0,368640,0,1182,0,0,754057216,0.000000,0.000000,0.000000,0.00,2,7,10,18,16,25,21,20,20,34,41,46,42,48,32,0,0,0,0.0001,0.0030,0.0450,0.0417,0.0070,0.1853,0.0071,5.9183,0.0378,0.1848,0.4263,0.0004,0.0002,0.1899,0.0016,0.0007,0.0000,0.0000,0.0005
1256,21.3718,21.1000,15.0395,4.7907,,true,2,0.008333,0.1911,0.0167,1.00,1.00,5.0362,22,1,382,382,0,425,525,0,14,14,0,368640,0,1182,0,0,754057216,0.000000,0.000000,0.000000,0.00,2,7,10,18,16,25,21,20,20,34,41,46,42,48,32,0,0,0,0.0001,0.0025,0.0359,0.0388,0.0065,0.1915,0.0063,4.7907,0.0177,0.1911,0.3810,0.0008,0.0004,0.1462,0.0014,0.0011,0.0000,0.0000,0.0015
1257,21.3894,21.1167,17.6276,4.9137,,true,2,0.008333,0.1804,0.0167,1.00,0.95,5.9971,22,1,382,382,0,425,525,0,14,14,0,368640,0,1182,0,0,754057216,0.000000,0.000000,0.000000,0.00,2,7,10,18,16,25,21,20,20,34,41,46,42,48,32,0,0,0,0.0001,0.0028,0.0529,0.0441,0.0095,0.1810,0.0050,4.9137,0.0207,0.1804,0.3846,0.0008,0.0004,0.1705,0.0012,0.0009,0.0000,0.0000,0.0011
1258,21.4045,21.1333,15.6027,4.4197,,true,2,0.008333,0.1554,0.0167,1.00,1.00,4.9331,22,1,382,382,0,426,526,0,14,14,0,368640,0,1182,0,0,754057216,0.000000,0.000000,0.000000,0.00,2,7,10,18,16,25,21,20,20,34,41,46,42,48,32,0,0,0,0.0002,0.0024,0.0482,0.0401,0.0096,0.1556,0.0048,4.4197,0.0166,0.1554,0.3602,0.0004,0.0003,0.1493,0.0018,0.0013,0.0000,0.0000,0.0010
1259,21.4202,21.1500,15.9985,3.9978,,true,2,0.008333,0.2897,0.0167,1.00,1.00,4.2649,22,1,382,382,0,426,526,0,14,14,0,368640,0,1182,0,0,754057216,0.000000,0.000000,0.000000,0.00,2,7,10,18,16,25,21,20,20,34,41,46,42,48,32,0,0,0,0.0004,0.0021,0.0339,0.0331,0.0066,0.2903,0.0050,3.9978,0.0169,0.2897,0.3497,0.0004,0.0004,0.1512,0.0013,0.0014,0.0000,0.0000,0.0013
1260,21.4337,21.1667,13.6723,4.3762,,true,2,0.008333,0.2067,0.0167,1.00,1.00,1.2705,22,1,382,382,0,428,528,0,14,14,0,368640,0,1182,0,0,754057216,0.000000,0.000000,0.000000,0.00,2,7,10,18,16,25,21,20,20,34,41,46,42,48,32,0,0,0,0.0001,0.0014,0.0331,0.0369,0.0056,0.2072,0.0059,4.3762,0.0114,0.2067,0.3675,0.0007,0.0004,0.1607,0.0009,0.0011,0.0000,0.0000,0.0008
1261,21.4500,21.1833,16.3336,4.2923,,true,2,0.008333,0.1602,0.0167,1.00,1.00,0.9374,22,1,382,382,0,429,529,0,14,14,0,368640,0,1182,0,0,754057216,0.000000,0.000000,0.000000,0.00,2,7,10,18,16,25,21,20,20,34,41,46,42,48,32,0,0,0,0.0003,0.0026,0.0475,0.0285,0.0065,0.1606,0.0063,4.2923,0.0205,0.1602,0.4160,0.0005,0.0005,0.1711,0.0017,0.0013,0.0000,0.0000,0.0012
1262,21.4669,21.2000,16.3829,4.6079,,true,2,0.008333,0.1595,0.0167,1.00,1.00,0.6537,22,1,382,382,0,430,530,0,14,14,0,368640,0,1182,0,0,754057216,0.000000,0.000000,0.000000,0.00,2,7,10,18,16,25,21,20,20,34,41,46,42,48,32,0,0,0,0.0001,0.0018,0.0481,0.0424,0.0082,0.1599,0.0062,4.6079,0.0192,0.1595,0.4614,0.0005,0.0004,0.2407,0.0013,0.0005,0.0000,0.0000,0.0008
1263,21.4854,21.2167,16.6597,5.6405,,true,2,0.008333,0.1630,0.0167,1.00,1.00,0.6467,22,1,382,382,0,430,530,0,14,14,0,368640,0,1182,0,0,754061312,0.000000,0.000000,0.000000,0.00,2,7,10,18,16,25,21,20,20,34,41,46,42,48,32,0,0,0,0.0001,0.0023,0.0443,0.0299,0.0084,0.1634,0.0042,5.6405,0.0182,0.1630,0.3611,0.0005,0.0002,0.1687,0.0012,0.0017,0.0000,0.0000,0.0003
1264,21.4976,21.2250,14.1991,4.4672,,true,1,0.008333,0.1303,0.0083,1.00,0.59,6.5124,22,1,382,382,0,429,529,0,14,14,0,368640,0,1182,0,0,754061312,0.000000,0.000000,0.000000,0.00,2,7,10,18,16,25,21,20,20,34,41,46,42,48,32,0,0,0,0.0001,0.0012,0.0519,0.0349,0.0063,0.1307,0.0031,4.4672,0.0160,0.1303,0.4865,0.0006,0.0005,0.2327,0.0020,0.0013,0.0000,0.0000,0.0008
1265,21.5142,21.2417,15.9407,5.1002,,true,2,0.008333,0.1649,0.0167,1.00,1.00,5.7864,22,1,382,382,0,429,529,0,14,14,0,368640,0,1182,0,0,754061312,0.000000,0.000000,0.000000,0.00,2,7,10,18,16,25,21,20,20,34,41,46,42,48,32,0,0,0,0.0008,0.0023,0.0398,0.0409,0.0058,0.1654,0.0059,5.1002,0.0127,0.1649,0.3302,0.0005,0.0005,0.1256,0.0018,0.0012,0.0000,0.0000,0.0011
1266,21.5317,21.2583,16.7669,5.7986,,true,2,0.008333,0.2951,0.0167,1.00,0.99,5.8866,22,1,382,382,0,428,528,0,14,14,0,368640,0,1182,0,0,754708480,0.000000,0.000000,0.000000,0.00,2,7,10,18,16,25,21,20,20,34,41,46,42,48,32,0,0,0,0.0002,0.0025,0.0451,0.0377,0.0075,0.2953,0.0049,5.7986,0.0178,0.2951,0.4907,0.0004,0.0006,0.1998,0.0017,0.0009,0.0000,0.0000,0.0012
1267,21.5472,21.2750,16.2923,4.9508,,true,2,0.008333,0.1781,0.0167,1.00,1.00,5.5123,22,1,382,382,0,428,528,0,14,14,0,368640,0,1182,0,0,754708480,0.000000,0.000000,0.000000,0.00,2,7,10,18,16,25,21,20,20,34,41,46,42,48,32,0,0,0,0.0002,0.0020,0.0385,0.0453,0.0073,0.1794,0.0046,4.9508,0.0209,0.1781,0.4140,0.0004,0.0007,0.1578,0.0011,0.0009,0.0000,0.0000,0.0011
1268,21.5635,21.2917,15.5791,5.4162,,true,2,0.008333,0.1961,0.0167,1.00,1.00,4.4247,22,1,382,382,0,428,528,0,14,14,0,368640,0,1182,0,0,754708480,0.000000,0.000000,0.000000,0.00,2,7,10,18,16,25,21,20,20,34,41,46,42,48,32,0,0,0,0.0006,0.0022,0.0446,0.0391,0.0056,0.1973,0.0060,5.4162,0.0207,0.1961,0.4333,0.0004,0.0005,0.1538,0.0023,0.0012,0.0000,0.0000,0.0011
1269,21.5818,21.3083,18.8021,4.9063,,true,2,0.008333,0.1848,0.0167,1.00,0.89,6.5601,22,1,382,382,0,428,528,0,14,14,0,368640,0,1182,0,0,754708480,0.000000,0.000000,0.000000,0.00,2,7,10,18,16,25,21,20,20,34,41,46,42,48,32,0,0,0,0.0006,0.0031,0.0483,0.0351,0.0067,0.1856,0.0051,4.9063,0.0256,0.1848,0.4845,0.0004,0.0004,0.2132,0.0019,0.0007,0.0000,0.0000,0.0007
1270,21.5941,21.3250,13.1104,4.4680,,true,2,0.008333,0.1846,0.0167,1.00,1.00,3.0039,22,1,382,382,0,428,528,0,14,14,0,368640,0,1182,0,0,754708480,0.000000,0.000000,0.000000,0.00,2,7,10,18,16,25,21,20,20,34,41,46,42,48,32,0,0,0,0.0016,0.0017,0.0365,0.0617,0.0060,0.1852,0.0062,4.4680,0.0215,0.1846,0.3577,0.0004,0.0006,0.1484,0.0015,0.0011,0.0000,0.0000,0.0008
1271,21.6109,21.3417,16.4000,4.7339,,true,2,0.008333,0.1861,0.0167,1.00,1.00,2.7372,22,1,382,382,0,429,529,0,14,14,0,368640,0,1182,0,0,754708480,0.000000,0.000000,0.000000,0.00,2,7,10,18,16,25,21,20,20,34,41,46,42,48,32,0,0,0,0.0005,0.0043,0.0402,0.0532,0.0083,0.1865,0.0072,4.7339,0.0202,0.1861,0.3813,0.0004,0.0003,0.1476,0.0010,0.0007,0.0000,0.0000,0.0007
1272,21.6251,21.3583,14.6140,4.3324,,true,2,0.008333,0.1717,0.0167,1.00,1.00,0.6846,22,1,382,382,0,430,530,0,14,14,0,368640,0,1182,0,0,754708480,0.000000,0.000000,0.000000,0.00,2,7,10,18,16,25,21,20,20,34,41,46,42,48,32,0,0,0,0.0005,0.0026,0.0411,0.0401,0.0068,0.1724,0.0063,4.3324,0.0191,0.1717,0.3630,0.0005,0.0000,0.1428,0.0015,0.0013,0.0000,0.0000,0.0010
1273,21.6417,21.3750,16.1900,4.7503,,true,2,0.008333,0.1934,0.0167,1.00,1.00,0.2079,22,1,382,382,0,430,530,0,14,14,0,368640,0,1182,0,0,754712576,0.000000,0.000000,0.000000,0.00,2,7,10,18,16,25,21,20,20,34,41,46,42,48,32,0,0,0,0.0001,0.0017,0.0325,0.0266,0.0077,0.1941,0.0048,4.7503,0.0207,0.1934,0.4051,0.0004,0.0006,0.1719,0.0018,0.0014,0.0000,0.0000,0.0007
1274,21.6575,21.3833,15.6429,5.0358,,true,1,0.008333,0.1256,0.0083,1.00,0.53,7.5175,22,1,382,382,0,429,529,0,14,14,0,368640,0,1182,0,0,754712576,0.000000,0.000000,0.000000,0.00,2,7,10,18,16,25,21,20,20,34,41,46,42,48,32,0,0,0,0.0004,0.0023,0.0397,0.0425,0.0102,0.1261,0.0049,5.0358,0.0353,0.1256,0.4378,0.0002,0.0003,0.2088,0.0025,0.0006,0.0000,0.0000,0.0007
1275,21.6736,21.4000,16.3348,4.7094,,true,2,0.008333,0.2612,0.0167,1.00,1.00,7.1857,22,1,382,382,0,429,529,0,14,14,0,368640,0,1182,0,0,754712576,0.000000,0.000000,0.000000,0.00,2,7,10,18,16,25,21,20,20,34,41,46,42,48,32,0,0,0,0.0006,0.0009,0.0397,0.0391,0.0068,0.2620,0.0038,4.7094,0.0161,0.2612,0.3741,0.0005,0.0003,0.1437,0.0012,0.0010,0.0000,0.0000,0.0011
1276,21.6905,21.4167,17.0493,4.4871,,true,2,0.008333,0.2057,0.0167,1.00,0.98,7.5683,22,1,382,382,0,428,528,0,14,14,0,368640,0,1182,0,0,754712576,0.000000,0.000000,0.000000,0.00,2,7,10,18,16,25,21,20,20,34,41,46,42,48,32,0,0,0,0.0004,0.0019,0.0376,0.0418,0.0064,0.2063,0.0064,4.4871,0.0173,0.2057,0.3438,0.0003,0.0002,0.1362,0.0010,0.0011,0.0000,0.0000,0.0009
1277,21.7049,21.4333,14.1405,4.6952,,true,2,0.008333,0.2119,0.0167,1.00,1.00,5.0421,22,1,382,382,0,428,528,0,14,14,0,368640,0,1182,0,0,754712576,0.000000,0.000000,0.000000,0.00,2,7,10,18,16,25,21,20,20,34,41,46,42,48,32,0,0,0,0.0001,0.0022,0.0662,0.0650,0.0091,0.2126,0.0038,4.6952,0.0215,0.2119,0.4196,0.0006,0.0004,0.1667,0.0022,0.0013,0.0000,0.0000,0.0013
1278,21.7193,21.4500,15.1375,4.1141,,true,2,0.008333,0.1744,0.0167,1.00,1.00,3.5129,22,1,382,382,0,429,529,0,14,14,0,368640,0,1182,0,0,754712576,0.000000,0.000000,0.000000,0.00,2,7,10,18,16,25,21,20,20,34,41,46,42,48,32,0,0,0,0.0001,0.0010,0.0336,0.0257,0.0057,0.1748,0.0041,4.1141,0.0345,0.1744,0.3751,0.0006,0.0003,0.1497,0.0015,0.0009,0.0000,0.0000,0.0010
1279,21.7368,21.4667,16.4854,4.9705,,true,2,0.008333,0.2366,0.0167,1.00,1.00,3.3317,22,1,382,382,0,429,529,0,14,14,0,368640,0,1182,0,0,754712576,0.000000,0.000000,0.000000,0.00,2,7,10,18,16,25,21,20,20,34,41,46,42,48,32,0,0,0,0.0004,0.0032,0.0922,0.0454,0.0063,0.2376,0.0068,4.9705,0.0232,0.2366,0.4691,0.0006,0.0004,0.2047,0.0019,0.0017,0.0000,0.0000,0.0013
1280,21.7540,21.4833,17.1063,4.1331,,true,2,0.008333,0.2096,0.0167,1.00,0.97,3.7713,22,1,382,382,0,429,529,0,14,14,0,368640,0,1182,0,0,754712576,0.000000,0.000000,0.000000,0.00,2,7,10,18,16,25,21,20,20,34,41,46,42,48,32,0,0,0,0.0006,0.0020,0.0367,0.0310,0.0070,0.2104,0.0062,4.1331,0.0238,0.2096,0.3909,0.0006,0.0005,0.1719,0.0010,0.0008,0.0000,0.0000,0.0010
1281,21.7684,21.5000,15.5700,4.1230,,true,2,0.008333,0.2809,0.0167,1.00,1.00,2.6746,22,1,382,382,0,430,530,0,14,14,0,368640,0,1182,0,0,754712576,0.000000,0.000000,0.000000,0.00,2,7,10,18,16,25,21,20,20,34,41,46,42,48,32,0,0,0,0.0001,0.0019,0.0300,0.0377,0.0059,0.2814,0.0049,4.1230,0.0083,0.2809,0.4116,0.0004,0.0006,0.1784,0.0006,0.0012,0.0000,0.0000,0.0010
1282,21.7868,21.5167,16.4454,5.7006,,true,2,0.008333,0.4281,0.0167,1.00,1.00,2.4534,22,1,382,382,0,430,530,0,14,14,0,368640,0,1182,0,0,754716672,0.000000,0.000000,0.000000,0.00,2,7,10,18,16,25,21,20,20,34,41,46,42,48,32,0,0,0,0.0004,0.0031,0.0431,0.0680,0.0094,0.4296,0.0119,5.7006,0.0192,0.4281,0.4305,0.0004,0.0007,0.1732,0.0017,0.0015,0.0000,0.0000,0.0013
1283,21.8054,21.5333,16.3363,7.7452,,true,2,0.008333,0.1881,0.0167,1.00,1.00,2.1230,22,1,382,382,8,430,530,0,14,14,0,368640,0,1190,10,40,754716672,0.000000,0.000000,0.000000,0.00,2,7,10,18,16,25,21,20,20,34,41,46,42,48,32,0,0,0,0.0001,0.0010,0.0413,0.0449,0.0077,0.1885,0.0031,7.7452,0.0166,0.1881,3.9571,0.0007,0.1338,0.2050,0.0014,0.0009,0.0000,0.0000,3.3078
1284,21.8203,21.5500,18.6062,4.3988,,true,2,0.008333,0.1894,0.0167,1.00,0.90,4.0625,22,1,382,382,2,419,519,0,14,14,8,368640,0,1192,2,10,754716672,0.000000,0.000000,0.000000,0.00,2,7,10,18,16,25,21,20,20,34,41,46,42,48,32,0,0,0,0.0004,0.0017,0.0486,0.0391,0.0060,0.1901,0.0056,4.3988,0.0221,0.1894,0.7051,0.0260,0.1808,0.1803,0.0013,0.0122,0.0000,33.8958,0.0011
1285,21.8352,21.5667,14.3254,4.6623,,true,2,0.008333,0.2064,0.0167,1.00,1.00,1.7213,22,1,382,382,0,423,523,0,14,14,2,368640,0,1192,0,0,754716672,0.000000,0.000000,0.000000,0.00,2,7,10,18,16,25,21,20,20,34,41,46,42,48,32,0,0,0,0.0003,0.0035,0.0377,0.0404,0.0074,0.2073,0.0051,4.6623,0.0145,0.2064,0.5724,0.0140,0.1214,0.1607,0.0014,0.0055,0.0000,7.9518,0.0006
1286,21.8527,21.5833,17.5347,4.5210,,true,2,0.008333,0.2081,0.0167,1.00,0.95,2.5893,22,1,382,382,0,424,524,0,14,14,0,368640,0,1192,0,0,754716672,0.000000,0.000000,0.000000,0.00,2,7,10,18,16,25,21,20,20,33,45,46,42,49,28,0,0,0,0.0003,0.0028,0.0324,0.0331,0.0066,0.2092,0.0065,4.5210,0.0121,0.2081,0.5314,0.0009,0.0006,0.1776,0.0020,0.0014,0.0000,0.0000,0.0011
1287,21.8690,21.6000,15.6576,5.0617,,true,2,0.008333,0.1716,0.0167,1.00,1.00,1.5803,22,1,382,382,0,427,527,0,14,14,0,368640,0,1192,0,0,754716672,0.000000,0.000000,0.000000,0.00,2,7,10,18,16,25,21,20,20,33,45,46,42,49,28,0,0,0,0.0002,0.0018,0.0595,0.0388,0.0066,0.1724,0.0043,5.0617,0.0224,0.1716,0.4053,0.0007,0.0006,0.1873,0.0016,0.0014,0.0000,0.0000,0.0008
1288,21.8905,21.6167,21.0371,5.3203,,true,2,0.008333,0.2985,0.0167,1.00,0.79,5.9507,22,1,382,382,0,423,523,0,14,14,0,368640,0,1192,0,0,754716672,0.000000,0.000000,0.000000,0.00,2,7,10,18,16,25,21,20,20,33,45,46,42,49,28,0,0,0,0.0004,0.0024,0.0426,0.0646,0.0110,0.2992,0.0090,5.3203,0.0330,0.2985,0.4859,0.0006,0.0004,0.1937,0.0015,0.0012,0.0000,0.0000,0.0006
1289,21.9028,21.6333,13.9988,4.4944,,true,2,0.008333,0.1979,0.0167,1.00,1.00,3.2828,22,1,382,382,0,424,524,0,14,14,0,368640,0,1192,0,0,754716672,0.000000,0.000000,0.000000,0.00,2,7,10,18,16,25,21,20,20,33,45,46,42,49,28,0,0,0,0.0002,0.0021,0.0377,0.0424,0.0077,0.1983,0.0109,4.4944,0.0159,0.1979,0.4198,0.0008,0.0009,0.1920,0.0012,0.0007,0.0000,0.0000,0.0010
1290,21.9203,21.6500,17.3231,4.7688,,true,2,0.008333,0.3097,0.0167,1.00,0.96,3.9393,22,1,382,382,0,424,524,0,14,14,0,368640,0,1192,0,0,754716672,0.000000,0.000000,0.000000,0.00,2,7,10,18,16,25,21,20,20,33,45,46,42,49,28,0,0,0,0.0002,0.0020,0.0354,0.0303,0.0063,0.3102,0.0055,4.7688,0.0195,0.3097,0.4192,0.0007,0.0004,0.1830,0.0017,0.0007,0.0000,0.0000,0.0014
1291,21.9400,21.6667,17.6979,6.2845,,true,2,0.008333,0.1970,0.0167,1.00,0.94,4.9705,22,1,382,382,0,423,523,0,14,14,0,368640,0,1192,0,0,754720768,0.000000,0.000000,0.000000,0.00,2,7,10,18,16,25,21,20,20,33,45,46,42,49,28,0,0,0,0.0004,0.0018,0.0544,0.0433,0.0057,0.1978,0.0045,6.2845,0.0192,0.1970,0.4457,0.0004,0.0004,0.1891,0.0013,0.0007,0.0000,0.0000,0.0007
1292,21.9567,21.6833,18.1011,4.9644,,true,2,0.008333,0.3305,0.0167,1.00,0.92,6.4049,22,1,382,382,0,422,522,0,14,14,0,368640,0,1192,0,0,754720768,0.000000,0.000000,0.000000,0.00,2,7,10,18,16,25,21,20,20,33,45,46,42,49,28,0,0,0,0.0005,0.0026,0.0455,0.0615,0.0046,0.3326,0.0071,4.9644,0.0276,0.3305,0.4627,0.0009,0.0010,0.1908,0.0016,0.0021,0.0000,0.0000,0.0013
1293,21.9729,21.7000,14.8512,6.0936,,true,2,0.008333,0.3544,0.0167,1.00,1.00,4.5895,22,1,382,382,0,423,523,0,14,14,0,368640,0,1192,0,0,754720768,0.000000,0.000000,0.000000,0.00,2,7,10,18,16,25,21,20,20,33,45,46,42,49,28,0,0,0,0.0006,0.0032,0.0465,0.0721,0.0267,0.3570,0.0120,6.0936,0.0203,0.3544,0.8942,0.0012,0.0011,0.4613,0.0029,0.0024,0.0000,0.0000,0.0037
1294,21.9932,21.7167,19.7213,6.1520,,true,2,0.008333,0.2173,0.0167,1.00,0.85,7.6441,22,1,382,382,0,422,522,0,14,14,0,368640,0,1192,0,0,754720768,0.000000,0.000000,0.000000,0.00,2,7,10,18,16,25,21,20,20,33,45,46,42,49,28,0,0,0,0.0003,0.0017,0.0564,0.0697,0.0092,0.2178,0.0063,6.1520,0.0109,0.2173,0.4543,0.0003,0.0007,0.1964,0.0020,0.0013,0.0000,0.0000,0.0013
1295,22.0091,21.7333,17.0173,5.5098,,true,2,0.008333,0.2023,0.0167,1.00,0.98,7.9948,22,1,382,382,0,421,521,0,14,14,0,368640,0,1192,0,0,754720768,0.000000,0.000000,0.000000,0.00,2,7,10,18,16,25,21,20,20,33,45,46,42,49,28,0,0,0,0.0001,0.0013,0.0449,0.0414,0.0074,0.2032,0.0057,5.5098,0.0238,0.2023,0.4592,0.0004,0.0005,0.2019,0.0010,0.0008,0.0000,0.0000,0.0007
1296,22.0246,21.7500,16.8045,4.5269,,true,2,0.008333,0.2452,0.0167,1.00,0.99,8.1326,22,1,382,382,0,420,520,0,14,14,0,368640,0,1192,0,0,754720768,0.000000,0.000000,0.000000,0.00,2,7,10,18,16,25,21,20,20,33,45,46,42,49,28,0,0,0,0.0001,0.0021,0.0418,0.0360,0.0057,0.2457,0.0114,4.5269,0.0174,0.2452,0.3669,0.0005,0.0002,0.1431,0.0008,0.0009,0.0000,0.0000,0.0009
1297,22.0400,21.7667,15.1282,4.7730,,true,2,0.008333,0.2039,0.0167,1.00,1.00,6.5941,22,1,382,382,0,421,521,0,14,14,0,368640,0,1192,0,0,754720768,0.000000,0.000000,0.000000,0.00,2,7,10,18,16,25,21,20,20,33,45,46,42,49,28,0,0,0,0.0003,0.0021,0.0365,0.0382,0.0063,0.2044,0.0069,4.7730,0.0141,0.2039,0.4398,0.0006,0.0006,0.1582,0.0018,0.0012,0.0000,0.0000,0.0007
1298,22.0542,21.7833,15.2014,4.1145,,true,2,0.008333,0.1923,0.0167,1.00,1.00,5.1289,22,1,382,382,0,422,522,0,14,14,0,370944,0,1192,0,0,754720768,0.000000,0.000000,0.000000,0.00,2,7,10,18,16,25,21,20,20,33,45,46,42,49,28,0,0,0,0.0006,0.0033,0.0460,0.0267,0.0029,0.1930,0.0059,4.1145,0.0153,0.1923,0.3753,0.0004,0.0002,0.1388,0.0015,0.0007,0.0000,0.0000,0.0007
1299,22.0699,21.8000,14.9915,4.6512,,true,2,0.008333,0.2362,0.0167,1.00,1.00,3.4537,22,1,382,382,0,424,524,0,14,14,0,370944,0,1192,0,0,754720768,0.000000,0.000000,0.000000,0.00,2,7,10,18,16,25,21,20,20,33,45,46,42,49,28,0,0,0,0.0002,0.0029,0.0390,0.0468,0.0101,0.2377,0.0066,4.6512,0.0218,0.2362,0.4102,0.0002,0.0002,0.1793,0.0017,0.0005,0.0000,0.0000,0.0004
1300,22.0875,21.8167,16.4864,5.6881,,true,2,0.008333,0.2244,0.0167,1.00,1.00,3.2734,22,1,382,382,0,425,525,0,14,14,0,368640,0,1192,0,0,754720768,0.000000,0.000000,0.000000,0.00,2,7,10,18,16,25,21,20,20,33,45,46,42,49,28,0,0,0,0.0004,0.0028,0.0385,0.0567,0.0037,0.2250,0.0083,5.6881,0.0193,0.2244,0.4485,0.0003,0.0004,0.2047,0.0027,0.0007,0.0000,0.0000,0.0006
1301,22.1010,21.8333,15.8584,3.8213,,true,2,0.008333,0.1605,0.0167,1.00,1.00,2.4651,22,1,382,382,0,426,526,0,14,14,0,368640,0,1192,0,0,754724864,0.000000,0.000000,0.000000,0.00,2,7,10,18,16,25,21,20,20,33,45,46,42,49,28,0,0,0,0.0001,0.0023,0.0367,0.0358,0.0050,0.1614,0.0057,3.8213,0.0122,0.1605,0.3863,0.0005,0.0004,0.1633,0.0012,0.0006,0.0000,0.0000,0.0011
1302,22.1176,21.8500,15.5360,4.5349,,true,2,0.008333,0.2122,0.0167,1.00,1.00,1.3345,22,1,382,382,0,428,528,0,14,14,0,368640,0,1192,0,0,754724864,0.000000,0.000000,0.000000,0.00,2,7,10,18,16,25,21,20,20,33,45,46,42,49,28,0,0,0,0.0004,0.0022,0.0348,0.0415,0.0068,0.2131,0.0050,4.5349,0.0183,0.2122,0.4068,0.0005,0.0002,0.1779,0.0011,0.0004,0.0000,0.0000,0.0009
1303,22.1317,21.8583,14.4222,4.4784,,true,1,0.008333,0.1897,0.0083,1.00,0.58,7.4234,22,1,382,382,0,427,527,0,14,14,0,368640,0,1192,0,0,754724864,0.000000,0.000000,0.000000,0.00,2,7,10,18,16,25,21,20,20,33,45,46,42,49,28,0,0,0,0.0006,0.0025,0.0327,0.0307,0.0050,0.1905,0.0061,4.4784,0.0162,0.1897,0.4022,0.0004,0.0005,0.1477,0.0005,0.0008,0.0000,0.0000,0.0011
1304,22.1454,21.8750,14.0109,4.1554,,true,2,0.008333,0.1527,0.0167,1.00,1.00,4.7676,22,1,382,382,0,427,527,0,14,14,0,368640,0,1192,0,0,754724864,0.000000,0.000000,0.000000,0.00,2,7,10,18,16,25,21,20,20,33,45,46,42,49,28,0,0,0,0.0001,0.0016,0.0381,0.0318,0.0047,0.1532,0.0033,4.1554,0.0173,0.1527,0.3252,0.0003,0.0004,0.1225,0.0011,0.0006,0.0000,0.0000,0.0007
1305,22.1603,21.8917,15.2551,3.8018,,true,2,0.008333,0.2674,0.0167,1.00,1.00,3.3560,22,1,382,382,0,428,528,0,14,14,0,368640,0,1192,0,0,754724864,0.000000,0.000000,0.000000,0.00,2,7,10,18,16,25,21,20,20,33,45,46,42,49,28,0,0,0,0.0001,0.0015,0.0322,0.0290,0.0051,0.2681,0.0047,3.8018,0.0111,0.2674,0.3670,0.0003,0.0004,0.1448,0.0013,0.0009,0.0000,0.0000,0.0007
1306,22.1748,21.9083,14.9233,3.5979,,true,2,0.008333,0.1427,0.0167,1.00,1.00,1.6126,22,1,382,382,0,429,529,0,14,14,0,368640,0,1192,0,0,754724864,0.000000,0.000000,0.000000,0.00,2,7,10,18,16,25,21,20,20,33,45,46,42,49,28,0,0,0,0.0002,0.0013,0.0324,0.0297,0.0055,0.1431,0.0041,3.5979,0.0126,0.1427,0.3499,0.0003,0.0006,0.1380,0.0009,0.0015,0.0000,0.0000,0.0009
1307,22.1983,21.9250,18.4395,8.0936,,true,2,0.008333,0.2221,0.0167,1.00,0.90,3.3855,22,1,382,382,0,429,529,0,14,14,0,366336,0,1192,0,0,754724864,0.000000,0.000000,0.000000,0.00,2,7,10,18,16,25,21,20,20,33,45,46,42,49,28,0,0,0,0.0007,0.0051,0.0711,0.0811,0.0155,0.2230,0.0159,8.0936,0.0300,0.2221,0.5953,0.0008,0.0005,0.2257,0.0028,0.0020,0.0000,0.0000,0.0016
1308,22.2123,21.9417,17.5378,4.4800,,true,2,0.008333,0.1883,0.0167,1.00,0.95,4.2566,22,1,382,382,0,429,529,0,14,14,0,366336,0,1192,0,0,754724864,0.000000,0.000000,0.000000,0.00,2,7,10,18,16,25,21,20,20,33,45,46,42,49,28,0,0,0,0.0003,0.0036,0.0446,0.0494,0.0085,0.1898,0.0052,4.4800,0.0222,0.1883,0.4126,0.0005,0.0010,0.1656,0.0017,0.0008,0.0000,0.0000,0.0013
1309,22.2267,21.9583,15.1399,3.8783,,true,2,0.008333,0.1066,0.0167,1.00,1.00,2.7298,22,1,382,382,0,429,529,0,14,14,0,366336,0,1192,0,0,754724864,0.000000,0.000000,0.000000,0.00,2,7,10,18,16,25,21,20,20,33,45,46,42,49,28,0,0,0,0.0003,0.0010,0.0359,0.0200,0.0028,0.1069,0.0029,3.8783,0.0189,0.1066,0.3750,0.0002,0.0002,0.1868,0.0005,0.0004,0.0000,0.0000,0.0004
1310,22.2439,21.9750,17.1917,4.0748,,true,2,0.008333,0.1602,0.0167,1.00,0.97,3.2548,22,1,382,382,0,429,529,0,14,14,0,366336,0,1192,0,0,754728960,0.000000,0.000000,0.000000,0.00,2,7,10,18,16,25,21,20,20,33,45,46,42,49,28,0,0,0,0.0001,0.0014,0.0336,0.0431,0.0056,0.1614,0.0059,4.0748,0.0159,0.1602,0.3992,0.0004,0.0004,0.1641,0.0013,0.0014,0.0000,0.0000,0.0007
1311,22.2603,21.9917,15.3519,5.1503,,true,2,0.008333,0.1407,0.0167,1.00,1.00,1.9401,22,1,382,382,0,430,530,0,14,14,0,366336,0,1192,0,0,754728960,0.000000,0.000000,0.000000,0.00,2,7,10,18,16,25,21,20,20,33,45,46,42,49,28,0,0,0,0.0002,0.0008,0.0330,0.0238,0.0043,0.1414,0.0051,5.1503,0.0120,0.1407,0.3456,0.0005,0.0005,0.1435,0.0012,0.0007,0.0000,0.0000,0.0006
1312,22.2788,22.0083,18.1381,4.3648,,true,2,0.008333,0.3021,0.0167,1.00,0.92,3.4115,22,1,382,382,0,430,530,0,14,14,0,366336,0,1192,0,0,754728960,0.000000,0.000000,0.000000,0.00,2,7,10,18,16,25,21,20,20,33,45,46,42,49,28,0,0,0,0.0004,0.0018,0.0338,0.0536,0.0080,0.3035,0.0043,4.3648,0.0154,0.3021,0.3753,0.0000,0.0005,0.1520,0.0020,0.0010,0.0000,0.0000,0.0012
1313,22.2909,22.0167,12.5468,4.9914,,true,1,0.008333,0.1480,0.0083,1.00,0.66,7.6249,22,1,382,382,0,429,529,0,14,14,0,366336,0,1192,0,0,754728960,0.000000,0.000000,0.000000,0.00,2,7,10,18,16,25,21,20,20,33,45,46,42,49,28,0,0,0,0.0002,0.0023,0.0338,0.0480,0.0066,0.1484,0.0057,4.9914,0.0189,0.1480,0.3788,0.0006,0.0004,0.1492,0.0016,0.0019,0.0000,0.0000,0.0007
1314,22.3052,22.0333,15.7071,3.7637,,true,2,0.008333,0.1495,0.0167,1.00,1.00,6.6654,22,1,382,382,0,428,528,0,14,14,0,366336,0,1192,0,0,754728960,0.000000,0.000000,0.000000,0.00,2,7,10,18,16,25,21,20,20,33,45,46,42,49,28,0,0,0,0.0001,0.0007,0.0350,0.0290,0.0038,0.1500,0.0044,3.7637,0.0165,0.1495,0.3649,0.0004,0.0006,0.1581,0.0017,0.0006,0.0000,0.0000,0.0006
1315,22.3193,22.0500,14.3658,3.2016,,true,2,0.008333,0.1537,0.0167,1.00,1.00,4.3645,22,1,382,382,0,429,529,0,14,14,0,366336,0,1192,0,0,754728960,0.000000,0.000000,0.000000,0.00,2,7,10,18,16,25,21,20,20,33,45,46,42,49,28,0,0,0,0.0001,0.0014,0.0294,0.0277,0.0034,0.1540,0.0032,3.2016,0.0109,0.1537,0.3063,0.0004,0.0003,0.1142,0.0011,0.0007,0.0000,0.0000,0.0007
1316,22.3341,22.0667,14.7091,3.5494,,true,2,0.008333,0.1506,0.0167,1.00,1.00,2.4068,22,1,382,382,0,429,529,0,14,14,0,366336,0,1192,0,0,754728960,0.000000,0.000000,0.000000,0.00,2,7,10,18,16,25,21,20,20,33,45,46,42,49,28,0,0,0,0.0001,0.0018,0.0412,0.0236,0.0042,0.1512,0.0039,3.5494,0.0143,0.1506,0.3309,0.0005,0.0002,0.1299,0.0010,0.0005,0.0000,0.0000,0.0005
1317,22.3491,22.0833,15.1883,3.3496,,true,2,0.008333,0.1466,0.0167,1.00,1.00,0.9285,22,1,382,382,0,430,530,0,14,14,0,366336,0,1192,0,0,754728960,0.000000,0.000000,0.000000,0.00,2,7,10,18,16,25,21,20,20,33,45,46,42,49,28,0,0,0,0.0003,0.0014,0.0315,0.0255,0.0047,0.1470,0.0035,3.3496,0.0105,0.1466,0.3319,0.0004,0.0002,0.1209,0.0009,0.0006,0.0000,0.0000,0.0009
1318,22.3693,22.1000,18.7018,4.3391,,true,2,0.008333,0.2286,0.0167,1.00,0.89,2.9636,22,1,382,382,0,430,530,0,14,14,0,366336,0,1192,0,0,754728960,0.000000,0.000000,0.000000,0.00,2,7,10,18,16,25,21,20,20,33,45,46,42,49,28,0,0,0,0.0008,0.0012,0.0360,0.0612,0.0152,0.2305,0.0059,4.3391,0.0142,0.2286,0.3617,0.0006,0.0004,0.1357,0.0010,0.0010,0.0000,0.0000,0.0013
1319,22.3834,22.1167,14.0953,4.5705,,true,2,0.008333,0.1778,0.0167,1.00,1.00,0.3922,22,1,382,382,0,431,531,0,14,14,0,366336,0,1192,0,0,754733056,0.000000,0.000000,0.000000,0.00,2,7,10,18,16,25,21,20,20,33,45,46,42,49,28,0,0,0,0.0003,0.0020,0.0394,0.0454,0.0092,0.1787,0.0056,4.5705,0.0173,0.1778,0.3831,0.0006,0.0006,0.1453,0.0017,0.0008,0.0000,0.0000,0.0010
1320,22.3991,22.1250,15.6746,4.6950,,true,1,0.008333,0.1667,0.0083,1.00,0.53,7.7335,22,1,382,382,0,430,530,0,14,14,0,366336,0,1192,0,0,754733056,0.000000,0.000000,0.000000,0.00,2,7,10,18,16,25,21,20,20,33,45,46,42,49,28,0,0,0,0.0002,0.0015,0.0536,0.0219,0.0076,0.1669,0.0040,4.6950,0.0208,0.1667,0.4769,0.0005,0.0004,0.2034,0.0013,0.0012,0.0000,0.0000,0.0008
1321,22.4145,22.1417,14.6989,5.1914,,true,2,0.008333,0.3947,0.0167,1.00,1.00,5.7658,22,1,382,382,0,429,529,0,14,14,0,366336,0,1192,0,0,754733056,0.000000,0.000000,0.000000,0.00,2,7,10,18,16,25,21,20,20,33,45,46,42,49,28,0,0,0,0.0004,0.0017,0.0356,0.0403,0.0064,0.3956,0.0061,5.1914,0.0184,0.3947,0.4158,0.0005,0.0005,0.1831,0.0014,0.0022,0.0000,0.0000,0.0010
1322,22.4303,22.1583,16.3037,4.7755,,true,2,0.008333,0.1849,0.0167,1.00,1.00,5.4028,22,1,382,382,0,429,529,0,14,14,0,366336,0,1192,0,0,754733056,0.000000,0.000000,0.000000,0.00,2,7,10,18,16,25,21,20,20,33,45,46,42,49,28,0,0,0,0.0006,0.0022,0.0385,0.0424,0.0082,0.1857,0.0076,4.7755,0.0200,0.1849,0.3823,0.0006,0.0006,0.1388,0.0011,0.0011,0.0000,0.0000,0.0009
1323,22.4458,22.1750,14.9649,5.2315,,true,2,0.008333,0.1804,0.0167,1.00,1.00,3.7011,22,1,382,382,0,429,529,0,14,14,0,366336,0,1192,0,0,754733056,0.000000,0.000000,0.000000,0.00,2,7,10,18,16,25,21,20,20,33,45,46,42,49,28,0,0,0,0.0001,0.0015,0.0347,0.0350,0.0063,0.1814,0.0049,5.2315,0.0170,0.1804,0.4027,0.0006,0.0004,0.1623,0.0019,0.0009,0.0000,0.0000,0.0008
1324,22.4608,22.1917,15.4433,4.9356,,true,2,0.008333,0.1726,0.0167,1.00,1.00,2.4777,22,1,382,382,0,430,530,0,14,14,0,366336,0,1192,0,0,754733056,0.000000,0.000000,0.000000,0.00,2,7,10,18,16,25,21,20,20,33,45,46,42,49,28,0,0,0,0.0016,0.0010,0.0538,0.0427,0.0075,0.1731,0.0052,4.9356,0.0238,0.1726,0.4277,0.0006,0.0007,0.1827,0.0015,0.0008,0.0000,0.0000,0.0011
1325,22.4749,22.2083,15.4961,3.6340,,true,2,0.008333,0.1545,0.0167,1.00,1.00,1.3072,22,1,382,382,0,430,530,0,14,14,0,366336,0,1192,0,0,754733056,0.000000,0.000000,0.000000,0.00,2,7,10,18,16,25,21,20,20,33,45,46,42,49,28,0,0,0,0.0003,0.0016,0.0319,0.0396,0.0046,0.1553,0.0051,3.6340,0.0150,0.1545,0.3478,0.0005,0.0003,0.1480,0.0014,0.0010,0.0000,0.0000,0.0007
1326,22.4908,22.2167,14.8372,4.5079,,true,1,0.008333,0.1311,0.0083,1.00,0.56,7.8110,22,1,382,382,0,429,529,0,14,14,0,366336,0,1192,0,0,754733056,0.000000,0.000000,0.000000,0.00,2,7,10,18,16,25,21,20,20,33,45,46,42,49,28,0,0,0,0.0001,0.0021,0.0371,0.0390,0.0052,0.1319,0.0065,4.5079,0.0173,0.1311,0.4140,0.0004,0.0005,0.1832,0.0010,0.0007,0.0000,0.0000,0.0007
1327,22.5133,22.2417,17.2376,9.8189,,true,3,0.008333,0.2348,0.0250,1.00,1.00,0.0486,22,1,382,382,8,430,530,0,14,14,0,366336,0,1200,15,40,754733056,0.000000,0.000000,0.000000,0.00,2,7,10,18,16,25,21,20,20,33,45,46,42,49,28,0,0,0,0.0003,0.0023,0.0446,0.0418,0.0078,0.2356,0.0055,9.8189,0.0204,0.2348,3.4303,0.0004,0.1165,0.1639,0.0015,0.0007,0.0000,0.0000,2.8669
1328,22.5255,22.2583,17.1491,4.6795,,true,2,0.008333,0.2819,0.0167,1.00,0.97,0.5310,22,1,382,382,7,427,527,0,14,14,8,366336,0,1207,7,35,754737152,0.000000,0.000000,0.000000,0.00,2,7,10,18,16,25,21,20,20,33,45,46,42,49,28,0,0,0,0.0004,0.0015,0.0395,0.0388,0.0062,0.2831,0.0040,4.6795,0.0158,0.2819,0.6051,0.0229,0.1328,0.1599,0.0011,0.0103,0.0000,32.5627,0.0005
1329,22.5377,22.2667,12.9471,4.2731,,true,1,0.008333,0.1134,0.0083,1.00,0.64,5.1448,22,1,382,382,0,410,510,0,14,14,7,366336,0,1207,0,0,754737152,0.000000,0.000000,0.000000,0.00,2,7,10,18,16,25,21,20,20,33,45,46,42,49,28,0,0,0,0.0003,0.0016,0.0440,0.0324,0.0056,0.1136,0.0042,4.2731,0.0177,0.1134,0.6751,0.0176,0.1516,0.1844,0.0016,0.0144,0.0000,27.1734,0.0011
1330,22.5565,22.2833,17.7864,4.3549,,true,2,0.008333,0.1861,0.0167,1.00,0.94,6.2645,22,1,382,382,0,401,501,0,14,14,0,366336,0,1207,0,0,754737152,0.000000,0.000000,0.000000,0.00,2,7,10,18,16,25,21,20,20,33,45,46,43,44,32,0,0,0,0.0007,0.0022,0.0550,0.0438,0.0074,0.1869,0.0068,4.3549,0.0199,0.1861,0.5675,0.0005,0.0005,0.2053,0.0012,0.0006,0.0000,0.0000,0.0005
1331,22.5689,22.3000,14.0652,3.6609,,true,2,0.008333,0.1438,0.0167,1.00,1.00,3.6631,22,1,382,382,0,403,503,0,14,14,0,366336,0,1207,0,0,754737152,0.000000,0.000000,0.000000,0.00,2,7,10,18,16,25,21,20,20,33,45,46,43,44,32,0,0,0,0.0001,0.0027,0.0330,0.0327,0.0061,0.1442,0.0058,3.6609,0.0191,0.1438,0.3430,0.0004,0.0005,0.1582,0.0015,0.0009,0.0000,0.0000,0.0007
1332,22.5864,22.3167,15.7445,5.3646,,true,2,0.008333,0.1933,0.0167,1.00,1.00,2.7409,22,1,382,382,0,406,506,0,14,14,0,366336,0,1207,0,0,754737152,0.000000,0.000000,0.000000,0.00,2,7,10,18,16,25,21,20,20,33,45,46,43,44,32,0,0,0,0.0001,0.0020,0.0560,0.0391,0.0057,0.1940,0.0057,5.3646,0.0258,0.1933,0.4462,0.0005,0.0005,0.2254,0.0017,0.0015,0.0000,0.0000,0.0009
1333,22.6064,22.3333,19.8689,5.0050,,true,2,0.008333,0.1886,0.0167,1.00,0.84,5.9431,22,1,382,382,0,406,506,0,14,14,0,366336,0,1207,0,0,754737152,0.000000,0.000000,0.000000,0.00,2,7,10,18,16,25,21,20,20,33,45,46,43,44,32,0,0,0,0.0006,0.0016,0.0491,0.0653,0.0082,0.1890,0.0064,5.0050,0.0174,0.1886,0.4078,0.0004,0.0005,0.1779,0.0014,0.0009,0.0000,0.0000,0.0007
1334,22.6193,22.3500,14.2903,4.0737,,true,2,0.008333,0.1643,0.0167,1.00,1.00,3.5668,22,1,382,382,0,409,509,0,14,14,0,366336,0,1207,0,0,754737152,0.000000,0.000000,0.000000,0.00,2,7,10,18,16,25,21,20,20,33,45,46,43,44,32,0,0,0,0.0003,0.0017,0.0399,0.0328,0.0044,0.1649,0.0082,4.0737,0.0153,0.1643,0.3564,0.0003,0.0002,0.1605,0.0008,0.0006,0.0000,0.0000,0.0006
1335,22.6372,22.3667,17.0170,4.8730,,true,2,0.008333,0.1705,0.0167,1.00,0.98,3.9171,22,1,382,382,0,411,511,0,14,14,0,366336,0,1207,0,0,754737152,0.000000,0.000000,0.000000,0.00,2,7,10,18,16,25,21,20,20,33,45,46,43,44,32,0,0,0,0.0001,0.0013,0.0342,0.0338,0.0052,0.1711,0.0054,4.8730,0.0138,0.1705,0.3364,0.0004,0.0006,0.1567,0.0014,0.0005,0.0000,0.0000,0.0004
1336,22.6516,22.3833,14.6671,4.7578,,true,2,0.008333,0.1836,0.0167,1.00,1.00,1.9175,22,1,382,382,0,415,515,0,14,14,0,366336,0,1207,0,0,754737152,0.000000,0.000000,0.000000,0.00,2,7,10,18,16,25,21,20,20,33,45,46,43,44,32,0,0,0,0.0001,0.0017,0.0339,0.0352,0.0063,0.1840,0.0068,4.7578,0.0152,0.1836,0.3709,0.0005,0.0006,0.1480,0.0012,0.0009,0.0000,0.0000,0.0011
1337,22.6693,22.4000,16.5721,5.6265,,true,2,0.008333,0.3686,0.0167,1.00,1.00,1.8230,22,1,382,382,0,418,518,0,14,14,0,366336,0,1207,0,0,754737152,0.000000,0.000000,0.000000,0.00,2,7,10,18,16,25,21,20,20,33,45,46,43,44,32,0,0,0,0.0002,0.0037,0.0580,0.0433,0.0064,0.3693,0.0074,5.6265,0.0232,0.3686,0.5429,0.0005,0.0003,0.2134,0.0014,0.0010,0.0000,0.0000,0.0008
1338,22.6830,22.4083,14.6591,4.6907,,true,1,0.008333,0.1390,0.0083,1.00,0.57,8.1487,22,1,382,382,0,416,516,0,14,14,0,366336,0,1207,0,0,754741248,0.000000,0.000000,0.000000,0.00,2,7,10,18,16,25,21,20,20,33,45,46,43,44,32,0,0,0,0.0004,0.0019,0.0534,0.0472,0.0073,0.1399,0.0051,4.6907,0.0211,0.1390,0.4283,0.0004,0.0006,0.1754,0.0018,0.0012,0.0000,0.0000,0.0007
1339,22.7026,22.4333,17.9767,5.5527,,true,3,0.008333,0.2217,0.0250,1.00,1.00,1.1254,22,1,382,382,0,419,519,0,14,14,0,368640,0,1207,0,0,754741248,0.000000,0.000000,0.000000,0.00,2,7,10,18,16,25,21,20,20,33,45,46,43,44,32,0,0,0,0.0006,0.0030,0.0465,0.0518,0.0071,0.2223,0.0074,5.5527,0.0210,0.2217,0.4411,0.0004,0.0005,0.2061,0.0013,0.0013,0.0000,0.0000,0.0008
1340,22.7177,22.4500,16.7795,4.5400,,true,2,0.008333,0.2086,0.0167,1.00,0.99,1.2383,22,1,382,382,0,422,522,0,14,14,0,368640,0,1207,0,0,754741248,0.000000,0.000000,0.000000,0.00,2,7,10,18,16,25,21,20,20,33,45,46,43,44,32,0,0,0,0.0005,0.0014,0.0387,0.0361,0.0068,0.2088,0.0059,4.5400,0.0153,0.2086,0.4017,0.0004,0.0006,0.1732,0.0020,0.0007,0.0000,0.0000,0.0010
1341,22.7317,22.4583,14.0627,4.6644,,true,1,0.008333,0.1573,0.0083,1.00,0.59,6.9677,22,1,382,382,0,421,521,0,14,14,0,368640,0,1207,0,0,754741248,0.000000,0.000000,0.000000,0.00,2,7,10,18,16,25,21,20,20,33,45,46,43,44,32,0,0,0,0.0002,0.0023,0.0443,0.0416,0.0069,0.1585,0.0051,4.6644,0.0225,0.1573,0.4444,0.0012,0.0005,0.1906,0.0014,0.0008,0.0000,0.0000,0.0010
1342,22.7466,22.4750,15.6126,3.9903,,true,2,0.008333,0.1433,0.0167,1.00,1.00,5.9137,22,1,382,382,0,421,521,0,14,14,0,368640,0,1207,0,0,754741248,0.000000,0.000000,0.000000,0.00,2,7,10,18,16,25,21,20,20,33,45,46,43,44,32,0,0,0,0.0001,0.0016,0.0469,0.0295,0.0054,0.1436,0.0032,3.9903,0.0190,0.1433,0.3683,0.0003,0.0002,0.1577,0.0022,0.0006,0.0000,0.0000,0.0011
1343,22.7626,22.4917,16.1224,4.0790,,true,2,0.008333,0.1416,0.0167,1.00,1.00,5.3694,22,1,382,382,0,421,521,0,14,14,0,366336,0,1207,0,0,754741248,0.000000,0.000000,0.000000,0.00,2,7,10,18,16,25,21,20,20,33,45,46,43,44,32,0,0,0,0.0002,0.0021,0.0338,0.0354,0.0051,0.1423,0.0049,4.0790,0.0082,0.1416,0.3763,0.0004,0.0005,0.1817,0.0013,0.0011,0.0000,0.0000,0.0011
1344,22.7779,22.5083,14.6015,4.4262,,true,2,0.008333,0.3160,0.0167,1.00,1.00,3.3042,22,1,382,382,0,422,522,0,14,14,0,366336,0,1207,0,0,754741248,0.000000,0.000000,0.000000,0.00,2,7,10,18,16,25,21,20,20,33,45,46,43,44,32,0,0,0,0.0007,0.0022,0.0374,0.0446,0.0061,0.3169,0.0054,4.4262,0.0206,0.3160,0.4052,0.0007,0.0005,0.1644,0.0013,0.0017,0.0000,0.0000,0.0012
1345,22.7929,22.5250,15.8624,4.0371,,true,2,0.008333,0.1459,0.0167,1.00,1.00,2.4999,22,1,382,382,0,424,524,0,14,14,0,366336,0,1207,0,0,754741248,0.000000,0.000000,0.000000,0.00,2,7,10,18,16,25,21,20,20,33,45,46,43,44,32,0,0,0,0.0002,0.0014,0.0328,0.0337,0.0077,0.1465,0.0049,4.0371,0.0120,0.1459,0.3651,0.0006,0.0003,0.1502,0.0010,0.0012,0.0000,0.0000,0.0006
1346,22.8105,22.5417,17.5858,3.7287,,true,2,0.008333,0.2254,0.0167,1.00,0.95,3.4191,22,1,382,382,0,424,524,0,14,14,0,366336,0,1207,0,0,754741248,0.000000,0.000000,0.000000,0.00,2,7,10,18,16,25,21,20,20,33,45,46,43,44,32,0,0,0,0.0001,0.0014,0.0372,0.0544,0.0067,0.2264,0.0047,3.7287,0.0138,0.2254,0.3661,0.0006,0.0007,0.1500,0.0016,0.0015,0.0000,0.0000,0.0011
1347,22.8255,22.5583,15.1095,3.7591,,true,2,0.008333,0.1935,0.0167,1.00,1.00,1.8620,22,1,382,382,0,425,525,0,14,14,0,366336,0,1207,0,0,754745344,0.000000,0.000000,0.000000,0.00,2,7,10,18,16,25,21,20,20,33,45,46,43,44,32,0,0,0,0.0003,0.0021,0.0309,0.0328,0.0055,0.1945,0.0067,3.7591,0.0079,0.1935,0.4181,0.0006,0.0006,0.1683,0.0011,0.0008,0.0000,0.0000,0.0005
1348,22.8407,22.5750,15.3719,3.6468,,true,2,0.008333,0.1376,0.0167,1.00,1.00,0.5672,22,1,382,382,0,427,527,0,14,14,0,366336,0,1207,0,0,754745344,0.000000,0.000000,0.000000,0.00,2,7,10,18,16,25,21,20,20,33,45,46,43,44,32,0,0,0,0.0004,0.0015,0.0295,0.0310,0.0061,0.1379,0.0043,3.6468,0.0134,0.1376,0.3568,0.0005,0.0003,0.1463,0.0008,0.0010,0.0000,0.0000,0.0005
1349,22.8564,22.5833,15.4023,3.7993,,true,1,0.008333,0.1435,0.0083,1.00,0.54,7.6362,22,1,382,382,0,425,525,0,14,14,0,366336,0,1207,0,0,754745344,0.000000,0.000000,0.000000,0.00,2,7,10,18,16,25,21,20,20,33,45,46,43,44,32,0,0,0,0.0005,0.0017,0.0310,0.0414,0.0059,0.1439,0.0049,3.7993,0.0163,0.1435,0.4050,0.0006,0.0003,0.1925,0.0008,0.0008,0.0000,0.0000,0.0007
1350,22.8707,22.6000,14.6518,3.8208,,true,2,0.008333,0.1399,0.0167,1.00,1.00,5.6213,22,1,382,382,0,425,525,0,14,14,0,366336,0,1207,0,0,754745344,0.000000,0.000000,0.000000,0.00,2,7,10,18,16,25,21,20,20,33,45,46,43,44,32,0,0,0,0.0001,0.0010,0.0295,0.0339,0.0051,0.1403,0.0029,3.8208,0.0104,0.1399,0.3284,0.0006,0.0004,0.1325,0.0010,0.0006,0.0000,0.0000,0.0006
1351,22.8873,22.6167,16.0017,3.9976,,true,2,0.008333,0.1501,0.0167,1.00,1.00,4.9563,22,1,382,382,0,425,525,0,14,14,0,366336,0,1207,0,0,754745344,0.000000,0.000000,0.000000,0.00,2,7,10,18,16,25,21,20,20,33,45,46,43,44,32,0,0,0,0.0002,0.0013,0.0508,0.0284,0.0048,0.1505,0.0028,3.9976,0.0166,0.1501,0.4261,0.0006,0.0005,0.1768,0.0017,0.0012,0.0000,0.0000,0.0010
1352,22.9040,22.6333,16.7758,3.9825,,true,2,0.008333,0.1991,0.0167,1.00,0.99,5.0654,22,1,382,382,0,425,525,0,14,14,0,366336,0,1207,0,0,754745344,0.000000,0.000000,0.000000,0.00,2,7,10,18,16,25,21,20,20,33,45,46,43,44,32,0,0,0,0.0007,0.0022,0.0328,0.0443,0.0071,0.1996,0.0060,3.9825,0.0152,0.1991,0.3606,0.0004,0.0004,0.1520,0.0011,0.0010,0.0000,0.0000,0.0015
1353,22.9200,22.6500,15.6639,4.2846,,true,2,0.008333,0.4219,0.0167,1.00,1.00,4.0626,22,1,382,382,0,426,526,0,14,14,0,366336,0,1207,0,0,754745344,0.000000,0.000000,0.000000,0.00,2,7,10,18,16,25,21,20,20,33,45,46,43,44,32,0,0,0,0.0005,0.0019,0.0329,0.0322,0.0041,0.4225,0.0041,4.2846,0.0197,0.4219,0.3698,0.0005,0.0006,0.1439,0.0022,0.0009,0.0000,0.0000,0.0006
1354,22.9357,22.6667,15.6005,4.3406,,true,2,0.008333,0.1980,0.0167,1.00,1.00,2.9965,22,1,382,382,0,426,526,0,14,14,0,366336,0,1207,0,0,754745344,0.000000,0.000000,0.000000,0.00,2,7,10,18,16,25,21,20,20,33,45,46,43,44,32,0,0,0,0.0004,0.0023,0.0372,0.0452,0.0073,0.1995,0.0062,4.3406,0.0175,0.1980,0.3888,0.0007,0.0007,0.1492,0.0015,0.0009,0.0000,0.0000,0.0010
1355,22.9515,22.6833,15.2821,4.0509,,true,2,0.008333,0.1861,0.0167,1.00,1.00,1.6119,22,1,382,382,0,427,527,0,14,14,0,366336,0,1207,0,0,754745344,0.000000,0.000000,0.000000,0.00,2,7,10,18,16,25,21,20,20,33,45,46,43,44,32,0,0,0,0.0002,0.0020,0.0356,0.0425,0.0088,0.1872,0.0060,4.0509,0.0140,0.1861,0.4232,0.0013,0.0004,0.1715,0.0016,0.0012,0.0000,0.0000,0.0015
1356,22.9678,22.7000,16.4544,4.5744,,true,2,0.008333,0.1883,0.0167,1.00,1.00,1.3996,22,1,382,382,0,428,528,0,14,14,0,366336,0,1207,0,0,754749440,0.000000,0.000000,0.000000,0.00,2,7,10,18,16,25,21,20,20,33,45,46,43,44,32,0,0,0,0.0005,0.0024,0.0422,0.0268,0.0060,0.1888,0.0050,4.5744,0.0171,0.1883,0.3801,0.0005,0.0006,0.1468,0.0011,0.0012,0.0000,0.0000,0.0011
1357,22.9835,22.7167,15.9490,4.5575,,true,2,0.008333,0.2037,0.0167,1.00,1.00,0.6819,22,1,382,382,0,429,529,0,14,14,0,366336,0,1207,0,0,754749440,0.000000,0.000000,0.000000,0.00,2,7,10,18,16,25,21,20,20,33,45,46,43,44,32,0,0,0,0.0005,0.0016,0.0351,0.0397,0.0062,0.2042,0.0079,4.5575,0.0167,0.2037,0.3702,0.0005,0.0004,0.1424,0.0013,0.0018,0.0000,0.0000,0.0008
1358,23.0011,22.7333,16.7760,5.0185,,true,2,0.008333,0.2173,0.0167,1.00,0.99,0.7912,22,1,382,382,0,429,529,0,14,14,0,366336,0,1207,0,0,754749440,0.000000,0.000000,0.000000,0.00,2,7,10,18,16,25,21,20,20,33,45,46,43,44,32,0,0,0,0.0003,0.0016,0.0589,0.0411,0.0060,0.2190,0.0073,5.0185,0.0409,0.2173,0.5376,0.0007,0.0006,0.2546,0.0016,0.0010,0.0000,0.0000,0.0007
1359,23.0164,22.7417,15.8354,4.4678,,true,1,0.008333,0.2017,0.0083,1.00,0.53,8.2934,22,1,382,382,0,428,528,0,14,14,0,366336,0,1207,0,0,754749440,0.000000,0.000000,0.000000,0.00,2,7,10,18,16,25,21,20,20,33,45,46,43,44,32,0,0,0,0.0003,0.0024,0.0564,0.0274,0.0089,0.2026,0.0055,4.4678,0.0190,0.2017,0.4234,0.0008,0.0004,0.1694,0.0015,0.0014,0.0000,0.0000,0.0012
1360,23.0314,22.7583,15.3099,4.5125,,true,2,0.008333,0.3004,0.0167,1.00,1.00,6.9366,22,1,382,382,0,427,527,0,14,14,0,366336,0,1207,0,0,754749440,0.000000,0.000000,0.000000,0.00,2,7,10,18,16,25,21,20,20,33,45,46,43,44,32,0,0,0,0.0001,0.0016,0.0507,0.0336,0.0043,0.3011,0.0054,4.5125,0.0214,0.3004,0.4825,0.0004,0.0005,0.2018,0.0007,0.0016,0.0000,0.0000,0.0008
1361,23.0477,22.7750,16.4394,4.3206,,true,2,0.008333,0.1648,0.0167,1.00,1.00,6.7094,22,1,382,382,0,427,527,0,14,14,0,366336,0,1207,0,0,754749440,0.000000,0.000000,0.000000,0.00,2,7,10,18,16,25,21,20,20,33,45,46,43,44,32,0,0,0,0.0001,0.0019,0.0403,0.0306,0.0052,0.1652,0.0042,4.3206,0.0204,0.1648,0.4253,0.0007,0.0002,0.1964,0.0013,0.0007,0.0000,0.0000,0.0003
1362,23.0638,22.7917,15.7355,4.5418,,true,2,0.008333,0.1755,0.0167,1.00,1.00,5.7782,22,1,382,382,0,427,527,0,14,14,0,366336,0,1207,0,0,754749440,0.000000,0.000000,0.000000,0.00,2,7,10,18,16,25,21,20,20,33,45,46,43,44,32,0,0,0,0.0002,0.0013,0.0396,0.0315,0.0056,0.1762,0.0038,4.5418,0.0170,0.1755,0.4440,0.0003,0.0004,0.2003,0.0017,0.0013,0.0000,0.0000,0.0007
1363,23.0802,22.8083,16.4840,4.5994,,true,2,0.008333,0.1683,0.0167,1.00,1.00,5.5955,22,1,382,382,0,427,527,0,14,14,0,366336,0,1207,0,0,754749440,0.000000,0.000000,0.000000,0.00,2,7,10,18,16,25,21,20,20,33,45,46,43,44,32,0,0,0,0.0003,0.0020,0.0415,0.0326,0.0054,0.1687,0.0051,4.5994,0.0222,0.1683,0.4913,0.0005,0.0005,0.1784,0.0021,0.0010,0.0000,0.0000,0.0011
1364,23.1010,22.8250,18.1335,6.9756,,true,2,0.008333,0.3569,0.0167,1.00,0.92,7.0623,22,1,382,382,0,427,527,0,14,14,0,366336,0,1207,0,0,754749440,0.000000,0.000000,0.000000,0.00,2,7,10,18,16,25,21,20,20,33,45,46,43,44,32,0,0,0,0.0004,0.0023,0.0396,0.0668,0.0107,0.3595,0.0066,6.9756,0.0223,0.3569,0.4116,0.0005,0.0004,0.1724,0.0010,0.0019,0.0000,0.0000,0.0008
1365,23.1183,22.8500,19.0694,5.1179,,true,3,0.008333,0.2323,0.0250,1.00,1.00,1.1318,22,1,382,382,0,428,528,0,14,14,0,366336,0,1207,0,0,754749440,0.000000,0.000000,0.000000,0.00,2,7,10,18,16,25,21,20,20,33,45,46,43,44,32,0,0,0,0.0002,0.0025,0.0431,0.0475,0.0081,0.2333,0.0049,5.1179,0.0162,0.2323,0.4506,0.0008,0.0007,0.1741,0.0012,0.0011,0.0000,0.0000,0.0010
1366,23.1332,22.8583,15.2594,4.8749,,true,1,0.008333,0.1665,0.0083,1.00,0.55,8.0578,22,1,382,382,0,427,527,0,14,14,0,366336,0,1207,0,0,754753536,0.000000,0.000000,0.000000,0.00,2,7,10,18,16,25,21,20,20,33,45,46,43,44,32,0,0,0,0.0005,0.0036,0.0369,0.0464,0.0094,0.1675,0.0067,4.8749,0.0159,0.1665,0.4362,0.0007,0.0006,0.1652,0.0013,0.0011,0.0000,0.0000,0.0010
1367,23.1488,22.8750,15.4102,5.2541,,true,2,0.008333,0.2517,0.0167,1.00,1.00,6.8014,22,1,382,382,0,427,527,0,14,14,0,366336,0,1207,0,0,754753536,0.000000,0.000000,0.000000,0.00,2,7,10,18,16,25,21,20,20,33,45,46,43,44,32,0,0,0,0.0003,0.0015,0.0592,0.0332,0.0088,0.2525,0.0063,5.2541,0.0213,0.2517,0.5148,0.0008,0.0006,0.2215,0.0027,0.0012,0.0000,0.0000,0.0011
1368,23.1644,22.8917,15.7533,5.3072,,true,2,0.008333,0.3013,0.0167,1.00,1.00,5.8881,22,1,382,382,0,427,527,0,14,14,0,366336,0,1207,0,0,754753536,0.000000,0.000000,0.000000,0.00,2,7,10,18,16,25,21,20,20,33,45,46,43,44,32,0,0,0,0.0001,0.0026,0.0437,0.0353,0.0063,0.3018,0.0052,5.3072,0.0285,0.3013,0.4870,0.0006,0.0006,0.2120,0.0021,0.0014,0.0000,0.0000,0.0013
1369,23.1792,22.9083,15.2858,4.6341,,true,2,0.008333,0.1789,0.0167,1.00,1.00,4.5072,22,1,382,382,0,427,527,0,14,14,0,366336,0,1207,0,0,754753536,0.000000,0.000000,0.000000,0.00,2,7,10,18,16,25,21,20,20,33,45,46,43,44,32,0,0,0,0.0002,0.0013,0.0448,0.0297,0.0049,0.1791,0.0039,4.6341,0.0168,0.1789,0.4501,0.0008,0.0004,0.1784,0.0015,0.0018,0.0000,0.0000,0.0009
1370,23.2036,22.9250,18.7180,9.6037,,true,2,0.008333,0.4343,0.0167,1.00,0.89,6.5585,22,1,382,382,0,427,527,0,14,14,0,368640,0,1207,0,0,754753536,0.000000,0.000000,0.000000,0.00,2,7,10,18,16,25,21,20,20,33,45,46,43,44,32,0,0,0,0.0009,0.0047,0.0654,0.1119,0.0170,0.4364,0.0122,9.6037,0.0456,0.4343,0.7521,0.0011,0.0007,0.3170,0.0020,0.0014,0.0000,0.0000,0.0009
1371,23.2258,22.9500,19.7683,12.0110,,true,3,0.008333,0.2997,0.0250,1.00,1.00,1.3268,22,1,382,382,8,428,528,0,14,14,0,368640,0,1215,21,40,754753536,0.000000,0.000000,0.000000,0.00,2,7,10,18,16,25,21,20,20,33,45,46,43,44,32,0,0,0,0.0007,0.0026,0.0732,0.0429,0.0068,0.3005,0.0057,12.0110,0.0218,0.2997,6.1298,0.0011,0.2016,0.3247,0.0032,0.0005,0.0000,0.0000,5.1180
1372,23.2347,22.9583,14.8542,6.7710,,true,1,0.008333,0.1433,0.0083,1.00,0.56,7.8477,22,1,382,382,8,382,482,0,14,14,6,368640,0,1221,15,40,754753536,0.000000,0.000000,0.000000,0.00,2,7,10,18,16,25,21,20,20,33,45,46,43,44,32,0,0,0,0.0001,0.0019,0.0449,0.0445,0.0087,0.1442,0.0074,6.7710,0.0220,0.1433,0.6403,0.0175,0.1423,0.1443,0.0017,0.0085,0.0000,27.1650,0.0006
1373,23.2507,22.9833,17.4443,5.2367,,true,3,0.008333,0.2490,0.0250,1.00,1.00,0.2919,22,1,382,382,7,398,498,0,14,14,8,368640,0,1228,7,35,754753536,0.000000,0.000000,0.000000,0.00,2,7,10,18,16,25,21,20,20,33,45,46,43,44,32,0,0,0,0.0003,0.0015,0.0456,0.0563,0.0088,0.2493,0.0022,5.2367,0.0187,0.2490,0.7250,0.0273,0.1577,0.1779,0.0016,0.0155,0.0000,38.5474,0.0010
1374,23.2676,23.0000,16.4562,5.1821,,true,2,0.008333,0.3007,0.0167,1.00,1.00,0.0815,22,1,382,382,0,409,509,0,14,14,7,368640,0,1228,0,0,754753536,0.000000,0.000000,0.000000,0.00,2,7,10,18,16,25,21,20,20,33,45,46,43,44,32,0,0,0,0.0006,0.0015,0.0460,0.0611,0.0062,0.3011,0.0059,5.1821,0.0173,0.3007,0.4955,0.0263,0.0008,0.1726,0.0016,0.0139,0.0000,33.9197,0.0009
1375,23.2831,23.0083,15.4586,5.2136,,true,1,0.008333,0.1813,0.0083,1.00,0.54,7.2068,22,1,382,382,0,405,505,0,14,14,0,368640,0,1228,0,0,754925568,0.000000,0.000000,0.000000,0.00,2,7,10,18,16,25,21,20,19,36,49,45,48,42,24,0,0,0,0.0006,0.0017,0.0431,0.0385,0.0086,0.1820,0.0051,5.2136,0.0147,0.1813,0.5932,0.0005,0.0004,0.2386,0.0010,0.0017,0.0000,0.0000,0.0008
1376,23.3013,23.0250,17.3904,6.2007,,true,2,0.008333,0.3216,0.0167,1.00,0.96,7.9305,22,1,382,382,0,402,502,0,14,14,0,368640,0,1228,0,0,754925568,0.000000,0.000000,0.000000,0.00,2,7,10,18,16,25,21,20,19,36,49,45,48,42,24,0,0,0,0.0002,0.0034,0.0890,0.0647,0.0104,0.3226,0.0072,6.2007,0.0207,0.3216,0.4811,0.0005,0.0004,0.2102,0.0023,0.0011,0.0000,0.0000,0.0005
1377,23.3182,23.0500,17.9126,5.3456,,true,3,0.008333,0.2044,0.0250,1.00,1.00,0.8431,22,1,382,382,0,410,510,0,14,14,0,368640,0,1228,0,0,754925568,0.000000,0.000000,0.000000,0.00,2,7,10,18,16,25,21,20,19,36,49,45,48,42,24,0,0,0,0.0001,0.0020,0.0383,0.0378,0.0066,0.2050,0.0048,5.3456,0.0167,0.2044,0.4154,0.0006,0.0003,0.1708,0.0026,0.0010,0.0000,0.0000,0.0014
1378,23.3316,23.0583,14.5913,4.4565,,true,1,0.008333,0.1357,0.0083,1.00,0.57,7.1011,22,1,382,382,0,410,510,0,14,14,0,368640,0,1228,0,0,754925568,0.000000,0.000000,0.000000,0.00,2,7,10,18,16,25,21,20,19,36,49,45,48,42,24,0,0,0,0.0006,0.0019,0.0369,0.0404,0.0056,0.1359,0.0082,4.4565,0.0388,0.1357,0.3732,0.0007,0.0004,0.1662,0.0015,0.0009,0.0000,0.0000,0.0011
1379,23.3485,23.0750,16.7649,4.6003,,true,2,0.008333,0.1743,0.0167,1.00,0.99,7.1993,22,1,382,382,0,411,511,0,14,14,0,368640,0,1228,0,0,754925568,0.000000,0.000000,0.000000,0.00,2,7,10,18,16,25,21,20,19,36,49,45,48,42,24,0,0,0,0.0002,0.0028,0.0480,0.0711,0.0111,0.1748,0.0056,4.6003,0.0285,0.1743,0.4210,0.0004,0.0003,0.2073,0.0017,0.0013,0.0000,0.0000,0.0010
1380,23.3666,23.0917,16.3173,5.9114,,true,2,0.008333,0.2309,0.0167,1.00,1.00,6.8499,22,1,382,382,0,412,512,0,14,14,0,368640,0,1228,0,0,754925568,0.000000,0.000000,0.000000,0.00,2,7,10,18,16,25,21,20,19,36,49,45,48,42,24,0,0,0,0.0006,0.0035,0.0506,0.0549,0.0090,0.2322,0.0224,5.9114,0.0322,0.2309,0.4350,0.0010,0.0006,0.2063,0.0021,0.0014,0.0000,0.0000,0.0018
1381,23.3803,23.1083,16.2074,3.9782,,true,2,0.008333,0.1593,0.0167,1.00,1.00,6.3906,22,1,382,382,0,413,513,0,14,14,0,384768,0,1228,0,0,754925568,0.000000,0.000000,0.000000,0.00,2,7,10,18,16,25,21,20,19,36,49,45,48,42,24,0,0,0,0.0001,0.0018,0.0342,0.0310,0.0045,0.1598,0.0060,3.9782,0.0167,0.1593,0.4308,0.0004,0.0003,0.2127,0.0015,0.0016,0.0000,0.0000,0.0009
1382,23.3956,23.1250,14.8883,4.4765,,true,2,0.008333,0.1700,0.0167,1.00,1.00,4.6123,22,1,382,382,0,416,516,0,14,14,0,384768,0,1228,0,0,754925568,0.000000,0.000000,0.000000,0.00,2,7,10,18,16,25,21,20,19,36,49,45,48,42,24,0,0,0,0.0004,0.0014,0.0420,0.0335,0.0058,0.1706,0.0081,4.4765,0.0134,0.1700,0.4015,0.0003,0.0003,0.1799,0.0009,0.0011,0.0000,0.0000,0.0010
1383,23.4122,23.1417,16.8751,4.1220,,true,2,0.008333,0.2954,0.0167,1.00,0.99,4.8207,22,1,382,382,0,418,518,0,14,14,0,384768,0,1228,0,0,754925568,0.000000,0.000000,0.000000,0.00,2,7,10,18,16,25,21,20,19,36,49,45,48,42,24,0,0,0,0.0002,0.0009,0.0363,0.0338,0.0054,0.2959,0.0020,4.1220,0.0168,0.2954,0.3927,0.0012,0.0004,0.1561,0.0007,0.0020,0.0000,0.0000,0.0011
1384,23.4287,23.1583,15.4426,5.1292,,true,2,0.008333,0.1894,0.0167,1.00,1.00,3.5967,22,1,382,382,0,420,520,0,14,14,0,387072,0,1228,0,0,754929664,0.000000,0.000000,0.000000,0.00,2,7,10,18,16,25,21,20,19,36,49,45,48,42,24,0,0,0,0.0001,0.0021,0.0328,0.0375,0.0081,0.1900,0.0047,5.1292,0.0195,0.1894,0.3873,0.0010,0.0009,0.1884,0.0017,0.0011,0.0000,0.0000,0.0005
1385,23.4432,23.1750,15.0902,4.2312,,true,2,0.008333,0.1811,0.0167,1.00,1.00,2.0202,22,1,382,382,0,423,523,0,14,14,0,387072,0,1228,0,0,754929664,0.000000,0.000000,0.000000,0.00,2,7,10,18,16,25,21,20,19,36,49,45,48,42,24,0,0,0,0.0005,0.0019,0.0329,0.0390,0.0070,0.1818,0.0049,4.2312,0.0163,0.1811,0.3915,0.0004,0.0006,0.1800,0.0020,0.0008,0.0000,0.0000,0.0014
1386,23.4570,23.1917,14.6536,3.7814,,true,2,0.008333,0.1732,0.0167,1.00,1.00,0.0072,22,1,382,382,0,425,525,0,14,14,0,387072,0,1228,0,0,754929664,0.000000,0.000000,0.000000,0.00,2,7,10,18,16,25,21,20,19,36,49,45,48,42,24,0,0,0,0.0001,0.0014,0.0421,0.0343,0.0044,0.1736,0.0035,3.7814,0.0174,0.1732,0.3114,0.0005,0.0004,0.1312,0.0011,0.0008,0.0000,0.0000,0.0008
1387,23.4729,23.2000,15.7908,3.8722,,true,1,0.008333,0.1424,0.0083,1.00,0.53,7.4647,22,1,382,382,0,424,524,0,14,14,0,387072,0,1228,0,0,754929664,0.000000,0.000000,0.000000,0.00,2,7,10,18,16,25,21,20,19,36,49,45,48,42,24,0,0,0,0.0001,0.0010,0.0333,0.0310,0.0050,0.1429,0.0019,3.8722,0.0144,0.1424,0.3905,0.0005,0.0004,0.1635,0.0015,0.0012,0.0000,0.0000,0.0007
1388,23.4877,23.2167,14.7720,3.9272,,true,2,0.008333,0.1390,0.0167,1.00,1.00,5.5700,22,1,382,382,0,424,524,0,14,14,0,387072,0,1228,0,0,754929664,0.000000,0.000000,0.000000,0.00,2,7,10,18,16,25,21,20,19,36,49,45,48,42,24,0,0,0,0.0001,0.0009,0.0306,0.0290,0.0038,0.1394,0.0031,3.9272,0.0110,0.1390,0.3862,0.0003,0.0002,0.1621,0.0029,0.0008,0.0000,0.0000,0.0005
1389,23.5053,23.2333,16.8368,4.6040,,true,2,0.008333,0.2056,0.0167,1.00,0.99,5.7401,22,1,382,382,0,424,524,0,14,14,0,387072,0,1228,0,0,754929664,0.000000,0.000000,0.000000,0.00,2,7,10,18,16,25,21,20,19,36,49,45,48,42,24,0,0,0,0.0004,0.0008,0.0412,0.0632,0.0084,0.2067,0.0025,4.6040,0.0164,0.2056,0.3994,0.0005,0.0005,0.1626,0.0012,0.0007,0.0000,0.0000,0.0010
1390,23.5205,23.2500,15.4255,4.2670,,true,2,0.008333,0.2714,0.0167,1.00,1.00,4.4990,22,1,382,382,0,425,525,0,14,14,0,387072,0,1228,0,0,754929664,0.000000,0.000000,0.000000,0.00,2,7,10,18,16,25,21,20,19,36,49,45,48,42,24,0,0,0,0.0003,0.0018,0.0355,0.0228,0.0061,0.2727,0.0049,4.2670,0.0182,0.2714,0.3935,0.0008,0.0004,0.1793,0.0016,0.0012,0.0000,0.0000,0.0013
1391,23.5381,23.2667,17.5833,4.1572,,true,2,0.008333,0.1899,0.0167,1.00,0.95,5.4156,22,1,382,382,0,425,525,0,14,14,0,387072,0,1228,0,0,754929664,0.000000,0.000000,0.000000,0.00,2,7,10,18,16,25,21,20,19,36,49,45,48,42,24,0,0,0,0.0001,0.0015,0.0335,0.0400,0.0054,0.1904,0.0050,4.1572,0.0319,0.1899,0.4076,0.0007,0.0005,0.1623,0.0016,0.0015,0.0000,0.0000,0.0010
1392,23.5517,23.2833,14.2572,3.7429,,true,2,0.008333,0.1821,0.0167,1.00,1.00,3.0061,22,1,382,382,0,426,526,0,14,14,0,389376,0,1228,0,0,754929664,0.000000,0.000000,0.000000,0.00,2,7,10,18,16,25,21,20,19,36,49,45,48,42,24,0,0,0,0.0001,0.0010,0.0355,0.0284,0.0059,0.1831,0.0042,3.7429,0.0139,0.1821,0.3873,0.0005,0.0008,0.1609,0.0005,0.0015,0.0000,0.0000,0.0012
1393,23.5677,23.3000,15.2139,4.6164,,true,2,0.008333,0.1952,0.0167,1.00,1.00,1.5533,22,1,382,382,0,427,527,0,14,14,0,389376,0,1228,0,0,754929664,0.000000,0.000000,0.000000,0.00,2,7,10,18,16,25,21,20,19,36,49,45,48,42,24,0,0,0,0.0002,0.0021,0.0511,0.0351,0.0069,0.1959,0.0038,4.6164,0.0135,0.1952,0.3861,0.0005,0.0005,0.1465,0.0021,0.0019,0.0000,0.0000,0.0007
1394,23.5825,23.3083,14.9498,4.4804,,true,1,0.008333,0.1187,0.0083,1.00,0.56,8.1698,22,1,382,382,0,426,526,0,14,14,0,389376,0,1228,0,0,754933760,0.000000,0.000000,0.000000,0.00,2,7,10,18,16,25,21,20,19,36,49,45,48,42,24,0,0,0,0.0004,0.0011,0.0377,0.0300,0.0049,0.1193,0.0036,4.4804,0.0173,0.1187,0.4057,0.0005,0.0005,0.1891,0.0018,0.0009,0.0000,0.0000,0.0013
1395,23.5999,23.3250,16.2159,5.5250,,true,2,0.008333,0.2430,0.0167,1.00,1.00,7.7191,22,1,382,382,0,426,526,0,14,14,0,389376,0,1228,0,0,754933760,0.000000,0.000000,0.000000,0.00,2,7,10,18,16,25,21,20,19,36,49,45,48,42,24,0,0,0,0.0007,0.0065,0.0480,0.0445,0.0070,0.2452,0.0080,5.5250,0.0269,0.2430,0.5138,0.0011,0.0014,0.2222,0.0021,0.0014,0.0000,0.0000,0.0012
1396,23.6161,23.3417,16.8356,4.8103,,true,2,0.008333,0.1678,0.0167,1.00,0.99,7.8880,22,1,382,382,0,425,525,0,14,14,0,389376,0,1228,0,0,754933760,0.000000,0.000000,0.000000,0.00,2,7,10,18,16,25,21,20,19,36,49,45,48,42,24,0,0,0,0.0002,0.0018,0.0682,0.0395,0.0080,0.1689,0.0049,4.8103,0.0211,0.1678,0.4039,0.0004,0.0005,0.1619,0.0012,0.0009,0.0000,0.0000,0.0010
1397,23.6302,23.3583,14.3733,4.6446,,true,2,0.008333,0.1961,0.0167,1.00,1.00,5.5947,22,1,382,382,0,426,526,0,14,14,0,389376,0,1228,0,0,754933760,0.000000,0.000000,0.000000,0.00,2,7,10,18,16,25,21,20,19,36,49,45,48,42,24,0,0,0,0.0006,0.0018,0.0432,0.0329,0.0044,0.1968,0.0039,4.6446,0.0155,0.1961,0.3470,0.0002,0.0001,0.1401,0.0011,0.0004,0.0000,0.0000,0.0004
1398,23.6458,23.3750,15.5670,4.6214,,true,2,0.008333,0.1751,0.0167,1.00,1.00,4.4951,22,1,382,382,0,426,526,0,14,14,0,389376,0,1228,0,0,754933760,0.000000,0.000000,0.000000,0.00,2,7,10,18,16,25,21,20,19,36,49,45,48,42,24,0,0,0,0.0004,0.0009,0.0463,0.0391,0.0071,0.1758,0.0069,4.6214,0.0156,0.1751,0.4529,0.0008,0.0008,0.1784,0.0008,0.0011,0.0000,0.0000,0.0014
1399,23.6612,23.3917,15.4741,4.7444,,true,2,0.008333,0.3350,0.0167,1.00,1.00,3.3024,22,1,382,382,0,427,527,0,14,14,0,389376,0,1228,0,0,754933760,0.000000,0.000000,0.000000,0.00,2,7,10,18,16,25,21,20,19,36,49,45,48,42,24,0,0,0,0.0006,0.0026,0.0415,0.0439,0.0067,0.3360,0.0069,4.7444,0.0160,0.3350,0.4307,0.0006,0.0004,0.1717,0.0016,0.0012,0.0000,0.0000,0.0008
1400,23.6837,23.4083,20.4818,6.1128,,true,2,0.008333,0.2541,0.0167,1.00,0.81,7.1176,22,1,382,382,0,427,527,0,14,14,0,389376,0,1228,0,0,754933760,0.000000,0.000000,0.000000,0.00,2,7,10,18,16,25,21,20,19,36,49,45,48,42,24,0,0,0,0.0007,0.0031,0.0646,0.0584,0.0106,0.2554,0.0070,6.1128,0.0291,0.2541,0.4338,0.0007,0.0004,0.1803,0.0019,0.0010,0.0000,0.0000,0.0006
1401,23.6949,23.4250,13.2150,4.7494,,true,2,0.008333,0.1600,0.0167,1.00,1.00,3.6659,22,1,382,382,0,427,527,0,14,14,0,389376,0,1228,0,0,754933760,0.000000,0.000000,0.000000,0.00,2,7,10,18,16,25,21,20,19,36,49,45,48,42,24,0,0,0,0.0002,0.0076,0.0487,0.0389,0.0073,0.1605,0.0066,4.7494,0.0105,0.1600,0.4880,0.0008,0.0006,0.2123,0.0016,0.0013,0.0000,0.0000,0.0011
1402,23.7127,23.4417,17.4058,4.8032,,true,2,0.008333,0.2770,0.0167,1.00,0.96,4.4050,22,1,382,382,0,428,528,0,14,14,0,389376,0,1228,0,0,754933760,0.000000,0.000000,0.000000,0.00,2,7,10,18,16,25,21,20,19,36,49,45,48,42,24,0,0,0,0.0005,0.0018,0.0422,0.0501,0.0085,0.2778,0.0053,4.8032,0.0419,0.2770,0.4615,0.0005,0.0003,0.1940,0.0018,0.0010,0.0000,0.0000,0.0007
1403,23.7273,23.4583,14.8974,4.7053,,true,2,0.008333,0.1988,0.0167,1.00,1.00,2.6357,22,1,382,382,0,428,528,0,14,14,0,389376,0,1228,0,0,754937856,0.000000,0.000000,0.000000,0.00,2,7,10,18,16,25,21,20,19,36,49,45,48,42,24,0,0,0,0.0002,0.0009,0.0458,0.0281,0.0045,0.1992,0.0033,4.7053,0.0159,0.1988,0.4609,0.0006,0.0004,0.1964,0.0014,0.0010,0.0000,0.0000,0.0008
1404,23.7474,23.4750,18.4211,5.8465,,true,2,0.008333,0.2108,0.0167,1.00,0.90,4.3902,22,1,382,382,0,429,529,0,14,14,0,389376,0,1228,0,0,754937856,0.000000,0.000000,0.000000,0.00,2,7,10,18,16,25,21,20,19,36,49,45,48,42,24,0,0,0,0.0005,0.0037,0.1120,0.0441,0.0127,0.2115,0.0074,5.8465,0.0187,0.2108,0.4174,0.0005,0.0006,0.1830,0.0017,0.0009,0.0000,0.0000,0.0015
1405,23.7639,23.4917,16.8608,5.9362,,true,2,0.008333,0.1820,0.0167,1.00,0.99,4.5843,22,1,382,382,0,429,529,0,14,14,0,389376,0,1228,0,0,754937856,0.000000,0.000000,0.000000,0.00,2,7,10,18,16,25,21,20,19,36,49,45,48,42,24,0,0,0,0.0004,0.0024,0.0510,0.0417,0.0071,0.1822,0.0054,5.9362,0.0190,0.1820,0.5470,0.0005,0.0002,0.2366,0.0012,0.0011,0.0000,0.0000,0.0009
1406,23.7802,23.5083,16.2070,5.5192,,true,2,0.008333,0.2895,0.0167,1.00,1.00,4.1246,22,1,382,382,0,429,529,0,14,14,0,389376,0,1228,0,0,754937856,0.000000,0.000000,0.000000,0.00,2,7,10,18,16,25,21,20,19,36,49,45,48,42,24,0,0,0,0.0002,0.0022,0.0439,0.0392,0.0070,0.2905,0.0048,5.5192,0.0155,0.2895,0.5072,0.0005,0.0004,0.2425,0.0016,0.0008,0.0000,0.0000,0.0008
1407,23.7935,23.5250,14.7366,4.7933,,true,2,0.008333,0.2435,0.0167,1.00,1.00,2.1946,22,1,382,382,0,429,529,0,14,14,0,389376,0,1228,0,0,754937856,0.000000,0.000000,0.000000,0.00,2,7,10,18,16,25,21,20,19,36,49,45,48,42,24,0,0,0,0.0005,0.0023,0.0508,0.0410,0.0061,0.2447,0.0053,4.7933,0.0196,0.2435,0.3704,0.0003,0.0002,0.1348,0.0012,0.0003,0.0000,0.0000,0.0003
1408,23.8114,23.5417,17.0328,5.4407,,true,2,0.008333,0.2661,0.0167,1.00,0.98,2.5607,22,1,382,382,0,430,530,0,14,14,0,389376,0,1228,0,0,754937856,0.000000,0.000000,0.000000,0.00,2,7,10,18,16,25,21,20,19,36,49,45,48,42,24,0,0,0,0.0007,0.0048,0.0495,0.0516,0.0074,0.2669,0.0058,5.4407,0.0210,0.2661,0.4824,0.0007,0.0005,0.1876,0.0013,0.0009,0.0000,0.0000,0.0005
1409,23.8248,23.5583,14.8207,4.2821,,true,2,0.008333,0.1562,0.0167,1.00,1.00,0.7148,22,1,382,382,0,430,530,0,14,14,0,389376,0,1228,0,0,754937856,0.000000,0.000000,0.000000,0.00,2,7,10,18,16,25,21,20,19,36,49,45,48,42,24,0,0,0,0.0005,0.0019,0.0454,0.0328,0.0057,0.1564,0.0040,4.2821,0.0170,0.1562,0.4610,0.0006,0.0002,0.2063,0.0011,0.0012,0.0000,0.0000,0.0007
1410,23.8416,23.5750,15.9820,5.0055,,true,2,0.008333,0.1908,0.0167,1.00,1.00,0.0301,22,1,382,382,0,431,531,0,14,14,0,389376,0,1228,0,0,754937856,0.000000,0.000000,0.000000,0.00,2,7,10,18,16,25,21,20,19,36,49,45,48,42,24,0,0,0,0.0002,0.0021,0.0405,0.0462,0.0026,0.1914,0.0049,5.0055,0.0136,0.1908,0.4320,0.0002,0.0002,0.1695,0.0008,0.0006,0.0000,0.0000,0.0005
1411,23.8566,23.5833,15.2821,4.4678,,true,1,0.008333,0.1495,0.0083,1.00,0.55,6.9788,22,1,382,382,0,430,530,0,14,14,0,389376,0,1228,0,0,754937856,0.000000,0.000000,0.000000,0.00,2,7,10,18,16,25,21,20,19,36,49,45,48,42,24,0,0,0,0.0001,0.0016,0.0456,0.0316,0.0065,0.1503,0.0030,4.4678,0.0190,0.1495,0.4823,0.0007,0.0004,0.1821,0.0015,0.0018,0.0000,0.0000,0.0007
1412,23.8716,23.6000,14.8431,4.6323,,true,2,0.008333,0.1762,0.0167,1.00,1.00,5.1552,22,1,382,382,0,430,530,0,14,14,0,389376,0,1228,0,0,754941952,0.000000,0.000000,0.000000,0.00,2,7,10,18,16,25,21,20,19,36,49,45,48,42,24,0,0,0,0.0002,0.0022,0.0362,0.0339,0.0057,0.1767,0.0043,4.6323,0.0144,0.1762,0.3863,0.0005,0.0006,0.1533,0.0012,0.0009,0.0000,0.0000,0.0008
1413,23.8868,23.6167,15.5564,4.4735,,true,2,0.008333,0.1985,0.0167,1.00,1.00,4.0450,22,1,382,382,0,430,530,0,14,14,0,387072,0,1228,0,0,754941952,0.000000,0.000000,0.000000,0.00,2,7,10,18,16,25,21,20,19,36,49,45,48,42,24,0,0,0,0.0001,0.0016,0.0481,0.0400,0.0072,0.1989,0.0047,4.4735,0.0174,0.1985,0.4508,0.0003,0.0006,0.1795,0.0019,0.0016,0.0000,0.0000,0.0006
1414,23.9027,23.6333,15.0056,5.1172,,true,2,0.008333,0.2059,0.0167,1.00,1.00,2.3839,22,1,382,382,0,430,530,0,14,14,0,387072,0,1228,0,0,754941952,0.000000,0.000000,0.000000,0.00,2,7,10,18,16,25,21,20,19,36,49,45,48,42,24,0,0,0,0.0011,0.0018,0.0454,0.0577,0.0074,0.2065,0.0057,5.1172,0.0181,0.2059,0.4352,0.0004,0.0003,0.1890,0.0013,0.0010,0.0000,0.0000,0.0009
1415,23.9265,23.6500,17.6711,11.0756,,true,2,0.008333,0.5422,0.0167,1.00,0.94,3.3883,22,1,382,382,8,430,530,0,14,14,0,387072,0,1236,31,40,754941952,0.000000,0.000000,0.000000,0.00,2,7,10,18,16,25,21,20,19,36,49,45,48,42,24,0,0,0,0.0003,0.0032,0.0486,0.0446,0.0069,0.5430,0.0046,11.0756,0.0174,0.5422,3.9798,0.0007,0.1443,0.1997,0.0030,0.0013,0.0000,0.0000,3.2314
1416,23.9356,23.6667,15.4172,5.1872,,true,2,0.008333,0.1544,0.0167,1.00,1.00,2.1389,22,1,382,382,8,439,539,0,14,14,6,387072,0,1242,25,40,754941952,0.000000,0.000000,0.000000,0.00,2,7,10,18,16,25,21,20,19,36,49,45,48,42,24,0,0,0,0.0007,0.0017,0.0437,0.0388,0.0082,0.1550,0.0077,5.1872,0.0126,0.1544,0.7030,0.0210,0.1846,0.1383,0.0030,0.0130,0.0000,29.4158,0.0007
1417,23.9525,23.6833,15.7977,5.3625,,true,2,0.008333,0.2033,0.0167,1.00,1.00,1.2699,22,1,382,382,8,445,545,0,14,14,8,387072,0,1250,17,40,754941952,0.000000,0.000000,0.000000,0.00,2,7,10,18,16,25,21,20,19,36,49,45,48,42,24,0,0,0,0.0007,0.0030,0.0370,0.0530,0.0070,0.2037,0.0116,5.3625,0.0140,0.2033,0.5967,0.0278,0.1197,0.1342,0.0012,0.0117,0.0000,39.1590,0.0008
1418,23.9684,23.7000,16.2265,5.3094,,true,2,0.008333,0.2103,0.0167,1.00,1.00,0.8298,22,1,382,382,8,447,547,0,14,14,8,387072,0,1258,9,40,754941952,0.000000,0.000000,0.000000,0.00,2,7,10,18,16,25,21,20,19,36,49,45,48,42,24,0,0,0,0.0009,0.0027,0.0570,0.0475,0.0076,0.2108,0.0047,5.3094,0.0144,0.2103,0.5865,0.0235,0.0004,0.1705,0.0018,0.0148,0.0000,36.7800,0.0010
1419,23.9829,23.7083,15.1665,4.8263,,true,1,0.008333,0.1477,0.0083,1.00,0.55,7.6630,22,1,382,382,1,436,536,0,14,14,8,387072,0,1259,1,5,754962432,0.000000,0.000000,0.000000,0.00,2,7,10,18,16,25,21,20,19,36,49,45,48,42,24,0,0,0,0.0002,0.0019,0.0575,0.0432,0.0052,0.1484,0.0050,4.8263,0.0166,0.1477,0.6534,0.0295,0.0005,0.2627,0.0016,0.0186,0.0000,35.7266,0.0009
1420,23.9989,23.7250,16.1694,4.6932,,true,2,0.008333,0.2284,0.0167,1.00,1.00,7.1657,22,1,382,382,0,430,530,0,14,14,1,387072,0,1259,0,0,754962432,0.000000,0.000000,0.000000,0.00,2,7,10,18,16,25,21,20,19,36,49,45,48,42,24,0,0,0,0.0004,0.0027,0.0454,0.0400,0.0072,0.2291,0.0052,4.6932,0.0167,0.2284,0.5379,0.0099,0.0004,0.1774,0.0018,0.0059,0.0000,3.8508,0.0010
1421,24.0231,23.7500,20.3231,7.5071,,true,3,0.008333,0.4007,0.0250,1.00,1.00,2.4888,22,1,382,382,0,431,531,0,14,14,0,387072,0,1259,0,0,755015680,0.000000,0.000000,0.000000,0.00,2,7,10,18,16,25,21,20,20,34,42,41,46,48,32,0,0,0,0.0002,0.0021,0.0451,0.0524,0.0087,0.4013,0.0065,7.5071,0.0204,0.4007,0.6543,0.0006,0.0002,0.2748,0.0014,0.0014,0.0000,0.0000,0.0007
1422,24.0360,23.7667,16.2003,5.3522,,true,2,0.008333,0.2373,0.0167,1.00,1.00,2.0225,22,1,382,382,0,432,532,0,14,14,0,387072,0,1259,0,0,755019776,0.000000,0.000000,0.000000,0.00,2,7,10,18,16,25,21,20,20,34,42,41,46,48,32,0,0,0,0.0004,0.0034,0.0598,0.0383,0.0061,0.2380,0.0055,5.3522,0.0275,0.2373,0.4581,0.0007,0.0007,0.2115,0.0015,0.0012,0.0000,0.0000,0.0009
1423,24.0523,23.7833,15.8290,5.9823,,true,2,0.008333,0.2280,0.0167,1.00,1.00,1.1848,22,1,382,382,0,434,534,0,14,14,0,387072,0,1259,0,0,755019776,0.000000,0.000000,0.000000,0.00,2,7,10,18,16,25,21,20,20,34,42,41,46,48,32,0,0,0,0.0002,0.0012,0.0526,0.0492,0.0079,0.2285,0.0074,5.9823,0.0195,0.2280,0.5388,0.0009,0.0004,0.2055,0.0024,0.0010,0.0000,0.0000,0.0008
1424,24.0683,23.8000,16.4066,5.2334,,true,2,0.008333,0.2236,0.0167,1.00,1.00,0.9248,22,1,382,382,0,435,535,0,14,14,0,387072,0,1259,0,0,755019776,0.000000,0.000000,0.000000,0.00,2,7,10,18,16,25,21,20,20,34,42,41,46,48,32,0,0,0,0.0008,0.0048,0.0503,0.0445,0.0065,0.2243,0.0063,5.2334,0.0228,0.2236,0.5216,0.0006,0.0004,0.2770,0.0020,0.0009,0.0000,0.0000,0.0012
1425,24.0910,23.8167,19.6317,8.1519,,true,2,0.008333,0.3054,0.0167,1.00,0.85,3.8898,22,1,382,382,0,434,534,0,14,14,0,387072,0,1259,0,0,755019776,0.000000,0.000000,0.000000,0.00,2,7,10,18,16,25,21,20,20,34,42,41,46,48,32,0,0,0,0.0002,0.0019,0.0620,0.0816,0.0183,0.3101,0.0107,8.1519,0.0305,0.3054,0.5754,0.0005,0.0006,0.2701,0.0023,0.0015,0.0000,0.0000,0.0017
1426,24.1059,23.8333,16.5112,6.5674,,true,2,0.008333,0.2121,0.0167,1.00,1.00,3.7343,22,1,382,382,0,433,533,0,14,14,0,387072,0,1259,0,0,755019776,0.000000,0.000000,0.000000,0.00,2,7,10,18,16,25,21,20,20,34,42,41,46,48,32,0,0,0,0.0007,0.0027,0.0345,0.0579,0.0076,0.2130,0.0074,6.5674,0.0198,0.2121,0.4679,0.0006,0.0008,0.2690,0.0011,0.0008,0.0000,0.0000,0.0011
1427,24.1261,23.8500,20.9200,5.8228,,true,2,0.008333,0.3329,0.0167,1.00,0.80,7.9877,22,1,382,382,0,430,530,0,14,14,0,347904,0,1259,0,0,755019776,0.000000,0.000000,0.000000,0.00,2,7,10,18,16,25,21,20,20,34,42,41,46,48,32,0,0,0,0.0003,0.0024,0.0465,0.0459,0.0107,0.3344,0.0050,5.8228,0.0298,0.3329,0.4878,0.0004,0.0012,0.2422,0.0017,0.0010,0.0000,0.0000,0.0012
1428,24.1410,23.8667,15.7113,4.9442,,true,2,0.008333,0.1767,0.0167,1.00,1.00,7.0323,22,1,382,382,0,429,529,0,14,14,0,347904,0,1259,0,0,755019776,0.000000,0.000000,0.000000,0.00,2,7,10,18,16,25,21,20,20,34,42,41,46,48,32,0,0,0,0.0004,0.0022,0.0437,0.0393,0.0070,0.1774,0.0060,4.9442,0.0187,0.1767,0.4208,0.0003,0.0007,0.1998,0.0013,0.0010,0.0000,0.0000,0.0009
1429,24.1550,23.8833,14.5291,4.8864,,true,2,0.008333,0.2351,0.0167,1.00,1.00,4.8947,22,1,382,382,0,429,529,0,14,14,0,347904,0,1259,0,0,755019776,0.000000,0.000000,0.000000,0.00,2,7,10,18,16,25,21,20,20,34,42,41,46,48,32,0,0,0,0.0004,0.0014,0.0562,0.0421,0.0083,0.2355,0.0050,4.8864,0.0219,0.2351,0.4494,0.0005,0.0004,0.1723,0.0026,0.0012,0.0000,0.0000,0.0009
1430,24.1708,23.9000,14.9825,5.8049,,true,2,0.008333,0.3982,0.0167,1.00,1.00,3.2105,22,1,382,382,0,430,530,0,14,14,0,347904,0,1259,0,0,755019776,0.000000,0.000000,0.000000,0.00,2,7,10,18,16,25,21,20,20,34,42,41,46,48,32,0,0,0,0.0006,0.0021,0.0398,0.0764,0.0069,0.3993,0.0051,5.8049,0.0181,0.3982,0.4488,0.0010,0.0004,0.2056,0.0012,0.0008,0.0000,0.0000,0.0006
1431,24.1875,23.9167,15.7013,6.8730,,true,2,0.008333,0.1875,0.0167,1.00,1.00,2.2451,22,1,382,382,0,431,531,0,14,14,0,347904,0,1259,0,0,755023872,0.000000,0.000000,0.000000,0.00,2,7,10,18,16,25,21,20,20,34,42,41,46,48,32,0,0,0,0.0006,0.0014,0.0395,0.0384,0.0069,0.1879,0.0045,6.8730,0.0214,0.1875,0.3873,0.0006,0.0007,0.1626,0.0023,0.0009,0.0000,0.0000,0.0012
1432,24.2147,23.9417,25.3502,7.9496,,true,3,0.008333,0.2698,0.0250,1.00,0.99,2.5953,22,1,382,382,0,431,531,0,14,14,0,347904,0,1259,0,0,755032064,0.000000,0.000000,0.000000,0.00,2,7,10,18,16,25,21,20,20,34,42,41,46,48,32,0,0,0,0.0003,0.0017,0.0702,0.0562,0.0086,0.2704,0.0077,7.9496,0.0420,0.2698,0.5756,0.0006,0.0006,0.3436,0.0021,0.0015,0.0000,0.0000,0.0009
1433,24.2333,23.9583,16.7863,9.8716,,true,2,0.008333,0.1850,0.0167,1.00,0.99,2.7149,22,1,382,382,0,431,531,0,14,14,0,347904,0,1259,0,0,755032064,0.000000,0.000000,0.000000,0.00,2,7,10,18,16,25,21,20,20,34,42,41,46,48,32,0,0,0,0.0002,0.0055,0.0769,0.0758,0.0132,0.1853,0.0676,9.8716,0.0459,0.1850,0.5421,0.0005,0.0010,0.2158,0.0017,0.0015,0.0000,0.0000,0.0013
1434,24.2463,23.9750,16.5274,6.3447,,true,2,0.008333,0.2384,0.0167,1.00,1.00,2.5757,22,1,382,382,0,432,532,0,14,14,0,347904,0,1259,0,0,755032064,0.000000,0.000000,0.000000,0.00,2,7,10,18,16,25,21,20,20,34,42,41,46,48,32,0,0,0,0.0008,0.0028,0.0655,0.0462,0.0078,0.2390,0.0086,6.3447,0.0338,0.2384,0.5619,0.0006,0.0004,0.2633,0.0018,0.0010,0.0000,0.0000,0.0012
1435,24.2658,23.9917,17.8733,7.7307,,true,2,0.008333,0.3242,0.0167,1.00,0.93,3.7823,22,1,382,382,0,432,532,0,14,14,0,347904,0,1259,0,0,755032064,0.000000,0.000000,0.000000,0.00,2,7,10,18,16,25,21,20,20,34,42,41,46,48,32,0,0,0,0.0008,0.0020,0.0515,0.0486,0.0092,0.3256,0.0070,7.7307,0.0227,0.3242,0.6395,0.0005,0.0006,0.3003,0.0018,0.0007,0.0000,0.0000,0.0005
1436,24.2816,24.0083,17.3108,6.4175,,true,2,0.008333,0.4023,0.0167,1.00,0.96,4.4264,22,1,382,382,0,431,531,0,14,14,0,347904,0,1259,0,0,755036160,0.000000,0.000000,0.000000,0.00,2,7,10,18,16,25,21,20,20,34,42,41,46,48,32,0,0,0,0.0006,0.0026,0.0473,0.0510,0.0094,0.4038,0.0052,6.4175,0.0167,0.4023,0.4299,0.0007,0.0005,0.1880,0.0017,0.0009,0.0000,0.0000,0.0008
1437,24.2959,24.0250,15.5168,5.6122,,true,2,0.008333,0.2145,0.0167,1.00,1.00,3.2766,22,1,382,382,0,431,531,0,14,14,0,347904,0,1259,0,0,755056640,0.000000,0.000000,0.000000,0.00,2,7,10,18,16,25,21,20,20,34,42,41,46,48,32,0,0,0,0.0011,0.0025,0.0486,0.0530,0.0076,0.2150,0.0072,5.6122,0.0183,0.2145,0.4512,0.0004,0.0004,0.1917,0.0015,0.0010,0.0000,0.0000,0.0010
1438,24.3194,24.0417,17.6566,9.7921,,true,2,0.008333,0.3292,0.0167,1.00,0.94,4.2665,22,1,382,382,0,431,531,0,14,14,0,347904,0,1259,0,0,755228672,0.000000,0.000000,0.000000,0.00,2,7,10,18,16,25,21,20,20,34,42,41,46,48,32,0,0,0,0.0008,0.0021,0.0569,0.0549,0.0084,0.3305,0.0070,9.7921,0.0217,0.3292,0.5600,0.0009,0.0005,0.2404,0.0018,0.0018,0.0000,0.0000,0.0012
1439,24.3375,24.0583,20.6898,8.4318,,true,2,0.008333,0.2318,0.0167,1.00,0.81,8.2896,22,1,382,382,0,430,530,0,14,14,0,347904,0,1259,0,0,755228672,0.000000,0.000000,0.000000,0.00,2,7,10,18,16,25,21,20,20,34,42,41,46,48,32,0,0,0,0.0002,0.0057,0.0475,0.0516,0.0056,0.2330,0.0125,8.4318,0.0201,0.2318,0.5924,0.0007,0.0002,0.2710,0.0034,0.0015,0.0000,0.0000,0.0012
1440,24.3503,24.0750,15.4990,5.8847,,true,2,0.008333,0.1875,0.0167,1.00,1.00,7.1219,22,1,382,382,0,429,529,0,14,14,0,347904,0,1259,0,0,755232768,0.000000,0.000000,0.000000,0.00,2,7,10,18,16,25,21,20,20,34,42,41,46,48,32,0,0,0,0.0008,0.0038,0.0615,0.0490,0.0078,0.1886,0.0097,5.8847,0.0224,0.1875,0.5244,0.0005,0.0004,0.2332,0.0017,0.0013,0.0000,0.0000,0.0009
1441,24.3666,24.0917,15.9843,6.3515,,true,2,0.008333,0.2548,0.0167,1.00,1.00,6.4396,22,1,382,382,0,429,529,0,14,14,0,347904,0,1259,0,0,755232768,0.000000,0.000000,0.000000,0.00,2,7,10,18,16,25,21,20,20,34,42,41,46,48,32,0,0,0,0.0007,0.0034,0.0406,0.0543,0.0064,0.2550,0.0088,6.3515,0.0196,0.2548,0.5924,0.0007,0.0011,0.2892,0.0015,0.0016,0.0000,0.0000,0.0015
1442,24.3860,24.1167,19.7394,6.1771,,true,3,0.008333,0.3161,0.0250,1.00,1.00,1.1789,22,1,382,382,0,430,530,0,14,14,0,347904,0,1259,0,0,755232768,0.000000,0.000000,0.000000,0.00,2,7,10,18,16,25,21,20,20,34,42,41,46,48,32,0,0,0,0.0007,0.0030,0.0426,0.0564,0.0087,0.3176,0.0064,6.1771,0.0179,0.3161,0.5816,0.0005,0.0002,0.2811,0.0022,0.0008,0.0000,0.0000,0.0010
1443,24.4019,24.1333,16.1242,5.7240,,true,2,0.008333,0.1884,0.0167,1.00,1.00,0.6365,22,1,382,382,0,431,531,0,14,14,0,347904,0,1259,0,0,755232768,0.000000,0.000000,0.000000,0.00,2,7,10,18,16,25,21,20,20,34,42,41,46,48,32,0,0,0,0.0001,0.0017,0.0485,0.0366,0.0059,0.1891,0.0052,5.7240,0.0192,0.1884,0.4518,0.0005,0.0002,0.2038,0.0022,0.0010,0.0000,0.0000,0.0010
1444,24.4205,24.1500,18.2476,6.2250,,true,2,0.008333,0.4504,0.0167,1.00,0.91,2.2174,22,1,382,382,0,432,532,0,14,14,0,347904,0,1259,0,0,755232768,0.000000,0.000000,0.000000,0.00,2,7,10,18,16,25,21,20,20,34,42,41,46,48,32,0,0,0,0.0001,0.0018,0.0583,0.0442,0.0057,0.4509,0.0066,6.2250,0.0249,0.4504,0.5807,0.0007,0.0005,0.2973,0.0020,0.0008,0.0000,0.0000,0.0016
1445,24.4368,24.1667,16.4206,6.0861,,true,2,0.008333,0.2393,0.0167,1.00,1.00,1.9713,22,1,382,382,0,432,532,0,14,14,0,347904,0,1259,0,0,755232768,0.000000,0.000000,0.000000,0.00,2,7,10,18,16,25,21,20,20,34,42,41,46,48,32,0,0,0,0.0002,0.0015,0.0566,0.0501,0.0079,0.2397,0.0067,6.0861,0.0215,0.2393,0.6180,0.0005,0.0006,0.3163,0.0022,0.0011,0.0000,0.0000,0.0016
1446,24.4524,24.1833,17.0498,4.9687,,true,2,0.008333,0.2545,0.0167,1.00,0.98,2.3544,22,1,382,382,0,432,532,0,14,14,0,345600,0,1259,0,0,755232768,0.000000,0.000000,0.000000,0.00,2,7,10,18,16,25,21,20,20,34,42,41,46,48,32,0,0,0,0.0002,0.0013,0.0433,0.0594,0.0106,0.2557,0.0089,4.9687,0.0172,0.2545,0.5031,0.0009,0.0005,0.2099,0.0016,0.0011,0.0000,0.0000,0.0014
1447,24.4693,24.2000,16.8572,4.9173,,true,2,0.008333,0.2085,0.0167,1.00,0.99,2.5449,22,1,382,382,0,432,532,0,14,14,0,345600,0,1259,0,0,755232768,0.000000,0.000000,0.000000,0.00,2,7,10,18,16,25,21,20,20,34,42,41,46,48,32,0,0,0,0.0003,0.0021,0.0383,0.0454,0.0069,0.2090,0.0074,4.9173,0.0176,0.2085,0.4930,0.0008,0.0006,0.2113,0.0021,0.0009,0.0000,0.0000,0.0012
1448,24.4883,24.2167,17.5411,6.0055,,true,2,0.008333,0.2010,0.0167,1.00,0.95,3.4193,22,1,382,382,0,432,532,0,14,14,0,345600,0,1259,0,0,755232768,0.000000,0.000000,0.000000,0.00,2,7,10,18,16,25,21,20,20,34,42,41,46,48,32,0,0,0,0.0001,0.0026,0.0370,0.0452,0.0099,0.2018,0.0056,6.0055,0.0173,0.2010,0.4718,0.0007,0.0004,0.1968,0.0026,0.0009,0.0000,0.0000,0.0012
1449,24.5044,24.2333,17.4374,4.9472,,true,2,0.008333,0.1952,0.0167,1.00,0.96,4.1900,22,1,382,382,0,432,532,0,14,14,0,345600,0,1259,0,0,755236864,0.000000,0.000000,0.000000,0.00,2,7,10,18,16,25,21,20,20,34,42,41,46,48,32,0,0,0,0.0002,0.0020,0.0390,0.0415,0.0057,0.1967,0.0056,4.9472,0.0143,0.1952,0.4380,0.0005,0.0006,0.1765,0.0014,0.0009,0.0000,0.0000,0.0009
1450,24.5256,24.2500,19.0693,6.6807,,true,2,0.008333,0.4080,0.0167,1.00,0.87,6.5927,22,1,382,382,0,431,531,0,14,14,0,345600,0,1259,0,0,755236864,0.000000,0.000000,0.000000,0.00,2,7,10,18,16,25,21,20,20,34,42,41,46,48,32,0,0,0,0.0005,0.0035,0.0704,0.0521,0.0107,0.4090,0.0083,6.6807,0.0484,0.4080,0.5944,0.0003,0.0005,0.2416,0.0019,0.0011,0.0000,0.0000,0.0005
1451,24.5424,24.2667,17.4021,5.9503,,true,2,0.008333,0.2475,0.0167,1.00,0.96,7.3281,22,1,382,382,0,431,531,0,14,14,0,345600,0,1259,0,0,755236864,0.000000,0.000000,0.000000,0.00,2,7,10,18,16,25,21,20,20,34,42,41,46,48,32,0,0,0,0.0003,0.0037,0.0768,0.0521,0.0106,0.2482,0.0064,5.9503,0.0293,0.2475,0.5128,0.0004,0.0009,0.2181,0.0023,0.0009,0.0000,0.0000,0.0010
1452,24.5562,24.2833,14.5755,5.9522,,true,2,0.008333,0.1930,0.0167,1.00,1.00,5.2370,22,1,382,382,0,430,530,0,14,14,0,345600,0,1259,0,0,755236864,0.000000,0.000000,0.000000,0.00,2,7,10,18,16,25,21,20,20,34,42,41,46,48,32,0,0,0,0.0002,0.0020,0.0418,0.0379,0.0092,0.1933,0.0062,5.9522,0.0215,0.1930,0.5894,0.0004,0.0004,0.2882,0.0016,0.0015,0.0000,0.0000,0.0010
1453,24.5752,24.3000,17.8649,6.5964,,true,2,0.008333,0.2380,0.0167,1.00,0.93,6.4352,22,1,382,382,0,430,530,0,14,14,0,345600,0,1259,0,0,755236864,0.000000,0.000000,0.000000,0.00,2,7,10,18,16,25,21,20,20,34,42,41,46,48,32,0,0,0,0.0006,0.0033,0.0393,0.0550,0.0078,0.2390,0.0064,6.5964,0.0180,0.2380,0.4649,0.0004,0.0004,0.2108,0.0015,0.0009,0.0000,0.0000,0.0004
1454,24.5930,24.3250,19.1471,5.4320,,true,3,0.008333,0.3110,0.0250,1.00,1.00,0.5823,22,1,382,382,0,431,531,0,14,14,0,345600,0,1259,0,0,755236864,0.000000,0.000000,0.000000,0.00,2,7,10,18,16,25,21,20,20,34,42,41,46,48,32,0,0,0,0.0007,0.0020,0.0525,0.0444,0.0085,0.3121,0.0077,5.4320,0.0174,0.3110,0.4815,0.0007,0.0005,0.2084,0.0006,0.0012,0.0000,0.0000,0.0010
1455,24.6093,24.3333,15.1671,6.3458,,true,1,0.008333,0.2045,0.0083,1.00,0.55,7.4161,22,1,382,382,0,431,531,0,14,14,0,345600,0,1259,0,0,755236864,0.000000,0.000000,0.000000,0.00,2,7,10,18,16,25,21,20,20,34,42,41,46,48,32,0,0,0,0.0006,0.0032,0.0702,0.0545,0.0074,0.2055,0.0088,6.3458,0.0272,0.2045,0.5379,0.0004,0.0007,0.2339,0.0018,0.0013,0.0000,0.0000,0.0011
1456,24.6364,24.3583,22.2414,11.2647,,true,3,0.008333,0.2795,0.0250,1.00,1.00,4.6575,22,1,382,382,7,431,531,0,14,14,0,345600,0,1266,7,35,755236864,0.000000,0.000000,0.000000,0.00,2,7,10,18,16,25,21,20,20,34,42,41,46,48,32,0,0,0,0.0001,0.0015,0.0880,0.0435,0.0081,0.2803,0.0054,11.2647,0.0311,0.2795,5.0061,0.0006,0.2009,0.2379,0.0042,0.0020,0.0000,0.0000,4.1565
1457,24.6461,24.3750,14.8521,6.2588,,true,2,0.008333,0.3284,0.0167,1.00,1.00,2.8429,22,1,382,382,0,444,544,0,14,14,7,345600,0,1266,0,0,755236864,0.000000,0.000000,0.000000,0.00,2,7,10,18,16,25,21,20,20,34,42,41,46,48,32,0,0,0,0.0011,0.0033,0.0513,0.0782,0.0092,0.3317,0.0082,6.2588,0.0239,0.3284,0.6482,0.0334,0.1481,0.1754,0.0016,0.0191,0.0000,33.7368,0.0011
1458,24.6599,24.3833,13.7870,5.5905,,true,1,0.008333,0.1692,0.0083,1.00,0.60,8.2966,22,1,382,382,0,427,527,0,14,14,0,345600,0,1266,0,0,755236864,0.000000,0.000000,0.000000,0.00,2,7,10,18,16,25,21,20,19,37,45,46,42,50,24,0,0,0,0.0002,0.0013,0.0436,0.0479,0.0074,0.1698,0.0047,5.5905,0.0182,0.1692,0.7088,0.0006,0.1315,0.1931,0.0015,0.0011,0.0000,0.0000,0.0008
1459,24.6790,24.4083,18.1959,7.2045,,true,3,0.008333,0.5058,0.0250,1.00,1.00,1.4925,22,1,382,382,0,436,536,0,14,14,0,345600,0,1266,0,0,755240960,0.000000,0.000000,0.000000,0.00,2,7,10,18,16,25,21,20,19,37,45,46,42,50,24,0,0,0,0.0004,0.0023,0.0528,0.0571,0.0106,0.5066,0.0076,7.2045,0.0160,0.5058,0.5672,0.0019,0.0006,0.2345,0.0023,0.0018,0.0000,0.0000,0.0018
1460,24.6985,24.4250,20.1346,6.3424,,true,2,0.008333,0.2138,0.0167,1.00,0.83,4.9603,22,1,382,382,0,434,534,0,14,14,0,345600,0,1266,0,0,755240960,0.000000,0.000000,0.000000,0.00,2,7,10,18,16,25,21,20,19,37,45,46,42,50,24,0,0,0,0.0008,0.0030,0.0410,0.0487,0.0073,0.2142,0.0084,6.3424,0.0204,0.2138,0.5365,0.0005,0.0004,0.2615,0.0029,0.0011,0.0000,0.0000,0.0010
1461,24.7125,24.4417,13.5306,6.7752,,true,2,0.008333,0.2086,0.0167,1.00,1.00,1.8243,22,1,382,382,0,437,537,0,14,14,0,345600,0,1266,0,0,755240960,0.000000,0.000000,0.000000,0.00,2,7,10,18,16,25,21,20,19,37,45,46,42,50,24,0,0,0,0.0005,0.0024,0.0392,0.0465,0.0073,0.2095,0.0061,6.7752,0.0170,0.2086,0.4175,0.0005,0.0004,0.2252,0.0016,0.0018,0.0000,0.0000,0.0007
1462,24.7343,24.4583,22.6988,5.8666,,true,2,0.008333,0.2225,0.0167,1.00,0.73,7.8564,22,1,382,382,0,433,533,0,14,14,0,343296,0,1266,0,0,755240960,0.000000,0.000000,0.000000,0.00,2,7,10,18,16,25,21,20,19,37,45,46,42,50,24,0,0,0,0.0003,0.0027,0.0420,0.0467,0.0080,0.2230,0.0069,5.8666,0.0387,0.2225,0.4393,0.0004,0.0005,0.1785,0.0017,0.0013,0.0000,0.0000,0.0011
1463,24.7478,24.4750,13.9236,5.5302,,true,2,0.008333,0.1688,0.0167,1.00,1.00,5.1134,22,1,382,382,0,432,532,0,14,14,0,343296,0,1266,0,0,755240960,0.000000,0.000000,0.000000,0.00,2,7,10,18,16,25,21,20,19,37,45,46,42,50,24,0,0,0,0.0003,0.0033,0.0562,0.0721,0.0073,0.1694,0.0063,5.5302,0.0188,0.1688,0.5066,0.0009,0.0006,0.2313,0.0011,0.0009,0.0000,0.0000,0.0011
1464,24.7648,24.4917,17.1949,5.4201,,true,2,0.008333,0.2310,0.0167,1.00,0.97,5.6416,22,1,382,382,0,431,531,0,14,14,0,370944,0,1266,0,0,755240960,0.000000,0.000000,0.000000,0.00,2,7,10,18,16,25,21,20,19,37,45,46,42,50,24,0,0,0,0.0003,0.0017,0.1001,0.0572,0.0087,0.2314,0.0057,5.4201,0.0187,0.2310,0.5508,0.0008,0.0005,0.2443,0.0016,0.0007,0.0000,0.0000,0.0011
1465,24.7795,24.5083,14.7913,5.2789,,true,2,0.008333,0.2963,0.0167,1.00,1.00,3.7662,22,1,382,382,0,432,532,0,14,14,0,370944,0,1266,0,0,755240960,0.000000,0.000000,0.000000,0.00,2,7,10,18,16,25,21,20,19,37,45,46,42,50,24,0,0,0,0.0001,0.0015,0.0394,0.0377,0.0070,0.2966,0.0054,5.2789,0.0187,0.2963,0.4476,0.0005,0.0004,0.1851,0.0009,0.0015,0.0000,0.0000,0.0012
1466,24.7971,24.5250,17.7558,5.2420,,true,2,0.008333,0.2145,0.0167,1.00,0.94,4.8554,22,1,382,382,0,432,532,0,14,14,0,370944,0,1266,0,0,755240960,0.000000,0.000000,0.000000,0.00,2,7,10,18,16,25,21,20,19,37,45,46,42,50,24,0,0,0,0.0007,0.0020,0.0590,0.0419,0.0075,0.2151,0.0074,5.2420,0.0199,0.2145,0.5883,0.0005,0.0007,0.2666,0.0015,0.0012,0.0000,0.0000,0.0008
1467,24.8136,24.5417,15.7659,6.0202,,true,2,0.008333,0.2294,0.0167,1.00,1.00,3.9546,22,1,382,382,0,432,532,0,14,14,0,370944,0,1266,0,0,755240960,0.000000,0.000000,0.000000,0.00,2,7,10,18,16,25,21,20,19,37,45,46,42,50,24,0,0,0,0.0002,0.0020,0.0573,0.0414,0.0072,0.2303,0.0052,6.0202,0.0222,0.2294,0.5268,0.0003,0.0000,0.2361,0.0017,0.0007,0.0000,0.0000,0.0006
1468,24.8297,24.5583,17.5160,4.6885,,true,2,0.008333,0.2080,0.0167,1.00,0.95,4.8039,22,1,382,382,0,432,532,0,14,14,0,370944,0,1266,0,0,755245056,0.000000,0.000000,0.000000,0.00,2,7,10,18,16,25,21,20,19,37,45,46,42,50,24,0,0,0,0.0006,0.0020,0.0404,0.0348,0.0067,0.2083,0.0044,4.6885,0.0164,0.2080,0.4318,0.0004,0.0003,0.1746,0.0021,0.0009,0.0000,0.0000,0.0011
1469,24.8447,24.5750,14.6922,4.9822,,true,2,0.008333,0.2185,0.0167,1.00,1.00,2.8295,22,1,382,382,0,433,533,0,14,14,0,370944,0,1266,0,0,755245056,0.000000,0.000000,0.000000,0.00,2,7,10,18,16,25,21,20,19,37,45,46,42,50,24,0,0,0,0.0006,0.0032,0.0473,0.0451,0.0067,0.2194,0.0069,4.9822,0.0216,0.2185,0.4720,0.0005,0.0005,0.2129,0.0011,0.0007,0.0000,0.0000,0.0012
1470,24.8614,24.5917,16.3142,5.0478,,true,2,0.008333,0.1895,0.0167,1.00,1.00,2.4770,22,1,382,382,0,433,533,0,14,14,0,370944,0,1266,0,0,755245056,0.000000,0.000000,0.000000,0.00,2,7,10,18,16,25,21,20,19,37,45,46,42,50,24,0,0,0,0.0003,0.0018,0.0578,0.0537,0.0052,0.1906,0.0074,5.0478,0.0176,0.1895,0.4270,0.0003,0.0004,0.1836,0.0017,0.0011,0.0000,0.0000,0.0009
1471,24.8742,24.6083,14.5519,3.9940,,true,2,0.008333,0.1592,0.0167,1.00,1.00,0.3622,22,1,382,382,0,435,535,0,14,14,0,370944,0,1266,0,0,755245056,0.000000,0.000000,0.000000,0.00,2,7,10,18,16,25,21,20,19,37,45,46,42,50,24,0,0,0,0.0001,0.0016,0.0344,0.0330,0.0061,0.1596,0.0044,3.9940,0.0096,0.1592,0.3810,0.0005,0.0002,0.1593,0.0013,0.0006,0.0000,0.0000,0.0006
1472,24.8901,24.6167,15.7602,4.0242,,true,1,0.008333,0.1293,0.0083,1.00,0.53,7.7891,22,1,382,382,0,433,533,0,14,14,0,370944,0,1266,0,0,755245056,0.000000,0.000000,0.000000,0.00,2,7,10,18,16,25,21,20,19,37,45,46,42,50,24,0,0,0,0.0002,0.0015,0.0434,0.0258,0.0046,0.1299,0.0035,4.0242,0.0167,0.1293,0.3942,0.0003,0.0002,0.1730,0.0011,0.0007,0.0000,0.0000,0.0005
1473,24.9049,24.6333,15.0193,3.7858,,true,2,0.008333,0.1682,0.0167,1.00,1.00,6.1417,22,1,382,382,0,432,532,0,14,14,0,370944,0,1266,0,0,755245056,0.000000,0.000000,0.000000,0.00,2,7,10,18,16,25,21,20,19,37,45,46,42,50,24,0,0,0,0.0003,0.0016,0.0338,0.0276,0.0046,0.1687,0.0037,3.7858,0.0114,0.1682,0.3852,0.0006,0.0004,0.1661,0.0010,0.0009,0.0000,0.0000,0.0006
1474,24.9540,24.6667,28.5449,21.8692,,true,4,0.008333,0.3472,0.0333,1.00,1.00,1.3533,22,1,382,382,0,433,533,0,14,14,0,370944,0,1266,0,0,755245056,0.000000,0.000000,0.000000,0.00,2,7,10,18,16,25,21,20,19,37,45,46,42,50,24,0,0,0,0.0008,0.0049,0.1040,0.1078,0.0134,0.3476,0.0127,21.8692,0.0367,0.3472,0.7152,0.0007,0.0008,0.3195,0.0024,0.0017,0.0000,0.0000,0.0009
1475,24.9844,24.7000,33.3878,18.5296,,true,4,0.008333,0.5276,0.0333,1.00,1.00,1.4077,22,1,382,382,0,434,534,0,14,14,0,370944,0,1266,0,0,755245056,0.000000,0.000000,0.000000,0.00,2,7,10,18,16,25,21,20,19,37,45,46,42,50,24,0,0,0,0.0013,0.0065,0.1185,0.0680,0.0124,0.5285,0.0133,18.5296,0.0466,0.5276,0.8904,0.0010,0.0010,0.5288,0.0024,0.0020,0.0000,0.0000,0.0012
1476,25.0234,24.7333,36.3463,17.9744,,true,4,0.008333,0.4058,0.0333,1.00,0.92,4.4208,22,1,382,382,0,433,533,0,14,14,0,370944,0,1266,0,0,755245056,0.000000,0.000000,0.000000,0.00,2,7,10,18,16,25,21,20,19,37,45,46,42,50,24,0,0,0,0.0009,0.0025,0.0574,0.0368,0.0050,0.4075,0.0055,17.9744,0.0183,0.4058,1.3904,0.0002,0.0002,0.7065,0.0011,0.0008,0.0000,0.0000,0.0006
1477,25.0634,24.7583,28.3483,33.3339,,true,3,0.008333,2.9203,0.0250,1.00,0.88,7.7690,22,1,382,382,0,432,532,0,14,14,0,370944,0,1266,0,0,755249152,0.000000,0.000000,0.000000,0.00,2,7,10,18,16,25,21,20,19,37,45,46,42,50,24,0,0,0,0.0007,0.0021,0.1622,0.1115,0.0155,2.9235,0.0035,33.3339,0.0754,2.9203,5.8879,0.0003,0.0002,0.4495,0.0036,0.0006,0.0000,0.0000,0.0007
1478,25.0858,24.7833,20.5666,20.0930,,true,3,0.008333,0.1881,0.0250,1.00,1.00,3.3356,22,1,382,382,0,432,532,0,14,14,0,370944,0,1266,0,0,755249152,0.000000,0.000000,0.000000,0.00,2,7,10,18,16,25,21,20,19,37,45,46,42,50,24,0,0,0,0.0003,0.0021,0.0633,0.0353,0.0042,0.1888,0.0043,20.0930,0.0184,0.1881,0.4275,0.0006,0.0003,0.1902,0.0009,0.0009,0.0000,0.0000,0.0007
1479,25.1162,24.8250,38.7656,25.8624,,true,5,0.008333,0.5119,0.0417,1.00,1.00,0.4346,22,1,382,382,0,433,533,0,14,14,0,368640,0,1266,0,0,755249152,0.000000,0.000000,0.000000,0.00,2,7,10,18,16,25,21,20,19,37,45,46,42,50,24,0,0,0,0.0003,0.0023,0.0521,0.0842,0.0144,0.5135,0.0053,25.8624,0.0147,0.5119,0.5107,0.0003,0.0003,0.2021,0.0007,0.0007,0.0000,0.0000,0.0009
1480,25.1404,24.8500,31.5203,20.0840,,true,3,0.008333,0.4575,0.0250,1.00,0.79,6.9549,22,1,382,382,0,432,532,0,14,14,0,368640,0,1266,0,0,755249152,0.000000,0.000000,0.000000,0.00,2,7,10,18,16,25,21,20,19,37,45,46,42,50,24,0,0,0,0.0008,0.0061,0.0681,0.1024,0.0196,0.4589,0.0253,20.0840,0.0400,0.4575,0.8771,0.0007,0.0007,0.4391,0.0025,0.0015,0.0000,0.0000,0.0015
1481,25.1657,24.8750,25.6360,19.8233,,true,3,0.008333,0.4385,0.0250,1.00,0.98,7.5909,22,1,382,382,0,431,531,0,14,14,0,368640,0,1266,0,0,755249152,0.000000,0.000000,0.000000,0.00,2,7,10,18,16,25,21,20,19,37,45,46,42,50,24,0,0,0,0.0008,0.0075,0.1020,0.0959,0.0178,0.4402,0.0143,19.8233,0.0447,0.4385,0.7061,0.0014,0.0009,0.3027,0.0038,0.0017,0.0000,0.0000,0.0017
1482,25.1954,24.9083,28.3934,20.0450,,true,4,0.008333,0.5784,0.0333,1.00,1.00,2.6509,22,1,382,382,0,432,532,0,14,14,0,368640,0,1266,0,0,755249152,0.000000,0.000000,0.000000,0.00,2,7,10,18,16,25,21,20,19,37,45,46,42,50,24,0,0,0,0.0003,0.0017,0.0476,1.2324,0.0240,0.5790,0.0078,20.0450,0.0155,0.5784,0.4539,0.0002,0.0004,0.1757,0.0014,0.0005,0.0000,0.0000,0.0008
1483,25.2475,24.9417,37.1705,34.3821,,true,4,0.008333,0.2753,0.0333,1.00,0.90,6.4881,22,1,382,382,0,431,531,0,14,14,0,370944,0,1266,0,0,765612032,0.000000,0.000000,0.000000,0.00,2,7,10,18,16,25,21,20,19,37,45,46,42,50,24,0,0,0,0.0003,0.0021,0.0534,0.0453,0.0056,0.2760,0.0046,34.3821,0.0187,0.2753,0.5065,0.0004,0.0003,0.1953,0.0008,0.0008,0.0000,0.0000,0.0006
1484,25.3243,24.9750,27.1990,72.3530,,true,4,0.008333,0.2007,0.0333,1.00,1.00,0.3537,22,1,382,382,0,432,532,0,14,14,0,370944,0,1266,0,0,803684352,0.000000,0.000000,0.000000,0.00,2,7,10,18,16,25,21,20,19,37,45,46,42,50,24,0,0,0,0.0002,0.0025,0.0797,0.0364,0.0045,0.2011,0.0029,72.3530,0.0155,0.2007,0.4255,0.0002,0.0003,0.1888,0.0010,0.0004,0.0000,0.0000,0.0004
1485,25.3373,25.0000,29.6486,11.5845,,true,3,0.008333,0.2442,0.0250,1.00,0.84,5.0023,22,1,382,382,0,432,532,0,14,14,0,370944,0,1266,0,0,803684352,0.000000,0.000000,0.000000,0.00,2,7,10,18,16,25,21,20,19,37,45,46,42,50,24,0,0,0,0.0004,0.0023,0.0551,0.0492,0.0048,0.2446,0.0039,11.5845,0.0142,0.2442,0.5236,0.0006,0.0003,0.2080,0.0008,0.0008,0.0000,0.0000,0.0008
1486,25.3548,25.0667,68.3702,15.3316,,true,8,0.008333,0.5848,0.0667,1.00,0.98,6.7059,22,1,382,385,8,432,532,0,14,14,0,370944,0,1274,15,40,803684352,0.000000,0.000000,0.000000,0.00,2,7,10,18,16,25,21,20,19,37,45,46,42,50,24,0,0,0,0.0007,0.0072,0.0881,0.1444,0.0138,0.5856,0.0144,15.3316,0.0396,0.5848,5.7236,0.0012,0.1930,0.4161,0.0068,0.0012,0.0000,0.0000,4.3806
1487,25.3797,25.0917,19.9683,18.5704,,true,3,0.008333,0.3350,0.0250,1.00,1.00,1.6741,22,1,382,385,8,459,559,0,14,14,6,370944,0,1280,9,40,803688448,0.000000,0.000000,0.000000,0.00,2,7,10,18,16,25,21,20,19,37,45,46,42,50,24,0,0,0,0.0009,0.0073,0.1030,0.0849,0.0116,0.3356,0.0216,18.5704,0.1440,0.3350,1.3615,0.0539,0.3047,0.4419,0.0038,0.0251,0.0000,46.1994,0.0004
1488,25.4053,25.1167,29.7913,18.1884,,true,3,0.008333,0.4321,0.0250,1.00,0.84,6.4655,22,1,382,385,1,453,553,0,14,14,8,370944,0,1281,1,5,803688448,0.000000,0.000000,0.000000,0.00,2,7,10,18,16,25,21,20,19,37,45,46,42,50,24,0,0,0,0.0021,0.0068,0.1158,0.0730,0.0132,0.4343,0.0176,18.1884,0.0595,0.4321,1.4541,0.0509,0.2932,0.4124,0.0034,0.0316,0.0000,57.9284,0.0026
1489,25.4323,25.1500,27.0784,19.4150,,true,4,0.008333,0.6400,0.0333,1.00,1.00,0.2105,22,1,382,385,0,456,556,0,14,14,1,370944,0,1281,0,0,803688448,0.000000,0.000000,0.000000,0.00,2,7,10,18,16,25,21,20,19,37,45,46,42,50,24,0,0,0,0.0005,0.0068,0.3208,0.0892,0.0120,0.6422,0.0162,19.4150,0.0494,0.6400,1.4189,0.0249,0.0005,0.7069,0.0069,0.0207,0.0000,7.6621,0.0022
1490,25.4590,25.1667,21.0446,22.4413,,true,2,0.008333,0.3677,0.0167,1.00,0.79,4.5884,22,1,385,385,0,453,553,0,14,14,0,370944,0,1281,0,0,803913728,0.000000,0.000000,0.000000,0.00,2,7,10,17,20,25,21,20,19,36,50,43,39,44,32,0,0,0,0.0006,0.0046,0.0815,0.0813,0.0140,0.3691,0.0113,22.4413,0.0351,0.3677,1.9351,0.0008,0.0015,0.8929,0.0054,0.0014,0.0000,0.0000,0.0013
1491,25.4768,25.1917,22.3792,9.6107,,true,3,0.008333,0.2139,0.0250,1.00,1.00,1.9676,22,1,385,385,0,452,552,0,14,14,0,370944,0,1281,0,0,803917824,0.000000,0.000000,0.000000,0.00,2,7,10,17,20,25,21,20,19,36,50,43,39,44,32,0,0,0,0.0007,0.0027,0.0587,0.0525,0.0049,0.2150,0.0045,9.6107,0.0198,0.2139,0.4268,0.0003,0.0002,0.1806,0.0010,0.0005,0.0000,0.0000,0.0003
1492,25.4988,25.2167,25.7538,14.9729,,true,3,0.008333,0.4989,0.0250,1.00,0.97,2.7214,22,1,385,385,0,450,550,0,14,14,0,370944,0,1281,0,0,803917824,0.000000,0.000000,0.000000,0.00,2,7,10,17,20,25,21,20,19,36,50,43,39,44,32,0,0,0,0.0004,0.0025,0.1089,0.0704,0.0065,0.5013,0.0042,14.9729,0.0313,0.4989,0.7300,0.0010,0.0003,0.3212,0.0012,0.0011,0.0000,0.0000,0.0010
1493,25.5200,25.2417,23.0460,13.6259,,true,3,0.008333,0.2450,0.0250,1.00,1.00,0.7673,22,1,385,385,0,449,549,0,14,14,0,370944,0,1281,0,0,803917824,0.000000,0.000000,0.000000,0.00,2,7,10,17,20,25,21,20,19,36,50,43,39,44,32,0,0,0,0.0004,0.0037,0.1890,0.0648,0.0094,0.2459,0.0105,13.6259,0.0462,0.2450,0.6933,0.0008,0.0003,0.3130,0.0012,0.0013,0.0000,0.0000,0.0008
1494,25.5479,25.2583,22.4728,13.7415,,true,2,0.008333,0.2590,0.0167,1.00,0.74,6.5734,22,1,385,385,0,445,545,0,14,14,0,370944,0,1281,0,0,803917824,0.000000,0.000000,0.000000,0.00,2,7,10,17,20,25,21,20,19,36,50,43,39,44,32,0,0,0,0.0004,0.0018,0.0491,0.0492,0.0059,0.2597,0.0045,13.7415,0.0165,0.2590,0.5271,0.0005,0.0002,0.2059,0.0022,0.0006,0.0000,0.0000,0.0004
1495,25.5631,25.2833,22.0691,13.7026,,true,3,0.008333,0.2047,0.0250,1.00,1.00,3.6426,22,1,385,385,0,443,543,0,14,14,0,370944,0,1281,0,0,803917824,0.000000,0.000000,0.000000,0.00,2,7,10,17,20,25,21,20,19,36,50,43,39,44,32,0,0,0,0.0002,0.0016,0.1045,0.0349,0.0043,0.2052,0.0050,13.7026,0.0355,0.2047,0.5631,0.0002,0.0003,0.2828,0.0007,0.0007,0.0000,0.0000,0.0006
1496,25.5860,25.3083,22.3646,12.7271,,true,3,0.008333,0.3935,0.0250,1.00,1.00,1.0072,22,1,385,385,0,443,543,0,14,14,0,368640,0,1281,0,0,803921920,0.000000,0.000000,0.000000,0.00,2,7,10,17,20,25,21,20,19,36,50,43,39,44,32,0,0,0,0.0007,0.0054,0.0988,0.0615,0.0189,0.3942,0.0101,12.7271,0.0298,0.3935,0.8289,0.0007,0.0008,0.4290,0.0025,0.0014,0.0000,0.0000,0.0014
1497,25.6089,25.3250,19.4853,16.5967,,true,2,0.008333,0.2463,0.0167,1.00,0.86,3.8258,22,1,385,385,0,441,541,0,14,14,0,366336,0,1281,0,0,803921920,0.000000,0.000000,0.000000,0.00,2,7,10,17,20,25,21,20,19,36,50,43,39,44,32,0,0,0,0.0007,0.0055,0.0812,0.0950,0.0136,0.2467,0.0117,16.5967,0.0504,0.2463,0.7990,0.0009,0.0010,0.3479,0.0027,0.0019,0.0000,0.0000,0.0012
1498,25.6288,25.3500,23.2740,12.9134,,true,3,0.008333,0.3423,0.0250,1.00,1.00,2.0997,22,1,385,385,0,441,541,0,14,14,0,366336,0,1281,0,0,803921920,0.000000,0.000000,0.000000,0.00,2,7,10,17,20,25,21,20,19,36,50,43,39,44,32,0,0,0,0.0015,0.0067,0.1151,0.1006,0.0271,0.3431,0.0151,12.9134,0.0425,0.3423,0.9019,0.0007,0.0007,0.4388,0.0056,0.0012,0.0000,0.0000,0.0019
1499,25.6500,25.3667,18.6668,15.3538,,true,2,0.008333,0.1517,0.0167,1.00,0.89,4.0998,22,1,385,385,0,439,539,0,14,14,0,364032,0,1281,0,0,803921920,0.000000,0.000000,0.000000,0.00,2,7,10,17,20,25,21,20,19,36,50,43,39,44,32,0,0,0,0.0004,0.0017,0.1317,0.0386,0.0045,0.1525,0.0050,15.3538,0.0510,0.1517,0.6854,0.0008,0.0006,0.3578,0.0033,0.0015,0.0000,0.0000,0.0017
1500,25.6706,25.3917,21.5592,14.2880,,true,3,0.008333,0.2518,0.0250,1.00,1.00,0.6591,22,1,385,385,0,439,539,0,14,14,0,364032,0,1281,0,0,803921920,0.000000,0.000000,0.000000,0.00,2,7,10,17,20,25,21,20,19,36,50,43,39,44,32,0,0,0,0.0004,0.0021,0.0855,0.2224,0.0209,0.2525,0.0049,14.2880,0.0470,0.2518,0.7671,0.0007,0.0005,0.4013,0.0038,0.0007,0.0000,0.0000,0.0004
1501,25.6900,25.4083,21.2452,12.6179,,true,2,0.008333,0.3390,0.0167,1.00,0.78,5.2376,22,1,385,385,0,438,538,0,14,14,0,364032,0,1281,0,0,803921920,0.000000,0.000000,0.000000,0.00,2,7,10,17,20,25,21,20,19,36,50,43,39,44,32,0,0,0,0.0002,0.0040,0.0859,0.0878,0.0146,0.3400,0.0098,12.6179,0.0501,0.3390,0.8642,0.0009,0.0008,0.3979,0.0035,0.0017,0.0000,0.0000,0.0018
1502,25.7110,25.4333,21.1046,13.9724,,true,3,0.008333,0.3215,0.0250,1.00,1.00,1.3422,22,1,385,385,0,438,538,0,14,14,0,364032,0,1281,0,0,803921920,0.000000,0.000000,0.000000,0.00,2,7,10,17,20,25,21,20,19,36,50,43,39,44,32,0,0,0,0.0006,0.0046,0.1110,0.0646,0.0132,0.3223,0.0171,13.9724,0.0499,0.3215,0.7224,0.0010,0.0008,0.3682,0.0038,0.0013,0.0000,0.0000,0.0011
1503,25.7295,25.4500,16.9937,12.4610,,true,2,0.008333,0.1781,0.0167,1.00,0.98,1.6692,22,1,385,385,0,438,538,0,14,14,0,364032,0,1281,0,0,803921920,0.000000,0.000000,0.000000,0.00,2,7,10,17,20,25,21,20,19,36,50,43,39,44,32,0,0,0,0.0043,0.0192,0.0629,0.1598,0.0251,0.1796,0.0112,12.4610,0.0222,0.1781,0.6489,0.0003,0.0002,0.2810,0.0022,0.0007,0.0000,0.0000,0.0004
1504,25.7484,25.4667,19.5535,13.5183,,true,2,0.008333,0.2163,0.0167,1.00,0.85,4.5560,22,1,385,385,0,437,537,0,14,14,0,364032,0,1281,0,0,803921920,0.000000,0.000000,0.000000,0.00,2,7,10,17,20,25,21,20,19,36,50,43,39,44,32,0,0,0,0.0003,0.0014,0.1169,0.1515,0.0252,0.2165,0.0037,13.5183,0.2961,0.2163,2.1682,0.0002,0.0002,0.5201,0.0135,0.0004,0.0000,0.0000,0.0004
1505,25.7668,25.4917,21.7270,10.6718,,true,3,0.008333,0.4071,0.0250,1.00,1.00,1.2830,22,1,385,385,0,437,537,0,14,14,0,364032,0,1281,0,0,803926016,0.000000,0.000000,0.000000,0.00,2,7,10,17,20,25,21,20,19,36,50,43,39,44,32,0,0,0,0.0009,0.0040,0.2353,0.0473,0.0054,0.4078,0.0116,10.6718,0.0645,0.4071,0.7205,0.0006,0.0003,0.2751,0.0015,0.0021,0.0000,0.0000,0.0016
1506,25.7835,25.5083,17.4711,9.7501,,true,2,0.008333,0.2467,0.0167,1.00,0.95,2.0875,22,1,385,385,0,437,537,0,14,14,0,364032,0,1281,0,0,803926016,0.000000,0.000000,0.000000,0.00,2,7,10,17,20,25,21,20,19,36,50,43,39,44,32,0,0,0,0.0006,0.0016,0.0912,0.0694,0.0042,0.2471,0.0032,9.7501,0.0325,0.2467,0.7901,0.0006,0.0003,0.4608,0.0023,0.0006,0.0000,0.0000,0.0005
1507,25.7981,25.5250,14.8236,10.4232,,true,2,0.008333,0.4247,0.0167,1.00,1.00,0.2444,22,1,385,385,0,437,537,0,14,14,0,364032,0,1281,0,0,803926016,0.000000,0.000000,0.000000,0.00,2,7,10,17,20,25,21,20,19,36,50,43,39,44,32,0,0,0,0.0004,0.0043,0.0506,0.0491,0.0215,0.4267,0.0126,10.4232,0.0281,0.4247,0.7912,0.0002,0.0004,0.3716,0.0022,0.0006,0.0000,0.0000,0.0012
1508,25.8189,25.5333,14.4664,15.6162,,true,1,0.008333,0.3564,0.0083,1.00,0.58,6.3775,22,1,385,385,0,436,536,0,14,14,0,364032,0,1281,0,0,803926016,0.000000,0.000000,0.000000,0.00,2,7,10,17,20,25,21,20,19,36,50,43,39,44,32,0,0,0,0.0008,0.0079,0.1164,0.1177,0.0135,0.3587,0.0178,15.6162,0.0702,0.3564,0.9447,0.0009,0.0008,0.3891,0.0028,0.0025,0.0000,0.0000,0.0019
1509,25.8454,25.5583,21.9630,20.8875,,true,3,0.008333,0.5066,0.0250,1.00,1.00,3.3405,22,1,385,385,0,436,536,0,14,14,0,364032,0,1281,0,0,803926016,0.000000,0.000000,0.000000,0.00,2,7,10,17,20,25,21,20,19,36,50,43,39,44,32,0,0,0,0.0005,0.0033,0.1239,0.0373,0.0118,0.5074,0.0041,20.8875,0.0957,0.5066,0.5438,0.0005,0.0003,0.1894,0.0010,0.0009,0.0000,0.0000,0.0010
1510,25.8596,25.5833,24.4640,11.1250,,true,3,0.008333,0.3351,0.0250,1.00,1.00,2.8045,22,1,385,385,0,435,535,0,14,14,0,364032,0,1281,0,0,803926016,0.000000,0.000000,0.000000,0.00,2,7,10,17,20,25,21,20,19,36,50,43,39,44,32,0,0,0,0.0006,0.0040,0.0833,0.0710,0.0153,0.3367,0.0079,11.1250,0.0584,0.3351,0.7132,0.0005,0.0003,0.3399,0.0015,0.0013,0.0000,0.0000,0.0010
1511,25.8776,25.6000,17.1228,11.1325,,true,2,0.008333,0.1907,0.0167,1.00,0.97,3.2607,22,1,385,385,0,435,535,0,14,14,0,364032,0,1281,0,0,803926016,0.000000,0.000000,0.000000,0.00,2,7,10,17,20,25,21,20,19,36,50,43,39,44,32,0,0,0,0.0002,0.0018,0.0872,0.0428,0.0058,0.1913,0.0036,11.1325,0.0457,0.1907,0.7612,0.0008,0.0009,0.3563,0.0043,0.0017,0.0000,0.0000,0.0019
1512,25.8908,25.6167,15.7316,9.4440,,true,2,0.008333,0.3831,0.0167,1.00,1.00,2.3256,22,1,385,385,0,435,535,0,14,14,0,364032,0,1281,0,0,803926016,0.000000,0.000000,0.000000,0.00,2,7,10,17,20,25,21,20,19,36,50,43,39,44,32,0,0,0,0.0005,0.0035,0.1009,0.0561,0.0092,0.3845,0.0130,9.4440,0.1222,0.3831,0.9864,0.0012,0.0010,0.4775,0.0050,0.0029,0.0000,0.0000,0.0015
1513,25.9074,25.6333,15.1762,10.9410,,true,2,0.008333,0.2063,0.0167,1.00,1.00,0.8351,22,1,385,385,0,435,535,0,14,14,0,364032,0,1281,0,0,803926016,0.000000,0.000000,0.000000,0.00,2,7,10,17,20,25,21,20,19,36,50,43,39,44,32,0,0,0,0.0026,0.0048,0.1191,0.1459,0.0116,0.2072,0.0322,10.9410,0.0699,0.2063,1.0831,0.0013,0.0008,0.4753,0.0050,0.0023,0.0000,0.0000,0.0032
1514,25.9199,25.6417,13.3646,9.7331,,true,1,0.008333,0.4188,0.0083,1.00,0.62,5.8664,22,1,385,385,0,435,535,0,14,14,0,364032,0,1281,0,0,803926016,0.000000,0.000000,0.000000,0.00,2,7,10,17,20,25,21,20,19,36,50,43,39,44,32,0,0,0,0.0002,0.0021,0.0619,0.0768,0.0102,0.4194,0.0083,9.7331,0.0296,0.4188,0.8591,0.0004,0.0005,0.4226,0.0026,0.0013,0.0000,0.0000,0.0011
1515,25.9360,25.6583,14.7865,11.7851,,true,2,0.008333,0.2821,0.0167,1.00,1.00,3.9863,22,1,385,385,0,434,534,0,14,14,0,364032,0,1281,0,0,803930112,0.000000,0.000000,0.000000,0.00,2,7,10,17,20,25,21,20,19,36,50,43,39,44,32,0,0,0,0.0007,0.0114,0.1304,0.0829,0.0100,0.2836,0.0238,11.7851,0.0375,0.2821,0.6812,0.0006,0.0009,0.3163,0.0019,0.0011,0.0000,0.0000,0.0007
1516,25.9547,25.6750,16.2137,13.7351,,true,2,0.008333,0.2948,0.0167,1.00,1.00,3.5333,22,1,385,385,0,434,534,0,14,14,0,364032,0,1281,0,0,803930112,0.000000,0.000000,0.000000,0.00,2,7,10,17,20,25,21,20,19,36,50,43,39,44,32,0,0,0,0.0023,0.0074,0.1600,0.0859,0.0139,0.2960,0.0174,13.7351,0.0678,0.2948,1.1876,0.0009,0.0002,0.4351,0.0046,0.0011,0.0000,0.0000,0.0014
1517,25.9700,25.6917,19.5207,10.5018,,true,2,0.008333,0.2361,0.0167,1.00,0.85,6.3873,22,1,385,385,0,434,534,0,14,14,0,361728,0,1281,0,0,803930112,0.000000,0.000000,0.000000,0.00,2,7,10,17,20,25,21,20,19,36,50,43,39,44,32,0,0,0,0.0011,0.0035,0.0839,0.0471,0.0088,0.2370,0.0104,10.5018,0.0293,0.2361,0.8029,0.0006,0.0009,0.4527,0.0012,0.0026,0.0000,0.0000,0.0014
1518,25.9854,25.7083,10.6390,12.8296,,true,2,0.008333,0.2968,0.0167,1.00,1.00,0.3597,22,1,385,385,0,434,534,0,14,14,0,361728,0,1281,0,0,803930112,0.000000,0.000000,0.000000,0.00,2,7,10,17,20,25,21,20,19,36,50,43,39,44,32,0,0,0,0.0014,0.0058,0.0599,0.0696,0.0150,0.2985,0.0131,12.8296,0.0147,0.2968,0.6607,0.0010,0.0007,0.2436,0.0025,0.0025,0.0000,0.0000,0.0017
1519,26.0073,25.7333,25.2422,11.5267,,true,3,0.008333,0.3409,0.0250,1.00,0.99,0.6019,22,1,385,385,0,435,535,0,14,14,0,361728,0,1281,0,0,803930112,0.000000,0.000000,0.000000,0.00,2,7,10,17,20,25,21,20,19,36,50,43,39,44,32,0,0,0,0.0010,0.0040,0.0734,0.0831,0.0108,0.3421,0.0107,11.5267,0.0446,0.3409,0.9586,0.0008,0.0009,0.4572,0.0044,0.0022,0.0000,0.0000,0.0018
1520,26.0256,25.7500,19.4130,10.0608,,true,2,0.008333,0.3959,0.0167,1.00,0.86,3.3482,22,1,385,385,0,434,534,0,14,14,0,361728,0,1281,0,0,803930112,0.000000,0.000000,0.000000,0.00,2,7,10,17,20,25,21,20,19,36,50,43,39,44,32,0,0,0,0.0008,0.0223,0.0573,0.0831,0.0124,0.3970,0.0179,10.0608,0.0293,0.3959,0.7472,0.0010,0.0011,0.3183,0.0024,0.0022,0.0000,0.0000,0.0027
1521,26.0559,25.7667,17.6098,22.6335,,true,2,0.008333,0.3703,0.0167,1.00,0.95,4.2914,22,1,385,385,8,434,534,0,14,14,0,361728,0,1289,29,40,803930112,0.000000,0.000000,0.000000,0.00,2,7,10,17,20,25,21,20,19,36,50,43,39,44,32,0,0,0,0.0011,0.0074,0.0554,0.1009,0.0140,0.3711,0.0161,22.6335,0.0131,0.3703,5.9673,0.0006,0.2532,0.2397,0.0034,0.0009,0.0000,0.0000,4.6110
1522,26.0785,25.7917,26.3331,17.3181,,true,3,0.008333,0.4627,0.0250,1.00,0.95,5.6245,22,1,385,385,8,428,528,0,14,14,8,361728,0,1297,21,40,803930112,0.000000,0.000000,0.000000,0.00,2,7,10,17,20,25,21,20,19,36,50,43,39,44,32,0,0,0,0.0015,0.0088,0.0776,0.1529,0.0172,0.4657,0.0131,17.3181,0.0454,0.4627,2.0470,0.0548,0.2865,0.3508,0.0036,0.0377,0.0000,60.3731,0.0021
1523,26.1032,25.8167,21.9948,19.4050,,true,3,0.008333,0.3827,0.0250,1.00,1.00,2.6194,22,1,385,385,8,433,533,0,14,14,8,361728,0,1305,13,40,803930112,0.000000,0.000000,0.000000,0.00,2,7,10,17,20,25,21,20,19,36,50,43,39,44,32,0,0,0,0.0007,0.0051,0.0928,0.0805,0.0179,0.3830,0.0115,19.4050,0.0540,0.3827,0.8979,0.0274,0.2027,0.1980,0.0012,0.0117,0.0000,57.9155,0.0005
1524,26.1211,25.8417,27.0889,10.9323,,true,3,0.008333,0.3175,0.0250,1.00,0.92,4.7082,22,1,385,385,5,432,532,0,14,14,8,361728,0,1310,5,25,803934208,0.000000,0.000000,0.000000,0.00,2,7,10,17,20,25,21,20,19,36,50,43,39,44,32,0,0,0,0.0009,0.0023,0.3937,0.0693,0.0086,0.3183,0.0175,10.9323,0.0422,0.3175,1.0467,0.0398,0.0004,0.3070,0.0030,0.0222,0.0000,57.4767,0.0012
1525,26.1473,25.8667,20.8987,15.5709,,true,3,0.008333,0.4192,0.0250,1.00,1.00,0.6069,22,1,385,385,0,436,536,0,14,14,5,361728,0,1310,0,0,803934208,0.000000,0.000000,0.000000,0.00,2,7,10,17,20,25,21,20,19,36,50,43,39,44,32,0,0,0,0.0023,0.0139,0.1914,0.0953,0.0150,0.4202,0.0088,15.5709,0.1118,0.4192,1.3358,0.0792,0.0010,0.3965,0.0053,0.1010,0.0000,37.5077,0.0048
1526,26.1698,25.8833,22.5983,15.2086,,true,2,0.008333,0.3000,0.0167,1.00,0.74,6.5386,22,1,385,385,0,433,533,0,14,14,0,361728,0,1310,0,0,803934208,0.000000,0.000000,0.000000,0.00,2,7,10,17,20,25,21,20,18,40,49,47,40,41,28,0,0,0,0.0015,0.0060,0.0896,0.0925,0.0145,0.3022,0.0140,15.2086,0.0317,0.3000,1.3453,0.0013,0.0009,0.5592,0.0038,0.0016,0.0000,0.0000,0.0024
1527,26.1958,25.9083,24.4856,18.3870,,true,3,0.008333,0.2785,0.0250,1.00,1.00,6.0241,22,1,385,385,0,431,531,0,14,14,0,361728,0,1310,0,0,803934208,0.000000,0.000000,0.000000,0.00,2,7,10,17,20,25,21,20,18,40,49,47,40,41,28,0,0,0,0.0007,0.0040,0.0816,0.0732,0.0085,0.2787,0.0122,18.3870,0.0421,0.2785,0.8090,0.0004,0.0005,0.3132,0.0017,0.0017,0.0000,0.0000,0.0016
1528,26.2214,25.9333,23.7601,17.1866,,true,3,0.008333,0.6115,0.0250,1.00,1.00,4.7843,22,1,385,385,0,431,531,0,14,14,0,361728,0,1310,0,0,803934208,0.000000,0.000000,0.000000,0.00,2,7,10,17,20,25,21,20,18,40,49,47,40,41,28,0,0,0,0.0009,0.0112,0.0685,0.1172,0.0184,0.6150,0.0184,17.1866,0.0404,0.6115,1.0470,0.0020,0.0012,0.4529,0.0054,0.0037,0.0000,0.0000,0.0032
1529,26.2454,25.9583,28.0893,13.8443,,true,3,0.008333,0.3355,0.0250,1.00,0.89,7.8735,22,1,385,385,0,429,529,0,14,14,0,361728,0,1310,0,0,803934208,0.000000,0.000000,0.000000,0.00,2,7,10,17,20,25,21,20,18,40,49,47,40,41,28,0,0,0,0.0007,0.0048,0.0857,0.0934,0.0135,0.3363,0.0165,13.8443,0.0468,0.3355,0.7713,0.0006,0.0003,0.3967,0.0030,0.0014,0.0000,0.0000,0.0008
1530,26.2699,25.9833,24.5282,15.1900,,true,3,0.008333,0.3701,0.0250,1.00,1.00,7.4017,22,1,385,385,0,428,528,0,14,14,0,359424,0,1310,0,0,803934208,0.000000,0.000000,0.000000,0.00,2,7,10,17,20,25,21,20,18,40,49,47,40,41,28,0,0,0,0.0010,0.0050,0.1179,0.0950,0.0122,0.3705,0.0121,15.1900,0.0685,0.3701,0.8081,0.0009,0.0009,0.3760,0.0032,0.0018,0.0000,0.0000,0.0016
1531,26.2924,26.0083,22.3736,15.0534,,true,3,0.008333,0.5477,0.0250,1.00,1.00,4.7754,22,1,385,385,0,429,529,0,14,14,0,359424,0,1310,0,0,803934208,0.000000,0.000000,0.000000,0.00,2,7,10,17,20,25,21,20,18,40,49,47,40,41,28,0,0,0,0.0009,0.0066,0.0967,0.0923,0.0129,0.5482,0.0057,15.0534,0.0563,0.5477,0.7600,0.0011,0.0012,0.3565,0.0017,0.0026,0.0000,0.0000,0.0030
1532,26.3127,26.0333,21.2410,15.1047,,true,3,0.008333,0.2242,0.0250,1.00,1.00,1.0163,22,1,385,385,0,431,531,0,14,14,0,359424,0,1310,0,0,803934208,0.000000,0.000000,0.000000,0.00,2,7,10,17,20,25,21,20,18,40,49,47,40,41,28,0,0,0,0.0004,0.0015,0.0700,0.0431,0.0052,0.2251,0.0038,15.1047,0.0508,0.2242,0.7269,0.0003,0.0002,0.3613,0.0041,0.0007,0.0000,0.0000,0.0003
1533,26.3323,26.0500,20.2168,14.3145,,true,2,0.008333,0.2875,0.0167,1.00,0.82,4.5665,22,1,385,385,0,431,531,0,14,14,0,359424,0,1310,0,0,803938304,0.000000,0.000000,0.000000,0.00,2,7,10,17,20,25,21,20,18,40,49,47,40,41,28,0,0,0,0.0017,0.0041,0.1040,0.1007,0.0182,0.2888,0.0103,14.3145,0.0344,0.2875,0.7543,0.0010,0.0013,0.3356,0.0032,0.0011,0.0000,0.0000,0.0014
1534,26.3456,26.0667,19.1450,8.7107,,true,2,0.008333,0.3468,0.0167,1.00,0.87,7.0448,22,1,385,385,0,430,530,0,14,14,0,359424,0,1310,0,0,803938304,0.000000,0.000000,0.000000,0.00,2,7,10,17,20,25,21,20,18,40,49,47,40,41,28,0,0,0,0.0007,0.0058,0.0890,0.0875,0.0115,0.3481,0.0142,8.7107,0.0363,0.3468,0.8144,0.0010,0.0012,0.3197,0.0036,0.0021,0.0000,0.0000,0.0032
1535,26.3735,26.0833,15.4989,19.8459,,true,2,0.008333,0.3261,0.0167,1.00,1.00,5.8770,22,1,385,385,0,430,530,0,14,14,0,359424,0,1310,0,0,803938304,0.000000,0.000000,0.000000,0.00,2,7,10,17,20,25,21,20,18,40,49,47,40,41,28,0,0,0,0.0007,0.0018,0.0780,0.0356,0.0046,0.3271,0.0041,19.8459,0.0612,0.3261,0.7972,0.0003,0.0003,0.4941,0.0077,0.0010,0.0000,0.0000,0.0009
1536,26.3964,26.1167,29.9807,13.6743,,true,4,0.008333,0.3135,0.0333,1.00,1.00,2.5244,22,1,385,385,0,431,531,0,14,14,0,359424,0,1310,0,0,803938304,0.000000,0.000000,0.000000,0.00,2,7,10,17,20,25,21,20,18,40,49,47,40,41,28,0,0,0,0.0007,0.0077,0.0835,0.0729,0.0115,0.3141,0.0191,13.6743,0.0314,0.3135,0.7843,0.0009,0.0005,0.3640,0.0024,0.0014,0.0000,0.0000,0.0012
1537,26.4184,26.1333,21.0980,14.3570,,true,2,0.008333,0.1404,0.0167,1.00,0.79,6.9557,22,1,385,385,0,430,530,0,14,14,0,359424,0,1310,0,0,803938304,0.000000,0.000000,0.000000,0.00,2,7,10,17,20,25,21,20,18,40,49,47,40,41,28,0,0,0,0.0002,0.0099,0.0982,0.0346,0.0049,0.1407,0.0036,14.3570,0.0406,0.1404,0.5422,0.0003,0.0002,0.2467,0.0005,0.0004,0.0000,0.0000,0.0004
1538,26.4389,26.1583,20.3853,13.9415,,true,3,0.008333,0.6984,0.0250,1.00,1.00,2.3410,22,1,385,385,0,431,531,0,14,14,0,361728,0,1310,0,0,803938304,0.000000,0.000000,0.000000,0.00,2,7,10,17,20,25,21,20,18,40,49,47,40,41,28,0,0,0,0.0013,0.0048,0.0841,0.1053,0.0052,0.6987,0.0153,13.9415,0.0230,0.6984,0.7621,0.0008,0.0003,0.3571,0.0025,0.0009,0.0000,0.0000,0.0009
1539,26.4586,26.1750,21.2720,12.5358,,true,2,0.008333,0.3426,0.0167,1.00,0.78,6.9463,22,1,385,385,0,431,531,0,14,14,0,361728,0,1310,0,0,803938304,0.000000,0.000000,0.000000,0.00,2,7,10,17,20,25,21,20,18,40,49,47,40,41,28,0,0,0,0.0008,0.0045,0.1017,0.0646,0.0115,0.3437,0.0090,12.5358,0.0409,0.3426,0.7269,0.0010,0.0006,0.3354,0.0025,0.0026,0.0000,0.0000,0.0015
1540,26.4789,26.2000,18.3346,14.5231,,true,3,0.008333,0.1752,0.0250,1.00,1.00,0.2809,22,1,385,385,0,432,532,0,14,14,0,361728,0,1310,0,0,803938304,0.000000,0.000000,0.000000,0.00,2,7,10,17,20,25,21,20,18,40,49,47,40,41,28,0,0,0,0.0008,0.0027,0.0950,0.0757,0.0052,0.1756,0.0056,14.5231,0.0448,0.1752,0.8064,0.0005,0.0003,0.4322,0.0031,0.0006,0.0000,0.0000,0.0007
1541,26.5000,26.2167,22.0198,13.3763,,true,2,0.008333,0.4344,0.0167,1.00,0.76,5.6341,22,1,385,385,0,432,532,0,14,14,0,361728,0,1310,0,0,803938304,0.000000,0.000000,0.000000,0.00,2,7,10,17,20,25,21,20,18,40,49,47,40,41,28,0,0,0,0.0022,0.0088,0.0744,0.1104,0.0220,0.4366,0.0172,13.3763,0.0257,0.4344,1.1146,0.0010,0.0007,0.4211,0.0045,0.0021,0.0000,0.0000,0.0018
1542,26.5192,26.2417,21.7598,12.8569,,true,3,0.008333,0.3913,0.0250,1.00,1.00,2.3938,22,1,385,385,0,432,532,0,14,14,0,361728,0,1310,0,0,803938304,0.000000,0.000000,0.000000,0.00,2,7,10,17,20,25,21,20,18,40,49,47,40,41,28,0,0,0,0.0012,0.0071,0.0589,0.0880,0.0176,0.3924,0.0304,12.8569,0.0278,0.3913,0.7626,0.0007,0.0002,0.3396,0.0025,0.0006,0.0000,0.0000,0.0005
1543,26.5371,26.2583,19.4226,10.7044,,true,2,0.008333,0.4179,0.0167,1.00,0.86,5.1498,22,1,385,385,0,432,532,0,14,14,0,361728,0,1310,0,0,803942400,0.000000,0.000000,0.000000,0.00,2,7,10,17,20,25,21,20,18,40,49,47,40,41,28,0,0,0,0.0002,0.0016,0.0590,0.0371,0.0051,0.4187,0.0036,10.7044,0.0152,0.4179,1.0091,0.0004,0.0002,0.5942,0.0014,0.0006,0.0000,0.0000,0.0009
1544,26.5602,26.2750,19.6492,13.6400,,true,2,0.008333,0.5444,0.0167,1.00,0.85,8.1323,22,1,385,385,0,431,531,0,14,14,0,364032,0,1310,0,0,803942400,0.000000,0.000000,0.000000,0.00,2,7,10,17,20,25,21,20,18,40,49,47,40,41,28,0,0,0,0.0014,0.0039,0.0882,0.2111,0.0188,0.5454,0.0265,13.6400,0.0144,0.5444,0.7436,0.0010,0.0008,0.2707,0.0019,0.0017,0.0000,0.0000,0.0015
1545,26.5793,26.3000,19.5082,14.1526,,true,3,0.008333,0.3671,0.0250,1.00,1.00,2.6404,22,1,385,385,0,431,531,0,14,14,0,364032,0,1310,0,0,803942400,0.000000,0.000000,0.000000,0.00,2,7,10,17,20,25,21,20,18,40,49,47,40,41,28,0,0,0,0.0002,0.0013,0.0731,0.0394,0.0045,0.3679,0.0066,14.1526,0.0769,0.3671,0.4791,0.0003,0.0003,0.1919,0.0013,0.0006,0.0000,0.0000,0.0004
1546,26.6019,26.3250,22.5717,13.9603,,true,3,0.008333,0.3158,0.0250,1.00,1.00,0.2121,22,1,385,385,0,432,532,0,14,14,0,364032,0,1310,0,0,803942400,0.000000,0.000000,0.000000,0.00,2,7,10,17,20,25,21,20,18,40,49,47,40,41,28,0,0,0,0.0006,0.0028,0.1193,0.0852,0.0148,0.3179,0.0147,13.9603,0.0502,0.3158,0.6463,0.0007,0.0004,0.3340,0.0023,0.0014,0.0000,0.0000,0.0017
1547,26.6192,26.3417,19.4836,10.6382,,true,2,0.008333,0.1765,0.0167,1.00,0.86,3.0290,22,1,385,385,0,432,532,0,14,14,0,364032,0,1310,0,0,803942400,0.000000,0.000000,0.000000,0.00,2,7,10,17,20,25,21,20,18,40,49,47,40,41,28,0,0,0,0.0002,0.0019,0.0542,0.0409,0.0048,0.1769,0.0038,10.6382,0.0142,0.1765,0.8119,0.0002,0.0003,0.4803,0.0009,0.0005,0.0000,0.0000,0.0006
1548,26.6364,26.3583,15.8321,13.5309,,true,2,0.008333,0.3233,0.0167,1.00,1.00,2.1945,22,1,385,385,0,433,533,0,14,14,0,364032,0,1310,0,0,803942400,0.000000,0.000000,0.000000,0.00,2,7,10,17,20,25,21,20,18,40,49,47,40,41,28,0,0,0,0.0007,0.0057,0.0421,0.0784,0.0184,0.3251,0.0121,13.5309,0.0139,0.3233,0.5312,0.0008,0.0011,0.1754,0.0014,0.0021,0.0000,0.0000,0.0018
1549,26.6574,26.3750,21.8001,11.9154,,true,2,0.008333,0.1676,0.0167,1.00,0.76,7.3279,22,1,385,385,0,432,532,0,14,14,0,364032,0,1310,0,0,803942400,0.000000,0.000000,0.000000,0.00,2,7,10,17,20,25,21,20,18,40,49,47,40,41,28,0,0,0,0.0004,0.0106,0.0958,0.2009,0.0158,0.1685,0.0150,11.9154,0.0714,0.1676,0.5015,0.0003,0.0003,0.2765,0.0012,0.0007,0.0000,0.0000,0.0005
1550,26.6773,26.4000,19.5147,11.3273,,true,3,0.008333,0.5289,0.0250,1.00,1.00,1.8427,22,1,385,385,0,432,532,0,14,14,0,364032,0,1310,0,0,803942400,0.000000,0.000000,0.000000,0.00,2,7,10,17,20,25,21,20,18,40,49,47,40,41,28,0,0,0,0.0013,0.0054,0.0781,0.1409,0.0156,0.5314,0.0109,11.3273,0.0370,0.5289,0.9330,0.0013,0.0007,0.3275,0.0030,0.0021,0.0000,0.0000,0.0007
1551,26.6958,26.4167,18.8309,11.5033,,true,2,0.008333,0.1464,0.0167,1.00,0.89,4.0069,22,1,385,385,0,432,532,0,14,14,0,364032,0,1310,0,0,803942400,0.000000,0.000000,0.000000,0.00,2,7,10,17,20,25,21,20,18,40,49,47,40,41,28,0,0,0,0.0008,0.0024,0.1521,0.1276,0.0217,0.1468,0.0047,11.5033,0.0311,0.1464,0.6588,0.0002,0.0002,0.4179,0.0016,0.0004,0.0000,0.0000,0.0005
1552,26.7155,26.4333,20.3777,11.5651,,true,2,0.008333,0.1456,0.0167,1.00,0.82,7.7178,22,1,385,385,0,431,531,0,14,14,0,364032,0,1310,0,0,803946496,0.000000,0.000000,0.000000,0.00,2,7,10,17,20,25,21,20,18,40,49,47,40,41,28,0,0,0,0.0008,0.0053,0.0981,0.1221,0.0170,0.1475,0.0592,11.5651,0.0316,0.1456,0.6817,0.0002,0.0002,0.4912,0.0006,0.0004,0.0000,0.0000,0.0006
1553,26.7354,26.4500,16.5766,14.9028,,true,2,0.008333,0.1619,0.0167,1.00,1.00,7.6278,22,1,385,385,0,431,531,0,14,14,0,364032,0,1310,0,0,803946496,0.000000,0.000000,0.000000,0.00,2,7,10,17,20,25,21,20,18,40,49,47,40,41,28,0,0,0,0.0001,0.0015,0.1090,0.0316,0.0053,0.1625,0.0039,14.9028,0.0464,0.1619,0.8181,0.0003,0.0003,0.2471,0.0041,0.0006,0.0000,0.0000,0.0010
1554,26.7594,26.4750,19.4200,18.6782,,true,3,0.008333,0.1664,0.0250,1.00,1.00,2.0478,22,1,385,385,8,432,532,0,14,14,0,361728,0,1318,38,40,803946496,0.000000,0.000000,0.000000,0.00,2,7,10,17,20,25,21,20,18,40,49,47,40,41,28,0,0,0,0.0003,0.0018,0.0892,0.0339,0.0044,0.1667,0.0033,18.6782,0.0347,0.1664,5.5622,0.0011,0.2293,0.3724,0.0043,0.0018,0.0000,0.0000,4.3907
1555,26.7781,26.5000,26.5546,11.2351,,true,3,0.008333,0.3809,0.0250,1.00,0.94,3.6024,22,1,385,385,8,425,525,0,14,14,6,361728,0,1324,32,40,803946496,0.000000,0.000000,0.000000,0.00,2,7,10,17,20,25,21,20,18,40,49,47,40,41,28,0,0,0,0.0010,0.0030,0.0850,0.0515,0.0076,0.3820,0.0088,11.2351,0.0372,0.3809,1.1099,0.0307,0.1899,0.2971,0.0034,0.0177,0.0000,39.7462,0.0015
1556,26.7976,26.5167,16.7855,12.9185,,true,2,0.008333,0.4348,0.0167,1.00,0.99,3.7212,22,1,385,385,8,423,523,0,14,14,8,361728,0,1332,24,40,803946496,0.000000,0.000000,0.000000,0.00,2,7,10,17,20,25,21,20,18,40,49,47,40,41,28,0,0,0,0.0003,0.0026,0.0824,0.0551,0.0047,0.4358,0.0040,12.9185,0.0429,0.4348,1.5103,0.1051,0.2262,0.3506,0.0022,0.0374,0.0000,41.2738,0.0038
1557,26.8199,26.5333,20.2531,15.7674,,true,2,0.008333,0.1198,0.0167,1.00,0.82,7.3077,22,1,385,385,8,416,516,0,14,14,6,361728,0,1338,18,40,803946496,0.000000,0.000000,0.000000,0.00,2,7,10,17,20,25,21,20,18,40,49,47,40,41,28,0,0,0,0.0004,0.0022,0.3102,0.1766,0.0193,0.1201,0.0040,15.7674,0.0328,0.1198,0.8200,0.0362,0.0003,0.2609,0.0022,0.0204,0.0000,35.3796,0.0006
1558,26.8350,26.5583,20.1244,10.2215,,true,3,0.008333,0.3076,0.0250,1.00,1.00,2.4321,22,1,385,385,8,419,519,0,14,14,8,361728,0,1346,10,40,803950592,0.000000,0.000000,0.000000,0.00,2,7,10,17,20,25,21,20,18,40,49,47,40,41,28,0,0,0,0.0014,0.0051,0.0425,0.0673,0.0101,0.3086,0.0117,10.2215,0.0129,0.3076,0.6470,0.0179,0.0003,0.1379,0.0015,0.0221,0.0000,43.7940,0.0007
1559,26.8613,26.5750,19.8407,16.3796,,true,2,0.008333,0.1965,0.0167,1.00,0.84,5.6061,22,1,385,385,2,419,519,0,14,14,8,361728,0,1348,2,10,803958784,0.000000,0.000000,0.000000,0.00,2,7,10,17,20,25,21,20,18,40,49,47,40,41,28,0,0,0,0.0003,0.0017,0.1280,0.0379,0.0042,0.1982,0.0043,16.3796,0.0303,0.1965,0.9097,0.0468,0.0006,0.3977,0.0020,0.0362,0.0000,45.5763,0.0005
1560,26.8842,26.6000,24.6926,14.3103,,true,3,0.008333,0.3787,0.0250,1.00,1.00,5.2987,22,1,385,385,0,419,519,0,14,14,2,361728,0,1348,0,0,803966976,0.000000,0.000000,0.000000,0.00,2,7,10,17,20,25,21,20,18,40,49,47,40,41,28,0,0,0,0.0015,0.0048,0.1168,0.0801,0.0145,0.3809,0.0179,14.3103,0.0407,0.3787,0.7371,0.0186,0.0007,0.2779,0.0028,0.0226,0.0000,13.4526,0.0010
1561,26.9038,26.6250,20.9351,13.9653,,true,3,0.008333,0.2304,0.0250,1.00,1.00,1.2338,22,1,385,385,0,423,523,0,14,14,0,361728,0,1348,0,0,803971072,0.000000,0.000000,0.000000,0.00,2,7,10,17,20,25,21,20,18,41,46,43,39,44,32,0,0,0,0.0025,0.0073,0.0771,0.0436,0.0041,0.2309,0.0309,13.9653,0.0230,0.2304,0.9368,0.0010,0.0009,0.3756,0.0035,0.0013,0.0000,0.0000,0.0007
1562,26.9247,26.6417,21.1064,13.9002,,true,2,0.008333,0.5124,0.0167,1.00,0.79,5.6736,22,1,385,385,0,423,523,0,14,14,0,361728,0,1348,0,0,804237312,0.000000,0.000000,0.000000,0.00,2,7,10,17,20,25,21,20,18,41,46,43,39,44,32,0,0,0,0.0002,0.0036,0.0737,0.0739,0.0122,0.5139,0.0133,13.9002,0.0313,0.5124,0.7734,0.0008,0.0002,0.4015,0.0031,0.0013,0.0000,0.0000,0.0020
1563,26.9371,26.6667,20.1108,7.0018,,true,3,0.008333,0.3792,0.0250,1.00,1.00,0.7844,22,1,385,385,0,426,526,0,14,14,0,361728,0,1348,0,0,804237312,0.000000,0.000000,0.000000,0.00,2,7,10,17,20,25,21,20,18,41,46,43,39,44,32,0,0,0,0.0010,0.0029,0.2331,0.0762,0.0148,0.3821,0.0134,7.0018,0.0980,0.3792,0.7148,0.0011,0.0006,0.3400,0.0008,0.0013,0.0000,0.0000,0.0016
1564,26.9492,26.6750,10.7349,8.9043,,true,1,0.008333,0.2126,0.0083,1.00,0.78,3.1859,22,1,385,385,0,427,527,0,14,14,0,361728,0,1348,0,0,804237312,0.000000,0.000000,0.000000,0.00,2,7,10,17,20,25,21,20,18,41,46,43,39,44,32,0,0,0,0.0007,0.0027,0.0636,0.0870,0.0114,0.2141,0.0096,8.9043,0.0280,0.2126,0.7824,0.0008,0.0003,0.3251,0.0013,0.0014,0.0000,0.0000,0.0013
1565,26.9628,26.6833,13.1092,9.3945,,true,1,0.008333,0.2134,0.0083,1.00,0.64,7.9618,22,1,385,385,0,425,525,0,14,14,0,361728,0,1348,0,0,804237312,0.000000,0.000000,0.000000,0.00,2,7,10,17,20,25,21,20,18,41,46,43,39,44,32,0,0,0,0.0002,0.0025,0.0792,0.0526,0.0080,0.2144,0.0070,9.3945,0.0419,0.2134,0.8203,0.0009,0.0003,0.4819,0.0034,0.0010,0.0000,0.0000,0.0005
1566,26.9773,26.7000,14.7593,7.9652,,true,2,0.008333,0.2291,0.0167,1.00,1.00,6.0544,22,1,385,385,0,425,525,0,14,14,0,354816,0,1348,0,0,804237312,0.000000,0.000000,0.000000,0.00,2,7,10,17,20,25,21,20,18,41,46,43,39,44,32,0,0,0,0.0004,0.0061,0.0619,0.0522,0.0067,0.2302,0.0118,7.9652,0.0277,0.2291,0.6642,0.0007,0.0004,0.2804,0.0015,0.0014,0.0000,0.0000,0.0010
1567,26.9894,26.7167,12.1626,8.8946,,true,2,0.008333,0.2783,0.0167,1.00,1.00,1.5504,22,1,385,385,0,427,527,0,14,14,0,354816,0,1348,0,0,804237312,0.000000,0.000000,0.000000,0.00,2,7,10,17,20,25,21,20,18,41,46,43,39,44,32,0,0,0,0.0010,0.0033,0.0641,0.0652,0.0126,0.2787,0.0127,8.8946,0.0350,0.2783,0.6625,0.0006,0.0006,0.3279,0.0015,0.0009,0.0000,0.0000,0.0012
1568,26.9978,26.7250,12.4208,5.3160,,true,1,0.008333,0.1641,0.0083,1.00,0.67,5.6378,22,1,385,385,0,426,526,0,14,14,0,354816,0,1348,0,0,804237312,0.000000,0.000000,0.000000,0.00,2,7,10,17,20,25,21,20,18,41,46,43,39,44,32,0,0,0,0.0002,0.0017,0.0438,0.0540,0.0055,0.1650,0.0059,5.3160,0.0170,0.1641,0.4594,0.0006,0.0006,0.2112,0.0017,0.0015,0.0000,0.0000,0.0016
1569,27.0142,26.7417,14.8582,6.3055,,true,2,0.008333,0.2548,0.0167,1.00,1.00,3.8294,22,1,385,385,0,427,527,0,14,14,0,354816,0,1348,0,0,804237312,0.000000,0.000000,0.000000,0.00,2,7,10,17,20,25,21,20,18,41,46,43,39,44,32,0,0,0,0.0004,0.0027,0.0726,0.0536,0.0096,0.2560,0.0102,6.3055,0.0299,0.2548,0.5597,0.0011,0.0010,0.2463,0.0019,0.0010,0.0000,0.0000,0.0009
1570,27.0319,26.7583,18.1369,6.3830,,true,2,0.008333,0.3339,0.0167,1.00,0.92,5.2996,22,1,385,385,0,427,527,0,14,14,0,354816,0,1348,0,0,804237312,0.000000,0.000000,0.000000,0.00,2,7,10,17,20,25,21,20,18,41,46,43,39,44,32,0,0,0,0.0002,0.0024,0.0419,0.0647,0.0072,0.3347,0.0076,6.3830,0.0208,0.3339,0.4737,0.0009,0.0004,0.2128,0.0013,0.0009,0.0000,0.0000,0.0012
1571,27.0514,26.7750,18.9965,5.8058,,true,2,0.008333,0.2511,0.0167,1.00,0.88,7.6294,22,1,385,385,0,426,526,0,14,14,0,354816,0,1348,0,0,804241408,0.000000,0.000000,0.000000,0.00,2,7,10,17,20,25,21,20,18,41,46,43,39,44,32,0,0,0,0.0002,0.0025,0.0546,0.0431,0.0093,0.2518,0.0057,5.8058,0.0258,0.2511,0.5497,0.0007,0.0002,0.2519,0.0017,0.0009,0.0000,0.0000,0.0005
1572,27.0733,26.7917,16.6889,11.1048,,true,2,0.008333,0.2768,0.0167,1.00,1.00,7.6517,22,1,385,385,0,426,526,0,14,14,0,354816,0,1348,0,0,804241408,0.000000,0.000000,0.000000,0.00,2,7,10,17,20,25,21,20,18,41,46,43,39,44,32,0,0,0,0.0009,0.0040,0.0822,0.0616,0.0054,0.2781,0.0097,11.1048,0.0278,0.2768,0.7958,0.0007,0.0008,0.3977,0.0019,0.0023,0.0000,0.0000,0.0025
1573,27.0910,26.8167,20.8983,8.1298,,true,3,0.008333,0.3004,0.0250,1.00,1.00,3.5500,22,1,385,385,0,427,527,0,14,14,0,354816,0,1348,0,0,804241408,0.000000,0.000000,0.000000,0.00,2,7,10,17,20,25,21,20,18,41,46,43,39,44,32,0,0,0,0.0026,0.0038,0.0565,0.0690,0.0051,0.3009,0.0103,8.1298,0.0202,0.3004,0.6116,0.0007,0.0005,0.2438,0.0019,0.0012,0.0000,0.0000,0.0019
1574,27.1052,26.8333,15.8617,6.3094,,true,2,0.008333,0.2404,0.0167,1.00,1.00,2.7450,22,1,385,385,0,428,528,0,14,14,0,354816,0,1348,0,0,804241408,0.000000,0.000000,0.000000,0.00,2,7,10,17,20,25,21,20,18,41,46,43,39,44,32,0,0,0,0.0006,0.0032,0.0566,0.0532,0.0086,0.2411,0.0069,6.3094,0.0193,0.2404,0.5966,0.0007,0.0005,0.2485,0.0016,0.0016,0.0000,0.0000,0.0010
1575,27.1196,26.8500,15.3047,6.1844,,true,2,0.008333,0.2678,0.0167,1.00,1.00,1.3831,22,1,385,385,0,429,529,0,14,14,0,354816,0,1348,0,0,804241408,0.000000,0.000000,0.000000,0.00,2,7,10,17,20,25,21,20,18,41,46,43,39,44,32,0,0,0,0.0002,0.0033,0.0577,0.0776,0.0074,0.2687,0.0087,6.1844,0.0233,0.2678,0.5857,0.0007,0.0005,0.2815,0.0011,0.0019,0.0000,0.0000,0.0012
1576,27.1415,26.8667,20.6292,7.1316,,true,2,0.008333,0.2449,0.0167,1.00,0.81,5.3456,22,1,385,385,0,429,529,0,14,14,0,354816,0,1348,0,0,804241408,0.000000,0.000000,0.000000,0.00,2,7,10,17,20,25,21,20,18,41,46,43,39,44,32,0,0,0,0.0004,0.0020,0.0941,0.0631,0.0077,0.2461,0.0058,7.1316,0.0278,0.2449,0.6022,0.0003,0.0008,0.2855,0.0024,0.0006,0.0000,0.0000,0.0016
1577,27.1547,26.8833,13.8210,6.7767,,true,2,0.008333,0.2775,0.0167,1.00,1.00,2.4999,22,1,385,385,0,429,529,0,14,14,0,354816,0,1348,0,0,804241408,0.000000,0.000000,0.000000,0.00,2,7,10,17,20,25,21,20,18,41,46,43,39,44,32,0,0,0,0.0003,0.0030,0.0559,0.0622,0.0109,0.2782,0.0102,6.7767,0.0218,0.2775,0.6350,0.0005,0.0005,0.2578,0.0028,0.0012,0.0000,0.0000,0.0015
1578,27.1814,26.9083,24.7744,8.4116,,true,3,0.008333,0.4883,0.0250,1.00,1.00,2.2744,22,1,385,385,0,430,530,0,14,14,0,354816,0,1348,0,0,804241408,0.000000,0.000000,0.000000,0.00,2,7,10,17,20,25,21,20,18,41,46,43,39,44,32,0,0,0,0.0010,0.0033,0.0756,0.0701,0.0126,0.4892,0.0098,8.4116,0.0421,0.4883,0.6280,0.0011,0.0009,0.2650,0.0015,0.0018,0.0000,0.0000,0.0011
1579,27.2014,26.9167,14.3017,13.4460,,true,1,0.008333,0.3661,0.0083,1.00,0.58,8.2428,22,1,385,385,0,429,529,0,14,14,0,354816,0,1348,0,0,804241408,0.000000,0.000000,0.000000,0.00,2,7,10,17,20,25,21,20,18,41,46,43,39,44,32,0,0,0,0.0002,0.0039,0.0968,0.0880,0.0144,0.3680,0.0147,13.4460,0.0344,0.3661,0.5768,0.0011,0.0015,0.2140,0.0010,0.0019,0.0000,0.0000,0.0017
1580,27.2213,26.9417,23.3005,10.5376,,true,3,0.008333,0.4464,0.0250,1.00,1.00,6.5433,22,1,385,385,0,429,529,0,14,14,0,354816,0,1348,0,0,804245504,0.000000,0.000000,0.000000,0.00,2,7,10,17,20,25,21,20,18,41,46,43,39,44,32,0,0,0,0.0024,0.0021,0.0921,0.1794,0.0171,0.4480,0.0662,10.5376,0.0597,0.4464,0.6197,0.0004,0.0003,0.3103,0.0024,0.0004,0.0000,0.0000,0.0003
1581,27.2358,26.9583,15.6230,8.3713,,true,2,0.008333,0.1937,0.0167,1.00,1.00,5.4996,22,1,385,385,0,429,529,0,14,14,0,354816,0,1348,0,0,804245504,0.000000,0.000000,0.000000,0.00,2,7,10,17,20,25,21,20,18,41,46,43,39,44,32,0,0,0,0.0001,0.0038,0.0395,0.0656,0.0047,0.1944,0.0105,8.3713,0.0153,0.1937,0.4646,0.0006,0.0008,0.1866,0.0022,0.0015,0.0000,0.0000,0.0009
1582,27.2504,26.9750,16.6197,7.4080,,true,2,0.008333,0.2437,0.0167,1.00,1.00,5.4527,22,1,385,385,0,429,529,0,14,14,0,354816,0,1348,0,0,804245504,0.000000,0.000000,0.000000,0.00,2,7,10,17,20,25,21,20,18,41,46,43,39,44,32,0,0,0,0.0011,0.0034,0.0578,0.0592,0.0102,0.2448,0.0092,7.4080,0.0267,0.2437,0.4719,0.0009,0.0004,0.2358,0.0012,0.0012,0.0000,0.0000,0.0012
1583,27.2716,26.9917,19.0840,9.5224,,true,2,0.008333,0.3097,0.0167,1.00,0.87,7.8700,22,1,385,385,0,428,528,0,14,14,0,354816,0,1348,0,0,804245504,0.000000,0.000000,0.000000,0.00,2,7,10,17,20,25,21,20,18,41,46,43,39,44,32,0,0,0,0.0007,0.0028,0.0679,0.0554,0.0085,0.3101,0.0086,9.5224,0.0266,0.3097,0.5744,0.0005,0.0002,0.2889,0.0027,0.0012,0.0000,0.0000,0.0007
1584,27.2848,27.0083,15.7877,6.9335,,true,2,0.008333,0.4393,0.0167,1.00,1.00,6.9910,22,1,385,385,0,428,528,0,14,14,0,354816,0,1348,0,0,804245504,0.000000,0.000000,0.000000,0.00,2,7,10,17,20,25,21,20,18,41,46,43,39,44,32,0,0,0,0.0007,0.0022,0.0445,0.0536,0.0076,0.4419,0.0045,6.9335,0.0192,0.4393,0.5236,0.0005,0.0006,0.2243,0.0016,0.0011,0.0000,0.0000,0.0008
1585,27.3018,27.0250,16.9132,7.5231,,true,2,0.008333,0.2627,0.0167,1.00,0.99,7.2375,22,1,385,385,0,428,528,0,14,14,0,354816,0,1348,0,0,804245504,0.000000,0.000000,0.000000,0.00,2,7,10,17,20,25,21,20,18,41,46,43,39,44,32,0,0,0,0.0006,0.0032,0.0591,0.0588,0.0084,0.2635,0.0064,7.5231,0.0274,0.2627,0.5418,0.0005,0.0003,0.2313,0.0012,0.0015,0.0000,0.0000,0.0006
1586,27.3180,27.0417,17.3808,5.9027,,true,2,0.008333,0.2446,0.0167,1.00,0.96,7.9516,22,1,385,385,0,428,528,0,14,14,0,354816,0,1348,0,0,804245504,0.000000,0.000000,0.000000,0.00,2,7,10,17,20,25,21,20,18,41,46,43,39,44,32,0,0,0,0.0001,0.0032,0.0426,0.0405,0.0070,0.2450,0.0064,5.9027,0.0192,0.2446,0.4850,0.0005,0.0005,0.2098,0.0012,0.0009,0.0000,0.0000,0.0006
1587,27.3350,27.0583,16.9366,5.7349,,true,2,0.008333,0.2116,0.0167,1.00,0.98,8.2215,22,1,385,385,0,428,528,0,14,14,0,354816,0,1348,0,0,804245504,0.000000,0.000000,0.000000,0.00,2,7,10,17,20,25,21,20,18,41,46,43,39,44,32,0,0,0,0.0002,0.0031,0.0433,0.0530,0.0080,0.2127,0.0066,5.7349,0.0159,0.2116,0.5081,0.0005,0.0005,0.2075,0.0013,0.0021,0.0000,0.0000,0.0013
1588,27.3579,27.0833,18.9017,10.0548,,true,3,0.008333,0.2447,0.0250,1.00,1.00,2.1232,22,1,385,385,0,429,529,0,14,14,0,354816,0,1348,0,0,804245504,0.000000,0.000000,0.000000,0.00,2,7,10,17,20,25,21,20,18,41,46,43,39,44,32,0,0,0,0.0011,0.0057,0.1259,0.0441,0.0076,0.2459,0.0087,10.0548,0.0317,0.2447,0.5581,0.0008,0.0007,0.2562,0.0015,0.0018,0.0000,0.0000,0.0009
1589,27.3841,27.1000,22.3937,12.5374,,true,2,0.008333,0.2373,0.0167,1.00,0.74,7.8502,22,1,385,385,0,428,528,0,14,14,0,354816,0,1348,0,0,804249600,0.000000,0.000000,0.000000,0.00,2,7,10,17,20,25,21,20,18,41,46,43,39,44,32,0,0,0,0.0002,0.0019,0.0530,0.0438,0.0042,0.2377,0.0044,12.5374,0.0146,0.2373,0.5560,0.0003,0.0004,0.3153,0.0007,0.0006,0.0000,0.0000,0.0004
1590,27.3968,27.1167,16.1992,10.2515,,true,2,0.008333,0.1509,0.0167,1.00,1.00,7.3828,22,1,385,385,0,428,528,0,14,14,0,354816,0,1348,0,0,804249600,0.000000,0.000000,0.000000,0.00,2,7,10,17,20,25,21,20,18,41,46,43,39,44,32,0,0,0,0.0006,0.0022,0.0900,0.0323,0.0040,0.1514,0.0035,10.2515,0.0559,0.1509,0.6865,0.0002,0.0003,0.3583,0.0026,0.0005,0.0000,0.0000,0.0007
1591,27.4144,27.1333,17.1950,10.7120,,true,2,0.008333,0.2570,0.0167,1.00,0.97,7.9111,22,1,385,385,0,428,528,0,14,14,0,354816,0,1348,0,0,804249600,0.000000,0.000000,0.000000,0.00,2,7,10,17,20,25,21,20,18,41,46,43,39,44,32,0,0,0,0.0006,0.0029,0.0497,0.0591,0.0075,0.2579,0.0070,10.7120,0.0225,0.2570,0.4478,0.0005,0.0004,0.1874,0.0019,0.0012,0.0000,0.0000,0.0008
1592,27.4301,27.1583,17.2887,9.3518,,true,3,0.008333,0.4829,0.0250,1.00,1.00,0.1998,22,1,385,385,0,429,529,0,14,14,0,354816,0,1348,0,0,804249600,0.000000,0.000000,0.000000,0.00,2,7,10,17,20,25,21,20,18,41,46,43,39,44,32,0,0,0,0.0002,0.0014,0.0563,0.0788,0.0110,0.4857,0.0065,9.3518,0.0158,0.4829,0.4998,0.0007,0.0005,0.1908,0.0012,0.0011,0.0000,0.0000,0.0011
1593,27.4432,27.1667,14.5218,7.7462,,true,1,0.008333,0.1663,0.0083,1.00,0.57,6.3883,22,1,385,385,0,429,529,0,14,14,0,354816,0,1348,0,0,804249600,0.000000,0.000000,0.000000,0.00,2,7,10,17,20,25,21,20,18,41,46,43,39,44,32,0,0,0,0.0003,0.0030,0.0583,0.0491,0.0098,0.1674,0.0086,7.7462,0.0375,0.1663,0.5295,0.0006,0.0005,0.2697,0.0020,0.0009,0.0000,0.0000,0.0009
1594,27.4729,27.1917,19.5866,17.8931,,true,3,0.008333,0.3071,0.0250,1.00,1.00,0.9749,22,1,385,385,8,430,530,0,14,14,0,354816,0,1356,20,40,804249600,0.000000,0.000000,0.000000,0.00,2,7,10,17,20,25,21,20,18,41,46,43,39,44,32,0,0,0,0.0006,0.0036,0.0714,0.0611,0.0078,0.3085,0.0062,17.8931,0.0174,0.3071,6.4486,0.0004,0.2083,0.3165,0.0055,0.0028,0.0000,0.0000,5.3541
1595,27.4845,27.2083,19.4270,9.9742,,true,2,0.008333,0.2192,0.0167,1.00,0.86,3.7352,22,1,385,385,8,415,515,0,14,14,5,354816,0,1361,15,40,804249600,0.000000,0.000000,0.000000,0.00,2,7,10,17,20,25,21,20,18,41,46,43,39,44,32,0,0,0,0.0007,0.0028,0.0757,0.0409,0.0062,0.2197,0.0058,9.9742,0.0287,0.2192,0.8440,0.0190,0.1680,0.3176,0.0046,0.0083,0.0000,31.4377,0.0006
1596,27.5031,27.2250,16.7759,10.5835,,true,2,0.008333,0.1827,0.0167,1.00,0.99,3.8445,22,1,385,385,8,411,511,0,14,14,6,354816,0,1367,9,40,804249600,0.000000,0.000000,0.000000,0.00,2,7,10,17,20,25,21,20,18,41,46,43,39,44,32,0,0,0,0.0008,0.0508,0.0874,0.0896,0.0112,0.1837,0.0119,10.5835,0.0259,0.1827,1.2926,0.0304,0.1505,0.4075,0.0061,0.0245,0.0000,37.2379,0.0017
1597,27.5173,27.2417,16.4231,8.9314,,true,2,0.008333,0.2440,0.0167,1.00,1.00,3.6010,22,1,385,385,1,411,511,0,14,14,8,354816,0,1368,1,5,804249600,0.000000,0.000000,0.000000,0.00,2,7,10,17,20,25,21,20,18,41,46,43,39,44,32,0,0,0,0.0006,0.0076,0.0723,0.0657,0.0115,0.2454,0.0199,8.9314,0.0495,0.2440,0.6684,0.0377,0.0003,0.2351,0.0016,0.0386,0.0000,43.5149,0.0013
1598,27.5366,27.2583,19.2882,9.3378,,true,2,0.008333,0.3838,0.0167,1.00,0.86,6.2225,22,1,385,385,0,408,508,0,14,14,1,354816,0,1368,0,0,804253696,0.000000,0.000000,0.000000,0.00,2,7,10,17,20,25,21,20,18,41,46,43,39,44,32,0,0,0,0.0008,0.0027,0.0763,0.0439,0.0074,0.3852,0.0063,9.3378,0.0252,0.3838,0.6638,0.0126,0.0003,0.2643,0.0013,0.0118,0.0000,6.1832,0.0014
1599,27.5547,27.2750,17.9415,9.4719,,true,2,0.008333,0.2039,0.0167,1.00,0.93,7.4974,22,1,385,385,0,406,506,0,14,14,0,354816,0,1368,0,0,804253696,0.000000,0.000000,0.000000,0.00,2,7,10,17,20,25,21,20,18,41,46,42,43,45,28,0,0,0,0.0004,0.0026,0.0575,0.0541,0.0084,0.2045,0.0055,9.4719,0.0537,0.2039,0.5907,0.0002,0.0002,0.2233,0.0017,0.0006,0.0000,0.0000,0.0005
1600,27.5764,27.3000,21.4442,9.9513,,true,3,0.008333,0.1623,0.0250,1.00,1.00,3.9416,22,1,385,385,0,410,510,0,14,14,0,354816,0,1368,0,0,804253696,0.000000,0.000000,0.000000,0.00,2,7,10,17,20,25,21,20,18,41,46,42,43,45,28,0,0,0,0.0005,0.0038,0.0810,0.0412,0.0111,0.1625,0.0539,9.9513,0.0441,0.1623,0.5165,0.0005,0.0006,0.1961,0.0020,0.0016,0.0000,0.0000,0.0012
1601,27.5917,27.3167,16.8657,8.7552,,true,2,0.008333,0.2026,0.0167,1.00,0.99,4.1406,22,1,385,385,0,412,512,0,14,14,0,354816,0,1368,0,0,804253696,0.000000,0.000000,0.000000,0.00,2,7,10,17,20,25,21,20,18,41,46,42,43,45,28,0,0,0,0.0003,0.0023,0.0529,0.1004,0.0100,0.2032,0.0058,8.7552,0.0214,0.2026,0.4749,0.0007,0.0004,0.1885,0.0014,0.0020,0.0000,0.0000,0.0010
1602,27.6044,27.3333,15.6128,5.7662,,true,2,0.008333,0.1839,0.0167,1.00,1.00,3.0867,22,1,385,385,0,416,516,0,14,14,0,354816,0,1368,0,0,804253696,0.000000,0.000000,0.000000,0.00,2,7,10,17,20,25,21,20,18,41,46,42,43,45,28,0,0,0,0.0005,0.0024,0.0537,0.0439,0.0034,0.1843,0.0065,5.7662,0.0294,0.1839,0.4335,0.0005,0.0003,0.2115,0.0013,0.0012,0.0000,0.0000,0.0015
1603,27.6231,27.3500,17.5095,6.8192,,true,2,0.008333,0.2352,0.0167,1.00,0.95,3.9295,22,1,385,385,0,418,518,0,14,14,0,354816,0,1368,0,0,804253696,0.000000,0.000000,0.000000,0.00,2,7,10,17,20,25,21,20,18,41,46,42,43,45,28,0,0,0,0.0008,0.0031,0.0636,0.0541,0.0043,0.2363,0.0059,6.8192,0.0221,0.2352,0.5240,0.0005,0.0005,0.2235,0.0008,0.0008,0.0000,0.0000,0.0011
1604,27.6375,27.3667,15.3901,6.1571,,true,2,0.008333,0.2661,0.0167,1.00,1.00,2.6530,22,1,385,385,0,420,520,0,14,14,0,354816,0,1368,0,0,804253696,0.000000,0.000000,0.000000,0.00,2,7,10,17,20,25,21,20,18,41,46,42,43,45,28,0,0,0,0.0007,0.0034,0.0451,0.0609,0.0091,0.2669,0.0093,6.1571,0.0167,0.2661,0.5687,0.0006,0.0005,0.2581,0.0017,0.0011,0.0000,0.0000,0.0011
1605,27.6671,27.3833,19.9252,14.7388,,true,2,0.008333,0.3114,0.0167,1.00,0.84,5.9115,22,1,385,385,0,420,520,0,14,14,0,350208,0,1368,0,0,804253696,0.000000,0.000000,0.000000,0.00,2,7,10,17,20,25,21,20,18,41,46,42,43,45,28,0,0,0,0.0019,0.0054,0.0509,0.1580,0.0127,0.3126,0.0118,14.7388,0.0203,0.3114,0.4655,0.0013,0.0002,0.1563,0.0026,0.0015,0.0000,0.0000,0.0008
1606,27.6882,27.4083,22.0701,13.4413,,true,3,0.008333,0.6545,0.0250,1.00,1.00,2.9817,22,1,385,385,0,422,522,0,14,14,0,350208,0,1368,0,0,804253696,0.000000,0.000000,0.000000,0.00,2,7,10,17,20,25,21,20,18,41,46,42,43,45,28,0,0,0,0.0009,0.0063,0.0460,0.0321,0.0080,0.6556,0.0129,13.4413,0.0165,0.6545,0.7114,0.0003,0.0011,0.3685,0.0050,0.0004,0.0000,0.0000,0.0020
1607,27.7079,27.4333,23.5817,9.8374,,true,3,0.008333,0.3304,0.0250,1.00,1.00,1.5634,22,1,385,385,0,424,524,0,14,14,0,350208,0,1368,0,0,804253696,0.000000,0.000000,0.000000,0.00,2,7,10,17,20,25,21,20,18,41,46,42,43,45,28,0,0,0,0.0003,0.0014,0.0705,0.0334,0.0225,0.3313,0.0027,9.8374,0.0220,0.3304,0.4030,0.0003,0.0002,0.1744,0.0008,0.0005,0.0000,0.0000,0.0005
1608,27.7215,27.4417,14.9517,9.3197,,true,1,0.008333,0.2269,0.0083,1.00,0.56,8.1817,22,1,385,385,0,423,523,0,14,14,0,350208,0,1368,0,0,804257792,0.000000,0.000000,0.000000,0.00,2,7,10,17,20,25,21,20,18,41,46,42,43,45,28,0,0,0,0.0015,0.0050,0.0426,0.0942,0.0134,0.2286,0.0174,9.3197,0.0405,0.2269,0.8318,0.0006,0.0009,0.3841,0.0037,0.0026,0.0000,0.0000,0.0015
1609,27.7377,27.4667,17.9236,7.9028,,true,3,0.008333,0.3495,0.0250,1.00,1.00,1.1054,22,1,385,385,0,425,525,0,14,14,0,350208,0,1368,0,0,804257792,0.000000,0.000000,0.000000,0.00,2,7,10,17,20,25,21,20,18,41,46,42,43,45,28,0,0,0,0.0012,0.0039,0.1082,0.0957,0.0116,0.3503,0.0115,7.9028,0.0413,0.3495,0.5393,0.0007,0.0006,0.2308,0.0015,0.0013,0.0000,0.0000,0.0020
1610,27.7539,27.4750,14.2288,9.3318,,true,1,0.008333,0.1951,0.0083,1.00,0.59,7.0008,22,1,385,385,0,425,525,0,14,14,0,350208,0,1368,0,0,804257792,0.000000,0.000000,0.000000,0.00,2,7,10,17,20,25,21,20,18,41,46,42,43,45,28,0,0,0,0.0003,0.0037,0.0687,0.0583,0.0089,0.1960,0.0064,9.3318,0.0321,0.1951,0.6143,0.0006,0.0004,0.2801,0.0008,0.0011,0.0000,0.0000,0.0011
1611,27.7755,27.4917,17.9550,12.6592,,true,2,0.008333,0.2087,0.0167,1.00,0.93,8.2891,22,1,385,385,0,424,524,0,14,14,0,350208,0,1368,0,0,804257792,0.000000,0.000000,0.000000,0.00,2,7,10,17,20,25,21,20,18,41,46,42,43,45,28,0,0,0,0.0003,0.0019,0.0638,0.0493,0.0052,0.2103,0.0033,12.6592,0.0361,0.2087,0.6705,0.0005,0.0004,0.3935,0.0024,0.0016,0.0000,0.0000,0.0013
1612,27.7947,27.5167,21.8936,10.4428,,true,3,0.008333,0.6407,0.0250,1.00,1.00,5.1828,22,1,385,385,0,424,524,0,14,14,0,350208,0,1368,0,0,804257792,0.000000,0.000000,0.000000,0.00,2,7,10,17,20,25,21,20,18,41,46,42,43,45,28,0,0,0,0.0009,0.0043,0.0623,0.1668,0.3135,0.6425,0.0157,10.4428,0.0273,0.6407,0.8981,0.0013,0.0019,0.3462,0.0027,0.0039,0.0000,0.0000,0.0014
1613,27.8193,27.5417,22.1118,11.5222,,true,3,0.008333,0.4086,0.0250,1.00,1.00,2.2946,22,1,385,385,0,426,526,0,14,14,0,350208,0,1368,0,0,804257792,0.000000,0.000000,0.000000,0.00,2,7,10,17,20,25,21,20,18,41,46,42,43,45,28,0,0,0,0.0007,0.0082,0.1070,0.1674,0.0311,0.4102,0.0094,11.5222,0.0330,0.4086,0.8668,0.0016,0.0017,0.3364,0.0022,0.0019,0.0000,0.0000,0.0030
1614,27.8405,27.5583,21.3218,13.4322,,true,2,0.008333,0.5507,0.0167,1.00,0.78,6.9498,22,1,385,385,0,426,526,0,14,14,0,350208,0,1368,0,0,804257792,0.000000,0.000000,0.000000,0.00,2,7,10,17,20,25,21,20,18,41,46,42,43,45,28,0,0,0,0.0019,0.0115,0.1139,0.1496,0.0203,0.5534,0.0253,13.4322,0.0504,0.5507,1.3573,0.0015,0.0012,0.6186,0.0032,0.0030,0.0000,0.0000,0.0063
1615,27.8645,27.5833,20.4210,15.6765,,true,3,0.008333,0.3771,0.0250,1.00,1.00,2.3708,22,1,385,385,0,427,527,0,14,14,0,350208,0,1368,0,0,804257792,0.000000,0.000000,0.000000,0.00,2,7,10,17,20,25,21,20,18,41,46,42,43,45,28,0,0,0,0.0012,0.0050,0.0550,0.1821,0.0102,0.3793,0.0129,15.6765,0.0259,0.3771,0.7007,0.0009,0.0007,0.3120,0.0043,0.0016,0.0000,0.0000,0.0016
1616,27.8848,27.6083,22.8641,13.1901,,true,3,0.008333,0.3328,0.0250,1.00,1.00,0.2349,22,1,385,385,0,428,528,0,14,14,0,350208,0,1368,0,0,804257792,0.000000,0.000000,0.000000,0.00,2,7,10,17,20,25,21,20,18,41,46,42,43,45,28,0,0,0,0.0012,0.0044,0.0787,0.0932,0.0120,0.3340,0.0133,13.1901,0.0390,0.3328,0.7925,0.0009,0.0004,0.4406,0.0029,0.0012,0.0000,0.0000,0.0012
1617,27.9027,27.6250,20.4121,11.1680,,true,2,0.008333,0.5563,0.0167,1.00,0.82,3.9804,22,1,385,385,0,428,528,0,14,14,0,350208,0,1368,0,0,804261888,0.000000,0.000000,0.000000,0.00,2,7,10,17,20,25,21,20,18,41,46,42,43,45,28,0,0,0,0.0018,0.0014,0.0704,0.0665,0.0114,0.5570,0.0262,11.1680,0.0435,0.5563,0.7772,0.0009,0.0006,0.3767,0.0027,0.0008,0.0000,0.0000,0.0010
1618,27.9211,27.6417,13.6510,14.4710,,true,2,0.008333,0.6348,0.0167,1.00,1.00,0.9647,22,1,385,385,0,429,529,0,14,14,0,350208,0,1368,0,0,804261888,0.000000,0.000000,0.000000,0.00,2,7,10,17,20,25,21,20,18,41,46,42,43,45,28,0,0,0,0.0008,0.0049,0.0868,0.1378,0.0251,0.6372,0.0096,14.4710,0.0335,0.6348,0.9297,0.0013,0.0012,0.4487,0.0026,0.0023,0.0000,0.0000,0.0015
1619,27.9475,27.6667,24.6581,17.6128,,true,3,0.008333,0.3311,0.0250,1.00,1.00,0.6228,22,1,385,385,0,430,530,0,14,14,0,350208,0,1368,0,0,804261888,0.000000,0.000000,0.000000,0.00,2,7,10,17,20,25,21,20,18,41,46,42,43,45,28,0,0,0,0.0016,0.0050,0.0697,0.0348,0.0056,0.3326,0.0161,17.6128,0.0444,0.3311,1.1615,0.0022,0.0017,0.4071,0.0034,0.0033,0.0000,0.0000,0.0026
1620,27.9602,27.6833,21.4172,8.9813,,true,2,0.008333,0.3510,0.0167,1.00,0.78,5.3734,22,1,385,385,0,429,529,0,14,14,0,347904,0,1368,0,0,804261888,0.000000,0.000000,0.000000,0.00,2,7,10,17,20,25,21,20,18,41,46,42,43,45,28,0,0,0,0.0003,0.0032,0.0997,0.0738,0.0131,0.3532,0.0113,8.9813,0.0377,0.3510,0.6384,0.0007,0.0007,0.3019,0.0027,0.0008,0.0000,0.0000,0.0016
1621,27.9822,27.7000,17.5968,12.0176,,true,2,0.008333,0.4159,0.0167,1.00,0.95,6.3036,22,1,385,385,0,429,529,0,14,14,0,347904,0,1368,0,0,804261888,0.000000,0.000000,0.000000,0.00,2,7,10,17,20,25,21,20,18,41,46,42,43,45,28,0,0,0,0.0009,0.0037,0.0567,0.0965,0.0147,0.4200,0.0093,12.0176,0.0137,0.4159,0.6895,0.0007,0.0007,0.2590,0.0020,0.0019,0.0000,0.0000,0.0012
1622,27.9983,27.7167,16.7678,12.3720,,true,2,0.008333,1.0032,0.0167,1.00,0.99,6.4047,22,1,385,385,0,428,528,0,14,14,0,347904,0,1368,0,0,804261888,0.000000,0.000000,0.000000,0.00,2,7,10,17,20,25,21,20,18,41,46,42,43,45,28,0,0,0,0.0022,0.0057,0.0765,0.1619,0.0334,1.0040,0.0186,12.3720,0.0310,1.0032,0.9054,0.0007,0.0010,0.5055,0.0037,0.0018,0.0000,0.0000,0.0012
1623,28.0134,27.7333,15.9413,11.7300,,true,2,0.008333,0.2464,0.0167,1.00,1.00,5.6794,22,1,385,385,0,428,528,0,14,14,0,347904,0,1368,0,0,804261888,0.000000,0.000000,0.000000,0.00,2,7,10,17,20,25,21,20,18,41,46,42,43,45,28,0,0,0,0.0006,0.0014,0.0646,0.0523,0.0086,0.2477,0.0062,11.7300,0.0358,0.2464,0.5976,0.0008,0.0005,0.2722,0.0018,0.0008,0.0000,0.0000,0.0005
1624,28.0314,27.7500,16.8194,13.0431,,true,2,0.008333,0.4448,0.0167,1.00,0.99,5.8322,22,1,385,385,0,428,528,0,14,14,0,347904,0,1368,0,0,804261888,0.000000,0.000000,0.000000,0.00,2,7,10,17,20,25,21,20,18,41,46,42,43,45,28,0,0,0,0.0008,0.0053,0.0775,0.0960,0.0148,0.4462,0.0149,13.0431,0.0336,0.4448,0.6936,0.0007,0.0007,0.2790,0.0028,0.0014,0.0000,0.0000,0.0019
1625,28.0525,27.7750,20.2523,13.5675,,true,3,0.008333,0.3101,0.0250,1.00,1.00,1.0845,22,1,385,385,0,429,529,0,14,14,0,347904,0,1368,0,0,804261888,0.000000,0.000000,0.000000,0.00,2,7,10,17,20,25,21,20,18,41,46,42,43,45,28,0,0,0,0.0008,0.0026,0.0616,0.0647,0.0094,0.3108,0.0086,13.5675,0.0217,0.3101,1.0180,0.0010,0.0014,0.5293,0.0032,0.0028,0.0000,0.0000,0.0032
1626,28.0838,27.8000,25.6749,18.6818,,true,3,0.008333,0.3619,0.0250,1.00,0.97,1.7594,22,1,385,385,0,430,530,0,14,14,0,347904,0,1368,0,0,804265984,0.000000,0.000000,0.000000,0.00,2,7,10,17,20,25,21,20,18,41,46,42,43,45,28,0,0,0,0.0003,0.0019,0.1461,0.0333,0.0046,0.3628,0.0037,18.6818,0.0407,0.3619,0.3180,0.0005,0.0002,0.1262,0.0006,0.0005,0.0000,0.0000,0.0005
1627,28.1058,27.8250,26.3159,14.6827,,true,3,0.008333,0.2395,0.0250,1.00,0.95,3.0752,22,1,385,385,0,430,530,0,14,14,0,347904,0,1368,0,0,804265984,0.000000,0.000000,0.000000,0.00,2,7,10,17,20,25,21,20,18,41,46,42,43,45,28,0,0,0,0.0007,0.0028,0.0809,0.0874,0.0082,0.2403,0.0089,14.6827,0.0618,0.2395,1.7151,0.0011,0.0004,1.3246,0.0033,0.0010,0.0000,0.0000,0.0008
1628,28.1209,27.8417,18.8054,10.0033,,true,2,0.008333,0.1318,0.0167,1.00,0.89,5.2139,22,1,385,385,0,430,530,0,14,14,0,347904,0,1368,0,0,804265984,0.000000,0.000000,0.000000,0.00,2,7,10,17,20,25,21,20,18,41,46,42,43,45,28,0,0,0,0.0003,0.0011,0.0534,0.0279,0.0041,0.1323,0.0029,10.0033,0.0150,0.1318,0.4143,0.0002,0.0003,0.1190,0.0013,0.0004,0.0000,0.0000,0.0005
1629,28.1341,27.8583,14.6438,10.0121,,true,2,0.008333,0.3364,0.0167,1.00,1.00,3.1911,22,1,385,385,0,430,530,0,14,14,0,347904,0,1368,0,0,804265984,0.000000,0.000000,0.000000,0.00,2,7,10,17,20,25,21,20,18,41,46,42,43,45,28,0,0,0,0.0009,0.0041,0.0760,0.0769,0.0146,0.3372,0.0116,10.0121,0.0180,0.3364,0.7649,0.0009,0.0006,0.4194,0.0039,0.0016,0.0000,0.0000,0.0013
1630,28.1534,27.8750,17.2434,12.0493,,true,2,0.008333,0.3312,0.0167,1.00,0.97,3.7679,22,1,385,385,0,430,530,0,14,14,0,347904,0,1368,0,0,804265984,0.000000,0.000000,0.000000,0.00,2,7,10,17,20,25,21,20,18,41,46,42,43,45,28,0,0,0,0.0006,0.0031,0.1133,0.0506,0.0124,0.3322,0.0077,12.0493,0.0371,0.3312,0.9085,0.0012,0.0012,0.3735,0.0052,0.0024,0.0000,0.0000,0.0035
1631,28.1774,27.8917,18.0143,18.1502,,true,2,0.008333,0.5976,0.0167,1.00,0.93,5.1155,22,1,385,385,8,430,530,0,14,14,0,347904,0,1376,9,40,804265984,0.000000,0.000000,0.000000,0.00,2,7,10,17,20,25,21,20,18,41,46,42,43,45,28,0,0,0,0.0003,0.0040,0.0694,0.0820,0.0154,0.5994,0.0131,18.1502,0.0501,0.5976,4.6156,0.0009,0.1973,0.1727,0.0053,0.0017,0.0000,0.0000,3.7118
1632,28.1960,27.9083,19.3425,12.7577,,true,2,0.008333,0.3904,0.0167,1.00,0.86,7.7913,22,1,385,385,1,415,515,0,14,14,8,350208,0,1377,1,5,804265984,0.000000,0.000000,0.000000,0.00,2,7,10,17,20,25,21,20,18,41,46,42,43,45,28,0,0,0,0.0010,0.0071,0.0696,0.1206,0.0232,0.3923,0.0176,12.7577,0.0431,0.3904,1.3056,0.0424,0.1701,0.5059,0.0038,0.0326,0.0000,55.1639,0.0030
1633,28.2202,27.9417,27.2397,13.7271,,true,4,0.008333,0.4519,0.0333,1.00,1.00,1.6977,22,1,385,385,0,427,527,0,14,14,1,350208,0,1377,0,0,804270080,0.000000,0.000000,0.000000,0.00,2,7,10,17,20,25,21,20,18,41,46,42,43,45,28,0,0,0,0.0026,0.0058,0.0803,0.0870,0.0113,0.4533,0.0159,13.7271,0.0272,0.4519,2.0306,0.0211,0.2298,0.8982,0.0068,0.0088,0.0000,7.8729,0.0028
1634,28.2414,27.9583,18.5426,15.5635,,true,2,0.008333,0.1564,0.0167,1.00,0.90,3.5736,22,1,385,385,0,431,531,0,14,14,0,350208,0,1377,0,0,804270080,0.000000,0.000000,0.000000,0.00,2,7,10,17,20,25,21,20,18,41,46,42,43,45,28,0,0,0,0.0017,0.0076,0.0916,0.1338,0.0163,0.1567,0.0255,15.5635,0.0371,0.1564,1.0895,0.0008,0.0010,0.5015,0.0034,0.0011,0.0000,0.0000,0.0016
1635,28.2582,27.9750,21.3409,11.1710,,true,2,0.008333,0.1337,0.0167,1.00,0.78,8.2478,22,1,385,385,0,427,527,0,14,14,0,350208,0,1377,0,0,804270080,0.000000,0.000000,0.000000,0.00,2,7,10,17,20,25,21,20,18,41,46,42,43,45,28,0,0,0,0.0003,0.0020,0.1077,0.0328,0.0046,0.1342,0.0042,11.1710,0.0310,0.1337,0.3835,0.0003,0.0003,0.1652,0.0006,0.0005,0.0000,0.0000,0.0005
1636,28.2793,28.0000,19.8597,12.9883,,true,3,0.008333,0.6993,0.0250,1.00,1.00,3.1075,22,1,385,385,0,430,530,0,14,14,0,350208,0,1377,0,0,804274176,0.000000,0.000000,0.000000,0.00,2,7,10,17,20,25,21,20,18,41,46,42,43,45,28,0,0,0,0.0006,0.0032,0.0673,0.0759,0.0075,0.7006,0.0095,12.9883,0.0770,0.6993,0.3720,0.0006,0.0004,0.1504,0.0008,0.0006,0.0000,0.0000,0.0004
1637,28.3004,28.0167,19.0883,14.8149,,true,2,0.008333,0.2617,0.0167,1.00,0.87,5.5292,22,1,385,385,0,430,530,0,14,14,0,350208,0,1377,0,0,804274176,0.000000,0.000000,0.000000,0.00,2,7,10,17,20,25,21,20,18,41,46,42,43,45,28,0,0,0,0.0011,0.0045,0.0780,0.0871,0.0139,0.2626,0.0109,14.8149,0.0440,0.2617,0.4837,0.0003,0.0003,0.2219,0.0010,0.0008,0.0000,0.0000,0.0006
1638,28.3125,28.0417,20.8259,6.8180,,true,3,0.008333,0.2118,0.0250,1.00,1.00,1.3551,22,1,385,385,0,433,533,0,14,14,0,350208,0,1377,0,0,804274176,0.000000,0.000000,0.000000,0.00,2,7,10,17,20,25,21,20,18,41,46,42,43,45,28,0,0,0,0.0003,0.0016,0.0793,0.0266,0.0042,0.2126,0.0031,6.8180,0.0179,0.2118,0.4066,0.0003,0.0002,0.1745,0.0008,0.0006,0.0000,0.0000,0.0005
1639,28.3257,28.0500,11.2311,9.3128,,true,1,0.008333,0.1524,0.0083,1.00,0.74,4.2529,22,1,385,385,0,434,534,0,14,14,0,350208,0,1377,0,0,804274176,0.000000,0.000000,0.000000,0.00,2,7,10,17,20,25,21,20,18,41,46,42,43,45,28,0,0,0,0.0004,0.0016,0.1167,0.0526,0.0036,0.1526,0.0041,9.3128,0.0302,0.1524,0.7036,0.0003,0.0002,0.3889,0.0023,0.0005,0.0000,0.0000,0.0005
1640,28.3414,28.0667,14.2437,10.5072,,true,2,0.008333,0.2560,0.0167,1.00,1.00,1.8299,22,1,385,385,0,435,535,0,14,14,0,350208,0,1377,0,0,804274176,0.000000,0.000000,0.000000,0.00,2,7,10,17,20,25,21,20,18,41,46,42,43,45,28,0,0,0,0.0004,0.0034,0.1346,0.0594,0.0119,0.2569,0.0109,10.5072,0.0510,0.2560,0.6052,0.0012,0.0006,0.2815,0.0042,0.0017,0.0000,0.0000,0.0012
1641,28.3541,28.0750,14.6851,9.1552,,true,1,0.008333,0.1880,0.0083,1.00,0.57,8.1816,22,1,385,385,0,433,533,0,14,14,0,350208,0,1377,0,0,804274176,0.000000,0.000000,0.000000,0.00,2,7,10,17,20,25,21,20,18,41,46,42,43,45,28,0,0,0,0.0002,0.0028,0.0737,0.0589,0.0074,0.1893,0.0081,9.1552,0.0646,0.1880,0.5042,0.0000,0.0002,0.2611,0.0015,0.0006,0.0000,0.0000,0.0013
1642,28.3738,28.0917,15.4945,12.4205,,true,2,0.008333,0.2559,0.0167,1.00,1.00,7.0095,22,1,385,385,0,431,531,0,14,14,0,350208,0,1377,0,0,804274176,0.000000,0.000000,0.000000,0.00,2,7,10,17,20,25,21,20,18,41,46,42,43,45,28,0,0,0,0.0017,0.0088,0.0800,0.1076,0.0176,0.2565,0.0103,12.4205,0.0284,0.2559,0.8333,0.0009,0.0008,0.4196,0.0020,0.0017,0.0000,0.0000,0.0013
1643,28.3934,28.1083,17.8583,13.9788,,true,2,0.008333,0.2633,0.0167,1.00,0.93,8.2011,22,1,385,385,0,430,530,0,14,14,0,350208,0,1377,0,0,804274176,0.000000,0.000000,0.000000,0.00,2,7,10,17,20,25,21,20,18,41,46,42,43,45,28,0,0,0,0.0009,0.0036,0.0650,0.0693,0.0137,0.2645,0.0086,13.9788,0.0324,0.2633,0.7207,0.0006,0.0004,0.3395,0.0016,0.0016,0.0000,0.0000,0.0010
1644,28.4081,28.1333,20.0898,9.0023,,true,3,0.008333,0.2289,0.0250,1.00,1.00,3.2909,22,1,385,385,0,431,531,0,14,14,0,350208,0,1377,0,0,804274176,0.000000,0.000000,0.000000,0.00,2,7,10,17,20,25,21,20,18,41,46,42,43,45,28,0,0,0,0.0002,0.0017,0.0788,0.0614,0.0159,0.2292,0.0035,9.0023,0.0456,0.2289,0.6473,0.0002,0.0003,0.3750,0.0018,0.0006,0.0000,0.0000,0.0004
1645,28.4200,28.1417,11.7669,9.1553,,true,1,0.008333,0.2335,0.0083,1.00,0.71,6.7245,22,1,385,385,0,431,531,0,14,14,0,350208,0,1377,0,0,804278272,0.000000,0.000000,0.000000,0.00,2,7,10,17,20,25,21,20,18,41,46,42,43,45,28,0,0,0,0.0015,0.0061,0.0939,0.0321,0.0041,0.2337,0.0134,9.1553,0.0405,0.2335,0.8725,0.0008,0.0005,0.3688,0.0024,0.0023,0.0000,0.0000,0.0020
1646,28.4371,28.1583,16.8816,8.7792,,true,2,0.008333,0.2573,0.0167,1.00,0.99,6.9394,22,1,385,385,0,430,530,0,14,14,0,350208,0,1377,0,0,804278272,0.000000,0.000000,0.000000,0.00,2,7,10,17,20,25,21,20,18,41,46,42,43,45,28,0,0,0,0.0003,0.0015,0.0881,0.0760,0.0101,0.2588,0.0034,8.7792,0.0364,0.2573,0.7537,0.0009,0.0003,0.3818,0.0030,0.0006,0.0000,0.0000,0.0006
1647,28.4490,28.1750,15.8491,5.9962,,true,2,0.008333,0.2353,0.0167,1.00,1.00,6.1219,22,1,385,385,0,430,530,0,14,14,0,350208,0,1377,0,0,804278272,0.000000,0.000000,0.000000,0.00,2,7,10,17,20,25,21,20,18,41,46,42,43,45,28,0,0,0,0.0008,0.0027,0.0415,0.0441,0.0076,0.2360,0.0061,5.9962,0.0203,0.2353,0.6208,0.0008,0.0010,0.3155,0.0013,0.0011,0.0000,0.0000,0.0014
1648,28.4695,28.1917,15.8910,9.7040,,true,2,0.008333,0.2422,0.0167,1.00,1.00,5.3462,22,1,385,385,0,430,530,0,14,14,0,350208,0,1377,0,0,804278272,0.000000,0.000000,0.000000,0.00,2,7,10,17,20,25,21,20,18,41,46,42,43,45,28,0,0,0,0.0007,0.0021,0.0677,0.0463,0.0079,0.2433,0.0078,9.7040,0.0559,0.2422,0.7313,0.0006,0.0005,0.2984,0.0017,0.0013,0.0000,0.0000,0.0015
1649,28.4838,28.2083,17.9449,6.6721,,true,2,0.008333,0.2078,0.0167,1.00,0.93,6.6244,22,1,385,385,0,430,530,0,14,14,0,350208,0,1377,0,0,804278272,0.000000,0.000000,0.000000,0.00,2,7,10,17,20,25,21,20,18,41,46,42,43,45,28,0,0,0,0.0001,0.0015,0.0412,0.0455,0.0092,0.2090,0.0023,6.6721,0.0205,0.2078,0.4559,0.0005,0.0004,0.2044,0.0018,0.0008,0.0000,0.0000,0.0013
1650,28.5033,28.2333,18.5775,7.2291,,true,3,0.008333,0.2481,0.0250,1.00,1.00,0.2019,22,1,385,385,0,432,532,0,14,14,0,350208,0,1377,0,0,804278272,0.000000,0.000000,0.000000,0.00,2,7,10,17,20,25,21,20,18,41,46,42,43,45,28,0,0,0,0.0006,0.0032,0.0608,0.0470,0.0087,0.2487,0.0093,7.2291,0.0209,0.2481,0.6293,0.0013,0.0011,0.2383,0.0018,0.0024,0.0000,0.0000,0.0012
1651,28.5194,28.2417,16.3017,7.2347,,true,1,0.008333,0.2272,0.0083,1.00,0.51,8.1703,22,1,385,385,0,431,531,0,14,14,0,350208,0,1377,0,0,804278272,0.000000,0.000000,0.000000,0.00,2,7,10,17,20,25,21,20,18,41,46,42,43,45,28,0,0,0,0.0007,0.0023,0.0640,0.0579,0.0093,0.2285,0.0068,7.2347,0.0278,0.2272,0.6380,0.0003,0.0004,0.2936,0.0016,0.0005,0.0000,0.0000,0.0007
1652,28.5353,28.2583,16.5718,6.8093,,true,2,0.008333,0.4242,0.0167,1.00,1.00,8.0754,22,1,385,385,0,430,530,0,14,14,0,350208,0,1377,0,0,804278272,0.000000,0.000000,0.000000,0.00,2,7,10,17,20,25,21,20,18,41,46,42,43,45,28,0,0,0,0.0004,0.0025,0.0540,0.0406,0.0067,0.4258,0.0081,6.8093,0.0222,0.4242,0.7081,0.0007,0.0005,0.3733,0.0026,0.0010,0.0000,0.0000,0.0008
1653,28.5617,28.2833,18.7023,14.4630,,true,3,0.008333,0.2710,0.0250,1.00,1.00,1.7777,22,1,385,385,0,432,532,0,14,14,0,350208,0,1377,0,0,804278272,0.000000,0.000000,0.000000,0.00,2,7,10,17,20,25,21,20,18,41,46,42,43,45,28,0,0,0,0.0009,0.0037,0.0598,0.0673,0.0097,0.2724,0.0067,14.4630,0.0260,0.2710,0.6806,0.0006,0.0003,0.2982,0.0014,0.0011,0.0000,0.0000,0.0012
1654,28.5806,28.3000,22.3339,10.5399,,true,2,0.008333,0.2724,0.0167,1.00,0.75,7.4449,22,1,385,385,0,431,531,0,14,14,0,350208,0,1377,0,0,804282368,0.000000,0.000000,0.000000,0.00,2,7,10,17,20,25,21,20,18,41,46,42,43,45,28,0,0,0,0.0019,0.0037,0.0793,0.0531,0.0084,0.2732,0.0087,10.5399,0.0647,0.2724,0.5564,0.0004,0.0010,0.1778,0.0014,0.0016,0.0000,0.0000,0.0007
1655,28.5956,28.3167,16.3916,9.4291,,true,2,0.008333,0.2585,0.0167,1.00,1.00,7.1698,22,1,385,385,0,431,531,0,14,14,0,350208,0,1377,0,0,804282368,0.000000,0.000000,0.000000,0.00,2,7,10,17,20,25,21,20,18,41,46,42,43,45,28,0,0,0,0.0009,0.0023,0.0566,0.0512,0.0105,0.2590,0.0080,9.4291,0.0214,0.2585,0.5762,0.0008,0.0005,0.2632,0.0014,0.0013,0.0000,0.0000,0.0011
1656,28.6107,28.3333,17.6998,6.8869,,true,2,0.008333,0.2250,0.0167,1.00,0.94,8.2029,22,1,385,385,0,430,530,0,14,14,0,350208,0,1377,0,0,804282368,0.000000,0.000000,0.000000,0.00,2,7,10,17,20,25,21,20,18,41,46,42,43,45,28,0,0,0,0.0003,0.0020,0.0669,0.0660,0.0118,0.2263,0.0073,6.8869,0.0398,0.2250,0.6291,0.0007,0.0006,0.2595,0.0022,0.0011,0.0000,0.0000,0.0013
1657,28.6262,28.3500,16.1569,6.3115,,true,2,0.008333,0.2516,0.0167,1.00,1.00,7.6931,22,1,385,385,0,430,530,0,14,14,0,350208,0,1377,0,0,804282368,0.000000,0.000000,0.000000,0.00,2,7,10,17,20,25,21,20,18,41,46,42,43,45,28,0,0,0,0.0003,0.0022,0.0613,0.0550,0.0096,0.2526,0.0079,6.3115,0.0248,0.2516,0.6804,0.0010,0.0006,0.2775,0.0015,0.0015,0.0000,0.0000,0.0010
1658,28.6471,28.3750,18.7693,8.0884,,true,3,0.008333,0.5013,0.0250,1.00,1.00,1.4625,22,1,385,385,0,431,531,0,14,14,0,350208,0,1377,0,0,804282368,0.000000,0.000000,0.000000,0.00,2,7,10,17,20,25,21,20,18,41,46,42,43,45,28,0,0,0,0.0007,0.0018,0.0526,0.0626,0.0093,0.5023,0.0056,8.0884,0.0279,0.5013,0.5248,0.0005,0.0007,0.1987,0.0012,0.0012,0.0000,0.0000,0.0006
1659,28.6661,28.3917,18.0824,9.1849,,true,2,0.008333,0.3975,0.0167,1.00,0.92,2.8782,22,1,385,385,0,432,532,0,14,14,0,350208,0,1377,0,0,804282368,0.000000,0.000000,0.000000,0.00,2,7,10,17,20,25,21,20,18,41,46,42,43,45,28,0,0,0,0.0008,0.0033,0.0863,0.0937,0.0087,0.3990,0.0072,9.1849,0.0767,0.3975,0.5311,0.0006,0.0004,0.2448,0.0011,0.0015,0.0000,0.0000,0.0008
1660,28.6909,28.4083,18.9254,14.2572,,true,2,0.008333,0.2343,0.0167,1.00,0.88,5.1369,22,1,385,385,0,432,532,0,14,14,0,350208,0,1377,0,0,804282368,0.000000,0.000000,0.000000,0.00,2,7,10,17,20,25,21,20,18,41,46,42,43,45,28,0,0,0,0.0005,0.0034,0.1139,0.0437,0.0079,0.2358,0.0049,14.2572,0.0578,0.2343,0.5253,0.0006,0.0010,0.2198,0.0026,0.0014,0.0000,0.0000,0.0014
1661,28.7113,28.4333,25.7530,9.0403,,true,3,0.008333,0.2792,0.0250,1.00,0.97,5.8899,22,1,385,385,0,432,532,0,14,14,0,350208,0,1377,0,0,804282368,0.000000,0.000000,0.000000,0.00,2,7,10,17,20,25,21,20,18,41,46,42,43,45,28,0,0,0,0.0004,0.0019,0.0543,0.0564,0.0045,0.2799,0.0047,9.0403,0.0502,0.2792,0.7204,0.0003,0.0005,0.4511,0.0046,0.0004,0.0000,0.0000,0.0006
1662,28.7242,28.4500,12.7555,9.2809,,true,2,0.008333,0.3683,0.0167,1.00,1.00,1.9788,22,1,385,385,0,432,532,0,14,14,0,350208,0,1377,0,0,804282368,0.000000,0.000000,0.000000,0.00,2,7,10,17,20,25,21,20,18,41,46,42,43,45,28,0,0,0,0.0020,0.0040,0.0804,0.0761,0.0153,0.3698,0.0121,9.2809,0.0316,0.3683,0.6624,0.0007,0.0007,0.3122,0.0021,0.0019,0.0000,0.0000,0.0018
1663,28.7410,28.4667,15.3390,11.5642,,true,2,0.008333,0.2464,0.0167,1.00,1.00,0.6511,22,1,385,385,0,433,533,0,14,14,0,350208,0,1377,0,0,804282368,0.000000,0.000000,0.000000,0.00,2,7,10,17,20,25,21,20,18,41,46,42,43,45,28,0,0,0,0.0009,0.0041,0.0681,0.0600,0.0090,0.2475,0.0126,11.5642,0.0365,0.2464,0.6055,0.0005,0.0005,0.2533,0.0010,0.0010,0.0000,0.0000,0.0009
1664,28.7606,28.4833,22.0132,8.9167,,true,2,0.008333,0.1886,0.0167,1.00,0.76,5.9976,22,1,385,385,0,432,532,0,14,14,0,350208,0,1377,0,0,804286464,0.000000,0.000000,0.000000,0.00,2,7,10,17,20,25,21,20,18,41,46,42,43,45,28,0,0,0,0.0002,0.0047,0.0718,0.0396,0.0037,0.1888,0.0143,8.9167,0.0319,0.1886,0.8068,0.0009,0.0007,0.4041,0.0022,0.0018,0.0000,0.0000,0.0010
1665,28.7780,28.5000,13.3909,12.1448,,true,2,0.008333,0.8598,0.0167,1.00,1.00,2.7218,22,1,385,385,0,433,533,0,14,14,0,350208,0,1377,0,0,804286464,0.000000,0.000000,0.000000,0.00,2,7,10,17,20,25,21,20,18,41,46,42,43,45,28,0,0,0,0.0027,0.0072,0.0691,0.1410,0.0375,0.8639,0.0166,12.1448,0.0182,0.8598,0.8787,0.0008,0.0013,0.3717,0.0031,0.0019,0.0000,0.0000,0.0016
1666,28.8064,28.5250,26.2147,14.1733,,true,3,0.008333,0.3759,0.0250,1.00,0.95,3.9365,22,1,385,385,0,433,533,0,14,14,0,350208,0,1377,0,0,804286464,0.000000,0.000000,0.000000,0.00,2,7,10,17,20,25,21,20,18,41,46,42,43,45,28,0,0,0,0.0011,0.0017,0.0777,0.1315,0.0228,0.3765,0.0050,14.1733,0.0461,0.3759,0.6515,0.0004,0.0006,0.2492,0.0038,0.0008,0.0000,0.0000,0.0014
1667,28.8341,28.5500,26.0680,16.5787,,true,3,0.008333,0.5955,0.0250,1.00,0.96,5.0045,22,1,385,385,0,432,532,0,14,14,0,350208,0,1377,0,0,804286464,0.000000,0.000000,0.000000,0.00,2,7,10,17,20,25,21,20,18,41,46,42,43,45,28,0,0,0,0.0010,0.0055,0.1005,0.1318,0.0200,0.5988,0.0224,16.5787,0.0382,0.5955,0.9666,0.0007,0.0009,0.3766,0.0051,0.0009,0.0000,0.0000,0.0019
1668,28.8559,28.5750,23.0300,13.4243,,true,3,0.008333,0.3148,0.0250,1.00,1.00,3.0345,22,1,385,385,0,433,533,0,14,14,0,350208,0,1377,0,0,804286464,0.000000,0.000000,0.000000,0.00,2,7,10,17,20,25,21,20,18,41,46,42,43,45,28,0,0,0,0.0002,0.0046,0.0578,0.0508,0.0084,0.3168,0.0103,13.4243,0.0370,0.3148,0.4584,0.0005,0.0004,0.1132,0.0008,0.0009,0.0000,0.0000,0.0010
1669,28.8809,28.6000,22.9827,16.4396,,true,3,0.008333,0.4040,0.0250,1.00,1.00,1.0172,22,1,385,385,8,433,533,0,14,14,0,350208,0,1385,12,40,804286464,0.000000,0.000000,0.000000,0.00,2,7,10,17,20,25,21,20,18,41,46,42,43,45,28,0,0,0,0.0010,0.0040,0.0817,0.0788,0.0267,0.4054,0.0174,16.4396,0.0286,0.4040,6.7131,0.0030,0.2767,0.2585,0.0023,0.0034,0.0000,0.0000,5.5686
1670,28.8930,28.6083,15.5483,10.4224,,true,1,0.008333,0.2267,0.0083,1.00,0.54,8.2321,22,1,385,385,6,383,483,0,14,14,6,350208,0,1389,6,30,804286464,0.000000,0.000000,0.000000,0.00,2,7,10,17,20,25,21,20,18,41,46,42,43,45,28,0,0,0,0.0003,0.0046,0.0915,0.0784,0.0120,0.2277,0.0122,10.4224,0.0348,0.2267,1.0254,0.0350,0.1704,0.3914,0.0036,0.0151,0.0000,32.4974,0.0010
1671,28.9129,28.6333,21.1248,12.0957,,true,3,0.008333,0.4139,0.0250,1.00,1.00,4.3569,22,1,385,385,0,385,485,0,14,14,6,350208,0,1389,0,0,804286464,0.000000,0.000000,0.000000,0.00,2,7,10,17,20,25,21,20,18,41,46,42,43,45,28,0,0,0,0.0017,0.0053,0.1545,0.1329,0.0166,0.4150,0.0157,12.0957,0.0346,0.4139,1.2018,0.0318,0.1306,0.4874,0.0045,0.0157,0.0000,36.6430,0.0015
1672,28.9275,28.6500,17.1363,9.6531,,true,2,0.008333,0.3238,0.0167,1.00,0.97,4.8265,22,1,385,385,0,389,489,0,14,14,0,350208,0,1389,0,0,804286464,0.000000,0.000000,0.000000,0.00,2,7,10,17,20,25,21,20,18,41,44,50,44,42,24,0,0,0,0.0002,0.0050,0.0525,0.0799,0.0309,0.3242,0.0107,9.6531,0.0256,0.3238,0.8680,0.0003,0.0002,0.3093,0.0030,0.0005,0.0000,0.0000,0.0006
1673,28.9455,28.6667,16.7261,10.7658,,true,2,0.008333,0.2238,0.0167,1.00,1.00,4.8859,22,1,385,385,0,394,494,0,14,14,0,350208,0,1389,0,0,804290560,0.000000,0.000000,0.000000,0.00,2,7,10,17,20,25,21,20,18,41,44,50,44,42,24,0,0,0,0.0004,0.0032,0.1368,0.1241,0.0115,0.2246,0.0098,10.7658,0.0375,0.2238,1.1763,0.0029,0.0005,0.6865,0.0052,0.0026,0.0000,0.0000,0.0038
1674,28.9618,28.6833,17.7721,9.8469,,true,2,0.008333,0.2291,0.0167,1.00,0.94,5.9913,22,1,385,385,0,397,497,0,14,14,0,350208,0,1389,0,0,804290560,0.000000,0.000000,0.000000,0.00,2,7,10,17,20,25,21,20,18,41,44,50,44,42,24,0,0,0,0.0003,0.0023,0.0493,0.0503,0.0077,0.2296,0.0074,9.8469,0.0274,0.2291,0.8271,0.0004,0.0005,0.3811,0.0034,0.0013,0.0000,0.0000,0.0007
1675,28.9745,28.7000,14.3363,9.0907,,true,2,0.008333,0.3212,0.0167,1.00,1.00,3.6609,22,1,385,385,0,403,503,0,14,14,0,350208,0,1389,0,0,804290560,0.000000,0.000000,0.000000,0.00,2,7,10,17,20,25,21,20,18,41,44,50,44,42,24,0,0,0,0.0006,0.0025,0.0696,0.0490,0.0074,0.3219,0.0071,9.0907,0.0408,0.3212,0.6888,0.0006,0.0003,0.2852,0.0018,0.0007,0.0000,0.0000,0.0007
1676,28.9860,28.7083,10.0441,9.9824,,true,1,0.008333,0.2408,0.0083,1.00,0.83,5.3717,22,1,385,385,0,406,506,0,14,14,0,350208,0,1389,0,0,804290560,0.000000,0.000000,0.000000,0.00,2,7,10,17,20,25,21,20,18,41,44,50,44,42,24,0,0,0,0.0009,0.0032,0.0696,0.0763,0.0137,0.2418,0.0107,9.9824,0.0418,0.2408,0.6580,0.0005,0.0010,0.3285,0.0022,0.0013,0.0000,0.0000,0.0016
1677,29.0012,28.7250,16.4799,8.8015,,true,2,0.008333,0.2343,0.0167,1.00,1.00,5.1849,22,1,385,385,0,409,509,0,14,14,0,350208,0,1389,0,0,804290560,0.000000,0.000000,0.000000,0.00,2,7,10,17,20,25,21,20,18,41,44,50,44,42,24,0,0,0,0.0002,0.0013,0.0759,0.0539,0.0048,0.2350,0.0034,8.8015,0.0345,0.2343,0.6828,0.0003,0.0002,0.4294,0.0019,0.0009,0.0000,0.0000,0.0005
1678,29.0118,28.7417,13.0045,6.3414,,true,2,0.008333,0.2982,0.0167,1.00,1.00,1.5228,22,1,385,385,0,414,514,0,14,14,0,361728,0,1389,0,0,804290560,0.000000,0.000000,0.000000,0.00,2,7,10,17,20,25,21,20,18,41,44,50,44,42,24,0,0,0,0.0015,0.0021,0.0512,0.0492,0.0094,0.2991,0.0057,6.3414,0.0209,0.2982,0.4713,0.0008,0.0007,0.1994,0.0014,0.0021,0.0000,0.0000,0.0014
1679,29.0298,28.7583,18.9217,5.5563,,true,2,0.008333,0.3567,0.0167,1.00,0.88,3.7778,22,1,385,385,0,417,517,0,14,14,0,361728,0,1389,0,0,804290560,0.000000,0.000000,0.000000,0.00,2,7,10,17,20,25,21,20,18,41,44,50,44,42,24,0,0,0,0.0002,0.0021,0.0588,0.0562,0.0061,0.3578,0.0038,5.5563,0.0237,0.3567,0.6068,0.0005,0.0005,0.2756,0.0020,0.0010,0.0000,0.0000,0.0009
1680,29.0448,28.7750,14.2014,6.3816,,true,2,0.008333,0.2555,0.0167,1.00,1.00,1.3126,22,1,385,385,0,420,520,0,14,14,0,361728,0,1389,0,0,804290560,0.000000,0.000000,0.000000,0.00,2,7,10,17,20,25,21,20,18,41,44,50,44,42,24,0,0,0,0.0002,0.0025,0.0542,0.0642,0.0085,0.2566,0.0084,6.3816,0.0225,0.2555,0.6208,0.0007,0.0006,0.2797,0.0021,0.0012,0.0000,0.0000,0.0013
1681,29.0627,28.7917,15.9137,7.8387,,true,2,0.008333,0.2327,0.0167,1.00,1.00,0.5596,22,1,385,385,0,423,523,0,14,14,0,361728,0,1389,0,0,804290560,0.000000,0.000000,0.000000,0.00,2,7,10,17,20,25,21,20,18,41,44,50,44,42,24,0,0,0,0.0011,0.0057,0.0599,0.0549,0.0116,0.2343,0.0203,7.8387,0.0254,0.2327,0.7422,0.0011,0.0007,0.3724,0.0045,0.0016,0.0000,0.0000,0.0027
1682,29.0932,28.8167,25.7760,12.3324,,true,3,0.008333,0.2673,0.0250,1.00,0.97,1.3357,22,1,385,385,0,425,525,0,14,14,0,361728,0,1389,0,0,804294656,0.000000,0.000000,0.000000,0.00,2,7,10,17,20,25,21,20,18,41,44,50,44,42,24,0,0,0,0.0009,0.0045,0.0706,0.0989,0.0136,0.2691,0.0137,12.3324,0.0371,0.2673,0.8484,0.0014,0.0009,0.3772,0.0042,0.0023,0.0000,0.0000,0.0017
1683,29.1074,28.8333,18.3968,8.3076,,true,2,0.008333,0.2111,0.0167,1.00,0.91,3.0658,22,1,385,385,0,426,526,0,14,14,0,361728,0,1389,0,0,804294656,0.000000,0.000000,0.000000,0.00,2,7,10,17,20,25,21,20,18,41,44,50,44,42,24,0,0,0,0.0002,0.0026,0.0630,0.0274,0.0039,0.2118,0.0066,8.3076,0.0414,0.2111,0.5907,0.0009,0.0006,0.3083,0.0021,0.0013,0.0000,0.0000,0.0012
1684,29.1218,28.8500,13.7781,8.0030,,true,2,0.008333,0.2633,0.0167,1.00,1.00,0.1772,22,1,385,385,0,428,528,0,14,14,0,361728,0,1389,0,0,804294656,0.000000,0.000000,0.000000,0.00,2,7,10,17,20,25,21,20,18,41,44,50,44,42,24,0,0,0,0.0008,0.0040,0.0736,0.0524,0.0111,0.2651,0.0079,8.0030,0.0231,0.2633,0.6582,0.0007,0.0008,0.3081,0.0015,0.0014,0.0000,0.0000,0.0010
1685,29.1374,28.8667,17.4302,7.2113,,true,2,0.008333,0.2546,0.0167,1.00,0.96,0.9408,22,1,385,385,0,429,529,0,14,14,0,361728,0,1389,0,0,804294656,0.000000,0.000000,0.000000,0.00,2,7,10,17,20,25,21,20,18,41,44,50,44,42,24,0,0,0,0.0003,0.0025,0.0739,0.0602,0.0090,0.2560,0.0087,7.2113,0.0289,0.2546,0.6985,0.0009,0.0007,0.3096,0.0019,0.0012,0.0000,0.0000,0.0030
1686,29.1544,28.8833,16.9667,7.8609,,true,2,0.008333,0.2870,0.0167,1.00,0.98,1.2409,22,1,385,385,0,429,529,0,14,14,0,361728,0,1389,0,0,804294656,0.000000,0.000000,0.000000,0.00,2,7,10,17,20,25,21,20,18,41,44,50,44,42,24,0,0,0,0.0002,0.0021,0.0447,0.0508,0.0086,0.2878,0.0066,7.8609,0.0238,0.2870,0.5644,0.0004,0.0004,0.2599,0.0019,0.0010,0.0000,0.0000,0.0009
1687,29.1761,28.9000,21.8499,7.3189,,true,2,0.008333,0.4041,0.0167,1.00,0.76,6.4241,22,1,385,385,0,428,528,0,14,14,0,361728,0,1389,0,0,804294656,0.000000,0.000000,0.000000,0.00,2,7,10,17,20,25,21,20,18,41,44,50,44,42,24,0,0,0,0.0002,0.0045,0.0406,0.0588,0.0084,0.4048,0.0066,7.3189,0.0157,0.4041,0.5624,0.0005,0.0005,0.2305,0.0021,0.0016,0.0000,0.0000,0.0012
1688,29.2056,28.9250,20.8782,14.5374,,true,3,0.008333,0.3334,0.0250,1.00,1.00,2.3024,22,1,385,385,0,429,529,0,14,14,0,364032,0,1389,0,0,804294656,0.000000,0.000000,0.000000,0.00,2,7,10,17,20,25,21,20,18,41,44,50,44,42,24,0,0,0,0.0018,0.0060,0.1197,0.0821,0.0192,0.3346,0.0164,14.5374,0.0455,0.3334,1.2087,0.0008,0.0012,0.5462,0.0037,0.0027,0.0000,0.0000,0.0033
1689,29.2223,28.9500,23.6737,8.5618,,true,3,0.008333,0.3094,0.0250,1.00,1.00,0.9760,22,1,385,385,0,429,529,0,14,14,0,364032,0,1389,0,0,804294656,0.000000,0.000000,0.000000,0.00,2,7,10,17,20,25,21,20,18,41,44,50,44,42,24,0,0,0,0.0010,0.0078,0.2261,0.1595,0.0126,0.3107,0.0145,8.5618,0.0617,0.3094,0.9643,0.0007,0.0016,0.4610,0.0037,0.0020,0.0000,0.0000,0.0017
1690,29.2313,28.9583,12.6457,5.6070,,true,1,0.008333,0.2044,0.0083,1.00,0.66,5.2884,22,1,385,385,0,429,529,0,14,14,0,364032,0,1389,0,0,804294656,0.000000,0.000000,0.000000,0.00,2,7,10,17,20,25,21,20,18,41,44,50,44,42,24,0,0,0,0.0004,0.0041,0.0835,0.0533,0.0064,0.2051,0.0065,5.6070,0.0249,0.2044,0.5158,0.0005,0.0005,0.1990,0.0015,0.0015,0.0000,0.0000,0.0020
1691,29.2478,28.9750,13.9304,7.6559,,true,2,0.008333,0.2101,0.0167,1.00,1.00,2.5521,22,1,385,385,0,429,529,0,14,14,0,364032,0,1389,0,0,804294656,0.000000,0.000000,0.000000,0.00,2,7,10,17,20,25,21,20,18,41,44,50,44,42,24,0,0,0,0.0007,0.0030,0.0537,0.0542,0.0098,0.2107,0.0072,7.6559,0.0183,0.2101,0.6026,0.0006,0.0004,0.2392,0.0024,0.0008,0.0000,0.0000,0.0011
1692,29.2641,28.9917,18.7628,5.8732,,true,2,0.008333,0.2447,0.0167,1.00,0.89,4.6483,22,1,385,385,0,429,529,0,14,14,0,364032,0,1389,0,0,804298752,0.000000,0.000000,0.000000,0.00,2,7,10,17,20,25,21,20,18,41,44,50,44,42,24,0,0,0,0.0009,0.0040,0.0659,0.0440,0.0089,0.2451,0.0072,5.8732,0.0313,0.2447,0.5744,0.0006,0.0003,0.2539,0.0015,0.0010,0.0000,0.0000,0.0014
1693,29.2884,29.0083,18.3483,10.8779,,true,2,0.008333,0.3396,0.0167,1.00,0.91,6.3299,22,1,385,385,0,428,528,0,14,14,0,361728,0,1389,0,0,804298752,0.000000,0.000000,0.000000,0.00,2,7,10,17,20,25,21,20,18,41,44,50,44,42,24,0,0,0,0.0010,0.0031,0.0561,0.0426,0.0092,0.3402,0.0092,10.8779,0.0390,0.3396,0.5841,0.0007,0.0004,0.2499,0.0009,0.0012,0.0000,0.0000,0.0017
1694,29.3066,29.0333,20.2250,8.9552,,true,3,0.008333,0.3960,0.0250,1.00,1.00,1.5550,22,1,385,385,0,429,529,0,14,14,0,361728,0,1389,0,0,804298752,0.000000,0.000000,0.000000,0.00,2,7,10,17,20,25,21,20,18,41,44,50,44,42,24,0,0,0,0.0004,0.0016,0.0850,0.0474,0.0092,0.3966,0.0044,8.9552,0.0272,0.3960,0.7269,0.0004,0.0003,0.3605,0.0022,0.0006,0.0000,0.0000,0.0004
1695,29.3175,29.0417,15.0255,5.4796,,true,1,0.008333,0.2162,0.0083,1.00,0.55,8.2471,22,1,385,385,0,428,528,0,14,14,0,361728,0,1389,0,0,804298752,0.000000,0.000000,0.000000,0.00,2,7,10,17,20,25,21,20,18,41,44,50,44,42,24,0,0,0,0.0006,0.0027,0.0678,0.0543,0.0104,0.2170,0.0265,5.4796,0.0274,0.2162,0.6476,0.0005,0.0005,0.2810,0.0016,0.0011,0.0000,0.0000,0.0007
1696,29.3333,29.0583,15.6894,5.6391,,true,2,0.008333,0.2064,0.0167,1.00,1.00,7.2699,22,1,385,385,0,427,527,0,14,14,0,361728,0,1389,0,0,804298752,0.000000,0.000000,0.000000,0.00,2,7,10,17,20,25,21,20,18,41,44,50,44,42,24,0,0,0,0.0004,0.0028,0.0529,0.0416,0.0061,0.2073,0.0068,5.6391,0.0181,0.2064,0.5790,0.0005,0.0005,0.2328,0.0016,0.0013,0.0000,0.0000,0.0012
1697,29.3499,29.0750,16.4482,5.7878,,true,2,0.008333,0.2293,0.0167,1.00,1.00,7.0515,22,1,385,385,0,427,527,0,14,14,0,361728,0,1389,0,0,804298752,0.000000,0.000000,0.000000,0.00,2,7,10,17,20,25,21,20,18,41,44,50,44,42,24,0,0,0,0.0003,0.0028,0.0423,0.0696,0.0106,0.2304,0.0059,5.7878,0.0180,0.2293,0.4142,0.0005,0.0005,0.1814,0.0014,0.0011,0.0000,0.0000,0.0009
1698,29.3698,29.0917,17.5369,7.9084,,true,2,0.008333,0.2142,0.0167,1.00,0.95,7.9217,22,1,385,385,0,427,527,0,14,14,0,361728,0,1389,0,0,804298752,0.000000,0.000000,0.000000,0.00,2,7,10,17,20,25,21,20,18,41,44,50,44,42,24,0,0,0,0.0012,0.0035,0.0388,0.0414,0.0087,0.2157,0.0071,7.9084,0.0241,0.2142,0.5053,0.0007,0.0005,0.2551,0.0013,0.0014,0.0000,0.0000,0.0008
1699,29.3871,29.1167,18.1233,7.1808,,true,3,0.008333,0.2996,0.0250,1.00,1.00,1.0450,22,1,385,385,0,428,528,0,14,14,0,361728,0,1389,0,0,804298752,0.000000,0.000000,0.000000,0.00,2,7,10,17,20,25,21,20,18,41,44,50,44,42,24,0,0,0,0.0005,0.0034,0.0645,0.0527,0.0091,0.3006,0.0080,7.1808,0.0243,0.2996,0.5577,0.0005,0.0005,0.1992,0.0037,0.0014,0.0000,0.0000,0.0011
1700,29.4058,29.1333,18.6773,6.7574,,true,2,0.008333,0.2885,0.0167,1.00,0.89,3.0556,22,1,385,385,0,428,528,0,14,14,0,361728,0,1389,0,0,804298752,0.000000,0.000000,0.000000,0.00,2,7,10,17,20,25,21,20,18,41,44,50,44,42,24,0,0,0,0.0006,0.0029,0.0698,0.0634,0.0105,0.2890,0.0079,6.7574,0.0199,0.2885,0.4606,0.0006,0.0004,0.1810,0.0020,0.0011,0.0000,0.0000,0.0010
1701,29.4226,29.1500,18.5845,5.4901,,true,2,0.008333,0.3539,0.0167,1.00,0.90,4.9735,22,1,385,385,0,428,528,0,14,14,0,361728,0,1389,0,0,804302848,0.000000,0.000000,0.000000,0.00,2,7,10,17,20,25,21,20,18,41,44,50,44,42,24,0,0,0,0.0002,0.0023,0.0442,0.0468,0.0083,0.3545,0.0056,5.4901,0.0208,0.3539,0.5016,0.0007,0.0007,0.1950,0.0014,0.0018,0.0000,0.0000,0.0012
1702,29.4381,29.1667,14.9614,6.1753,,true,2,0.008333,0.2735,0.0167,1.00,1.00,3.2682,22,1,385,385,0,429,529,0,14,14,0,361728,0,1389,0,0,804302848,0.000000,0.000000,0.000000,0.00,2,7,10,17,20,25,21,20,18,41,44,50,44,42,24,0,0,0,0.0003,0.0021,0.0564,0.0450,0.0067,0.2742,0.0069,6.1753,0.0260,0.2735,0.5946,0.0008,0.0010,0.2513,0.0016,0.0016,0.0000,0.0000,0.0013
1703,29.4555,29.1833,16.0569,7.3489,,true,2,0.008333,0.2237,0.0167,1.00,1.00,2.6584,22,1,385,385,0,429,529,0,14,14,0,361728,0,1389,0,0,804302848,0.000000,0.000000,0.000000,0.00,2,7,10,17,20,25,21,20,18,41,44,50,44,42,24,0,0,0,0.0003,0.0022,0.0577,0.0470,0.0074,0.2248,0.0056,7.3489,0.0186,0.2237,0.5397,0.0005,0.0005,0.2231,0.0006,0.0008,0.0000,0.0000,0.0009
1704,29.4727,29.2000,18.6321,5.7807,,true,2,0.008333,0.3119,0.0167,1.00,0.89,4.6238,22,1,385,385,0,429,529,0,14,14,0,364032,0,1389,0,0,804302848,0.000000,0.000000,0.000000,0.00,2,7,10,17,20,25,21,20,18,41,44,50,44,42,24,0,0,0,0.0005,0.0020,0.0587,0.0430,0.0086,0.3131,0.0064,5.7807,0.0240,0.3119,0.4996,0.0007,0.0002,0.2016,0.0013,0.0011,0.0000,0.0000,0.0013
1705,29.4872,29.2167,14.7693,6.1535,,true,2,0.008333,0.2101,0.0167,1.00,1.00,2.7264,22,1,385,385,0,430,530,0,14,14,0,364032,0,1389,0,0,804302848,0.000000,0.000000,0.000000,0.00,2,7,10,17,20,25,21,20,18,41,44,50,44,42,24,0,0,0,0.0005,0.0027,0.0680,0.0396,0.0078,0.2110,0.0078,6.1535,0.0339,0.2101,0.6042,0.0009,0.0005,0.2805,0.0006,0.0017,0.0000,0.0000,0.0010
1706,29.5075,29.2333,20.3114,5.4621,,true,2,0.008333,0.1957,0.0167,1.00,0.82,6.3711,22,1,385,385,0,429,529,0,14,14,0,364032,0,1389,0,0,804302848,0.000000,0.000000,0.000000,0.00,2,7,10,17,20,25,21,20,18,41,44,50,44,42,24,0,0,0,0.0005,0.0026,0.0663,0.0404,0.0042,0.1967,0.0086,5.4621,0.0254,0.1957,0.4212,0.0004,0.0006,0.1820,0.0015,0.0011,0.0000,0.0000,0.0009
1707,29.5227,29.2500,14.5843,6.2658,,true,2,0.008333,0.4188,0.0167,1.00,1.00,4.2888,22,1,385,385,0,429,529,0,14,14,0,364032,0,1389,0,0,804302848,0.000000,0.000000,0.000000,0.00,2,7,10,17,20,25,21,20,18,41,44,50,44,42,24,0,0,0,0.0004,0.0019,0.0560,0.0592,0.0088,0.4197,0.0056,6.2658,0.0195,0.4188,0.5226,0.0006,0.0005,0.2006,0.0016,0.0010,0.0000,0.0000,0.0010
1708,29.5386,29.2667,16.9364,5.4466,,true,2,0.008333,0.2293,0.0167,1.00,0.98,4.5585,22,1,385,385,0,429,529,0,14,14,0,364032,0,1389,0,0,804302848,0.000000,0.000000,0.000000,0.00,2,7,10,17,20,25,21,20,18,41,44,50,44,42,24,0,0,0,0.0002,0.0015,0.0533,0.0457,0.0066,0.2297,0.0063,5.4466,0.0192,0.2293,0.5699,0.0004,0.0004,0.2316,0.0010,0.0010,0.0000,0.0000,0.0009
1709,29.5589,29.2833,18.6184,6.9550,,true,2,0.008333,0.1861,0.0167,1.00,0.90,6.5102,22,1,385,385,0,429,529,0,14,14,0,364032,0,1389,0,0,804302848,0.000000,0.000000,0.000000,0.00,2,7,10,17,20,25,21,20,18,41,44,50,44,42,24,0,0,0,0.0004,0.0018,0.0530,0.0419,0.0075,0.1872,0.0056,6.9550,0.0245,0.1861,0.5115,0.0006,0.0000,0.2019,0.0010,0.0010,0.0000,0.0000,0.0011
1710,29.5880,29.3083,22.9782,13.1314,,true,3,0.008333,0.2357,0.0250,1.00,1.00,4.4884,22,1,385,385,8,429,529,0,14,14,0,364032,0,1397,22,40,804306944,0.000000,0.000000,0.000000,0.00,2,7,10,17,20,25,21,20,18,41,44,50,44,42,24,0,0,0,0.0005,0.0029,0.0912,0.0501,0.0087,0.2364,0.0074,13.1314,0.0251,0.2357,6.2925,0.0007,0.2972,0.4015,0.0108,0.0022,0.0000,0.0000,4.9800
1711,29.6014,29.3250,16.2080,9.3969,,true,2,0.008333,0.1984,0.0167,1.00,1.00,4.0297,22,1,385,385,8,433,533,0,14,14,4,364032,0,1401,18,40,804306944,0.000000,0.000000,0.000000,0.00,2,7,10,17,20,25,21,20,18,41,44,50,44,42,24,0,0,0,0.0004,0.0024,0.0429,0.0463,0.0072,0.1992,0.0064,9.3969,0.0150,0.1984,0.8991,0.0425,0.2659,0.1966,0.0013,0.0106,0.0000,24.6907,0.0008
1712,29.6150,29.3417,16.8189,6.3735,,true,2,0.008333,0.1885,0.0167,1.00,0.99,4.1820,22,1,385,385,8,434,534,0,14,14,8,364032,0,1409,10,40,804306944,0.000000,0.000000,0.000000,0.00,2,7,10,17,20,25,21,20,18,41,44,50,44,42,24,0,0,0,0.0007,0.0034,0.0494,0.0471,0.0083,0.1889,0.0074,6.3735,0.0228,0.1885,0.9702,0.0318,0.1818,0.2469,0.0029,0.0175,0.0000,48.1720,0.0009
1713,29.6369,29.3583,20.2024,8.3527,,true,2,0.008333,0.1669,0.0167,1.00,0.82,7.7177,22,1,385,385,2,427,527,0,14,14,8,364032,0,1411,2,10,804306944,0.000000,0.000000,0.000000,0.00,2,7,10,17,20,25,21,20,18,41,44,50,44,42,24,0,0,0,0.0005,0.0044,0.0416,0.0558,0.0120,0.1672,0.0085,8.3527,0.0177,0.1669,0.8821,0.0267,0.0002,0.1658,0.0017,0.0196,0.0000,39.0851,0.0010
1714,29.6531,29.3750,15.7131,8.9772,,true,2,0.008333,0.2414,0.0167,1.00,1.00,6.7642,22,1,385,385,0,424,524,0,14,14,2,364032,0,1411,0,0,804306944,0.000000,0.000000,0.000000,0.00,2,7,10,17,20,25,21,20,18,41,44,50,44,42,24,0,0,0,0.0005,0.0026,0.0521,0.0454,0.0074,0.2423,0.0065,8.9772,0.0216,0.2414,0.5580,0.0150,0.0005,0.1698,0.0017,0.0128,0.0000,11.3585,0.0011
1715,29.6678,29.3917,17.5488,6.0249,,true,2,0.008333,0.3240,0.0167,1.00,0.95,7.6463,22,1,385,385,0,422,522,0,14,14,0,361728,0,1411,0,0,804306944,0.000000,0.000000,0.000000,0.00,2,7,10,17,20,25,21,20,18,41,45,45,48,42,24,0,0,0,0.0003,0.0029,0.0663,0.0500,0.0095,0.3248,0.0067,6.0249,0.0339,0.3240,0.5992,0.0005,0.0004,0.1971,0.0016,0.0009,0.0000,0.0000,0.0008
1716,29.6816,29.4083,15.3808,4.8404,,true,2,0.008333,0.2496,0.0167,1.00,1.00,6.3604,22,1,385,385,0,423,523,0,14,14,0,361728,0,1411,0,0,804306944,0.000000,0.000000,0.000000,0.00,2,7,10,17,20,25,21,20,18,41,45,45,48,42,24,0,0,0,0.0002,0.0021,0.0555,0.0551,0.0068,0.2506,0.0059,4.8404,0.0364,0.2496,0.4865,0.0007,0.0009,0.2161,0.0017,0.0012,0.0000,0.0000,0.0008
1717,29.7071,29.4333,22.3469,7.6752,,true,3,0.008333,0.3192,0.0250,1.00,1.00,3.7073,22,1,385,385,0,426,526,0,14,14,0,364032,0,1411,0,0,804306944,0.000000,0.000000,0.000000,0.00,2,7,10,17,20,25,21,20,18,41,45,45,48,42,24,0,0,0,0.0004,0.0042,0.0555,0.0469,0.0091,0.3197,0.0082,7.6752,0.0274,0.3192,0.4874,0.0005,0.0003,0.2009,0.0014,0.0013,0.0000,0.0000,0.0008
1718,29.7195,29.4500,14.5599,5.7848,,true,2,0.008333,0.2031,0.0167,1.00,1.00,1.6006,22,1,385,385,0,429,529,0,14,14,0,364032,0,1411,0,0,804306944,0.000000,0.000000,0.000000,0.00,2,7,10,17,20,25,21,20,18,41,45,45,48,42,24,0,0,0,0.0005,0.0022,0.0386,0.0345,0.0054,0.2041,0.0043,5.7848,0.0167,0.2031,0.3373,0.0004,0.0003,0.1470,0.0023,0.0012,0.0000,0.0000,0.0006
1719,29.7352,29.4667,15.5405,5.8623,,true,2,0.008333,0.2100,0.0167,1.00,1.00,0.4744,22,1,385,385,0,433,533,0,14,14,0,364032,0,1411,0,0,804311040,0.000000,0.000000,0.000000,0.00,2,7,10,17,20,25,21,20,18,41,45,45,48,42,24,0,0,0,0.0001,0.0026,0.0435,0.0512,0.0079,0.2107,0.0058,5.8623,0.0160,0.2100,0.3689,0.0005,0.0003,0.1570,0.0011,0.0014,0.0000,0.0000,0.0004
1720,29.7520,29.4833,17.5908,5.3109,,true,2,0.008333,0.2228,0.0167,1.00,0.95,1.3985,22,1,385,385,0,434,534,0,14,14,0,364032,0,1411,0,0,804311040,0.000000,0.000000,0.000000,0.00,2,7,10,17,20,25,21,20,18,41,45,45,48,42,24,0,0,0,0.0004,0.0010,0.0460,0.0398,0.0058,0.2240,0.0047,5.3109,0.0144,0.2228,0.4771,0.0006,0.0002,0.1881,0.0014,0.0009,0.0000,0.0000,0.0005
1721,29.7679,29.4917,15.1983,5.6003,,true,1,0.008333,0.1739,0.0083,1.00,0.55,8.2635,22,1,385,385,0,432,532,0,14,14,0,350208,0,1411,0,0,804311040,0.000000,0.000000,0.000000,0.00,2,7,10,17,20,25,21,20,18,41,45,45,48,42,24,0,0,0,0.0003,0.0034,0.0437,0.0451,0.0072,0.1748,0.0046,5.6003,0.0192,0.1739,0.4904,0.0006,0.0006,0.2007,0.0015,0.0009,0.0000,0.0000,0.0010
1722,29.7881,29.5167,19.8234,6.4138,,true,3,0.008333,0.3461,0.0250,1.00,1.00,3.0869,22,1,385,385,0,432,532,0,14,14,0,350208,0,1411,0,0,804311040,0.000000,0.000000,0.000000,0.00,2,7,10,17,20,25,21,20,18,41,45,45,48,42,24,0,0,0,0.0005,0.0023,0.0448,0.0405,0.0067,0.3467,0.0050,6.4138,0.0151,0.3461,0.4608,0.0004,0.0003,0.1970,0.0013,0.0010,0.0000,0.0000,0.0008
1723,29.8021,29.5333,15.1266,4.9878,,true,2,0.008333,0.2339,0.0167,1.00,1.00,1.5468,22,1,385,385,0,434,534,0,14,14,0,352512,0,1411,0,0,804311040,0.000000,0.000000,0.000000,0.00,2,7,10,17,20,25,21,20,18,41,45,45,48,42,24,0,0,0,0.0009,0.0018,0.0440,0.0476,0.0086,0.2348,0.0052,4.9878,0.0217,0.2339,0.4814,0.0003,0.0003,0.2058,0.0022,0.0010,0.0000,0.0000,0.0007
1724,29.8179,29.5500,15.6931,5.4468,,true,2,0.008333,0.2220,0.0167,1.00,1.00,0.5732,22,1,385,385,0,435,535,0,14,14,0,352512,0,1411,0,0,804311040,0.000000,0.000000,0.000000,0.00,2,7,10,17,20,25,21,20,18,41,45,45,48,42,24,0,0,0,0.0002,0.0034,0.0455,0.0448,0.0091,0.2229,0.0076,5.4468,0.0210,0.2220,0.4797,0.0004,0.0004,0.1957,0.0011,0.0011,0.0000,0.0000,0.0014
1725,29.8353,29.5667,18.3409,4.3336,,true,2,0.008333,0.1996,0.0167,1.00,0.91,2.2475,22,1,385,385,0,435,535,0,14,14,0,352512,0,1411,0,0,804311040,0.000000,0.000000,0.000000,0.00,2,7,10,17,20,25,21,20,18,41,45,45,48,42,24,0,0,0,0.0001,0.0012,0.0429,0.0493,0.0065,0.2004,0.0054,4.3336,0.0171,0.1996,0.4594,0.0007,0.0003,0.1863,0.0012,0.0007,0.0000,0.0000,0.0008
1726,29.8516,29.5833,14.5398,6.3082,,true,2,0.008333,0.2158,0.0167,1.00,1.00,0.1206,22,1,385,385,0,436,536,0,14,14,0,352512,0,1411,0,0,804311040,0.000000,0.000000,0.000000,0.00,2,7,10,17,20,25,21,20,18,41,45,45,48,42,24,0,0,0,0.0002,0.0018,0.0524,0.0438,0.0067,0.2165,0.0055,6.3082,0.0206,0.2158,0.5126,0.0005,0.0002,0.1873,0.0011,0.0006,0.0000,0.0000,0.0013
1727,29.8670,29.5917,16.0984,5.3896,,true,1,0.008333,0.1782,0.0083,1.00,0.52,7.8856,22,1,385,385,0,434,534,0,14,14,0,352512,0,1411,0,0,804311040,0.000000,0.000000,0.000000,0.00,2,7,10,17,20,25,21,20,18,41,45,45,48,42,24,0,0,0,0.0006,0.0027,0.0462,0.0441,0.0072,0.1790,0.0065,5.3896,0.0222,0.1782,0.3988,0.0006,0.0003,0.1791,0.0015,0.0009,0.0000,0.0000,0.0008
1728,29.8839,29.6083,16.7148,5.5965,,true,2,0.008333,0.2209,0.0167,1.00,1.00,7.9338,22,1,385,385,0,432,532,0,14,14,0,352512,0,1411,0,0,804311040,0.000000,0.000000,0.000000,0.00,2,7,10,17,20,25,21,20,18,41,45,45,48,42,24,0,0,0,0.0002,0.0025,0.0431,0.0387,0.0068,0.2217,0.0059,5.5965,0.0161,0.2209,0.4744,0.0006,0.0005,0.1951,0.0015,0.0011,0.0000,0.0000,0.0012
1729,29.9024,29.6333,17.5891,6.4062,,true,3,0.008333,0.2463,0.0250,1.00,1.00,0.5229,22,1,385,385,0,433,533,0,14,14,0,352512,0,1411,0,0,804315136,0.000000,0.000000,0.000000,0.00,2,7,10,17,20,25,21,20,18,41,45,45,48,42,24,0,0,0,0.0005,0.0030,0.0726,0.0459,0.0051,0.2483,0.0063,6.4062,0.0258,0.2463,0.6104,0.0009,0.0005,0.2126,0.0021,0.0010,0.0000,0.0000,0.0011
1730,29.9237,29.6500,19.0130,8.2959,,true,2,0.008333,0.3776,0.0167,1.00,0.88,2.8692,22,1,385,385,0,433,533,0,14,14,0,352512,0,1411,0,0,804315136,0.000000,0.000000,0.000000,0.00,2,7,10,17,20,25,21,20,18,41,45,45,48,42,24,0,0,0,0.0007,0.0012,0.0409,0.0421,0.0076,0.3936,0.0057,8.2959,0.0206,0.3776,0.4743,0.0007,0.0006,0.1958,0.0014,0.0013,0.0000,0.0000,0.0012
1731,29.9397,29.6667,16.9121,5.9006,,true,2,0.008333,0.1753,0.0167,1.00,0.99,3.1146,22,1,385,385,0,433,533,0,14,14,0,352512,0,1411,0,0,804315136,0.000000,0.000000,0.000000,0.00,2,7,10,17,20,25,21,20,18,41,45,45,48,42,24,0,0,0,0.0004,0.0018,0.0501,0.0586,0.0091,0.1757,0.0055,5.9006,0.0173,0.1753,0.5009,0.0007,0.0006,0.1915,0.0013,0.0011,0.0000,0.0000,0.0018
1732,29.9589,29.6833,19.7686,7.4719,,true,2,0.008333,0.1914,0.0167,1.00,0.84,6.2165,22,1,385,385,0,432,532,0,14,14,0,352512,0,1411,0,0,804315136,0.000000,0.000000,0.000000,0.00,2,7,10,17,20,25,21,20,18,41,45,45,48,42,24,0,0,0,0.0002,0.0018,0.0484,0.0421,0.0053,0.1919,0.0041,7.4719,0.0135,0.1914,0.4972,0.0011,0.0009,0.1683,0.0010,0.0010,0.0000,0.0000,0.0007
1733,29.9694,29.7000,12.7774,5.1102,,true,2,0.008333,0.3763,0.0167,1.00,1.00,2.3273,22,1,385,385,0,433,533,0,14,14,0,352512,0,1411,0,0,804315136,0.000000,0.000000,0.000000,0.00,2,7,10,17,20,25,21,20,18,41,45,45,48,42,24,0,0,0,0.0002,0.0014,0.0478,0.0591,0.0086,0.3776,0.0048,5.1102,0.0177,0.3763,0.4574,0.0006,0.0012,0.1641,0.0017,0.0014,0.0000,0.0000,0.0011
1734,29.9843,29.7167,15.7725,4.5685,,true,2,0.008333,0.1889,0.0167,1.00,1.00,1.4331,22,1,385,385,0,433,533,0,14,14,0,352512,0,1411,0,0,804315136,0.000000,0.000000,0.000000,0.00,2,7,10,17,20,25,21,20,18,41,45,45,48,42,24,0,0,0,0.0002,0.0014,0.0434,0.0383,0.0064,0.1894,0.0205,4.5685,0.0165,0.1889,0.4762,0.0005,0.0003,0.1977,0.0006,0.0012,0.0000,0.0000,0.0012
1735,30.0047,29.7333,18.1184,5.5623,,true,2,0.008333,0.2325,0.0167,1.00,0.92,2.8848,22,1,385,385,0,433,533,0,14,14,0,352512,0,1411,0,0,804315136,0.000000,0.000000,0.000000,0.00,2,7,10,17,20,25,21,20,18,41,45,45,48,42,24,0,0,0,0.0006,0.0022,0.0581,0.0401,0.0071,0.2329,0.0051,5.5623,0.0211,0.2325,0.5596,0.0008,0.0003,0.2061,0.0014,0.0009,0.0000,0.0000,0.0007
1736,30.0243,29.7500,18.8981,6.7128,,true,2,0.008333,0.3316,0.0167,1.00,0.88,5.1162,22,1,385,385,0,433,533,0,14,14,0,352512,0,1411,0,0,804315136,0.000000,0.000000,0.000000,0.00,2,7,10,17,20,25,21,20,18,41,45,45,48,42,24,0,0,0,0.0002,0.0034,0.0412,0.0436,0.0075,0.3329,0.0079,6.7128,0.0238,0.3316,0.5236,0.0005,0.0004,0.2411,0.0016,0.0010,0.0000,0.0000,0.0007
1737,30.0498,29.7750,21.8670,9.2603,,true,3,0.008333,0.2846,0.0250,1.00,1.00,1.9832,22,1,385,385,0,433,533,0,14,14,0,352512,0,1411,0,0,804315136,0.000000,0.000000,0.000000,0.00,2,7,10,17,20,25,21,20,18,41,45,45,48,42,24,0,0,0,0.0002,0.0024,0.0509,0.0399,0.0057,0.2856,0.0073,9.2603,0.0552,0.2846,0.6650,0.0003,0.0003,0.3568,0.0022,0.0007,0.0000,0.0000,0.0004
1738,30.0583,29.7833,13.8953,5.5995,,true,1,0.008333,0.1600,0.0083,1.00,0.60,7.5451,22,1,385,385,0,432,532,0,14,14,0,352512,0,1411,0,0,804319232,0.000000,0.000000,0.000000,0.00,2,7,10,17,20,25,21,20,18,41,45,45,48,42,24,0,0,0,0.0002,0.0021,0.0441,0.0432,0.0073,0.1609,0.0058,5.5995,0.0180,0.1600,0.4807,0.0005,0.0006,0.1843,0.0017,0.0011,0.0000,0.0000,0.0005
1739,30.0748,29.8000,16.2918,5.8172,,true,2,0.008333,0.2356,0.0167,1.00,1.00,7.1703,22,1,385,385,0,431,531,0,14,14,0,352512,0,1411,0,0,804319232,0.000000,0.000000,0.000000,0.00,2,7,10,17,20,25,21,20,18,41,45,45,48,42,24,0,0,0,0.0009,0.0026,0.0533,0.0517,0.0127,0.2366,0.0078,5.8172,0.0193,0.2356,0.5910,0.0010,0.0005,0.2482,0.0017,0.0010,0.0000,0.0000,0.0007
1740,30.0895,29.8167,15.8307,4.7237,,true,2,0.008333,0.1944,0.0167,1.00,1.00,6.3343,22,1,385,385,0,431,531,0,14,14,0,352512,0,1411,0,0,804319232,0.000000,0.000000,0.000000,0.00,2,7,10,17,20,25,21,20,18,41,45,45,48,42,24,0,0,0,0.0002,0.0016,0.0412,0.0376,0.0058,0.1950,0.0057,4.7237,0.0145,0.1944,0.4586,0.0006,0.0004,0.1702,0.0015,0.0011,0.0000,0.0000,0.0017
1741,30.1083,29.8333,17.9071,5.1886,,true,2,0.008333,0.2057,0.0167,1.00,0.93,7.5747,22,1,385,385,0,431,531,0,14,14,0,352512,0,1411,0,0,804319232,0.000000,0.000000,0.000000,0.00,2,7,10,17,20,25,21,20,18,41,45,45,48,42,24,0,0,0,0.0002,0.0036,0.0471,0.0647,0.0065,0.2068,0.0086,5.1886,0.0194,0.2057,0.4644,0.0003,0.0003,0.1711,0.0012,0.0010,0.0000,0.0000,0.0007
1742,30.1291,29.8583,18.5405,7.2815,,true,3,0.008333,0.3078,0.0250,1.00,1.00,1.1152,22,1,385,385,0,431,531,0,14,14,0,352512,0,1411,0,0,804319232,0.000000,0.000000,0.000000,0.00,2,7,10,17,20,25,21,20,18,41,45,45,48,42,24,0,0,0,0.0002,0.0030,0.0624,0.0630,0.0132,0.3084,0.0087,7.2815,0.0320,0.3078,0.7103,0.0007,0.0009,0.3141,0.0027,0.0017,0.0000,0.0000,0.0028
1743,30.1418,29.8750,15.7096,4.9427,,true,2,0.008333,0.2145,0.0167,1.00,1.00,0.1582,22,1,385,385,0,432,532,0,14,14,0,352512,0,1411,0,0,804319232,0.000000,0.000000,0.000000,0.00,2,7,10,17,20,25,21,20,18,41,45,45,48,42,24,0,0,0,0.0001,0.0028,0.0521,0.0431,0.0082,0.2151,0.0071,4.9427,0.0204,0.2145,0.4754,0.0006,0.0008,0.1996,0.0012,0.0014,0.0000,0.0000,0.0008
1744,30.1563,29.8833,15.0259,4.6891,,true,1,0.008333,0.1405,0.0083,1.00,0.55,6.8507,22,1,385,385,0,432,532,0,14,14,0,352512,0,1411,0,0,804319232,0.000000,0.000000,0.000000,0.00,2,7,10,17,20,25,21,20,18,41,45,45,48,42,24,0,0,0,0.0001,0.0012,0.0393,0.0310,0.0047,0.1407,0.0045,4.6891,0.0126,0.1405,0.4107,0.0004,0.0002,0.1423,0.0013,0.0007,0.0000,0.0000,0.0010
1745,30.1736,29.9000,16.8075,5.1042,,true,2,0.008333,0.3099,0.0167,1.00,0.99,6.9916,22,1,385,385,0,431,531,0,14,14,0,352512,0,1411,0,0,804319232,0.000000,0.000000,0.000000,0.00,2,7,10,17,20,25,21,20,18,41,45,45,48,42,24,0,0,0,0.0004,0.0022,0.0387,0.0400,0.0078,0.3105,0.0057,5.1042,0.0192,0.3099,0.4793,0.0007,0.0004,0.2063,0.0007,0.0012,0.0000,0.0000,0.0011
1746,30.2000,29.9250,19.4572,10.0871,,true,3,0.008333,0.5041,0.0250,1.00,1.00,1.4487,22,1,385,385,0,432,532,0,14,14,0,352512,0,1411,0,0,804319232,0.000000,0.000000,0.000000,0.00,2,7,10,17,20,25,21,20,18,41,45,45,48,42,24,0,0,0,0.0003,0.0044,0.0467,0.0799,0.0212,0.5061,0.0114,10.0871,0.0298,0.5041,0.7071,0.0008,0.0010,0.2762,0.0017,0.0039,0.0000,0.0000,0.0049
1747,30.2166,29.9417,20.0881,7.3176,,true,2,0.008333,0.2700,0.0167,1.00,0.83,4.8702,22,1,385,385,0,432,532,0,14,14,0,350208,0,1411,0,0,804323328,0.000000,0.000000,0.000000,0.00,2,7,10,17,20,25,21,20,18,41,45,45,48,42,24,0,0,0,0.0004,0.0024,0.0623,0.0625,0.0116,0.2714,0.0101,7.3176,0.0184,0.2700,0.5547,0.0005,0.0004,0.2324,0.0026,0.0013,0.0000,0.0000,0.0012
1748,30.2294,29.9583,16.4627,4.6027,,true,2,0.008333,0.2295,0.0167,1.00,1.00,4.6663,22,1,385,385,0,432,532,0,14,14,0,350208,0,1411,0,0,804323328,0.000000,0.000000,0.000000,0.00,2,7,10,17,20,25,21,20,18,41,45,45,48,42,24,0,0,0,0.0003,0.0023,0.0462,0.0416,0.0059,0.2301,0.0053,4.6027,0.0177,0.2295,0.4309,0.0006,0.0003,0.1636,0.0013,0.0008,0.0000,0.0000,0.0005
1749,30.2489,29.9750,17.6680,5.8895,,true,2,0.008333,0.2775,0.0167,1.00,0.94,5.6676,22,1,385,385,0,431,531,0,14,14,0,350208,0,1411,0,0,804323328,0.000000,0.000000,0.000000,0.00,2,7,10,17,20,25,21,20,18,41,45,45,48,42,24,0,0,0,0.0007,0.0044,0.0577,0.0526,0.0081,0.2783,0.0062,5.8895,0.0227,0.2775,0.4954,0.0005,0.0003,0.1839,0.0015,0.0009,0.0000,0.0000,0.0012
1750,30.2629,29.9917,15.2441,5.0004,,true,2,0.008333,0.2078,0.0167,1.00,1.00,4.2450,22,1,385,385,0,432,532,0,14,14,0,350208,0,1411,0,0,804323328,0.000000,0.000000,0.000000,0.00,2,7,10,17,20,25,21,20,18,41,45,45,48,42,24,0,0,0,0.0004,0.0024,0.0596,0.0428,0.0080,0.2082,0.0048,5.0004,0.0237,0.2078,0.4875,0.0009,0.0004,0.2186,0.0012,0.0011,0.0000,0.0000,0.0009
1751,30.2847,30.0083,14.5582,11.9188,,true,2,0.008333,0.3134,0.0167,1.00,1.00,2.1366,22,1,385,385,8,432,532,0,14,14,0,350208,0,1419,15,40,804323328,0.000000,0.000000,0.000000,0.00,2,7,10,17,20,25,21,20,18,41,45,45,48,42,24,0,0,0,0.0003,0.0021,0.0399,0.0400,0.0071,0.3139,0.0046,11.9188,0.0152,0.3134,5.2361,0.0005,0.1784,0.1440,0.0011,0.0006,0.0000,0.0000,4.5575
1752,30.2979,30.0250,17.0272,8.5763,,true,2,0.008333,0.1945,0.0167,1.00,0.98,2.4972,22,1,385,385,7,430,530,0,14,14,8,350208,0,1426,7,35,804323328,0.000000,0.000000,0.000000,0.00,2,7,10,17,20,25,21,20,18,41,45,45,48,42,24,0,0,0,0.0005,0.0034,0.0631,0.0442,0.0088,0.1957,0.0058,8.5763,0.0176,0.1945,0.7391,0.0384,0.1794,0.1597,0.0018,0.0088,0.0000,39.5799,0.0012
1753,30.3213,30.0417,20.3475,10.9456,,true,2,0.008333,0.2264,0.0167,1.00,0.82,6.1780,22,1,385,385,0,418,518,0,14,14,7,350208,0,1426,0,0,804323328,0.000000,0.000000,0.000000,0.00,2,7,10,17,20,25,21,20,18,41,45,45,48,42,24,0,0,0,0.0005,0.0032,0.0433,0.0365,0.0091,0.2272,0.0073,10.9456,0.0183,0.2264,0.7204,0.0203,0.1553,0.1921,0.0020,0.0145,0.0000,36.2425,0.0008
1754,30.3353,30.0583,16.5440,8.3513,,true,2,0.008333,0.2027,0.0167,1.00,1.00,6.0554,22,1,385,385,0,414,514,0,14,14,0,347904,0,1426,0,0,804323328,0.000000,0.000000,0.000000,0.00,2,7,10,17,20,25,21,20,18,41,45,46,43,46,24,0,0,0,0.0006,0.0023,0.0488,0.0591,0.0095,0.2046,0.0082,8.3513,0.0192,0.2027,0.9369,0.0011,0.0007,0.3613,0.0039,0.0022,0.0000,0.0000,0.0011
1755,30.3581,30.0833,20.1934,10.3715,,true,3,0.008333,0.2614,0.0250,1.00,1.00,1.2488,22,1,385,385,0,420,520,0,14,14,0,347904,0,1426,0,0,804323328,0.000000,0.000000,0.000000,0.00,2,7,10,17,20,25,21,20,18,41,45,46,43,46,24,0,0,0,0.0002,0.0017,0.0713,0.0867,0.0042,0.2622,0.0033,10.3715,0.0384,0.2614,0.5301,0.0010,0.0005,0.2498,0.0015,0.0016,0.0000,0.0000,0.0011
1756,30.3673,30.1000,15.8779,5.0324,,true,2,0.008333,0.2930,0.0167,1.00,1.00,0.4600,22,1,385,385,0,425,525,0,14,14,0,347904,0,1426,0,0,804323328,0.000000,0.000000,0.000000,0.00,2,7,10,17,20,25,21,20,18,41,45,46,43,46,24,0,0,0,0.0005,0.0017,0.0409,0.0432,0.0066,0.2938,0.0058,5.0324,0.0174,0.2930,0.4723,0.0005,0.0008,0.1971,0.0016,0.0009,0.0000,0.0000,0.0009
1757,30.3831,30.1083,15.8373,5.0362,,true,1,0.008333,0.1409,0.0083,1.00,0.53,7.9640,22,1,385,385,0,420,520,0,14,14,0,347904,0,1426,0,0,804327424,0.000000,0.000000,0.000000,0.00,2,7,10,17,20,25,21,20,18,41,45,46,43,46,24,0,0,0,0.0003,0.0025,0.0642,0.0396,0.0082,0.1417,0.0062,5.0362,0.0160,0.1409,0.4546,0.0004,0.0004,0.1887,0.0018,0.0008,0.0000,0.0000,0.0008
1758,30.4033,30.1333,18.7203,6.0398,,true,3,0.008333,0.2479,0.0250,1.00,1.00,1.6843,22,1,385,385,0,424,524,0,14,14,0,347904,0,1426,0,0,804327424,0.000000,0.000000,0.000000,0.00,2,7,10,17,20,25,21,20,18,41,45,46,43,46,24,0,0,0,0.0008,0.0020,0.0615,0.0529,0.0066,0.2488,0.0107,6.0398,0.0274,0.2479,0.5056,0.0004,0.0001,0.2144,0.0020,0.0009,0.0000,0.0000,0.0011
1759,30.4201,30.1500,16.1789,6.3322,,true,2,0.008333,0.3948,0.0167,1.00,1.00,1.1965,22,1,385,385,0,426,526,0,14,14,0,347904,0,1426,0,0,804327424,0.000000,0.000000,0.000000,0.00,2,7,10,17,20,25,21,20,18,41,45,46,43,46,24,0,0,0,0.0006,0.0019,0.0653,0.0501,0.0054,0.3963,0.0067,6.3322,0.0226,0.3948,0.5492,0.0007,0.0006,0.2089,0.0014,0.0012,0.0000,0.0000,0.0010
1760,30.4412,30.1667,19.6885,7.9174,,true,2,0.008333,0.3000,0.0167,1.00,0.85,4.2184,22,1,385,385,0,426,526,0,14,14,0,354816,0,1426,0,0,804327424,0.000000,0.000000,0.000000,0.00,2,7,10,17,20,25,21,20,18,41,45,46,43,46,24,0,0,0,0.0010,0.0032,0.0546,0.0673,0.0069,0.3014,0.0070,7.9174,0.0265,0.3000,0.5163,0.0005,0.0004,0.2150,0.0032,0.0010,0.0000,0.0000,0.0007
1761,30.4585,30.1833,16.9415,8.0590,,true,2,0.008333,0.2735,0.0167,1.00,0.98,4.4932,22,1,385,385,0,426,526,0,14,14,0,354816,0,1426,0,0,804327424,0.000000,0.000000,0.000000,0.00,2,7,10,17,20,25,21,20,18,41,45,46,43,46,24,0,0,0,0.0004,0.0028,0.0631,0.0522,0.0081,0.2744,0.0073,8.0590,0.0220,0.2735,0.5416,0.0006,0.0006,0.2757,0.0016,0.0014,0.0000,0.0000,0.0011
1762,30.4727,30.2000,17.1584,5.5417,,true,2,0.008333,0.2623,0.0167,1.00,0.97,4.9849,22,1,385,385,0,426,526,0,14,14,0,354816,0,1426,0,0,804327424,0.000000,0.000000,0.000000,0.00,2,7,10,17,20,25,21,20,18,41,45,46,43,46,24,0,0,0,0.0005,0.0015,0.0458,0.0364,0.0076,0.2633,0.0047,5.5417,0.0100,0.2623,0.4650,0.0007,0.0005,0.1746,0.0011,0.0014,0.0000,0.0000,0.0011
1763,30.4897,30.2167,16.8341,5.8951,,true,2,0.008333,0.2275,0.0167,1.00,0.99,5.1524,22,1,385,385,0,426,526,0,14,14,0,354816,0,1426,0,0,804327424,0.000000,0.000000,0.000000,0.00,2,7,10,17,20,25,21,20,18,41,45,46,43,46,24,0,0,0,0.0003,0.0016,0.0579,0.0429,0.0088,0.2284,0.0031,5.8951,0.0218,0.2275,0.6172,0.0004,0.0006,0.2510,0.0017,0.0017,0.0000,0.0000,0.0009
1764,30.5042,30.2333,15.7552,4.7599,,true,2,0.008333,0.2010,0.0167,1.00,1.00,4.2410,22,1,385,385,0,426,526,0,14,14,0,354816,0,1426,0,0,804327424,0.000000,0.000000,0.000000,0.00,2,7,10,17,20,25,21,20,18,41,45,46,43,46,24,0,0,0,0.0001,0.0028,0.0436,0.0408,0.0072,0.2021,0.0064,4.7599,0.0188,0.2010,0.4637,0.0008,0.0008,0.1844,0.0012,0.0008,0.0000,0.0000,0.0009
1765,30.5193,30.2500,14.4833,5.1845,,true,2,0.008333,0.3554,0.0167,1.00,1.00,2.0576,22,1,385,385,0,428,528,0,14,14,0,354816,0,1426,0,0,804327424,0.000000,0.000000,0.000000,0.00,2,7,10,17,20,25,21,20,18,41,45,46,43,46,24,0,0,0,0.0002,0.0022,0.0428,0.0546,0.0057,0.3558,0.0067,5.1845,0.0160,0.3554,0.4863,0.0003,0.0007,0.1859,0.0024,0.0012,0.0000,0.0000,0.0017
1766,30.5354,30.2667,15.8770,5.2655,,true,2,0.008333,0.2174,0.0167,1.00,1.00,1.2679,22,1,385,385,0,429,529,0,14,14,0,354816,0,1426,0,0,804331520,0.000000,0.000000,0.000000,0.00,2,7,10,17,20,25,21,20,18,41,45,46,43,46,24,0,0,0,0.0003,0.0017,0.0382,0.0391,0.0071,0.2185,0.0078,5.2655,0.0142,0.2174,0.4666,0.0005,0.0006,0.1858,0.0013,0.0013,0.0000,0.0000,0.0005
1767,30.5520,30.2833,16.4763,5.5856,,true,2,0.008333,0.1997,0.0167,1.00,1.00,1.0776,22,1,385,385,0,430,530,0,14,14,0,354816,0,1426,0,0,804331520,0.000000,0.000000,0.000000,0.00,2,7,10,17,20,25,21,20,18,41,45,46,43,46,24,0,0,0,0.0004,0.0035,0.0521,0.0413,0.0053,0.2004,0.0058,5.5856,0.0233,0.1997,0.4911,0.0006,0.0004,0.1940,0.0017,0.0007,0.0000,0.0000,0.0012
1768,30.5672,30.2917,15.1559,5.4963,,true,1,0.008333,0.2093,0.0083,1.00,0.55,7.9001,22,1,385,385,0,428,528,0,14,14,0,354816,0,1426,0,0,804331520,0.000000,0.000000,0.000000,0.00,2,7,10,17,20,25,21,20,18,41,45,46,43,46,24,0,0,0,0.0010,0.0029,0.0435,0.0437,0.0082,0.2100,0.0079,5.4963,0.0192,0.2093,0.5279,0.0008,0.0003,0.2435,0.0013,0.0012,0.0000,0.0000,0.0011
1769,30.5846,30.3167,17.2752,5.7609,,true,3,0.008333,0.2448,0.0250,1.00,1.00,0.1753,22,1,385,385,0,430,530,0,14,14,0,354816,0,1426,0,0,804331520,0.000000,0.000000,0.000000,0.00,2,7,10,17,20,25,21,20,18,41,45,46,43,46,24,0,0,0,0.0010,0.0021,0.0499,0.0508,0.0058,0.2452,0.0092,5.7609,0.0163,0.2448,0.5537,0.0005,0.0004,0.2442,0.0014,0.0011,0.0000,0.0000,0.0014
1770,30.6034,30.3333,16.5920,7.7505,,true,2,0.008333,0.3527,0.0167,1.00,1.00,0.1006,22,1,385,385,0,431,531,0,14,14,0,354816,0,1426,0,0,804331520,0.000000,0.000000,0.000000,0.00,2,7,10,17,20,25,21,20,18,41,45,46,43,46,24,0,0,0,0.0004,0.0032,0.0760,0.0764,0.0121,0.3541,0.0117,7.7505,0.0296,0.3527,0.8561,0.0011,0.0011,0.4249,0.0032,0.0028,0.0000,0.0000,0.0022
1771,30.6200,30.3500,18.5058,5.8240,,true,2,0.008333,0.2282,0.0167,1.00,0.90,1.9397,22,1,385,385,0,431,531,0,14,14,0,354816,0,1426,0,0,804331520,0.000000,0.000000,0.000000,0.00,2,7,10,17,20,25,21,20,18,41,45,46,43,46,24,0,0,0,0.0001,0.0021,0.0413,0.0473,0.0108,0.2303,0.0067,5.8240,0.0154,0.2282,0.5478,0.0012,0.0008,0.2195,0.0015,0.0010,0.0000,0.0000,0.0012
1772,30.6370,30.3667,16.4922,6.3761,,true,2,0.008333,0.2696,0.0167,1.00,1.00,1.7653,22,1,385,385,0,431,531,0,14,14,0,354816,0,1426,0,0,804331520,0.000000,0.000000,0.000000,0.00,2,7,10,17,20,25,21,20,18,41,45,46,43,46,24,0,0,0,0.0005,0.0041,0.0575,0.0586,0.0088,0.2711,0.0073,6.3761,0.0172,0.2696,0.5228,0.0008,0.0006,0.1949,0.0016,0.0010,0.0000,0.0000,0.0020
1773,30.6531,30.3833,17.2247,5.5477,,true,2,0.008333,0.2968,0.0167,1.00,0.97,2.3233,22,1,385,385,0,431,531,0,14,14,0,354816,0,1426,0,0,804331520,0.000000,0.000000,0.000000,0.00,2,7,10,17,20,25,21,20,18,41,45,46,43,46,24,0,0,0,0.0005,0.0019,0.0430,0.0455,0.0074,0.2977,0.0062,5.5477,0.0204,0.2968,0.4752,0.0007,0.0003,0.1880,0.0014,0.0025,0.0000,0.0000,0.0013
1774,30.6725,30.4000,17.4892,7.1949,,true,2,0.008333,0.5255,0.0167,1.00,0.95,3.1459,22,1,385,385,0,431,531,0,14,14,0,354816,0,1426,0,0,804331520,0.000000,0.000000,0.000000,0.00,2,7,10,17,20,25,21,20,18,41,45,46,43,46,24,0,0,0,0.0003,0.0037,0.0708,0.0903,0.0104,0.5267,0.0080,7.1949,0.0524,0.5255,0.5210,0.0008,0.0004,0.2234,0.0020,0.0021,0.0000,0.0000,0.0020
1775,30.6876,30.4167,17.0631,5.2228,,true,2,0.008333,0.2088,0.0167,1.00,0.98,3.5423,22,1,385,385,0,431,531,0,14,14,0,354816,0,1426,0,0,804335616,0.000000,0.000000,0.000000,0.00,2,7,10,17,20,25,21,20,18,41,45,46,43,46,24,0,0,0,0.0002,0.0020,0.0424,0.0521,0.0081,0.2097,0.0066,5.2228,0.0160,0.2088,0.4597,0.0004,0.0002,0.1779,0.0019,0.0023,0.0000,0.0000,0.0013
1776,30.7059,30.4333,17.9383,5.5099,,true,2,0.008333,0.2025,0.0167,1.00,0.93,4.8140,22,1,385,385,0,430,530,0,14,14,0,354816,0,1426,0,0,804335616,0.000000,0.000000,0.000000,0.00,2,7,10,17,20,25,21,20,18,41,45,46,43,46,24,0,0,0,0.0003,0.0018,0.0354,0.0470,0.0072,0.2029,0.0061,5.5099,0.0124,0.2025,0.3769,0.0006,0.0006,0.1424,0.0013,0.0006,0.0000,0.0000,0.0010
1777,30.7217,30.4500,16.2508,5.1273,,true,2,0.008333,0.2217,0.0167,1.00,1.00,4.3981,22,1,385,385,0,430,530,0,14,14,0,354816,0,1426,0,0,804335616,0.000000,0.000000,0.000000,0.00,2,7,10,17,20,25,21,20,18,41,45,46,43,46,24,0,0,0,0.0002,0.0017,0.0418,0.0682,0.0067,0.2226,0.0059,5.1273,0.0173,0.2217,0.4594,0.0005,0.0005,0.1752,0.0016,0.0012,0.0000,0.0000,0.0011
1778,30.7365,30.4667,14.9081,5.2571,,true,2,0.008333,0.2515,0.0167,1.00,1.00,2.6395,22,1,385,385,0,430,530,0,14,14,0,354816,0,1426,0,0,804335616,0.000000,0.000000,0.000000,0.00,2,7,10,17,20,25,21,20,18,41,45,46,43,46,24,0,0,0,0.0001,0.0023,0.0400,0.0448,0.0072,0.2521,0.0058,5.2571,0.0136,0.2515,0.4514,0.0007,0.0005,0.1726,0.0021,0.0013,0.0000,0.0000,0.0013
1779,30.7533,30.4833,16.6488,5.4475,,true,2,0.008333,0.2328,0.0167,1.00,1.00,2.6217,22,1,385,385,0,431,531,0,14,14,0,354816,0,1426,0,0,804335616,0.000000,0.000000,0.000000,0.00,2,7,10,17,20,25,21,20,18,41,45,46,43,46,24,0,0,0,0.0001,0.0033,0.0423,0.0400,0.0070,0.2337,0.0085,5.4475,0.0167,0.2328,0.4587,0.0004,0.0004,0.1804,0.0008,0.0012,0.0000,0.0000,0.0005
1780,30.7695,30.5000,16.1681,5.6872,,true,2,0.008333,0.3212,0.0167,1.00,1.00,2.1231,22,1,385,385,0,431,531,0,14,14,0,354816,0,1426,0,0,804335616,0.000000,0.000000,0.000000,0.00,2,7,10,17,20,25,21,20,18,41,45,46,43,46,24,0,0,0,0.0006,0.0018,0.0451,0.0499,0.0096,0.3222,0.0054,5.6872,0.0208,0.3212,0.4895,0.0010,0.0006,0.1893,0.0011,0.0015,0.0000,0.0000,0.0010
1781,30.7865,30.5167,16.8766,5.4363,,true,2,0.008333,0.2251,0.0167,1.00,0.99,2.3330,22,1,385,385,0,431,531,0,14,14,0,354816,0,1426,0,0,804335616,0.000000,0.000000,0.000000,0.00,2,7,10,17,20,25,21,20,18,41,45,46,43,46,24,0,0,0,0.0002,0.0019,0.0686,0.0473,0.0072,0.2258,0.0075,5.4363,0.0211,0.2251,0.5138,0.0007,0.0002,0.2183,0.0017,0.0011,0.0000,0.0000,0.0011
1782,30.8003,30.5333,15.2773,4.3544,,true,2,0.008333,0.1949,0.0167,1.00,1.00,0.9436,22,1,385,385,0,431,531,0,14,14,0,354816,0,1426,0,0,804335616,0.000000,0.000000,0.000000,0.00,2,7,10,17,20,25,21,20,18,41,45,46,43,46,24,0,0,0,0.0002,0.0023,0.0442,0.0286,0.0029,0.1950,0.0050,4.3544,0.0186,0.1949,0.4484,0.0006,0.0006,0.1769,0.0015,0.0010,0.0000,0.0000,0.0014
1783,30.8191,30.5500,16.6636,6.0727,,true,2,0.008333,0.2405,0.0167,1.00,1.00,0.9405,22,1,385,385,0,432,532,0,14,14,0,352512,0,1426,0,0,804335616,0.000000,0.000000,0.000000,0.00,2,7,10,17,20,25,21,20,18,41,45,46,43,46,24,0,0,0,0.0003,0.0017,0.0636,0.0529,0.0080,0.2425,0.0062,6.0727,0.0294,0.2405,0.4715,0.0004,0.0007,0.1819,0.0023,0.0010,0.0000,0.0000,0.0009
1784,30.8357,30.5667,16.7334,5.5080,,true,2,0.008333,0.2193,0.0167,1.00,1.00,1.0073,22,1,385,385,0,432,532,0,14,14,0,352512,0,1426,0,0,804335616,0.000000,0.000000,0.000000,0.00,2,7,10,17,20,25,21,20,18,41,45,46,43,46,24,0,0,0,0.0006,0.0018,0.0877,0.0478,0.0096,0.2196,0.0080,5.5080,0.0239,0.2193,0.5607,0.0005,0.0005,0.2111,0.0023,0.0015,0.0000,0.0000,0.0006
1785,30.8517,30.5833,16.4930,5.6729,,true,2,0.008333,0.2233,0.0167,1.00,1.00,0.8336,22,1,385,385,0,432,532,0,14,14,0,352512,0,1426,0,0,804339712,0.000000,0.000000,0.000000,0.00,2,7,10,17,20,25,21,20,18,41,45,46,43,46,24,0,0,0,0.0004,0.0028,0.0440,0.0405,0.0042,0.2246,0.0075,5.6729,0.0171,0.2233,0.4683,0.0004,0.0003,0.1845,0.0014,0.0012,0.0000,0.0000,0.0012
1786,30.8684,30.6000,17.3927,4.9623,,true,2,0.008333,0.2226,0.0167,1.00,0.96,1.5596,22,1,385,385,0,432,532,0,14,14,0,352512,0,1426,0,0,804339712,0.000000,0.000000,0.000000,0.00,2,7,10,17,20,25,21,20,18,41,45,46,43,46,24,0,0,0,0.0006,0.0019,0.0419,0.0410,0.0060,0.2231,0.0065,4.9623,0.0158,0.2226,0.4853,0.0004,0.0008,0.1892,0.0018,0.0010,0.0000,0.0000,0.0012
1787,30.8858,30.6167,16.6517,5.6698,,true,2,0.008333,0.2415,0.0167,1.00,1.00,1.5447,22,1,385,385,0,432,532,0,14,14,0,352512,0,1426,0,0,804339712,0.000000,0.000000,0.000000,0.00,2,7,10,17,20,25,21,20,18,41,45,46,43,46,24,0,0,0,0.0003,0.0017,0.0435,0.0398,0.0069,0.2425,0.0042,5.6698,0.0164,0.2415,0.4538,0.0004,0.0006,0.1735,0.0013,0.0011,0.0000,0.0000,0.0008
1788,30.9066,30.6333,18.1890,8.2812,,true,2,0.008333,0.3734,0.0167,1.00,0.92,3.0670,22,1,385,385,0,432,532,0,14,14,0,352512,0,1426,0,0,804339712,0.000000,0.000000,0.000000,0.00,2,7,10,17,20,25,21,20,18,41,45,46,43,46,24,0,0,0,0.0005,0.0027,0.0484,0.0530,0.0072,0.3750,0.0070,8.2812,0.0147,0.3734,0.3733,0.0006,0.0006,0.1451,0.0016,0.0018,0.0000,0.0000,0.0013
1789,30.9323,30.6583,23.6378,9.4813,,true,3,0.008333,1.0116,0.0250,1.00,1.00,1.7048,22,1,385,385,0,432,532,0,14,14,0,352512,0,1426,0,0,804339712,0.000000,0.000000,0.000000,0.00,2,7,10,17,20,25,21,20,18,41,45,46,43,46,24,0,0,0,0.0009,0.0042,0.0562,0.1552,0.0317,1.0125,0.0128,9.4813,0.0344,1.0116,0.6903,0.0009,0.0009,0.3086,0.0037,0.0014,0.0000,0.0000,0.0011
1790,30.9407,30.6667,12.5512,5.7114,,true,1,0.008333,0.1757,0.0083,1.00,0.66,5.9227,22,1,385,385,0,431,531,0,14,14,0,352512,0,1426,0,0,804339712,0.000000,0.000000,0.000000,0.00,2,7,10,17,20,25,21,20,18,41,45,46,43,46,24,0,0,0,0.0006,0.0019,0.0464,0.0399,0.0077,0.1766,0.0084,5.7114,0.0200,0.1757,0.4322,0.0004,0.0004,0.1783,0.0019,0.0012,0.0000,0.0000,0.0009
1791,30.9570,30.6833,16.1117,5.7273,,true,2,0.008333,0.2290,0.0167,1.00,1.00,5.3678,22,1,385,385,0,431,531,0,14,14,0,352512,0,1426,0,0,804339712,0.000000,0.000000,0.000000,0.00,2,7,10,17,20,25,21,20,18,41,45,46,43,46,24,0,0,0,0.0001,0.0029,0.0392,0.0489,0.0077,0.2298,0.0065,5.7273,0.0175,0.2290,0.4718,0.0005,0.0005,0.2011,0.0014,0.0009,0.0000,0.0000,0.0010
1792,30.9730,30.7000,16.9202,5.2359,,true,2,0.008333,0.1722,0.0167,1.00,0.99,5.6213,22,1,385,385,0,430,530,0,14,14,0,352512,0,1426,0,0,804339712,0.000000,0.000000,0.000000,0.00,2,7,10,17,20,25,21,20,18,41,45,46,43,46,24,0,0,0,0.0007,0.0012,0.0631,0.0449,0.0086,0.1730,0.0038,5.2359,0.0191,0.1722,0.4393,0.0003,0.0003,0.1667,0.0006,0.0011,0.0000,0.0000,0.0005
1793,30.9901,30.7167,13.6940,9.1125,,true,2,0.008333,0.2195,0.0167,1.00,1.00,2.6486,22,1,385,385,8,431,531,0,14,14,0,352512,0,1434,14,40,804339712,0.000000,0.000000,0.000000,0.00,2,7,10,17,20,25,21,20,18,41,45,46,43,46,24,0,0,0,0.0003,0.0022,0.0529,0.0366,0.0053,0.2198,0.0055,9.1125,0.0198,0.2195,5.2838,0.0005,0.1823,0.2328,0.0027,0.0008,0.0000,0.0000,4.5057
1794,31.0020,30.7333,16.1328,4.9051,,true,2,0.008333,0.1925,0.0167,1.00,1.00,2.1148,22,1,385,385,7,434,534,0,14,14,7,352512,0,1440,7,35,804339712,0.000000,0.000000,0.000000,0.00,2,7,10,17,20,25,21,20,18,41,45,46,43,46,24,0,0,0,0.0001,0.0016,0.0481,0.0365,0.0068,0.1929,0.0056,4.9051,0.0180,0.1925,0.7636,0.0220,0.1674,0.2517,0.0015,0.0106,0.0000,32.8668,0.0009
1795,31.0245,30.7500,18.6445,7.6421,,true,2,0.008333,0.3443,0.0167,1.00,0.89,4.0926,22,1,385,385,0,429,529,0,14,14,7,352512,0,1440,0,0,804339712,0.000000,0.000000,0.000000,0.00,2,7,10,17,20,25,21,20,18,41,45,46,43,46,24,0,0,0,0.0007,0.0026,0.0481,0.0526,0.0085,0.3448,0.0058,7.6421,0.0304,0.3443,0.7967,0.0229,0.1815,0.2552,0.0018,0.0160,0.0000,30.4730,0.0010
1796,31.0401,30.7667,18.9957,4.7324,,true,2,0.008333,0.1792,0.0167,1.00,0.88,6.4216,22,1,385,385,0,422,522,0,14,14,0,352512,0,1440,0,0,804339712,0.000000,0.000000,0.000000,0.00,2,7,10,17,20,25,21,20,18,41,45,46,42,51,20,0,0,0,0.0002,0.0014,0.0410,0.0341,0.0045,0.1798,0.0039,4.7324,0.0139,0.1792,0.5581,0.0005,0.0007,0.1842,0.0022,0.0007,0.0000,0.0000,0.0005
1797,31.0562,30.7833,16.0193,5.0711,,true,2,0.008333,0.2332,0.0167,1.00,1.00,5.7743,22,1,385,385,0,420,520,0,14,14,0,352512,0,1440,0,0,804339712,0.000000,0.000000,0.000000,0.00,2,7,10,17,20,25,21,20,18,41,45,46,42,51,20,0,0,0,0.0003,0.0024,0.0548,0.0526,0.0074,0.2345,0.0066,5.0711,0.0244,0.2332,0.5203,0.0004,0.0002,0.2300,0.0011,0.0016,0.0000,0.0000,0.0013
1798,31.0751,30.8000,18.9036,5.1797,,true,2,0.008333,0.2710,0.0167,1.00,0.88,8.0113,22,1,385,385,0,416,516,0,14,14,0,352512,0,1440,0,0,804339712,0.000000,0.000000,0.000000,0.00,2,7,10,17,20,25,21,20,18,41,45,46,42,51,20,0,0,0,0.0003,0.0017,0.0500,0.0416,0.0086,0.2718,0.0045,5.1797,0.0192,0.2710,0.4528,0.0005,0.0004,0.1791,0.0013,0.0012,0.0000,0.0000,0.0010
1799,31.0900,30.8167,14.9070,5.1731,,true,2,0.008333,0.2191,0.0167,1.00,1.00,6.2516,22,1,385,385,0,416,516,0,14,14,0,352512,0,1440,0,0,804339712,0.000000,0.000000,0.000000,0.00,2,7,10,17,20,25,21,20,18,41,45,46,42,51,20,0,0,0,0.0005,0.0035,0.0329,0.0468,0.0069,0.2196,0.0072,5.1731,0.0140,0.2191,0.3557,0.0005,0.0002,0.1589,0.0018,0.0015,0.0000,0.0000,0.0012
1800,31.1087,30.8333,16.6998,7.2620,,true,2,0.008333,0.2113,0.0167,1.00,1.00,6.2847,22,1,385,385,0,417,517,0,14,14,0,352512,0,1440,0,0,804339712,0.000000,0.000000,0.000000,0.00,2,7,10,17,20,25,21,20,18,41,45,46,42,51,20,0,0,0,0.0002,0.0038,0.0435,0.0530,0.0062,0.2120,0.0051,7.2620,0.0157,0.2113,0.5189,0.0006,0.0003,0.2213,0.0022,0.0008,0.0000,0.0000,0.0004
1801,31.1272,30.8583,19.3019,6.3002,,true,3,0.008333,0.2874,0.0250,1.00,1.00,0.5866,22,1,385,385,0,422,522,0,14,14,0,352512,0,1440,0,0,804339712,0.000000,0.000000,0.000000,0.00,2,7,10,17,20,25,21,20,18,41,45,46,42,51,20,0,0,0,0.0005,0.0025,0.0778,0.0426,0.0068,0.2882,0.0062,6.3002,0.0358,0.2874,0.4407,0.0007,0.0004,0.1870,0.0013,0.0008,0.0000,0.0000,0.0005
1802,31.1438,30.8667,15.0364,7.5921,,true,1,0.008333,0.2678,0.0083,1.00,0.55,7.2897,22,1,385,385,0,421,521,0,14,14,0,357120,0,1440,0,0,804339712,0.000000,0.000000,0.000000,0.00,2,7,10,17,20,25,21,20,18,41,45,46,42,51,20,0,0,0,0.0007,0.0032,0.0531,0.0648,0.0079,0.2690,0.0061,7.5921,0.0404,0.2678,0.5046,0.0004,0.0005,0.2590,0.0018,0.0009,0.0000,0.0000,0.0007
1803,31.1633,30.8917,19.0789,7.0797,,true,3,0.008333,0.4042,0.0250,1.00,1.00,1.3686,22,1,385,385,0,425,525,0,14,14,0,357120,0,1440,0,0,804339712,0.000000,0.000000,0.000000,0.00,2,7,10,17,20,25,21,20,18,41,45,46,42,51,20,0,0,0,0.0008,0.0031,0.0785,0.0574,0.0080,0.4061,0.0084,7.0797,0.0227,0.4042,0.5500,0.0006,0.0007,0.2491,0.0016,0.0017,0.0000,0.0000,0.0006
1804,31.1790,30.9083,17.0552,6.4926,,true,2,0.008333,0.2410,0.0167,1.00,0.98,1.7571,22,1,385,385,0,427,527,0,14,14,0,357120,0,1440,0,0,804339712,0.000000,0.000000,0.000000,0.00,2,7,10,17,20,25,21,20,18,41,45,46,42,51,20,0,0,0,0.0002,0.0031,0.0471,0.0423,0.0068,0.2414,0.0059,6.4926,0.0205,0.2410,0.5297,0.0007,0.0006,0.2277,0.0016,0.0014,0.0000,0.0000,0.0014
1805,31.2072,30.9250,20.8698,12.3408,,true,2,0.008333,0.2664,0.0167,1.00,0.80,5.9602,22,1,385,385,0,426,526,0,14,14,0,357120,0,1440,0,0,804339712,0.000000,0.000000,0.000000,0.00,2,7,10,17,20,25,21,20,18,41,45,46,42,51,20,0,0,0,0.0015,0.0045,0.0790,0.0705,0.0122,0.2669,0.0178,12.3408,0.0343,0.2664,0.7351,0.0009,0.0004,0.3585,0.0047,0.0013,0.0000,0.0000,0.0011
1806,31.2252,30.9417,18.7598,10.8115,,true,2,0.008333,0.3564,0.0167,1.00,0.89,8.0533,22,1,385,385,0,425,525,0,14,14,0,357120,0,1440,0,0,804339712,0.000000,0.000000,0.000000,0.00,2,7,10,17,20,25,21,20,18,41,45,46,42,51,20,0,0,0,0.0010,0.0042,0.0708,0.0611,0.0113,0.3572,0.0178,10.8115,0.0278,0.3564,0.5116,0.0003,0.0002,0.1946,0.0015,0.0004,0.0000,0.0000,0.0005
1807,31.2421,30.9667,20.7546,9.0466,,true,3,0.008333,0.2184,0.0250,1.00,1.00,3.8079,22,1,385,385,0,426,526,0,14,14,0,357120,0,1440,0,0,804339712,0.000000,0.000000,0.000000,0.00,2,7,10,17,20,25,21,20,18,41,45,46,42,51,20,0,0,0,0.0004,0.0042,0.0369,0.0496,0.0084,0.2189,0.0075,9.0466,0.0098,0.2184,0.3852,0.0003,0.0003,0.1941,0.0014,0.0010,0.0000,0.0000,0.0009
1808,31.2533,30.9833,14.9780,5.5623,,true,2,0.008333,0.1941,0.0167,1.00,1.00,2.1192,22,1,385,385,0,428,528,0,14,14,0,357120,0,1440,0,0,804339712,0.000000,0.000000,0.000000,0.00,2,7,10,17,20,25,21,20,18,41,45,46,42,51,20,0,0,0,0.0004,0.0021,0.0586,0.0401,0.0068,0.1958,0.0062,5.5623,0.0234,0.1941,0.6257,0.0005,0.0006,0.2987,0.0014,0.0011,0.0000,0.0000,0.0013
1809,31.2682,31.0000,14.6727,5.7724,,true,2,0.008333,0.3364,0.0167,1.00,1.00,0.1253,22,1,385,385,0,430,530,0,14,14,0,357120,0,1440,0,0,804339712,0.000000,0.000000,0.000000,0.00,2,7,10,17,20,25,21,20,18,41,45,46,42,51,20,0,0,0,0.0010,0.0035,0.0482,0.0427,0.0055,0.3371,0.0070,5.7724,0.0192,0.3364,0.5468,0.0005,0.0009,0.2553,0.0012,0.0016,0.0000,0.0000,0.0012
1810,31.2843,31.0167,17.0807,4.9997,,true,2,0.008333,0.2303,0.0167,1.00,0.98,0.5393,22,1,385,385,0,431,531,0,14,14,0,357120,0,1440,0,0,804339712,0.000000,0.000000,0.000000,0.00,2,7,10,17,20,25,21,20,18,41,45,46,42,51,20,0,0,0,0.0004,0.0025,0.0623,0.0509,0.0071,0.2311,0.0068,4.9997,0.0199,0.2303,0.5695,0.0007,0.0005,0.2325,0.0013,0.0014,0.0000,0.0000,0.0014
1811,31.3017,31.0250,15.9334,6.6319,,true,1,0.008333,0.1731,0.0083,1.00,0.52,8.1394,22,1,385,385,0,429,529,0,14,14,0,357120,0,1440,0,0,804339712,0.000000,0.000000,0.000000,0.00,2,7,10,17,20,25,21,20,18,41,45,46,42,51,20,0,0,0,0.0005,0.0024,0.0395,0.0559,0.0109,0.1734,0.0069,6.6319,0.0165,0.1731,0.4567,0.0007,0.0005,0.1567,0.0018,0.0010,0.0000,0.0000,0.0011
1812,31.3191,31.0500,18.1590,5.5327,,true,3,0.008333,0.3513,0.0250,1.00,1.00,1.2984,22,1,385,385,0,430,530,0,14,14,0,354816,0,1440,0,0,804339712,0.000000,0.000000,0.000000,0.00,2,7,10,17,20,25,21,20,18,41,45,46,42,51,20,0,0,0,0.0002,0.0015,0.0582,0.0547,0.0127,0.3518,0.0068,5.5327,0.0222,0.3513,0.5926,0.0006,0.0003,0.2516,0.0022,0.0012,0.0000,0.0000,0.0010
1813,31.3327,31.0583,14.7154,4.9326,,true,1,0.008333,0.1987,0.0083,1.00,0.57,7.6805,22,1,385,385,0,429,529,0,14,14,0,354816,0,1440,0,0,804339712,0.000000,0.000000,0.000000,0.00,2,7,10,17,20,25,21,20,18,41,45,46,42,51,20,0,0,0,0.0006,0.0028,0.0564,0.0304,0.0035,0.1993,0.0058,4.9326,0.0320,0.1987,0.5689,0.0006,0.0005,0.2499,0.0018,0.0011,0.0000,0.0000,0.0015
1814,31.3480,31.0750,16.0981,4.4131,,true,2,0.008333,0.1876,0.0167,1.00,1.00,7.1120,22,1,385,385,0,428,528,0,14,14,0,352512,0,1440,0,0,804339712,0.000000,0.000000,0.000000,0.00,2,7,10,17,20,25,21,20,18,41,45,46,42,51,20,0,0,0,0.0002,0.0036,0.0416,0.0388,0.0056,0.1881,0.0093,4.4131,0.0172,0.1876,0.4763,0.0006,0.0005,0.1989,0.0020,0.0015,0.0000,0.0000,0.0008
1815,31.3676,31.0917,17.8100,5.8182,,true,2,0.008333,0.2378,0.0167,1.00,0.94,8.2553,22,1,385,385,0,428,528,0,14,14,0,352512,0,1440,0,0,804339712,0.000000,0.000000,0.000000,0.00,2,7,10,17,20,25,21,20,18,41,45,46,42,51,20,0,0,0,0.0004,0.0039,0.0611,0.0795,0.0089,0.2388,0.0075,5.8182,0.0230,0.2378,0.5443,0.0005,0.0006,0.2397,0.0015,0.0010,0.0000,0.0000,0.0009
1816,31.3865,31.1167,18.2577,6.0130,,true,3,0.008333,0.2816,0.0250,1.00,1.00,1.5130,22,1,385,385,0,429,529,0,14,14,0,352512,0,1440,0,0,804339712,0.000000,0.000000,0.000000,0.00,2,7,10,17,20,25,21,20,18,41,45,46,42,51,20,0,0,0,0.0009,0.0031,0.0524,0.0466,0.0065,0.2823,0.0110,6.0130,0.0243,0.2816,0.5256,0.0004,0.0007,0.2006,0.0033,0.0013,0.0000,0.0000,0.0012
1817,31.4002,31.1333,15.8103,4.4798,,true,2,0.008333,0.2256,0.0167,1.00,1.00,0.6566,22,1,385,385,0,430,530,0,14,14,0,352512,0,1440,0,0,804339712,0.000000,0.000000,0.000000,0.00,2,7,10,17,20,25,21,20,18,41,45,46,42,51,20,0,0,0,0.0001,0.0015,0.0432,0.0355,0.0040,0.2259,0.0049,4.4798,0.0162,0.2256,0.4688,0.0006,0.0006,0.1801,0.0011,0.0012,0.0000,0.0000,0.0012
1818,31.4194,31.1500,18.0544,5.1028,,true,2,0.008333,0.3141,0.0167,1.00,0.92,2.0443,22,1,385,385,0,431,531,0,14,14,0,352512,0,1440,0,0,804339712,0.000000,0.000000,0.000000,0.00,2,7,10,17,20,25,21,20,18,41,45,46,42,51,20,0,0,0,0.0001,0.0025,0.0395,0.0460,0.0084,0.3149,0.0036,5.1028,0.0206,0.3141,0.4429,0.0006,0.0005,0.1818,0.0013,0.0011,0.0000,0.0000,0.0006
1819,31.4358,31.1667,17.0290,4.7828,,true,2,0.008333,0.2344,0.0167,1.00,0.98,2.4066,22,1,385,385,0,431,531,0,14,14,0,352512,0,1440,0,0,804339712,0.000000,0.000000,0.000000,0.00,2,7,10,17,20,25,21,20,18,41,45,46,42,51,20,0,0,0,0.0001,0.0017,0.0398,0.0386,0.0058,0.2347,0.0060,4.7828,0.0171,0.2344,0.4394,0.0005,0.0004,0.1657,0.0008,0.0010,0.0000,0.0000,0.0009
1820,31.4519,31.1833,16.4268,4.4971,,true,2,0.008333,0.1999,0.0167,1.00,1.00,2.1668,22,1,385,385,0,431,531,0,14,14,0,352512,0,1440,0,0,804339712,0.000000,0.000000,0.000000,0.00,2,7,10,17,20,25,21,20,18,41,45,46,42,51,20,0,0,0,0.0002,0.0013,0.0515,0.0339,0.0059,0.2001,0.0052,4.4971,0.0210,0.1999,0.5667,0.0006,0.0004,0.2311,0.0011,0.0009,0.0000,0.0000,0.0017
1821,31.4663,31.1917,14.2523,4.6886,,true,1,0.008333,0.1544,0.0083,1.00,0.58,8.0858,22,1,385,385,0,430,530,0,14,14,0,352512,0,1440,0,0,804339712,0.000000,0.000000,0.000000,0.00,2,7,10,17,20,25,21,20,18,41,45,46,42,51,20,0,0,0,0.0009,0.0038,0.0479,0.0382,0.0056,0.1554,0.0069,4.6886,0.0163,0.1544,0.4180,0.0004,0.0004,0.1689,0.0014,0.0008,0.0000,0.0000,0.0006
1822,31.4842,31.2083,16.5491,5.7530,,true,2,0.008333,0.1972,0.0167,1.00,1.00,7.9683,22,1,385,385,0,429,529,0,14,14,0,352512,0,1440,0,0,804339712,0.000000,0.000000,0.000000,0.00,2,7,10,17,20,25,21,20,18,41,45,46,42,51,20,0,0,0,0.0006,0.0034,0.0619,0.0376,0.0060,0.1977,0.0067,5.7530,0.0230,0.1972,0.4847,0.0006,0.0002,0.1969,0.0012,0.0018,0.0000,0.0000,0.0008
1823,31.5013,31.2333,17.3145,5.6389,,true,3,0.008333,0.2568,0.0250,1.00,1.00,0.2827,22,1,385,385,0,430,530,0,14,14,0,352512,0,1440,0,0,804339712,0.000000,0.000000,0.000000,0.00,2,7,10,17,20,25,21,20,18,41,45,46,42,51,20,0,0,0,0.0002,0.0013,0.0464,0.0436,0.0069,0.2571,0.0041,5.6389,0.0157,0.2568,0.4374,0.0004,0.0004,0.1690,0.0010,0.0012,0.0000,0.0000,0.0012
1824,31.5176,31.2417,15.7489,6.1221,,true,1,0.008333,0.1634,0.0083,1.00,0.53,7.6983,22,1,385,385,0,430,530,0,14,14,0,352512,0,1440,0,0,804339712,0.000000,0.000000,0.000000,0.00,2,7,10,17,20,25,21,20,18,41,45,46,42,51,20,0,0,0,0.0003,0.0015,0.0420,0.0532,0.0053,0.1640,0.0060,6.1221,0.0159,0.1634,0.4382,0.0008,0.0004,0.1705,0.0011,0.0012,0.0000,0.0000,0.0014
1825,31.5362,31.2667,17.3551,7.5690,,true,3,0.008333,0.3128,0.0250,1.00,1.00,0.0535,22,1,385,385,0,431,531,0,14,14,0,352512,0,1440,0,0,804339712,0.000000,0.000000,0.000000,0.00,2,7,10,17,20,25,21,20,18,41,45,46,42,51,20,0,0,0,0.0007,0.0020,0.0363,0.0469,0.0080,0.3133,0.0048,7.5690,0.0132,0.3128,0.4268,0.0006,0.0007,0.1914,0.0012,0.0011,0.0000,0.0000,0.0013
1826,31.5508,31.2750,16.0459,6.0385,,true,1,0.008333,0.1663,0.0083,1.00,0.52,7.7660,22,1,385,385,0,430,530,0,14,14,0,352512,0,1440,0,0,804339712,0.000000,0.000000,0.000000,0.00,2,7,10,17,20,25,21,20,18,41,45,46,42,51,20,0,0,0,0.0005,0.0036,0.0565,0.0444,0.0094,0.1670,0.0056,6.0385,0.0237,0.1663,0.5035,0.0006,0.0003,0.2006,0.0020,0.0012,0.0000,0.0000,0.0009
1827,31.5665,31.2917,16.2926,5.3184,,true,2,0.008333,0.2055,0.0167,1.00,1.00,7.3919,22,1,385,385,0,429,529,0,14,14,0,352512,0,1440,0,0,804339712,0.000000,0.000000,0.000000,0.00,2,7,10,17,20,25,21,20,18,41,45,46,42,51,20,0,0,0,0.0001,0.0017,0.0580,0.0429,0.0063,0.2067,0.0050,5.3184,0.0201,0.2055,0.4845,0.0005,0.0005,0.1849,0.0005,0.0017,0.0000,0.0000,0.0010
1828,31.5821,31.3083,16.3616,4.6893,,true,2,0.008333,0.1965,0.0167,1.00,1.00,7.0869,22,1,385,385,0,429,529,0,14,14,0,352512,0,1440,0,0,804339712,0.000000,0.000000,0.000000,0.00,2,7,10,17,20,25,21,20,18,41,45,46,42,51,20,0,0,0,0.0004,0.0025,0.0421,0.0392,0.0060,0.1967,0.0051,4.6893,0.0182,0.1965,0.4372,0.0004,0.0007,0.1682,0.0013,0.0008,0.0000,0.0000,0.0011
1829,31.6004,31.3250,17.7017,5.3493,,true,2,0.008333,0.2009,0.0167,1.00,0.94,8.1219,22,1,385,385,0,429,529,0,14,14,0,352512,0,1440,0,0,804339712,0.000000,0.000000,0.000000,0.00,2,7,10,17,20,25,21,20,18,41,45,46,42,51,20,0,0,0,0.0005,0.0024,0.0561,0.0477,0.0053,0.2016,0.0081,5.3493,0.0217,0.2009,0.4494,0.0005,0.0002,0.1661,0.0012,0.0011,0.0000,0.0000,0.0011
1830,31.6146,31.3417,14.4062,5.2710,,true,2,0.008333,0.2446,0.0167,1.00,1.00,5.8614,22,1,385,385,0,429,529,0,14,14,0,352512,0,1440,0,0,804339712,0.000000,0.000000,0.000000,0.00,2,7,10,17,20,25,21,20,18,41,45,46,42,51,20,0,0,0,0.0008,0.0021,0.0383,0.0631,0.0086,0.2456,0.0056,5.2710,0.0141,0.2446,0.4450,0.0007,0.0005,0.1754,0.0016,0.0012,0.0000,0.0000,0.0010
1831,31.6323,31.3583,17.4416,5.1166,,true,2,0.008333,0.1905,0.0167,1.00,0.96,6.6364,22,1,385,385,0,429,529,0,14,14,0,352512,0,1440,0,0,804339712,0.000000,0.000000,0.000000,0.00,2,7,10,17,20,25,21,20,18,41,45,46,42,51,20,0,0,0,0.0006,0.0017,0.0322,0.0430,0.0075,0.1907,0.0045,5.1166,0.0180,0.1905,0.4435,0.0006,0.0004,0.1603,0.0011,0.0011,0.0000,0.0000,0.0012
1832,31.6483,31.3750,16.1212,5.3343,,true,2,0.008333,0.1763,0.0167,1.00,1.00,6.0910,22,1,385,385,0,429,529,0,14,14,0,352512,0,1440,0,0,804339712,0.000000,0.000000,0.000000,0.00,2,7,10,17,20,25,21,20,18,41,45,46,42,51,20,0,0,0,0.0001,0.0022,0.0326,0.0591,0.0065,0.1776,0.0071,5.3343,0.0168,0.1763,0.3763,0.0005,0.0004,0.1538,0.0021,0.0012,0.0000,0.0000,0.0008
1833,31.6651,31.3917,15.9455,6.2315,,true,2,0.008333,0.3158,0.0167,1.00,1.00,5.3698,22,1,385,385,0,429,529,0,14,14,0,352512,0,1440,0,0,804339712,0.000000,0.000000,0.000000,0.00,2,7,10,17,20,25,21,20,18,41,45,46,42,51,20,0,0,0,0.0006,0.0040,0.0630,0.0475,0.0079,0.3167,0.0085,6.2315,0.0261,0.3158,0.4276,0.0005,0.0004,0.1622,0.0015,0.0012,0.0000,0.0000,0.0008
1834,31.6913,31.4083,18.4113,13.5680,,true,2,0.008333,2.2419,0.0167,1.00,0.91,7.1144,22,1,385,385,0,429,529,0,14,14,0,352512,0,1440,0,0,804339712,0.000000,0.000000,0.000000,0.00,2,7,10,17,20,25,21,20,18,41,45,46,42,51,20,0,0,0,0.0009,0.0037,0.3399,0.0749,0.0312,2.2447,0.0090,13.5680,0.0544,2.2419,0.5664,0.0006,0.0008,0.2081,0.0021,0.0017,0.0000,0.0000,0.0019
1835,31.7114,31.4333,19.2712,13.8562,,true,3,0.008333,0.3264,0.0250,1.00,1.00,1.3857,22,1,385,385,8,430,530,0,14,14,0,352512,0,1448,15,40,804343808,0.000000,0.000000,0.000000,0.00,2,7,10,17,20,25,21,20,18,41,45,46,42,51,20,0,0,0,0.0002,0.0021,0.1418,0.0862,0.0168,0.3277,0.0148,13.8562,0.0342,0.3264,5.2772,0.0014,0.2141,0.3429,0.0048,0.0022,0.0000,0.0000,4.2657
1836,31.7275,31.4500,20.8268,9.5261,,true,2,0.008333,0.2361,0.0167,1.00,0.80,5.5458,22,1,385,385,7,409,509,0,14,14,8,352512,0,1455,7,35,804343808,0.000000,0.000000,0.000000,0.00,2,7,10,17,20,25,21,20,18,41,45,46,42,51,20,0,0,0,0.0016,0.0065,0.0588,0.1200,0.0052,0.2408,0.0152,9.5261,0.0254,0.2361,0.7815,0.0323,0.1632,0.2047,0.0012,0.0175,0.0000,37.2625,0.0010
1837,31.7409,31.4667,16.9350,5.6091,,true,2,0.008333,0.2024,0.0167,1.00,0.98,5.8141,22,1,385,385,0,402,502,0,14,14,7,352512,0,1455,0,0,804343808,0.000000,0.000000,0.000000,0.00,2,7,10,17,20,25,21,20,18,41,45,46,42,51,20,0,0,0,0.0001,0.0037,0.0360,0.0384,0.0081,0.2031,0.0057,5.6091,0.0139,0.2024,0.6444,0.0205,0.1421,0.1672,0.0015,0.0103,0.0000,32.0552,0.0011
1838,31.7549,31.4833,14.9504,4.9436,,true,2,0.008333,0.2011,0.0167,1.00,1.00,4.0978,22,1,385,385,0,404,504,0,14,14,0,352512,0,1455,0,0,804343808,0.000000,0.000000,0.000000,0.00,2,7,10,17,20,25,21,20,18,41,45,47,39,45,28,0,0,0,0.0004,0.0022,0.0462,0.0374,0.0055,0.2015,0.0033,4.9436,0.0152,0.2011,0.6081,0.0003,0.0005,0.2345,0.0018,0.0013,0.0000,0.0000,0.0008
1839,31.7734,31.5000,17.9645,5.7154,,true,2,0.008333,0.2928,0.0167,1.00,0.93,5.3957,22,1,385,385,0,405,505,0,14,14,0,350208,0,1455,0,0,804343808,0.000000,0.000000,0.000000,0.00,2,7,10,17,20,25,21,20,18,41,45,47,39,45,28,0,0,0,0.0001,0.0023,0.0424,0.0430,0.0082,0.2932,0.0063,5.7154,0.0225,0.2928,0.3898,0.0005,0.0007,0.1737,0.0016,0.0014,0.0000,0.0000,0.0006
1840,31.7887,31.5167,16.0597,5.0546,,true,2,0.008333,0.2285,0.0167,1.00,1.00,4.7887,22,1,385,385,0,407,507,0,14,14,0,350208,0,1455,0,0,804343808,0.000000,0.000000,0.000000,0.00,2,7,10,17,20,25,21,20,18,41,45,47,39,45,28,0,0,0,0.0004,0.0028,0.0360,0.0418,0.0077,0.2293,0.0063,5.0546,0.0157,0.2285,0.3714,0.0008,0.0006,0.1596,0.0017,0.0016,0.0000,0.0000,0.0011
1841,31.8131,31.5333,18.6415,9.6747,,true,2,0.008333,0.2758,0.0167,1.00,0.89,6.7636,22,1,385,385,0,408,508,0,14,14,0,350208,0,1455,0,0,804343808,0.000000,0.000000,0.000000,0.00,2,7,10,17,20,25,21,20,18,41,45,47,39,45,28,0,0,0,0.0002,0.0065,0.0529,0.0641,0.0119,0.2776,0.0146,9.6747,0.0215,0.2758,0.6166,0.0009,0.0014,0.2900,0.0030,0.0023,0.0000,0.0000,0.0019
1842,31.8266,31.5500,17.6893,6.5875,,true,2,0.008333,0.3640,0.0167,1.00,0.94,7.7862,22,1,385,385,0,408,508,0,14,14,0,350208,0,1455,0,0,804343808,0.000000,0.000000,0.000000,0.00,2,7,10,17,20,25,21,20,18,41,45,47,39,45,28,0,0,0,0.0004,0.0046,0.0589,0.1050,0.0205,0.3655,0.0089,6.5875,0.0248,0.3640,0.5994,0.0004,0.0006,0.2683,0.0025,0.0019,0.0000,0.0000,0.0015
1843,31.8439,31.5750,18.2348,5.5795,,true,3,0.008333,0.2128,0.0250,1.00,1.00,1.0210,22,1,385,385,0,414,514,0,14,14,0,350208,0,1455,0,0,804343808,0.000000,0.000000,0.000000,0.00,2,7,10,17,20,25,21,20,18,41,45,47,39,45,28,0,0,0,0.0008,0.0023,0.0622,0.0499,0.0071,0.2134,0.0084,5.5795,0.0268,0.2128,0.6081,0.0006,0.0009,0.3241,0.0017,0.0012,0.0000,0.0000,0.0010
1844,31.8621,31.5917,18.0956,5.7568,,true,2,0.008333,0.1733,0.0167,1.00,0.92,2.4499,22,1,385,385,0,418,518,0,14,14,0,350208,0,1455,0,0,804343808,0.000000,0.000000,0.000000,0.00,2,7,10,17,20,25,21,20,18,41,45,47,39,45,28,0,0,0,0.0009,0.0018,0.0578,0.0461,0.0110,0.1739,0.0047,5.7568,0.0244,0.1733,0.4583,0.0004,0.0005,0.1817,0.0014,0.0011,0.0000,0.0000,0.0010
1845,31.8769,31.6083,14.9637,5.6361,,true,2,0.008333,0.2786,0.0167,1.00,1.00,0.7469,22,1,385,385,0,422,522,0,14,14,0,350208,0,1455,0,0,804343808,0.000000,0.000000,0.000000,0.00,2,7,10,17,20,25,21,20,18,41,45,47,39,45,28,0,0,0,0.0002,0.0021,0.0735,0.0540,0.0082,0.2800,0.0084,5.6361,0.0274,0.2786,0.5648,0.0012,0.0007,0.2569,0.0024,0.0025,0.0000,0.0000,0.0012
1846,31.8949,31.6250,18.2366,4.9418,,true,2,0.008333,0.1982,0.0167,1.00,0.91,2.3168,22,1,385,385,0,424,524,0,14,14,0,350208,0,1455,0,0,804343808,0.000000,0.000000,0.000000,0.00,2,7,10,17,20,25,21,20,18,41,45,47,39,45,28,0,0,0,0.0007,0.0023,0.0377,0.0543,0.0071,0.1986,0.0095,4.9418,0.0161,0.1982,0.4434,0.0006,0.0004,0.1829,0.0017,0.0009,0.0000,0.0000,0.0017
1847,31.9125,31.6417,16.3015,6.5599,,true,2,0.008333,0.3649,0.0167,1.00,1.00,1.9517,22,1,385,385,0,425,525,0,14,14,0,350208,0,1455,0,0,804343808,0.000000,0.000000,0.000000,0.00,2,7,10,17,20,25,21,20,18,41,45,47,39,45,28,0,0,0,0.0007,0.0018,0.0528,0.0564,0.0079,0.3657,0.0160,6.5599,0.0211,0.3649,0.5045,0.0004,0.0002,0.2273,0.0009,0.0011,0.0000,0.0000,0.0007
1848,31.9365,31.6667,23.3623,7.4384,,true,3,0.008333,0.2377,0.0250,1.00,1.00,0.3140,22,1,385,385,0,427,527,0,14,14,0,350208,0,1455,0,0,804343808,0.000000,0.000000,0.000000,0.00,2,7,10,17,20,25,21,20,18,41,45,47,39,45,28,0,0,0,0.0002,0.0019,0.0405,0.0489,0.0059,0.2385,0.0047,7.4384,0.0114,0.2377,0.3817,0.0003,0.0003,0.1548,0.0009,0.0010,0.0000,0.0000,0.0011
1849,31.9478,31.6750,14.0872,4.7265,,true,1,0.008333,0.1684,0.0083,1.00,0.59,6.0679,22,1,385,385,0,426,526,0,14,14,0,350208,0,1455,0,0,804343808,0.000000,0.000000,0.000000,0.00,2,7,10,17,20,25,21,20,18,41,45,47,39,45,28,0,0,0,0.0004,0.0020,0.0408,0.0453,0.0070,0.1687,0.0047,4.7265,0.0157,0.1684,0.4041,0.0004,0.0004,0.1733,0.0020,0.0006,0.0000,0.0000,0.0006
1850,31.9614,31.6917,12.7466,5.9104,,true,2,0.008333,0.1916,0.0167,1.00,1.00,2.1478,22,1,385,385,0,427,527,0,14,14,0,350208,0,1455,0,0,804343808,0.000000,0.000000,0.000000,0.00,2,7,10,17,20,25,21,20,18,41,45,47,39,45,28,0,0,0,0.0002,0.0017,0.0590,0.0358,0.0057,0.1926,0.0049,5.9104,0.0174,0.1916,0.4640,0.0004,0.0006,0.1623,0.0017,0.0010,0.0000,0.0000,0.0008
1851,31.9780,31.7083,17.3871,4.9291,,true,2,0.008333,0.2196,0.0167,1.00,0.96,2.8683,22,1,385,385,0,428,528,0,14,14,0,350208,0,1455,0,0,804343808,0.000000,0.000000,0.000000,0.00,2,7,10,17,20,25,21,20,18,41,45,47,39,45,28,0,0,0,0.0012,0.0024,0.0467,0.0554,0.0115,0.2202,0.0059,4.9291,0.0177,0.2196,0.4232,0.0006,0.0004,0.1760,0.0017,0.0010,0.0000,0.0000,0.0007
1852,31.9960,31.7250,15.5388,7.4538,,true,2,0.008333,0.2109,0.0167,1.00,1.00,1.7404,22,1,385,385,0,429,529,0,14,14,0,350208,0,1455,0,0,804343808,0.000000,0.000000,0.000000,0.00,2,7,10,17,20,25,21,20,18,41,45,47,39,45,28,0,0,0,0.0001,0.0010,0.0447,0.0489,0.0109,0.2123,0.0023,7.4538,0.0275,0.2109,0.4638,0.0006,0.0006,0.2008,0.0008,0.0021,0.0000,0.0000,0.0015
1853,32.0145,31.7417,20.0825,5.9178,,true,2,0.008333,0.2382,0.0167,1.00,0.83,5.1562,22,1,385,385,0,428,528,0,14,14,0,350208,0,1455,0,0,804343808,0.000000,0.000000,0.000000,0.00,2,7,10,17,20,25,21,20,18,41,45,47,39,45,28,0,0,0,0.0005,0.0020,0.0416,0.0474,0.0059,0.2396,0.0052,5.9178,0.0181,0.2382,0.4993,0.0010,0.0007,0.1968,0.0020,0.0019,0.0000,0.0000,0.0010
1854,32.0311,31.7583,15.7194,6.5956,,true,2,0.008333,0.5676,0.0167,1.00,1.00,4.2089,22,1,385,385,0,428,528,0,14,14,0,350208,0,1455,0,0,804343808,0.000000,0.000000,0.000000,0.00,2,7,10,17,20,25,21,20,18,41,45,47,39,45,28,0,0,0,0.0006,0.0023,0.0646,0.0705,0.0113,0.5690,0.0092,6.5956,0.0206,0.5676,0.6181,0.0006,0.0004,0.2237,0.0022,0.0013,0.0000,0.0000,0.0011
1855,32.0448,31.7750,15.6313,4.9279,,true,2,0.008333,0.2508,0.0167,1.00,1.00,3.1735,22,1,385,385,0,428,528,0,14,14,0,350208,0,1455,0,0,804343808,0.000000,0.000000,0.000000,0.00,2,7,10,17,20,25,21,20,18,41,45,47,39,45,28,0,0,0,0.0007,0.0024,0.0462,0.0548,0.0053,0.2512,0.0067,4.9279,0.0179,0.2508,0.4411,0.0007,0.0007,0.1734,0.0014,0.0017,0.0000,0.0000,0.0008
1856,32.0628,31.7917,16.4853,6.0698,,true,2,0.008333,0.2769,0.0167,1.00,1.00,2.9922,22,1,385,385,0,429,529,0,14,14,0,350208,0,1455,0,0,804343808,0.000000,0.000000,0.000000,0.00,2,7,10,17,20,25,21,20,18,41,45,47,39,45,28,0,0,0,0.0002,0.0020,0.0446,0.0465,0.0110,0.2775,0.0067,6.0698,0.0204,0.2769,0.5192,0.0007,0.0010,0.2141,0.0021,0.0012,0.0000,0.0000,0.0010
1857,32.0779,31.8083,15.7656,5.2606,,true,2,0.008333,0.2827,0.0167,1.00,1.00,2.0911,22,1,385,385,0,429,529,0,14,14,0,350208,0,1455,0,0,804343808,0.000000,0.000000,0.000000,0.00,2,7,10,17,20,25,21,20,18,41,45,47,39,45,28,0,0,0,0.0002,0.0026,0.0559,0.0493,0.0147,0.2840,0.0067,5.2606,0.0225,0.2827,0.4668,0.0005,0.0007,0.1740,0.0016,0.0009,0.0000,0.0000,0.0007
1858,32.0941,31.8250,17.3805,4.5232,,true,2,0.008333,0.2256,0.0167,1.00,0.96,2.8050,22,1,385,385,0,429,529,0,14,14,0,350208,0,1455,0,0,804343808,0.000000,0.000000,0.000000,0.00,2,7,10,17,20,25,21,20,18,41,45,47,39,45,28,0,0,0,0.0004,0.0024,0.0389,0.0447,0.0068,0.2261,0.0056,4.5232,0.0158,0.2256,0.4431,0.0006,0.0004,0.1771,0.0016,0.0013,0.0000,0.0000,0.0013
1859,32.1095,31.8417,14.6165,5.4198,,true,2,0.008333,0.1823,0.0167,1.00,1.00,0.7548,22,1,385,385,0,430,530,0,14,14,0,350208,0,1455,0,0,804343808,0.000000,0.000000,0.000000,0.00,2,7,10,17,20,25,21,20,18,41,45,47,39,45,28,0,0,0,0.0009,0.0028,0.0598,0.0377,0.0052,0.1833,0.0052,5.4198,0.0257,0.1823,0.5728,0.0008,0.0015,0.2098,0.0018,0.0009,0.0000,0.0000,0.0009
1860,32.1262,31.8583,16.7359,4.9839,,true,2,0.008333,0.2073,0.0167,1.00,1.00,0.8240,22,1,385,385,0,431,531,0,14,14,0,350208,0,1455,0,0,804343808,0.000000,0.000000,0.000000,0.00,2,7,10,17,20,25,21,20,18,41,45,47,39,45,28,0,0,0,0.0003,0.0019,0.0411,0.0399,0.0089,0.2078,0.0059,4.9839,0.0141,0.2073,0.5038,0.0006,0.0003,0.1713,0.0025,0.0008,0.0000,0.0000,0.0007
1861,32.1412,31.8667,15.3244,4.9541,,true,1,0.008333,0.2123,0.0083,1.00,0.54,7.8151,22,1,385,385,0,429,529,0,14,14,0,350208,0,1455,0,0,804343808,0.000000,0.000000,0.000000,0.00,2,7,10,17,20,25,21,20,18,41,45,47,39,45,28,0,0,0,0.0005,0.0013,0.0436,0.0360,0.0027,0.2125,0.0055,4.9541,0.0197,0.2123,0.4336,0.0005,0.0002,0.1658,0.0013,0.0019,0.0000,0.0000,0.0008
1862,32.1563,31.8833,15.4837,4.6507,,true,2,0.008333,0.1867,0.0167,1.00,1.00,6.6321,22,1,385,385,0,429,529,0,14,14,0,350208,0,1455,0,0,804343808,0.000000,0.000000,0.000000,0.00,2,7,10,17,20,25,21,20,18,41,45,47,39,45,28,0,0,0,0.0004,0.0010,0.0417,0.0547,0.0082,0.1869,0.0032,4.6507,0.0191,0.1867,0.4291,0.0003,0.0005,0.1687,0.0008,0.0010,0.0000,0.0000,0.0009
1863,32.1736,31.9000,17.3918,4.4540,,true,2,0.008333,0.3113,0.0167,1.00,0.96,7.3572,22,1,385,385,0,428,528,0,14,14,0,350208,0,1455,0,0,804343808,0.000000,0.000000,0.000000,0.00,2,7,10,17,20,25,21,20,18,41,45,47,39,45,28,0,0,0,0.0004,0.0019,0.0490,0.0463,0.0077,0.3115,0.0041,4.4540,0.0173,0.3113,0.4570,0.0005,0.0002,0.1829,0.0016,0.0008,0.0000,0.0000,0.0006
1864,32.1916,31.9167,15.1296,6.6964,,true,2,0.008333,0.4066,0.0167,1.00,1.00,5.8200,22,1,385,385,0,428,528,0,14,14,0,350208,0,1455,0,0,804343808,0.000000,0.000000,0.000000,0.00,2,7,10,17,20,25,21,20,18,41,45,47,39,45,28,0,0,0,0.0012,0.0033,0.0618,0.0969,0.0145,0.4070,0.0288,6.6964,0.0232,0.4066,0.6799,0.0010,0.0016,0.2655,0.0015,0.0024,0.0000,0.0000,0.0023
1865,32.2074,31.9333,16.9759,5.7372,,true,2,0.008333,0.2280,0.0167,1.00,0.98,6.1293,22,1,385,385,0,428,528,0,14,14,0,350208,0,1455,0,0,804343808,0.000000,0.000000,0.000000,0.00,2,7,10,17,20,25,21,20,18,41,45,47,39,45,28,0,0,0,0.0002,0.0020,0.0615,0.0434,0.0068,0.2288,0.0063,5.7372,0.0178,0.2280,0.5241,0.0007,0.0011,0.1899,0.0026,0.0016,0.0000,0.0000,0.0022
1866,32.2252,31.9500,18.3037,5.2115,,true,2,0.008333,0.2269,0.0167,1.00,0.91,7.7663,22,1,385,385,0,427,527,0,14,14,0,350208,0,1455,0,0,804343808,0.000000,0.000000,0.000000,0.00,2,7,10,17,20,25,21,20,18,41,45,47,39,45,28,0,0,0,0.0004,0.0017,0.0504,0.0445,0.0068,0.2278,0.0069,5.2115,0.0192,0.2269,0.4289,0.0007,0.0007,0.1747,0.0016,0.0012,0.0000,0.0000,0.0009
1867,32.2437,31.9750,18.2969,5.6793,,true,3,0.008333,0.2510,0.0250,1.00,1.00,1.0632,22,1,385,385,0,428,528,0,14,14,0,350208,0,1455,0,0,804343808,0.000000,0.000000,0.000000,0.00,2,7,10,17,20,25,21,20,18,41,45,47,39,45,28,0,0,0,0.0002,0.0027,0.0534,0.0459,0.0065,0.2515,0.0058,5.6793,0.0192,0.2510,0.4808,0.0005,0.0005,0.1751,0.0014,0.0011,0.0000,0.0000,0.0008
1868,32.2569,31.9833,14.5969,4.5415,,true,1,0.008333,0.1515,0.0083,1.00,0.57,7.3268,22,1,385,385,0,428,528,0,14,14,0,350208,0,1455,0,0,804343808,0.000000,0.000000,0.000000,0.00,2,7,10,17,20,25,21,20,18,41,45,47,39,45,28,0,0,0,0.0002,0.0010,0.0429,0.0404,0.0063,0.1523,0.0037,4.5415,0.0173,0.1515,0.4278,0.0009,0.0004,0.1622,0.0020,0.0008,0.0000,0.0000,0.0009
1869,32.2730,32.0000,16.0312,4.5303,,true,2,0.008333,0.3190,0.0167,1.00,1.00,6.6914,22,1,385,385,0,428,528,0,14,14,0,350208,0,1455,0,0,804343808,0.000000,0.000000,0.000000,0.00,2,7,10,17,20,25,21,20,18,41,45,47,39,45,28,0,0,0,0.0001,0.0021,0.0377,0.0422,0.0072,0.3196,0.0056,4.5303,0.0184,0.3190,0.4305,0.0005,0.0005,0.1803,0.0013,0.0010,0.0000,0.0000,0.0011
1870,32.2876,32.0167,14.3463,4.6980,,true,2,0.008333,0.2315,0.0167,1.00,1.00,4.3710,22,1,385,385,0,428,528,0,14,14,0,350208,0,1455,0,0,804343808,0.000000,0.000000,0.000000,0.00,2,7,10,17,20,25,21,20,18,41,45,47,39,45,28,0,0,0,0.0006,0.0013,0.0413,0.0402,0.0060,0.2328,0.0049,4.6980,0.0089,0.2315,0.4537,0.0006,0.0006,0.1692,0.0012,0.0010,0.0000,0.0000,0.0011
1871,32.3033,32.0333,15.8625,4.8189,,true,2,0.008333,0.2165,0.0167,1.00,1.00,3.5668,22,1,385,385,0,429,529,0,14,14,0,350208,0,1455,0,0,804343808,0.000000,0.000000,0.000000,0.00,2,7,10,17,20,25,21,20,18,41,45,47,39,45,28,0,0,0,0.0005,0.0022,0.0540,0.0500,0.0086,0.2173,0.0059,4.8189,0.0183,0.2165,0.4540,0.0004,0.0003,0.1992,0.0023,0.0009,0.0000,0.0000,0.0007
1872,32.3174,32.0500,15.0471,3.8899,,true,2,0.008333,0.1560,0.0167,1.00,1.00,1.9472,22,1,385,385,0,429,529,0,14,14,0,350208,0,1455,0,0,804343808,0.000000,0.000000,0.000000,0.00,2,7,10,17,20,25,21,20,18,41,45,47,39,45,28,0,0,0,0.0002,0.0011,0.0413,0.0288,0.0054,0.1561,0.0043,3.8899,0.0158,0.1560,0.4140,0.0003,0.0003,0.1895,0.0005,0.0012,0.0000,0.0000,0.0006
1873,32.3349,32.0667,15.3645,5.6032,,true,2,0.008333,0.1916,0.0167,1.00,1.00,0.6450,22,1,385,385,0,430,530,0,14,14,0,350208,0,1455,0,0,804343808,0.000000,0.000000,0.000000,0.00,2,7,10,17,20,25,21,20,18,41,45,47,39,45,28,0,0,0,0.0002,0.0015,0.0475,0.0450,0.0059,0.1931,0.0054,5.6032,0.0199,0.1916,0.4234,0.0007,0.0004,0.1725,0.0016,0.0005,0.0000,0.0000,0.0010
1874,32.3513,32.0833,17.3310,4.8713,,true,2,0.008333,0.2321,0.0167,1.00,0.96,1.3093,22,1,385,385,0,430,530,0,14,14,0,350208,0,1455,0,0,804343808,0.000000,0.000000,0.000000,0.00,2,7,10,17,20,25,21,20,18,41,45,47,39,45,28,0,0,0,0.0002,0.0018,0.0394,0.0463,0.0102,0.2331,0.0055,4.8713,0.0180,0.2321,0.4352,0.0002,0.0005,0.1746,0.0019,0.0013,0.0000,0.0000,0.0013
1875,32.3653,32.0917,14.7163,4.3116,,true,1,0.008333,0.1721,0.0083,1.00,0.57,7.6923,22,1,385,385,0,430,530,0,14,14,0,350208,0,1455,0,0,804343808,0.000000,0.000000,0.000000,0.00,2,7,10,17,20,25,21,20,18,41,45,47,39,45,28,0,0,0,0.0002,0.0019,0.0407,0.0397,0.0059,0.1727,0.0043,4.3116,0.0120,0.1721,0.4317,0.0005,0.0004,0.1778,0.0012,0.0009,0.0000,0.0000,0.0008
1876,32.3805,32.1083,15.3309,4.2942,,true,2,0.008333,0.1943,0.0167,1.00,1.00,6.3565,22,1,385,385,0,429,529,0,14,14,0,350208,0,1455,0,0,804343808,0.000000,0.000000,0.000000,0.00,2,7,10,17,20,25,21,20,18,41,45,47,39,45,28,0,0,0,0.0002,0.0018,0.0575,0.0359,0.0048,0.1951,0.0041,4.2942,0.0194,0.1943,0.4803,0.0006,0.0003,0.2082,0.0010,0.0006,0.0000,0.0000,0.0008
1877,32.3960,32.1250,15.5514,4.1566,,true,2,0.008333,0.1661,0.0167,1.00,1.00,5.2413,22,1,385,385,0,429,529,0,14,14,0,350208,0,1455,0,0,804343808,0.000000,0.000000,0.000000,0.00,2,7,10,17,20,25,21,20,18,41,45,47,39,45,28,0,0,0,0.0003,0.0014,0.0387,0.0294,0.0050,0.1670,0.0046,4.1566,0.0183,0.1661,0.3661,0.0004,0.0004,0.1368,0.0011,0.0009,0.0000,0.0000,0.0007
1878,32.4198,32.1417,15.8225,12.0058,,true,2,0.008333,0.3675,0.0167,1.00,1.00,4.3971,22,1,385,385,8,429,529,0,14,14,0,350208,0,1463,30,40,804343808,0.000000,0.000000,0.000000,0.00,2,7,10,17,20,25,21,20,18,41,45,47,39,45,28,0,0,0,0.0006,0.0041,0.0478,0.0590,0.0101,0.3693,0.0061,12.0058,0.0134,0.3675,4.6508,0.0003,0.1568,0.1521,0.0020,0.0009,0.0000,0.0000,3.9135
1879,32.4314,32.1583,17.0515,6.2783,,true,2,0.008333,0.2839,0.0167,1.00,0.98,4.7820,22,1,385,385,8,427,527,0,14,14,8,350208,0,1471,22,40,804343808,0.000000,0.000000,0.000000,0.00,2,7,10,17,20,25,21,20,18,41,45,47,39,45,28,0,0,0,0.0004,0.0013,0.0464,0.0562,0.0049,0.2846,0.0042,6.2783,0.0159,0.2839,0.8378,0.0286,0.2137,0.1641,0.0031,0.0178,0.0000,36.1621,0.0015
1880,32.4514,32.1750,16.3623,9.7238,,true,2,0.008333,0.2351,0.0167,1.00,1.00,4.4776,22,1,385,385,8,428,528,0,14,14,8,350208,0,1479,14,40,804343808,0.000000,0.000000,0.000000,0.00,2,7,10,17,20,25,21,20,18,41,45,47,39,45,28,0,0,0,0.0004,0.0013,1.9012,0.0512,0.0042,0.2358,0.0056,9.7238,0.0175,0.2351,0.8764,0.0271,0.1698,0.2166,0.0015,0.0173,0.0000,36.4731,0.0011
1881,32.4646,32.1917,17.2026,5.2971,,true,2,0.008333,0.1907,0.0167,1.00,0.97,5.0135,22,1,385,385,6,428,528,0,14,14,8,350208,0,1485,6,30,804343808,0.000000,0.000000,0.000000,0.00,2,7,10,17,20,25,21,20,18,41,45,47,39,45,28,0,0,0,0.0011,0.0028,0.0551,0.0456,0.0093,0.1916,0.0068,5.2971,0.0435,0.1907,0.5479,0.0229,0.0004,0.1643,0.0018,0.0271,0.0000,35.5903,0.0007
1882,32.4795,32.2083,15.5155,5.0602,,true,2,0.008333,0.1892,0.0167,1.00,1.00,3.8623,22,1,385,385,0,430,530,0,14,14,6,350208,0,1485,0,0,804343808,0.000000,0.000000,0.000000,0.00,2,7,10,17,20,25,21,20,18,41,45,47,39,45,28,0,0,0,0.0002,0.0019,0.0521,0.0440,0.0073,0.1902,0.0051,5.0602,0.0203,0.1892,0.5684,0.0230,0.0004,0.2105,0.0012,0.0163,0.0000,28.1054,0.0010
1883,32.4950,32.2250,16.2886,4.5457,,true,2,0.008333,0.1905,0.0167,1.00,1.00,3.4843,22,1,385,385,0,431,531,0,14,14,0,350208,0,1485,0,0,804343808,0.000000,0.000000,0.000000,0.00,2,7,10,17,20,25,21,20,17,45,44,50,44,43,20,0,0,0,0.0006,0.0022,0.0428,0.0343,0.0062,0.1911,0.0049,4.5457,0.0132,0.1905,0.5828,0.0006,0.0004,0.1879,0.0018,0.0011,0.0000,0.0000,0.0010
1884,32.5138,32.2417,17.7161,5.6404,,true,2,0.008333,0.1960,0.0167,1.00,0.94,4.5338,22,1,385,385,0,431,531,0,14,14,0,350208,0,1485,0,0,804343808,0.000000,0.000000,0.000000,0.00,2,7,10,17,20,25,21,20,17,45,44,50,44,43,20,0,0,0,0.0005,0.0030,0.0572,0.0459,0.0066,0.1966,0.0064,5.6404,0.0229,0.1960,0.4872,0.0007,0.0008,0.2238,0.0021,0.0015,0.0000,0.0000,0.0010
1885,32.5312,32.2583,17.0926,5.9871,,true,2,0.008333,0.3522,0.0167,1.00,0.98,4.9596,22,1,385,385,0,431,531,0,14,14,0,347904,0,1485,0,0,804343808,0.000000,0.000000,0.000000,0.00,2,7,10,17,20,25,21,20,17,45,44,50,44,43,20,0,0,0,0.0004,0.0027,0.0518,0.0693,0.0072,0.3529,0.0054,5.9871,0.0206,0.3522,0.4180,0.0008,0.0005,0.1933,0.0013,0.0010,0.0000,0.0000,0.0012
1886,32.5495,32.2750,16.9692,6.8842,,true,2,0.008333,0.2012,0.0167,1.00,0.98,5.2622,22,1,385,385,0,430,530,0,14,14,0,347904,0,1485,0,0,804343808,0.000000,0.000000,0.000000,0.00,2,7,10,17,20,25,21,20,17,45,44,50,44,43,20,0,0,0,0.0006,0.0033,0.0485,0.0562,0.0095,0.2019,0.0078,6.8842,0.0333,0.2012,0.4838,0.0012,0.0005,0.2337,0.0017,0.0011,0.0000,0.0000,0.0005
1887,32.5643,32.2917,16.3922,5.8073,,true,2,0.008333,0.1916,0.0167,1.00,1.00,4.9878,22,1,385,385,0,430,530,0,14,14,0,347904,0,1485,0,0,804343808,0.000000,0.000000,0.000000,0.00,2,7,10,17,20,25,21,20,17,45,44,50,44,43,20,0,0,0,0.0012,0.0037,0.0532,0.0483,0.0079,0.1919,0.0086,5.8073,0.0254,0.1916,0.5952,0.0008,0.0005,0.2563,0.0032,0.0010,0.0000,0.0000,0.0010
1888,32.5809,32.3083,17.3260,5.1599,,true,2,0.008333,0.2427,0.0167,1.00,0.96,5.6471,22,1,385,385,0,430,530,0,14,14,0,347904,0,1485,0,0,804343808,0.000000,0.000000,0.000000,0.00,2,7,10,17,20,25,21,20,17,45,44,50,44,43,20,0,0,0,0.0001,0.0026,0.0445,0.0467,0.0313,0.2431,0.0064,5.1599,0.0203,0.2427,0.4146,0.0004,0.0006,0.1781,0.0018,0.0013,0.0000,0.0000,0.0010
1889,32.5956,32.3250,15.3201,4.7148,,true,2,0.008333,0.2188,0.0167,1.00,1.00,4.3005,22,1,385,385,0,430,530,0,14,14,0,370944,0,1485,0,0,804343808,0.000000,0.000000,0.000000,0.00,2,7,10,17,20,25,21,20,17,45,44,50,44,43,20,0,0,0,0.0002,0.0020,0.0351,0.0459,0.0078,0.2191,0.0066,4.7148,0.0282,0.2188,0.4864,0.0007,0.0004,0.2096,0.0020,0.0008,0.0000,0.0000,0.0010
1890,32.6134,32.3417,16.7369,5.4108,,true,2,0.008333,0.2291,0.0167,1.00,1.00,4.3708,22,1,385,385,0,431,531,0,14,14,0,370944,0,1485,0,0,804343808,0.000000,0.000000,0.000000,0.00,2,7,10,17,20,25,21,20,17,45,44,50,44,43,20,0,0,0,0.0001,0.0035,0.0508,0.0491,0.0051,0.2302,0.0060,5.4108,0.0176,0.2291,0.4333,0.0006,0.0003,0.2041,0.0014,0.0008,0.0000,0.0000,0.0012
1891,32.6313,32.3583,16.8548,6.4152,,true,2,0.008333,0.1910,0.0167,1.00,0.99,4.5589,22,1,385,385,0,431,531,0,14,14,0,370944,0,1485,0,0,804343808,0.000000,0.000000,0.000000,0.00,2,7,10,17,20,25,21,20,17,45,44,50,44,43,20,0,0,0,0.0005,0.0028,0.0683,0.0367,0.0051,0.1916,0.0072,6.4152,0.0256,0.1910,0.5809,0.0005,0.0004,0.2641,0.0013,0.0011,0.0000,0.0000,0.0009
1892,32.6466,32.3750,15.9294,5.7008,,true,2,0.008333,0.1718,0.0167,1.00,1.00,3.8216,22,1,385,385,0,431,531,0,14,14,0,370944,0,1485,0,0,804343808,0.000000,0.000000,0.000000,0.00,2,7,10,17,20,25,21,20,17,45,44,50,44,43,20,0,0,0,0.0008,0.0021,0.0490,0.0409,0.0055,0.1724,0.0045,5.7008,0.0185,0.1718,0.4534,0.0004,0.0005,0.2039,0.0012,0.0012,0.0000,0.0000,0.0012
1893,32.6637,32.3917,16.2847,6.0626,,true,2,0.008333,0.3255,0.0167,1.00,1.00,3.4397,22,1,385,385,0,432,532,0,14,14,0,370944,0,1485,0,0,804343808,0.000000,0.000000,0.000000,0.00,2,7,10,17,20,25,21,20,17,45,44,50,44,43,20,0,0,0,0.0005,0.0024,0.0515,0.0466,0.0065,0.3259,0.0079,6.0626,0.0198,0.3255,0.5396,0.0005,0.0003,0.2408,0.0020,0.0021,0.0000,0.0000,0.0010
1894,32.6789,32.4083,16.7016,5.0254,,true,2,0.008333,0.2082,0.0167,1.00,1.00,3.4746,22,1,385,385,0,432,532,0,14,14,0,370944,0,1485,0,0,804343808,0.000000,0.000000,0.000000,0.00,2,7,10,17,20,25,21,20,17,45,44,50,44,43,20,0,0,0,0.0007,0.0022,0.0376,0.0453,0.0077,0.2088,0.0058,5.0254,0.0141,0.2082,0.4037,0.0011,0.0005,0.1768,0.0019,0.0015,0.0000,0.0000,0.0009
1895,32.6981,32.4250,18.3865,6.1412,,true,2,0.008333,0.2091,0.0167,1.00,0.91,5.1945,22,1,385,385,0,432,532,0,14,14,0,373248,0,1485,0,0,804343808,0.000000,0.000000,0.000000,0.00,2,7,10,17,20,25,21,20,17,45,44,50,44,43,20,0,0,0,0.0005,0.0025,0.0403,0.0703,0.0095,0.2098,0.0055,6.1412,0.0198,0.2091,0.5025,0.0006,0.0005,0.1908,0.0024,0.0012,0.0000,0.0000,0.0012
1896,32.7126,32.4417,14.4872,5.8168,,true,2,0.008333,0.1998,0.0167,1.00,1.00,3.0150,22,1,385,385,0,432,532,0,14,14,0,373248,0,1485,0,0,804761600,0.000000,0.000000,0.000000,0.00,2,7,10,17,20,25,21,20,17,45,44,50,44,43,20,0,0,0,0.0003,0.0037,0.0459,0.0439,0.0075,0.2005,0.0060,5.8168,0.0223,0.1998,0.4522,0.0007,0.0004,0.2118,0.0013,0.0011,0.0000,0.0000,0.0009
1897,32.7269,32.4583,15.8751,4.6265,,true,2,0.008333,0.1888,0.0167,1.00,1.00,2.2235,22,1,385,385,0,433,533,0,14,14,0,373248,0,1485,0,0,804823040,0.000000,0.000000,0.000000,0.00,2,7,10,17,20,25,21,20,17,45,44,50,44,43,20,0,0,0,0.0002,0.0014,0.0379,0.0421,0.0091,0.1892,0.0056,4.6265,0.0175,0.1888,0.4035,0.0004,0.0004,0.1574,0.0013,0.0007,0.0000,0.0000,0.0008
1898,32.7421,32.4750,15.5683,4.4439,,true,2,0.008333,0.1468,0.0167,1.00,1.00,1.1251,22,1,385,385,0,433,533,0,14,14,0,373248,0,1485,0,0,804823040,0.000000,0.000000,0.000000,0.00,2,7,10,17,20,25,21,20,17,45,44,50,44,43,20,0,0,0,0.0004,0.0020,0.0448,0.0417,0.0056,0.1470,0.0045,4.4439,0.0169,0.1468,0.3897,0.0006,0.0002,0.1567,0.0015,0.0017,0.0000,0.0000,0.0013
1899,32.7612,32.4917,18.1292,5.1383,,true,2,0.008333,0.2047,0.0167,1.00,0.92,2.5876,22,1,385,385,0,434,534,0,14,14,0,373248,0,1485,0,0,804823040,0.000000,0.000000,0.000000,0.00,2,7,10,17,20,25,21,20,17,45,44,50,44,43,20,0,0,0,0.0005,0.0017,0.0357,0.0376,0.0072,0.2052,0.0047,5.1383,0.0273,0.2047,0.4158,0.0007,0.0005,0.1658,0.0013,0.0017,0.0000,0.0000,0.0012
1900,32.7770,32.5083,15.5816,5.3306,,true,2,0.008333,0.2979,0.0167,1.00,1.00,1.5025,22,1,385,385,0,434,534,0,14,14,0,373248,0,1485,0,0,804823040,0.000000,0.000000,0.000000,0.00,2,7,10,17,20,25,21,20,17,45,44,50,44,43,20,0,0,0,0.0008,0.0030,0.0388,0.0399,0.0066,0.2985,0.0054,5.3306,0.0209,0.2979,0.3681,0.0006,0.0002,0.1749,0.0015,0.0011,0.0000,0.0000,0.0014
1901,32.7920,32.5250,15.5548,4.9635,,true,2,0.008333,0.2131,0.0167,1.00,1.00,0.3906,22,1,385,385,0,434,534,0,14,14,0,373248,0,1485,0,0,804823040,0.000000,0.000000,0.000000,0.00,2,7,10,17,20,25,21,20,17,45,44,50,44,43,20,0,0,0,0.0003,0.0029,0.0361,0.0401,0.0052,0.2134,0.0066,4.9635,0.0171,0.2131,0.4493,0.0005,0.0005,0.1874,0.0015,0.0010,0.0000,0.0000,0.0011
1902,32.8072,32.5333,15.1429,4.9433,,true,1,0.008333,0.1672,0.0083,1.00,0.55,7.2002,22,1,385,385,0,433,533,0,14,14,0,375552,0,1485,0,0,804823040,0.000000,0.000000,0.000000,0.00,2,7,10,17,20,25,21,20,17,45,44,50,44,43,20,0,0,0,0.0002,0.0019,0.0396,0.0503,0.0069,0.1687,0.0029,4.9433,0.0206,0.1672,0.4632,0.0008,0.0008,0.2064,0.0010,0.0018,0.0000,0.0000,0.0012
1903,32.8262,32.5500,17.7055,6.0350,,true,2,0.008333,0.2303,0.0167,1.00,0.94,8.2391,22,1,385,385,0,432,532,0,14,14,0,375552,0,1485,0,0,804823040,0.000000,0.000000,0.000000,0.00,2,7,10,17,20,25,21,20,17,45,44,50,44,43,20,0,0,0,0.0004,0.0015,0.0392,0.0394,0.0064,0.2310,0.0045,6.0350,0.0176,0.2303,0.5320,0.0004,0.0005,0.2344,0.0018,0.0016,0.0000,0.0000,0.0009
1904,32.8431,32.5667,16.1279,6.7812,,true,2,0.008333,0.2243,0.0167,1.00,1.00,7.7003,22,1,385,385,0,431,531,0,14,14,0,375552,0,1485,0,0,804823040,0.000000,0.000000,0.000000,0.00,2,7,10,17,20,25,21,20,17,45,44,50,44,43,20,0,0,0,0.0001,0.0032,0.0558,0.0470,0.0059,0.2254,0.0066,6.7812,0.0213,0.2243,1.3850,0.0006,0.0008,0.2617,0.0029,0.0009,0.0000,0.0000,0.0010
1905,32.8582,32.5833,16.6692,5.2573,,true,2,0.008333,0.2117,0.0167,1.00,1.00,7.7029,22,1,385,385,0,430,530,0,14,14,0,375552,0,1485,0,0,804823040,0.000000,0.000000,0.000000,0.00,2,7,10,17,20,25,21,20,17,45,44,50,44,43,20,0,0,0,0.0009,0.0021,0.0495,0.0382,0.0062,0.2127,0.0056,5.2573,0.0200,0.2117,0.4731,0.0010,0.0005,0.2030,0.0017,0.0011,0.0000,0.0000,0.0008
1906,32.8741,32.6000,14.8033,6.6048,,true,2,0.008333,0.2185,0.0167,1.00,1.00,5.8395,22,1,385,385,0,430,530,0,14,14,0,375552,0,1485,0,0,804823040,0.000000,0.000000,0.000000,0.00,2,7,10,17,20,25,21,20,17,45,44,50,44,43,20,0,0,0,0.0005,0.0013,0.0850,0.0675,0.0099,0.2204,0.0035,6.6048,0.0261,0.2185,0.4653,0.0007,0.0007,0.2358,0.0012,0.0011,0.0000,0.0000,0.0013
1907,32.8911,32.6167,18.5582,4.6680,,true,2,0.008333,0.2262,0.0167,1.00,0.90,7.7310,22,1,385,385,0,430,530,0,14,14,0,375552,0,1485,0,0,804823040,0.000000,0.000000,0.000000,0.00,2,7,10,17,20,25,21,20,17,45,44,50,44,43,20,0,0,0,0.0003,0.0018,0.0379,0.0422,0.0073,0.2271,0.0047,4.6680,0.0173,0.2262,0.4286,0.0005,0.0006,0.1798,0.0011,0.0010,0.0000,0.0000,0.0006
1908,32.9092,32.6333,15.1783,5.6268,,true,2,0.008333,0.1965,0.0167,1.00,1.00,6.2426,22,1,385,385,0,430,530,0,14,14,0,375552,0,1485,0,0,804823040,0.000000,0.000000,0.000000,0.00,2,7,10,17,20,25,21,20,17,45,44,50,44,43,20,0,0,0,0.0005,0.0032,0.0419,0.0483,0.0072,0.1972,0.0075,5.6268,0.0192,0.1965,0.5110,0.0005,0.0006,0.2038,0.0023,0.0008,0.0000,0.0000,0.0007
1909,32.9240,32.6500,17.5363,4.8027,,true,2,0.008333,0.3166,0.0167,1.00,0.95,7.1122,22,1,385,385,0,430,530,0,14,14,0,375552,0,1485,0,0,804823040,0.000000,0.000000,0.000000,0.00,2,7,10,17,20,25,21,20,17,45,44,50,44,43,20,0,0,0,0.0002,0.0020,0.0425,0.0472,0.0072,0.3173,0.0057,4.8027,0.0140,0.3166,0.4457,0.0007,0.0007,0.1703,0.0162,0.0009,0.0000,0.0000,0.0012
1910,32.9401,32.6667,14.8861,6.1303,,true,2,0.008333,0.2015,0.0167,1.00,1.00,5.3316,22,1,385,385,0,430,530,0,14,14,0,377856,0,1485,0,0,804823040,0.000000,0.000000,0.000000,0.00,2,7,10,17,20,25,21,20,17,45,44,50,44,43,20,0,0,0,0.0002,0.0029,0.0618,0.0478,0.0082,0.2025,0.0077,6.1303,0.0192,0.2015,0.4948,0.0007,0.0005,0.2130,0.0018,0.0012,0.0000,0.0000,0.0010
1911,32.9601,32.6833,18.6891,6.7648,,true,2,0.008333,0.2152,0.0167,1.00,0.89,7.3540,22,1,385,385,0,430,530,0,14,14,0,377856,0,1485,0,0,804823040,0.000000,0.000000,0.000000,0.00,2,7,10,17,20,25,21,20,17,45,44,50,44,43,20,0,0,0,0.0004,0.0021,0.0587,0.0400,0.0088,0.2162,0.0079,6.7648,0.0217,0.2152,0.6217,0.0009,0.0008,0.2775,0.0019,0.0012,0.0000,0.0000,0.0009
1912,32.9784,32.7083,18.2097,7.3575,,true,3,0.008333,0.3111,0.0250,1.00,1.00,0.5637,22,1,385,385,0,431,531,0,14,14,0,377856,0,1485,0,0,804823040,0.000000,0.000000,0.000000,0.00,2,7,10,17,20,25,21,20,17,45,44,50,44,43,20,0,0,0,0.0006,0.0033,0.0623,0.0493,0.0081,0.3120,0.0087,7.3575,0.0407,0.3111,0.8239,0.0006,0.0004,0.5696,0.0016,0.0009,0.0000,0.0000,0.0009
1913,32.9939,32.7250,17.6072,5.5324,,true,2,0.008333,0.2320,0.0167,1.00,0.95,1.5042,22,1,385,385,0,432,532,0,14,14,0,377856,0,1485,0,0,804823040,0.000000,0.000000,0.000000,0.00,2,7,10,17,20,25,21,20,17,45,44,50,44,43,20,0,0,0,0.0004,0.0018,0.0476,0.0521,0.0067,0.2333,0.0069,5.5324,0.0149,0.2320,0.5622,0.0005,0.0005,0.2456,0.0014,0.0014,0.0000,0.0000,0.0010
1914,33.0124,32.7417,18.1320,5.6305,,true,2,0.008333,0.2726,0.0167,1.00,0.92,2.9696,22,1,385,385,0,432,532,0,14,14,0,377856,0,1485,0,0,804823040,0.000000,0.000000,0.000000,0.00,2,7,10,17,20,25,21,20,17,45,44,50,44,43,20,0,0,0,0.0005,0.0021,0.0518,0.0554,0.0062,0.2746,0.0074,5.6305,0.0182,0.2726,0.6129,0.0007,0.0003,0.2631,0.0016,0.0016,0.0000,0.0000,0.0009
1915,33.0324,32.7583,18.0140,7.8601,,true,2,0.008333,0.4037,0.0167,1.00,0.93,4.3169,22,1,385,385,0,432,532,0,14,14,0,377856,0,1485,0,0,804823040,0.000000,0.000000,0.000000,0.00,2,7,10,17,20,25,21,20,17,45,44,50,44,43,20,0,0,0,0.0009,0.0033,0.0625,0.0671,0.0071,0.4050,0.0068,7.8601,0.0280,0.4037,0.5777,0.0005,0.0005,0.2445,0.0015,0.0012,0.0000,0.0000,0.0015
1916,33.0497,32.7750,18.2251,6.5464,,true,2,0.008333,0.2674,0.0167,1.00,0.91,5.8753,22,1,385,385,0,431,531,0,14,14,0,377856,0,1485,0,0,804823040,0.000000,0.000000,0.000000,0.00,2,7,10,17,20,25,21,20,17,45,44,50,44,43,20,0,0,0,0.0004,0.0043,0.0774,0.0764,0.0073,0.2686,0.0108,6.5464,0.0550,0.2674,0.5307,0.0004,0.0004,0.2334,0.0022,0.0008,0.0000,0.0000,0.0007
1917,33.0667,32.7917,17.5253,6.1532,,true,2,0.008333,0.2283,0.0167,1.00,0.95,6.7340,22,1,385,385,0,431,531,0,14,14,0,377856,0,1485,0,0,804823040,0.000000,0.000000,0.000000,0.00,2,7,10,17,20,25,21,20,17,45,44,50,44,43,20,0,0,0,0.0007,0.0020,0.0438,0.0565,0.0085,0.2289,0.0105,6.1532,0.0162,0.2283,0.4915,0.0004,0.0003,0.1833,0.0006,0.0025,0.0000,0.0000,0.0013
1918,33.0862,32.8167,18.9526,6.2070,,true,3,0.008333,0.2643,0.0250,1.00,1.00,0.6866,22,1,385,385,0,432,532,0,14,14,0,375552,0,1485,0,0,804823040,0.000000,0.000000,0.000000,0.00,2,7,10,17,20,25,21,20,17,45,44,50,44,43,20,0,0,0,0.0005,0.0032,0.0677,0.0830,0.0089,0.2668,0.0064,6.2070,0.0234,0.2643,0.4567,0.0011,0.0005,0.2006,0.0014,0.0011,0.0000,0.0000,0.0013
1919,33.1074,32.8333,19.5112,7.8809,,true,2,0.008333,0.2151,0.0167,1.00,0.85,3.5311,22,1,385,385,0,432,532,0,14,14,0,375552,0,1485,0,0,804823040,0.000000,0.000000,0.000000,0.00,2,7,10,17,20,25,21,20,17,45,44,50,44,43,20,0,0,0,0.0006,0.0028,0.0448,0.0710,0.0094,0.2162,0.0085,7.8809,0.0318,0.2151,0.5967,0.0009,0.0005,0.2497,0.0017,0.0014,0.0000,0.0000,0.0022
1920,33.1319,32.8500,19.3286,13.2796,,true,2,0.008333,0.3381,0.0167,1.00,0.86,6.1931,22,1,385,385,8,431,531,0,14,14,0,375552,0,1493,32,40,804823040,0.000000,0.000000,0.000000,0.00,2,7,10,17,20,25,21,20,17,45,44,50,44,43,20,0,0,0,0.0010,0.0030,0.0726,0.0820,0.0108,0.3396,0.0075,13.2796,0.0289,0.3381,5.3416,0.0008,0.1654,0.2528,0.0042,0.0024,0.0000,0.0000,4.3727
1921,33.1470,32.8667,16.7319,11.0730,,true,2,0.008333,0.2068,0.0167,1.00,1.00,6.2583,22,1,385,385,8,431,531,0,14,14,8,375552,0,1501,24,40,804823040,0.000000,0.000000,0.000000,0.00,2,7,10,17,20,25,21,20,17,45,44,50,44,43,20,0,0,0,0.0006,0.0020,0.0538,0.0588,0.0103,0.2092,0.0073,11.0730,0.0216,0.2068,1.2493,0.0325,0.2806,0.3524,0.0020,0.0196,0.0000,40.0606,0.0016
1922,33.1681,32.8917,21.0939,11.1600,,true,3,0.008333,0.4407,0.0250,1.00,1.00,2.3522,22,1,385,385,8,442,542,0,14,14,8,375552,0,1509,16,40,804823040,0.000000,0.000000,0.000000,0.00,2,7,10,17,20,25,21,20,17,45,44,50,44,43,20,0,0,0,0.0022,0.0031,0.0606,0.0440,0.0086,0.4416,0.0158,11.1600,0.0238,0.4407,0.9468,0.0315,0.1846,0.2310,0.0020,0.0188,0.0000,47.7803,0.0008
1923,33.1903,32.9083,20.6781,10.9667,,true,2,0.008333,0.3629,0.0167,1.00,0.81,6.3636,22,1,385,385,8,439,539,0,14,14,8,375552,0,1517,8,40,804823040,0.000000,0.000000,0.000000,0.00,2,7,10,17,20,25,21,20,17,45,44,50,44,43,20,0,0,0,0.0010,0.0045,0.0486,0.1107,0.0135,0.3639,0.0115,10.9667,0.0162,0.3629,0.9605,0.0428,0.0008,0.2899,0.0027,0.0923,0.0000,43.0354,0.0021
1924,33.2143,32.9333,25.8897,9.9425,,true,3,0.008333,0.2314,0.0250,1.00,0.97,7.2533,22,1,385,385,0,436,536,0,14,14,8,375552,0,1517,0,0,804823040,0.000000,0.000000,0.000000,0.00,2,7,10,17,20,25,21,20,17,45,44,50,44,43,20,0,0,0,0.0008,0.0025,0.2103,0.1517,0.0174,0.2318,0.0103,9.9425,0.1021,0.2314,1.4702,0.0262,0.0005,0.3562,0.0023,0.0307,0.0000,52.8609,0.0027
1925,33.2298,32.9583,18.1778,8.2537,,true,3,0.008333,0.2996,0.0250,1.00,1.00,0.4312,22,1,385,385,0,441,541,0,14,14,0,375552,0,1517,0,0,804823040,0.000000,0.000000,0.000000,0.00,2,7,10,17,20,24,26,16,18,42,41,45,48,41,28,0,0,0,0.0006,0.0029,0.0668,0.0790,0.0145,0.3012,0.0114,8.2537,0.0269,0.2996,0.9187,0.0007,0.0003,0.4074,0.0025,0.0014,0.0000,0.0000,0.0017
1926,33.2437,32.9667,12.0155,10.6211,,true,1,0.008333,0.1903,0.0083,1.00,0.69,4.1133,22,1,385,385,0,440,540,0,14,14,0,375552,0,1517,0,0,804823040,0.000000,0.000000,0.000000,0.00,2,7,10,17,20,24,26,16,18,42,41,45,48,41,28,0,0,0,0.0007,0.0177,0.0959,0.0561,0.0103,0.1910,0.0198,10.6211,0.0237,0.1903,0.6552,0.0008,0.0008,0.3115,0.0027,0.0018,0.0000,0.0000,0.0015
1927,33.2664,32.9917,22.5913,10.7864,,true,3,0.008333,0.1873,0.0250,1.00,1.00,1.7046,22,1,385,385,0,442,542,0,14,14,0,375552,0,1517,0,0,804823040,0.000000,0.000000,0.000000,0.00,2,7,10,17,20,24,26,16,18,42,41,45,48,41,28,0,0,0,0.0011,0.0042,0.1069,0.0714,0.0116,0.1881,0.0099,10.7864,0.0420,0.1873,0.6232,0.0010,0.0005,0.3431,0.0034,0.0013,0.0000,0.0000,0.0010
1928,33.2780,33.0000,14.0557,8.4399,,true,1,0.008333,0.5902,0.0083,1.00,0.59,7.4270,22,1,385,385,0,438,538,0,14,14,0,375552,0,1517,0,0,804823040,0.000000,0.000000,0.000000,0.00,2,7,10,17,20,24,26,16,18,42,41,45,48,41,28,0,0,0,0.0005,0.0047,0.0587,0.0610,0.0093,0.5912,0.0111,8.4399,0.0438,0.5902,0.5392,0.0007,0.0004,0.2373,0.0028,0.0011,0.0000,0.0000,0.0010
1929,33.2973,33.0250,19.8326,7.4667,,true,3,0.008333,0.2730,0.0250,1.00,1.00,2.2596,22,1,385,385,0,439,539,0,14,14,0,375552,0,1517,0,0,804823040,0.000000,0.000000,0.000000,0.00,2,7,10,17,20,24,26,16,18,42,41,45,48,41,28,0,0,0,0.0013,0.0041,0.0914,0.0888,0.0130,0.2739,0.0132,7.4667,0.0233,0.2730,0.6124,0.0008,0.0008,0.2701,0.0023,0.0013,0.0000,0.0000,0.0015
1930,33.3139,33.0417,16.3448,8.0153,,true,2,0.008333,0.2788,0.0167,1.00,1.00,1.9377,22,1,385,385,0,440,540,0,14,14,0,375552,0,1517,0,0,804823040,0.000000,0.000000,0.000000,0.00,2,7,10,17,20,24,26,16,18,42,41,45,48,41,28,0,0,0,0.0004,0.0021,0.0484,0.0493,0.0102,0.2793,0.0047,8.0153,0.0204,0.2788,0.5180,0.0005,0.0010,0.2117,0.0020,0.0012,0.0000,0.0000,0.0010
1931,33.3316,33.0583,19.0180,6.5776,,true,2,0.008333,0.2366,0.0167,1.00,0.88,4.2890,22,1,385,385,0,439,539,0,14,14,0,347904,0,1517,0,0,804823040,0.000000,0.000000,0.000000,0.00,2,7,10,17,20,24,26,16,18,42,41,45,48,41,28,0,0,0,0.0006,0.0015,0.0568,0.0474,0.0068,0.2374,0.0062,6.5776,0.0265,0.2366,0.4838,0.0006,0.0010,0.2201,0.0015,0.0011,0.0000,0.0000,0.0010
1932,33.3469,33.0750,15.0843,6.7811,,true,2,0.008333,0.2240,0.0167,1.00,1.00,2.7066,22,1,385,385,0,438,538,0,14,14,0,347904,0,1517,0,0,804831232,0.000000,0.000000,0.000000,0.00,2,7,10,17,20,24,26,16,18,42,41,45,48,41,28,0,0,0,0.0005,0.0027,0.0878,0.0752,0.0096,0.2246,0.0063,6.7811,0.0458,0.2240,0.5422,0.0011,0.0004,0.2966,0.0016,0.0015,0.0000,0.0000,0.0021
1933,33.3644,33.0917,18.5227,5.9414,,true,2,0.008333,0.1905,0.0167,1.00,0.90,4.5627,22,1,385,385,0,437,537,0,14,14,0,347904,0,1517,0,0,805597184,0.000000,0.000000,0.000000,0.00,2,7,10,17,20,24,26,16,18,42,41,45,48,41,28,0,0,0,0.0004,0.0025,0.0465,0.0587,0.0093,0.1911,0.0091,5.9414,0.0191,0.1905,0.4460,0.0005,0.0003,0.1984,0.0016,0.0008,0.0000,0.0000,0.0008
1934,33.3863,33.1083,18.8539,7.6441,,true,2,0.008333,0.2522,0.0167,1.00,0.88,6.7499,22,1,385,385,0,436,536,0,14,14,0,347904,0,1517,0,0,805597184,0.000000,0.000000,0.000000,0.00,2,7,10,17,20,24,26,16,18,42,41,45,48,41,28,0,0,0,0.0006,0.0033,0.0564,0.0974,0.0206,0.2531,0.0075,7.6441,0.0146,0.2522,0.5989,0.0005,0.0004,0.2605,0.0026,0.0017,0.0000,0.0000,0.0012
1935,33.4034,33.1250,17.8639,8.1249,,true,2,0.008333,0.2828,0.0167,1.00,0.93,7.9471,22,1,385,385,0,434,534,0,14,14,0,347904,0,1517,0,0,805597184,0.000000,0.000000,0.000000,0.00,2,7,10,17,20,24,26,16,18,42,41,45,48,41,28,0,0,0,0.0004,0.0025,0.0758,0.0599,0.0112,0.2844,0.0038,8.1249,0.0315,0.2828,0.4398,0.0006,0.0003,0.1877,0.0019,0.0013,0.0000,0.0000,0.0012
1936,33.4192,33.1417,16.6102,7.3871,,true,2,0.008333,0.4139,0.0167,1.00,1.00,7.8906,22,1,385,385,0,433,533,0,14,14,0,347904,0,1517,0,0,805597184,0.000000,0.000000,0.000000,0.00,2,7,10,17,20,24,26,16,18,42,41,45,48,41,28,0,0,0,0.0003,0.0025,0.0545,0.0528,0.0085,0.4149,0.0058,7.3871,0.0207,0.4139,0.4996,0.0005,0.0005,0.2223,0.0018,0.0012,0.0000,0.0000,0.0014
1937,33.4374,33.1667,18.5459,6.6126,,true,3,0.008333,0.2671,0.0250,1.00,1.00,1.4365,22,1,385,385,0,434,534,0,14,14,0,347904,0,1517,0,0,805597184,0.000000,0.000000,0.000000,0.00,2,7,10,17,20,24,26,16,18,42,41,45,48,41,28,0,0,0,0.0004,0.0037,0.0620,0.0557,0.0081,0.2677,0.0070,6.6126,0.0234,0.2671,0.4681,0.0009,0.0005,0.1732,0.0021,0.0010,0.0000,0.0000,0.0008
1938,33.4539,33.1833,17.5480,5.6615,,true,2,0.008333,0.2317,0.0167,1.00,0.95,2.3179,22,1,385,385,0,435,535,0,14,14,0,347904,0,1517,0,0,805597184,0.000000,0.000000,0.000000,0.00,2,7,10,17,20,24,26,16,18,42,41,45,48,41,28,0,0,0,0.0003,0.0027,0.0342,0.0443,0.0078,0.2330,0.0059,5.6615,0.0145,0.2317,0.3863,0.0004,0.0003,0.1648,0.0023,0.0009,0.0000,0.0000,0.0011
1939,33.4738,33.2000,17.9625,7.5451,,true,2,0.008333,0.2468,0.0167,1.00,0.93,3.6137,22,1,385,385,0,435,535,0,14,14,0,347904,0,1517,0,0,805597184,0.000000,0.000000,0.000000,0.00,2,7,10,17,20,24,26,16,18,42,41,45,48,41,28,0,0,0,0.0009,0.0021,0.0584,0.0556,0.0072,0.2473,0.0062,7.5451,0.0243,0.2468,0.5830,0.0006,0.0005,0.2665,0.0016,0.0009,0.0000,0.0000,0.0010
1940,33.4889,33.2167,17.5717,5.2593,,true,2,0.008333,0.2476,0.0167,1.00,0.95,4.5188,22,1,385,385,0,434,534,0,14,14,0,347904,0,1517,0,0,805597184,0.000000,0.000000,0.000000,0.00,2,7,10,17,20,24,26,16,18,42,41,45,48,41,28,0,0,0,0.0013,0.0024,0.0418,0.0433,0.0079,0.2487,0.0059,5.2593,0.0188,0.2476,0.5536,0.0006,0.0004,0.2264,0.0018,0.0011,0.0000,0.0000,0.0010
1941,33.5052,33.2333,15.8742,6.2321,,true,2,0.008333,0.2123,0.0167,1.00,1.00,3.7263,22,1,385,385,0,434,534,0,14,14,0,347904,0,1517,0,0,805597184,0.000000,0.000000,0.000000,0.00,2,7,10,17,20,24,26,16,18,42,41,45,48,41,28,0,0,0,0.0001,0.0020,0.0417,0.0408,0.0082,0.2130,0.0053,6.2321,0.0202,0.2123,0.4531,0.0005,0.0008,0.1990,0.0015,0.0017,0.0000,0.0000,0.0012
1942,33.5269,33.2500,19.1739,8.3962,,true,2,0.008333,0.3211,0.0167,1.00,0.87,6.2336,22,1,385,385,0,434,534,0,14,14,0,345600,0,1517,0,0,805597184,0.000000,0.000000,0.000000,0.00,2,7,10,17,20,24,26,16,18,42,41,45,48,41,28,0,0,0,0.0005,0.0037,0.0692,0.0684,0.0078,0.3221,0.0092,8.3962,0.0326,0.3211,0.5844,0.0005,0.0006,0.2471,0.0017,0.0010,0.0000,0.0000,0.0010
1943,33.5403,33.2667,15.8151,6.1118,,true,2,0.008333,0.2310,0.0167,1.00,1.00,5.3821,22,1,385,385,0,433,533,0,14,14,0,345600,0,1517,0,0,805597184,0.000000,0.000000,0.000000,0.00,2,7,10,17,20,24,26,16,18,42,41,45,48,41,28,0,0,0,0.0010,0.0022,0.0771,0.0455,0.0079,0.2321,0.0090,6.1118,0.0384,0.2310,0.4785,0.0010,0.0005,0.1691,0.0016,0.0020,0.0000,0.0000,0.0014
1944,33.5609,33.2833,17.7025,8.3426,,true,2,0.008333,0.3198,0.0167,1.00,0.94,6.4179,22,1,385,385,0,433,533,0,14,14,0,345600,0,1517,0,0,805597184,0.000000,0.000000,0.000000,0.00,2,7,10,17,20,24,26,16,18,42,41,45,48,41,28,0,0,0,0.0014,0.0047,0.0546,0.1144,0.0153,0.3207,0.0107,8.3426,0.0271,0.3198,0.5928,0.0005,0.0012,0.2514,0.0017,0.0011,0.0000,0.0000,0.0011
1945,33.5730,33.3000,15.5837,5.7327,,true,2,0.008333,0.2789,0.0167,1.00,1.00,5.3349,22,1,385,385,0,433,533,0,14,14,0,345600,0,1517,0,0,805597184,0.000000,0.000000,0.000000,0.00,2,7,10,17,20,24,26,16,18,42,41,45,48,41,28,0,0,0,0.0003,0.0026,0.0428,0.0486,0.0082,0.2796,0.0072,5.7327,0.0189,0.2789,0.5386,0.0007,0.0009,0.1925,0.0022,0.0009,0.0000,0.0000,0.0013
1946,33.5922,33.3167,18.0472,6.7619,,true,2,0.008333,0.2326,0.0167,1.00,0.92,6.7155,22,1,385,385,0,432,532,0,14,14,0,345600,0,1517,0,0,805597184,0.000000,0.000000,0.000000,0.00,2,7,10,17,20,24,26,16,18,42,41,45,48,41,28,0,0,0,0.0007,0.0017,0.0626,0.0919,0.0055,0.2338,0.0065,6.7619,0.0284,0.2326,0.5194,0.0003,0.0008,0.2352,0.0020,0.0007,0.0000,0.0000,0.0011
1947,33.6100,33.3417,18.9802,5.1871,,true,3,0.008333,0.2452,0.0250,1.00,1.00,0.6957,22,1,385,385,0,433,533,0,14,14,0,345600,0,1517,0,0,805597184,0.000000,0.000000,0.000000,0.00,2,7,10,17,20,24,26,16,18,42,41,45,48,41,28,0,0,0,0.0010,0.0022,0.0447,0.0357,0.0035,0.2458,0.0058,5.1871,0.0184,0.2452,0.5035,0.0005,0.0004,0.2168,0.0016,0.0016,0.0000,0.0000,0.0006
1948,33.6262,33.3500,14.2476,7.1792,,true,1,0.008333,0.2182,0.0083,1.00,0.58,6.6100,22,1,385,385,0,433,533,0,14,14,0,343296,0,1517,0,0,805597184,0.000000,0.000000,0.000000,0.00,2,7,10,17,20,24,26,16,18,42,41,45,48,41,28,0,0,0,0.0005,0.0013,0.0786,0.0542,0.0085,0.2193,0.0068,7.1792,0.0304,0.2182,0.5176,0.0006,0.0007,0.2383,0.0020,0.0011,0.0000,0.0000,0.0012
1949,33.6423,33.3667,17.7131,6.1282,,true,2,0.008333,0.2064,0.0167,1.00,0.94,7.6565,22,1,385,385,0,432,532,0,14,14,0,343296,0,1517,0,0,805597184,0.000000,0.000000,0.000000,0.00,2,7,10,17,20,24,26,16,18,42,41,45,48,41,28,0,0,0,0.0002,0.0027,0.0559,0.0568,0.0083,0.2079,0.0076,6.1282,0.0235,0.2064,0.5004,0.0004,0.0009,0.1924,0.0013,0.0015,0.0000,0.0000,0.0013
1950,33.6637,33.3917,19.8346,7.4136,,true,3,0.008333,0.4014,0.0250,1.00,1.00,2.4911,22,1,385,385,0,433,533,0,14,14,0,343296,0,1517,0,0,805597184,0.000000,0.000000,0.000000,0.00,2,7,10,17,20,24,26,16,18,42,41,45,48,41,28,0,0,0,0.0002,0.0028,0.0764,0.0788,0.0122,0.4021,0.0035,7.4136,0.0292,0.4014,0.6008,0.0005,0.0007,0.2440,0.0019,0.0010,0.0000,0.0000,0.0009
1951,33.6801,33.4083,17.0778,5.4646,,true,2,0.008333,0.2110,0.0167,1.00,0.98,2.9022,22,1,385,385,0,433,533,0,14,14,0,343296,0,1517,0,0,805597184,0.000000,0.000000,0.000000,0.00,2,7,10,17,20,24,26,16,18,42,41,45,48,41,28,0,0,0,0.0003,0.0024,0.0432,0.0468,0.0074,0.2124,0.0067,5.4646,0.0166,0.2110,0.5282,0.0008,0.0004,0.2090,0.0020,0.0008,0.0000,0.0000,0.0015
1952,33.6948,33.4250,15.4639,6.1938,,true,2,0.008333,0.2099,0.0167,1.00,1.00,1.6994,22,1,385,385,0,433,533,0,14,14,0,343296,0,1517,0,0,805597184,0.000000,0.000000,0.000000,0.00,2,7,10,17,20,24,26,16,18,42,41,45,48,41,28,0,0,0,0.0006,0.0021,0.0566,0.0458,0.0078,0.2105,0.0059,6.1938,0.0181,0.2099,0.5771,0.0010,0.0005,0.2207,0.0021,0.0009,0.0000,0.0000,0.0009
1953,33.7123,33.4417,17.9004,5.5454,,true,2,0.008333,0.1879,0.0167,1.00,0.93,2.9332,22,1,385,385,0,434,534,0,14,14,0,343296,0,1517,0,0,805597184,0.000000,0.000000,0.000000,0.00,2,7,10,17,20,24,26,16,18,42,41,45,48,41,28,0,0,0,0.0010,0.0018,0.0520,0.0660,0.0073,0.1890,0.0047,5.5454,0.0148,0.1879,0.5113,0.0005,0.0003,0.1948,0.0022,0.0007,0.0000,0.0000,0.0012
1954,33.7266,33.4583,15.1733,5.0598,,true,2,0.008333,0.2161,0.0167,1.00,1.00,1.4398,22,1,385,385,0,434,534,0,14,14,0,343296,0,1517,0,0,805597184,0.000000,0.000000,0.000000,0.00,2,7,10,17,20,24,26,16,18,42,41,45,48,41,28,0,0,0,0.0003,0.0018,0.0434,0.0503,0.0084,0.2169,0.0044,5.0598,0.0181,0.2161,0.4585,0.0005,0.0006,0.1744,0.0017,0.0008,0.0000,0.0000,0.0018
1955,33.7430,33.4750,16.0365,5.2414,,true,2,0.008333,0.2026,0.0167,1.00,1.00,0.8096,22,1,385,385,0,434,534,0,14,14,0,343296,0,1517,0,0,805597184,0.000000,0.000000,0.000000,0.00,2,7,10,17,20,24,26,16,18,42,41,45,48,41,28,0,0,0,0.0001,0.0019,0.0873,0.0450,0.0068,0.2034,0.0054,5.2414,0.0233,0.2026,0.5279,0.0005,0.0006,0.1840,0.0019,0.0011,0.0000,0.0000,0.0013
1956,33.7618,33.4917,18.2393,5.7920,,true,2,0.008333,0.2258,0.0167,1.00,0.91,2.3823,22,1,385,385,0,434,534,0,14,14,0,343296,0,1517,0,0,805597184,0.000000,0.000000,0.000000,0.00,2,7,10,17,20,24,26,16,18,42,41,45,48,41,28,0,0,0,0.0005,0.0020,0.0448,0.0407,0.0092,0.2265,0.0081,5.7920,0.0162,0.2258,0.4555,0.0008,0.0007,0.1837,0.0011,0.0014,0.0000,0.0000,0.0014
1957,33.7782,33.5083,15.5828,6.1448,,true,2,0.008333,0.4105,0.0167,1.00,1.00,1.2984,22,1,385,385,0,434,534,0,14,14,0,343296,0,1517,0,0,805597184,0.000000,0.000000,0.000000,0.00,2,7,10,17,20,24,26,16,18,42,41,45,48,41,28,0,0,0,0.0008,0.0019,0.0760,0.0603,0.0111,0.4119,0.0062,6.1448,0.0266,0.4105,0.5612,0.0009,0.0003,0.2253,0.0014,0.0015,0.0000,0.0000,0.0008
1958,33.7940,33.5250,17.2550,5.2379,,true,2,0.008333,0.1946,0.0167,1.00,0.97,1.8867,22,1,385,385,0,434,534,0,14,14,0,343296,0,1517,0,0,805597184,0.000000,0.000000,0.000000,0.00,2,7,10,17,20,24,26,16,18,42,41,45,48,41,28,0,0,0,0.0002,0.0018,0.0381,0.0355,0.0084,0.1956,0.0054,5.2379,0.0155,0.1946,0.3809,0.0006,0.0005,0.1561,0.0022,0.0006,0.0000,0.0000,0.0008
1959,33.8102,33.5417,16.1668,5.2196,,true,2,0.008333,0.1732,0.0167,1.00,1.00,1.3868,22,1,385,385,0,434,534,0,14,14,0,343296,0,1517,0,0,805597184,0.000000,0.000000,0.000000,0.00,2,7,10,17,20,24,26,16,18,42,41,45,48,41,28,0,0,0,0.0005,0.0017,0.0385,0.0381,0.0098,0.1736,0.0047,5.2196,0.0168,0.1732,0.3852,0.0005,0.0007,0.1711,0.0015,0.0008,0.0000,0.0000,0.0010
1960,33.8277,33.5500,14.1169,8.9713,,true,1,0.008333,0.1957,0.0083,1.00,0.59,7.1704,22,1,385,385,8,433,533,0,14,14,0,343296,0,1525,20,40,805597184,0.000000,0.000000,0.000000,0.00,2,7,10,17,20,24,26,16,18,42,41,45,48,41,28,0,0,0,0.0003,0.0036,0.0464,0.0456,0.0076,0.1960,0.0075,8.9713,0.0232,0.1957,3.9968,0.0004,0.1344,0.1657,0.0050,0.0011,0.0000,0.0000,3.2828
1961,33.8409,33.5667,15.9553,5.9470,,true,2,0.008333,0.2005,0.0167,1.00,1.00,6.4590,22,1,385,385,8,438,538,0,14,14,8,343296,0,1533,12,40,805597184,0.000000,0.000000,0.000000,0.00,2,7,10,17,20,24,26,16,18,42,41,45,48,41,28,0,0,0,0.0002,0.0036,0.0558,0.0532,0.0090,0.2011,0.0070,5.9470,0.0226,0.2005,0.7445,0.0210,0.1443,0.2163,0.0016,0.0115,0.0000,39.5975,0.0007
1962,33.8601,33.5833,18.1362,6.3918,,true,2,0.008333,0.2308,0.0167,1.00,0.92,7.9286,22,1,385,385,4,434,534,0,14,14,8,343296,0,1537,4,20,805597184,0.000000,0.000000,0.000000,0.00,2,7,10,17,20,24,26,16,18,42,41,45,48,41,28,0,0,0,0.0003,0.0018,0.0553,0.0420,0.0091,0.2315,0.0062,6.3918,0.0188,0.2308,0.7147,0.0257,0.1242,0.1977,0.0016,0.0152,0.0000,34.1392,0.0013
1963,33.8741,33.6000,15.3143,5.1761,,true,2,0.008333,0.1782,0.0167,1.00,1.00,6.5762,22,1,385,385,0,434,534,0,14,14,4,343296,0,1537,0,0,805597184,0.000000,0.000000,0.000000,0.00,2,7,10,17,20,24,26,16,18,42,41,45,48,41,28,0,0,0,0.0005,0.0020,0.0452,0.0336,0.0074,0.1791,0.0051,5.1761,0.0157,0.1782,0.5415,0.0191,0.0005,0.1758,0.0019,0.0093,0.0000,17.7784,0.0008
1964,33.8905,33.6167,16.4031,5.2505,,true,2,0.008333,0.1889,0.0167,1.00,1.00,6.3127,22,1,385,385,0,435,535,0,14,14,0,343296,0,1537,0,0,805597184,0.000000,0.000000,0.000000,0.00,2,7,10,17,20,24,26,16,18,42,41,45,46,51,20,0,0,0,0.0003,0.0015,0.0462,0.0379,0.0074,0.1895,0.0042,5.2505,0.0136,0.1889,0.5729,0.0005,0.0004,0.1754,0.0015,0.0007,0.0000,0.0000,0.0010
1965,33.9067,33.6333,16.0548,5.8816,,true,2,0.008333,0.2144,0.0167,1.00,1.00,5.7009,22,1,385,385,0,436,536,0,14,14,0,343296,0,1537,0,0,805597184,0.000000,0.000000,0.000000,0.00,2,7,10,17,20,24,26,16,18,42,41,45,46,51,20,0,0,0,0.0009,0.0016,0.0555,0.0450,0.0078,0.2155,0.0075,5.8816,0.0232,0.2144,0.6105,0.0005,0.0005,0.3326,0.0009,0.0011,0.0000,0.0000,0.0013
1966,33.9229,33.6500,16.7223,5.2595,,true,2,0.008333,0.4141,0.0167,1.00,1.00,5.7565,22,1,385,385,0,436,536,0,14,14,0,343296,0,1537,0,0,805597184,0.000000,0.000000,0.000000,0.00,2,7,10,17,20,24,26,16,18,42,41,45,46,51,20,0,0,0,0.0003,0.0027,0.0561,0.0428,0.0074,0.4150,0.0059,5.2595,0.0186,0.4141,0.5821,0.0006,0.0007,0.2426,0.0010,0.0012,0.0000,0.0000,0.0007
1967,33.9379,33.6667,14.8635,5.2959,,true,2,0.008333,0.1983,0.0167,1.00,1.00,3.9533,22,1,385,385,0,438,538,0,14,14,0,343296,0,1537,0,0,805597184,0.000000,0.000000,0.000000,0.00,2,7,10,17,20,24,26,16,18,42,41,45,46,51,20,0,0,0,0.0006,0.0015,0.0527,0.0504,0.0072,0.1995,0.0049,5.2959,0.0217,0.1983,0.3969,0.0005,0.0005,0.1633,0.0020,0.0010,0.0000,0.0000,0.0011
1968,33.9577,33.6833,19.1334,5.6932,,true,2,0.008333,0.2405,0.0167,1.00,0.87,6.4200,22,1,385,385,0,437,537,0,14,14,0,343296,0,1537,0,0,805597184,0.000000,0.000000,0.000000,0.00,2,7,10,17,20,24,26,16,18,42,41,45,46,51,20,0,0,0,0.0002,0.0026,0.0596,0.0491,0.0096,0.2410,0.0082,5.6932,0.0221,0.2405,0.5827,0.0009,0.0007,0.2334,0.0027,0.0015,0.0000,0.0000,0.0014
1969,33.9724,33.7000,15.4994,5.3579,,true,2,0.008333,0.1873,0.0167,1.00,1.00,5.2528,22,1,385,385,0,437,537,0,14,14,0,343296,0,1537,0,0,805597184,0.000000,0.000000,0.000000,0.00,2,7,10,17,20,24,26,16,18,42,41,45,46,51,20,0,0,0,0.0003,0.0023,0.0525,0.0462,0.0062,0.1885,0.0057,5.3579,0.0201,0.1873,0.5725,0.0007,0.0007,0.2375,0.0021,0.0010,0.0000,0.0000,0.0013
1970,33.9929,33.7167,19.7218,5.9189,,true,2,0.008333,0.2327,0.0167,1.00,0.85,8.3079,22,1,385,385,0,435,535,0,14,14,0,352512,0,1537,0,0,805597184,0.000000,0.000000,0.000000,0.00,2,7,10,17,20,24,26,16,18,42,41,45,46,51,20,0,0,0,0.0006,0.0023,0.0500,0.0394,0.0057,0.2331,0.0064,5.9189,0.0183,0.2327,0.4561,0.0007,0.0003,0.2049,0.0011,0.0007,0.0000,0.0000,0.0011
1971,34.0021,33.7333,10.7648,4.6324,,true,2,0.008333,0.2014,0.0167,1.00,1.00,2.4060,22,1,385,385,0,437,537,0,14,14,0,352512,0,1537,0,0,805597184,0.000000,0.000000,0.000000,0.00,2,7,10,17,20,24,26,16,18,42,41,45,46,51,20,0,0,0,0.0002,0.0019,0.0507,0.0388,0.0054,0.2023,0.0062,4.6324,0.0152,0.2014,0.4280,0.0006,0.0005,0.1721,0.0021,0.0014,0.0000,0.0000,0.0010
1972,34.0247,33.7500,18.3649,7.9908,,true,2,0.008333,0.2869,0.0167,1.00,0.91,4.1042,22,1,385,385,0,437,537,0,14,14,0,352512,0,1537,0,0,805597184,0.000000,0.000000,0.000000,0.00,2,7,10,17,20,24,26,16,18,42,41,45,46,51,20,0,0,0,0.0005,0.0035,0.0424,0.0469,0.0082,0.2875,0.0058,7.9908,0.0205,0.2869,0.4801,0.0005,0.0003,0.2258,0.0012,0.0012,0.0000,0.0000,0.0009
1973,34.0433,33.7667,17.5272,8.8918,,true,2,0.008333,0.2011,0.0167,1.00,0.95,4.9647,22,1,385,385,0,437,537,0,14,14,0,352512,0,1537,0,0,805597184,0.000000,0.000000,0.000000,0.00,2,7,10,17,20,24,26,16,18,42,41,45,46,51,20,0,0,0,0.0003,0.0031,0.0764,0.1049,0.0082,0.2022,0.0068,8.8918,0.0319,0.2011,0.8500,0.0005,0.0004,0.4642,0.0021,0.0008,0.0000,0.0000,0.0007
1974,34.0563,33.7833,17.0152,5.8026,,true,2,0.008333,0.2309,0.0167,1.00,0.98,5.3133,22,1,385,385,0,436,536,0,14,14,0,352512,0,1537,0,0,805597184,0.000000,0.000000,0.000000,0.00,2,7,10,17,20,24,26,16,18,42,41,45,46,51,20,0,0,0,0.0002,0.0018,0.0654,0.0466,0.0081,0.2318,0.0067,5.8026,0.0225,0.2309,0.5145,0.0005,0.0005,0.2154,0.0018,0.0009,0.0000,0.0000,0.0011
1975,34.0730,33.8000,16.5909,5.4941,,true,2,0.008333,0.1965,0.0167,1.00,1.00,5.2376,22,1,385,385,0,436,536,0,14,14,0,352512,0,1537,0,0,805597184,0.000000,0.000000,0.000000,0.00,2,7,10,17,20,24,26,16,18,42,41,45,46,51,20,0,0,0,0.0004,0.0029,0.0472,0.0523,0.0091,0.1968,0.0057,5.4941,0.0189,0.1965,0.4244,0.0006,0.0005,0.1985,0.0013,0.0009,0.0000,0.0000,0.0012
1976,34.0895,33.8167,15.3594,5.3635,,true,2,0.008333,0.1666,0.0167,1.00,1.00,3.9302,22,1,385,385,0,436,536,0,14,14,0,352512,0,1537,0,0,805597184,0.000000,0.000000,0.000000,0.00,2,7,10,17,20,24,26,16,18,42,41,45,46,51,20,0,0,0,0.0005,0.0028,0.0487,0.0422,0.0062,0.1672,0.0055,5.3635,0.0163,0.1666,0.5132,0.0006,0.0006,0.2003,0.0012,0.0022,0.0000,0.0000,0.0010
1977,34.1046,33.8333,15.5823,6.8977,,true,2,0.008333,0.1976,0.0167,1.00,1.00,2.8459,22,1,385,385,0,437,537,0,14,14,0,352512,0,1537,0,0,805597184,0.000000,0.000000,0.000000,0.00,2,7,10,17,20,24,26,16,18,42,41,45,46,51,20,0,0,0,0.0008,0.0026,0.0467,0.0638,0.0085,0.1983,0.0064,6.8977,0.0175,0.1976,0.4809,0.0004,0.0005,0.2126,0.0013,0.0007,0.0000,0.0000,0.0008
1978,34.1207,33.8500,17.1304,5.2444,,true,2,0.008333,0.2502,0.0167,1.00,0.97,3.3097,22,1,385,385,0,437,537,0,14,14,0,352512,0,1537,0,0,805597184,0.000000,0.000000,0.000000,0.00,2,7,10,17,20,24,26,16,18,42,41,45,46,51,20,0,0,0,0.0004,0.0021,0.0712,0.0521,0.0076,0.2514,0.0054,5.2444,0.0166,0.2502,0.5696,0.0011,0.0005,0.2163,0.0015,0.0013,0.0000,0.0000,0.0013
1979,34.1362,33.8667,15.4613,5.6457,,true,2,0.008333,0.2536,0.0167,1.00,1.00,2.1044,22,1,385,385,0,437,537,0,14,14,0,352512,0,1537,0,0,805597184,0.000000,0.000000,0.000000,0.00,2,7,10,17,20,24,26,16,18,42,41,45,46,51,20,0,0,0,0.0004,0.0021,0.0712,0.0448,0.0062,0.2543,0.0060,5.6457,0.0253,0.2536,0.6042,0.0005,0.0004,0.2372,0.0016,0.0013,0.0000,0.0000,0.0005
1980,34.1521,33.8833,15.7800,5.7328,,true,2,0.008333,0.3175,0.0167,1.00,1.00,1.2177,22,1,385,385,0,438,538,0,14,14,0,354816,0,1537,0,0,805597184,0.000000,0.000000,0.000000,0.00,2,7,10,17,20,24,26,16,18,42,41,45,46,51,20,0,0,0,0.0006,0.0026,0.0531,0.0727,0.0091,0.3184,0.0127,5.7328,0.0210,0.3175,0.5678,0.0006,0.0007,0.2393,0.0013,0.0010,0.0000,0.0000,0.0014
1981,34.1707,33.9000,18.9760,5.1471,,true,2,0.008333,0.3475,0.0167,1.00,0.88,3.5270,22,1,385,385,0,437,537,0,14,14,0,354816,0,1537,0,0,805597184,0.000000,0.000000,0.000000,0.00,2,7,10,17,20,24,26,16,18,42,41,45,46,51,20,0,0,0,0.0004,0.0015,0.0508,0.0437,0.0043,0.3483,0.0036,5.1471,0.0169,0.3475,0.4442,0.0005,0.0005,0.1777,0.0011,0.0011,0.0000,0.0000,0.0008
1982,34.1869,33.9167,15.5027,5.5924,,true,2,0.008333,0.2626,0.0167,1.00,1.00,2.3631,22,1,385,385,0,437,537,0,14,14,0,354816,0,1537,0,0,805597184,0.000000,0.000000,0.000000,0.00,2,7,10,17,20,24,26,16,18,42,41,45,46,51,20,0,0,0,0.0002,0.0023,0.0509,0.0529,0.0095,0.2645,0.0069,5.5924,0.0250,0.2626,0.5411,0.0005,0.0005,0.2446,0.0024,0.0009,0.0000,0.0000,0.0009
1983,34.2040,33.9333,16.7835,6.3287,,true,2,0.008333,0.2710,0.0167,1.00,0.99,2.4799,22,1,385,385,0,437,537,0,14,14,0,354816,0,1537,0,0,805597184,0.000000,0.000000,0.000000,0.00,2,7,10,17,20,24,26,16,18,42,41,45,46,51,20,0,0,0,0.0002,0.0021,0.0432,0.0483,0.0074,0.2718,0.0060,6.3287,0.0195,0.2710,0.6334,0.0010,0.0009,0.2726,0.0018,0.0023,0.0000,0.0000,0.0027
1984,34.2181,33.9500,16.3437,4.3151,,true,2,0.008333,0.1673,0.0167,1.00,1.00,2.1569,22,1,385,385,0,437,537,0,14,14,0,354816,0,1537,0,0,805597184,0.000000,0.000000,0.000000,0.00,2,7,10,17,20,24,26,16,18,42,41,45,46,51,20,0,0,0,0.0001,0.0011,0.0429,0.0382,0.0043,0.1678,0.0039,4.3151,0.0183,0.1673,0.4396,0.0004,0.0003,0.1761,0.0013,0.0009,0.0000,0.0000,0.0006
1985,34.2348,33.9667,15.8330,5.2179,,true,2,0.008333,0.2197,0.0167,1.00,1.00,1.3233,22,1,385,385,0,437,537,0,14,14,0,354816,0,1537,0,0,805597184,0.000000,0.000000,0.000000,0.00,2,7,10,17,20,24,26,16,18,42,41,45,46,51,20,0,0,0,0.0003,0.0009,0.0526,0.0807,0.0063,0.2206,0.0026,5.2179,0.0095,0.2197,0.4670,0.0010,0.0004,0.1791,0.0017,0.0015,0.0000,0.0000,0.0009
1986,34.2605,33.9833,23.1999,7.1532,,true,2,0.008333,0.2374,0.0167,1.00,0.72,7.8565,22,1,385,385,0,436,536,0,14,14,0,354816,0,1537,0,0,805597184,0.000000,0.000000,0.000000,0.00,2,7,10,17,20,24,26,16,18,42,41,45,46,51,20,0,0,0,0.0004,0.0027,0.0514,0.0422,0.0062,0.2383,0.0084,7.1532,0.0158,0.2374,0.6011,0.0005,0.0006,0.2288,0.0016,0.0016,0.0000,0.0000,0.0011
1987,34.2725,34.0000,14.8326,4.5404,,true,2,0.008333,0.3404,0.0167,1.00,1.00,6.0225,22,1,385,385,0,435,535,0,14,14,0,354816,0,1537,0,0,805597184,0.000000,0.000000,0.000000,0.00,2,7,10,17,20,24,26,16,18,42,41,45,46,51,20,0,0,0,0.0004,0.0029,0.0445,0.0460,0.0065,0.3411,0.0056,4.5404,0.0188,0.3404,0.4955,0.0005,0.0007,0.2019,0.0014,0.0011,0.0000,0.0000,0.0014
1988,34.2859,34.0167,13.0570,5.1282,,true,2,0.008333,0.2281,0.0167,1.00,1.00,2.4128,22,1,385,385,0,435,535,0,14,14,0,354816,0,1537,0,0,805597184,0.000000,0.000000,0.000000,0.00,2,7,10,17,20,24,26,16,18,42,41,45,46,51,20,0,0,0,0.0001,0.0021,0.0444,0.0404,0.0081,0.2288,0.0099,5.1282,0.0221,0.2281,0.5199,0.0005,0.0003,0.1983,0.0016,0.0016,0.0000,0.0000,0.0013
1989,34.3005,34.0333,15.4526,4.2844,,true,2,0.008333,0.1737,0.0167,1.00,1.00,1.1988,22,1,385,385,0,435,535,0,14,14,0,354816,0,1537,0,0,805597184,0.000000,0.000000,0.000000,0.00,2,7,10,17,20,24,26,16,18,42,41,45,46,51,20,0,0,0,0.0001,0.0011,0.0413,0.0278,0.0044,0.1741,0.0034,4.2844,0.0172,0.1737,0.4289,0.0004,0.0002,0.1753,0.0015,0.0009,0.0000,0.0000,0.0006
1990,34.3169,34.0500,16.0333,4.8198,,true,2,0.008333,0.2084,0.0167,1.00,1.00,0.5654,22,1,385,385,0,436,536,0,14,14,0,354816,0,1537,0,0,805597184,0.000000,0.000000,0.000000,0.00,2,7,10,17,20,24,26,16,18,42,41,45,46,51,20,0,0,0,0.0004,0.0021,0.0439,0.0371,0.0066,0.2089,0.0052,4.8198,0.0202,0.2084,0.4472,0.0005,0.0003,0.1682,0.0014,0.0013,0.0000,0.0000,0.0008
1991,34.3350,34.0667,17.1935,5.3645,,true,2,0.008333,0.2895,0.0167,1.00,0.97,1.0922,22,1,385,385,0,436,536,0,14,14,0,354816,0,1537,0,0,805597184,0.000000,0.000000,0.000000,0.00,2,7,10,17,20,24,26,16,18,42,41,45,46,51,20,0,0,0,0.0002,0.0016,0.0601,0.0509,0.0079,0.2900,0.0073,5.3645,0.0258,0.2895,0.5085,0.0005,0.0005,0.2032,0.0020,0.0023,0.0000,0.0000,0.0015
1992,34.3541,34.0833,16.9618,7.4056,,true,2,0.008333,0.2432,0.0167,1.00,0.98,1.3874,22,1,385,385,0,436,536,0,14,14,0,354816,0,1537,0,0,805597184,0.000000,0.000000,0.000000,0.00,2,7,10,17,20,24,26,16,18,42,41,45,46,51,20,0,0,0,0.0002,0.0031,0.0558,0.0514,0.0078,0.2449,0.0061,7.4056,0.0258,0.2432,0.4591,0.0005,0.0007,0.2128,0.0022,0.0011,0.0000,0.0000,0.0019
1993,34.3718,34.1000,19.2740,5.7698,,true,2,0.008333,0.1985,0.0167,1.00,0.86,3.9947,22,1,385,385,0,436,536,0,14,14,0,354816,0,1537,0,0,805597184,0.000000,0.000000,0.000000,0.00,2,7,10,17,20,24,26,16,18,42,41,45,46,51,20,0,0,0,0.0003,0.0026,0.0444,0.0373,0.0066,0.1995,0.0048,5.7698,0.0178,0.1985,0.4261,0.0003,0.0004,0.1855,0.0017,0.0010,0.0000,0.0000,0.0005
1994,34.3876,34.1167,16.3843,5.1961,,true,2,0.008333,0.2760,0.0167,1.00,1.00,3.7124,22,1,385,385,0,435,535,0,14,14,0,354816,0,1537,0,0,805597184,0.000000,0.000000,0.000000,0.00,2,7,10,17,20,24,26,16,18,42,41,45,46,51,20,0,0,0,0.0002,0.0027,0.0402,0.0429,0.0067,0.2767,0.0047,5.1961,0.0135,0.2760,0.4512,0.0004,0.0005,0.1744,0.0015,0.0008,0.0000,0.0000,0.0006
1995,34.4015,34.1333,13.5671,5.6984,,true,2,0.008333,0.1816,0.0167,1.00,1.00,0.6127,22,1,385,385,0,435,535,0,14,14,0,354816,0,1537,0,0,805597184,0.000000,0.000000,0.000000,0.00,2,7,10,17,20,24,26,16,18,42,41,45,46,51,20,0,0,0,0.0008,0.0021,0.0525,0.0427,0.0074,0.1820,0.0054,5.6984,0.0216,0.1816,0.4021,0.0006,0.0003,0.1561,0.0013,0.0007,0.0000,0.0000,0.0012
1996,34.4158,34.1417,15.3373,4.9706,,true,1,0.008333,0.2898,0.0083,1.00,0.54,7.6167,22,1,385,385,0,434,534,0,14,14,0,354816,0,1537,0,0,805597184,0.000000,0.000000,0.000000,0.00,2,7,10,17,20,24,26,16,18,42,41,45,46,51,20,0,0,0,0.0002,0.0028,0.0384,0.0424,0.0063,0.2904,0.0060,4.9706,0.0151,0.2898,0.3873,0.0007,0.0004,0.1538,0.0014,0.0011,0.0000,0.0000,0.0016
1997,34.4315,34.1583,15.5749,5.1015,,true,2,0.008333,0.2183,0.0167,1.00,1.00,6.5249,22,1,385,385,0,434,534,0,14,14,0,354816,0,1537,0,0,805597184,0.000000,0.000000,0.000000,0.00,2,7,10,17,20,24,26,16,18,42,41,45,46,51,20,0,0,0,0.0007,0.0023,0.0594,0.0548,0.0068,0.2190,0.0057,5.1015,0.0272,0.2183,0.5176,0.0004,0.0007,0.2001,0.0019,0.0018,0.0000,0.0000,0.0011
1998,34.4461,34.1750,14.7017,4.8301,,true,2,0.008333,0.1679,0.0167,1.00,1.00,4.5599,22,1,385,385,0,434,534,0,14,14,0,357120,0,1537,0,0,805597184,0.000000,0.000000,0.000000,0.00,2,7,10,17,20,24,26,16,18,42,41,45,46,51,20,0,0,0,0.0002,0.0014,0.0520,0.0380,0.0052,0.1684,0.0036,4.8301,0.0190,0.1679,0.4736,0.0006,0.0004,0.1811,0.0012,0.0017,0.0000,0.0000,0.0011
1999,34.4642,34.1917,16.5344,6.0401,,true,2,0.008333,0.2116,0.0167,1.00,1.00,4.4276,22,1,385,385,0,433,533,0,14,14,0,357120,0,1537,0,0,805597184,0.000000,0.000000,0.000000,0.00,2,7,10,17,20,24,26,16,18,42,41,45,46,51,20,0,0,0,0.0004,0.0019,0.0652,0.0480,0.0065,0.2122,0.0043,6.0401,0.0234,0.2116,0.5168,0.0005,0.0003,0.2082,0.0019,0.0011,0.0000,0.0000,0.0008
2000,34.4769,34.2083,14.6550,4.3975,,true,2,0.008333,0.1464,0.0167,1.00,1.00,2.4160,22,1,385,385,0,434,534,0,14,14,0,357120,0,1537,0,0,805597184,0.000000,0.000000,0.000000,0.00,2,7,10,17,20,24,26,16,18,42,41,45,46,51,20,0,0,0,0.0005,0.0022,0.0529,0.0382,0.0066,0.1467,0.0045,4.3975,0.0216,0.1464,0.4108,0.0004,0.0004,0.1612,0.0019,0.0010,0.0000,0.0000,0.0009
2001,34.4923,34.2250,15.5695,4.3904,,true,2,0.008333,0.1590,0.0167,1.00,1.00,1.3189,22,1,385,385,0,434,534,0,14,14,0,357120,0,1537,0,0,805597184,0.000000,0.000000,0.000000,0.00,2,7,10,17,20,24,26,16,18,42,41,45,46,51,20,0,0,0,0.0010,0.0017,0.0582,0.0316,0.0043,0.1594,0.0088,4.3904,0.0246,0.1590,0.5001,0.0004,0.0004,0.2049,0.0009,0.0011,0.0000,0.0000,0.0016
2002,34.5103,34.2417,16.4866,5.7239,,true,2,0.008333,0.2384,0.0167,1.00,1.00,1.1388,22,1,385,385,0,434,534,0,14,14,0,357120,0,1537,0,0,805597184,0.000000,0.000000,0.000000,0.00,2,7,10,17,20,24,26,16,18,42,41,45,46,51,20,0,0,0,0.0006,0.0030,0.0399,0.0447,0.0067,0.2397,0.0065,5.7239,0.0195,0.2384,0.4062,0.0006,0.0005,0.1462,0.0015,0.0012,0.0000,0.0000,0.0013
2003,34.5318,34.2583,17.5304,9.6807,,true,2,0.008333,0.3490,0.0167,1.00,0.95,2.0026,22,1,385,385,8,434,534,0,14,14,0,357120,0,1545,10,40,805597184,0.000000,0.000000,0.000000,0.00,2,7,10,17,20,24,26,16,18,42,41,45,46,51,20,0,0,0,0.0004,0.0013,0.0598,0.0284,0.0053,0.3498,0.0055,9.6807,0.0180,0.3490,4.7770,0.0005,0.1615,0.1579,0.0015,0.0012,0.0000,0.0000,4.1319
2004,34.5442,34.2750,16.7452,5.4861,,true,2,0.008333,0.1990,0.0167,1.00,1.00,2.0812,22,1,385,385,2,433,533,0,14,14,8,357120,0,1547,2,10,805597184,0.000000,0.000000,0.000000,0.00,2,7,10,17,20,24,26,16,18,42,41,45,46,51,20,0,0,0,0.0007,0.0018,0.0431,0.0374,0.0101,0.1996,0.0054,5.4861,0.0180,0.1990,0.7019,0.0263,0.1619,0.1775,0.0017,0.0157,0.0000,34.1550,0.0010
2005,34.5591,34.2833,14.3255,5.5761,,true,1,0.008333,0.1696,0.0083,1.00,0.58,8.0733,22,1,385,385,0,412,512,0,14,14,2,357120,0,1547,0,0,805597184,0.000000,0.000000,0.000000,0.00,2,7,10,17,20,24,26,16,18,42,41,45,46,51,20,0,0,0,0.0007,0.0031,0.0734,0.0509,0.0063,0.1700,0.0130,5.5761,0.0288,0.1696,0.8299,0.0092,0.1645,0.2568,0.0005,0.0087,0.0000,8.6567,0.0009
2006,34.5770,34.3083,18.3718,4.9287,,true,3,0.008333,0.2207,0.0250,1.00,1.00,1.4451,22,1,385,385,0,418,518,0,14,14,0,357120,0,1547,0,0,805597184,0.000000,0.000000,0.000000,0.00,2,7,10,17,20,24,26,16,17,46,41,44,52,43,20,0,0,0,0.0006,0.0020,0.0447,0.0475,0.0065,0.2212,0.0067,4.9287,0.0152,0.2207,0.5055,0.0005,0.0004,0.2008,0.0017,0.0010,0.0000,0.0000,0.0005
2007,34.5945,34.3250,18.5798,4.3763,,true,2,0.008333,0.1726,0.0167,1.00,0.90,3.3582,22,1,385,385,0,419,519,0,14,14,0,357120,0,1547,0,0,805597184,0.000000,0.000000,0.000000,0.00,2,7,10,17,20,24,26,16,17,46,41,44,52,43,20,0,0,0,0.0003,0.0028,0.0532,0.0355,0.0050,0.1732,0.0047,4.3763,0.0185,0.1726,0.4128,0.0005,0.0009,0.1692,0.0017,0.0008,0.0000,0.0000,0.0008
2008,34.6099,34.3417,14.9520,4.7354,,true,2,0.008333,0.1867,0.0167,1.00,1.00,1.6435,22,1,385,385,0,423,523,0,14,14,0,357120,0,1547,0,0,805597184,0.000000,0.000000,0.000000,0.00,2,7,10,17,20,24,26,16,17,46,41,44,52,43,20,0,0,0,0.0002,0.0014,0.0399,0.0374,0.0061,0.1873,0.0041,4.7354,0.0154,0.1867,0.4016,0.0003,0.0003,0.1710,0.0009,0.0013,0.0000,0.0000,0.0010
2009,34.6236,34.3500,14.0867,4.4756,,true,1,0.008333,0.1194,0.0083,1.00,0.59,7.3969,22,1,385,385,0,419,519,0,14,14,0,357120,0,1547,0,0,805597184,0.000000,0.000000,0.000000,0.00,2,7,10,17,20,24,26,16,17,46,41,44,52,43,20,0,0,0,0.0005,0.0008,0.0322,0.0354,0.0053,0.1200,0.0025,4.4756,0.0147,0.1194,0.3423,0.0006,0.0007,0.1567,0.0010,0.0011,0.0000,0.0000,0.0009
2010,34.6403,34.3667,16.6466,4.5482,,true,2,0.008333,0.2305,0.0167,1.00,1.00,7.3768,22,1,385,385,0,417,517,0,14,14,0,357120,0,1547,0,0,805597184,0.000000,0.000000,0.000000,0.00,2,7,10,17,20,24,26,16,17,46,41,44,52,43,20,0,0,0,0.0002,0.0016,0.0507,0.0487,0.0066,0.2308,0.0031,4.5482,0.0193,0.2305,0.4676,0.0010,0.0005,0.1838,0.0011,0.0014,0.0000,0.0000,0.0012
2011,34.6599,34.3833,17.1050,6.8561,,true,2,0.008333,0.2172,0.0167,1.00,0.97,7.8151,22,1,385,385,0,416,516,0,14,14,0,357120,0,1547,0,0,805597184,0.000000,0.000000,0.000000,0.00,2,7,10,17,20,24,26,16,17,46,41,44,52,43,20,0,0,0,0.0007,0.0078,0.0594,0.0633,0.0089,0.2190,0.0061,6.8561,0.0215,0.2172,0.4786,0.0008,0.0157,0.1668,0.0019,0.0010,0.0000,0.0000,0.0011
2012,34.6756,34.4083,17.3211,5.1163,,true,3,0.008333,0.3475,0.0250,1.00,1.00,0.1362,22,1,385,385,0,421,521,0,14,14,0,364032,0,1547,0,0,805597184,0.000000,0.000000,0.000000,0.00,2,7,10,17,20,24,26,16,17,46,41,44,52,43,20,0,0,0,0.0002,0.0018,0.0494,0.0427,0.0072,0.3479,0.0059,5.1163,0.0147,0.3475,0.4088,0.0004,0.0002,0.1582,0.0009,0.0009,0.0000,0.0000,0.0004
2013,34.6953,34.4250,17.7309,6.4890,,true,2,0.008333,0.2351,0.0167,1.00,0.94,1.2004,22,1,385,385,0,424,524,0,14,14,0,364032,0,1547,0,0,805597184,0.000000,0.000000,0.000000,0.00,2,7,10,17,20,24,26,16,17,46,41,44,52,43,20,0,0,0,0.0005,0.0022,0.0646,0.0591,0.0069,0.2356,0.0070,6.4890,0.0184,0.2351,0.4321,0.0006,0.0006,0.1679,0.0015,0.0010,0.0000,0.0000,0.0017
2014,34.7117,34.4417,16.6461,6.5490,,true,2,0.008333,0.2005,0.0167,1.00,1.00,1.1798,22,1,385,385,0,426,526,0,14,14,0,364032,0,1547,0,0,805597184,0.000000,0.000000,0.000000,0.00,2,7,10,17,20,24,26,16,17,46,41,44,52,43,20,0,0,0,0.0004,0.0032,0.0579,0.0453,0.0083,0.2009,0.0154,6.5490,0.0209,0.2005,0.5757,0.0009,0.0002,0.2222,0.0014,0.0017,0.0000,0.0000,0.0012
2015,34.7330,34.4583,21.8992,6.1330,,true,2,0.008333,0.2806,0.0167,1.00,0.76,6.4123,22,1,385,385,0,425,525,0,14,14,0,364032,0,1547,0,0,805597184,0.000000,0.000000,0.000000,0.00,2,7,10,17,20,24,26,16,17,46,41,44,52,43,20,0,0,0,0.0004,0.0021,0.0568,0.0567,0.0077,0.2822,0.0043,6.1330,0.0211,0.2806,0.6224,0.0004,0.0005,0.2728,0.0013,0.0013,0.0000,0.0000,0.0013
2016,34.7431,34.4750,11.3416,5.6144,,true,2,0.008333,0.2175,0.0167,1.00,1.00,1.0872,22,1,385,385,0,427,527,0,14,14,0,364032,0,1547,0,0,805597184,0.000000,0.000000,0.000000,0.00,2,7,10,17,20,24,26,16,17,46,41,44,52,43,20,0,0,0,0.0003,0.0025,0.0478,0.0590,0.0085,0.2178,0.0046,5.6144,0.0206,0.2175,0.4493,0.0005,0.0004,0.1678,0.0018,0.0017,0.0000,0.0000,0.0010
2017,34.7601,34.4833,15.2468,6.6248,,true,1,0.008333,0.2163,0.0083,1.00,0.55,8.0006,22,1,385,385,0,425,525,0,14,14,0,361728,0,1547,0,0,805597184,0.000000,0.000000,0.000000,0.00,2,7,10,17,20,24,26,16,17,46,41,44,52,43,20,0,0,0,0.0005,0.0030,0.0546,0.0485,0.0087,0.2170,0.0166,6.6248,0.0263,0.2163,0.4637,0.0006,0.0002,0.1997,0.0021,0.0023,0.0000,0.0000,0.0015
2018,34.7807,34.5083,19.1377,8.1666,,true,3,0.008333,0.6510,0.0250,1.00,1.00,2.1383,22,1,385,385,0,427,527,0,14,14,0,361728,0,1547,0,0,805597184,0.000000,0.000000,0.000000,0.00,2,7,10,17,20,24,26,16,17,46,41,44,52,43,20,0,0,0,0.0010,0.0021,0.0467,0.0510,0.0073,0.6519,0.0079,8.1666,0.0263,0.6510,0.6233,0.0005,0.0008,0.2816,0.0036,0.0010,0.0000,0.0000,0.0010
2019,34.7934,34.5250,15.7615,5.3815,,true,2,0.008333,0.2195,0.0167,1.00,1.00,1.2332,22,1,385,385,0,428,528,0,14,14,0,361728,0,1547,0,0,805597184,0.000000,0.000000,0.000000,0.00,2,7,10,17,20,24,26,16,17,46,41,44,52,43,20,0,0,0,0.0006,0.0041,0.0496,0.0347,0.0109,0.2200,0.0061,5.3815,0.0282,0.2195,0.5094,0.0004,0.0006,0.1868,0.0019,0.0007,0.0000,0.0000,0.0011
2020,34.8129,34.5417,18.3161,5.5437,,true,2,0.008333,0.2440,0.0167,1.00,0.91,2.8827,22,1,385,385,0,429,529,0,14,14,0,361728,0,1547,0,0,805597184,0.000000,0.000000,0.000000,0.00,2,7,10,17,20,24,26,16,17,46,41,44,52,43,20,0,0,0,0.0003,0.0015,0.0407,0.0558,0.0084,0.2445,0.0073,5.5437,0.0156,0.2440,0.4733,0.0005,0.0003,0.1937,0.0020,0.0014,0.0000,0.0000,0.0007
2021,34.8285,34.5583,16.2488,5.5034,,true,2,0.008333,0.2195,0.0167,1.00,1.00,2.4648,22,1,385,385,0,429,529,0,14,14,0,361728,0,1547,0,0,805597184,0.000000,0.000000,0.000000,0.00,2,7,10,17,20,24,26,16,17,46,41,44,52,43,20,0,0,0,0.0001,0.0018,0.0396,0.0414,0.0077,0.2199,0.0068,5.5034,0.0178,0.2195,0.5099,0.0007,0.0006,0.2153,0.0016,0.0021,0.0000,0.0000,0.0015
2022,34.8441,34.5750,16.1341,5.3060,,true,2,0.008333,0.1716,0.0167,1.00,1.00,1.9322,22,1,385,385,0,430,530,0,14,14,0,361728,0,1547,0,0,805597184,0.000000,0.000000,0.000000,0.00,2,7,10,17,20,24,26,16,17,46,41,44,52,43,20,0,0,0,0.0003,0.0019,0.0515,0.0349,0.0046,0.1723,0.0042,5.3060,0.0256,0.1716,0.4481,0.0006,0.0007,0.1936,0.0014,0.0012,0.0000,0.0000,0.0010
2023,34.8656,34.5917,19.4912,7.0848,,true,2,0.008333,0.2126,0.0167,1.00,0.86,4.7567,22,1,385,385,0,429,529,0,14,14,0,361728,0,1547,0,0,805597184,0.000000,0.000000,0.000000,0.00,2,7,10,17,20,24,26,16,17,46,41,44,52,43,20,0,0,0,0.0005,0.0023,0.0426,0.0426,0.0046,0.2132,0.0070,7.0848,0.0196,0.2126,0.4516,0.0006,0.0006,0.1846,0.0016,0.0018,0.0000,0.0000,0.0012
2024,34.8829,34.6083,17.9467,6.4655,,true,2,0.008333,0.2990,0.0167,1.00,0.93,6.0367,22,1,385,385,0,429,529,0,14,14,0,361728,0,1547,0,0,805597184,0.000000,0.000000,0.000000,0.00,2,7,10,17,20,24,26,16,17,46,41,44,52,43,20,0,0,0,0.0007,0.0026,0.0615,0.0529,0.0120,0.3002,0.0079,6.4655,0.0223,0.2990,0.5906,0.0005,0.0005,0.2520,0.0014,0.0008,0.0000,0.0000,0.0008
2025,34.9024,34.6250,18.9576,7.1471,,true,2,0.008333,0.1949,0.0167,1.00,0.88,8.3277,22,1,385,385,0,427,527,0,14,14,0,361728,0,1547,0,0,805597184,0.000000,0.000000,0.000000,0.00,2,7,10,17,20,24,26,16,17,46,41,44,52,43,20,0,0,0,0.0006,0.0016,0.0352,0.0369,0.0060,0.1956,0.0164,7.1471,0.0183,0.1949,0.4408,0.0005,0.0005,0.1813,0.0018,0.0009,0.0000,0.0000,0.0010
2026,34.9178,34.6417,15.6522,6.6381,,true,2,0.008333,0.5893,0.0167,1.00,1.00,7.3132,22,1,385,385,0,427,527,0,14,14,0,361728,0,1547,0,0,805597184,0.000000,0.000000,0.000000,0.00,2,7,10,17,20,24,26,16,17,46,41,44,52,43,20,0,0,0,0.0009,0.0029,0.0492,0.0565,0.0081,0.5908,0.0061,6.6381,0.0194,0.5893,0.5692,0.0006,0.0006,0.2450,0.0018,0.0010,0.0000,0.0000,0.0009
2027,34.9353,34.6583,17.3549,7.1786,,true,2,0.008333,0.2059,0.0167,1.00,0.96,8.0014,22,1,385,385,0,426,526,0,14,14,0,361728,0,1547,0,0,805597184,0.000000,0.000000,0.000000,0.00,2,7,10,17,20,24,26,16,17,46,41,44,52,43,20,0,0,0,0.0001,0.0023,0.0378,0.0370,0.0073,0.2064,0.0054,7.1786,0.0157,0.2059,0.4212,0.0004,0.0004,0.1722,0.0017,0.0008,0.0000,0.0000,0.0008
2028,34.9501,34.6750,16.7201,4.9079,,true,2,0.008333,0.2290,0.0167,1.00,1.00,8.0548,22,1,385,385,0,426,526,0,14,14,0,361728,0,1547,0,0,805597184,0.000000,0.000000,0.000000,0.00,2,7,10,17,20,24,26,16,17,46,41,44,52,43,20,0,0,0,0.0005,0.0016,0.0399,0.0448,0.0064,0.2294,0.0055,4.9079,0.0162,0.2290,0.4336,0.0006,0.0005,0.1745,0.0010,0.0010,0.0000,0.0000,0.0011
2029,34.9642,34.6917,14.3116,4.8923,,true,2,0.008333,0.1782,0.0167,1.00,1.00,5.6998,22,1,385,385,0,427,527,0,14,14,0,361728,0,1547,0,0,805597184,0.000000,0.000000,0.000000,0.00,2,7,10,17,20,24,26,16,17,46,41,44,52,43,20,0,0,0,0.0006,0.0025,0.0417,0.0409,0.0054,0.1787,0.0079,4.8923,0.0186,0.1782,0.5610,0.0007,0.0006,0.2072,0.0020,0.0008,0.0000,0.0000,0.0006
2030,34.9822,34.7083,17.4964,5.3398,,true,2,0.008333,0.1946,0.0167,1.00,0.95,6.5296,22,1,385,385,0,427,527,0,14,14,0,361728,0,1547,0,0,805597184,0.000000,0.000000,0.000000,0.00,2,7,10,17,20,24,26,16,17,46,41,44,52,43,20,0,0,0,0.0003,0.0014,0.0352,0.0416,0.0075,0.1951,0.0045,5.3398,0.0226,0.1946,0.3937,0.0006,0.0005,0.1568,0.0012,0.0008,0.0000,0.0000,0.0006
2031,34.9952,34.7250,14.8306,4.0133,,true,2,0.008333,0.1512,0.0167,1.00,1.00,4.6935,22,1,385,385,0,427,527,0,14,14,0,361728,0,1547,0,0,805597184,0.000000,0.000000,0.000000,0.00,2,7,10,17,20,24,26,16,17,46,41,44,52,43,20,0,0,0,0.0001,0.0013,0.0366,0.0314,0.0053,0.1517,0.0043,4.0133,0.0153,0.1512,0.3802,0.0003,0.0005,0.1393,0.0013,0.0010,0.0000,0.0000,0.0008
2032,35.0088,34.7417,13.9553,3.8407,,true,2,0.008333,0.1196,0.0167,1.00,1.00,1.9821,22,1,385,385,0,428,528,0,14,14,0,361728,0,1547,0,0,805597184,0.000000,0.000000,0.000000,0.00,2,7,10,17,20,24,26,16,17,46,41,44,52,43,20,0,0,0,0.0001,0.0009,0.0342,0.0210,0.0027,0.1198,0.0035,3.8407,0.0118,0.1196,0.3582,0.0005,0.0002,0.1373,0.0011,0.0008,0.0000,0.0000,0.0006
2033,35.0253,34.7583,15.2157,4.8991,,true,2,0.008333,0.2353,0.0167,1.00,1.00,0.5311,22,1,385,385,0,429,529,0,14,14,0,361728,0,1547,0,0,805597184,0.000000,0.000000,0.000000,0.00,2,7,10,17,20,24,26,16,17,46,41,44,52,43,20,0,0,0,0.0001,0.0012,0.0346,0.0254,0.0042,0.2357,0.0036,4.8991,0.0151,0.2353,0.3560,0.0004,0.0003,0.1407,0.0009,0.0007,0.0000,0.0000,0.0011
2034,35.0451,34.7750,19.1930,5.0333,,true,2,0.008333,0.1891,0.0167,1.00,0.87,3.0575,22,1,385,385,0,430,530,0,14,14,0,361728,0,1547,0,0,805597184,0.000000,0.000000,0.000000,0.00,2,7,10,17,20,24,26,16,17,46,41,44,52,43,20,0,0,0,0.0004,0.0022,0.0402,0.0419,0.0063,0.1897,0.0056,5.0333,0.0201,0.1891,0.4403,0.0004,0.0003,0.1750,0.0014,0.0009,0.0000,0.0000,0.0007
2035,35.0576,34.7917,13.7211,4.5019,,true,2,0.008333,0.1351,0.0167,1.00,1.00,0.1119,22,1,385,385,0,430,530,0,14,14,0,361728,0,1547,0,0,805597184,0.000000,0.000000,0.000000,0.00,2,7,10,17,20,24,26,16,17,46,41,44,52,43,20,0,0,0,0.0001,0.0023,0.0490,0.0266,0.0033,0.1353,0.0064,4.5019,0.0176,0.1351,0.4329,0.0004,0.0003,0.1640,0.0011,0.0006,0.0000,0.0000,0.0007
2036,35.0754,34.8083,16.7598,5.2311,,true,2,0.008333,0.1849,0.0167,1.00,0.99,0.2050,22,1,385,385,0,431,531,0,14,14,0,361728,0,1547,0,0,805597184,0.000000,0.000000,0.000000,0.00,2,7,10,17,20,24,26,16,17,46,41,44,52,43,20,0,0,0,0.0004,0.0018,0.0406,0.0587,0.0102,0.1852,0.0081,5.2311,0.0161,0.1849,0.5209,0.0007,0.0007,0.1929,0.0005,0.0010,0.0000,0.0000,0.0010
2037,35.0895,34.8167,15.1236,4.1882,,true,1,0.008333,0.1153,0.0083,1.00,0.55,6.9953,22,1,385,385,0,430,530,0,14,14,0,361728,0,1547,0,0,805597184,0.000000,0.000000,0.000000,0.00,2,7,10,17,20,24,26,16,17,46,41,44,52,43,20,0,0,0,0.0001,0.0019,0.0414,0.0352,0.0061,0.1158,0.0058,4.1882,0.0175,0.1153,0.4257,0.0005,0.0005,0.1933,0.0015,0.0010,0.0000,0.0000,0.0006
2038,35.1043,34.8333,14.8805,4.2847,,true,2,0.008333,0.2143,0.0167,1.00,1.00,5.2091,22,1,385,385,0,430,530,0,14,14,0,361728,0,1547,0,0,805597184,0.000000,0.000000,0.000000,0.00,2,7,10,17,20,24,26,16,17,46,41,44,52,43,20,0,0,0,0.0001,0.0011,0.0361,0.0461,0.0065,0.2158,0.0030,4.2847,0.0090,0.2143,0.3581,0.0004,0.0003,0.1382,0.0010,0.0008,0.0000,0.0000,0.0007
2039,35.1179,34.8500,14.2680,3.5050,,true,2,0.008333,0.1191,0.0167,1.00,1.00,2.8104,22,1,385,385,0,430,530,0,14,14,0,361728,0,1547,0,0,805597184,0.000000,0.000000,0.000000,0.00,2,7,10,17,20,24,26,16,17,46,41,44,52,43,20,0,0,0,0.0001,0.0038,0.0337,0.0428,0.0018,0.1194,0.0081,3.5050,0.0087,0.1191,0.3907,0.0013,0.0012,0.1264,0.0020,0.0018,0.0000,0.0000,0.0016
2040,35.1334,34.8667,15.5331,3.6074,,true,2,0.008333,0.1123,0.0167,1.00,1.00,1.6769,22,1,385,385,0,430,530,0,14,14,0,361728,0,1547,0,0,805597184,0.000000,0.000000,0.000000,0.00,2,7,10,17,20,24,26,16,17,46,41,44,52,43,20,0,0,0,0.0003,0.0019,0.0329,0.0349,0.0027,0.1124,0.0066,3.6074,0.0118,0.1123,0.4633,0.0003,0.0004,0.1011,0.0005,0.0009,0.0000,0.0000,0.0010
2041,35.1486,34.8833,15.3954,3.1911,,true,2,0.008333,0.1120,0.0167,1.00,1.00,0.4056,22,1,385,385,0,431,531,0,14,14,0,361728,0,1547,0,0,805597184,0.000000,0.000000,0.000000,0.00,2,7,10,17,20,24,26,16,17,46,41,44,52,43,20,0,0,0,0.0002,0.0007,0.0330,0.0210,0.0025,0.1122,0.0020,3.1911,0.0139,0.1120,0.3934,0.0005,0.0000,0.1707,0.0019,0.0018,0.0000,0.0000,0.0015
2042,35.1647,34.8917,15.9775,3.5468,,true,1,0.008333,0.3398,0.0083,1.00,0.52,8.0498,22,1,385,385,0,430,530,0,14,14,0,361728,0,1547,0,0,805597184,0.000000,0.000000,0.000000,0.00,2,7,10,17,20,24,26,16,17,46,41,44,52,43,20,0,0,0,0.0001,0.0016,0.0291,0.0439,0.0060,0.3406,0.0027,3.5468,0.0137,0.3398,0.3326,0.0002,0.0002,0.1424,0.0007,0.0006,0.0000,0.0000,0.0003
2043,35.1895,34.9167,20.9815,6.0530,,true,3,0.008333,0.3012,0.0250,1.00,1.00,4.0312,22,1,385,385,0,430,530,0,14,14,0,361728,0,1547,0,0,805597184,0.000000,0.000000,0.000000,0.00,2,7,10,17,20,24,26,16,17,46,41,44,52,43,20,0,0,0,0.0003,0.0023,0.0588,0.0466,0.0073,0.3019,0.0058,6.0530,0.0280,0.3012,0.5426,0.0005,0.0006,0.2435,0.0028,0.0009,0.0000,0.0000,0.0012
2044,35.2053,34.9333,16.5756,6.0595,,true,2,0.008333,0.5002,0.0167,1.00,1.00,3.9402,22,1,385,385,0,430,530,0,14,14,0,364032,0,1547,0,0,805597184,0.000000,0.000000,0.000000,0.00,2,7,10,17,20,24,26,16,17,46,41,44,52,43,20,0,0,0,0.0003,0.0024,0.0400,0.0497,0.0078,0.5016,0.0069,6.0595,0.0183,0.5002,0.4456,0.0004,0.0007,0.1938,0.0010,0.0008,0.0000,0.0000,0.0010
2045,35.2244,34.9500,18.9836,6.1685,,true,2,0.008333,0.2192,0.0167,1.00,0.88,6.2572,22,1,385,385,0,430,530,0,14,14,0,364032,0,1547,0,0,805597184,0.000000,0.000000,0.000000,0.00,2,7,10,17,20,24,26,16,17,46,41,44,52,43,20,0,0,0,0.0002,0.0018,0.0447,0.0446,0.0072,0.2203,0.0066,6.1685,0.0181,0.2192,0.4789,0.0004,0.0003,0.1962,0.0017,0.0011,0.0000,0.0000,0.0015
2046,35.2461,34.9667,17.2065,10.5302,,true,2,0.008333,0.2466,0.0167,1.00,0.97,6.7970,22,1,385,385,8,429,529,0,14,14,0,364032,0,1555,15,40,805597184,0.000000,0.000000,0.000000,0.00,2,7,10,17,20,24,26,16,17,46,41,44,52,43,20,0,0,0,0.0003,0.0022,0.0558,0.0706,0.0126,0.2474,0.0075,10.5302,0.0244,0.2466,3.7607,0.0007,0.1539,0.2384,0.0038,0.0019,0.0000,0.0000,3.0237
2047,35.2592,34.9833,18.0080,5.9749,,true,2,0.008333,0.1774,0.0167,1.00,0.93,8.1383,22,1,385,385,7,422,522,0,14,14,8,364032,0,1562,7,35,805597184,0.000000,0.000000,0.000000,0.00,2,7,10,17,20,24,26,16,17,46,41,44,52,43,20,0,0,0,0.0007,0.0015,0.0495,0.0539,0.0087,0.1786,0.0028,5.9749,0.0184,0.1774,0.7473,0.0299,0.1413,0.1628,0.0021,0.0178,0.0000,36.4971,0.0010
2048,35.2786,35.0083,18.6696,6.0416,,true,3,0.008333,0.3914,0.0250,1.00,1.00,1.8079,22,1,385,385,0,439,539,0,14,14,7,364032,0,1562,0,0,805597184,0.000000,0.000000,0.000000,0.00,2,7,10,17,20,24,26,16,17,46,41,44,52,43,20,0,0,0,0.0008,0.0037,0.0418,0.0485,0.0077,0.3926,0.0058,6.0416,0.0321,0.3914,0.6335,0.0469,0.1109,0.1868,0.0009,0.0142,0.0000,29.7564,0.0008
2049,35.2943,35.0250,17.4287,4.6216,,true,2,0.008333,0.2592,0.0167,1.00,0.96,2.5700,22,1,385,385,0,445,545,0,14,14,0,364032,0,1562,0,0,805597184,0.000000,0.000000,0.000000,0.00,2,7,10,17,20,24,26,16,17,46,41,43,58,34,24,0,0,0,0.0004,0.0023,0.0567,0.0353,0.0065,0.2600,0.0062,4.6216,0.0134,0.2592,0.5378,0.0005,0.0006,0.2063,0.0013,0.0007,0.0000,0.0000,0.0011
2050,35.3181,35.0417,17.2401,9.6633,,true,2,0.008333,0.2337,0.0167,1.00,0.97,3.1434,22,1,385,385,0,447,547,0,14,14,0,364032,0,1562,0,0,805597184,0.000000,0.000000,0.000000,0.00,2,7,10,17,20,24,26,16,17,46,41,43,58,34,24,0,0,0,0.0006,0.0020,0.0382,0.0494,0.0066,0.2352,0.0052,9.6633,0.0240,0.2337,0.4279,0.0010,0.0006,0.2147,0.0018,0.0011,0.0000,0.0000,0.0010
2051,35.3329,35.0583,21.4744,4.7600,,true,2,0.008333,0.1985,0.0167,1.00,0.78,7.9511,22,1,385,385,0,442,542,0,14,14,0,364032,0,1562,0,0,805597184,0.000000,0.000000,0.000000,0.00,2,7,10,17,20,24,26,16,17,46,41,43,58,34,24,0,0,0,0.0006,0.0022,0.0367,0.0492,0.0074,0.1993,0.0060,4.7600,0.0138,0.1985,0.4151,0.0005,0.0005,0.1758,0.0014,0.0016,0.0000,0.0000,0.0005
2052,35.3451,35.0750,13.5763,3.8608,,true,2,0.008333,0.1858,0.0167,1.00,1.00,4.8608,22,1,385,385,0,441,541,0,14,14,0,364032,0,1562,0,0,805597184,0.000000,0.000000,0.000000,0.00,2,7,10,17,20,24,26,16,17,46,41,43,58,34,24,0,0,0,0.0003,0.0014,0.0300,0.0407,0.0074,0.1870,0.0061,3.8608,0.0133,0.1858,0.3000,0.0008,0.0003,0.1046,0.0011,0.0006,0.0000,0.0000,0.0010
2053,35.3643,35.0917,17.9183,4.8809,,true,2,0.008333,0.1507,0.0167,1.00,0.93,6.1124,22,1,385,385,0,439,539,0,14,14,0,364032,0,1562,0,0,805597184,0.000000,0.000000,0.000000,0.00,2,7,10,17,20,24,26,16,17,46,41,43,58,34,24,0,0,0,0.0001,0.0019,0.0378,0.0459,0.0074,0.1520,0.0049,4.8809,0.0153,0.1507,0.4004,0.0003,0.0007,0.1840,0.0013,0.0008,0.0000,0.0000,0.0007
2054,35.3859,35.1167,20.6155,5.4004,,true,3,0.008333,0.2487,0.0250,1.00,1.00,1.7279,22,1,385,385,0,441,541,0,14,14,0,364032,0,1562,0,0,805597184,0.000000,0.000000,0.000000,0.00,2,7,10,17,20,24,26,16,17,46,41,43,58,34,24,0,0,0,0.0001,0.0017,0.0405,0.0490,0.0081,0.2491,0.0052,5.4004,0.0198,0.2487,0.4135,0.0004,0.0007,0.1967,0.0014,0.0012,0.0000,0.0000,0.0011
2055,35.3996,35.1333,15.0156,4.4012,,true,2,0.008333,0.1953,0.0167,1.00,1.00,0.0769,22,1,385,385,0,443,543,0,14,14,0,368640,0,1562,0,0,805597184,0.000000,0.000000,0.000000,0.00,2,7,10,17,20,24,26,16,17,46,41,43,58,34,24,0,0,0,0.0002,0.0012,0.0520,0.0414,0.0065,0.1954,0.0026,4.4012,0.0138,0.1953,0.4186,0.0008,0.0004,0.1788,0.0009,0.0006,0.0000,0.0000,0.0014
2056,35.4162,35.1417,15.8101,5.1960,,true,1,0.008333,0.2603,0.0083,1.00,0.53,7.5536,22,1,385,385,0,440,540,0,14,14,0,368640,0,1562,0,0,805597184,0.000000,0.000000,0.000000,0.00,2,7,10,17,20,24,26,16,17,46,41,43,58,34,24,0,0,0,0.0004,0.0024,0.0588,0.0515,0.0103,0.2607,0.0077,5.1960,0.0258,0.2603,0.5191,0.0003,0.0003,0.2111,0.0024,0.0007,0.0000,0.0000,0.0010
2057,35.4314,35.1583,15.8581,4.5649,,true,2,0.008333,0.1554,0.0167,1.00,1.00,6.7451,22,1,385,385,0,438,538,0,14,14,0,368640,0,1562,0,0,805597184,0.000000,0.000000,0.000000,0.00,2,7,10,17,20,24,26,16,17,46,41,43,58,34,24,0,0,0,0.0001,0.0010,0.0346,0.0304,0.0046,0.1559,0.0039,4.5649,0.0159,0.1554,0.3778,0.0005,0.0004,0.1667,0.0013,0.0008,0.0000,0.0000,0.0005
2058,35.4498,35.1750,16.4714,6.4797,,true,2,0.008333,0.2253,0.0167,1.00,1.00,6.5498,22,1,385,385,0,436,536,0,14,14,0,368640,0,1562,0,0,805597184,0.000000,0.000000,0.000000,0.00,2,7,10,17,20,24,26,16,17,46,41,43,58,34,24,0,0,0,0.0003,0.0027,0.0457,0.0484,0.0089,0.2264,0.0064,6.4797,0.0231,0.2253,0.4725,0.0002,0.0002,0.2282,0.0018,0.0005,0.0000,0.0000,0.0006
2059,35.4666,35.1917,18.1229,5.3075,,true,2,0.008333,0.2001,0.0167,1.00,0.92,8.0061,22,1,385,385,0,434,534,0,14,14,0,368640,0,1562,0,0,805597184,0.000000,0.000000,0.000000,0.00,2,7,10,17,20,24,26,16,17,46,41,43,58,34,24,0,0,0,0.0004,0.0018,0.0453,0.0378,0.0072,0.2015,0.0051,5.3075,0.0225,0.2001,0.4445,0.0004,0.0004,0.2016,0.0014,0.0015,0.0000,0.0000,0.0010
2060,35.4851,35.2167,18.3074,5.0735,,true,3,0.008333,0.2065,0.0250,1.00,1.00,1.3134,22,1,385,385,0,436,536,0,14,14,0,368640,0,1562,0,0,805597184,0.000000,0.000000,0.000000,0.00,2,7,10,17,20,24,26,16,17,46,41,43,58,34,24,0,0,0,0.0003,0.0015,0.0501,0.0305,0.0082,0.2073,0.0039,5.0735,0.0233,0.2065,0.5228,0.0005,0.0004,0.2519,0.0016,0.0012,0.0000,0.0000,0.0009
2061,35.5028,35.2333,17.9244,5.2655,,true,2,0.008333,0.1949,0.0167,1.00,0.93,2.5711,22,1,385,385,0,437,537,0,14,14,0,368640,0,1562,0,0,805597184,0.000000,0.000000,0.000000,0.00,2,7,10,17,20,24,26,16,17,46,41,43,58,34,24,0,0,0,0.0003,0.0023,0.0560,0.0404,0.0074,0.1955,0.0055,5.2655,0.0221,0.1949,0.5969,0.0006,0.0005,0.2871,0.0008,0.0013,0.0000,0.0000,0.0013
2062,35.5240,35.2500,19.8423,6.0627,,true,2,0.008333,0.3840,0.0167,1.00,0.84,5.7468,22,1,385,385,0,436,536,0,14,14,0,368640,0,1562,0,0,805597184,0.000000,0.000000,0.000000,0.00,2,7,10,17,20,24,26,16,17,46,41,43,58,34,24,0,0,0,0.0004,0.0027,0.0466,0.0521,0.0090,0.3847,0.0085,6.0627,0.0209,0.3840,0.4541,0.0006,0.0007,0.1845,0.0019,0.0011,0.0000,0.0000,0.0012
2063,35.5394,35.2667,16.2229,5.5483,,true,2,0.008333,0.2291,0.0167,1.00,1.00,5.3030,22,1,385,385,0,435,535,0,14,14,0,368640,0,1562,0,0,805597184,0.000000,0.000000,0.000000,0.00,2,7,10,17,20,24,26,16,17,46,41,43,58,34,24,0,0,0,0.0004,0.0017,0.0475,0.0547,0.0073,0.2301,0.0061,5.5483,0.0192,0.2291,0.4982,0.0004,0.0004,0.2085,0.0018,0.0014,0.0000,0.0000,0.0009
2064,35.5589,35.2833,18.5668,6.0354,,true,2,0.008333,0.2432,0.0167,1.00,0.90,7.2032,22,1,385,385,0,434,534,0,14,14,0,368640,0,1562,0,0,805597184,0.000000,0.000000,0.000000,0.00,2,7,10,17,20,24,26,16,17,46,41,43,58,34,24,0,0,0,0.0003,0.0039,0.0430,0.0474,0.0064,0.2448,0.0087,6.0354,0.0236,0.2432,0.5768,0.0008,0.0005,0.1754,0.0017,0.0006,0.0000,0.0000,0.0009
2065,35.5786,35.3083,18.8817,6.6584,,true,3,0.008333,0.2930,0.0250,1.00,1.00,1.0849,22,1,385,385,0,435,535,0,14,14,0,368640,0,1562,0,0,805597184,0.000000,0.000000,0.000000,0.00,2,7,10,17,20,24,26,16,17,46,41,43,58,34,24,0,0,0,0.0007,0.0036,0.0573,0.0561,0.0123,0.2943,0.0070,6.6584,0.0220,0.2930,0.6371,0.0010,0.0007,0.1949,0.0013,0.0017,0.0000,0.0000,0.0016
2066,35.5940,35.3250,16.6089,5.9250,,true,2,0.008333,0.2308,0.0167,1.00,1.00,1.0272,22,1,385,385,0,436,536,0,14,14,0,368640,0,1562,0,0,805597184,0.000000,0.000000,0.000000,0.00,2,7,10,17,20,24,26,16,17,46,41,43,58,34,24,0,0,0,0.0006,0.0027,0.0601,0.0568,0.0089,0.2317,0.0087,5.9250,0.0256,0.2308,0.4862,0.0008,0.0005,0.1968,0.0016,0.0012,0.0000,0.0000,0.0015
2067,35.6104,35.3417,16.2160,6.1918,,true,2,0.008333,0.1971,0.0167,1.00,1.00,0.5765,22,1,385,385,0,437,537,0,14,14,0,368640,0,1562,0,0,805597184,0.000000,0.000000,0.000000,0.00,2,7,10,17,20,24,26,16,17,46,41,43,58,34,24,0,0,0,0.0010,0.0030,0.0410,0.0413,0.0089,0.1975,0.0087,6.1918,0.0191,0.1971,0.6752,0.0007,0.0007,0.2358,0.0015,0.0021,0.0000,0.0000,0.0036
2068,35.6278,35.3583,17.0158,6.4172,,true,2,0.008333,0.2174,0.0167,1.00,0.98,0.9257,22,1,385,385,0,437,537,0,14,14,0,368640,0,1562,0,0,805597184,0.000000,0.000000,0.000000,0.00,2,7,10,17,20,24,26,16,17,46,41,43,58,34,24,0,0,0,0.0003,0.0030,0.0974,0.0496,0.0085,0.2183,0.0082,6.4172,0.0166,0.2174,0.4115,0.0006,0.0004,0.1697,0.0012,0.0008,0.0000,0.0000,0.0015
2069,35.6455,35.3750,18.4367,5.6241,,true,2,0.008333,0.2629,0.0167,1.00,0.90,2.6958,22,1,385,385,0,437,537,0,14,14,0,368640,0,1562,0,0,805597184,0.000000,0.000000,0.000000,0.00,2,7,10,17,20,24,26,16,17,46,41,43,58,34,24,0,0,0,0.0002,0.0018,0.0536,0.0598,0.0077,0.2636,0.0043,5.6241,0.0205,0.2629,0.5027,0.0009,0.0003,0.1689,0.0012,0.0015,0.0000,0.0000,0.0012
2070,35.6644,35.3917,16.9218,7.4929,,true,2,0.008333,0.4485,0.0167,1.00,0.98,2.9509,22,1,385,385,0,436,536,0,14,14,0,368640,0,1562,0,0,805597184,0.000000,0.000000,0.000000,0.00,2,7,10,17,20,24,26,16,17,46,41,43,58,34,24,0,0,0,0.0006,0.0072,0.0526,0.0723,0.0129,0.4495,0.0167,7.4929,0.0199,0.4485,0.6223,0.0006,0.0004,0.2279,0.0023,0.0036,0.0000,0.0000,0.0011
2071,35.6822,35.4083,18.2837,7.2684,,true,2,0.008333,0.3005,0.0167,1.00,0.91,4.5679,22,1,385,385,0,436,536,0,14,14,0,368640,0,1562,0,0,805597184,0.000000,0.000000,0.000000,0.00,2,7,10,17,20,24,26,16,17,46,41,43,58,34,24,0,0,0,0.0007,0.0026,0.0507,0.0582,0.0075,0.3025,0.0067,7.2684,0.0263,0.3005,0.4841,0.0008,0.0008,0.1983,0.0020,0.0018,0.0000,0.0000,0.0016
2072,35.7036,35.4250,17.9028,10.3156,,true,2,0.008333,0.2863,0.0167,1.00,0.93,5.8040,22,1,385,385,0,435,535,0,14,14,0,368640,0,1562,0,0,805597184,0.000000,0.000000,0.000000,0.00,2,7,10,17,20,24,26,16,17,46,41,43,58,34,24,0,0,0,0.0010,0.0048,0.0525,0.0492,0.0072,0.2872,0.0080,10.3156,0.0217,0.2863,0.4967,0.0008,0.0006,0.1961,0.0016,0.0012,0.0000,0.0000,0.0009
2073,35.7238,35.4500,21.0484,9.5484,,true,3,0.008333,0.5093,0.0250,1.00,1.00,1.8524,22,1,385,385,0,435,535,0,14,14,0,368640,0,1562,0,0,805597184,0.000000,0.000000,0.000000,0.00,2,7,10,17,20,24,26,16,17,46,41,43,58,34,24,0,0,0,0.0010,0.0029,0.0763,0.0737,0.0117,0.5110,0.0085,9.5484,0.0214,0.5093,0.6311,0.0009,0.0007,0.2669,0.0019,0.0023,0.0000,0.0000,0.0029
2074,35.7370,35.4667,17.2126,5.7343,,true,2,0.008333,0.2030,0.0167,1.00,0.97,2.3983,22,1,385,385,0,435,535,0,14,14,0,368640,0,1562,0,0,805597184,0.000000,0.000000,0.000000,0.00,2,7,10,17,20,24,26,16,17,46,41,43,58,34,24,0,0,0,0.0009,0.0031,0.0409,0.0427,0.0076,0.2041,0.0105,5.7343,0.0226,0.2030,0.4958,0.0005,0.0006,0.2082,0.0017,0.0011,0.0000,0.0000,0.0008
2075,35.7524,35.4833,16.3097,5.1113,,true,2,0.008333,0.2407,0.0167,1.00,1.00,2.0414,22,1,385,385,0,435,535,0,14,14,0,370944,0,1562,0,0,805597184,0.000000,0.000000,0.000000,0.00,2,7,10,17,20,24,26,16,17,46,41,43,58,34,24,0,0,0,0.0006,0.0020,0.0565,0.0511,0.0085,0.2412,0.0088,5.1113,0.0259,0.2407,0.6219,0.0006,0.0005,0.2766,0.0021,0.0018,0.0000,0.0000,0.0009
2076,35.7704,35.5000,16.9085,6.1838,,true,2,0.008333,0.3837,0.0167,1.00,0.99,2.2832,22,1,385,385,0,435,535,0,14,14,0,368640,0,1562,0,0,805597184,0.000000,0.000000,0.000000,0.00,2,7,10,17,20,24,26,16,17,46,41,43,58,34,24,0,0,0,0.0009,0.0024,0.0672,0.0995,0.0090,0.3844,0.0084,6.1838,0.0344,0.3837,0.6106,0.0007,0.0007,0.2779,0.0026,0.0017,0.0000,0.0000,0.0012
2077,35.7887,35.5167,18.0240,5.8004,,true,2,0.008333,0.2438,0.0167,1.00,0.92,3.6405,22,1,385,385,0,435,535,0,14,14,0,368640,0,1562,0,0,805597184,0.000000,0.000000,0.000000,0.00,2,7,10,17,20,24,26,16,17,46,41,43,58,34,24,0,0,0,0.0003,0.0020,0.0384,0.0469,0.0088,0.2446,0.0061,5.8004,0.0255,0.2438,0.4886,0.0005,0.0005,0.2283,0.0016,0.0012,0.0000,0.0000,0.0015
2078,35.8076,35.5333,19.5969,5.4662,,true,2,0.008333,0.2821,0.0167,1.00,0.85,6.5707,22,1,385,385,0,434,534,0,14,14,0,368640,0,1562,0,0,805597184,0.000000,0.000000,0.000000,0.00,2,7,10,17,20,24,26,16,17,46,41,43,58,34,24,0,0,0,0.0005,0.0030,0.0533,0.0514,0.0096,0.2837,0.0070,5.4662,0.0204,0.2821,0.5983,0.0006,0.0004,0.2660,0.0017,0.0013,0.0000,0.0000,0.0011
2079,35.8243,35.5500,17.2951,5.1650,,true,2,0.008333,0.2613,0.0167,1.00,0.96,7.1991,22,1,385,385,0,433,533,0,14,14,0,368640,0,1562,0,0,805597184,0.000000,0.000000,0.000000,0.00,2,7,10,17,20,24,26,16,17,46,41,43,58,34,24,0,0,0,0.0005,0.0021,0.0485,0.0481,0.0098,0.2619,0.0063,5.1650,0.0198,0.2613,0.5137,0.0006,0.0002,0.2008,0.0013,0.0010,0.0000,0.0000,0.0014
2080,35.8385,35.5667,14.8984,4.7092,,true,2,0.008333,0.2461,0.0167,1.00,1.00,5.4309,22,1,385,385,0,433,533,0,14,14,0,368640,0,1562,0,0,805597184,0.000000,0.000000,0.000000,0.00,2,7,10,17,20,24,26,16,17,46,41,43,58,34,24,0,0,0,0.0002,0.0021,0.0402,0.0344,0.0066,0.2465,0.0050,4.7092,0.0173,0.2461,0.4114,0.0004,0.0003,0.1683,0.0015,0.0010,0.0000,0.0000,0.0008
2081,35.8592,35.5833,19.0782,5.9714,,true,2,0.008333,0.2811,0.0167,1.00,0.87,7.8424,22,1,385,385,0,432,532,0,14,14,0,368640,0,1562,0,0,805597184,0.000000,0.000000,0.000000,0.00,2,7,10,17,20,24,26,16,17,46,41,43,58,34,24,0,0,0,0.0001,0.0023,0.0515,0.0499,0.0088,0.2821,0.0076,5.9714,0.0198,0.2811,0.5007,0.0011,0.0008,0.2000,0.0013,0.0015,0.0000,0.0000,0.0020
2082,35.8797,35.6083,17.9541,8.0585,,true,3,0.008333,0.3257,0.0250,1.00,1.00,0.7965,22,1,385,385,0,433,533,0,14,14,0,368640,0,1562,0,0,805597184,0.000000,0.000000,0.000000,0.00,2,7,10,17,20,24,26,16,17,46,41,43,58,34,24,0,0,0,0.0009,0.0039,0.0827,0.0553,0.0094,0.3260,0.0085,8.0585,0.0264,0.3257,0.5051,0.0007,0.0007,0.2183,0.0018,0.0012,0.0000,0.0000,0.0010
2083,35.8956,35.6250,18.7665,5.8649,,true,2,0.008333,0.2866,0.0167,1.00,0.89,2.8963,22,1,385,385,0,433,533,0,14,14,0,368640,0,1562,0,0,805597184,0.000000,0.000000,0.000000,0.00,2,7,10,17,20,24,26,16,17,46,41,43,58,34,24,0,0,0,0.0010,0.0035,0.0604,0.0539,0.0072,0.2878,0.0077,5.8649,0.0192,0.2866,0.6051,0.0009,0.0003,0.2727,0.0016,0.0011,0.0000,0.0000,0.0012
2084,35.9103,35.6417,15.7166,5.0238,,true,2,0.008333,0.2776,0.0167,1.00,1.00,1.9463,22,1,385,385,0,434,534,0,14,14,0,368640,0,1562,0,0,805597184,0.000000,0.000000,0.000000,0.00,2,7,10,17,20,24,26,16,17,46,41,43,58,34,24,0,0,0,0.0003,0.0023,0.0430,0.0353,0.0052,0.2780,0.0058,5.0238,0.0184,0.2776,0.5073,0.0005,0.0003,0.2073,0.0017,0.0010,0.0000,0.0000,0.0006
2085,35.9315,35.6583,20.0607,5.5598,,true,2,0.008333,0.2958,0.0167,1.00,0.83,5.3402,22,1,385,385,0,433,533,0,14,14,0,368640,0,1562,0,0,805597184,0.000000,0.000000,0.000000,0.00,2,7,10,17,20,24,26,16,17,46,41,43,58,34,24,0,0,0,0.0001,0.0020,0.0701,0.0519,0.0090,0.2969,0.0068,5.5598,0.0257,0.2958,0.5595,0.0006,0.0002,0.2370,0.0013,0.0010,0.0000,0.0000,0.0011
2086,35.9545,35.6750,16.8798,11.9525,,true,2,0.008333,0.2590,0.0167,1.00,0.99,5.5534,22,1,385,385,8,433,533,0,14,14,0,368640,0,1570,12,40,805597184,0.000000,0.000000,0.000000,0.00,2,7,10,17,20,24,26,16,17,46,41,43,58,34,24,0,0,0,0.0002,0.0022,0.0503,0.0546,0.0072,0.2599,0.0074,11.9525,0.0177,0.2590,5.4923,0.0006,0.1943,0.2555,0.0034,0.0009,0.0000,0.0000,4.5286
2087,35.9717,35.7000,19.9914,9.0591,,true,3,0.008333,0.2562,0.0250,1.00,1.00,0.5447,22,1,385,385,4,460,560,0,14,14,8,368640,0,1574,4,20,805597184,0.000000,0.000000,0.000000,0.00,2,7,10,17,20,24,26,16,17,46,41,43,58,34,24,0,0,0,0.0006,0.0030,0.0494,0.0650,0.0106,0.2568,0.0118,9.0591,0.0204,0.2562,0.9086,0.0360,0.1743,0.2211,0.0027,0.1072,0.0000,47.4351,0.0015
2088,35.9905,35.7167,19.1613,7.7059,,true,2,0.008333,0.2295,0.0167,1.00,0.87,3.0394,22,1,385,385,0,459,559,0,14,14,4,368640,0,1574,0,0,805597184,0.000000,0.000000,0.000000,0.00,2,7,10,17,20,24,26,16,17,46,41,43,58,34,24,0,0,0,0.0007,0.0021,0.0675,0.0538,0.0091,0.2301,0.0054,7.7059,0.0517,0.2295,0.7446,0.0237,0.1728,0.1781,0.0018,0.0131,0.0000,21.5183,0.0011
2089,36.0053,35.7333,16.8952,5.7907,,true,2,0.008333,0.2192,0.0167,1.00,0.99,3.2679,22,1,385,385,0,457,557,0,14,14,0,368640,0,1574,0,0,805597184,0.000000,0.000000,0.000000,0.00,2,7,10,17,20,24,26,16,17,46,41,43,57,39,20,0,0,0,0.0003,0.0021,0.0409,0.0514,0.0078,0.2194,0.0053,5.7907,0.0177,0.2192,0.6585,0.0007,0.0005,0.2636,0.0015,0.0015,0.0000,0.0000,0.0014
2090,36.0226,35.7500,17.8151,5.9805,,true,2,0.008333,0.3369,0.0167,1.00,0.94,4.4163,22,1,385,385,0,452,552,0,14,14,0,368640,0,1574,0,0,805597184,0.000000,0.000000,0.000000,0.00,2,7,10,17,20,24,26,16,17,46,41,43,57,39,20,0,0,0,0.0004,0.0024,0.0504,0.0448,0.0072,0.3373,0.0053,5.9805,0.0247,0.3369,0.3901,0.0005,0.0003,0.1926,0.0013,0.0012,0.0000,0.0000,0.0011
2091,36.0453,35.7667,20.1116,8.4536,,true,2,0.008333,0.2333,0.0167,1.00,0.83,7.8613,22,1,385,385,0,444,544,0,14,14,0,368640,0,1574,0,0,805597184,0.000000,0.000000,0.000000,0.00,2,7,10,17,20,24,26,16,17,46,41,43,57,39,20,0,0,0,0.0006,0.0019,0.0689,0.0554,0.0062,0.2344,0.0073,8.4536,0.0204,0.2333,0.5873,0.0008,0.0012,0.2669,0.0022,0.0012,0.0000,0.0000,0.0015
2092,36.0595,35.7833,15.7813,6.9158,,true,2,0.008333,0.2246,0.0167,1.00,1.00,6.9759,22,1,385,385,0,440,540,0,14,14,0,368640,0,1574,0,0,805597184,0.000000,0.000000,0.000000,0.00,2,7,10,17,20,24,26,16,17,46,41,43,57,39,20,0,0,0,0.0007,0.0025,0.0584,0.0613,0.0097,0.2256,0.0065,6.9158,0.0188,0.2246,0.5197,0.0005,0.0011,0.2424,0.0029,0.0013,0.0000,0.0000,0.0013
2093,36.0825,35.8083,18.0717,12.0251,,true,3,0.008333,0.3190,0.0250,1.00,1.00,0.0476,22,1,385,385,0,442,542,0,14,14,0,370944,0,1574,0,0,805597184,0.000000,0.000000,0.000000,0.00,2,7,10,17,20,24,26,16,17,46,41,43,57,39,20,0,0,0,0.0005,0.0033,0.0812,0.0625,0.0127,0.3204,0.0098,12.0251,0.0223,0.3190,0.6785,0.0009,0.0004,0.2797,0.0018,0.0010,0.0000,0.0000,0.0012
2094,36.1065,35.8250,24.8528,9.3348,,true,2,0.008333,0.2011,0.0167,1.00,0.67,8.2337,22,1,385,385,0,438,538,0,14,14,0,370944,0,1574,0,0,805597184,0.000000,0.000000,0.000000,0.00,2,7,10,17,20,24,26,16,17,46,41,43,57,39,20,0,0,0,0.0002,0.0037,0.0601,0.0674,0.0117,0.2014,0.0114,9.3348,0.0773,0.2011,0.8651,0.0008,0.0005,0.4733,0.0016,0.0019,0.0000,0.0000,0.0016
2095,36.1159,35.8417,15.2861,5.4240,,true,2,0.008333,0.3471,0.0167,1.00,1.00,6.8531,22,1,385,385,0,435,535,0,14,14,0,364032,0,1574,0,0,805597184,0.000000,0.000000,0.000000,0.00,2,7,10,17,20,24,26,16,17,46,41,43,57,39,20,0,0,0,0.0001,0.0021,0.0434,0.0568,0.0082,0.3480,0.0077,5.4240,0.0194,0.3471,0.5010,0.0006,0.0005,0.2281,0.0015,0.0012,0.0000,0.0000,0.0009
2096,36.1348,35.8583,17.8957,6.2147,,true,2,0.008333,0.2452,0.0167,1.00,0.93,8.0821,22,1,385,385,0,433,533,0,14,14,0,364032,0,1574,0,0,805597184,0.000000,0.000000,0.000000,0.00,2,7,10,17,20,24,26,16,17,46,41,43,57,39,20,0,0,0,0.0006,0.0028,0.0436,0.0546,0.0069,0.2461,0.0058,6.2147,0.0185,0.2452,0.4549,0.0004,0.0005,0.2102,0.0015,0.0011,0.0000,0.0000,0.0014
2097,36.1539,35.8833,17.8457,7.6560,,true,3,0.008333,0.2945,0.0250,1.00,1.00,0.9279,22,1,385,385,0,435,535,0,14,14,0,364032,0,1574,0,0,805597184,0.000000,0.000000,0.000000,0.00,2,7,10,17,20,24,26,16,17,46,41,43,57,39,20,0,0,0,0.0008,0.0029,0.0966,0.0509,0.0088,0.2960,0.0072,7.6560,0.0309,0.2945,0.4680,0.0006,0.0005,0.1979,0.0022,0.0014,0.0000,0.0000,0.0007
2098,36.1694,35.9000,17.3741,5.8095,,true,2,0.008333,0.3834,0.0167,1.00,0.96,1.6353,22,1,385,385,0,436,536,0,14,14,0,364032,0,1574,0,0,805597184,0.000000,0.000000,0.000000,0.00,2,7,10,17,20,24,26,16,17,46,41,43,57,39,20,0,0,0,0.0002,0.0016,0.0509,0.0459,0.0078,0.3841,0.0064,5.8095,0.0434,0.3834,0.6738,0.0007,0.0007,0.3662,0.0049,0.0013,0.0000,0.0000,0.0011
2099,36.2096,35.9250,29.4366,14.6370,,true,3,0.008333,0.4428,0.0250,1.00,0.85,6.0718,22,1,385,385,0,434,534,0,14,14,0,364032,0,1574,0,0,805597184,0.000000,0.000000,0.000000,0.00,2,7,10,17,20,24,26,16,17,46,41,43,57,39,20,0,0,0,0.0018,0.0038,0.0413,0.1197,0.0192,0.4459,0.0134,14.6370,0.0139,0.4428,0.6269,0.0006,0.0012,0.2410,0.0011,0.0023,0.0000,0.0000,0.0028
2100,36.2250,35.9500,23.4349,7.5995,,true,3,0.008333,0.2804,0.0250,1.00,1.00,4.5068,22,1,385,385,0,434,534,0,14,14,0,364032,0,1574,0,0,805597184,0.000000,0.000000,0.000000,0.00,2,7,10,17,20,24,26,16,17,46,41,43,57,39,20,0,0,0,0.0003,0.0012,0.0376,0.0368,0.0082,0.2820,0.0029,7.5995,0.0144,0.2804,0.4148,0.0002,0.0003,0.1486,0.0008,0.0007,0.0000,0.0000,0.0005
2101,36.2341,35.9583,10.5907,6.3342,,true,1,0.008333,0.1754,0.0083,1.00,0.79,6.7641,22,1,385,385,0,433,533,0,14,14,0,364032,0,1574,0,0,805597184,0.000000,0.000000,0.000000,0.00,2,7,10,17,20,24,26,16,17,46,41,43,57,39,20,0,0,0,0.0003,0.0013,0.0521,0.0484,0.0074,0.1760,0.0061,6.3342,0.0136,0.1754,0.6444,0.0008,0.0004,0.2709,0.0019,0.0010,0.0000,0.0000,0.0010
2102,36.2520,35.9750,16.8223,7.4128,,true,2,0.008333,0.2082,0.0167,1.00,0.99,6.9198,22,1,385,385,0,432,532,0,14,14,0,364032,0,1574,0,0,805597184,0.000000,0.000000,0.000000,0.00,2,7,10,17,20,24,26,16,17,46,41,43,57,39,20,0,0,0,0.0004,0.0023,0.0633,0.0650,0.0093,0.2089,0.0094,7.4128,0.0246,0.2082,0.5693,0.0013,0.0003,0.2379,0.0026,0.0024,0.0000,0.0000,0.0013
2103,36.2682,36.0000,18.2658,5.8064,,true,3,0.008333,0.3915,0.0250,1.00,1.00,0.1856,22,1,385,385,0,434,534,0,14,14,0,364032,0,1574,0,0,805597184,0.000000,0.000000,0.000000,0.00,2,7,10,17,20,24,26,16,17,46,41,43,57,39,20,0,0,0,0.0002,0.0011,0.0421,0.0477,0.0065,0.3920,0.0035,5.8064,0.0182,0.3915,0.4727,0.0015,0.0007,0.1985,0.0019,0.0013,0.0000,0.0000,0.0011
2104,36.2900,36.0167,19.8429,7.6659,,true,2,0.008333,0.2720,0.0167,1.00,0.84,3.3618,22,1,385,385,0,434,534,0,14,14,0,361728,0,1574,0,0,805597184,0.000000,0.000000,0.000000,0.00,2,7,10,17,20,24,26,16,17,46,41,43,57,39,20,0,0,0,0.0010,0.0026,0.0652,0.0601,0.0100,0.2730,0.0093,7.6659,0.0308,0.2720,0.5815,0.0002,0.0002,0.2431,0.0013,0.0006,0.0000,0.0000,0.0006
2105,36.3044,36.0333,16.7825,5.3527,,true,2,0.008333,0.1964,0.0167,1.00,0.99,3.4776,22,1,385,385,0,434,534,0,14,14,0,361728,0,1574,0,0,805597184,0.000000,0.000000,0.000000,0.00,2,7,10,17,20,24,26,16,17,46,41,43,57,39,20,0,0,0,0.0002,0.0016,0.0551,0.0379,0.0053,0.1972,0.0055,5.3527,0.0208,0.1964,0.5646,0.0005,0.0004,0.2235,0.0011,0.0009,0.0000,0.0000,0.0009
2106,36.3210,36.0500,16.1641,5.9757,,true,2,0.008333,0.2523,0.0167,1.00,1.00,2.9751,22,1,385,385,0,434,534,0,14,14,0,361728,0,1574,0,0,805597184,0.000000,0.000000,0.000000,0.00,2,7,10,17,20,24,26,16,17,46,41,43,57,39,20,0,0,0,0.0002,0.0015,0.0457,0.0423,0.0079,0.2529,0.0077,5.9757,0.0184,0.2523,0.5062,0.0008,0.0006,0.2064,0.0014,0.0014,0.0000,0.0000,0.0013
2107,36.3382,36.0667,17.4117,5.8787,,true,2,0.008333,0.2295,0.0167,1.00,0.96,3.7201,22,1,385,385,0,434,534,0,14,14,0,361728,0,1574,0,0,805597184,0.000000,0.000000,0.000000,0.00,2,7,10,17,20,24,26,16,17,46,41,43,57,39,20,0,0,0,0.0002,0.0021,0.0438,0.0515,0.0034,0.2304,0.0084,5.8787,0.0215,0.2295,0.4909,0.0011,0.0004,0.2090,0.0017,0.0019,0.0000,0.0000,0.0013
2108,36.3557,36.0833,18.0415,5.4673,,true,2,0.008333,0.1961,0.0167,1.00,0.92,5.0949,22,1,385,385,0,433,533,0,14,14,0,361728,0,1574,0,0,805597184,0.000000,0.000000,0.000000,0.00,2,7,10,17,20,24,26,16,17,46,41,43,57,39,20,0,0,0,0.0002,0.0023,0.0404,0.0466,0.0065,0.1968,0.0060,5.4673,0.0167,0.1961,0.4908,0.0008,0.0005,0.1991,0.0011,0.0012,0.0000,0.0000,0.0015
2109,36.3783,36.1000,17.2968,10.6283,,true,2,0.008333,0.2626,0.0167,1.00,0.96,5.7251,22,1,385,385,0,433,533,0,14,14,0,361728,0,1574,0,0,805597184,0.000000,0.000000,0.000000,0.00,2,7,10,17,20,24,26,16,17,46,41,43,57,39,20,0,0,0,0.0006,0.0020,0.1062,0.0595,0.0084,0.2637,0.0114,10.6283,0.0281,0.2626,0.5416,0.0007,0.0006,0.2299,0.0024,0.0010,0.0000,0.0000,0.0009
2110,36.3967,36.1250,21.1093,7.3112,,true,3,0.008333,0.3125,0.0250,1.00,1.00,1.8344,22,1,385,385,0,433,533,0,14,14,0,361728,0,1574,0,0,805597184,0.000000,0.000000,0.000000,0.00,2,7,10,17,20,24,26,16,17,46,41,43,57,39,20,0,0,0,0.0003,0.0024,0.0419,0.0463,0.0090,0.3131,0.0075,7.3112,0.0202,0.3125,0.6915,0.0009,0.0006,0.2978,0.0028,0.0014,0.0000,0.0000,0.0015
2111,36.4154,36.1417,20.0681,6.0010,,true,2,0.008333,0.3821,0.0167,1.00,0.83,5.2359,22,1,385,385,0,433,533,0,14,14,0,361728,0,1574,0,0,805597184,0.000000,0.000000,0.000000,0.00,2,7,10,17,20,24,26,16,17,46,41,43,57,39,20,0,0,0,0.0003,0.0027,0.0529,0.0594,0.0085,0.3827,0.0084,6.0010,0.0254,0.3821,0.5365,0.0005,0.0005,0.2235,0.0015,0.0008,0.0000,0.0000,0.0010
2112,36.4294,36.1583,14.9188,5.6046,,true,2,0.008333,0.2278,0.0167,1.00,1.00,3.4880,22,1,385,385,0,433,533,0,14,14,0,361728,0,1574,0,0,805597184,0.000000,0.000000,0.000000,0.00,2,7,10,17,20,24,26,16,17,46,41,43,57,39,20,0,0,0,0.0002,0.0019,0.0637,0.0300,0.0094,0.2280,0.0071,5.6046,0.0215,0.2278,0.5185,0.0007,0.0007,0.2244,0.0019,0.0017,0.0000,0.0000,0.0013
2113,36.4499,36.1750,19.7120,6.1686,,true,2,0.008333,0.2499,0.0167,1.00,0.85,6.5333,22,1,385,385,0,432,532,0,14,14,0,361728,0,1574,0,0,805597184,0.000000,0.000000,0.000000,0.00,2,7,10,17,20,24,26,16,17,46,41,43,57,39,20,0,0,0,0.0001,0.0027,0.0499,0.0571,0.0080,0.2514,0.0093,6.1686,0.0217,0.2499,0.4745,0.0005,0.0007,0.2059,0.0018,0.0010,0.0000,0.0000,0.0015
2114,36.4639,36.1917,15.4310,5.0844,,true,2,0.008333,0.2233,0.0167,1.00,1.00,5.2977,22,1,385,385,0,432,532,0,14,14,0,361728,0,1574,0,0,805597184,0.000000,0.000000,0.000000,0.00,2,7,10,17,20,24,26,16,17,46,41,43,57,39,20,0,0,0,0.0007,0.0025,0.0444,0.0450,0.0081,0.2239,0.0058,5.0844,0.0191,0.2233,0.5008,0.0006,0.0005,0.2087,0.0007,0.0008,0.0000,0.0000,0.0012
2115,36.4868,36.2167,20.4718,6.9066,,true,3,0.008333,0.2981,0.0250,1.00,1.00,0.7695,22,1,385,385,0,433,533,0,14,14,0,361728,0,1574,0,0,805597184,0.000000,0.000000,0.000000,0.00,2,7,10,17,20,24,26,16,17,46,41,43,57,39,20,0,0,0,0.0003,0.0018,0.0717,0.0488,0.0089,0.2988,0.0070,6.9066,0.0267,0.2981,0.6451,0.0006,0.0008,0.2644,0.0016,0.0014,0.0000,0.0000,0.0008
2116,36.5032,36.2333,18.2372,5.2426,,true,2,0.008333,0.2620,0.0167,1.00,0.91,2.3400,22,1,385,385,0,433,533,0,14,14,0,361728,0,1574,0,0,805597184,0.000000,0.000000,0.000000,0.00,2,7,10,17,20,24,26,16,17,46,41,43,57,39,20,0,0,0,0.0002,0.0018,0.0562,0.0470,0.0074,0.2629,0.0073,5.2426,0.0214,0.2620,0.5715,0.0006,0.0006,0.2432,0.0016,0.0005,0.0000,0.0000,0.0012
2117,36.5184,36.2500,15.7893,5.1353,,true,2,0.008333,0.3567,0.0167,1.00,1.00,1.4627,22,1,385,385,0,433,533,0,14,14,0,361728,0,1574,0,0,805597184,0.000000,0.000000,0.000000,0.00,2,7,10,17,20,24,26,16,17,46,41,43,57,39,20,0,0,0,0.0003,0.0018,0.0504,0.0440,0.0071,0.3579,0.0069,5.1353,0.0210,0.3567,0.5130,0.0007,0.0010,0.2168,0.0021,0.0014,0.0000,0.0000,0.0010
2118,36.5361,36.2667,17.8719,4.8755,,true,2,0.008333,0.2394,0.0167,1.00,0.93,2.6679,22,1,385,385,0,433,533,0,14,14,0,361728,0,1574,0,0,805597184,0.000000,0.000000,0.000000,0.00,2,7,10,17,20,24,26,16,17,46,41,43,57,39,20,0,0,0,0.0003,0.0021,0.0436,0.0471,0.0057,0.2399,0.0057,4.8755,0.0172,0.2394,0.5367,0.0010,0.0006,0.2310,0.0013,0.0013,0.0000,0.0000,0.0011
2119,36.5561,36.2833,16.5278,7.9468,,true,2,0.008333,0.2263,0.0167,1.00,1.00,2.5290,22,1,385,385,0,433,533,0,14,14,0,361728,0,1574,0,0,805597184,0.000000,0.000000,0.000000,0.00,2,7,10,17,20,24,26,16,17,46,41,43,57,39,20,0,0,0,0.0006,0.0020,0.0599,0.0484,0.0089,0.2269,0.0061,7.9468,0.0249,0.2263,0.7171,0.0006,0.0005,0.3240,0.0017,0.0014,0.0000,0.0000,0.0009
2120,36.5741,36.3000,21.1571,5.1234,,true,2,0.008333,0.2701,0.0167,1.00,0.79,7.0194,22,1,385,385,0,433,533,0,14,14,0,361728,0,1574,0,0,805597184,0.000000,0.000000,0.000000,0.00,2,7,10,17,20,24,26,16,17,46,41,43,57,39,20,0,0,0,0.0003,0.0013,0.0467,0.0476,0.0074,0.2711,0.0050,5.1234,0.0168,0.2701,0.4987,0.0008,0.0004,0.2097,0.0012,0.0016,0.0000,0.0000,0.0014
2121,36.5910,36.3167,15.3995,6.5947,,true,2,0.008333,0.2729,0.0167,1.00,1.00,5.7523,22,1,385,385,0,432,532,0,14,14,0,361728,0,1574,0,0,805597184,0.000000,0.000000,0.000000,0.00,2,7,10,17,20,24,26,16,17,46,41,43,57,39,20,0,0,0,0.0003,0.0022,0.0741,0.0613,0.0075,0.2738,0.0090,6.5947,0.0237,0.2729,0.5990,0.0006,0.0007,0.2468,0.0023,0.0012,0.0000,0.0000,0.0010
2122,36.6078,36.3333,18.2461,5.2209,,true,2,0.008333,0.2732,0.0167,1.00,0.91,7.3318,22,1,385,385,0,432,532,0,14,14,0,361728,0,1574,0,0,805597184,0.000000,0.000000,0.000000,0.00,2,7,10,17,20,24,26,16,17,46,41,43,57,39,20,0,0,0,0.0002,0.0020,0.0531,0.0462,0.0076,0.2737,0.0052,5.2209,0.0203,0.2732,0.4688,0.0005,0.0008,0.1886,0.0014,0.0018,0.0000,0.0000,0.0011
2123,36.6253,36.3500,17.4189,5.2101,,true,2,0.008333,0.2100,0.0167,1.00,0.96,8.0840,22,1,385,385,0,431,531,0,14,14,0,361728,0,1574,0,0,805597184,0.000000,0.000000,0.000000,0.00,2,7,10,17,20,24,26,16,17,46,41,43,57,39,20,0,0,0,0.0002,0.0020,0.0566,0.0389,0.0084,0.2107,0.0063,5.2101,0.0215,0.2100,0.6007,0.0006,0.0005,0.2503,0.0015,0.0013,0.0000,0.0000,0.0010
2124,36.6514,36.3750,17.6782,13.6361,,true,3,0.008333,0.2859,0.0250,1.00,1.00,0.7621,22,1,385,385,8,432,532,0,14,14,0,361728,0,1582,23,40,805597184,0.000000,0.000000,0.000000,0.00,2,7,10,17,20,24,26,16,17,46,41,43,57,39,20,0,0,0,0.0004,0.0019,0.0779,0.0502,0.0056,0.2870,0.0103,13.6361,0.0153,0.2859,5.4006,0.0006,0.2077,0.1855,0.0024,0.0008,0.0000,0.0000,4.5824
2125,36.6640,36.3917,20.1476,5.7911,,true,2,0.008333,0.3190,0.0167,1.00,0.83,4.2431,22,1,385,385,8,413,513,0,14,14,8,361728,0,1590,15,40,805597184,0.000000,0.000000,0.000000,0.00,2,7,10,17,20,24,26,16,17,46,41,43,57,39,20,0,0,0,0.0002,0.0020,0.0443,0.0450,0.0063,0.3200,0.0063,5.7911,0.0164,0.3190,0.7989,0.0314,0.1890,0.1886,0.0017,0.0162,0.0000,50.4592,0.0007
2126,36.6885,36.4083,17.9488,11.5481,,true,2,0.008333,0.2840,0.0167,1.00,0.93,5.5252,22,1,385,385,7,404,504,0,14,14,8,361728,0,1597,7,35,805597184,0.000000,0.000000,0.000000,0.00,2,7,10,17,20,24,26,16,17,46,41,43,57,39,20,0,0,0,0.0005,0.0023,0.0654,0.1343,0.0108,0.2851,0.0071,11.5481,0.0219,0.2840,1.0773,0.0223,0.1563,0.3607,0.0031,0.0131,0.0000,47.9810,0.0009
2127,36.7070,36.4333,21.3037,8.8519,,true,3,0.008333,0.2173,0.0250,1.00,1.00,1.8290,22,1,385,385,0,409,509,0,14,14,7,361728,0,1597,0,0,805597184,0.000000,0.000000,0.000000,0.00,2,7,10,17,20,24,26,16,17,46,41,43,57,39,20,0,0,0,0.0003,0.0012,0.1498,0.0428,0.0039,0.2177,0.0033,8.8519,0.0361,0.2173,0.6884,0.0253,0.0002,0.3169,0.0026,0.0100,0.0000,44.9159,0.0006
2128,36.7233,36.4500,17.3750,7.8668,,true,2,0.008333,0.2838,0.0167,1.00,0.96,2.5373,22,1,385,385,0,412,512,0,14,14,0,361728,0,1597,0,0,805597184,0.000000,0.000000,0.000000,0.00,2,7,10,17,20,24,26,16,17,46,42,40,51,47,20,0,0,0,0.0003,0.0025,0.0509,0.0513,0.0087,0.2843,0.0061,7.8668,0.0186,0.2838,0.6817,0.0005,0.0004,0.2559,0.0020,0.0011,0.0000,0.0000,0.0008
2129,36.7413,36.4667,17.7812,8.7797,,true,2,0.008333,0.2235,0.0167,1.00,0.94,3.6518,22,1,385,385,0,414,514,0,14,14,0,361728,0,1597,0,0,805597184,0.000000,0.000000,0.000000,0.00,2,7,10,17,20,24,26,16,17,46,42,40,51,47,20,0,0,0,0.0004,0.0016,0.0433,0.0597,0.0063,0.2240,0.0054,8.7797,0.0138,0.2235,0.4533,0.0007,0.0009,0.1994,0.0012,0.0009,0.0000,0.0000,0.0011
2130,36.7545,36.4833,16.8556,5.2751,,true,2,0.008333,0.2815,0.0167,1.00,0.99,3.8408,22,1,385,385,0,415,515,0,14,14,0,361728,0,1597,0,0,805597184,0.000000,0.000000,0.000000,0.00,2,7,10,17,20,24,26,16,17,46,42,40,51,47,20,0,0,0,0.0008,0.0028,0.0605,0.0852,0.0076,0.2826,0.0063,5.2751,0.0250,0.2815,0.5940,0.0006,0.0008,0.2734,0.0022,0.0010,0.0000,0.0000,0.0008
2131,36.7697,36.5000,15.3638,5.4847,,true,2,0.008333,0.3217,0.0167,1.00,1.00,2.5380,22,1,385,385,0,418,518,0,14,14,0,361728,0,1597,0,0,805597184,0.000000,0.000000,0.000000,0.00,2,7,10,17,20,24,26,16,17,46,42,40,51,47,20,0,0,0,0.0004,0.0012,0.0591,0.0406,0.0071,0.3225,0.0078,5.4847,0.0261,0.3217,0.6407,0.0010,0.0008,0.2686,0.0014,0.0015,0.0000,0.0000,0.0011
2132,36.7887,36.5167,17.7495,6.3840,,true,2,0.008333,0.2114,0.0167,1.00,0.94,3.6208,22,1,385,385,0,419,519,0,14,14,0,361728,0,1597,0,0,805597184,0.000000,0.000000,0.000000,0.00,2,7,10,17,20,24,26,16,17,46,42,40,51,47,20,0,0,0,0.0002,0.0019,0.0466,0.0362,0.0079,0.2118,0.0053,6.3840,0.0183,0.2114,0.5640,0.0006,0.0006,0.2705,0.0023,0.0017,0.0000,0.0000,0.0021
2133,36.8128,36.5417,23.2200,7.0904,,true,3,0.008333,0.2115,0.0250,1.00,1.00,1.8408,22,1,385,385,0,421,521,0,14,14,0,361728,0,1597,0,0,805597184,0.000000,0.000000,0.000000,0.00,2,7,10,17,20,24,26,16,17,46,42,40,51,47,20,0,0,0,0.0004,0.0020,0.0637,0.0470,0.0057,0.2117,0.0051,7.0904,0.0190,0.2115,0.6142,0.0009,0.0003,0.2762,0.0014,0.0013,0.0000,0.0000,0.0007
2134,36.8284,36.5583,15.6736,7.1498,,true,2,0.008333,0.2269,0.0167,1.00,1.00,0.8477,22,1,385,385,0,424,524,0,14,14,0,368640,0,1597,0,0,805597184,0.000000,0.000000,0.000000,0.00,2,7,10,17,20,24,26,16,17,46,42,40,51,47,20,0,0,0,0.0009,0.0031,0.0565,0.0719,0.0083,0.2274,0.0085,7.1498,0.0242,0.2269,0.6156,0.0008,0.0002,0.3259,0.0018,0.0015,0.0000,0.0000,0.0011
2135,36.8499,36.5750,18.5061,9.8964,,true,2,0.008333,0.2695,0.0167,1.00,0.90,2.6871,22,1,385,385,0,425,525,0,14,14,0,368640,0,1597,0,0,805597184,0.000000,0.000000,0.000000,0.00,2,7,10,17,20,24,26,16,17,46,42,40,51,47,20,0,0,0,0.0004,0.0041,0.0547,0.0861,0.0103,0.2707,0.0086,9.8964,0.0191,0.2695,0.4151,0.0005,0.0010,0.1949,0.0018,0.0009,0.0000,0.0000,0.0011
2136,36.8626,36.5917,16.8595,5.6973,,true,2,0.008333,0.2384,0.0167,1.00,0.99,2.8800,22,1,385,385,0,425,525,0,14,14,0,368640,0,1597,0,0,805597184,0.000000,0.000000,0.000000,0.00,2,7,10,17,20,24,26,16,17,46,42,40,51,47,20,0,0,0,0.0002,0.0023,0.0438,0.0510,0.0063,0.2389,0.0049,5.6973,0.0202,0.2384,0.5054,0.0003,0.0002,0.2151,0.0017,0.0006,0.0000,0.0000,0.0006
2137,36.8809,36.6083,17.2864,6.3543,,true,2,0.008333,0.2314,0.0167,1.00,0.96,3.4998,22,1,385,385,0,425,525,0,14,14,0,368640,0,1597,0,0,805597184,0.000000,0.000000,0.000000,0.00,2,7,10,17,20,24,26,16,17,46,42,40,51,47,20,0,0,0,0.0010,0.0026,0.0695,0.0546,0.0074,0.2323,0.0063,6.3543,0.0255,0.2314,0.6114,0.0007,0.0007,0.2680,0.0014,0.0013,0.0000,0.0000,0.0011
2138,36.8996,36.6250,18.8233,6.3648,,true,2,0.008333,0.2095,0.0167,1.00,0.89,5.6564,22,1,385,385,0,425,525,0,14,14,0,368640,0,1597,0,0,805597184,0.000000,0.000000,0.000000,0.00,2,7,10,17,20,24,26,16,17,46,42,40,51,47,20,0,0,0,0.0004,0.0020,0.0582,0.0510,0.0098,0.2100,0.0065,6.3648,0.0201,0.2095,0.6169,0.0005,0.0007,0.2803,0.0020,0.0010,0.0000,0.0000,0.0007
2139,36.9149,36.6417,16.0504,5.9587,,true,2,0.008333,0.3912,0.0167,1.00,1.00,5.0401,22,1,385,385,0,425,525,0,14,14,0,368640,0,1597,0,0,805597184,0.000000,0.000000,0.000000,0.00,2,7,10,17,20,24,26,16,17,46,42,40,51,47,20,0,0,0,0.0002,0.0017,0.0435,0.0516,0.0088,0.3927,0.0064,5.9587,0.0222,0.3912,0.5214,0.0004,0.0009,0.2332,0.0019,0.0014,0.0000,0.0000,0.0005
2140,36.9319,36.6583,16.7131,6.4554,,true,2,0.008333,0.2153,0.0167,1.00,1.00,5.0865,22,1,385,385,0,425,525,0,14,14,0,368640,0,1597,0,0,805597184,0.000000,0.000000,0.000000,0.00,2,7,10,17,20,24,26,16,17,46,42,40,51,47,20,0,0,0,0.0011,0.0025,0.0427,0.0486,0.0076,0.2156,0.0080,6.4554,0.0194,0.2153,0.4761,0.0005,0.0004,0.2090,0.0017,0.0008,0.0000,0.0000,0.0007
2141,36.9511,36.6750,18.5494,6.8657,,true,2,0.008333,0.2499,0.0167,1.00,0.90,6.9693,22,1,385,385,0,424,524,0,14,14,0,368640,0,1597,0,0,805597184,0.000000,0.000000,0.000000,0.00,2,7,10,17,20,24,26,16,17,46,42,40,51,47,20,0,0,0,0.0007,0.0025,0.1000,0.0607,0.0094,0.2507,0.0071,6.8657,0.0190,0.2499,0.5696,0.0006,0.0005,0.2620,0.0013,0.0009,0.0000,0.0000,0.0007
2142,36.9687,36.6917,17.8367,6.5340,,true,2,0.008333,0.2233,0.0167,1.00,0.93,8.1394,22,1,385,385,0,423,523,0,14,14,0,368640,0,1597,0,0,805597184,0.000000,0.000000,0.000000,0.00,2,7,10,17,20,24,26,16,17,46,42,40,51,47,20,0,0,0,0.0004,0.0029,0.0598,0.0649,0.0104,0.2239,0.0081,6.5340,0.0202,0.2233,0.5445,0.0005,0.0004,0.2481,0.0018,0.0010,0.0000,0.0000,0.0013
2143,36.9852,36.7167,17.9102,5.3863,,true,3,0.008333,0.2177,0.0250,1.00,1.00,1.0496,22,1,385,385,0,425,525,0,14,14,0,368640,0,1597,0,0,805597184,0.000000,0.000000,0.000000,0.00,2,7,10,17,20,24,26,16,17,46,42,40,51,47,20,0,0,0,0.0004,0.0013,0.0482,0.0404,0.0092,0.2192,0.0052,5.3863,0.0152,0.2177,0.4802,0.0006,0.0005,0.2209,0.0019,0.0010,0.0000,0.0000,0.0008
2144,37.0028,36.7333,16.9939,5.8631,,true,2,0.008333,0.2147,0.0167,1.00,0.98,1.3768,22,1,385,385,0,427,527,0,14,14,0,368640,0,1597,0,0,805597184,0.000000,0.000000,0.000000,0.00,2,7,10,17,20,24,26,16,17,46,42,40,51,47,20,0,0,0,0.0005,0.0023,0.0515,0.0456,0.0092,0.2152,0.0070,5.8631,0.0197,0.2147,0.4937,0.0006,0.0007,0.2018,0.0018,0.0007,0.0000,0.0000,0.0012
2145,37.0224,36.7500,17.7629,7.4333,,true,2,0.008333,0.3707,0.0167,1.00,0.94,2.4730,22,1,385,385,0,427,527,0,14,14,0,368640,0,1597,0,0,805597184,0.000000,0.000000,0.000000,0.00,2,7,10,17,20,24,26,16,17,46,42,40,51,47,20,0,0,0,0.0008,0.0049,0.0586,0.0506,0.0087,0.3716,0.0139,7.4333,0.0261,0.3707,0.6981,0.0009,0.0007,0.3653,0.0019,0.0023,0.0000,0.0000,0.0016
2146,37.0379,36.7667,17.3307,6.1415,,true,2,0.008333,0.2520,0.0167,1.00,0.96,3.1370,22,1,385,385,0,428,528,0,14,14,0,368640,0,1597,0,0,805597184,0.000000,0.000000,0.000000,0.00,2,7,10,17,20,24,26,16,17,46,42,40,51,47,20,0,0,0,0.0011,0.0018,0.0537,0.0522,0.0088,0.2528,0.0069,6.1415,0.0226,0.2520,0.5907,0.0006,0.0004,0.2307,0.0020,0.0012,0.0000,0.0000,0.0009
2147,37.0556,36.7833,18.8121,4.9263,,true,2,0.008333,0.2868,0.0167,1.00,0.89,5.2825,22,1,385,385,0,427,527,0,14,14,0,368640,0,1597,0,0,805597184,0.000000,0.000000,0.000000,0.00,2,7,10,17,20,24,26,16,17,46,42,40,51,47,20,0,0,0,0.0002,0.0019,0.0533,0.0493,0.0070,0.2875,0.0062,4.9263,0.0208,0.2868,0.4685,0.0004,0.0008,0.1942,0.0014,0.0008,0.0000,0.0000,0.0010
2148,37.0723,36.8000,15.8873,5.8460,,true,2,0.008333,0.1986,0.0167,1.00,1.00,4.5031,22,1,385,385,0,427,527,0,14,14,0,366336,0,1597,0,0,805597184,0.000000,0.000000,0.000000,0.00,2,7,10,17,20,24,26,16,17,46,42,40,51,47,20,0,0,0,0.0002,0.0026,0.0506,0.0481,0.0071,0.1994,0.0051,5.8460,0.0174,0.1986,0.5037,0.0007,0.0005,0.2277,0.0015,0.0010,0.0000,0.0000,0.0007
2149,37.0891,36.8167,17.1063,5.4100,,true,2,0.008333,0.2503,0.0167,1.00,0.97,4.9427,22,1,385,385,0,427,527,0,14,14,0,366336,0,1597,0,0,805597184,0.000000,0.000000,0.000000,0.00,2,7,10,17,20,24,26,16,17,46,42,40,51,47,20,0,0,0,0.0002,0.0032,0.0559,0.0286,0.0031,0.2515,0.0077,5.4100,0.0276,0.2503,0.6440,0.0006,0.0008,0.3140,0.0032,0.0011,0.0000,0.0000,0.0007
2150,37.1056,36.8333,17.1522,5.1686,,true,2,0.008333,0.2236,0.0167,1.00,0.97,5.4283,22,1,385,385,0,427,527,0,14,14,0,366336,0,1597,0,0,805597184,0.000000,0.000000,0.000000,0.00,2,7,10,17,20,24,26,16,17,46,42,40,51,47,20,0,0,0,0.0007,0.0023,0.0590,0.0494,0.0078,0.2248,0.0063,5.1686,0.0196,0.2236,0.6232,0.0005,0.0008,0.2668,0.0022,0.0013,0.0000,0.0000,0.0011
2151,37.1222,36.8500,17.0116,4.7240,,true,2,0.008333,0.1606,0.0167,1.00,0.98,5.7732,22,1,385,385,0,427,527,0,14,14,0,364032,0,1597,0,0,805597184,0.000000,0.000000,0.000000,0.00,2,7,10,17,20,24,26,16,17,46,42,40,51,47,20,0,0,0,0.0003,0.0011,0.0617,0.0419,0.0081,0.1613,0.0043,4.7240,0.0205,0.1606,0.5784,0.0005,0.0007,0.2462,0.0018,0.0014,0.0000,0.0000,0.0009
2152,37.1383,36.8667,16.1265,4.7827,,true,2,0.008333,0.2439,0.0167,1.00,1.00,5.2330,22,1,385,385,0,427,527,0,14,14,0,364032,0,1597,0,0,805597184,0.000000,0.000000,0.000000,0.00,2,7,10,17,20,24,26,16,17,46,42,40,51,47,20,0,0,0,0.0002,0.0010,0.0519,0.0424,0.0062,0.2447,0.0066,4.7827,0.0201,0.2439,0.5029,0.0012,0.0009,0.1969,0.0017,0.0015,0.0000,0.0000,0.0013
2153,37.1534,36.8833,15.1660,4.7409,,true,2,0.008333,0.1725,0.0167,1.00,1.00,3.7323,22,1,385,385,0,428,528,0,14,14,0,364032,0,1597,0,0,805597184,0.000000,0.000000,0.000000,0.00,2,7,10,17,20,24,26,16,17,46,42,40,51,47,20,0,0,0,0.0002,0.0014,0.0449,0.0509,0.0046,0.1732,0.0044,4.7409,0.0161,0.1725,0.4618,0.0003,0.0003,0.1960,0.0017,0.0007,0.0000,0.0000,0.0008
2154,37.1709,36.9000,16.6960,5.4282,,true,2,0.008333,0.3184,0.0167,1.00,1.00,3.7617,22,1,385,385,0,428,528,0,14,14,0,364032,0,1597,0,0,805597184,0.000000,0.000000,0.000000,0.00,2,7,10,17,20,24,26,16,17,46,42,40,51,47,20,0,0,0,0.0001,0.0023,0.0441,0.0464,0.0039,0.3191,0.0024,5.4282,0.0168,0.3184,0.4834,0.0009,0.0005,0.1983,0.0012,0.0007,0.0000,0.0000,0.0010
2155,37.1953,36.9167,18.8092,9.0750,,true,2,0.008333,0.3700,0.0167,1.00,0.89,5.9042,22,1,385,385,0,428,528,0,14,14,0,364032,0,1597,0,0,805597184,0.000000,0.000000,0.000000,0.00,2,7,10,17,20,24,26,16,17,46,42,40,51,47,20,0,0,0,0.0003,0.0063,0.0604,0.0397,0.0096,0.3710,0.0177,9.0750,0.0278,0.3700,0.7922,0.0006,0.0010,0.3354,0.0024,0.0017,0.0000,0.0000,0.0013
2156,37.2099,36.9333,19.0262,6.1007,,true,2,0.008333,0.2542,0.0167,1.00,0.88,8.2637,22,1,385,385,0,427,527,0,14,14,0,364032,0,1597,0,0,805597184,0.000000,0.000000,0.000000,0.00,2,7,10,17,20,24,26,16,17,46,42,40,51,47,20,0,0,0,0.0005,0.0028,0.0707,0.0526,0.0055,0.2546,0.0069,6.1007,0.0237,0.2542,0.7147,0.0004,0.0006,0.3409,0.0019,0.0012,0.0000,0.0000,0.0007
2157,37.2255,36.9500,16.1611,5.7088,,true,2,0.008333,0.2200,0.0167,1.00,1.00,7.7581,22,1,385,385,0,427,527,0,14,14,0,364032,0,1597,0,0,805597184,0.000000,0.000000,0.000000,0.00,2,7,10,17,20,24,26,16,17,46,42,40,51,47,20,0,0,0,0.0010,0.0027,0.0618,0.0385,0.0056,0.2206,0.0069,5.7088,0.0265,0.2200,0.4987,0.0004,0.0005,0.1890,0.0028,0.0006,0.0000,0.0000,0.0009
2158,37.2435,36.9750,18.2988,5.3648,,true,3,0.008333,0.2498,0.0250,1.00,1.00,1.0570,22,1,385,385,0,428,528,0,14,14,0,364032,0,1597,0,0,805597184,0.000000,0.000000,0.000000,0.00,2,7,10,17,20,24,26,16,17,46,42,40,51,47,20,0,0,0,0.0001,0.0012,0.0473,0.0463,0.0078,0.2500,0.0073,5.3648,0.0174,0.2498,0.5394,0.0009,0.0006,0.2128,0.0030,0.0011,0.0000,0.0000,0.0019
2159,37.2622,36.9917,17.2621,6.9305,,true,2,0.008333,0.1972,0.0167,1.00,0.97,1.6524,22,1,385,385,0,429,529,0,14,14,0,364032,0,1597,0,0,805597184,0.000000,0.000000,0.000000,0.00,2,7,10,17,20,24,26,16,17,46,42,40,51,47,20,0,0,0,0.0006,0.0020,0.0580,0.0581,0.0062,0.1980,0.0056,6.9305,0.0227,0.1972,0.5710,0.0006,0.0005,0.2206,0.0018,0.0013,0.0000,0.0000,0.0008
2160,37.2781,37.0083,16.5701,6.5040,,true,2,0.008333,0.3178,0.0167,1.00,1.00,1.5558,22,1,385,385,0,429,529,0,14,14,0,364032,0,1597,0,0,805597184,0.000000,0.000000,0.000000,0.00,2,7,10,17,20,24,26,16,17,46,42,40,51,47,20,0,0,0,0.0005,0.0032,0.0493,0.0484,0.0062,0.3186,0.0055,6.5040,0.0245,0.3178,0.5261,0.0005,0.0004,0.2259,0.0021,0.0007,0.0000,0.0000,0.0007
2161,37.2911,37.0167,14.8456,4.7530,,true,1,0.008333,0.1585,0.0083,1.00,0.56,8.0681,22,1,385,385,0,428,528,0,14,14,0,364032,0,1597,0,0,805597184,0.000000,0.000000,0.000000,0.00,2,7,10,17,20,24,26,16,17,46,42,40,51,47,20,0,0,0,0.0007,0.0011,0.0401,0.0449,0.0067,0.1589,0.0042,4.7530,0.0187,0.1585,0.4494,0.0006,0.0005,0.1621,0.0014,0.0013,0.0000,0.0000,0.0008
2162,37.3064,37.0333,15.3040,4.6921,,true,2,0.008333,0.1578,0.0167,1.00,1.00,6.7055,22,1,385,385,0,428,528,0,14,14,0,364032,0,1597,0,0,805597184,0.000000,0.000000,0.000000,0.00,2,7,10,17,20,24,26,16,17,46,42,40,51,47,20,0,0,0,0.0002,0.0018,0.0457,0.0370,0.0047,0.1583,0.0043,4.6921,0.0199,0.1578,0.3633,0.0004,0.0003,0.1577,0.0006,0.0006,0.0000,0.0000,0.0007
2163,37.3239,37.0500,16.7625,5.4254,,true,2,0.008333,0.2200,0.0167,1.00,0.99,6.8013,22,1,385,385,0,428,528,0,14,14,0,364032,0,1597,0,0,805597184,0.000000,0.000000,0.000000,0.00,2,7,10,17,20,24,26,16,17,46,42,40,51,47,20,0,0,0,0.0003,0.0018,0.0447,0.0481,0.0069,0.2209,0.0047,5.4254,0.0217,0.2200,0.4317,0.0006,0.0007,0.1744,0.0012,0.0015,0.0000,0.0000,0.0014
2164,37.3382,37.0667,15.4300,4.2865,,true,2,0.008333,0.1974,0.0167,1.00,1.00,5.5647,22,1,385,385,0,428,528,0,14,14,0,364032,0,1597,0,0,805597184,0.000000,0.000000,0.000000,0.00,2,7,10,17,20,24,26,16,17,46,42,40,51,47,20,0,0,0,0.0002,0.0016,0.0434,0.0297,0.0040,0.1980,0.0045,4.2865,0.0196,0.1974,0.4443,0.0005,0.0007,0.1888,0.0014,0.0011,0.0000,0.0000,0.0010
2165,37.3583,37.0833,15.2547,9.4900,,true,2,0.008333,0.2192,0.0167,1.00,1.00,4.1527,22,1,385,385,8,428,528,0,14,14,0,364032,0,1605,18,40,805597184,0.000000,0.000000,0.000000,0.00,2,7,10,17,20,24,26,16,17,46,42,40,51,47,20,0,0,0,0.0002,0.0017,0.0406,0.0360,0.0057,0.2196,0.0043,9.4900,0.0144,0.2192,5.0033,0.0006,0.1770,0.1935,0.0020,0.0007,0.0000,0.0000,4.2681
2166,37.3692,37.1000,15.5784,4.6028,,true,2,0.008333,0.1435,0.0167,1.00,1.00,3.0644,22,1,385,385,8,437,537,0,14,14,6,364032,0,1611,12,40,805597184,0.000000,0.000000,0.000000,0.00,2,7,10,17,20,24,26,16,17,46,42,40,51,47,20,0,0,0,0.0001,0.0014,0.0563,0.0297,0.0037,0.1438,0.0037,4.6028,0.0156,0.1435,0.8110,0.0157,0.1719,0.2251,0.0013,0.0071,0.0000,33.4931,0.0009
2167,37.3902,37.1167,18.8426,6.1510,,true,2,0.008333,0.2273,0.0167,1.00,0.88,5.2403,22,1,385,385,4,432,532,0,14,14,8,364032,0,1615,4,20,805597184,0.000000,0.000000,0.000000,0.00,2,7,10,17,20,24,26,16,17,46,42,40,51,47,20,0,0,0,0.0004,0.0024,0.0536,0.0538,0.0075,0.2285,0.0069,6.1510,0.0191,0.2273,0.9682,0.0657,0.1556,0.1148,0.0028,0.0416,0.0000,42.2242,0.0007
2168,37.4081,37.1333,18.7819,5.1216,,true,2,0.008333,0.1980,0.0167,1.00,0.89,7.3555,22,1,385,385,0,425,525,0,14,14,4,364032,0,1615,0,0,805597184,0.000000,0.000000,0.000000,0.00,2,7,10,17,20,24,26,16,17,46,42,40,51,47,20,0,0,0,0.0002,0.0022,0.0395,0.0390,0.0057,0.1984,0.0043,5.1216,0.0153,0.1980,0.4488,0.0191,0.0005,0.1649,0.0011,0.0120,0.0000,20.6866,0.0012
2169,37.4224,37.1500,13.9481,5.5416,,true,2,0.008333,0.2982,0.0167,1.00,1.00,4.6370,22,1,385,385,0,426,526,0,14,14,0,364032,0,1615,0,0,805597184,0.000000,0.000000,0.000000,0.00,2,7,10,17,20,24,26,16,16,50,41,44,52,44,16,0,0,0,0.0006,0.0024,0.0549,0.0401,0.0058,0.2990,0.0061,5.5416,0.0207,0.2982,0.5591,0.0006,0.0005,0.1753,0.0013,0.0009,0.0000,0.0000,0.0010
2170,37.4369,37.1667,15.6329,4.9995,,true,2,0.008333,0.2329,0.0167,1.00,1.00,3.6032,22,1,385,385,0,428,528,0,14,14,0,364032,0,1615,0,0,805597184,0.000000,0.000000,0.000000,0.00,2,7,10,17,20,24,26,16,16,50,41,44,52,44,16,0,0,0,0.0005,0.0021,0.0283,0.0449,0.0084,0.2335,0.0053,4.9995,0.0150,0.2329,0.4262,0.0005,0.0010,0.1787,0.0017,0.0008,0.0000,0.0000,0.0007
2171,37.4567,37.1833,19.7060,4.6651,,true,2,0.008333,0.1986,0.0167,1.00,0.85,6.6425,22,1,385,385,0,426,526,0,14,14,0,364032,0,1615,0,0,805597184,0.000000,0.000000,0.000000,0.00,2,7,10,17,20,24,26,16,16,50,41,44,52,44,16,0,0,0,0.0003,0.0030,0.0508,0.0391,0.0058,0.1993,0.0056,4.6651,0.0195,0.1986,0.4789,0.0005,0.0004,0.2278,0.0015,0.0014,0.0000,0.0000,0.0012
2172,37.4711,37.2000,13.6429,5.6297,,true,2,0.008333,0.2145,0.0167,1.00,1.00,3.6188,22,1,385,385,0,428,528,0,14,14,0,364032,0,1615,0,0,805597184,0.000000,0.000000,0.000000,0.00,2,7,10,17,20,24,26,16,16,50,41,44,52,44,16,0,0,0,0.0005,0.0018,0.0487,0.0416,0.0095,0.2152,0.0081,5.6297,0.0212,0.2145,0.4899,0.0007,0.0007,0.2101,0.0012,0.0013,0.0000,0.0000,0.0016
2173,37.4860,37.2167,16.4954,4.3165,,true,2,0.008333,0.2065,0.0167,1.00,1.00,3.4475,22,1,385,385,0,429,529,0,14,14,0,364032,0,1615,0,0,805597184,0.000000,0.000000,0.000000,0.00,2,7,10,17,20,24,26,16,16,50,41,44,52,44,16,0,0,0,0.0002,0.0022,0.0388,0.0493,0.0060,0.2073,0.0046,4.3165,0.0134,0.2065,0.4386,0.0005,0.0003,0.1829,0.0020,0.0013,0.0000,0.0000,0.0010
2174,37.5055,37.2333,18.3705,5.0077,,true,2,0.008333,0.2488,0.0167,1.00,0.91,5.1513,22,1,385,385,0,429,529,0,14,14,0,364032,0,1615,0,0,805597184,0.000000,0.000000,0.000000,0.00,2,7,10,17,20,24,26,16,16,50,41,44,52,44,16,0,0,0,0.0002,0.0016,0.0423,0.0555,0.0110,0.2495,0.0062,5.0077,0.0213,0.2488,0.4108,0.0006,0.0008,0.1797,0.0017,0.0008,0.0000,0.0000,0.0014
2175,37.5197,37.2500,14.7432,4.7521,,true,2,0.008333,0.2947,0.0167,1.00,1.00,3.2279,22,1,385,385,0,430,530,0,14,14,0,364032,0,1615,0,0,805597184,0.000000,0.000000,0.000000,0.00,2,7,10,17,20,24,26,16,16,50,41,44,52,44,16,0,0,0,0.0004,0.0025,0.0513,0.0413,0.0066,0.2949,0.0055,4.7521,0.0155,0.2947,0.4892,0.0004,0.0006,0.2414,0.0014,0.0008,0.0000,0.0000,0.0010
2176,37.5367,37.2667,16.8362,4.6234,,true,2,0.008333,0.1821,0.0167,1.00,0.99,3.3974,22,1,385,385,0,431,531,0,14,14,0,364032,0,1615,0,0,805597184,0.000000,0.000000,0.000000,0.00,2,7,10,17,20,24,26,16,16,50,41,44,52,44,16,0,0,0,0.0007,0.0019,0.0511,0.0468,0.0070,0.1827,0.0054,4.6234,0.0180,0.1821,0.4939,0.0007,0.0005,0.2108,0.0013,0.0014,0.0000,0.0000,0.0009
2177,37.5531,37.2833,16.0826,4.8665,,true,2,0.008333,0.2385,0.0167,1.00,1.00,2.8133,22,1,385,385,0,432,532,0,14,14,0,364032,0,1615,0,0,805597184,0.000000,0.000000,0.000000,0.00,2,7,10,17,20,24,26,16,16,50,41,44,52,44,16,0,0,0,0.0004,0.0024,0.0464,0.0516,0.0064,0.2392,0.0040,4.8665,0.0187,0.2385,0.4494,0.0008,0.0003,0.1783,0.0021,0.0011,0.0000,0.0000,0.0016
2178,37.5690,37.3000,16.2120,4.8030,,true,2,0.008333,0.1803,0.0167,1.00,1.00,2.3586,22,1,385,385,0,432,532,0,14,14,0,364032,0,1615,0,0,805597184,0.000000,0.000000,0.000000,0.00,2,7,10,17,20,24,26,16,16,50,41,44,52,44,16,0,0,0,0.0002,0.0021,0.0407,0.0382,0.0052,0.1810,0.0052,4.8030,0.0167,0.1803,0.4196,0.0006,0.0003,0.1862,0.0012,0.0020,0.0000,0.0000,0.0007
2179,37.5915,37.3167,20.1573,7.1004,,true,2,0.008333,0.2274,0.0167,1.00,0.83,5.8492,22,1,385,385,0,431,531,0,14,14,0,364032,0,1615,0,0,805597184,0.000000,0.000000,0.000000,0.00,2,7,10,17,20,24,26,16,16,50,41,44,52,44,16,0,0,0,0.0004,0.0027,0.0456,0.0489,0.0049,0.2283,0.0064,7.1004,0.0184,0.2274,0.4569,0.0005,0.0002,0.2097,0.0014,0.0008,0.0000,0.0000,0.0006
2180,37.6005,37.3333,11.1436,4.9790,,true,2,0.008333,0.1756,0.0167,1.00,1.00,0.3262,22,1,385,385,0,433,533,0,14,14,0,364032,0,1615,0,0,805597184,0.000000,0.000000,0.000000,0.00,2,7,10,17,20,24,26,16,16,50,41,44,52,44,16,0,0,0,0.0002,0.0020,0.0406,0.0323,0.0061,0.1763,0.0063,4.9790,0.0176,0.1756,0.4304,0.0008,0.0011,0.1797,0.0014,0.0014,0.0000,0.0000,0.0014
2181,37.6169,37.3500,17.4659,4.1477,,true,2,0.008333,0.2004,0.0167,1.00,0.95,1.1254,22,1,385,385,0,434,534,0,14,14,0,364032,0,1615,0,0,805597184,0.000000,0.000000,0.000000,0.00,2,7,10,17,20,24,26,16,16,50,41,44,52,44,16,0,0,0,0.0003,0.0021,0.0333,0.0380,0.0060,0.2015,0.0061,4.1477,0.0135,0.2004,0.4746,0.0004,0.0005,0.1921,0.0022,0.0010,0.0000,0.0000,0.0011
2182,37.6350,37.3667,17.2536,4.8453,,true,2,0.008333,0.1879,0.0167,1.00,0.97,1.7124,22,1,385,385,0,434,534,0,14,14,0,364032,0,1615,0,0,805597184,0.000000,0.000000,0.000000,0.00,2,7,10,17,20,24,26,16,16,50,41,44,52,44,16,0,0,0,0.0006,0.0021,0.0537,0.0390,0.0082,0.1882,0.0059,4.8453,0.0219,0.1879,0.5147,0.0007,0.0005,0.2191,0.0006,0.0007,0.0000,0.0000,0.0010
2183,37.6478,37.3750,13.9576,3.7468,,true,1,0.008333,0.1460,0.0083,1.00,0.60,7.3366,22,1,385,385,0,432,532,0,14,14,0,364032,0,1615,0,0,805597184,0.000000,0.000000,0.000000,0.00,2,7,10,17,20,24,26,16,16,50,41,44,52,44,16,0,0,0,0.0002,0.0011,0.0382,0.0330,0.0052,0.1465,0.0032,3.7468,0.0152,0.1460,0.3861,0.0004,0.0002,0.1529,0.0009,0.0008,0.0000,0.0000,0.0005
2184,37.6638,37.3917,15.4431,4.4219,,true,2,0.008333,0.2632,0.0167,1.00,1.00,6.1131,22,1,385,385,0,431,531,0,14,14,0,364032,0,1615,0,0,805597184,0.000000,0.000000,0.000000,0.00,2,7,10,17,20,24,26,16,16,50,41,44,52,44,16,0,0,0,0.0002,0.0020,0.0385,0.0392,0.0051,0.2636,0.0068,4.4219,0.0113,0.2632,0.4241,0.0005,0.0005,0.1874,0.0014,0.0008,0.0000,0.0000,0.0006
2185,37.6799,37.4083,16.7458,3.7866,,true,2,0.008333,0.1785,0.0167,1.00,1.00,6.1923,22,1,385,385,0,431,531,0,14,14,0,364032,0,1615,0,0,805597184,0.000000,0.000000,0.000000,0.00,2,7,10,17,20,24,26,16,16,50,41,44,52,44,16,0,0,0,0.0002,0.0011,0.0372,0.0272,0.0035,0.1790,0.0047,3.7866,0.0140,0.1785,0.3648,0.0004,0.0000,0.1378,0.0010,0.0005,0.0000,0.0000,0.0005
2186,37.7000,37.4250,16.5297,7.0893,,true,2,0.008333,0.2198,0.0167,1.00,1.00,6.0553,22,1,385,385,0,430,530,0,14,14,0,364032,0,1615,0,0,805597184,0.000000,0.000000,0.000000,0.00,2,7,10,17,20,24,26,16,16,50,41,44,52,44,16,0,0,0,0.0001,0.0030,0.0537,0.0653,0.0092,0.2208,0.0088,7.0893,0.0188,0.2198,0.4591,0.0005,0.0005,0.2156,0.0014,0.0010,0.0000,0.0000,0.0015
2187,37.7146,37.4417,16.9624,4.8861,,true,2,0.008333,0.2811,0.0167,1.00,0.98,6.3510,22,1,385,385,0,430,530,0,14,14,0,364032,0,1615,0,0,805597184,0.000000,0.000000,0.000000,0.00,2,7,10,17,20,24,26,16,16,50,41,44,52,44,16,0,0,0,0.0004,0.0022,0.0417,0.0496,0.0065,0.2823,0.0076,4.8861,0.0149,0.2811,0.4002,0.0010,0.0006,0.1487,0.0019,0.0011,0.0000,0.0000,0.0009
2188,37.7294,37.4583,14.4310,5.2787,,true,2,0.008333,0.1760,0.0167,1.00,1.00,4.1153,22,1,385,385,0,430,530,0,14,14,0,364032,0,1615,0,0,805597184,0.000000,0.000000,0.000000,0.00,2,7,10,17,20,24,26,16,16,50,41,44,52,44,16,0,0,0,0.0002,0.0019,0.0417,0.0350,0.0051,0.1765,0.0047,5.2787,0.0178,0.1760,0.3982,0.0004,0.0003,0.1714,0.0012,0.0009,0.0000,0.0000,0.0007
2189,37.7462,37.4750,16.4098,5.4970,,true,2,0.008333,0.2181,0.0167,1.00,1.00,3.8585,22,1,385,385,0,430,530,0,14,14,0,364032,0,1615,0,0,805597184,0.000000,0.000000,0.000000,0.00,2,7,10,17,20,24,26,16,16,50,41,44,52,44,16,0,0,0,0.0005,0.0014,0.0592,0.0433,0.0072,0.2185,0.0074,5.4970,0.0613,0.2181,0.4939,0.0004,0.0009,0.1928,0.0020,0.0013,0.0000,0.0000,0.0010
2190,37.7624,37.4917,16.5783,5.1959,,true,2,0.008333,0.1990,0.0167,1.00,1.00,3.7701,22,1,385,385,0,431,531,0,14,14,0,364032,0,1615,0,0,805597184,0.000000,0.000000,0.000000,0.00,2,7,10,17,20,24,26,16,16,50,41,44,52,44,16,0,0,0,0.0009,0.0022,0.0582,0.0490,0.0081,0.1997,0.0063,5.1959,0.0273,0.1990,0.4872,0.0005,0.0007,0.1851,0.0016,0.0009,0.0000,0.0000,0.0008
2191,37.7773,37.5083,15.6553,4.7707,,true,2,0.008333,0.3150,0.0167,1.00,1.00,2.7587,22,1,385,385,0,431,531,0,14,14,0,364032,0,1615,0,0,805597184,0.000000,0.000000,0.000000,0.00,2,7,10,17,20,24,26,16,16,50,41,44,52,44,16,0,0,0,0.0003,0.0022,0.0505,0.0565,0.0080,0.3155,0.0070,4.7707,0.0215,0.3150,0.5203,0.0008,0.0010,0.1942,0.0015,0.0012,0.0000,0.0000,0.0009
2192,37.7924,37.5250,15.0350,4.5576,,true,2,0.008333,0.1709,0.0167,1.00,1.00,1.1270,22,1,385,385,0,432,532,0,14,14,0,364032,0,1615,0,0,805597184,0.000000,0.000000,0.000000,0.00,2,7,10,17,20,24,26,16,16,50,41,44,52,44,16,0,0,0,0.0005,0.0021,0.0460,0.0452,0.0070,0.1715,0.0054,4.5576,0.0234,0.1709,0.3762,0.0005,0.0003,0.1382,0.0016,0.0012,0.0000,0.0000,0.0010
2193,37.8079,37.5417,15.8260,4.2772,,true,2,0.008333,0.1718,0.0167,1.00,1.00,0.2864,22,1,385,385,0,433,533,0,14,14,0,364032,0,1615,0,0,805597184,0.000000,0.000000,0.000000,0.00,2,7,10,17,20,24,26,16,16,50,41,44,52,44,16,0,0,0,0.0001,0.0015,0.0378,0.0366,0.0053,0.1726,0.0045,4.2772,0.0157,0.1718,0.3719,0.0003,0.0003,0.1485,0.0011,0.0007,0.0000,0.0000,0.0006
2194,37.8216,37.5500,14.7453,3.5357,,true,1,0.008333,0.1663,0.0083,1.00,0.57,6.6984,22,1,385,385,0,432,532,0,14,14,0,364032,0,1615,0,0,805597184,0.000000,0.000000,0.000000,0.00,2,7,10,17,20,24,26,16,16,50,41,44,52,44,16,0,0,0,0.0002,0.0009,0.0344,0.0301,0.0043,0.1682,0.0017,3.5357,0.0121,0.1663,0.3341,0.0003,0.0002,0.1340,0.0007,0.0003,0.0000,0.0000,0.0005
2195,37.8368,37.5667,15.3460,3.3554,,true,2,0.008333,0.1446,0.0167,1.00,1.00,5.3776,22,1,385,385,0,431,531,0,14,14,0,364032,0,1615,0,0,805597184,0.000000,0.000000,0.000000,0.00,2,7,10,17,20,24,26,16,16,50,41,44,52,44,16,0,0,0,0.0002,0.0015,0.0333,0.0312,0.0056,0.1448,0.0055,3.3554,0.0081,0.1446,0.3383,0.0007,0.0005,0.1065,0.0006,0.0011,0.0000,0.0000,0.0010
2196,37.8525,37.5833,15.2035,3.6776,,true,2,0.008333,0.1172,0.0167,1.00,1.00,3.9144,22,1,385,385,0,431,531,0,14,14,0,364032,0,1615,0,0,805597184,0.000000,0.000000,0.000000,0.00,2,7,10,17,20,24,26,16,16,50,41,44,52,44,16,0,0,0,0.0003,0.0031,0.0357,0.0222,0.0033,0.1174,0.0066,3.6776,0.0102,0.1172,0.4438,0.0011,0.0006,0.1774,0.0011,0.0017,0.0000,0.0000,0.0011
2197,37.8670,37.6000,14.8404,3.2606,,true,2,0.008333,0.1196,0.0167,1.00,1.00,2.0881,22,1,385,385,0,432,532,0,14,14,0,364032,0,1615,0,0,805597184,0.000000,0.000000,0.000000,0.00,2,7,10,17,20,24,26,16,16,50,41,44,52,44,16,0,0,0,0.0001,0.0008,0.0376,0.0248,0.0027,0.1197,0.0019,3.2606,0.0150,0.1196,0.3880,0.0003,0.0003,0.1824,0.0016,0.0004,0.0000,0.0000,0.0003
2198,37.8832,37.6167,16.3168,3.4866,,true,2,0.008333,0.1510,0.0167,1.00,1.00,1.7382,22,1,385,385,0,432,532,0,14,14,0,364032,0,1615,0,0,805597184,0.000000,0.000000,0.000000,0.00,2,7,10,17,20,24,26,16,16,50,41,44,52,44,16,0,0,0,0.0001,0.0009,0.0338,0.0217,0.0026,0.1516,0.0020,3.4866,0.0115,0.1510,0.3531,0.0003,0.0002,0.1312,0.0006,0.0006,0.0000,0.0000,0.0004
2199,37.8994,37.6333,15.2588,4.3704,,true,2,0.008333,0.1786,0.0167,1.00,1.00,0.3303,22,1,385,385,0,433,533,0,14,14,0,364032,0,1615,0,0,805597184,0.000000,0.000000,0.000000,0.00,2,7,10,17,20,24,26,16,16,50,41,44,52,44,16,0,0,0,0.0004,0.0011,0.0381,0.0376,0.0070,0.1792,0.0049,4.3704,0.0142,0.1786,0.3747,0.0006,0.0002,0.1462,0.0010,0.0008,0.0000,0.0000,0.0004
2200,37.9173,37.6500,18.2605,3.7439,,true,2,0.008333,0.2845,0.0167,1.00,0.91,1.9242,22,1,385,385,0,433,533,0,14,14,0,364032,0,1615,0,0,805597184,0.000000,0.000000,0.000000,0.00,2,7,10,17,20,24,26,16,16,50,41,44,52,44,16,0,0,0,0.0001,0.0019,0.0368,0.0313,0.0053,0.2849,0.0046,3.7439,0.0155,0.2845,0.3747,0.0007,0.0006,0.1420,0.0012,0.0009,0.0000,0.0000,0.0009
2201,37.9313,37.6583,14.4963,3.3727,,true,1,0.008333,0.1348,0.0083,1.00,0.57,8.0871,22,1,385,385,0,432,532,0,14,14,0,364032,0,1615,0,0,805597184,0.000000,0.000000,0.000000,0.00,2,7,10,17,20,24,26,16,16,50,41,44,52,44,16,0,0,0,0.0001,0.0017,0.0358,0.0397,0.0050,0.1351,0.0042,3.3727,0.0148,0.1348,0.3564,0.0002,0.0002,0.1310,0.0012,0.0005,0.0000,0.0000,0.0003
2202,37.9459,37.6750,14.4290,3.6203,,true,2,0.008333,0.1436,0.0167,1.00,1.00,5.8494,22,1,385,385,0,431,531,0,14,14,0,364032,0,1615,0,0,805597184,0.000000,0.000000,0.000000,0.00,2,7,10,17,20,24,26,16,16,50,41,44,52,44,16,0,0,0,0.0003,0.0010,0.0346,0.0248,0.0043,0.1440,0.0030,3.6203,0.0142,0.1436,0.3520,0.0003,0.0004,0.1432,0.0011,0.0010,0.0000,0.0000,0.0005
2203,37.9620,37.6917,15.5063,3.9486,,true,2,0.008333,0.1772,0.0167,1.00,1.00,4.6891,22,1,385,385,0,431,531,0,14,14,0,364032,0,1615,0,0,805597184,0.000000,0.000000,0.000000,0.00,2,7,10,17,20,24,26,16,16,50,41,44,52,44,16,0,0,0,0.0001,0.0018,0.0369,0.0251,0.0057,0.1777,0.0056,3.9486,0.0168,0.1772,0.3958,0.0007,0.0006,0.1608,0.0013,0.0007,0.0000,0.0000,0.0011
2204,37.9770,37.7083,15.4428,3.6694,,true,2,0.008333,0.1754,0.0167,1.00,1.00,3.4652,22,1,385,385,0,431,531,0,14,14,0,364032,0,1615,0,0,805597184,0.000000,0.000000,0.000000,0.00,2,7,10,17,20,24,26,16,16,50,41,44,52,44,16,0,0,0,0.0002,0.0014,0.0483,0.0325,0.0053,0.1760,0.0049,3.6694,0.0164,0.1754,0.3402,0.0004,0.0003,0.1303,0.0013,0.0006,0.0000,0.0000,0.0006
2205,37.9912,37.7250,14.6105,3.3001,,true,2,0.008333,0.1186,0.0167,1.00,1.00,1.4091,22,1,385,385,0,432,532,0,14,14,0,364032,0,1615,0,0,805597184,0.000000,0.000000,0.000000,0.00,2,7,10,17,20,24,26,16,16,50,41,44,52,44,16,0,0,0,0.0002,0.0009,0.0368,0.0201,0.0030,0.1188,0.0022,3.3001,0.0153,0.1186,0.3813,0.0002,0.0002,0.1724,0.0016,0.0005,0.0000,0.0000,0.0005
2206,38.0088,37.7417,16.6399,4.1525,,true,2,0.008333,0.1827,0.0167,1.00,1.00,1.3823,22,1,385,385,0,432,532,0,14,14,0,364032,0,1615,0,0,805597184,0.000000,0.000000,0.000000,0.00,2,7,10,17,20,24,26,16,16,50,41,44,52,44,16,0,0,0,0.0002,0.0014,0.0416,0.0500,0.0055,0.1831,0.0046,4.1525,0.0208,0.1827,0.4050,0.0004,0.0006,0.1570,0.0016,0.0014,0.0000,0.0000,0.0016
2207,38.0239,37.7583,15.8566,3.4179,,true,2,0.008333,0.2215,0.0167,1.00,1.00,0.5722,22,1,385,385,0,432,532,0,14,14,0,361728,0,1615,0,0,805597184,0.000000,0.000000,0.000000,0.00,2,7,10,17,20,24,26,16,16,50,41,44,52,44,16,0,0,0,0.0001,0.0015,0.0335,0.0269,0.0038,0.2220,0.0034,3.4179,0.0144,0.2215,0.3366,0.0006,0.0003,0.1391,0.0010,0.0009,0.0000,0.0000,0.0006
2208,38.0412,37.7750,16.2787,4.4049,,true,2,0.008333,0.1897,0.0167,1.00,1.00,0.1843,22,1,385,385,0,433,533,0,14,14,0,361728,0,1615,0,0,805597184,0.000000,0.000000,0.000000,0.00,2,7,10,17,20,24,26,16,16,50,41,44,52,44,16,0,0,0,0.0002,0.0017,0.0353,0.0423,0.0090,0.1902,0.0054,4.4049,0.0143,0.1897,0.3710,0.0006,0.0003,0.1588,0.0010,0.0012,0.0000,0.0000,0.0012
2209,38.0609,37.7833,15.0024,8.9133,,true,1,0.008333,0.1150,0.0083,1.00,0.56,6.8533,22,1,385,385,8,432,532,0,14,14,0,361728,0,1623,30,40,805597184,0.000000,0.000000,0.000000,0.00,2,7,10,17,20,24,26,16,16,50,41,44,52,44,16,0,0,0,0.0002,0.0022,0.0390,0.0336,0.0053,0.1155,0.0047,8.9133,0.0115,0.1150,4.1040,0.0004,0.1566,0.1629,0.0015,0.0009,0.0000,0.0000,3.4436
2210,38.0708,37.8000,15.0740,3.9335,,true,2,0.008333,0.1193,0.0167,1.00,1.00,5.2607,22,1,385,385,8,443,543,0,14,14,8,361728,0,1631,22,40,805597184,0.000000,0.000000,0.000000,0.00,2,7,10,17,20,24,26,16,16,50,41,44,52,44,16,0,0,0,0.0001,0.0022,0.0276,0.0362,0.0054,0.1199,0.0046,3.9335,0.0116,0.1193,0.6540,0.0235,0.1512,0.1614,0.0011,0.0089,0.0000,34.2866,0.0007
2211,38.0888,37.8167,16.4638,5.0861,,true,2,0.008333,0.1394,0.0167,1.00,1.00,5.0578,22,1,385,385,8,446,546,0,14,14,8,361728,0,1639,14,40,805597184,0.000000,0.000000,0.000000,0.00,2,7,10,17,20,24,26,16,16,50,41,44,52,44,16,0,0,0,0.0001,0.0014,0.0855,0.0378,0.0050,0.1404,0.0039,5.0861,0.0230,0.1394,0.6264,0.0180,0.1211,0.1559,0.0012,0.0092,0.0000,31.5307,0.0005
2212,38.1097,37.8333,17.0565,8.4616,,true,2,0.008333,0.2460,0.0167,1.00,0.98,5.4477,22,1,385,385,6,446,546,0,14,14,8,361728,0,1645,6,30,805597184,0.000000,0.000000,0.000000,0.00,2,7,10,17,20,24,26,16,16,50,41,44,52,44,16,0,0,0,0.0008,0.0024,0.0599,0.0578,0.0080,0.2467,0.0051,8.4616,0.0199,0.2460,0.5312,0.0245,0.0004,0.1779,0.0014,0.0149,0.0000,31.9981,0.0013
2213,38.1214,37.8500,15.5036,4.7917,,true,2,0.008333,0.2200,0.0167,1.00,1.00,4.2846,22,1,385,385,0,446,546,0,14,14,6,361728,0,1645,0,0,805597184,0.000000,0.000000,0.000000,0.00,2,7,10,17,20,24,26,16,16,50,41,44,52,44,16,0,0,0,0.0005,0.0026,0.0335,0.0484,0.0081,0.2208,0.0072,4.7917,0.0153,0.2200,0.4564,0.0169,0.0007,0.1470,0.0010,0.0230,0.0000,24.4800,0.0013
2214,38.1452,37.8667,19.7733,8.3280,,true,2,0.008333,0.2306,0.0167,1.00,0.84,7.3912,22,1,385,385,0,442,542,0,14,14,0,359424,0,1645,0,0,805597184,0.000000,0.000000,0.000000,0.00,2,7,10,17,20,24,26,16,16,50,40,49,49,39,20,0,0,0,0.0011,0.0039,0.1503,0.0548,0.0068,0.2315,0.0157,8.3280,0.0339,0.2306,0.6467,0.0008,0.0002,0.2328,0.0022,0.0009,0.0000,0.0000,0.0010
2215,38.1716,37.9000,26.1246,8.7236,,true,4,0.008333,0.4995,0.0333,1.00,1.00,0.1824,22,1,385,385,0,446,546,0,14,14,0,359424,0,1645,0,0,805597184,0.000000,0.000000,0.000000,0.00,2,7,10,17,20,24,26,16,16,50,40,49,49,39,20,0,0,0,0.0015,0.0016,0.0755,0.0437,0.0058,0.5017,0.0037,8.7236,0.0308,0.4995,0.6027,0.0005,0.0003,0.2980,0.0031,0.0011,0.0000,0.0000,0.0014
2216,38.1868,37.9083,15.2967,8.5769,,true,1,0.008333,0.2304,0.0083,1.00,0.54,7.1458,22,1,385,385,0,442,542,0,14,14,0,359424,0,1645,0,0,805597184,0.000000,0.000000,0.000000,0.00,2,7,10,17,20,24,26,16,16,50,40,49,49,39,20,0,0,0,0.0009,0.0043,0.0717,0.0677,0.0112,0.2318,0.0106,8.5769,0.0278,0.2304,0.6503,0.0008,0.0009,0.2650,0.0015,0.0013,0.0000,0.0000,0.0008
2217,38.2110,37.9333,19.6942,12.5966,,true,3,0.008333,0.4144,0.0250,1.00,1.00,1.8400,22,1,385,385,0,443,543,0,14,14,0,359424,0,1645,0,0,805597184,0.000000,0.000000,0.000000,0.00,2,7,10,17,20,24,26,16,16,50,40,49,49,39,20,0,0,0,0.0005,0.0057,0.0610,0.0527,0.0133,0.4160,0.0143,12.5966,0.0394,0.4144,0.6232,0.0011,0.0007,0.3030,0.0021,0.0020,0.0000,0.0000,0.0018
2218,38.2296,37.9500,22.2111,9.5641,,true,2,0.008333,0.2456,0.0167,1.00,0.75,7.3844,22,1,385,385,0,440,540,0,14,14,0,359424,0,1645,0,0,805597184,0.000000,0.000000,0.000000,0.00,2,7,10,17,20,24,26,16,16,50,40,49,49,39,20,0,0,0,0.0009,0.0031,0.0788,0.0738,0.0063,0.2467,0.0082,9.5641,0.0204,0.2456,0.5455,0.0008,0.0004,0.2060,0.0020,0.0010,0.0000,0.0000,0.0017
2219,38.2437,37.9667,16.0797,8.0326,,true,2,0.008333,0.2855,0.0167,1.00,1.00,6.7974,22,1,385,385,0,437,537,0,14,14,0,359424,0,1645,0,0,805597184,0.000000,0.000000,0.000000,0.00,2,7,10,17,20,24,26,16,16,50,40,49,49,39,20,0,0,0,0.0005,0.0032,0.0587,0.0665,0.0128,0.2865,0.0078,8.0326,0.0317,0.2855,0.5960,0.0011,0.0007,0.3231,0.0020,0.0018,0.0000,0.0000,0.0013
2220,38.2630,37.9917,20.8281,6.2586,,true,3,0.008333,0.2393,0.0250,1.00,1.00,2.6255,22,1,385,385,0,438,538,0,14,14,0,368640,0,1645,0,0,805597184,0.000000,0.000000,0.000000,0.00,2,7,10,17,20,24,26,16,16,50,40,49,49,39,20,0,0,0,0.0007,0.0018,0.0419,0.0504,0.0096,0.2410,0.0069,6.2586,0.0225,0.2393,0.4608,0.0006,0.0004,0.2409,0.0005,0.0009,0.0000,0.0000,0.0015
2221,38.2821,38.0083,19.0918,6.2216,,true,2,0.008333,0.4081,0.0167,1.00,0.87,5.0506,22,1,385,385,0,437,537,0,14,14,0,366336,0,1645,0,0,805597184,0.000000,0.000000,0.000000,0.00,2,7,10,17,20,24,26,16,16,50,40,49,49,39,20,0,0,0,0.0001,0.0020,0.0532,0.0459,0.0100,0.4092,0.0066,6.2216,0.0343,0.4081,0.6123,0.0010,0.0004,0.2993,0.0032,0.0012,0.0000,0.0000,0.0011
2222,38.3000,38.0250,17.3861,6.8233,,true,2,0.008333,0.2053,0.0167,1.00,0.96,5.7700,22,1,385,385,0,436,536,0,14,14,0,366336,0,1645,0,0,805597184,0.000000,0.000000,0.000000,0.00,2,7,10,17,20,24,26,16,16,50,40,49,49,39,20,0,0,0,0.0006,0.0022,0.0475,0.0349,0.0109,0.2066,0.0071,6.8233,0.0224,0.2053,0.4384,0.0006,0.0008,0.1948,0.0016,0.0012,0.0000,0.0000,0.0012
2223,38.3209,38.0500,19.5662,7.7641,,true,3,0.008333,0.2977,0.0250,1.00,1.00,0.3362,22,1,385,385,0,438,538,0,14,14,0,366336,0,1645,0,0,805597184,0.000000,0.000000,0.000000,0.00,2,7,10,17,20,24,26,16,16,50,40,49,49,39,20,0,0,0,0.0007,0.0024,0.0505,0.0574,0.0070,0.2990,0.0073,7.7641,0.0199,0.2977,0.4919,0.0006,0.0004,0.1952,0.0016,0.0011,0.0000,0.0000,0.0015
2224,38.3347,38.0583,15.2679,7.1280,,true,1,0.008333,0.2287,0.0083,1.00,0.55,7.2708,22,1,385,385,0,436,536,0,14,14,0,366336,0,1645,0,0,805597184,0.000000,0.000000,0.000000,0.00,2,7,10,17,20,24,26,16,16,50,40,49,49,39,20,0,0,0,0.0001,0.0024,0.0448,0.7729,0.0082,0.2298,0.0058,7.1280,0.0218,0.2287,0.4000,0.0005,0.0006,0.1872,0.0017,0.0011,0.0000,0.0000,0.0010
2225,38.3523,38.0833,18.9922,5.6796,,true,3,0.008333,0.2521,0.0250,1.00,1.00,1.2629,22,1,385,385,0,437,537,0,14,14,0,366336,0,1645,0,0,805597184,0.000000,0.000000,0.000000,0.00,2,7,10,17,20,24,26,16,16,50,40,49,49,39,20,0,0,0,0.0017,0.0011,0.0405,0.0473,0.0081,0.2539,0.0060,5.6796,0.0175,0.2521,0.4131,0.0010,0.0006,0.1751,0.0016,0.0014,0.0000,0.0000,0.0013
2226,38.3671,38.1000,15.4433,5.2134,,true,2,0.008333,0.2077,0.0167,1.00,1.00,0.0396,22,1,385,385,0,438,538,0,14,14,0,366336,0,1645,0,0,805597184,0.000000,0.000000,0.000000,0.00,2,7,10,17,20,24,26,16,16,50,40,49,49,39,20,0,0,0,0.0005,0.0024,0.0538,0.0591,0.0082,0.2087,0.0065,5.2134,0.0229,0.2077,0.5227,0.0005,0.0004,0.2460,0.0014,0.0017,0.0000,0.0000,0.0008
2227,38.3922,38.1167,20.7361,8.8181,,true,2,0.008333,0.2681,0.0167,1.00,0.80,4.1090,22,1,385,385,0,437,537,0,14,14,0,366336,0,1645,0,0,805597184,0.000000,0.000000,0.000000,0.00,2,7,10,17,20,24,26,16,16,50,40,49,49,39,20,0,0,0,0.0011,0.0029,0.0589,0.0471,0.0079,0.2688,0.0064,8.8181,0.0207,0.2681,0.4996,0.0005,0.0006,0.2381,0.0016,0.0013,0.0000,0.0000,0.0015
2228,38.4009,38.1333,14.3048,4.3855,,true,2,0.008333,0.1901,0.0167,1.00,1.00,1.7471,22,1,385,385,0,437,537,0,14,14,0,366336,0,1645,0,0,805597184,0.000000,0.000000,0.000000,0.00,2,7,10,17,20,24,26,16,16,50,40,49,49,39,20,0,0,0,0.0001,0.0023,0.0341,0.0413,0.0064,0.1905,0.0049,4.3855,0.0149,0.1901,0.3682,0.0004,0.0003,0.1568,0.0010,0.0009,0.0000,0.0000,0.0008
2229,38.4201,38.1500,19.1623,4.2297,,true,2,0.008333,0.3277,0.0167,1.00,0.87,4.2428,22,1,385,385,0,436,536,0,14,14,0,366336,0,1645,0,0,805597184,0.000000,0.000000,0.000000,0.00,2,7,10,17,20,24,26,16,16,50,40,49,49,39,20,0,0,0,0.0004,0.0020,0.0345,0.0349,0.0062,0.3279,0.0059,4.2297,0.0140,0.3277,0.4343,0.0004,0.0003,0.1927,0.0014,0.0011,0.0000,0.0000,0.0009
2230,38.4338,38.1667,14.6586,3.3792,,true,2,0.008333,0.1109,0.0167,1.00,1.00,2.2347,22,1,385,385,0,436,536,0,14,14,0,366336,0,1645,0,0,805597184,0.000000,0.000000,0.000000,0.00,2,7,10,17,20,24,26,16,16,50,40,49,49,39,20,0,0,0,0.0005,0.0028,0.0304,0.0209,0.0025,0.1110,0.0057,3.3792,0.0086,0.1109,0.3594,0.0004,0.0002,0.1618,0.0013,0.0021,0.0000,0.0000,0.0008
2231,38.4502,38.1833,16.2458,3.6991,,true,2,0.008333,0.1760,0.0167,1.00,1.00,1.8139,22,1,385,385,0,436,536,0,14,14,0,366336,0,1645,0,0,805597184,0.000000,0.000000,0.000000,0.00,2,7,10,17,20,24,26,16,16,50,40,49,49,39,20,0,0,0,0.0001,0.0008,0.0321,0.0207,0.0028,0.1768,0.0019,3.6991,0.0118,0.1760,0.3516,0.0002,0.0002,0.1535,0.0011,0.0005,0.0000,0.0000,0.0005
2232,38.4659,38.2000,15.6224,3.8290,,true,2,0.008333,0.2122,0.0167,1.00,1.00,0.7696,22,1,385,385,0,437,537,0,14,14,0,366336,0,1645,0,0,805597184,0.000000,0.000000,0.000000,0.00,2,7,10,17,20,24,26,16,16,50,40,49,49,39,20,0,0,0,0.0002,0.0010,0.0369,0.0229,0.0037,0.2132,0.0018,3.8290,0.0125,0.2122,0.3229,0.0004,0.0003,0.1321,0.0009,0.0011,0.0000,0.0000,0.0009
2233,38.4831,38.2167,16.2458,4.7257,,true,2,0.008333,0.2028,0.0167,1.00,1.00,0.3487,22,1,385,385,0,437,537,0,14,14,0,366336,0,1645,0,0,805597184,0.000000,0.000000,0.000000,0.00,2,7,10,17,20,24,26,16,16,50,40,49,49,39,20,0,0,0,0.0001,0.0014,0.0438,0.0407,0.0062,0.2039,0.0037,4.7257,0.0203,0.2028,0.5609,0.0003,0.0004,0.2930,0.0014,0.0008,0.0000,0.0000,0.0007
2234,38.5022,38.2333,19.0175,4.2817,,true,2,0.008333,0.2081,0.0167,1.00,0.88,2.6995,22,1,385,385,0,436,536,0,14,14,0,366336,0,1645,0,0,805597184,0.000000,0.000000,0.000000,0.00,2,7,10,17,20,24,26,16,16,50,40,49,49,39,20,0,0,0,0.0001,0.0013,0.0345,0.0405,0.0086,0.2089,0.0057,4.2817,0.0196,0.2081,0.3666,0.0006,0.0004,0.1609,0.0011,0.0014,0.0000,0.0000,0.0011
2235,38.5290,38.2500,21.2850,8.8926,,true,2,0.008333,0.4853,0.0167,1.00,0.78,7.3178,22,1,385,385,0,435,535,0,14,14,0,366336,0,1645,0,0,805597184,0.000000,0.000000,0.000000,0.00,2,7,10,17,20,24,26,16,16,50,40,49,49,39,20,0,0,0,0.0006,0.0040,0.0475,0.0738,0.0149,0.4875,0.0090,8.8926,0.0242,0.4853,0.6426,0.0007,0.0010,0.2843,0.0029,0.0017,0.0000,0.0000,0.0011
2236,38.5376,38.2667,14.4723,4.2125,,true,2,0.008333,0.2256,0.0167,1.00,1.00,5.1235,22,1,385,385,0,434,534,0,14,14,0,366336,0,1645,0,0,805597184,0.000000,0.000000,0.000000,0.00,2,7,10,17,20,24,26,16,16,50,40,49,49,39,20,0,0,0,0.0005,0.0019,0.0387,0.0442,0.0067,0.2263,0.0043,4.2125,0.0159,0.2256,0.3683,0.0008,0.0004,0.1534,0.0020,0.0013,0.0000,0.0000,0.0005
2237,38.5545,38.2833,15.3500,5.8156,,true,2,0.008333,0.1757,0.0167,1.00,1.00,3.8068,22,1,385,385,0,434,534,0,14,14,0,366336,0,1645,0,0,805597184,0.000000,0.000000,0.000000,0.00,2,7,10,17,20,24,26,16,16,50,40,49,49,39,20,0,0,0,0.0003,0.0018,0.0443,0.0447,0.0188,0.1762,0.0061,5.8156,0.0194,0.1757,0.4008,0.0004,0.0004,0.1716,0.0012,0.0013,0.0000,0.0000,0.0005
2238,38.5762,38.3000,19.1253,8.0716,,true,2,0.008333,0.2191,0.0167,1.00,0.87,6.2655,22,1,385,385,0,434,534,0,14,14,0,366336,0,1645,0,0,805597184,0.000000,0.000000,0.000000,0.00,2,7,10,17,20,24,26,16,16,50,40,49,49,39,20,0,0,0,0.0004,0.0025,0.0516,0.0441,0.0076,0.2200,0.0065,8.0716,0.0229,0.2191,0.5680,0.0010,0.0004,0.2463,0.0040,0.0011,0.0000,0.0000,0.0010
2239,38.5993,38.3250,21.7836,8.7241,,true,3,0.008333,0.3499,0.0250,1.00,1.00,3.0490,22,1,385,385,0,434,534,0,14,14,0,366336,0,1645,0,0,805597184,0.000000,0.000000,0.000000,0.00,2,7,10,17,20,24,26,16,16,50,40,49,49,39,20,0,0,0,0.0013,0.0031,0.0411,0.0615,0.0162,0.3524,0.0090,8.7241,0.0171,0.3499,0.5189,0.0004,0.0006,0.1977,0.0023,0.0016,0.0000,0.0000,0.0028
2240,38.6103,38.3417,13.7502,6.7571,,true,2,0.008333,0.1806,0.0167,1.00,1.00,0.1325,22,1,385,385,0,434,534,0,14,14,0,366336,0,1645,0,0,805597184,0.000000,0.000000,0.000000,0.00,2,7,10,17,20,24,26,16,16,50,40,49,49,39,20,0,0,0,0.0001,0.0032,0.0540,0.0389,0.0042,0.1809,0.0089,6.7571,0.0243,0.1806,0.5392,0.0008,0.0008,0.2202,0.0018,0.0016,0.0000,0.0000,0.0014
2241,38.6333,38.3583,20.9472,7.6631,,true,2,0.008333,0.2321,0.0167,1.00,0.80,4.4131,22,1,385,385,0,434,534,0,14,14,0,366336,0,1645,0,0,805597184,0.000000,0.000000,0.000000,0.00,2,7,10,17,20,24,26,16,16,50,40,49,49,39,20,0,0,0,0.0006,0.0014,0.0525,0.0634,0.0095,0.2335,0.0054,7.6631,0.0204,0.2321,0.4629,0.0006,0.0004,0.1804,0.0016,0.0025,0.0000,0.0000,0.0011
2242,38.6475,38.3750,14.0325,8.8064,,true,2,0.008333,0.2361,0.0167,1.00,1.00,1.7789,22,1,385,385,0,434,534,0,14,14,0,366336,0,1645,0,0,805597184,0.000000,0.000000,0.000000,0.00,2,7,10,17,20,24,26,16,16,50,40,49,49,39,20,0,0,0,0.0005,0.0027,0.0607,0.0648,0.0089,0.2373,0.0071,8.8064,0.0250,0.2361,0.5286,0.0003,0.0004,0.2199,0.0014,0.0006,0.0000,0.0000,0.0007
2243,38.6661,38.3917,19.0961,7.6012,,true,2,0.008333,0.3974,0.0167,1.00,0.87,4.2083,22,1,385,385,0,434,534,0,14,14,0,366336,0,1645,0,0,805597184,0.000000,0.000000,0.000000,0.00,2,7,10,17,20,24,26,16,16,50,40,49,49,39,20,0,0,0,0.0008,0.0027,0.0801,0.0589,0.0086,0.3987,0.0072,7.6012,0.0425,0.3974,0.6215,0.0007,0.0005,0.2987,0.0030,0.0014,0.0000,0.0000,0.0012
2244,38.6800,38.4083,16.8160,5.3487,,true,2,0.008333,0.2077,0.0167,1.00,0.99,4.3576,22,1,385,385,0,434,534,0,14,14,0,366336,0,1645,0,0,805597184,0.000000,0.000000,0.000000,0.00,2,7,10,17,20,24,26,16,16,50,40,49,49,39,20,0,0,0,0.0006,0.0024,0.0456,0.0376,0.0064,0.2086,0.0070,5.3487,0.0233,0.2077,0.4350,0.0006,0.0004,0.1676,0.0019,0.0009,0.0000,0.0000,0.0009
2245,38.6961,38.4250,16.2208,5.6580,,true,2,0.008333,0.1753,0.0167,1.00,1.00,3.9117,22,1,385,385,0,434,534,0,14,14,0,366336,0,1645,0,0,805597184,0.000000,0.000000,0.000000,0.00,2,7,10,17,20,24,26,16,16,50,40,49,49,39,20,0,0,0,0.0001,0.0015,0.0374,0.0412,0.0057,0.1756,0.0057,5.6580,0.0143,0.1753,0.4148,0.0007,0.0006,0.1805,0.0010,0.0007,0.0000,0.0000,0.0012
2246,38.7132,38.4417,16.9496,5.3940,,true,2,0.008333,0.2161,0.0167,1.00,0.98,4.1947,22,1,385,385,0,433,533,0,14,14,0,368640,0,1645,0,0,805597184,0.000000,0.000000,0.000000,0.00,2,7,10,17,20,24,26,16,16,50,40,49,49,39,20,0,0,0,0.0009,0.0031,0.0542,0.0511,0.0075,0.2172,0.0070,5.3940,0.0292,0.2161,0.5458,0.0007,0.0005,0.2570,0.0024,0.0008,0.0000,0.0000,0.0006
2247,38.7321,38.4583,18.1940,6.2373,,true,2,0.008333,0.2566,0.0167,1.00,0.92,5.7220,22,1,385,385,0,433,533,0,14,14,0,368640,0,1645,0,0,805597184,0.000000,0.000000,0.000000,0.00,2,7,10,17,20,24,26,16,16,50,40,49,49,39,20,0,0,0,0.0006,0.0026,0.1030,0.0577,0.0048,0.2576,0.0089,6.2373,0.0291,0.2566,0.4769,0.0008,0.0004,0.1969,0.0017,0.0013,0.0000,0.0000,0.0013
2248,38.7559,38.4750,15.8768,14.4798,,true,2,0.008333,0.2069,0.0167,1.00,1.00,4.9321,22,1,385,385,0,433,533,0,14,14,0,368640,0,1645,0,0,805597184,0.000000,0.000000,0.000000,0.00,2,7,10,17,20,24,26,16,16,50,40,49,49,39,20,0,0,0,0.0017,0.0028,0.0662,0.0452,0.0087,0.2072,0.0088,14.4798,0.0343,0.2069,0.5332,0.0005,0.0011,0.2415,0.0028,0.0013,0.0000,0.0000,0.0009
2249,38.7669,38.4917,16.2949,8.9797,,true,2,0.008333,0.1684,0.0167,1.00,1.00,4.5603,22,1,385,385,8,433,533,0,14,14,0,368640,0,1653,20,40,805597184,0.000000,0.000000,0.000000,0.00,2,7,10,17,20,24,26,16,16,50,40,49,49,39,20,0,0,0,0.0002,0.0012,0.0661,0.0477,0.0037,0.1689,0.0041,8.9797,0.0237,0.1684,4.3822,0.0006,0.1585,0.2374,0.0012,0.0013,0.0000,0.0000,3.6083
2250,38.7800,38.5083,17.2575,4.7007,,true,2,0.008333,0.3011,0.0167,1.00,0.97,5.1512,22,1,385,385,8,429,529,0,14,14,8,368640,0,1661,12,40,805597184,0.000000,0.000000,0.000000,0.00,2,7,10,17,20,24,26,16,16,50,40,49,49,39,20,0,0,0,0.0004,0.0022,0.0429,0.0273,0.0057,0.3018,0.0064,4.7007,0.0175,0.3011,0.8957,0.0262,0.2331,0.2058,0.0015,0.0115,0.0000,35.4010,0.0007
2251,38.7973,38.5250,17.6055,4.2195,,true,2,0.008333,0.1600,0.0167,1.00,0.95,6.0900,22,1,385,385,4,424,524,0,14,14,8,368640,0,1665,4,20,805597184,0.000000,0.000000,0.000000,0.00,2,7,10,17,20,24,26,16,16,50,40,49,49,39,20,0,0,0,0.0008,0.0017,0.0363,0.0479,0.0063,0.1607,0.0051,4.2195,0.0138,0.1600,0.5965,0.0187,0.1276,0.1587,0.0011,0.0107,0.0000,34.2099,0.0007
2252,38.8152,38.5417,16.5967,5.2877,,true,2,0.008333,0.2404,0.0167,1.00,1.00,6.0200,22,1,385,385,0,423,523,0,14,14,4,368640,0,1665,0,0,805597184,0.000000,0.000000,0.000000,0.00,2,7,10,17,20,24,26,16,16,50,40,49,49,39,20,0,0,0,0.0007,0.0027,0.0451,0.0565,0.0079,0.2408,0.0065,5.2877,0.0187,0.2404,0.6085,0.0259,0.0005,0.2088,0.0011,0.0133,0.0000,17.0612,0.0009
2253,38.8309,38.5583,15.8663,5.3142,,true,2,0.008333,0.2086,0.0167,1.00,1.00,5.2197,22,1,385,385,0,424,524,0,14,14,0,366336,0,1665,0,0,805597184,0.000000,0.000000,0.000000,0.00,2,7,10,17,20,24,26,16,16,50,40,49,49,39,20,0,0,0,0.0002,0.0023,0.0485,0.0408,0.0062,0.2094,0.0042,5.3142,0.0220,0.2086,0.5767,0.0004,0.0010,0.2194,0.0012,0.0010,0.0000,0.0000,0.0011
2254,38.8470,38.5750,17.3718,4.0252,,true,2,0.008333,0.1753,0.0167,1.00,0.96,5.9249,22,1,385,385,0,424,524,0,14,14,0,366336,0,1665,0,0,805597184,0.000000,0.000000,0.000000,0.00,2,7,10,17,20,24,26,16,16,50,40,49,49,39,20,0,0,0,0.0002,0.0025,0.0359,0.0416,0.0074,0.1754,0.0043,4.0252,0.0166,0.1753,0.4028,0.0005,0.0006,0.1738,0.0014,0.0013,0.0000,0.0000,0.0009
2255,38.8661,38.5917,18.6114,4.7585,,true,2,0.008333,0.1880,0.0167,1.00,0.90,7.8696,22,1,385,385,0,422,522,0,14,14,0,366336,0,1665,0,0,805597184,0.000000,0.000000,0.000000,0.00,2,7,10,17,20,24,26,16,16,50,40,49,49,39,20,0,0,0,0.0002,0.0020,0.0386,0.0515,0.0077,0.1888,0.0045,4.7585,0.0152,0.1880,0.4269,0.0004,0.0005,0.1802,0.0015,0.0017,0.0000,0.0000,0.0015
2256,38.8840,38.6167,17.4970,5.0040,,true,3,0.008333,0.2017,0.0250,1.00,1.00,0.3666,22,1,385,385,0,428,528,0,14,14,0,366336,0,1665,0,0,805597184,0.000000,0.000000,0.000000,0.00,2,7,10,17,20,24,26,16,16,50,40,49,49,39,20,0,0,0,0.0001,0.0020,0.0348,0.0390,0.0069,0.2024,0.0050,5.0040,0.0155,0.2017,0.4304,0.0005,0.0004,0.1864,0.0013,0.0012,0.0000,0.0000,0.0007
2257,38.9006,38.6333,17.2156,4.4077,,true,2,0.008333,0.1901,0.0167,1.00,0.97,0.9155,22,1,385,385,0,432,532,0,14,14,0,366336,0,1665,0,0,805597184,0.000000,0.000000,0.000000,0.00,2,7,10,17,20,24,26,16,16,50,40,49,49,39,20,0,0,0,0.0004,0.0013,0.0357,0.0389,0.0068,0.1904,0.0047,4.4077,0.0153,0.1901,0.4470,0.0005,0.0004,0.1767,0.0166,0.0011,0.0000,0.0000,0.0008
2258,38.9176,38.6417,15.7109,5.7394,,true,1,0.008333,0.3429,0.0083,1.00,0.53,8.2930,22,1,385,385,0,429,529,0,14,14,0,366336,0,1665,0,0,805597184,0.000000,0.000000,0.000000,0.00,2,7,10,17,20,24,26,16,16,50,40,49,49,39,20,0,0,0,0.0008,0.0024,0.0524,0.0608,0.0096,0.3436,0.0075,5.7394,0.0237,0.3429,0.5072,0.0007,0.0007,0.2304,0.0019,0.0012,0.0000,0.0000,0.0006
2259,38.9336,38.6667,17.1777,4.6817,,true,3,0.008333,0.2842,0.0250,1.00,1.00,0.4708,22,1,385,385,0,432,532,0,14,14,0,364032,0,1665,0,0,805597184,0.000000,0.000000,0.000000,0.00,2,7,10,17,20,24,26,16,16,50,40,49,49,39,20,0,0,0,0.0001,0.0022,0.0462,0.0445,0.0071,0.2848,0.0053,4.6817,0.0176,0.2842,0.4504,0.0005,0.0004,0.2146,0.0010,0.0013,0.0000,0.0000,0.0012
2260,38.9498,38.6750,15.5727,5.0757,,true,1,0.008333,0.1429,0.0083,1.00,0.54,7.7101,22,1,385,385,0,430,530,0,14,14,0,364032,0,1665,0,0,805597184,0.000000,0.000000,0.000000,0.00,2,7,10,17,20,24,26,16,16,50,40,49,49,39,20,0,0,0,0.0008,0.0033,0.0431,0.0274,0.0067,0.1433,0.0063,5.0757,0.0190,0.1429,0.4452,0.0008,0.0004,0.2227,0.0011,0.0011,0.0000,0.0000,0.0013
2261,38.9676,38.7000,17.5341,5.1623,,true,3,0.008333,0.2437,0.0250,1.00,1.00,0.2442,22,1,385,385,0,433,533,0,14,14,0,364032,0,1665,0,0,805597184,0.000000,0.000000,0.000000,0.00,2,7,10,17,20,24,26,16,16,50,40,49,49,39,20,0,0,0,0.0001,0.0013,0.0458,0.0448,0.0079,0.2445,0.0039,5.1623,0.0258,0.2437,0.4260,0.0005,0.0005,0.1987,0.0012,0.0011,0.0000,0.0000,0.0017
2262,38.9840,38.7083,16.2353,5.5570,,true,1,0.008333,0.1764,0.0083,1.00,0.51,8.1462,22,1,385,385,0,430,530,0,14,14,0,366336,0,1665,0,0,805597184,0.000000,0.000000,0.000000,0.00,2,7,10,17,20,24,26,16,16,50,40,49,49,39,20,0,0,0,0.0010,0.0035,0.0649,0.0319,0.0085,0.1770,0.0092,5.5570,0.0265,0.1764,0.5119,0.0006,0.0004,0.2316,0.0015,0.0020,0.0000,0.0000,0.0015
2263,39.0018,38.7333,18.9556,4.4107,,true,3,0.008333,0.2534,0.0250,1.00,1.00,2.1018,22,1,385,385,0,432,532,0,14,14,0,366336,0,1665,0,0,805597184,0.000000,0.000000,0.000000,0.00,2,7,10,17,20,24,26,16,16,50,40,49,49,39,20,0,0,0,0.0002,0.0031,0.0359,0.0618,0.0074,0.2541,0.0083,4.4107,0.0136,0.2534,0.4304,0.0005,0.0004,0.1630,0.0010,0.0007,0.0000,0.0000,0.0006
2264,39.0177,38.7500,15.1011,5.2239,,true,2,0.008333,0.3056,0.0167,1.00,1.00,0.5363,22,1,385,385,0,433,533,0,14,14,0,366336,0,1665,0,0,805597184,0.000000,0.000000,0.000000,0.00,2,7,10,17,20,24,26,16,16,50,40,49,49,39,20,0,0,0,0.0006,0.0020,0.0455,0.0298,0.0074,0.3068,0.0055,5.2239,0.0205,0.3056,0.4694,0.0005,0.0004,0.2020,0.0014,0.0010,0.0000,0.0000,0.0010
2265,39.0357,38.7667,17.8410,5.2953,,true,2,0.008333,0.1850,0.0167,1.00,0.93,1.7105,22,1,385,385,0,434,534,0,14,14,0,366336,0,1665,0,0,805597184,0.000000,0.000000,0.000000,0.00,2,7,10,17,20,24,26,16,16,50,40,49,49,39,20,0,0,0,0.0008,0.0020,0.0381,0.0418,0.0064,0.1860,0.0056,5.2953,0.0148,0.1850,0.4190,0.0005,0.0004,0.1839,0.0019,0.0011,0.0000,0.0000,0.0006
2266,39.0527,38.7833,17.8662,4.6026,,true,2,0.008333,0.1556,0.0167,1.00,0.93,2.9101,22,1,385,385,0,434,534,0,14,14,0,366336,0,1665,0,0,805597184,0.000000,0.000000,0.000000,0.00,2,7,10,17,20,24,26,16,16,50,40,49,49,39,20,0,0,0,0.0001,0.0016,0.0405,0.0312,0.0059,0.1561,0.0045,4.6026,0.0164,0.1556,0.3831,0.0004,0.0005,0.1705,0.0010,0.0007,0.0000,0.0000,0.0008
2267,39.0690,38.8000,16.0011,4.9632,,true,2,0.008333,0.1966,0.0167,1.00,1.00,2.2446,22,1,385,385,0,434,534,0,14,14,0,366336,0,1665,0,0,805597184,0.000000,0.000000,0.000000,0.00,2,7,10,17,20,24,26,16,16,50,40,49,49,39,20,0,0,0,0.0005,0.0027,0.0504,0.0426,0.0055,0.1973,0.0063,4.9632,0.0212,0.1966,0.5991,0.0008,0.0005,0.2980,0.0020,0.0011,0.0000,0.0000,0.0011
2268,39.0848,38.8167,15.2754,5.5118,,true,2,0.008333,0.2058,0.0167,1.00,1.00,0.8533,22,1,385,385,0,434,534,0,14,14,0,366336,0,1665,0,0,805597184,0.000000,0.000000,0.000000,0.00,2,7,10,17,20,24,26,16,16,50,40,49,49,39,20,0,0,0,0.0004,0.0016,0.0411,0.0535,0.0102,0.2062,0.0060,5.5118,0.0179,0.2058,0.4508,0.0004,0.0005,0.1725,0.0015,0.0009,0.0000,0.0000,0.0008
2269,39.1024,38.8333,17.9447,5.1902,,true,2,0.008333,0.2285,0.0167,1.00,0.93,2.1313,22,1,385,385,0,434,534,0,14,14,0,368640,0,1665,0,0,805597184,0.000000,0.000000,0.000000,0.00,2,7,10,17,20,24,26,16,16,50,40,49,49,39,20,0,0,0,0.0002,0.0026,0.0398,0.0433,0.0078,0.2292,0.0055,5.1902,0.0159,0.2285,0.5162,0.0007,0.0006,0.1604,0.0016,0.0007,0.0000,0.0000,0.0008
2270,39.1193,38.8500,16.5717,5.2431,,true,2,0.008333,0.2411,0.0167,1.00,1.00,2.0364,22,1,385,385,0,434,534,0,14,14,0,368640,0,1665,0,0,805597184,0.000000,0.000000,0.000000,0.00,2,7,10,17,20,24,26,16,16,50,40,49,49,39,20,0,0,0,0.0004,0.0018,0.0552,0.0836,0.0159,0.2416,0.0085,5.2431,0.0220,0.2411,0.5962,0.0006,0.0010,0.2815,0.0022,0.0015,0.0000,0.0000,0.0010
2271,39.1363,38.8667,17.4212,3.9867,,true,2,0.008333,0.1938,0.0167,1.00,0.96,2.7910,22,1,385,385,0,434,534,0,14,14,0,368640,0,1665,0,0,805597184,0.000000,0.000000,0.000000,0.00,2,7,10,17,20,24,26,16,16,50,40,49,49,39,20,0,0,0,0.0004,0.0017,0.0334,0.0394,0.0092,0.1945,0.0045,3.9867,0.0116,0.1938,0.3960,0.0003,0.0003,0.1588,0.0010,0.0008,0.0000,0.0000,0.0007
2272,39.1521,38.8833,15.5271,5.2176,,true,2,0.008333,0.1964,0.0167,1.00,1.00,1.6514,22,1,385,385,0,434,534,0,14,14,0,368640,0,1665,0,0,805597184,0.000000,0.000000,0.000000,0.00,2,7,10,17,20,24,26,16,16,50,40,49,49,39,20,0,0,0,0.0003,0.0027,0.0417,0.0453,0.0065,0.1971,0.0061,5.2176,0.0166,0.1964,0.4003,0.0006,0.0003,0.1744,0.0012,0.0017,0.0000,0.0000,0.0006
2273,39.1685,38.9000,16.7265,5.0906,,true,2,0.008333,0.3797,0.0167,1.00,1.00,1.7112,22,1,385,385,0,434,534,0,14,14,0,368640,0,1665,0,0,805597184,0.000000,0.000000,0.000000,0.00,2,7,10,17,20,24,26,16,16,50,40,49,49,39,20,0,0,0,0.0006,0.0024,0.0423,0.0554,0.0088,0.3804,0.0056,5.0906,0.0169,0.3797,0.4248,0.0005,0.0006,0.1633,0.0010,0.0011,0.0000,0.0000,0.0012
2274,39.1845,38.9167,16.1240,4.9976,,true,2,0.008333,0.1537,0.0167,1.00,1.00,1.1685,22,1,385,385,0,434,534,0,14,14,0,368640,0,1665,0,0,805597184,0.000000,0.000000,0.000000,0.00,2,7,10,17,20,24,26,16,16,50,40,49,49,39,20,0,0,0,0.0003,0.0023,0.0362,0.0284,0.0049,0.1541,0.0043,4.9976,0.0158,0.1537,0.4330,0.0005,0.0003,0.1885,0.0011,0.0014,0.0000,0.0000,0.0006
2275,39.2066,38.9333,20.2154,6.5825,,true,2,0.008333,0.2532,0.0167,1.00,0.82,4.7172,22,1,385,385,0,433,533,0,14,14,0,368640,0,1665,0,0,805597184,0.000000,0.000000,0.000000,0.00,2,7,10,17,20,24,26,16,16,50,40,49,49,39,20,0,0,0,0.0003,0.0032,0.0413,0.0515,0.0105,0.2539,0.0093,6.5825,0.0250,0.2532,0.5118,0.0008,0.0007,0.2168,0.0020,0.0010,0.0000,0.0000,0.0017
2276,39.2274,38.9583,20.5013,6.5609,,true,3,0.008333,0.2137,0.0250,1.00,1.00,0.2185,22,1,385,385,0,434,534,0,14,14,0,368640,0,1665,0,0,805597184,0.000000,0.000000,0.000000,0.00,2,7,10,17,20,24,26,16,16,50,40,49,49,39,20,0,0,0,0.0008,0.0199,0.0480,0.0446,0.0074,0.2146,0.0047,6.5609,0.0227,0.2137,0.4016,0.0007,0.0006,0.1712,0.0008,0.0010,0.0000,0.0000,0.0010
2277,39.2473,38.9750,18.7284,7.2937,,true,2,0.008333,0.2170,0.0167,1.00,0.89,2.2802,22,1,385,385,0,434,534,0,14,14,0,368640,0,1665,0,0,805597184,0.000000,0.000000,0.000000,0.00,2,7,10,17,20,24,26,16,16,50,40,49,49,39,20,0,0,0,0.0003,0.0034,0.0411,0.0678,0.0098,0.2176,0.0076,7.2937,0.0217,0.2170,0.4688,0.0004,0.0002,0.1948,0.0010,0.0008,0.0000,0.0000,0.0006
2278,39.2637,38.9917,18.6187,5.5038,,true,2,0.008333,0.2238,0.0167,1.00,0.90,4.2323,22,1,385,385,0,433,533,0,14,14,0,368640,0,1665,0,0,805597184,0.000000,0.000000,0.000000,0.00,2,7,10,17,20,24,26,16,16,50,40,49,49,39,20,0,0,0,0.0007,0.0032,0.0532,0.0431,0.0068,0.2251,0.0072,5.5038,0.0232,0.2238,0.4188,0.0006,0.0008,0.1532,0.0017,0.0010,0.0000,0.0000,0.0012
2279,39.2846,39.0083,19.4499,7.0139,,true,2,0.008333,0.3611,0.0167,1.00,0.86,7.0155,22,1,385,385,0,432,532,0,14,14,0,368640,0,1665,0,0,805597184,0.000000,0.000000,0.000000,0.00,2,7,10,17,20,24,26,16,16,50,40,49,49,39,20,0,0,0,0.0005,0.0017,0.0417,0.0544,0.0081,0.3618,0.0055,7.0139,0.0177,0.3611,0.4786,0.0005,0.0003,0.1803,0.0016,0.0015,0.0000,0.0000,0.0006
2280,39.2969,39.0250,14.0976,5.4466,,true,2,0.008333,0.2353,0.0167,1.00,1.00,4.4465,22,1,385,385,0,432,532,0,14,14,0,368640,0,1665,0,0,805597184,0.000000,0.000000,0.000000,0.00,2,7,10,17,20,24,26,16,16,50,40,49,49,39,20,0,0,0,0.0002,0.0017,0.0382,0.0423,0.0077,0.2361,0.0047,5.4466,0.0214,0.2353,0.4389,0.0006,0.0007,0.1796,0.0021,0.0011,0.0000,0.0000,0.0012
2281,39.3113,39.0417,15.2095,5.0792,,true,2,0.008333,0.1937,0.0167,1.00,1.00,2.9893,22,1,385,385,0,432,532,0,14,14,0,368640,0,1665,0,0,805597184,0.000000,0.000000,0.000000,0.00,2,7,10,17,20,24,26,16,16,50,40,49,49,39,20,0,0,0,0.0002,0.0025,0.0661,0.0403,0.0058,0.1941,0.0078,5.0792,0.0176,0.1937,0.4456,0.0003,0.0004,0.1886,0.0015,0.0011,0.0000,0.0000,0.0008
2282,39.3307,39.0583,18.7197,5.4207,,true,2,0.008333,0.2514,0.0167,1.00,0.89,5.0424,22,1,385,385,0,432,532,0,14,14,0,368640,0,1665,0,0,805597184,0.000000,0.000000,0.000000,0.00,2,7,10,17,20,24,26,16,16,50,40,49,49,39,20,0,0,0,0.0008,0.0053,0.0576,0.0624,0.0183,0.2520,0.0117,5.4207,0.0251,0.2514,0.4914,0.0005,0.0005,0.2019,0.0018,0.0005,0.0000,0.0000,0.0008
2283,39.3454,39.0750,15.5209,4.9617,,true,2,0.008333,0.2121,0.0167,1.00,1.00,3.8966,22,1,385,385,0,432,532,0,14,14,0,366336,0,1665,0,0,805597184,0.000000,0.000000,0.000000,0.00,2,7,10,17,20,24,26,16,16,50,40,49,49,39,20,0,0,0,0.0005,0.0023,0.0663,0.0798,0.0075,0.2128,0.0052,4.9617,0.0240,0.2121,0.3953,0.0004,0.0003,0.1477,0.0026,0.0007,0.0000,0.0000,0.0006
2284,39.3618,39.0917,16.0705,5.2951,,true,2,0.008333,0.1759,0.0167,1.00,1.00,3.3005,22,1,385,385,0,432,532,0,14,14,0,366336,0,1665,0,0,805597184,0.000000,0.000000,0.000000,0.00,2,7,10,17,20,24,26,16,16,50,40,49,49,39,20,0,0,0,0.0005,0.0013,0.0669,0.0502,0.0076,0.1768,0.0047,5.2951,0.0272,0.1759,0.3876,0.0005,0.0002,0.1600,0.0014,0.0015,0.0000,0.0000,0.0010
2285,39.3848,39.1083,19.2387,8.3724,,true,2,0.008333,0.1911,0.0167,1.00,0.87,5.8725,22,1,385,385,0,431,531,0,14,14,0,366336,0,1665,0,0,805597184,0.000000,0.000000,0.000000,0.00,2,7,10,17,20,24,26,16,16,50,40,49,49,39,20,0,0,0,0.0004,0.0018,0.0385,0.0458,0.0096,0.1916,0.0047,8.3724,0.0185,0.1911,0.4165,0.0004,0.0007,0.1751,0.0008,0.0010,0.0000,0.0000,0.0010
2286,39.3944,39.1250,14.1920,4.2501,,true,2,0.008333,0.1710,0.0167,1.00,1.00,3.3978,22,1,385,385,0,431,531,0,14,14,0,366336,0,1665,0,0,805597184,0.000000,0.000000,0.000000,0.00,2,7,10,17,20,24,26,16,16,50,40,49,49,39,20,0,0,0,0.0003,0.0018,0.0541,0.0408,0.0056,0.1714,0.0048,4.2501,0.0157,0.1710,0.3866,0.0004,0.0005,0.1630,0.0016,0.0007,0.0000,0.0000,0.0011
2287,39.4090,39.1417,15.5466,3.6146,,true,2,0.008333,0.2684,0.0167,1.00,1.00,2.2778,22,1,385,385,0,432,532,0,14,14,0,366336,0,1665,0,0,805597184,0.000000,0.000000,0.000000,0.00,2,7,10,17,20,24,26,16,16,50,40,49,49,39,20,0,0,0,0.0002,0.0018,0.0360,0.0356,0.0050,0.2690,0.0067,3.6146,0.0133,0.2684,0.3526,0.0005,0.0003,0.1255,0.0007,0.0009,0.0000,0.0000,0.0005
2288,39.4261,39.1583,16.2827,4.5234,,true,2,0.008333,0.1652,0.0167,1.00,1.00,1.8938,22,1,385,385,0,432,532,0,14,14,0,366336,0,1665,0,0,805597184,0.000000,0.000000,0.000000,0.00,2,7,10,17,20,24,26,16,16,50,40,49,49,39,20,0,0,0,0.0002,0.0025,0.0411,0.0451,0.0051,0.1659,0.0050,4.5234,0.0119,0.1652,0.3813,0.0007,0.0003,0.1497,0.0014,0.0007,0.0000,0.0000,0.0005
2289,39.4410,39.1750,15.6004,3.7942,,true,2,0.008333,0.1963,0.0167,1.00,1.00,0.8276,22,1,385,385,0,432,532,0,14,14,0,366336,0,1665,0,0,805597184,0.000000,0.000000,0.000000,0.00,2,7,10,17,20,24,26,16,16,50,40,49,49,39,20,0,0,0,0.0005,0.0014,0.0336,0.0469,0.0075,0.2063,0.0068,3.7942,0.0150,0.1963,0.3535,0.0012,0.0007,0.1097,0.0008,0.0015,0.0000,0.0000,0.0010
2290,39.4638,39.1917,17.5769,8.7795,,true,2,0.008333,0.2454,0.0167,1.00,0.95,1.7377,22,1,385,385,8,432,532,0,14,14,0,366336,0,1673,29,40,805597184,0.000000,0.000000,0.000000,0.00,2,7,10,17,20,24,26,16,16,50,40,49,49,39,20,0,0,0,0.0002,0.0028,0.0480,0.0406,0.0074,0.2459,0.0071,8.7795,0.0158,0.2454,4.6258,0.0004,0.1618,0.1719,0.0034,0.0010,0.0000,0.0000,3.8742
2291,39.4794,39.2083,18.4577,5.8996,,true,2,0.008333,0.1493,0.0167,1.00,0.90,3.5288,22,1,385,385,8,422,522,0,14,14,8,366336,0,1681,21,40,805597184,0.000000,0.000000,0.000000,0.00,2,7,10,17,20,24,26,16,16,50,40,49,49,39,20,0,0,0,0.0001,0.0021,0.0474,0.0363,0.0076,0.1495,0.0054,5.8996,0.0224,0.1493,0.7590,0.0240,0.1718,0.2048,0.0016,0.0092,0.0000,33.2626,0.0007
2292,39.4953,39.2250,15.5956,5.5870,,true,2,0.008333,0.1425,0.0167,1.00,1.00,2.4577,22,1,385,385,8,422,522,0,14,14,8,366336,0,1689,13,40,805597184,0.000000,0.000000,0.000000,0.00,2,7,10,17,20,24,26,16,16,50,40,49,49,39,20,0,0,0,0.0010,0.0015,0.0490,0.0429,0.0068,0.1429,0.0053,5.5870,0.0231,0.1425,0.9229,0.0174,0.1721,0.2530,0.0023,0.0094,0.0000,37.3773,0.0007
2293,39.5147,39.2417,18.8901,5.6128,,true,2,0.008333,0.1762,0.0167,1.00,0.88,4.6811,22,1,385,385,5,418,518,0,14,14,8,366336,0,1694,5,25,805597184,0.000000,0.000000,0.000000,0.00,2,7,10,17,20,24,26,16,16,50,40,49,49,39,20,0,0,0,0.0002,0.0019,0.0808,0.0385,0.0065,0.1770,0.0038,5.6128,0.0207,0.1762,0.4819,0.0305,0.0006,0.1518,0.0014,0.0196,0.0000,35.8731,0.0010
2294,39.5365,39.2583,19.4063,7.3156,,true,2,0.008333,0.3943,0.0167,1.00,0.86,7.4208,22,1,385,385,0,413,513,0,14,14,5,366336,0,1694,0,0,805601280,0.000000,0.000000,0.000000,0.00,2,7,10,17,20,24,26,16,16,50,40,49,49,39,20,0,0,0,0.0013,0.0048,0.0894,0.0527,0.0114,0.3954,0.0147,7.3156,0.0388,0.3943,0.7333,0.0309,0.0008,0.3313,0.0026,0.0262,0.0000,22.5448,0.0010
2295,39.5535,39.2750,16.3314,8.3666,,true,2,0.008333,0.2275,0.0167,1.00,1.00,7.0855,22,1,385,385,0,411,511,0,14,14,0,364032,0,1694,0,0,805601280,0.000000,0.000000,0.000000,0.00,2,7,9,21,20,25,22,16,16,50,41,43,55,50,8,0,0,0,0.0007,0.0031,0.0535,0.0624,0.0092,0.2283,0.0094,8.3666,0.0161,0.2275,0.5854,0.0005,0.0004,0.1818,0.0011,0.0011,0.0000,0.0000,0.0007
2296,39.5681,39.3000,18.8558,5.2245,,true,3,0.008333,0.2152,0.0250,1.00,1.00,0.9413,22,1,385,385,0,417,517,0,14,14,0,364032,0,1694,0,0,805601280,0.000000,0.000000,0.000000,0.00,2,7,9,21,20,25,22,16,16,50,41,43,55,50,8,0,0,0,0.0001,0.0045,0.0366,0.0593,0.0082,0.2159,0.0086,5.2245,0.0168,0.2152,0.5578,0.0007,0.0005,0.2602,0.0017,0.0010,0.0000,0.0000,0.0009
2297,39.5891,39.3167,20.1346,5.9762,,true,2,0.008333,0.3027,0.0167,1.00,0.83,4.4092,22,1,385,385,0,418,518,0,14,14,0,364032,0,1694,0,0,805601280,0.000000,0.000000,0.000000,0.00,2,7,9,21,20,25,22,16,16,50,41,43,55,50,8,0,0,0,0.0007,0.0036,0.0456,0.1010,0.0116,0.3039,0.0156,5.9762,0.0165,0.3027,0.4672,0.0002,0.0002,0.1965,0.0017,0.0010,0.0000,0.0000,0.0008
2298,39.6057,39.3333,16.2120,5.9118,,true,2,0.008333,0.2318,0.0167,1.00,1.00,3.9545,22,1,385,385,0,420,520,0,14,14,0,364032,0,1694,0,0,805601280,0.000000,0.000000,0.000000,0.00,2,7,9,21,20,25,22,16,16,50,41,43,55,50,8,0,0,0,0.0009,0.0042,0.0562,0.0460,0.0089,0.2327,0.0070,5.9118,0.0205,0.2318,0.5412,0.0013,0.0007,0.2318,0.0014,0.0017,0.0000,0.0000,0.0011
2299,39.6254,39.3500,20.0621,5.8465,,true,2,0.008333,0.2242,0.0167,1.00,0.83,7.3500,22,1,385,385,0,419,519,0,14,14,0,364032,0,1694,0,0,805601280,0.000000,0.000000,0.000000,0.00,2,7,9,21,20,25,22,16,16,50,41,43,55,50,8,0,0,0,0.0004,0.0027,0.0438,0.0428,0.0061,0.2248,0.0066,5.8465,0.0202,0.2242,0.4940,0.0005,0.0003,0.2468,0.0025,0.0013,0.0000,0.0000,0.0014
2300,39.6427,39.3667,17.2988,5.9285,,true,2,0.008333,0.2242,0.0167,1.00,0.96,7.9821,22,1,385,385,0,418,518,0,14,14,0,364032,0,1694,0,0,805601280,0.000000,0.000000,0.000000,0.00,2,7,9,21,20,25,22,16,16,50,41,43,55,50,8,0,0,0,0.0002,0.0025,0.0491,0.0618,0.0078,0.2253,0.0066,5.9285,0.0184,0.2242,0.4800,0.0004,0.0004,0.2321,0.0017,0.0008,0.0000,0.0000,0.0008
2301,39.6598,39.3917,17.7843,5.6330,,true,3,0.008333,0.3252,0.0250,1.00,1.00,0.7664,22,1,385,385,0,422,522,0,14,14,0,364032,0,1694,0,0,805601280,0.000000,0.000000,0.000000,0.00,2,7,9,21,20,25,22,16,16,50,41,43,55,50,8,0,0,0,0.0001,0.0022,0.0568,0.0574,0.0078,0.3256,0.0077,5.6330,0.0227,0.3252,0.5608,0.0004,0.0006,0.2374,0.0017,0.0009,0.0000,0.0000,0.0007
2302,39.6777,39.4083,18.8787,4.3611,,true,2,0.008333,0.2028,0.0167,1.00,0.88,2.9784,22,1,385,385,0,424,524,0,14,14,0,364032,0,1694,0,0,805601280,0.000000,0.000000,0.000000,0.00,2,7,9,21,20,25,22,16,16,50,41,43,55,50,8,0,0,0,0.0006,0.0017,0.0375,0.0450,0.0068,0.2033,0.0058,4.3611,0.0174,0.2028,0.4447,0.0005,0.0004,0.1931,0.0013,0.0011,0.0000,0.0000,0.0008
2303,39.6931,39.4250,16.1925,4.0906,,true,2,0.008333,0.1750,0.0167,1.00,1.00,2.5042,22,1,385,385,0,425,525,0,14,14,0,364032,0,1694,0,0,805601280,0.000000,0.000000,0.000000,0.00,2,7,9,21,20,25,22,16,16,50,41,43,55,50,8,0,0,0,0.0002,0.0017,0.0354,0.0283,0.0048,0.1757,0.0038,4.0906,0.0136,0.1750,0.3790,0.0006,0.0003,0.1669,0.0011,0.0007,0.0000,0.0000,0.0011
2304,39.7282,39.4500,26.5218,10.8956,,true,3,0.008333,0.5415,0.0250,1.00,0.94,4.0260,22,1,385,385,0,426,526,0,14,14,0,364032,0,1694,0,0,805609472,0.000000,0.000000,0.000000,0.00,2,7,9,21,20,25,22,16,16,50,41,43,55,50,8,0,0,0,0.0001,0.0021,0.0660,0.1126,0.0235,0.5448,0.0072,10.8956,0.0467,0.5415,0.8781,0.0004,0.0002,0.5574,0.0018,0.0004,0.0000,0.0000,0.0011
2305,39.7407,39.4667,18.2372,6.1581,,true,2,0.008333,0.3483,0.0167,1.00,0.91,5.5966,22,1,385,385,0,425,525,0,14,14,0,364032,0,1694,0,0,805609472,0.000000,0.000000,0.000000,0.00,2,7,9,21,20,25,22,16,16,50,41,43,55,50,8,0,0,0,0.0009,0.0018,0.0440,0.0530,0.0074,0.3502,0.0061,6.1581,0.0205,0.3483,0.4145,0.0004,0.0004,0.1921,0.0020,0.0016,0.0000,0.0000,0.0010
2306,39.7544,39.4833,15.0808,5.0315,,true,2,0.008333,0.2071,0.0167,1.00,1.00,4.0107,22,1,385,385,0,426,526,0,14,14,0,364032,0,1694,0,0,805609472,0.000000,0.000000,0.000000,0.00,2,7,9,21,20,25,22,16,16,50,41,43,55,50,8,0,0,0,0.0002,0.0022,0.0474,0.0460,0.0078,0.2077,0.0067,5.0315,0.0178,0.2071,0.5387,0.0004,0.0003,0.2412,0.0015,0.0011,0.0000,0.0000,0.0013
2307,39.7693,39.5000,15.7603,4.4015,,true,2,0.008333,0.2831,0.0167,1.00,1.00,3.1043,22,1,385,385,0,427,527,0,14,14,0,364032,0,1694,0,0,805609472,0.000000,0.000000,0.000000,0.00,2,7,9,21,20,25,22,16,16,50,41,43,55,50,8,0,0,0,0.0003,0.0021,0.0473,0.0288,0.0052,0.2835,0.0062,4.4015,0.0161,0.2831,0.4650,0.0004,0.0003,0.2066,0.0012,0.0013,0.0000,0.0000,0.0007
2308,39.7860,39.5167,16.9554,4.2921,,true,2,0.008333,0.1614,0.0167,1.00,0.98,3.3930,22,1,385,385,0,427,527,0,14,14,0,364032,0,1694,0,0,805609472,0.000000,0.000000,0.000000,0.00,2,7,9,21,20,25,22,16,16,50,41,43,55,50,8,0,0,0,0.0002,0.0015,0.0349,0.0310,0.0048,0.1619,0.0039,4.2921,0.0155,0.1614,0.3957,0.0003,0.0003,0.1745,0.0011,0.0010,0.0000,0.0000,0.0006
2309,39.8033,39.5333,15.8438,5.7021,,true,2,0.008333,0.1621,0.0167,1.00,1.00,2.5701,22,1,385,385,0,428,528,0,14,14,0,364032,0,1694,0,0,805609472,0.000000,0.000000,0.000000,0.00,2,7,9,21,20,25,22,16,16,50,41,43,55,50,8,0,0,0,0.0006,0.0013,0.0450,0.0317,0.0061,0.1626,0.0054,5.7021,0.0176,0.1621,0.4754,0.0004,0.0006,0.2080,0.0012,0.0007,0.0000,0.0000,0.0006
2310,39.8216,39.5500,18.9750,5.1739,,true,2,0.008333,0.1999,0.0167,1.00,0.88,4.8785,22,1,385,385,0,428,528,0,14,14,0,364032,0,1694,0,0,805609472,0.000000,0.000000,0.000000,0.00,2,7,9,21,20,25,22,16,16,50,41,43,55,50,8,0,0,0,0.0004,0.0025,0.0531,0.0482,0.0065,0.2005,0.0061,5.1739,0.0210,0.1999,0.4990,0.0008,0.0007,0.1940,0.0018,0.0008,0.0000,0.0000,0.0013
2311,39.8377,39.5667,17.1930,4.1543,,true,2,0.008333,0.1648,0.0167,1.00,0.97,5.4049,22,1,385,385,0,428,528,0,14,14,0,364032,0,1694,0,0,805609472,0.000000,0.000000,0.000000,0.00,2,7,9,21,20,25,22,16,16,50,41,43,55,50,8,0,0,0,0.0013,0.0017,0.0381,0.0391,0.0056,0.1651,0.0042,4.1543,0.0205,0.1648,0.4165,0.0002,0.0006,0.2003,0.0013,0.0010,0.0000,0.0000,0.0007
2312,39.8533,39.5833,15.6844,4.0386,,true,2,0.008333,0.1978,0.0167,1.00,1.00,4.4226,22,1,385,385,0,428,528,0,14,14,0,364032,0,1694,0,0,805609472,0.000000,0.000000,0.000000,0.00,2,7,9,21,20,25,22,16,16,50,41,43,55,50,8,0,0,0,0.0003,0.0024,0.0336,0.0392,0.0059,0.1983,0.0066,4.0386,0.0299,0.1978,0.3894,0.0004,0.0005,0.1635,0.0010,0.0010,0.0000,0.0000,0.0005
2313,39.8690,39.6000,16.1470,3.7106,,true,2,0.008333,0.1460,0.0167,1.00,1.00,3.9030,22,1,385,385,0,428,528,0,14,14,0,364032,0,1694,0,0,805609472,0.000000,0.000000,0.000000,0.00,2,7,9,21,20,25,22,16,16,50,41,43,55,50,8,0,0,0,0.0002,0.0014,0.0311,0.0307,0.0063,0.1470,0.0038,3.7106,0.0127,0.1460,0.3330,0.0003,0.0002,0.1466,0.0008,0.0017,0.0000,0.0000,0.0003
2314,39.8896,39.6167,19.3303,4.4353,,true,2,0.008333,0.3081,0.0167,1.00,0.86,6.5666,22,1,385,385,0,427,527,0,14,14,0,364032,0,1694,0,0,805609472,0.000000,0.000000,0.000000,0.00,2,7,9,21,20,25,22,16,16,50,41,43,55,50,8,0,0,0,0.0001,0.0017,0.0373,0.0435,0.0106,0.3088,0.0054,4.4353,0.0175,0.3081,0.4599,0.0006,0.0008,0.1847,0.0012,0.0012,0.0000,0.0000,0.0011
2315,39.9067,39.6333,16.1633,5.4043,,true,2,0.008333,0.2105,0.0167,1.00,1.00,6.0632,22,1,385,385,0,427,527,0,14,14,0,364032,0,1694,0,0,805609472,0.000000,0.000000,0.000000,0.00,2,7,9,21,20,25,22,16,16,50,41,43,55,50,8,0,0,0,0.0005,0.0020,0.0399,0.0555,0.0076,0.2111,0.0071,5.4043,0.0164,0.2105,0.3765,0.0005,0.0004,0.1668,0.0019,0.0011,0.0000,0.0000,0.0011
2316,39.9226,39.6500,16.0578,5.4193,,true,2,0.008333,0.2507,0.0167,1.00,1.00,5.4544,22,1,385,385,0,427,527,0,14,14,0,364032,0,1694,0,0,805609472,0.000000,0.000000,0.000000,0.00,2,7,9,21,20,25,22,16,16,50,41,43,55,50,8,0,0,0,0.0001,0.0021,0.0337,0.0533,0.0064,0.2512,0.0059,5.4193,0.0178,0.2507,0.3982,0.0008,0.0004,0.1708,0.0015,0.0007,0.0000,0.0000,0.0009
2317,39.9434,39.6750,19.5543,6.0408,,true,3,0.008333,0.2889,0.0250,1.00,1.00,0.0086,22,1,385,385,0,429,529,0,14,14,0,364032,0,1694,0,0,805609472,0.000000,0.000000,0.000000,0.00,2,7,9,21,20,25,22,16,16,50,41,43,55,50,8,0,0,0,0.0013,0.0030,0.0380,0.0495,0.0071,0.2897,0.0069,6.0408,0.0146,0.2889,0.4430,0.0008,0.0007,0.2240,0.0016,0.0012,0.0000,0.0000,0.0012
2318,39.9597,39.6833,16.4113,6.3885,,true,1,0.008333,0.1905,0.0083,1.00,0.51,8.0867,22,1,385,385,0,428,528,0,14,14,0,364032,0,1694,0,0,805609472,0.000000,0.000000,0.000000,0.00,2,7,9,21,20,25,22,16,16,50,41,43,55,50,8,0,0,0,0.0010,0.0025,0.0634,0.0531,0.0104,0.1908,0.0088,6.3885,0.0298,0.1905,0.5446,0.0004,0.0003,0.2275,0.0030,0.0010,0.0000,0.0000,0.0008
2319,39.9777,39.7083,18.0269,5.8611,,true,3,0.008333,0.2120,0.0250,1.00,1.00,1.1136,22,1,385,385,0,429,529,0,14,14,0,364032,0,1694,0,0,805609472,0.000000,0.000000,0.000000,0.00,2,7,9,21,20,25,22,16,16,50,41,43,55,50,8,0,0,0,0.0003,0.0021,0.0442,0.0434,0.0089,0.2133,0.0066,5.8611,0.0257,0.2120,0.4628,0.0005,0.0003,0.1915,0.0022,0.0020,0.0000,0.0000,0.0013
2320,39.9923,39.7250,16.4337,4.8482,,true,2,0.008333,0.1775,0.0167,1.00,1.00,0.8806,22,1,385,385,0,430,530,0,14,14,0,364032,0,1694,0,0,805609472,0.000000,0.000000,0.000000,0.00,2,7,9,21,20,25,22,16,16,50,41,43,55,50,8,0,0,0,0.0004,0.0036,0.0546,0.0468,0.0097,0.1780,0.0092,4.8482,0.0178,0.1775,0.4929,0.0004,0.0004,0.2087,0.0016,0.0018,0.0000,0.0000,0.0015
2321,40.0066,39.7333,15.6521,3.6272,,true,1,0.008333,0.1529,0.0083,1.00,0.53,8.1993,22,1,385,385,0,429,529,0,14,14,0,364032,0,1694,0,0,805609472,0.000000,0.000000,0.000000,0.00,2,7,9,21,20,25,22,16,16,50,41,43,55,50,8,0,0,0,0.0001,0.0011,0.0372,0.0367,0.0055,0.1535,0.0048,3.6272,0.0155,0.1529,0.3849,0.0001,0.0006,0.1598,0.0015,0.0006,0.0000,0.0000,0.0005
2322,40.0225,39.7500,14.4273,5.2938,,true,2,0.008333,0.2021,0.0167,1.00,1.00,5.9600,22,1,385,385,0,428,528,0,14,14,0,364032,0,1694,0,0,805609472,0.000000,0.000000,0.000000,0.00,2,7,9,21,20,25,22,16,16,50,41,43,55,50,8,0,0,0,0.0001,0.0012,0.0359,0.0289,0.0049,0.2025,0.0037,5.2938,0.0242,0.2021,0.4044,0.0010,0.0003,0.1828,0.0013,0.0012,0.0000,0.0000,0.0007
2323,40.0397,39.7667,18.0009,4.1016,,true,2,0.008333,0.1801,0.0167,1.00,0.93,7.2942,22,1,385,385,0,428,528,0,14,14,0,364032,0,1694,0,0,805609472,0.000000,0.000000,0.000000,0.00,2,7,9,21,20,25,22,16,16,50,41,43,55,50,8,0,0,0,0.0001,0.0018,0.0390,0.0314,0.0045,0.1805,0.0056,4.1016,0.0179,0.1801,0.3787,0.0005,0.0009,0.1411,0.0011,0.0008,0.0000,0.0000,0.0002
2324,40.0548,39.7833,15.7771,3.7916,,true,2,0.008333,0.1982,0.0167,1.00,1.00,6.4046,22,1,385,385,0,428,528,0,14,14,0,364032,0,1694,0,0,805609472,0.000000,0.000000,0.000000,0.00,2,7,9,21,20,25,22,16,16,50,41,43,55,50,8,0,0,0,0.0002,0.0008,0.0345,0.0232,0.0026,0.1987,0.0021,3.7916,0.0116,0.1982,0.3622,0.0002,0.0003,0.1525,0.0009,0.0004,0.0000,0.0000,0.0004
2325,40.0704,39.8000,15.7008,3.6997,,true,2,0.008333,0.1733,0.0167,1.00,1.00,5.4387,22,1,385,385,0,428,528,0,14,14,0,364032,0,1694,0,0,805609472,0.000000,0.000000,0.000000,0.00,2,7,9,21,20,25,22,16,16,50,41,43,55,50,8,0,0,0,0.0001,0.0009,0.0424,0.0215,0.0044,0.1737,0.0017,3.6997,0.0143,0.1733,0.3943,0.0002,0.0003,0.1785,0.0009,0.0003,0.0000,0.0000,0.0003
2326,40.0872,39.8167,15.5298,4.8395,,true,2,0.008333,0.1609,0.0167,1.00,1.00,4.3018,22,1,385,385,0,428,528,0,14,14,0,364032,0,1694,0,0,805609472,0.000000,0.000000,0.000000,0.00,2,7,9,21,20,25,22,16,16,50,41,43,55,50,8,0,0,0,0.0007,0.0006,0.0309,0.0237,0.0028,0.1618,0.0020,4.8395,0.0134,0.1609,0.3470,0.0005,0.0005,0.1453,0.0010,0.0008,0.0000,0.0000,0.0006
2327,40.1025,39.8333,16.1877,3.9313,,true,2,0.008333,0.1356,0.0167,1.00,1.00,3.8228,22,1,385,385,0,429,529,0,14,14,0,364032,0,1694,0,0,805609472,0.000000,0.000000,0.000000,0.00,2,7,9,21,20,25,22,16,16,50,41,43,55,50,8,0,0,0,0.0001,0.0010,0.0385,0.0234,0.0026,0.1364,0.0024,3.9313,0.0119,0.1356,0.3755,0.0004,0.0004,0.1606,0.0012,0.0010,0.0000,0.0000,0.0006
2328,40.1189,39.8500,16.6286,3.6103,,true,2,0.008333,0.1480,0.0167,1.00,1.00,3.7848,22,1,385,385,0,429,529,0,14,14,0,364032,0,1694,0,0,805609472,0.000000,0.000000,0.000000,0.00,2,7,9,21,20,25,22,16,16,50,41,43,55,50,8,0,0,0,0.0001,0.0013,0.0353,0.0276,0.0037,0.1484,0.0037,3.6103,0.0122,0.1480,0.3501,0.0004,0.0003,0.1452,0.0008,0.0006,0.0000,0.0000,0.0007
2329,40.1377,39.8667,17.5539,4.4368,,true,2,0.008333,0.1755,0.0167,1.00,0.95,4.6720,22,1,385,385,0,429,529,0,14,14,0,364032,0,1694,0,0,805609472,0.000000,0.000000,0.000000,0.00,2,7,9,21,20,25,22,16,16,50,41,43,55,50,8,0,0,0,0.0001,0.0012,0.0349,0.0360,0.0060,0.1763,0.0020,4.4368,0.0167,0.1755,0.4148,0.0008,0.0005,0.1704,0.0011,0.0021,0.0000,0.0000,0.0013
2330,40.1522,39.8833,15.3783,3.9091,,true,2,0.008333,0.1387,0.0167,1.00,1.00,3.3837,22,1,385,385,0,429,529,0,14,14,0,364032,0,1694,0,0,805609472,0.000000,0.000000,0.000000,0.00,2,7,9,21,20,25,22,16,16,50,41,43,55,50,8,0,0,0,0.0008,0.0054,0.0372,0.0274,0.0035,0.1390,0.0088,3.9091,0.0281,0.1387,0.3794,0.0006,0.0003,0.1571,0.0014,0.0011,0.0000,0.0000,0.0005
2331,40.1796,39.9000,21.4612,9.6104,,true,2,0.008333,0.3959,0.0167,1.00,0.78,8.1782,22,1,385,385,8,429,529,0,14,14,0,364032,0,1702,25,40,805609472,0.000000,0.000000,0.000000,0.00,2,7,9,21,20,25,22,16,16,50,41,43,55,50,8,0,0,0,0.0006,0.0027,0.0449,0.0450,0.0076,0.3965,0.0057,9.6104,0.0232,0.3959,3.7742,0.0004,0.1406,0.1760,0.0023,0.0009,0.0000,0.0000,3.0768
2332,40.1861,39.9167,11.2443,5.1365,,true,2,0.008333,0.2001,0.0167,1.00,1.00,2.7558,22,1,385,385,8,481,581,0,14,14,5,364032,0,1707,20,40,805609472,0.000000,0.000000,0.000000,0.00,2,7,9,21,20,25,22,16,16,50,41,43,55,50,8,0,0,0,0.0003,0.0017,0.0460,0.0353,0.0047,0.2009,0.0061,5.1365,0.0183,0.2001,0.7153,0.0202,0.1857,0.1796,0.0039,0.0114,0.0000,19.2607,0.0012
2333,40.2092,39.9333,18.1827,8.9290,,true,2,0.008333,0.3193,0.0167,1.00,0.92,4.2718,22,1,385,385,8,483,583,0,14,14,8,364032,0,1715,12,40,805609472,0.000000,0.000000,0.000000,0.00,2,7,9,21,20,25,22,16,16,50,41,43,55,50,8,0,0,0,0.0008,0.0029,0.0553,0.0667,0.0133,0.3200,0.0160,8.9290,0.0348,0.3193,1.0573,0.0524,0.1563,0.3075,0.0035,0.0236,0.0000,32.0430,0.0020
2334,40.2293,39.9583,22.6380,6.8652,,true,3,0.008333,0.2787,0.0250,1.00,1.00,1.9098,22,1,385,385,4,483,583,0,14,14,8,364032,0,1719,4,20,805609472,0.000000,0.000000,0.000000,0.00,2,7,9,21,20,25,22,16,16,50,41,43,55,50,8,0,0,0,0.0003,0.0025,0.0864,0.0396,0.0057,0.2801,0.0098,6.8652,0.0397,0.2787,0.6077,0.0684,0.0004,0.1756,0.0037,0.0146,0.0000,38.3780,0.0007
2335,40.2379,39.9667,11.6628,4.0550,,true,1,0.008333,0.1109,0.0083,1.00,0.71,5.2392,22,1,385,385,0,475,575,0,14,14,4,364032,0,1719,0,0,805609472,0.000000,0.000000,0.000000,0.00,2,7,9,21,20,25,22,16,16,50,41,43,55,50,8,0,0,0,0.0002,0.0014,0.0453,0.0344,0.0047,0.1112,0.0045,4.0550,0.0184,0.1109,0.4351,0.0125,0.0004,0.1914,0.0013,0.0078,0.0000,19.4397,0.0008
