frame,wall_s,sim_time_s,frame_ms,cpu_ms,gpu_ms,gpu_available,steps,fixed_dt_s,sim_cpu_ms,sim_advanced_s,requested_warp,effective_warp,backlog_ms,bodies,vehicles,patches_visible,patches_wanted,jobs_in_flight,eye_speed_mps,detail_bias,lod_min,lod_max,wanted_lod_max,patches_generated,triangles,cache_hits,cache_misses,streaming_queued,assets_pending,rss_bytes,rails_advanced_s,server_compute_s,server_wall_s,server_effective_warp,lod_l0,lod_l1,lod_l2,lod_l3,lod_l4,lod_l5,lod_l6,lod_l7,lod_l8,lod_l9,lod_l10,lod_l11,lod_l12,lod_l13,lod_l14,lod_l15,lod_l16,lod_l17,scope:client.camera_ms,scope:client.celestial_visuals_ms,scope:client.hud_ms,scope:client.pilot_hud_ms,scope:client.pilot_preview_ms,scope:client.starfield_ms,scope:frame.cpu_ms,scope:render.atmosphere_ms,scope:sim.total_ms,scope:world.streaming_ms,scope:world.terrain_asset_upload_ms,scope:world.terrain_cbt_submit_ms,scope:world.terrain_counters_ms,scope:world.terrain_entity_sync_ms,scope:world.terrain_job_poll_ms,scope:world.terrain_materials_ms,scope:world.terrain_meshing_ms,scope:world.terrain_selection_ms
1217,13.1743,0.0000,8.9554,5.1470,,true,0,0.008333,0.0000,0.0000,1.00,0.00,0.0000,22,1,335,362,0,0,100,5,16,16,0,0,1326,362,0,0,804311040,0.000000,0.000000,0.000000,0.00,0,0,0,0,0,20,39,30,14,30,30,30,30,30,30,36,16,0,0.0002,0.0013,0.0439,0.0315,0.0042,0.0039,5.1470,0.0158,0.0000,1.0397,0.0003,0.1862,0.1538,0.0008,0.0006,0.0000,0.0000,0.0004
1218,13.1835,0.0000,9.1485,5.2513,,true,0,0.008333,0.0000,0.0000,1.00,0.00,0.0000,22,1,335,362,0,0,100,5,16,16,0,0,1326,362,0,0,804315136,0.000000,0.000000,0.000000,0.00,0,0,0,0,0,20,39,30,14,30,30,30,30,30,30,36,16,0,0.0003,0.0012,0.0408,0.0321,0.0041,0.0037,5.2513,0.0116,0.0000,0.9921,0.0004,0.1713,0.1557,0.0017,0.0009,0.0000,0.0000,0.0004
1219,13.1924,0.0000,9.4393,4.5100,,true,0,0.008333,0.0000,0.0000,1.00,0.00,0.0000,22,1,335,362,0,0,100,5,16,16,0,0,1326,362,0,0,804315136,0.000000,0.000000,0.000000,0.00,0,0,0,0,0,20,39,30,14,30,30,30,30,30,30,36,16,0,0.0005,0.0007,0.0298,0.0228,0.0015,0.0037,4.5100,0.0126,0.0000,0.6928,0.0002,0.1192,0.1164,0.0006,0.0003,0.0000,0.0000,0.0003
1220,13.2041,0.0000,10.9600,5.4409,,true,0,0.008333,0.0000,0.0000,1.00,0.00,0.0000,22,1,335,362,0,0,100,5,16,16,0,0,1326,362,0,0,804315136,0.000000,0.000000,0.000000,0.00,0,0,0,0,0,20,39,30,14,30,30,30,30,30,30,36,16,0,0.0002,0.0009,0.0465,0.0329,0.0026,0.0043,5.4409,0.0154,0.0000,1.0083,0.0003,0.1707,0.1232,0.0007,0.0004,0.0000,0.0000,0.0004
1221,13.2136,0.0000,9.3785,5.5340,,true,0,0.008333,0.0000,0.0000,1.00,0.00,0.0000,22,1,335,362,0,0,100,5,16,16,0,0,1326,362,0,0,804315136,0.000000,0.000000,0.000000,0.00,0,0,0,0,0,20,39,30,14,30,30,30,30,30,30,36,16,0,0.0003,0.0009,0.0483,0.0340,0.0037,0.0033,5.5340,0.0161,0.0000,1.0020,0.0005,0.1802,0.1514,0.0013,0.0008,0.0000,0.0000,0.0004
1222,13.2233,0.0000,9.7669,5.4243,,true,0,0.008333,0.0000,0.0000,1.00,0.00,0.0000,22,1,335,362,0,0,100,5,16,16,0,0,1326,362,0,0,804315136,0.000000,0.000000,0.000000,0.00,0,0,0,0,0,20,39,30,14,30,30,30,30,30,30,36,16,0,0.0002,0.0009,0.0432,0.0392,0.0049,0.0023,5.4243,0.0148,0.0000,1.0319,0.0003,0.1808,0.1485,0.0024,0.0006,0.0000,0.0000,0.0003
1223,13.2328,0.0000,9.3284,5.6433,,true,0,0.008333,0.0000,0.0000,1.00,0.00,0.0000,22,1,335,362,0,0,100,5,16,16,0,0,1326,362,0,0,804315136,0.000000,0.000000,0.000000,0.00,0,0,0,0,0,20,39,30,14,30,30,30,30,30,30,36,16,0,0.0002,0.0012,0.0446,0.0362,0.0037,0.0042,5.6433,0.0228,0.0000,1.0899,0.0003,0.1752,0.1574,0.0014,0.0007,0.0000,0.0000,0.0007
1224,13.2415,0.0000,9.4542,4.9526,,true,0,0.008333,0.0000,0.0000,1.00,0.00,0.0000,22,1,335,362,0,0,100,5,16,16,0,0,1326,362,0,0,804315136,0.000000,0.000000,0.000000,0.00,0,0,0,0,0,20,39,30,14,30,30,30,30,30,30,36,16,0,0.0004,0.0016,0.0368,0.0359,0.0037,0.0031,4.9526,0.0128,0.0000,1.0183,0.0005,0.1736,0.1717,0.0013,0.0008,0.0000,0.0000,0.0007
1225,13.2503,0.0000,9.1667,4.4938,,true,0,0.008333,0.0000,0.0000,1.00,0.00,0.0000,22,1,335,362,0,0,100,5,16,16,0,0,1326,362,0,0,804315136,0.000000,0.000000,0.000000,0.00,0,0,0,0,0,20,39,30,14,30,30,30,30,30,30,36,16,0,0.0003,0.0019,0.0465,0.0301,0.0026,0.0043,4.4938,0.0158,0.0000,0.9641,0.0004,0.1718,0.1342,0.0007,0.0005,0.0000,0.0000,0.0007
1226,13.2584,0.0000,8.5108,4.0585,,true,0,0.008333,0.0000,0.0000,1.00,0.00,0.0000,22,1,335,362,0,0,100,5,16,16,0,0,1326,362,0,0,804315136,0.000000,0.000000,0.000000,0.00,0,0,0,0,0,20,39,30,14,30,30,30,30,30,30,36,16,0,0.0002,0.0006,0.0308,0.0212,0.0018,0.0022,4.0585,0.0077,0.0000,0.6708,0.0002,0.1189,0.0877,0.0004,0.0002,0.0000,0.0000,0.0003
1227,13.2687,0.0000,10.2129,4.2554,,true,0,0.008333,0.0000,0.0000,1.00,0.00,0.0000,22,1,335,362,0,0,100,5,16,16,0,0,1326,362,0,0,804319232,0.000000,0.000000,0.000000,0.00,0,0,0,0,0,20,39,30,14,30,30,30,30,30,30,36,16,0,0.0002,0.0010,0.0375,0.0290,0.0022,0.0034,4.2554,0.0111,0.0000,0.9792,0.0003,0.1775,0.1228,0.0007,0.0003,0.0000,0.0000,0.0003
1228,13.2782,0.0000,9.2000,4.5475,,true,0,0.008333,0.0000,0.0000,1.00,0.00,0.0000,22,1,335,362,0,0,100,5,16,16,0,0,1326,362,0,0,804319232,0.000000,0.000000,0.000000,0.00,0,0,0,0,0,20,39,30,14,30,30,30,30,30,30,36,16,0,0.0004,0.0015,0.0405,0.0486,0.0054,0.0054,4.5475,0.0110,0.0000,0.9905,0.0002,0.1681,0.1442,0.0013,0.0002,0.0000,0.0000,0.0003
1229,13.2878,0.0000,9.3552,4.7988,,true,0,0.008333,0.0000,0.0000,1.00,0.00,0.0000,22,1,335,362,0,0,100,5,16,16,0,0,1326,362,0,0,804319232,0.000000,0.000000,0.000000,0.00,0,0,0,0,0,20,39,30,14,30,30,30,30,30,30,36,16,0,0.0002,0.0007,0.0401,0.0322,0.0098,0.0027,4.7988,0.0160,0.0000,0.9680,0.0001,0.1687,0.1589,0.0007,0.0002,0.0000,0.0000,0.0006
1230,13.2970,0.0000,8.8137,5.1715,,true,0,0.008333,0.0000,0.0000,1.00,0.00,0.0000,22,1,335,362,0,0,100,5,16,16,0,0,1326,362,0,0,804319232,0.000000,0.000000,0.000000,0.00,0,0,0,0,0,20,39,30,14,30,30,30,30,30,30,36,16,0,0.0002,0.0008,0.0448,0.0428,0.0050,0.0025,5.1715,0.0115,0.0000,0.9494,0.0004,0.1780,0.1310,0.0007,0.0008,0.0000,0.0000,0.0003
1231,13.3048,0.0000,8.6202,4.2528,,true,0,0.008333,0.0000,0.0000,1.00,0.00,0.0000,22,1,335,362,0,0,100,5,16,16,0,0,1326,362,0,0,804319232,0.000000,0.000000,0.000000,0.00,0,0,0,0,0,20,39,30,14,30,30,30,30,30,30,36,16,0,0.0002,0.0007,0.0401,0.0255,0.0021,0.0030,4.2528,0.0095,0.0000,0.9396,0.0004,0.1669,0.1265,0.0009,0.0005,0.0000,0.0000,0.0003
1232,13.3152,0.0000,8.9451,5.4687,,true,0,0.008333,0.0000,0.0000,1.00,0.00,0.0000,22,1,335,362,0,0,100,5,16,16,0,0,1326,362,0,0,804319232,0.000000,0.000000,0.000000,0.00,0,0,0,0,0,20,39,30,14,30,30,30,30,30,30,36,16,0,0.0001,0.0020,0.0282,0.0534,0.0057,0.0069,5.4687,0.0083,0.0000,1.1759,0.0002,0.1246,0.0923,0.0011,0.0003,0.0000,0.0000,0.0002
1233,13.3262,0.0000,11.8635,4.8359,,true,0,0.008333,0.0000,0.0000,1.00,0.00,0.0000,22,1,335,362,0,0,100,5,16,16,0,0,1326,362,0,0,804319232,0.000000,0.000000,0.000000,0.00,0,0,0,0,0,20,39,30,14,30,30,30,30,30,30,36,16,0,0.0002,0.0014,0.0397,0.0437,0.0059,0.0041,4.8359,0.0114,0.0000,0.9540,0.0005,0.1719,0.1188,0.0010,0.0005,0.0000,0.0000,0.0003
1234,13.3354,0.0000,8.9304,5.2479,,true,0,0.008333,0.0000,0.0000,1.00,0.00,0.0000,22,1,335,362,0,0,100,5,16,16,0,0,1326,362,0,0,804319232,0.000000,0.000000,0.000000,0.00,0,0,0,0,0,20,39,30,14,30,30,30,30,30,30,36,16,0,0.0002,0.0012,0.0419,0.0270,0.0028,0.0034,5.2479,0.0143,0.0000,0.9619,0.0004,0.1735,0.1338,0.0008,0.0006,0.0000,0.0000,0.0003
1235,13.3435,0.0000,8.7156,4.5834,,true,0,0.008333,0.0000,0.0000,1.00,0.00,0.0000,22,1,335,362,0,0,100,5,16,16,0,0,1326,362,0,0,804319232,0.000000,0.000000,0.000000,0.00,0,0,0,0,0,20,39,30,14,30,30,30,30,30,30,36,16,0,0.0004,0.0010,0.0378,0.0351,0.0038,0.0047,4.5834,0.0148,0.0000,0.9534,0.0004,0.1569,0.1520,0.0008,0.0003,0.0000,0.0000,0.0002
1236,13.3527,0.0000,8.5958,5.1118,,true,0,0.008333,0.0000,0.0000,1.00,0.00,0.0000,22,1,335,362,0,0,100,5,16,16,0,0,1326,362,0,0,804319232,0.000000,0.000000,0.000000,0.00,0,0,0,0,0,20,39,30,14,30,30,30,30,30,30,36,16,0,0.0003,0.0009,0.0414,0.0349,0.0026,0.0037,5.1118,0.0186,0.0000,0.9862,0.0007,0.1712,0.1337,0.0018,0.0005,0.0000,0.0000,0.0004
1237,13.3664,0.0000,11.6176,7.0817,,true,0,0.008333,0.0000,0.0000,1.00,0.00,0.0000,22,1,335,362,0,0,100,5,16,16,0,0,1326,362,0,0,804323328,0.000000,0.000000,0.000000,0.00,0,0,0,0,0,20,39,30,14,30,30,30,30,30,30,36,16,0,0.0006,0.0011,0.0717,0.0453,0.0053,0.0053,7.0817,0.0127,0.0000,0.7457,0.0007,0.1233,0.1144,0.0013,0.0007,0.0000,0.0000,0.0006
1238,13.3766,0.0000,11.4377,5.7196,,true,0,0.008333,0.0000,0.0000,1.00,0.00,0.0000,22,1,335,362,0,0,100,5,16,16,0,0,1326,362,0,0,804323328,0.000000,0.000000,0.000000,0.00,0,0,0,0,0,20,39,30,14,30,30,30,30,30,30,36,16,0,0.0003,0.0016,0.0613,0.0405,0.0052,0.0054,5.7196,0.0227,0.0000,1.0673,0.0008,0.1909,0.1590,0.0013,0.0009,0.0000,0.0000,0.0007
1239,13.3871,0.0000,10.7586,5.6476,,true,0,0.008333,0.0000,0.0000,1.00,0.00,0.0000,22,1,335,362,0,0,100,5,16,16,0,0,1326,362,0,0,804323328,0.000000,0.000000,0.000000,0.00,0,0,0,0,0,20,39,30,14,30,30,30,30,30,30,36,16,0,0.0003,0.0011,0.0510,0.0387,0.0031,0.0019,5.6476,0.0185,0.0000,1.3452,0.0003,0.2455,0.1017,0.0010,0.0009,0.0000,0.0000,0.0010
1240,13.3979,0.0000,10.2604,6.2403,,true,0,0.008333,0.0000,0.0000,1.00,0.00,0.0000,22,1,335,362,0,0,100,5,16,16,0,0,1326,362,0,0,804323328,0.000000,0.000000,0.000000,0.00,0,0,0,0,0,20,39,30,14,30,30,30,30,30,30,36,16,0,0.0001,0.0008,0.0311,0.0283,0.0032,0.0033,6.2403,0.0255,0.0000,0.7592,0.0002,0.1405,0.1016,0.0009,0.0004,0.0000,0.0000,0.0007
1241,13.4084,0.0000,10.6267,5.9324,,true,0,0.008333,0.0000,0.0000,1.00,0.00,0.0000,22,1,335,362,0,0,100,5,16,16,0,0,1326,362,0,0,804323328,0.000000,0.000000,0.000000,0.00,0,0,0,0,0,20,39,30,14,30,30,30,30,30,30,36,16,0,0.0002,0.0012,0.0508,0.0405,0.0044,0.0050,5.9324,0.0179,0.0000,1.0193,0.0006,0.1744,0.1693,0.0015,0.0006,0.0000,0.0000,0.0006
1242,13.4172,0.0000,9.5975,4.8971,,true,0,0.008333,0.0000,0.0000,1.00,0.00,0.0000,22,1,335,362,0,0,100,5,16,16,0,0,1326,362,0,0,804323328,0.000000,0.000000,0.000000,0.00,0,0,0,0,0,20,39,30,14,30,30,30,30,30,30,36,16,0,0.0004,0.0025,0.0338,0.0511,0.0072,0.0063,4.8971,0.0092,0.0000,1.0208,0.0003,0.1664,0.1691,0.0014,0.0002,0.0000,0.0000,0.0002
1243,13.4290,0.0000,12.2400,4.9170,,true,0,0.008333,0.0000,0.0000,1.00,0.00,0.0000,22,1,335,362,0,0,100,5,16,16,0,0,1326,362,0,0,804323328,0.000000,0.000000,0.000000,0.00,0,0,0,0,0,20,39,30,14,30,30,30,30,30,30,36,16,0,0.0013,0.0012,0.0376,0.0358,0.0043,0.0026,4.9170,0.0073,0.0000,0.9993,0.0004,0.1325,0.1016,0.0009,0.0005,0.0000,0.0000,0.0006
1244,13.4368,0.0000,8.4193,4.2495,,true,0,0.008333,0.0000,0.0000,1.00,0.00,0.0000,22,1,335,362,0,0,100,5,16,16,0,0,1326,362,0,0,804323328,0.000000,0.000000,0.000000,0.00,0,0,0,0,0,20,39,30,14,30,30,30,30,30,30,36,16,0,0.0005,0.0008,0.0291,0.0365,0.0039,0.0033,4.2495,0.0070,0.0000,0.7026,0.0001,0.1211,0.1052,0.0002,0.0002,0.0000,0.0000,0.0001
1245,13.4483,0.0000,11.0462,4.6474,,true,0,0.008333,0.0000,0.0000,1.00,0.00,0.0000,22,1,335,362,0,0,100,5,16,16,0,0,1326,362,0,0,804323328,0.000000,0.000000,0.000000,0.00,0,0,0,0,0,20,39,30,14,30,30,30,30,30,30,36,16,0,0.0002,0.0011,0.0448,0.0470,0.0026,0.0031,4.6474,0.0113,0.0000,1.0052,0.0002,0.1807,0.1295,0.0007,0.0004,0.0000,0.0000,0.0002
1246,13.4578,0.0000,9.9653,4.2207,,true,0,0.008333,0.0000,0.0000,1.00,0.00,0.0000,22,1,335,362,0,0,100,5,16,16,0,0,1326,362,0,0,804327424,0.000000,0.000000,0.000000,0.00,0,0,0,0,0,20,39,30,14,30,30,30,30,30,30,36,16,0,0.0004,0.0010,0.0515,0.0212,0.0013,0.0033,4.2207,0.0655,0.0000,1.0729,0.0005,0.2169,0.1338,0.0013,0.0008,0.0000,0.0000,0.0004
1247,13.4672,0.0000,9.2674,4.4957,,true,0,0.008333,0.0000,0.0000,1.00,0.00,0.0000,22,1,335,362,0,0,100,5,16,16,0,0,1326,362,0,0,804327424,0.000000,0.000000,0.000000,0.00,0,0,0,0,0,20,39,30,14,30,30,30,30,30,30,36,16,0,0.0003,0.0010,0.0265,0.0440,0.0027,0.0039,4.4957,0.0089,0.0000,0.7124,0.0006,0.1263,0.1061,0.0010,0.0001,0.0000,0.0000,0.0003
1248,13.4771,0.0000,9.5332,4.6714,,true,0,0.008333,0.0000,0.0000,1.00,0.00,0.0000,22,1,335,362,0,0,100,5,16,16,0,0,1326,362,0,0,804327424,0.000000,0.000000,0.000000,0.00,0,0,0,0,0,20,39,30,14,30,30,30,30,30,30,36,16,0,0.0003,0.0013,0.0375,0.0211,0.0023,0.0042,4.6714,0.0073,0.0000,0.7120,0.0003,0.1206,0.1023,0.0006,0.0003,0.0000,0.0000,0.0001
1249,13.4857,0.0000,9.1093,4.2572,,true,0,0.008333,0.0000,0.0000,1.00,0.00,0.0000,22,1,335,362,0,0,100,5,16,16,0,0,1326,362,0,0,804327424,0.000000,0.000000,0.000000,0.00,0,0,0,0,0,20,39,30,14,30,30,30,30,30,30,36,16,0,0.0001,0.0016,0.0269,0.0331,0.0020,0.0062,4.2572,0.0081,0.0000,0.7034,0.0003,0.1303,0.0884,0.0008,0.0001,0.0000,0.0000,0.0002
1250,13.4958,0.0000,9.8891,4.6454,,true,0,0.008333,0.0000,0.0000,1.00,0.00,0.0000,22,1,335,362,0,0,100,5,16,16,0,0,1326,362,0,0,804327424,0.000000,0.000000,0.000000,0.00,0,0,0,0,0,20,39,30,14,30,30,30,30,30,30,36,16,0,0.0003,0.0009,0.0409,0.0313,0.0021,0.0023,4.6454,0.0106,0.0000,0.9500,0.0002,0.1716,0.1226,0.0008,0.0004,0.0000,0.0000,0.0003
1251,13.5051,0.0000,9.4207,4.4778,,true,0,0.008333,0.0000,0.0000,1.00,0.00,0.0000,22,1,335,362,0,0,100,5,16,16,0,0,1326,362,0,0,804327424,0.000000,0.000000,0.000000,0.00,0,0,0,0,0,20,39,30,14,30,30,30,30,30,30,36,16,0,0.0003,0.0007,0.0289,0.0390,0.0255,0.0041,4.4778,0.0098,0.0000,0.6952,0.0003,0.1215,0.0979,0.0009,0.0008,0.0000,0.0000,0.0003
1252,13.5174,0.0000,10.8053,5.6106,,true,0,0.008333,0.0000,0.0000,1.00,0.00,0.0000,22,1,335,362,0,0,100,5,16,16,0,0,1326,362,0,0,804327424,0.000000,0.000000,0.000000,0.00,0,0,0,0,0,20,39,30,14,30,30,30,30,30,30,36,16,0,0.0003,0.0016,0.0472,0.0467,0.0040,0.0052,5.6106,0.0180,0.0000,1.0227,0.0005,0.2073,0.1379,0.0012,0.0004,0.0000,0.0000,0.0003
1253,13.5269,0.0000,10.3598,4.5271,,true,0,0.008333,0.0000,0.0000,1.00,0.00,0.0000,22,1,335,362,0,0,100,5,16,16,0,0,1326,362,0,0,804327424,0.000000,0.000000,0.000000,0.00,0,0,0,0,0,20,39,30,14,30,30,30,30,30,30,36,16,0,0.0003,0.0011,0.0481,0.0305,0.0029,0.0021,4.5271,0.0094,0.0000,0.9391,0.0003,0.1702,0.1216,0.0006,0.0005,0.0000,0.0000,0.0003
1254,13.5370,0.0000,11.0018,4.1313,,true,0,0.008333,0.0000,0.0000,1.00,0.00,0.0000,22,1,335,362,0,0,100,5,16,16,0,0,1326,362,0,0,804327424,0.000000,0.000000,0.000000,0.00,0,0,0,0,0,20,39,30,14,30,30,30,30,30,30,36,16,0,0.0002,0.0009,0.0373,0.0296,0.0026,0.0058,4.1313,0.0091,0.0000,0.9777,0.0003,0.1644,0.1363,0.0014,0.0003,0.0000,0.0000,0.0002
1255,13.5460,0.0000,9.1628,3.7649,,true,0,0.008333,0.0000,0.0000,1.00,0.00,0.0000,22,1,335,362,0,0,100,5,16,16,0,0,1326,362,0,0,804331520,0.000000,0.000000,0.000000,0.00,0,0,0,0,0,20,39,30,14,30,30,30,30,30,30,36,16,0,0.0002,0.0008,0.0259,0.0221,0.0025,0.0029,3.7649,0.0087,0.0000,0.6886,0.0002,0.1243,0.0937,0.0009,0.0002,0.0000,0.0000,0.0002
1256,13.5579,0.0000,10.1139,5.6996,,true,0,0.008333,0.0000,0.0000,1.00,0.00,0.0000,22,1,335,362,0,0,100,5,16,16,0,0,1326,362,0,0,804331520,0.000000,0.000000,0.000000,0.00,0,0,0,0,0,20,39,30,14,30,30,30,30,30,30,36,16,0,0.0001,0.0016,0.0429,0.0543,0.0053,0.0056,5.6996,0.0173,0.0000,0.9884,0.0004,0.1763,0.1400,0.0006,0.0005,0.0000,0.0000,0.0003
1257,13.5698,0.0000,11.6116,5.9498,,true,0,0.008333,0.0000,0.0000,1.00,0.00,0.0000,22,1,335,362,0,0,100,5,16,16,0,0,1326,362,0,0,804331520,0.000000,0.000000,0.000000,0.00,0,0,0,0,0,20,39,30,14,30,30,30,30,30,30,36,16,0,0.0002,0.0013,0.0400,0.0458,0.0033,0.0042,5.9498,0.0163,0.0000,1.0420,0.0006,0.1859,0.1389,0.0009,0.0008,0.0000,0.0000,0.0002
1258,13.5802,0.0000,11.0511,5.3583,,true,0,0.008333,0.0000,0.0000,1.00,0.00,0.0000,22,1,335,362,0,0,100,5,16,16,0,0,1326,362,0,0,804331520,0.000000,0.000000,0.000000,0.00,0,0,0,0,0,20,39,30,14,30,30,30,30,30,30,36,16,0,0.0002,0.0010,0.0467,0.0347,0.0049,0.0033,5.3583,0.0194,0.0000,1.0713,0.0004,0.1592,0.1560,0.0034,0.0012,0.0000,0.0000,0.0011
1259,13.5911,0.0000,10.6961,5.5242,,true,0,0.008333,0.0000,0.0000,1.00,0.00,0.0000,22,1,335,362,0,0,100,5,16,16,0,0,1326,362,0,0,804331520,0.000000,0.000000,0.000000,0.00,0,0,0,0,0,20,39,30,14,30,30,30,30,30,30,36,16,0,0.0002,0.0015,0.0489,0.0569,0.0068,0.0048,5.5242,0.0117,0.0000,1.0202,0.0003,0.1860,0.1582,0.0007,0.0006,0.0000,0.0000,0.0003
1260,13.6108,0.0000,13.2790,11.2156,,true,0,0.008333,0.0000,0.0000,1.00,0.00,0.0000,22,1,335,362,0,0,100,5,16,16,0,0,1326,362,0,0,804331520,0.000000,0.000000,0.000000,0.00,0,0,0,0,0,20,39,30,14,30,30,30,30,30,30,36,16,0,0.0003,0.0014,0.0631,0.0552,0.0073,0.0039,11.2156,0.0233,0.0000,6.6842,0.0008,0.1910,0.1490,0.7815,0.0014,0.0000,0.0000,4.8608
1261,13.6295,0.0000,23.7279,6.7592,,true,0,0.008333,0.0000,0.0000,1.00,0.00,0.0000,22,1,335,362,0,0,100,5,16,16,0,0,1326,362,0,0,804331520,0.000000,0.000000,0.000000,0.00,0,0,0,0,0,20,39,30,14,30,30,30,30,30,30,36,16,0,0.0002,0.0027,0.0571,0.0548,0.0076,0.0068,6.7592,0.0279,0.0000,1.2261,0.0004,0.1838,0.2039,0.0046,0.0006,0.0000,0.0000,0.0006
1262,13.6372,0.0000,7.9901,6.2707,,true,0,0.008333,0.0000,0.0000,1.00,0.00,0.0000,22,1,335,362,0,0,100,5,16,16,0,0,1326,362,0,0,804331520,0.000000,0.000000,0.000000,0.00,0,0,0,0,0,20,39,30,14,30,30,30,30,30,30,36,16,0,0.0005,0.0022,0.0786,0.0540,0.0090,0.0137,6.2707,0.0199,0.0000,1.1689,0.0012,0.1639,0.1963,0.0019,0.0008,0.0000,0.0000,0.0009
1263,13.6451,0.0000,6.3038,6.6004,,true,0,0.008333,0.0000,0.0000,1.00,0.00,0.0000,22,1,335,362,0,0,100,5,16,16,0,0,1326,362,0,0,804331520,0.000000,0.000000,0.000000,0.00,0,0,0,0,0,20,39,30,14,30,30,30,30,30,30,36,16,0,0.0002,0.0013,0.0394,0.0481,0.0051,0.0068,6.6004,0.0174,0.0000,1.0248,0.0008,0.1797,0.1499,0.0011,0.0009,0.0000,0.0000,0.0009
1264,13.6552,0.0000,10.8921,7.1486,,true,0,0.008333,0.0000,0.0000,1.00,0.00,0.0000,22,1,335,362,0,0,100,5,16,16,0,0,1326,362,0,0,804331520,0.000000,0.000000,0.000000,0.00,0,0,0,0,0,20,39,30,14,30,30,30,30,30,30,36,16,0,0.0002,0.0020,0.0831,0.0782,0.0053,0.0045,7.1486,0.0166,0.0000,1.4950,0.0007,0.2133,0.2409,0.0014,0.0014,0.0000,0.0000,0.0011
1265,13.6759,0.0000,21.4707,6.5429,,true,0,0.008333,0.0000,0.0000,1.00,0.00,0.0000,22,1,335,362,0,0,100,5,16,16,0,0,1326,362,0,0,804335616,0.000000,0.000000,0.000000,0.00,0,0,0,0,0,20,39,30,14,30,30,30,30,30,30,36,16,0,0.0004,0.0064,0.1592,0.0422,0.0036,0.0067,6.5429,0.0274,0.0000,0.9489,0.0012,0.1725,0.1716,0.0026,0.0006,0.0000,0.0000,0.0005
1266,13.6831,0.0000,7.6395,6.0279,,true,0,0.008333,0.0000,0.0000,1.00,0.00,0.0000,22,1,335,362,0,0,100,5,16,16,0,0,1326,362,0,0,804335616,0.000000,0.000000,0.000000,0.00,0,0,0,0,0,20,39,30,14,30,30,30,30,30,30,36,16,0,0.0003,0.0011,0.0723,0.0408,0.0063,0.0046,6.0279,0.0250,0.0000,1.3161,0.0009,0.1887,0.1805,0.0021,0.0011,0.0000,0.0000,0.0013
1267,13.6886,0.0000,6.5535,4.8451,,true,0,0.008333,0.0000,0.0000,1.00,0.00,0.0000,22,1,335,362,0,0,100,5,16,16,0,0,1326,362,0,0,804335616,0.000000,0.000000,0.000000,0.00,0,0,0,0,0,20,39,30,14,30,30,30,30,30,30,36,16,0,0.0002,0.0011,0.0450,0.0504,0.0032,0.0044,4.8451,0.0175,0.0000,1.0024,0.0004,0.1746,0.1517,0.0009,0.0007,0.0000,0.0000,0.0005
1268,13.6967,0.0000,9.0135,4.4088,,true,0,0.008333,0.0000,0.0000,1.00,0.00,0.0000,22,1,335,362,0,0,100,5,16,16,0,0,1326,362,0,0,804335616,0.000000,0.000000,0.000000,0.00,0,0,0,0,0,20,39,30,14,30,30,30,30,30,30,36,16,0,0.0004,0.0010,0.0385,0.0345,0.0019,0.0033,4.4088,0.0108,0.0000,0.9797,0.0005,0.1673,0.1362,0.0008,0.0004,0.0000,0.0000,0.0004
1269,13.7198,0.0000,20.8085,6.2300,,true,0,0.008333,0.0000,0.0000,1.00,0.00,0.0000,22,1,335,362,0,0,100,5,16,16,0,0,1326,362,0,0,804335616,0.000000,0.000000,0.000000,0.00,0,0,0,0,0,20,39,30,14,30,30,30,30,30,30,36,16,0,0.0006,0.0034,0.0447,0.0587,0.0103,0.0068,6.2300,0.0237,0.0000,1.1852,0.0006,0.1976,0.2428,0.0016,0.0011,0.0000,0.0000,0.0005
1270,13.7268,0.0000,7.5645,5.7289,,true,0,0.008333,0.0000,0.0000,1.00,0.00,0.0000,22,1,335,362,0,0,100,5,16,16,0,0,1326,362,0,0,804335616,0.000000,0.000000,0.000000,0.00,0,0,0,0,0,20,39,30,14,30,30,30,30,30,30,36,16,0,0.0003,0.0021,0.0930,0.0403,0.0112,0.0056,5.7289,0.0241,0.0000,1.2722,0.0009,0.2263,0.1933,0.0020,0.0009,0.0000,0.0000,0.0011
1271,13.7322,0.0000,5.9996,4.7364,,true,0,0.008333,0.0000,0.0000,1.00,0.00,0.0000,22,1,335,362,0,0,100,5,16,16,0,0,1326,362,0,0,804335616,0.000000,0.000000,0.000000,0.00,0,0,0,0,0,20,39,30,14,30,30,30,30,30,30,36,16,0,0.0009,0.0018,0.0350,0.0302,0.0014,0.0039,4.7364,0.0103,0.0000,0.9565,0.0003,0.1601,0.1388,0.0013,0.0007,0.0000,0.0000,0.0006
1272,13.7454,0.0000,11.8539,6.1784,,true,0,0.008333,0.0000,0.0000,1.00,0.00,0.0000,22,1,335,362,0,0,100,5,16,16,0,0,1326,362,0,0,804335616,0.000000,0.000000,0.000000,0.00,0,0,0,0,0,20,39,30,14,30,30,30,30,30,30,36,16,0,0.0002,0.0037,0.0413,0.0628,0.0064,0.0078,6.1784,0.0186,0.0000,0.8984,0.0005,0.1390,0.1788,0.0026,0.0009,0.0000,0.0000,0.0006
1273,13.7662,0.0000,21.6598,5.3691,,true,0,0.008333,0.0000,0.0000,1.00,0.00,0.0000,22,1,335,362,0,0,100,5,16,16,0,0,1326,362,0,0,804335616,0.000000,0.000000,0.000000,0.00,0,0,0,0,0,20,39,30,14,30,30,30,30,30,30,36,16,0,0.0002,0.0013,0.0467,0.0372,0.0038,0.0030,5.3691,0.0146,0.0000,0.8895,0.0003,0.1298,0.1962,0.0014,0.0007,0.0000,0.0000,0.0003
1274,13.7726,0.0000,5.8096,5.5245,,true,0,0.008333,0.0000,0.0000,1.00,0.00,0.0000,22,1,335,362,0,0,100,5,16,16,0,0,1326,362,0,0,804339712,0.000000,0.000000,0.000000,0.00,0,0,0,0,0,20,39,30,14,30,30,30,30,30,30,36,16,0,0.0016,0.0030,0.0534,0.0360,0.0051,0.0045,5.5245,0.0116,0.0000,1.1032,0.0003,0.1871,0.1630,0.0007,0.0005,0.0000,0.0000,0.0003
1275,13.7794,0.0000,7.4906,5.8403,,true,0,0.008333,0.0000,0.0000,1.00,0.00,0.0000,22,1,335,362,0,0,100,5,16,16,0,0,1326,362,0,0,804339712,0.000000,0.000000,0.000000,0.00,0,0,0,0,0,20,39,30,14,30,30,30,30,30,30,36,16,0,0.0003,0.0007,0.0462,0.0385,0.0048,0.0055,5.8403,0.0138,0.0000,1.0582,0.0004,0.1798,0.1543,0.0014,0.0011,0.0000,0.0000,0.0009
1276,13.7889,0.0000,9.7539,5.5513,,true,0,0.008333,0.0000,0.0000,1.00,0.00,0.0000,22,1,335,362,0,0,100,5,16,16,0,0,1326,362,0,0,804339712,0.000000,0.000000,0.000000,0.00,0,0,0,0,0,20,39,30,14,30,30,30,30,30,30,36,16,0,0.0002,0.0006,0.0531,0.0274,0.0019,0.0021,5.5513,0.0127,0.0000,0.9683,0.0003,0.1707,0.1355,0.0009,0.0005,0.0000,0.0000,0.0001
1277,13.8117,0.0000,22.3480,5.9503,,true,0,0.008333,0.0000,0.0000,1.00,0.00,0.0000,22,1,335,362,0,0,100,5,16,16,0,0,1326,362,0,0,804339712,0.000000,0.000000,0.000000,0.00,0,0,0,0,0,20,39,30,14,30,30,30,30,30,30,36,16,0,0.0005,0.0017,0.0500,0.0577,0.0038,0.0048,5.9503,0.0296,0.0000,0.8542,0.0005,0.1481,0.1646,0.0023,0.0009,0.0000,0.0000,0.0005
1278,13.8193,0.0000,7.5053,5.6542,,true,0,0.008333,0.0000,0.0000,1.00,0.00,0.0000,22,1,335,362,0,0,100,5,16,16,0,0,1326,362,0,0,804339712,0.000000,0.000000,0.000000,0.00,0,0,0,0,0,20,39,30,14,30,30,30,30,30,30,36,16,0,0.0001,0.0032,0.0440,0.0444,0.0062,0.0054,5.6542,0.0169,0.0000,1.1983,0.0003,0.1569,0.1803,0.0014,0.0014,0.0000,0.0000,0.0004
1279,13.8262,0.0000,5.8234,5.7623,,true,0,0.008333,0.0000,0.0000,1.00,0.00,0.0000,22,1,335,362,0,0,100,5,16,16,0,0,1326,362,0,0,804339712,0.000000,0.000000,0.000000,0.00,0,0,0,0,0,20,39,30,14,30,30,30,30,30,30,36,16,0,0.0002,0.0010,0.0499,0.0344,0.0035,0.0027,5.7623,0.0179,0.0000,0.9984,0.0002,0.1672,0.1692,0.0007,0.0004,0.0000,0.0000,0.0005
1280,13.8354,0.0000,9.9308,6.1970,,true,0,0.008333,0.0000,0.0000,1.00,0.00,0.0000,22,1,335,362,0,0,100,5,16,16,0,0,1326,362,0,0,804339712,0.000000,0.000000,0.000000,0.00,0,0,0,0,0,20,39,30,14,30,30,30,30,30,30,36,16,0,0.0004,0.0012,0.0485,0.0413,0.0051,0.0047,6.1970,0.0261,0.0000,1.0463,0.0027,0.1732,0.1741,0.0026,0.0009,0.0000,0.0000,0.0007
1281,13.8552,0.0000,21.3200,4.9241,,true,0,0.008333,0.0000,0.0000,1.00,0.00,0.0000,22,1,335,362,0,0,100,5,16,16,0,0,1326,362,0,0,804339712,0.000000,0.000000,0.000000,0.00,0,0,0,0,0,20,39,30,14,30,30,30,30,30,30,36,16,0,0.0004,0.0012,0.0443,0.0381,0.0047,0.0043,4.9241,0.0173,0.0000,1.0368,0.0004,0.1951,0.1379,0.0011,0.0005,0.0000,0.0000,0.0006
1282,13.8609,0.0000,5.7377,4.8425,,true,0,0.008333,0.0000,0.0000,1.00,0.00,0.0000,22,1,335,362,0,0,100,5,16,16,0,0,1326,362,0,0,804339712,0.000000,0.000000,0.000000,0.00,0,0,0,0,0,20,39,30,14,30,30,30,30,30,30,36,16,0,0.0007,0.0009,0.0514,0.0500,0.0077,0.0040,4.8425,0.0184,0.0000,1.0510,0.0009,0.2101,0.1377,0.0027,0.0015,0.0000,0.0000,0.0005
1283,13.8667,0.0000,5.5283,4.9348,,true,0,0.008333,0.0000,0.0000,1.00,0.00,0.0000,22,1,335,362,0,0,100,5,16,16,0,0,1326,362,0,0,804343808,0.000000,0.000000,0.000000,0.00,0,0,0,0,0,20,39,30,14,30,30,30,30,30,30,36,16,0,0.0002,0.0013,0.0369,0.0368,0.0042,0.0056,4.9348,0.0121,0.0000,0.9273,0.0003,0.1691,0.1255,0.0006,0.0004,0.0000,0.0000,0.0004
1284,13.8754,0.0000,8.6298,5.2112,,true,0,0.008333,0.0000,0.0000,1.00,0.00,0.0000,22,1,335,362,0,0,100,5,16,16,0,0,1326,362,0,0,804343808,0.000000,0.000000,0.000000,0.00,0,0,0,0,0,20,39,30,14,30,30,30,30,30,30,36,16,0,0.0002,0.0010,0.0620,0.0258,0.0029,0.0040,5.2112,0.0187,0.0000,0.7260,0.0001,0.1323,0.1046,0.0002,0.0002,0.0000,0.0000,0.0002
1285,13.8849,0.0000,10.1118,4.2516,,true,0,0.008333,0.0000,0.0000,1.00,0.00,0.0000,22,1,335,362,0,0,100,5,16,16,0,0,1326,362,0,0,804343808,0.000000,0.000000,0.000000,0.00,0,0,0,0,0,20,39,30,14,30,30,30,30,30,30,36,16,0,0.0003,0.0011,0.0459,0.0290,0.0037,0.0057,4.2516,0.0098,0.0000,0.6733,0.0002,0.1235,0.0785,0.0004,0.0003,0.0000,0.0000,0.0001
1286,13.8971,0.0000,11.9427,4.9378,,true,0,0.008333,0.0000,0.0000,1.00,0.00,0.0000,22,1,335,362,0,0,100,5,16,16,0,0,1326,362,0,0,804343808,0.000000,0.000000,0.000000,0.00,0,0,0,0,0,20,39,30,14,30,30,30,30,30,30,36,16,0,0.0003,0.0010,0.0425,0.0388,0.0046,0.0065,4.9378,0.0154,0.0000,0.9708,0.0002,0.1695,0.1291,0.0007,0.0005,0.0000,0.0000,0.0003
1287,13.9181,0.0000,19.4784,6.2599,,true,0,0.008333,0.0000,0.0000,1.00,0.00,0.0000,22,1,335,362,0,0,100,5,16,16,0,0,1326,362,0,0,804343808,0.000000,0.000000,0.000000,0.00,0,0,0,0,0,20,39,30,14,30,30,30,30,30,30,36,16,0,0.0005,0.0028,0.0550,0.0567,0.0065,0.0099,6.2599,0.0342,0.0000,1.1785,0.0011,0.1943,0.1532,0.0015,0.0011,0.0000,0.0000,0.0008
1288,13.9249,0.0000,7.3876,5.6452,,true,0,0.008333,0.0000,0.0000,1.00,0.00,0.0000,22,1,335,362,0,0,100,5,16,16,0,0,1326,362,0,0,804343808,0.000000,0.000000,0.000000,0.00,0,0,0,0,0,20,39,30,14,30,30,30,30,30,30,36,16,0,0.0004,0.0051,0.0412,0.0700,0.0200,0.0105,5.6452,0.0187,0.0000,1.1481,0.0008,0.1771,0.1546,0.0014,0.0005,0.0000,0.0000,0.0005
1289,13.9305,0.0000,6.4121,4.8050,,true,0,0.008333,0.0000,0.0000,1.00,0.00,0.0000,22,1,335,362,0,0,100,5,16,16,0,0,1326,362,0,0,804343808,0.000000,0.000000,0.000000,0.00,0,0,0,0,0,20,39,30,14,30,30,30,30,30,30,36,16,0,0.0002,0.0006,0.0370,0.0410,0.0030,0.0033,4.8050,0.0150,0.0000,0.9557,0.0003,0.1681,0.1263,0.0007,0.0004,0.0000,0.0000,0.0002
1290,13.9402,0.0000,9.7703,4.7096,,true,0,0.008333,0.0000,0.0000,1.00,0.00,0.0000,22,1,335,362,0,0,100,5,16,16,0,0,1326,362,0,0,804343808,0.000000,0.000000,0.000000,0.00,0,0,0,0,0,20,39,30,14,30,30,30,30,30,30,36,16,0,0.0003,0.0009,0.0424,0.0301,0.0021,0.0029,4.7096,0.0122,0.0000,0.9873,0.0004,0.1781,0.1230,0.0009,0.0007,0.0000,0.0000,0.0005
1291,13.9518,0.0000,10.9504,5.3512,,true,0,0.008333,0.0000,0.0000,1.00,0.00,0.0000,22,1,335,362,0,0,100,5,16,16,0,0,1326,362,0,0,804347904,0.000000,0.000000,0.000000,0.00,0,0,0,0,0,20,39,30,14,30,30,30,30,30,30,36,16,0,0.0003,0.0013,0.0435,0.0343,0.0034,0.0034,5.3512,0.0132,0.0000,1.0191,0.0004,0.1766,0.1691,0.0013,0.0012,0.0000,0.0000,0.0003
1292,13.9625,0.0000,10.1700,5.8936,,true,0,0.008333,0.0000,0.0000,1.00,0.00,0.0000,22,1,335,362,0,0,100,5,16,16,0,0,1326,362,0,0,804347904,0.000000,0.000000,0.000000,0.00,0,0,0,0,0,20,39,30,14,30,30,30,30,30,30,36,16,0,0.0004,0.0023,0.0597,0.0387,0.0043,0.0047,5.8936,0.0206,0.0000,1.0625,0.0005,0.1920,0.1756,0.0016,0.0015,0.0000,0.0000,0.0005
1293,13.9709,0.0000,9.8899,4.5528,,true,0,0.008333,0.0000,0.0000,1.00,0.00,0.0000,22,1,335,362,0,0,100,5,16,16,0,0,1326,362,0,0,804352000,0.000000,0.000000,0.000000,0.00,0,0,0,0,0,20,39,30,14,30,30,30,30,30,30,36,16,0,0.0003,0.0019,0.0457,0.0427,0.0059,0.0055,4.5528,0.0171,0.0000,1.0405,0.0006,0.1702,0.1599,0.0007,0.0003,0.0000,0.0000,0.0005
1294,13.9891,0.0000,17.9798,4.7322,,true,0,0.008333,0.0000,0.0000,1.00,0.00,0.0000,22,1,335,362,0,0,100,5,16,16,0,0,1326,362,0,0,804491264,0.000000,0.000000,0.000000,0.00,0,0,0,0,0,20,39,30,14,30,30,30,30,30,30,36,16,0,0.0002,0.0018,0.0449,0.0289,0.0029,0.0035,4.7322,0.0129,0.0000,0.8206,0.0003,0.1434,0.1066,0.0007,0.0004,0.0000,0.0000,0.0004
1295,13.9953,0.0000,4.2525,5.3776,,true,0,0.008333,0.0000,0.0000,1.00,0.00,0.0000,22,1,335,362,0,0,100,5,16,16,0,0,1326,362,0,0,804491264,0.000000,0.000000,0.000000,0.00,0,0,0,0,0,20,39,30,14,30,30,30,30,30,30,36,16,0,0.0002,0.0015,0.0612,0.0368,0.0027,0.0063,5.3776,0.0228,0.0000,1.2971,0.0004,0.2840,0.1866,0.0020,0.0006,0.0000,0.0000,0.0009
1296,14.0022,0.0000,7.7690,5.5114,,true,0,0.008333,0.0000,0.0000,1.00,0.00,0.0000,22,1,335,362,0,0,100,5,16,16,0,0,1326,362,0,0,804491264,0.000000,0.000000,0.000000,0.00,0,0,0,0,0,20,39,30,14,30,30,30,30,30,30,36,16,0,0.0003,0.0015,0.0448,0.0396,0.0060,0.0050,5.5114,0.0193,0.0000,1.0189,0.0004,0.1795,0.1636,0.0015,0.0010,0.0000,0.0000,0.0004
1297,14.0115,0.0000,9.9625,5.3131,,true,0,0.008333,0.0000,0.0000,1.00,0.00,0.0000,22,1,335,362,0,0,100,5,16,16,0,0,1326,362,0,0,804491264,0.000000,0.000000,0.000000,0.00,0,0,0,0,0,20,39,30,14,30,30,30,30,30,30,36,16,0,0.0003,0.0010,0.0303,0.0385,0.0026,0.0040,5.3131,0.0130,0.0000,0.9956,0.0003,0.1229,0.0983,0.0006,0.0004,0.0000,0.0000,0.0005
1298,14.0203,0.0000,9.1979,4.9714,,true,0,0.008333,0.0000,0.0000,1.00,0.00,0.0000,22,1,335,362,0,0,100,5,16,16,0,0,1326,362,0,0,804491264,0.000000,0.000000,0.000000,0.00,0,0,0,0,0,20,39,30,14,30,30,30,30,30,30,36,16,0,0.0004,0.0017,0.0463,0.0335,0.0032,0.0043,4.9714,0.0135,0.0000,1.0186,0.0003,0.1677,0.1265,0.0007,0.0005,0.0000,0.0000,0.0003
1299,14.0304,0.0000,10.0085,4.8822,,true,0,0.008333,0.0000,0.0000,1.00,0.00,0.0000,22,1,335,362,0,0,100,5,16,16,0,0,1326,362,0,0,804491264,0.000000,0.000000,0.000000,0.00,0,0,0,0,0,20,39,30,14,30,30,30,30,30,30,36,16,0,0.0002,0.0019,0.0340,0.0449,0.0057,0.0055,4.8822,0.0108,0.0000,0.9890,0.0006,0.1709,0.1327,0.0008,0.0009,0.0000,0.0000,0.0008
1300,14.0423,0.0000,10.6101,6.1429,,true,0,0.008333,0.0000,0.0000,1.00,0.00,0.0000,22,1,335,362,0,0,100,5,16,16,0,0,1326,362,0,0,804491264,0.000000,0.000000,0.000000,0.00,0,0,0,0,0,20,39,30,14,30,30,30,30,30,30,36,16,0,0.0002,0.0021,0.0507,0.0510,0.0067,0.0042,6.1429,0.0200,0.0000,1.0549,0.0005,0.1797,0.1578,0.0026,0.0008,0.0000,0.0000,0.0005
1301,14.0524,0.0000,11.1498,5.2112,,true,0,0.008333,0.0000,0.0000,1.00,0.00,0.0000,22,1,335,362,0,0,100,5,16,16,0,0,1326,362,0,0,804491264,0.000000,0.000000,0.000000,0.00,0,0,0,0,0,20,39,30,14,30,30,30,30,30,30,36,16,0,0.0003,0.0008,0.0384,0.0426,0.0044,0.0032,5.2112,0.0138,0.0000,0.9111,0.0004,0.1254,0.1344,0.0014,0.0007,0.0000,0.0000,0.0002
1302,14.0623,0.0000,9.8025,5.1769,,true,0,0.008333,0.0000,0.0000,1.00,0.00,0.0000,22,1,335,362,0,0,100,5,16,16,0,0,1326,362,0,0,804495360,0.000000,0.000000,0.000000,0.00,0,0,0,0,0,20,39,30,14,30,30,30,30,30,30,36,16,0,0.0003,0.0015,0.0311,0.0373,0.0050,0.0048,5.1769,0.0105,0.0000,1.0343,0.0002,0.1255,0.1166,0.0006,0.0001,0.0000,0.0000,0.0001
1303,14.0723,0.0000,10.2391,4.8638,,true,0,0.008333,0.0000,0.0000,1.00,0.00,0.0000,22,1,335,362,0,0,100,5,16,16,0,0,1326,362,0,0,804495360,0.000000,0.000000,0.000000,0.00,0,0,0,0,0,20,39,30,14,30,30,30,30,30,30,36,16,0,0.0001,0.0013,0.0346,0.0318,0.0030,0.0025,4.8638,0.0102,0.0000,0.9932,0.0004,0.2035,0.1322,0.0012,0.0006,0.0000,0.0000,0.0002
1304,14.0845,0.0000,11.5871,5.4417,,true,0,0.008333,0.0000,0.0000,1.00,0.00,0.0000,22,1,335,362,0,0,100,5,16,16,0,0,1326,362,0,0,804495360,0.000000,0.000000,0.000000,0.00,0,0,0,0,0,20,39,30,14,30,30,30,30,30,30,36,16,0,0.0003,0.0017,0.0447,0.0445,0.0045,0.0055,5.4417,0.0163,0.0000,1.0194,0.0005,0.1802,0.1482,0.0012,0.0008,0.0000,0.0000,0.0003
1305,14.0947,0.0000,10.5757,5.2646,,true,0,0.008333,0.0000,0.0000,1.00,0.00,0.0000,22,1,335,362,0,0,100,5,16,16,0,0,1326,362,0,0,804495360,0.000000,0.000000,0.000000,0.00,0,0,0,0,0,20,39,30,14,30,30,30,30,30,30,36,16,0,0.0002,0.0011,0.0341,0.0325,0.0027,0.0033,5.2646,0.0182,0.0000,0.9691,0.0009,0.1744,0.1287,0.0011,0.0007,0.0000,0.0000,0.0003
1306,14.1032,0.0000,9.2847,4.6017,,true,0,0.008333,0.0000,0.0000,1.00,0.00,0.0000,22,1,335,362,0,0,100,5,16,16,0,0,1326,362,0,0,804495360,0.000000,0.000000,0.000000,0.00,0,0,0,0,0,20,39,30,14,30,30,30,30,30,30,36,16,0,0.0002,0.0008,0.0513,0.0285,0.0026,0.0027,4.6017,0.0134,0.0000,0.9527,0.0005,0.1778,0.1201,0.0009,0.0008,0.0000,0.0000,0.0003
1307,14.1119,0.0000,9.2176,4.2136,,true,0,0.008333,0.0000,0.0000,1.00,0.00,0.0000,22,1,335,362,0,0,100,5,16,16,0,0,1326,362,0,0,804495360,0.000000,0.000000,0.000000,0.00,0,0,0,0,0,20,39,30,14,30,30,30,30,30,30,36,16,0,0.0002,0.0008,0.0369,0.0293,0.0022,0.0027,4.2136,0.0102,0.0000,0.9588,0.0003,0.1680,0.1188,0.0011,0.0005,0.0000,0.0000,0.0003
1308,14.1222,0.0000,9.6238,4.5738,,true,0,0.008333,0.0000,0.0000,1.00,0.00,0.0000,22,1,335,362,0,0,100,5,16,16,0,0,1326,362,0,0,804495360,0.000000,0.000000,0.000000,0.00,0,0,0,0,0,20,39,30,14,30,30,30,30,30,30,36,16,0,0.0002,0.0020,0.0424,0.0329,0.0025,0.0075,4.5738,0.0114,0.0000,1.0284,0.0004,0.1705,0.1542,0.0011,0.0008,0.0000,0.0000,0.0004
1309,14.1374,0.0000,14.0780,5.5796,,true,0,0.008333,0.0000,0.0000,1.00,0.00,0.0000,22,1,335,362,0,0,100,5,16,16,0,0,1326,362,0,0,804495360,0.000000,0.000000,0.000000,0.00,0,0,0,0,0,20,39,30,14,30,30,30,30,30,30,36,16,0,0.0003,0.0037,0.0359,0.0515,0.0044,0.0056,5.5796,0.0113,0.0000,1.0382,0.0004,0.1890,0.1258,0.0011,0.0004,0.0000,0.0000,0.0004
1310,14.1450,0.0000,9.1805,4.2961,,true,0,0.008333,0.0000,0.0000,1.00,0.00,0.0000,22,1,335,362,0,0,100,5,16,16,0,0,1326,362,0,0,804495360,0.000000,0.000000,0.000000,0.00,0,0,0,0,0,20,39,30,14,30,30,30,30,30,30,36,16,0,0.0004,0.0009,0.0481,0.0295,0.0030,0.0023,4.2961,0.0104,0.0000,0.9840,0.0003,0.1664,0.1488,0.0013,0.0004,0.0000,0.0000,0.0003
1311,14.1549,0.0000,9.5213,4.7634,,true,0,0.008333,0.0000,0.0000,1.00,0.00,0.0000,22,1,335,362,0,0,100,5,16,16,0,0,1326,362,0,0,804499456,0.000000,0.000000,0.000000,0.00,0,0,0,0,0,20,39,30,14,30,30,30,30,30,30,36,16,0,0.0003,0.0011,0.0340,0.0363,0.0011,0.0039,4.7634,0.0138,0.0000,0.9677,0.0003,0.1836,0.1290,0.0015,0.0003,0.0000,0.0000,0.0006
1312,14.1645,0.0000,9.3094,4.9927,,true,0,0.008333,0.0000,0.0000,1.00,0.00,0.0000,22,1,335,362,0,0,100,5,16,16,0,0,1326,362,0,0,804499456,0.000000,0.000000,0.000000,0.00,0,0,0,0,0,20,39,30,14,30,30,30,30,30,30,36,16,0,0.0003,0.0019,0.0369,0.0503,0.0028,0.0067,4.9927,0.0137,0.0000,0.9887,0.0009,0.1709,0.1421,0.0018,0.0011,0.0000,0.0000,0.0003
1313,14.1753,0.0000,10.4948,5.1316,,true,0,0.008333,0.0000,0.0000,1.00,0.00,0.0000,22,1,335,362,0,0,100,5,16,16,0,0,1326,362,0,0,804499456,0.000000,0.000000,0.000000,0.00,0,0,0,0,0,20,39,30,14,30,30,30,30,30,30,36,16,0,0.0002,0.0008,0.0603,0.0417,0.0035,0.0041,5.1316,0.0192,0.0000,1.1895,0.0003,0.2549,0.1837,0.0014,0.0006,0.0000,0.0000,0.0009
1314,14.1841,0.0000,9.3524,4.7126,,true,0,0.008333,0.0000,0.0000,1.00,0.00,0.0000,22,1,335,362,0,0,100,5,16,16,0,0,1326,362,0,0,804499456,0.000000,0.000000,0.000000,0.00,0,0,0,0,0,20,39,30,14,30,30,30,30,30,30,36,16,0,0.0002,0.0016,0.0396,0.0355,0.0058,0.0044,4.7126,0.0144,0.0000,1.0485,0.0003,0.1872,0.1165,0.0007,0.0004,0.0000,0.0000,0.0002
1315,14.1946,0.0000,9.9200,5.0342,,true,0,0.008333,0.0000,0.0000,1.00,0.00,0.0000,22,1,335,362,0,0,100,5,16,16,0,0,1326,362,0,0,804499456,0.000000,0.000000,0.000000,0.00,0,0,0,0,0,20,39,30,14,30,30,30,30,30,30,36,16,0,0.0002,0.0010,0.0595,0.0241,0.0021,0.0032,5.0342,0.0140,0.0000,1.2610,0.0006,0.2482,0.1693,0.0013,0.0009,0.0000,0.0000,0.0011
1316,14.2073,0.0000,12.1008,5.8534,,true,0,0.008333,0.0000,0.0000,1.00,0.00,0.0000,22,1,335,362,0,0,100,5,16,16,0,0,1326,362,0,0,804499456,0.000000,0.000000,0.000000,0.00,0,0,0,0,0,20,39,30,14,30,30,30,30,30,30,36,16,0,0.0002,0.0017,0.0667,0.0380,0.0045,0.0041,5.8534,0.0219,0.0000,0.9662,0.0006,0.1558,0.1582,0.0018,0.0004,0.0000,0.0000,0.0008
1317,14.2174,0.0000,10.3633,5.4396,,true,0,0.008333,0.0000,0.0000,1.00,0.00,0.0000,22,1,335,362,0,0,100,5,16,16,0,0,1326,362,0,0,804499456,0.000000,0.000000,0.000000,0.00,0,0,0,0,0,20,39,30,14,30,30,30,30,30,30,36,16,0,0.0002,0.0009,0.0476,0.0423,0.0060,0.0038,5.4396,0.0173,0.0000,1.0070,0.0005,0.1759,0.1509,0.0016,0.0005,0.0000,0.0000,0.0003
1318,14.2248,0.0000,8.6219,4.4997,,true,0,0.008333,0.0000,0.0000,1.00,0.00,0.0000,22,1,335,362,0,0,100,5,16,16,0,0,1326,362,0,0,804499456,0.000000,0.000000,0.000000,0.00,0,0,0,0,0,20,39,30,14,30,30,30,30,30,30,36,16,0,0.0002,0.0014,0.0407,0.0396,0.0056,0.0038,4.4997,0.0094,0.0000,0.9584,0.0007,0.1755,0.1278,0.0010,0.0002,0.0000,0.0000,0.0003
1319,14.2344,0.0000,8.9660,4.8810,,true,0,0.008333,0.0000,0.0000,1.00,0.00,0.0000,22,1,335,362,0,0,100,5,16,16,0,0,1326,362,0,0,804499456,0.000000,0.000000,0.000000,0.00,0,0,0,0,0,20,39,30,14,30,30,30,30,30,30,36,16,0,0.0003,0.0008,0.0402,0.0301,0.0029,0.0032,4.8810,0.0177,0.0000,1.0967,0.0004,0.1921,0.1506,0.0012,0.0012,0.0000,0.0000,0.0004
1320,14.2451,0.0000,11.0142,4.3701,,true,0,0.008333,0.0000,0.0000,1.00,0.00,0.0000,22,1,335,362,0,0,100,5,16,16,0,0,1326,362,0,0,804503552,0.000000,0.000000,0.000000,0.00,0,0,0,0,0,20,39,30,14,30,30,30,30,30,30,36,16,0,0.0001,0.0011,0.0395,0.0274,0.0031,0.0049,4.3701,0.0087,0.0000,0.9697,0.0004,0.1746,0.1147,0.0007,0.0005,0.0000,0.0000,0.0003
1321,14.2565,0.0000,11.4831,4.5591,,true,0,0.008333,0.0000,0.0000,1.00,0.00,0.0000,22,1,335,362,0,0,100,5,16,16,0,0,1326,362,0,0,804503552,0.000000,0.000000,0.000000,0.00,0,0,0,0,0,20,39,30,14,30,30,30,30,30,30,36,16,0,0.0002,0.0008,0.0362,0.0330,0.0031,0.0033,4.5591,0.0103,0.0000,0.9516,0.0006,0.1781,0.1185,0.0008,0.0002,0.0000,0.0000,0.0001
1322,14.2646,0.0000,8.5873,3.8730,,true,0,0.008333,0.0000,0.0000,1.00,0.00,0.0000,22,1,335,362,0,0,100,5,16,16,0,0,1326,362,0,0,804503552,0.000000,0.000000,0.000000,0.00,0,0,0,0,0,20,39,30,14,30,30,30,30,30,30,36,16,0,0.0003,0.0012,0.0320,0.0388,0.0050,0.0061,3.8730,0.0076,0.0000,0.8095,0.0004,0.1484,0.1012,0.0005,0.0003,0.0000,0.0000,0.0003
1323,14.2769,0.0000,11.6952,4.7751,,true,0,0.008333,0.0000,0.0000,1.00,0.00,0.0000,22,1,335,362,0,0,100,5,16,16,0,0,1326,362,0,0,804503552,0.000000,0.000000,0.000000,0.00,0,0,0,0,0,20,39,30,14,30,30,30,30,30,30,36,16,0,0.0003,0.0009,0.0296,0.0293,0.0045,0.0034,4.7751,0.0079,0.0000,0.9841,0.0008,0.1735,0.1407,0.0011,0.0007,0.0000,0.0000,0.0004
1324,14.2855,0.0000,9.5945,3.4339,,true,0,0.008333,0.0000,0.0000,1.00,0.00,0.0000,22,1,335,362,0,0,100,5,16,16,0,0,1326,362,0,0,804503552,0.000000,0.000000,0.000000,0.00,0,0,0,0,0,20,39,30,14,30,30,30,30,30,30,36,16,0,0.0002,0.0007,0.0342,0.0190,0.0015,0.0025,3.4339,0.0067,0.0000,0.6593,0.0003,0.1182,0.0843,0.0008,0.0003,0.0000,0.0000,0.0003
1325,14.2979,0.0000,11.0979,4.9613,,true,0,0.008333,0.0000,0.0000,1.00,0.00,0.0000,22,1,335,362,0,0,100,5,16,16,0,0,1326,362,0,0,804503552,0.000000,0.000000,0.000000,0.00,0,0,0,0,0,20,39,30,14,30,30,30,30,30,30,36,16,0,0.0007,0.0011,0.0288,0.0334,0.0035,0.0029,4.9613,0.0148,0.0000,0.7348,0.0005,0.1239,0.1144,0.0018,0.0013,0.0000,0.0000,0.0003
1326,14.3074,0.0000,9.5843,4.8307,,true,0,0.008333,0.0000,0.0000,1.00,0.00,0.0000,22,1,335,362,0,0,100,5,16,16,0,0,1326,362,0,0,804503552,0.000000,0.000000,0.000000,0.00,0,0,0,0,0,20,39,30,14,30,30,30,30,30,30,36,16,0,0.0003,0.0019,0.0357,0.0400,0.0053,0.0043,4.8307,0.0178,0.0000,0.9835,0.0004,0.1735,0.1569,0.0016,0.0003,0.0000,0.0000,0.0004
1327,14.3165,0.0000,9.3253,4.6929,,true,0,0.008333,0.0000,0.0000,1.00,0.00,0.0000,22,1,335,362,0,0,100,5,16,16,0,0,1326,362,0,0,804503552,0.000000,0.000000,0.000000,0.00,0,0,0,0,0,20,39,30,14,30,30,30,30,30,30,36,16,0,0.0006,0.0018,0.0354,0.0718,0.0065,0.0054,4.6929,0.0111,0.0000,0.9867,0.0002,0.1741,0.1425,0.0014,0.0003,0.0000,0.0000,0.0002
1328,14.3280,0.0000,10.6359,5.2686,,true,0,0.008333,0.0000,0.0000,1.00,0.00,0.0000,22,1,335,362,0,0,100,5,16,16,0,0,1326,362,0,0,804503552,0.000000,0.000000,0.000000,0.00,0,0,0,0,0,20,39,30,14,30,30,30,30,30,30,36,16,0,0.0003,0.0011,0.0524,0.0391,0.0028,0.0048,5.2686,0.0162,0.0000,1.1370,0.0003,0.2332,0.1413,0.0008,0.0006,0.0000,0.0000,0.0005
1329,14.3394,0.0000,11.6610,5.0386,,true,0,0.008333,0.0000,0.0000,1.00,0.00,0.0000,22,1,335,362,0,0,100,5,16,16,0,0,1326,362,0,0,804503552,0.000000,0.000000,0.000000,0.00,0,0,0,0,0,20,39,30,14,30,30,30,30,30,30,36,16,0,0.0007,0.0017,0.0577,0.0324,0.0031,0.0057,5.0386,0.0185,0.0000,1.0216,0.0002,0.1723,0.1658,0.0016,0.0004,0.0000,0.0000,0.0005
1330,14.3490,0.0000,10.0289,4.8401,,true,0,0.008333,0.0000,0.0000,1.00,0.00,0.0000,22,1,335,362,0,0,100,5,16,16,0,0,1326,362,0,0,804507648,0.000000,0.000000,0.000000,0.00,0,0,0,0,0,20,39,30,14,30,30,30,30,30,30,36,16,0,0.0004,0.0013,0.0485,0.0448,0.0027,0.0037,4.8401,0.0110,0.0000,0.9883,0.0004,0.1679,0.1499,0.0009,0.0004,0.0000,0.0000,0.0003
1331,14.3662,0.0000,9.8599,11.5921,,true,0,0.008333,0.0000,0.0000,1.00,0.00,0.0000,22,1,335,362,0,0,100,5,16,16,0,0,1326,362,0,0,804507648,0.000000,0.000000,0.000000,0.00,0,0,0,0,0,20,39,30,14,30,30,30,30,30,30,36,16,0,0.0005,0.0016,0.0875,0.0389,0.0043,0.0055,11.5921,0.0188,0.0000,6.8410,0.0011,0.2120,0.1484,0.7552,0.0009,0.0000,0.0000,5.0484
1332,14.3737,0.0000,11.0421,6.4132,,true,0,0.008333,0.0000,0.0000,1.00,0.00,0.0000,22,1,335,362,0,0,100,5,16,16,0,0,1326,362,0,0,804507648,0.000000,0.000000,0.000000,0.00,0,0,0,0,0,20,39,30,14,30,30,30,30,30,30,36,16,0,0.0008,0.0014,0.0589,0.0424,0.0050,0.0047,6.4132,0.0163,0.0000,0.8187,0.0004,0.1647,0.1282,0.0017,0.0007,0.0000,0.0000,0.0006
1333,14.3812,0.0000,11.2405,4.9637,,true,0,0.008333,0.0000,0.0000,1.00,0.00,0.0000,22,1,335,362,0,0,100,5,16,16,0,0,1326,362,0,0,804507648,0.000000,0.000000,0.000000,0.00,0,0,0,0,0,20,39,30,14,30,30,30,30,30,30,36,16,0,0.0002,0.0010,0.0421,0.0399,0.0037,0.0034,4.9637,0.0167,0.0000,0.9832,0.0004,0.1711,0.1455,0.0013,0.0004,0.0000,0.0000,0.0002
1334,14.3911,0.0000,9.2242,5.2630,,true,0,0.008333,0.0000,0.0000,1.00,0.00,0.0000,22,1,335,362,0,0,100,5,16,16,0,0,1326,362,0,0,804507648,0.000000,0.000000,0.000000,0.00,0,0,0,0,0,20,39,30,14,30,30,30,30,30,30,36,16,0,0.0009,0.0029,0.0332,0.0562,0.0072,0.0070,5.2630,0.0081,0.0000,0.7800,0.0002,0.1339,0.1088,0.0005,0.0004,0.0000,0.0000,0.0002
1335,14.4053,0.0000,14.0333,5.6936,,true,0,0.008333,0.0000,0.0000,1.00,0.00,0.0000,22,1,335,362,0,0,100,5,16,16,0,0,1326,362,0,0,804507648,0.000000,0.000000,0.000000,0.00,0,0,0,0,0,20,39,30,14,30,30,30,30,30,30,36,16,0,0.0002,0.0009,0.0621,0.0448,0.0047,0.0027,5.6936,0.0162,0.0000,0.9564,0.0007,0.1792,0.1223,0.0023,0.0007,0.0000,0.0000,0.0004
1336,14.4153,0.0000,10.3343,5.3176,,true,0,0.008333,0.0000,0.0000,1.00,0.00,0.0000,22,1,335,362,0,0,100,5,16,16,0,0,1326,362,0,0,804507648,0.000000,0.000000,0.000000,0.00,0,0,0,0,0,20,39,30,14,30,30,30,30,30,30,36,16,0,0.0002,0.0012,0.0377,0.0309,0.0031,0.0033,5.3176,0.0143,0.0000,1.0096,0.0004,0.1946,0.1484,0.0011,0.0008,0.0000,0.0000,0.0006
1337,14.4230,0.0000,8.6036,4.5470,,true,0,0.008333,0.0000,0.0000,1.00,0.00,0.0000,22,1,335,362,0,0,100,5,16,16,0,0,1326,362,0,0,804507648,0.000000,0.000000,0.000000,0.00,0,0,0,0,0,20,39,30,14,30,30,30,30,30,30,36,16,0,0.0003,0.0011,0.0371,0.0346,0.0036,0.0038,4.5470,0.0156,0.0000,0.9825,0.0001,0.1633,0.1411,0.0013,0.0003,0.0000,0.0000,0.0003
1338,14.4349,0.0000,9.9128,6.3007,,true,0,0.008333,0.0000,0.0000,1.00,0.00,0.0000,22,1,335,362,0,0,100,5,16,16,0,0,1326,362,0,0,804507648,0.000000,0.000000,0.000000,0.00,0,0,0,0,0,20,39,30,14,30,30,30,30,30,30,36,16,0,0.0001,0.0016,0.0522,0.0559,0.0063,0.0048,6.3007,0.0188,0.0000,1.1141,0.0005,0.1777,0.2335,0.0011,0.0007,0.0000,0.0000,0.0006
1339,14.4450,0.0000,11.2672,5.3504,,true,0,0.008333,0.0000,0.0000,1.00,0.00,0.0000,22,1,335,362,0,0,100,5,16,16,0,0,1326,362,0,0,804511744,0.000000,0.000000,0.000000,0.00,0,0,0,0,0,20,39,30,14,30,30,30,30,30,30,36,16,0,0.0002,0.0010,0.0433,0.0404,0.0032,0.0027,5.3504,0.0098,0.0000,0.9974,0.0006,0.1786,0.1376,0.0017,0.0007,0.0000,0.0000,0.0003
1340,14.4534,0.0000,9.3194,4.5054,,true,0,0.008333,0.0000,0.0000,1.00,0.00,0.0000,22,1,335,362,0,0,100,5,16,16,0,0,1326,362,0,0,804511744,0.000000,0.000000,0.000000,0.00,0,0,0,0,0,20,39,30,14,30,30,30,30,30,30,36,16,0,0.0002,0.0008,0.0438,0.0353,0.0027,0.0031,4.5054,0.0125,0.0000,0.9603,0.0003,0.1740,0.1316,0.0011,0.0010,0.0000,0.0000,0.0003
1341,14.4736,0.0000,19.1417,5.2966,,true,0,0.008333,0.0000,0.0000,1.00,0.00,0.0000,22,1,335,362,0,0,100,5,16,16,0,0,1326,362,0,0,804511744,0.000000,0.000000,0.000000,0.00,0,0,0,0,0,20,39,30,14,30,30,30,30,30,30,36,16,0,0.0002,0.0011,0.0322,0.1087,0.0023,0.0028,5.2966,0.0168,0.0000,0.8484,0.0003,0.1528,0.1257,0.0012,0.0006,0.0000,0.0000,0.0003
1342,14.4805,0.0000,4.3822,5.9891,,true,0,0.008333,0.0000,0.0000,1.00,0.00,0.0000,22,1,335,362,0,0,100,5,16,16,0,0,1326,362,0,0,804589568,0.000000,0.000000,0.000000,0.00,0,0,0,0,0,20,39,30,14,30,30,30,30,30,30,36,16,0,0.0002,0.0015,0.0828,0.0657,0.0054,0.0127,5.9891,0.0235,0.0000,1.1516,0.0005,0.1904,0.1753,0.0016,0.0013,0.0000,0.0000,0.0004
1343,14.4867,0.0000,9.0822,5.0455,,true,0,0.008333,0.0000,0.0000,1.00,0.00,0.0000,22,1,335,362,0,0,100,5,16,16,0,0,1326,362,0,0,804589568,0.000000,0.000000,0.000000,0.00,0,0,0,0,0,20,39,30,14,30,30,30,30,30,30,36,16,0,0.0003,0.0012,0.0425,0.0310,0.0035,0.0041,5.0455,0.0164,0.0000,0.7233,0.0003,0.1331,0.0953,0.0010,0.0005,0.0000,0.0000,0.0005
1344,14.4974,0.0000,10.2978,5.3992,,true,0,0.008333,0.0000,0.0000,1.00,0.00,0.0000,22,1,335,362,0,0,100,5,16,16,0,0,1326,362,0,0,804589568,0.000000,0.000000,0.000000,0.00,0,0,0,0,0,20,39,30,14,30,30,30,30,30,30,36,16,0,0.0005,0.0016,0.0416,0.0411,0.0031,0.0036,5.3992,0.0108,0.0000,0.7692,0.0004,0.1399,0.1226,0.0015,0.0008,0.0000,0.0000,0.0004
1345,14.5073,0.0000,9.9630,5.2747,,true,0,0.008333,0.0000,0.0000,1.00,0.00,0.0000,22,1,335,362,0,0,100,5,16,16,0,0,1326,362,0,0,804589568,0.000000,0.000000,0.000000,0.00,0,0,0,0,0,20,39,30,14,30,30,30,30,30,30,36,16,0,0.0001,0.0023,0.0326,0.0397,0.0038,0.0202,5.2747,0.0168,0.0000,0.7933,0.0004,0.1565,0.1113,0.0008,0.0008,0.0000,0.0000,0.0004
1346,14.5168,0.0000,9.6303,5.1779,,true,0,0.008333,0.0000,0.0000,1.00,0.00,0.0000,22,1,335,362,0,0,100,5,16,16,0,0,1326,362,0,0,804589568,0.000000,0.000000,0.000000,0.00,0,0,0,0,0,20,39,30,14,30,30,30,30,30,30,36,16,0,0.0004,0.0015,0.0390,0.0455,0.0062,0.0050,5.1779,0.0136,0.0000,0.8722,0.0004,0.1368,0.1438,0.0018,0.0021,0.0000,0.0000,0.0004
1347,14.5285,0.0000,11.7943,4.9280,,true,0,0.008333,0.0000,0.0000,1.00,0.00,0.0000,22,1,335,362,0,0,100,5,16,16,0,0,1326,362,0,0,804589568,0.000000,0.000000,0.000000,0.00,0,0,0,0,0,20,39,30,14,30,30,30,30,30,30,36,16,0,0.0002,0.0010,0.0347,0.0294,0.0028,0.0030,4.9280,0.0113,0.0000,0.9575,0.0004,0.1753,0.1260,0.0009,0.0007,0.0000,0.0000,0.0003
1348,14.5402,0.0000,11.5829,5.3199,,true,0,0.008333,0.0000,0.0000,1.00,0.00,0.0000,22,1,335,362,0,0,100,5,16,16,0,0,1326,362,0,0,804593664,0.000000,0.000000,0.000000,0.00,0,0,0,0,0,20,39,30,14,30,30,30,30,30,30,36,16,0,0.0002,0.0018,0.0448,0.0430,0.0047,0.0061,5.3199,0.0162,0.0000,1.0267,0.0004,0.1877,0.1655,0.0017,0.0009,0.0000,0.0000,0.0006
1349,14.5497,0.0000,9.6827,4.9303,,true,0,0.008333,0.0000,0.0000,1.00,0.00,0.0000,22,1,335,362,0,0,100,5,16,16,0,0,1326,362,0,0,804593664,0.000000,0.000000,0.000000,0.00,0,0,0,0,0,20,39,30,14,30,30,30,30,30,30,36,16,0,0.0004,0.0009,0.0366,0.0356,0.0030,0.0040,4.9303,0.0144,0.0000,0.9638,0.0003,0.2258,0.1056,0.0016,0.0006,0.0000,0.0000,0.0005
1350,14.5632,0.0000,11.7855,6.3597,,true,0,0.008333,0.0000,0.0000,1.00,0.00,0.0000,22,1,335,362,0,0,100,5,16,16,0,0,1326,362,0,0,804593664,0.000000,0.000000,0.000000,0.00,0,0,0,0,0,20,39,30,14,30,30,30,30,30,30,36,16,0,0.0085,0.0021,0.0390,0.0453,0.0066,0.0061,6.3597,0.0143,0.0000,0.8674,0.0005,0.1234,0.1180,0.0011,0.0007,0.0000,0.0000,0.0010
1351,14.5721,0.0000,10.6158,5.0172,,true,0,0.008333,0.0000,0.0000,1.00,0.00,0.0000,22,1,335,362,0,0,100,5,16,16,0,0,1326,362,0,0,804593664,0.000000,0.000000,0.000000,0.00,0,0,0,0,0,20,39,30,14,30,30,30,30,30,30,36,16,0,0.0004,0.0020,0.0341,0.0405,0.0043,0.0056,5.0172,0.0076,0.0000,0.7596,0.0004,0.1366,0.1101,0.0011,0.0009,0.0000,0.0000,0.0001
1352,14.5815,0.0000,9.5489,4.9853,,true,0,0.008333,0.0000,0.0000,1.00,0.00,0.0000,22,1,335,362,0,0,100,5,16,16,0,0,1326,362,0,0,804593664,0.000000,0.000000,0.000000,0.00,0,0,0,0,0,20,39,30,14,30,30,30,30,30,30,36,16,0,0.0002,0.0011,0.0479,0.0290,0.0037,0.0032,4.9853,0.0160,0.0000,0.9675,0.0002,0.1780,0.1265,0.0006,0.0007,0.0000,0.0000,0.0002
1353,14.5911,0.0000,8.9753,5.2389,,true,0,0.008333,0.0000,0.0000,1.00,0.00,0.0000,22,1,335,362,0,0,100,5,16,16,0,0,1326,362,0,0,804593664,0.000000,0.000000,0.000000,0.00,0,0,0,0,0,20,39,30,14,30,30,30,30,30,30,36,16,0,0.0002,0.0008,0.0457,0.0283,0.0023,0.0025,5.2389,0.0081,0.0000,0.9545,0.0002,0.1786,0.1143,0.0007,0.0003,0.0000,0.0000,0.0003
1354,14.6056,0.0000,14.1943,5.0430,,true,0,0.008333,0.0000,0.0000,1.00,0.00,0.0000,22,1,335,362,0,0,100,5,16,16,0,0,1326,362,0,0,804593664,0.000000,0.000000,0.000000,0.00,0,0,0,0,0,20,39,30,14,30,30,30,30,30,30,36,16,0,0.0002,0.0007,0.0523,0.0288,0.0025,0.0028,5.0430,0.0202,0.0000,0.9441,0.0003,0.1679,0.1310,0.0005,0.0005,0.0000,0.0000,0.0003
1355,14.6163,0.0000,11.7513,4.8409,,true,0,0.008333,0.0000,0.0000,1.00,0.00,0.0000,22,1,335,362,0,0,100,5,16,16,0,0,1326,362,0,0,804593664,0.000000,0.000000,0.000000,0.00,0,0,0,0,0,20,39,30,14,30,30,30,30,30,30,36,16,0,0.0003,0.0011,0.0593,0.0255,0.0020,0.0059,4.8409,0.0149,0.0000,1.0204,0.0004,0.1763,0.1502,0.0057,0.0005,0.0000,0.0000,0.0004
1356,14.6251,0.0000,9.0634,4.2758,,true,0,0.008333,0.0000,0.0000,1.00,0.00,0.0000,22,1,335,362,0,0,100,5,16,16,0,0,1326,362,0,0,804593664,0.000000,0.000000,0.000000,0.00,0,0,0,0,0,20,39,30,14,30,30,30,30,30,30,36,16,0,0.0004,0.0007,0.0298,0.0302,0.0027,0.0031,4.2758,0.0151,0.0000,0.6831,0.0002,0.1214,0.0912,0.0006,0.0004,0.0000,0.0000,0.0005
1357,14.6389,0.0000,12.2929,5.7836,,true,0,0.008333,0.0000,0.0000,1.00,0.00,0.0000,22,1,335,362,0,0,100,5,16,16,0,0,1326,362,0,0,804593664,0.000000,0.000000,0.000000,0.00,0,0,0,0,0,20,39,30,14,30,30,30,30,30,30,36,16,0,0.0002,0.0011,0.0308,0.0587,0.0070,0.0055,5.7836,0.0120,0.0000,0.8112,0.0011,0.1304,0.1381,0.0012,0.0004,0.0000,0.0000,0.0003
1358,14.6482,0.0000,10.6162,4.7836,,true,0,0.008333,0.0000,0.0000,1.00,0.00,0.0000,22,1,335,362,0,0,100,5,16,16,0,0,1326,362,0,0,804597760,0.000000,0.000000,0.000000,0.00,0,0,0,0,0,20,39,30,14,30,30,30,30,30,30,36,16,0,0.0006,0.0014,0.0240,0.0353,0.0054,0.0063,4.7836,0.0079,0.0000,0.6967,0.0003,0.1276,0.0921,0.0004,0.0001,0.0000,0.0000,0.0001
1359,14.6583,0.0000,10.5488,3.9930,,true,0,0.008333,0.0000,0.0000,1.00,0.00,0.0000,22,1,335,362,0,0,100,5,16,16,0,0,1326,362,0,0,804597760,0.000000,0.000000,0.000000,0.00,0,0,0,0,0,20,39,30,14,30,30,30,30,30,30,36,16,0,0.0002,0.0007,0.0619,0.0196,0.0026,0.0025,3.9930,0.0112,0.0000,0.6996,0.0005,0.1317,0.1083,0.0003,0.0005,0.0000,0.0000,0.0001
1360,14.6698,0.0000,11.0436,4.8479,,true,0,0.008333,0.0000,0.0000,1.00,0.00,0.0000,22,1,335,362,0,0,100,5,16,16,0,0,1326,362,0,0,804597760,0.000000,0.000000,0.000000,0.00,0,0,0,0,0,20,39,30,14,30,30,30,30,30,30,36,16,0,0.0002,0.0015,0.0418,0.0301,0.0028,0.0053,4.8479,0.0102,0.0000,0.9489,0.0003,0.1724,0.1233,0.0006,0.0006,0.0000,0.0000,0.0004
1361,14.6803,0.0000,10.0242,5.1549,,true,0,0.008333,0.0000,0.0000,1.00,0.00,0.0000,22,1,335,362,0,0,100,5,16,16,0,0,1326,362,0,0,804597760,0.000000,0.000000,0.000000,0.00,0,0,0,0,0,20,39,30,14,30,30,30,30,30,30,36,16,0,0.0004,0.0027,0.0430,0.0323,0.0035,0.0061,5.1549,0.0128,0.0000,1.0148,0.0004,0.1754,0.1419,0.0015,0.0005,0.0000,0.0000,0.0004
1362,14.6913,0.0000,11.6382,4.4569,,true,0,0.008333,0.0000,0.0000,1.00,0.00,0.0000,22,1,335,362,0,0,100,5,16,16,0,0,1326,362,0,0,804597760,0.000000,0.000000,0.000000,0.00,0,0,0,0,0,20,39,30,14,30,30,30,30,30,30,36,16,0,0.0002,0.0012,0.0328,0.0295,0.0029,0.0026,4.4569,0.0129,0.0000,0.7707,0.0004,0.1251,0.1031,0.0017,0.0010,0.0000,0.0000,0.0006
1363,14.7018,0.0000,10.7400,4.5900,,true,0,0.008333,0.0000,0.0000,1.00,0.00,0.0000,22,1,335,362,0,0,100,5,16,16,0,0,1326,362,0,0,804597760,0.000000,0.000000,0.000000,0.00,0,0,0,0,0,20,39,30,14,30,30,30,30,30,30,36,16,0,0.0002,0.0010,0.0353,0.0320,0.0018,0.0048,4.5900,0.0108,0.0000,0.7133,0.0002,0.1225,0.0974,0.0023,0.0004,0.0000,0.0000,0.0003
1364,14.7109,0.0000,9.3324,4.1436,,true,0,0.008333,0.0000,0.0000,1.00,0.00,0.0000,22,1,335,362,0,0,100,5,16,16,0,0,1326,362,0,0,804597760,0.000000,0.000000,0.000000,0.00,0,0,0,0,0,20,39,30,14,30,30,30,30,30,30,36,16,0,0.0001,0.0042,0.0278,0.0220,0.0019,0.0035,4.1436,0.0057,0.0000,0.6641,0.0002,0.1229,0.0803,0.0003,0.0001,0.0000,0.0000,0.0001
1365,14.7222,0.0000,10.6075,4.6324,,true,0,0.008333,0.0000,0.0000,1.00,0.00,0.0000,22,1,335,362,0,0,100,5,16,16,0,0,1326,362,0,0,804597760,0.000000,0.000000,0.000000,0.00,0,0,0,0,0,20,39,30,14,30,30,30,30,30,30,36,16,0,0.0004,0.0010,0.0368,0.0415,0.0029,0.0051,4.6324,0.0080,0.0000,0.9579,0.0002,0.1641,0.1466,0.0005,0.0004,0.0000,0.0000,0.0002
1366,14.7358,0.0000,12.5262,5.7646,,true,0,0.008333,0.0000,0.0000,1.00,0.00,0.0000,22,1,335,362,0,0,100,5,16,16,0,0,1326,362,0,0,804597760,0.000000,0.000000,0.000000,0.00,0,0,0,0,0,20,39,30,14,30,30,30,30,30,30,36,16,0,0.0008,0.0010,0.0344,0.0495,0.0055,0.0050,5.7646,0.0168,0.0000,0.9710,0.0003,0.1706,0.1309,0.0009,0.0007,0.0000,0.0000,0.0002
1367,14.7442,0.0000,9.2485,5.1880,,true,0,0.008333,0.0000,0.0000,1.00,0.00,0.0000,22,1,335,362,0,0,100,5,16,16,0,0,1326,362,0,0,804601856,0.000000,0.000000,0.000000,0.00,0,0,0,0,0,20,39,30,14,30,30,30,30,30,30,36,16,0,0.0005,0.0011,0.0353,0.0357,0.0043,0.0028,5.1880,0.0113,0.0000,1.0206,0.0003,0.1262,0.0983,0.0011,0.0011,0.0000,0.0000,0.0002
1368,14.7538,0.0000,9.8848,4.7906,,true,0,0.008333,0.0000,0.0000,1.00,0.00,0.0000,22,1,335,362,0,0,100,5,16,16,0,0,1326,362,0,0,804601856,0.000000,0.000000,0.000000,0.00,0,0,0,0,0,20,39,30,14,30,30,30,30,30,30,36,16,0,0.0004,0.0010,0.0269,0.0305,0.0021,0.0050,4.7906,0.0083,0.0000,0.9065,0.0002,0.1603,0.1256,0.0010,0.0002,0.0000,0.0000,0.0001
1369,14.7650,0.0000,11.2669,4.6690,,true,0,0.008333,0.0000,0.0000,1.00,0.00,0.0000,22,1,335,362,0,0,100,5,16,16,0,0,1326,362,0,0,804601856,0.000000,0.000000,0.000000,0.00,0,0,0,0,0,20,39,30,14,30,30,30,30,30,30,36,16,0,0.0002,0.0008,0.0388,0.0300,0.0026,0.0028,4.6690,0.0126,0.0000,0.9030,0.0001,0.1305,0.0743,0.0002,0.0002,0.0000,0.0000,0.0001
1370,14.7758,0.0000,10.9490,4.5877,,true,0,0.008333,0.0000,0.0000,1.00,0.00,0.0000,22,1,335,362,0,0,100,5,16,16,0,0,1326,362,0,0,804601856,0.000000,0.000000,0.000000,0.00,0,0,0,0,0,20,39,30,14,30,30,30,30,30,30,36,16,0,0.0003,0.0009,0.0495,0.0257,0.0041,0.0037,4.5877,0.0153,0.0000,0.9646,0.0004,0.1757,0.1255,0.0008,0.0004,0.0000,0.0000,0.0002
1371,14.7863,0.0000,9.8566,5.1502,,true,0,0.008333,0.0000,0.0000,1.00,0.00,0.0000,22,1,335,362,0,0,100,5,16,16,0,0,1326,362,0,0,804601856,0.000000,0.000000,0.000000,0.00,0,0,0,0,0,20,39,30,14,30,30,30,30,30,30,36,16,0,0.0003,0.0005,0.0451,0.0486,0.0020,0.0033,5.1502,0.0176,0.0000,0.9929,0.0003,0.1738,0.1429,0.0010,0.0004,0.0000,0.0000,0.0003
1372,14.7950,0.0000,8.8957,4.9901,,true,0,0.008333,0.0000,0.0000,1.00,0.00,0.0000,22,1,335,362,0,0,100,5,16,16,0,0,1326,362,0,0,804601856,0.000000,0.000000,0.000000,0.00,0,0,0,0,0,20,39,30,14,30,30,30,30,30,30,36,16,0,0.0003,0.0010,0.0332,0.0299,0.0024,0.0025,4.9901,0.0091,0.0000,0.9400,0.0002,0.1815,0.1185,0.0009,0.0003,0.0000,0.0000,0.0005
1373,14.8067,0.0000,11.5550,4.9546,,true,0,0.008333,0.0000,0.0000,1.00,0.00,0.0000,22,1,335,362,0,0,100,5,16,16,0,0,1326,362,0,0,804601856,0.000000,0.000000,0.000000,0.00,0,0,0,0,0,20,39,30,14,30,30,30,30,30,30,36,16,0,0.0002,0.0012,0.0377,0.0263,0.0022,0.0033,4.9546,0.0122,0.0000,1.1977,0.0004,0.1824,0.0938,0.0009,0.0005,0.0000,0.0000,0.0009
1374,14.8184,0.0000,11.6914,5.1386,,true,0,0.008333,0.0000,0.0000,1.00,0.00,0.0000,22,1,335,362,0,0,100,5,16,16,0,0,1326,362,0,0,804601856,0.000000,0.000000,0.000000,0.00,0,0,0,0,0,20,39,30,14,30,30,30,30,30,30,36,16,0,0.0003,0.0013,0.0399,0.0330,0.0032,0.0043,5.1386,0.0164,0.0000,0.9813,0.0003,0.1726,0.1385,0.0008,0.0007,0.0000,0.0000,0.0007
1375,14.8270,0.0000,9.2179,4.6671,,true,0,0.008333,0.0000,0.0000,1.00,0.00,0.0000,22,1,335,362,0,0,100,5,16,16,0,0,1326,362,0,0,804601856,0.000000,0.000000,0.000000,0.00,0,0,0,0,0,20,39,30,14,30,30,30,30,30,30,36,16,0,0.0003,0.0012,0.0365,0.0345,0.0038,0.0057,4.6671,0.0129,0.0000,1.0160,0.0005,0.1645,0.1445,0.0010,0.0004,0.0000,0.0000,0.0002
1376,14.8368,0.0000,9.3815,4.8241,,true,0,0.008333,0.0000,0.0000,1.00,0.00,0.0000,22,1,335,362,0,0,100,5,16,16,0,0,1326,362,0,0,804605952,0.000000,0.000000,0.000000,0.00,0,0,0,0,0,20,39,30,14,30,30,30,30,30,30,36,16,0,0.0003,0.0014,0.0292,0.0363,0.0028,0.0069,4.8241,0.0146,0.0000,0.7524,0.0003,0.1329,0.1212,0.0008,0.0003,0.0000,0.0000,0.0003
1377,14.8483,0.0000,11.3497,4.9579,,true,0,0.008333,0.0000,0.0000,1.00,0.00,0.0000,22,1,335,362,0,0,100,5,16,16,0,0,1326,362,0,0,804605952,0.000000,0.000000,0.000000,0.00,0,0,0,0,0,20,39,30,14,30,30,30,30,30,30,36,16,0,0.0002,0.0009,0.0417,0.0300,0.0032,0.0026,4.9579,0.0146,0.0000,0.9752,0.0003,0.1806,0.1338,0.0014,0.0005,0.0000,0.0000,0.0003
1378,14.8594,0.0000,11.7571,4.2647,,true,0,0.008333,0.0000,0.0000,1.00,0.00,0.0000,22,1,335,362,0,0,100,5,16,16,0,0,1326,362,0,0,804605952,0.000000,0.000000,0.000000,0.00,0,0,0,0,0,20,39,30,14,30,30,30,30,30,30,36,16,0,0.0004,0.0007,0.0314,0.0289,0.0024,0.0032,4.2647,0.0079,0.0000,0.6751,0.0002,0.1174,0.0868,0.0005,0.0005,0.0000,0.0000,0.0002
1379,14.8698,0.0000,10.6265,4.3442,,true,0,0.008333,0.0000,0.0000,1.00,0.00,0.0000,22,1,335,362,0,0,100,5,16,16,0,0,1326,362,0,0,804605952,0.000000,0.000000,0.000000,0.00,0,0,0,0,0,20,39,30,14,30,30,30,30,30,30,36,16,0,0.0002,0.0022,0.0409,0.0406,0.0025,0.0027,4.3442,0.0096,0.0000,0.9393,0.0003,0.1672,0.1176,0.0005,0.0012,0.0000,0.0000,0.0002
1380,14.8800,0.0000,9.3520,5.0239,,true,0,0.008333,0.0000,0.0000,1.00,0.00,0.0000,22,1,335,362,0,0,100,5,16,16,0,0,1326,362,0,0,804605952,0.000000,0.000000,0.000000,0.00,0,0,0,0,0,20,39,30,14,30,30,30,30,30,30,36,16,0,0.0009,0.0014,0.0419,0.0380,0.0042,0.0037,5.0239,0.0153,0.0000,0.9820,0.0004,0.1778,0.1324,0.0012,0.0006,0.0000,0.0000,0.0004
1381,14.8893,0.0000,9.8636,4.5290,,true,0,0.008333,0.0000,0.0000,1.00,0.00,0.0000,22,1,335,362,0,0,100,5,16,16,0,0,1326,362,0,0,804605952,0.000000,0.000000,0.000000,0.00,0,0,0,0,0,20,39,30,14,30,30,30,30,30,30,36,16,0,0.0003,0.0007,0.0416,0.0259,0.0023,0.0026,4.5290,0.0127,0.0000,0.9977,0.0004,0.1990,0.1310,0.0011,0.0005,0.0000,0.0000,0.0007
1382,14.8987,0.0000,9.3228,4.7432,,true,0,0.008333,0.0000,0.0000,1.00,0.00,0.0000,22,1,335,362,0,0,100,5,16,16,0,0,1326,362,0,0,804605952,0.000000,0.000000,0.000000,0.00,0,0,0,0,0,20,39,30,14,30,30,30,30,30,30,36,16,0,0.0005,0.0015,0.0377,0.0323,0.0020,0.0055,4.7432,0.0106,0.0000,0.9701,0.0003,0.1850,0.1288,0.0013,0.0006,0.0000,0.0000,0.0003
1383,14.9079,0.0000,9.1921,4.7116,,true,0,0.008333,0.0000,0.0000,1.00,0.00,0.0000,22,1,335,362,0,0,100,5,16,16,0,0,1326,362,0,0,804605952,0.000000,0.000000,0.000000,0.00,0,0,0,0,0,20,39,30,14,30,30,30,30,30,30,36,16,0,0.0002,0.0007,0.0364,0.0332,0.0033,0.0022,4.7116,0.0089,0.0000,0.9329,0.0002,0.1646,0.1221,0.0007,0.0003,0.0000,0.0000,0.0002
1384,14.9173,0.0000,8.9459,4.8872,,true,0,0.008333,0.0000,0.0000,1.00,0.00,0.0000,22,1,335,362,0,0,100,5,16,16,0,0,1326,362,0,0,804605952,0.000000,0.000000,0.000000,0.00,0,0,0,0,0,20,39,30,14,30,30,30,30,30,30,36,16,0,0.0003,0.0023,0.0449,0.0332,0.0025,0.0027,4.8872,0.0118,0.0000,0.9963,0.0003,0.1768,0.1367,0.0010,0.0004,0.0000,0.0000,0.0006
1385,14.9274,0.0000,10.4278,4.5360,,true,0,0.008333,0.0000,0.0000,1.00,0.00,0.0000,22,1,335,362,0,0,100,5,16,16,0,0,1326,362,0,0,804605952,0.000000,0.000000,0.000000,0.00,0,0,0,0,0,20,39,30,14,30,30,30,30,30,30,36,16,0,0.0002,0.0018,0.0425,0.0340,0.0031,0.0044,4.5360,0.0091,0.0000,0.9816,0.0002,0.1799,0.1142,0.0006,0.0003,0.0000,0.0000,0.0003
1386,14.9383,0.0000,11.1181,4.6088,,true,0,0.008333,0.0000,0.0000,1.00,0.00,0.0000,22,1,335,362,0,0,100,5,16,16,0,0,1326,362,0,0,804610048,0.000000,0.000000,0.000000,0.00,0,0,0,0,0,20,39,30,14,30,30,30,30,30,30,36,16,0,0.0003,0.0013,0.0365,0.0364,0.0081,0.0047,4.6088,0.0105,0.0000,0.9704,0.0004,0.1708,0.1269,0.0010,0.0003,0.0000,0.0000,0.0003
1387,14.9486,0.0000,10.0627,4.7939,,true,0,0.008333,0.0000,0.0000,1.00,0.00,0.0000,22,1,335,362,0,0,100,5,16,16,0,0,1326,362,0,0,804610048,0.000000,0.000000,0.000000,0.00,0,0,0,0,0,20,39,30,14,30,30,30,30,30,30,36,16,0,0.0002,0.0057,0.0393,0.0310,0.0032,0.0027,4.7939,0.0134,0.0000,1.0286,0.0004,0.1705,0.1914,0.0021,0.0003,0.0000,0.0000,0.0005
1388,14.9597,0.0000,9.9185,5.9149,,true,0,0.008333,0.0000,0.0000,1.00,0.00,0.0000,22,1,335,362,0,0,100,5,16,16,0,0,1326,362,0,0,804610048,0.000000,0.000000,0.000000,0.00,0,0,0,0,0,20,39,30,14,30,30,30,30,30,30,36,16,0,0.0003,0.0016,0.0548,0.0371,0.0046,0.0052,5.9149,0.0175,0.0000,0.9922,0.0004,0.1771,0.1356,0.0010,0.0003,0.0000,0.0000,0.0003
1389,14.9701,0.0000,10.9802,5.3496,,true,0,0.008333,0.0000,0.0000,1.00,0.00,0.0000,22,1,335,362,0,0,100,5,16,16,0,0,1326,362,0,0,804610048,0.000000,0.000000,0.000000,0.00,0,0,0,0,0,20,39,30,14,30,30,30,30,30,30,36,16,0,0.0007,0.0016,0.0505,0.0271,0.0030,0.0049,5.3496,0.0168,0.0000,0.9946,0.0003,0.1873,0.1423,0.0010,0.0008,0.0000,0.0000,0.0006
1390,14.9786,0.0000,8.7995,5.1317,,true,0,0.008333,0.0000,0.0000,1.00,0.00,0.0000,22,1,335,362,0,0,100,5,16,16,0,0,1326,362,0,0,804610048,0.000000,0.000000,0.000000,0.00,0,0,0,0,0,20,39,30,14,30,30,30,30,30,30,36,16,0,0.0003,0.0011,0.0447,0.0359,0.0019,0.0058,5.1317,0.0158,0.0000,0.8670,0.0003,0.1312,0.0905,0.0008,0.0005,0.0000,0.0000,0.0004
1391,14.9875,0.0000,8.8251,4.8155,,true,0,0.008333,0.0000,0.0000,1.00,0.00,0.0000,22,1,335,362,0,0,100,5,16,16,0,0,1326,362,0,0,804610048,0.000000,0.000000,0.000000,0.00,0,0,0,0,0,20,39,30,14,30,30,30,30,30,30,36,16,0,0.0010,0.0021,0.0322,0.0611,0.0027,0.0085,4.8155,0.0088,0.0000,0.9843,0.0002,0.1769,0.1147,0.0007,0.0003,0.0000,0.0000,0.0002
1392,15.0002,0.0000,12.0349,5.7520,,true,0,0.008333,0.0000,0.0000,1.00,0.00,0.0000,22,1,335,362,0,0,100,5,16,16,0,0,1326,362,0,0,804610048,0.000000,0.000000,0.000000,0.00,0,0,0,0,0,20,39,30,14,30,30,30,30,30,30,36,16,0,0.0002,0.0013,0.0525,0.0333,0.0052,0.0045,5.7520,0.0160,0.0000,1.1243,0.0007,0.1745,0.1920,0.0012,0.0008,0.0000,0.0000,0.0006
1393,15.0095,0.0000,10.4944,4.6598,,true,0,0.008333,0.0000,0.0000,1.00,0.00,0.0000,22,1,335,362,0,0,100,5,16,16,0,0,1326,362,0,0,804610048,0.000000,0.000000,0.000000,0.00,0,0,0,0,0,20,39,30,14,30,30,30,30,30,30,36,16,0,0.0001,0.0012,0.0388,0.0331,0.0034,0.0040,4.6598,0.0133,0.0000,0.9535,0.0002,0.1787,0.1313,0.0008,0.0004,0.0000,0.0000,0.0004
1394,15.0182,0.0000,8.7736,4.6205,,true,0,0.008333,0.0000,0.0000,1.00,0.00,0.0000,22,1,335,362,0,1,101,5,16,16,0,0,1326,362,0,0,804610048,0.000000,0.000000,0.000000,0.00,0,0,0,0,0,20,39,30,14,30,30,30,30,30,30,36,16,0,0.0002,0.0007,0.0387,0.0341,0.0043,0.0025,4.6205,0.0096,0.0000,0.9468,0.0005,0.1697,0.1213,0.0008,0.0002,0.0000,0.0000,0.0006
1395,15.0271,0.0000,9.1976,4.2893,,true,0,0.008333,0.0000,0.0000,1.00,0.00,0.0000,22,1,335,362,0,1,101,5,16,16,0,0,1326,362,0,0,804614144,0.000000,0.000000,0.000000,0.00,0,0,0,0,0,20,39,30,14,30,30,30,30,30,30,36,16,0,0.0002,0.0012,0.0415,0.0268,0.0028,0.0032,4.2893,0.0120,0.0000,0.9693,0.0011,0.1676,0.1360,0.0012,0.0002,0.0000,0.0000,0.0001
1396,15.0375,0.0000,9.4909,5.0879,,true,0,0.008333,0.0000,0.0000,1.00,0.00,0.0000,22,1,335,362,0,2,102,5,16,16,0,0,1326,362,0,0,804614144,0.000000,0.000000,0.000000,0.00,0,0,0,0,0,20,39,30,14,30,30,30,30,30,30,36,16,0,0.0002,0.0011,0.0442,0.0374,0.0044,0.0037,5.0879,0.0131,0.0000,1.0099,0.0003,0.1675,0.1564,0.0014,0.0004,0.0000,0.0000,0.0003
1397,15.0484,0.0000,11.3604,4.7697,,true,0,0.008333,0.0000,0.0000,1.00,0.00,0.0000,22,1,335,362,0,2,102,5,16,16,0,0,1326,362,0,0,804614144,0.000000,0.000000,0.000000,0.00,0,0,0,0,0,20,39,30,14,30,30,30,30,30,30,36,16,0,0.0002,0.0019,0.0448,0.0341,0.0043,0.0038,4.7697,0.0128,0.0000,0.9976,0.0003,0.1692,0.1629,0.0008,0.0008,0.0000,0.0000,0.0003
1398,15.0591,0.0000,10.1827,5.0662,,true,0,0.008333,0.0000,0.0000,1.00,0.00,0.0000,22,1,335,362,0,3,103,5,16,16,0,0,1326,362,0,0,804614144,0.000000,0.000000,0.000000,0.00,0,0,0,0,0,20,39,30,14,30,30,30,30,30,30,36,16,0,0.0002,0.0019,0.0406,0.0425,0.0058,0.0061,5.0662,0.0150,0.0000,0.8729,0.0004,0.1268,0.1247,0.0006,0.0007,0.0000,0.0000,0.0003
1399,15.0744,0.0000,9.8831,10.6729,,true,0,0.008333,0.0000,0.0000,1.00,0.00,0.0000,22,1,331,362,8,4,104,5,16,16,0,0,1657,370,24,40,804614144,0.000000,0.000000,0.000000,0.00,0,0,0,0,0,16,39,30,14,30,30,30,30,30,30,36,16,0,0.0003,0.0005,0.0479,0.0308,0.0028,0.0024,10.6729,0.0253,0.0000,6.7764,0.0006,0.2054,0.1529,0.8581,0.0014,0.0000,0.0000,4.7064
1400,15.0815,0.0000,11.3847,6.2304,,true,0,0.008333,0.0000,0.0000,1.00,0.00,0.0000,22,1,325,362,8,14,114,5,16,16,3,0,1982,373,21,40,804622336,0.000000,0.000000,0.000000,0.00,0,0,0,0,0,16,39,30,14,31,26,30,30,30,31,32,16,0,0.0002,0.0014,0.0545,0.0290,0.0031,0.0075,6.2304,0.0167,0.0000,1.6523,0.0125,0.2010,0.1147,0.7735,0.0067,0.0000,14.4295,0.0003
1401,15.1036,0.0000,19.8933,8.0598,,true,0,0.008333,0.0000,0.0000,1.00,0.00,0.0000,22,1,322,362,8,28,128,5,16,16,8,0,2304,381,13,40,804909056,0.000000,0.000000,0.000000,0.00,0,0,0,0,0,16,38,34,15,27,26,30,30,30,32,28,16,0,0.0002,0.0009,0.1044,0.0295,0.0023,0.0022,8.0598,0.0190,0.0000,1.8069,0.0190,0.2197,0.1593,0.7745,0.0098,0.0000,42.9179,0.0004
1402,15.1218,0.0000,17.5306,8.6575,,true,0,0.008333,0.0000,0.0000,1.00,0.00,0.0000,22,1,325,362,5,39,139,5,16,16,8,0,2629,386,5,25,805748736,0.000000,0.000000,0.000000,0.00,0,0,0,0,0,16,38,34,15,27,26,30,29,34,32,28,16,0,0.0002,0.0019,0.0661,0.0380,0.0030,0.0131,8.6575,0.0341,0.0000,1.9174,0.0368,0.1962,0.2745,0.8355,0.0122,0.0000,43.6611,0.0005
1403,15.1373,0.0000,17.2796,7.2426,,true,0,0.008333,0.0000,0.0000,1.00,0.00,0.0000,22,1,334,362,0,54,154,5,16,16,5,0,2963,386,0,0,805781504,0.000000,0.000000,0.000000,0.00,0,0,0,0,0,16,38,34,15,27,26,29,32,37,36,28,16,0,0.0003,0.0014,0.0375,0.0426,0.0057,0.0052,7.2426,0.0188,0.0000,1.1697,0.0140,0.1350,0.1304,0.5484,0.0063,0.0000,29.2492,0.0003
1404,15.1591,0.0000,15.6089,13.4549,,true,0,0.008333,0.0000,0.0000,1.00,0.00,0.0000,22,1,330,365,8,67,167,5,16,16,0,0,3293,394,84,40,805789696,0.000000,0.000000,0.000000,0.00,0,0,0,0,0,12,38,34,15,27,26,29,32,37,36,28,16,0,0.0002,0.0012,0.0615,0.0389,0.0042,0.0037,13.4549,0.0202,0.0000,6.9786,0.0006,0.3025,0.1816,0.7728,0.0023,0.0000,0.0000,4.6885
1405,15.1725,0.0000,17.3443,9.5017,,true,0,0.008333,0.0000,0.0000,1.00,0.00,0.0000,22,1,334,365,8,99,199,0,16,16,7,0,3627,401,77,40,809992192,0.000000,0.000000,0.000000,0.00,4,0,0,0,0,12,38,34,15,27,26,29,32,37,36,28,16,0,0.0002,0.0025,0.0874,0.0439,0.0043,0.0040,9.5017,0.0307,0.0000,2.1138,0.0185,0.2368,0.1939,0.8000,0.0157,0.0000,37.9229,0.0004
1406,15.1906,0.0000,17.4020,10.1451,,true,0,0.008333,0.0000,0.0000,1.00,0.00,0.0000,22,1,334,365,8,114,214,0,16,16,8,0,3961,409,69,40,810016768,0.000000,0.000000,0.000000,0.00,4,0,0,0,0,12,36,42,16,23,26,29,32,37,37,24,16,0,0.0003,0.0013,0.1047,0.0400,0.0053,0.0044,10.1451,0.0241,0.0000,2.2038,0.0460,0.2257,0.2418,0.7716,0.0161,0.0000,41.6157,0.0010
1407,15.2078,0.0000,17.9310,9.1883,,true,0,0.008333,0.0000,0.0000,1.00,0.00,0.0000,22,1,325,365,8,126,226,0,16,16,8,0,4286,417,61,40,810037248,0.000000,0.000000,0.000000,0.00,4,0,0,0,0,12,36,42,16,24,23,25,32,38,33,24,16,0,0.0003,0.0025,0.0474,0.0485,0.0064,0.0044,9.1883,0.0162,0.0000,2.0548,0.0292,0.2440,0.1476,0.7653,0.0099,0.0000,39.4546,0.0007
1408,15.2256,0.0000,18.7086,8.2204,,true,0,0.008333,0.0000,0.0000,1.00,0.00,0.0000,22,1,322,365,8,129,229,0,16,16,8,0,4608,425,53,40,810061824,0.000000,0.000000,0.000000,0.00,4,0,0,0,0,12,36,42,16,24,23,25,32,38,34,20,16,0,0.0004,0.0023,0.0672,0.0384,0.0031,0.0067,8.2204,0.0365,0.0000,2.1189,0.0291,0.2429,0.2638,0.6649,0.0115,0.0000,43.3059,0.0007
1409,15.2388,0.0000,14.6994,6.5756,,true,0,0.008333,0.0000,0.0000,1.00,0.00,0.0000,22,1,310,365,8,127,227,0,16,16,8,0,4918,433,45,40,810999808,0.000000,0.000000,0.000000,0.00,4,0,0,0,0,12,36,42,17,21,21,17,32,38,34,20,16,0,0.0002,0.0028,0.0429,0.0508,0.0064,0.0077,6.5756,0.0265,0.0000,1.9224,0.0256,0.2320,0.1623,0.7221,0.0106,0.0000,43.2335,0.0007
1410,15.2584,0.0000,17.5027,8.7835,,true,0,0.008333,0.0000,0.0000,1.00,0.00,0.0000,22,1,298,365,8,123,223,0,16,16,8,0,5216,441,37,40,811008000,0.000000,0.000000,0.000000,0.00,4,0,0,0,0,12,36,42,17,21,21,19,26,30,34,20,16,0,0.0006,0.0080,0.0512,0.0611,0.0084,0.0056,8.7835,0.0188,0.0000,2.0868,0.0367,0.2675,0.1834,0.8144,0.0117,0.0000,45.6834,0.0005
1411,15.2745,0.0000,14.5029,10.4071,,true,0,0.008333,0.0000,0.0000,1.00,0.00,0.0000,22,1,304,365,8,120,220,0,16,16,8,0,5520,449,29,40,811020288,0.000000,0.000000,0.000000,0.00,4,0,0,0,0,12,36,41,20,24,24,23,26,32,26,20,16,0,0.0004,0.0035,0.0722,0.0366,0.0030,0.0112,10.4071,0.0388,0.0000,1.9433,0.0458,0.2536,0.2058,0.7371,0.0301,0.0000,39.5316,0.0004
1412,15.2895,0.0000,17.7147,7.5478,,true,0,0.008333,0.0000,0.0000,1.00,0.00,0.0000,22,1,310,365,8,115,215,0,16,16,8,0,5830,457,21,40,811372544,0.000000,0.000000,0.000000,0.00,4,0,0,0,0,12,36,41,20,24,24,22,29,36,26,20,16,0,0.0003,0.0018,0.0497,0.0564,0.0069,0.0048,7.5478,0.0200,0.0000,1.8314,0.0194,0.2259,0.1698,0.7539,0.0091,0.0000,36.3409,0.0006
1413,15.3061,0.0000,15.4657,8.6345,,true,0,0.008333,0.0000,0.0000,1.00,0.00,0.0000,22,1,322,365,8,110,210,0,16,16,8,0,6152,465,13,40,811380736,0.000000,0.000000,0.000000,0.00,4,0,0,0,0,12,36,41,19,27,27,25,33,36,26,20,16,0,0.0008,0.0025,0.0773,0.0618,0.0326,0.0137,8.6345,0.0450,0.0000,2.1537,0.0483,0.2484,0.2972,0.8824,0.0127,0.0000,35.8504,0.0004
1414,15.3228,0.0000,15.1527,10.1395,,true,0,0.008333,0.0000,0.0000,1.00,0.00,0.0000,22,1,325,365,5,105,205,0,16,16,8,0,6477,470,5,25,811458560,0.000000,0.000000,0.000000,0.00,4,0,0,0,0,12,36,41,19,27,27,25,33,35,30,20,16,0,0.0003,0.0022,0.0980,0.1161,0.0088,0.0079,10.1395,0.0433,0.0000,2.0139,0.0423,0.2543,0.2395,0.8314,0.0198,0.0000,36.7412,0.0010
1415,15.3411,0.0000,18.3137,10.2949,,true,0,0.008333,0.0000,0.0000,1.00,0.00,0.0000,22,1,334,365,0,99,199,0,16,16,5,0,6811,470,0,0,811458560,0.000000,0.000000,0.000000,0.00,4,0,0,0,0,12,36,41,18,30,30,29,33,35,30,20,16,0,0.0003,0.0013,0.0957,0.0798,0.0098,0.0026,10.2949,0.0572,0.0000,2.0441,0.0519,0.2645,0.2704,0.8511,0.0226,0.0000,24.6634,0.0004
1416,15.3656,0.0000,19.4100,15.3674,,true,0,0.008333,0.0000,0.0000,1.00,0.00,0.0000,22,1,331,364,8,93,193,0,16,16,0,0,7142,478,81,40,811462656,0.000000,0.000000,0.000000,0.00,4,0,0,0,0,12,36,42,14,30,30,29,33,35,30,20,16,0,0.0038,0.0020,0.0587,0.1075,0.0102,0.0090,15.3674,0.0140,0.0000,5.9217,0.0017,0.2160,0.1719,0.7578,0.0013,0.0000,0.0000,3.7305
1417,15.3820,0.0000,20.5622,11.1410,,true,0,0.008333,0.0000,0.0000,1.00,0.00,0.0000,22,1,301,364,8,70,170,0,16,16,8,0,7443,486,73,40,813568000,0.000000,0.000000,0.000000,0.00,4,0,0,0,0,12,36,42,16,23,27,27,27,28,27,16,16,0,0.0007,0.0031,0.0577,0.0803,0.0152,0.0107,11.1410,0.0297,0.0000,2.1350,0.0759,0.3510,0.1531,0.6542,0.0435,0.0000,40.4664,0.0002
1418,15.4072,0.0000,25.7603,10.3077,,true,0,0.008333,0.0000,0.0000,1.00,0.00,0.0000,22,1,283,364,8,52,152,0,16,16,8,0,7726,494,65,40,815792128,0.000000,0.000000,0.000000,0.00,4,0,0,0,0,12,36,42,16,24,24,24,24,25,24,12,16,0,0.0002,0.0017,0.0928,0.0442,0.0104,0.0096,10.3077,0.0419,0.0000,2.6364,0.0818,0.3137,0.2946,0.8818,0.0267,0.0000,45.3835,0.0007
1419,15.4228,0.0000,17.2497,9.2550,,true,0,0.008333,0.0000,0.0000,1.00,0.00,0.0000,22,1,283,364,8,43,143,0,16,16,8,0,7726,502,57,40,816664576,0.000000,0.000000,0.000000,0.00,4,0,0,0,0,12,36,42,16,24,24,24,24,25,24,12,16,0,0.0002,0.0017,0.0407,0.1063,0.0058,0.0066,9.2550,0.0151,0.0000,1.8880,0.0247,0.2826,0.1746,0.6643,0.0081,0.0000,43.2808,0.0005
1420,15.4410,0.0000,15.3484,11.9856,,true,0,0.008333,0.0000,0.0000,1.00,0.00,0.0000,22,1,286,364,8,40,140,0,16,16,8,0,8012,510,49,40,816685056,0.000000,0.000000,0.000000,0.00,4,0,0,0,0,12,36,42,16,24,24,24,24,25,23,16,16,0,0.0002,0.0021,0.0652,0.0525,0.0053,0.0039,11.9856,0.0495,0.0000,1.8170,0.0256,0.2659,0.2270,0.5448,0.0216,0.0000,45.1984,0.0020
1421,15.4593,0.0000,22.0442,8.0133,,true,0,0.008333,0.0000,0.0000,1.00,0.00,0.0000,22,1,286,364,8,39,139,0,16,16,8,0,8012,518,41,40,816709632,0.000000,0.000000,0.000000,0.00,4,0,0,0,0,12,36,42,16,24,24,24,24,25,23,16,16,0,0.0005,0.0028,0.0395,0.0648,0.0111,0.0066,8.0133,0.0156,0.0000,1.4644,0.0270,0.1830,0.1221,0.6022,0.0110,0.0000,47.6317,0.0003
1422,15.4800,0.0000,17.1570,11.4291,,true,0,0.008333,0.0000,0.0000,1.00,0.00,0.0000,22,1,292,364,8,39,139,0,16,16,8,0,8304,526,33,40,817786880,0.000000,0.000000,0.000000,0.00,4,0,0,0,0,12,36,42,15,27,28,24,24,25,23,16,16,0,0.0007,0.0024,0.0390,0.0907,0.0067,0.0071,11.4291,0.0173,0.0000,1.7230,0.0305,0.2090,0.0905,0.5488,0.0115,0.0000,45.9575,0.0008
1423,15.4989,0.0000,21.8270,8.5130,,true,0,0.008333,0.0000,0.0000,1.00,0.00,0.0000,22,1,304,364,8,41,141,0,16,16,8,0,8608,534,25,40,817803264,0.000000,0.000000,0.000000,0.00,4,0,0,0,0,12,36,42,15,27,27,27,27,29,22,20,16,0,0.0002,0.0027,0.0615,0.0841,0.0076,0.0249,8.5130,0.0481,0.0000,1.9699,0.0355,0.2871,0.1662,0.7269,0.0202,0.0000,41.3157,0.0009
1424,15.5183,0.0000,18.6822,9.4280,,true,0,0.008333,0.0000,0.0000,1.00,0.00,0.0000,22,1,304,364,8,43,143,0,16,16,8,0,8608,542,17,40,817803264,0.000000,0.000000,0.000000,0.00,4,0,0,0,0,12,36,42,15,27,27,27,27,29,22,20,16,0,0.0001,0.0045,0.0701,0.0341,0.0029,0.0080,9.4280,0.0303,0.0000,1.8810,0.0310,0.3638,0.1333,0.5361,0.0220,0.0000,44.7371,0.0015
1425,15.5397,0.0000,21.9596,8.9750,,true,0,0.008333,0.0000,0.0000,1.00,0.00,0.0000,22,1,319,364,8,47,147,0,16,16,8,0,8927,550,9,40,817803264,0.000000,0.000000,0.000000,0.00,4,0,0,0,0,12,36,42,14,30,30,30,30,33,22,20,16,0,0.0002,0.0015,0.0527,0.0707,0.0096,0.0084,8.9750,0.0214,0.0000,2.0614,0.0356,0.2914,0.1750,0.9346,0.0122,0.0000,46.1899,0.0004
1426,15.5576,0.0000,16.8821,9.9210,,true,0,0.008333,0.0000,0.0000,1.00,0.00,0.0000,22,1,331,364,1,51,151,0,16,16,8,0,9258,551,1,5,817803264,0.000000,0.000000,0.000000,0.00,4,0,0,0,0,12,36,42,14,29,34,30,30,31,29,24,16,0,0.0004,0.0010,0.1810,0.0299,0.0096,0.0031,9.9210,0.0713,0.0000,2.1185,0.0357,0.3329,0.3515,0.8548,0.0250,0.0000,43.6615,0.0012
1427,15.5837,0.0000,22.0615,13.9425,,true,0,0.008333,0.0000,0.0000,1.00,0.00,0.0000,22,1,292,361,8,56,156,0,16,16,1,0,9550,559,77,40,818323456,0.000000,0.000000,0.000000,0.00,4,0,0,0,0,12,39,30,15,27,28,24,24,24,25,24,16,0,0.0003,0.0025,0.0394,0.0962,0.0080,0.0057,13.9425,0.0119,0.0000,6.7781,0.0075,0.3209,0.1423,0.7679,0.0052,0.0000,7.0607,4.5115
1428,15.5998,0.0000,18.9761,10.8136,,true,0,0.008333,0.0000,0.0000,1.00,0.00,0.0000,22,1,300,361,8,70,170,0,16,16,8,0,9850,567,69,40,818323456,0.000000,0.000000,0.000000,0.00,4,0,0,0,0,20,39,30,15,27,28,24,24,24,25,24,16,0,0.0002,0.0024,0.0569,0.0692,0.0117,0.0201,10.8136,0.0263,0.0000,1.4899,0.0233,0.2334,0.1365,0.4837,0.0109,0.0000,39.0617,0.0009
1429,15.6204,0.0000,20.1775,11.2784,,true,0,0.008333,0.0000,0.0000,1.00,0.00,0.0000,22,1,291,361,8,89,189,0,16,16,8,0,10141,575,61,40,818323456,0.000000,0.000000,0.000000,0.00,4,0,0,0,0,20,39,30,16,24,24,24,24,24,26,20,16,0,0.0004,0.0020,0.0644,0.0773,0.0074,0.0065,11.2784,0.0239,0.0000,2.9350,0.0331,0.3257,0.4048,1.2129,0.0103,0.0000,36.8501,0.0012
1430,15.6373,0.0000,19.2165,8.9944,,true,0,0.008333,0.0000,0.0000,1.00,0.00,0.0000,22,1,288,361,8,108,208,0,16,16,8,0,10429,583,53,40,818327552,0.000000,0.000000,0.000000,0.00,4,0,0,0,0,20,39,30,17,20,24,24,24,24,26,20,16,0,0.0005,0.0035,0.0549,0.0661,0.0118,0.0085,8.9944,0.1150,0.0000,1.7334,0.0408,0.1967,0.1838,0.6441,0.0147,0.0000,41.4954,0.0017
1431,15.6595,0.0000,21.1455,10.1622,,true,0,0.008333,0.0000,0.0000,1.00,0.00,0.0000,22,1,285,361,8,121,221,0,16,16,8,0,10714,591,45,40,818327552,0.000000,0.000000,0.000000,0.00,4,0,0,0,0,20,39,30,17,20,24,24,24,24,27,16,16,0,0.0004,0.0026,0.0983,0.0854,0.0106,0.0074,10.1622,0.0245,0.0000,2.2692,0.0501,0.2990,0.2667,0.8651,0.0154,0.0000,41.6717,0.0007
1432,15.6802,0.0000,18.5039,12.3838,,true,0,0.008333,0.0000,0.0000,1.00,0.00,0.0000,22,1,300,361,8,129,229,0,16,16,8,0,11014,599,37,40,818331648,0.000000,0.000000,0.000000,0.00,4,0,0,0,0,20,39,29,20,23,27,27,28,24,27,16,16,0,0.0002,0.0011,0.1326,0.0491,0.0094,0.0026,12.3838,0.0573,0.0000,2.0352,0.0367,0.3400,0.1679,0.8251,0.0176,0.0000,48.0925,0.0008
1433,15.6971,0.0000,19.9952,9.2594,,true,0,0.008333,0.0000,0.0000,1.00,0.00,0.0000,22,1,306,361,8,130,230,0,16,16,8,0,11320,607,29,40,818331648,0.000000,0.000000,0.000000,0.00,4,0,0,0,0,20,39,29,20,23,27,27,27,27,31,16,16,0,0.0004,0.0027,0.0969,0.0812,0.0093,0.0264,9.2594,0.0267,0.0000,2.1297,0.0429,0.3029,0.2509,0.8138,0.0131,0.0000,49.4548,0.0009
1434,15.7159,0.0000,18.5666,9.5773,,true,0,0.008333,0.0000,0.0000,1.00,0.00,0.0000,22,1,312,361,8,127,227,0,16,16,8,0,11632,615,21,40,818982912,0.000000,0.000000,0.000000,0.00,4,0,0,0,0,20,39,29,20,23,27,27,27,27,29,24,16,0,0.0002,0.0016,0.0885,0.0620,0.0099,0.0050,9.5773,0.0517,0.0000,1.4531,0.0297,0.2208,0.2152,0.5225,0.0102,0.0000,45.5152,0.0004
1435,15.7380,0.0000,21.3691,9.9846,,true,0,0.008333,0.0000,0.0000,1.00,0.00,0.0000,22,1,312,361,8,122,222,0,16,16,8,0,11632,623,13,40,818982912,0.000000,0.000000,0.000000,0.00,4,0,0,0,0,20,39,29,20,23,27,27,27,27,29,24,16,0,0.0004,0.0027,0.0974,0.0516,0.0030,0.0078,9.9846,0.0543,0.0000,2.1787,0.0604,0.3129,0.2963,0.8194,0.0253,0.0000,52.9848,0.0006
1436,15.7574,0.0000,18.7067,10.7845,,true,0,0.008333,0.0000,0.0000,1.00,0.00,0.0000,22,1,324,361,5,115,215,0,16,16,8,0,11956,628,5,25,818982912,0.000000,0.000000,0.000000,0.00,4,0,0,0,0,20,39,29,19,26,30,30,31,27,29,24,16,0,0.0004,0.0025,0.1389,0.0730,0.0034,0.0071,10.7845,0.0618,0.0000,1.8919,0.0275,0.2205,0.3613,0.8618,0.0131,0.0000,47.2862,0.0008
1437,15.7765,0.0000,19.9720,10.2699,,true,0,0.008333,0.0000,0.0000,1.00,0.00,0.0000,22,1,333,361,0,108,208,0,16,16,5,0,12289,628,0,0,818982912,0.000000,0.000000,0.000000,0.00,4,0,0,0,0,20,39,29,19,26,30,30,30,30,32,28,16,0,0.0004,0.0025,0.2556,0.0399,0.0038,0.0114,10.2699,0.0540,0.0000,2.2230,0.0515,0.4217,0.2900,0.6918,0.0286,0.0000,26.0999,0.0025
1438,15.8020,0.0000,17.2574,18.0687,,true,0,0.008333,0.0000,0.0000,1.00,0.00,0.0000,22,1,308,362,8,101,201,5,16,17,0,0,12597,636,115,40,818982912,0.000000,0.000000,0.000000,0.00,0,0,0,0,0,20,39,30,16,23,27,27,26,31,29,24,16,0,0.0032,0.0123,0.1608,0.3187,0.0318,0.0391,18.0687,0.0421,0.0000,7.2931,0.0010,0.2671,0.1643,0.5270,0.0019,0.0000,0.0000,4.6890
1439,15.8195,0.0000,23.3470,12.6646,,true,0,0.008333,0.0000,0.0000,1.00,0.00,0.0000,22,1,284,362,8,77,177,5,16,17,8,0,12881,644,107,40,819503104,0.000000,0.000000,0.000000,0.00,0,0,0,0,0,20,39,30,18,17,21,20,23,27,29,24,16,0,0.0002,0.0014,0.1338,0.0751,0.0098,0.0059,12.6646,0.0336,0.0000,2.9452,0.0288,0.3376,0.4186,0.8740,0.0113,0.0000,45.7596,0.0012
1440,15.8360,0.0000,20.3683,8.8013,,true,0,0.008333,0.0000,0.0000,1.00,0.00,0.0000,22,1,260,362,8,59,159,5,16,17,8,0,13141,652,99,40,819503104,0.000000,0.000000,0.000000,0.00,0,0,0,0,0,20,39,30,18,18,18,18,17,21,21,24,16,0,0.0006,0.0018,0.0605,0.0965,0.0082,0.0059,8.8013,0.0300,0.0000,2.2748,0.0343,0.3088,0.1540,0.6807,0.0119,0.0000,50.3053,0.0008
1441,15.8590,0.0000,20.8762,10.5250,,true,0,0.008333,0.0000,0.0000,1.00,0.00,0.0000,22,1,260,362,8,45,145,5,16,17,8,0,13141,660,91,40,819769344,0.000000,0.000000,0.000000,0.00,0,0,0,0,0,20,39,30,18,18,18,18,17,21,21,24,16,0,0.0002,0.0022,0.1052,0.0409,0.0032,0.0127,10.5250,0.0536,0.0000,1.9366,0.0351,0.2644,0.2534,0.5762,0.0123,0.0000,47.3583,0.0004
1442,15.8741,0.0000,17.5646,8.3814,,true,0,0.008333,0.0000,0.0000,1.00,0.00,0.0000,22,1,263,362,8,34,134,5,16,17,8,0,13404,668,83,40,819769344,0.000000,0.000000,0.000000,0.00,0,0,0,0,0,20,39,30,18,18,18,18,17,20,25,24,16,0,0.0007,0.0056,0.0575,0.0711,0.0127,0.0153,8.3814,0.0271,0.0000,1.7717,0.0329,0.2994,0.1279,0.4517,0.0116,0.0000,46.8656,0.0006
1443,15.8963,0.0000,21.9800,8.2987,,true,0,0.008333,0.0000,0.0000,1.00,0.00,0.0000,22,1,272,362,8,26,126,5,16,17,8,0,13676,676,75,40,819814400,0.000000,0.000000,0.000000,0.00,0,0,0,0,0,20,39,30,18,18,17,21,21,20,24,28,16,0,0.0001,0.0028,0.0829,0.0752,0.0085,0.0057,8.2987,0.0421,0.0000,1.6548,0.0300,0.2498,0.2079,0.5185,0.0117,0.0000,47.0778,0.0004
1444,15.9153,0.0000,18.7082,8.7678,,true,0,0.008333,0.0000,0.0000,1.00,0.00,0.0000,22,1,278,362,8,20,120,5,16,17,8,0,13954,684,67,40,819957760,0.000000,0.000000,0.000000,0.00,0,0,0,0,0,20,39,30,18,18,17,21,20,23,28,28,16,0,0.0002,0.0013,0.0755,0.0343,0.0090,0.0068,8.7678,0.0577,0.0000,1.6669,0.0296,0.2382,0.2166,0.5136,0.0099,0.0000,48.5696,0.0009
1445,15.9344,0.0000,19.7868,8.0727,,true,0,0.008333,0.0000,0.0000,1.00,0.00,0.0000,22,1,284,362,8,16,116,5,16,17,8,0,14238,692,59,40,819957760,0.000000,0.000000,0.000000,0.00,0,0,0,0,0,20,39,30,18,18,17,21,20,23,28,26,24,0,0.0003,0.0015,0.0518,0.0799,0.0109,0.0259,8.0727,0.0172,0.0000,1.6699,0.0339,0.2581,0.1759,0.5951,0.0209,0.0000,49.1503,0.0013
1446,15.9542,0.0000,19.7881,7.7157,,true,0,0.008333,0.0000,0.0000,1.00,0.00,0.0000,22,1,290,362,8,14,114,5,16,17,8,0,14528,700,51,40,819957760,0.000000,0.000000,0.000000,0.00,0,0,0,0,0,20,39,30,18,18,17,21,20,23,27,29,28,0,0.0002,0.0010,0.0329,0.0358,0.0030,0.0024,7.7157,0.0181,0.0000,2.1659,0.0638,0.2910,0.0935,0.6171,0.0134,0.0000,46.2557,0.0014
1447,15.9794,0.0000,23.9413,9.2461,,true,0,0.008333,0.0000,0.0000,1.00,0.00,0.0000,22,1,293,362,8,14,114,5,16,17,8,0,14821,708,43,40,819957760,0.000000,0.000000,0.000000,0.00,0,0,0,0,0,20,39,30,18,18,17,21,20,23,27,28,32,0,0.0003,0.0021,0.0908,0.0749,0.0092,0.0025,9.2461,0.0479,0.0000,1.8823,0.0664,0.2728,0.2560,0.6015,0.0280,0.0000,57.7609,0.0004
1448,16.0012,0.0000,19.3248,12.1309,,true,0,0.008333,0.0000,0.0000,1.00,0.00,0.0000,22,1,305,362,8,15,115,5,16,17,8,0,15126,716,35,40,819957760,0.000000,0.000000,0.000000,0.00,0,0,0,0,0,20,39,30,18,18,17,21,20,23,25,34,40,0,0.0003,0.0044,0.1074,0.0517,0.0074,0.0069,12.1309,0.0606,0.0000,2.5365,0.0666,0.3926,0.2770,1.0265,0.0268,0.0000,47.0790,0.0008
1449,16.0198,0.0000,21.0571,9.5327,,true,0,0.008333,0.0000,0.0000,1.00,0.00,0.0000,22,1,308,362,8,18,118,5,16,17,8,0,15434,724,27,40,819957760,0.000000,0.000000,0.000000,0.00,0,0,0,0,0,20,39,30,18,18,17,21,20,23,25,33,44,0,0.0013,0.0012,0.0439,0.0668,0.0081,0.0060,9.5327,0.0192,0.0000,2.1239,0.0405,0.3137,0.2604,0.8260,0.0197,0.0000,46.5580,0.0004
1450,16.0397,0.0000,19.3142,10.0024,,true,0,0.008333,0.0000,0.0000,1.00,0.00,0.0000,22,1,314,362,8,22,122,5,16,17,8,0,15748,732,19,40,819957760,0.000000,0.000000,0.000000,0.00,0,0,0,0,0,20,39,30,18,18,17,21,20,23,25,31,52,0,0.0002,0.0030,0.0695,0.0479,0.0087,0.0157,10.0024,0.0230,0.0000,2.2908,0.0334,0.3024,0.2926,0.9991,0.0173,0.0000,40.2317,0.0005
1451,16.0607,0.0000,21.5751,9.4532,,true,0,0.008333,0.0000,0.0000,1.00,0.00,0.0000,22,1,317,362,8,26,126,5,17,17,8,0,16065,740,11,40,819961856,0.000000,0.000000,0.000000,0.00,0,0,0,0,0,20,39,30,18,18,17,21,20,23,25,31,51,4,0.0002,0.0014,0.0709,0.0258,0.0026,0.0073,9.4532,0.0409,0.0000,1.6718,0.0220,0.2948,0.2634,0.6205,0.0069,0.0000,38.1901,0.0010
1452,16.0796,0.0000,20.0449,7.8417,,true,0,0.008333,0.0000,0.0000,1.00,0.00,0.0000,22,1,326,362,3,30,130,5,17,17,8,0,16391,743,3,15,819998720,0.000000,0.000000,0.000000,0.00,0,0,0,0,0,20,39,30,18,18,17,21,20,23,25,31,48,16,0.0004,0.0017,0.0377,0.1615,0.0275,0.0113,7.8417,0.0179,0.0000,1.3522,0.0220,0.2379,0.1508,0.5430,0.0115,0.0000,45.0935,0.0009
1453,16.1013,0.0000,20.5044,9.5872,,true,0,0.008333,0.0000,0.0000,1.00,0.00,0.0000,22,1,335,362,0,33,133,5,17,17,3,0,16726,743,0,0,819998720,0.000000,0.000000,0.000000,0.00,0,0,0,0,0,20,39,30,18,18,17,21,20,23,24,33,56,16,0.0003,0.0050,0.0828,0.0448,0.0077,0.0098,9.5872,0.0394,0.0000,1.6796,0.0391,0.2610,0.2478,0.7161,0.0123,0.0000,14.1894,0.0006
1454,16.1249,0.0000,17.7260,15.3303,,true,0,0.008333,0.0000,0.0000,1.00,0.00,0.0000,22,1,295,360,8,36,136,5,16,16,0,0,17021,751,83,40,820002816,0.000000,0.000000,0.000000,0.00,0,0,0,0,0,16,39,30,18,18,17,21,20,23,25,36,32,0,0.0002,0.0018,0.0485,0.1205,0.0049,0.0040,15.3303,0.0131,0.0000,7.4223,0.0014,0.4824,0.1254,0.7284,0.0033,0.0000,0.0000,5.0014
1455,16.1364,0.0000,20.8012,6.2675,,true,0,0.008333,0.0000,0.0000,1.00,0.00,0.0000,22,1,302,360,8,37,137,0,16,16,8,0,17323,759,75,40,820002816,0.000000,0.000000,0.000000,0.00,4,0,0,0,0,16,38,34,18,18,17,21,20,23,25,36,32,0,0.0002,0.0013,0.0460,0.0365,0.0035,0.0028,6.2675,0.0204,0.0000,1.5139,0.0220,0.2350,0.1080,0.4967,0.0078,0.0000,44.4941,0.0004
1456,16.1487,0.0000,6.4991,10.8466,,true,0,0.008333,0.0000,0.0000,1.00,0.00,0.0000,22,1,299,360,8,38,138,0,16,16,3,0,17622,762,72,40,820101120,0.000000,0.000000,0.000000,0.00,4,0,0,0,0,16,38,34,18,18,17,21,20,23,26,32,32,0,0.0003,0.0008,0.0773,0.0318,0.0036,0.0020,10.8466,0.0233,0.0000,1.9829,0.0145,0.3327,0.1428,0.7119,0.0080,0.0000,14.7177,0.0005
1457,16.1688,0.0000,24.0432,7.9681,,true,0,0.008333,0.0000,0.0000,1.00,0.00,0.0000,22,1,284,360,8,38,138,0,16,16,8,0,17906,770,64,40,820101120,0.000000,0.000000,0.000000,0.00,4,0,0,0,0,16,38,34,18,18,17,21,20,24,23,31,20,0,0.0004,0.0026,0.0616,0.0815,0.0083,0.0058,7.9681,0.0266,0.0000,2.3737,0.0341,0.3457,0.2846,0.7920,0.0138,0.0000,42.4191,0.0006
1458,16.1894,0.0000,18.5936,9.8759,,true,0,0.008333,0.0000,0.0000,1.00,0.00,0.0000,22,1,281,360,8,37,137,0,16,16,8,0,18187,778,56,40,820101120,0.000000,0.000000,0.000000,0.00,4,0,0,0,0,16,38,34,18,18,17,21,20,24,23,32,16,0,0.0003,0.0040,0.0898,0.0636,0.0094,0.0089,9.8759,0.0447,0.0000,2.4565,0.0862,0.3976,0.2818,0.7400,0.0416,0.0000,39.9272,0.0007
1459,16.2106,0.0000,20.8559,10.0356,,true,0,0.008333,0.0000,0.0000,1.00,0.00,0.0000,22,1,287,360,8,36,136,0,16,16,8,0,18474,786,48,40,820101120,0.000000,0.000000,0.000000,0.00,4,0,0,0,0,16,38,34,16,26,17,21,20,24,23,32,16,0,0.0006,0.0033,0.0505,0.0757,0.0069,0.0102,10.0356,0.0203,0.0000,1.7187,0.0231,0.2562,0.1318,0.7133,0.0067,0.0000,39.9227,0.0008
1460,16.2288,0.0000,20.5147,8.0366,,true,0,0.008333,0.0000,0.0000,1.00,0.00,0.0000,22,1,299,360,8,35,135,0,16,16,8,0,18773,794,40,40,820105216,0.000000,0.000000,0.000000,0.00,4,0,0,0,0,16,38,34,16,24,24,24,24,24,23,32,16,0,0.0009,0.0059,0.0513,0.0929,0.0094,0.0103,8.0366,0.0187,0.0000,1.5379,0.0233,0.2122,0.1394,0.6424,0.0103,0.0000,37.8636,0.0002
1461,16.2512,0.0000,19.7111,10.4637,,true,0,0.008333,0.0000,0.0000,1.00,0.00,0.0000,22,1,299,360,8,34,134,0,16,16,8,0,18773,802,32,40,820105216,0.000000,0.000000,0.000000,0.00,4,0,0,0,0,16,38,34,16,24,24,24,24,24,23,32,16,0,0.0003,0.0030,0.0986,0.0696,0.0085,0.0108,10.4637,0.0529,0.0000,2.6068,0.0619,0.4032,0.3066,0.8837,0.0216,0.0000,37.4523,0.0003
1462,16.2682,0.0000,18.9019,8.9042,,true,0,0.008333,0.0000,0.0000,1.00,0.00,0.0000,22,1,299,360,8,33,133,0,16,16,8,0,18773,810,24,40,820105216,0.000000,0.000000,0.000000,0.00,4,0,0,0,0,16,38,34,16,24,24,24,24,24,23,32,16,0,0.0002,0.0025,0.0639,0.0340,0.0031,0.0072,8.9042,0.0248,0.0000,1.8259,0.0163,0.3095,0.1922,0.6602,0.0089,0.0000,39.1586,0.0005
1463,16.2879,0.0000,17.6020,10.7020,,true,0,0.008333,0.0000,0.0000,1.00,0.00,0.0000,22,1,299,360,8,31,131,0,16,16,8,0,18773,818,16,40,820105216,0.000000,0.000000,0.000000,0.00,4,0,0,0,0,16,38,34,16,24,24,24,24,24,23,32,16,0,0.0006,0.0040,0.0796,0.0438,0.0030,0.0110,10.7020,0.0243,0.0000,2.0416,0.0316,0.3402,0.2011,0.7649,0.0101,0.0000,40.6408,0.0008
1464,16.3085,0.0000,20.1573,11.0878,,true,0,0.008333,0.0000,0.0000,1.00,0.00,0.0000,22,1,311,360,8,29,129,0,16,16,8,0,19084,826,8,40,820105216,0.000000,0.000000,0.000000,0.00,4,0,0,0,0,16,38,34,14,30,32,24,24,24,23,32,16,0,0.0004,0.0027,0.0522,0.0336,0.0094,0.0109,11.0878,0.0187,0.0000,1.9155,0.0537,0.3902,0.1619,0.7329,0.0202,0.0000,43.6916,0.0006
1465,16.3267,0.0000,20.3250,8.9360,,true,0,0.008333,0.0000,0.0000,1.00,0.00,0.0000,22,1,332,360,0,27,127,0,16,16,8,0,19416,826,0,0,820105216,0.000000,0.000000,0.000000,0.00,4,0,0,0,0,16,38,34,14,30,30,30,30,31,27,32,16,0,0.0008,0.0046,0.0920,0.1013,0.0189,0.0098,8.9360,0.0555,0.0000,1.5480,0.0709,0.2235,0.1953,0.6830,0.0164,0.0000,47.1022,0.0005
1466,16.3450,0.0000,18.0766,9.4773,,true,0,0.008333,0.0000,0.0000,1.00,0.00,0.0000,22,1,325,364,8,26,126,0,16,16,0,0,19741,834,12,40,820105216,0.000000,0.000000,0.000000,0.00,4,0,0,0,0,12,38,34,14,30,30,30,30,31,28,28,16,0,0.0003,0.0025,0.0448,0.0490,0.0092,0.0085,9.4773,0.0166,0.0000,4.5171,0.0003,0.2335,0.1406,0.5327,0.0010,0.0000,0.0000,3.2012
1467,16.3592,0.0000,17.5491,6.4832,,true,0,0.008333,0.0000,0.0000,1.00,0.00,0.0000,22,1,331,364,4,19,119,0,16,16,8,0,20072,838,4,20,820105216,0.000000,0.000000,0.000000,0.00,4,0,0,0,0,12,36,42,14,30,30,30,30,31,28,28,16,0,0.0005,0.0023,0.0477,0.0294,0.0037,0.0130,6.4832,0.0235,0.0000,1.3604,0.0228,0.2281,0.1293,0.5831,0.0092,0.0000,39.8403,0.0001
1468,16.3682,0.0000,7.2288,7.9819,,true,0,0.008333,0.0000,0.0000,1.00,0.00,0.0000,22,1,331,364,2,14,114,0,16,16,2,0,20072,838,2,10,820105216,0.000000,0.000000,0.000000,0.00,4,0,0,0,0,12,36,42,14,30,30,30,30,31,28,28,16,0,0.0002,0.0006,0.0771,0.0229,0.0021,0.0018,7.9819,0.0582,0.0000,1.2792,0.0074,0.2046,0.1867,0.5471,0.0031,0.0000,9.5646,0.0001
1469,16.3901,0.0000,19.7100,9.9972,,true,0,0.008333,0.0000,0.0000,1.00,0.00,0.0000,22,1,334,364,0,12,112,0,16,16,2,0,20406,838,0,0,820109312,0.000000,0.000000,0.000000,0.00,4,0,0,0,0,12,36,42,14,30,30,30,30,30,32,28,16,0,0.0003,0.0026,0.0563,0.0465,0.0037,0.0059,9.9972,0.0266,0.0000,1.8838,0.0197,0.2895,0.2565,0.8119,0.0119,0.0000,15.4205,0.0007
1470,16.4143,0.0000,24.7990,9.0723,,true,0,0.008333,0.0000,0.0000,1.00,0.00,0.0000,22,1,334,364,0,9,109,0,16,16,0,0,20406,838,0,0,820109312,0.000000,0.000000,0.000000,0.00,4,0,0,0,0,12,36,42,14,30,30,30,30,30,32,28,16,0,0.0002,0.0026,0.0557,0.0559,0.0124,0.0097,9.0723,0.0232,0.0000,1.0848,0.0008,0.3584,0.1903,0.0012,0.0010,0.0000,0.0000,0.0010
1471,16.4327,0.0000,20.4317,7.6480,,true,0,0.008333,0.0000,0.0000,1.00,0.00,0.0000,22,1,334,364,0,7,107,0,16,16,0,0,20406,838,0,0,820109312,0.000000,0.000000,0.000000,0.00,4,0,0,0,0,12,36,42,14,30,30,30,30,30,32,28,16,0,0.0002,0.0021,0.1236,0.0769,0.0087,0.0104,7.6480,0.0875,0.0000,1.0602,0.0005,0.2819,0.1490,0.0015,0.0017,0.0000,0.0000,0.0006
1472,16.4389,0.0000,8.4180,5.7170,,true,0,0.008333,0.0000,0.0000,1.00,0.00,0.0000,22,1,334,364,0,6,106,0,16,16,0,0,20406,838,0,0,820109312,0.000000,0.000000,0.000000,0.00,4,0,0,0,0,12,36,42,14,30,30,30,30,30,32,28,16,0,0.0002,0.0021,0.1095,0.0263,0.0030,0.0060,5.7170,0.0200,0.0000,0.7416,0.0005,0.2713,0.1271,0.0012,0.0003,0.0000,0.0000,0.0003
1473,16.4458,0.0000,6.5798,6.0037,,true,0,0.008333,0.0000,0.0000,1.00,0.00,0.0000,22,1,334,364,0,5,105,0,16,16,0,0,20406,838,0,0,820109312,0.000000,0.000000,0.000000,0.00,4,0,0,0,0,12,36,42,14,30,30,30,30,30,32,28,16,0,0.0002,0.0011,0.0518,0.1240,0.0120,0.0056,6.0037,0.0159,0.0000,0.9755,0.0001,0.2682,0.3140,0.0025,0.0011,0.0000,0.0000,0.0001
1474,16.4527,0.0000,7.1137,5.7023,,true,0,0.008333,0.0000,0.0000,1.00,0.00,0.0000,22,1,334,364,0,4,104,0,16,16,0,0,20406,838,0,0,820109312,0.000000,0.000000,0.000000,0.00,4,0,0,0,0,12,36,42,14,30,30,30,30,30,32,28,16,0,0.0005,0.0014,0.0392,0.0474,0.0060,0.0065,5.7023,0.0122,0.0000,0.9109,0.0004,0.3173,0.1538,0.0011,0.0006,0.0000,0.0000,0.0005
1475,16.4647,0.0000,11.0421,6.8405,,true,0,0.008333,0.0000,0.0000,1.00,0.00,0.0000,22,1,334,364,0,4,104,0,16,16,0,0,20406,838,0,0,820408320,0.000000,0.000000,0.000000,0.00,4,0,0,0,0,12,36,42,14,30,30,30,30,30,32,28,16,0,0.0002,0.0014,0.0365,0.0383,0.0034,0.0028,6.8405,0.0109,0.0000,0.8628,0.0003,0.3099,0.1459,0.0015,0.0006,0.0000,0.0000,0.0005
1476,16.4741,0.0000,10.7419,5.5228,,true,0,0.008333,0.0000,0.0000,1.00,0.00,0.0000,22,1,334,364,0,4,104,0,16,16,0,0,20406,838,0,0,820408320,0.000000,0.000000,0.000000,0.00,4,0,0,0,0,12,36,42,14,30,30,30,30,30,32,28,16,0,0.0001,0.0012,0.0566,0.0291,0.0027,0.0028,5.5228,0.0177,0.0000,0.9426,0.0007,0.3107,0.1606,0.0013,0.0005,0.0000,0.0000,0.0006
1477,16.4843,0.0000,10.2685,4.8936,,true,0,0.008333,0.0000,0.0000,1.00,0.00,0.0000,22,1,334,364,0,5,105,0,16,16,0,0,20406,838,0,0,820408320,0.000000,0.000000,0.000000,0.00,4,0,0,0,0,12,36,42,14,30,30,30,30,30,32,28,16,0,0.0002,0.0011,0.0372,0.0350,0.0058,0.0060,4.8936,0.0090,0.0000,0.7976,0.0002,0.2839,0.1227,0.0004,0.0004,0.0000,0.0000,0.0002
1478,16.4956,0.0000,11.9116,4.8498,,true,0,0.008333,0.0000,0.0000,1.00,0.00,0.0000,22,1,334,364,0,6,106,0,16,16,0,0,20406,838,0,0,820408320,0.000000,0.000000,0.000000,0.00,4,0,0,0,0,12,36,42,14,30,30,30,30,30,32,28,16,0,0.0002,0.0007,0.0320,0.0264,0.0026,0.0032,4.8498,0.0098,0.0000,0.6059,0.0003,0.2042,0.1009,0.0009,0.0006,0.0000,0.0000,0.0002
1479,16.5167,0.0000,19.4644,6.1104,,true,0,0.008333,0.0000,0.0000,1.00,0.00,0.0000,22,1,334,364,0,7,107,0,16,16,0,0,20406,838,0,0,820412416,0.000000,0.000000,0.000000,0.00,4,0,0,0,0,12,36,42,14,30,30,30,30,30,32,28,16,0,0.0004,0.0027,0.0582,0.0508,0.0055,0.0098,6.1104,0.0165,0.0000,1.1360,0.0008,0.3995,0.2382,0.0025,0.0009,0.0000,0.0000,0.0006
1480,16.5234,0.0000,6.1902,5.6150,,true,0,0.008333,0.0000,0.0000,1.00,0.00,0.0000,22,1,334,364,0,7,107,0,16,16,0,0,20406,838,0,0,820412416,0.000000,0.000000,0.000000,0.00,4,0,0,0,0,12,36,42,14,30,30,30,30,30,32,28,16,0,0.0003,0.0013,0.0464,0.0570,0.0044,0.0052,5.6150,0.0263,0.0000,0.9872,0.0010,0.3247,0.1918,0.0015,0.0008,0.0000,0.0000,0.0003
1481,16.5299,0.0000,6.8834,5.6911,,true,0,0.008333,0.0000,0.0000,1.00,0.00,0.0000,22,1,334,364,0,8,108,0,16,16,0,0,20406,838,0,0,820412416,0.000000,0.000000,0.000000,0.00,4,0,0,0,0,12,36,42,14,30,30,30,30,30,32,28,16,0,0.0002,0.0016,0.0394,0.0329,0.0031,0.0053,5.6911,0.0108,0.0000,0.8560,0.0005,0.2839,0.1672,0.0011,0.0010,0.0000,0.0000,0.0002
1482,16.5383,0.0000,9.9132,4.9869,,true,0,0.008333,0.0000,0.0000,1.00,0.00,0.0000,22,1,334,364,0,9,109,0,16,16,0,0,20406,838,0,0,820412416,0.000000,0.000000,0.000000,0.00,4,0,0,0,0,12,36,42,14,30,30,30,30,30,32,28,16,0,0.0002,0.0009,0.0487,0.0318,0.0025,0.0025,4.9869,0.0111,0.0000,0.8191,0.0002,0.2845,0.1278,0.0007,0.0005,0.0000,0.0000,0.0003
1483,16.5496,0.0000,10.9704,5.3201,,true,0,0.008333,0.0000,0.0000,1.00,0.00,0.0000,22,1,334,364,0,9,109,0,16,16,0,0,20406,838,0,0,820412416,0.000000,0.000000,0.000000,0.00,4,0,0,0,0,12,36,42,14,30,30,30,30,30,32,28,16,0,0.0001,0.0011,0.0307,0.0428,0.0035,0.0024,5.3201,0.0085,0.0000,0.6450,0.0002,0.2105,0.1089,0.0007,0.0005,0.0000,0.0000,0.0005
1484,16.5615,0.0000,10.4602,6.7711,,true,0,0.008333,0.0000,0.0000,1.00,0.00,0.0000,22,1,334,364,0,10,110,0,16,16,0,0,20406,838,0,0,820412416,0.000000,0.000000,0.000000,0.00,4,0,0,0,0,12,36,42,14,30,30,30,30,30,32,28,16,0,0.0003,0.0011,0.0395,0.0358,0.0044,0.0045,6.7711,0.0178,0.0000,1.0032,0.0006,0.3768,0.1841,0.0013,0.0008,0.0000,0.0000,0.0005
1485,16.5706,0.0000,10.3133,5.6573,,true,0,0.008333,0.0000,0.0000,1.00,0.00,0.0000,22,1,334,364,0,10,110,0,16,16,0,0,20406,838,0,0,820412416,0.000000,0.000000,0.000000,0.00,4,0,0,0,0,12,36,42,14,30,30,30,30,30,32,28,16,0,0.0003,0.0009,0.0460,0.0278,0.0046,0.0030,5.6573,0.0139,0.0000,0.8362,0.0004,0.3023,0.1342,0.0008,0.0006,0.0000,0.0000,0.0004
1486,16.5786,0.0000,9.3449,4.3868,,true,0,0.008333,0.0000,0.0000,1.00,0.00,0.0000,22,1,334,364,0,11,111,0,16,16,0,0,20406,838,0,0,820412416,0.000000,0.000000,0.000000,0.00,4,0,0,0,0,12,36,42,14,30,30,30,30,30,32,28,16,0,0.0003,0.0009,0.0436,0.0199,0.0017,0.0024,4.3868,0.0115,0.0000,0.8130,0.0003,0.2712,0.1259,0.0005,0.0003,0.0000,0.0000,0.0001
1487,16.6034,0.0000,19.8107,9.3352,,true,0,0.008333,0.0000,0.0000,1.00,0.00,0.0000,22,1,334,364,0,13,113,0,16,16,0,0,20406,838,0,0,820412416,0.000000,0.000000,0.000000,0.00,4,0,0,0,0,12,36,42,14,30,30,30,30,30,32,28,16,0,0.0002,0.0010,0.0462,0.0434,0.0022,0.0042,9.3352,0.0188,0.0000,4.5712,0.0006,0.2152,0.1665,0.5964,0.0004,0.0000,0.0000,3.2294
1488,16.6092,0.0000,4.3277,5.0143,,true,0,0.008333,0.0000,0.0000,1.00,0.00,0.0000,22,1,334,364,0,39,139,0,16,16,0,0,20406,838,0,0,820420608,0.000000,0.000000,0.000000,0.00,4,0,0,0,0,12,36,42,14,30,30,30,30,30,32,28,16,0,0.0003,0.0010,0.0401,0.0350,0.0031,0.0064,5.0143,0.0124,0.0000,0.8732,0.0003,0.3374,0.1328,0.0014,0.0005,0.0000,0.0000,0.0003
1489,16.6151,0.0000,11.3896,5.0125,,true,0,0.008333,0.0000,0.0000,1.00,0.00,0.0000,22,1,334,364,0,47,147,0,16,16,0,0,20406,838,0,0,820420608,0.000000,0.000000,0.000000,0.00,4,0,0,0,0,12,36,42,14,30,30,30,30,30,32,28,16,0,0.0003,0.0035,0.0294,0.0269,0.0029,0.0267,5.0125,0.0124,0.0000,1.0571,0.0007,0.3087,0.1937,0.0018,0.0010,0.0000,0.0000,0.0006
1490,16.6198,0.0000,5.0771,4.0295,,true,0,0.008333,0.0000,0.0000,1.00,0.00,0.0000,22,1,334,364,0,53,153,0,16,16,0,0,20406,838,0,0,820420608,0.000000,0.000000,0.000000,0.00,4,0,0,0,0,12,36,42,14,30,30,30,30,30,32,28,16,0,0.0004,0.0006,0.0255,0.0323,0.0021,0.0046,4.0295,0.0057,0.0000,0.6162,0.0004,0.2055,0.1083,0.0010,0.0007,0.0000,0.0000,0.0004
1491,16.6293,0.0000,9.5632,4.8678,,true,0,0.008333,0.0000,0.0000,1.00,0.00,0.0000,22,1,334,364,0,56,156,0,16,16,0,0,20406,838,0,0,820420608,0.000000,0.000000,0.000000,0.00,4,0,0,0,0,12,36,42,14,30,30,30,30,30,32,28,16,0,0.0002,0.0008,0.0228,0.0202,0.0020,0.0034,4.8678,0.0052,0.0000,0.6205,0.0002,0.2110,0.1284,0.0011,0.0001,0.0000,0.0000,0.0000
1492,16.6517,0.0000,21.2687,5.7838,,true,0,0.008333,0.0000,0.0000,1.00,0.00,0.0000,22,1,334,364,0,59,159,0,16,16,0,0,20406,838,0,0,820420608,0.000000,0.000000,0.000000,0.00,4,0,0,0,0,12,36,42,14,30,30,30,30,30,32,28,16,0,0.0003,0.0019,0.0335,0.0963,0.0092,0.0053,5.7838,0.0170,0.0000,0.9490,0.0003,0.3117,0.1150,0.0010,0.0005,0.0000,0.0000,0.0003
1493,16.6643,0.0000,5.3516,11.3223,,true,0,0.008333,0.0000,0.0000,1.00,0.00,0.0000,22,1,333,360,0,62,162,0,16,16,0,0,20739,838,0,0,820424704,0.000000,0.000000,0.000000,0.00,4,0,0,0,0,20,39,30,14,30,30,30,30,31,27,32,16,0,0.0004,0.0024,0.0555,0.0479,0.0066,0.0057,11.3223,0.0215,0.0000,6.4759,0.0004,0.3144,0.1437,0.7379,0.0015,0.0000,0.0000,4.6518
1494,16.6694,0.0000,7.4288,4.3727,,true,0,0.008333,0.0000,0.0000,1.00,0.00,0.0000,22,1,333,360,0,63,163,0,16,16,0,0,20739,838,0,0,820424704,0.000000,0.000000,0.000000,0.00,4,0,0,0,0,20,39,30,14,30,30,30,30,31,27,32,16,0,0.0003,0.0009,0.0519,0.0336,0.0023,0.0038,4.3727,0.0101,0.0000,0.8462,0.0004,0.3111,0.1248,0.0008,0.0004,0.0000,0.0000,0.0006
1495,16.6755,0.0000,11.9968,4.8493,,true,0,0.008333,0.0000,0.0000,1.00,0.00,0.0000,22,1,333,360,0,61,161,0,16,16,0,0,20739,838,0,0,820424704,0.000000,0.000000,0.000000,0.00,4,0,0,0,0,20,39,30,14,30,30,30,30,31,27,32,16,0,0.0003,0.0016,0.0445,0.0433,0.0059,0.0069,4.8493,0.0162,0.0000,0.9481,0.0006,0.2962,0.2004,0.0029,0.0008,0.0000,0.0000,0.0004
1496,16.6893,0.0000,13.9719,4.5928,,true,0,0.008333,0.0000,0.0000,1.00,0.00,0.0000,22,1,333,360,0,61,161,0,16,16,0,0,20739,838,0,0,820424704,0.000000,0.000000,0.000000,0.00,4,0,0,0,0,20,39,30,14,30,30,30,30,31,27,32,16,0,0.0001,0.0021,0.0404,0.0638,0.0023,0.0048,4.5928,0.0128,0.0000,0.8171,0.0003,0.3989,0.0978,0.0006,0.0004,0.0000,0.0000,0.0002
1497,16.6952,0.0000,3.8204,4.9829,,true,0,0.008333,0.0000,0.0000,1.00,0.00,0.0000,22,1,333,360,0,62,162,0,16,16,0,0,20739,838,0,0,820428800,0.000000,0.000000,0.000000,0.00,4,0,0,0,0,20,39,30,14,30,30,30,30,31,27,32,16,0,0.0002,0.0015,0.0540,0.0359,0.0029,0.0034,4.9829,0.0169,0.0000,0.7674,0.0001,0.2889,0.1522,0.0004,0.0002,0.0000,0.0000,0.0001
1498,16.6999,0.0000,6.8302,4.0331,,true,0,0.008333,0.0000,0.0000,1.00,0.00,0.0000,22,1,333,360,0,62,162,0,16,16,0,0,20739,838,0,0,820428800,0.000000,0.000000,0.000000,0.00,4,0,0,0,0,20,39,30,14,30,30,30,30,31,27,32,16,0,0.0002,0.0006,0.0290,0.0319,0.0024,0.0020,4.0331,0.0098,0.0000,0.5537,0.0001,0.2008,0.0917,0.0003,0.0001,0.0000,0.0000,0.0001
1499,16.7107,0.0000,10.6815,4.7026,,true,0,0.008333,0.0000,0.0000,1.00,0.00,0.0000,22,1,333,360,0,60,160,0,16,16,0,0,20739,838,0,0,820428800,0.000000,0.000000,0.000000,0.00,4,0,0,0,0,20,39,30,14,30,30,30,30,31,27,32,16,0,0.0002,0.0012,0.0310,0.0281,0.0036,0.0037,4.7026,0.0121,0.0000,0.6167,0.0003,0.2040,0.1163,0.0007,0.0001,0.0000,0.0000,0.0001
1500,16.7199,0.0000,10.6103,3.5135,,true,0,0.008333,0.0000,0.0000,1.00,0.00,0.0000,22,1,333,360,0,59,159,0,16,16,0,0,20739,838,0,0,820428800,0.000000,0.000000,0.000000,0.00,4,0,0,0,0,20,39,30,14,30,30,30,30,31,27,32,16,0,0.0001,0.0010,0.0253,0.0210,0.0017,0.0018,3.5135,0.0078,0.0000,0.5710,0.0001,0.2003,0.1014,0.0003,0.0002,0.0000,0.0000,0.0001
1501,16.7365,0.0000,8.3902,11.6554,,true,0,0.008333,0.0000,0.0000,1.00,0.00,0.0000,22,1,330,360,4,57,157,0,16,16,0,0,21069,842,4,20,820428800,0.000000,0.000000,0.000000,0.00,4,0,0,0,0,20,39,30,15,27,27,27,27,25,33,40,16,0,0.0008,0.0016,0.0705,0.0262,0.0033,0.0065,11.6554,0.0357,0.0000,6.4501,0.0004,0.3091,0.1635,1.1060,0.0007,0.0000,0.0000,4.4492
1502,16.7419,0.0000,12.3052,4.9167,,true,0,0.008333,0.0000,0.0000,1.00,0.00,0.0000,22,1,333,360,0,46,146,0,16,16,4,0,21402,842,0,0,820428800,0.000000,0.000000,0.000000,0.00,4,0,0,0,0,20,39,30,15,27,27,27,27,24,37,40,16,0,0.0002,0.0010,0.0250,0.0219,0.0024,0.0034,4.9167,0.0105,0.0000,1.5402,0.0123,0.2812,0.1270,0.7153,0.0049,0.0000,23.3429,0.0004
1503,16.7678,0.0000,22.7138,7.4675,,true,0,0.008333,0.0000,0.0000,1.00,0.00,0.0000,22,1,333,360,0,38,138,0,16,16,0,0,21402,842,0,0,820539392,0.000000,0.000000,0.000000,0.00,4,0,0,0,0,20,39,30,15,27,27,27,27,24,37,40,16,0,0.0001,0.0011,0.0496,0.0273,0.0030,0.0020,7.4675,0.0299,0.0000,0.9400,0.0011,0.2746,0.2658,0.0046,0.0026,0.0000,0.0000,0.0003
1504,16.7825,0.0000,18.4825,4.1202,,true,0,0.008333,0.0000,0.0000,1.00,0.00,0.0000,22,1,333,360,0,31,131,0,16,16,0,0,21402,842,0,0,820539392,0.000000,0.000000,0.000000,0.00,4,0,0,0,0,20,39,30,15,27,27,27,27,24,37,40,16,0,0.0014,0.0032,0.0314,0.0425,0.0040,0.0081,4.1202,0.0116,0.0000,0.7586,0.0004,0.2841,0.1149,0.0014,0.0007,0.0000,0.0000,0.0006
1505,16.7875,0.0000,4.3515,4.4750,,true,0,0.008333,0.0000,0.0000,1.00,0.00,0.0000,22,1,333,360,0,26,126,0,16,16,0,0,21402,842,0,0,820539392,0.000000,0.000000,0.000000,0.00,4,0,0,0,0,20,39,30,15,27,27,27,27,24,37,40,16,0,0.0001,0.0006,0.0849,0.0226,0.0035,0.0014,4.4750,0.0121,0.0000,0.7005,0.0001,0.2494,0.1421,0.0003,0.0001,0.0000,0.0000,0.0001
1506,16.7921,0.0000,4.4933,4.1165,,true,0,0.008333,0.0000,0.0000,1.00,0.00,0.0000,22,1,333,360,0,22,122,0,16,16,0,0,21402,842,0,0,820539392,0.000000,0.000000,0.000000,0.00,4,0,0,0,0,20,39,30,15,27,27,27,27,24,37,40,16,0,0.0002,0.0010,0.0250,0.0505,0.0090,0.0047,4.1165,0.0114,0.0000,0.5875,0.0001,0.2098,0.1031,0.0003,0.0001,0.0000,0.0000,0.0001
1507,16.8063,0.0000,15.0219,4.2227,,true,0,0.008333,0.0000,0.0000,1.00,0.00,0.0000,22,1,333,360,0,19,119,0,16,16,0,0,21402,842,0,0,820543488,0.000000,0.000000,0.000000,0.00,4,0,0,0,0,20,39,30,15,27,27,27,27,24,37,40,16,0,0.0002,0.0005,0.0395,0.0197,0.0018,0.0025,4.2227,0.0118,0.0000,0.7985,0.0002,0.3037,0.1260,0.0005,0.0004,0.0000,0.0000,0.0002
1508,16.8164,0.0000,9.4764,4.7300,,true,0,0.008333,0.0000,0.0000,1.00,0.00,0.0000,22,1,333,360,0,16,116,0,16,16,0,0,21402,842,0,0,820543488,0.000000,0.000000,0.000000,0.00,4,0,0,0,0,20,39,30,15,27,27,27,27,24,37,40,16,0,0.0003,0.0008,0.0361,0.0283,0.0025,0.0027,4.7300,0.0098,0.0000,0.7715,0.0003,0.2693,0.1307,0.0006,0.0002,0.0000,0.0000,0.0003
1509,16.8251,0.0000,9.1653,4.3441,,true,0,0.008333,0.0000,0.0000,1.00,0.00,0.0000,22,1,333,360,0,14,114,0,16,16,0,0,21402,842,0,0,820543488,0.000000,0.000000,0.000000,0.00,4,0,0,0,0,20,39,30,15,27,27,27,27,24,37,40,16,0,0.0002,0.0010,0.0431,0.0377,0.0025,0.0028,4.3441,0.0102,0.0000,0.7926,0.0002,0.3000,0.1258,0.0007,0.0003,0.0000,0.0000,0.0003
1510,16.8335,0.0000,8.9355,3.5669,,true,0,0.008333,0.0000,0.0000,1.00,0.00,0.0000,22,1,333,360,0,12,112,0,16,16,0,0,21402,842,0,0,820543488,0.000000,0.000000,0.000000,0.00,4,0,0,0,0,20,39,30,15,27,27,27,27,24,37,40,16,0,0.0003,0.0012,0.0256,0.0369,0.0036,0.0053,3.5669,0.0083,0.0000,0.5899,0.0002,0.2084,0.0970,0.0008,0.0003,0.0000,0.0000,0.0002
1511,16.8469,0.0000,12.5873,4.6582,,true,0,0.008333,0.0000,0.0000,1.00,0.00,0.0000,22,1,333,360,0,10,110,0,16,16,0,0,21402,842,0,0,820543488,0.000000,0.000000,0.000000,0.00,4,0,0,0,0,20,39,30,15,27,27,27,27,24,37,40,16,0,0.0003,0.0017,0.0349,0.0513,0.0072,0.0049,4.6582,0.0103,0.0000,0.7738,0.0002,0.2734,0.1286,0.0005,0.0003,0.0000,0.0000,0.0002
1512,16.8572,0.0000,9.8676,4.9740,,true,0,0.008333,0.0000,0.0000,1.00,0.00,0.0000,22,1,333,360,0,9,109,0,16,16,0,0,21402,842,0,0,820543488,0.000000,0.000000,0.000000,0.00,4,0,0,0,0,20,39,30,15,27,27,27,27,24,37,40,16,0,0.0001,0.0010,0.0421,0.0346,0.0043,0.0045,4.9740,0.0113,0.0000,0.8208,0.0003,0.3057,0.1281,0.0006,0.0005,0.0000,0.0000,0.0003
1513,16.8673,0.0000,9.9031,4.7362,,true,0,0.008333,0.0000,0.0000,1.00,0.00,0.0000,22,1,333,360,0,8,108,0,16,16,0,0,21402,842,0,0,820543488,0.000000,0.000000,0.000000,0.00,4,0,0,0,0,20,39,30,15,27,27,27,27,24,37,40,16,0,0.0002,0.0009,0.0268,0.0331,0.0019,0.0025,4.7362,0.0082,0.0000,0.5773,0.0002,0.2098,0.0993,0.0005,0.0003,0.0000,0.0000,0.0002
1514,16.8784,0.0000,11.6352,4.4729,,true,0,0.008333,0.0000,0.0000,1.00,0.00,0.0000,22,1,333,360,0,7,107,0,16,16,0,0,21402,842,0,0,820543488,0.000000,0.000000,0.000000,0.00,4,0,0,0,0,20,39,30,15,27,27,27,27,24,37,40,16,0,0.0001,0.0013,0.0452,0.0183,0.0012,0.0041,4.4729,0.0100,0.0000,0.8196,0.0002,0.3124,0.1261,0.0008,0.0005,0.0000,0.0000,0.0004
1515,16.8871,0.0000,9.7666,3.4317,,true,0,0.008333,0.0000,0.0000,1.00,0.00,0.0000,22,1,333,360,0,6,106,0,16,16,0,0,21402,842,0,0,820543488,0.000000,0.000000,0.000000,0.00,4,0,0,0,0,20,39,30,15,27,27,27,27,24,37,40,16,0,0.0003,0.0010,0.0255,0.0189,0.0011,0.0032,3.4317,0.0069,0.0000,0.5580,0.0002,0.1989,0.0952,0.0005,0.0002,0.0000,0.0000,0.0001
1516,16.8984,0.0000,11.2169,3.5647,,true,0,0.008333,0.0000,0.0000,1.00,0.00,0.0000,22,1,333,360,0,6,106,0,16,16,0,0,21402,842,0,0,820547584,0.000000,0.000000,0.000000,0.00,4,0,0,0,0,20,39,30,15,27,27,27,27,24,37,40,16,0,0.0002,0.0006,0.0325,0.0193,0.0012,0.0013,3.5647,0.0096,0.0000,0.5524,0.0001,0.1960,0.1008,0.0004,0.0002,0.0000,0.0000,0.0001
1517,16.9113,0.0000,11.0315,5.4137,,true,0,0.008333,0.0000,0.0000,1.00,0.00,0.0000,22,1,333,360,0,5,105,0,16,16,0,0,21402,842,0,0,820621312,0.000000,0.000000,0.000000,0.00,4,0,0,0,0,20,39,30,15,27,27,27,27,24,37,40,16,0,0.0005,0.0032,0.0251,0.0204,0.0013,0.0062,5.4137,0.0065,0.0000,0.5419,0.0001,0.1970,0.0868,0.0004,0.0001,0.0000,0.0000,0.0001
1518,16.9209,0.0000,10.3980,4.3588,,true,0,0.008333,0.0000,0.0000,1.00,0.00,0.0000,22,1,333,360,0,5,105,0,16,16,0,0,21402,842,0,0,820621312,0.000000,0.000000,0.000000,0.00,4,0,0,0,0,20,39,30,15,27,27,27,27,24,37,40,16,0,0.0004,0.0010,0.0492,0.0238,0.0018,0.0030,4.3588,0.0105,0.0000,0.8104,0.0002,0.2759,0.1477,0.0007,0.0003,0.0000,0.0000,0.0003
1519,16.9317,0.0000,10.7651,4.7159,,true,0,0.008333,0.0000,0.0000,1.00,0.00,0.0000,22,1,333,360,0,4,104,0,16,16,0,0,21402,842,0,0,820621312,0.000000,0.000000,0.000000,0.00,4,0,0,0,0,20,39,30,15,27,27,27,27,24,37,40,16,0,0.0003,0.0009,0.0283,0.0330,0.0039,0.0079,4.7159,0.0083,0.0000,0.9722,0.0003,0.3724,0.0963,0.0006,0.0002,0.0000,0.0000,0.0003
1520,16.9416,0.0000,9.7346,4.4853,,true,0,0.008333,0.0000,0.0000,1.00,0.00,0.0000,22,1,333,360,0,4,104,0,16,16,0,0,21402,842,0,0,820621312,0.000000,0.000000,0.000000,0.00,4,0,0,0,0,20,39,30,15,27,27,27,27,24,37,40,16,0,0.0004,0.0017,0.0418,0.0259,0.0040,0.0054,4.4853,0.0092,0.0000,0.8200,0.0002,0.2821,0.1227,0.0008,0.0003,0.0000,0.0000,0.0001
1521,16.9538,0.0000,12.2261,4.4609,,true,0,0.008333,0.0000,0.0000,1.00,0.00,0.0000,22,1,333,360,0,4,104,0,16,16,0,0,21402,842,0,0,820621312,0.000000,0.000000,0.000000,0.00,4,0,0,0,0,20,39,30,15,27,27,27,27,24,37,40,16,0,0.0003,0.0006,0.0277,0.0226,0.0016,0.0025,4.4609,0.0107,0.0000,0.8546,0.0005,0.2513,0.0989,0.0007,0.0003,0.0000,0.0000,0.0005
1522,16.9657,0.0000,11.8433,4.8436,,true,0,0.008333,0.0000,0.0000,1.00,0.00,0.0000,22,1,333,360,0,3,103,0,16,16,0,0,21402,842,0,0,820621312,0.000000,0.000000,0.000000,0.00,4,0,0,0,0,20,39,30,15,27,27,27,27,24,37,40,16,0,0.0002,0.0018,0.0305,0.0267,0.0025,0.0043,4.8436,0.0065,0.0000,0.9602,0.0002,0.4138,0.0910,0.0005,0.0002,0.0000,0.0000,0.0002
1523,16.9757,0.0000,10.3716,4.5426,,true,0,0.008333,0.0000,0.0000,1.00,0.00,0.0000,22,1,333,360,0,3,103,0,16,16,0,0,21402,842,0,0,820740096,0.000000,0.000000,0.000000,0.00,4,0,0,0,0,20,39,30,15,27,27,27,27,24,37,40,16,0,0.0002,0.0009,0.0324,0.0377,0.0043,0.0032,4.5426,0.0089,0.0000,0.7722,0.0003,0.2934,0.1190,0.0005,0.0003,0.0000,0.0000,0.0002
1524,16.9851,0.0000,9.4307,4.3424,,true,0,0.008333,0.0000,0.0000,1.00,0.00,0.0000,22,1,333,360,0,3,103,0,16,16,0,0,21402,842,0,0,820740096,0.000000,0.000000,0.000000,0.00,4,0,0,0,0,20,39,30,15,27,27,27,27,24,37,40,16,0,0.0002,0.0009,0.0353,0.0285,0.0019,0.0028,4.3424,0.0092,0.0000,0.8242,0.0004,0.2843,0.1679,0.0013,0.0009,0.0000,0.0000,0.0002
1525,16.9951,0.0000,9.4975,4.5515,,true,0,0.008333,0.0000,0.0000,1.00,0.00,0.0000,22,1,333,360,0,3,103,0,16,16,0,0,21402,842,0,0,820744192,0.000000,0.000000,0.000000,0.00,4,0,0,0,0,20,39,30,15,27,27,27,27,24,37,40,16,0,0.0003,0.0009,0.0573,0.0390,0.0046,0.0068,4.5515,0.0209,0.0000,0.8798,0.0016,0.2926,0.1438,0.0012,0.0008,0.0000,0.0000,0.0006
1526,17.0080,0.0000,13.6649,4.3236,,true,0,0.008333,0.0000,0.0000,1.00,0.00,0.0000,22,1,333,360,0,3,103,0,16,16,0,0,21402,842,0,0,820744192,0.000000,0.000000,0.000000,0.00,4,0,0,0,0,20,39,30,15,27,27,27,27,24,37,40,16,0,0.0002,0.0013,0.0419,0.0422,0.0029,0.0026,4.3236,0.0157,0.0000,0.7861,0.0003,0.2793,0.1465,0.0011,0.0004,0.0000,0.0000,0.0002
1527,17.0181,0.0000,9.7972,4.6722,,true,0,0.008333,0.0000,0.0000,1.00,0.00,0.0000,22,1,333,360,0,3,103,0,16,16,0,0,21402,842,0,0,820744192,0.000000,0.000000,0.000000,0.00,4,0,0,0,0,20,39,30,15,27,27,27,27,24,37,40,16,0,0.0009,0.0011,0.0381,0.0457,0.0093,0.0053,4.6722,0.0097,0.0000,0.7912,0.0003,0.2814,0.1268,0.0008,0.0004,0.0000,0.0000,0.0004
1528,17.0296,0.0000,10.6439,5.3988,,true,0,0.008333,0.0000,0.0000,1.00,0.00,0.0000,22,1,333,360,0,2,102,0,16,16,0,0,21402,842,0,0,820744192,0.000000,0.000000,0.000000,0.00,4,0,0,0,0,20,39,30,15,27,27,27,27,24,37,40,16,0,0.0001,0.0010,0.0337,0.0294,0.0032,0.0026,5.3988,0.0106,0.0000,0.8024,0.0001,0.2978,0.1413,0.0007,0.0004,0.0000,0.0000,0.0003
1529,17.0402,0.0000,10.9286,5.0134,,true,0,0.008333,0.0000,0.0000,1.00,0.00,0.0000,22,1,333,360,0,3,103,0,16,16,0,0,21402,842,0,0,820744192,0.000000,0.000000,0.000000,0.00,4,0,0,0,0,20,39,30,15,27,27,27,27,24,37,40,16,0,0.0002,0.0020,0.0336,0.0490,0.0075,0.0062,5.0134,0.0091,0.0000,0.6344,0.0003,0.2141,0.1054,0.0006,0.0003,0.0000,0.0000,0.0002
1530,17.0507,0.0000,10.7149,4.8231,,true,0,0.008333,0.0000,0.0000,1.00,0.00,0.0000,22,1,333,360,0,3,103,0,16,16,0,0,21402,842,0,0,820744192,0.000000,0.000000,0.000000,0.00,4,0,0,0,0,20,39,30,15,27,27,27,27,24,37,40,16,0,0.0002,0.0009,0.0374,0.0344,0.0034,0.0031,4.8231,0.0128,0.0000,0.7965,0.0003,0.2784,0.1445,0.0052,0.0004,0.0000,0.0000,0.0002
1531,17.0607,0.0000,10.0485,4.7646,,true,0,0.008333,0.0000,0.0000,1.00,0.00,0.0000,22,1,333,360,0,2,102,0,16,16,0,0,21402,842,0,0,820744192,0.000000,0.000000,0.000000,0.00,4,0,0,0,0,20,39,30,15,27,27,27,27,24,37,40,16,0,0.0003,0.0012,0.0309,0.0284,0.0028,0.0026,4.7646,0.0224,0.0000,0.5967,0.0017,0.2032,0.1039,0.0007,0.0018,0.0000,0.0000,0.0003
1532,17.0710,0.0000,10.1972,4.5537,,true,0,0.008333,0.0000,0.0000,1.00,0.00,0.0000,22,1,333,360,0,2,102,0,16,16,0,0,21402,842,0,0,820744192,0.000000,0.000000,0.000000,0.00,4,0,0,0,0,20,39,30,15,27,27,27,27,24,37,40,16,0,0.0002,0.0013,0.0395,0.0290,0.0031,0.0036,4.5537,0.0089,0.0000,0.8111,0.0002,0.2748,0.1688,0.0006,0.0003,0.0000,0.0000,0.0002
1533,17.0833,0.0000,11.9271,4.9785,,true,0,0.008333,0.0000,0.0000,1.00,0.00,0.0000,22,1,333,360,0,2,102,0,16,16,0,0,21402,842,0,0,820744192,0.000000,0.000000,0.000000,0.00,4,0,0,0,0,20,39,30,15,27,27,27,27,24,37,40,16,0,0.0003,0.0016,0.0372,0.0339,0.0041,0.0030,4.9785,0.0195,0.0000,0.8749,0.0003,0.2761,0.1355,0.0009,0.0004,0.0000,0.0000,0.0003
1534,17.0929,0.0000,10.6018,4.3072,,true,0,0.008333,0.0000,0.0000,1.00,0.00,0.0000,22,1,333,360,0,2,102,0,16,16,0,0,21402,842,0,0,820744192,0.000000,0.000000,0.000000,0.00,4,0,0,0,0,20,39,30,15,27,27,27,27,24,37,40,16,0,0.0005,0.0012,0.0357,0.0431,0.0020,0.0064,4.3072,0.0081,0.0000,0.5996,0.0002,0.1988,0.0989,0.0007,0.0004,0.0000,0.0000,0.0003
1535,17.1039,0.0000,10.1130,5.0924,,true,0,0.008333,0.0000,0.0000,1.00,0.00,0.0000,22,1,333,360,0,2,102,0,16,16,0,0,21402,842,0,0,820748288,0.000000,0.000000,0.000000,0.00,4,0,0,0,0,20,39,30,15,27,27,27,27,24,37,40,16,0,0.0002,0.0012,0.0412,0.0313,0.0026,0.0033,5.0924,0.0104,0.0000,0.7811,0.0005,0.2831,0.1382,0.0007,0.0004,0.0000,0.0000,0.0005
1536,17.1131,0.0000,9.4580,4.8313,,true,0,0.008333,0.0000,0.0000,1.00,0.00,0.0000,22,1,333,360,0,2,102,0,16,16,0,0,21402,842,0,0,820748288,0.000000,0.000000,0.000000,0.00,4,0,0,0,0,20,39,30,15,27,27,27,27,24,37,40,16,0,0.0003,0.0008,0.0366,0.0293,0.0028,0.0036,4.8313,0.0108,0.0000,0.8288,0.0002,0.2957,0.1340,0.0009,0.0004,0.0000,0.0000,0.0002
1537,17.1244,0.0000,11.6507,4.1967,,true,0,0.008333,0.0000,0.0000,1.00,0.00,0.0000,22,1,333,360,0,2,102,0,16,16,0,0,21402,842,0,0,820748288,0.000000,0.000000,0.000000,0.00,4,0,0,0,0,20,39,30,15,27,27,27,27,24,37,40,16,0,0.0001,0.0007,0.0303,0.0283,0.0027,0.0020,4.1967,0.0067,0.0000,0.5860,0.0002,0.2160,0.0932,0.0005,0.0004,0.0000,0.0000,0.0004
1538,17.1358,0.0000,11.3891,4.6577,,true,0,0.008333,0.0000,0.0000,1.00,0.00,0.0000,22,1,333,360,0,2,102,0,16,16,0,0,21402,842,0,0,820748288,0.000000,0.000000,0.000000,0.00,4,0,0,0,0,20,39,30,15,27,27,27,27,24,37,40,16,0,0.0002,0.0011,0.0329,0.0297,0.0029,0.0028,4.6577,0.0097,0.0000,0.7627,0.0002,0.2815,0.1283,0.0006,0.0003,0.0000,0.0000,0.0002
1539,17.1455,0.0000,9.8335,4.5444,,true,0,0.008333,0.0000,0.0000,1.00,0.00,0.0000,22,1,333,360,0,2,102,0,16,16,0,0,21402,842,0,0,820748288,0.000000,0.000000,0.000000,0.00,4,0,0,0,0,20,39,30,15,27,27,27,27,24,37,40,16,0,0.0002,0.0009,0.0466,0.0387,0.0065,0.0035,4.5444,0.0116,0.0000,0.7797,0.0002,0.2823,0.1400,0.0006,0.0003,0.0000,0.0000,0.0003
1540,17.1564,0.0000,10.3458,5.0663,,true,0,0.008333,0.0000,0.0000,1.00,0.00,0.0000,22,1,333,360,0,3,103,0,16,16,0,0,21402,842,0,0,820830208,0.000000,0.000000,0.000000,0.00,4,0,0,0,0,20,39,30,15,27,27,27,27,24,37,40,16,0,0.0003,0.0007,0.0345,0.0344,0.0030,0.0026,5.0663,0.0081,0.0000,0.8176,0.0004,0.2495,0.1189,0.0011,0.0003,0.0000,0.0000,0.0003
1541,17.1662,0.0000,10.2971,4.3674,,true,0,0.008333,0.0000,0.0000,1.00,0.00,0.0000,22,1,333,360,0,4,104,0,16,16,0,0,21402,842,0,0,820830208,0.000000,0.000000,0.000000,0.00,4,0,0,0,0,20,39,30,15,27,27,27,27,24,37,40,16,0,0.0002,0.0007,0.0282,0.0240,0.0028,0.0036,4.3674,0.0069,0.0000,0.5569,0.0002,0.2008,0.0977,0.0006,0.0002,0.0000,0.0000,0.0002
1542,17.1815,0.0000,9.5280,10.3361,,true,0,0.008333,0.0000,0.0000,1.00,0.00,0.0000,22,1,334,362,0,7,107,5,16,16,0,0,21736,842,0,0,820834304,0.000000,0.000000,0.000000,0.00,0,0,0,0,0,16,38,34,14,30,30,30,30,30,30,36,16,0,0.0002,0.0005,0.0491,0.0302,0.0028,0.0019,10.3361,0.0214,0.0000,6.1957,0.0004,0.2816,0.1523,0.7777,0.0003,0.0000,0.0000,4.6204
1543,17.1864,0.0000,8.5310,4.0740,,true,0,0.008333,0.0000,0.0000,1.00,0.00,0.0000,22,1,334,362,0,41,141,5,16,16,0,0,21736,842,0,0,820834304,0.000000,0.000000,0.000000,0.00,0,0,0,0,0,16,38,34,14,30,30,30,30,30,30,36,16,0,0.0001,0.0007,0.0394,0.0330,0.0042,0.0036,4.0740,0.0104,0.0000,0.7842,0.0003,0.2866,0.1255,0.0008,0.0006,0.0000,0.0000,0.0003
1544,17.1986,0.0000,13.0334,5.6859,,true,0,0.008333,0.0000,0.0000,1.00,0.00,0.0000,22,1,334,362,0,65,165,5,16,16,0,0,21736,842,0,0,820838400,0.000000,0.000000,0.000000,0.00,0,0,0,0,0,16,38,34,14,30,30,30,30,30,30,36,16,0,0.0001,0.0011,0.0322,0.0341,0.0037,0.0031,5.6859,0.0159,0.0000,1.0163,0.0004,0.4084,0.1130,0.0015,0.0005,0.0000,0.0000,0.0005
1545,17.2089,0.0000,11.0374,5.0149,,true,0,0.008333,0.0000,0.0000,1.00,0.00,0.0000,22,1,334,362,0,77,177,5,16,16,0,0,21736,842,0,0,821473280,0.000000,0.000000,0.000000,0.00,0,0,0,0,0,16,38,34,14,30,30,30,30,30,30,36,16,0,0.0002,0.0012,0.0480,0.0227,0.0020,0.0043,5.0149,0.0133,0.0000,0.8989,0.0003,0.3040,0.1544,0.0006,0.0005,0.0000,0.0000,0.0004
1546,17.2239,0.0000,9.9522,9.9208,,true,0,0.008333,0.0000,0.0000,1.00,0.00,0.0000,22,1,319,364,8,86,186,0,16,16,0,0,22055,850,20,40,821473280,0.000000,0.000000,0.000000,0.00,4,0,0,0,0,12,36,42,15,27,27,27,27,27,27,32,16,0,0.0002,0.0006,0.0409,0.0406,0.0040,0.0027,9.9208,0.0149,0.0000,5.2900,0.0006,0.3850,0.1657,1.0709,0.0006,0.0000,0.0000,3.2371
1547,17.2321,0.0000,9.2138,7.5278,,true,0,0.008333,0.0000,0.0000,1.00,0.00,0.0000,22,1,319,364,8,74,174,0,16,16,4,0,22055,854,16,40,821473280,0.000000,0.000000,0.000000,0.00,4,0,0,0,0,12,36,42,15,27,27,27,27,27,27,32,16,0,0.0002,0.0009,0.0441,0.0243,0.0029,0.0048,7.5278,0.0085,0.0000,1.8518,0.0177,0.3936,0.1098,0.6948,0.0063,0.0000,22.3165,0.0002
1548,17.2551,0.0000,23.7079,7.9958,,true,0,0.008333,0.0000,0.0000,1.00,0.00,0.0000,22,1,319,364,8,68,168,0,16,16,8,0,22055,862,8,40,822026240,0.000000,0.000000,0.000000,0.00,4,0,0,0,0,12,36,42,15,27,27,27,27,27,27,32,16,0,0.0002,0.0009,0.0936,0.0616,0.0047,0.0054,7.9958,0.0529,0.0000,1.4336,0.0315,0.2475,0.2076,0.5657,0.0099,0.0000,42.9777,0.0005
1549,17.2786,0.0000,20.8650,10.3211,,true,0,0.008333,0.0000,0.0000,1.00,0.00,0.0000,22,1,334,364,0,62,162,0,16,16,8,0,22389,862,0,0,822026240,0.000000,0.000000,0.000000,0.00,4,0,0,0,0,12,36,42,15,26,30,30,30,30,31,32,16,0,0.0010,0.0026,0.0377,0.0795,0.0207,0.0066,10.3211,0.0215,0.0000,1.3143,0.0264,0.2612,0.1324,0.5313,0.0114,0.0000,45.3378,0.0008
1550,17.2985,0.0000,22.1141,8.1524,,true,0,0.008333,0.0000,0.0000,1.00,0.00,0.0000,22,1,334,364,0,56,156,0,16,16,0,0,22389,862,0,0,822026240,0.000000,0.000000,0.000000,0.00,4,0,0,0,0,12,36,42,15,26,30,30,30,30,31,32,16,0,0.0017,0.0037,0.0590,0.0559,0.0057,0.0095,8.1524,0.0256,0.0000,0.8217,0.0002,0.2663,0.1608,0.0025,0.0006,0.0000,0.0000,0.0006
1551,17.3169,0.0000,20.2069,6.4819,,true,0,0.008333,0.0000,0.0000,1.00,0.00,0.0000,22,1,334,364,0,50,150,0,16,16,0,0,22389,862,0,0,822026240,0.000000,0.000000,0.000000,0.00,4,0,0,0,0,12,36,42,15,26,30,30,30,30,31,32,16,0,0.0002,0.0035,0.0764,0.0474,0.0101,0.0060,6.4819,0.0325,0.0000,0.8597,0.0009,0.2871,0.1251,0.0028,0.0014,0.0000,0.0000,0.0007
1552,17.3229,0.0000,8.2078,4.7793,,true,0,0.008333,0.0000,0.0000,1.00,0.00,0.0000,22,1,334,364,0,46,146,0,16,16,0,0,22389,862,0,0,822026240,0.000000,0.000000,0.000000,0.00,4,0,0,0,0,12,36,42,15,26,30,30,30,30,31,32,16,0,0.0002,0.0012,0.0330,0.0333,0.0026,0.0037,4.7793,0.0096,0.0000,0.8764,0.0002,0.3200,0.1208,0.0006,0.0005,0.0000,0.0000,0.0003
1553,17.3292,0.0000,5.2354,5.3509,,true,0,0.008333,0.0000,0.0000,1.00,0.00,0.0000,22,1,334,364,0,42,142,0,16,16,0,0,22389,862,0,0,822030336,0.000000,0.000000,0.000000,0.00,4,0,0,0,0,12,36,42,15,26,30,30,30,30,31,32,16,0,0.0004,0.0008,0.0485,0.0345,0.0023,0.0057,5.3509,0.0265,0.0000,0.9934,0.0004,0.3231,0.1753,0.0013,0.0005,0.0000,0.0000,0.0011
1554,17.3364,0.0000,7.7276,5.3535,,true,0,0.008333,0.0000,0.0000,1.00,0.00,0.0000,22,1,334,364,0,38,138,0,16,16,0,0,22389,862,0,0,822030336,0.000000,0.000000,0.000000,0.00,4,0,0,0,0,12,36,42,15,26,30,30,30,30,31,32,16,0,0.0003,0.0012,0.0512,0.0213,0.0010,0.0035,5.3535,0.0164,0.0000,0.9208,0.0006,0.3093,0.1473,0.0007,0.0010,0.0000,0.0000,0.0007
1555,17.3450,0.0000,8.8487,5.1914,,true,0,0.008333,0.0000,0.0000,1.00,0.00,0.0000,22,1,334,364,0,35,135,0,16,16,0,0,22389,862,0,0,822030336,0.000000,0.000000,0.000000,0.00,4,0,0,0,0,12,36,42,15,26,30,30,30,30,31,32,16,0,0.0002,0.0011,0.0413,0.0336,0.0033,0.0024,5.1914,0.0150,0.0000,0.8216,0.0004,0.2962,0.1374,0.0009,0.0005,0.0000,0.0000,0.0002
1556,17.3561,0.0000,10.5366,5.5803,,true,0,0.008333,0.0000,0.0000,1.00,0.00,0.0000,22,1,334,364,0,33,133,0,16,16,0,0,22389,862,0,0,822030336,0.000000,0.000000,0.000000,0.00,4,0,0,0,0,12,36,42,15,26,30,30,30,30,31,32,16,0,0.0003,0.0018,0.0427,0.0411,0.0042,0.0058,5.5803,0.0159,0.0000,0.9072,0.0012,0.3038,0.1680,0.0012,0.0016,0.0000,0.0000,0.0006
1557,17.3668,0.0000,9.4281,6.6479,,true,0,0.008333,0.0000,0.0000,1.00,0.00,0.0000,22,1,334,364,0,31,131,0,16,16,0,0,22389,862,0,0,822030336,0.000000,0.000000,0.000000,0.00,4,0,0,0,0,12,36,42,15,26,30,30,30,30,31,32,16,0,0.0002,0.0017,0.0540,0.0225,0.0042,0.0060,6.6479,0.0192,0.0000,0.9526,0.0004,0.3035,0.1456,0.0009,0.0007,0.0000,0.0000,0.0004
1558,17.3801,0.0000,13.7996,6.0932,,true,0,0.008333,0.0000,0.0000,1.00,0.00,0.0000,22,1,334,364,0,29,129,0,16,16,0,0,22389,862,0,0,822030336,0.000000,0.000000,0.000000,0.00,4,0,0,0,0,12,36,42,15,26,30,30,30,30,31,32,16,0,0.0005,0.0021,0.0525,0.0555,0.0072,0.0061,6.0932,0.0181,0.0000,0.9368,0.0004,0.3069,0.1805,0.0019,0.0008,0.0000,0.0000,0.0007
1559,17.3907,0.0000,10.9161,6.0168,,true,0,0.008333,0.0000,0.0000,1.00,0.00,0.0000,22,1,334,364,0,27,127,0,16,16,0,0,22389,862,0,0,822030336,0.000000,0.000000,0.000000,0.00,4,0,0,0,0,12,36,42,15,26,30,30,30,30,31,32,16,0,0.0003,0.0015,0.0349,0.0346,0.0042,0.0041,6.0168,0.0141,0.0000,0.6757,0.0003,0.2486,0.1240,0.0008,0.0006,0.0000,0.0000,0.0005
1560,17.4027,0.0000,12.0323,5.2721,,true,0,0.008333,0.0000,0.0000,1.00,0.00,0.0000,22,1,334,364,0,26,126,0,16,16,0,0,22389,862,0,0,822030336,0.000000,0.000000,0.000000,0.00,4,0,0,0,0,12,36,42,15,26,30,30,30,30,31,32,16,0,0.0003,0.0012,0.0380,0.0345,0.0035,0.0025,5.2721,0.0093,0.0000,0.8108,0.0002,0.2863,0.1363,0.0007,0.0005,0.0000,0.0000,0.0004
1561,17.4200,0.0000,12.7168,10.5233,,true,0,0.008333,0.0000,0.0000,1.00,0.00,0.0000,22,1,310,364,8,24,124,0,16,16,0,0,22699,870,42,40,822030336,0.000000,0.000000,0.000000,0.00,4,0,0,0,0,12,36,42,15,27,27,27,27,28,25,24,16,0,0.0008,0.0012,0.0337,0.0382,0.0034,0.0069,10.5233,0.0080,0.0000,6.0648,0.0004,0.3079,0.1233,0.5526,0.0007,0.0000,0.0000,4.3901
1562,17.4287,0.0000,8.8972,6.4005,,true,0,0.008333,0.0000,0.0000,1.00,0.00,0.0000,22,1,307,364,8,31,131,0,16,16,4,0,23006,874,38,40,822030336,0.000000,0.000000,0.000000,0.00,4,0,0,0,0,12,36,42,15,27,27,27,27,28,26,20,16,0,0.0002,0.0009,0.0406,0.0392,0.0023,0.0040,6.4005,0.0195,0.0000,1.9062,0.0303,0.3698,0.1214,0.7827,0.0084,0.0000,23.7314,0.0012
1563,17.4404,0.0000,11.8222,9.8202,,true,0,0.008333,0.0000,0.0000,1.00,0.00,0.0000,22,1,304,364,8,30,130,0,16,16,6,0,23310,880,32,40,822034432,0.000000,0.000000,0.000000,0.00,4,0,0,0,0,12,36,42,15,27,27,27,27,28,27,16,16,0,0.0005,0.0014,0.0528,0.0438,0.0050,0.0062,9.8202,0.0292,0.0000,2.1213,0.0260,0.3436,0.2653,0.7482,0.0093,0.0000,29.7691,0.0005
1564,17.4592,0.0000,21.9882,6.8452,,true,0,0.008333,0.0000,0.0000,1.00,0.00,0.0000,22,1,307,364,8,28,128,0,16,16,8,0,23617,888,24,40,822042624,0.000000,0.000000,0.000000,0.00,4,0,0,0,0,12,36,42,14,31,27,27,27,28,27,16,16,0,0.0003,0.0021,0.0714,0.0487,0.0058,0.0051,6.8452,0.0210,0.0000,2.2085,0.0330,0.3031,0.1506,0.6973,0.0090,0.0000,40.3517,0.0005
1565,17.4852,0.0000,20.7834,11.4164,,true,0,0.008333,0.0000,0.0000,1.00,0.00,0.0000,22,1,319,364,8,25,125,0,16,16,8,0,23936,896,16,40,822763520,0.000000,0.000000,0.000000,0.00,4,0,0,0,0,12,36,42,14,30,30,30,30,32,27,16,16,0,0.0004,0.0064,0.1054,0.0631,0.0040,0.0169,11.4164,0.0544,0.0000,2.5143,0.0516,0.3342,0.3598,1.0699,0.0266,0.0000,46.3643,0.0007
1566,17.5034,0.0000,21.6880,8.3867,,true,0,0.008333,0.0000,0.0000,1.00,0.00,0.0000,22,1,319,364,8,22,122,0,16,16,8,0,23936,904,8,40,822763520,0.000000,0.000000,0.000000,0.00,4,0,0,0,0,12,36,42,14,30,30,30,30,32,27,16,16,0,0.0006,0.0047,0.0570,0.0549,0.0026,0.0092,8.3867,0.0249,0.0000,1.8760,0.0293,0.3088,0.1503,0.7600,0.0101,0.0000,47.6738,0.0007
1567,17.5230,0.0000,17.9789,9.9163,,true,0,0.008333,0.0000,0.0000,1.00,0.00,0.0000,22,1,334,364,0,19,119,0,16,16,8,0,24270,904,0,0,822763520,0.000000,0.000000,0.000000,0.00,4,0,0,0,0,12,36,42,13,33,33,33,33,36,27,16,16,0,0.0002,0.0029,0.1253,0.0765,0.0104,0.0115,9.9163,0.0396,0.0000,2.1751,0.0418,0.3519,0.2734,0.8823,0.0112,0.0000,43.8129,0.0010
1568,17.5400,0.0000,19.2857,7.7415,,true,0,0.008333,0.0000,0.0000,1.00,0.00,0.0000,22,1,334,364,0,17,117,0,16,16,0,0,24270,904,0,0,822763520,0.000000,0.000000,0.000000,0.00,4,0,0,0,0,12,36,42,13,33,33,33,33,36,27,16,16,0,0.0002,0.0012,0.1254,0.0620,0.0192,0.0040,7.7415,0.0373,0.0000,0.8044,0.0007,0.2485,0.1866,0.0016,0.0011,0.0000,0.0000,0.0006
1569,17.5570,0.0000,17.9865,6.7020,,true,0,0.008333,0.0000,0.0000,1.00,0.00,0.0000,22,1,334,364,0,16,116,0,16,16,0,0,24270,904,0,0,822763520,0.000000,0.000000,0.000000,0.00,4,0,0,0,0,12,36,42,13,33,33,33,33,36,27,16,16,0,0.0004,0.0028,0.0440,0.0825,0.0092,0.0076,6.7020,0.0231,0.0000,1.0245,0.0003,0.3942,0.1604,0.0024,0.0030,0.0000,0.0000,0.0003
1570,17.5628,0.0000,7.2565,4.9736,,true,0,0.008333,0.0000,0.0000,1.00,0.00,0.0000,22,1,334,364,0,15,115,0,16,16,0,0,24270,904,0,0,822763520,0.000000,0.000000,0.000000,0.00,4,0,0,0,0,12,36,42,13,33,33,33,33,36,27,16,16,0,0.0004,0.0084,0.0822,0.0412,0.0028,0.0112,4.9736,0.0195,0.0000,0.9293,0.0005,0.3473,0.1520,0.0015,0.0013,0.0000,0.0000,0.0003
1571,17.5695,0.0000,6.3341,5.6907,,true,0,0.008333,0.0000,0.0000,1.00,0.00,0.0000,22,1,334,364,0,14,114,0,16,16,0,0,24270,904,0,0,822763520,0.000000,0.000000,0.000000,0.00,4,0,0,0,0,12,36,42,13,33,33,33,33,36,27,16,16,0,0.0003,0.0021,0.0460,0.0488,0.0048,0.0147,5.6907,0.0164,0.0000,0.9470,0.0005,0.3282,0.1625,0.0024,0.0010,0.0000,0.0000,0.0004
1572,17.5756,0.0000,6.8086,5.3582,,true,0,0.008333,0.0000,0.0000,1.00,0.00,0.0000,22,1,334,364,0,14,114,0,16,16,0,0,24270,904,0,0,822767616,0.000000,0.000000,0.000000,0.00,4,0,0,0,0,12,36,42,13,33,33,33,33,36,27,16,16,0,0.0001,0.0010,0.0417,0.0308,0.0031,0.0046,5.3582,0.0142,0.0000,0.8751,0.0005,0.2936,0.1402,0.0007,0.0008,0.0000,0.0000,0.0009
1573,17.5855,0.0000,9.9860,5.3192,,true,0,0.008333,0.0000,0.0000,1.00,0.00,0.0000,22,1,334,364,0,14,114,0,16,16,0,0,24270,904,0,0,822767616,0.000000,0.000000,0.000000,0.00,4,0,0,0,0,12,36,42,13,33,33,33,33,36,27,16,16,0,0.0002,0.0014,0.0325,0.0331,0.0037,0.0037,5.3192,0.0168,0.0000,0.6721,0.0002,0.2489,0.1274,0.0015,0.0003,0.0000,0.0000,0.0005
1574,17.5941,0.0000,8.8122,5.1248,,true,0,0.008333,0.0000,0.0000,1.00,0.00,0.0000,22,1,334,364,0,14,114,0,16,16,0,0,24270,904,0,0,822767616,0.000000,0.000000,0.000000,0.00,4,0,0,0,0,12,36,42,13,33,33,33,33,36,27,16,16,0,0.0002,0.0011,0.0371,0.0440,0.0047,0.0070,5.1248,0.0143,0.0000,0.8834,0.0006,0.2976,0.1396,0.0015,0.0002,0.0000,0.0000,0.0001
1575,17.6054,0.0000,10.7133,5.2509,,true,0,0.008333,0.0000,0.0000,1.00,0.00,0.0000,22,1,334,364,0,14,114,0,16,16,0,0,24270,904,0,0,822767616,0.000000,0.000000,0.000000,0.00,4,0,0,0,0,12,36,42,13,33,33,33,33,36,27,16,16,0,0.0002,0.0007,0.0355,0.0374,0.0057,0.0028,5.2509,0.0095,0.0000,0.7987,0.0002,0.2824,0.1224,0.0007,0.0004,0.0000,0.0000,0.0002
1576,17.6164,0.0000,12.2089,4.5197,,true,0,0.008333,0.0000,0.0000,1.00,0.00,0.0000,22,1,334,364,0,14,114,0,16,16,0,0,24270,904,0,0,822767616,0.000000,0.000000,0.000000,0.00,4,0,0,0,0,12,36,42,13,33,33,33,33,36,27,16,16,0,0.0002,0.0008,0.0262,0.0248,0.0026,0.0022,4.5197,0.0102,0.0000,0.6030,0.0003,0.2041,0.1118,0.0013,0.0004,0.0000,0.0000,0.0004
1577,17.6267,0.0000,9.7692,5.1097,,true,0,0.008333,0.0000,0.0000,1.00,0.00,0.0000,22,1,334,364,0,15,115,0,16,16,0,0,24270,904,0,0,822767616,0.000000,0.000000,0.000000,0.00,4,0,0,0,0,12,36,42,13,33,33,33,33,36,27,16,16,0,0.0003,0.0008,0.0272,0.0221,0.0017,0.0028,5.1097,0.0105,0.0000,0.8280,0.0004,0.2986,0.1294,0.0007,0.0006,0.0000,0.0000,0.0002
1578,17.6365,0.0000,9.8009,5.0294,,true,0,0.008333,0.0000,0.0000,1.00,0.00,0.0000,22,1,334,364,0,15,115,0,16,16,0,0,24270,904,0,0,822767616,0.000000,0.000000,0.000000,0.00,4,0,0,0,0,12,36,42,13,33,33,33,33,36,27,16,16,0,0.0002,0.0032,0.0396,0.0342,0.0025,0.0025,5.0294,0.0106,0.0000,0.8621,0.0004,0.2973,0.1276,0.0006,0.0006,0.0000,0.0000,0.0004
1579,17.6478,0.0000,11.3501,5.0476,,true,0,0.008333,0.0000,0.0000,1.00,0.00,0.0000,22,1,334,364,0,15,115,0,16,16,0,0,24270,904,0,0,822767616,0.000000,0.000000,0.000000,0.00,4,0,0,0,0,12,36,42,13,33,33,33,33,36,27,16,16,0,0.0003,0.0007,0.0364,0.0320,0.0033,0.0020,5.0476,0.0133,0.0000,0.8190,0.0004,0.3034,0.1228,0.0005,0.0003,0.0000,0.0000,0.0007
1580,17.6570,0.0000,9.7785,4.4137,,true,0,0.008333,0.0000,0.0000,1.00,0.00,0.0000,22,1,334,364,0,16,116,0,16,16,0,0,24270,904,0,0,822767616,0.000000,0.000000,0.000000,0.00,4,0,0,0,0,12,36,42,13,33,33,33,33,36,27,16,16,0,0.0002,0.0009,0.0477,0.0379,0.0029,0.0033,4.4137,0.0117,0.0000,0.7500,0.0002,0.2051,0.0972,0.0007,0.0003,0.0000,0.0000,0.0003
1581,17.6665,0.0000,8.9268,4.7682,,true,0,0.008333,0.0000,0.0000,1.00,0.00,0.0000,22,1,334,364,0,15,115,0,16,16,0,0,24270,904,0,0,822771712,0.000000,0.000000,0.000000,0.00,4,0,0,0,0,12,36,42,13,33,33,33,33,36,27,16,16,0,0.0001,0.0019,0.0343,0.0451,0.0044,0.0070,4.7682,0.0089,0.0000,0.8568,0.0004,0.3000,0.1441,0.0013,0.0002,0.0000,0.0000,0.0004
1582,17.6806,0.0000,13.0266,6.0736,,true,0,0.008333,0.0000,0.0000,1.00,0.00,0.0000,22,1,334,364,0,15,115,0,16,16,0,0,24270,904,0,0,822771712,0.000000,0.000000,0.000000,0.00,4,0,0,0,0,12,36,42,13,33,33,33,33,36,27,16,16,0,0.0003,0.0009,0.0427,0.0601,0.0068,0.0028,6.0736,0.0157,0.0000,0.8349,0.0005,0.2941,0.1449,0.0014,0.0006,0.0000,0.0000,0.0002
1583,17.6916,0.0000,11.8022,5.2320,,true,0,0.008333,0.0000,0.0000,1.00,0.00,0.0000,22,1,334,364,0,15,115,0,16,16,0,0,24270,904,0,0,822771712,0.000000,0.000000,0.000000,0.00,4,0,0,0,0,12,36,42,13,33,33,33,33,36,27,16,16,0,0.0002,0.0009,0.0370,0.0304,0.0030,0.0028,5.2320,0.0087,0.0000,0.8000,0.0005,0.2245,0.1135,0.0009,0.0007,0.0000,0.0000,0.0006
1584,17.7010,0.0000,9.5930,5.0558,,true,0,0.008333,0.0000,0.0000,1.00,0.00,0.0000,22,1,334,364,0,15,115,0,16,16,0,0,24270,904,0,0,822771712,0.000000,0.000000,0.000000,0.00,4,0,0,0,0,12,36,42,13,33,33,33,33,36,27,16,16,0,0.0005,0.0008,0.0336,0.0318,0.0023,0.0027,5.0558,0.0114,0.0000,0.8222,0.0004,0.2945,0.1340,0.0121,0.0004,0.0000,0.0000,0.0003
1585,17.7108,0.0000,9.7518,5.0438,,true,0,0.008333,0.0000,0.0000,1.00,0.00,0.0000,22,1,334,364,0,14,114,0,16,16,0,0,24270,904,0,0,822771712,0.000000,0.000000,0.000000,0.00,4,0,0,0,0,12,36,42,13,33,33,33,33,36,27,16,16,0,0.0003,0.0013,0.0543,0.0488,0.0060,0.0043,5.0438,0.0136,0.0000,0.9018,0.0002,0.2830,0.2155,0.0008,0.0004,0.0000,0.0000,0.0003
1586,17.7221,0.0000,10.5858,5.1924,,true,0,0.008333,0.0000,0.0000,1.00,0.00,0.0000,22,1,334,364,0,14,114,0,16,16,0,0,24270,904,0,0,822771712,0.000000,0.000000,0.000000,0.00,4,0,0,0,0,12,36,42,13,33,33,33,33,36,27,16,16,0,0.0005,0.0022,0.0415,0.0467,0.0075,0.0066,5.1924,0.0097,0.0000,0.8132,0.0003,0.2920,0.1250,0.0009,0.0007,0.0000,0.0000,0.0004
1587,17.7342,0.0000,12.9940,4.8494,,true,0,0.008333,0.0000,0.0000,1.00,0.00,0.0000,22,1,334,364,0,13,113,0,16,16,0,0,24270,904,0,0,822771712,0.000000,0.000000,0.000000,0.00,4,0,0,0,0,12,36,42,13,33,33,33,33,36,27,16,16,0,0.0003,0.0010,0.0302,0.0279,0.0030,0.0042,4.8494,0.0104,0.0000,0.6563,0.0003,0.2491,0.1076,0.0011,0.0005,0.0000,0.0000,0.0003
1588,17.7433,0.0000,9.4915,4.5770,,true,0,0.008333,0.0000,0.0000,1.00,0.00,0.0000,22,1,334,364,0,13,113,0,16,16,0,0,24270,904,0,0,822771712,0.000000,0.000000,0.000000,0.00,4,0,0,0,0,12,36,42,13,33,33,33,33,36,27,16,16,0,0.0002,0.0010,0.0346,0.0405,0.0064,0.0026,4.5770,0.0106,0.0000,0.6078,0.0002,0.2076,0.0964,0.0008,0.0003,0.0000,0.0000,0.0002
1589,17.7536,0.0000,9.8291,5.1179,,true,0,0.008333,0.0000,0.0000,1.00,0.00,0.0000,22,1,334,364,0,13,113,0,16,16,0,0,24270,904,0,0,822771712,0.000000,0.000000,0.000000,0.00,4,0,0,0,0,12,36,42,13,33,33,33,33,36,27,16,16,0,0.0003,0.0010,0.0341,0.0315,0.0033,0.0034,5.1179,0.0116,0.0000,0.8359,0.0003,0.2877,0.1236,0.0007,0.0004,0.0000,0.0000,0.0003
1590,17.7653,0.0000,11.5576,5.1276,,true,0,0.008333,0.0000,0.0000,1.00,0.00,0.0000,22,1,334,364,0,12,112,0,16,16,0,0,24270,904,0,0,822775808,0.000000,0.000000,0.000000,0.00,4,0,0,0,0,12,36,42,13,33,33,33,33,36,27,16,16,0,0.0004,0.0012,0.0425,0.0304,0.0038,0.0034,5.1276,0.0140,0.0000,0.9877,0.0003,0.2949,0.1288,0.0010,0.0005,0.0000,0.0000,0.0003
1591,17.7794,0.0000,10.2676,8.9796,,true,0,0.008333,0.0000,0.0000,1.00,0.00,0.0000,22,1,334,364,8,12,112,0,16,16,0,0,24270,912,35,40,822775808,0.000000,0.000000,0.000000,0.00,4,0,0,0,0,12,36,42,13,33,33,33,33,36,27,16,16,0,0.0004,0.0009,0.0533,0.0272,0.0023,0.0028,8.9796,0.0207,0.0000,4.8806,0.0005,0.2877,0.1438,0.8048,0.0018,0.0000,0.0000,3.1380
1592,17.7863,0.0000,8.9900,6.2323,,true,0,0.008333,0.0000,0.0000,1.00,0.00,0.0000,22,1,325,364,8,9,109,0,16,16,4,0,24595,916,31,40,822775808,0.000000,0.000000,0.000000,0.00,4,0,0,0,0,12,36,42,13,33,33,34,30,32,28,12,16,0,0.0002,0.0011,0.0361,0.0315,0.0036,0.0050,6.2323,0.0110,0.0000,1.7041,0.0154,0.2853,0.1212,0.7466,0.0064,0.0000,22.9332,0.0003
1593,17.7954,0.0000,9.1904,6.1479,,true,0,0.008333,0.0000,0.0000,1.00,0.00,0.0000,22,1,316,364,8,7,107,0,16,16,7,0,24911,923,24,40,822775808,0.000000,0.000000,0.000000,0.00,4,0,0,0,0,12,36,42,14,30,30,30,30,32,28,12,16,0,0.0003,0.0025,0.0316,0.0359,0.0038,0.0049,6.1479,0.0087,0.0000,1.8215,0.0211,0.3922,0.1174,0.5675,0.0100,0.0000,34.3517,0.0003
1594,17.8212,0.0000,24.4462,8.1371,,true,0,0.008333,0.0000,0.0000,1.00,0.00,0.0000,22,1,316,364,8,5,105,0,16,16,8,0,24911,931,16,40,822775808,0.000000,0.000000,0.000000,0.00,4,0,0,0,0,12,36,42,14,30,30,30,30,32,28,12,16,0,0.0001,0.0011,0.1151,0.0328,0.0024,0.0024,8.1371,0.0379,0.0000,1.4355,0.0229,0.2101,0.1422,0.6881,0.0064,0.0000,40.7071,0.0002
1595,17.8458,0.0000,21.3905,10.8136,,true,0,0.008333,0.0000,0.0000,1.00,0.00,0.0000,22,1,319,364,8,4,104,0,16,16,8,0,25230,939,8,40,822784000,0.000000,0.000000,0.000000,0.00,4,0,0,0,0,12,36,42,14,30,30,30,30,31,32,12,16,0,0.0003,0.0018,0.0629,0.0597,0.0065,0.0072,10.8136,0.0256,0.0000,2.1291,0.0504,0.3203,0.1762,0.7562,0.0181,0.0000,35.6412,0.0003
1596,17.8643,0.0000,21.8647,7.5032,,true,0,0.008333,0.0000,0.0000,1.00,0.00,0.0000,22,1,334,364,0,3,103,0,16,16,8,0,25564,939,0,0,822784000,0.000000,0.000000,0.000000,0.00,4,0,0,0,0,12,36,42,13,33,33,33,33,35,32,12,16,0,0.0004,0.0017,0.0871,0.0464,0.0053,0.0076,7.5032,0.0258,0.0000,1.6413,0.0268,0.2372,0.1366,0.5485,0.0087,0.0000,39.5873,0.0002
1597,17.8825,0.0000,17.0305,8.6936,,true,0,0.008333,0.0000,0.0000,1.00,0.00,0.0000,22,1,334,364,0,2,102,0,16,16,0,0,25564,939,0,0,822784000,0.000000,0.000000,0.000000,0.00,4,0,0,0,0,12,36,42,13,33,33,33,33,35,32,12,16,0,0.0003,0.0022,0.1095,0.0740,0.0112,0.0177,8.6936,0.0459,0.0000,1.3683,0.0009,0.3811,0.3690,0.0054,0.0020,0.0000,0.0000,0.0003
1598,17.8977,0.0000,17.7942,6.1138,,true,0,0.008333,0.0000,0.0000,1.00,0.00,0.0000,22,1,334,364,0,3,103,0,16,16,0,0,25564,939,0,0,822784000,0.000000,0.000000,0.000000,0.00,4,0,0,0,0,12,36,42,13,33,33,33,33,35,32,12,16,0,0.0004,0.0011,0.0475,0.0638,0.0094,0.0032,6.1138,0.0175,0.0000,0.9254,0.0005,0.3097,0.1462,0.0015,0.0007,0.0000,0.0000,0.0007
1599,17.9029,0.0000,6.2200,4.5147,,true,0,0.008333,0.0000,0.0000,1.00,0.00,0.0000,22,1,334,364,0,4,104,0,16,16,0,0,25564,939,0,0,822784000,0.000000,0.000000,0.000000,0.00,4,0,0,0,0,12,36,42,13,33,33,33,33,35,32,12,16,0,0.0003,0.0012,0.0279,0.0234,0.0022,0.0032,4.5147,0.0100,0.0000,0.6809,0.0004,0.2331,0.1312,0.0012,0.0004,0.0000,0.0000,0.0001
1600,17.9090,0.0000,6.3307,5.0322,,true,0,0.008333,0.0000,0.0000,1.00,0.00,0.0000,22,1,334,364,0,6,106,0,16,16,0,0,25564,939,0,0,822788096,0.000000,0.000000,0.000000,0.00,4,0,0,0,0,12,36,42,13,33,33,33,33,35,32,12,16,0,0.0002,0.0011,0.0275,0.0479,0.0031,0.0062,5.0322,0.0140,0.0000,0.9574,0.0003,0.3378,0.1633,0.0008,0.0010,0.0000,0.0000,0.0003
1601,17.9144,0.0000,5.5237,4.6552,,true,0,0.008333,0.0000,0.0000,1.00,0.00,0.0000,22,1,334,364,0,9,109,0,16,16,0,0,25564,939,0,0,822788096,0.000000,0.000000,0.000000,0.00,4,0,0,0,0,12,36,42,13,33,33,33,33,35,32,12,16,0,0.0003,0.0019,0.0228,0.0231,0.0020,0.0054,4.6552,0.0043,0.0000,0.6407,0.0001,0.2233,0.1291,0.0009,0.0001,0.0000,0.0000,0.0000
1602,17.9243,0.0000,10.2781,4.4812,,true,0,0.008333,0.0000,0.0000,1.00,0.00,0.0000,22,1,334,364,0,13,113,0,16,16,0,0,25564,939,0,0,822788096,0.000000,0.000000,0.000000,0.00,4,0,0,0,0,12,36,42,13,33,33,33,33,35,32,12,16,0,0.0003,0.0009,0.0424,0.0323,0.0029,0.0026,4.4812,0.0556,0.0000,0.7803,0.0003,0.2767,0.1211,0.0006,0.0004,0.0000,0.0000,0.0002
1603,17.9406,0.0000,10.9254,10.0724,,true,0,0.008333,0.0000,0.0000,1.00,0.00,0.0000,22,1,325,365,8,17,117,0,16,16,0,0,25889,947,37,40,822788096,0.000000,0.000000,0.000000,0.00,4,0,0,0,0,12,36,42,13,34,30,30,30,31,31,16,16,0,0.0002,0.0010,0.0494,0.0311,0.0028,0.0026,10.0724,0.0179,0.0000,4.8150,0.0005,0.2688,0.1303,0.7286,0.0005,0.0000,0.0000,3.1283
1604,17.9485,0.0000,9.9609,7.2384,,true,0,0.008333,0.0000,0.0000,1.00,0.00,0.0000,22,1,319,365,8,33,133,0,16,16,4,0,26208,951,33,40,822788096,0.000000,0.000000,0.000000,0.00,4,0,0,0,0,12,36,42,14,30,30,31,26,31,31,16,16,0,0.0001,0.0007,0.0357,0.0330,0.0036,0.0029,7.2384,0.0121,0.0000,1.7262,0.0196,0.3103,0.1385,0.7211,0.0064,0.0000,20.7261,0.0001
1605,17.9714,0.0000,24.1300,6.7438,,true,0,0.008333,0.0000,0.0000,1.00,0.00,0.0000,22,1,310,365,8,48,148,0,16,16,8,0,26518,959,25,40,822898688,0.000000,0.000000,0.000000,0.00,4,0,0,0,0,12,36,42,14,31,27,27,27,27,31,16,16,0,0.0006,0.0048,0.0406,0.0505,0.0056,0.0068,6.7438,0.0169,0.0000,1.8328,0.0306,0.3167,0.1499,0.7370,0.0100,0.0000,38.8625,0.0003
1606,17.9918,0.0000,19.0040,7.9118,,true,0,0.008333,0.0000,0.0000,1.00,0.00,0.0000,22,1,310,365,8,67,167,0,16,16,8,0,26518,967,17,40,822898688,0.000000,0.000000,0.000000,0.00,4,0,0,0,0,12,36,42,14,31,27,27,27,27,31,16,16,0,0.0003,0.0020,0.0488,0.0445,0.0061,0.0048,7.9118,0.0337,0.0000,2.0103,0.0458,0.3337,0.2088,0.7714,0.0177,0.0000,38.6066,0.0005
1607,18.0125,0.0000,18.9926,9.5499,,true,0,0.008333,0.0000,0.0000,1.00,0.00,0.0000,22,1,325,365,8,87,187,0,16,16,8,0,26843,975,9,40,822898688,0.000000,0.000000,0.000000,0.00,4,0,0,0,0,12,36,41,17,34,30,30,31,27,31,16,16,0,0.0006,0.0022,0.0855,0.0446,0.0061,0.0053,9.5499,0.0456,0.0000,2.1827,0.0797,0.3197,0.2437,0.8490,0.0300,0.0000,38.5569,0.0006
1608,18.0280,0.0000,17.9181,7.2245,,true,0,0.008333,0.0000,0.0000,1.00,0.00,0.0000,22,1,331,365,1,101,201,0,16,16,8,0,27174,976,1,5,822898688,0.000000,0.000000,0.000000,0.00,4,0,0,0,0,12,36,41,17,34,30,30,30,31,30,20,16,0,0.0002,0.0049,0.0809,0.0582,0.0059,0.0079,7.2245,0.0185,0.0000,1.9004,0.0451,0.4200,0.2066,0.6797,0.0266,0.0000,40.2666,0.0009
1609,18.0544,0.0000,19.3582,13.8881,,true,0,0.008333,0.0000,0.0000,1.00,0.00,0.0000,22,1,313,360,8,113,213,0,16,16,1,0,27487,984,71,40,822902784,0.000000,0.000000,0.000000,0.00,4,0,0,0,0,12,39,30,15,27,26,30,30,31,29,24,16,0,0.0009,0.0022,0.0722,0.0815,0.0078,0.0096,13.8881,0.0245,0.0000,7.2581,0.0365,0.4333,0.1630,0.7519,0.0254,0.0000,4.4267,4.8186
1610,18.0731,0.0000,18.0088,14.7460,,true,0,0.008333,0.0000,0.0000,1.00,0.00,0.0000,22,1,321,360,8,102,202,0,16,16,8,0,27808,992,63,40,848961536,0.000000,0.000000,0.000000,0.00,4,0,0,0,0,20,39,30,15,27,26,30,30,31,29,24,16,0,0.0002,0.0016,0.0583,0.1027,0.0077,0.0060,14.7460,0.0290,0.0000,2.1350,0.0327,0.3112,0.2310,0.7819,0.0163,0.0000,35.9832,0.0007
1611,18.0947,0.0000,25.3177,10.8703,,true,0,0.008333,0.0000,0.0000,1.00,0.00,0.0000,22,1,297,360,8,95,195,0,16,16,8,0,28105,1000,55,40,867835904,0.000000,0.000000,0.000000,0.00,4,0,0,0,0,20,39,30,17,21,20,23,27,27,29,24,16,0,0.0004,0.0033,0.2010,0.0682,0.0072,0.0162,10.8703,0.0851,0.0000,1.9305,0.0614,0.2572,0.1762,0.6671,0.0421,0.0000,34.7617,0.0002
1612,18.1138,0.0000,21.0379,9.0456,,true,0,0.008333,0.0000,0.0000,1.00,0.00,0.0000,22,1,291,360,8,88,188,0,16,16,8,0,28396,1008,47,40,868061184,0.000000,0.000000,0.000000,0.00,4,0,0,0,0,20,39,30,17,21,20,24,24,23,29,24,16,0,0.0009,0.0020,0.0441,0.0915,0.0091,0.0071,9.0456,0.0227,0.0000,1.8063,0.0356,0.3314,0.1577,0.6393,0.0103,0.0000,36.9746,0.0004
1613,18.1335,0.0000,19.9871,8.9234,,true,0,0.008333,0.0000,0.0000,1.00,0.00,0.0000,22,1,291,360,8,81,181,0,16,16,8,0,28396,1016,39,40,868061184,0.000000,0.000000,0.000000,0.00,4,0,0,0,0,20,39,30,17,21,20,24,24,23,29,24,16,0,0.0003,0.0012,0.0619,0.0409,0.0203,0.0038,8.9234,0.0341,0.0000,1.8579,0.0140,0.3620,0.1469,0.6373,0.0092,0.0000,35.2846,0.0010
1614,18.1521,0.0000,18.0374,9.3883,,true,0,0.008333,0.0000,0.0000,1.00,0.00,0.0000,22,1,300,360,8,74,174,0,16,16,8,0,28696,1024,31,40,868061184,0.000000,0.000000,0.000000,0.00,4,0,0,0,0,20,39,30,17,21,20,24,24,21,36,28,16,0,0.0003,0.0044,0.0976,0.0575,0.0098,0.0152,9.3883,0.0516,0.0000,2.1094,0.0369,0.3580,0.2613,0.7485,0.0176,0.0000,36.5891,0.0004
1615,18.1731,0.0000,20.3353,9.6118,,true,0,0.008333,0.0000,0.0000,1.00,0.00,0.0000,22,1,303,360,8,67,167,0,16,16,8,0,28999,1032,23,40,868061184,0.000000,0.000000,0.000000,0.00,4,0,0,0,0,20,39,30,17,21,20,24,24,21,36,27,20,0,0.0005,0.0027,0.0654,0.0583,0.0105,0.0239,9.6118,0.0223,0.0000,1.9106,0.0312,0.3208,0.2490,0.6977,0.0130,0.0000,35.6086,0.0010
1616,18.1927,0.0000,19.8187,9.8194,,true,0,0.008333,0.0000,0.0000,1.00,0.00,0.0000,22,1,309,360,8,62,162,0,16,16,8,0,29308,1040,15,40,868061184,0.000000,0.000000,0.000000,0.00,4,0,0,0,0,20,39,30,17,21,20,24,24,20,39,31,20,0,0.0005,0.0024,0.0908,0.0724,0.0094,0.0125,9.8194,0.0448,0.0000,2.1960,0.0510,0.3710,0.2820,0.8562,0.0233,0.0000,38.3462,0.0002
1617,18.2128,0.0000,20.2725,9.4473,,true,0,0.008333,0.0000,0.0000,1.00,0.00,0.0000,22,1,321,360,7,58,158,0,16,16,8,0,29629,1047,7,35,868061184,0.000000,0.000000,0.000000,0.00,4,0,0,0,0,20,39,30,17,21,20,24,24,20,37,37,28,0,0.0006,0.0041,0.1033,0.0446,0.0039,0.0094,9.4473,0.0437,0.0000,2.4371,0.0506,0.4059,0.2788,1.0373,0.0288,0.0000,36.0471,0.0009
1618,18.2307,0.0000,19.2670,8.2676,,true,0,0.008333,0.0000,0.0000,1.00,0.00,0.0000,22,1,333,360,0,55,155,0,16,16,7,0,29962,1047,0,0,868065280,0.000000,0.000000,0.000000,0.00,4,0,0,0,0,20,39,30,17,21,20,24,24,20,35,43,36,0,0.0003,0.0019,0.0606,0.0561,0.0066,0.0024,8.2676,0.0171,0.0000,2.2488,0.0244,0.3493,0.1487,0.7542,0.0122,0.0000,31.7352,0.0003
1619,18.2522,0.0000,17.8684,11.8726,,true,0,0.008333,0.0000,0.0000,1.00,0.00,0.0000,22,1,329,362,8,52,152,5,16,17,0,0,30291,1055,58,40,868065280,0.000000,0.000000,0.000000,0.00,0,0,0,0,0,20,39,30,17,21,20,24,24,20,35,43,36,0,0.0002,0.0054,0.0365,0.0731,0.0096,0.0150,11.8726,0.0117,0.0000,6.7350,0.0006,0.3308,0.1158,0.7178,0.0007,0.0000,0.0000,4.7195
1620,18.2659,0.0000,17.2986,8.5629,,true,0,0.008333,0.0000,0.0000,1.00,0.00,0.0000,22,1,311,362,8,49,149,5,16,17,7,0,30602,1062,51,40,868065280,0.000000,0.000000,0.000000,0.00,0,0,0,0,0,20,39,30,17,21,21,21,21,19,23,43,36,0,0.0009,0.0044,0.0612,0.0695,0.0091,0.0082,8.5629,0.0349,0.0000,2.2447,0.0405,0.4120,0.2204,0.8015,0.0143,0.0000,34.4614,0.0007
1621,18.2871,0.0000,19.2826,9.8668,,true,0,0.008333,0.0000,0.0000,1.00,0.00,0.0000,22,1,302,362,8,46,146,5,16,17,8,0,30904,1070,43,40,868065280,0.000000,0.000000,0.000000,0.00,0,0,0,0,0,20,39,30,17,21,21,21,21,20,21,35,36,0,0.0005,0.0041,0.0578,0.0713,0.0111,0.0082,9.8668,0.0207,0.0000,2.1604,0.0269,0.3411,0.1537,0.7532,0.0109,0.0000,39.9591,0.0014
1622,18.3051,0.0000,19.4222,8.9149,,true,0,0.008333,0.0000,0.0000,1.00,0.00,0.0000,22,1,302,362,8,45,145,5,16,17,8,0,30904,1078,35,40,868065280,0.000000,0.000000,0.000000,0.00,0,0,0,0,0,20,39,30,17,21,21,21,21,20,21,35,36,0,0.0002,0.0015,0.0640,0.0606,0.0098,0.0067,8.9149,0.0357,0.0000,2.2788,0.0644,0.4518,0.2207,0.7626,0.0394,0.0000,40.2782,0.0010
1623,18.3214,0.0000,17.0204,8.1346,,true,0,0.008333,0.0000,0.0000,1.00,0.00,0.0000,22,1,314,362,8,46,146,5,16,17,8,0,31218,1086,27,40,868065280,0.000000,0.000000,0.000000,0.00,0,0,0,0,0,20,39,30,17,21,21,21,21,20,21,31,52,0,0.0005,0.0022,0.1188,0.0551,0.0097,0.0074,8.1346,0.0540,0.0000,2.0919,0.0547,0.3707,0.1601,0.7149,0.0422,0.0000,38.9983,0.0005
1624,18.3423,0.0000,20.4848,8.4711,,true,0,0.008333,0.0000,0.0000,1.00,0.00,0.0000,22,1,317,362,8,51,151,5,16,17,8,0,31535,1094,19,40,868065280,0.000000,0.000000,0.000000,0.00,0,0,0,0,0,20,39,30,17,21,21,21,21,20,21,30,56,0,0.0003,0.0022,0.0573,0.0696,0.0126,0.0087,8.4711,0.0192,0.0000,1.8633,0.0147,0.3395,0.1859,0.7414,0.0065,0.0000,42.6433,0.0009
1625,18.3610,0.0000,17.8162,9.4239,,true,0,0.008333,0.0000,0.0000,1.00,0.00,0.0000,22,1,320,362,8,57,157,5,17,17,8,0,31855,1102,11,40,868065280,0.000000,0.000000,0.000000,0.00,0,0,0,0,0,20,39,30,17,21,21,21,21,20,21,30,55,4,0.0002,0.0032,0.1234,0.0611,0.0073,0.0075,9.4239,0.0400,0.0000,2.1824,0.0407,0.3382,0.2994,0.8760,0.0184,0.0000,42.9204,0.0003
1626,18.3823,0.0000,20.9980,9.1942,,true,0,0.008333,0.0000,0.0000,1.00,0.00,0.0000,22,1,329,362,3,62,162,5,17,17,8,0,32184,1105,3,15,868065280,0.000000,0.000000,0.000000,0.00,0,0,0,0,0,20,39,30,17,21,21,21,21,20,21,29,57,12,0.0008,0.0040,0.1040,0.0542,0.0045,0.0177,9.1942,0.0341,0.0000,2.3770,0.0331,0.5495,0.2878,0.7921,0.0179,0.0000,40.3414,0.0011
1627,18.4038,0.0000,21.1665,9.7263,,true,0,0.008333,0.0000,0.0000,1.00,0.00,0.0000,22,1,335,362,0,64,164,5,17,17,3,0,32519,1105,0,0,868065280,0.000000,0.000000,0.000000,0.00,0,0,0,0,0,20,39,30,17,21,21,21,21,20,21,29,55,20,0.0003,0.0078,0.0924,0.0752,0.0095,0.0093,9.7263,0.0309,0.0000,2.8559,0.0459,0.4576,0.4273,1.2174,0.0211,0.0000,15.8288,0.0003
1628,18.4273,0.0000,19.6987,13.8526,,true,0,0.008333,0.0000,0.0000,1.00,0.00,0.0000,22,1,326,360,8,65,165,5,17,17,0,0,32845,1113,101,40,868069376,0.000000,0.000000,0.000000,0.00,0,0,0,0,0,20,39,32,9,21,21,21,21,20,21,30,51,20,0.0013,0.0024,0.0394,0.0613,0.0134,0.0090,13.8526,0.0106,0.0000,6.4703,0.0006,0.3420,0.1233,0.6844,0.0009,0.0000,0.0000,4.2241
1629,18.4430,0.0000,19.7218,9.9512,,true,0,0.008333,0.0000,0.0000,1.00,0.00,0.0000,22,1,302,360,8,65,165,5,17,17,8,0,33147,1121,93,40,870166528,0.000000,0.000000,0.000000,0.00,0,0,0,0,0,20,39,32,12,12,10,18,17,20,21,30,51,20,0.0002,0.0016,0.1042,0.0526,0.0074,0.0060,9.9512,0.0445,0.0000,2.8888,0.0334,0.3558,0.3801,1.0904,0.0104,0.0000,41.5347,0.0005
1630,18.4768,0.0000,33.9142,9.7092,,true,0,0.008333,0.0000,0.0000,1.00,0.00,0.0000,22,1,284,360,8,66,166,5,17,17,8,0,33431,1129,85,40,872263680,0.000000,0.000000,0.000000,0.00,0,0,0,0,0,20,39,32,12,12,11,15,14,17,19,22,51,20,0.0002,0.0021,0.0542,0.0850,0.0056,0.0083,9.7092,0.0301,0.0000,2.4179,0.0410,0.4052,0.1801,0.7193,0.0259,0.0000,40.0812,0.0011
1631,18.5003,0.0000,24.6965,8.2970,,true,0,0.008333,0.0000,0.0000,1.00,0.00,0.0000,22,1,275,360,8,65,165,5,17,17,8,0,33706,1137,77,40,872263680,0.000000,0.000000,0.000000,0.00,0,0,0,0,0,20,39,32,12,12,11,15,13,21,20,21,39,20,0.0002,0.0010,0.0561,0.0448,0.0035,0.0022,8.2970,0.0284,0.0000,2.6270,0.0485,0.4623,0.1894,0.8018,0.0218,0.0000,46.0451,0.0005
1632,18.5208,0.0000,19.1382,9.6202,,true,0,0.008333,0.0000,0.0000,1.00,0.00,0.0000,22,1,275,360,8,63,163,5,17,17,8,0,33706,1145,69,40,872263680,0.000000,0.000000,0.000000,0.00,0,0,0,0,0,20,39,32,12,12,11,15,13,21,20,21,39,20,0.0002,0.0018,0.0515,0.0625,0.0183,0.0071,9.6202,0.0186,0.0000,2.2059,0.0360,0.4702,0.2732,0.6042,0.0069,0.0000,42.2180,0.0007
1633,18.5399,0.0000,20.5500,8.4703,,true,0,0.008333,0.0000,0.0000,1.00,0.00,0.0000,22,1,284,360,8,62,162,5,17,17,8,0,33990,1153,61,40,872263680,0.000000,0.000000,0.000000,0.00,0,0,0,0,0,20,39,32,12,12,11,15,13,21,20,18,51,20,0.0002,0.0020,0.0851,0.0643,0.0079,0.0055,8.4703,0.0271,0.0000,2.2151,0.0189,0.3600,0.3458,0.6504,0.0218,0.0000,44.2570,0.0010
1634,18.5617,0.0000,18.2355,11.9796,,true,0,0.008333,0.0000,0.0000,1.00,0.00,0.0000,22,1,287,360,8,60,160,5,17,17,8,0,34277,1161,53,40,872263680,0.000000,0.000000,0.000000,0.00,0,0,0,0,0,20,39,32,12,12,11,15,13,21,20,17,55,20,0.0005,0.0049,0.1661,0.0603,0.0080,0.0068,11.9796,0.0578,0.0000,2.4360,0.0504,0.4208,0.2971,0.7731,0.0185,0.0000,44.0230,0.0008
1635,18.5794,0.0000,21.4114,8.2745,,true,0,0.008333,0.0000,0.0000,1.00,0.00,0.0000,22,1,287,360,8,59,159,5,17,17,8,0,34277,1169,45,40,872263680,0.000000,0.000000,0.000000,0.00,0,0,0,0,0,20,39,32,12,12,11,15,13,21,20,17,55,20,0.0010,0.0019,0.0792,0.0536,0.0073,0.0071,8.2745,0.0319,0.0000,2.1319,0.0209,0.3641,0.2233,0.7293,0.0069,0.0000,44.0063,0.0010
1636,18.5988,0.0000,18.5036,9.2976,,true,0,0.008333,0.0000,0.0000,1.00,0.00,0.0000,22,1,293,360,8,58,158,5,17,17,8,0,34570,1177,37,40,872263680,0.000000,0.000000,0.000000,0.00,0,0,0,0,0,20,39,32,12,12,11,15,13,21,20,17,53,28,0.0002,0.0016,0.1038,0.0443,0.0059,0.0057,9.2976,0.0386,0.0000,1.7737,0.0230,0.2664,0.2413,0.7237,0.0099,0.0000,41.3446,0.0006
1637,18.6189,0.0000,21.3807,7.7263,,true,0,0.008333,0.0000,0.0000,1.00,0.00,0.0000,22,1,308,360,8,58,158,5,17,17,8,0,34878,1185,29,40,872267776,0.000000,0.000000,0.000000,0.00,0,0,0,0,0,20,39,32,12,12,11,15,13,21,20,17,48,48,0.0002,0.0013,0.0491,0.0705,0.0040,0.0049,7.7263,0.0192,0.0000,1.5210,0.0142,0.3482,0.1427,0.5110,0.0058,0.0000,45.1657,0.0001
1638,18.6395,0.0000,19.0104,9.3308,,true,0,0.008333,0.0000,0.0000,1.00,0.00,0.0000,22,1,311,360,8,58,158,5,17,17,8,0,35189,1193,21,40,872267776,0.000000,0.000000,0.000000,0.00,0,0,0,0,0,20,39,32,12,12,11,15,13,21,20,17,47,52,0.0012,0.0061,0.0514,0.0890,0.0166,0.0134,9.3308,0.0247,0.0000,1.9418,0.0411,0.3845,0.1596,0.7720,0.0349,0.0000,39.8829,0.0005
1639,18.6592,0.0000,19.9376,9.0139,,true,0,0.008333,0.0000,0.0000,1.00,0.00,0.0000,22,1,320,360,8,57,157,5,17,17,8,0,35509,1201,13,40,872271872,0.000000,0.000000,0.000000,0.00,0,0,0,0,0,20,39,32,12,12,11,15,13,21,20,16,49,60,0.0013,0.0076,0.0768,0.0786,0.0114,0.0106,9.0139,0.0362,0.0000,2.1534,0.0409,0.3452,0.2631,0.8427,0.0149,0.0000,44.1047,0.0004
1640,18.6810,0.0000,19.7352,11.2805,,true,0,0.008333,0.0000,0.0000,1.00,0.00,0.0000,22,1,326,360,5,56,156,5,17,17,8,0,35835,1206,5,25,872280064,0.000000,0.000000,0.000000,0.00,0,0,0,0,0,20,39,32,12,12,11,15,13,21,20,16,47,68,0.0003,0.0026,0.1398,0.0609,0.0057,0.0055,11.2805,0.0683,0.0000,3.1899,0.0383,0.3490,0.2794,1.1255,0.0114,0.0000,40.3721,0.0007
1641,18.7007,0.0000,21.4309,9.5512,,true,0,0.008333,0.0000,0.0000,1.00,0.00,0.0000,22,1,335,360,0,55,155,5,17,17,5,0,36170,1206,0,0,872284160,0.000000,0.000000,0.000000,0.00,0,0,0,0,0,20,39,32,12,12,11,15,13,21,20,16,44,80,0.0005,0.0036,0.0887,0.0675,0.0091,0.0121,9.5512,0.0403,0.0000,2.0255,0.0499,0.3693,0.2419,0.8210,0.0169,0.0000,25.5982,0.0003
1642,18.7247,0.0000,18.7260,14.9472,,true,0,0.008333,0.0000,0.0000,1.00,0.00,0.0000,22,1,326,360,8,53,153,5,17,17,0,0,36496,1214,86,40,872284160,0.000000,0.000000,0.000000,0.00,0,0,0,0,0,20,40,28,12,12,11,15,13,21,20,16,46,72,0.0002,0.0016,0.0654,0.0951,0.0133,0.0122,14.9472,0.0214,0.0000,7.0255,0.0007,0.5572,0.2193,0.7653,0.0009,0.0000,0.0000,4.4075
1643,18.7409,0.0000,22.0212,9.2276,,true,0,0.008333,0.0000,0.0000,1.00,0.00,0.0000,22,1,317,360,8,44,144,5,17,17,8,0,36813,1222,78,40,874381312,0.000000,0.000000,0.000000,0.00,0,0,0,0,0,20,39,32,12,12,12,12,11,13,20,16,46,72,0.0003,0.0019,0.0761,0.0477,0.0056,0.0047,9.2276,0.0452,0.0000,2.4915,0.0457,0.3732,0.1894,1.0104,0.0137,0.0000,44.5232,0.0004
1644,18.7613,0.0000,19.1799,10.0639,,true,0,0.008333,0.0000,0.0000,1.00,0.00,0.0000,22,1,308,360,8,36,136,5,17,17,8,0,37121,1230,70,40,876478464,0.000000,0.000000,0.000000,0.00,0,0,0,0,0,20,39,32,12,12,12,12,12,10,17,12,46,72,0.0002,0.0012,0.0346,0.0548,0.0080,0.0111,10.0639,0.0205,0.0000,2.7072,0.0955,0.3750,0.2160,0.9751,0.0320,0.0000,48.6396,0.0005
1645,18.7825,0.0000,21.6203,9.9496,,true,0,0.008333,0.0000,0.0000,1.00,0.00,0.0000,22,1,302,360,8,30,130,5,17,17,8,0,37423,1238,62,40,876478464,0.000000,0.000000,0.000000,0.00,0,0,0,0,0,20,39,32,12,12,12,12,12,10,17,13,43,68,0.0007,0.0015,0.0583,0.0375,0.0048,0.0051,9.9496,0.0379,0.0000,1.9104,0.0367,0.2989,0.2358,0.6819,0.0131,0.0000,45.7256,0.0003
1646,18.8013,0.0000,19.5681,9.0986,,true,0,0.008333,0.0000,0.0000,1.00,0.00,0.0000,22,1,299,360,8,25,125,5,17,17,8,0,37722,1246,54,40,876482560,0.000000,0.000000,0.000000,0.00,0,0,0,0,0,20,39,32,12,12,12,12,11,14,17,15,35,68,0.0002,0.0024,0.0545,0.0437,0.0069,0.0047,9.0986,0.0208,0.0000,2.0597,0.0280,0.3558,0.1826,0.7124,0.0134,0.0000,44.6710,0.0007
1647,18.8244,0.0000,22.7406,9.3380,,true,0,0.008333,0.0000,0.0000,1.00,0.00,0.0000,22,1,302,360,8,21,121,5,17,17,8,0,38024,1254,46,40,876482560,0.000000,0.000000,0.000000,0.00,0,0,0,0,0,20,39,32,12,12,12,12,11,12,25,16,31,68,0.0005,0.0029,0.0962,0.0613,0.0054,0.0086,9.3380,0.0438,0.0000,2.3039,0.0433,0.3953,0.2170,0.7671,0.0228,0.0000,45.9689,0.0006
1648,18.8451,0.0000,20.0788,9.8737,,true,0,0.008333,0.0000,0.0000,1.00,0.00,0.0000,22,1,314,360,8,18,118,5,17,17,8,0,38338,1262,38,40,876482560,0.000000,0.000000,0.000000,0.00,0,0,0,0,0,20,39,32,12,12,12,12,11,12,20,36,32,64,0.0001,0.0068,0.0596,0.0601,0.0086,0.0078,9.8737,0.0223,0.0000,2.6501,0.0685,0.5855,0.2653,0.8100,0.0390,0.0000,41.3590,0.0009
1649,18.8648,0.0000,20.3615,9.3410,,true,0,0.008333,0.0000,0.0000,1.00,0.00,0.0000,22,1,308,360,8,17,117,5,17,17,8,0,38646,1270,30,40,876482560,0.000000,0.000000,0.000000,0.00,0,0,0,0,0,20,39,32,12,12,12,12,11,12,20,36,34,56,0.0003,0.0013,0.0733,0.0511,0.0058,0.0049,9.3410,0.0302,0.0000,2.2059,0.0351,0.3876,0.2170,0.7546,0.0146,0.0000,46.2716,0.0007
1650,18.8856,0.0000,19.6586,10.3026,,true,0,0.008333,0.0000,0.0000,1.00,0.00,0.0000,22,1,314,360,8,16,116,5,17,17,8,0,38960,1278,22,40,876482560,0.000000,0.000000,0.000000,0.00,0,0,0,0,0,20,39,32,12,12,12,12,11,12,20,34,42,56,0.0004,0.0037,0.0570,0.0552,0.0080,0.0047,10.3026,0.0223,0.0000,2.1141,0.0492,0.3961,0.1809,0.7526,0.0413,0.0000,41.0334,0.0013
1651,18.9050,0.0000,21.3636,8.5763,,true,0,0.008333,0.0000,0.0000,1.00,0.00,0.0000,22,1,317,360,8,16,116,5,17,17,8,0,39277,1286,14,40,876482560,0.000000,0.000000,0.000000,0.00,0,0,0,0,0,20,39,32,12,12,12,12,11,12,20,34,41,60,0.0004,0.0032,0.0847,0.0742,0.0027,0.0091,8.5763,0.0490,0.0000,2.1894,0.0507,0.4156,0.2612,0.7966,0.0158,0.0000,41.7267,0.0006
1652,18.9252,0.0000,19.0039,9.5571,,true,0,0.008333,0.0000,0.0000,1.00,0.00,0.0000,22,1,329,360,6,17,117,5,17,17,8,0,39606,1292,6,30,876482560,0.000000,0.000000,0.000000,0.00,0,0,0,0,0,20,39,32,12,12,12,12,11,12,20,34,37,76,0.0002,0.0028,0.0897,0.0638,0.0066,0.0084,9.5571,0.0512,0.0000,2.0241,0.0294,0.3836,0.2426,0.8557,0.0137,0.0000,41.5917,0.0003
1653,18.9454,0.0000,20.8165,9.1928,,true,0,0.008333,0.0000,0.0000,1.00,0.00,0.0000,22,1,335,360,0,19,119,5,17,17,6,0,39941,1292,0,0,876539904,0.000000,0.000000,0.000000,0.00,0,0,0,0,0,20,39,32,12,12,12,12,11,12,20,34,35,84,0.0003,0.0019,0.1129,0.0431,0.0070,0.0044,9.1928,0.0412,0.0000,2.1737,0.0343,0.4273,0.3036,0.8221,0.0147,0.0000,29.8846,0.0025
1654,18.9678,0.0000,19.9102,11.5266,,true,0,0.008333,0.0000,0.0000,1.00,0.00,0.0000,22,1,311,360,8,23,123,5,17,17,0,0,40252,1300,47,40,876539904,0.000000,0.000000,0.000000,0.00,0,0,0,0,0,20,41,24,12,12,12,12,12,8,20,35,35,68,0.0010,0.0025,0.0551,0.0618,0.0075,0.0114,11.5266,0.0240,0.0000,5.1625,0.0014,0.4055,0.2469,0.6694,0.0024,0.0000,0.0000,3.1822
1655,18.9849,0.0000,20.7370,8.0978,,true,0,0.008333,0.0000,0.0000,1.00,0.00,0.0000,22,1,317,360,8,45,145,5,17,17,8,0,40569,1308,39,40,878637056,0.000000,0.000000,0.000000,0.00,0,0,0,0,0,20,39,32,12,12,12,12,12,8,20,35,35,68,0.0004,0.0018,0.0577,0.0561,0.0055,0.0055,8.0978,0.0196,0.0000,2.0799,0.0226,0.4193,0.1778,0.7354,0.0123,0.0000,43.7787,0.0003
1656,19.0211,0.0000,34.5681,9.6593,,true,0,0.008333,0.0000,0.0000,1.00,0.00,0.0000,22,1,311,360,8,56,156,5,17,17,8,0,40880,1316,31,40,878641152,0.000000,0.000000,0.000000,0.00,0,0,0,0,0,20,39,32,12,12,12,12,12,10,12,35,35,68,0.0002,0.0021,0.0417,0.0811,0.0093,0.0122,9.6593,0.0246,0.0000,2.3310,0.0609,0.4312,0.2583,0.7890,0.0262,0.0000,45.1456,0.0007
1657,19.0423,0.0000,20.3910,10.4850,,true,0,0.008333,0.0000,0.0000,1.00,0.00,0.0000,22,1,317,360,8,65,165,5,17,17,8,0,41197,1324,23,40,878641152,0.000000,0.000000,0.000000,0.00,0,0,0,0,0,20,39,32,12,12,12,12,11,13,16,35,35,68,0.0002,0.0009,0.1085,0.0584,0.0049,0.0034,10.4850,0.0278,0.0000,2.4788,0.0473,0.4248,0.3029,0.7412,0.0288,0.0000,42.7283,0.0010
1658,19.0635,0.0000,21.8008,9.6644,,true,0,0.008333,0.0000,0.0000,1.00,0.00,0.0000,22,1,323,360,8,71,171,5,17,17,8,0,41520,1332,15,40,878641152,0.000000,0.000000,0.000000,0.00,0,0,0,0,0,20,39,32,12,12,12,12,11,11,24,34,40,64,0.0001,0.0021,0.0875,0.0502,0.0047,0.0059,9.6644,0.0458,0.0000,2.7719,0.0426,0.5519,0.2158,1.1626,0.0176,0.0000,44.7234,0.0009
1659,19.0829,0.0000,19.8573,9.2389,,true,0,0.008333,0.0000,0.0000,1.00,0.00,0.0000,22,1,323,360,7,74,174,5,17,17,8,0,41520,1339,7,35,878641152,0.000000,0.000000,0.000000,0.00,0,0,0,0,0,20,39,32,12,12,12,12,11,11,24,34,40,64,0.0003,0.0021,0.0502,0.0498,0.0033,0.0059,9.2389,0.0256,0.0000,1.8056,0.0259,0.3719,0.2052,0.7480,0.0111,0.0000,42.2661,0.0005
1660,19.1057,0.0000,23.1453,8.8368,,true,0,0.008333,0.0000,0.0000,1.00,0.00,0.0000,22,1,335,360,0,75,175,5,17,17,7,0,41855,1339,0,0,878641152,0.000000,0.000000,0.000000,0.00,0,0,0,0,0,20,39,32,12,12,12,12,11,11,24,34,36,80,0.0001,0.0027,0.0467,0.0616,0.0063,0.0071,8.8368,0.0214,0.0000,1.4304,0.0234,0.2925,0.1636,0.5799,0.0124,0.0000,40.0293,0.0005
1661,19.1305,0.0000,21.7841,11.9646,,true,0,0.008333,0.0000,0.0000,1.00,0.00,0.0000,22,1,308,360,8,74,174,5,17,17,0,0,42163,1347,56,40,878690304,0.000000,0.000000,0.000000,0.00,0,0,0,0,0,20,39,32,12,12,12,12,11,13,18,27,36,64,0.0001,0.0020,0.0616,0.0542,0.0086,0.0086,11.9646,0.0255,0.0000,5.5012,0.0011,0.3477,0.2036,0.6393,0.0012,0.0000,0.0000,3.4049
1662,19.1473,0.0000,20.9603,8.0791,,true,0,0.008333,0.0000,0.0000,1.00,0.00,0.0000,22,1,302,360,8,62,162,5,17,17,8,0,42465,1355,48,40,878694400,0.000000,0.000000,0.000000,0.00,0,0,0,0,0,20,39,32,12,12,12,12,11,13,20,19,36,64,0.0002,0.0028,0.0459,0.0512,0.0070,0.0049,8.0791,0.0177,0.0000,2.2652,0.0477,0.3202,0.5023,0.8174,0.0170,0.0000,43.2298,0.0008
1663,19.1871,0.0000,37.3319,9.8969,,true,0,0.008333,0.0000,0.0000,1.00,0.00,0.0000,22,1,302,360,8,54,154,5,17,17,8,0,42465,1363,40,40,880795648,0.000000,0.000000,0.000000,0.00,0,0,0,0,0,20,39,32,12,12,12,12,11,13,20,19,36,64,0.0010,0.0022,0.0811,0.0901,0.0141,0.0084,9.8969,0.0425,0.0000,2.3334,0.0551,0.4328,0.2567,0.7724,0.0248,0.0000,41.7894,0.0013
1664,19.2085,0.0000,22.3523,9.2238,,true,0,0.008333,0.0000,0.0000,1.00,0.00,0.0000,22,1,317,360,8,45,145,5,17,17,8,0,42782,1371,32,40,880799744,0.000000,0.000000,0.000000,0.00,0,0,0,0,0,20,39,32,12,11,15,14,18,17,20,19,36,64,0.0007,0.0022,0.0471,0.0558,0.0070,0.0056,9.2238,0.0159,0.0000,3.2592,0.0357,0.4537,0.1305,1.0574,0.0155,0.0000,39.4411,0.0004
1665,19.2447,0.0000,35.6653,10.0256,,true,0,0.008333,0.0000,0.0000,1.00,0.00,0.0000,22,1,314,360,8,37,137,5,17,17,8,0,43096,1379,24,40,880803840,0.000000,0.000000,0.000000,0.00,0,0,0,0,0,20,39,32,12,11,15,14,18,17,19,23,38,56,0.0003,0.0019,0.0459,0.0450,0.0071,0.0049,10.0256,0.0240,0.0000,2.0675,0.0317,0.4376,0.1734,0.7584,0.0132,0.0000,40.7485,0.0005
1666,19.2673,0.0000,23.3874,9.1944,,true,0,0.008333,0.0000,0.0000,1.00,0.00,0.0000,22,1,323,360,8,31,131,5,17,17,8,0,43419,1387,16,40,880803840,0.000000,0.000000,0.000000,0.00,0,0,0,0,0,20,39,32,12,11,15,14,18,17,19,20,50,56,0.0004,0.0025,0.1023,0.0575,0.0057,0.0040,9.1944,0.0423,0.0000,2.2295,0.0505,0.4158,0.2507,0.8263,0.0235,0.0000,39.3651,0.0009
1667,19.3033,0.0000,37.1239,7.9630,,true,0,0.008333,0.0000,0.0000,1.00,0.00,0.0000,22,1,326,360,8,25,125,5,17,17,8,0,43745,1395,8,40,880807936,0.000000,0.000000,0.000000,0.00,0,0,0,0,0,20,39,32,12,11,15,14,18,17,19,20,49,60,0.0003,0.0024,0.0501,0.0927,0.0126,0.0063,7.9630,0.0181,0.0000,2.0003,0.0283,0.4645,0.2101,0.7686,0.0164,0.0000,39.0197,0.0004
1668,19.3263,0.0000,20.8918,10.0909,,true,0,0.008333,0.0000,0.0000,1.00,0.00,0.0000,22,1,335,360,0,21,121,5,17,17,8,0,44080,1395,0,0,880807936,0.000000,0.000000,0.000000,0.00,0,0,0,0,0,20,39,32,12,11,15,14,18,17,19,20,46,72,0.0004,0.0028,0.0675,0.0514,0.0068,0.0052,10.0909,0.0456,0.0000,2.1076,0.0390,0.4109,0.2758,0.8822,0.0189,0.0000,42.2242,0.0007
1669,19.3605,0.0000,34.8738,9.5481,,true,0,0.008333,0.0000,0.0000,1.00,0.00,0.0000,22,1,335,360,0,18,118,5,17,17,0,0,44080,1395,0,0,880807936,0.000000,0.000000,0.000000,0.00,0,0,0,0,0,20,39,32,12,11,15,14,18,17,19,20,46,72,0.0002,0.0021,0.1103,0.0485,0.0052,0.0094,9.5481,0.0473,0.0000,1.2580,0.0013,0.4314,0.3450,0.0021,0.0022,0.0000,0.0000,0.0007
1670,19.3828,0.0000,25.0966,6.6130,,true,0,0.008333,0.0000,0.0000,1.00,0.00,0.0000,22,1,335,360,0,15,115,5,17,17,0,0,44080,1395,0,0,880807936,0.000000,0.000000,0.000000,0.00,0,0,0,0,0,20,39,32,12,11,15,14,18,17,19,20,46,72,0.0002,0.0022,0.0453,0.0701,0.0105,0.0169,6.6130,0.0197,0.0000,1.1116,0.0004,0.4327,0.1920,0.0024,0.0006,0.0000,0.0000,0.0007
1671,19.3888,0.0000,7.3704,5.1910,,true,0,0.008333,0.0000,0.0000,1.00,0.00,0.0000,22,1,335,360,0,13,113,5,17,17,0,0,44080,1395,0,0,880807936,0.000000,0.000000,0.000000,0.00,0,0,0,0,0,20,39,32,12,11,15,14,18,17,19,20,46,72,0.0004,0.0013,0.0542,0.0370,0.0013,0.0047,5.1910,0.0149,0.0000,0.9218,0.0003,0.3995,0.1120,0.0009,0.0004,0.0000,0.0000,0.0006
1672,19.3971,0.0000,6.9294,6.8561,,true,0,0.008333,0.0000,0.0000,1.00,0.00,0.0000,22,1,335,360,0,11,111,5,17,17,0,0,44080,1395,0,0,880807936,0.000000,0.000000,0.000000,0.00,0,0,0,0,0,20,39,32,12,11,15,14,18,17,19,20,46,72,0.0003,0.0016,0.0634,0.0576,0.0064,0.0073,6.8561,0.0296,0.0000,1.2248,0.0008,0.5943,0.1901,0.0016,0.0008,0.0000,0.0000,0.0011
1673,19.4046,0.0000,8.6783,5.8391,,true,0,0.008333,0.0000,0.0000,1.00,0.00,0.0000,22,1,335,360,0,10,110,5,17,17,0,0,44080,1395,0,0,880807936,0.000000,0.000000,0.000000,0.00,0,0,0,0,0,20,39,32,12,11,15,14,18,17,19,20,46,72,0.0003,0.0018,0.0408,0.0390,0.0035,0.0074,5.8391,0.0141,0.0000,1.1698,0.0003,0.5189,0.1444,0.0019,0.0006,0.0000,0.0000,0.0007
1674,19.4136,0.0000,10.1976,4.8764,,true,0,0.008333,0.0000,0.0000,1.00,0.00,0.0000,22,1,335,360,0,9,109,5,17,17,0,0,44080,1395,0,0,880812032,0.000000,0.000000,0.000000,0.00,0,0,0,0,0,20,39,32,12,11,15,14,18,17,19,20,46,72,0.0006,0.0008,0.0414,0.0349,0.0161,0.0025,4.8764,0.0104,0.0000,0.8469,0.0003,0.3677,0.1276,0.0012,0.0004,0.0000,0.0000,0.0003
1675,19.4245,0.0000,11.0136,4.6622,,true,0,0.008333,0.0000,0.0000,1.00,0.00,0.0000,22,1,335,360,0,8,108,5,17,17,0,0,44080,1395,0,0,880812032,0.000000,0.000000,0.000000,0.00,0,0,0,0,0,20,39,32,12,11,15,14,18,17,19,20,46,72,0.0002,0.0010,0.0320,0.0299,0.0035,0.0027,4.6622,0.0104,0.0000,0.6599,0.0002,0.2892,0.0961,0.0007,0.0005,0.0000,0.0000,0.0002
1676,19.4350,0.0000,10.1445,5.1266,,true,0,0.008333,0.0000,0.0000,1.00,0.00,0.0000,22,1,335,360,0,7,107,5,17,17,0,0,44080,1395,0,0,880812032,0.000000,0.000000,0.000000,0.00,0,0,0,0,0,20,39,32,12,11,15,14,18,17,19,20,46,72,0.0001,0.0012,0.0389,0.0322,0.0054,0.0024,5.1266,0.0093,0.0000,0.8691,0.0003,0.3765,0.1245,0.0008,0.0004,0.0000,0.0000,0.0002
1677,19.4468,0.0000,11.8127,5.0126,,true,0,0.008333,0.0000,0.0000,1.00,0.00,0.0000,22,1,335,360,0,7,107,5,17,17,0,0,44080,1395,0,0,880812032,0.000000,0.000000,0.000000,0.00,0,0,0,0,0,20,39,32,12,11,15,14,18,17,19,20,46,72,0.0002,0.0009,0.0329,0.0287,0.0024,0.0027,5.0126,0.0085,0.0000,0.8551,0.0003,0.3752,0.1325,0.0007,0.0004,0.0000,0.0000,0.0004
1678,19.4571,0.0000,10.7262,4.6988,,true,0,0.008333,0.0000,0.0000,1.00,0.00,0.0000,22,1,335,360,0,6,106,5,17,17,0,0,44080,1395,0,0,880812032,0.000000,0.000000,0.000000,0.00,0,0,0,0,0,20,39,32,12,11,15,14,18,17,19,20,46,72,0.0001,0.0011,0.0382,0.0327,0.0037,0.0035,4.6988,0.0170,0.0000,0.8825,0.0003,0.3747,0.1508,0.0006,0.0004,0.0000,0.0000,0.0003
1679,19.4670,0.0000,10.0087,4.5855,,true,0,0.008333,0.0000,0.0000,1.00,0.00,0.0000,22,1,335,360,0,6,106,5,17,17,0,0,44080,1395,0,0,880812032,0.000000,0.000000,0.000000,0.00,0,0,0,0,0,20,39,32,12,11,15,14,18,17,19,20,46,72,0.0003,0.0010,0.0397,0.0295,0.0031,0.0029,4.5855,0.0135,0.0000,0.8637,0.0003,0.3675,0.1341,0.0009,0.0004,0.0000,0.0000,0.0003
1680,19.4785,0.0000,10.7345,5.3093,,true,0,0.008333,0.0000,0.0000,1.00,0.00,0.0000,22,1,335,360,0,5,105,5,17,17,0,0,44080,1395,0,0,880812032,0.000000,0.000000,0.000000,0.00,0,0,0,0,0,20,39,32,12,11,15,14,18,17,19,20,46,72,0.0002,0.0015,0.0346,0.0508,0.0072,0.0071,5.3093,0.0094,0.0000,0.8568,0.0003,0.3670,0.1244,0.0007,0.0003,0.0000,0.0000,0.0001
1681,19.4893,0.0000,11.7077,4.4342,,true,0,0.008333,0.0000,0.0000,1.00,0.00,0.0000,22,1,335,360,0,5,105,5,17,17,0,0,44080,1395,0,0,880812032,0.000000,0.000000,0.000000,0.00,0,0,0,0,0,20,39,32,12,11,15,14,18,17,19,20,46,72,0.0004,0.0008,0.0335,0.0331,0.0034,0.0030,4.4342,0.0105,0.0000,0.6671,0.0002,0.2773,0.0960,0.0006,0.0003,0.0000,0.0000,0.0004
1682,19.5012,0.0000,10.9825,5.2029,,true,0,0.008333,0.0000,0.0000,1.00,0.00,0.0000,22,1,335,360,0,5,105,5,17,17,0,0,44080,1395,0,0,880812032,0.000000,0.000000,0.000000,0.00,0,0,0,0,0,20,39,32,12,11,15,14,18,17,19,20,46,72,0.0002,0.0010,0.0375,0.0343,0.0039,0.0035,5.2029,0.0134,0.0000,0.9153,0.0004,0.3875,0.1449,0.0012,0.0006,0.0000,0.0000,0.0003
1683,19.5123,0.0000,11.3295,5.0107,,true,0,0.008333,0.0000,0.0000,1.00,0.00,0.0000,22,1,335,360,0,5,105,5,17,17,0,0,44080,1395,0,0,880812032,0.000000,0.000000,0.000000,0.00,0,0,0,0,0,20,39,32,12,11,15,14,18,17,19,20,46,72,0.0003,0.0008,0.0457,0.0260,0.0025,0.0029,5.0107,0.0152,0.0000,0.8906,0.0002,0.3941,0.1361,0.0009,0.0005,0.0000,0.0000,0.0003
1684,19.5235,0.0000,10.9459,5.2756,,true,0,0.008333,0.0000,0.0000,1.00,0.00,0.0000,22,1,335,360,0,5,105,5,17,17,0,0,44080,1395,0,0,880816128,0.000000,0.000000,0.000000,0.00,0,0,0,0,0,20,39,32,12,11,15,14,18,17,19,20,46,72,0.0002,0.0022,0.0354,0.0436,0.0044,0.0053,5.2756,0.0098,0.0000,0.9053,0.0004,0.4123,0.1268,0.0005,0.0004,0.0000,0.0000,0.0002
1685,19.5338,0.0000,11.0497,4.5757,,true,0,0.008333,0.0000,0.0000,1.00,0.00,0.0000,22,1,335,360,0,4,104,5,17,17,0,0,44080,1395,0,0,880816128,0.000000,0.000000,0.000000,0.00,0,0,0,0,0,20,39,32,12,11,15,14,18,17,19,20,46,72,0.0002,0.0009,0.0372,0.0307,0.0030,0.0030,4.5757,0.0119,0.0000,0.8626,0.0004,0.3803,0.1305,0.0006,0.0003,0.0000,0.0000,0.0003
1686,19.5433,0.0000,9.5349,4.5315,,true,0,0.008333,0.0000,0.0000,1.00,0.00,0.0000,22,1,335,360,0,4,104,5,17,17,0,0,44080,1395,0,0,880816128,0.000000,0.000000,0.000000,0.00,0,0,0,0,0,20,39,32,12,11,15,14,18,17,19,20,46,72,0.0003,0.0011,0.0360,0.0302,0.0027,0.0069,4.5315,0.0095,0.0000,0.8629,0.0003,0.3837,0.1284,0.0006,0.0005,0.0000,0.0000,0.0004
1687,19.5556,0.0000,11.1307,5.6963,,true,0,0.008333,0.0000,0.0000,1.00,0.00,0.0000,22,1,335,360,0,4,104,5,17,17,0,0,44080,1395,0,0,880816128,0.000000,0.000000,0.000000,0.00,0,0,0,0,0,20,39,32,12,11,15,14,18,17,19,20,46,72,0.0002,0.0011,0.0415,0.0366,0.0037,0.0033,5.6963,0.0130,0.0000,0.9008,0.0003,0.3757,0.1437,0.0011,0.0005,0.0000,0.0000,0.0003
1688,19.5666,0.0000,12.2211,4.5710,,true,0,0.008333,0.0000,0.0000,1.00,0.00,0.0000,22,1,335,360,0,4,104,5,17,17,0,0,44080,1395,0,0,880816128,0.000000,0.000000,0.000000,0.00,0,0,0,0,0,20,39,32,12,11,15,14,18,17,19,20,46,72,0.0002,0.0011,0.0307,0.0309,0.0030,0.0021,4.5710,0.0087,0.0000,0.6475,0.0002,0.2718,0.1037,0.0007,0.0004,0.0000,0.0000,0.0002
1689,19.5786,0.0000,11.2683,5.1201,,true,0,0.008333,0.0000,0.0000,1.00,0.00,0.0000,22,1,335,360,0,4,104,5,17,17,0,0,44080,1395,0,0,880816128,0.000000,0.000000,0.000000,0.00,0,0,0,0,0,20,39,32,12,11,15,14,18,17,19,20,46,72,0.0002,0.0012,0.0347,0.0309,0.0037,0.0027,5.1201,0.0113,0.0000,0.7010,0.0002,0.2802,0.1101,0.0013,0.0006,0.0000,0.0000,0.0002
1690,19.5886,0.0000,10.3529,4.8608,,true,0,0.008333,0.0000,0.0000,1.00,0.00,0.0000,22,1,335,360,0,4,104,5,17,17,0,0,44080,1395,0,0,880816128,0.000000,0.000000,0.000000,0.00,0,0,0,0,0,20,39,32,12,11,15,14,18,17,19,20,46,72,0.0002,0.0009,0.0331,0.0300,0.0034,0.0027,4.8608,0.0100,0.0000,0.8372,0.0003,0.3682,0.1244,0.0007,0.0003,0.0000,0.0000,0.0003
1691,19.6005,0.0000,11.4568,5.2993,,true,0,0.008333,0.0000,0.0000,1.00,0.00,0.0000,22,1,335,360,0,4,104,5,17,17,0,0,44080,1395,0,0,880816128,0.000000,0.000000,0.000000,0.00,0,0,0,0,0,20,39,32,12,11,15,14,18,17,19,20,46,72,0.0003,0.0016,0.0428,0.0334,0.0035,0.0035,5.2993,0.0114,0.0000,0.9102,0.0005,0.3825,0.1468,0.0009,0.0011,0.0000,0.0000,0.0004
1692,19.6119,0.0000,11.6818,5.0361,,true,0,0.008333,0.0000,0.0000,1.00,0.00,0.0000,22,1,335,360,0,4,104,5,17,17,0,0,44080,1395,0,0,880816128,0.000000,0.000000,0.000000,0.00,0,0,0,0,0,20,39,32,12,11,15,14,18,17,19,20,46,72,0.0002,0.0011,0.0381,0.0303,0.0033,0.0030,5.0361,0.0111,0.0000,0.8642,0.0002,0.3696,0.1434,0.0008,0.0005,0.0000,0.0000,0.0003
1693,19.6223,0.0000,10.2756,5.2148,,true,0,0.008333,0.0000,0.0000,1.00,0.00,0.0000,22,1,335,360,0,3,103,5,17,17,0,0,44080,1395,0,0,880820224,0.000000,0.000000,0.000000,0.00,0,0,0,0,0,20,39,32,12,11,15,14,18,17,19,20,46,72,0.0002,0.0009,0.0386,0.0316,0.0032,0.0024,5.2148,0.0115,0.0000,0.8850,0.0004,0.3926,0.1334,0.0007,0.0005,0.0000,0.0000,0.0003
1694,19.6325,0.0000,10.2611,5.0337,,true,0,0.008333,0.0000,0.0000,1.00,0.00,0.0000,22,1,335,360,0,3,103,5,17,17,0,0,44080,1395,0,0,880820224,0.000000,0.000000,0.000000,0.00,0,0,0,0,0,20,39,32,12,11,15,14,18,17,19,20,46,72,0.0002,0.0014,0.0399,0.0402,0.0027,0.0027,5.0337,0.0110,0.0000,0.9029,0.0003,0.3877,0.1225,0.0006,0.0004,0.0000,0.0000,0.0003
1695,19.6447,0.0000,12.3805,4.9278,,true,0,0.008333,0.0000,0.0000,1.00,0.00,0.0000,22,1,335,360,0,3,103,5,17,17,0,0,44080,1395,0,0,880820224,0.000000,0.000000,0.000000,0.00,0,0,0,0,0,20,39,32,12,11,15,14,18,17,19,20,46,72,0.0002,0.0013,0.0418,0.0389,0.0030,0.0022,4.9278,0.0122,0.0000,0.8424,0.0002,0.3649,0.1252,0.0006,0.0005,0.0000,0.0000,0.0003
1696,19.6551,0.0000,10.5911,4.7776,,true,0,0.008333,0.0000,0.0000,1.00,0.00,0.0000,22,1,335,360,0,3,103,5,17,17,0,0,44080,1395,0,0,880820224,0.000000,0.000000,0.000000,0.00,0,0,0,0,0,20,39,32,12,11,15,14,18,17,19,20,46,72,0.0002,0.0013,0.0371,0.0302,0.0027,0.0030,4.7776,0.0128,0.0000,0.8933,0.0003,0.4073,0.1305,0.0009,0.0004,0.0000,0.0000,0.0003
1697,19.6643,0.0000,9.4098,4.6331,,true,0,0.008333,0.0000,0.0000,1.00,0.00,0.0000,22,1,335,360,0,3,103,5,17,17,0,0,44080,1395,0,0,880820224,0.000000,0.000000,0.000000,0.00,0,0,0,0,0,20,39,32,12,11,15,14,18,17,19,20,46,72,0.0003,0.0008,0.0396,0.0309,0.0025,0.0019,4.6331,0.0090,0.0000,0.9130,0.0004,0.3797,0.1245,0.0013,0.0005,0.0000,0.0000,0.0002
1698,19.6753,0.0000,10.5888,4.8687,,true,0,0.008333,0.0000,0.0000,1.00,0.00,0.0000,22,1,335,360,0,3,103,5,17,17,0,0,44080,1395,0,0,880820224,0.000000,0.000000,0.000000,0.00,0,0,0,0,0,20,39,32,12,11,15,14,18,17,19,20,46,72,0.0006,0.0015,0.0253,0.0264,0.0023,0.0066,4.8687,0.0089,0.0000,0.7144,0.0002,0.3203,0.0989,0.0008,0.0003,0.0000,0.0000,0.0002
1699,19.6866,0.0000,11.4912,4.7701,,true,0,0.008333,0.0000,0.0000,1.00,0.00,0.0000,22,1,335,360,0,3,103,5,17,17,0,0,44080,1395,0,0,880820224,0.000000,0.000000,0.000000,0.00,0,0,0,0,0,20,39,32,12,11,15,14,18,17,19,20,46,72,0.0002,0.0009,0.0408,0.0290,0.0021,0.0020,4.7701,0.0095,0.0000,0.8680,0.0002,0.3707,0.1216,0.0005,0.0003,0.0000,0.0000,0.0002
1700,19.6969,0.0000,10.1794,4.8105,,true,0,0.008333,0.0000,0.0000,1.00,0.00,0.0000,22,1,335,360,0,3,103,5,17,17,0,0,44080,1395,0,0,880820224,0.000000,0.000000,0.000000,0.00,0,0,0,0,0,20,39,32,12,11,15,14,18,17,19,20,46,72,0.0003,0.0010,0.0370,0.0307,0.0026,0.0037,4.8105,0.0096,0.0000,0.8908,0.0002,0.3819,0.1323,0.0007,0.0004,0.0000,0.0000,0.0002
1701,19.7072,0.0000,10.2626,4.5608,,true,0,0.008333,0.0000,0.0000,1.00,0.00,0.0000,22,1,335,360,0,3,103,5,17,17,0,0,44080,1395,0,0,880820224,0.000000,0.000000,0.000000,0.00,0,0,0,0,0,20,39,32,12,11,15,14,18,17,19,20,46,72,0.0001,0.0007,0.0407,0.0289,0.0030,0.0019,4.5608,0.0143,0.0000,0.6639,0.0002,0.2706,0.1160,0.0005,0.0004,0.0000,0.0000,0.0002
1702,19.7193,0.0000,11.6954,5.0343,,true,0,0.008333,0.0000,0.0000,1.00,0.00,0.0000,22,1,335,360,0,3,103,5,17,17,0,0,44080,1395,0,0,880824320,0.000000,0.000000,0.000000,0.00,0,0,0,0,0,20,39,32,12,11,15,14,18,17,19,20,46,72,0.0004,0.0012,0.0339,0.0307,0.0029,0.0041,5.0343,0.0108,0.0000,0.8817,0.0003,0.3859,0.1274,0.0009,0.0006,0.0000,0.0000,0.0002
1703,19.7310,0.0000,12.1460,4.9363,,true,0,0.008333,0.0000,0.0000,1.00,0.00,0.0000,22,1,335,360,0,3,103,5,17,17,0,0,44080,1395,0,0,880824320,0.000000,0.000000,0.000000,0.00,0,0,0,0,0,20,39,32,12,11,15,14,18,17,19,20,46,72,0.0003,0.0010,0.0462,0.0289,0.0029,0.0024,4.9363,0.0124,0.0000,0.8950,0.0004,0.3864,0.1425,0.0011,0.0004,0.0000,0.0000,0.0003
1704,19.7400,0.0000,9.4904,4.3736,,true,0,0.008333,0.0000,0.0000,1.00,0.00,0.0000,22,1,335,360,0,3,103,5,17,17,0,0,44080,1395,0,0,880824320,0.000000,0.000000,0.000000,0.00,0,0,0,0,0,20,39,32,12,11,15,14,18,17,19,20,46,72,0.0004,0.0007,0.0291,0.0295,0.0022,0.0039,4.3736,0.0087,0.0000,0.6683,0.0004,0.2712,0.0939,0.0005,0.0002,0.0000,0.0000,0.0002
1705,19.7503,0.0000,9.9507,4.5728,,true,0,0.008333,0.0000,0.0000,1.00,0.00,0.0000,22,1,335,360,0,3,103,5,17,17,0,0,44080,1395,0,0,880824320,0.000000,0.000000,0.000000,0.00,0,0,0,0,0,20,39,32,12,11,15,14,18,17,19,20,46,72,0.0004,0.0009,0.0394,0.0209,0.0020,0.0032,4.5728,0.0097,0.0000,0.8710,0.0003,0.3829,0.1204,0.0012,0.0004,0.0000,0.0000,0.0003
1706,19.7625,0.0000,11.7276,5.0875,,true,0,0.008333,0.0000,0.0000,1.00,0.00,0.0000,22,1,335,360,0,3,103,5,17,17,0,0,44080,1395,0,0,880824320,0.000000,0.000000,0.000000,0.00,0,0,0,0,0,20,39,32,12,11,15,14,18,17,19,20,46,72,0.0002,0.0012,0.0362,0.0369,0.0030,0.0048,5.0875,0.0094,0.0000,0.8931,0.0003,0.3770,0.1273,0.0007,0.0004,0.0000,0.0000,0.0003
1707,19.7735,0.0000,11.3903,4.7580,,true,0,0.008333,0.0000,0.0000,1.00,0.00,0.0000,22,1,335,360,0,3,103,5,17,17,0,0,44080,1395,0,0,880824320,0.000000,0.000000,0.000000,0.00,0,0,0,0,0,20,39,32,12,11,15,14,18,17,19,20,46,72,0.0002,0.0029,0.0291,0.0990,0.0032,0.0087,4.7580,0.0089,0.0000,0.7029,0.0003,0.3068,0.0979,0.0007,0.0003,0.0000,0.0000,0.0005
1708,19.7837,0.0000,10.4369,4.3875,,true,0,0.008333,0.0000,0.0000,1.00,0.00,0.0000,22,1,335,360,0,3,103,5,17,17,0,0,44080,1395,0,0,880824320,0.000000,0.000000,0.000000,0.00,0,0,0,0,0,20,39,32,12,11,15,14,18,17,19,20,46,72,0.0003,0.0009,0.0362,0.0305,0.0026,0.0026,4.3875,0.0081,0.0000,0.9408,0.0006,0.4267,0.1438,0.0016,0.0008,0.0000,0.0000,0.0003
1709,19.7953,0.0000,11.1128,5.0613,,true,0,0.008333,0.0000,0.0000,1.00,0.00,0.0000,22,1,335,360,0,3,103,5,17,17,0,0,44080,1395,0,0,880824320,0.000000,0.000000,0.000000,0.00,0,0,0,0,0,20,39,32,12,11,15,14,18,17,19,20,46,72,0.0002,0.0011,0.0411,0.0377,0.0047,0.0034,5.0613,0.0094,0.0000,0.8784,0.0003,0.3923,0.1244,0.0007,0.0004,0.0000,0.0000,0.0003
1710,19.8068,0.0000,11.4525,4.9756,,true,0,0.008333,0.0000,0.0000,1.00,0.00,0.0000,22,1,335,360,0,2,102,5,17,17,0,0,44080,1395,0,0,880824320,0.000000,0.000000,0.000000,0.00,0,0,0,0,0,20,39,32,12,11,15,14,18,17,19,20,46,72,0.0002,0.0007,0.0342,0.0331,0.0028,0.0030,4.9756,0.0089,0.0000,0.9197,0.0002,0.3954,0.1325,0.0004,0.0004,0.0000,0.0000,0.0003
1711,19.8164,0.0000,10.4049,4.4726,,true,0,0.008333,0.0000,0.0000,1.00,0.00,0.0000,22,1,335,360,0,2,102,5,17,17,0,0,44080,1395,0,0,880828416,0.000000,0.000000,0.000000,0.00,0,0,0,0,0,20,39,32,12,11,15,14,18,17,19,20,46,72,0.0002,0.0016,0.0359,0.0351,0.0022,0.0029,4.4726,0.0090,0.0000,0.9333,0.0002,0.3938,0.1378,0.0012,0.0005,0.0000,0.0000,0.0004
1712,19.8272,0.0000,10.8277,4.4152,,true,0,0.008333,0.0000,0.0000,1.00,0.00,0.0000,22,1,335,360,0,2,102,5,17,17,0,0,44080,1395,0,0,880828416,0.000000,0.000000,0.000000,0.00,0,0,0,0,0,20,39,32,12,11,15,14,18,17,19,20,46,72,0.0002,0.0008,0.0368,0.0286,0.0021,0.0028,4.4152,0.0098,0.0000,0.9025,0.0003,0.3672,0.1330,0.0006,0.0004,0.0000,0.0000,0.0002
1713,19.8395,0.0000,11.6574,4.7974,,true,0,0.008333,0.0000,0.0000,1.00,0.00,0.0000,22,1,335,360,0,2,102,5,17,17,0,0,44080,1395,0,0,880828416,0.000000,0.000000,0.000000,0.00,0,0,0,0,0,20,39,32,12,11,15,14,18,17,19,20,46,72,0.0001,0.0011,0.0299,0.0564,0.0029,0.0025,4.7974,0.0128,0.0000,0.7029,0.0005,0.2770,0.1553,0.0015,0.0006,0.0000,0.0000,0.0004
1714,19.8495,0.0000,10.6377,4.3421,,true,0,0.008333,0.0000,0.0000,1.00,0.00,0.0000,22,1,335,360,0,2,102,5,17,17,0,0,44080,1395,0,0,880828416,0.000000,0.000000,0.000000,0.00,0,0,0,0,0,20,39,32,12,11,15,14,18,17,19,20,46,72,0.0003,0.0009,0.0275,0.0357,0.0057,0.0045,4.3421,0.0069,0.0000,0.6417,0.0004,0.2671,0.1020,0.0005,0.0002,0.0000,0.0000,0.0001
1715,19.8586,0.0000,10.1235,3.4650,,true,0,0.008333,0.0000,0.0000,1.00,0.00,0.0000,22,1,335,360,0,2,102,5,17,17,0,0,44080,1395,0,0,880828416,0.000000,0.000000,0.000000,0.00,0,0,0,0,0,20,39,32,12,11,15,14,18,17,19,20,46,72,0.0001,0.0007,0.0253,0.0301,0.0042,0.0068,3.4650,0.0071,0.0000,0.6095,0.0004,0.2692,0.0883,0.0005,0.0002,0.0000,0.0000,0.0001
1716,19.8681,0.0000,9.3072,3.3876,,true,0,0.008333,0.0000,0.0000,1.00,0.00,0.0000,22,1,335,360,0,2,102,5,17,17,0,0,44080,1395,0,0,880828416,0.000000,0.000000,0.000000,0.00,0,0,0,0,0,20,39,32,12,11,15,14,18,17,19,20,46,72,0.0001,0.0008,0.0266,0.0201,0.0020,0.0017,3.3876,0.0067,0.0000,0.6187,0.0002,0.2661,0.0906,0.0005,0.0002,0.0000,0.0000,0.0004
1717,19.8876,0.0000,12.4796,10.6105,,true,0,0.008333,0.0000,0.0000,1.00,0.00,0.0000,22,1,335,361,8,2,102,5,17,17,0,0,44080,1403,20,40,880828416,0.000000,0.000000,0.000000,0.00,0,0,0,0,0,20,39,32,12,11,15,14,18,17,19,20,46,72,0.0001,0.0013,0.0369,0.0200,0.0021,0.0025,10.6105,0.0103,0.0000,4.5385,0.0003,0.3308,0.1053,0.5282,0.0008,0.0000,0.0000,3.1966
1718,19.8981,0.0000,12.8933,7.9254,,true,0,0.008333,0.0000,0.0000,1.00,0.00,0.0000,22,1,329,361,8,2,102,5,17,17,7,0,44409,1410,13,40,880828416,0.000000,0.000000,0.000000,0.00,0,0,0,0,0,20,39,32,12,11,15,15,14,17,20,16,46,72,0.0003,0.0021,0.0471,0.0263,0.0032,0.0079,7.9254,0.0122,0.0000,1.7685,0.0188,0.4012,0.1291,0.7674,0.0069,0.0000,33.2414,0.0004
1719,19.9257,0.0000,24.2420,11.3320,,true,0,0.008333,0.0000,0.0000,1.00,0.00,0.0000,22,1,335,361,5,1,101,5,17,17,8,0,44744,1415,5,25,880828416,0.000000,0.000000,0.000000,0.00,0,0,0,0,0,20,39,31,15,15,15,15,14,16,24,16,47,68,0.0004,0.0016,0.0930,0.0508,0.0043,0.0035,11.3320,0.0566,0.0000,2.1176,0.0506,0.4191,0.2501,0.8096,0.0259,0.0000,40.6085,0.0003
1720,19.9510,0.0000,24.9184,11.2887,,true,0,0.008333,0.0000,0.0000,1.00,0.00,0.0000,22,1,335,361,0,1,101,5,17,17,5,0,45079,1415,0,0,880832512,0.000000,0.000000,0.000000,0.00,0,0,0,0,0,20,39,31,15,15,15,15,14,16,24,16,47,68,0.0002,0.0024,0.0714,0.0558,0.0090,0.0060,11.2887,0.0204,0.0000,2.1626,0.0488,0.4544,0.2422,0.8423,0.0241,0.0000,24.7164,0.0005
1721,19.9888,0.0000,40.4995,8.5540,,true,0,0.008333,0.0000,0.0000,1.00,0.00,0.0000,22,1,335,361,0,1,101,5,17,17,0,0,45079,1415,0,0,880836608,0.000000,0.000000,0.000000,0.00,0,0,0,0,0,20,39,31,15,15,15,15,14,16,24,16,47,68,0.0002,0.0031,0.0776,0.0730,0.0117,0.0112,8.5540,0.0620,0.0000,1.3423,0.0006,0.5013,0.3480,0.0033,0.0012,0.0000,0.0000,0.0006
1722,20.0091,0.0000,22.6107,6.1865,,true,0,0.008333,0.0000,0.0000,1.00,0.00,0.0000,22,1,335,361,0,1,101,5,17,17,0,0,45079,1415,0,0,880836608,0.000000,0.000000,0.000000,0.00,0,0,0,0,0,20,39,31,15,15,15,15,14,16,24,16,47,68,0.0007,0.0018,0.0602,0.0712,0.0062,0.0065,6.1865,0.0189,0.0000,1.1368,0.0003,0.4633,0.1926,0.0009,0.0004,0.0000,0.0000,0.0010
1723,20.0140,0.0000,5.8896,4.2417,,true,0,0.008333,0.0000,0.0000,1.00,0.00,0.0000,22,1,335,361,0,0,100,5,17,17,0,0,45079,1415,0,0,880836608,0.000000,0.000000,0.000000,0.00,0,0,0,0,0,20,39,31,15,15,15,15,14,16,24,16,47,68,0.0001,0.0008,0.0484,0.0239,0.0018,0.0043,4.2417,0.0076,0.0000,0.8137,0.0003,0.3798,0.1354,0.0007,0.0002,0.0000,0.0000,0.0002
1724,20.0198,0.0000,5.3142,5.0132,,true,0,0.008333,0.0000,0.0000,1.00,0.00,0.0000,22,1,335,361,0,0,100,5,17,17,0,0,45079,1415,0,0,880836608,0.000000,0.000000,0.000000,0.00,0,0,0,0,0,20,39,31,15,15,15,15,14,16,24,16,47,68,0.0003,0.0013,0.0374,0.0870,0.0036,0.0054,5.0132,0.0083,0.0000,0.9327,0.0003,0.3981,0.1546,0.0010,0.0006,0.0000,0.0000,0.0004
1725,20.0262,0.0000,8.0435,4.7554,,true,0,0.008333,0.0000,0.0000,1.00,0.00,0.0000,22,1,335,361,0,0,100,5,17,17,0,0,45079,1415,0,0,880836608,0.000000,0.000000,0.000000,0.00,0,0,0,0,0,20,39,31,15,15,15,15,14,16,24,16,47,68,0.0002,0.0007,0.0324,0.0285,0.0020,0.0024,4.7554,0.0091,0.0000,0.8719,0.0003,0.3790,0.1241,0.0006,0.0007,0.0000,0.0000,0.0003
1726,20.0368,0.0000,10.2419,4.9107,,true,0,0.008333,0.0000,0.0000,1.00,0.00,0.0000,22,1,335,361,0,0,100,5,17,17,0,0,45079,1415,0,0,880836608,0.000000,0.000000,0.000000,0.00,0,0,0,0,0,20,39,31,15,15,15,15,14,16,24,16,47,68,0.0004,0.0011,0.0279,0.0314,0.0022,0.0026,4.9107,0.0086,0.0000,0.6890,0.0003,0.2822,0.1039,0.0007,0.0007,0.0000,0.0000,0.0003
1727,20.0479,0.0000,11.1912,4.8300,,true,0,0.008333,0.0000,0.0000,1.00,0.00,0.0000,22,1,335,361,0,0,100,5,17,17,0,0,45079,1415,0,0,880836608,0.000000,0.000000,0.000000,0.00,0,0,0,0,0,20,39,31,15,15,15,15,14,16,24,16,47,68,0.0003,0.0010,0.0353,0.0309,0.0033,0.0037,4.8300,0.0113,0.0000,0.9048,0.0004,0.3977,0.1224,0.0007,0.0007,0.0000,0.0000,0.0003
1728,20.0594,0.0000,11.5795,4.6750,,true,0,0.008333,0.0000,0.0000,1.00,0.00,0.0000,22,1,335,361,0,0,100,5,17,17,0,0,45079,1415,0,0,880836608,0.000000,0.000000,0.000000,0.00,0,0,0,0,0,20,39,31,15,15,15,15,14,16,24,16,47,68,0.0003,0.0013,0.0355,0.0276,0.0029,0.0032,4.6750,0.0109,0.0000,0.6896,0.0003,0.3034,0.1127,0.0009,0.0005,0.0000,0.0000,0.0006
1729,20.0690,0.0000,9.5919,4.6254,,true,0,0.008333,0.0000,0.0000,1.00,0.00,0.0000,22,1,335,361,0,0,100,5,17,17,0,0,45079,1415,0,0,880836608,0.000000,0.000000,0.000000,0.00,0,0,0,0,0,20,39,31,15,15,15,15,14,16,24,16,47,68,0.0001,0.0007,0.0348,0.0189,0.0017,0.0022,4.6254,0.0070,0.0000,0.8204,0.0002,0.3846,0.1318,0.0003,0.0002,0.0000,0.0000,0.0002
1730,20.0808,0.0000,11.9525,4.6498,,true,0,0.008333,0.0000,0.0000,1.00,0.00,0.0000,22,1,335,361,0,0,100,5,17,17,0,0,45079,1415,0,0,880840704,0.000000,0.000000,0.000000,0.00,0,0,0,0,0,20,39,31,15,15,15,15,14,16,24,16,47,68,0.0002,0.0010,0.0377,0.0355,0.0047,0.0028,4.6498,0.0091,0.0000,0.8820,0.0002,0.3862,0.1436,0.0006,0.0004,0.0000,0.0000,0.0002
1731,20.0911,0.0000,10.4094,4.4833,,true,0,0.008333,0.0000,0.0000,1.00,0.00,0.0000,22,1,335,361,0,0,100,5,17,17,0,0,45079,1415,0,0,880840704,0.000000,0.000000,0.000000,0.00,0,0,0,0,0,20,39,31,15,15,15,15,14,16,24,16,47,68,0.0001,0.0007,0.0377,0.0226,0.0021,0.0024,4.4833,0.0080,0.0000,0.8820,0.0003,0.3808,0.1236,0.0007,0.0002,0.0000,0.0000,0.0001
1732,20.1006,0.0000,10.2404,3.9198,,true,0,0.008333,0.0000,0.0000,1.00,0.00,0.0000,22,1,335,361,0,0,100,5,17,17,0,0,45079,1415,0,0,880840704,0.000000,0.000000,0.000000,0.00,0,0,0,0,0,20,39,31,15,15,15,15,14,16,24,16,47,68,0.0001,0.0009,0.0283,0.0219,0.0023,0.0034,3.9198,0.0069,0.0000,0.6403,0.0005,0.2824,0.0931,0.0007,0.0004,0.0000,0.0000,0.0002
1733,20.1107,0.0000,10.6042,3.3432,,true,0,0.008333,0.0000,0.0000,1.00,0.00,0.0000,22,1,335,361,0,0,100,5,17,17,0,0,45079,1415,0,0,880840704,0.000000,0.000000,0.000000,0.00,0,0,0,0,0,20,39,31,15,15,15,15,14,16,24,16,47,68,0.0003,0.0008,0.0356,0.0207,0.0027,0.0041,3.3432,0.0072,0.0000,0.6399,0.0002,0.2850,0.0980,0.0004,0.0002,0.0000,0.0000,0.0002
1734,20.1231,0.0000,12.0161,3.6595,,true,0,0.008333,0.0000,0.0000,1.00,0.00,0.0000,22,1,335,361,0,0,100,5,17,17,0,0,45079,1415,0,0,880840704,0.000000,0.000000,0.000000,0.00,0,0,0,0,0,20,39,31,15,15,15,15,14,16,24,16,47,68,0.0001,0.0008,0.0378,0.0212,0.0024,0.0028,3.6595,0.0155,0.0000,0.6293,0.0002,0.2824,0.0948,0.0006,0.0003,0.0000,0.0000,0.0002
1735,20.1335,0.0000,10.7845,3.4993,,true,0,0.008333,0.0000,0.0000,1.00,0.00,0.0000,22,1,335,361,0,0,100,5,17,17,0,0,45079,1415,0,0,880840704,0.000000,0.000000,0.000000,0.00,0,0,0,0,0,20,39,31,15,15,15,15,14,16,24,16,47,68,0.0003,0.0008,0.0263,0.0337,0.0028,0.0027,3.4993,0.0073,0.0000,0.6471,0.0002,0.2881,0.0955,0.0006,0.0004,0.0000,0.0000,0.0002
1736,20.1448,0.0000,10.0861,4.4771,,true,0,0.008333,0.0000,0.0000,1.00,0.00,0.0000,22,1,335,361,0,0,100,5,17,17,0,0,45079,1415,0,0,880840704,0.000000,0.000000,0.000000,0.00,0,0,0,0,0,20,39,31,15,15,15,15,14,16,24,16,47,68,0.0001,0.0009,0.0257,0.0192,0.0020,0.0029,4.4771,0.0068,0.0000,0.9296,0.0003,0.4281,0.1268,0.0006,0.0004,0.0000,0.0000,0.0004
1737,20.1565,0.0000,11.0773,5.1337,,true,0,0.008333,0.0000,0.0000,1.00,0.00,0.0000,22,1,335,361,0,0,100,5,17,17,0,0,45079,1415,0,0,880840704,0.000000,0.000000,0.000000,0.00,0,0,0,0,0,20,39,31,15,15,15,15,14,16,24,16,47,68,0.0003,0.0005,0.0695,0.0275,0.0028,0.0031,5.1337,0.0243,0.0000,1.0357,0.0003,0.3923,0.1219,0.0007,0.0003,0.0000,0.0000,0.0002
1738,20.1682,0.0000,11.6132,5.3116,,true,0,0.008333,0.0000,0.0000,1.00,0.00,0.0000,22,1,335,361,0,0,100,5,17,17,0,0,45079,1415,0,0,880840704,0.000000,0.000000,0.000000,0.00,0,0,0,0,0,20,39,31,15,15,15,15,14,16,24,16,47,68,0.0004,0.0029,0.0700,0.0458,0.0029,0.0058,5.3116,0.0086,0.0000,0.9082,0.0004,0.3862,0.1357,0.0006,0.0005,0.0000,0.0000,0.0005
1739,20.1776,0.0000,10.7850,3.9233,,true,0,0.008333,0.0000,0.0000,1.00,0.00,0.0000,22,1,335,361,0,0,100,5,17,17,0,0,45079,1415,0,0,880844800,0.000000,0.000000,0.000000,0.00,0,0,0,0,0,20,39,31,15,15,15,15,14,16,24,16,47,68,0.0005,0.0013,0.0252,0.0362,0.0034,0.0100,3.9233,0.0058,0.0000,0.6609,0.0002,0.2986,0.1014,0.0007,0.0004,0.0000,0.0000,0.0002
1740,20.1880,0.0000,9.9513,4.3852,,true,0,0.008333,0.0000,0.0000,1.00,0.00,0.0000,22,1,335,361,0,0,100,5,17,17,0,0,45079,1415,0,0,880844800,0.000000,0.000000,0.000000,0.00,0,0,0,0,0,20,39,31,15,15,15,15,14,16,24,16,47,68,0.0002,0.0009,0.0376,0.0302,0.0024,0.0028,4.3852,0.0087,0.0000,0.8657,0.0002,0.3798,0.1241,0.0006,0.0004,0.0000,0.0000,0.0005
1741,20.2005,0.0000,11.5440,5.2391,,true,0,0.008333,0.0000,0.0000,1.00,0.00,0.0000,22,1,335,361,0,0,100,5,17,17,0,0,45079,1415,0,0,880844800,0.000000,0.000000,0.000000,0.00,0,0,0,0,0,20,39,31,15,15,15,15,14,16,24,16,47,68,0.0003,0.0009,0.0425,0.0328,0.0031,0.0039,5.2391,0.0124,0.0000,0.9607,0.0005,0.3884,0.1977,0.0011,0.0005,0.0000,0.0000,0.0003
1742,20.2115,0.0000,11.0358,5.3154,,true,0,0.008333,0.0000,0.0000,1.00,0.00,0.0000,22,1,335,361,0,0,100,5,17,17,0,0,45079,1415,0,0,880844800,0.000000,0.000000,0.000000,0.00,0,0,0,0,0,20,39,31,15,15,15,15,14,16,24,16,47,68,0.0003,0.0008,0.0393,0.0334,0.0030,0.0030,5.3154,0.0128,0.0000,1.0425,0.0007,0.4409,0.1384,0.0010,0.0008,0.0000,0.0000,0.0005
1743,20.2211,0.0000,10.3001,4.6477,,true,0,0.008333,0.0000,0.0000,1.00,0.00,0.0000,22,1,335,361,0,0,100,5,17,17,0,0,45079,1415,0,0,880844800,0.000000,0.000000,0.000000,0.00,0,0,0,0,0,20,39,31,15,15,15,15,14,16,24,16,47,68,0.0002,0.0007,0.0391,0.0203,0.0011,0.0023,4.6477,0.0124,0.0000,0.9025,0.0003,0.4187,0.1279,0.0007,0.0005,0.0000,0.0000,0.0003
1744,20.2311,0.0000,9.5536,4.8654,,true,0,0.008333,0.0000,0.0000,1.00,0.00,0.0000,22,1,335,361,0,0,100,5,17,17,0,0,45079,1415,0,0,880844800,0.000000,0.000000,0.000000,0.00,0,0,0,0,0,20,39,31,15,15,15,15,14,16,24,16,47,68,0.0002,0.0008,0.0367,0.0275,0.0022,0.0015,4.8654,0.0084,0.0000,0.9062,0.0002,0.3881,0.1644,0.0017,0.0005,0.0000,0.0000,0.0002
1745,20.2429,0.0000,11.7259,4.9243,,true,0,0.008333,0.0000,0.0000,1.00,0.00,0.0000,22,1,335,361,0,0,100,5,17,17,0,0,45079,1415,0,0,880844800,0.000000,0.000000,0.000000,0.00,0,0,0,0,0,20,39,31,15,15,15,15,14,16,24,16,47,68,0.0002,0.0011,0.0367,0.0304,0.0028,0.0024,4.9243,0.0086,0.0000,0.8761,0.0002,0.3931,0.1287,0.0009,0.0004,0.0000,0.0000,0.0003
1746,20.2535,0.0000,11.1708,4.4657,,true,0,0.008333,0.0000,0.0000,1.00,0.00,0.0000,22,1,335,361,0,0,100,5,17,17,0,0,45079,1415,0,0,880844800,0.000000,0.000000,0.000000,0.00,0,0,0,0,0,20,39,31,15,15,15,15,14,16,24,16,47,68,0.0003,0.0008,0.0419,0.0261,0.0017,0.0036,4.4657,0.0082,0.0000,0.9385,0.0001,0.4169,0.1564,0.0014,0.0002,0.0000,0.0000,0.0003
1747,20.2645,0.0000,11.2789,4.3607,,true,0,0.008333,0.0000,0.0000,1.00,0.00,0.0000,22,1,335,361,0,0,100,5,17,17,0,0,45079,1415,0,0,880844800,0.000000,0.000000,0.000000,0.00,0,0,0,0,0,20,39,31,15,15,15,15,14,16,24,16,47,68,0.0003,0.0008,0.0240,0.0253,0.0022,0.0036,4.3607,0.0068,0.0000,0.6578,0.0002,0.2958,0.0984,0.0005,0.0002,0.0000,0.0000,0.0003
1748,20.2754,0.0000,9.9069,5.1509,,true,0,0.008333,0.0000,0.0000,1.00,0.00,0.0000,22,1,335,361,0,0,100,5,17,17,0,0,45079,1415,0,0,880844800,0.000000,0.000000,0.000000,0.00,0,0,0,0,0,20,39,31,15,15,15,15,14,16,24,16,47,68,0.0005,0.0010,0.0336,0.0392,0.0037,0.0033,5.1509,0.0096,0.0000,0.9816,0.0004,0.4499,0.1372,0.0006,0.0005,0.0000,0.0000,0.0005
1749,20.2874,0.0000,12.3022,4.8203,,true,0,0.008333,0.0000,0.0000,1.00,0.00,0.0000,22,1,335,361,0,0,100,5,17,17,0,0,45079,1415,0,0,880848896,0.000000,0.000000,0.000000,0.00,0,0,0,0,0,20,39,31,15,15,15,15,14,16,24,16,47,68,0.0002,0.0016,0.0311,0.0431,0.0030,0.0045,4.8203,0.0091,0.0000,0.6630,0.0002,0.2725,0.0972,0.0005,0.0003,0.0000,0.0000,0.0003
1750,20.2974,0.0000,10.3085,4.5775,,true,0,0.008333,0.0000,0.0000,1.00,0.00,0.0000,22,1,335,361,0,0,100,5,17,17,0,0,45079,1415,0,0,880848896,0.000000,0.000000,0.000000,0.00,0,0,0,0,0,20,39,31,15,15,15,15,14,16,24,16,47,68,0.0001,0.0010,0.0400,0.0278,0.0053,0.0043,4.5775,0.0088,0.0000,0.8513,0.0002,0.3812,0.1188,0.0005,0.0005,0.0000,0.0000,0.0002
1751,20.3083,0.0000,10.0198,5.0743,,true,0,0.008333,0.0000,0.0000,1.00,0.00,0.0000,22,1,335,361,0,0,100,5,17,17,0,0,45079,1415,0,0,880848896,0.000000,0.000000,0.000000,0.00,0,0,0,0,0,20,39,31,15,15,15,15,14,16,24,16,47,68,0.0002,0.0007,0.0320,0.0273,0.0022,0.0030,5.0743,0.0105,0.0000,0.8770,0.0002,0.4262,0.1159,0.0006,0.0004,0.0000,0.0000,0.0002
1752,20.3201,0.0000,12.1242,5.1039,,true,0,0.008333,0.0000,0.0000,1.00,0.00,0.0000,22,1,335,361,0,0,100,5,17,17,0,0,45079,1415,0,0,880848896,0.000000,0.000000,0.000000,0.00,0,0,0,0,0,20,39,31,15,15,15,15,14,16,24,16,47,68,0.0008,0.0017,0.0498,0.0594,0.0064,0.0062,5.1039,0.0095,0.0000,0.8892,0.0003,0.3947,0.1316,0.0007,0.0006,0.0000,0.0000,0.0002
1753,20.3303,0.0000,10.8298,4.6001,,true,0,0.008333,0.0000,0.0000,1.00,0.00,0.0000,22,1,335,361,0,0,100,5,17,17,0,0,45079,1415,0,0,880848896,0.000000,0.000000,0.000000,0.00,0,0,0,0,0,20,39,31,15,15,15,15,14,16,24,16,47,68,0.0002,0.0008,0.0372,0.0279,0.0020,0.0020,4.6001,0.0090,0.0000,0.8753,0.0002,0.3782,0.1274,0.0006,0.0004,0.0000,0.0000,0.0003
1754,20.3407,0.0000,10.0951,4.7305,,true,0,0.008333,0.0000,0.0000,1.00,0.00,0.0000,22,1,335,361,0,0,100,5,17,17,0,0,45079,1415,0,0,880848896,0.000000,0.000000,0.000000,0.00,0,0,0,0,0,20,39,31,15,15,15,15,14,16,24,16,47,68,0.0002,0.0008,0.0365,0.0290,0.0025,0.0019,4.7305,0.0098,0.0000,0.8585,0.0002,0.3851,0.1363,0.0007,0.0003,0.0000,0.0000,0.0002
1755,20.3511,0.0000,10.5095,4.7333,,true,0,0.008333,0.0000,0.0000,1.00,0.00,0.0000,22,1,335,361,0,0,100,5,17,17,0,0,45079,1415,0,0,880848896,0.000000,0.000000,0.000000,0.00,0,0,0,0,0,20,39,31,15,15,15,15,14,16,24,16,47,68,0.0002,0.0007,0.0359,0.0235,0.0026,0.0028,4.7333,0.0086,0.0000,0.9092,0.0002,0.3921,0.1287,0.0005,0.0003,0.0000,0.0000,0.0003
1756,20.3622,0.0000,11.0013,4.5481,,true,0,0.008333,0.0000,0.0000,1.00,0.00,0.0000,22,1,335,361,0,0,100,5,17,17,0,0,45079,1415,0,0,880848896,0.000000,0.000000,0.000000,0.00,0,0,0,0,0,20,39,31,15,15,15,15,14,16,24,16,47,68,0.0002,0.0007,0.0379,0.0230,0.0015,0.0031,4.5481,0.0092,0.0000,0.8815,0.0008,0.3872,0.1301,0.0013,0.0006,0.0000,0.0000,0.0002
1757,20.3740,0.0000,10.7964,5.8126,,true,0,0.008333,0.0000,0.0000,1.00,0.00,0.0000,22,1,335,361,0,0,100,5,17,17,0,0,45079,1415,0,0,880848896,0.000000,0.000000,0.000000,0.00,0,0,0,0,0,20,39,31,15,15,15,15,14,16,24,16,47,68,0.0001,0.0007,0.0540,0.0337,0.0013,0.0025,5.8126,0.0143,0.0000,0.9177,0.0002,0.4054,0.1373,0.0008,0.0002,0.0000,0.0000,0.0005
1758,20.3864,0.0000,12.7521,5.3601,,true,0,0.008333,0.0000,0.0000,1.00,0.00,0.0000,22,1,335,361,0,0,100,5,17,17,0,0,45079,1415,0,0,880852992,0.000000,0.000000,0.000000,0.00,0,0,0,0,0,20,39,31,15,15,15,15,14,16,24,16,47,68,0.0003,0.0009,0.0403,0.0330,0.0031,0.0026,5.3601,0.0164,0.0000,0.8538,0.0003,0.3946,0.1147,0.0017,0.0006,0.0000,0.0000,0.0003
1759,20.3986,0.0000,11.9156,5.5037,,true,0,0.008333,0.0000,0.0000,1.00,0.00,0.0000,22,1,335,361,0,0,100,5,17,17,0,0,45079,1415,0,0,880852992,0.000000,0.000000,0.000000,0.00,0,0,0,0,0,20,39,31,15,15,15,15,14,16,24,16,47,68,0.0003,0.0012,0.0450,0.0583,0.0074,0.0055,5.5037,0.0215,0.0000,0.9241,0.0003,0.4131,0.1424,0.0008,0.0003,0.0000,0.0000,0.0003
1760,20.4107,0.0000,12.6538,5.1521,,true,0,0.008333,0.0000,0.0000,1.00,0.00,0.0000,22,1,335,361,0,0,100,5,17,17,0,0,45079,1415,0,0,880852992,0.000000,0.000000,0.000000,0.00,0,0,0,0,0,20,39,31,15,15,15,15,14,16,24,16,47,68,0.0002,0.0014,0.0461,0.0350,0.0028,0.0038,5.1521,0.0136,0.0000,0.9112,0.0002,0.4084,0.1367,0.0009,0.0006,0.0000,0.0000,0.0003
1761,20.4205,0.0000,10.4796,4.5457,,true,0,0.008333,0.0000,0.0000,1.00,0.00,0.0000,22,1,335,361,0,0,100,5,17,17,0,0,45079,1415,0,0,880852992,0.000000,0.000000,0.000000,0.00,0,0,0,0,0,20,39,31,15,15,15,15,14,16,24,16,47,68,0.0001,0.0006,0.0329,0.0384,0.0025,0.0029,4.5457,0.0083,0.0000,0.6331,0.0002,0.2773,0.0954,0.0005,0.0003,0.0000,0.0000,0.0004
1762,20.4311,0.0000,10.3314,4.6733,,true,0,0.008333,0.0000,0.0000,1.00,0.00,0.0000,22,1,335,361,0,0,100,5,17,17,0,0,45079,1415,0,0,880852992,0.000000,0.000000,0.000000,0.00,0,0,0,0,0,20,39,31,15,15,15,15,14,16,24,16,47,68,0.0004,0.0006,0.0332,0.0264,0.0021,0.0032,4.6733,0.0082,0.0000,0.9137,0.0024,0.4413,0.1240,0.0006,0.0035,0.0000,0.0000,0.0002
1763,20.4435,0.0000,12.5045,4.6015,,true,0,0.008333,0.0000,0.0000,1.00,0.00,0.0000,22,1,335,361,0,0,100,5,17,17,0,0,45079,1415,0,0,880852992,0.000000,0.000000,0.000000,0.00,0,0,0,0,0,20,39,31,15,15,15,15,14,16,24,16,47,68,0.0001,0.0010,0.0264,0.0219,0.0022,0.0036,4.6015,0.0080,0.0000,0.6220,0.0002,0.2808,0.0900,0.0007,0.0002,0.0000,0.0000,0.0001
1764,20.4533,0.0000,10.1943,4.3259,,true,0,0.008333,0.0000,0.0000,1.00,0.00,0.0000,22,1,335,361,0,0,100,5,17,17,0,0,45079,1415,0,0,880852992,0.000000,0.000000,0.000000,0.00,0,0,0,0,0,20,39,31,15,15,15,15,14,16,24,16,47,68,0.0002,0.0008,0.0340,0.0290,0.0025,0.0028,4.3259,0.0090,0.0000,0.8512,0.0002,0.3759,0.1336,0.0006,0.0003,0.0000,0.0000,0.0003
1765,20.4635,0.0000,10.0132,4.4742,,true,0,0.008333,0.0000,0.0000,1.00,0.00,0.0000,22,1,335,361,0,0,100,5,17,17,0,0,45079,1415,0,0,880852992,0.000000,0.000000,0.000000,0.00,0,0,0,0,0,20,39,31,15,15,15,15,14,16,24,16,47,68,0.0003,0.0007,0.0306,0.0221,0.0026,0.0022,4.4742,0.0074,0.0000,0.6106,0.0003,0.2727,0.0902,0.0006,0.0002,0.0000,0.0000,0.0001
1766,20.4747,0.0000,9.7934,5.7797,,true,0,0.008333,0.0000,0.0000,1.00,0.00,0.0000,22,1,335,361,0,0,100,5,17,17,0,0,45079,1415,0,0,880852992,0.000000,0.000000,0.000000,0.00,0,0,0,0,0,20,39,31,15,15,15,15,14,16,24,16,47,68,0.0004,0.0008,0.0457,0.0326,0.0026,0.0027,5.7797,0.0121,0.0000,1.1644,0.0003,0.5573,0.1150,0.0006,0.0005,0.0000,0.0000,0.0002
1767,20.4882,0.0000,14.3499,5.0295,,true,0,0.008333,0.0000,0.0000,1.00,0.00,0.0000,22,1,335,361,0,0,100,5,17,17,0,0,45079,1415,0,0,880857088,0.000000,0.000000,0.000000,0.00,0,0,0,0,0,20,39,31,15,15,15,15,14,16,24,16,47,68,0.0001,0.0008,0.0342,0.0323,0.0025,0.0023,5.0295,0.0128,0.0000,0.8997,0.0003,0.4116,0.1338,0.0009,0.0008,0.0000,0.0000,0.0003
1768,20.4974,0.0000,9.8286,4.5051,,true,0,0.008333,0.0000,0.0000,1.00,0.00,0.0000,22,1,335,361,0,0,100,5,17,17,0,0,45079,1415,0,0,880857088,0.000000,0.000000,0.000000,0.00,0,0,0,0,0,20,39,31,15,15,15,15,14,16,24,16,47,68,0.0003,0.0019,0.0333,0.0222,0.0022,0.0044,4.5051,0.0080,0.0000,0.6915,0.0002,0.2737,0.1016,0.0006,0.0003,0.0000,0.0000,0.0002
1769,20.5091,0.0000,10.9799,5.0258,,true,0,0.008333,0.0000,0.0000,1.00,0.00,0.0000,22,1,335,361,0,0,100,5,17,17,0,0,45079,1415,0,0,880857088,0.000000,0.000000,0.000000,0.00,0,0,0,0,0,20,39,31,15,15,15,15,14,16,24,16,47,68,0.0002,0.0009,0.0284,0.0378,0.0029,0.0030,5.0258,0.0104,0.0000,1.0436,0.0002,0.4577,0.1179,0.0003,0.0004,0.0000,0.0000,0.0001
1770,20.5200,0.0000,11.4819,4.5277,,true,0,0.008333,0.0000,0.0000,1.00,0.00,0.0000,22,1,335,361,0,0,100,5,17,17,0,0,45079,1415,0,0,880857088,0.000000,0.000000,0.000000,0.00,0,0,0,0,0,20,39,31,15,15,15,15,14,16,24,16,47,68,0.0003,0.0009,0.0303,0.0313,0.0025,0.0028,4.5277,0.0073,0.0000,0.8265,0.0003,0.3538,0.0928,0.0007,0.0003,0.0000,0.0000,0.0002
1771,20.5311,0.0000,10.8286,4.7657,,true,0,0.008333,0.0000,0.0000,1.00,0.00,0.0000,22,1,335,361,0,0,100,5,17,17,0,0,45079,1415,0,0,880857088,0.000000,0.000000,0.000000,0.00,0,0,0,0,0,20,39,31,15,15,15,15,14,16,24,16,47,68,0.0002,0.0009,0.0301,0.0338,0.0039,0.0033,4.7657,0.0064,0.0000,0.7784,0.0002,0.2866,0.0925,0.0006,0.0003,0.0000,0.0000,0.0001
1772,20.5404,0.0000,9.8611,4.0040,,true,0,0.008333,0.0000,0.0000,1.00,0.00,0.0000,22,1,335,361,0,0,100,5,17,17,0,0,45079,1415,0,0,880857088,0.000000,0.000000,0.000000,0.00,0,0,0,0,0,20,39,31,15,15,15,15,14,16,24,16,47,68,0.0001,0.0009,0.0286,0.0271,0.0021,0.0029,4.0040,0.0065,0.0000,0.7968,0.0001,0.3253,0.1007,0.0020,0.0004,0.0000,0.0000,0.0004
1773,20.5518,0.0000,11.0844,4.6573,,true,0,0.008333,0.0000,0.0000,1.00,0.00,0.0000,22,1,335,361,0,0,100,5,17,17,0,0,45079,1415,0,0,880857088,0.000000,0.000000,0.000000,0.00,0,0,0,0,0,20,39,31,15,15,15,15,14,16,24,16,47,68,0.0004,0.0010,0.0383,0.0237,0.0019,0.0025,4.6573,0.0085,0.0000,0.8792,0.0002,0.3925,0.1205,0.0005,0.0003,0.0000,0.0000,0.0002
1774,20.5637,0.0000,11.5043,4.7409,,true,0,0.008333,0.0000,0.0000,1.00,0.00,0.0000,22,1,335,361,0,0,100,5,17,17,0,0,45079,1415,0,0,880857088,0.000000,0.000000,0.000000,0.00,0,0,0,0,0,20,39,31,15,15,15,15,14,16,24,16,47,68,0.0003,0.0009,0.0345,0.0321,0.0028,0.0028,4.7409,0.0094,0.0000,0.8936,0.0002,0.4113,0.1274,0.0006,0.0003,0.0000,0.0000,0.0004
1775,20.5746,0.0000,10.9173,4.9596,,true,0,0.008333,0.0000,0.0000,1.00,0.00,0.0000,22,1,335,361,0,0,100,5,17,17,0,0,45079,1415,0,0,880857088,0.000000,0.000000,0.000000,0.00,0,0,0,0,0,20,39,31,15,15,15,15,14,16,24,16,47,68,0.0002,0.0008,0.0483,0.0337,0.0023,0.0019,4.9596,0.0119,0.0000,0.8870,0.0002,0.3913,0.1375,0.0006,0.0008,0.0000,0.0000,0.0002
1776,20.5837,0.0000,9.7177,4.3170,,true,0,0.008333,0.0000,0.0000,1.00,0.00,0.0000,22,1,335,361,0,0,100,5,17,17,0,0,45079,1415,0,0,880857088,0.000000,0.000000,0.000000,0.00,0,0,0,0,0,20,39,31,15,15,15,15,14,16,24,16,47,68,0.0002,0.0006,0.0296,0.0219,0.0015,0.0023,4.3170,0.0080,0.0000,0.8343,0.0002,0.4011,0.0942,0.0011,0.0004,0.0000,0.0000,0.0003
1777,20.5947,0.0000,10.3741,4.8254,,true,0,0.008333,0.0000,0.0000,1.00,0.00,0.0000,22,1,335,361,0,0,100,5,17,17,0,0,45079,1415,0,0,880861184,0.000000,0.000000,0.000000,0.00,0,0,0,0,0,20,39,31,15,15,15,15,14,16,24,16,47,68,0.0001,0.0008,0.0294,0.0460,0.0029,0.0023,4.8254,0.0137,0.0000,0.7106,0.0015,0.3073,0.1237,0.0025,0.0010,0.0000,0.0000,0.0002
1778,20.6061,0.0000,11.7409,4.4960,,true,0,0.008333,0.0000,0.0000,1.00,0.00,0.0000,22,1,335,361,0,0,100,5,17,17,0,0,45079,1415,0,0,880861184,0.000000,0.000000,0.000000,0.00,0,0,0,0,0,20,39,31,15,15,15,15,14,16,24,16,47,68,0.0001,0.0007,0.0504,0.0267,0.0017,0.0025,4.4960,0.0111,0.0000,0.7803,0.0001,0.3360,0.0920,0.0006,0.0003,0.0000,0.0000,0.0001
1779,20.6181,0.0000,11.6132,4.8995,,true,0,0.008333,0.0000,0.0000,1.00,0.00,0.0000,22,1,335,361,0,0,100,5,17,17,0,0,45079,1415,0,0,880861184,0.000000,0.000000,0.000000,0.00,0,0,0,0,0,20,39,31,15,15,15,15,14,16,24,16,47,68,0.0003,0.0011,0.0344,0.0351,0.0028,0.0038,4.8995,0.0116,0.0000,0.7826,0.0002,0.3228,0.0973,0.0011,0.0004,0.0000,0.0000,0.0004
1780,20.6281,0.0000,10.6073,4.3393,,true,0,0.008333,0.0000,0.0000,1.00,0.00,0.0000,22,1,335,361,0,0,100,5,17,17,0,0,45079,1415,0,0,880861184,0.000000,0.000000,0.000000,0.00,0,0,0,0,0,20,39,31,15,15,15,15,14,16,24,16,47,68,0.0001,0.0006,0.0313,0.0212,0.0022,0.0024,4.3393,0.0091,0.0000,0.6613,0.0004,0.3020,0.0957,0.0008,0.0002,0.0000,0.0000,0.0002
1781,20.6453,0.0000,10.5665,10.8015,,true,0,0.008333,0.0000,0.0000,1.00,0.00,0.0000,22,1,335,361,0,0,100,5,17,17,0,0,45079,1415,0,0,880861184,0.000000,0.000000,0.000000,0.00,0,0,0,0,0,20,39,31,15,15,15,15,14,16,24,16,47,68,0.0001,0.0012,0.0544,0.0390,0.0048,0.0030,10.8015,0.0155,0.0000,6.0236,0.0003,0.4018,0.1469,0.8584,0.0005,0.0000,0.0000,4.2547
1782,20.6497,0.0000,11.7661,3.8242,,true,0,0.008333,0.0000,0.0000,1.00,0.00,0.0000,22,1,335,361,0,0,100,5,17,17,0,0,45079,1415,0,0,880861184,0.000000,0.000000,0.000000,0.00,0,0,0,0,0,20,39,31,15,15,15,15,14,16,24,16,47,68,0.0003,0.0008,0.0291,0.0279,0.0025,0.0043,3.8242,0.0077,0.0000,0.6311,0.0003,0.2792,0.0930,0.0004,0.0003,0.0000,0.0000,0.0002
1783,20.6604,0.0000,10.2893,4.1978,,true,0,0.008333,0.0000,0.0000,1.00,0.00,0.0000,22,1,335,361,0,0,100,5,17,17,0,0,45079,1415,0,0,880861184,0.000000,0.000000,0.000000,0.00,0,0,0,0,0,20,39,31,15,15,15,15,14,16,24,16,47,68,0.0002,0.0009,0.0247,0.0266,0.0058,0.0026,4.1978,0.0072,0.0000,0.6410,0.0002,0.2973,0.0917,0.0006,0.0002,0.0000,0.0000,0.0001
1784,20.6716,0.0000,10.3610,5.0324,,true,0,0.008333,0.0000,0.0000,1.00,0.00,0.0000,22,1,335,361,0,0,100,5,17,17,0,0,45079,1415,0,0,880861184,0.000000,0.000000,0.000000,0.00,0,0,0,0,0,20,39,31,15,15,15,15,14,16,24,16,47,68,0.0002,0.0022,0.0355,0.0438,0.0026,0.0034,5.0324,0.0093,0.0000,0.8761,0.0002,0.3851,0.1228,0.0009,0.0004,0.0000,0.0000,0.0002
1785,20.6831,0.0000,11.4889,4.8438,,true,0,0.008333,0.0000,0.0000,1.00,0.00,0.0000,22,1,335,361,0,0,100,5,17,17,0,0,45079,1415,0,0,880861184,0.000000,0.000000,0.000000,0.00,0,0,0,0,0,20,39,31,15,15,15,15,14,16,24,16,47,68,0.0003,0.0010,0.0391,0.0443,0.0052,0.0023,4.8438,0.0157,0.0000,0.8714,0.0004,0.3876,0.1318,0.0006,0.0003,0.0000,0.0000,0.0004
1786,20.6935,0.0000,10.6796,4.7513,,true,0,0.008333,0.0000,0.0000,1.00,0.00,0.0000,22,1,335,361,0,0,100,5,17,17,0,0,45079,1415,0,0,880865280,0.000000,0.000000,0.000000,0.00,0,0,0,0,0,20,39,31,15,15,15,15,14,16,24,16,47,68,0.0002,0.0009,0.0398,0.0282,0.0127,0.0023,4.7513,0.0128,0.0000,0.8608,0.0003,0.3799,0.1319,0.0006,0.0003,0.0000,0.0000,0.0002
1787,20.7042,0.0000,10.3571,4.9755,,true,0,0.008333,0.0000,0.0000,1.00,0.00,0.0000,22,1,335,361,0,0,100,5,17,17,0,0,45079,1415,0,0,880865280,0.000000,0.000000,0.000000,0.00,0,0,0,0,0,20,39,31,15,15,15,15,14,16,24,16,47,68,0.0015,0.0010,0.0502,0.0448,0.0034,0.0053,4.9755,0.0109,0.0000,0.9669,0.0002,0.4503,0.1529,0.0014,0.0005,0.0000,0.0000,0.0002
1788,20.7155,0.0000,10.8344,5.4678,,true,0,0.008333,0.0000,0.0000,1.00,0.00,0.0000,22,1,335,361,0,0,100,5,17,17,0,0,45079,1415,0,0,880865280,0.000000,0.000000,0.000000,0.00,0,0,0,0,0,20,39,31,15,15,15,15,14,16,24,16,47,68,0.0004,0.0012,0.0435,0.0298,0.0028,0.0033,5.4678,0.0138,0.0000,0.9949,0.0004,0.4929,0.1434,0.0008,0.0008,0.0000,0.0000,0.0004
1789,20.7270,0.0000,11.7997,5.0907,,true,0,0.008333,0.0000,0.0000,1.00,0.00,0.0000,22,1,335,361,0,0,100,5,17,17,0,0,45079,1415,0,0,880865280,0.000000,0.000000,0.000000,0.00,0,0,0,0,0,20,39,31,15,15,15,15,14,16,24,16,47,68,0.0002,0.0010,0.0416,0.0308,0.0033,0.0028,5.0907,0.0146,0.0000,0.8778,0.0002,0.3884,0.1367,0.0007,0.0005,0.0000,0.0000,0.0003
1790,20.7381,0.0000,11.0778,5.0833,,true,0,0.008333,0.0000,0.0000,1.00,0.00,0.0000,22,1,335,361,0,0,100,5,17,17,0,0,45079,1415,0,0,880865280,0.000000,0.000000,0.000000,0.00,0,0,0,0,0,20,39,31,15,15,15,15,14,16,24,16,47,68,0.0002,0.0008,0.0409,0.0273,0.0025,0.0017,5.0833,0.0091,0.0000,0.8783,0.0003,0.3929,0.1233,0.0006,0.0004,0.0000,0.0000,0.0005
1791,20.7484,0.0000,10.8664,4.5856,,true,0,0.008333,0.0000,0.0000,1.00,0.00,0.0000,22,1,335,361,0,0,100,5,17,17,0,0,45079,1415,0,0,880865280,0.000000,0.000000,0.000000,0.00,0,0,0,0,0,20,39,31,15,15,15,15,14,16,24,16,47,68,0.0002,0.0006,0.0321,0.0287,0.0030,0.0024,4.5856,0.0092,0.0000,0.8671,0.0003,0.3932,0.1246,0.0007,0.0003,0.0000,0.0000,0.0006
1792,20.7597,0.0000,10.8546,5.0496,,true,0,0.008333,0.0000,0.0000,1.00,0.00,0.0000,22,1,335,361,0,0,100,5,17,17,0,0,45079,1415,0,0,880865280,0.000000,0.000000,0.000000,0.00,0,0,0,0,0,20,39,31,15,15,15,15,14,16,24,16,47,68,0.0018,0.0018,0.0397,0.0513,0.0029,0.0062,5.0496,0.0115,0.0000,0.8726,0.0003,0.3704,0.1359,0.0008,0.0004,0.0000,0.0000,0.0003
1793,20.7707,0.0000,11.1849,4.8514,,true,0,0.008333,0.0000,0.0000,1.00,0.00,0.0000,22,1,335,361,0,0,100,5,17,17,0,0,45079,1415,0,0,880865280,0.000000,0.000000,0.000000,0.00,0,0,0,0,0,20,39,31,15,15,15,15,14,16,24,16,47,68,0.0002,0.0008,0.0351,0.0298,0.0021,0.0038,4.8514,0.0109,0.0000,0.8797,0.0002,0.3771,0.1334,0.0006,0.0004,0.0000,0.0000,0.0003
1794,20.7798,0.0000,9.9920,3.9807,,true,0,0.008333,0.0000,0.0000,1.00,0.00,0.0000,22,1,335,361,0,0,100,5,17,17,0,0,45079,1415,0,0,880865280,0.000000,0.000000,0.000000,0.00,0,0,0,0,0,20,39,31,15,15,15,15,14,16,24,16,47,68,0.0003,0.0008,0.0316,0.0286,0.0023,0.0033,3.9807,0.0075,0.0000,0.6906,0.0002,0.2754,0.0954,0.0005,0.0006,0.0000,0.0000,0.0002
1795,20.7899,0.0000,10.2459,3.8014,,true,0,0.008333,0.0000,0.0000,1.00,0.00,0.0000,22,1,335,361,0,0,100,5,17,17,0,0,45079,1415,0,0,880865280,0.000000,0.000000,0.000000,0.00,0,0,0,0,0,20,39,31,15,15,15,15,14,16,24,16,47,68,0.0003,0.0007,0.0271,0.0239,0.0020,0.0032,3.8014,0.0083,0.0000,0.6588,0.0003,0.2819,0.1131,0.0007,0.0005,0.0000,0.0000,0.0001
1796,20.8030,0.0000,12.1375,4.7498,,true,0,0.008333,0.0000,0.0000,1.00,0.00,0.0000,22,1,335,361,0,0,100,5,17,17,0,0,45079,1415,0,0,880865280,0.000000,0.000000,0.000000,0.00,0,0,0,0,0,20,39,31,15,15,15,15,14,16,24,16,47,68,0.0002,0.0018,0.0277,0.0467,0.0031,0.0056,4.7498,0.0096,0.0000,0.6791,0.0003,0.2923,0.1012,0.0006,0.0004,0.0000,0.0000,0.0002
1797,20.8148,0.0000,11.2047,5.4296,,true,0,0.008333,0.0000,0.0000,1.00,0.00,0.0000,22,1,335,361,0,0,100,5,17,17,0,0,45079,1415,0,0,880865280,0.000000,0.000000,0.000000,0.00,0,0,0,0,0,20,39,31,15,15,15,15,14,16,24,16,47,68,0.0007,0.0012,0.0669,0.0330,0.0035,0.0039,5.4296,0.0101,0.0000,0.8788,0.0003,0.3807,0.1295,0.0006,0.0007,0.0000,0.0000,0.0002
1798,20.8244,0.0000,10.4176,4.6441,,true,0,0.008333,0.0000,0.0000,1.00,0.00,0.0000,22,1,335,361,0,0,100,5,17,17,0,0,45079,1415,0,0,880865280,0.000000,0.000000,0.000000,0.00,0,0,0,0,0,20,39,31,15,15,15,15,14,16,24,16,47,68,0.0002,0.0007,0.0296,0.0312,0.0026,0.0027,4.6441,0.0072,0.0000,0.6351,0.0003,0.2774,0.0973,0.0006,0.0004,0.0000,0.0000,0.0002
1799,20.8356,0.0000,10.9808,4.6981,,true,0,0.008333,0.0000,0.0000,1.00,0.00,0.0000,22,1,335,361,0,0,100,5,17,17,0,0,45079,1415,0,0,880865280,0.000000,0.000000,0.000000,0.00,0,0,0,0,0,20,39,31,15,15,15,15,14,16,24,16,47,68,0.0002,0.0009,0.0302,0.0301,0.0023,0.0033,4.6981,0.0080,0.0000,0.6623,0.0002,0.2898,0.1014,0.0006,0.0004,0.0000,0.0000,0.0002
1800,20.8471,0.0000,11.5353,4.6457,,true,0,0.008333,0.0000,0.0000,1.00,0.00,0.0000,22,1,335,361,0,0,100,5,17,17,0,0,45079,1415,0,0,880865280,0.000000,0.000000,0.000000,0.00,0,0,0,0,0,20,39,31,15,15,15,15,14,16,24,16,47,68,0.0001,0.0006,0.0285,0.0280,0.0044,0.0028,4.6457,0.0069,0.0000,0.6317,0.0000,0.2811,0.0944,0.0004,0.0002,0.0000,0.0000,0.0001
1801,20.8573,0.0000,10.6986,4.1998,,true,0,0.008333,0.0000,0.0000,1.00,0.00,0.0000,22,1,335,361,0,0,100,5,17,17,0,0,45079,1415,0,0,880865280,0.000000,0.000000,0.000000,0.00,0,0,0,0,0,20,39,31,15,15,15,15,14,16,24,16,47,68,0.0002,0.0006,0.0295,0.0259,0.0021,0.0027,4.1998,0.0068,0.0000,0.6349,0.0002,0.2760,0.1037,0.0006,0.0003,0.0000,0.0000,0.0003
1802,20.8706,0.0000,10.7066,6.6055,,true,0,0.008333,0.0000,0.0000,1.00,0.00,0.0000,22,1,335,361,0,0,100,5,17,17,0,0,45079,1415,0,0,880865280,0.000000,0.000000,0.000000,0.00,0,0,0,0,0,20,39,31,15,15,15,15,14,16,24,16,47,68,0.0001,0.0011,0.0776,0.0390,0.0054,0.0029,6.6055,0.0213,0.0000,1.0200,0.0005,0.4262,0.1923,0.0011,0.0007,0.0000,0.0000,0.0003
1803,20.8819,0.0000,12.6602,5.2761,,true,0,0.008333,0.0000,0.0000,1.00,0.00,0.0000,22,1,335,361,0,0,100,5,17,17,0,0,45079,1415,0,0,880865280,0.000000,0.000000,0.000000,0.00,0,0,0,0,0,20,39,31,15,15,15,15,14,16,24,16,47,68,0.0005,0.0013,0.0487,0.0385,0.0029,0.0027,5.2761,0.0128,0.0000,0.7152,0.0003,0.3360,0.1050,0.0005,0.0006,0.0000,0.0000,0.0004
1804,20.8934,0.0000,12.0724,4.9537,,true,0,0.008333,0.0000,0.0000,1.00,0.00,0.0000,22,1,335,361,0,0,100,5,17,17,0,0,45079,1415,0,0,880865280,0.000000,0.000000,0.000000,0.00,0,0,0,0,0,20,39,31,15,15,15,15,14,16,24,16,47,68,0.0003,0.0009,0.0254,0.0441,0.0030,0.0051,4.9537,0.0157,0.0000,0.8211,0.0001,0.2767,0.0903,0.0006,0.0001,0.0000,0.0000,0.0001
1805,20.9040,0.0000,10.3788,5.1301,,true,0,0.008333,0.0000,0.0000,1.00,0.00,0.0000,22,1,335,361,0,0,100,5,17,17,0,0,45079,1415,0,0,880865280,0.000000,0.000000,0.000000,0.00,0,0,0,0,0,20,39,31,15,15,15,15,14,16,24,16,47,68,0.0001,0.0009,0.0442,0.0278,0.0022,0.0034,5.1301,0.0101,0.0000,0.9424,0.0002,0.4622,0.1356,0.0008,0.0006,0.0000,0.0000,0.0002
1806,20.9145,0.0000,10.5093,5.2352,,true,0,0.008333,0.0000,0.0000,1.00,0.00,0.0000,22,1,335,361,0,0,100,5,17,17,0,0,45079,1415,0,0,880865280,0.000000,0.000000,0.000000,0.00,0,0,0,0,0,20,39,31,15,15,15,15,14,16,24,16,47,68,0.0003,0.0011,0.0330,0.0353,0.0049,0.0073,5.2352,0.0090,0.0000,0.8813,0.0003,0.3914,0.1353,0.0006,0.0005,0.0000,0.0000,0.0003
1807,20.9262,0.0000,12.1052,4.7528,,true,0,0.008333,0.0000,0.0000,1.00,0.00,0.0000,22,1,335,361,0,0,100,5,17,17,0,0,45079,1415,0,0,880865280,0.000000,0.000000,0.000000,0.00,0,0,0,0,0,20,39,31,15,15,15,15,14,16,24,16,47,68,0.0002,0.0012,0.0519,0.0360,0.0038,0.0032,4.7528,0.0104,0.0000,0.8848,0.0003,0.3894,0.1404,0.0010,0.0005,0.0000,0.0000,0.0003
1808,20.9364,0.0000,10.4507,4.4389,,true,0,0.008333,0.0000,0.0000,1.00,0.00,0.0000,22,1,335,361,0,0,100,5,17,17,0,0,45079,1415,0,0,880865280,0.000000,0.000000,0.000000,0.00,0,0,0,0,0,20,39,31,15,15,15,15,14,16,24,16,47,68,0.0002,0.0012,0.0307,0.0328,0.0031,0.0027,4.4389,0.0097,0.0000,0.6561,0.0003,0.2780,0.1008,0.0008,0.0005,0.0000,0.0000,0.0001
1809,20.9471,0.0000,10.2959,4.8842,,true,0,0.008333,0.0000,0.0000,1.00,0.00,0.0000,22,1,335,361,0,0,100,5,17,17,0,0,45079,1415,0,0,880865280,0.000000,0.000000,0.000000,0.00,0,0,0,0,0,20,39,31,15,15,15,15,14,16,24,16,47,68,0.0004,0.0015,0.0398,0.0534,0.0070,0.0098,4.8842,0.0106,0.0000,0.9025,0.0003,0.3886,0.1268,0.0007,0.0004,0.0000,0.0000,0.0002
1810,20.9582,0.0000,10.7836,5.2641,,true,0,0.008333,0.0000,0.0000,1.00,0.00,0.0000,22,1,335,361,0,0,100,5,17,17,0,0,45079,1415,0,0,880865280,0.000000,0.000000,0.000000,0.00,0,0,0,0,0,20,39,31,15,15,15,15,14,16,24,16,47,68,0.0002,0.0012,0.0400,0.0360,0.0037,0.0028,5.2641,0.0119,0.0000,0.9476,0.0006,0.4077,0.1455,0.0015,0.0016,0.0000,0.0000,0.0003
1811,20.9698,0.0000,11.8587,4.8884,,true,0,0.008333,0.0000,0.0000,1.00,0.00,0.0000,22,1,335,361,0,0,100,5,17,17,0,0,45079,1415,0,0,880865280,0.000000,0.000000,0.000000,0.00,0,0,0,0,0,20,39,31,15,15,15,15,14,16,24,16,47,68,0.0003,0.0011,0.0377,0.0292,0.0047,0.0022,4.8884,0.0091,0.0000,0.8678,0.0002,0.3838,0.1252,0.0007,0.0004,0.0000,0.0000,0.0003
1812,20.9798,0.0000,10.0600,4.8798,,true,0,0.008333,0.0000,0.0000,1.00,0.00,0.0000,22,1,335,361,0,0,100,5,17,17,0,0,45079,1415,0,0,880865280,0.000000,0.000000,0.000000,0.00,0,0,0,0,0,20,39,31,15,15,15,15,14,16,24,16,47,68,0.0003,0.0007,0.0390,0.0227,0.0023,0.0022,4.8798,0.0105,0.0000,0.8741,0.0003,0.3994,0.1258,0.0007,0.0003,0.0000,0.0000,0.0003
1813,20.9898,0.0000,9.9786,4.7726,,true,0,0.008333,0.0000,0.0000,1.00,0.00,0.0000,22,1,335,361,0,0,100,5,17,17,0,0,45079,1415,0,0,880865280,0.000000,0.000000,0.000000,0.00,0,0,0,0,0,20,39,31,15,15,15,15,14,16,24,16,47,68,0.0002,0.0008,0.0363,0.0279,0.0020,0.0025,4.7726,0.0118,0.0000,0.9152,0.0003,0.4242,0.1275,0.0006,0.0003,0.0000,0.0000,0.0003
1814,21.0012,0.0000,11.0402,5.2153,,true,0,0.008333,0.0000,0.0000,1.00,0.00,0.0000,22,1,335,361,0,0,100,5,17,17,0,0,45079,1415,0,0,880865280,0.000000,0.000000,0.000000,0.00,0,0,0,0,0,20,39,31,15,15,15,15,14,16,24,16,47,68,0.0002,0.0017,0.0370,0.0463,0.0056,0.0046,5.2153,0.0117,0.0000,0.9066,0.0004,0.4003,0.1311,0.0007,0.0005,0.0000,0.0000,0.0003
1815,21.0123,0.0000,11.1468,5.1727,,true,0,0.008333,0.0000,0.0000,1.00,0.00,0.0000,22,1,335,361,0,0,100,5,17,17,0,0,45079,1415,0,0,880865280,0.000000,0.000000,0.000000,0.00,0,0,0,0,0,20,39,31,15,15,15,15,14,16,24,16,47,68,0.0002,0.0007,0.0361,0.0277,0.0022,0.0018,5.1727,0.0093,0.0000,0.8802,0.0002,0.3890,0.1221,0.0008,0.0006,0.0000,0.0000,0.0003
1816,21.0223,0.0000,10.6201,4.5595,,true,0,0.008333,0.0000,0.0000,1.00,0.00,0.0000,22,1,335,361,0,0,100,5,17,17,0,0,45079,1415,0,0,880865280,0.000000,0.000000,0.000000,0.00,0,0,0,0,0,20,39,31,15,15,15,15,14,16,24,16,47,68,0.0003,0.0010,0.0273,0.0393,0.0047,0.0042,4.5595,0.0081,0.0000,0.6365,0.0002,0.2786,0.0996,0.0006,0.0003,0.0000,0.0000,0.0003
1817,21.0331,0.0000,10.7486,4.5793,,true,0,0.008333,0.0000,0.0000,1.00,0.00,0.0000,22,1,335,361,0,0,100,5,17,17,0,0,45079,1415,0,0,880865280,0.000000,0.000000,0.000000,0.00,0,0,0,0,0,20,39,31,15,15,15,15,14,16,24,16,47,68,0.0004,0.0010,0.0349,0.0358,0.0027,0.0047,4.5793,0.0096,0.0000,0.8873,0.0019,0.3824,0.1274,0.0007,0.0026,0.0000,0.0000,0.0003
1818,21.0445,0.0000,11.8597,4.2506,,true,0,0.008333,0.0000,0.0000,1.00,0.00,0.0000,22,1,335,361,0,0,100,5,17,17,0,0,45079,1415,0,0,880865280,0.000000,0.000000,0.000000,0.00,0,0,0,0,0,20,39,31,15,15,15,15,14,16,24,16,47,68,0.0002,0.0009,0.0328,0.0307,0.0028,0.0033,4.2506,0.0110,0.0000,0.8688,0.0002,0.4034,0.1273,0.0006,0.0004,0.0000,0.0000,0.0002
1819,21.0551,0.0000,10.2532,4.6809,,true,0,0.008333,0.0000,0.0000,1.00,0.00,0.0000,22,1,335,361,0,0,100,5,17,17,0,0,45079,1415,0,0,880865280,0.000000,0.000000,0.000000,0.00,0,0,0,0,0,20,39,31,15,15,15,15,14,16,24,16,47,68,0.0003,0.0008,0.0423,0.0251,0.0025,0.0033,4.6809,0.0141,0.0000,0.8865,0.0003,0.3949,0.1248,0.0005,0.0005,0.0000,0.0000,0.0003
1820,21.0655,0.0000,10.3316,4.6575,,true,0,0.008333,0.0000,0.0000,1.00,0.00,0.0000,22,1,335,361,0,0,100,5,17,17,0,0,45079,1415,0,0,880865280,0.000000,0.000000,0.000000,0.00,0,0,0,0,0,20,39,31,15,15,15,15,14,16,24,16,47,68,0.0002,0.0009,0.0381,0.0277,0.0026,0.0023,4.6575,0.0096,0.0000,0.8854,0.0004,0.3839,0.1276,0.0008,0.0003,0.0000,0.0000,0.0001
1821,21.0763,0.0000,10.7833,4.5673,,true,0,0.008333,0.0000,0.0000,1.00,0.00,0.0000,22,1,335,361,0,0,100,5,17,17,0,0,45079,1415,0,0,880865280,0.000000,0.000000,0.000000,0.00,0,0,0,0,0,20,39,31,15,15,15,15,14,16,24,16,47,68,0.0003,0.0008,0.0433,0.0239,0.0021,0.0030,4.5673,0.0085,0.0000,0.9590,0.0002,0.3848,0.1657,0.0006,0.0003,0.0000,0.0000,0.0005
1822,21.0873,0.0000,11.1983,4.3831,,true,0,0.008333,0.0000,0.0000,1.00,0.00,0.0000,22,1,335,361,0,0,100,5,17,17,0,0,45079,1415,0,0,880865280,0.000000,0.000000,0.000000,0.00,0,0,0,0,0,20,39,31,15,15,15,15,14,16,24,16,47,68,0.0002,0.0009,0.0252,0.0348,0.0055,0.0037,4.3831,0.0061,0.0000,0.6382,0.0002,0.2743,0.0987,0.0007,0.0003,0.0000,0.0000,0.0002
1823,21.0977,0.0000,9.9360,4.8549,,true,0,0.008333,0.0000,0.0000,1.00,0.00,0.0000,22,1,335,361,0,0,100,5,17,17,0,0,45079,1415,0,0,880865280,0.000000,0.000000,0.000000,0.00,0,0,0,0,0,20,39,31,15,15,15,15,14,16,24,16,47,68,0.0002,0.0010,0.0239,0.0393,0.0022,0.0031,4.8549,0.0041,0.0000,0.8654,0.0003,0.3795,0.1233,0.0005,0.0004,0.0000,0.0000,0.0002
1824,21.1076,0.0000,9.8618,4.6803,,true,0,0.008333,0.0000,0.0000,1.00,0.00,0.0000,22,1,335,361,0,0,100,5,17,17,0,0,45079,1415,0,0,880865280,0.000000,0.000000,0.000000,0.00,0,0,0,0,0,20,39,31,15,15,15,15,14,16,24,16,47,68,0.0002,0.0010,0.0399,0.0306,0.0022,0.0028,4.6803,0.0081,0.0000,0.9164,0.0003,0.4173,0.1475,0.0007,0.0002,0.0000,0.0000,0.0003
1825,21.1204,0.0000,12.3518,5.0761,,true,0,0.008333,0.0000,0.0000,1.00,0.00,0.0000,22,1,335,361,0,0,100,5,17,17,0,0,45079,1415,0,0,880865280,0.000000,0.000000,0.000000,0.00,0,0,0,0,0,20,39,31,15,15,15,15,14,16,24,16,47,68,0.0002,0.0010,0.0524,0.0293,0.0027,0.0033,5.0761,0.0139,0.0000,0.8394,0.0004,0.3684,0.1172,0.0006,0.0003,0.0000,0.0000,0.0005
1826,21.1305,0.0000,11.0543,4.5004,,true,0,0.008333,0.0000,0.0000,1.00,0.00,0.0000,22,1,335,361,0,0,100,5,17,17,0,0,45079,1415,0,0,880865280,0.000000,0.000000,0.000000,0.00,0,0,0,0,0,20,39,31,15,15,15,15,14,16,24,16,47,68,0.0002,0.0011,0.0358,0.0442,0.0056,0.0048,4.5004,0.0113,0.0000,0.8616,0.0003,0.3813,0.1341,0.0005,0.0003,0.0000,0.0000,0.0002
1827,21.1407,0.0000,9.7730,4.6012,,true,0,0.008333,0.0000,0.0000,1.00,0.00,0.0000,22,1,335,361,0,0,100,5,17,17,0,0,45079,1415,0,0,880865280,0.000000,0.000000,0.000000,0.00,0,0,0,0,0,20,39,31,15,15,15,15,14,16,24,16,47,68,0.0002,0.0010,0.0344,0.0254,0.0024,0.0025,4.6012,0.0086,0.0000,0.9175,0.0006,0.4462,0.1164,0.0015,0.0006,0.0000,0.0000,0.0004
1828,21.1517,0.0000,10.9809,4.8856,,true,0,0.008333,0.0000,0.0000,1.00,0.00,0.0000,22,1,335,361,0,0,100,5,17,17,0,0,45079,1415,0,0,880865280,0.000000,0.000000,0.000000,0.00,0,0,0,0,0,20,39,31,15,15,15,15,14,16,24,16,47,68,0.0002,0.0010,0.0376,0.0353,0.0033,0.0040,4.8856,0.0095,0.0000,0.9013,0.0002,0.3815,0.1377,0.0007,0.0003,0.0000,0.0000,0.0003
1829,21.1634,0.0000,11.3585,4.9235,,true,0,0.008333,0.0000,0.0000,1.00,0.00,0.0000,22,1,335,361,0,0,100,5,17,17,0,0,45079,1415,0,0,880865280,0.000000,0.000000,0.000000,0.00,0,0,0,0,0,20,39,31,15,15,15,15,14,16,24,16,47,68,0.0003,0.0011,0.0397,0.0294,0.0024,0.0028,4.9235,0.0110,0.0000,0.8879,0.0004,0.3969,0.1328,0.0008,0.0004,0.0000,0.0000,0.0002
1830,21.1738,0.0000,11.1094,4.4403,,true,0,0.008333,0.0000,0.0000,1.00,0.00,0.0000,22,1,335,361,0,0,100,5,17,17,0,0,45079,1415,0,0,880865280,0.000000,0.000000,0.000000,0.00,0,0,0,0,0,20,39,31,15,15,15,15,14,16,24,16,47,68,0.0004,0.0016,0.0360,0.0444,0.0027,0.0048,4.4403,0.0094,0.0000,0.8803,0.0002,0.3818,0.1301,0.0011,0.0005,0.0000,0.0000,0.0002
1831,21.1839,0.0000,9.9469,4.5606,,true,0,0.008333,0.0000,0.0000,1.00,0.00,0.0000,22,1,335,361,0,0,100,5,17,17,0,0,45079,1415,0,0,880865280,0.000000,0.000000,0.000000,0.00,0,0,0,0,0,20,39,31,15,15,15,15,14,16,24,16,47,68,0.0001,0.0008,0.0314,0.0291,0.0024,0.0022,4.5606,0.0093,0.0000,0.8798,0.0003,0.3948,0.1278,0.0008,0.0005,0.0000,0.0000,0.0003
1832,21.1942,0.0000,10.4428,4.2789,,true,0,0.008333,0.0000,0.0000,1.00,0.00,0.0000,22,1,335,361,0,0,100,5,17,17,0,0,45079,1415,0,0,880865280,0.000000,0.000000,0.000000,0.00,0,0,0,0,0,20,39,31,15,15,15,15,14,16,24,16,47,68,0.0001,0.0006,0.0331,0.0250,0.0025,0.0023,4.2789,0.0192,0.0000,0.6716,0.0002,0.2830,0.1370,0.0007,0.0005,0.0000,0.0000,0.0002
1833,21.2061,0.0000,11.7029,4.6457,,true,0,0.008333,0.0000,0.0000,1.00,0.00,0.0000,22,1,335,361,0,0,100,5,17,17,0,0,45079,1415,0,0,880865280,0.000000,0.000000,0.000000,0.00,0,0,0,0,0,20,39,31,15,15,15,15,14,16,24,16,47,68,0.0002,0.0008,0.0324,0.0270,0.0023,0.0030,4.6457,0.0099,0.0000,0.9005,0.0002,0.4087,0.1294,0.0007,0.0003,0.0000,0.0000,0.0002
1834,21.2176,0.0000,11.3487,4.8811,,true,0,0.008333,0.0000,0.0000,1.00,0.00,0.0000,22,1,335,361,0,0,100,5,17,17,0,0,45079,1415,0,0,880865280,0.000000,0.000000,0.000000,0.00,0,0,0,0,0,20,39,31,15,15,15,15,14,16,24,16,47,68,0.0002,0.0007,0.0361,0.0404,0.0033,0.0025,4.8811,0.0095,0.0000,0.8762,0.0003,0.3928,0.1331,0.0005,0.0005,0.0000,0.0000,0.0002
1835,21.2274,0.0000,10.4565,4.2133,,true,0,0.008333,0.0000,0.0000,1.00,0.00,0.0000,22,1,335,361,0,0,100,5,17,17,0,0,45079,1415,0,0,880865280,0.000000,0.000000,0.000000,0.00,0,0,0,0,0,20,39,31,15,15,15,15,14,16,24,16,47,68,0.0001,0.0011,0.0266,0.0217,0.0020,0.0030,4.2133,0.0083,0.0000,0.6271,0.0003,0.2791,0.0955,0.0006,0.0004,0.0000,0.0000,0.0002
1836,21.2386,0.0000,10.4065,4.6737,,true,0,0.008333,0.0000,0.0000,1.00,0.00,0.0000,22,1,335,361,0,0,100,5,17,17,0,0,45079,1415,0,0,880865280,0.000000,0.000000,0.000000,0.00,0,0,0,0,0,20,39,31,15,15,15,15,14,16,24,16,47,68,0.0004,0.0010,0.0384,0.0298,0.0026,0.0030,4.6737,0.0201,0.0000,0.8521,0.0002,0.3802,0.1212,0.0006,0.0003,0.0000,0.0000,0.0002
1837,21.2504,0.0000,11.9658,4.8132,,true,0,0.008333,0.0000,0.0000,1.00,0.00,0.0000,22,1,335,361,0,0,100,5,17,17,0,0,45079,1415,0,0,880865280,0.000000,0.000000,0.000000,0.00,0,0,0,0,0,20,39,31,15,15,15,15,14,16,24,16,47,68,0.0002,0.0016,0.0379,0.0441,0.0024,0.0050,4.8132,0.0088,0.0000,0.9201,0.0002,0.3969,0.1277,0.0008,0.0004,0.0000,0.0000,0.0003
1838,21.2600,0.0000,10.2799,4.0332,,true,0,0.008333,0.0000,0.0000,1.00,0.00,0.0000,22,1,335,361,0,0,100,5,17,17,0,0,45079,1415,0,0,880865280,0.000000,0.000000,0.000000,0.00,0,0,0,0,0,20,39,31,15,15,15,15,14,16,24,16,47,68,0.0003,0.0017,0.0312,0.0368,0.0024,0.0087,4.0332,0.0086,0.0000,0.6431,0.0003,0.2681,0.0980,0.0005,0.0003,0.0000,0.0000,0.0002
1839,21.2706,0.0000,9.9482,4.6537,,true,0,0.008333,0.0000,0.0000,1.00,0.00,0.0000,22,1,335,361,0,0,100,5,17,17,0,0,45079,1415,0,0,880865280,0.000000,0.000000,0.000000,0.00,0,0,0,0,0,20,39,31,15,15,15,15,14,16,24,16,47,68,0.0001,0.0006,0.0240,0.0192,0.0018,0.0019,4.6537,0.0064,0.0000,0.5935,0.0002,0.2621,0.0884,0.0001,0.0001,0.0000,0.0000,0.0001
1840,21.2837,0.0000,12.9100,4.8179,,true,0,0.008333,0.0000,0.0000,1.00,0.00,0.0000,22,1,335,361,0,0,100,5,17,17,0,0,45079,1415,0,0,880865280,0.000000,0.000000,0.000000,0.00,0,0,0,0,0,20,39,31,15,15,15,15,14,16,24,16,47,68,0.0007,0.0015,0.0276,0.0490,0.0031,0.0052,4.8179,0.0083,0.0000,0.6649,0.0001,0.2824,0.1027,0.0006,0.0005,0.0000,0.0000,0.0001
1841,21.2952,0.0000,11.7306,4.8161,,true,0,0.008333,0.0000,0.0000,1.00,0.00,0.0000,22,1,335,361,0,0,100,5,17,17,0,0,45079,1415,0,0,880865280,0.000000,0.000000,0.000000,0.00,0,0,0,0,0,20,39,31,15,15,15,15,14,16,24,16,47,68,0.0005,0.0019,0.0356,0.0385,0.0025,0.0052,4.8161,0.0109,0.0000,0.8965,0.0002,0.3818,0.1295,0.0005,0.0003,0.0000,0.0000,0.0002
1842,21.3053,0.0000,10.2843,4.3722,,true,0,0.008333,0.0000,0.0000,1.00,0.00,0.0000,22,1,335,361,0,0,100,5,17,17,0,0,45079,1415,0,0,880865280,0.000000,0.000000,0.000000,0.00,0,0,0,0,0,20,39,31,15,15,15,15,14,16,24,16,47,68,0.0003,0.0007,0.0448,0.0289,0.0022,0.0026,4.3722,0.0098,0.0000,0.8599,0.0002,0.3934,0.1275,0.0006,0.0005,0.0000,0.0000,0.0002
1843,21.3174,0.0000,11.2778,5.3225,,true,0,0.008333,0.0000,0.0000,1.00,0.00,0.0000,22,1,335,361,0,0,100,5,17,17,0,0,45079,1415,0,0,880865280,0.000000,0.000000,0.000000,0.00,0,0,0,0,0,20,39,31,15,15,15,15,14,16,24,16,47,68,0.0002,0.0017,0.0338,0.0472,0.0032,0.0060,5.3225,0.0104,0.0000,0.9225,0.0003,0.3990,0.1330,0.0008,0.0004,0.0000,0.0000,0.0002
1844,21.3283,0.0000,11.5560,4.8373,,true,0,0.008333,0.0000,0.0000,1.00,0.00,0.0000,22,1,335,361,0,0,100,5,17,17,0,0,45079,1415,0,0,880865280,0.000000,0.000000,0.000000,0.00,0,0,0,0,0,20,39,31,15,15,15,15,14,16,24,16,47,68,0.0002,0.0010,0.0428,0.0360,0.0046,0.0023,4.8373,0.0112,0.0000,0.8916,0.0002,0.3831,0.1271,0.0008,0.0004,0.0000,0.0000,0.0003
1845,21.3378,0.0000,9.8415,4.4781,,true,0,0.008333,0.0000,0.0000,1.00,0.00,0.0000,22,1,335,361,0,0,100,5,17,17,0,0,45079,1415,0,0,880865280,0.000000,0.000000,0.000000,0.00,0,0,0,0,0,20,39,31,15,15,15,15,14,16,24,16,47,68,0.0002,0.0022,0.0307,0.0301,0.0024,0.0091,4.4781,0.0081,0.0000,0.8465,0.0003,0.2830,0.0948,0.0006,0.0005,0.0000,0.0000,0.0005
1846,21.3479,0.0000,10.1095,4.2478,,true,0,0.008333,0.0000,0.0000,1.00,0.00,0.0000,22,1,335,361,0,0,100,5,17,17,0,0,45079,1415,0,0,880865280,0.000000,0.000000,0.000000,0.00,0,0,0,0,0,20,39,31,15,15,15,15,14,16,24,16,47,68,0.0003,0.0007,0.0345,0.0278,0.0026,0.0033,4.2478,0.0078,0.0000,0.8837,0.0001,0.2861,0.0949,0.0020,0.0001,0.0000,0.0000,0.0002
1847,21.3597,0.0000,11.5815,4.2961,,true,0,0.008333,0.0000,0.0000,1.00,0.00,0.0000,22,1,335,361,0,0,100,5,17,17,0,0,45079,1415,0,0,880865280,0.000000,0.000000,0.000000,0.00,0,0,0,0,0,20,39,31,15,15,15,15,14,16,24,16,47,68,0.0002,0.0005,0.0340,0.0218,0.0022,0.0022,4.2961,0.0086,0.0000,0.6728,0.0002,0.2820,0.1279,0.0005,0.0001,0.0000,0.0000,0.0001
1848,21.3711,0.0000,11.0369,5.0558,,true,0,0.008333,0.0000,0.0000,1.00,0.00,0.0000,22,1,335,361,0,0,100,5,17,17,0,0,45079,1415,0,0,880865280,0.000000,0.000000,0.000000,0.00,0,0,0,0,0,20,39,31,15,15,15,15,14,16,24,16,47,68,0.0002,0.0011,0.0356,0.0357,0.0059,0.0062,5.0558,0.0086,0.0000,0.8647,0.0002,0.3993,0.1209,0.0006,0.0003,0.0000,0.0000,0.0002
1849,21.3834,0.0000,11.8817,5.3296,,true,0,0.008333,0.0000,0.0000,1.00,0.00,0.0000,22,1,335,361,0,0,100,5,17,17,0,0,45079,1415,0,0,880865280,0.000000,0.000000,0.000000,0.00,0,0,0,0,0,20,39,31,15,15,15,15,14,16,24,16,47,68,0.0003,0.0008,0.0397,0.0328,0.0033,0.0024,5.3296,0.0130,0.0000,0.9183,0.0003,0.4227,0.1416,0.0011,0.0005,0.0000,0.0000,0.0003
1850,21.4007,0.0000,11.6367,10.9881,,true,0,0.008333,0.0000,0.0000,1.00,0.00,0.0000,22,1,335,361,0,0,100,5,17,17,0,0,45079,1415,0,0,880865280,0.000000,0.000000,0.000000,0.00,0,0,0,0,0,20,39,31,15,15,15,15,14,16,24,16,47,68,0.0002,0.0009,0.0500,0.0532,0.0076,0.0057,10.9881,0.0295,0.0000,6.0289,0.0003,0.4121,0.1694,0.7737,0.0006,0.0000,0.0000,4.2998
1851,21.4063,0.0000,11.2835,4.9487,,true,0,0.008333,0.0000,0.0000,1.00,0.00,0.0000,22,1,335,361,0,0,100,5,17,17,0,0,45079,1415,0,0,880865280,0.000000,0.000000,0.000000,0.00,0,0,0,0,0,20,39,31,15,15,15,15,14,16,24,16,47,68,0.0003,0.0012,0.0376,0.0451,0.0062,0.0059,4.9487,0.0099,0.0000,0.9238,0.0003,0.4301,0.1259,0.0008,0.0004,0.0000,0.0000,0.0003
1852,21.4171,0.0000,11.0471,5.1183,,true,0,0.008333,0.0000,0.0000,1.00,0.00,0.0000,22,1,335,361,0,0,100,5,17,17,0,0,45079,1415,0,0,880865280,0.000000,0.000000,0.000000,0.00,0,0,0,0,0,20,39,31,15,15,15,15,14,16,24,16,47,68,0.0002,0.0010,0.0318,0.0319,0.0026,0.0021,5.1183,0.0082,0.0000,0.8668,0.0001,0.3795,0.1405,0.0011,0.0002,0.0000,0.0000,0.0003
1853,21.4275,0.0000,10.8357,4.7159,,true,0,0.008333,0.0000,0.0000,1.00,0.00,0.0000,22,1,335,361,0,0,100,5,17,17,0,0,45079,1415,0,0,880865280,0.000000,0.000000,0.000000,0.00,0,0,0,0,0,20,39,31,15,15,15,15,14,16,24,16,47,68,0.0002,0.0008,0.0358,0.0273,0.0029,0.0028,4.7159,0.0106,0.0000,0.6676,0.0003,0.2818,0.1058,0.0007,0.0063,0.0000,0.0000,0.0004
1854,21.4389,0.0000,11.0563,4.7449,,true,0,0.008333,0.0000,0.0000,1.00,0.00,0.0000,22,1,335,361,0,0,100,5,17,17,0,0,45079,1415,0,0,880865280,0.000000,0.000000,0.000000,0.00,0,0,0,0,0,20,39,31,15,15,15,15,14,16,24,16,47,68,0.0002,0.0006,0.0475,0.0265,0.0028,0.0023,4.7449,0.0099,0.0000,0.6336,0.0001,0.2903,0.0957,0.0003,0.0002,0.0000,0.0000,0.0001
1855,21.4505,0.0000,11.8566,4.7385,,true,0,0.008333,0.0000,0.0000,1.00,0.00,0.0000,22,1,335,361,0,0,100,5,17,17,0,0,45079,1415,0,0,880865280,0.000000,0.000000,0.000000,0.00,0,0,0,0,0,20,39,31,15,15,15,15,14,16,24,16,47,68,0.0003,0.0012,0.0402,0.0420,0.0036,0.0026,4.7385,0.0115,0.0000,0.9118,0.0004,0.4285,0.1233,0.0007,0.0006,0.0000,0.0000,0.0002
1856,21.4622,0.0000,10.9519,5.3203,,true,0,0.008333,0.0000,0.0000,1.00,0.00,0.0000,22,1,335,361,0,0,100,5,17,17,0,0,45079,1415,0,0,880865280,0.000000,0.000000,0.000000,0.00,0,0,0,0,0,20,39,31,15,15,15,15,14,16,24,16,47,68,0.0002,0.0013,0.1180,0.0332,0.0041,0.0026,5.3203,0.0159,0.0000,0.9812,0.0004,0.4320,0.1524,0.0015,0.0004,0.0000,0.0000,0.0008
1857,21.4746,0.0000,11.3398,6.4672,,true,0,0.008333,0.0000,0.0000,1.00,0.00,0.0000,22,1,335,361,0,0,100,5,17,17,0,0,45079,1415,0,0,880865280,0.000000,0.000000,0.000000,0.00,0,0,0,0,0,20,39,31,15,15,15,15,14,16,24,16,47,68,0.0003,0.0013,0.0376,0.0295,0.0028,0.0022,6.4672,0.0162,0.0000,0.9263,0.0015,0.4299,0.1487,0.0015,0.0004,0.0000,0.0000,0.0004
1858,21.4877,0.0000,13.4401,6.2621,,true,0,0.008333,0.0000,0.0000,1.00,0.00,0.0000,22,1,335,361,0,0,100,5,17,17,0,0,45079,1415,0,0,880865280,0.000000,0.000000,0.000000,0.00,0,0,0,0,0,20,39,31,15,15,15,15,14,16,24,16,47,68,0.0003,0.0008,0.0443,0.0395,0.0030,0.0029,6.2621,0.0142,0.0000,0.9015,0.0003,0.3881,0.1419,0.0011,0.0003,0.0000,0.0000,0.0003
1859,21.4998,0.0000,12.0201,6.0790,,true,0,0.008333,0.0000,0.0000,1.00,0.00,0.0000,22,1,335,361,0,0,100,5,17,17,0,0,45079,1415,0,0,880865280,0.000000,0.000000,0.000000,0.00,0,0,0,0,0,20,39,31,15,15,15,15,14,16,24,16,47,68,0.0002,0.0019,0.0500,0.0411,0.0049,0.0055,6.0790,0.0138,0.0000,0.9752,0.0003,0.4184,0.1374,0.0021,0.0008,0.0000,0.0000,0.0005
1860,21.5116,0.0000,12.2451,5.7252,,true,0,0.008333,0.0000,0.0000,1.00,0.00,0.0000,22,1,335,361,0,0,100,5,17,17,0,0,45079,1415,0,0,880865280,0.000000,0.000000,0.000000,0.00,0,0,0,0,0,20,39,31,15,15,15,15,14,16,24,16,47,68,0.0003,0.0009,0.0415,0.0353,0.0034,0.0026,5.7252,0.0201,0.0000,0.9033,0.0002,0.3994,0.1422,0.0013,0.0004,0.0000,0.0000,0.0006
1861,21.5261,0.0000,13.8594,6.3452,,true,0,0.008333,0.0000,0.0000,1.00,0.00,0.0000,22,1,335,361,0,0,100,5,17,17,0,0,45079,1415,0,0,880865280,0.000000,0.000000,0.000000,0.00,0,0,0,0,0,20,39,31,15,15,15,15,14,16,24,16,47,68,0.0002,0.0010,0.0539,0.0360,0.0042,0.0040,6.3452,0.0198,0.0000,1.1775,0.0003,0.5069,0.2046,0.0035,0.0008,0.0000,0.0000,0.0003
1862,21.5376,0.0000,12.9717,5.0553,,true,0,0.008333,0.0000,0.0000,1.00,0.00,0.0000,22,1,335,361,0,0,100,5,17,17,0,0,45079,1415,0,0,880865280,0.000000,0.000000,0.000000,0.00,0,0,0,0,0,20,39,31,15,15,15,15,14,16,24,16,47,68,0.0002,0.0013,0.0386,0.0363,0.0039,0.0027,5.0553,0.0128,0.0000,0.7262,0.0004,0.2991,0.1184,0.0006,0.0005,0.0000,0.0000,0.0003
1863,21.5488,0.0000,10.8168,5.3443,,true,0,0.008333,0.0000,0.0000,1.00,0.00,0.0000,22,1,335,361,0,0,100,5,17,17,0,0,45079,1415,0,0,880865280,0.000000,0.000000,0.000000,0.00,0,0,0,0,0,20,39,31,15,15,15,15,14,16,24,16,47,68,0.0002,0.0006,0.0414,0.0333,0.0031,0.0027,5.3443,0.0124,0.0000,0.9102,0.0004,0.3874,0.1339,0.0008,0.0004,0.0000,0.0000,0.0003
1864,21.5621,0.0000,13.1345,5.2115,,true,0,0.008333,0.0000,0.0000,1.00,0.00,0.0000,22,1,335,361,0,0,100,5,17,17,0,0,45079,1415,0,0,880865280,0.000000,0.000000,0.000000,0.00,0,0,0,0,0,20,39,31,15,15,15,15,14,16,24,16,47,68,0.0003,0.0010,0.0356,0.0321,0.0032,0.0023,5.2115,0.0105,0.0000,0.6721,0.0002,0.3030,0.0971,0.0004,0.0008,0.0000,0.0000,0.0002
1865,21.5804,0.0000,13.1476,7.7913,,true,0,0.008333,0.0000,0.0000,1.00,0.00,0.0000,22,1,335,361,0,0,100,5,17,17,0,0,45079,1415,0,0,880865280,0.000000,0.000000,0.000000,0.00,0,0,0,0,0,20,39,31,15,15,15,15,14,16,24,16,47,68,0.0003,0.0018,0.0341,0.0383,0.0051,0.0023,7.7913,0.0142,0.0000,0.8401,0.0002,0.3327,0.1282,0.0007,0.0005,0.0000,0.0000,0.0004
1866,21.5982,0.0000,14.4351,8.8684,,true,0,0.008333,0.0000,0.0000,1.00,0.00,0.0000,22,1,335,361,0,0,100,5,17,17,0,0,45079,1415,0,0,880865280,0.000000,0.000000,0.000000,0.00,0,0,0,0,0,20,39,31,15,15,15,15,14,16,24,16,47,68,0.0006,0.0051,0.0578,0.1076,0.0285,0.0109,8.8684,0.0394,0.0000,1.3339,0.0003,0.5056,0.2159,0.0029,0.0021,0.0000,0.0000,0.0008
1867,21.6130,0.0000,14.7471,7.0262,,true,0,0.008333,0.0000,0.0000,1.00,0.00,0.0000,22,1,335,361,0,0,100,5,17,17,0,0,45079,1415,0,0,880865280,0.000000,0.000000,0.000000,0.00,0,0,0,0,0,20,39,31,15,15,15,15,14,16,24,16,47,68,0.0009,0.0034,0.0511,0.0575,0.0058,0.0094,7.0262,0.0135,0.0000,1.3267,0.0005,0.6105,0.1564,0.0008,0.0008,0.0000,0.0000,0.0004
1868,21.6300,0.0000,11.8174,7.4095,,true,0,0.008333,0.0000,0.0000,1.00,0.00,0.0000,22,1,335,361,0,0,100,5,17,17,0,0,45079,1415,0,0,880865280,0.000000,0.000000,0.000000,0.00,0,0,0,0,0,20,39,31,15,15,15,15,14,16,24,16,47,68,0.0076,0.0014,0.0462,0.0406,0.0038,0.0047,7.4095,0.0164,0.0000,1.0478,0.0005,0.5092,0.1582,0.0014,0.0006,0.0000,0.0000,0.0006
1869,21.6483,0.0000,13.3416,9.0716,,true,0,0.008333,0.0000,0.0000,1.00,0.00,0.0000,22,1,335,361,0,0,100,5,17,17,0,0,45079,1415,0,0,880865280,0.000000,0.000000,0.000000,0.00,0,0,0,0,0,20,39,31,15,15,15,15,14,16,24,16,47,68,0.0004,0.0015,0.0853,0.0464,0.0074,0.0046,9.0716,0.0582,0.0000,1.2145,0.0005,0.4783,0.2548,0.0013,0.0008,0.0000,0.0000,0.0006
1870,21.6642,0.0000,18.6391,8.2413,,true,0,0.008333,0.0000,0.0000,1.00,0.00,0.0000,22,1,335,361,0,0,100,5,17,17,0,0,45079,1415,0,0,880869376,0.000000,0.000000,0.000000,0.00,0,0,0,0,0,20,39,31,15,15,15,15,14,16,24,16,47,68,0.0003,0.0021,0.0737,0.0610,0.0071,0.0149,8.2413,0.0186,0.0000,1.2220,0.0003,0.5602,0.2141,0.0013,0.0008,0.0000,0.0000,0.0010
1871,21.6798,0.0000,14.8189,7.1628,,true,0,0.008333,0.0000,0.0000,1.00,0.00,0.0000,22,1,335,361,0,0,100,5,17,17,0,0,45079,1415,0,0,880869376,0.000000,0.000000,0.000000,0.00,0,0,0,0,0,20,39,31,15,15,15,15,14,16,24,16,47,68,0.0009,0.0018,0.0572,0.0559,0.0092,0.0085,7.1628,0.0211,0.0000,1.2354,0.0005,0.4999,0.1914,0.0017,0.0008,0.0000,0.0000,0.0006
1872,21.6966,0.0000,14.3680,7.1408,,true,0,0.008333,0.0000,0.0000,1.00,0.00,0.0000,22,1,335,361,0,0,100,5,17,17,0,0,45079,1415,0,0,880869376,0.000000,0.000000,0.000000,0.00,0,0,0,0,0,20,39,31,15,15,15,15,14,16,24,16,47,68,0.0003,0.0018,0.0454,0.0379,0.0053,0.0026,7.1408,0.0210,0.0000,0.9226,0.0003,0.4100,0.1364,0.0014,0.0005,0.0000,0.0000,0.0003
1873,21.7136,0.0000,18.0528,7.5835,,true,0,0.008333,0.0000,0.0000,1.00,0.00,0.0000,22,1,335,361,0,0,100,5,17,17,0,0,45079,1415,0,0,880869376,0.000000,0.000000,0.000000,0.00,0,0,0,0,0,20,39,31,15,15,15,15,14,16,24,16,47,68,0.0002,0.0026,0.0692,0.0652,0.0088,0.0082,7.5835,0.0336,0.0000,1.4154,0.0004,0.6166,0.2555,0.0019,0.0024,0.0000,0.0000,0.0007
1874,21.7319,0.0000,16.2437,9.0881,,true,0,0.008333,0.0000,0.0000,1.00,0.00,0.0000,22,1,335,361,0,0,100,5,17,17,0,0,45079,1415,0,0,880869376,0.000000,0.000000,0.000000,0.00,0,0,0,0,0,20,39,31,15,15,15,15,14,16,24,16,47,68,0.0002,0.0014,0.0524,0.0621,0.0094,0.0031,9.0881,0.0255,0.0000,1.2220,0.0003,0.4572,0.2269,0.0014,0.0005,0.0000,0.0000,0.0006
1875,21.7456,0.0000,15.7490,6.2926,,true,0,0.008333,0.0000,0.0000,1.00,0.00,0.0000,22,1,335,361,0,0,100,5,17,17,0,0,45079,1415,0,0,880869376,0.000000,0.000000,0.000000,0.00,0,0,0,0,0,20,39,31,15,15,15,15,14,16,24,16,47,68,0.0008,0.0028,0.0502,0.0668,0.0093,0.0079,6.2926,0.0139,0.0000,1.1325,0.0011,0.4681,0.2098,0.0024,0.0012,0.0000,0.0000,0.0004
1876,21.7626,0.0000,18.3541,6.1077,,true,0,0.008333,0.0000,0.0000,1.00,0.00,0.0000,22,1,335,361,0,0,100,5,17,17,0,0,45079,1415,0,0,880869376,0.000000,0.000000,0.000000,0.00,0,0,0,0,0,20,39,31,15,15,15,15,14,16,24,16,47,68,0.0001,0.0022,0.0265,0.0722,0.0090,0.0057,6.1077,0.0091,0.0000,0.7214,0.0002,0.2842,0.1070,0.0012,0.0004,0.0000,0.0000,0.0002
1877,21.7783,0.0000,13.7518,5.6224,,true,0,0.008333,0.0000,0.0000,1.00,0.00,0.0000,22,1,335,361,0,0,100,5,17,17,0,0,45079,1415,0,0,880869376,0.000000,0.000000,0.000000,0.00,0,0,0,0,0,20,39,31,15,15,15,15,14,16,24,16,47,68,0.0002,0.0008,0.0318,0.0402,0.0044,0.0020,5.6224,0.0090,0.0000,0.7191,0.0004,0.3232,0.1039,0.0007,0.0004,0.0000,0.0000,0.0003
1878,21.7961,0.0000,15.5566,7.3784,,true,0,0.008333,0.0000,0.0000,1.00,0.00,0.0000,22,1,335,361,0,0,100,5,17,17,0,0,45079,1415,0,0,880869376,0.000000,0.000000,0.000000,0.00,0,0,0,0,0,20,39,31,15,15,15,15,14,16,24,16,47,68,0.0002,0.0018,0.0486,0.0392,0.0046,0.0052,7.3784,0.0140,0.0000,1.0733,0.0002,0.4900,0.1421,0.0007,0.0007,0.0000,0.0000,0.0010
1879,21.8026,0.0000,15.3613,5.5043,,true,0,0.008333,0.0000,0.0000,1.00,0.00,0.0000,22,1,335,361,0,0,100,5,17,17,0,0,45079,1415,0,0,880869376,0.000000,0.000000,0.000000,0.00,0,0,0,0,0,20,39,31,15,15,15,15,14,16,24,16,47,68,0.0004,0.0010,0.0520,0.0313,0.0031,0.0029,5.5043,0.0126,0.0000,1.0674,0.0005,0.4838,0.1674,0.0009,0.0004,0.0000,0.0000,0.0003
1880,21.8131,0.0000,16.9019,7.0342,,true,0,0.008333,0.0000,0.0000,1.00,0.00,0.0000,22,1,335,361,0,0,100,5,17,17,0,0,45079,1415,0,0,880869376,0.000000,0.000000,0.000000,0.00,0,0,0,0,0,20,39,31,15,15,15,15,14,16,24,16,47,68,0.0003,0.0017,0.0419,0.0399,0.0040,0.0033,7.0342,0.0315,0.0000,1.0440,0.0004,0.4024,0.1396,0.0013,0.0006,0.0000,0.0000,0.0013
1881,21.8317,0.0000,9.0417,8.8279,,true,0,0.008333,0.0000,0.0000,1.00,0.00,0.0000,22,1,335,361,0,0,100,5,17,17,0,0,45079,1415,0,0,880869376,0.000000,0.000000,0.000000,0.00,0,0,0,0,0,20,39,31,15,15,15,15,14,16,24,16,47,68,0.0004,0.0034,0.0475,0.0813,0.0085,0.0111,8.8279,0.0231,0.0000,0.9304,0.0002,0.3212,0.1421,0.0008,0.0022,0.0000,0.0000,0.0010
1882,21.8480,0.0000,11.3452,8.6503,,true,0,0.008333,0.0000,0.0000,1.00,0.00,0.0000,22,1,335,361,0,0,100,5,17,17,0,0,45079,1415,0,0,880869376,0.000000,0.000000,0.000000,0.00,0,0,0,0,0,20,39,31,15,15,15,15,14,16,24,16,47,68,0.0010,0.0022,0.0505,0.0752,0.0125,0.0086,8.6503,0.0272,0.0000,1.1415,0.0004,0.4603,0.1896,0.0017,0.0005,0.0000,0.0000,0.0006
1883,21.8628,0.0000,19.4708,6.7774,,true,0,0.008333,0.0000,0.0000,1.00,0.00,0.0000,22,1,335,361,0,0,100,5,17,17,0,0,45079,1415,0,0,880869376,0.000000,0.000000,0.000000,0.00,0,0,0,0,0,20,39,31,15,15,15,15,14,16,24,16,47,68,0.0006,0.0021,0.0446,0.0743,0.0093,0.0078,6.7774,0.0246,0.0000,1.0794,0.0007,0.4541,0.1913,0.0026,0.0019,0.0000,0.0000,0.0010
1884,21.8828,0.0000,14.5778,9.8590,,true,0,0.008333,0.0000,0.0000,1.00,0.00,0.0000,22,1,335,361,0,0,100,5,17,17,0,0,45079,1415,0,0,880869376,0.000000,0.000000,0.000000,0.00,0,0,0,0,0,20,39,31,15,15,15,15,14,16,24,16,47,68,0.0019,0.0031,0.1034,0.0761,0.0088,0.0203,9.8590,0.0137,0.0000,1.3073,0.0007,0.4769,0.2472,0.0013,0.0005,0.0000,0.0000,0.0012
1885,21.8958,0.0000,15.4237,6.3707,,true,0,0.008333,0.0000,0.0000,1.00,0.00,0.0000,22,1,335,361,0,0,100,5,17,17,0,0,45079,1415,0,0,880869376,0.000000,0.000000,0.000000,0.00,0,0,0,0,0,20,39,31,15,15,15,15,14,16,24,16,47,68,0.0002,0.0035,0.0669,0.0656,0.0115,0.0094,6.3707,0.0319,0.0000,1.1287,0.0003,0.4658,0.1960,0.0021,0.0017,0.0000,0.0000,0.0004
1886,21.9143,0.0000,18.3809,8.1500,,true,0,0.008333,0.0000,0.0000,1.00,0.00,0.0000,22,1,335,361,0,0,100,5,17,17,0,0,45079,1415,0,0,880869376,0.000000,0.000000,0.000000,0.00,0,0,0,0,0,20,39,31,15,15,15,15,14,16,24,16,47,68,0.0005,0.0029,0.0437,0.0798,0.0113,0.0064,8.1500,0.0112,0.0000,0.9663,0.0004,0.4316,0.1430,0.0007,0.0006,0.0000,0.0000,0.0003
1887,21.9310,0.0000,15.4011,8.1803,,true,0,0.008333,0.0000,0.0000,1.00,0.00,0.0000,22,1,335,361,0,0,100,5,17,17,0,0,45079,1415,0,0,880869376,0.000000,0.000000,0.000000,0.00,0,0,0,0,0,20,39,31,15,15,15,15,14,16,24,16,47,68,0.0002,0.0016,0.0527,0.1005,0.0123,0.0130,8.1803,0.0147,0.0000,1.3791,0.0003,0.6301,0.1785,0.0007,0.0005,0.0000,0.0000,0.0003
1888,21.9488,0.0000,16.2003,9.2872,,true,0,0.008333,0.0000,0.0000,1.00,0.00,0.0000,22,1,335,361,0,0,100,5,17,17,0,0,45079,1415,0,0,880869376,0.000000,0.000000,0.000000,0.00,0,0,0,0,0,20,39,31,15,15,15,15,14,16,24,16,47,68,0.0002,0.0037,0.0505,0.1074,0.0117,0.0107,9.2872,0.0190,0.0000,1.4044,0.0011,0.6232,0.1669,0.0007,0.0010,0.0000,0.0000,0.0004
1889,21.9654,0.0000,16.7766,9.0068,,true,0,0.008333,0.0000,0.0000,1.00,0.00,0.0000,22,1,335,361,0,0,100,5,17,17,0,0,45079,1415,0,0,880869376,0.000000,0.000000,0.000000,0.00,0,0,0,0,0,20,39,31,15,15,15,15,14,16,24,16,47,68,0.0007,0.0036,0.0705,0.0914,0.0106,0.0085,9.0068,0.0246,0.0000,1.3433,0.0006,0.5832,0.2134,0.0014,0.0008,0.0000,0.0000,0.0005
1890,21.9798,0.0000,20.3039,7.1748,,true,0,0.008333,0.0000,0.0000,1.00,0.00,0.0000,22,1,335,361,0,0,100,5,17,17,0,0,45079,1415,0,0,880869376,0.000000,0.000000,0.000000,0.00,0,0,0,0,0,20,39,31,15,15,15,15,14,16,24,16,47,68,0.0005,0.0034,0.0540,0.1346,0.0150,0.0080,7.1748,0.0395,0.0000,1.1326,0.0011,0.4649,0.1770,0.0022,0.0011,0.0000,0.0000,0.0006
1891,21.9981,0.0000,15.5231,8.7306,,true,0,0.008333,0.0000,0.0000,1.00,0.00,0.0000,22,1,335,361,0,0,100,5,17,17,0,0,45079,1415,0,0,880869376,0.000000,0.000000,0.000000,0.00,0,0,0,0,0,20,39,31,15,15,15,15,14,16,24,16,47,68,0.0008,0.0046,0.0608,0.0479,0.0055,0.0105,8.7306,0.0164,0.0000,1.3823,0.0005,0.6262,0.1766,0.0012,0.0007,0.0000,0.0000,0.0010
1892,22.0142,0.0000,13.6722,8.1775,,true,0,0.008333,0.0000,0.0000,1.00,0.00,0.0000,22,1,335,361,0,0,100,5,17,17,0,0,45079,1415,0,0,880869376,0.000000,0.000000,0.000000,0.00,0,0,0,0,0,20,39,31,15,15,15,15,14,16,24,16,47,68,0.0005,0.0027,0.0610,0.0792,0.0110,0.0084,8.1775,0.0290,0.0000,1.3955,0.0004,0.6093,0.2153,0.0015,0.0006,0.0000,0.0000,0.0007
1893,22.0334,0.0000,18.1367,10.5824,,true,0,0.008333,0.0000,0.0000,1.00,0.00,0.0000,22,1,335,361,0,0,100,5,17,17,0,0,45079,1415,0,0,880869376,0.000000,0.000000,0.000000,0.00,0,0,0,0,0,20,39,31,15,15,15,15,14,16,24,16,47,68,0.0007,0.0036,0.0488,0.0986,0.0113,0.0084,10.5824,0.0138,0.0000,1.4166,0.0007,0.6036,0.2080,0.0032,0.0009,0.0000,0.0000,0.0007
1894,22.0475,0.0000,17.0802,8.2160,,true,0,0.008333,0.0000,0.0000,1.00,0.00,0.0000,22,1,335,361,0,0,100,5,17,17,0,0,45079,1415,0,0,880869376,0.000000,0.000000,0.000000,0.00,0,0,0,0,0,20,39,31,15,15,15,15,14,16,24,16,47,68,0.0003,0.0013,0.0934,0.0360,0.0032,0.0029,8.2160,0.0259,0.0000,0.8313,0.0003,0.3188,0.1614,0.0016,0.0011,0.0000,0.0000,0.0003
1895,22.0668,0.0000,18.6006,10.8479,,true,0,0.008333,0.0000,0.0000,1.00,0.00,0.0000,22,1,335,361,0,0,100,5,17,17,0,0,45079,1415,0,0,880869376,0.000000,0.000000,0.000000,0.00,0,0,0,0,0,20,39,31,15,15,15,15,14,16,24,16,47,68,0.0004,0.0015,0.0823,0.0405,0.0047,0.0039,10.8479,0.0389,0.0000,1.3845,0.0009,0.5979,0.2521,0.0026,0.0009,0.0000,0.0000,0.0003
1896,22.0793,0.0000,17.4927,6.6737,,true,0,0.008333,0.0000,0.0000,1.00,0.00,0.0000,22,1,335,361,0,0,100,5,17,17,0,0,45079,1415,0,0,880869376,0.000000,0.000000,0.000000,0.00,0,0,0,0,0,20,39,31,15,15,15,15,14,16,24,16,47,68,0.0003,0.0018,0.0504,0.0348,0.0043,0.0046,6.6737,0.0257,0.0000,1.2033,0.0004,0.5628,0.1615,0.0009,0.0004,0.0000,0.0000,0.0003
1897,22.0985,0.0000,16.8032,9.2249,,true,0,0.008333,0.0000,0.0000,1.00,0.00,0.0000,22,1,335,361,0,0,100,5,17,17,0,0,45079,1415,0,0,880869376,0.000000,0.000000,0.000000,0.00,0,0,0,0,0,20,39,31,15,15,15,15,14,16,24,16,47,68,0.0002,0.0021,0.0468,0.0808,0.0110,0.0042,9.2249,0.0161,0.0000,1.3944,0.0005,0.5914,0.2595,0.0010,0.0006,0.0000,0.0000,0.0003
1898,22.1154,0.0000,9.7199,9.1167,,true,0,0.008333,0.0000,0.0000,1.00,0.00,0.0000,22,1,335,361,0,0,100,5,17,17,0,0,45079,1415,0,0,880869376,0.000000,0.000000,0.000000,0.00,0,0,0,0,0,20,39,31,15,15,15,15,14,16,24,16,47,68,0.0005,0.0036,0.0728,0.1157,0.0749,0.0116,9.1167,0.0295,0.0000,1.2186,0.0003,0.4756,0.2026,0.0019,0.0013,0.0000,0.0000,0.0010
1899,22.1283,0.0000,21.1868,5.7031,,true,0,0.008333,0.0000,0.0000,1.00,0.00,0.0000,22,1,335,361,0,0,100,5,17,17,0,0,45079,1415,0,0,880869376,0.000000,0.000000,0.000000,0.00,0,0,0,0,0,20,39,31,15,15,15,15,14,16,24,16,47,68,0.0003,0.0014,0.0312,0.0333,0.0042,0.0033,5.7031,0.0124,0.0000,0.8506,0.0007,0.3207,0.1683,0.0010,0.0010,0.0000,0.0000,0.0009
1900,22.1445,0.0000,17.5714,5.1995,,true,0,0.008333,0.0000,0.0000,1.00,0.00,0.0000,22,1,335,361,0,0,100,5,17,17,0,0,45079,1415,0,0,880869376,0.000000,0.000000,0.000000,0.00,0,0,0,0,0,20,39,31,15,15,15,15,14,16,24,16,47,68,0.0003,0.0012,0.0351,0.0410,0.0041,0.0031,5.1995,0.0134,0.0000,0.9154,0.0004,0.3983,0.1415,0.0009,0.0004,0.0000,0.0000,0.0004
1901,22.1616,0.0000,9.9420,5.4749,,true,0,0.008333,0.0000,0.0000,1.00,0.00,0.0000,22,1,335,361,0,0,100,5,17,17,0,0,45079,1415,0,0,880869376,0.000000,0.000000,0.000000,0.00,0,0,0,0,0,20,39,31,15,15,15,15,14,16,24,16,47,68,0.0006,0.0046,0.0434,0.0430,0.0041,0.0046,5.4749,0.0178,0.0000,0.8888,0.0004,0.3119,0.1115,0.0008,0.0007,0.0000,0.0000,0.0003
1902,22.1812,0.0000,16.0282,8.6456,,true,0,0.008333,0.0000,0.0000,1.00,0.00,0.0000,22,1,335,361,0,0,100,5,17,17,0,0,45079,1415,0,0,880869376,0.000000,0.000000,0.000000,0.00,0,0,0,0,0,20,39,31,15,15,15,15,14,16,24,16,47,68,0.0004,0.0011,0.0325,0.0499,0.0054,0.0035,8.6456,0.0075,0.0000,4.8269,0.0002,0.2833,0.0937,0.5268,0.0004,0.0000,0.0000,3.4392
1903,22.1961,0.0000,16.5467,6.7189,,true,0,0.008333,0.0000,0.0000,1.00,0.00,0.0000,22,1,335,361,0,0,100,5,17,17,0,0,45079,1415,0,0,880869376,0.000000,0.000000,0.000000,0.00,0,0,0,0,0,20,39,31,15,15,15,15,14,16,24,16,47,68,0.0003,0.0009,0.0305,0.0343,0.0036,0.0028,6.7189,0.0105,0.0000,0.7125,0.0002,0.2736,0.1003,0.0006,0.0003,0.0000,0.0000,0.0002
1904,22.2117,0.0000,19.2974,5.7603,,true,0,0.008333,0.0000,0.0000,1.00,0.00,0.0000,22,1,335,361,0,0,100,5,17,17,0,0,45079,1415,0,0,880869376,0.000000,0.000000,0.000000,0.00,0,0,0,0,0,20,39,31,15,15,15,15,14,16,24,16,47,68,0.0002,0.0013,0.0407,0.0391,0.0036,0.0030,5.7603,0.0133,0.0000,0.9569,0.0007,0.4064,0.1447,0.0009,0.0006,0.0000,0.0000,0.0004
1905,22.2276,0.0000,15.3991,4.9744,,true,0,0.008333,0.0000,0.0000,1.00,0.00,0.0000,22,1,335,361,0,0,100,5,17,17,0,0,45079,1415,0,0,880869376,0.000000,0.000000,0.000000,0.00,0,0,0,0,0,20,39,31,15,15,15,15,14,16,24,16,47,68,0.0001,0.0013,0.0368,0.0373,0.0055,0.0048,4.9744,0.0221,0.0000,1.0231,0.0005,0.4434,0.1736,0.0016,0.0009,0.0000,0.0000,0.0004
1906,22.2441,0.0000,14.9540,4.7929,,true,0,0.008333,0.0000,0.0000,1.00,0.00,0.0000,22,1,335,361,0,0,100,5,17,17,0,0,45079,1415,0,0,880869376,0.000000,0.000000,0.000000,0.00,0,0,0,0,0,20,39,31,15,15,15,15,14,16,24,16,47,68,0.0003,0.0017,0.0491,0.0373,0.0035,0.0036,4.7929,0.0126,0.0000,0.9538,0.0004,0.4171,0.1428,0.0013,0.0008,0.0000,0.0000,0.0004
1907,22.2618,0.0000,16.8173,5.7547,,true,0,0.008333,0.0000,0.0000,1.00,0.00,0.0000,22,1,335,361,0,0,100,5,17,17,0,0,45079,1415,0,0,880869376,0.000000,0.000000,0.000000,0.00,0,0,0,0,0,20,39,31,15,15,15,15,14,16,24,16,47,68,0.0006,0.0024,0.0576,0.0523,0.0106,0.0065,5.7547,0.0135,0.0000,1.0021,0.0003,0.4268,0.1537,0.0011,0.0006,0.0000,0.0000,0.0005
1908,22.2782,0.0000,16.0229,5.5045,,true,0,0.008333,0.0000,0.0000,1.00,0.00,0.0000,22,1,335,361,0,0,100,5,17,17,0,0,45079,1415,0,0,880869376,0.000000,0.000000,0.000000,0.00,0,0,0,0,0,20,39,31,15,15,15,15,14,16,24,16,47,68,0.0005,0.0011,0.0402,0.0549,0.0049,0.0044,5.5045,0.0113,0.0000,0.9542,0.0004,0.4216,0.1466,0.0011,0.0009,0.0000,0.0000,0.0004
1909,22.2944,0.0000,17.8567,4.9519,,true,0,0.008333,0.0000,0.0000,1.00,0.00,0.0000,22,1,335,361,0,0,100,5,17,17,0,0,45079,1415,0,0,880869376,0.000000,0.000000,0.000000,0.00,0,0,0,0,0,20,39,31,15,15,15,15,14,16,24,16,47,68,0.0003,0.0016,0.0384,0.0365,0.0040,0.0046,4.9519,0.0131,0.0000,0.9521,0.0008,0.4099,0.1608,0.0009,0.0007,0.0000,0.0000,0.0003
1910,22.3115,0.0000,16.0451,5.5058,,true,0,0.008333,0.0000,0.0000,1.00,0.00,0.0000,22,1,335,361,0,0,100,5,17,17,0,0,45079,1415,0,0,880869376,0.000000,0.000000,0.000000,0.00,0,0,0,0,0,20,39,31,15,15,15,15,14,16,24,16,47,68,0.0007,0.0023,0.0365,0.0571,0.0085,0.0054,5.5058,0.0145,0.0000,1.0296,0.0003,0.3281,0.1474,0.0007,0.0012,0.0000,0.0000,0.0005
1911,22.3275,0.0000,16.1747,4.7249,,true,0,0.008333,0.0000,0.0000,1.00,0.00,0.0000,22,1,335,361,0,0,100,5,17,17,0,0,45079,1415,0,0,880869376,0.000000,0.000000,0.000000,0.00,0,0,0,0,0,20,39,31,15,15,15,15,14,16,24,16,47,68,0.0002,0.0011,0.0388,0.0335,0.0036,0.0026,4.7249,0.0121,0.0000,0.6819,0.0003,0.2894,0.1163,0.0016,0.0006,0.0000,0.0000,0.0002
1912,22.3448,0.0000,17.8592,5.4000,,true,0,0.008333,0.0000,0.0000,1.00,0.00,0.0000,22,1,335,361,0,0,100,5,17,17,0,0,45079,1415,0,0,880869376,0.000000,0.000000,0.000000,0.00,0,0,0,0,0,20,39,31,15,15,15,15,14,16,24,16,47,68,0.0005,0.0015,0.0790,0.0477,0.0054,0.0042,5.4000,0.0203,0.0000,1.0316,0.0004,0.4410,0.1451,0.0010,0.0007,0.0000,0.0000,0.0006
1913,22.3616,0.0000,16.0734,5.6443,,true,0,0.008333,0.0000,0.0000,1.00,0.00,0.0000,22,1,335,361,0,0,100,5,17,17,0,0,45079,1415,0,0,880869376,0.000000,0.000000,0.000000,0.00,0,0,0,0,0,20,39,31,15,15,15,15,14,16,24,16,47,68,0.0003,0.0019,0.0792,0.0556,0.0047,0.0055,5.6443,0.0164,0.0000,1.0055,0.0005,0.4240,0.1600,0.0009,0.0007,0.0000,0.0000,0.0008
1914,22.3777,0.0000,16.6487,5.0477,,true,0,0.008333,0.0000,0.0000,1.00,0.00,0.0000,22,1,335,361,0,0,100,5,17,17,0,0,45079,1415,0,0,880869376,0.000000,0.000000,0.000000,0.00,0,0,0,0,0,20,39,31,15,15,15,15,14,16,24,16,47,68,0.0003,0.0014,0.0291,0.0367,0.0029,0.0045,5.0477,0.0125,0.0000,0.6909,0.0006,0.2921,0.1153,0.0011,0.0005,0.0000,0.0000,0.0003
1915,22.3943,0.0000,17.2572,4.9688,,true,0,0.008333,0.0000,0.0000,1.00,0.00,0.0000,22,1,335,361,0,0,100,5,17,17,0,0,45079,1415,0,0,880869376,0.000000,0.000000,0.000000,0.00,0,0,0,0,0,20,39,31,15,15,15,15,14,16,24,16,47,68,0.0001,0.0018,0.0712,0.0438,0.0059,0.0038,4.9688,0.0266,0.0000,0.7268,0.0004,0.2894,0.1242,0.0006,0.0008,0.0000,0.0000,0.0005
1916,22.4115,0.0000,16.1922,5.4240,,true,0,0.008333,0.0000,0.0000,1.00,0.00,0.0000,22,1,335,361,0,0,100,5,17,17,0,0,45079,1415,0,0,880869376,0.000000,0.000000,0.000000,0.00,0,0,0,0,0,20,39,31,15,15,15,15,14,16,24,16,47,68,0.0002,0.0019,0.0501,0.0469,0.0051,0.0041,5.4240,0.0218,0.0000,1.0958,0.0004,0.4930,0.1373,0.0026,0.0012,0.0000,0.0000,0.0004
1917,22.4291,0.0000,16.2233,6.4334,,true,0,0.008333,0.0000,0.0000,1.00,0.00,0.0000,22,1,335,361,0,0,100,5,17,17,0,0,45079,1415,0,0,880869376,0.000000,0.000000,0.000000,0.00,0,0,0,0,0,20,39,31,15,15,15,15,14,16,24,16,47,68,0.0002,0.0013,0.0540,0.0497,0.0049,0.0050,6.4334,0.0260,0.0000,1.3443,0.0007,0.5734,0.2371,0.0019,0.0008,0.0000,0.0000,0.0006
1918,22.4452,0.0000,16.8791,5.6872,,true,0,0.008333,0.0000,0.0000,1.00,0.00,0.0000,22,1,335,361,0,0,100,5,17,17,0,0,45079,1415,0,0,880869376,0.000000,0.000000,0.000000,0.00,0,0,0,0,0,20,39,31,15,15,15,15,14,16,24,16,47,68,0.0003,0.0012,0.0401,0.0377,0.0044,0.0027,5.6872,0.0124,0.0000,1.0326,0.0004,0.4041,0.1533,0.0015,0.0006,0.0000,0.0000,0.0003
1919,22.4619,0.0000,18.3730,5.8892,,true,0,0.008333,0.0000,0.0000,1.00,0.00,0.0000,22,1,335,361,0,0,100,5,17,17,0,0,45079,1415,0,0,880869376,0.000000,0.000000,0.000000,0.00,0,0,0,0,0,20,39,31,15,15,15,15,14,16,24,16,47,68,0.0006,0.0013,0.0410,0.0391,0.0067,0.0035,5.8892,0.0162,0.0000,0.9952,0.0003,0.4468,0.1394,0.0007,0.0005,0.0000,0.0000,0.0004
1920,22.4782,0.0000,15.9265,5.3107,,true,0,0.008333,0.0000,0.0000,1.00,0.00,0.0000,22,1,335,361,0,0,100,5,17,17,0,0,45079,1415,0,0,880869376,0.000000,0.000000,0.000000,0.00,0,0,0,0,0,20,39,31,15,15,15,15,14,16,24,16,47,68,0.0003,0.0013,0.0436,0.0393,0.0058,0.0027,5.3107,0.0131,0.0000,0.9481,0.0006,0.4296,0.1413,0.0009,0.0006,0.0000,0.0000,0.0004
1921,22.4951,0.0000,16.0318,5.7632,,true,0,0.008333,0.0000,0.0000,1.00,0.00,0.0000,22,1,335,361,0,0,100,5,17,17,0,0,45079,1415,0,0,880869376,0.000000,0.000000,0.000000,0.00,0,0,0,0,0,20,39,31,15,15,15,15,14,16,24,16,47,68,0.0002,0.0014,0.0374,0.0474,0.0041,0.0043,5.7632,0.0142,0.0000,1.3028,0.0003,0.5536,0.1939,0.0018,0.0012,0.0000,0.0000,0.0008
1922,22.5115,0.0000,16.5564,5.4777,,true,0,0.008333,0.0000,0.0000,1.00,0.00,0.0000,22,1,335,361,0,0,100,5,17,17,0,0,45079,1415,0,0,880869376,0.000000,0.000000,0.000000,0.00,0,0,0,0,0,20,39,31,15,15,15,15,14,16,24,16,47,68,0.0002,0.0011,0.0368,0.0357,0.0034,0.0025,5.4777,0.0124,0.0000,0.8993,0.0003,0.4050,0.1362,0.0008,0.0006,0.0000,0.0000,0.0003
1923,22.5278,0.0000,17.9300,5.1393,,true,0,0.008333,0.0000,0.0000,1.00,0.00,0.0000,22,1,335,361,0,0,100,5,17,17,0,0,45079,1415,0,0,880869376,0.000000,0.000000,0.000000,0.00,0,0,0,0,0,20,39,31,15,15,15,15,14,16,24,16,47,68,0.0002,0.0019,0.0317,0.0437,0.0056,0.0044,5.1393,0.0168,0.0000,0.9717,0.0006,0.4000,0.1679,0.0011,0.0007,0.0000,0.0000,0.0006
1924,22.5439,0.0000,14.6546,4.5729,,true,0,0.008333,0.0000,0.0000,1.00,0.00,0.0000,22,1,335,361,0,0,100,5,17,17,0,0,45079,1415,0,0,880869376,0.000000,0.000000,0.000000,0.00,0,0,0,0,0,20,39,31,15,15,15,15,14,16,24,16,47,68,0.0004,0.0009,0.0372,0.0408,0.0054,0.0035,4.5729,0.0125,0.0000,1.0730,0.0004,0.4255,0.2110,0.0013,0.0006,0.0000,0.0000,0.0010
1925,22.5610,0.0000,16.9348,4.9648,,true,0,0.008333,0.0000,0.0000,1.00,0.00,0.0000,22,1,335,361,0,0,100,5,17,17,0,0,45079,1415,0,0,880869376,0.000000,0.000000,0.000000,0.00,0,0,0,0,0,20,39,31,15,15,15,15,14,16,24,16,47,68,0.0004,0.0018,0.0411,0.0732,0.0112,0.0052,4.9648,0.0157,0.0000,0.9416,0.0002,0.3165,0.1213,0.0010,0.0009,0.0000,0.0000,0.0003
1926,22.5779,0.0000,15.8981,5.2908,,true,0,0.008333,0.0000,0.0000,1.00,0.00,0.0000,22,1,335,361,0,0,100,5,17,17,0,0,45079,1415,0,0,880869376,0.000000,0.000000,0.000000,0.00,0,0,0,0,0,20,39,31,15,15,15,15,14,16,24,16,47,68,0.0002,0.0023,0.0347,0.0491,0.0052,0.0075,5.2908,0.0083,0.0000,0.9194,0.0002,0.3997,0.1438,0.0007,0.0004,0.0000,0.0000,0.0007
1927,22.5953,0.0000,16.7014,5.8828,,true,0,0.008333,0.0000,0.0000,1.00,0.00,0.0000,22,1,335,361,0,0,100,5,17,17,0,0,45079,1415,0,0,880869376,0.000000,0.000000,0.000000,0.00,0,0,0,0,0,20,39,31,15,15,15,15,14,16,24,16,47,68,0.0004,0.0028,0.0506,0.0795,0.0088,0.0068,5.8828,0.0143,0.0000,1.2759,0.0004,0.5363,0.1896,0.0038,0.0008,0.0000,0.0000,0.0004
1928,22.6110,0.0000,17.1781,5.0207,,true,0,0.008333,0.0000,0.0000,1.00,0.00,0.0000,22,1,335,361,0,0,100,5,17,17,0,0,45079,1415,0,0,880869376,0.000000,0.000000,0.000000,0.00,0,0,0,0,0,20,39,31,15,15,15,15,14,16,24,16,47,68,0.0002,0.0009,0.0337,0.0411,0.0039,0.0037,5.0207,0.0157,0.0000,1.1142,0.0003,0.5219,0.1087,0.0008,0.0005,0.0000,0.0000,0.0006
1929,22.6282,0.0000,17.9985,5.5731,,true,0,0.008333,0.0000,0.0000,1.00,0.00,0.0000,22,1,335,361,0,0,100,5,17,17,0,0,45079,1415,0,0,880869376,0.000000,0.000000,0.000000,0.00,0,0,0,0,0,20,39,31,15,15,15,15,14,16,24,16,47,68,0.0003,0.0012,0.0644,0.0522,0.0054,0.0027,5.5731,0.0153,0.0000,1.1988,0.0005,0.5732,0.1296,0.0011,0.0007,0.0000,0.0000,0.0009
1930,22.6445,0.0000,15.5462,5.1150,,true,0,0.008333,0.0000,0.0000,1.00,0.00,0.0000,22,1,335,361,0,0,100,5,17,17,0,0,45079,1415,0,0,880869376,0.000000,0.000000,0.000000,0.00,0,0,0,0,0,20,39,31,15,15,15,15,14,16,24,16,47,68,0.0003,0.0012,0.0438,0.0393,0.0041,0.0024,5.1150,0.0135,0.0000,0.9035,0.0003,0.3908,0.1386,0.0009,0.0005,0.0000,0.0000,0.0003
1931,22.6612,0.0000,17.5989,5.1979,,true,0,0.008333,0.0000,0.0000,1.00,0.00,0.0000,22,1,335,361,0,0,100,5,17,17,0,0,45079,1415,0,0,880869376,0.000000,0.000000,0.000000,0.00,0,0,0,0,0,20,39,31,15,15,15,15,14,16,24,16,47,68,0.0004,0.0014,0.0268,0.0492,0.0057,0.0034,5.1979,0.0119,0.0000,1.0762,0.0006,0.4562,0.1151,0.0020,0.0008,0.0000,0.0000,0.0005
1932,22.6780,0.0000,15.4068,5.3735,,true,0,0.008333,0.0000,0.0000,1.00,0.00,0.0000,22,1,335,361,0,0,100,5,17,17,0,0,45079,1415,0,0,880869376,0.000000,0.000000,0.000000,0.00,0,0,0,0,0,20,39,31,15,15,15,15,14,16,24,16,47,68,0.0004,0.0013,0.0593,0.0438,0.0056,0.0053,5.3735,0.0165,0.0000,0.9599,0.0004,0.4251,0.1418,0.0018,0.0004,0.0000,0.0000,0.0009
1933,22.6943,0.0000,17.1565,5.0212,,true,0,0.008333,0.0000,0.0000,1.00,0.00,0.0000,22,1,335,361,0,0,100,5,17,17,0,0,45079,1415,0,0,880869376,0.000000,0.000000,0.000000,0.00,0,0,0,0,0,20,39,31,15,15,15,15,14,16,24,16,47,68,0.0002,0.0016,0.0422,0.0513,0.0047,0.0045,5.0212,0.0134,0.0000,1.0906,0.0004,0.4169,0.1901,0.0019,0.0010,0.0000,0.0000,0.0007
1934,22.7114,0.0000,16.5907,5.3394,,true,0,0.008333,0.0000,0.0000,1.00,0.00,0.0000,22,1,335,361,0,0,100,5,17,17,0,0,45079,1415,0,0,880869376,0.000000,0.000000,0.000000,0.00,0,0,0,0,0,20,39,31,15,15,15,15,14,16,24,16,47,68,0.0003,0.0016,0.0469,0.0499,0.0046,0.0038,5.3394,0.0120,0.0000,0.9530,0.0003,0.4095,0.1444,0.0011,0.0004,0.0000,0.0000,0.0005
1935,22.7278,0.0000,16.1213,5.1843,,true,0,0.008333,0.0000,0.0000,1.00,0.00,0.0000,22,1,335,361,0,0,100,5,17,17,0,0,45079,1415,0,0,880869376,0.000000,0.000000,0.000000,0.00,0,0,0,0,0,20,39,31,15,15,15,15,14,16,24,16,47,68,0.0003,0.0011,0.0728,0.0450,0.0037,0.0037,5.1843,0.0143,0.0000,0.8125,0.0004,0.2878,0.1261,0.0007,0.0002,0.0000,0.0000,0.0002
1936,22.7451,0.0000,17.1039,5.7120,,true,0,0.008333,0.0000,0.0000,1.00,0.00,0.0000,22,1,335,361,0,0,100,5,17,17,0,0,45079,1415,0,0,880869376,0.000000,0.000000,0.000000,0.00,0,0,0,0,0,20,39,31,15,15,15,15,14,16,24,16,47,68,0.0002,0.0018,0.0399,0.0379,0.0046,0.0031,5.7120,0.0121,0.0000,0.9343,0.0005,0.3999,0.1434,0.0009,0.0005,0.0000,0.0000,0.0004
1937,22.7617,0.0000,16.5438,5.6744,,true,0,0.008333,0.0000,0.0000,1.00,0.00,0.0000,22,1,335,361,0,0,100,5,17,17,0,0,45079,1415,0,0,880869376,0.000000,0.000000,0.000000,0.00,0,0,0,0,0,20,39,31,15,15,15,15,14,16,24,16,47,68,0.0002,0.0012,0.0460,0.0440,0.0047,0.0033,5.6744,0.0109,0.0000,0.8968,0.0003,0.3942,0.1318,0.0007,0.0006,0.0000,0.0000,0.0003
1938,22.7780,0.0000,18.4302,5.3030,,true,0,0.008333,0.0000,0.0000,1.00,0.00,0.0000,22,1,335,361,0,0,100,5,17,17,0,0,45079,1415,0,0,880869376,0.000000,0.000000,0.000000,0.00,0,0,0,0,0,20,39,31,15,15,15,15,14,16,24,16,47,68,0.0005,0.0013,0.0319,0.0358,0.0045,0.0027,5.3030,0.0085,0.0000,0.7059,0.0002,0.2777,0.1084,0.0005,0.0007,0.0000,0.0000,0.0002
1939,22.7958,0.0000,16.0872,6.4720,,true,0,0.008333,0.0000,0.0000,1.00,0.00,0.0000,22,1,335,361,0,0,100,5,17,17,0,0,45079,1415,0,0,880869376,0.000000,0.000000,0.000000,0.00,0,0,0,0,0,20,39,31,15,15,15,15,14,16,24,16,47,68,0.0003,0.0012,0.0493,0.0392,0.0045,0.0022,6.4720,0.0193,0.0000,0.8424,0.0003,0.3832,0.1426,0.0012,0.0005,0.0000,0.0000,0.0002
1940,22.8127,0.0000,16.1234,6.4726,,true,0,0.008333,0.0000,0.0000,1.00,0.00,0.0000,22,1,335,361,0,0,100,5,17,17,0,0,45079,1415,0,0,880869376,0.000000,0.000000,0.000000,0.00,0,0,0,0,0,20,39,31,15,15,15,15,14,16,24,16,47,68,0.0002,0.0025,0.0483,0.0583,0.0061,0.0035,6.4726,0.0141,0.0000,1.2970,0.0011,0.5892,0.1885,0.0017,0.0015,0.0000,0.0000,0.0003
1941,22.8280,0.0000,18.2193,5.3799,,true,0,0.008333,0.0000,0.0000,1.00,0.00,0.0000,22,1,335,361,0,0,100,5,17,17,0,0,45079,1415,0,0,880869376,0.000000,0.000000,0.000000,0.00,0,0,0,0,0,20,39,31,15,15,15,15,14,16,24,16,47,68,0.0004,0.0012,0.0381,0.0633,0.0111,0.0025,5.3799,0.0104,0.0000,0.8969,0.0003,0.3957,0.1306,0.0007,0.0005,0.0000,0.0000,0.0003
1942,22.8459,0.0000,18.2586,6.4709,,true,0,0.008333,0.0000,0.0000,1.00,0.00,0.0000,22,1,335,361,0,0,100,5,17,17,0,0,45079,1415,0,0,880869376,0.000000,0.000000,0.000000,0.00,0,0,0,0,0,20,39,31,15,15,15,15,14,16,24,16,47,68,0.0003,0.0041,0.0494,0.0645,0.0115,0.0091,6.4709,0.0134,0.0000,1.4347,0.0007,0.6205,0.2271,0.0016,0.0010,0.0000,0.0000,0.0003
1943,22.8637,0.0000,18.2477,7.5919,,true,0,0.008333,0.0000,0.0000,1.00,0.00,0.0000,22,1,335,361,0,0,100,5,17,17,0,0,45079,1415,0,0,880869376,0.000000,0.000000,0.000000,0.00,0,0,0,0,0,20,39,31,15,15,15,15,14,16,24,16,47,68,0.0003,0.0022,0.0387,0.0657,0.0066,0.0051,7.5919,0.0103,0.0000,0.9160,0.0002,0.3789,0.1347,0.0006,0.0005,0.0000,0.0000,0.0003
1944,22.8792,0.0000,15.6964,6.3878,,true,0,0.008333,0.0000,0.0000,1.00,0.00,0.0000,22,1,335,361,0,0,100,5,17,17,0,0,45079,1415,0,0,880869376,0.000000,0.000000,0.000000,0.00,0,0,0,0,0,20,39,31,15,15,15,15,14,16,24,16,47,68,0.0003,0.0016,0.0393,0.0398,0.0047,0.0028,6.3878,0.0157,0.0000,0.9378,0.0003,0.4350,0.1325,0.0008,0.0007,0.0000,0.0000,0.0003
1945,22.8943,0.0000,16.2315,4.9973,,true,0,0.008333,0.0000,0.0000,1.00,0.00,0.0000,22,1,335,361,0,0,100,5,17,17,0,0,45079,1415,0,0,880869376,0.000000,0.000000,0.000000,0.00,0,0,0,0,0,20,39,31,15,15,15,15,14,16,24,16,47,68,0.0002,0.0014,0.0419,0.0372,0.0037,0.0027,4.9973,0.0142,0.0000,0.9072,0.0003,0.3849,0.1410,0.0014,0.0004,0.0000,0.0000,0.0003
1946,22.9104,0.0000,14.4916,4.3725,,true,0,0.008333,0.0000,0.0000,1.00,0.00,0.0000,22,1,335,361,0,0,100,5,17,17,0,0,45079,1415,0,0,880869376,0.000000,0.000000,0.000000,0.00,0,0,0,0,0,20,39,31,15,15,15,15,14,16,24,16,47,68,0.0002,0.0019,0.0321,0.0355,0.0047,0.0058,4.3725,0.0099,0.0000,1.0260,0.0002,0.4298,0.1073,0.0006,0.0006,0.0000,0.0000,0.0004
1947,22.9266,0.0000,14.2842,3.9640,,true,0,0.008333,0.0000,0.0000,1.00,0.00,0.0000,22,1,335,361,0,0,100,5,17,17,0,0,45079,1415,0,0,880869376,0.000000,0.000000,0.000000,0.00,0,0,0,0,0,20,39,31,15,15,15,15,14,16,24,16,47,68,0.0002,0.0016,0.0302,0.0418,0.0059,0.0048,3.9640,0.0125,0.0000,0.7596,0.0004,0.2976,0.1206,0.0015,0.0001,0.0000,0.0000,0.0003
1948,22.9489,0.0000,15.6544,9.4697,,true,0,0.008333,0.0000,0.0000,1.00,0.00,0.0000,22,1,335,361,0,0,100,5,17,17,0,0,45079,1415,0,0,880869376,0.000000,0.000000,0.000000,0.00,0,0,0,0,0,20,39,31,15,15,15,15,14,16,24,16,47,68,0.0003,0.0013,0.0306,0.0424,0.0043,0.0040,9.4697,0.0200,0.0000,5.4372,0.0003,0.2848,0.0899,0.5479,0.0005,0.0000,0.0000,4.1420
1949,22.9620,0.0000,17.4519,5.8637,,true,0,0.008333,0.0000,0.0000,1.00,0.00,0.0000,22,1,335,361,0,0,100,5,17,17,0,0,45079,1415,0,0,880869376,0.000000,0.000000,0.000000,0.00,0,0,0,0,0,20,39,31,15,15,15,15,14,16,24,16,47,68,0.0013,0.0022,0.0410,0.0624,0.0081,0.0076,5.8637,0.0219,0.0000,0.9918,0.0007,0.4174,0.1590,0.0019,0.0003,0.0000,0.0000,0.0003
1950,22.9792,0.0000,22.4847,6.5849,,true,0,0.008333,0.0000,0.0000,1.00,0.00,0.0000,22,1,335,361,0,0,100,5,17,17,0,0,45079,1415,0,0,880869376,0.000000,0.000000,0.000000,0.00,0,0,0,0,0,20,39,31,15,15,15,15,14,16,24,16,47,68,0.0002,0.0022,0.0522,0.0534,0.0057,0.0044,6.5849,0.0142,0.0000,1.3194,0.0005,0.6204,0.1838,0.0014,0.0005,0.0000,0.0000,0.0004
1951,22.9948,0.0000,13.7801,5.5085,,true,0,0.008333,0.0000,0.0000,1.00,0.00,0.0000,22,1,335,361,0,0,100,5,17,17,0,0,45079,1415,0,0,880869376,0.000000,0.000000,0.000000,0.00,0,0,0,0,0,20,39,31,15,15,15,15,14,16,24,16,47,68,0.0003,0.0019,0.0474,0.0418,0.0041,0.0029,5.5085,0.0167,0.0000,0.9249,0.0005,0.3940,0.1430,0.0016,0.0014,0.0000,0.0000,0.0004
1952,23.0119,0.0000,16.0796,6.0079,,true,0,0.008333,0.0000,0.0000,1.00,0.00,0.0000,22,1,335,361,0,0,100,5,17,17,0,0,45079,1415,0,0,880869376,0.000000,0.000000,0.000000,0.00,0,0,0,0,0,20,39,31,15,15,15,15,14,16,24,16,47,68,0.0004,0.0013,0.0404,0.0373,0.0039,0.0031,6.0079,0.0130,0.0000,1.1622,0.0004,0.5451,0.1305,0.0011,0.0008,0.0000,0.0000,0.0003
1953,23.0279,0.0000,15.7055,5.1675,,true,0,0.008333,0.0000,0.0000,1.00,0.00,0.0000,22,1,335,361,0,0,100,5,17,17,0,0,45079,1415,0,0,880869376,0.000000,0.000000,0.000000,0.00,0,0,0,0,0,20,39,31,15,15,15,15,14,16,24,16,47,68,0.0003,0.0013,0.0545,0.0408,0.0048,0.0040,5.1675,0.0245,0.0000,0.9826,0.0003,0.4058,0.1971,0.0018,0.0004,0.0000,0.0000,0.0003
1954,23.0446,0.0000,16.6473,5.2981,,true,0,0.008333,0.0000,0.0000,1.00,0.00,0.0000,22,1,335,361,0,0,100,5,17,17,0,0,45079,1415,0,0,880869376,0.000000,0.000000,0.000000,0.00,0,0,0,0,0,20,39,31,15,15,15,15,14,16,24,16,47,68,0.0002,0.0012,0.0334,0.0604,0.0069,0.0029,5.2981,0.0098,0.0000,0.8834,0.0004,0.3853,0.1314,0.0007,0.0004,0.0000,0.0000,0.0005
1955,23.0615,0.0000,16.7671,5.5208,,true,0,0.008333,0.0000,0.0000,1.00,0.00,0.0000,22,1,335,361,0,0,100,5,17,17,0,0,45079,1415,0,0,880869376,0.000000,0.000000,0.000000,0.00,0,0,0,0,0,20,39,31,15,15,15,15,14,16,24,16,47,68,0.0005,0.0013,0.0447,0.0523,0.0048,0.0047,5.5208,0.0140,0.0000,0.9805,0.0005,0.3919,0.1759,0.0012,0.0006,0.0000,0.0000,0.0005
1956,23.0783,0.0000,16.2869,5.5200,,true,0,0.008333,0.0000,0.0000,1.00,0.00,0.0000,22,1,335,361,0,0,100,5,17,17,0,0,45079,1415,0,0,880869376,0.000000,0.000000,0.000000,0.00,0,0,0,0,0,20,39,31,15,15,15,15,14,16,24,16,47,68,0.0003,0.0010,0.0509,0.0468,0.0062,0.0036,5.5200,0.0203,0.0000,0.9668,0.0006,0.4090,0.1442,0.0010,0.0008,0.0000,0.0000,0.0003
1957,23.0952,0.0000,17.0710,5.8971,,true,0,0.008333,0.0000,0.0000,1.00,0.00,0.0000,22,1,335,361,0,0,100,5,17,17,0,0,45079,1415,0,0,880869376,0.000000,0.000000,0.000000,0.00,0,0,0,0,0,20,39,31,15,15,15,15,14,16,24,16,47,68,0.0004,0.0015,0.0432,0.0416,0.0043,0.0051,5.8971,0.0143,0.0000,0.9713,0.0008,0.3940,0.1721,0.0016,0.0009,0.0000,0.0000,0.0003
1958,23.1118,0.0000,16.2928,5.7849,,true,0,0.008333,0.0000,0.0000,1.00,0.00,0.0000,22,1,335,361,0,0,100,5,17,17,0,0,45079,1415,0,0,880869376,0.000000,0.000000,0.000000,0.00,0,0,0,0,0,20,39,31,15,15,15,15,14,16,24,16,47,68,0.0002,0.0012,0.0466,0.0415,0.0046,0.0030,5.7849,0.0194,0.0000,0.9178,0.0013,0.4020,0.1365,0.0006,0.0005,0.0000,0.0000,0.0004
1959,23.1282,0.0000,18.2673,5.5263,,true,0,0.008333,0.0000,0.0000,1.00,0.00,0.0000,22,1,335,361,0,0,100,5,17,17,0,0,45079,1415,0,0,880869376,0.000000,0.000000,0.000000,0.00,0,0,0,0,0,20,39,31,15,15,15,15,14,16,24,16,47,68,0.0005,0.0014,0.0658,0.0356,0.0040,0.0041,5.5263,0.0170,0.0000,0.9195,0.0004,0.4495,0.1088,0.0018,0.0009,0.0000,0.0000,0.0002
1960,23.1452,0.0000,15.7027,5.8546,,true,0,0.008333,0.0000,0.0000,1.00,0.00,0.0000,22,1,335,361,0,0,100,5,17,17,0,0,45079,1415,0,0,880869376,0.000000,0.000000,0.000000,0.00,0,0,0,0,0,20,39,31,15,15,15,15,14,16,24,16,47,68,0.0002,0.0022,0.0399,0.0537,0.0053,0.0039,5.8546,0.0119,0.0000,1.0054,0.0003,0.4331,0.1439,0.0007,0.0005,0.0000,0.0000,0.0003
1961,23.1623,0.0000,16.6147,6.3527,,true,0,0.008333,0.0000,0.0000,1.00,0.00,0.0000,22,1,335,361,0,0,100,5,17,17,0,0,45079,1415,0,0,880869376,0.000000,0.000000,0.000000,0.00,0,0,0,0,0,20,39,31,15,15,15,15,14,16,24,16,47,68,0.0003,0.0012,0.0385,0.0388,0.0034,0.0027,6.3527,0.0127,0.0000,1.0496,0.0003,0.4330,0.1266,0.0007,0.0012,0.0000,0.0000,0.0003
1962,23.1773,0.0000,16.9356,4.6706,,true,0,0.008333,0.0000,0.0000,1.00,0.00,0.0000,22,1,335,361,0,0,100,5,17,17,0,0,45079,1415,0,0,880869376,0.000000,0.000000,0.000000,0.00,0,0,0,0,0,20,39,31,15,15,15,15,14,16,24,16,47,68,0.0002,0.0012,0.0286,0.0404,0.0037,0.0030,4.6706,0.0080,0.0000,0.6818,0.0008,0.2892,0.1137,0.0010,0.0007,0.0000,0.0000,0.0002
1963,23.1980,0.0000,18.1677,8.5347,,true,0,0.008333,0.0000,0.0000,1.00,0.00,0.0000,22,1,335,361,0,0,100,5,17,17,0,0,45079,1415,0,0,880869376,0.000000,0.000000,0.000000,0.00,0,0,0,0,0,20,39,31,15,15,15,15,14,16,24,16,47,68,0.0016,0.0050,0.0474,0.1071,0.0124,0.0145,8.5347,0.0307,0.0000,1.2770,0.0006,0.4928,0.2602,0.0036,0.0019,0.0000,0.0000,0.0008
1964,23.2116,0.0000,14.2156,5.5743,,true,0,0.008333,0.0000,0.0000,1.00,0.00,0.0000,22,1,335,361,0,0,100,5,17,17,0,0,45079,1415,0,0,880869376,0.000000,0.000000,0.000000,0.00,0,0,0,0,0,20,39,31,15,15,15,15,14,16,24,16,47,68,0.0004,0.0012,0.0300,0.1149,0.0096,0.0029,5.5743,0.0095,0.0000,0.8627,0.0003,0.2801,0.0953,0.0005,0.0003,0.0000,0.0000,0.0003
1965,23.2278,0.0000,20.3856,5.1983,,true,0,0.008333,0.0000,0.0000,1.00,0.00,0.0000,22,1,335,361,0,0,100,5,17,17,0,0,45079,1415,0,0,880869376,0.000000,0.000000,0.000000,0.00,0,0,0,0,0,20,39,31,15,15,15,15,14,16,24,16,47,68,0.0002,0.0019,0.0427,0.0403,0.0038,0.0039,5.1983,0.0134,0.0000,0.6913,0.0004,0.2876,0.1259,0.0008,0.0003,0.0000,0.0000,0.0002
1966,23.2447,0.0000,14.1367,5.2710,,true,0,0.008333,0.0000,0.0000,1.00,0.00,0.0000,22,1,335,361,0,0,100,5,17,17,0,0,45079,1415,0,0,880869376,0.000000,0.000000,0.000000,0.00,0,0,0,0,0,20,39,31,15,15,15,15,14,16,24,16,47,68,0.0002,0.0012,0.0496,0.0479,0.0041,0.0030,5.2710,0.0139,0.0000,0.9278,0.0003,0.4012,0.1380,0.0008,0.0011,0.0000,0.0000,0.0005
1967,23.2616,0.0000,15.2495,5.6177,,true,0,0.008333,0.0000,0.0000,1.00,0.00,0.0000,22,1,335,361,0,0,100,5,17,17,0,0,45079,1415,0,0,880869376,0.000000,0.000000,0.000000,0.00,0,0,0,0,0,20,39,31,15,15,15,15,14,16,24,16,47,68,0.0003,0.0015,0.0476,0.0452,0.0047,0.0035,5.6177,0.0253,0.0000,1.0613,0.0006,0.4246,0.1795,0.0013,0.0008,0.0000,0.0000,0.0005
1968,23.2793,0.0000,16.7164,6.6628,,true,0,0.008333,0.0000,0.0000,1.00,0.00,0.0000,22,1,335,361,0,0,100,5,17,17,0,0,45079,1415,0,0,880869376,0.000000,0.000000,0.000000,0.00,0,0,0,0,0,20,39,31,15,15,15,15,14,16,24,16,47,68,0.0004,0.0015,0.0514,0.0512,0.0053,0.0030,6.6628,0.0248,0.0000,1.0715,0.0005,0.4653,0.1660,0.0014,0.0010,0.0000,0.0000,0.0004
1969,23.2956,0.0000,17.1123,6.2824,,true,0,0.008333,0.0000,0.0000,1.00,0.00,0.0000,22,1,335,361,0,0,100,5,17,17,0,0,45079,1415,0,0,880869376,0.000000,0.000000,0.000000,0.00,0,0,0,0,0,20,39,31,15,15,15,15,14,16,24,16,47,68,0.0002,0.0015,0.0544,0.0435,0.0034,0.0025,6.2824,0.0135,0.0000,1.0058,0.0003,0.4519,0.1703,0.0012,0.0005,0.0000,0.0000,0.0003
1970,23.3113,0.0000,18.8333,5.3830,,true,0,0.008333,0.0000,0.0000,1.00,0.00,0.0000,22,1,335,361,0,0,100,5,17,17,0,0,45079,1415,0,0,880869376,0.000000,0.000000,0.000000,0.00,0,0,0,0,0,20,39,31,15,15,15,15,14,16,24,16,47,68,0.0002,0.0010,0.0276,0.0371,0.0048,0.0047,5.3830,0.0107,0.0000,1.0833,0.0004,0.5228,0.1057,0.0006,0.0001,0.0000,0.0000,0.0005
1971,23.3279,0.0000,14.5678,5.1635,,true,0,0.008333,0.0000,0.0000,1.00,0.00,0.0000,22,1,335,361,0,0,100,5,17,17,0,0,45079,1415,0,0,880869376,0.000000,0.000000,0.000000,0.00,0,0,0,0,0,20,39,31,15,15,15,15,14,16,24,16,47,68,0.0003,0.0014,0.0317,0.0450,0.0056,0.0040,5.1635,0.0130,0.0000,0.6919,0.0003,0.2804,0.1212,0.0014,0.0001,0.0000,0.0000,0.0003
1972,23.3447,0.0000,16.1571,5.3197,,true,0,0.008333,0.0000,0.0000,1.00,0.00,0.0000,22,1,335,361,0,0,100,5,17,17,0,0,45079,1415,0,0,880869376,0.000000,0.000000,0.000000,0.00,0,0,0,0,0,20,39,31,15,15,15,15,14,16,24,16,47,68,0.0003,0.0013,0.0338,0.0452,0.0059,0.0033,5.3197,0.0098,0.0000,0.8341,0.0004,0.3009,0.1271,0.0011,0.0001,0.0000,0.0000,0.0006
1973,23.3614,0.0000,16.2654,5.3986,,true,0,0.008333,0.0000,0.0000,1.00,0.00,0.0000,22,1,335,361,0,0,100,5,17,17,0,0,45079,1415,0,0,880869376,0.000000,0.000000,0.000000,0.00,0,0,0,0,0,20,39,31,15,15,15,15,14,16,24,16,47,68,0.0003,0.0011,0.0386,0.0431,0.0041,0.0032,5.3986,0.0133,0.0000,0.9335,0.0003,0.4136,0.1441,0.0009,0.0010,0.0000,0.0000,0.0004
1974,23.3789,0.0000,17.4986,6.1539,,true,0,0.008333,0.0000,0.0000,1.00,0.00,0.0000,22,1,335,361,0,0,100,5,17,17,0,0,45079,1415,0,0,880869376,0.000000,0.000000,0.000000,0.00,0,0,0,0,0,20,39,31,15,15,15,15,14,16,24,16,47,68,0.0004,0.0017,0.0572,0.0439,0.0048,0.0045,6.1539,0.0212,0.0000,1.0518,0.0006,0.4417,0.2067,0.0012,0.0006,0.0000,0.0000,0.0005
1975,23.3957,0.0000,16.5660,6.1812,,true,0,0.008333,0.0000,0.0000,1.00,0.00,0.0000,22,1,335,361,0,0,100,5,17,17,0,0,45079,1415,0,0,880869376,0.000000,0.000000,0.000000,0.00,0,0,0,0,0,20,39,31,15,15,15,15,14,16,24,16,47,68,0.0003,0.0015,0.0442,0.0549,0.0039,0.0044,6.1812,0.0120,0.0000,1.0252,0.0004,0.3995,0.1910,0.0026,0.0011,0.0000,0.0000,0.0004
1976,23.4119,0.0000,19.7077,5.8278,,true,0,0.008333,0.0000,0.0000,1.00,0.00,0.0000,22,1,335,361,0,0,100,5,17,17,0,0,45079,1415,0,0,880869376,0.000000,0.000000,0.000000,0.00,0,0,0,0,0,20,39,31,15,15,15,15,14,16,24,16,47,68,0.0002,0.0013,0.0411,0.0451,0.0047,0.0035,5.8278,0.0112,0.0000,0.9158,0.0002,0.3886,0.1339,0.0007,0.0004,0.0000,0.0000,0.0003
1977,23.4283,0.0000,16.1240,5.6691,,true,0,0.008333,0.0000,0.0000,1.00,0.00,0.0000,22,1,335,361,0,0,100,5,17,17,0,0,45079,1415,0,0,880869376,0.000000,0.000000,0.000000,0.00,0,0,0,0,0,20,39,31,15,15,15,15,14,16,24,16,47,68,0.0004,0.0016,0.0494,0.0300,0.0030,0.0022,5.6691,0.0172,0.0000,1.0093,0.0005,0.5103,0.1820,0.0016,0.0006,0.0000,0.0000,0.0002
1978,23.4449,0.0000,14.9441,5.3283,,true,0,0.008333,0.0000,0.0000,1.00,0.00,0.0000,22,1,335,361,0,0,100,5,17,17,0,0,45079,1415,0,0,880869376,0.000000,0.000000,0.000000,0.00,0,0,0,0,0,20,39,31,15,15,15,15,14,16,24,16,47,68,0.0002,0.0011,0.0414,0.0420,0.0043,0.0028,5.3283,0.0130,0.0000,0.9709,0.0004,0.4310,0.1480,0.0009,0.0006,0.0000,0.0000,0.0005
1979,23.4613,0.0000,16.1276,5.2716,,true,0,0.008333,0.0000,0.0000,1.00,0.00,0.0000,22,1,335,361,0,0,100,5,17,17,0,0,45079,1415,0,0,880869376,0.000000,0.000000,0.000000,0.00,0,0,0,0,0,20,39,31,15,15,15,15,14,16,24,16,47,68,0.0002,0.0020,0.0482,0.0424,0.0069,0.0044,5.2716,0.0216,0.0000,0.9751,0.0006,0.4293,0.1723,0.0015,0.0010,0.0000,0.0000,0.0003
1980,23.4784,0.0000,16.4911,5.6290,,true,0,0.008333,0.0000,0.0000,1.00,0.00,0.0000,22,1,335,361,0,0,100,5,17,17,0,0,45079,1415,0,0,880869376,0.000000,0.000000,0.000000,0.00,0,0,0,0,0,20,39,31,15,15,15,15,14,16,24,16,47,68,0.0001,0.0032,0.0526,0.0518,0.0041,0.0054,5.6290,0.0171,0.0000,1.0355,0.0005,0.4282,0.1786,0.0016,0.0007,0.0000,0.0000,0.0003
1981,23.4950,0.0000,16.1631,5.6885,,true,0,0.008333,0.0000,0.0000,1.00,0.00,0.0000,22,1,335,361,0,0,100,5,17,17,0,0,45079,1415,0,0,880869376,0.000000,0.000000,0.000000,0.00,0,0,0,0,0,20,39,31,15,15,15,15,14,16,24,16,47,68,0.0009,0.0021,0.0398,0.0438,0.0058,0.0055,5.6885,0.0128,0.0000,0.9535,0.0003,0.4080,0.1414,0.0009,0.0006,0.0000,0.0000,0.0005
1982,23.5113,0.0000,17.2487,5.3189,,true,0,0.008333,0.0000,0.0000,1.00,0.00,0.0000,22,1,335,361,0,0,100,5,17,17,0,0,45079,1415,0,0,880869376,0.000000,0.000000,0.000000,0.00,0,0,0,0,0,20,39,31,15,15,15,15,14,16,24,16,47,68,0.0002,0.0013,0.0437,0.0379,0.0036,0.0029,5.3189,0.0142,0.0000,0.8976,0.0004,0.3984,0.1199,0.0014,0.0008,0.0000,0.0000,0.0004
1983,23.5288,0.0000,16.6019,5.7836,,true,0,0.008333,0.0000,0.0000,1.00,0.00,0.0000,22,1,335,361,0,0,100,5,17,17,0,0,45079,1415,0,0,880869376,0.000000,0.000000,0.000000,0.00,0,0,0,0,0,20,39,31,15,15,15,15,14,16,24,16,47,68,0.0004,0.0019,0.0422,0.0638,0.0054,0.0056,5.7836,0.0109,0.0000,1.0570,0.0005,0.4650,0.1411,0.0008,0.0007,0.0000,0.0000,0.0008
1984,23.5446,0.0000,17.6550,5.2927,,true,0,0.008333,0.0000,0.0000,1.00,0.00,0.0000,22,1,335,361,0,0,100,5,17,17,0,0,45079,1415,0,0,880869376,0.000000,0.000000,0.000000,0.00,0,0,0,0,0,20,39,31,15,15,15,15,14,16,24,16,47,68,0.0002,0.0014,0.0352,0.0415,0.0036,0.0026,5.2927,0.0093,0.0000,0.9266,0.0001,0.4044,0.1309,0.0007,0.0005,0.0000,0.0000,0.0004
1985,23.5616,0.0000,17.5876,5.7047,,true,0,0.008333,0.0000,0.0000,1.00,0.00,0.0000,22,1,335,361,0,0,100,5,17,17,0,0,45079,1415,0,0,880869376,0.000000,0.000000,0.000000,0.00,0,0,0,0,0,20,39,31,15,15,15,15,14,16,24,16,47,68,0.0003,0.0027,0.0584,0.0524,0.0085,0.0051,5.7047,0.0168,0.0000,0.9835,0.0004,0.4228,0.1524,0.0009,0.0009,0.0000,0.0000,0.0002
1986,23.5790,0.0000,14.7828,6.2386,,true,0,0.008333,0.0000,0.0000,1.00,0.00,0.0000,22,1,335,361,0,0,100,5,17,17,0,0,45079,1415,0,0,880869376,0.000000,0.000000,0.000000,0.00,0,0,0,0,0,20,39,31,15,15,15,15,14,16,24,16,47,68,0.0005,0.0030,0.0447,0.0934,0.0152,0.0067,6.2386,0.0148,0.0000,0.9978,0.0004,0.4165,0.1443,0.0011,0.0010,0.0000,0.0000,0.0004
1987,23.5947,0.0000,16.9081,5.4557,,true,0,0.008333,0.0000,0.0000,1.00,0.00,0.0000,22,1,335,361,0,0,100,5,17,17,0,0,45079,1415,0,0,880869376,0.000000,0.000000,0.000000,0.00,0,0,0,0,0,20,39,31,15,15,15,15,14,16,24,16,47,68,0.0004,0.0013,0.0377,0.0346,0.0042,0.0027,5.4557,0.0125,0.0000,1.0153,0.0005,0.3999,0.1190,0.0007,0.0005,0.0000,0.0000,0.0003
1988,23.6113,0.0000,17.1924,5.2987,,true,0,0.008333,0.0000,0.0000,1.00,0.00,0.0000,22,1,335,361,0,0,100,5,17,17,0,0,45079,1415,0,0,880869376,0.000000,0.000000,0.000000,0.00,0,0,0,0,0,20,39,31,15,15,15,15,14,16,24,16,47,68,0.0003,0.0016,0.0401,0.0550,0.0056,0.0035,5.2987,0.0117,0.0000,1.0919,0.0007,0.4553,0.1407,0.0010,0.0007,0.0000,0.0000,0.0007
1989,23.6280,0.0000,15.5830,5.3053,,true,0,0.008333,0.0000,0.0000,1.00,0.00,0.0000,22,1,335,361,0,0,100,5,17,17,0,0,45079,1415,0,0,880869376,0.000000,0.000000,0.000000,0.00,0,0,0,0,0,20,39,31,15,15,15,15,14,16,24,16,47,68,0.0002,0.0015,0.0405,0.0467,0.0054,0.0030,5.3053,0.0126,0.0000,0.9927,0.0004,0.4196,0.1661,0.0018,0.0009,0.0000,0.0000,0.0005
1990,23.6449,0.0000,16.4711,5.5379,,true,0,0.008333,0.0000,0.0000,1.00,0.00,0.0000,22,1,335,361,0,0,100,5,17,17,0,0,45079,1415,0,0,880869376,0.000000,0.000000,0.000000,0.00,0,0,0,0,0,20,39,31,15,15,15,15,14,16,24,16,47,68,0.0002,0.0015,0.0618,0.0388,0.0041,0.0034,5.5379,0.0203,0.0000,1.0046,0.0004,0.4238,0.1603,0.0013,0.0008,0.0000,0.0000,0.0006
1991,23.6614,0.0000,17.4777,5.4141,,true,0,0.008333,0.0000,0.0000,1.00,0.00,0.0000,22,1,335,361,0,0,100,5,17,17,0,0,45079,1415,0,0,880869376,0.000000,0.000000,0.000000,0.00,0,0,0,0,0,20,39,31,15,15,15,15,14,16,24,16,47,68,0.0002,0.0011,0.0538,0.0400,0.0053,0.0038,5.4141,0.0161,0.0000,1.0312,0.0005,0.4570,0.1813,0.0019,0.0010,0.0000,0.0000,0.0005
1992,23.6782,0.0000,16.3666,5.4445,,true,0,0.008333,0.0000,0.0000,1.00,0.00,0.0000,22,1,335,361,0,0,100,5,17,17,0,0,45079,1415,0,0,880869376,0.000000,0.000000,0.000000,0.00,0,0,0,0,0,20,39,31,15,15,15,15,14,16,24,16,47,68,0.0001,0.0009,0.0602,0.0280,0.0029,0.0043,5.4445,0.0242,0.0000,1.0191,0.0008,0.4399,0.1777,0.0010,0.0005,0.0000,0.0000,0.0003
1993,23.6993,0.0000,16.6325,9.9396,,true,0,0.008333,0.0000,0.0000,1.00,0.00,0.0000,22,1,335,361,0,0,100,5,17,17,0,0,45079,1415,0,0,880869376,0.000000,0.000000,0.000000,0.00,0,0,0,0,0,20,39,31,15,15,15,15,14,16,24,16,47,68,0.0002,0.0017,0.0403,0.0246,0.0010,0.0052,9.9396,0.0101,0.0000,5.9777,0.0002,0.3789,0.1200,0.7934,0.0004,0.0000,0.0000,4.2873
1994,23.7147,0.0000,16.8873,8.0824,,true,0,0.008333,0.0000,0.0000,1.00,0.00,0.0000,22,1,335,361,0,0,100,5,17,17,0,0,45079,1415,0,0,880869376,0.000000,0.000000,0.000000,0.00,0,0,0,0,0,20,39,31,15,15,15,15,14,16,24,16,47,68,0.0003,0.0096,0.0579,0.1260,0.0188,0.0208,8.0824,0.0191,0.0000,1.3286,0.0004,0.5928,0.1629,0.0016,0.0008,0.0000,0.0000,0.0006
1995,23.7276,0.0000,21.3290,5.0159,,true,0,0.008333,0.0000,0.0000,1.00,0.00,0.0000,22,1,335,361,0,0,100,5,17,17,0,0,45079,1415,0,0,880869376,0.000000,0.000000,0.000000,0.00,0,0,0,0,0,20,39,31,15,15,15,15,14,16,24,16,47,68,0.0003,0.0021,0.0409,0.0545,0.0032,0.0050,5.0159,0.0104,0.0000,0.9085,0.0003,0.4082,0.1205,0.0006,0.0003,0.0000,0.0000,0.0005
1996,23.7441,0.0000,16.1412,4.7632,,true,0,0.008333,0.0000,0.0000,1.00,0.00,0.0000,22,1,335,361,0,0,100,5,17,17,0,0,45079,1415,0,0,880869376,0.000000,0.000000,0.000000,0.00,0,0,0,0,0,20,39,31,15,15,15,15,14,16,24,16,47,68,0.0003,0.0015,0.0421,0.0481,0.0054,0.0038,4.7632,0.0130,0.0000,0.9426,0.0003,0.4106,0.1469,0.0016,0.0005,0.0000,0.0000,0.0003
1997,23.7618,0.0000,12.9583,5.7170,,true,0,0.008333,0.0000,0.0000,1.00,0.00,0.0000,22,1,335,361,0,0,100,5,17,17,0,0,45079,1415,0,0,880869376,0.000000,0.000000,0.000000,0.00,0,0,0,0,0,20,39,31,15,15,15,15,14,16,24,16,47,68,0.0003,0.0022,0.0563,0.0390,0.0046,0.0035,5.7170,0.0245,0.0000,1.3647,0.0006,0.7309,0.1952,0.0027,0.0007,0.0000,0.0000,0.0004
1998,23.7778,0.0000,15.5396,5.1312,,true,0,0.008333,0.0000,0.0000,1.00,0.00,0.0000,22,1,335,361,0,0,100,5,17,17,0,0,45079,1415,0,0,880869376,0.000000,0.000000,0.000000,0.00,0,0,0,0,0,20,39,31,15,15,15,15,14,16,24,16,47,68,0.0002,0.0016,0.0491,0.0324,0.0034,0.0038,5.1312,0.0175,0.0000,0.9699,0.0005,0.3997,0.1601,0.0115,0.0004,0.0000,0.0000,0.0004
1999,23.7941,0.0000,17.0714,4.6671,,true,0,0.008333,0.0000,0.0000,1.00,0.00,0.0000,22,1,335,361,0,0,100,5,17,17,0,0,45079,1415,0,0,880869376,0.000000,0.000000,0.000000,0.00,0,0,0,0,0,20,39,31,15,15,15,15,14,16,24,16,47,68,0.0002,0.0014,0.0444,0.0326,0.0032,0.0058,4.6671,0.0105,0.0000,1.0074,0.0003,0.4198,0.1588,0.0013,0.0006,0.0000,0.0000,0.0003
2000,23.8112,0.0000,15.6091,5.1840,,true,0,0.008333,0.0000,0.0000,1.00,0.00,0.0000,22,1,335,361,0,0,100,5,17,17,0,0,45079,1415,0,0,880869376,0.000000,0.000000,0.000000,0.00,0,0,0,0,0,20,39,31,15,15,15,15,14,16,24,16,47,68,0.0004,0.0014,0.0382,0.0425,0.0034,0.0045,5.1840,0.0126,0.0000,0.9443,0.0007,0.4070,0.1455,0.0008,0.0008,0.0000,0.0000,0.0004
2001,23.8279,0.0000,16.7831,5.2597,,true,0,0.008333,0.0000,0.0000,1.00,0.00,0.0000,22,1,335,361,0,0,100,5,17,17,0,0,45079,1415,0,0,880869376,0.000000,0.000000,0.000000,0.00,0,0,0,0,0,20,39,31,15,15,15,15,14,16,24,16,47,68,0.0004,0.0020,0.0341,0.0527,0.0055,0.0056,5.2597,0.0122,0.0000,1.1369,0.0005,0.5262,0.1152,0.0014,0.0007,0.0000,0.0000,0.0006
2002,23.8449,0.0000,16.6162,5.5575,,true,0,0.008333,0.0000,0.0000,1.00,0.00,0.0000,22,1,335,361,0,0,100,5,17,17,0,0,45079,1415,0,0,880869376,0.000000,0.000000,0.000000,0.00,0,0,0,0,0,20,39,31,15,15,15,15,14,16,24,16,47,68,0.0003,0.0023,0.0599,0.0527,0.0056,0.0051,5.5575,0.0136,0.0000,1.1122,0.0005,0.5044,0.2233,0.0025,0.0014,0.0000,0.0000,0.0005
2003,23.8608,0.0000,16.8119,4.8467,,true,0,0.008333,0.0000,0.0000,1.00,0.00,0.0000,22,1,335,361,0,0,100,5,17,17,0,0,45079,1415,0,0,880869376,0.000000,0.000000,0.000000,0.00,0,0,0,0,0,20,39,31,15,15,15,15,14,16,24,16,47,68,0.0004,0.0012,0.0375,0.0336,0.0034,0.0032,4.8467,0.0120,0.0000,0.8954,0.0004,0.3960,0.1374,0.0010,0.0006,0.0000,0.0000,0.0003
2004,23.8778,0.0000,17.3884,5.0442,,true,0,0.008333,0.0000,0.0000,1.00,0.00,0.0000,22,1,335,361,0,0,100,5,17,17,0,0,45079,1415,0,0,880869376,0.000000,0.000000,0.000000,0.00,0,0,0,0,0,20,39,31,15,15,15,15,14,16,24,16,47,68,0.0002,0.0009,0.0473,0.0432,0.0044,0.0033,5.0442,0.0229,0.0000,0.9506,0.0005,0.4330,0.1387,0.0010,0.0006,0.0000,0.0000,0.0007
2005,23.8943,0.0000,15.6200,4.9642,,true,0,0.008333,0.0000,0.0000,1.00,0.00,0.0000,22,1,335,361,0,0,100,5,17,17,0,0,45079,1415,0,0,880869376,0.000000,0.000000,0.000000,0.00,0,0,0,0,0,20,39,31,15,15,15,15,14,16,24,16,47,68,0.0003,0.0010,0.0332,0.0365,0.0032,0.0038,4.9642,0.0106,0.0000,0.9109,0.0004,0.3899,0.1390,0.0007,0.0005,0.0000,0.0000,0.0004
2006,23.9118,0.0000,17.2375,5.7568,,true,0,0.008333,0.0000,0.0000,1.00,0.00,0.0000,22,1,335,361,0,0,100,5,17,17,0,0,45079,1415,0,0,880869376,0.000000,0.000000,0.000000,0.00,0,0,0,0,0,20,39,31,15,15,15,15,14,16,24,16,47,68,0.0004,0.0014,0.0650,0.0353,0.0036,0.0069,5.7568,0.0203,0.0000,1.0117,0.0003,0.4304,0.1657,0.0006,0.0007,0.0000,0.0000,0.0003
2007,23.9274,0.0000,16.9233,4.8396,,true,0,0.008333,0.0000,0.0000,1.00,0.00,0.0000,22,1,335,361,0,0,100,5,17,17,0,0,45079,1415,0,0,880869376,0.000000,0.000000,0.000000,0.00,0,0,0,0,0,20,39,31,15,15,15,15,14,16,24,16,47,68,0.0003,0.0009,0.0433,0.0265,0.0033,0.0035,4.8396,0.0098,0.0000,0.9728,0.0003,0.3954,0.1284,0.0007,0.0005,0.0000,0.0000,0.0003
2008,23.9437,0.0000,17.7384,4.4304,,true,0,0.008333,0.0000,0.0000,1.00,0.00,0.0000,22,1,335,361,0,0,100,5,17,17,0,0,45079,1415,0,0,880869376,0.000000,0.000000,0.000000,0.00,0,0,0,0,0,20,39,31,15,15,15,15,14,16,24,16,47,68,0.0004,0.0011,0.0344,0.0465,0.0023,0.0043,4.4304,0.0154,0.0000,1.0108,0.0002,0.3513,0.1389,0.0024,0.0003,0.0000,0.0000,0.0003
2009,23.9615,0.0000,15.3097,5.4554,,true,0,0.008333,0.0000,0.0000,1.00,0.00,0.0000,22,1,335,361,0,0,100,5,17,17,0,0,45079,1415,0,0,880869376,0.000000,0.000000,0.000000,0.00,0,0,0,0,0,20,39,31,15,15,15,15,14,16,24,16,47,68,0.0003,0.0015,0.0601,0.0605,0.0058,0.0038,5.4554,0.0148,0.0000,1.1306,0.0004,0.4863,0.1470,0.0011,0.0005,0.0000,0.0000,0.0008
2010,23.9774,0.0000,15.6810,4.7123,,true,0,0.008333,0.0000,0.0000,1.00,0.00,0.0000,22,1,335,361,0,0,100,5,17,17,0,0,45079,1415,0,0,880869376,0.000000,0.000000,0.000000,0.00,0,0,0,0,0,20,39,31,15,15,15,15,14,16,24,16,47,68,0.0002,0.0008,0.0311,0.0425,0.0027,0.0025,4.7123,0.0116,0.0000,0.7420,0.0002,0.3047,0.1047,0.0009,0.0006,0.0000,0.0000,0.0003
2011,23.9948,0.0000,17.9293,5.4138,,true,0,0.008333,0.0000,0.0000,1.00,0.00,0.0000,22,1,335,361,0,0,100,5,17,17,0,0,45079,1415,0,0,880869376,0.000000,0.000000,0.000000,0.00,0,0,0,0,0,20,39,31,15,15,15,15,14,16,24,16,47,68,0.0003,0.0029,0.0431,0.0378,0.0052,0.0083,5.4138,0.0163,0.0000,1.0130,0.0012,0.4184,0.1814,0.0013,0.0008,0.0000,0.0000,0.0003
2012,24.0107,0.0000,15.4594,4.7523,,true,0,0.008333,0.0000,0.0000,1.00,0.00,0.0000,22,1,335,361,0,0,100,5,17,17,0,0,45079,1415,0,0,880869376,0.000000,0.000000,0.000000,0.00,0,0,0,0,0,20,39,31,15,15,15,15,14,16,24,16,47,68,0.0004,0.0010,0.0545,0.0437,0.0038,0.0027,4.7523,0.0152,0.0000,0.6794,0.0002,0.2998,0.1077,0.0012,0.0004,0.0000,0.0000,0.0002
2013,24.0273,0.0000,17.8719,4.7484,,true,0,0.008333,0.0000,0.0000,1.00,0.00,0.0000,22,1,335,361,0,0,100,5,17,17,0,0,45079,1415,0,0,880869376,0.000000,0.000000,0.000000,0.00,0,0,0,0,0,20,39,31,15,15,15,15,14,16,24,16,47,68,0.0004,0.0013,0.0699,0.0333,0.0025,0.0066,4.7484,0.0147,0.0000,0.7756,0.0003,0.3145,0.1313,0.0008,0.0002,0.0000,0.0000,0.0002
2014,24.0444,0.0000,15.8011,5.1721,,true,0,0.008333,0.0000,0.0000,1.00,0.00,0.0000,22,1,335,361,0,0,100,5,17,17,0,0,45079,1415,0,0,880869376,0.000000,0.000000,0.000000,0.00,0,0,0,0,0,20,39,31,15,15,15,15,14,16,24,16,47,68,0.0002,0.0019,0.0530,0.0438,0.0059,0.0041,5.1721,0.0205,0.0000,0.9399,0.0003,0.3989,0.1478,0.0028,0.0006,0.0000,0.0000,0.0004
2015,24.0610,0.0000,16.7891,4.9773,,true,0,0.008333,0.0000,0.0000,1.00,0.00,0.0000,22,1,335,361,0,0,100,5,17,17,0,0,45079,1415,0,0,880869376,0.000000,0.000000,0.000000,0.00,0,0,0,0,0,20,39,31,15,15,15,15,14,16,24,16,47,68,0.0002,0.0012,0.0548,0.0429,0.0045,0.0037,4.9773,0.0252,0.0000,1.0044,0.0003,0.4713,0.1406,0.0007,0.0008,0.0000,0.0000,0.0004
2016,24.0779,0.0000,17.2706,5.2538,,true,0,0.008333,0.0000,0.0000,1.00,0.00,0.0000,22,1,335,361,0,0,100,5,17,17,0,0,45079,1415,0,0,880869376,0.000000,0.000000,0.000000,0.00,0,0,0,0,0,20,39,31,15,15,15,15,14,16,24,16,47,68,0.0003,0.0009,0.0684,0.0456,0.0054,0.0047,5.2538,0.0153,0.0000,0.9517,0.0003,0.4169,0.1392,0.0011,0.0005,0.0000,0.0000,0.0005
2017,24.0942,0.0000,16.8355,4.9868,,true,0,0.008333,0.0000,0.0000,1.00,0.00,0.0000,22,1,335,361,0,0,100,5,17,17,0,0,45079,1415,0,0,880869376,0.000000,0.000000,0.000000,0.00,0,0,0,0,0,20,39,31,15,15,15,15,14,16,24,16,47,68,0.0002,0.0007,0.0538,0.0395,0.0031,0.0028,4.9868,0.0196,0.0000,1.0117,0.0003,0.4246,0.1389,0.0010,0.0009,0.0000,0.0000,0.0003
2018,24.1112,0.0000,17.0445,5.3299,,true,0,0.008333,0.0000,0.0000,1.00,0.00,0.0000,22,1,335,361,0,0,100,5,17,17,0,0,45079,1415,0,0,880869376,0.000000,0.000000,0.000000,0.00,0,0,0,0,0,20,39,31,15,15,15,15,14,16,24,16,47,68,0.0003,0.0022,0.0427,0.0467,0.0050,0.0057,5.3299,0.0115,0.0000,0.9789,0.0004,0.4112,0.1353,0.0008,0.0009,0.0000,0.0000,0.0003
2019,24.1276,0.0000,16.2015,4.9956,,true,0,0.008333,0.0000,0.0000,1.00,0.00,0.0000,22,1,335,361,0,0,100,5,17,17,0,0,45079,1415,0,0,880869376,0.000000,0.000000,0.000000,0.00,0,0,0,0,0,20,39,31,15,15,15,15,14,16,24,16,47,68,0.0002,0.0009,0.0421,0.0478,0.0037,0.0024,4.9956,0.0118,0.0000,0.8987,0.0004,0.3971,0.1364,0.0011,0.0005,0.0000,0.0000,0.0003
2020,24.1441,0.0000,16.7825,4.8568,,true,0,0.008333,0.0000,0.0000,1.00,0.00,0.0000,22,1,335,361,0,0,100,5,17,17,0,0,45079,1415,0,0,880869376,0.000000,0.000000,0.000000,0.00,0,0,0,0,0,20,39,31,15,15,15,15,14,16,24,16,47,68,0.0004,0.0014,0.0479,0.0419,0.0054,0.0037,4.8568,0.0164,0.0000,0.9740,0.0005,0.3995,0.1704,0.0015,0.0011,0.0000,0.0000,0.0002
2021,24.1609,0.0000,15.9233,4.8777,,true,0,0.008333,0.0000,0.0000,1.00,0.00,0.0000,22,1,335,361,0,0,100,5,17,17,0,0,45079,1415,0,0,880869376,0.000000,0.000000,0.000000,0.00,0,0,0,0,0,20,39,31,15,15,15,15,14,16,24,16,47,68,0.0003,0.0015,0.0303,0.0430,0.0060,0.0039,4.8777,0.0123,0.0000,0.7133,0.0002,0.3110,0.1137,0.0009,0.0004,0.0000,0.0000,0.0002
2022,24.1776,0.0000,16.6583,4.9964,,true,0,0.008333,0.0000,0.0000,1.00,0.00,0.0000,22,1,335,361,0,0,100,5,17,17,0,0,45079,1415,0,0,880869376,0.000000,0.000000,0.000000,0.00,0,0,0,0,0,20,39,31,15,15,15,15,14,16,24,16,47,68,0.0003,0.0018,0.0802,0.0438,0.0047,0.0036,4.9964,0.0124,0.0000,1.0144,0.0007,0.3987,0.1509,0.0010,0.0005,0.0000,0.0000,0.0002
2023,24.1944,0.0000,17.1090,5.1070,,true,0,0.008333,0.0000,0.0000,1.00,0.00,0.0000,22,1,335,361,0,0,100,5,17,17,0,0,45079,1415,0,0,880869376,0.000000,0.000000,0.000000,0.00,0,0,0,0,0,20,39,31,15,15,15,15,14,16,24,16,47,68,0.0002,0.0016,0.0488,0.0403,0.0047,0.0040,5.1070,0.0118,0.0000,0.9674,0.0003,0.4178,0.1450,0.0012,0.0005,0.0000,0.0000,0.0003
2024,24.2115,0.0000,16.9315,5.4443,,true,0,0.008333,0.0000,0.0000,1.00,0.00,0.0000,22,1,335,361,0,0,100,5,17,17,0,0,45079,1415,0,0,880869376,0.000000,0.000000,0.000000,0.00,0,0,0,0,0,20,39,31,15,15,15,15,14,16,24,16,47,68,0.0004,0.0013,0.0403,0.0381,0.0036,0.0032,5.4443,0.0261,0.0000,1.2245,0.0002,0.5913,0.1043,0.0008,0.0005,0.0000,0.0000,0.0004
2025,24.2278,0.0000,16.5474,5.2081,,true,0,0.008333,0.0000,0.0000,1.00,0.00,0.0000,22,1,335,361,0,0,100,5,17,17,0,0,45079,1415,0,0,880869376,0.000000,0.000000,0.000000,0.00,0,0,0,0,0,20,39,31,15,15,15,15,14,16,24,16,47,68,0.0003,0.0012,0.0399,0.0409,0.0040,0.0023,5.2081,0.0137,0.0000,0.9154,0.0002,0.3965,0.1514,0.0008,0.0006,0.0000,0.0000,0.0004
2026,24.2445,0.0000,17.1578,5.1410,,true,0,0.008333,0.0000,0.0000,1.00,0.00,0.0000,22,1,335,361,0,0,100,5,17,17,0,0,45079,1415,0,0,880869376,0.000000,0.000000,0.000000,0.00,0,0,0,0,0,20,39,31,15,15,15,15,14,16,24,16,47,68,0.0002,0.0014,0.0499,0.0372,0.0033,0.0029,5.1410,0.0225,0.0000,0.8883,0.0004,0.3912,0.1370,0.0011,0.0006,0.0000,0.0000,0.0002
2027,24.2613,0.0000,16.4352,5.2383,,true,0,0.008333,0.0000,0.0000,1.00,0.00,0.0000,22,1,335,361,0,0,100,5,17,17,0,0,45079,1415,0,0,880869376,0.000000,0.000000,0.000000,0.00,0,0,0,0,0,20,39,31,15,15,15,15,14,16,24,16,47,68,0.0002,0.0016,0.0475,0.0451,0.0059,0.0042,5.2383,0.0226,0.0000,0.9315,0.0004,0.4028,0.1533,0.0010,0.0008,0.0000,0.0000,0.0004
2028,24.2782,0.0000,16.4320,5.5725,,true,0,0.008333,0.0000,0.0000,1.00,0.00,0.0000,22,1,335,361,0,0,100,5,17,17,0,0,45079,1415,0,0,880869376,0.000000,0.000000,0.000000,0.00,0,0,0,0,0,20,39,31,15,15,15,15,14,16,24,16,47,68,0.0003,0.0010,0.0373,0.0432,0.0038,0.0032,5.5725,0.0137,0.0000,0.9533,0.0006,0.4157,0.1475,0.0012,0.0007,0.0000,0.0000,0.0003
2029,24.2948,0.0000,17.1572,5.5262,,true,0,0.008333,0.0000,0.0000,1.00,0.00,0.0000,22,1,335,361,0,0,100,5,17,17,0,0,45079,1415,0,0,880869376,0.000000,0.000000,0.000000,0.00,0,0,0,0,0,20,39,31,15,15,15,15,14,16,24,16,47,68,0.0002,0.0016,0.0454,0.0406,0.0053,0.0026,5.5262,0.0142,0.0000,1.0580,0.0007,0.4519,0.1401,0.0011,0.0004,0.0000,0.0000,0.0004
2030,24.3111,0.0000,16.7157,5.0761,,true,0,0.008333,0.0000,0.0000,1.00,0.00,0.0000,22,1,335,361,0,0,100,5,17,17,0,0,45079,1415,0,0,880869376,0.000000,0.000000,0.000000,0.00,0,0,0,0,0,20,39,31,15,15,15,15,14,16,24,16,47,68,0.0003,0.0011,0.0433,0.0415,0.0037,0.0028,5.0761,0.0136,0.0000,0.9328,0.0005,0.4238,0.1427,0.0010,0.0006,0.0000,0.0000,0.0004
2031,24.3276,0.0000,16.7206,4.8980,,true,0,0.008333,0.0000,0.0000,1.00,0.00,0.0000,22,1,335,361,0,0,100,5,17,17,0,0,45079,1415,0,0,880869376,0.000000,0.000000,0.000000,0.00,0,0,0,0,0,20,39,31,15,15,15,15,14,16,24,16,47,68,0.0003,0.0015,0.0411,0.0396,0.0035,0.0030,4.8980,0.0162,0.0000,0.9187,0.0004,0.3883,0.1618,0.0014,0.0007,0.0000,0.0000,0.0003
2032,24.3443,0.0000,16.2783,5.0193,,true,0,0.008333,0.0000,0.0000,1.00,0.00,0.0000,22,1,335,361,0,0,100,5,17,17,0,0,45079,1415,0,0,880869376,0.000000,0.000000,0.000000,0.00,0,0,0,0,0,20,39,31,15,15,15,15,14,16,24,16,47,68,0.0002,0.0011,0.0417,0.0422,0.0056,0.0043,5.0193,0.0188,0.0000,0.9427,0.0002,0.3937,0.1676,0.0007,0.0008,0.0000,0.0000,0.0002
2033,24.3615,0.0000,16.1750,5.4669,,true,0,0.008333,0.0000,0.0000,1.00,0.00,0.0000,22,1,335,361,0,0,100,5,17,17,0,0,45079,1415,0,0,880869376,0.000000,0.000000,0.000000,0.00,0,0,0,0,0,20,39,31,15,15,15,15,14,16,24,16,47,68,0.0005,0.0017,0.0577,0.0395,0.0043,0.0035,5.4669,0.0184,0.0000,1.0240,0.0001,0.4384,0.1571,0.0015,0.0004,0.0000,0.0000,0.0004
2034,24.3787,0.0000,17.3559,5.9498,,true,0,0.008333,0.0000,0.0000,1.00,0.00,0.0000,22,1,335,361,0,0,100,5,17,17,0,0,45079,1415,0,0,880869376,0.000000,0.000000,0.000000,0.00,0,0,0,0,0,20,39,31,15,15,15,15,14,16,24,16,47,68,0.0003,0.0015,0.0409,0.0463,0.0051,0.0041,5.9498,0.0158,0.0000,0.9146,0.0003,0.3898,0.1341,0.0011,0.0005,0.0000,0.0000,0.0006
2035,24.3950,0.0000,16.5274,5.6946,,true,0,0.008333,0.0000,0.0000,1.00,0.00,0.0000,22,1,335,361,0,0,100,5,17,17,0,0,45079,1415,0,0,880869376,0.000000,0.000000,0.000000,0.00,0,0,0,0,0,20,39,31,15,15,15,15,14,16,24,16,47,68,0.0004,0.0014,0.0330,0.0450,0.0040,0.0028,5.6946,0.0153,0.0000,0.9125,0.0002,0.2989,0.1072,0.0007,0.0004,0.0000,0.0000,0.0005
2036,24.4113,0.0000,18.1955,5.3211,,true,0,0.008333,0.0000,0.0000,1.00,0.00,0.0000,22,1,335,361,0,0,100,5,17,17,0,0,45079,1415,0,0,880869376,0.000000,0.000000,0.000000,0.00,0,0,0,0,0,20,39,31,15,15,15,15,14,16,24,16,47,68,0.0003,0.0037,0.0477,0.0423,0.0041,0.0074,5.3211,0.0104,0.0000,0.9122,0.0003,0.3988,0.1289,0.0006,0.0004,0.0000,0.0000,0.0003
2037,24.4278,0.0000,19.3877,5.1189,,true,0,0.008333,0.0000,0.0000,1.00,0.00,0.0000,22,1,335,361,0,0,100,5,17,17,0,0,45079,1415,0,0,880869376,0.000000,0.000000,0.000000,0.00,0,0,0,0,0,20,39,31,15,15,15,15,14,16,24,16,47,68,0.0002,0.0017,0.0407,0.0473,0.0061,0.0036,5.1189,0.0118,0.0000,0.9295,0.0001,0.4007,0.1379,0.0009,0.0002,0.0000,0.0000,0.0004
2038,24.4449,0.0000,12.3273,5.4825,,true,0,0.008333,0.0000,0.0000,1.00,0.00,0.0000,22,1,335,361,0,0,100,5,17,17,0,0,45079,1415,0,0,880869376,0.000000,0.000000,0.000000,0.00,0,0,0,0,0,20,39,31,15,15,15,15,14,16,24,16,47,68,0.0003,0.0010,0.0415,0.0397,0.0041,0.0025,5.4825,0.0143,0.0000,0.9089,0.0011,0.3930,0.1369,0.0014,0.0012,0.0000,0.0000,0.0004
2039,24.4663,0.0000,17.0072,10.3042,,true,0,0.008333,0.0000,0.0000,1.00,0.00,0.0000,22,1,335,361,0,0,100,5,17,17,0,0,45079,1415,0,0,880869376,0.000000,0.000000,0.000000,0.00,0,0,0,0,0,20,39,31,15,15,15,15,14,16,24,16,47,68,0.0002,0.0015,0.0480,0.0447,0.0043,0.0035,10.3042,0.0132,0.0000,5.8756,0.0002,0.3834,0.1274,0.7342,0.0005,0.0000,0.0000,4.2512
2040,24.4785,0.0000,16.4759,5.6380,,true,0,0.008333,0.0000,0.0000,1.00,0.00,0.0000,22,1,335,361,0,0,100,5,17,17,0,0,45079,1415,0,0,880869376,0.000000,0.000000,0.000000,0.00,0,0,0,0,0,20,39,31,15,15,15,15,14,16,24,16,47,68,0.0013,0.0023,0.0482,0.0595,0.0071,0.0076,5.6380,0.0204,0.0000,1.0664,0.0004,0.4480,0.1339,0.0007,0.0008,0.0000,0.0000,0.0003
2041,24.4946,0.0000,21.6994,5.2944,,true,0,0.008333,0.0000,0.0000,1.00,0.00,0.0000,22,1,335,361,0,0,100,5,17,17,0,0,45079,1415,0,0,880869376,0.000000,0.000000,0.000000,0.00,0,0,0,0,0,20,39,31,15,15,15,15,14,16,24,16,47,68,0.0002,0.0014,0.0420,0.0353,0.0027,0.0027,5.2944,0.0111,0.0000,0.9066,0.0003,0.4040,0.1292,0.0007,0.0004,0.0000,0.0000,0.0004
2042,24.5111,0.0000,13.4346,5.0572,,true,0,0.008333,0.0000,0.0000,1.00,0.00,0.0000,22,1,335,361,0,0,100,5,17,17,0,0,45079,1415,0,0,880869376,0.000000,0.000000,0.000000,0.00,0,0,0,0,0,20,39,31,15,15,15,15,14,16,24,16,47,68,0.0002,0.0012,0.0404,0.0386,0.0045,0.0041,5.0572,0.0135,0.0000,0.9409,0.0010,0.4202,0.1389,0.0010,0.0006,0.0000,0.0000,0.0003
2043,24.5276,0.0000,15.0567,4.9479,,true,0,0.008333,0.0000,0.0000,1.00,0.00,0.0000,22,1,335,361,0,0,100,5,17,17,0,0,45079,1415,0,0,880869376,0.000000,0.000000,0.000000,0.00,0,0,0,0,0,20,39,31,15,15,15,15,14,16,24,16,47,68,0.0002,0.0011,0.0362,0.0396,0.0043,0.0026,4.9479,0.0138,0.0000,0.9131,0.0004,0.3997,0.1488,0.0009,0.0005,0.0000,0.0000,0.0004
2044,24.5444,0.0000,16.5157,5.1137,,true,0,0.008333,0.0000,0.0000,1.00,0.00,0.0000,22,1,335,361,0,0,100,5,17,17,0,0,45079,1415,0,0,880869376,0.000000,0.000000,0.000000,0.00,0,0,0,0,0,20,39,31,15,15,15,15,14,16,24,16,47,68,0.0003,0.0013,0.0476,0.0446,0.0059,0.0040,5.1137,0.0195,0.0000,0.9123,0.0003,0.3836,0.1414,0.0009,0.0005,0.0000,0.0000,0.0004
2045,24.5615,0.0000,16.6491,5.3954,,true,0,0.008333,0.0000,0.0000,1.00,0.00,0.0000,22,1,335,361,0,0,100,5,17,17,0,0,45079,1415,0,0,880869376,0.000000,0.000000,0.000000,0.00,0,0,0,0,0,20,39,31,15,15,15,15,14,16,24,16,47,68,0.0003,0.0016,0.0485,0.0429,0.0049,0.0043,5.3954,0.0139,0.0000,0.9619,0.0005,0.4065,0.1509,0.0010,0.0005,0.0000,0.0000,0.0003
2046,24.5776,0.0000,16.7162,4.9913,,true,0,0.008333,0.0000,0.0000,1.00,0.00,0.0000,22,1,335,361,0,0,100,5,17,17,0,0,45079,1415,0,0,880869376,0.000000,0.000000,0.000000,0.00,0,0,0,0,0,20,39,31,15,15,15,15,14,16,24,16,47,68,0.0005,0.0012,0.0442,0.0484,0.0048,0.0040,4.9913,0.0171,0.0000,0.9432,0.0002,0.3967,0.1475,0.0008,0.0008,0.0000,0.0000,0.0004
2047,24.5949,0.0000,16.8030,5.5572,,true,0,0.008333,0.0000,0.0000,1.00,0.00,0.0000,22,1,335,361,0,0,100,5,17,17,0,0,45079,1415,0,0,880869376,0.000000,0.000000,0.000000,0.00,0,0,0,0,0,20,39,31,15,15,15,15,14,16,24,16,47,68,0.0003,0.0012,0.0556,0.0394,0.0049,0.0031,5.5572,0.0220,0.0000,0.9322,0.0003,0.4007,0.1425,0.0010,0.0005,0.0000,0.0000,0.0004
2048,24.6116,0.0000,16.3125,5.6737,,true,0,0.008333,0.0000,0.0000,1.00,0.00,0.0000,22,1,335,361,0,0,100,5,17,17,0,0,45079,1415,0,0,880869376,0.000000,0.000000,0.000000,0.00,0,0,0,0,0,20,39,31,15,15,15,15,14,16,24,16,47,68,0.0003,0.0011,0.0483,0.0381,0.0043,0.0029,5.6737,0.0138,0.0000,0.9121,0.0003,0.4040,0.1356,0.0007,0.0004,0.0000,0.0000,0.0003
2049,24.6279,0.0000,17.3693,5.2304,,true,0,0.008333,0.0000,0.0000,1.00,0.00,0.0000,22,1,335,361,0,0,100,5,17,17,0,0,45079,1415,0,0,880869376,0.000000,0.000000,0.000000,0.00,0,0,0,0,0,20,39,31,15,15,15,15,14,16,24,16,47,68,0.0004,0.0012,0.0452,0.0380,0.0042,0.0031,5.2304,0.0144,0.0000,0.9461,0.0005,0.3991,0.1471,0.0013,0.0006,0.0000,0.0000,0.0005
2050,24.6452,0.0000,16.4095,5.8901,,true,0,0.008333,0.0000,0.0000,1.00,0.00,0.0000,22,1,335,361,0,0,100,5,17,17,0,0,45079,1415,0,0,880869376,0.000000,0.000000,0.000000,0.00,0,0,0,0,0,20,39,31,15,15,15,15,14,16,24,16,47,68,0.0004,0.0017,0.0487,0.0496,0.0094,0.0063,5.8901,0.0161,0.0000,1.0154,0.0008,0.4180,0.1651,0.0018,0.0007,0.0000,0.0000,0.0006
2051,24.6621,0.0000,16.5094,5.9057,,true,0,0.008333,0.0000,0.0000,1.00,0.00,0.0000,22,1,335,361,0,0,100,5,17,17,0,0,45079,1415,0,0,880869376,0.000000,0.000000,0.000000,0.00,0,0,0,0,0,20,39,31,15,15,15,15,14,16,24,16,47,68,0.0003,0.0018,0.0913,0.0399,0.0033,0.0028,5.9057,0.0227,0.0000,0.9186,0.0006,0.3940,0.1550,0.0010,0.0008,0.0000,0.0000,0.0004
2052,24.6799,0.0000,17.2339,7.1210,,true,0,0.008333,0.0000,0.0000,1.00,0.00,0.0000,22,1,335,361,0,0,100,5,17,17,0,0,45079,1415,0,0,880869376,0.000000,0.000000,0.000000,0.00,0,0,0,0,0,20,39,31,15,15,15,15,14,16,24,16,47,68,0.0008,0.0030,0.0527,0.1019,0.0138,0.0078,7.1210,0.0112,0.0000,1.1792,0.0004,0.5368,0.1546,0.0011,0.0009,0.0000,0.0000,0.0003
2053,24.6946,0.0000,17.4390,5.2676,,true,0,0.008333,0.0000,0.0000,1.00,0.00,0.0000,22,1,335,361,0,0,100,5,17,17,0,0,45079,1415,0,0,880869376,0.000000,0.000000,0.000000,0.00,0,0,0,0,0,20,39,31,15,15,15,15,14,16,24,16,47,68,0.0002,0.0010,0.0385,0.0322,0.0031,0.0023,5.2676,0.0108,0.0000,0.9228,0.0004,0.3981,0.1280,0.0006,0.0003,0.0000,0.0000,0.0007
2054,24.7116,0.0000,17.2747,5.6380,,true,0,0.008333,0.0000,0.0000,1.00,0.00,0.0000,22,1,335,361,0,0,100,5,17,17,0,0,45079,1415,0,0,880869376,0.000000,0.000000,0.000000,0.00,0,0,0,0,0,20,39,31,15,15,15,15,14,16,24,16,47,68,0.0005,0.0017,0.0436,0.0439,0.0048,0.0052,5.6380,0.0212,0.0000,1.1239,0.0007,0.4534,0.1473,0.0014,0.0011,0.0000,0.0000,0.0006
2055,24.7277,0.0000,14.7435,5.0259,,true,0,0.008333,0.0000,0.0000,1.00,0.00,0.0000,22,1,335,361,0,0,100,5,17,17,0,0,45079,1415,0,0,880869376,0.000000,0.000000,0.000000,0.00,0,0,0,0,0,20,39,31,15,15,15,15,14,16,24,16,47,68,0.0002,0.0011,0.0435,0.0369,0.0034,0.0023,5.0259,0.0099,0.0000,0.9367,0.0002,0.4185,0.1383,0.0006,0.0005,0.0000,0.0000,0.0008
2056,24.7450,0.0000,18.3369,5.6233,,true,0,0.008333,0.0000,0.0000,1.00,0.00,0.0000,22,1,335,361,0,0,100,5,17,17,0,0,45079,1415,0,0,880869376,0.000000,0.000000,0.000000,0.00,0,0,0,0,0,20,39,31,15,15,15,15,14,16,24,16,47,68,0.0001,0.0025,0.0582,0.0511,0.0051,0.0046,5.6233,0.0123,0.0000,1.3069,0.0006,0.5625,0.2103,0.0019,0.0008,0.0000,0.0000,0.0004
2057,24.7618,0.0000,14.8251,5.8352,,true,0,0.008333,0.0000,0.0000,1.00,0.00,0.0000,22,1,335,361,0,0,100,5,17,17,0,0,45079,1415,0,0,880869376,0.000000,0.000000,0.000000,0.00,0,0,0,0,0,20,39,31,15,15,15,15,14,16,24,16,47,68,0.0003,0.0012,0.0437,0.0402,0.0040,0.0030,5.8352,0.0145,0.0000,0.9242,0.0006,0.3903,0.1553,0.0017,0.0015,0.0000,0.0000,0.0002
2058,24.7778,0.0000,17.2689,5.1562,,true,0,0.008333,0.0000,0.0000,1.00,0.00,0.0000,22,1,335,361,0,0,100,5,17,17,0,0,45079,1415,0,0,880869376,0.000000,0.000000,0.000000,0.00,0,0,0,0,0,20,39,31,15,15,15,15,14,16,24,16,47,68,0.0002,0.0014,0.0356,0.0442,0.0045,0.0027,5.1562,0.0115,0.0000,0.9245,0.0005,0.3984,0.1497,0.0012,0.0007,0.0000,0.0000,0.0004
2059,24.7945,0.0000,16.5115,5.1184,,true,0,0.008333,0.0000,0.0000,1.00,0.00,0.0000,22,1,335,361,0,0,100,5,17,17,0,0,45079,1415,0,0,880869376,0.000000,0.000000,0.000000,0.00,0,0,0,0,0,20,39,31,15,15,15,15,14,16,24,16,47,68,0.0003,0.0018,0.0397,0.0441,0.0050,0.0057,5.1184,0.0123,0.0000,0.9495,0.0003,0.4096,0.1488,0.0007,0.0005,0.0000,0.0000,0.0007
2060,24.8114,0.0000,16.4237,5.4620,,true,0,0.008333,0.0000,0.0000,1.00,0.00,0.0000,22,1,335,361,0,0,100,5,17,17,0,0,45079,1415,0,0,880869376,0.000000,0.000000,0.000000,0.00,0,0,0,0,0,20,39,31,15,15,15,15,14,16,24,16,47,68,0.0002,0.0012,0.0454,0.0343,0.0042,0.0027,5.4620,0.0128,0.0000,0.9527,0.0003,0.4285,0.1488,0.0010,0.0004,0.0000,0.0000,0.0004
2061,24.8279,0.0000,16.8539,5.2297,,true,0,0.008333,0.0000,0.0000,1.00,0.00,0.0000,22,1,335,361,0,0,100,5,17,17,0,0,45079,1415,0,0,880869376,0.000000,0.000000,0.000000,0.00,0,0,0,0,0,20,39,31,15,15,15,15,14,16,24,16,47,68,0.0002,0.0010,0.0419,0.0385,0.0033,0.0028,5.2297,0.0134,0.0000,0.9072,0.0003,0.3919,0.1506,0.0011,0.0005,0.0000,0.0000,0.0003
2062,24.8449,0.0000,17.1829,5.3914,,true,0,0.008333,0.0000,0.0000,1.00,0.00,0.0000,22,1,335,361,0,0,100,5,17,17,0,0,45079,1415,0,0,880869376,0.000000,0.000000,0.000000,0.00,0,0,0,0,0,20,39,31,15,15,15,15,14,16,24,16,47,68,0.0002,0.0011,0.0822,0.0362,0.0039,0.0025,5.3914,0.0227,0.0000,0.9150,0.0004,0.3981,0.1343,0.0008,0.0006,0.0000,0.0000,0.0003
2063,24.8615,0.0000,15.7861,5.4594,,true,0,0.008333,0.0000,0.0000,1.00,0.00,0.0000,22,1,335,361,0,0,100,5,17,17,0,0,45079,1415,0,0,880869376,0.000000,0.000000,0.000000,0.00,0,0,0,0,0,20,39,31,15,15,15,15,14,16,24,16,47,68,0.0007,0.0017,0.0420,0.0365,0.0037,0.0040,5.4594,0.0167,0.0000,1.1946,0.0004,0.4923,0.1523,0.0012,0.0006,0.0000,0.0000,0.0011
2064,24.8780,0.0000,16.9611,5.3083,,true,0,0.008333,0.0000,0.0000,1.00,0.00,0.0000,22,1,335,361,0,0,100,5,17,17,0,0,45079,1415,0,0,880869376,0.000000,0.000000,0.000000,0.00,0,0,0,0,0,20,39,31,15,15,15,15,14,16,24,16,47,68,0.0006,0.0016,0.0416,0.0476,0.0058,0.0041,5.3083,0.0155,0.0000,0.8601,0.0004,0.3372,0.1242,0.0010,0.0005,0.0000,0.0000,0.0003
2065,24.8945,0.0000,16.4122,5.1668,,true,0,0.008333,0.0000,0.0000,1.00,0.00,0.0000,22,1,335,361,0,0,100,5,17,17,0,0,45079,1415,0,0,880869376,0.000000,0.000000,0.000000,0.00,0,0,0,0,0,20,39,31,15,15,15,15,14,16,24,16,47,68,0.0002,0.0018,0.0399,0.0460,0.0055,0.0057,5.1668,0.0167,0.0000,1.1305,0.0003,0.5252,0.1772,0.0012,0.0009,0.0000,0.0000,0.0005
2066,24.9109,0.0000,16.6514,4.9269,,true,0,0.008333,0.0000,0.0000,1.00,0.00,0.0000,22,1,335,361,0,0,100,5,17,17,0,0,45079,1415,0,0,880869376,0.000000,0.000000,0.000000,0.00,0,0,0,0,0,20,39,31,15,15,15,15,14,16,24,16,47,68,0.0003,0.0013,0.0413,0.0362,0.0039,0.0031,4.9269,0.0130,0.0000,0.9039,0.0003,0.4010,0.1389,0.0010,0.0005,0.0000,0.0000,0.0006
2067,24.9280,0.0000,17.3731,5.3785,,true,0,0.008333,0.0000,0.0000,1.00,0.00,0.0000,22,1,335,361,0,0,100,5,17,17,0,0,45079,1415,0,0,880869376,0.000000,0.000000,0.000000,0.00,0,0,0,0,0,20,39,31,15,15,15,15,14,16,24,16,47,68,0.0006,0.0021,0.0339,0.0444,0.0034,0.0034,5.3785,0.0112,0.0000,1.2668,0.0003,0.5685,0.1824,0.0005,0.0003,0.0000,0.0000,0.0008
2068,24.9443,0.0000,15.5235,4.9850,,true,0,0.008333,0.0000,0.0000,1.00,0.00,0.0000,22,1,335,361,0,0,100,5,17,17,0,0,45079,1415,0,0,880869376,0.000000,0.000000,0.000000,0.00,0,0,0,0,0,20,39,31,15,15,15,15,14,16,24,16,47,68,0.0002,0.0010,0.0388,0.0374,0.0047,0.0033,4.9850,0.0121,0.0000,0.9425,0.0003,0.4039,0.1465,0.0010,0.0006,0.0000,0.0000,0.0005
2069,24.9612,0.0000,17.2091,5.2158,,true,0,0.008333,0.0000,0.0000,1.00,0.00,0.0000,22,1,335,361,0,0,100,5,17,17,0,0,45079,1415,0,0,880869376,0.000000,0.000000,0.000000,0.00,0,0,0,0,0,20,39,31,15,15,15,15,14,16,24,16,47,68,0.0003,0.0014,0.0494,0.0517,0.0037,0.0050,5.2158,0.0154,0.0000,0.9987,0.0008,0.4386,0.1543,0.0015,0.0012,0.0000,0.0000,0.0004
2070,24.9781,0.0000,16.2319,5.4121,,true,0,0.008333,0.0000,0.0000,1.00,0.00,0.0000,22,1,335,361,0,0,100,5,17,17,0,0,45079,1415,0,0,880869376,0.000000,0.000000,0.000000,0.00,0,0,0,0,0,20,39,31,15,15,15,15,14,16,24,16,47,68,0.0003,0.0017,0.0955,0.0405,0.0046,0.0053,5.4121,0.0239,0.0000,0.9144,0.0003,0.3992,0.1367,0.0012,0.0005,0.0000,0.0000,0.0004
2071,24.9946,0.0000,16.8235,5.2487,,true,0,0.008333,0.0000,0.0000,1.00,0.00,0.0000,22,1,335,361,0,0,100,5,17,17,0,0,45079,1415,0,0,880869376,0.000000,0.000000,0.000000,0.00,0,0,0,0,0,20,39,31,15,15,15,15,14,16,24,16,47,68,0.0004,0.0013,0.0348,0.0365,0.0038,0.0027,5.2487,0.0111,0.0000,0.9479,0.0004,0.3181,0.1164,0.0009,0.0004,0.0000,0.0000,0.0007
2072,25.0116,0.0000,17.2070,5.6108,,true,0,0.008333,0.0000,0.0000,1.00,0.00,0.0000,22,1,335,361,0,0,100,5,17,17,0,0,45079,1415,0,0,880869376,0.000000,0.000000,0.000000,0.00,0,0,0,0,0,20,39,31,15,15,15,15,14,16,24,16,47,68,0.0003,0.0011,0.0458,0.0318,0.0035,0.0029,5.6108,0.0127,0.0000,0.9579,0.0003,0.4151,0.1386,0.0012,0.0006,0.0000,0.0000,0.0006
2073,25.0278,0.0000,17.1707,5.1270,,true,0,0.008333,0.0000,0.0000,1.00,0.00,0.0000,22,1,335,361,0,0,100,5,17,17,0,0,45079,1415,0,0,880869376,0.000000,0.000000,0.000000,0.00,0,0,0,0,0,20,39,31,15,15,15,15,14,16,24,16,47,68,0.0003,0.0011,0.0627,0.0404,0.0035,0.0022,5.1270,0.0161,0.0000,0.9813,0.0004,0.3980,0.2250,0.0011,0.0011,0.0000,0.0000,0.0003
2074,25.0449,0.0000,16.2345,5.5528,,true,0,0.008333,0.0000,0.0000,1.00,0.00,0.0000,22,1,335,361,0,0,100,5,17,17,0,0,45079,1415,0,0,880869376,0.000000,0.000000,0.000000,0.00,0,0,0,0,0,20,39,31,15,15,15,15,14,16,24,16,47,68,0.0003,0.0011,0.0565,0.0418,0.0041,0.0027,5.5528,0.0111,0.0000,1.2465,0.0077,0.5614,0.1772,0.0010,0.0006,0.0000,0.0000,0.0005
2075,25.0614,0.0000,16.0264,5.3590,,true,0,0.008333,0.0000,0.0000,1.00,0.00,0.0000,22,1,335,361,0,0,100,5,17,17,0,0,45079,1415,0,0,880869376,0.000000,0.000000,0.000000,0.00,0,0,0,0,0,20,39,31,15,15,15,15,14,16,24,16,47,68,0.0003,0.0015,0.0370,0.0397,0.0051,0.0042,5.3590,0.0098,0.0000,0.9270,0.0004,0.3973,0.1410,0.0010,0.0007,0.0000,0.0000,0.0005
2076,25.0783,0.0000,16.8394,5.6396,,true,0,0.008333,0.0000,0.0000,1.00,0.00,0.0000,22,1,335,361,0,0,100,5,17,17,0,0,45079,1415,0,0,880869376,0.000000,0.000000,0.000000,0.00,0,0,0,0,0,20,39,31,15,15,15,15,14,16,24,16,47,68,0.0002,0.0013,0.0392,0.0353,0.0038,0.0028,5.6396,0.0116,0.0000,1.0755,0.0005,0.4908,0.1805,0.0026,0.0009,0.0000,0.0000,0.0005
2077,25.0949,0.0000,16.7231,5.3524,,true,0,0.008333,0.0000,0.0000,1.00,0.00,0.0000,22,1,335,361,0,0,100,5,17,17,0,0,45079,1415,0,0,880869376,0.000000,0.000000,0.000000,0.00,0,0,0,0,0,20,39,31,15,15,15,15,14,16,24,16,47,68,0.0002,0.0012,0.0420,0.0348,0.0035,0.0026,5.3524,0.0139,0.0000,0.9082,0.0005,0.3926,0.1468,0.0011,0.0008,0.0000,0.0000,0.0006
2078,25.1112,0.0000,16.8501,5.2448,,true,0,0.008333,0.0000,0.0000,1.00,0.00,0.0000,22,1,335,361,0,0,100,5,17,17,0,0,45079,1415,0,0,880869376,0.000000,0.000000,0.000000,0.00,0,0,0,0,0,20,39,31,15,15,15,15,14,16,24,16,47,68,0.0004,0.0013,0.0479,0.0465,0.0048,0.0060,5.2448,0.0098,0.0000,0.9652,0.0005,0.4077,0.1687,0.0017,0.0006,0.0000,0.0000,0.0005
2079,25.1280,0.0000,15.9894,5.3496,,true,0,0.008333,0.0000,0.0000,1.00,0.00,0.0000,22,1,335,361,0,0,100,5,17,17,0,0,45079,1415,0,0,880869376,0.000000,0.000000,0.000000,0.00,0,0,0,0,0,20,39,31,15,15,15,15,14,16,24,16,47,68,0.0002,0.0012,0.0625,0.0502,0.0036,0.0035,5.3496,0.0166,0.0000,1.0905,0.0003,0.4204,0.2223,0.0010,0.0006,0.0000,0.0000,0.0004
2080,25.1444,0.0000,17.1778,5.0646,,true,0,0.008333,0.0000,0.0000,1.00,0.00,0.0000,22,1,335,361,0,0,100,5,17,17,0,0,45079,1415,0,0,880869376,0.000000,0.000000,0.000000,0.00,0,0,0,0,0,20,39,31,15,15,15,15,14,16,24,16,47,68,0.0002,0.0014,0.0354,0.0408,0.0043,0.0047,5.0646,0.0110,0.0000,0.9037,0.0006,0.3961,0.1371,0.0011,0.0006,0.0000,0.0000,0.0005
2081,25.1615,0.0000,16.3553,5.5184,,true,0,0.008333,0.0000,0.0000,1.00,0.00,0.0000,22,1,335,361,0,0,100,5,17,17,0,0,45079,1415,0,0,880869376,0.000000,0.000000,0.000000,0.00,0,0,0,0,0,20,39,31,15,15,15,15,14,16,24,16,47,68,0.0004,0.0017,0.0438,0.0596,0.0041,0.0050,5.5184,0.0147,0.0000,0.9457,0.0004,0.4021,0.1460,0.0011,0.0005,0.0000,0.0000,0.0007
2082,25.1782,0.0000,16.5174,5.6107,,true,0,0.008333,0.0000,0.0000,1.00,0.00,0.0000,22,1,335,361,0,0,100,5,17,17,0,0,45079,1415,0,0,880869376,0.000000,0.000000,0.000000,0.00,0,0,0,0,0,20,39,31,15,15,15,15,14,16,24,16,47,68,0.0013,0.0016,0.0390,0.0492,0.0047,0.0054,5.6107,0.0118,0.0000,1.0248,0.0003,0.4204,0.1464,0.0013,0.0003,0.0000,0.0000,0.0004
2083,25.1947,0.0000,16.8722,5.4363,,true,0,0.008333,0.0000,0.0000,1.00,0.00,0.0000,22,1,335,361,0,0,100,5,17,17,0,0,45079,1415,0,0,880869376,0.000000,0.000000,0.000000,0.00,0,0,0,0,0,20,39,31,15,15,15,15,14,16,24,16,47,68,0.0001,0.0011,0.0378,0.0309,0.0033,0.0031,5.4363,0.0130,0.0000,0.9472,0.0014,0.4404,0.1453,0.0010,0.0017,0.0000,0.0000,0.0002
2084,25.2163,0.0000,17.1021,10.3203,,true,0,0.008333,0.0000,0.0000,1.00,0.00,0.0000,22,1,335,361,0,0,100,5,17,17,0,0,45079,1415,0,0,880869376,0.000000,0.000000,0.000000,0.00,0,0,0,0,0,20,39,31,15,15,15,15,14,16,24,16,47,68,0.0002,0.0010,0.0449,0.0327,0.0030,0.0026,10.3203,0.0104,0.0000,6.2793,0.0003,0.3950,0.1176,0.7391,0.0005,0.0000,0.0000,4.6625
2085,25.2279,0.0000,16.7587,5.1561,,true,0,0.008333,0.0000,0.0000,1.00,0.00,0.0000,22,1,335,361,0,0,100,5,17,17,0,0,45079,1415,0,0,880869376,0.000000,0.000000,0.000000,0.00,0,0,0,0,0,20,39,31,15,15,15,15,14,16,24,16,47,68,0.0003,0.0011,0.0409,0.0387,0.0030,0.0031,5.1561,0.0088,0.0000,0.9120,0.0003,0.4210,0.1216,0.0006,0.0004,0.0000,0.0000,0.0003
2086,25.2444,0.0000,21.2655,5.1027,,true,0,0.008333,0.0000,0.0000,1.00,0.00,0.0000,22,1,335,361,0,0,100,5,17,17,0,0,45079,1415,0,0,880869376,0.000000,0.000000,0.000000,0.00,0,0,0,0,0,20,39,31,15,15,15,15,14,16,24,16,47,68,0.0004,0.0012,0.0356,0.0369,0.0075,0.0023,5.1027,0.0103,0.0000,0.8846,0.0005,0.3804,0.1441,0.0006,0.0005,0.0000,0.0000,0.0003
2087,25.2616,0.0000,12.5958,5.6069,,true,0,0.008333,0.0000,0.0000,1.00,0.00,0.0000,22,1,335,361,0,0,100,5,17,17,0,0,45079,1415,0,0,880869376,0.000000,0.000000,0.000000,0.00,0,0,0,0,0,20,39,31,15,15,15,15,14,16,24,16,47,68,0.0003,0.0015,0.0416,0.0488,0.0050,0.0036,5.6069,0.0300,0.0000,0.9360,0.0003,0.4101,0.1588,0.0023,0.0003,0.0000,0.0000,0.0003
2088,25.2782,0.0000,15.4117,5.5370,,true,0,0.008333,0.0000,0.0000,1.00,0.00,0.0000,22,1,335,361,0,0,100,5,17,17,0,0,45079,1415,0,0,880869376,0.000000,0.000000,0.000000,0.00,0,0,0,0,0,20,39,31,15,15,15,15,14,16,24,16,47,68,0.0003,0.0018,0.0370,0.0489,0.0042,0.0035,5.5370,0.0137,0.0000,1.1859,0.0006,0.4409,0.1579,0.0010,0.0006,0.0000,0.0000,0.0004
2089,25.2942,0.0000,17.4700,4.9365,,true,0,0.008333,0.0000,0.0000,1.00,0.00,0.0000,22,1,335,361,0,0,100,5,17,17,0,0,45079,1415,0,0,880869376,0.000000,0.000000,0.000000,0.00,0,0,0,0,0,20,39,31,15,15,15,15,14,16,24,16,47,68,0.0002,0.0014,0.0450,0.0347,0.0041,0.0038,4.9365,0.0089,0.0000,0.9076,0.0003,0.3971,0.1362,0.0014,0.0006,0.0000,0.0000,0.0004
2090,25.3116,0.0000,16.1682,5.5797,,true,0,0.008333,0.0000,0.0000,1.00,0.00,0.0000,22,1,335,361,0,0,100,5,17,17,0,0,45079,1415,0,0,880869376,0.000000,0.000000,0.000000,0.00,0,0,0,0,0,20,39,31,15,15,15,15,14,16,24,16,47,68,0.0001,0.0024,0.0482,0.0476,0.0064,0.0051,5.5797,0.0273,0.0000,0.9922,0.0003,0.4002,0.1602,0.0008,0.0009,0.0000,0.0000,0.0003
2091,25.3284,0.0000,16.4763,5.8015,,true,0,0.008333,0.0000,0.0000,1.00,0.00,0.0000,22,1,335,361,0,0,100,5,17,17,0,0,45079,1415,0,0,880869376,0.000000,0.000000,0.000000,0.00,0,0,0,0,0,20,39,31,15,15,15,15,14,16,24,16,47,68,0.0003,0.0013,0.0374,0.0374,0.0125,0.0030,5.8015,0.0105,0.0000,0.9820,0.0004,0.4013,0.1360,0.0006,0.0004,0.0000,0.0000,0.0003
2092,25.3443,0.0000,17.8071,5.0165,,true,0,0.008333,0.0000,0.0000,1.00,0.00,0.0000,22,1,335,361,0,0,100,5,17,17,0,0,45079,1415,0,0,880869376,0.000000,0.000000,0.000000,0.00,0,0,0,0,0,20,39,31,15,15,15,15,14,16,24,16,47,68,0.0005,0.0017,0.0372,0.0405,0.0036,0.0043,5.0165,0.0123,0.0000,1.0235,0.0003,0.4021,0.1106,0.0009,0.0011,0.0000,0.0000,0.0007
2093,25.3615,0.0000,15.9110,5.5504,,true,0,0.008333,0.0000,0.0000,1.00,0.00,0.0000,22,1,335,361,0,0,100,5,17,17,0,0,45079,1415,0,0,880869376,0.000000,0.000000,0.000000,0.00,0,0,0,0,0,20,39,31,15,15,15,15,14,16,24,16,47,68,0.0007,0.0027,0.0419,0.0454,0.0046,0.0048,5.5504,0.0144,0.0000,0.9579,0.0007,0.4186,0.1504,0.0008,0.0010,0.0000,0.0000,0.0008
2094,25.3784,0.0000,16.2141,5.6423,,true,0,0.008333,0.0000,0.0000,1.00,0.00,0.0000,22,1,335,361,0,0,100,5,17,17,0,0,45079,1415,0,0,880869376,0.000000,0.000000,0.000000,0.00,0,0,0,0,0,20,39,31,15,15,15,15,14,16,24,16,47,68,0.0004,0.0015,0.0406,0.0347,0.0039,0.0044,5.6423,0.0146,0.0000,1.1709,0.0005,0.5445,0.1430,0.0013,0.0005,0.0000,0.0000,0.0003
2095,25.3950,0.0000,17.3976,5.7264,,true,0,0.008333,0.0000,0.0000,1.00,0.00,0.0000,22,1,335,361,0,0,100,5,17,17,0,0,45079,1415,0,0,880869376,0.000000,0.000000,0.000000,0.00,0,0,0,0,0,20,39,31,15,15,15,15,14,16,24,16,47,68,0.0002,0.0017,0.0479,0.0362,0.0032,0.0035,5.7264,0.0112,0.0000,0.7792,0.0003,0.3000,0.1099,0.0007,0.0005,0.0000,0.0000,0.0002
2096,25.4113,0.0000,17.4661,5.2362,,true,0,0.008333,0.0000,0.0000,1.00,0.00,0.0000,22,1,335,361,0,0,100,5,17,17,0,0,45079,1415,0,0,880869376,0.000000,0.000000,0.000000,0.00,0,0,0,0,0,20,39,31,15,15,15,15,14,16,24,16,47,68,0.0002,0.0011,0.0365,0.0385,0.0042,0.0022,5.2362,0.0136,0.0000,0.8952,0.0004,0.3934,0.1444,0.0011,0.0006,0.0000,0.0000,0.0003
2097,25.4279,0.0000,16.2008,5.2578,,true,0,0.008333,0.0000,0.0000,1.00,0.00,0.0000,22,1,335,361,0,0,100,5,17,17,0,0,45079,1415,0,0,880869376,0.000000,0.000000,0.000000,0.00,0,0,0,0,0,20,39,31,15,15,15,15,14,16,24,16,47,68,0.0009,0.0021,0.0490,0.0464,0.0063,0.0052,5.2578,0.0162,0.0000,0.9905,0.0003,0.4147,0.1471,0.0009,0.0003,0.0000,0.0000,0.0002
2098,25.4451,0.0000,15.8690,5.7038,,true,0,0.008333,0.0000,0.0000,1.00,0.00,0.0000,22,1,335,361,0,0,100,5,17,17,0,0,45079,1415,0,0,880869376,0.000000,0.000000,0.000000,0.00,0,0,0,0,0,20,39,31,15,15,15,15,14,16,24,16,47,68,0.0006,0.0014,0.0479,0.0495,0.0061,0.0045,5.7038,0.0110,0.0000,1.0045,0.0006,0.4137,0.1774,0.0020,0.0008,0.0000,0.0000,0.0003
2099,25.4610,0.0000,16.5988,5.0380,,true,0,0.008333,0.0000,0.0000,1.00,0.00,0.0000,22,1,335,361,0,0,100,5,17,17,0,0,45079,1415,0,0,880869376,0.000000,0.000000,0.000000,0.00,0,0,0,0,0,20,39,31,15,15,15,15,14,16,24,16,47,68,0.0003,0.0012,0.0417,0.0363,0.0041,0.0025,5.0380,0.0127,0.0000,0.9749,0.0004,0.4552,0.1389,0.0009,0.0010,0.0000,0.0000,0.0003
2100,25.4784,0.0000,17.4393,5.7495,,true,0,0.008333,0.0000,0.0000,1.00,0.00,0.0000,22,1,335,361,0,0,100,5,17,17,0,0,45079,1415,0,0,880869376,0.000000,0.000000,0.000000,0.00,0,0,0,0,0,20,39,31,15,15,15,15,14,16,24,16,47,68,0.0004,0.0018,0.0655,0.0532,0.0072,0.0055,5.7495,0.0326,0.0000,1.1709,0.0006,0.5047,0.1557,0.0012,0.0012,0.0000,0.0000,0.0006
2101,25.4947,0.0000,15.6935,5.3566,,true,0,0.008333,0.0000,0.0000,1.00,0.00,0.0000,22,1,335,361,0,0,100,5,17,17,0,0,45079,1415,0,0,880869376,0.000000,0.000000,0.000000,0.00,0,0,0,0,0,20,39,31,15,15,15,15,14,16,24,16,47,68,0.0002,0.0016,0.0440,0.0347,0.0041,0.0034,5.3566,0.0138,0.0000,0.9037,0.0003,0.3987,0.1386,0.0008,0.0005,0.0000,0.0000,0.0002
2102,25.5115,0.0000,18.2974,5.5441,,true,0,0.008333,0.0000,0.0000,1.00,0.00,0.0000,22,1,335,361,0,0,100,5,17,17,0,0,45079,1415,0,0,880869376,0.000000,0.000000,0.000000,0.00,0,0,0,0,0,20,39,31,15,15,15,15,14,16,24,16,47,68,0.0002,0.0014,0.0344,0.0455,0.0047,0.0042,5.5441,0.0117,0.0000,0.9584,0.0003,0.4232,0.1374,0.0040,0.0002,0.0000,0.0000,0.0005
2103,25.5277,0.0000,15.4120,5.1029,,true,0,0.008333,0.0000,0.0000,1.00,0.00,0.0000,22,1,335,361,0,0,100,5,17,17,0,0,45079,1415,0,0,880869376,0.000000,0.000000,0.000000,0.00,0,0,0,0,0,20,39,31,15,15,15,15,14,16,24,16,47,68,0.0003,0.0013,0.0393,0.0395,0.0033,0.0027,5.1029,0.0124,0.0000,1.0422,0.0007,0.4546,0.1419,0.0011,0.0004,0.0000,0.0000,0.0005
2104,25.5441,0.0000,16.8964,4.8128,,true,0,0.008333,0.0000,0.0000,1.00,0.00,0.0000,22,1,335,361,0,0,100,5,17,17,0,0,45079,1415,0,0,880869376,0.000000,0.000000,0.000000,0.00,0,0,0,0,0,20,39,31,15,15,15,15,14,16,24,16,47,68,0.0003,0.0014,0.0405,0.0419,0.0050,0.0027,4.8128,0.0131,0.0000,1.0000,0.0003,0.4154,0.1411,0.0006,0.0005,0.0000,0.0000,0.0006
2105,25.5609,0.0000,15.8501,4.8739,,true,0,0.008333,0.0000,0.0000,1.00,0.00,0.0000,22,1,335,361,0,0,100,5,17,17,0,0,45079,1415,0,0,880869376,0.000000,0.000000,0.000000,0.00,0,0,0,0,0,20,39,31,15,15,15,15,14,16,24,16,47,68,0.0002,0.0012,0.0442,0.0501,0.0058,0.0021,4.8739,0.0149,0.0000,1.0099,0.0003,0.4355,0.1474,0.0013,0.0006,0.0000,0.0000,0.0004
2106,25.5775,0.0000,16.2607,4.8028,,true,0,0.008333,0.0000,0.0000,1.00,0.00,0.0000,22,1,335,361,0,0,100,5,17,17,0,0,45079,1415,0,0,880869376,0.000000,0.000000,0.000000,0.00,0,0,0,0,0,20,39,31,15,15,15,15,14,16,24,16,47,68,0.0006,0.0015,0.0390,0.0390,0.0054,0.0040,4.8028,0.0133,0.0000,0.9323,0.0005,0.4180,0.1424,0.0007,0.0005,0.0000,0.0000,0.0005
2107,25.5945,0.0000,17.1312,5.1493,,true,0,0.008333,0.0000,0.0000,1.00,0.00,0.0000,22,1,335,361,0,0,100,5,17,17,0,0,45079,1415,0,0,880869376,0.000000,0.000000,0.000000,0.00,0,0,0,0,0,20,39,31,15,15,15,15,14,16,24,16,47,68,0.0003,0.0023,0.0432,0.0544,0.0097,0.0089,5.1493,0.0151,0.0000,0.9964,0.0005,0.4152,0.1564,0.0011,0.0007,0.0000,0.0000,0.0003
2108,25.6107,0.0000,16.1104,4.6964,,true,0,0.008333,0.0000,0.0000,1.00,0.00,0.0000,22,1,335,361,0,0,100,5,17,17,0,0,45079,1415,0,0,880869376,0.000000,0.000000,0.000000,0.00,0,0,0,0,0,20,39,31,15,15,15,15,14,16,24,16,47,68,0.0003,0.0017,0.0408,0.0393,0.0043,0.0045,4.6964,0.0141,0.0000,0.9516,0.0004,0.4003,0.1717,0.0020,0.0009,0.0000,0.0000,0.0003
2109,25.6277,0.0000,17.2548,5.0700,,true,0,0.008333,0.0000,0.0000,1.00,0.00,0.0000,22,1,335,361,0,0,100,5,17,17,0,0,45079,1415,0,0,880869376,0.000000,0.000000,0.000000,0.00,0,0,0,0,0,20,39,31,15,15,15,15,14,16,24,16,47,68,0.0002,0.0017,0.0407,0.0514,0.0056,0.0040,5.0700,0.0116,0.0000,1.0317,0.0004,0.4166,0.1378,0.0009,0.0011,0.0000,0.0000,0.0006
2110,25.6440,0.0000,16.0375,4.7502,,true,0,0.008333,0.0000,0.0000,1.00,0.00,0.0000,22,1,335,361,0,0,100,5,17,17,0,0,45079,1415,0,0,880869376,0.000000,0.000000,0.000000,0.00,0,0,0,0,0,20,39,31,15,15,15,15,14,16,24,16,47,68,0.0003,0.0009,0.0439,0.0307,0.0033,0.0024,4.7502,0.0107,0.0000,0.8928,0.0005,0.3929,0.1407,0.0009,0.0006,0.0000,0.0000,0.0003
2111,25.6606,0.0000,17.3697,4.6521,,true,0,0.008333,0.0000,0.0000,1.00,0.00,0.0000,22,1,335,361,0,0,100,5,17,17,0,0,45079,1415,0,0,880869376,0.000000,0.000000,0.000000,0.00,0,0,0,0,0,20,39,31,15,15,15,15,14,16,24,16,47,68,0.0002,0.0013,0.0470,0.0344,0.0038,0.0031,4.6521,0.0198,0.0000,0.9662,0.0002,0.4322,0.1426,0.0012,0.0005,0.0000,0.0000,0.0004
2112,25.6778,0.0000,15.9216,5.1509,,true,0,0.008333,0.0000,0.0000,1.00,0.00,0.0000,22,1,335,361,0,0,100,5,17,17,0,0,45079,1415,0,0,880869376,0.000000,0.000000,0.000000,0.00,0,0,0,0,0,20,39,31,15,15,15,15,14,16,24,16,47,68,0.0003,0.0013,0.0372,0.0524,0.0070,0.0052,5.1509,0.0129,0.0000,1.0495,0.0003,0.4414,0.1462,0.0016,0.0010,0.0000,0.0000,0.0004
2113,25.6944,0.0000,16.6282,5.0434,,true,0,0.008333,0.0000,0.0000,1.00,0.00,0.0000,22,1,335,361,0,0,100,5,17,17,0,0,45079,1415,0,0,880869376,0.000000,0.000000,0.000000,0.00,0,0,0,0,0,20,39,31,15,15,15,15,14,16,24,16,47,68,0.0004,0.0012,0.0508,0.0394,0.0052,0.0043,5.0434,0.0172,0.0000,0.9230,0.0004,0.3959,0.1401,0.0006,0.0009,0.0000,0.0000,0.0004
2114,25.7111,0.0000,17.3497,5.1017,,true,0,0.008333,0.0000,0.0000,1.00,0.00,0.0000,22,1,335,361,0,0,100,5,17,17,0,0,45079,1415,0,0,880869376,0.000000,0.000000,0.000000,0.00,0,0,0,0,0,20,39,31,15,15,15,15,14,16,24,16,47,68,0.0003,0.0011,0.0320,0.0420,0.0042,0.0045,5.1017,0.0122,0.0000,0.9257,0.0003,0.3821,0.1674,0.0014,0.0008,0.0000,0.0000,0.0003
2115,25.7273,0.0000,16.6522,4.7295,,true,0,0.008333,0.0000,0.0000,1.00,0.00,0.0000,22,1,335,361,0,0,100,5,17,17,0,0,45079,1415,0,0,880869376,0.000000,0.000000,0.000000,0.00,0,0,0,0,0,20,39,31,15,15,15,15,14,16,24,16,47,68,0.0002,0.0010,0.0395,0.0339,0.0031,0.0028,4.7295,0.0125,0.0000,0.8877,0.0005,0.3871,0.1331,0.0010,0.0006,0.0000,0.0000,0.0004
2116,25.7441,0.0000,17.0185,4.8059,,true,0,0.008333,0.0000,0.0000,1.00,0.00,0.0000,22,1,335,361,0,0,100,5,17,17,0,0,45079,1415,0,0,880869376,0.000000,0.000000,0.000000,0.00,0,0,0,0,0,20,39,31,15,15,15,15,14,16,24,16,47,68,0.0002,0.0009,0.0367,0.0301,0.0039,0.0023,4.8059,0.0130,0.0000,0.9398,0.0003,0.3987,0.1661,0.0014,0.0005,0.0000,0.0000,0.0003
2117,25.7611,0.0000,15.7172,5.1149,,true,0,0.008333,0.0000,0.0000,1.00,0.00,0.0000,22,1,335,361,0,0,100,5,17,17,0,0,45079,1415,0,0,880869376,0.000000,0.000000,0.000000,0.00,0,0,0,0,0,20,39,31,15,15,15,15,14,16,24,16,47,68,0.0006,0.0017,0.0415,0.0440,0.0052,0.0059,5.1149,0.0113,0.0000,0.9511,0.0001,0.4226,0.1420,0.0008,0.0005,0.0000,0.0000,0.0004
2118,25.7778,0.0000,16.9697,5.2387,,true,0,0.008333,0.0000,0.0000,1.00,0.00,0.0000,22,1,335,361,0,0,100,5,17,17,0,0,45079,1415,0,0,880869376,0.000000,0.000000,0.000000,0.00,0,0,0,0,0,20,39,31,15,15,15,15,14,16,24,16,47,68,0.0003,0.0012,0.0370,0.0466,0.0036,0.0029,5.2387,0.0103,0.0000,1.0122,0.0004,0.4275,0.1457,0.0008,0.0004,0.0000,0.0000,0.0003
2119,25.7941,0.0000,17.4945,4.8424,,true,0,0.008333,0.0000,0.0000,1.00,0.00,0.0000,22,1,335,361,0,0,100,5,17,17,0,0,45079,1415,0,0,880869376,0.000000,0.000000,0.000000,0.00,0,0,0,0,0,20,39,31,15,15,15,15,14,16,24,16,47,68,0.0005,0.0010,0.0369,0.0381,0.0042,0.0041,4.8424,0.0111,0.0000,0.7340,0.0003,0.2929,0.1230,0.0010,0.0006,0.0000,0.0000,0.0006
2120,25.8115,0.0000,16.0773,5.5574,,true,0,0.008333,0.0000,0.0000,1.00,0.00,0.0000,22,1,335,361,0,0,100,5,17,17,0,0,45079,1415,0,0,880869376,0.000000,0.000000,0.000000,0.00,0,0,0,0,0,20,39,31,15,15,15,15,14,16,24,16,47,68,0.0006,0.0015,0.0492,0.0562,0.0063,0.0048,5.5574,0.0162,0.0000,1.0095,0.0006,0.4289,0.1735,0.0020,0.0002,0.0000,0.0000,0.0008
2121,25.8279,0.0000,16.5586,5.2743,,true,0,0.008333,0.0000,0.0000,1.00,0.00,0.0000,22,1,335,361,0,0,100,5,17,17,0,0,45079,1415,0,0,880869376,0.000000,0.000000,0.000000,0.00,0,0,0,0,0,20,39,31,15,15,15,15,14,16,24,16,47,68,0.0003,0.0015,0.0373,0.0460,0.0041,0.0047,5.2743,0.0125,0.0000,1.0188,0.0004,0.4354,0.1356,0.0012,0.0004,0.0000,0.0000,0.0003
2122,25.8443,0.0000,17.3331,4.9471,,true,0,0.008333,0.0000,0.0000,1.00,0.00,0.0000,22,1,335,361,0,0,100,5,17,17,0,0,45079,1415,0,0,880869376,0.000000,0.000000,0.000000,0.00,0,0,0,0,0,20,39,31,15,15,15,15,14,16,24,16,47,68,0.0002,0.0009,0.0406,0.0321,0.0031,0.0023,4.9471,0.0127,0.0000,0.6916,0.0002,0.2915,0.1115,0.0007,0.0006,0.0000,0.0000,0.0004
2123,25.8612,0.0000,16.1760,5.1673,,true,0,0.008333,0.0000,0.0000,1.00,0.00,0.0000,22,1,335,361,0,0,100,5,17,17,0,0,45079,1415,0,0,880869376,0.000000,0.000000,0.000000,0.00,0,0,0,0,0,20,39,31,15,15,15,15,14,16,24,16,47,68,0.0002,0.0015,0.0400,0.0427,0.0046,0.0042,5.1673,0.0183,0.0000,0.9083,0.0003,0.3904,0.1594,0.0008,0.0004,0.0000,0.0000,0.0003
2124,25.8780,0.0000,16.3373,5.3351,,true,0,0.008333,0.0000,0.0000,1.00,0.00,0.0000,22,1,335,361,0,0,100,5,17,17,0,0,45079,1415,0,0,880869376,0.000000,0.000000,0.000000,0.00,0,0,0,0,0,20,39,31,15,15,15,15,14,16,24,16,47,68,0.0004,0.0022,0.0422,0.0405,0.0051,0.0076,5.3351,0.0200,0.0000,0.7627,0.0006,0.3206,0.1111,0.0007,0.0010,0.0000,0.0000,0.0003
2125,25.8944,0.0000,16.7119,5.1117,,true,0,0.008333,0.0000,0.0000,1.00,0.00,0.0000,22,1,335,361,0,0,100,5,17,17,0,0,45079,1415,0,0,880869376,0.000000,0.000000,0.000000,0.00,0,0,0,0,0,20,39,31,15,15,15,15,14,16,24,16,47,68,0.0003,0.0010,0.0672,0.0327,0.0043,0.0025,5.1117,0.0135,0.0000,0.9116,0.0003,0.3903,0.1372,0.0010,0.0004,0.0000,0.0000,0.0006
2126,25.9110,0.0000,17.0445,5.0857,,true,0,0.008333,0.0000,0.0000,1.00,0.00,0.0000,22,1,335,361,0,0,100,5,17,17,0,0,45079,1415,0,0,880869376,0.000000,0.000000,0.000000,0.00,0,0,0,0,0,20,39,31,15,15,15,15,14,16,24,16,47,68,0.0003,0.0013,0.0454,0.0364,0.0048,0.0028,5.0857,0.0145,0.0000,0.9677,0.0005,0.3923,0.1651,0.0012,0.0008,0.0000,0.0000,0.0002
2127,25.9275,0.0000,16.2263,4.8679,,true,0,0.008333,0.0000,0.0000,1.00,0.00,0.0000,22,1,335,361,0,0,100,5,17,17,0,0,45079,1415,0,0,880869376,0.000000,0.000000,0.000000,0.00,0,0,0,0,0,20,39,31,15,15,15,15,14,16,24,16,47,68,0.0004,0.0010,0.0324,0.0394,0.0030,0.0022,4.8679,0.0088,0.0000,0.7592,0.0002,0.3272,0.0988,0.0006,0.0006,0.0000,0.0000,0.0002
2128,25.9438,0.0000,17.4575,4.4940,,true,0,0.008333,0.0000,0.0000,1.00,0.00,0.0000,22,1,335,361,0,0,100,5,17,17,0,0,45079,1415,0,0,880869376,0.000000,0.000000,0.000000,0.00,0,0,0,0,0,20,39,31,15,15,15,15,14,16,24,16,47,68,0.0002,0.0007,0.0341,0.0458,0.0045,0.0021,4.4940,0.0154,0.0000,0.6893,0.0002,0.2789,0.1394,0.0010,0.0001,0.0000,0.0000,0.0001
2129,25.9612,0.0000,15.6806,5.1467,,true,0,0.008333,0.0000,0.0000,1.00,0.00,0.0000,22,1,335,361,0,0,100,5,17,17,0,0,45079,1415,0,0,880869376,0.000000,0.000000,0.000000,0.00,0,0,0,0,0,20,39,31,15,15,15,15,14,16,24,16,47,68,0.0005,0.0016,0.0314,0.0545,0.0059,0.0052,5.1467,0.0235,0.0000,0.7519,0.0003,0.2856,0.1505,0.0014,0.0013,0.0000,0.0000,0.0007
2130,25.9809,0.0000,16.3179,8.2444,,true,0,0.008333,0.0000,0.0000,1.00,0.00,0.0000,22,1,335,361,0,0,100,5,17,17,0,0,45079,1415,0,0,880869376,0.000000,0.000000,0.000000,0.00,0,0,0,0,0,20,39,31,15,15,15,15,14,16,24,16,47,68,0.0001,0.0009,0.0400,0.0576,0.0055,0.0036,8.2444,0.0076,0.0000,4.4148,0.0003,0.2811,0.1059,0.6101,0.0004,0.0000,0.0000,3.1393
2131,25.9946,0.0000,17.4661,5.2537,,true,0,0.008333,0.0000,0.0000,1.00,0.00,0.0000,22,1,335,361,0,0,100,5,17,17,0,0,45079,1415,0,0,880869376,0.000000,0.000000,0.000000,0.00,0,0,0,0,0,20,39,31,15,15,15,15,14,16,24,16,47,68,0.0002,0.0012,0.0582,0.0394,0.0068,0.0024,5.2537,0.0126,0.0000,1.0030,0.0003,0.4457,0.1921,0.0010,0.0005,0.0000,0.0000,0.0003
2132,26.0111,0.0000,19.8872,5.1371,,true,0,0.008333,0.0000,0.0000,1.00,0.00,0.0000,22,1,335,361,0,0,100,5,17,17,0,0,45079,1415,0,0,880869376,0.000000,0.000000,0.000000,0.00,0,0,0,0,0,20,39,31,15,15,15,15,14,16,24,16,47,68,0.0004,0.0007,0.0427,0.0378,0.0026,0.0029,5.1371,0.0105,0.0000,0.9420,0.0004,0.4074,0.1345,0.0010,0.0004,0.0000,0.0000,0.0003
2133,26.0275,0.0000,14.6388,4.8206,,true,0,0.008333,0.0000,0.0000,1.00,0.00,0.0000,22,1,335,361,0,0,100,5,17,17,0,0,45079,1415,0,0,880869376,0.000000,0.000000,0.000000,0.00,0,0,0,0,0,20,39,31,15,15,15,15,14,16,24,16,47,68,0.0004,0.0013,0.0321,0.0418,0.0050,0.0034,4.8206,0.0141,0.0000,0.8410,0.0003,0.3200,0.1263,0.0009,0.0007,0.0000,0.0000,0.0004
2134,26.0446,0.0000,14.9328,5.2602,,true,0,0.008333,0.0000,0.0000,1.00,0.00,0.0000,22,1,335,361,0,0,100,5,17,17,0,0,45079,1415,0,0,880869376,0.000000,0.000000,0.000000,0.00,0,0,0,0,0,20,39,31,15,15,15,15,14,16,24,16,47,68,0.0002,0.0013,0.0445,0.0367,0.0045,0.0038,5.2602,0.0247,0.0000,0.9688,0.0004,0.4071,0.1811,0.0011,0.0011,0.0000,0.0000,0.0006
2135,26.0608,0.0000,16.7898,4.8263,,true,0,0.008333,0.0000,0.0000,1.00,0.00,0.0000,22,1,335,361,0,0,100,5,17,17,0,0,45079,1415,0,0,880869376,0.000000,0.000000,0.000000,0.00,0,0,0,0,0,20,39,31,15,15,15,15,14,16,24,16,47,68,0.0003,0.0013,0.0416,0.0395,0.0031,0.0034,4.8263,0.0125,0.0000,0.9267,0.0003,0.3898,0.1330,0.0009,0.0004,0.0000,0.0000,0.0003
2136,26.0781,0.0000,17.6106,5.3930,,true,0,0.008333,0.0000,0.0000,1.00,0.00,0.0000,22,1,335,361,0,0,100,5,17,17,0,0,45079,1415,0,0,880869376,0.000000,0.000000,0.000000,0.00,0,0,0,0,0,20,39,31,15,15,15,15,14,16,24,16,47,68,0.0001,0.0014,0.0843,0.0373,0.0050,0.0026,5.3930,0.0168,0.0000,0.9895,0.0005,0.4183,0.1783,0.0014,0.0005,0.0000,0.0000,0.0005
2137,26.0942,0.0000,15.5945,4.9316,,true,0,0.008333,0.0000,0.0000,1.00,0.00,0.0000,22,1,335,361,0,0,100,5,17,17,0,0,45079,1415,0,0,880869376,0.000000,0.000000,0.000000,0.00,0,0,0,0,0,20,39,31,15,15,15,15,14,16,24,16,47,68,0.0003,0.0012,0.0421,0.0320,0.0035,0.0036,4.9316,0.0122,0.0000,0.9089,0.0003,0.3920,0.1404,0.0005,0.0002,0.0000,0.0000,0.0003
2138,26.1109,0.0000,17.9235,4.9766,,true,0,0.008333,0.0000,0.0000,1.00,0.00,0.0000,22,1,335,361,0,0,100,5,17,17,0,0,45079,1415,0,0,880869376,0.000000,0.000000,0.000000,0.00,0,0,0,0,0,20,39,31,15,15,15,15,14,16,24,16,47,68,0.0002,0.0012,0.0395,0.0395,0.0040,0.0031,4.9766,0.0116,0.0000,0.9685,0.0001,0.4395,0.1436,0.0012,0.0006,0.0000,0.0000,0.0004
2139,26.1278,0.0000,15.6736,5.0630,,true,0,0.008333,0.0000,0.0000,1.00,0.00,0.0000,22,1,335,361,0,0,100,5,17,17,0,0,45079,1415,0,0,880869376,0.000000,0.000000,0.000000,0.00,0,0,0,0,0,20,39,31,15,15,15,15,14,16,24,16,47,68,0.0004,0.0017,0.0405,0.0405,0.0036,0.0041,5.0630,0.0115,0.0000,0.9868,0.0002,0.4158,0.1339,0.0009,0.0004,0.0000,0.0000,0.0003
2140,26.1439,0.0000,17.5269,4.6534,,true,0,0.008333,0.0000,0.0000,1.00,0.00,0.0000,22,1,335,361,0,0,100,5,17,17,0,0,45079,1415,0,0,880869376,0.000000,0.000000,0.000000,0.00,0,0,0,0,0,20,39,31,15,15,15,15,14,16,24,16,47,68,0.0005,0.0015,0.0339,0.0416,0.0044,0.0037,4.6534,0.0087,0.0000,0.7094,0.0002,0.2856,0.1214,0.0012,0.0008,0.0000,0.0000,0.0003
2141,26.1612,0.0000,16.2342,5.2452,,true,0,0.008333,0.0000,0.0000,1.00,0.00,0.0000,22,1,335,361,0,0,100,5,17,17,0,0,45079,1415,0,0,880869376,0.000000,0.000000,0.000000,0.00,0,0,0,0,0,20,39,31,15,15,15,15,14,16,24,16,47,68,0.0004,0.0013,0.0486,0.0492,0.0055,0.0039,5.2452,0.0180,0.0000,0.9063,0.0005,0.3795,0.1602,0.0015,0.0003,0.0000,0.0000,0.0004
2142,26.1773,0.0000,16.2863,4.7012,,true,0,0.008333,0.0000,0.0000,1.00,0.00,0.0000,22,1,335,361,0,0,100,5,17,17,0,0,45079,1415,0,0,880869376,0.000000,0.000000,0.000000,0.00,0,0,0,0,0,20,39,31,15,15,15,15,14,16,24,16,47,68,0.0001,0.0012,0.0414,0.0384,0.0043,0.0036,4.7012,0.0103,0.0000,0.9147,0.0006,0.4109,0.1313,0.0008,0.0004,0.0000,0.0000,0.0003
2143,26.1944,0.0000,17.0764,5.0848,,true,0,0.008333,0.0000,0.0000,1.00,0.00,0.0000,22,1,335,361,0,0,100,5,17,17,0,0,45079,1415,0,0,880869376,0.000000,0.000000,0.000000,0.00,0,0,0,0,0,20,39,31,15,15,15,15,14,16,24,16,47,68,0.0002,0.0009,0.0536,0.0402,0.0049,0.0025,5.0848,0.0123,0.0000,0.9834,0.0002,0.4508,0.1539,0.0017,0.0005,0.0000,0.0000,0.0004
2144,26.2110,0.0000,16.9358,5.0029,,true,0,0.008333,0.0000,0.0000,1.00,0.00,0.0000,22,1,335,361,0,0,100,5,17,17,0,0,45079,1415,0,0,880869376,0.000000,0.000000,0.000000,0.00,0,0,0,0,0,20,39,31,15,15,15,15,14,16,24,16,47,68,0.0002,0.0009,0.0461,0.0315,0.0030,0.0025,5.0029,0.0122,0.0000,0.8863,0.0003,0.4016,0.1337,0.0011,0.0007,0.0000,0.0000,0.0004
2145,26.2278,0.0000,16.3722,5.1674,,true,0,0.008333,0.0000,0.0000,1.00,0.00,0.0000,22,1,335,361,0,0,100,5,17,17,0,0,45079,1415,0,0,880869376,0.000000,0.000000,0.000000,0.00,0,0,0,0,0,20,39,31,15,15,15,15,14,16,24,16,47,68,0.0003,0.0015,0.0560,0.0440,0.0070,0.0046,5.1674,0.0163,0.0000,1.0024,0.0003,0.4086,0.1301,0.0006,0.0004,0.0000,0.0000,0.0003
2146,26.2442,0.0000,16.6356,4.8712,,true,0,0.008333,0.0000,0.0000,1.00,0.00,0.0000,22,1,335,361,0,0,100,5,17,17,0,0,45079,1415,0,0,880869376,0.000000,0.000000,0.000000,0.00,0,0,0,0,0,20,39,31,15,15,15,15,14,16,24,16,47,68,0.0004,0.0011,0.0400,0.0322,0.0030,0.0025,4.8712,0.0127,0.0000,0.8982,0.0004,0.3929,0.1358,0.0008,0.0004,0.0000,0.0000,0.0005
2147,26.2608,0.0000,16.7989,4.8466,,true,0,0.008333,0.0000,0.0000,1.00,0.00,0.0000,22,1,335,361,0,0,100,5,17,17,0,0,45079,1415,0,0,880869376,0.000000,0.000000,0.000000,0.00,0,0,0,0,0,20,39,31,15,15,15,15,14,16,24,16,47,68,0.0002,0.0016,0.0473,0.0409,0.0039,0.0052,4.8466,0.0191,0.0000,0.8986,0.0003,0.4018,0.1292,0.0007,0.0005,0.0000,0.0000,0.0003
2148,26.2779,0.0000,16.2239,5.3022,,true,0,0.008333,0.0000,0.0000,1.00,0.00,0.0000,22,1,335,361,0,0,100,5,17,17,0,0,45079,1415,0,0,880869376,0.000000,0.000000,0.000000,0.00,0,0,0,0,0,20,39,31,15,15,15,15,14,16,24,16,47,68,0.0002,0.0016,0.0316,0.0518,0.0065,0.0040,5.3022,0.0119,0.0000,0.7553,0.0002,0.3133,0.1351,0.0014,0.0006,0.0000,0.0000,0.0003
2149,26.2942,0.0000,17.1672,4.8856,,true,0,0.008333,0.0000,0.0000,1.00,0.00,0.0000,22,1,335,361,0,0,100,5,17,17,0,0,45079,1415,0,0,880869376,0.000000,0.000000,0.000000,0.00,0,0,0,0,0,20,39,31,15,15,15,15,14,16,24,16,47,68,0.0002,0.0012,0.0448,0.0388,0.0035,0.0038,4.8856,0.0118,0.0000,0.9286,0.0003,0.4071,0.1464,0.0015,0.0003,0.0000,0.0000,0.0004
2150,26.3113,0.0000,16.2763,5.3194,,true,0,0.008333,0.0000,0.0000,1.00,0.00,0.0000,22,1,335,361,0,0,100,5,17,17,0,0,45079,1415,0,0,880869376,0.000000,0.000000,0.000000,0.00,0,0,0,0,0,20,39,31,15,15,15,15,14,16,24,16,47,68,0.0003,0.0013,0.0502,0.0471,0.0053,0.0049,5.3194,0.0190,0.0000,0.9129,0.0003,0.3965,0.1416,0.0008,0.0006,0.0000,0.0000,0.0003
2151,26.3274,0.0000,16.9041,4.8287,,true,0,0.008333,0.0000,0.0000,1.00,0.00,0.0000,22,1,335,361,0,0,100,5,17,17,0,0,45079,1415,0,0,880869376,0.000000,0.000000,0.000000,0.00,0,0,0,0,0,20,39,31,15,15,15,15,14,16,24,16,47,68,0.0003,0.0010,0.0476,0.0318,0.0034,0.0031,4.8287,0.0121,0.0000,0.8925,0.0003,0.4017,0.1399,0.0007,0.0004,0.0000,0.0000,0.0002
2152,26.3442,0.0000,17.2133,4.9391,,true,0,0.008333,0.0000,0.0000,1.00,0.00,0.0000,22,1,335,361,0,0,100,5,17,17,0,0,45079,1415,0,0,880869376,0.000000,0.000000,0.000000,0.00,0,0,0,0,0,20,39,31,15,15,15,15,14,16,24,16,47,68,0.0004,0.0012,0.0362,0.0378,0.0037,0.0030,4.9391,0.0117,0.0000,0.8944,0.0008,0.3726,0.1441,0.0019,0.0007,0.0000,0.0000,0.0003
2153,26.3613,0.0000,15.6929,5.2679,,true,0,0.008333,0.0000,0.0000,1.00,0.00,0.0000,22,1,335,361,0,0,100,5,17,17,0,0,45079,1415,0,0,880869376,0.000000,0.000000,0.000000,0.00,0,0,0,0,0,20,39,31,15,15,15,15,14,16,24,16,47,68,0.0003,0.0013,0.0414,0.0479,0.0063,0.0041,5.2679,0.0142,0.0000,0.9385,0.0004,0.4063,0.1427,0.0013,0.0006,0.0000,0.0000,0.0003
2154,26.3792,0.0000,16.7812,6.5489,,true,0,0.008333,0.0000,0.0000,1.00,0.00,0.0000,22,1,335,361,0,0,100,5,17,17,0,0,45079,1415,0,0,880869376,0.000000,0.000000,0.000000,0.00,0,0,0,0,0,20,39,31,15,15,15,15,14,16,24,16,47,68,0.0003,0.0024,0.0506,0.0463,0.0076,0.0077,6.5489,0.0246,0.0000,1.2071,0.0007,0.5189,0.1785,0.0008,0.0010,0.0000,0.0000,0.0004
2155,26.3948,0.0000,16.8491,5.4954,,true,0,0.008333,0.0000,0.0000,1.00,0.00,0.0000,22,1,335,361,0,0,100,5,17,17,0,0,45079,1415,0,0,880869376,0.000000,0.000000,0.000000,0.00,0,0,0,0,0,20,39,31,15,15,15,15,14,16,24,16,47,68,0.0002,0.0009,0.0412,0.0271,0.0030,0.0028,5.4954,0.0098,0.0000,0.8785,0.0001,0.3757,0.1283,0.0007,0.0003,0.0000,0.0000,0.0002
2156,26.4106,0.0000,18.6912,4.6188,,true,0,0.008333,0.0000,0.0000,1.00,0.00,0.0000,22,1,335,361,0,0,100,5,17,17,0,0,45079,1415,0,0,880869376,0.000000,0.000000,0.000000,0.00,0,0,0,0,0,20,39,31,15,15,15,15,14,16,24,16,47,68,0.0004,0.0012,0.0352,0.0417,0.0050,0.0036,4.6188,0.0118,0.0000,0.7190,0.0003,0.3031,0.1091,0.0009,0.0008,0.0000,0.0000,0.0003
2157,26.4280,0.0000,15.5187,5.3458,,true,0,0.008333,0.0000,0.0000,1.00,0.00,0.0000,22,1,335,361,0,0,100,5,17,17,0,0,45079,1415,0,0,880869376,0.000000,0.000000,0.000000,0.00,0,0,0,0,0,20,39,31,15,15,15,15,14,16,24,16,47,68,0.0005,0.0018,0.0324,0.0368,0.0043,0.0032,5.3458,0.0123,0.0000,1.1776,0.0006,0.5927,0.1805,0.0010,0.0007,0.0000,0.0000,0.0005
2158,26.4443,0.0000,15.6508,4.9786,,true,0,0.008333,0.0000,0.0000,1.00,0.00,0.0000,22,1,335,361,0,0,100,5,17,17,0,0,45079,1415,0,0,880869376,0.000000,0.000000,0.000000,0.00,0,0,0,0,0,20,39,31,15,15,15,15,14,16,24,16,47,68,0.0003,0.0012,0.0376,0.0336,0.0037,0.0031,4.9786,0.0139,0.0000,0.8885,0.0004,0.3854,0.1379,0.0010,0.0007,0.0000,0.0000,0.0003
2159,26.4622,0.0000,17.2645,6.1060,,true,0,0.008333,0.0000,0.0000,1.00,0.00,0.0000,22,1,335,361,0,0,100,5,17,17,0,0,45079,1415,0,0,880869376,0.000000,0.000000,0.000000,0.00,0,0,0,0,0,20,39,31,15,15,15,15,14,16,24,16,47,68,0.0002,0.0017,0.0440,0.0469,0.0051,0.0042,6.1060,0.0184,0.0000,1.0559,0.0006,0.4229,0.1918,0.0019,0.0006,0.0000,0.0000,0.0004
2160,26.4780,0.0000,15.7980,5.4062,,true,0,0.008333,0.0000,0.0000,1.00,0.00,0.0000,22,1,335,361,0,0,100,5,17,17,0,0,45079,1415,0,0,880869376,0.000000,0.000000,0.000000,0.00,0,0,0,0,0,20,39,31,15,15,15,15,14,16,24,16,47,68,0.0004,0.0011,0.0418,0.0348,0.0037,0.0026,5.4062,0.0112,0.0000,0.8859,0.0002,0.3902,0.1382,0.0007,0.0005,0.0000,0.0000,0.0003
2161,26.4943,0.0000,18.3611,5.0640,,true,0,0.008333,0.0000,0.0000,1.00,0.00,0.0000,22,1,335,361,0,0,100,5,17,17,0,0,45079,1415,0,0,880869376,0.000000,0.000000,0.000000,0.00,0,0,0,0,0,20,39,31,15,15,15,15,14,16,24,16,47,68,0.0002,0.0024,0.0360,0.0442,0.0054,0.0031,5.0640,0.0107,0.0000,0.9054,0.0004,0.3908,0.1345,0.0010,0.0008,0.0000,0.0000,0.0003
2162,26.5116,0.0000,15.8048,5.6065,,true,0,0.008333,0.0000,0.0000,1.00,0.00,0.0000,22,1,335,361,0,0,100,5,17,17,0,0,45079,1415,0,0,880869376,0.000000,0.000000,0.000000,0.00,0,0,0,0,0,20,39,31,15,15,15,15,14,16,24,16,47,68,0.0003,0.0017,0.0395,0.0436,0.0039,0.0045,5.6065,0.0134,0.0000,0.9406,0.0004,0.4094,0.1496,0.0016,0.0006,0.0000,0.0000,0.0003
2163,26.5279,0.0000,16.2273,5.3387,,true,0,0.008333,0.0000,0.0000,1.00,0.00,0.0000,22,1,335,361,0,0,100,5,17,17,0,0,45079,1415,0,0,880869376,0.000000,0.000000,0.000000,0.00,0,0,0,0,0,20,39,31,15,15,15,15,14,16,24,16,47,68,0.0002,0.0013,0.0517,0.0415,0.0038,0.0030,5.3387,0.0118,0.0000,1.0126,0.0005,0.4133,0.1454,0.0011,0.0003,0.0000,0.0000,0.0003
2164,26.5444,0.0000,17.4207,5.0796,,true,0,0.008333,0.0000,0.0000,1.00,0.00,0.0000,22,1,335,361,0,0,100,5,17,17,0,0,45079,1415,0,0,880869376,0.000000,0.000000,0.000000,0.00,0,0,0,0,0,20,39,31,15,15,15,15,14,16,24,16,47,68,0.0002,0.0011,0.0533,0.0338,0.0041,0.0026,5.0796,0.0122,0.0000,0.9348,0.0004,0.3827,0.1642,0.0013,0.0005,0.0000,0.0000,0.0003
2165,26.5609,0.0000,15.7907,4.9590,,true,0,0.008333,0.0000,0.0000,1.00,0.00,0.0000,22,1,335,361,0,0,100,5,17,17,0,0,45079,1415,0,0,880869376,0.000000,0.000000,0.000000,0.00,0,0,0,0,0,20,39,31,15,15,15,15,14,16,24,16,47,68,0.0004,0.0014,0.0487,0.0399,0.0056,0.0041,4.9590,0.0152,0.0000,0.9478,0.0005,0.4237,0.1308,0.0010,0.0003,0.0000,0.0000,0.0001
2166,26.5777,0.0000,16.8580,5.1239,,true,0,0.008333,0.0000,0.0000,1.00,0.00,0.0000,22,1,335,361,0,0,100,5,17,17,0,0,45079,1415,0,0,880869376,0.000000,0.000000,0.000000,0.00,0,0,0,0,0,20,39,31,15,15,15,15,14,16,24,16,47,68,0.0005,0.0009,0.0389,0.0417,0.0045,0.0034,5.1239,0.0226,0.0000,0.9399,0.0003,0.3916,0.1784,0.0018,0.0003,0.0000,0.0000,0.0002
2167,26.5943,0.0000,16.4893,5.0486,,true,0,0.008333,0.0000,0.0000,1.00,0.00,0.0000,22,1,335,361,0,0,100,5,17,17,0,0,45079,1415,0,0,880869376,0.000000,0.000000,0.000000,0.00,0,0,0,0,0,20,39,31,15,15,15,15,14,16,24,16,47,68,0.0002,0.0024,0.0376,0.0452,0.0055,0.0044,5.0486,0.0171,0.0000,1.0745,0.0003,0.4618,0.1135,0.0007,0.0006,0.0000,0.0000,0.0005
2168,26.6108,0.0000,16.8487,4.8503,,true,0,0.008333,0.0000,0.0000,1.00,0.00,0.0000,22,1,335,361,0,0,100,5,17,17,0,0,45079,1415,0,0,880869376,0.000000,0.000000,0.000000,0.00,0,0,0,0,0,20,39,31,15,15,15,15,14,16,24,16,47,68,0.0002,0.0017,0.0460,0.0566,0.0050,0.0058,4.8503,0.0102,0.0000,1.0093,0.0006,0.4173,0.1727,0.0012,0.0006,0.0000,0.0000,0.0003
2169,26.6278,0.0000,16.4723,5.0970,,true,0,0.008333,0.0000,0.0000,1.00,0.00,0.0000,22,1,335,361,0,0,100,5,17,17,0,0,45079,1415,0,0,880869376,0.000000,0.000000,0.000000,0.00,0,0,0,0,0,20,39,31,15,15,15,15,14,16,24,16,47,68,0.0002,0.0012,0.0347,0.0398,0.0033,0.0031,5.0970,0.0117,0.0000,0.9904,0.0007,0.4061,0.1431,0.0011,0.0012,0.0000,0.0000,0.0003
2170,26.6442,0.0000,16.2236,4.8994,,true,0,0.008333,0.0000,0.0000,1.00,0.00,0.0000,22,1,335,361,0,0,100,5,17,17,0,0,45079,1415,0,0,880869376,0.000000,0.000000,0.000000,0.00,0,0,0,0,0,20,39,31,15,15,15,15,14,16,24,16,47,68,0.0002,0.0009,0.0380,0.0326,0.0031,0.0023,4.8994,0.0106,0.0000,0.8908,0.0002,0.3945,0.1290,0.0006,0.0004,0.0000,0.0000,0.0003
2171,26.6607,0.0000,17.8063,4.7327,,true,0,0.008333,0.0000,0.0000,1.00,0.00,0.0000,22,1,335,361,0,0,100,5,17,17,0,0,45079,1415,0,0,880869376,0.000000,0.000000,0.000000,0.00,0,0,0,0,0,20,39,31,15,15,15,15,14,16,24,16,47,68,0.0002,0.0012,0.0426,0.0382,0.0048,0.0044,4.7327,0.0136,0.0000,0.9142,0.0003,0.3982,0.1434,0.0008,0.0005,0.0000,0.0000,0.0003
2172,26.6778,0.0000,15.8567,5.1224,,true,0,0.008333,0.0000,0.0000,1.00,0.00,0.0000,22,1,335,361,0,0,100,5,17,17,0,0,45079,1415,0,0,880869376,0.000000,0.000000,0.000000,0.00,0,0,0,0,0,20,39,31,15,15,15,15,14,16,24,16,47,68,0.0005,0.0011,0.0397,0.0366,0.0029,0.0036,5.1224,0.0153,0.0000,0.9866,0.0008,0.4160,0.1764,0.0023,0.0008,0.0000,0.0000,0.0003
2173,26.6940,0.0000,16.4137,4.7005,,true,0,0.008333,0.0000,0.0000,1.00,0.00,0.0000,22,1,335,361,0,0,100,5,17,17,0,0,45079,1415,0,0,880869376,0.000000,0.000000,0.000000,0.00,0,0,0,0,0,20,39,31,15,15,15,15,14,16,24,16,47,68,0.0002,0.0012,0.0330,0.0360,0.0050,0.0031,4.7005,0.0104,0.0000,0.9572,0.0003,0.4018,0.1493,0.0008,0.0004,0.0000,0.0000,0.0005
2174,26.7109,0.0000,17.2824,4.9495,,true,0,0.008333,0.0000,0.0000,1.00,0.00,0.0000,22,1,335,361,0,0,100,5,17,17,0,0,45079,1415,0,0,880869376,0.000000,0.000000,0.000000,0.00,0,0,0,0,0,20,39,31,15,15,15,15,14,16,24,16,47,68,0.0002,0.0013,0.0405,0.0343,0.0031,0.0030,4.9495,0.0122,0.0000,0.9481,0.0005,0.4004,0.1645,0.0014,0.0008,0.0000,0.0000,0.0003
2175,26.7328,0.0000,16.1613,10.1460,,true,0,0.008333,0.0000,0.0000,1.00,0.00,0.0000,22,1,335,361,0,0,100,5,17,17,0,0,45079,1415,0,0,880869376,0.000000,0.000000,0.000000,0.00,0,0,0,0,0,20,39,31,15,15,15,15,14,16,24,16,47,68,0.0004,0.0024,0.0388,0.0445,0.0047,0.0051,10.1460,0.0092,0.0000,5.9711,0.0002,0.3813,0.1194,0.7375,0.0003,0.0000,0.0000,4.2833
2176,26.7465,0.0000,17.2326,6.9220,,true,0,0.008333,0.0000,0.0000,1.00,0.00,0.0000,22,1,335,361,0,0,100,5,17,17,0,0,45079,1415,0,0,880869376,0.000000,0.000000,0.000000,0.00,0,0,0,0,0,20,39,31,15,15,15,15,14,16,24,16,47,68,0.0003,0.0024,0.0422,0.0496,0.0068,0.0055,6.9220,0.0133,0.0000,1.0361,0.0002,0.4121,0.1682,0.0014,0.0005,0.0000,0.0000,0.0005
2177,26.7603,0.0000,21.7896,4.4314,,true,0,0.008333,0.0000,0.0000,1.00,0.00,0.0000,22,1,335,361,0,0,100,5,17,17,0,0,45079,1415,0,0,880869376,0.000000,0.000000,0.000000,0.00,0,0,0,0,0,20,39,31,15,15,15,15,14,16,24,16,47,68,0.0006,0.0009,0.0342,0.0328,0.0030,0.0024,4.4314,0.0088,0.0000,0.8640,0.0003,0.3904,0.1260,0.0008,0.0003,0.0000,0.0000,0.0002
2178,26.7776,0.0000,14.0558,5.0214,,true,0,0.008333,0.0000,0.0000,1.00,0.00,0.0000,22,1,335,361,0,0,100,5,17,17,0,0,45079,1415,0,0,880869376,0.000000,0.000000,0.000000,0.00,0,0,0,0,0,20,39,31,15,15,15,15,14,16,24,16,47,68,0.0002,0.0013,0.0577,0.0380,0.0038,0.0034,5.0214,0.0158,0.0000,1.0975,0.0003,0.5092,0.2125,0.0014,0.0006,0.0000,0.0000,0.0003
2179,26.7945,0.0000,14.2601,5.1130,,true,0,0.008333,0.0000,0.0000,1.00,0.00,0.0000,22,1,335,361,0,0,100,5,17,17,0,0,45079,1415,0,0,880869376,0.000000,0.000000,0.000000,0.00,0,0,0,0,0,20,39,31,15,15,15,15,14,16,24,16,47,68,0.0012,0.0024,0.0344,0.0423,0.0035,0.0046,5.1130,0.0129,0.0000,1.1242,0.0005,0.4983,0.1402,0.0015,0.0005,0.0000,0.0000,0.0007
2180,26.8107,0.0000,16.1546,4.7867,,true,0,0.008333,0.0000,0.0000,1.00,0.00,0.0000,22,1,335,361,0,0,100,5,17,17,0,0,45079,1415,0,0,880869376,0.000000,0.000000,0.000000,0.00,0,0,0,0,0,20,39,31,15,15,15,15,14,16,24,16,47,68,0.0003,0.0011,0.0373,0.0377,0.0039,0.0051,4.7867,0.0150,0.0000,0.9334,0.0003,0.4036,0.1635,0.0011,0.0006,0.0000,0.0000,0.0004
2181,26.8277,0.0000,17.0301,5.0369,,true,0,0.008333,0.0000,0.0000,1.00,0.00,0.0000,22,1,335,361,0,0,100,5,17,17,0,0,45079,1415,0,0,880869376,0.000000,0.000000,0.000000,0.00,0,0,0,0,0,20,39,31,15,15,15,15,14,16,24,16,47,68,0.0003,0.0020,0.0313,0.0379,0.0052,0.0066,5.0369,0.0105,0.0000,0.7380,0.0003,0.3131,0.1130,0.0010,0.0006,0.0000,0.0000,0.0007
2182,26.8450,0.0000,16.1950,5.6620,,true,0,0.008333,0.0000,0.0000,1.00,0.00,0.0000,22,1,335,361,0,0,100,5,17,17,0,0,45079,1415,0,0,880869376,0.000000,0.000000,0.000000,0.00,0,0,0,0,0,20,39,31,15,15,15,15,14,16,24,16,47,68,0.0002,0.0016,0.0508,0.0403,0.0049,0.0030,5.6620,0.0185,0.0000,0.9607,0.0004,0.4203,0.1579,0.0010,0.0006,0.0000,0.0000,0.0005
2183,26.8608,0.0000,17.0068,4.8582,,true,0,0.008333,0.0000,0.0000,1.00,0.00,0.0000,22,1,335,361,0,0,100,5,17,17,0,0,45079,1415,0,0,880869376,0.000000,0.000000,0.000000,0.00,0,0,0,0,0,20,39,31,15,15,15,15,14,16,24,16,47,68,0.0002,0.0012,0.0466,0.0436,0.0066,0.0036,4.8582,0.0101,0.0000,0.9509,0.0003,0.3894,0.1387,0.0007,0.0003,0.0000,0.0000,0.0004
2184,26.8778,0.0000,17.1265,5.0931,,true,0,0.008333,0.0000,0.0000,1.00,0.00,0.0000,22,1,335,361,0,0,100,5,17,17,0,0,45079,1415,0,0,880869376,0.000000,0.000000,0.000000,0.00,0,0,0,0,0,20,39,31,15,15,15,15,14,16,24,16,47,68,0.0002,0.0021,0.0451,0.0455,0.0063,0.0076,5.0931,0.0201,0.0000,0.9869,0.0005,0.4073,0.1808,0.0019,0.0009,0.0000,0.0000,0.0006
2185,26.8942,0.0000,15.8194,4.8688,,true,0,0.008333,0.0000,0.0000,1.00,0.00,0.0000,22,1,335,361,0,0,100,5,17,17,0,0,45079,1415,0,0,880869376,0.000000,0.000000,0.000000,0.00,0,0,0,0,0,20,39,31,15,15,15,15,14,16,24,16,47,68,0.0004,0.0011,0.0404,0.0538,0.0053,0.0040,4.8688,0.0107,0.0000,0.9090,0.0004,0.3941,0.1318,0.0007,0.0003,0.0000,0.0000,0.0003
2186,26.9110,0.0000,17.0102,5.0349,,true,0,0.008333,0.0000,0.0000,1.00,0.00,0.0000,22,1,335,361,0,0,100,5,17,17,0,0,45079,1415,0,0,880869376,0.000000,0.000000,0.000000,0.00,0,0,0,0,0,20,39,31,15,15,15,15,14,16,24,16,47,68,0.0004,0.0016,0.0446,0.0373,0.0036,0.0060,5.0349,0.0177,0.0000,0.9466,0.0005,0.4030,0.1659,0.0013,0.0003,0.0000,0.0000,0.0002
2187,26.9275,0.0000,16.5390,4.8481,,true,0,0.008333,0.0000,0.0000,1.00,0.00,0.0000,22,1,335,361,0,0,100,5,17,17,0,0,45079,1415,0,0,880869376,0.000000,0.000000,0.000000,0.00,0,0,0,0,0,20,39,31,15,15,15,15,14,16,24,16,47,68,0.0003,0.0015,0.0392,0.0434,0.0028,0.0053,4.8481,0.0103,0.0000,0.8997,0.0002,0.3894,0.1476,0.0009,0.0007,0.0000,0.0000,0.0005
2188,26.9445,0.0000,16.7282,5.2339,,true,0,0.008333,0.0000,0.0000,1.00,0.00,0.0000,22,1,335,361,0,0,100,5,17,17,0,0,45079,1415,0,0,880869376,0.000000,0.000000,0.000000,0.00,0,0,0,0,0,20,39,31,15,15,15,15,14,16,24,16,47,68,0.0006,0.0017,0.0394,0.0371,0.0033,0.0030,5.2339,0.0121,0.0000,1.0618,0.0005,0.4408,0.1174,0.0010,0.0008,0.0000,0.0000,0.0004
2189,26.9613,0.0000,16.2720,5.2598,,true,0,0.008333,0.0000,0.0000,1.00,0.00,0.0000,22,1,335,361,0,0,100,5,17,17,0,0,45079,1415,0,0,880869376,0.000000,0.000000,0.000000,0.00,0,0,0,0,0,20,39,31,15,15,15,15,14,16,24,16,47,68,0.0003,0.0014,0.0374,0.0459,0.0055,0.0058,5.2598,0.0133,0.0000,0.9044,0.0004,0.3944,0.1308,0.0011,0.0005,0.0000,0.0000,0.0004
2190,26.9774,0.0000,17.3340,4.8104,,true,0,0.008333,0.0000,0.0000,1.00,0.00,0.0000,22,1,335,361,0,0,100,5,17,17,0,0,45079,1415,0,0,880869376,0.000000,0.000000,0.000000,0.00,0,0,0,0,0,20,39,31,15,15,15,15,14,16,24,16,47,68,0.0003,0.0015,0.0314,0.0519,0.0058,0.0051,4.8104,0.0139,0.0000,0.8379,0.0005,0.3035,0.1088,0.0017,0.0004,0.0000,0.0000,0.0003
2191,26.9949,0.0000,17.0847,5.5733,,true,0,0.008333,0.0000,0.0000,1.00,0.00,0.0000,22,1,335,361,0,0,100,5,17,17,0,0,45079,1415,0,0,880869376,0.000000,0.000000,0.000000,0.00,0,0,0,0,0,20,39,31,15,15,15,15,14,16,24,16,47,68,0.0003,0.0016,0.0603,0.0703,0.0057,0.0037,5.5733,0.0133,0.0000,0.9417,0.0005,0.3055,0.1641,0.0005,0.0005,0.0000,0.0000,0.0003
2192,27.0115,0.0000,16.0907,5.4548,,true,0,0.008333,0.0000,0.0000,1.00,0.00,0.0000,22,1,335,361,0,0,100,5,17,17,0,0,45079,1415,0,0,880869376,0.000000,0.000000,0.000000,0.00,0,0,0,0,0,20,39,31,15,15,15,15,14,16,24,16,47,68,0.0002,0.0011,0.0420,0.0373,0.0035,0.0024,5.4548,0.0143,0.0000,0.8975,0.0003,0.3914,0.1298,0.0009,0.0004,0.0000,0.0000,0.0003
2193,27.0279,0.0000,17.6633,5.3198,,true,0,0.008333,0.0000,0.0000,1.00,0.00,0.0000,22,1,335,361,0,0,100,5,17,17,0,0,45079,1415,0,0,880869376,0.000000,0.000000,0.000000,0.00,0,0,0,0,0,20,39,31,15,15,15,15,14,16,24,16,47,68,0.0003,0.0024,0.0408,0.0407,0.0041,0.0056,5.3198,0.0110,0.0000,1.0721,0.0004,0.4196,0.1305,0.0008,0.0005,0.0000,0.0000,0.0005
2194,27.0444,0.0000,16.2287,5.0582,,true,0,0.008333,0.0000,0.0000,1.00,0.00,0.0000,22,1,335,361,0,0,100,5,17,17,0,0,45079,1415,0,0,880869376,0.000000,0.000000,0.000000,0.00,0,0,0,0,0,20,39,31,15,15,15,15,14,16,24,16,47,68,0.0003,0.0013,0.0469,0.0403,0.0038,0.0029,5.0582,0.0147,0.0000,0.8973,0.0003,0.3872,0.1337,0.0011,0.0007,0.0000,0.0000,0.0005
2195,27.0614,0.0000,16.5572,5.3296,,true,0,0.008333,0.0000,0.0000,1.00,0.00,0.0000,22,1,335,361,0,0,100,5,17,17,0,0,45079,1415,0,0,880869376,0.000000,0.000000,0.000000,0.00,0,0,0,0,0,20,39,31,15,15,15,15,14,16,24,16,47,68,0.0003,0.0017,0.0481,0.0505,0.0040,0.0038,5.3296,0.0131,0.0000,0.9553,0.0003,0.4079,0.1460,0.0013,0.0004,0.0000,0.0000,0.0007
2196,27.0778,0.0000,15.9340,5.1904,,true,0,0.008333,0.0000,0.0000,1.00,0.00,0.0000,22,1,335,361,0,0,100,5,17,17,0,0,45079,1415,0,0,880869376,0.000000,0.000000,0.000000,0.00,0,0,0,0,0,20,39,31,15,15,15,15,14,16,24,16,47,68,0.0003,0.0013,0.0359,0.0349,0.0038,0.0028,5.1904,0.0135,0.0000,0.9225,0.0003,0.4034,0.1568,0.0011,0.0004,0.0000,0.0000,0.0003
2197,27.0938,0.0000,17.5243,4.5725,,true,0,0.008333,0.0000,0.0000,1.00,0.00,0.0000,22,1,335,361,0,0,100,5,17,17,0,0,45079,1415,0,0,880869376,0.000000,0.000000,0.000000,0.00,0,0,0,0,0,20,39,31,15,15,15,15,14,16,24,16,47,68,0.0002,0.0014,0.0376,0.0488,0.0051,0.0022,4.5725,0.0134,0.0000,0.7639,0.0002,0.2961,0.1023,0.0010,0.0005,0.0000,0.0000,0.0004
2198,27.1109,0.0000,16.1013,4.9193,,true,0,0.008333,0.0000,0.0000,1.00,0.00,0.0000,22,1,335,361,0,0,100,5,17,17,0,0,45079,1415,0,0,880869376,0.000000,0.000000,0.000000,0.00,0,0,0,0,0,20,39,31,15,15,15,15,14,16,24,16,47,68,0.0004,0.0009,0.0410,0.0348,0.0030,0.0027,4.9193,0.0223,0.0000,0.7472,0.0004,0.2993,0.1392,0.0017,0.0007,0.0000,0.0000,0.0003
2199,27.1275,0.0000,16.6348,4.9203,,true,0,0.008333,0.0000,0.0000,1.00,0.00,0.0000,22,1,335,361,0,0,100,5,17,17,0,0,45079,1415,0,0,880869376,0.000000,0.000000,0.000000,0.00,0,0,0,0,0,20,39,31,15,15,15,15,14,16,24,16,47,68,0.0003,0.0011,0.0459,0.0325,0.0035,0.0029,4.9203,0.0169,0.0000,0.9160,0.0003,0.4059,0.1382,0.0010,0.0004,0.0000,0.0000,0.0003
2200,27.1441,0.0000,16.7712,4.8253,,true,0,0.008333,0.0000,0.0000,1.00,0.00,0.0000,22,1,335,361,0,0,100,5,17,17,0,0,45079,1415,0,0,880869376,0.000000,0.000000,0.000000,0.00,0,0,0,0,0,20,39,31,15,15,15,15,14,16,24,16,47,68,0.0005,0.0012,0.0446,0.0409,0.0044,0.0050,4.8253,0.0165,0.0000,0.9067,0.0003,0.3841,0.1358,0.0006,0.0006,0.0000,0.0000,0.0003
2201,27.1614,0.0000,16.5337,5.4300,,true,0,0.008333,0.0000,0.0000,1.00,0.00,0.0000,22,1,335,361,0,0,100,5,17,17,0,0,45079,1415,0,0,880869376,0.000000,0.000000,0.000000,0.00,0,0,0,0,0,20,39,31,15,15,15,15,14,16,24,16,47,68,0.0002,0.0014,0.0520,0.0415,0.0049,0.0043,5.4300,0.0213,0.0000,0.9819,0.0005,0.3959,0.1784,0.0021,0.0005,0.0000,0.0000,0.0005
2202,27.1777,0.0000,16.3819,5.1400,,true,0,0.008333,0.0000,0.0000,1.00,0.00,0.0000,22,1,335,361,0,0,100,5,17,17,0,0,45079,1415,0,0,880869376,0.000000,0.000000,0.000000,0.00,0,0,0,0,0,20,39,31,15,15,15,15,14,16,24,16,47,68,0.0002,0.0010,0.0466,0.0417,0.0049,0.0064,5.1400,0.0133,0.0000,0.8772,0.0003,0.3801,0.1319,0.0008,0.0004,0.0000,0.0000,0.0005
2203,27.1943,0.0000,17.3519,5.0529,,true,0,0.008333,0.0000,0.0000,1.00,0.00,0.0000,22,1,335,361,0,0,100,5,17,17,0,0,45079,1415,0,0,880869376,0.000000,0.000000,0.000000,0.00,0,0,0,0,0,20,39,31,15,15,15,15,14,16,24,16,47,68,0.0004,0.0011,0.0436,0.0339,0.0031,0.0027,5.0529,0.0145,0.0000,0.8459,0.0004,0.3554,0.1215,0.0024,0.0006,0.0000,0.0000,0.0004
2204,27.2111,0.0000,16.6291,5.1068,,true,0,0.008333,0.0000,0.0000,1.00,0.00,0.0000,22,1,335,361,0,0,100,5,17,17,0,0,45079,1415,0,0,880869376,0.000000,0.000000,0.000000,0.00,0,0,0,0,0,20,39,31,15,15,15,15,14,16,24,16,47,68,0.0003,0.0018,0.0337,0.0361,0.0031,0.0041,5.1068,0.0106,0.0000,0.6856,0.0002,0.2881,0.1064,0.0006,0.0003,0.0000,0.0000,0.0004
2205,27.2278,0.0000,16.4366,5.1244,,true,0,0.008333,0.0000,0.0000,1.00,0.00,0.0000,22,1,335,361,0,0,100,5,17,17,0,0,45079,1415,0,0,880869376,0.000000,0.000000,0.000000,0.00,0,0,0,0,0,20,39,31,15,15,15,15,14,16,24,16,47,68,0.0003,0.0013,0.0353,0.0414,0.0043,0.0027,5.1244,0.0109,0.0000,0.9165,0.0003,0.4036,0.1489,0.0009,0.0003,0.0000,0.0000,0.0004
2206,27.2443,0.0000,17.0515,4.9782,,true,0,0.008333,0.0000,0.0000,1.00,0.00,0.0000,22,1,335,361,0,0,100,5,17,17,0,0,45079,1415,0,0,880869376,0.000000,0.000000,0.000000,0.00,0,0,0,0,0,20,39,31,15,15,15,15,14,16,24,16,47,68,0.0002,0.0010,0.0404,0.0311,0.0030,0.0025,4.9782,0.0113,0.0000,0.8809,0.0002,0.3798,0.1377,0.0007,0.0003,0.0000,0.0000,0.0002
2207,27.2609,0.0000,16.5230,4.9598,,true,0,0.008333,0.0000,0.0000,1.00,0.00,0.0000,22,1,335,361,0,0,100,5,17,17,0,0,45079,1415,0,0,880869376,0.000000,0.000000,0.000000,0.00,0,0,0,0,0,20,39,31,15,15,15,15,14,16,24,16,47,68,0.0005,0.0010,0.0457,0.0360,0.0038,0.0028,4.9598,0.0164,0.0000,0.9586,0.0009,0.4075,0.1697,0.0016,0.0009,0.0000,0.0000,0.0004
2208,27.2778,0.0000,15.9124,5.1977,,true,0,0.008333,0.0000,0.0000,1.00,0.00,0.0000,22,1,335,361,0,0,100,5,17,17,0,0,45079,1415,0,0,880869376,0.000000,0.000000,0.000000,0.00,0,0,0,0,0,20,39,31,15,15,15,15,14,16,24,16,47,68,0.0002,0.0010,0.0442,0.0456,0.0047,0.0040,5.1977,0.0219,0.0000,0.9243,0.0003,0.3915,0.1411,0.0010,0.0005,0.0000,0.0000,0.0006
2209,27.2949,0.0000,17.0270,5.5142,,true,0,0.008333,0.0000,0.0000,1.00,0.00,0.0000,22,1,335,361,0,0,100,5,17,17,0,0,45079,1415,0,0,880869376,0.000000,0.000000,0.000000,0.00,0,0,0,0,0,20,39,31,15,15,15,15,14,16,24,16,47,68,0.0002,0.0015,0.0435,0.0440,0.0052,0.0038,5.5142,0.0134,0.0000,0.9816,0.0004,0.4099,0.1616,0.0016,0.0006,0.0000,0.0000,0.0004
2210,27.3109,0.0000,16.7848,4.9508,,true,0,0.008333,0.0000,0.0000,1.00,0.00,0.0000,22,1,335,361,0,0,100,5,17,17,0,0,45079,1415,0,0,880869376,0.000000,0.000000,0.000000,0.00,0,0,0,0,0,20,39,31,15,15,15,15,14,16,24,16,47,68,0.0002,0.0010,0.0461,0.0349,0.0035,0.0025,4.9508,0.0112,0.0000,0.9200,0.0002,0.4116,0.1360,0.0007,0.0003,0.0000,0.0000,0.0004
2211,27.3275,0.0000,17.1394,4.8443,,true,0,0.008333,0.0000,0.0000,1.00,0.00,0.0000,22,1,335,361,0,0,100,5,17,17,0,0,45079,1415,0,0,880869376,0.000000,0.000000,0.000000,0.00,0,0,0,0,0,20,39,31,15,15,15,15,14,16,24,16,47,68,0.0002,0.0020,0.0323,0.0348,0.0028,0.0024,4.8443,0.0086,0.0000,0.7991,0.0003,0.3504,0.0990,0.0005,0.0004,0.0000,0.0000,0.0004
2212,27.3447,0.0000,16.9346,5.4172,,true,0,0.008333,0.0000,0.0000,1.00,0.00,0.0000,22,1,335,361,0,0,100,5,17,17,0,0,45079,1415,0,0,880869376,0.000000,0.000000,0.000000,0.00,0,0,0,0,0,20,39,31,15,15,15,15,14,16,24,16,47,68,0.0002,0.0012,0.0430,0.0369,0.0044,0.0037,5.4172,0.0176,0.0000,0.9576,0.0006,0.4031,0.1718,0.0014,0.0008,0.0000,0.0000,0.0005
2213,27.3613,0.0000,15.6849,5.3049,,true,0,0.008333,0.0000,0.0000,1.00,0.00,0.0000,22,1,335,361,0,0,100,5,17,17,0,0,45079,1415,0,0,880869376,0.000000,0.000000,0.000000,0.00,0,0,0,0,0,20,39,31,15,15,15,15,14,16,24,16,47,68,0.0002,0.0015,0.0393,0.0343,0.0035,0.0027,5.3049,0.0137,0.0000,0.9324,0.0004,0.4212,0.1452,0.0007,0.0006,0.0000,0.0000,0.0003
2214,27.3778,0.0000,17.4945,5.1860,,true,0,0.008333,0.0000,0.0000,1.00,0.00,0.0000,22,1,335,361,0,0,100,5,17,17,0,0,45079,1415,0,0,880869376,0.000000,0.000000,0.000000,0.00,0,0,0,0,0,20,39,31,15,15,15,15,14,16,24,16,47,68,0.0004,0.0017,0.0312,0.0470,0.0056,0.0035,5.1860,0.0110,0.0000,0.8865,0.0004,0.3113,0.1468,0.0008,0.0008,0.0000,0.0000,0.0004
2215,27.3947,0.0000,16.2830,5.3787,,true,0,0.008333,0.0000,0.0000,1.00,0.00,0.0000,22,1,335,361,0,0,100,5,17,17,0,0,45079,1415,0,0,880869376,0.000000,0.000000,0.000000,0.00,0,0,0,0,0,20,39,31,15,15,15,15,14,16,24,16,47,68,0.0003,0.0016,0.0385,0.0375,0.0043,0.0034,5.3787,0.0115,0.0000,1.0173,0.0003,0.3807,0.1225,0.0013,0.0004,0.0000,0.0000,0.0004
2216,27.4107,0.0000,16.9823,4.7207,,true,0,0.008333,0.0000,0.0000,1.00,0.00,0.0000,22,1,335,361,0,0,100,5,17,17,0,0,45079,1415,0,0,880869376,0.000000,0.000000,0.000000,0.00,0,0,0,0,0,20,39,31,15,15,15,15,14,16,24,16,47,68,0.0001,0.0017,0.0368,0.0387,0.0052,0.0031,4.7207,0.0120,0.0000,0.9300,0.0005,0.4274,0.1060,0.0043,0.0004,0.0000,0.0000,0.0009
2217,27.4278,0.0000,16.8265,5.0947,,true,0,0.008333,0.0000,0.0000,1.00,0.00,0.0000,22,1,335,361,0,0,100,5,17,17,0,0,45079,1415,0,0,880869376,0.000000,0.000000,0.000000,0.00,0,0,0,0,0,20,39,31,15,15,15,15,14,16,24,16,47,68,0.0006,0.0012,0.0364,0.0415,0.0051,0.0025,5.0947,0.0181,0.0000,0.9362,0.0006,0.4187,0.1384,0.0008,0.0007,0.0000,0.0000,0.0006
2218,27.4440,0.0000,15.6441,4.7503,,true,0,0.008333,0.0000,0.0000,1.00,0.00,0.0000,22,1,335,361,0,0,100,5,17,17,0,0,45079,1415,0,0,880869376,0.000000,0.000000,0.000000,0.00,0,0,0,0,0,20,39,31,15,15,15,15,14,16,24,16,47,68,0.0002,0.0014,0.0357,0.0431,0.0042,0.0035,4.7503,0.0100,0.0000,0.9116,0.0003,0.3908,0.1443,0.0008,0.0004,0.0000,0.0000,0.0004
2219,27.4610,0.0000,17.0827,5.0767,,true,0,0.008333,0.0000,0.0000,1.00,0.00,0.0000,22,1,335,361,0,0,100,5,17,17,0,0,45079,1415,0,0,880869376,0.000000,0.000000,0.000000,0.00,0,0,0,0,0,20,39,31,15,15,15,15,14,16,24,16,47,68,0.0002,0.0014,0.0517,0.0492,0.0042,0.0044,5.0767,0.0138,0.0000,0.9627,0.0003,0.4148,0.1450,0.0009,0.0011,0.0000,0.0000,0.0005
2220,27.4777,0.0000,16.1195,5.0658,,true,0,0.008333,0.0000,0.0000,1.00,0.00,0.0000,22,1,335,361,0,0,100,5,17,17,0,0,45079,1415,0,0,880869376,0.000000,0.000000,0.000000,0.00,0,0,0,0,0,20,39,31,15,15,15,15,14,16,24,16,47,68,0.0004,0.0014,0.0388,0.0534,0.0056,0.0040,5.0658,0.0143,0.0000,0.9258,0.0003,0.3924,0.1375,0.0015,0.0004,0.0000,0.0000,0.0006
2221,27.4990,0.0000,17.2423,9.6727,,true,0,0.008333,0.0000,0.0000,1.00,0.00,0.0000,22,1,335,361,0,0,100,5,17,17,0,0,45079,1415,0,0,880869376,0.000000,0.000000,0.000000,0.00,0,0,0,0,0,20,39,31,15,15,15,15,14,16,24,16,47,68,0.0003,0.0013,0.0389,0.0463,0.0025,0.0041,9.6727,0.0119,0.0000,5.9433,0.0003,0.3873,0.1210,0.7363,0.0003,0.0000,0.0000,4.3086
2222,27.5127,0.0000,16.5708,6.4227,,true,0,0.008333,0.0000,0.0000,1.00,0.00,0.0000,22,1,335,361,0,0,100,5,17,17,0,0,45079,1415,0,0,880869376,0.000000,0.000000,0.000000,0.00,0,0,0,0,0,20,39,31,15,15,15,15,14,16,24,16,47,68,0.0002,0.0011,0.0360,0.0518,0.0061,0.0034,6.4227,0.0100,0.0000,1.0186,0.0005,0.4953,0.1222,0.0021,0.0014,0.0000,0.0000,0.0007
2223,27.5271,0.0000,21.2867,4.5378,,true,0,0.008333,0.0000,0.0000,1.00,0.00,0.0000,22,1,335,361,0,0,100,5,17,17,0,0,45079,1415,0,0,880869376,0.000000,0.000000,0.000000,0.00,0,0,0,0,0,20,39,31,15,15,15,15,14,16,24,16,47,68,0.0002,0.0012,0.0531,0.0411,0.0035,0.0022,4.5378,0.0226,0.0000,0.7027,0.0002,0.2737,0.1351,0.0007,0.0005,0.0000,0.0000,0.0004
2224,27.5439,0.0000,15.0290,4.5731,,true,0,0.008333,0.0000,0.0000,1.00,0.00,0.0000,22,1,335,361,0,0,100,5,17,17,0,0,45079,1415,0,0,880869376,0.000000,0.000000,0.000000,0.00,0,0,0,0,0,20,39,31,15,15,15,15,14,16,24,16,47,68,0.0002,0.0014,0.0450,0.0752,0.0066,0.0040,4.5731,0.0124,0.0000,0.8789,0.0002,0.2991,0.1201,0.0010,0.0004,0.0000,0.0000,0.0005
2225,27.5613,0.0000,13.2941,5.2034,,true,0,0.008333,0.0000,0.0000,1.00,0.00,0.0000,22,1,335,361,0,0,100,5,17,17,0,0,45079,1415,0,0,880869376,0.000000,0.000000,0.000000,0.00,0,0,0,0,0,20,39,31,15,15,15,15,14,16,24,16,47,68,0.0003,0.0022,0.0672,0.0603,0.0074,0.0068,5.2034,0.0648,0.0000,0.9323,0.0006,0.3158,0.1939,0.0011,0.0010,0.0000,0.0000,0.0004
2226,27.5778,0.0000,16.3225,5.1649,,true,0,0.008333,0.0000,0.0000,1.00,0.00,0.0000,22,1,335,361,0,0,100,5,17,17,0,0,45079,1415,0,0,880869376,0.000000,0.000000,0.000000,0.00,0,0,0,0,0,20,39,31,15,15,15,15,14,16,24,16,47,68,0.0002,0.0012,0.0415,0.0573,0.0035,0.0037,5.1649,0.0214,0.0000,1.2874,0.0005,0.5723,0.2091,0.0013,0.0008,0.0000,0.0000,0.0004
2227,27.5950,0.0000,17.6112,5.6998,,true,0,0.008333,0.0000,0.0000,1.00,0.00,0.0000,22,1,335,361,0,0,100,5,17,17,0,0,45079,1415,0,0,880869376,0.000000,0.000000,0.000000,0.00,0,0,0,0,0,20,39,31,15,15,15,15,14,16,24,16,47,68,0.0007,0.0024,0.0434,0.0621,0.0047,0.0051,5.6998,0.0154,0.0000,1.0652,0.0003,0.4661,0.1570,0.0021,0.0009,0.0000,0.0000,0.0004
2228,27.6110,0.0000,16.3407,4.9670,,true,0,0.008333,0.0000,0.0000,1.00,0.00,0.0000,22,1,335,361,0,0,100,5,17,17,0,0,45079,1415,0,0,880869376,0.000000,0.000000,0.000000,0.00,0,0,0,0,0,20,39,31,15,15,15,15,14,16,24,16,47,68,0.0003,0.0009,0.0405,0.0399,0.0044,0.0027,4.9670,0.0104,0.0000,0.8923,0.0004,0.3900,0.1403,0.0011,0.0007,0.0000,0.0000,0.0003
2229,27.6276,0.0000,17.6837,4.9595,,true,0,0.008333,0.0000,0.0000,1.00,0.00,0.0000,22,1,335,361,0,0,100,5,17,17,0,0,45079,1415,0,0,880869376,0.000000,0.000000,0.000000,0.00,0,0,0,0,0,20,39,31,15,15,15,15,14,16,24,16,47,68,0.0005,0.0017,0.0367,0.0407,0.0037,0.0040,4.9595,0.0120,0.0000,1.0143,0.0004,0.4137,0.1436,0.0013,0.0004,0.0000,0.0000,0.0005
2230,27.6453,0.0000,15.3240,5.6615,,true,0,0.008333,0.0000,0.0000,1.00,0.00,0.0000,22,1,335,361,0,0,100,5,17,17,0,0,45079,1415,0,0,880869376,0.000000,0.000000,0.000000,0.00,0,0,0,0,0,20,39,31,15,15,15,15,14,16,24,16,47,68,0.0003,0.0023,0.0529,0.0462,0.0053,0.0059,5.6615,0.0210,0.0000,1.0564,0.0006,0.4494,0.1806,0.0014,0.0011,0.0000,0.0000,0.0005
2231,27.6609,0.0000,17.2582,4.9173,,true,0,0.008333,0.0000,0.0000,1.00,0.00,0.0000,22,1,335,361,0,0,100,5,17,17,0,0,45079,1415,0,0,880869376,0.000000,0.000000,0.000000,0.00,0,0,0,0,0,20,39,31,15,15,15,15,14,16,24,16,47,68,0.0007,0.0013,0.0400,0.0376,0.0032,0.0033,4.9173,0.0116,0.0000,0.9511,0.0004,0.3927,0.1379,0.0011,0.0005,0.0000,0.0000,0.0003
2232,27.6778,0.0000,17.5479,5.1126,,true,0,0.008333,0.0000,0.0000,1.00,0.00,0.0000,22,1,335,361,0,0,100,5,17,17,0,0,45079,1415,0,0,880869376,0.000000,0.000000,0.000000,0.00,0,0,0,0,0,20,39,31,15,15,15,15,14,16,24,16,47,68,0.0005,0.0015,0.0451,0.0481,0.0069,0.0041,5.1126,0.0222,0.0000,0.9770,0.0003,0.4096,0.1667,0.0013,0.0005,0.0000,0.0000,0.0003
2233,27.6948,0.0000,15.2625,5.5041,,true,0,0.008333,0.0000,0.0000,1.00,0.00,0.0000,22,1,335,361,0,0,100,5,17,17,0,0,45079,1415,0,0,880869376,0.000000,0.000000,0.000000,0.00,0,0,0,0,0,20,39,31,15,15,15,15,14,16,24,16,47,68,0.0003,0.0016,0.0695,0.0356,0.0044,0.0049,5.5041,0.0262,0.0000,1.0499,0.0003,0.3205,0.1070,0.0006,0.0006,0.0000,0.0000,0.0004
2234,27.7108,0.0000,17.1821,4.8454,,true,0,0.008333,0.0000,0.0000,1.00,0.00,0.0000,22,1,335,361,0,0,100,5,17,17,0,0,45079,1415,0,0,880869376,0.000000,0.000000,0.000000,0.00,0,0,0,0,0,20,39,31,15,15,15,15,14,16,24,16,47,68,0.0001,0.0012,0.0342,0.0365,0.0042,0.0032,4.8454,0.0101,0.0000,0.9127,0.0004,0.4061,0.1403,0.0009,0.0005,0.0000,0.0000,0.0003
2235,27.7275,0.0000,16.8239,4.8707,,true,0,0.008333,0.0000,0.0000,1.00,0.00,0.0000,22,1,335,361,0,0,100,5,17,17,0,0,45079,1415,0,0,880869376,0.000000,0.000000,0.000000,0.00,0,0,0,0,0,20,39,31,15,15,15,15,14,16,24,16,47,68,0.0005,0.0012,0.0360,0.0320,0.0032,0.0028,4.8707,0.0115,0.0000,0.8973,0.0003,0.4047,0.1367,0.0008,0.0005,0.0000,0.0000,0.0002
2236,27.7442,0.0000,16.2144,4.9673,,true,0,0.008333,0.0000,0.0000,1.00,0.00,0.0000,22,1,335,361,0,0,100,5,17,17,0,0,45079,1415,0,0,880869376,0.000000,0.000000,0.000000,0.00,0,0,0,0,0,20,39,31,15,15,15,15,14,16,24,16,47,68,0.0008,0.0014,0.0533,0.0503,0.0048,0.0040,4.9673,0.0201,0.0000,0.9476,0.0003,0.3856,0.1695,0.0015,0.0006,0.0000,0.0000,0.0003
2237,27.7608,0.0000,16.4566,4.8136,,true,0,0.008333,0.0000,0.0000,1.00,0.00,0.0000,22,1,335,361,0,0,100,5,17,17,0,0,45079,1415,0,0,880869376,0.000000,0.000000,0.000000,0.00,0,0,0,0,0,20,39,31,15,15,15,15,14,16,24,16,47,68,0.0003,0.0014,0.0489,0.0409,0.0058,0.0043,4.8136,0.0214,0.0000,0.7803,0.0005,0.3578,0.1133,0.0013,0.0008,0.0000,0.0000,0.0003
2238,27.7774,0.0000,16.8199,4.8720,,true,0,0.008333,0.0000,0.0000,1.00,0.00,0.0000,22,1,335,361,0,0,100,5,17,17,0,0,45079,1415,0,0,880869376,0.000000,0.000000,0.000000,0.00,0,0,0,0,0,20,39,31,15,15,15,15,14,16,24,16,47,68,0.0001,0.0012,0.0438,0.0493,0.0056,0.0038,4.8720,0.0152,0.0000,0.9197,0.0003,0.3917,0.1628,0.0007,0.0004,0.0000,0.0000,0.0002
2239,27.7946,0.0000,16.7805,5.2576,,true,0,0.008333,0.0000,0.0000,1.00,0.00,0.0000,22,1,335,361,0,0,100,5,17,17,0,0,45079,1415,0,0,880869376,0.000000,0.000000,0.000000,0.00,0,0,0,0,0,20,39,31,15,15,15,15,14,16,24,16,47,68,0.0003,0.0009,0.0584,0.0340,0.0033,0.0031,5.2576,0.0207,0.0000,1.0209,0.0005,0.4760,0.1624,0.0019,0.0005,0.0000,0.0000,0.0010
2240,27.8109,0.0000,16.1688,4.9900,,true,0,0.008333,0.0000,0.0000,1.00,0.00,0.0000,22,1,335,361,0,0,100,5,17,17,0,0,45079,1415,0,0,880869376,0.000000,0.000000,0.000000,0.00,0,0,0,0,0,20,39,31,15,15,15,15,14,16,24,16,47,68,0.0003,0.0019,0.0354,0.0487,0.0043,0.0054,4.9900,0.0247,0.0000,0.7238,0.0002,0.3020,0.1119,0.0005,0.0004,0.0000,0.0000,0.0002
2241,27.8280,0.0000,17.7725,5.3821,,true,0,0.008333,0.0000,0.0000,1.00,0.00,0.0000,22,1,335,361,0,0,100,5,17,17,0,0,45079,1415,0,0,880869376,0.000000,0.000000,0.000000,0.00,0,0,0,0,0,20,39,31,15,15,15,15,14,16,24,16,47,68,0.0007,0.0014,0.0454,0.0476,0.0043,0.0037,5.3821,0.0159,0.0000,1.0250,0.0006,0.3928,0.1687,0.0012,0.0003,0.0000,0.0000,0.0003
2242,27.8445,0.0000,15.8025,5.1516,,true,0,0.008333,0.0000,0.0000,1.00,0.00,0.0000,22,1,335,361,0,0,100,5,17,17,0,0,45079,1415,0,0,880869376,0.000000,0.000000,0.000000,0.00,0,0,0,0,0,20,39,31,15,15,15,15,14,16,24,16,47,68,0.0001,0.0010,0.0387,0.0372,0.0038,0.0034,5.1516,0.0143,0.0000,0.6916,0.0002,0.2925,0.1082,0.0006,0.0005,0.0000,0.0000,0.0002
2243,27.8607,0.0000,17.5452,4.7406,,true,0,0.008333,0.0000,0.0000,1.00,0.00,0.0000,22,1,335,361,0,0,100,5,17,17,0,0,45079,1415,0,0,880869376,0.000000,0.000000,0.000000,0.00,0,0,0,0,0,20,39,31,15,15,15,15,14,16,24,16,47,68,0.0003,0.0011,0.0391,0.0371,0.0043,0.0024,4.7406,0.0101,0.0000,0.8948,0.0002,0.3911,0.1418,0.0007,0.0006,0.0000,0.0000,0.0005
2244,27.8775,0.0000,16.2487,4.8330,,true,0,0.008333,0.0000,0.0000,1.00,0.00,0.0000,22,1,335,361,0,0,100,5,17,17,0,0,45079,1415,0,0,880869376,0.000000,0.000000,0.000000,0.00,0,0,0,0,0,20,39,31,15,15,15,15,14,16,24,16,47,68,0.0007,0.0019,0.0363,0.0426,0.0040,0.0047,4.8330,0.0144,0.0000,0.9704,0.0006,0.3971,0.1873,0.0016,0.0006,0.0000,0.0000,0.0002
2245,27.8949,0.0000,15.7936,5.5490,,true,0,0.008333,0.0000,0.0000,1.00,0.00,0.0000,22,1,335,361,0,0,100,5,17,17,0,0,45079,1415,0,0,880869376,0.000000,0.000000,0.000000,0.00,0,0,0,0,0,20,39,31,15,15,15,15,14,16,24,16,47,68,0.0003,0.0023,0.0662,0.0449,0.0049,0.0046,5.5490,0.0192,0.0000,0.9664,0.0004,0.4038,0.1721,0.0009,0.0005,0.0000,0.0000,0.0003
2246,27.9108,0.0000,17.5701,4.8988,,true,0,0.008333,0.0000,0.0000,1.00,0.00,0.0000,22,1,335,361,0,0,100,5,17,17,0,0,45079,1415,0,0,880869376,0.000000,0.000000,0.000000,0.00,0,0,0,0,0,20,39,31,15,15,15,15,14,16,24,16,47,68,0.0005,0.0009,0.0431,0.0302,0.0029,0.0027,4.8988,0.0117,0.0000,0.9141,0.0005,0.4142,0.1348,0.0009,0.0005,0.0000,0.0000,0.0003
2247,27.9276,0.0000,16.9583,5.0177,,true,0,0.008333,0.0000,0.0000,1.00,0.00,0.0000,22,1,335,361,0,0,100,5,17,17,0,0,45079,1415,0,0,880869376,0.000000,0.000000,0.000000,0.00,0,0,0,0,0,20,39,31,15,15,15,15,14,16,24,16,47,68,0.0003,0.0012,0.0323,0.0616,0.0025,0.0029,5.0177,0.0086,0.0000,0.8845,0.0003,0.3062,0.1322,0.0009,0.0003,0.0000,0.0000,0.0005
2248,27.9443,0.0000,15.9899,4.8863,,true,0,0.008333,0.0000,0.0000,1.00,0.00,0.0000,22,1,335,361,0,0,100,5,17,17,0,0,45079,1415,0,0,880869376,0.000000,0.000000,0.000000,0.00,0,0,0,0,0,20,39,31,15,15,15,15,14,16,24,16,47,68,0.0004,0.0014,0.0414,0.0411,0.0164,0.0049,4.8863,0.0232,0.0000,0.7291,0.0003,0.3231,0.1132,0.0008,0.0003,0.0000,0.0000,0.0007
2249,27.9612,0.0000,16.8132,5.2307,,true,0,0.008333,0.0000,0.0000,1.00,0.00,0.0000,22,1,335,361,0,0,100,5,17,17,0,0,45079,1415,0,0,880869376,0.000000,0.000000,0.000000,0.00,0,0,0,0,0,20,39,31,15,15,15,15,14,16,24,16,47,68,0.0003,0.0016,0.0421,0.0446,0.0063,0.0052,5.2307,0.0132,0.0000,0.9376,0.0011,0.4003,0.1415,0.0008,0.0005,0.0000,0.0000,0.0003
2250,27.9776,0.0000,16.6388,4.9707,,true,0,0.008333,0.0000,0.0000,1.00,0.00,0.0000,22,1,335,361,0,0,100,5,17,17,0,0,45079,1415,0,0,880869376,0.000000,0.000000,0.000000,0.00,0,0,0,0,0,20,39,31,15,15,15,15,14,16,24,16,47,68,0.0003,0.0011,0.0374,0.0338,0.0035,0.0021,4.9707,0.0120,0.0000,0.6855,0.0002,0.2966,0.1109,0.0008,0.0007,0.0000,0.0000,0.0002
2251,27.9955,0.0000,17.3209,6.1688,,true,0,0.008333,0.0000,0.0000,1.00,0.00,0.0000,22,1,335,361,0,0,100,5,17,17,0,0,45079,1415,0,0,880869376,0.000000,0.000000,0.000000,0.00,0,0,0,0,0,20,39,31,15,15,15,15,14,16,24,16,47,68,0.0002,0.0010,0.0395,0.0362,0.0040,0.0022,6.1688,0.0180,0.0000,0.7878,0.0004,0.3016,0.1642,0.0021,0.0008,0.0000,0.0000,0.0005
2252,28.0106,0.0000,15.7861,4.6177,,true,0,0.008333,0.0000,0.0000,1.00,0.00,0.0000,22,1,335,361,0,0,100,5,17,17,0,0,45079,1415,0,0,880869376,0.000000,0.000000,0.000000,0.00,0,0,0,0,0,20,39,31,15,15,15,15,14,16,24,16,47,68,0.0002,0.0010,0.0366,0.0297,0.0030,0.0020,4.6177,0.0131,0.0000,0.6492,0.0002,0.2775,0.0994,0.0005,0.0003,0.0000,0.0000,0.0003
2253,28.0277,0.0000,18.4625,5.0320,,true,0,0.008333,0.0000,0.0000,1.00,0.00,0.0000,22,1,335,361,0,0,100,5,17,17,0,0,45079,1415,0,0,880869376,0.000000,0.000000,0.000000,0.00,0,0,0,0,0,20,39,31,15,15,15,15,14,16,24,16,47,68,0.0003,0.0016,0.0396,0.0347,0.0036,0.0035,5.0320,0.0194,0.0000,0.7580,0.0004,0.2978,0.1180,0.0006,0.0007,0.0000,0.0000,0.0003
2254,28.0444,0.0000,15.3146,5.1230,,true,0,0.008333,0.0000,0.0000,1.00,0.00,0.0000,22,1,335,361,0,0,100,5,17,17,0,0,45079,1415,0,0,880869376,0.000000,0.000000,0.000000,0.00,0,0,0,0,0,20,39,31,15,15,15,15,14,16,24,16,47,68,0.0005,0.0014,0.0325,0.0334,0.0038,0.0042,5.1230,0.0255,0.0000,0.9198,0.0003,0.3146,0.0998,0.0009,0.0003,0.0000,0.0000,0.0005
2255,28.0615,0.0000,16.3989,5.1313,,true,0,0.008333,0.0000,0.0000,1.00,0.00,0.0000,22,1,335,361,0,0,100,5,17,17,0,0,45079,1415,0,0,880869376,0.000000,0.000000,0.000000,0.00,0,0,0,0,0,20,39,31,15,15,15,15,14,16,24,16,47,68,0.0003,0.0023,0.0397,0.0528,0.0055,0.0043,5.1313,0.0190,0.0000,0.9614,0.0003,0.4109,0.1476,0.0013,0.0009,0.0000,0.0000,0.0005
2256,28.0784,0.0000,16.6727,5.7423,,true,0,0.008333,0.0000,0.0000,1.00,0.00,0.0000,22,1,335,361,0,0,100,5,17,17,0,0,45079,1415,0,0,880869376,0.000000,0.000000,0.000000,0.00,0,0,0,0,0,20,39,31,15,15,15,15,14,16,24,16,47,68,0.0004,0.0013,0.0805,0.0424,0.0050,0.0038,5.7423,0.0209,0.0000,1.0325,0.0005,0.4179,0.2262,0.0011,0.0007,0.0000,0.0000,0.0005
2257,28.0943,0.0000,17.0699,4.9462,,true,0,0.008333,0.0000,0.0000,1.00,0.00,0.0000,22,1,335,361,0,0,100,5,17,17,0,0,45079,1415,0,0,880869376,0.000000,0.000000,0.000000,0.00,0,0,0,0,0,20,39,31,15,15,15,15,14,16,24,16,47,68,0.0003,0.0011,0.0500,0.0303,0.0032,0.0031,4.9462,0.0124,0.0000,0.9009,0.0003,0.3895,0.1368,0.0009,0.0004,0.0000,0.0000,0.0003
2258,28.1111,0.0000,16.9187,5.1287,,true,0,0.008333,0.0000,0.0000,1.00,0.00,0.0000,22,1,335,361,0,0,100,5,17,17,0,0,45079,1415,0,0,880869376,0.000000,0.000000,0.000000,0.00,0,0,0,0,0,20,39,31,15,15,15,15,14,16,24,16,47,68,0.0002,0.0011,0.0440,0.0415,0.0047,0.0043,5.1287,0.0183,0.0000,0.8850,0.0003,0.3900,0.1312,0.0005,0.0006,0.0000,0.0000,0.0003
2259,28.1273,0.0000,16.0469,4.7087,,true,0,0.008333,0.0000,0.0000,1.00,0.00,0.0000,22,1,335,361,0,0,100,5,17,17,0,0,45079,1415,0,0,880869376,0.000000,0.000000,0.000000,0.00,0,0,0,0,0,20,39,31,15,15,15,15,14,16,24,16,47,68,0.0003,0.0011,0.0255,0.0418,0.0030,0.0024,4.7087,0.0105,0.0000,0.7756,0.0003,0.3471,0.1081,0.0008,0.0006,0.0000,0.0000,0.0003
2260,28.1446,0.0000,17.1089,5.3143,,true,0,0.008333,0.0000,0.0000,1.00,0.00,0.0000,22,1,335,361,0,0,100,5,17,17,0,0,45079,1415,0,0,880869376,0.000000,0.000000,0.000000,0.00,0,0,0,0,0,20,39,31,15,15,15,15,14,16,24,16,47,68,0.0013,0.0024,0.0484,0.0642,0.0088,0.0064,5.3143,0.0114,0.0000,0.9335,0.0004,0.4018,0.1442,0.0009,0.0005,0.0000,0.0000,0.0003
2261,28.1610,0.0000,15.4676,5.1438,,true,0,0.008333,0.0000,0.0000,1.00,0.00,0.0000,22,1,335,361,0,0,100,5,17,17,0,0,45079,1415,0,0,880869376,0.000000,0.000000,0.000000,0.00,0,0,0,0,0,20,39,31,15,15,15,15,14,16,24,16,47,68,0.0003,0.0012,0.0338,0.0444,0.0030,0.0038,5.1438,0.0131,0.0000,0.6813,0.0005,0.2787,0.1342,0.0012,0.0003,0.0000,0.0000,0.0002
2262,28.1773,0.0000,17.9906,4.6919,,true,0,0.008333,0.0000,0.0000,1.00,0.00,0.0000,22,1,335,361,0,0,100,5,17,17,0,0,45079,1415,0,0,880869376,0.000000,0.000000,0.000000,0.00,0,0,0,0,0,20,39,31,15,15,15,15,14,16,24,16,47,68,0.0003,0.0013,0.0305,0.0393,0.0033,0.0044,4.6919,0.0078,0.0000,0.8919,0.0008,0.2943,0.1170,0.0011,0.0007,0.0000,0.0000,0.0005
2263,28.1949,0.0000,16.3327,5.4813,,true,0,0.008333,0.0000,0.0000,1.00,0.00,0.0000,22,1,335,361,0,0,100,5,17,17,0,0,45079,1415,0,0,880869376,0.000000,0.000000,0.000000,0.00,0,0,0,0,0,20,39,31,15,15,15,15,14,16,24,16,47,68,0.0002,0.0012,0.0928,0.0446,0.0059,0.0029,5.4813,0.0176,0.0000,0.8379,0.0002,0.3604,0.1194,0.0012,0.0004,0.0000,0.0000,0.0005
2264,28.2108,0.0000,16.2424,4.8520,,true,0,0.008333,0.0000,0.0000,1.00,0.00,0.0000,22,1,335,361,0,0,100,5,17,17,0,0,45079,1415,0,0,880869376,0.000000,0.000000,0.000000,0.00,0,0,0,0,0,20,39,31,15,15,15,15,14,16,24,16,47,68,0.0003,0.0015,0.0257,0.0321,0.0030,0.0028,4.8520,0.0087,0.0000,0.6525,0.0002,0.2864,0.0985,0.0008,0.0005,0.0000,0.0000,0.0002
2265,28.2273,0.0000,18.0922,4.6487,,true,0,0.008333,0.0000,0.0000,1.00,0.00,0.0000,22,1,335,361,0,0,100,5,17,17,0,0,45079,1415,0,0,880869376,0.000000,0.000000,0.000000,0.00,0,0,0,0,0,20,39,31,15,15,15,15,14,16,24,16,47,68,0.0003,0.0016,0.0419,0.0358,0.0040,0.0053,4.6487,0.0109,0.0000,0.8783,0.0002,0.3838,0.1323,0.0007,0.0005,0.0000,0.0000,0.0003
2266,28.2447,0.0000,15.4764,5.3890,,true,0,0.008333,0.0000,0.0000,1.00,0.00,0.0000,22,1,335,361,0,0,100,5,17,17,0,0,45079,1415,0,0,880869376,0.000000,0.000000,0.000000,0.00,0,0,0,0,0,20,39,31,15,15,15,15,14,16,24,16,47,68,0.0002,0.0016,0.0458,0.0544,0.0049,0.0057,5.3890,0.0235,0.0000,0.9372,0.0002,0.4074,0.1553,0.0012,0.0010,0.0000,0.0000,0.0003
2267,28.2656,0.0000,16.3597,9.6838,,true,0,0.008333,0.0000,0.0000,1.00,0.00,0.0000,22,1,335,361,0,0,100,5,17,17,0,0,45079,1415,0,0,880869376,0.000000,0.000000,0.000000,0.00,0,0,0,0,0,20,39,31,15,15,15,15,14,16,24,16,47,68,0.0001,0.0010,0.0477,0.0295,0.0029,0.0024,9.6838,0.0092,0.0000,5.9277,0.0003,0.3819,0.1189,0.7314,0.0004,0.0000,0.0000,4.2686
2268,28.2784,0.0000,17.4660,5.3313,,true,0,0.008333,0.0000,0.0000,1.00,0.00,0.0000,22,1,335,361,0,0,100,5,17,17,0,0,45079,1415,0,0,880869376,0.000000,0.000000,0.000000,0.00,0,0,0,0,0,20,39,31,15,15,15,15,14,16,24,16,47,68,0.0003,0.0012,0.0422,0.0581,0.0075,0.0040,5.3313,0.0128,0.0000,1.0386,0.0010,0.4126,0.2057,0.0018,0.0008,0.0000,0.0000,0.0012
2269,28.2949,0.0000,20.6244,5.5463,,true,0,0.008333,0.0000,0.0000,1.00,0.00,0.0000,22,1,335,361,0,0,100,5,17,17,0,0,45079,1415,0,0,880869376,0.000000,0.000000,0.000000,0.00,0,0,0,0,0,20,39,31,15,15,15,15,14,16,24,16,47,68,0.0003,0.0015,0.0400,0.0495,0.0037,0.0027,5.5463,0.0095,0.0000,1.0122,0.0002,0.4371,0.1296,0.0008,0.0003,0.0000,0.0000,0.0003
2270,28.3110,0.0000,14.4014,5.0550,,true,0,0.008333,0.0000,0.0000,1.00,0.00,0.0000,22,1,335,361,0,0,100,5,17,17,0,0,45079,1415,0,0,880869376,0.000000,0.000000,0.000000,0.00,0,0,0,0,0,20,39,31,15,15,15,15,14,16,24,16,47,68,0.0002,0.0014,0.0504,0.0458,0.0066,0.0037,5.0550,0.0119,0.0000,0.9840,0.0002,0.4126,0.1300,0.0005,0.0007,0.0000,0.0000,0.0004
2271,28.3279,0.0000,15.2357,5.2867,,true,0,0.008333,0.0000,0.0000,1.00,0.00,0.0000,22,1,335,361,0,0,100,5,17,17,0,0,45079,1415,0,0,880869376,0.000000,0.000000,0.000000,0.00,0,0,0,0,0,20,39,31,15,15,15,15,14,16,24,16,47,68,0.0003,0.0011,0.0422,0.0408,0.0179,0.0027,5.2867,0.0121,0.0000,1.0536,0.0004,0.4304,0.1571,0.0011,0.0004,0.0000,0.0000,0.0005
2272,28.3443,0.0000,16.4788,5.0022,,true,0,0.008333,0.0000,0.0000,1.00,0.00,0.0000,22,1,335,361,0,0,100,5,17,17,0,0,45079,1415,0,0,880869376,0.000000,0.000000,0.000000,0.00,0,0,0,0,0,20,39,31,15,15,15,15,14,16,24,16,47,68,0.0002,0.0014,0.0604,0.0354,0.0039,0.0035,5.0022,0.0154,0.0000,0.9584,0.0006,0.3944,0.1725,0.0014,0.0007,0.0000,0.0000,0.0004
2273,28.3610,0.0000,16.2136,5.0257,,true,0,0.008333,0.0000,0.0000,1.00,0.00,0.0000,22,1,335,361,0,0,100,5,17,17,0,0,45079,1415,0,0,880869376,0.000000,0.000000,0.000000,0.00,0,0,0,0,0,20,39,31,15,15,15,15,14,16,24,16,47,68,0.0001,0.0015,0.0433,0.0414,0.0088,0.0021,5.0257,0.0185,0.0000,0.7538,0.0002,0.2857,0.1502,0.0012,0.0003,0.0000,0.0000,0.0006
2274,28.3781,0.0000,16.5407,5.5153,,true,0,0.008333,0.0000,0.0000,1.00,0.00,0.0000,22,1,335,361,0,0,100,5,17,17,0,0,45079,1415,0,0,880869376,0.000000,0.000000,0.000000,0.00,0,0,0,0,0,20,39,31,15,15,15,15,14,16,24,16,47,68,0.0005,0.0021,0.0602,0.0592,0.0069,0.0051,5.5153,0.0192,0.0000,0.9794,0.0004,0.4135,0.1728,0.0006,0.0007,0.0000,0.0000,0.0003
2275,28.3939,0.0000,16.5888,4.6408,,true,0,0.008333,0.0000,0.0000,1.00,0.00,0.0000,22,1,335,361,0,0,100,5,17,17,0,0,45079,1415,0,0,880869376,0.000000,0.000000,0.000000,0.00,0,0,0,0,0,20,39,31,15,15,15,15,14,16,24,16,47,68,0.0002,0.0009,0.0482,0.0354,0.0044,0.0027,4.6408,0.0187,0.0000,0.7417,0.0004,0.3313,0.1162,0.0012,0.0006,0.0000,0.0000,0.0003
2276,28.4113,0.0000,17.4080,5.3390,,true,0,0.008333,0.0000,0.0000,1.00,0.00,0.0000,22,1,335,361,0,0,100,5,17,17,0,0,45079,1415,0,0,880869376,0.000000,0.000000,0.000000,0.00,0,0,0,0,0,20,39,31,15,15,15,15,14,16,24,16,47,68,0.0003,0.0018,0.0453,0.0387,0.0050,0.0037,5.3390,0.0171,0.0000,0.9268,0.0004,0.3932,0.1333,0.0006,0.0006,0.0000,0.0000,0.0004
2277,28.4274,0.0000,15.6741,4.7986,,true,0,0.008333,0.0000,0.0000,1.00,0.00,0.0000,22,1,335,361,0,0,100,5,17,17,0,0,45079,1415,0,0,880869376,0.000000,0.000000,0.000000,0.00,0,0,0,0,0,20,39,31,15,15,15,15,14,16,24,16,47,68,0.0002,0.0014,0.0442,0.0358,0.0048,0.0035,4.7986,0.0177,0.0000,0.9568,0.0007,0.4072,0.1737,0.0016,0.0005,0.0000,0.0000,0.0005
2278,28.4447,0.0000,17.2312,5.3552,,true,0,0.008333,0.0000,0.0000,1.00,0.00,0.0000,22,1,335,361,0,0,100,5,17,17,0,0,45079,1415,0,0,880869376,0.000000,0.000000,0.000000,0.00,0,0,0,0,0,20,39,31,15,15,15,15,14,16,24,16,47,68,0.0002,0.0013,0.0495,0.0344,0.0038,0.0021,5.3552,0.0159,0.0000,1.0061,0.0006,0.4029,0.2085,0.0021,0.0008,0.0000,0.0000,0.0007
2279,28.4609,0.0000,16.4956,4.9362,,true,0,0.008333,0.0000,0.0000,1.00,0.00,0.0000,22,1,335,361,0,0,100,5,17,17,0,0,45079,1415,0,0,880869376,0.000000,0.000000,0.000000,0.00,0,0,0,0,0,20,39,31,15,15,15,15,14,16,24,16,47,68,0.0003,0.0018,0.0406,0.0391,0.0043,0.0052,4.9362,0.0124,0.0000,0.9391,0.0004,0.3982,0.1334,0.0010,0.0005,0.0000,0.0000,0.0004
2280,28.4780,0.0000,17.2361,5.3712,,true,0,0.008333,0.0000,0.0000,1.00,0.00,0.0000,22,1,335,361,0,0,100,5,17,17,0,0,45079,1415,0,0,880869376,0.000000,0.000000,0.000000,0.00,0,0,0,0,0,20,39,31,15,15,15,15,14,16,24,16,47,68,0.0002,0.0016,0.0416,0.0466,0.0061,0.0041,5.3712,0.0173,0.0000,1.0120,0.0003,0.4598,0.1612,0.0012,0.0008,0.0000,0.0000,0.0004
2281,28.4941,0.0000,16.5175,4.8594,,true,0,0.008333,0.0000,0.0000,1.00,0.00,0.0000,22,1,335,361,0,0,100,5,17,17,0,0,45079,1415,0,0,880869376,0.000000,0.000000,0.000000,0.00,0,0,0,0,0,20,39,31,15,15,15,15,14,16,24,16,47,68,0.0002,0.0010,0.0357,0.0383,0.0034,0.0067,4.8594,0.0110,0.0000,0.8958,0.0004,0.3909,0.1365,0.0008,0.0006,0.0000,0.0000,0.0004
2282,28.5109,0.0000,16.7491,4.9078,,true,0,0.008333,0.0000,0.0000,1.00,0.00,0.0000,22,1,335,361,0,0,100,5,17,17,0,0,45079,1415,0,0,880869376,0.000000,0.000000,0.000000,0.00,0,0,0,0,0,20,39,31,15,15,15,15,14,16,24,16,47,68,0.0002,0.0009,0.0602,0.0382,0.0042,0.0031,4.9078,0.0139,0.0000,0.9478,0.0007,0.4019,0.1683,0.0014,0.0004,0.0000,0.0000,0.0001
2283,28.5277,0.0000,15.7504,5.0625,,true,0,0.008333,0.0000,0.0000,1.00,0.00,0.0000,22,1,335,361,0,0,100,5,17,17,0,0,45079,1415,0,0,880869376,0.000000,0.000000,0.000000,0.00,0,0,0,0,0,20,39,31,15,15,15,15,14,16,24,16,47,68,0.0007,0.0016,0.0637,0.0422,0.0037,0.0026,5.0625,0.0143,0.0000,0.8684,0.0002,0.3885,0.1276,0.0006,0.0004,0.0000,0.0000,0.0002
2284,28.5441,0.0000,17.3364,4.7639,,true,0,0.008333,0.0000,0.0000,1.00,0.00,0.0000,22,1,335,361,0,0,100,5,17,17,0,0,45079,1415,0,0,880869376,0.000000,0.000000,0.000000,0.00,0,0,0,0,0,20,39,31,15,15,15,15,14,16,24,16,47,68,0.0003,0.0012,0.0378,0.0367,0.0033,0.0036,4.7639,0.0149,0.0000,0.9376,0.0005,0.3933,0.1696,0.0009,0.0004,0.0000,0.0000,0.0003
2285,28.5614,0.0000,16.0699,5.4351,,true,0,0.008333,0.0000,0.0000,1.00,0.00,0.0000,22,1,335,361,0,0,100,5,17,17,0,0,45079,1415,0,0,880869376,0.000000,0.000000,0.000000,0.00,0,0,0,0,0,20,39,31,15,15,15,15,14,16,24,16,47,68,0.0004,0.0016,0.0563,0.0481,0.0055,0.0053,5.4351,0.0199,0.0000,0.9862,0.0005,0.4001,0.1723,0.0015,0.0012,0.0000,0.0000,0.0003
2286,28.5771,0.0000,16.8400,4.5456,,true,0,0.008333,0.0000,0.0000,1.00,0.00,0.0000,22,1,335,361,0,0,100,5,17,17,0,0,45079,1415,0,0,880869376,0.000000,0.000000,0.000000,0.00,0,0,0,0,0,20,39,31,15,15,15,15,14,16,24,16,47,68,0.0003,0.0012,0.0390,0.0434,0.0046,0.0028,4.5456,0.0109,0.0000,0.9022,0.0003,0.3824,0.1497,0.0010,0.0006,0.0000,0.0000,0.0004
2287,28.5942,0.0000,17.2381,4.9635,,true,0,0.008333,0.0000,0.0000,1.00,0.00,0.0000,22,1,335,361,0,0,100,5,17,17,0,0,45079,1415,0,0,880869376,0.000000,0.000000,0.000000,0.00,0,0,0,0,0,20,39,31,15,15,15,15,14,16,24,16,47,68,0.0002,0.0011,0.0419,0.0382,0.0037,0.0040,4.9635,0.0137,0.0000,0.9948,0.0004,0.4770,0.1411,0.0008,0.0006,0.0000,0.0000,0.0006
2288,28.6108,0.0000,15.6792,4.8670,,true,0,0.008333,0.0000,0.0000,1.00,0.00,0.0000,22,1,335,361,0,0,100,5,17,17,0,0,45079,1415,0,0,880869376,0.000000,0.000000,0.000000,0.00,0,0,0,0,0,20,39,31,15,15,15,15,14,16,24,16,47,68,0.0002,0.0012,0.0378,0.0300,0.0036,0.0023,4.8670,0.0107,0.0000,0.8775,0.0003,0.3890,0.1354,0.0008,0.0003,0.0000,0.0000,0.0002
2289,28.6279,0.0000,17.2452,5.3300,,true,0,0.008333,0.0000,0.0000,1.00,0.00,0.0000,22,1,335,361,0,0,100,5,17,17,0,0,45079,1415,0,0,880869376,0.000000,0.000000,0.000000,0.00,0,0,0,0,0,20,39,31,15,15,15,15,14,16,24,16,47,68,0.0003,0.0017,0.0415,0.0518,0.0059,0.0038,5.3300,0.0184,0.0000,1.0066,0.0004,0.4170,0.1328,0.0008,0.0003,0.0000,0.0000,0.0004
2290,28.6448,0.0000,16.6659,5.5235,,true,0,0.008333,0.0000,0.0000,1.00,0.00,0.0000,22,1,335,361,0,0,100,5,17,17,0,0,45079,1415,0,0,880869376,0.000000,0.000000,0.000000,0.00,0,0,0,0,0,20,39,31,15,15,15,15,14,16,24,16,47,68,0.0002,0.0012,0.0384,0.0370,0.0035,0.0026,5.5235,0.0106,0.0000,0.9043,0.0004,0.3867,0.1382,0.0011,0.0007,0.0000,0.0000,0.0005
2291,28.6607,0.0000,16.9628,4.7443,,true,0,0.008333,0.0000,0.0000,1.00,0.00,0.0000,22,1,335,361,0,0,100,5,17,17,0,0,45079,1415,0,0,880869376,0.000000,0.000000,0.000000,0.00,0,0,0,0,0,20,39,31,15,15,15,15,14,16,24,16,47,68,0.0012,0.0013,0.0366,0.0314,0.0029,0.0022,4.7443,0.0121,0.0000,0.8821,0.0004,0.4011,0.1356,0.0008,0.0006,0.0000,0.0000,0.0002
2292,28.6780,0.0000,16.8900,5.4063,,true,0,0.008333,0.0000,0.0000,1.00,0.00,0.0000,22,1,335,361,0,0,100,5,17,17,0,0,45079,1415,0,0,880869376,0.000000,0.000000,0.000000,0.00,0,0,0,0,0,20,39,31,15,15,15,15,14,16,24,16,47,68,0.0004,0.0019,0.0407,0.0492,0.0059,0.0039,5.4063,0.0159,0.0000,0.7923,0.0002,0.3090,0.1493,0.0011,0.0003,0.0000,0.0000,0.0002
2293,28.6945,0.0000,15.6132,5.2040,,true,0,0.008333,0.0000,0.0000,1.00,0.00,0.0000,22,1,335,361,0,0,100,5,17,17,0,0,45079,1415,0,0,880869376,0.000000,0.000000,0.000000,0.00,0,0,0,0,0,20,39,31,15,15,15,15,14,16,24,16,47,68,0.0002,0.0010,0.0452,0.0386,0.0036,0.0028,5.2040,0.0133,0.0000,0.9212,0.0003,0.4001,0.1454,0.0013,0.0006,0.0000,0.0000,0.0006
2294,28.7113,0.0000,17.4768,5.3193,,true,0,0.008333,0.0000,0.0000,1.00,0.00,0.0000,22,1,335,361,0,0,100,5,17,17,0,0,45079,1415,0,0,880869376,0.000000,0.000000,0.000000,0.00,0,0,0,0,0,20,39,31,15,15,15,15,14,16,24,16,47,68,0.0003,0.0019,0.0428,0.0373,0.0044,0.0031,5.3193,0.0213,0.0000,0.9091,0.0003,0.4027,0.1374,0.0008,0.0006,0.0000,0.0000,0.0003
2295,28.7276,0.0000,16.0972,4.9620,,true,0,0.008333,0.0000,0.0000,1.00,0.00,0.0000,22,1,335,361,0,0,100,5,17,17,0,0,45079,1415,0,0,880869376,0.000000,0.000000,0.000000,0.00,0,0,0,0,0,20,39,31,15,15,15,15,14,16,24,16,47,68,0.0002,0.0010,0.0411,0.0279,0.0032,0.0020,4.9620,0.0217,0.0000,0.8849,0.0002,0.3798,0.1416,0.0009,0.0004,0.0000,0.0000,0.0004
2296,28.7448,0.0000,17.2616,5.1454,,true,0,0.008333,0.0000,0.0000,1.00,0.00,0.0000,22,1,335,361,0,0,100,5,17,17,0,0,45079,1415,0,0,880869376,0.000000,0.000000,0.000000,0.00,0,0,0,0,0,20,39,31,15,15,15,15,14,16,24,16,47,68,0.0003,0.0013,0.0498,0.0439,0.0049,0.0034,5.1454,0.0160,0.0000,0.9925,0.0003,0.4426,0.1365,0.0009,0.0006,0.0000,0.0000,0.0006
2297,28.7612,0.0000,15.9447,5.2433,,true,0,0.008333,0.0000,0.0000,1.00,0.00,0.0000,22,1,335,361,0,0,100,5,17,17,0,0,45079,1415,0,0,880869376,0.000000,0.000000,0.000000,0.00,0,0,0,0,0,20,39,31,15,15,15,15,14,16,24,16,47,68,0.0002,0.0014,0.0393,0.0432,0.0038,0.0034,5.2433,0.0111,0.0000,0.9628,0.0004,0.3965,0.1443,0.0014,0.0006,0.0000,0.0000,0.0005
2298,28.7774,0.0000,17.3833,4.7835,,true,0,0.008333,0.0000,0.0000,1.00,0.00,0.0000,22,1,335,361,0,0,100,5,17,17,0,0,45079,1415,0,0,880869376,0.000000,0.000000,0.000000,0.00,0,0,0,0,0,20,39,31,15,15,15,15,14,16,24,16,47,68,0.0002,0.0010,0.0422,0.0419,0.0040,0.0030,4.7835,0.0155,0.0000,0.8773,0.0004,0.3812,0.1329,0.0007,0.0005,0.0000,0.0000,0.0002
2299,28.7950,0.0000,16.2818,5.2842,,true,0,0.008333,0.0000,0.0000,1.00,0.00,0.0000,22,1,335,361,0,0,100,5,17,17,0,0,45079,1415,0,0,880869376,0.000000,0.000000,0.000000,0.00,0,0,0,0,0,20,39,31,15,15,15,15,14,16,24,16,47,68,0.0001,0.0009,0.0442,0.0355,0.0035,0.0031,5.2842,0.0136,0.0000,1.0082,0.0002,0.4340,0.1383,0.0017,0.0006,0.0000,0.0000,0.0005
2300,28.8114,0.0000,16.2219,5.3492,,true,0,0.008333,0.0000,0.0000,1.00,0.00,0.0000,22,1,335,361,0,0,100,5,17,17,0,0,45079,1415,0,0,880869376,0.000000,0.000000,0.000000,0.00,0,0,0,0,0,20,39,31,15,15,15,15,14,16,24,16,47,68,0.0002,0.0009,0.0339,0.0336,0.0037,0.0026,5.3492,0.0115,0.0000,0.8640,0.0003,0.3882,0.1292,0.0006,0.0003,0.0000,0.0000,0.0003
2301,28.8277,0.0000,17.5673,5.0382,,true,0,0.008333,0.0000,0.0000,1.00,0.00,0.0000,22,1,335,361,0,0,100,5,17,17,0,0,45079,1415,0,0,880869376,0.000000,0.000000,0.000000,0.00,0,0,0,0,0,20,39,31,15,15,15,15,14,16,24,16,47,68,0.0007,0.0013,0.0338,0.0461,0.0054,0.0039,5.0382,0.0099,0.0000,1.0123,0.0003,0.4205,0.1424,0.0013,0.0006,0.0000,0.0000,0.0003
2302,28.8440,0.0000,16.6079,4.6976,,true,0,0.008333,0.0000,0.0000,1.00,0.00,0.0000,22,1,335,361,0,0,100,5,17,17,0,0,45079,1415,0,0,880869376,0.000000,0.000000,0.000000,0.00,0,0,0,0,0,20,39,31,15,15,15,15,14,16,24,16,47,68,0.0003,0.0017,0.0413,0.0402,0.0050,0.0049,4.6976,0.0143,0.0000,0.9205,0.0003,0.4051,0.1372,0.0006,0.0003,0.0000,0.0000,0.0004
2303,28.8612,0.0000,16.1521,5.1130,,true,0,0.008333,0.0000,0.0000,1.00,0.00,0.0000,22,1,335,361,0,0,100,5,17,17,0,0,45079,1415,0,0,880869376,0.000000,0.000000,0.000000,0.00,0,0,0,0,0,20,39,31,15,15,15,15,14,16,24,16,47,68,0.0004,0.0008,0.0385,0.0498,0.0055,0.0027,5.1130,0.0110,0.0000,0.7813,0.0003,0.3378,0.1125,0.0008,0.0005,0.0000,0.0000,0.0005
2304,28.8776,0.0000,16.4936,5.0210,,true,0,0.008333,0.0000,0.0000,1.00,0.00,0.0000,22,1,335,361,0,0,100,5,17,17,0,0,45079,1415,0,0,880869376,0.000000,0.000000,0.000000,0.00,0,0,0,0,0,20,39,31,15,15,15,15,14,16,24,16,47,68,0.0003,0.0016,0.0435,0.0642,0.0054,0.0045,5.0210,0.0133,0.0000,0.9375,0.0004,0.4024,0.1453,0.0021,0.0005,0.0000,0.0000,0.0006
2305,28.8943,0.0000,17.1715,5.0477,,true,0,0.008333,0.0000,0.0000,1.00,0.00,0.0000,22,1,335,361,0,0,100,5,17,17,0,0,45079,1415,0,0,880869376,0.000000,0.000000,0.000000,0.00,0,0,0,0,0,20,39,31,15,15,15,15,14,16,24,16,47,68,0.0002,0.0013,0.0605,0.0428,0.0038,0.0040,5.0477,0.0178,0.0000,0.9462,0.0007,0.3877,0.1705,0.0018,0.0006,0.0000,0.0000,0.0003
2306,28.9116,0.0000,16.2502,5.0031,,true,0,0.008333,0.0000,0.0000,1.00,0.00,0.0000,22,1,335,361,0,0,100,5,17,17,0,0,45079,1415,0,0,880869376,0.000000,0.000000,0.000000,0.00,0,0,0,0,0,20,39,31,15,15,15,15,14,16,24,16,47,68,0.0003,0.0022,0.0298,0.0435,0.0050,0.0028,5.0031,0.0224,0.0000,0.9682,0.0003,0.4225,0.1413,0.0009,0.0005,0.0000,0.0000,0.0005
2307,28.9277,0.0000,16.6560,5.1264,,true,0,0.008333,0.0000,0.0000,1.00,0.00,0.0000,22,1,335,361,0,0,100,5,17,17,0,0,45079,1415,0,0,880869376,0.000000,0.000000,0.000000,0.00,0,0,0,0,0,20,39,31,15,15,15,15,14,16,24,16,47,68,0.0003,0.0011,0.0384,0.0401,0.0030,0.0022,5.1264,0.0114,0.0000,0.8813,0.0002,0.3197,0.1000,0.0006,0.0004,0.0000,0.0000,0.0005
2308,28.9447,0.0000,17.6939,5.0695,,true,0,0.008333,0.0000,0.0000,1.00,0.00,0.0000,22,1,335,361,0,0,100,5,17,17,0,0,45079,1415,0,0,880869376,0.000000,0.000000,0.000000,0.00,0,0,0,0,0,20,39,31,15,15,15,15,14,16,24,16,47,68,0.0001,0.0012,0.0440,0.0323,0.0034,0.0032,5.0695,0.0171,0.0000,0.9540,0.0005,0.4147,0.1378,0.0010,0.0007,0.0000,0.0000,0.0005
2309,28.9614,0.0000,15.5279,5.3995,,true,0,0.008333,0.0000,0.0000,1.00,0.00,0.0000,22,1,335,361,0,0,100,5,17,17,0,0,45079,1415,0,0,880869376,0.000000,0.000000,0.000000,0.00,0,0,0,0,0,20,39,31,15,15,15,15,14,16,24,16,47,68,0.0002,0.0017,0.0408,0.0385,0.0033,0.0039,5.3995,0.0139,0.0000,0.9443,0.0004,0.4112,0.1494,0.0010,0.0012,0.0000,0.0000,0.0002
2310,28.9779,0.0000,17.2098,5.3000,,true,0,0.008333,0.0000,0.0000,1.00,0.00,0.0000,22,1,335,361,0,0,100,5,17,17,0,0,45079,1415,0,0,880869376,0.000000,0.000000,0.000000,0.00,0,0,0,0,0,20,39,31,15,15,15,15,14,16,24,16,47,68,0.0003,0.0015,0.0444,0.0437,0.0047,0.0073,5.3000,0.0216,0.0000,1.0743,0.0003,0.4337,0.1845,0.0007,0.0003,0.0000,0.0000,0.0003
2311,28.9940,0.0000,16.7463,4.7626,,true,0,0.008333,0.0000,0.0000,1.00,0.00,0.0000,22,1,335,361,0,0,100,5,17,17,0,0,45079,1415,0,0,880869376,0.000000,0.000000,0.000000,0.00,0,0,0,0,0,20,39,31,15,15,15,15,14,16,24,16,47,68,0.0002,0.0011,0.0335,0.0354,0.0033,0.0038,4.7626,0.0131,0.0000,0.8973,0.0002,0.3910,0.1349,0.0008,0.0005,0.0000,0.0000,0.0002
2312,29.0159,0.0000,16.5463,9.9070,,true,0,0.008333,0.0000,0.0000,1.00,0.00,0.0000,22,1,335,361,0,0,100,5,17,17,0,0,45079,1415,0,0,880869376,0.000000,0.000000,0.000000,0.00,0,0,0,0,0,20,39,31,15,15,15,15,14,16,24,16,47,68,0.0002,0.0016,0.0434,0.0432,0.0041,0.0038,9.9070,0.0094,0.0000,5.6867,0.0002,0.3009,0.0907,0.5500,0.0005,0.0000,0.0000,4.3584
2313,29.0295,0.0000,15.9654,6.6470,,true,0,0.008333,0.0000,0.0000,1.00,0.00,0.0000,22,1,335,361,0,0,100,5,17,17,0,0,45079,1415,0,0,880869376,0.000000,0.000000,0.000000,0.00,0,0,0,0,0,20,39,31,15,15,15,15,14,16,24,16,47,68,0.0001,0.0014,0.0472,0.0622,0.0071,0.0056,6.6470,0.0237,0.0000,1.0306,0.0003,0.4183,0.1710,0.0016,0.0003,0.0000,0.0000,0.0003
2314,29.0447,0.0000,22.0990,5.3272,,true,0,0.008333,0.0000,0.0000,1.00,0.00,0.0000,22,1,335,361,0,0,100,5,17,17,0,0,45079,1415,0,0,880869376,0.000000,0.000000,0.000000,0.00,0,0,0,0,0,20,39,31,15,15,15,15,14,16,24,16,47,68,0.0002,0.0011,0.0384,0.0322,0.0034,0.0031,5.3272,0.0095,0.0000,0.8451,0.0002,0.3794,0.1213,0.0006,0.0003,0.0000,0.0000,0.0002
2315,29.0618,0.0000,14.2114,5.4954,,true,0,0.008333,0.0000,0.0000,1.00,0.00,0.0000,22,1,335,361,0,0,100,5,17,17,0,0,45079,1415,0,0,880869376,0.000000,0.000000,0.000000,0.00,0,0,0,0,0,20,39,31,15,15,15,15,14,16,24,16,47,68,0.0007,0.0022,0.0311,0.0475,0.0036,0.0043,5.4954,0.0178,0.0000,0.9436,0.0003,0.3513,0.1071,0.0007,0.0004,0.0000,0.0000,0.0003
2316,29.0776,0.0000,15.1616,4.9892,,true,0,0.008333,0.0000,0.0000,1.00,0.00,0.0000,22,1,335,361,0,0,100,5,17,17,0,0,45079,1415,0,0,880869376,0.000000,0.000000,0.000000,0.00,0,0,0,0,0,20,39,31,15,15,15,15,14,16,24,16,47,68,0.0003,0.0018,0.0286,0.0619,0.0035,0.0035,4.9892,0.0121,0.0000,0.7111,0.0005,0.2993,0.1200,0.0010,0.0005,0.0000,0.0000,0.0004
2317,29.0945,0.0000,16.3370,5.0471,,true,0,0.008333,0.0000,0.0000,1.00,0.00,0.0000,22,1,335,361,0,0,100,5,17,17,0,0,45079,1415,0,0,880869376,0.000000,0.000000,0.000000,0.00,0,0,0,0,0,20,39,31,15,15,15,15,14,16,24,16,47,68,0.0005,0.0017,0.0568,0.0581,0.0040,0.0049,5.0471,0.0119,0.0000,1.0480,0.0005,0.3976,0.2168,0.0011,0.0004,0.0000,0.0000,0.0002
2318,29.1111,0.0000,15.9741,5.0466,,true,0,0.008333,0.0000,0.0000,1.00,0.00,0.0000,22,1,335,361,0,0,100,5,17,17,0,0,45079,1415,0,0,880869376,0.000000,0.000000,0.000000,0.00,0,0,0,0,0,20,39,31,15,15,15,15,14,16,24,16,47,68,0.0002,0.0014,0.0465,0.0412,0.0054,0.0029,5.0466,0.0177,0.0000,0.9591,0.0004,0.4198,0.1386,0.0009,0.0006,0.0000,0.0000,0.0006
2319,29.1276,0.0000,16.7443,4.9608,,true,0,0.008333,0.0000,0.0000,1.00,0.00,0.0000,22,1,335,361,0,0,100,5,17,17,0,0,45079,1415,0,0,880869376,0.000000,0.000000,0.000000,0.00,0,0,0,0,0,20,39,31,15,15,15,15,14,16,24,16,47,68,0.0002,0.0012,0.0364,0.0306,0.0035,0.0026,4.9608,0.0106,0.0000,0.8707,0.0002,0.2925,0.1214,0.0010,0.0007,0.0000,0.0000,0.0004
2320,29.1441,0.0000,17.2603,4.8045,,true,0,0.008333,0.0000,0.0000,1.00,0.00,0.0000,22,1,335,361,0,0,100,5,17,17,0,0,45079,1415,0,0,880869376,0.000000,0.000000,0.000000,0.00,0,0,0,0,0,20,39,31,15,15,15,15,14,16,24,16,47,68,0.0002,0.0015,0.0443,0.0428,0.0066,0.0036,4.8045,0.0126,0.0000,0.9387,0.0002,0.4104,0.1352,0.0011,0.0005,0.0000,0.0000,0.0006
2321,29.1608,0.0000,15.8040,4.8404,,true,0,0.008333,0.0000,0.0000,1.00,0.00,0.0000,22,1,335,361,0,0,100,5,17,17,0,0,45079,1415,0,0,880869376,0.000000,0.000000,0.000000,0.00,0,0,0,0,0,20,39,31,15,15,15,15,14,16,24,16,47,68,0.0002,0.0014,0.0294,0.0468,0.0062,0.0034,4.8404,0.0098,0.0000,0.6905,0.0003,0.2985,0.1074,0.0007,0.0003,0.0000,0.0000,0.0002
2322,29.1775,0.0000,16.7780,4.8581,,true,0,0.008333,0.0000,0.0000,1.00,0.00,0.0000,22,1,335,361,0,0,100,5,17,17,0,0,45079,1415,0,0,880869376,0.000000,0.000000,0.000000,0.00,0,0,0,0,0,20,39,31,15,15,15,15,14,16,24,16,47,68,0.0003,0.0013,0.0421,0.0431,0.0053,0.0036,4.8581,0.0109,0.0000,0.9588,0.0002,0.4084,0.1603,0.0011,0.0005,0.0000,0.0000,0.0003
2323,29.1945,0.0000,16.7771,5.0716,,true,0,0.008333,0.0000,0.0000,1.00,0.00,0.0000,22,1,335,361,0,0,100,5,17,17,0,0,45079,1415,0,0,880869376,0.000000,0.000000,0.000000,0.00,0,0,0,0,0,20,39,31,15,15,15,15,14,16,24,16,47,68,0.0003,0.0015,0.0468,0.0438,0.0054,0.0038,5.0716,0.0221,0.0000,0.9239,0.0005,0.2976,0.1557,0.0016,0.0007,0.0000,0.0000,0.0002
2324,29.2119,0.0000,16.6250,5.3547,,true,0,0.008333,0.0000,0.0000,1.00,0.00,0.0000,22,1,335,361,0,0,100,5,17,17,0,0,45079,1415,0,0,880869376,0.000000,0.000000,0.000000,0.00,0,0,0,0,0,20,39,31,15,15,15,15,14,16,24,16,47,68,0.0005,0.0017,0.0451,0.0425,0.0055,0.0059,5.3547,0.0205,0.0000,0.9610,0.0007,0.4027,0.1734,0.0014,0.0008,0.0000,0.0000,0.0007
2325,29.2279,0.0000,17.0560,5.3127,,true,0,0.008333,0.0000,0.0000,1.00,0.00,0.0000,22,1,335,361,0,0,100,5,17,17,0,0,45079,1415,0,0,880869376,0.000000,0.000000,0.000000,0.00,0,0,0,0,0,20,39,31,15,15,15,15,14,16,24,16,47,68,0.0006,0.0010,0.0376,0.0405,0.0035,0.0025,5.3127,0.0094,0.0000,0.9708,0.0003,0.4016,0.1246,0.0006,0.0003,0.0000,0.0000,0.0003
2326,29.2443,0.0000,17.7371,4.9794,,true,0,0.008333,0.0000,0.0000,1.00,0.00,0.0000,22,1,335,361,0,0,100,5,17,17,0,0,45079,1415,0,0,880869376,0.000000,0.000000,0.000000,0.00,0,0,0,0,0,20,39,31,15,15,15,15,14,16,24,16,47,68,0.0003,0.0010,0.0422,0.0490,0.0034,0.0034,4.9794,0.0141,0.0000,0.9152,0.0003,0.3962,0.1271,0.0007,0.0008,0.0000,0.0000,0.0004
2327,29.2612,0.0000,15.1806,5.2991,,true,0,0.008333,0.0000,0.0000,1.00,0.00,0.0000,22,1,335,361,0,0,100,5,17,17,0,0,45079,1415,0,0,880869376,0.000000,0.000000,0.000000,0.00,0,0,0,0,0,20,39,31,15,15,15,15,14,16,24,16,47,68,0.0001,0.0012,0.0463,0.0437,0.0040,0.0033,5.2991,0.0126,0.0000,0.9847,0.0004,0.3973,0.1610,0.0014,0.0011,0.0000,0.0000,0.0003
2328,29.2782,0.0000,16.5630,5.4857,,true,0,0.008333,0.0000,0.0000,1.00,0.00,0.0000,22,1,335,361,0,0,100,5,17,17,0,0,45079,1415,0,0,880869376,0.000000,0.000000,0.000000,0.00,0,0,0,0,0,20,39,31,15,15,15,15,14,16,24,16,47,68,0.0010,0.0021,0.0521,0.0538,0.0055,0.0040,5.4857,0.0217,0.0000,1.0010,0.0004,0.4302,0.1660,0.0006,0.0007,0.0000,0.0000,0.0003
2329,29.2945,0.0000,17.0026,5.2546,,true,0,0.008333,0.0000,0.0000,1.00,0.00,0.0000,22,1,335,361,0,0,100,5,17,17,0,0,45079,1415,0,0,880869376,0.000000,0.000000,0.000000,0.00,0,0,0,0,0,20,39,31,15,15,15,15,14,16,24,16,47,68,0.0002,0.0013,0.0322,0.0316,0.0031,0.0034,5.2546,0.0089,0.0000,1.0749,0.0002,0.4583,0.1132,0.0015,0.0005,0.0000,0.0000,0.0004
2330,29.3117,0.0000,17.0192,5.7618,,true,0,0.008333,0.0000,0.0000,1.00,0.00,0.0000,22,1,335,361,0,0,100,5,17,17,0,0,45079,1415,0,0,880869376,0.000000,0.000000,0.000000,0.00,0,0,0,0,0,20,39,31,15,15,15,15,14,16,24,16,47,68,0.0002,0.0024,0.0500,0.0506,0.0061,0.0063,5.7618,0.0117,0.0000,1.0610,0.0004,0.4474,0.1795,0.0013,0.0012,0.0000,0.0000,0.0004
2331,29.3278,0.0000,16.3480,5.1776,,true,0,0.008333,0.0000,0.0000,1.00,0.00,0.0000,22,1,335,361,0,0,100,5,17,17,0,0,45079,1415,0,0,880869376,0.000000,0.000000,0.000000,0.00,0,0,0,0,0,20,39,31,15,15,15,15,14,16,24,16,47,68,0.0002,0.0011,0.0370,0.0413,0.0043,0.0027,5.1776,0.0102,0.0000,0.9713,0.0003,0.4041,0.1254,0.0006,0.0004,0.0000,0.0000,0.0005
2332,29.3442,0.0000,17.5266,4.9492,,true,0,0.008333,0.0000,0.0000,1.00,0.00,0.0000,22,1,335,361,0,0,100,5,17,17,0,0,45079,1415,0,0,880869376,0.000000,0.000000,0.000000,0.00,0,0,0,0,0,20,39,31,15,15,15,15,14,16,24,16,47,68,0.0002,0.0011,0.0397,0.0440,0.0054,0.0030,4.9492,0.0142,0.0000,0.8964,0.0004,0.3934,0.1310,0.0007,0.0007,0.0000,0.0000,0.0004
2333,29.3613,0.0000,15.8688,5.3095,,true,0,0.008333,0.0000,0.0000,1.00,0.00,0.0000,22,1,335,361,0,0,100,5,17,17,0,0,45079,1415,0,0,880869376,0.000000,0.000000,0.000000,0.00,0,0,0,0,0,20,39,31,15,15,15,15,14,16,24,16,47,68,0.0003,0.0015,0.0535,0.0470,0.0060,0.0042,5.3095,0.0181,0.0000,0.7336,0.0003,0.2867,0.1373,0.0009,0.0004,0.0000,0.0000,0.0006
2334,29.3777,0.0000,16.1349,5.0976,,true,0,0.008333,0.0000,0.0000,1.00,0.00,0.0000,22,1,335,361,0,0,100,5,17,17,0,0,45079,1415,0,0,880869376,0.000000,0.000000,0.000000,0.00,0,0,0,0,0,20,39,31,15,15,15,15,14,16,24,16,47,68,0.0006,0.0016,0.0384,0.0482,0.0164,0.0028,5.0976,0.0109,0.0000,0.9314,0.0005,0.3916,0.1482,0.0012,0.0008,0.0000,0.0000,0.0004
2335,29.3947,0.0000,17.1521,5.3962,,true,0,0.008333,0.0000,0.0000,1.00,0.00,0.0000,22,1,335,361,0,0,100,5,17,17,0,0,45079,1415,0,0,880869376,0.000000,0.000000,0.000000,0.00,0,0,0,0,0,20,39,31,15,15,15,15,14,16,24,16,47,68,0.0003,0.0012,0.0419,0.0374,0.0039,0.0038,5.3962,0.0171,0.0000,0.9631,0.0004,0.4395,0.1499,0.0010,0.0003,0.0000,0.0000,0.0003
2336,29.4114,0.0000,17.0489,5.4436,,true,0,0.008333,0.0000,0.0000,1.00,0.00,0.0000,22,1,335,361,0,0,100,5,17,17,0,0,45079,1415,0,0,880869376,0.000000,0.000000,0.000000,0.00,0,0,0,0,0,20,39,31,15,15,15,15,14,16,24,16,47,68,0.0003,0.0013,0.0544,0.0406,0.0038,0.0024,5.4436,0.0138,0.0000,1.0523,0.0004,0.5636,0.1790,0.0011,0.0009,0.0000,0.0000,0.0005
2337,29.4277,0.0000,16.8243,5.0584,,true,0,0.008333,0.0000,0.0000,1.00,0.00,0.0000,22,1,335,361,0,0,100,5,17,17,0,0,45079,1415,0,0,880869376,0.000000,0.000000,0.000000,0.00,0,0,0,0,0,20,39,31,15,15,15,15,14,16,24,16,47,68,0.0003,0.0013,0.0535,0.0344,0.0034,0.0033,5.0584,0.0134,0.0000,0.8807,0.0005,0.3779,0.1384,0.0009,0.0007,0.0000,0.0000,0.0003
2338,29.4447,0.0000,16.9179,5.3838,,true,0,0.008333,0.0000,0.0000,1.00,0.00,0.0000,22,1,335,361,0,0,100,5,17,17,0,0,45079,1415,0,0,880869376,0.000000,0.000000,0.000000,0.00,0,0,0,0,0,20,39,31,15,15,15,15,14,16,24,16,47,68,0.0002,0.0014,0.0396,0.0382,0.0032,0.0031,5.3838,0.0198,0.0000,0.9076,0.0003,0.4048,0.1367,0.0006,0.0004,0.0000,0.0000,0.0001
2339,29.4607,0.0000,16.2872,4.6956,,true,0,0.008333,0.0000,0.0000,1.00,0.00,0.0000,22,1,335,361,0,0,100,5,17,17,0,0,45079,1415,0,0,880869376,0.000000,0.000000,0.000000,0.00,0,0,0,0,0,20,39,31,15,15,15,15,14,16,24,16,47,68,0.0002,0.0013,0.0397,0.0459,0.0046,0.0031,4.6956,0.0146,0.0000,0.9249,0.0002,0.4166,0.1412,0.0007,0.0006,0.0000,0.0000,0.0004
2340,29.4780,0.0000,16.3545,5.4171,,true,0,0.008333,0.0000,0.0000,1.00,0.00,0.0000,22,1,335,361,0,0,100,5,17,17,0,0,45079,1415,0,0,880869376,0.000000,0.000000,0.000000,0.00,0,0,0,0,0,20,39,31,15,15,15,15,14,16,24,16,47,68,0.0008,0.0013,0.0395,0.0638,0.0053,0.0043,5.4171,0.0136,0.0000,0.9688,0.0005,0.4146,0.1646,0.0013,0.0008,0.0000,0.0000,0.0005
2341,29.4942,0.0000,16.6901,4.8850,,true,0,0.008333,0.0000,0.0000,1.00,0.00,0.0000,22,1,335,361,0,0,100,5,17,17,0,0,45079,1415,0,0,880869376,0.000000,0.000000,0.000000,0.00,0,0,0,0,0,20,39,31,15,15,15,15,14,16,24,16,47,68,0.0001,0.0009,0.0432,0.0342,0.0038,0.0031,4.8850,0.0132,0.0000,0.9032,0.0003,0.3926,0.1394,0.0009,0.0006,0.0000,0.0000,0.0011
2342,29.5112,0.0000,16.8963,5.2052,,true,0,0.008333,0.0000,0.0000,1.00,0.00,0.0000,22,1,335,361,0,0,100,5,17,17,0,0,45079,1415,0,0,880869376,0.000000,0.000000,0.000000,0.00,0,0,0,0,0,20,39,31,15,15,15,15,14,16,24,16,47,68,0.0005,0.0018,0.0439,0.0378,0.0042,0.0041,5.2052,0.0136,0.0000,0.9664,0.0005,0.3905,0.1687,0.0016,0.0008,0.0000,0.0000,0.0002
2343,29.5271,0.0000,16.1265,4.4311,,true,0,0.008333,0.0000,0.0000,1.00,0.00,0.0000,22,1,335,361,0,0,100,5,17,17,0,0,45079,1415,0,0,880869376,0.000000,0.000000,0.000000,0.00,0,0,0,0,0,20,39,31,15,15,15,15,14,16,24,16,47,68,0.0003,0.0014,0.0352,0.0326,0.0029,0.0027,4.4311,0.0107,0.0000,0.8888,0.0004,0.4009,0.1185,0.0008,0.0006,0.0000,0.0000,0.0002
2344,29.5445,0.0000,19.7348,5.1720,,true,0,0.008333,0.0000,0.0000,1.00,0.00,0.0000,22,1,335,361,0,0,100,5,17,17,0,0,45079,1415,0,0,880869376,0.000000,0.000000,0.000000,0.00,0,0,0,0,0,20,39,31,15,15,15,15,14,16,24,16,47,68,0.0004,0.0013,0.0305,0.0545,0.0053,0.0040,5.1720,0.0126,0.0000,0.7344,0.0003,0.3012,0.1146,0.0010,0.0006,0.0000,0.0000,0.0006
2345,29.5615,0.0000,14.5400,5.4976,,true,0,0.008333,0.0000,0.0000,1.00,0.00,0.0000,22,1,335,361,0,0,100,5,17,17,0,0,45079,1415,0,0,880869376,0.000000,0.000000,0.000000,0.00,0,0,0,0,0,20,39,31,15,15,15,15,14,16,24,16,47,68,0.0004,0.0020,0.0474,0.0607,0.0055,0.0043,5.4976,0.0175,0.0000,0.9962,0.0004,0.4222,0.1560,0.0014,0.0007,0.0000,0.0000,0.0003
2346,29.5775,0.0000,16.0609,4.8685,,true,0,0.008333,0.0000,0.0000,1.00,0.00,0.0000,22,1,335,361,0,0,100,5,17,17,0,0,45079,1415,0,0,880869376,0.000000,0.000000,0.000000,0.00,0,0,0,0,0,20,39,31,15,15,15,15,14,16,24,16,47,68,0.0002,0.0012,0.0382,0.0396,0.0048,0.0029,4.8685,0.0131,0.0000,0.9332,0.0004,0.3983,0.1528,0.0020,0.0005,0.0000,0.0000,0.0005
2347,29.5945,0.0000,16.9355,5.1678,,true,0,0.008333,0.0000,0.0000,1.00,0.00,0.0000,22,1,335,361,0,0,100,5,17,17,0,0,45079,1415,0,0,880869376,0.000000,0.000000,0.000000,0.00,0,0,0,0,0,20,39,31,15,15,15,15,14,16,24,16,47,68,0.0003,0.0011,0.0498,0.0373,0.0049,0.0041,5.1678,0.0198,0.0000,0.9324,0.0003,0.3909,0.1620,0.0014,0.0008,0.0000,0.0000,0.0003
2348,29.6115,0.0000,15.8417,5.5073,,true,0,0.008333,0.0000,0.0000,1.00,0.00,0.0000,22,1,335,361,0,0,100,5,17,17,0,0,45079,1415,0,0,880869376,0.000000,0.000000,0.000000,0.00,0,0,0,0,0,20,39,31,15,15,15,15,14,16,24,16,47,68,0.0004,0.0023,0.0483,0.0438,0.0047,0.0053,5.5073,0.0142,0.0000,1.2509,0.0003,0.5573,0.1763,0.0013,0.0006,0.0000,0.0000,0.0005
2349,29.6290,0.0000,17.3822,6.3180,,true,0,0.008333,0.0000,0.0000,1.00,0.00,0.0000,22,1,335,361,0,0,100,5,17,17,0,0,45079,1415,0,0,880869376,0.000000,0.000000,0.000000,0.00,0,0,0,0,0,20,39,31,15,15,15,15,14,16,24,16,47,68,0.0002,0.0020,0.0332,0.0537,0.0066,0.0041,6.3180,0.0120,0.0000,0.7356,0.0005,0.3114,0.1228,0.0012,0.0006,0.0000,0.0000,0.0004
2350,29.6451,0.0000,17.1537,5.7744,,true,0,0.008333,0.0000,0.0000,1.00,0.00,0.0000,22,1,335,361,0,0,100,5,17,17,0,0,45079,1415,0,0,880869376,0.000000,0.000000,0.000000,0.00,0,0,0,0,0,20,39,31,15,15,15,15,14,16,24,16,47,68,0.0002,0.0013,0.0457,0.0370,0.0041,0.0026,5.7744,0.0116,0.0000,0.9688,0.0003,0.4278,0.1485,0.0008,0.0005,0.0000,0.0000,0.0003
2351,29.6614,0.0000,17.0314,5.4022,,true,0,0.008333,0.0000,0.0000,1.00,0.00,0.0000,22,1,335,361,0,0,100,5,17,17,0,0,45079,1415,0,0,880869376,0.000000,0.000000,0.000000,0.00,0,0,0,0,0,20,39,31,15,15,15,15,14,16,24,16,47,68,0.0002,0.0010,0.0413,0.0347,0.0034,0.0029,5.4022,0.0166,0.0000,0.9021,0.0003,0.3968,0.1416,0.0007,0.0005,0.0000,0.0000,0.0003
2352,29.6781,0.0000,16.5750,5.4688,,true,0,0.008333,0.0000,0.0000,1.00,0.00,0.0000,22,1,335,361,0,0,100,5,17,17,0,0,45079,1415,0,0,880869376,0.000000,0.000000,0.000000,0.00,0,0,0,0,0,20,39,31,15,15,15,15,14,16,24,16,47,68,0.0003,0.0029,0.0438,0.0456,0.0057,0.0042,5.4688,0.0181,0.0000,0.9908,0.0003,0.4129,0.1704,0.0009,0.0010,0.0000,0.0000,0.0004
2353,29.6948,0.0000,16.0357,5.5465,,true,0,0.008333,0.0000,0.0000,1.00,0.00,0.0000,22,1,335,361,0,0,100,5,17,17,0,0,45079,1415,0,0,880869376,0.000000,0.000000,0.000000,0.00,0,0,0,0,0,20,39,31,15,15,15,15,14,16,24,16,47,68,0.0002,0.0017,0.0391,0.0401,0.0050,0.0039,5.5465,0.0131,0.0000,0.9733,0.0003,0.4172,0.1492,0.0012,0.0007,0.0000,0.0000,0.0004
2354,29.7111,0.0000,16.6985,5.1171,,true,0,0.008333,0.0000,0.0000,1.00,0.00,0.0000,22,1,335,361,0,0,100,5,17,17,0,0,45079,1415,0,0,880869376,0.000000,0.000000,0.000000,0.00,0,0,0,0,0,20,39,31,15,15,15,15,14,16,24,16,47,68,0.0001,0.0015,0.0415,0.0500,0.0054,0.0037,5.1171,0.0160,0.0000,0.9277,0.0003,0.4138,0.1324,0.0009,0.0011,0.0000,0.0000,0.0005
2355,29.7279,0.0000,16.7115,5.2184,,true,0,0.008333,0.0000,0.0000,1.00,0.00,0.0000,22,1,335,361,0,0,100,5,17,17,0,0,45079,1415,0,0,880869376,0.000000,0.000000,0.000000,0.00,0,0,0,0,0,20,39,31,15,15,15,15,14,16,24,16,47,68,0.0003,0.0018,0.0479,0.0356,0.0031,0.0031,5.2184,0.0162,0.0000,0.9540,0.0003,0.4154,0.1587,0.0010,0.0006,0.0000,0.0000,0.0002
2356,29.7441,0.0000,16.8258,4.8231,,true,0,0.008333,0.0000,0.0000,1.00,0.00,0.0000,22,1,335,361,0,0,100,5,17,17,0,0,45079,1415,0,0,880869376,0.000000,0.000000,0.000000,0.00,0,0,0,0,0,20,39,31,15,15,15,15,14,16,24,16,47,68,0.0008,0.0014,0.0423,0.0404,0.0042,0.0075,4.8231,0.0192,0.0000,0.9436,0.0002,0.3874,0.1586,0.0009,0.0003,0.0000,0.0000,0.0002
2357,29.7614,0.0000,15.9472,5.3552,,true,0,0.008333,0.0000,0.0000,1.00,0.00,0.0000,22,1,335,361,0,0,100,5,17,17,0,0,45079,1415,0,0,880869376,0.000000,0.000000,0.000000,0.00,0,0,0,0,0,20,39,31,15,15,15,15,14,16,24,16,47,68,0.0002,0.0024,0.0449,0.0469,0.0056,0.0047,5.3552,0.0157,0.0000,1.3282,0.0004,0.5635,0.1920,0.0011,0.0006,0.0000,0.0000,0.0005
2358,29.7825,0.0000,16.1106,9.8144,,true,0,0.008333,0.0000,0.0000,1.00,0.00,0.0000,22,1,335,361,0,0,100,5,17,17,0,0,45079,1415,0,0,880869376,0.000000,0.000000,0.000000,0.00,0,0,0,0,0,20,39,31,15,15,15,15,14,16,24,16,47,68,0.0003,0.0015,0.0373,0.0440,0.0057,0.0052,9.8144,0.0099,0.0000,5.9415,0.0003,0.3866,0.1166,0.7280,0.0003,0.0000,0.0000,4.2553
2359,29.7946,0.0000,17.5411,5.2643,,true,0,0.008333,0.0000,0.0000,1.00,0.00,0.0000,22,1,335,361,0,0,100,5,17,17,0,0,45079,1415,0,0,880869376,0.000000,0.000000,0.000000,0.00,0,0,0,0,0,20,39,31,15,15,15,15,14,16,24,16,47,68,0.0002,0.0019,0.0395,0.0638,0.0081,0.0067,5.2643,0.0136,0.0000,1.0455,0.0010,0.4311,0.2027,0.0017,0.0013,0.0000,0.0000,0.0007
2360,29.8114,0.0000,21.4375,5.4109,,true,0,0.008333,0.0000,0.0000,1.00,0.00,0.0000,22,1,335,361,0,0,100,5,17,17,0,0,45079,1415,0,0,880869376,0.000000,0.000000,0.000000,0.00,0,0,0,0,0,20,39,31,15,15,15,15,14,16,24,16,47,68,0.0003,0.0013,0.0437,0.0386,0.0042,0.0025,5.4109,0.0183,0.0000,0.9153,0.0002,0.4129,0.1353,0.0008,0.0005,0.0000,0.0000,0.0004
2361,29.8275,0.0000,13.6043,4.9047,,true,0,0.008333,0.0000,0.0000,1.00,0.00,0.0000,22,1,335,361,0,0,100,5,17,17,0,0,45079,1415,0,0,880869376,0.000000,0.000000,0.000000,0.00,0,0,0,0,0,20,39,31,15,15,15,15,14,16,24,16,47,68,0.0004,0.0021,0.0471,0.0346,0.0039,0.0048,4.9047,0.0118,0.0000,0.9324,0.0004,0.4018,0.1442,0.0014,0.0006,0.0000,0.0000,0.0003
2362,29.8447,0.0000,14.8455,5.4014,,true,0,0.008333,0.0000,0.0000,1.00,0.00,0.0000,22,1,335,361,0,0,100,5,17,17,0,0,45079,1415,0,0,880869376,0.000000,0.000000,0.000000,0.00,0,0,0,0,0,20,39,31,15,15,15,15,14,16,24,16,47,68,0.0003,0.0014,0.0385,0.0392,0.0042,0.0038,5.4014,0.0137,0.0000,0.9038,0.0006,0.3921,0.1382,0.0009,0.0007,0.0000,0.0000,0.0006
2363,29.8611,0.0000,16.8528,5.0878,,true,0,0.008333,0.0000,0.0000,1.00,0.00,0.0000,22,1,335,361,0,0,100,5,17,17,0,0,45079,1415,0,0,880869376,0.000000,0.000000,0.000000,0.00,0,0,0,0,0,20,39,31,15,15,15,15,14,16,24,16,47,68,0.0003,0.0020,0.0413,0.0463,0.0047,0.0047,5.0878,0.0167,0.0000,0.9443,0.0005,0.3892,0.1429,0.0010,0.0005,0.0000,0.0000,0.0003
2364,29.8778,0.0000,16.4570,5.1310,,true,0,0.008333,0.0000,0.0000,1.00,0.00,0.0000,22,1,335,361,0,0,100,5,17,17,0,0,45079,1415,0,0,880869376,0.000000,0.000000,0.000000,0.00,0,0,0,0,0,20,39,31,15,15,15,15,14,16,24,16,47,68,0.0002,0.0022,0.0518,0.0486,0.0057,0.0043,5.1310,0.0166,0.0000,0.9825,0.0013,0.4015,0.1738,0.0142,0.0005,0.0000,0.0000,0.0004
2365,29.8944,0.0000,16.2759,5.1033,,true,0,0.008333,0.0000,0.0000,1.00,0.00,0.0000,22,1,335,361,0,0,100,5,17,17,0,0,45079,1415,0,0,880869376,0.000000,0.000000,0.000000,0.00,0,0,0,0,0,20,39,31,15,15,15,15,14,16,24,16,47,68,0.0002,0.0013,0.0453,0.0386,0.0051,0.0036,5.1033,0.0243,0.0000,0.9594,0.0003,0.4070,0.1658,0.0017,0.0004,0.0000,0.0000,0.0003
2366,29.9110,0.0000,17.0511,5.0040,,true,0,0.008333,0.0000,0.0000,1.00,0.00,0.0000,22,1,335,361,0,0,100,5,17,17,0,0,45079,1415,0,0,880869376,0.000000,0.000000,0.000000,0.00,0,0,0,0,0,20,39,31,15,15,15,15,14,16,24,16,47,68,0.0002,0.0013,0.0438,0.0394,0.0049,0.0036,5.0040,0.0141,0.0000,1.1404,0.0004,0.5431,0.1904,0.0033,0.0012,0.0000,0.0000,0.0002
2367,29.9279,0.0000,16.3839,5.2497,,true,0,0.008333,0.0000,0.0000,1.00,0.00,0.0000,22,1,335,361,0,0,100,5,17,17,0,0,45079,1415,0,0,880869376,0.000000,0.000000,0.000000,0.00,0,0,0,0,0,20,39,31,15,15,15,15,14,16,24,16,47,68,0.0002,0.0012,0.0511,0.0491,0.0036,0.0024,5.2497,0.0177,0.0000,0.9592,0.0004,0.4141,0.1797,0.0010,0.0004,0.0000,0.0000,0.0002
2368,29.9446,0.0000,17.3185,5.2767,,true,0,0.008333,0.0000,0.0000,1.00,0.00,0.0000,22,1,335,361,0,0,100,5,17,17,0,0,45079,1415,0,0,880869376,0.000000,0.000000,0.000000,0.00,0,0,0,0,0,20,39,31,15,15,15,15,14,16,24,16,47,68,0.0002,0.0012,0.0415,0.0413,0.0045,0.0035,5.2767,0.0141,0.0000,0.9473,0.0002,0.4061,0.1442,0.0008,0.0008,0.0000,0.0000,0.0005
2369,29.9617,0.0000,16.3908,5.7604,,true,0,0.008333,0.0000,0.0000,1.00,0.00,0.0000,22,1,335,361,0,0,100,5,17,17,0,0,45079,1415,0,0,880869376,0.000000,0.000000,0.000000,0.00,0,0,0,0,0,20,39,31,15,15,15,15,14,16,24,16,47,68,0.0002,0.0014,0.0500,0.0505,0.0064,0.0038,5.7604,0.0169,0.0000,0.9743,0.0003,0.4040,0.1506,0.0009,0.0014,0.0000,0.0000,0.0003
2370,29.9777,0.0000,16.9624,5.0447,,true,0,0.008333,0.0000,0.0000,1.00,0.00,0.0000,22,1,335,361,0,0,100,5,17,17,0,0,45079,1415,0,0,880869376,0.000000,0.000000,0.000000,0.00,0,0,0,0,0,20,39,31,15,15,15,15,14,16,24,16,47,68,0.0007,0.0014,0.0540,0.0382,0.0046,0.0037,5.0447,0.0143,0.0000,0.9338,0.0005,0.4169,0.1449,0.0013,0.0006,0.0000,0.0000,0.0004
2371,29.9945,0.0000,16.7118,5.2314,,true,0,0.008333,0.0000,0.0000,1.00,0.00,0.0000,22,1,335,361,0,0,100,5,17,17,0,0,45079,1415,0,0,880869376,0.000000,0.000000,0.000000,0.00,0,0,0,0,0,20,39,31,15,15,15,15,14,16,24,16,47,68,0.0002,0.0013,0.0447,0.0343,0.0036,0.0031,5.2314,0.0153,0.0000,0.9466,0.0010,0.3939,0.1649,0.0019,0.0009,0.0000,0.0000,0.0003
2372,30.0110,0.0000,15.9781,5.0354,,true,0,0.008333,0.0000,0.0000,1.00,0.00,0.0000,22,1,335,361,0,0,100,5,17,17,0,0,45079,1415,0,0,880869376,0.000000,0.000000,0.000000,0.00,0,0,0,0,0,20,39,31,15,15,15,15,14,16,24,16,47,68,0.0003,0.0010,0.0408,0.0382,0.0036,0.0025,5.0354,0.0133,0.0000,0.9073,0.0004,0.4032,0.1370,0.0008,0.0006,0.0000,0.0000,0.0004
2373,30.0274,0.0000,17.1822,4.8294,,true,0,0.008333,0.0000,0.0000,1.00,0.00,0.0000,22,1,335,361,0,0,100,5,17,17,0,0,45079,1415,0,0,880869376,0.000000,0.000000,0.000000,0.00,0,0,0,0,0,20,39,31,15,15,15,15,14,16,24,16,47,68,0.0001,0.0011,0.0432,0.0428,0.0045,0.0043,4.8294,0.0116,0.0000,0.9360,0.0004,0.4013,0.1511,0.0013,0.0006,0.0000,0.0000,0.0004
2374,30.0446,0.0000,16.2680,5.2752,,true,0,0.008333,0.0000,0.0000,1.00,0.00,0.0000,22,1,335,361,0,0,100,5,17,17,0,0,45079,1415,0,0,880869376,0.000000,0.000000,0.000000,0.00,0,0,0,0,0,20,39,31,15,15,15,15,14,16,24,16,47,68,0.0002,0.0010,0.0434,0.0385,0.0034,0.0024,5.2752,0.0139,0.0000,0.9270,0.0003,0.4167,0.1355,0.0009,0.0006,0.0000,0.0000,0.0003
2375,30.0612,0.0000,16.7480,5.2540,,true,0,0.008333,0.0000,0.0000,1.00,0.00,0.0000,22,1,335,361,0,0,100,5,17,17,0,0,45079,1415,0,0,880869376,0.000000,0.000000,0.000000,0.00,0,0,0,0,0,20,39,31,15,15,15,15,14,16,24,16,47,68,0.0002,0.0016,0.0413,0.0423,0.0048,0.0033,5.2540,0.0185,0.0000,0.9339,0.0005,0.4105,0.1476,0.0008,0.0007,0.0000,0.0000,0.0002
2376,30.0785,0.0000,16.7305,5.8687,,true,0,0.008333,0.0000,0.0000,1.00,0.00,0.0000,22,1,335,361,0,0,100,5,17,17,0,0,45079,1415,0,0,880869376,0.000000,0.000000,0.000000,0.00,0,0,0,0,0,20,39,31,15,15,15,15,14,16,24,16,47,68,0.0009,0.0016,0.0436,0.0595,0.0075,0.0056,5.8687,0.0160,0.0000,1.0241,0.0003,0.4487,0.1628,0.0017,0.0006,0.0000,0.0000,0.0007
2377,30.0846,0.0000,16.9384,5.1779,,true,0,0.008333,0.0000,0.0000,1.00,0.00,0.0000,22,1,335,361,0,0,100,5,17,17,0,0,45079,1415,0,0,880869376,0.000000,0.000000,0.000000,0.00,0,0,0,0,0,20,39,31,15,15,15,15,14,16,24,16,47,68,0.0002,0.0016,0.0424,0.0352,0.0032,0.0026,5.1779,0.0235,0.0000,1.0422,0.0003,0.4724,0.1594,0.0007,0.0007,0.0000,0.0000,0.0003
2378,30.0917,0.0000,17.9026,5.8285,,true,0,0.008333,0.0000,0.0000,1.00,0.00,0.0000,22,1,335,361,0,0,100,5,17,17,0,0,45079,1415,0,0,880869376,0.000000,0.000000,0.000000,0.00,0,0,0,0,0,20,39,31,15,15,15,15,14,16,24,16,47,68,0.0008,0.0019,0.0541,0.0617,0.0067,0.0086,5.8285,0.0462,0.0000,1.1193,0.0005,0.4745,0.1859,0.0016,0.0010,0.0000,0.0000,0.0006
2379,30.0991,0.0000,7.2688,6.5996,,true,0,0.008333,0.0000,0.0000,1.00,0.00,0.0000,22,1,335,361,0,0,100,5,17,17,0,0,45079,1415,0,0,880869376,0.000000,0.000000,0.000000,0.00,0,0,0,0,0,20,39,31,15,15,15,15,14,16,24,16,47,68,0.0009,0.0018,0.0515,0.0548,0.0069,0.0056,6.5996,0.0180,0.0000,1.2722,0.0005,0.4913,0.2266,0.0025,0.0008,0.0000,0.0000,0.0007
2380,30.1062,0.0000,8.4890,5.5486,,true,0,0.008333,0.0000,0.0000,1.00,0.00,0.0000,22,1,335,361,0,0,100,5,17,17,0,0,45079,1415,0,0,880869376,0.000000,0.000000,0.000000,0.00,0,0,0,0,0,20,39,31,15,15,15,15,14,16,24,16,47,68,0.0002,0.0028,0.0426,0.0329,0.0044,0.0106,5.5486,0.0103,0.0000,0.9906,0.0002,0.3975,0.1384,0.0009,0.0003,0.0000,0.0000,0.0003
2381,30.1176,0.0000,5.3638,10.3610,,true,0,0.008333,0.0000,0.0000,1.00,0.00,0.0000,22,1,335,361,0,0,100,5,17,17,0,0,45079,1415,0,0,880869376,0.000000,0.000000,0.000000,0.00,0,0,0,0,0,20,39,31,15,15,15,15,14,16,24,16,47,68,0.0002,0.0018,0.0920,0.0401,0.0054,0.0048,10.3610,0.0394,0.0000,0.9615,0.0003,0.4191,0.1433,0.0007,0.0007,0.0000,0.0000,0.0005
2382,30.1257,0.0000,13.5874,6.3921,,true,0,0.008333,0.0000,0.0000,1.00,0.00,0.0000,22,1,335,361,0,0,100,5,17,17,0,0,45079,1415,0,0,880869376,0.000000,0.000000,0.000000,0.00,0,0,0,0,0,20,39,31,15,15,15,15,14,16,24,16,47,68,0.0002,0.0024,0.0517,0.0406,0.0055,0.0056,6.3921,0.0175,0.0000,1.0474,0.0004,0.4178,0.2034,0.0011,0.0017,0.0000,0.0000,0.0008
2383,30.1351,0.0000,10.5213,5.3885,,true,0,0.008333,0.0000,0.0000,1.00,0.00,0.0000,22,1,335,361,0,0,100,5,17,17,0,0,45079,1415,0,0,880869376,0.000000,0.000000,0.000000,0.00,0,0,0,0,0,20,39,31,15,15,15,15,14,16,24,16,47,68,0.0006,0.0010,0.0418,0.0347,0.0040,0.0028,5.3885,0.0176,0.0000,0.9063,0.0002,0.4011,0.1395,0.0009,0.0007,0.0000,0.0000,0.0003
2384,30.1470,0.0000,11.9752,5.3650,,true,0,0.008333,0.0000,0.0000,1.00,0.00,0.0000,22,1,335,361,0,0,100,5,17,17,0,0,45079,1415,0,0,880869376,0.000000,0.000000,0.000000,0.00,0,0,0,0,0,20,39,31,15,15,15,15,14,16,24,16,47,68,0.0002,0.0010,0.0422,0.0317,0.0037,0.0028,5.3650,0.0117,0.0000,0.9089,0.0002,0.3923,0.1562,0.0024,0.0005,0.0000,0.0000,0.0003
2385,30.1607,0.0000,12.6951,6.3135,,true,0,0.008333,0.0000,0.0000,1.00,0.00,0.0000,22,1,335,361,0,0,100,5,17,17,0,0,45079,1415,0,0,880869376,0.000000,0.000000,0.000000,0.00,0,0,0,0,0,20,39,31,15,15,15,15,14,16,24,16,47,68,0.0002,0.0014,0.0458,0.0422,0.0102,0.0035,6.3135,0.0170,0.0000,0.9549,0.0004,0.4040,0.1565,0.0019,0.0006,0.0000,0.0000,0.0005
2386,30.1708,0.0000,11.2644,5.3167,,true,0,0.008333,0.0000,0.0000,1.00,0.00,0.0000,22,1,335,361,0,0,100,5,17,17,0,0,45079,1415,0,0,880869376,0.000000,0.000000,0.000000,0.00,0,0,0,0,0,20,39,31,15,15,15,15,14,16,24,16,47,68,0.0002,0.0013,0.0369,0.0319,0.0033,0.0031,5.3167,0.0118,0.0000,0.8788,0.0003,0.3832,0.1271,0.0006,0.0003,0.0000,0.0000,0.0001
2387,30.1822,0.0000,11.2866,5.3969,,true,0,0.008333,0.0000,0.0000,1.00,0.00,0.0000,22,1,335,361,0,0,100,5,17,17,0,0,45079,1415,0,0,880869376,0.000000,0.000000,0.000000,0.00,0,0,0,0,0,20,39,31,15,15,15,15,14,16,24,16,47,68,0.0002,0.0010,0.0362,0.0314,0.0028,0.0040,5.3969,0.0113,0.0000,0.8905,0.0003,0.3970,0.1392,0.0012,0.0005,0.0000,0.0000,0.0003
2388,30.1944,0.0000,11.6291,5.8048,,true,0,0.008333,0.0000,0.0000,1.00,0.00,0.0000,22,1,335,361,0,0,100,5,17,17,0,0,45079,1415,0,0,880869376,0.000000,0.000000,0.000000,0.00,0,0,0,0,0,20,39,31,15,15,15,15,14,16,24,16,47,68,0.0002,0.0020,0.0474,0.0566,0.0031,0.0065,5.8048,0.0109,0.0000,0.9988,0.0004,0.4636,0.1302,0.0008,0.0004,0.0000,0.0000,0.0003
2389,30.2061,0.0000,12.6969,4.9927,,true,0,0.008333,0.0000,0.0000,1.00,0.00,0.0000,22,1,335,361,0,0,100,5,17,17,0,0,45079,1415,0,0,880869376,0.000000,0.000000,0.000000,0.00,0,0,0,0,0,20,39,31,15,15,15,15,14,16,24,16,47,68,0.0002,0.0006,0.0543,0.0321,0.0023,0.0030,4.9927,0.0154,0.0000,0.7113,0.0003,0.2981,0.1408,0.0009,0.0003,0.0000,0.0000,0.0002
2390,30.2183,0.0000,11.0939,5.7100,,true,0,0.008333,0.0000,0.0000,1.00,0.00,0.0000,22,1,335,361,0,0,100,5,17,17,0,0,45079,1415,0,0,880869376,0.000000,0.000000,0.000000,0.00,0,0,0,0,0,20,39,31,15,15,15,15,14,16,24,16,47,68,0.0061,0.0013,0.0521,0.0245,0.0023,0.0060,5.7100,0.0166,0.0000,0.9400,0.0004,0.3919,0.1655,0.0015,0.0004,0.0000,0.0000,0.0003
2391,30.2304,0.0000,12.0957,5.8563,,true,0,0.008333,0.0000,0.0000,1.00,0.00,0.0000,22,1,335,361,0,0,100,5,17,17,0,0,45079,1415,0,0,880869376,0.000000,0.000000,0.000000,0.00,0,0,0,0,0,20,39,31,15,15,15,15,14,16,24,16,47,68,0.0003,0.0012,0.0370,0.0335,0.0032,0.0030,5.8563,0.0139,0.0000,0.9370,0.0004,0.3924,0.1411,0.0012,0.0007,0.0000,0.0000,0.0005
2392,30.2412,0.0000,11.5787,5.0830,,true,0,0.008333,0.0000,0.0000,1.00,0.00,0.0000,22,1,335,361,0,0,100,5,17,17,0,0,45079,1415,0,0,880869376,0.000000,0.000000,0.000000,0.00,0,0,0,0,0,20,39,31,15,15,15,15,14,16,24,16,47,68,0.0004,0.0011,0.0584,0.0332,0.0034,0.0042,5.0830,0.0180,0.0000,0.9826,0.0003,0.4377,0.1334,0.0009,0.0005,0.0000,0.0000,0.0006
2393,30.2534,0.0000,12.3666,4.8762,,true,0,0.008333,0.0000,0.0000,1.00,0.00,0.0000,22,1,335,361,0,0,100,5,17,17,0,0,45079,1415,0,0,880869376,0.000000,0.000000,0.000000,0.00,0,0,0,0,0,20,39,31,15,15,15,15,14,16,24,16,47,68,0.0002,0.0015,0.0427,0.0336,0.0038,0.0038,4.8762,0.0116,0.0000,0.8861,0.0003,0.3829,0.1360,0.0011,0.0006,0.0000,0.0000,0.0002
2394,30.2638,0.0000,10.3460,5.0902,,true,0,0.008333,0.0000,0.0000,1.00,0.00,0.0000,22,1,335,361,0,0,100,5,17,17,0,0,45079,1415,0,0,880869376,0.000000,0.000000,0.000000,0.00,0,0,0,0,0,20,39,31,15,15,15,15,14,16,24,16,47,68,0.0001,0.0021,0.0388,0.0578,0.0053,0.0047,5.0902,0.0105,0.0000,0.8675,0.0003,0.3871,0.1288,0.0010,0.0004,0.0000,0.0000,0.0001
2395,30.2761,0.0000,11.7737,5.5658,,true,0,0.008333,0.0000,0.0000,1.00,0.00,0.0000,22,1,335,361,0,0,100,5,17,17,0,0,45079,1415,0,0,880869376,0.000000,0.000000,0.000000,0.00,0,0,0,0,0,20,39,31,15,15,15,15,14,16,24,16,47,68,0.0002,0.0011,0.0473,0.0380,0.0055,0.0024,5.5658,0.0210,0.0000,0.9065,0.0005,0.3904,0.1324,0.0009,0.0004,0.0000,0.0000,0.0005
2396,30.2880,0.0000,12.4028,5.1924,,true,0,0.008333,0.0000,0.0000,1.00,0.00,0.0000,22,1,335,361,0,0,100,5,17,17,0,0,45079,1415,0,0,880869376,0.000000,0.000000,0.000000,0.00,0,0,0,0,0,20,39,31,15,15,15,15,14,16,24,16,47,68,0.0001,0.0006,0.0532,0.0187,0.0012,0.0021,5.1924,0.0123,0.0000,0.6312,0.0002,0.2751,0.0998,0.0005,0.0003,0.0000,0.0000,0.0002
2397,30.2997,0.0000,10.9255,5.3259,,true,0,0.008333,0.0000,0.0000,1.00,0.00,0.0000,22,1,335,361,0,0,100,5,17,17,0,0,45079,1415,0,0,880869376,0.000000,0.000000,0.000000,0.00,0,0,0,0,0,20,39,31,15,15,15,15,14,16,24,16,47,68,0.0001,0.0014,0.0556,0.0264,0.0025,0.0027,5.3259,0.0143,0.0000,0.9540,0.0004,0.4139,0.1507,0.0012,0.0007,0.0000,0.0000,0.0002
2398,30.3105,0.0000,11.6384,5.1031,,true,0,0.008333,0.0000,0.0000,1.00,0.00,0.0000,22,1,335,361,0,0,100,5,17,17,0,0,45079,1415,0,0,880869376,0.000000,0.000000,0.000000,0.00,0,0,0,0,0,20,39,31,15,15,15,15,14,16,24,16,47,68,0.0002,0.0015,0.0383,0.0465,0.0066,0.0059,5.1031,0.0103,0.0000,0.8966,0.0003,0.3761,0.1273,0.0006,0.0004,0.0000,0.0000,0.0005
2399,30.3226,0.0000,12.2460,5.0143,,true,0,0.008333,0.0000,0.0000,1.00,0.00,0.0000,22,1,335,361,0,0,100,5,17,17,0,0,45079,1415,0,0,880869376,0.000000,0.000000,0.000000,0.00,0,0,0,0,0,20,39,31,15,15,15,15,14,16,24,16,47,68,0.0003,0.0028,0.0289,0.0341,0.0037,0.0036,5.0143,0.0082,0.0000,0.6534,0.0003,0.2730,0.1033,0.0010,0.0004,0.0000,0.0000,0.0004
2400,30.3337,0.0000,11.3049,4.7894,,true,0,0.008333,0.0000,0.0000,1.00,0.00,0.0000,22,1,335,361,0,0,100,5,17,17,0,0,45079,1415,0,0,880869376,0.000000,0.000000,0.000000,0.00,0,0,0,0,0,20,39,31,15,15,15,15,14,16,24,16,47,68,0.0001,0.0012,0.0327,0.0287,0.0025,0.0024,4.7894,0.0155,0.0000,0.6683,0.0003,0.2988,0.1109,0.0008,0.0003,0.0000,0.0000,0.0002
2401,30.3451,0.0000,10.7770,5.3080,,true,0,0.008333,0.0000,0.0000,1.00,0.00,0.0000,22,1,335,361,0,0,100,5,17,17,0,0,45079,1415,0,0,880869376,0.000000,0.000000,0.000000,0.00,0,0,0,0,0,20,39,31,15,15,15,15,14,16,24,16,47,68,0.0002,0.0007,0.0419,0.0314,0.0035,0.0026,5.3080,0.0141,0.0000,0.8964,0.0003,0.3853,0.1482,0.0007,0.0004,0.0000,0.0000,0.0003
2402,30.3568,0.0000,11.5294,5.5724,,true,0,0.008333,0.0000,0.0000,1.00,0.00,0.0000,22,1,335,361,0,0,100,5,17,17,0,0,45079,1415,0,0,880869376,0.000000,0.000000,0.000000,0.00,0,0,0,0,0,20,39,31,15,15,15,15,14,16,24,16,47,68,0.0002,0.0012,0.0413,0.0357,0.0032,0.0021,5.5724,0.0171,0.0000,0.9152,0.0004,0.4093,0.1336,0.0006,0.0005,0.0000,0.0000,0.0003
2403,30.3688,0.0000,12.4079,5.1498,,true,0,0.008333,0.0000,0.0000,1.00,0.00,0.0000,22,1,335,361,0,0,100,5,17,17,0,0,45079,1415,0,0,880869376,0.000000,0.000000,0.000000,0.00,0,0,0,0,0,20,39,31,15,15,15,15,14,16,24,16,47,68,0.0004,0.0013,0.0413,0.0429,0.0029,0.0027,5.1498,0.0135,0.0000,0.9185,0.0003,0.3897,0.1597,0.0012,0.0004,0.0000,0.0000,0.0003
2404,30.3796,0.0000,11.0109,4.8064,,true,0,0.008333,0.0000,0.0000,1.00,0.00,0.0000,22,1,335,361,0,0,100,5,17,17,0,0,45079,1415,0,0,880869376,0.000000,0.000000,0.000000,0.00,0,0,0,0,0,20,39,31,15,15,15,15,14,16,24,16,47,68,0.0002,0.0009,0.0363,0.0342,0.0027,0.0029,4.8064,0.0114,0.0000,0.6709,0.0005,0.2873,0.1080,0.0007,0.0004,0.0000,0.0000,0.0002
2405,30.3931,0.0000,12.7264,5.6481,,true,0,0.008333,0.0000,0.0000,1.00,0.00,0.0000,22,1,335,361,0,0,100,5,17,17,0,0,45079,1415,0,0,880869376,0.000000,0.000000,0.000000,0.00,0,0,0,0,0,20,39,31,15,15,15,15,14,16,24,16,47,68,0.0003,0.0014,0.0566,0.0393,0.0039,0.0031,5.6481,0.0170,0.0000,0.9135,0.0003,0.3874,0.1478,0.0013,0.0003,0.0000,0.0000,0.0003
2406,30.4072,0.0000,13.6120,5.9854,,true,0,0.008333,0.0000,0.0000,1.00,0.00,0.0000,22,1,335,361,0,0,100,5,17,17,0,0,45079,1415,0,0,880869376,0.000000,0.000000,0.000000,0.00,0,0,0,0,0,20,39,31,15,15,15,15,14,16,24,16,47,68,0.0004,0.0012,0.0397,0.0343,0.0040,0.0023,5.9854,0.0153,0.0000,0.8328,0.0004,0.3514,0.1251,0.0016,0.0008,0.0000,0.0000,0.0003
2407,30.4195,0.0000,11.3715,6.9575,,true,0,0.008333,0.0000,0.0000,1.00,0.00,0.0000,22,1,335,361,0,0,100,5,17,17,0,0,45079,1415,0,0,880869376,0.000000,0.000000,0.000000,0.00,0,0,0,0,0,20,39,31,15,15,15,15,14,16,24,16,47,68,0.0002,0.0021,0.0443,0.0367,0.0057,0.0026,6.9575,0.0125,0.0000,0.9734,0.0004,0.4420,0.1451,0.0012,0.0007,0.0000,0.0000,0.0004
2408,30.4291,0.0000,11.2290,5.3272,,true,0,0.008333,0.0000,0.0000,1.00,0.00,0.0000,22,1,335,361,0,0,100,5,17,17,0,0,45079,1415,0,0,880869376,0.000000,0.000000,0.000000,0.00,0,0,0,0,0,20,39,31,15,15,15,15,14,16,24,16,47,68,0.0003,0.0010,0.0399,0.0326,0.0036,0.0025,5.3272,0.0166,0.0000,0.9448,0.0005,0.4047,0.1467,0.0011,0.0015,0.0000,0.0000,0.0018
2409,30.4408,0.0000,11.8028,5.3491,,true,0,0.008333,0.0000,0.0000,1.00,0.00,0.0000,22,1,335,361,0,0,100,5,17,17,0,0,45079,1415,0,0,880869376,0.000000,0.000000,0.000000,0.00,0,0,0,0,0,20,39,31,15,15,15,15,14,16,24,16,47,68,0.0012,0.0019,0.0406,0.0488,0.0086,0.0080,5.3491,0.0122,0.0000,0.9433,0.0004,0.4130,0.1369,0.0007,0.0007,0.0000,0.0000,0.0003
2410,30.4531,0.0000,12.4768,5.2463,,true,0,0.008333,0.0000,0.0000,1.00,0.00,0.0000,22,1,335,361,0,0,100,5,17,17,0,0,45079,1415,0,0,880869376,0.000000,0.000000,0.000000,0.00,0,0,0,0,0,20,39,31,15,15,15,15,14,16,24,16,47,68,0.0002,0.0011,0.0452,0.0306,0.0033,0.0022,5.2463,0.0116,0.0000,0.8839,0.0006,0.3880,0.1381,0.0009,0.0006,0.0000,0.0000,0.0003
2411,30.4642,0.0000,11.2576,4.9844,,true,0,0.008333,0.0000,0.0000,1.00,0.00,0.0000,22,1,335,361,0,0,100,5,17,17,0,0,45079,1415,0,0,880869376,0.000000,0.000000,0.000000,0.00,0,0,0,0,0,20,39,31,15,15,15,15,14,16,24,16,47,68,0.0002,0.0011,0.0534,0.0329,0.0038,0.0027,4.9844,0.0158,0.0000,0.7951,0.0002,0.3109,0.1249,0.0014,0.0004,0.0000,0.0000,0.0003
2412,30.4971,0.0000,31.7383,5.5692,,true,0,0.008333,0.0000,0.0000,1.00,0.00,0.0000,22,1,335,361,0,0,100,5,17,17,0,0,45079,1415,0,0,880869376,0.000000,0.000000,0.000000,0.00,0,0,0,0,0,20,39,31,15,15,15,15,14,16,24,16,47,68,0.0007,0.0027,0.0380,0.0310,0.0031,0.0089,5.5692,0.0081,0.0000,0.8309,0.0002,0.3718,0.1045,0.0007,0.0005,0.0000,0.0000,0.0006
2413,30.5035,0.0000,5.5900,5.7187,,true,0,0.008333,0.0000,0.0000,1.00,0.00,0.0000,22,1,335,361,0,0,100,5,17,17,0,0,45079,1415,0,0,880869376,0.000000,0.000000,0.000000,0.00,0,0,0,0,0,20,39,31,15,15,15,15,14,16,24,16,47,68,0.0004,0.0009,0.0443,0.0333,0.0036,0.0049,5.7187,0.0127,0.0000,1.1519,0.0004,0.5039,0.2311,0.0007,0.0005,0.0000,0.0000,0.0004
2414,30.5157,0.0000,6.8789,11.3797,,true,0,0.008333,0.0000,0.0000,1.00,0.00,0.0000,22,1,335,361,0,0,100,5,17,17,0,0,45079,1415,0,0,880869376,0.000000,0.000000,0.000000,0.00,0,0,0,0,0,20,39,31,15,15,15,15,14,16,24,16,47,68,0.0004,0.0012,0.0553,0.0276,0.0023,0.0037,11.3797,0.0175,0.0000,6.0294,0.0005,0.4037,0.1544,0.7622,0.0005,0.0000,0.0000,4.3183
2415,30.5234,0.0000,4.5217,6.4472,,true,0,0.008333,0.0000,0.0000,1.00,0.00,0.0000,22,1,335,361,0,0,100,5,17,17,0,0,45079,1415,0,0,880869376,0.000000,0.000000,0.000000,0.00,0,0,0,0,0,20,39,31,15,15,15,15,14,16,24,16,47,68,0.0002,0.0008,0.0499,0.0379,0.0036,0.0025,6.4472,0.0191,0.0000,1.1926,0.0004,0.4517,0.2512,0.0009,0.0005,0.0000,0.0000,0.0003
2416,30.5318,0.0000,16.9265,6.6689,,true,0,0.008333,0.0000,0.0000,1.00,0.00,0.0000,22,1,335,361,0,0,100,5,17,17,0,0,45079,1415,0,0,880869376,0.000000,0.000000,0.000000,0.00,0,0,0,0,0,20,39,31,15,15,15,15,14,16,24,16,47,68,0.0006,0.0014,0.0565,0.0590,0.0094,0.0084,6.6689,0.0250,0.0000,1.1780,0.0009,0.4694,0.2270,0.0026,0.0009,0.0000,0.0000,0.0007
2417,30.5406,0.0000,8.2323,6.9612,,true,0,0.008333,0.0000,0.0000,1.00,0.00,0.0000,22,1,335,361,0,0,100,5,17,17,0,0,45079,1415,0,0,880869376,0.000000,0.000000,0.000000,0.00,0,0,0,0,0,20,39,31,15,15,15,15,14,16,24,16,47,68,0.0002,0.0011,0.0464,0.0546,0.0062,0.0047,6.9612,0.0174,0.0000,1.0009,0.0004,0.4191,0.1788,0.0015,0.0013,0.0000,0.0000,0.0012
2418,30.5591,0.0000,12.1886,8.7863,,true,0,0.008333,0.0000,0.0000,1.00,0.00,0.0000,22,1,335,361,0,0,100,5,17,17,0,0,45079,1415,0,0,880869376,0.000000,0.000000,0.000000,0.00,0,0,0,0,0,20,39,31,15,15,15,15,14,16,24,16,47,68,0.0008,0.0024,0.0564,0.1957,0.0118,0.0082,8.7863,0.0420,0.0000,1.3131,0.0008,0.5321,0.2615,0.0052,0.0009,0.0000,0.0000,0.0004
2419,30.5728,0.0000,14.6010,5.7108,,true,0,0.008333,0.0000,0.0000,1.00,0.00,0.0000,22,1,335,361,0,0,100,5,17,17,0,0,45079,1415,0,0,880869376,0.000000,0.000000,0.000000,0.00,0,0,0,0,0,20,39,31,15,15,15,15,14,16,24,16,47,68,0.0003,0.0030,0.0424,0.0644,0.0104,0.0057,5.7108,0.0117,0.0000,1.0696,0.0005,0.4568,0.1451,0.0019,0.0010,0.0000,0.0000,0.0005
2420,30.5913,0.0000,24.2272,7.0682,,true,0,0.008333,0.0000,0.0000,1.00,0.00,0.0000,22,1,335,361,0,0,100,5,17,17,0,0,45079,1415,0,0,880869376,0.000000,0.000000,0.000000,0.00,0,0,0,0,0,20,39,31,15,15,15,15,14,16,24,16,47,68,0.0015,0.0016,0.0495,0.0831,0.0073,0.0066,7.0682,0.0224,0.0000,1.1504,0.0004,0.5596,0.1625,0.0018,0.0005,0.0000,0.0000,0.0003
2421,30.6067,0.0000,7.2446,6.3337,,true,0,0.008333,0.0000,0.0000,1.00,0.00,0.0000,22,1,335,361,0,0,100,5,17,17,0,0,45079,1415,0,0,880869376,0.000000,0.000000,0.000000,0.00,0,0,0,0,0,20,39,31,15,15,15,15,14,16,24,16,47,68,0.0002,0.0019,0.0436,0.0538,0.0068,0.0044,6.3337,0.0111,0.0000,1.0067,0.0003,0.4125,0.1953,0.0016,0.0007,0.0000,0.0000,0.0003
2422,30.6220,0.0000,7.2966,4.9848,,true,0,0.008333,0.0000,0.0000,1.00,0.00,0.0000,22,1,335,361,0,0,100,5,17,17,0,0,45079,1415,0,0,880869376,0.000000,0.000000,0.000000,0.00,0,0,0,0,0,20,39,31,15,15,15,15,14,16,24,16,47,68,0.0003,0.0018,0.0407,0.0563,0.0082,0.0049,4.9848,0.0211,0.0000,0.7895,0.0002,0.3214,0.1421,0.0014,0.0004,0.0000,0.0000,0.0005
2423,30.6399,0.0000,14.7755,6.1517,,true,0,0.008333,0.0000,0.0000,1.00,0.00,0.0000,22,1,335,361,0,0,100,5,17,17,0,0,45079,1415,0,0,880869376,0.000000,0.000000,0.000000,0.00,0,0,0,0,0,20,39,31,15,15,15,15,14,16,24,16,47,68,0.0009,0.0028,0.0425,0.0699,0.0076,0.0068,6.1517,0.0149,0.0000,1.0366,0.0002,0.4062,0.2095,0.0018,0.0006,0.0000,0.0000,0.0006
2424,30.6559,0.0000,16.9127,5.5330,,true,0,0.008333,0.0000,0.0000,1.00,0.00,0.0000,22,1,335,361,0,0,100,5,17,17,0,0,45079,1415,0,0,880869376,0.000000,0.000000,0.000000,0.00,0,0,0,0,0,20,39,31,15,15,15,15,14,16,24,16,47,68,0.0002,0.0018,0.0481,0.0705,0.0075,0.0060,5.5330,0.0177,0.0000,1.0565,0.0006,0.4258,0.1913,0.0017,0.0010,0.0000,0.0000,0.0003
2425,30.6724,0.0000,16.2813,5.3334,,true,0,0.008333,0.0000,0.0000,1.00,0.00,0.0000,22,1,335,361,0,0,100,5,17,17,0,0,45079,1415,0,0,880869376,0.000000,0.000000,0.000000,0.00,0,0,0,0,0,20,39,31,15,15,15,15,14,16,24,16,47,68,0.0003,0.0012,0.0581,0.0315,0.0028,0.0038,5.3334,0.0226,0.0000,0.9733,0.0004,0.3977,0.1499,0.0007,0.0007,0.0000,0.0000,0.0004
2426,30.6887,0.0000,15.8785,5.0413,,true,0,0.008333,0.0000,0.0000,1.00,0.00,0.0000,22,1,335,361,0,0,100,5,17,17,0,0,45079,1415,0,0,880869376,0.000000,0.000000,0.000000,0.00,0,0,0,0,0,20,39,31,15,15,15,15,14,16,24,16,47,68,0.0003,0.0010,0.0445,0.0402,0.0044,0.0033,5.0413,0.0188,0.0000,0.9095,0.0005,0.3889,0.1472,0.0010,0.0007,0.0000,0.0000,0.0005
2427,30.7059,0.0000,14.7560,5.3846,,true,0,0.008333,0.0000,0.0000,1.00,0.00,0.0000,22,1,335,361,0,0,100,5,17,17,0,0,45079,1415,0,0,880869376,0.000000,0.000000,0.000000,0.00,0,0,0,0,0,20,39,31,15,15,15,15,14,16,24,16,47,68,0.0004,0.0026,0.0713,0.0554,0.0060,0.0042,5.3846,0.0193,0.0000,1.0763,0.0003,0.4291,0.2488,0.0014,0.0008,0.0000,0.0000,0.0005
2428,30.7222,0.0000,16.9859,5.1481,,true,0,0.008333,0.0000,0.0000,1.00,0.00,0.0000,22,1,335,361,0,0,100,5,17,17,0,0,45079,1415,0,0,880869376,0.000000,0.000000,0.000000,0.00,0,0,0,0,0,20,39,31,15,15,15,15,14,16,24,16,47,68,0.0003,0.0011,0.0451,0.0324,0.0035,0.0032,5.1481,0.0132,0.0000,0.9285,0.0004,0.3998,0.1445,0.0012,0.0006,0.0000,0.0000,0.0004
2429,30.7393,0.0000,16.8577,5.5438,,true,0,0.008333,0.0000,0.0000,1.00,0.00,0.0000,22,1,335,361,0,0,100,5,17,17,0,0,45079,1415,0,0,880869376,0.000000,0.000000,0.000000,0.00,0,0,0,0,0,20,39,31,15,15,15,15,14,16,24,16,47,68,0.0003,0.0020,0.0411,0.0567,0.0060,0.0054,5.5438,0.0135,0.0000,1.0577,0.0005,0.4212,0.1810,0.0009,0.0005,0.0000,0.0000,0.0005
2430,30.7561,0.0000,16.1610,5.7397,,true,0,0.008333,0.0000,0.0000,1.00,0.00,0.0000,22,1,335,361,0,0,100,5,17,17,0,0,45079,1415,0,0,880869376,0.000000,0.000000,0.000000,0.00,0,0,0,0,0,20,39,31,15,15,15,15,14,16,24,16,47,68,0.0004,0.0015,0.0419,0.0487,0.0057,0.0042,5.7397,0.0205,0.0000,0.9368,0.0003,0.4008,0.1587,0.0014,0.0010,0.0000,0.0000,0.0005
2431,30.7724,0.0000,17.1300,5.3461,,true,0,0.008333,0.0000,0.0000,1.00,0.00,0.0000,22,1,335,361,0,0,100,5,17,17,0,0,45079,1415,0,0,880869376,0.000000,0.000000,0.000000,0.00,0,0,0,0,0,20,39,31,15,15,15,15,14,16,24,16,47,68,0.0002,0.0011,0.0648,0.0527,0.0046,0.0047,5.3461,0.0117,0.0000,0.9548,0.0004,0.4144,0.1400,0.0009,0.0007,0.0000,0.0000,0.0003
2432,30.7890,0.0000,16.5318,5.2455,,true,0,0.008333,0.0000,0.0000,1.00,0.00,0.0000,22,1,335,361,0,0,100,5,17,17,0,0,45079,1415,0,0,880869376,0.000000,0.000000,0.000000,0.00,0,0,0,0,0,20,39,31,15,15,15,15,14,16,24,16,47,68,0.0007,0.0014,0.0473,0.0428,0.0055,0.0044,5.2455,0.0176,0.0000,1.1013,0.0004,0.4770,0.1718,0.0010,0.0005,0.0000,0.0000,0.0005
2433,30.8056,0.0000,16.5507,5.2780,,true,0,0.008333,0.0000,0.0000,1.00,0.00,0.0000,22,1,335,361,0,0,100,5,17,17,0,0,45079,1415,0,0,880869376,0.000000,0.000000,0.000000,0.00,0,0,0,0,0,20,39,31,15,15,15,15,14,16,24,16,47,68,0.0006,0.0013,0.0460,0.0434,0.0044,0.0031,5.2780,0.0166,0.0000,0.9158,0.0003,0.3846,0.1480,0.0008,0.0004,0.0000,0.0000,0.0004
2434,30.8222,0.0000,16.5372,5.1461,,true,0,0.008333,0.0000,0.0000,1.00,0.00,0.0000,22,1,335,361,0,0,100,5,17,17,0,0,45079,1415,0,0,880869376,0.000000,0.000000,0.000000,0.00,0,0,0,0,0,20,39,31,15,15,15,15,14,16,24,16,47,68,0.0002,0.0017,0.0491,0.0455,0.0051,0.0026,5.1461,0.0209,0.0000,0.9627,0.0008,0.3893,0.1594,0.0009,0.0008,0.0000,0.0000,0.0008
2435,30.8275,0.0000,16.8517,4.6034,,true,0,0.008333,0.0000,0.0000,1.00,0.00,0.0000,22,1,335,361,0,0,100,5,17,17,0,0,45079,1415,0,0,880869376,0.000000,0.000000,0.000000,0.00,0,0,0,0,0,20,39,31,15,15,15,15,14,16,24,16,47,68,0.0002,0.0008,0.0515,0.0264,0.0023,0.0026,4.6034,0.0107,0.0000,1.0708,0.0003,0.4743,0.1316,0.0007,0.0004,0.0000,0.0000,0.0004
2436,30.8392,0.0000,16.8856,5.4838,,true,0,0.008333,0.0000,0.0000,1.00,0.00,0.0000,22,1,335,361,0,0,100,5,17,17,0,0,45079,1415,0,0,880869376,0.000000,0.000000,0.000000,0.00,0,0,0,0,0,20,39,31,15,15,15,15,14,16,24,16,47,68,0.0002,0.0012,0.0435,0.0321,0.0036,0.0031,5.4838,0.0137,0.0000,0.9309,0.0003,0.4045,0.1553,0.0011,0.0009,0.0000,0.0000,0.0005
2437,30.8563,0.0000,6.4076,5.8780,,true,0,0.008333,0.0000,0.0000,1.00,0.00,0.0000,22,1,335,361,0,0,100,5,17,17,0,0,45079,1415,0,0,880869376,0.000000,0.000000,0.000000,0.00,0,0,0,0,0,20,39,31,15,15,15,15,14,16,24,16,47,68,0.0002,0.0020,0.0572,0.0643,0.0082,0.0057,5.8780,0.0222,0.0000,1.1214,0.0005,0.4690,0.1896,0.0015,0.0008,0.0000,0.0000,0.0006
2438,30.8729,0.0000,12.5426,5.9137,,true,0,0.008333,0.0000,0.0000,1.00,0.00,0.0000,22,1,335,361,0,0,100,5,17,17,0,0,45079,1415,0,0,880869376,0.000000,0.000000,0.000000,0.00,0,0,0,0,0,20,39,31,15,15,15,15,14,16,24,16,47,68,0.0002,0.0012,0.0478,0.0405,0.0037,0.0025,5.9137,0.0174,0.0000,0.8925,0.0003,0.3855,0.1402,0.0011,0.0005,0.0000,0.0000,0.0006
2439,30.8893,0.0000,16.7726,5.4501,,true,0,0.008333,0.0000,0.0000,1.00,0.00,0.0000,22,1,335,361,0,0,100,5,17,17,0,0,45079,1415,0,0,880869376,0.000000,0.000000,0.000000,0.00,0,0,0,0,0,20,39,31,15,15,15,15,14,16,24,16,47,68,0.0002,0.0015,0.0468,0.0399,0.0046,0.0028,5.4501,0.0137,0.0000,0.9227,0.0003,0.4042,0.1417,0.0008,0.0007,0.0000,0.0000,0.0003
2440,30.9067,0.0000,14.9608,6.2387,,true,0,0.008333,0.0000,0.0000,1.00,0.00,0.0000,22,1,335,361,0,0,100,5,17,17,0,0,45079,1415,0,0,880869376,0.000000,0.000000,0.000000,0.00,0,0,0,0,0,20,39,31,15,15,15,15,14,16,24,16,47,68,0.0002,0.0017,0.0526,0.0478,0.0052,0.0046,6.2387,0.0106,0.0000,1.0925,0.0003,0.3465,0.1606,0.0015,0.0010,0.0000,0.0000,0.0011
2441,30.9222,0.0000,16.4493,5.2130,,true,0,0.008333,0.0000,0.0000,1.00,0.00,0.0000,22,1,335,361,0,0,100,5,17,17,0,0,45079,1415,0,0,880869376,0.000000,0.000000,0.000000,0.00,0,0,0,0,0,20,39,31,15,15,15,15,14,16,24,16,47,68,0.0003,0.0031,0.0355,0.0348,0.0032,0.0054,5.2130,0.0096,0.0000,0.8903,0.0003,0.3849,0.1302,0.0007,0.0004,0.0000,0.0000,0.0003
2442,30.9397,0.0000,18.3896,5.8610,,true,0,0.008333,0.0000,0.0000,1.00,0.00,0.0000,22,1,335,361,0,0,100,5,17,17,0,0,45079,1415,0,0,880869376,0.000000,0.000000,0.000000,0.00,0,0,0,0,0,20,39,31,15,15,15,15,14,16,24,16,47,68,0.0002,0.0013,0.0439,0.0425,0.0030,0.0047,5.8610,0.0109,0.0000,0.9767,0.0003,0.4114,0.1313,0.0011,0.0003,0.0000,0.0000,0.0002
2443,30.9563,0.0000,14.3508,5.9500,,true,0,0.008333,0.0000,0.0000,1.00,0.00,0.0000,22,1,335,361,0,0,100,5,17,17,0,0,45079,1415,0,0,880869376,0.000000,0.000000,0.000000,0.00,0,0,0,0,0,20,39,31,15,15,15,15,14,16,24,16,47,68,0.0003,0.0022,0.0584,0.0549,0.0033,0.0052,5.9500,0.0196,0.0000,1.3528,0.0008,0.6077,0.2022,0.0018,0.0012,0.0000,0.0000,0.0010
2444,30.9728,0.0000,17.1883,5.7454,,true,0,0.008333,0.0000,0.0000,1.00,0.00,0.0000,22,1,335,361,0,0,100,5,17,17,0,0,45079,1415,0,0,880869376,0.000000,0.000000,0.000000,0.00,0,0,0,0,0,20,39,31,15,15,15,15,14,16,24,16,47,68,0.0002,0.0014,0.0472,0.0365,0.0038,0.0032,5.7454,0.0137,0.0000,0.9146,0.0005,0.3992,0.1398,0.0007,0.0004,0.0000,0.0000,0.0004
2445,30.9892,0.0000,17.5610,5.5173,,true,0,0.008333,0.0000,0.0000,1.00,0.00,0.0000,22,1,335,361,0,0,100,5,17,17,0,0,45079,1415,0,0,880869376,0.000000,0.000000,0.000000,0.00,0,0,0,0,0,20,39,31,15,15,15,15,14,16,24,16,47,68,0.0003,0.0015,0.0357,0.0325,0.0040,0.0046,5.5173,0.0107,0.0000,0.8451,0.0003,0.2870,0.1015,0.0006,0.0003,0.0000,0.0000,0.0004
2446,31.0057,0.0000,18.0271,5.2989,,true,0,0.008333,0.0000,0.0000,1.00,0.00,0.0000,22,1,335,361,0,0,100,5,17,17,0,0,45079,1415,0,0,880869376,0.000000,0.000000,0.000000,0.00,0,0,0,0,0,20,39,31,15,15,15,15,14,16,24,16,47,68,0.0005,0.0018,0.0275,0.0498,0.0108,0.0064,5.2989,0.0099,0.0000,0.6930,0.0004,0.3210,0.1027,0.0008,0.0004,0.0000,0.0000,0.0003
2447,31.0235,0.0000,15.4981,6.4208,,true,0,0.008333,0.0000,0.0000,1.00,0.00,0.0000,22,1,335,361,0,0,100,5,17,17,0,0,45079,1415,0,0,880869376,0.000000,0.000000,0.000000,0.00,0,0,0,0,0,20,39,31,15,15,15,15,14,16,24,16,47,68,0.0006,0.0016,0.0513,0.0428,0.0042,0.0034,6.4208,0.0152,0.0000,1.2983,0.0006,0.6001,0.1740,0.0011,0.0006,0.0000,0.0000,0.0007
2448,31.0391,0.0000,15.9840,5.4061,,true,0,0.008333,0.0000,0.0000,1.00,0.00,0.0000,22,1,335,361,0,0,100,5,17,17,0,0,45079,1415,0,0,880869376,0.000000,0.000000,0.000000,0.00,0,0,0,0,0,20,39,31,15,15,15,15,14,16,24,16,47,68,0.0003,0.0015,0.0422,0.0461,0.0058,0.0031,5.4061,0.0155,0.0000,0.9500,0.0003,0.4025,0.1523,0.0014,0.0007,0.0000,0.0000,0.0004
2449,31.0489,0.0000,16.4651,5.7673,,true,0,0.008333,0.0000,0.0000,1.00,0.00,0.0000,22,1,335,361,0,0,100,5,17,17,0,0,45079,1415,0,0,880869376,0.000000,0.000000,0.000000,0.00,0,0,0,0,0,20,39,31,15,15,15,15,14,16,24,16,47,68,0.0002,0.0018,0.0414,0.0550,0.0074,0.0068,5.7673,0.0194,0.0000,0.8830,0.0003,0.3489,0.1524,0.0019,0.0007,0.0000,0.0000,0.0006
2450,31.0552,0.0000,15.8790,5.5280,,true,0,0.008333,0.0000,0.0000,1.00,0.00,0.0000,22,1,335,361,0,0,100,5,17,17,0,0,45079,1415,0,0,880869376,0.000000,0.000000,0.000000,0.00,0,0,0,0,0,20,39,31,15,15,15,15,14,16,24,16,47,68,0.0003,0.0007,0.0613,0.0288,0.0025,0.0029,5.5280,0.0205,0.0000,1.0232,0.0002,0.4567,0.1505,0.0012,0.0004,0.0000,0.0000,0.0009
2451,31.0629,0.0000,12.6118,5.6811,,true,0,0.008333,0.0000,0.0000,1.00,0.00,0.0000,22,1,335,361,0,0,100,5,17,17,0,0,45079,1415,0,0,880869376,0.000000,0.000000,0.000000,0.00,0,0,0,0,0,20,39,31,15,15,15,15,14,16,24,16,47,68,0.0002,0.0017,0.0510,0.0515,0.0060,0.0068,5.6811,0.0200,0.0000,1.1729,0.0005,0.4912,0.1894,0.0014,0.0010,0.0000,0.0000,0.0004
2452,31.0700,0.0000,6.0624,6.3316,,true,0,0.008333,0.0000,0.0000,1.00,0.00,0.0000,22,1,335,361,0,0,100,5,17,17,0,0,45079,1415,0,0,880869376,0.000000,0.000000,0.000000,0.00,0,0,0,0,0,20,39,31,15,15,15,15,14,16,24,16,47,68,0.0001,0.0007,0.0481,0.0322,0.0039,0.0033,6.3316,0.0141,0.0000,1.0881,0.0007,0.4399,0.2340,0.0016,0.0006,0.0000,0.0000,0.0006
2453,31.0782,0.0000,8.2579,6.7381,,true,0,0.008333,0.0000,0.0000,1.00,0.00,0.0000,22,1,335,361,0,0,100,5,17,17,0,0,45079,1415,0,0,880869376,0.000000,0.000000,0.000000,0.00,0,0,0,0,0,20,39,31,15,15,15,15,14,16,24,16,47,68,0.0005,0.0018,0.0452,0.0691,0.0084,0.0074,6.7381,0.0180,0.0000,1.1962,0.0012,0.5341,0.1792,0.0012,0.0014,0.0000,0.0000,0.0011
2454,31.0855,0.0000,7.7183,6.1543,,true,0,0.008333,0.0000,0.0000,1.00,0.00,0.0000,22,1,335,361,0,0,100,5,17,17,0,0,45079,1415,0,0,880869376,0.000000,0.000000,0.000000,0.00,0,0,0,0,0,20,39,31,15,15,15,15,14,16,24,16,47,68,0.0003,0.0025,0.0469,0.0593,0.0072,0.0111,6.1543,0.0194,0.0000,0.8389,0.0003,0.3284,0.1499,0.0014,0.0011,0.0000,0.0000,0.0004
2455,31.0968,0.0000,10.9411,6.9119,,true,0,0.008333,0.0000,0.0000,1.00,0.00,0.0000,22,1,335,361,0,0,100,5,17,17,0,0,45079,1415,0,0,880869376,0.000000,0.000000,0.000000,0.00,0,0,0,0,0,20,39,31,15,15,15,15,14,16,24,16,47,68,0.0002,0.0013,0.0444,0.0387,0.0035,0.0058,6.9119,0.0168,0.0000,0.9930,0.0003,0.4171,0.1777,0.0009,0.0004,0.0000,0.0000,0.0005
2456,31.1227,0.0000,25.6331,6.9440,,true,0,0.008333,0.0000,0.0000,1.00,0.00,0.0000,22,1,335,361,0,0,100,5,17,17,0,0,45079,1415,0,0,880869376,0.000000,0.000000,0.000000,0.00,0,0,0,0,0,20,39,31,15,15,15,15,14,16,24,16,47,68,0.0002,0.0052,0.0549,0.0563,0.0061,0.0058,6.9440,0.0220,0.0000,1.2122,0.0004,0.5089,0.1642,0.0016,0.0012,0.0000,0.0000,0.0007
2457,31.1297,0.0000,8.5171,5.4758,,true,0,0.008333,0.0000,0.0000,1.00,0.00,0.0000,22,1,335,361,0,0,100,5,17,17,0,0,45079,1415,0,0,880869376,0.000000,0.000000,0.000000,0.00,0,0,0,0,0,20,39,31,15,15,15,15,14,16,24,16,47,68,0.0004,0.0032,0.0304,0.0436,0.0069,0.0139,5.4758,0.0451,0.0000,0.9059,0.0006,0.3540,0.1347,0.0022,0.0006,0.0000,0.0000,0.0001
2458,31.1354,0.0000,6.7420,4.7629,,true,0,0.008333,0.0000,0.0000,1.00,0.00,0.0000,22,1,335,361,0,0,100,5,17,17,0,0,45079,1415,0,0,880869376,0.000000,0.000000,0.000000,0.00,0,0,0,0,0,20,39,31,15,15,15,15,14,16,24,16,47,68,0.0002,0.0009,0.0418,0.0398,0.0013,0.0041,4.7629,0.0115,0.0000,0.8984,0.0007,0.4540,0.1372,0.0018,0.0002,0.0000,0.0000,0.0001
2459,31.1468,0.0000,10.5274,5.5637,,true,0,0.008333,0.0000,0.0000,1.00,0.00,0.0000,22,1,335,361,0,0,100,5,17,17,0,0,45079,1415,0,0,880869376,0.000000,0.000000,0.000000,0.00,0,0,0,0,0,20,39,31,15,15,15,15,14,16,24,16,47,68,0.0003,0.0011,0.0499,0.0374,0.0038,0.0029,5.5637,0.0139,0.0000,0.9038,0.0003,0.3885,0.1411,0.0014,0.0008,0.0000,0.0000,0.0004
2460,31.1721,0.0000,24.9444,5.8508,,true,0,0.008333,0.0000,0.0000,1.00,0.00,0.0000,22,1,335,361,0,0,100,5,17,17,0,0,45079,1415,0,0,880869376,0.000000,0.000000,0.000000,0.00,0,0,0,0,0,20,39,31,15,15,15,15,14,16,24,16,47,68,0.0002,0.0018,0.0434,0.0404,0.0038,0.0045,5.8508,0.0147,0.0000,1.1160,0.0006,0.5224,0.1601,0.0010,0.0006,0.0000,0.0000,0.0003
2461,31.1787,0.0000,5.2162,5.7520,,true,0,0.008333,0.0000,0.0000,1.00,0.00,0.0000,22,1,335,361,0,0,100,5,17,17,0,0,45079,1415,0,0,880869376,0.000000,0.000000,0.000000,0.00,0,0,0,0,0,20,39,31,15,15,15,15,14,16,24,16,47,68,0.0002,0.0014,0.0596,0.0497,0.0066,0.0063,5.7520,0.0241,0.0000,1.0905,0.0003,0.4801,0.1846,0.0021,0.0016,0.0000,0.0000,0.0006
2462,31.1842,0.0000,8.0298,4.7042,,true,0,0.008333,0.0000,0.0000,1.00,0.00,0.0000,22,1,335,361,0,0,100,5,17,17,0,0,45079,1415,0,0,880869376,0.000000,0.000000,0.000000,0.00,0,0,0,0,0,20,39,31,15,15,15,15,14,16,24,16,47,68,0.0002,0.0008,0.0404,0.0321,0.0029,0.0096,4.7042,0.0118,0.0000,0.8764,0.0002,0.3773,0.1423,0.0013,0.0005,0.0000,0.0000,0.0002
2463,31.1982,0.0000,11.8995,6.7832,,true,0,0.008333,0.0000,0.0000,1.00,0.00,0.0000,22,1,335,361,0,0,100,5,17,17,0,0,45079,1415,0,0,880869376,0.000000,0.000000,0.000000,0.00,0,0,0,0,0,20,39,31,15,15,15,15,14,16,24,16,47,68,0.0003,0.0019,0.0545,0.0528,0.0036,0.0051,6.7832,0.0191,0.0000,0.9360,0.0012,0.3524,0.2073,0.0032,0.0040,0.0000,0.0000,0.0008
2464,31.2217,0.0000,24.5233,5.7080,,true,0,0.008333,0.0000,0.0000,1.00,0.00,0.0000,22,1,335,361,0,0,100,5,17,17,0,0,45079,1415,0,0,880869376,0.000000,0.000000,0.000000,0.00,0,0,0,0,0,20,39,31,15,15,15,15,14,16,24,16,47,68,0.0003,0.0014,0.0415,0.0444,0.0039,0.0038,5.7080,0.0142,0.0000,1.0077,0.0003,0.4201,0.1805,0.0026,0.0010,0.0000,0.0000,0.0003
2465,31.2286,0.0000,6.3636,5.9956,,true,0,0.008333,0.0000,0.0000,1.00,0.00,0.0000,22,1,335,361,0,0,100,5,17,17,0,0,45079,1415,0,0,880869376,0.000000,0.000000,0.000000,0.00,0,0,0,0,0,20,39,31,15,15,15,15,14,16,24,16,47,68,0.0002,0.0022,0.0463,0.0575,0.0056,0.0085,5.9956,0.0176,0.0000,1.0934,0.0011,0.4976,0.1741,0.0015,0.0005,0.0000,0.0000,0.0003
2466,31.2366,0.0000,5.7366,6.8418,,true,0,0.008333,0.0000,0.0000,1.00,0.00,0.0000,22,1,335,361,0,0,100,5,17,17,0,0,45079,1415,0,0,880869376,0.000000,0.000000,0.000000,0.00,0,0,0,0,0,20,39,31,15,15,15,15,14,16,24,16,47,68,0.0001,0.0015,0.0540,0.0957,0.0045,0.0064,6.8418,0.0224,0.0000,1.0723,0.0009,0.4764,0.1697,0.0015,0.0008,0.0000,0.0000,0.0006
2467,31.2642,0.0000,26.5148,9.5781,,true,0,0.008333,0.0000,0.0000,1.00,0.00,0.0000,22,1,335,361,0,0,100,5,17,17,0,0,45079,1415,0,0,880869376,0.000000,0.000000,0.000000,0.00,0,0,0,0,0,20,39,31,15,15,15,15,14,16,24,16,47,68,0.0002,0.0018,0.0460,0.0383,0.0037,0.0028,9.5781,0.0087,0.0000,4.5510,0.0007,0.3100,0.1175,0.5493,0.0010,0.0000,0.0000,3.2133
2468,31.2712,0.0000,5.1189,5.9365,,true,0,0.008333,0.0000,0.0000,1.00,0.00,0.0000,22,1,335,361,0,0,100,5,17,17,0,0,45079,1415,0,0,880869376,0.000000,0.000000,0.000000,0.00,0,0,0,0,0,20,39,31,15,15,15,15,14,16,24,16,47,68,0.0003,0.0007,0.0469,0.0304,0.0026,0.0036,5.9365,0.0144,0.0000,1.0520,0.0004,0.4675,0.1410,0.0006,0.0003,0.0000,0.0000,0.0003
2469,31.2791,0.0000,11.6484,6.7584,,true,0,0.008333,0.0000,0.0000,1.00,0.00,0.0000,22,1,335,361,0,0,100,5,17,17,0,0,45079,1415,0,0,880869376,0.000000,0.000000,0.000000,0.00,0,0,0,0,0,20,39,31,15,15,15,15,14,16,24,16,47,68,0.0005,0.0012,0.0444,0.0711,0.0056,0.0083,6.7584,0.0938,0.0000,1.1042,0.0006,0.4520,0.1880,0.0021,0.0007,0.0000,0.0000,0.0007
2470,31.2985,0.0000,21.3784,5.9004,,true,0,0.008333,0.0000,0.0000,1.00,0.00,0.0000,22,1,335,361,0,0,100,5,17,17,0,0,45079,1415,0,0,880869376,0.000000,0.000000,0.000000,0.00,0,0,0,0,0,20,39,31,15,15,15,15,14,16,24,16,47,68,0.0008,0.0015,0.0499,0.0393,0.0046,0.0071,5.9004,0.0159,0.0000,1.0210,0.0010,0.3960,0.1477,0.0024,0.0006,0.0000,0.0000,0.0004
2471,31.3051,0.0000,5.3810,5.7255,,true,0,0.008333,0.0000,0.0000,1.00,0.00,0.0000,22,1,335,361,0,0,100,5,17,17,0,0,45079,1415,0,0,880869376,0.000000,0.000000,0.000000,0.00,0,0,0,0,0,20,39,31,15,15,15,15,14,16,24,16,47,68,0.0002,0.0025,0.0535,0.0390,0.0040,0.0087,5.7255,0.0151,0.0000,0.8923,0.0000,0.3558,0.1419,0.0013,0.0001,0.0000,0.0000,0.0001
2472,31.3108,0.0000,8.1058,4.7951,,true,0,0.008333,0.0000,0.0000,1.00,0.00,0.0000,22,1,335,361,0,0,100,5,17,17,0,0,45079,1415,0,0,880869376,0.000000,0.000000,0.000000,0.00,0,0,0,0,0,20,39,31,15,15,15,15,14,16,24,16,47,68,0.0002,0.0009,0.0435,0.0398,0.0028,0.0031,4.7951,0.0120,0.0000,0.8876,0.0002,0.4091,0.1274,0.0004,0.0003,0.0000,0.0000,0.0002
2473,31.3237,0.0000,11.7759,5.8115,,true,0,0.008333,0.0000,0.0000,1.00,0.00,0.0000,22,1,335,361,0,0,100,5,17,17,0,0,45079,1415,0,0,880869376,0.000000,0.000000,0.000000,0.00,0,0,0,0,0,20,39,31,15,15,15,15,14,16,24,16,47,68,0.0002,0.0011,0.0504,0.0189,0.0010,0.0023,5.8115,0.0149,0.0000,0.8803,0.0003,0.4332,0.1830,0.0014,0.0002,0.0000,0.0000,0.0001
2474,31.3472,0.0000,23.7927,5.4534,,true,0,0.008333,0.0000,0.0000,1.00,0.00,0.0000,22,1,335,361,0,0,100,5,17,17,0,0,45079,1415,0,0,880869376,0.000000,0.000000,0.000000,0.00,0,0,0,0,0,20,39,31,15,15,15,15,14,16,24,16,47,68,0.0002,0.0010,0.0442,0.0414,0.0044,0.0032,5.4534,0.0137,0.0000,1.1318,0.0006,0.5818,0.1116,0.0016,0.0008,0.0000,0.0000,0.0003
2475,31.3540,0.0000,6.4383,5.8273,,true,0,0.008333,0.0000,0.0000,1.00,0.00,0.0000,22,1,335,361,0,0,100,5,17,17,0,0,45079,1415,0,0,880869376,0.000000,0.000000,0.000000,0.00,0,0,0,0,0,20,39,31,15,15,15,15,14,16,24,16,47,68,0.0003,0.0012,0.0455,0.0625,0.0043,0.0027,5.8273,0.0136,0.0000,1.2608,0.0015,0.5452,0.1889,0.0016,0.0026,0.0000,0.0000,0.0006
2476,31.3599,0.0000,5.9481,5.0822,,true,0,0.008333,0.0000,0.0000,1.00,0.00,0.0000,22,1,335,361,0,0,100,5,17,17,0,0,45079,1415,0,0,880869376,0.000000,0.000000,0.000000,0.00,0,0,0,0,0,20,39,31,15,15,15,15,14,16,24,16,47,68,0.0002,0.0009,0.0372,0.0336,0.0036,0.0025,5.0822,0.0129,0.0000,0.8983,0.0003,0.3809,0.1648,0.0009,0.0007,0.0000,0.0000,0.0007
2477,31.3696,0.0000,11.3081,4.4737,,true,0,0.008333,0.0000,0.0000,1.00,0.00,0.0000,22,1,335,361,0,0,100,5,17,17,0,0,45079,1415,0,0,880869376,0.000000,0.000000,0.000000,0.00,0,0,0,0,0,20,39,31,15,15,15,15,14,16,24,16,47,68,0.0004,0.0008,0.0466,0.0288,0.0026,0.0030,4.4737,0.0117,0.0000,0.9131,0.0002,0.3971,0.1388,0.0022,0.0005,0.0000,0.0000,0.0003
2478,31.3817,0.0000,10.5550,5.8822,,true,0,0.008333,0.0000,0.0000,1.00,0.00,0.0000,22,1,335,361,0,0,100,5,17,17,0,0,45079,1415,0,0,880869376,0.000000,0.000000,0.000000,0.00,0,0,0,0,0,20,39,31,15,15,15,15,14,16,24,16,47,68,0.0003,0.0010,0.0406,0.0338,0.0028,0.0024,5.8822,0.0157,0.0000,0.9362,0.0003,0.3844,0.2008,0.0007,0.0005,0.0000,0.0000,0.0003
2479,31.3957,0.0000,13.3555,6.2723,,true,0,0.008333,0.0000,0.0000,1.00,0.00,0.0000,22,1,335,361,0,0,100,5,17,17,0,0,45079,1415,0,0,880869376,0.000000,0.000000,0.000000,0.00,0,0,0,0,0,20,39,31,15,15,15,15,14,16,24,16,47,68,0.0005,0.0014,0.0540,0.0306,0.0032,0.0026,6.2723,0.0201,0.0000,1.0517,0.0004,0.4219,0.1865,0.0013,0.0005,0.0000,0.0000,0.0003
2480,31.4079,0.0000,13.2293,5.4239,,true,0,0.008333,0.0000,0.0000,1.00,0.00,0.0000,22,1,335,361,0,0,100,5,17,17,0,0,45079,1415,0,0,880869376,0.000000,0.000000,0.000000,0.00,0,0,0,0,0,20,39,31,15,15,15,15,14,16,24,16,47,68,0.0003,0.0012,0.0358,0.0439,0.0030,0.0035,5.4239,0.0125,0.0000,0.8853,0.0005,0.3862,0.1475,0.0008,0.0003,0.0000,0.0000,0.0003
2481,31.4177,0.0000,10.3395,4.9221,,true,0,0.008333,0.0000,0.0000,1.00,0.00,0.0000,22,1,335,361,0,0,100,5,17,17,0,0,45079,1415,0,0,880869376,0.000000,0.000000,0.000000,0.00,0,0,0,0,0,20,39,31,15,15,15,15,14,16,24,16,47,68,0.0002,0.0008,0.0337,0.0371,0.0029,0.0031,4.9221,0.0111,0.0000,0.8958,0.0002,0.3871,0.1359,0.0007,0.0004,0.0000,0.0000,0.0003
2482,31.4289,0.0000,11.1243,5.0282,,true,0,0.008333,0.0000,0.0000,1.00,0.00,0.0000,22,1,335,361,0,0,100,5,17,17,0,0,45079,1415,0,0,880869376,0.000000,0.000000,0.000000,0.00,0,0,0,0,0,20,39,31,15,15,15,15,14,16,24,16,47,68,0.0002,0.0014,0.0378,0.0314,0.0030,0.0060,5.0282,0.0111,0.0000,0.9309,0.0004,0.4103,0.1327,0.0007,0.0004,0.0000,0.0000,0.0003
2483,31.4397,0.0000,10.4993,5.0238,,true,0,0.008333,0.0000,0.0000,1.00,0.00,0.0000,22,1,335,361,0,0,100,5,17,17,0,0,45079,1415,0,0,880869376,0.000000,0.000000,0.000000,0.00,0,0,0,0,0,20,39,31,15,15,15,15,14,16,24,16,47,68,0.0004,0.0014,0.0399,0.0441,0.0040,0.0062,5.0238,0.0103,0.0000,0.7401,0.0002,0.3116,0.1060,0.0006,0.0004,0.0000,0.0000,0.0004
2484,31.4520,0.0000,13.2226,4.3864,,true,0,0.008333,0.0000,0.0000,1.00,0.00,0.0000,22,1,335,361,0,0,100,5,17,17,0,0,45079,1415,0,0,880869376,0.000000,0.000000,0.000000,0.00,0,0,0,0,0,20,39,31,15,15,15,15,14,16,24,16,47,68,0.0006,0.0007,0.0313,0.0519,0.0085,0.0026,4.3864,0.0087,0.0000,0.6418,0.0002,0.2786,0.0986,0.0006,0.0003,0.0000,0.0000,0.0002
2485,31.4626,0.0000,10.4231,4.6513,,true,0,0.008333,0.0000,0.0000,1.00,0.00,0.0000,22,1,335,361,0,0,100,5,17,17,0,0,45079,1415,0,0,880869376,0.000000,0.000000,0.000000,0.00,0,0,0,0,0,20,39,31,15,15,15,15,14,16,24,16,47,68,0.0001,0.0009,0.0382,0.0231,0.0019,0.0034,4.6513,0.0096,0.0000,0.9145,0.0002,0.3879,0.1380,0.0006,0.0005,0.0000,0.0000,0.0005
2486,31.4735,0.0000,10.0088,5.2936,,true,0,0.008333,0.0000,0.0000,1.00,0.00,0.0000,22,1,335,361,0,0,100,5,17,17,0,0,45079,1415,0,0,880869376,0.000000,0.000000,0.000000,0.00,0,0,0,0,0,20,39,31,15,15,15,15,14,16,24,16,47,68,0.0002,0.0007,0.0406,0.0275,0.0018,0.0029,5.2936,0.0093,0.0000,1.0571,0.0003,0.4558,0.2421,0.0009,0.0005,0.0000,0.0000,0.0004
2487,31.4856,0.0000,12.4681,4.9452,,true,0,0.008333,0.0000,0.0000,1.00,0.00,0.0000,22,1,335,361,0,0,100,5,17,17,0,0,45079,1415,0,0,880869376,0.000000,0.000000,0.000000,0.00,0,0,0,0,0,20,39,31,15,15,15,15,14,16,24,16,47,68,0.0004,0.0011,0.0495,0.0638,0.0215,0.0036,4.9452,0.0111,0.0000,0.9172,0.0002,0.4223,0.1414,0.0007,0.0004,0.0000,0.0000,0.0002
2488,31.4973,0.0000,12.2307,4.6409,,true,0,0.008333,0.0000,0.0000,1.00,0.00,0.0000,22,1,335,361,0,0,100,5,17,17,0,0,45079,1415,0,0,880869376,0.000000,0.000000,0.000000,0.00,0,0,0,0,0,20,39,31,15,15,15,15,14,16,24,16,47,68,0.0004,0.0011,0.0397,0.0272,0.0025,0.0025,4.6409,0.0099,0.0000,0.9181,0.0003,0.3965,0.1287,0.0007,0.0006,0.0000,0.0000,0.0005
2489,31.5086,0.0000,10.4823,5.0356,,true,0,0.008333,0.0000,0.0000,1.00,0.00,0.0000,22,1,335,361,0,0,100,5,17,17,0,0,45079,1415,0,0,880869376,0.000000,0.000000,0.000000,0.00,0,0,0,0,0,20,39,31,15,15,15,15,14,16,24,16,47,68,0.0003,0.0010,0.0383,0.0307,0.0025,0.0028,5.0356,0.0095,0.0000,0.8905,0.0003,0.3904,0.1315,0.0006,0.0003,0.0000,0.0000,0.0001
2490,31.5198,0.0000,11.3792,4.8633,,true,0,0.008333,0.0000,0.0000,1.00,0.00,0.0000,22,1,335,361,0,0,100,5,17,17,0,0,45079,1415,0,0,880869376,0.000000,0.000000,0.000000,0.00,0,0,0,0,0,20,39,31,15,15,15,15,14,16,24,16,47,68,0.0003,0.0010,0.0351,0.0305,0.0030,0.0043,4.8633,0.0102,0.0000,0.8873,0.0006,0.3887,0.1374,0.0008,0.0018,0.0000,0.0000,0.0002
2491,31.5315,0.0000,11.9563,4.6388,,true,0,0.008333,0.0000,0.0000,1.00,0.00,0.0000,22,1,335,361,0,0,100,5,17,17,0,0,45079,1415,0,0,880869376,0.000000,0.000000,0.000000,0.00,0,0,0,0,0,20,39,31,15,15,15,15,14,16,24,16,47,68,0.0002,0.0009,0.0382,0.0294,0.0028,0.0026,4.6388,0.0097,0.0000,0.8629,0.0002,0.3845,0.1284,0.0007,0.0006,0.0000,0.0000,0.0002
2492,31.5433,0.0000,11.4594,4.6943,,true,0,0.008333,0.0000,0.0000,1.00,0.00,0.0000,22,1,335,361,0,0,100,5,17,17,0,0,45079,1415,0,0,880869376,0.000000,0.000000,0.000000,0.00,0,0,0,0,0,20,39,31,15,15,15,15,14,16,24,16,47,68,0.0003,0.0007,0.0429,0.0323,0.0029,0.0031,4.6943,0.0103,0.0000,0.9019,0.0002,0.4160,0.1284,0.0005,0.0003,0.0000,0.0000,0.0004
2493,31.5539,0.0000,11.8012,4.2495,,true,0,0.008333,0.0000,0.0000,1.00,0.00,0.0000,22,1,335,361,0,0,100,5,17,17,0,0,45079,1415,0,0,880869376,0.000000,0.000000,0.000000,0.00,0,0,0,0,0,20,39,31,15,15,15,15,14,16,24,16,47,68,0.0002,0.0013,0.0295,0.0374,0.0016,0.0052,4.2495,0.0075,0.0000,0.6545,0.0002,0.2750,0.0980,0.0006,0.0005,0.0000,0.0000,0.0003
2494,31.5662,0.0000,11.0936,4.9614,,true,0,0.008333,0.0000,0.0000,1.00,0.00,0.0000,22,1,335,361,0,0,100,5,17,17,0,0,45079,1415,0,0,880869376,0.000000,0.000000,0.000000,0.00,0,0,0,0,0,20,39,31,15,15,15,15,14,16,24,16,47,68,0.0002,0.0009,0.0288,0.0419,0.0052,0.0032,4.9614,0.0080,0.0000,0.8816,0.0002,0.3920,0.1264,0.0006,0.0004,0.0000,0.0000,0.0003
2495,31.5787,0.0000,12.5149,5.0525,,true,0,0.008333,0.0000,0.0000,1.00,0.00,0.0000,22,1,335,361,0,0,100,5,17,17,0,0,45079,1415,0,0,880869376,0.000000,0.000000,0.000000,0.00,0,0,0,0,0,20,39,31,15,15,15,15,14,16,24,16,47,68,0.0003,0.0007,0.0382,0.0282,0.0023,0.0027,5.0525,0.0086,0.0000,0.9108,0.0002,0.4145,0.1242,0.0007,0.0006,0.0000,0.0000,0.0004
2496,31.5879,0.0000,10.8039,3.7443,,true,0,0.008333,0.0000,0.0000,1.00,0.00,0.0000,22,1,335,361,0,0,100,5,17,17,0,0,45079,1415,0,0,880869376,0.000000,0.000000,0.000000,0.00,0,0,0,0,0,20,39,31,15,15,15,15,14,16,24,16,47,68,0.0003,0.0008,0.0265,0.0222,0.0024,0.0030,3.7443,0.0069,0.0000,0.6581,0.0002,0.2903,0.0969,0.0006,0.0004,0.0000,0.0000,0.0004
2497,31.6010,0.0000,11.5215,4.7528,,true,0,0.008333,0.0000,0.0000,1.00,0.00,0.0000,22,1,335,361,0,0,100,5,17,17,0,0,45079,1415,0,0,880869376,0.000000,0.000000,0.000000,0.00,0,0,0,0,0,20,39,31,15,15,15,15,14,16,24,16,47,68,0.0002,0.0007,0.0418,0.0234,0.0034,0.0026,4.7528,0.0103,0.0000,0.9416,0.0003,0.4145,0.1298,0.0006,0.0005,0.0000,0.0000,0.0009
2498,31.6122,0.0000,12.1665,4.2923,,true,0,0.008333,0.0000,0.0000,1.00,0.00,0.0000,22,1,335,361,0,0,100,5,17,17,0,0,45079,1415,0,0,880869376,0.000000,0.000000,0.000000,0.00,0,0,0,0,0,20,39,31,15,15,15,15,14,16,24,16,47,68,0.0004,0.0008,0.0267,0.0344,0.0017,0.0026,4.2923,0.0205,0.0000,0.6320,0.0002,0.2764,0.0991,0.0005,0.0002,0.0000,0.0000,0.0002
2499,31.6242,0.0000,10.5765,5.5923,,true,0,0.008333,0.0000,0.0000,1.00,0.00,0.0000,22,1,335,361,0,0,100,5,17,17,0,0,45079,1415,0,0,880869376,0.000000,0.000000,0.000000,0.00,0,0,0,0,0,20,39,31,15,15,15,15,14,16,24,16,47,68,0.0005,0.0013,0.0340,0.0414,0.0021,0.0062,5.5923,0.0102,0.0000,1.0224,0.0002,0.3962,0.1228,0.0010,0.0003,0.0000,0.0000,0.0001
2500,31.6386,0.0000,13.5035,6.3983,,true,0,0.008333,0.0000,0.0000,1.00,0.00,0.0000,22,1,335,361,0,0,100,5,17,17,0,0,45079,1415,0,0,880869376,0.000000,0.000000,0.000000,0.00,0,0,0,0,0,20,39,31,15,15,15,15,14,16,24,16,47,68,0.0005,0.0013,0.0382,0.0364,0.0038,0.0035,6.3983,0.0154,0.0000,0.9399,0.0004,0.4014,0.1638,0.0015,0.0006,0.0000,0.0000,0.0004
2501,31.6513,0.0000,13.3728,5.6055,,true,0,0.008333,0.0000,0.0000,1.00,0.00,0.0000,22,1,335,361,0,0,100,5,17,17,0,0,45079,1415,0,0,880869376,0.000000,0.000000,0.000000,0.00,0,0,0,0,0,20,39,31,15,15,15,15,14,16,24,16,47,68,0.0006,0.0014,0.0428,0.0336,0.0040,0.0030,5.6055,0.0144,0.0000,1.0559,0.0005,0.4961,0.1612,0.0012,0.0008,0.0000,0.0000,0.0005
2502,31.6624,0.0000,11.8026,5.0769,,true,0,0.008333,0.0000,0.0000,1.00,0.00,0.0000,22,1,335,361,0,0,100,5,17,17,0,0,45079,1415,0,0,880869376,0.000000,0.000000,0.000000,0.00,0,0,0,0,0,20,39,31,15,15,15,15,14,16,24,16,47,68,0.0002,0.0017,0.0252,0.0344,0.0078,0.0070,5.0769,0.0119,0.0000,0.6893,0.0003,0.2935,0.1043,0.0006,0.0003,0.0000,0.0000,0.0002
2503,31.6770,0.0000,13.4855,6.2044,,true,0,0.008333,0.0000,0.0000,1.00,0.00,0.0000,22,1,335,361,0,0,100,5,17,17,0,0,45079,1415,0,0,880869376,0.000000,0.000000,0.000000,0.00,0,0,0,0,0,20,39,31,15,15,15,15,14,16,24,16,47,68,0.0002,0.0015,0.0542,0.0349,0.0035,0.0029,6.2044,0.0214,0.0000,0.9999,0.0007,0.4346,0.1839,0.0014,0.0007,0.0000,0.0000,0.0005
2504,31.6890,0.0000,13.1771,5.0947,,true,0,0.008333,0.0000,0.0000,1.00,0.00,0.0000,22,1,335,361,0,0,100,5,17,17,0,0,45079,1415,0,0,880869376,0.000000,0.000000,0.000000,0.00,0,0,0,0,0,20,39,31,15,15,15,15,14,16,24,16,47,68,0.0002,0.0011,0.0375,0.0348,0.0031,0.0022,5.0947,0.0112,0.0000,0.9054,0.0003,0.3873,0.1400,0.0008,0.0007,0.0000,0.0000,0.0004
2505,31.6999,0.0000,11.3878,4.5348,,true,0,0.008333,0.0000,0.0000,1.00,0.00,0.0000,22,1,335,361,0,0,100,5,17,17,0,0,45079,1415,0,0,880869376,0.000000,0.000000,0.000000,0.00,0,0,0,0,0,20,39,31,15,15,15,15,14,16,24,16,47,68,0.0003,0.0011,0.0433,0.0318,0.0033,0.0036,4.5348,0.0110,0.0000,0.8845,0.0004,0.3911,0.1301,0.0008,0.0003,0.0000,0.0000,0.0003
2506,31.7100,0.0000,10.5113,4.3749,,true,0,0.008333,0.0000,0.0000,1.00,0.00,0.0000,22,1,335,361,0,0,100,5,17,17,0,0,45079,1415,0,0,880869376,0.000000,0.000000,0.000000,0.00,0,0,0,0,0,20,39,31,15,15,15,15,14,16,24,16,47,68,0.0002,0.0007,0.0309,0.0288,0.0025,0.0024,4.3749,0.0079,0.0000,0.6541,0.0002,0.2923,0.0934,0.0005,0.0003,0.0000,0.0000,0.0002
2507,31.7219,0.0000,10.5668,5.3537,,true,0,0.008333,0.0000,0.0000,1.00,0.00,0.0000,22,1,335,361,0,0,100,5,17,17,0,0,45079,1415,0,0,880869376,0.000000,0.000000,0.000000,0.00,0,0,0,0,0,20,39,31,15,15,15,15,14,16,24,16,47,68,0.0002,0.0014,0.0531,0.0362,0.0032,0.0035,5.3537,0.0135,0.0000,0.9268,0.0002,0.4199,0.1284,0.0006,0.0003,0.0000,0.0000,0.0003
2508,31.7326,0.0000,11.1206,4.8266,,true,0,0.008333,0.0000,0.0000,1.00,0.00,0.0000,22,1,335,361,0,0,100,5,17,17,0,0,45079,1415,0,0,880869376,0.000000,0.000000,0.000000,0.00,0,0,0,0,0,20,39,31,15,15,15,15,14,16,24,16,47,68,0.0002,0.0006,0.1126,0.0317,0.0032,0.0026,4.8266,0.0289,0.0000,0.9032,0.0006,0.4041,0.1365,0.0008,0.0007,0.0000,0.0000,0.0003
2509,31.7431,0.0000,11.0136,4.5632,,true,0,0.008333,0.0000,0.0000,1.00,0.00,0.0000,22,1,335,361,0,0,100,5,17,17,0,0,45079,1415,0,0,880869376,0.000000,0.000000,0.000000,0.00,0,0,0,0,0,20,39,31,15,15,15,15,14,16,24,16,47,68,0.0002,0.0007,0.0308,0.0297,0.0034,0.0033,4.5632,0.0072,0.0000,0.9760,0.0003,0.4571,0.0922,0.0007,0.0002,0.0000,0.0000,0.0004
2510,31.7539,0.0000,10.7715,4.6511,,true,0,0.008333,0.0000,0.0000,1.00,0.00,0.0000,22,1,335,361,0,0,100,5,17,17,0,0,45079,1415,0,0,880869376,0.000000,0.000000,0.000000,0.00,0,0,0,0,0,20,39,31,15,15,15,15,14,16,24,16,47,68,0.0002,0.0010,0.0380,0.0227,0.0021,0.0024,4.6511,0.0115,0.0000,0.9005,0.0002,0.3850,0.1263,0.0007,0.0004,0.0000,0.0000,0.0004
2511,31.7652,0.0000,10.7345,4.9913,,true,0,0.008333,0.0000,0.0000,1.00,0.00,0.0000,22,1,335,361,0,0,100,5,17,17,0,0,45079,1415,0,0,880869376,0.000000,0.000000,0.000000,0.00,0,0,0,0,0,20,39,31,15,15,15,15,14,16,24,16,47,68,0.0003,0.0011,0.0344,0.0284,0.0027,0.0031,4.9913,0.0106,0.0000,0.8661,0.0003,0.3856,0.1229,0.0007,0.0003,0.0000,0.0000,0.0003
2512,31.7769,0.0000,12.1624,4.7553,,true,0,0.008333,0.0000,0.0000,1.00,0.00,0.0000,22,1,335,361,0,0,100,5,17,17,0,0,45079,1415,0,0,880869376,0.000000,0.000000,0.000000,0.00,0,0,0,0,0,20,39,31,15,15,15,15,14,16,24,16,47,68,0.0005,0.0011,0.0354,0.0325,0.0029,0.0048,4.7553,0.0123,0.0000,0.8973,0.0003,0.3947,0.1319,0.0007,0.0004,0.0000,0.0000,0.0002
2513,31.7872,0.0000,10.1787,4.7460,,true,0,0.008333,0.0000,0.0000,1.00,0.00,0.0000,22,1,335,361,0,0,100,5,17,17,0,0,45079,1415,0,0,880869376,0.000000,0.000000,0.000000,0.00,0,0,0,0,0,20,39,31,15,15,15,15,14,16,24,16,47,68,0.0002,0.0008,0.0260,0.0223,0.0023,0.0024,4.7460,0.0078,0.0000,1.0156,0.0002,0.4889,0.0973,0.0005,0.0005,0.0000,0.0000,0.0005
2514,31.7978,0.0000,10.3301,5.0967,,true,0,0.008333,0.0000,0.0000,1.00,0.00,0.0000,22,1,335,361,0,0,100,5,17,17,0,0,45079,1415,0,0,880869376,0.000000,0.000000,0.000000,0.00,0,0,0,0,0,20,39,31,15,15,15,15,14,16,24,16,47,68,0.0001,0.0014,0.0516,0.0222,0.0017,0.0029,5.0967,0.0186,0.0000,0.9344,0.0002,0.3759,0.1614,0.0008,0.0004,0.0000,0.0000,0.0002
2515,31.8095,0.0000,12.1131,4.6357,,true,0,0.008333,0.0000,0.0000,1.00,0.00,0.0000,22,1,335,361,0,0,100,5,17,17,0,0,45079,1415,0,0,880869376,0.000000,0.000000,0.000000,0.00,0,0,0,0,0,20,39,31,15,15,15,15,14,16,24,16,47,68,0.0003,0.0009,0.0375,0.0300,0.0024,0.0027,4.6357,0.0091,0.0000,0.9077,0.0002,0.3889,0.1663,0.0006,0.0005,0.0000,0.0000,0.0003
2516,31.8196,0.0000,10.5463,4.3096,,true,0,0.008333,0.0000,0.0000,1.00,0.00,0.0000,22,1,335,361,0,0,100,5,17,17,0,0,45079,1415,0,0,880869376,0.000000,0.000000,0.000000,0.00,0,0,0,0,0,20,39,31,15,15,15,15,14,16,24,16,47,68,0.0003,0.0008,0.0303,0.0267,0.0020,0.0033,4.3096,0.0075,0.0000,0.7450,0.0002,0.2963,0.1248,0.0005,0.0004,0.0000,0.0000,0.0008
2517,31.8305,0.0000,10.2735,4.7197,,true,0,0.008333,0.0000,0.0000,1.00,0.00,0.0000,22,1,335,361,0,0,100,5,17,17,0,0,45079,1415,0,0,880869376,0.000000,0.000000,0.000000,0.00,0,0,0,0,0,20,39,31,15,15,15,15,14,16,24,16,47,68,0.0003,0.0012,0.0407,0.0279,0.0024,0.0040,4.7197,0.0112,0.0000,0.8796,0.0002,0.3741,0.1405,0.0006,0.0003,0.0000,0.0000,0.0002
2518,31.8416,0.0000,11.1675,4.7269,,true,0,0.008333,0.0000,0.0000,1.00,0.00,0.0000,22,1,335,361,0,0,100,5,17,17,0,0,45079,1415,0,0,880869376,0.000000,0.000000,0.000000,0.00,0,0,0,0,0,20,39,31,15,15,15,15,14,16,24,16,47,68,0.0005,0.0007,0.0307,0.0241,0.0025,0.0024,4.7269,0.0086,0.0000,0.6743,0.0003,0.2738,0.0979,0.0007,0.0002,0.0000,0.0000,0.0001
2519,31.8535,0.0000,11.9984,4.8541,,true,0,0.008333,0.0000,0.0000,1.00,0.00,0.0000,22,1,335,361,0,0,100,5,17,17,0,0,45079,1415,0,0,880869376,0.000000,0.000000,0.000000,0.00,0,0,0,0,0,20,39,31,15,15,15,15,14,16,24,16,47,68,0.0002,0.0008,0.0412,0.0328,0.0039,0.0027,4.8541,0.0180,0.0000,0.8644,0.0003,0.3887,0.1257,0.0008,0.0007,0.0000,0.0000,0.0003
2520,31.8635,0.0000,10.0688,4.7411,,true,0,0.008333,0.0000,0.0000,1.00,0.00,0.0000,22,1,335,361,0,0,100,5,17,17,0,0,45079,1415,0,0,880869376,0.000000,0.000000,0.000000,0.00,0,0,0,0,0,20,39,31,15,15,15,15,14,16,24,16,47,68,0.0003,0.0006,0.0311,0.0277,0.0023,0.0028,4.7411,0.0074,0.0000,0.9506,0.0002,0.3611,0.0984,0.0008,0.0003,0.0000,0.0000,0.0003
2521,31.8731,0.0000,9.8875,4.3586,,true,0,0.008333,0.0000,0.0000,1.00,0.00,0.0000,22,1,335,361,0,0,100,5,17,17,0,0,45079,1415,0,0,880869376,0.000000,0.000000,0.000000,0.00,0,0,0,0,0,20,39,31,15,15,15,15,14,16,24,16,47,68,0.0002,0.0009,0.0275,0.0272,0.0025,0.0033,4.3586,0.0067,0.0000,0.6215,0.0003,0.2683,0.0915,0.0006,0.0001,0.0000,0.0000,0.0002
2522,31.8850,0.0000,11.9427,4.0971,,true,0,0.008333,0.0000,0.0000,1.00,0.00,0.0000,22,1,335,361,0,0,100,5,17,17,0,0,45079,1415,0,0,880869376,0.000000,0.000000,0.000000,0.00,0,0,0,0,0,20,39,31,15,15,15,15,14,16,24,16,47,68,0.0002,0.0008,0.0281,0.0256,0.0023,0.0034,4.0971,0.0143,0.0000,0.6307,0.0002,0.2818,0.1027,0.0006,0.0001,0.0000,0.0000,0.0001
2523,31.8967,0.0000,11.3032,4.7766,,true,0,0.008333,0.0000,0.0000,1.00,0.00,0.0000,22,1,335,361,0,0,100,5,17,17,0,0,45079,1415,0,0,880869376,0.000000,0.000000,0.000000,0.00,0,0,0,0,0,20,39,31,15,15,15,15,14,16,24,16,47,68,0.0002,0.0008,0.0342,0.0370,0.0023,0.0032,4.7766,0.0106,0.0000,0.8753,0.0002,0.4023,0.1256,0.0006,0.0004,0.0000,0.0000,0.0005
2524,31.9070,0.0000,10.7009,4.2585,,true,0,0.008333,0.0000,0.0000,1.00,0.00,0.0000,22,1,335,361,0,0,100,5,17,17,0,0,45079,1415,0,0,880869376,0.000000,0.000000,0.000000,0.00,0,0,0,0,0,20,39,31,15,15,15,15,14,16,24,16,47,68,0.0003,0.0009,0.0311,0.0312,0.0029,0.0031,4.2585,0.0084,0.0000,0.6838,0.0003,0.2818,0.0971,0.0007,0.0005,0.0000,0.0000,0.0006
2525,31.9185,0.0000,10.8292,5.0622,,true,0,0.008333,0.0000,0.0000,1.00,0.00,0.0000,22,1,335,361,0,0,100,5,17,17,0,0,45079,1415,0,0,880869376,0.000000,0.000000,0.000000,0.00,0,0,0,0,0,20,39,31,15,15,15,15,14,16,24,16,47,68,0.0003,0.0010,0.0509,0.0291,0.0035,0.0026,5.0622,0.0123,0.0000,0.8964,0.0003,0.4029,0.1268,0.0006,0.0005,0.0000,0.0000,0.0003
2526,31.9284,0.0000,10.6169,4.2049,,true,0,0.008333,0.0000,0.0000,1.00,0.00,0.0000,22,1,335,361,0,0,100,5,17,17,0,0,45079,1415,0,0,880869376,0.000000,0.000000,0.000000,0.00,0,0,0,0,0,20,39,31,15,15,15,15,14,16,24,16,47,68,0.0002,0.0008,0.0287,0.0228,0.0023,0.0038,4.2049,0.0071,0.0000,0.6873,0.0005,0.2798,0.1331,0.0007,0.0002,0.0000,0.0000,0.0002
2527,31.9397,0.0000,10.8807,4.6917,,true,0,0.008333,0.0000,0.0000,1.00,0.00,0.0000,22,1,335,361,0,0,100,5,17,17,0,0,45079,1415,0,0,880869376,0.000000,0.000000,0.000000,0.00,0,0,0,0,0,20,39,31,15,15,15,15,14,16,24,16,47,68,0.0005,0.0008,0.0371,0.0288,0.0022,0.0031,4.6917,0.0087,0.0000,0.9070,0.0003,0.3880,0.1474,0.0007,0.0005,0.0000,0.0000,0.0002
2528,31.9495,0.0000,10.2837,4.3107,,true,0,0.008333,0.0000,0.0000,1.00,0.00,0.0000,22,1,335,361,0,0,100,5,17,17,0,0,45079,1415,0,0,880869376,0.000000,0.000000,0.000000,0.00,0,0,0,0,0,20,39,31,15,15,15,15,14,16,24,16,47,68,0.0003,0.0010,0.0295,0.0366,0.0052,0.0025,4.3107,0.0081,0.0000,0.6629,0.0005,0.2979,0.0944,0.0009,0.0001,0.0000,0.0000,0.0000
2529,31.9615,0.0000,10.9859,4.9291,,true,0,0.008333,0.0000,0.0000,1.00,0.00,0.0000,22,1,335,361,0,0,100,5,17,17,0,0,45079,1415,0,0,880869376,0.000000,0.000000,0.000000,0.00,0,0,0,0,0,20,39,31,15,15,15,15,14,16,24,16,47,68,0.0003,0.0008,0.0333,0.0315,0.0031,0.0034,4.9291,0.0089,0.0000,0.9152,0.0002,0.4068,0.1302,0.0005,0.0003,0.0000,0.0000,0.0004
2530,31.9721,0.0000,11.4113,4.5193,,true,0,0.008333,0.0000,0.0000,1.00,0.00,0.0000,22,1,335,361,0,0,100,5,17,17,0,0,45079,1415,0,0,880869376,0.000000,0.000000,0.000000,0.00,0,0,0,0,0,20,39,31,15,15,15,15,14,16,24,16,47,68,0.0003,0.0009,0.0375,0.0298,0.0025,0.0029,4.5193,0.0092,0.0000,0.8829,0.0003,0.3831,0.1238,0.0007,0.0003,0.0000,0.0000,0.0003
2531,31.9825,0.0000,10.2771,4.4900,,true,0,0.008333,0.0000,0.0000,1.00,0.00,0.0000,22,1,335,361,0,0,100,5,17,17,0,0,45079,1415,0,0,880869376,0.000000,0.000000,0.000000,0.00,0,0,0,0,0,20,39,31,15,15,15,15,14,16,24,16,47,68,0.0003,0.0008,0.0369,0.0237,0.0019,0.0026,4.4900,0.0095,0.0000,0.9285,0.0003,0.3825,0.1688,0.0007,0.0003,0.0000,0.0000,0.0002
2532,31.9932,0.0000,10.6698,4.6893,,true,0,0.008333,0.0000,0.0000,1.00,0.00,0.0000,22,1,335,361,0,0,100,5,17,17,0,0,45079,1415,0,0,880869376,0.000000,0.000000,0.000000,0.00,0,0,0,0,0,20,39,31,15,15,15,15,14,16,24,16,47,68,0.0002,0.0007,0.0288,0.0289,0.0025,0.0024,4.6893,0.0077,0.0000,0.7844,0.0002,0.2795,0.0957,0.0009,0.0003,0.0000,0.0000,0.0004
2533,32.0040,0.0000,10.2602,5.0294,,true,0,0.008333,0.0000,0.0000,1.00,0.00,0.0000,22,1,335,361,0,0,100,5,17,17,0,0,45079,1415,0,0,880869376,0.000000,0.000000,0.000000,0.00,0,0,0,0,0,20,39,31,15,15,15,15,14,16,24,16,47,68,0.0003,0.0009,0.0466,0.0306,0.0031,0.0041,5.0294,0.0151,0.0000,1.1215,0.0002,0.5237,0.1437,0.0007,0.0005,0.0000,0.0000,0.0002
2534,32.0204,0.0000,11.9651,9.3335,,true,0,0.008333,0.0000,0.0000,1.00,0.00,0.0000,22,1,335,361,0,0,100,5,17,17,0,0,45079,1415,0,0,880869376,0.000000,0.000000,0.000000,0.00,0,0,0,0,0,20,39,31,15,15,15,15,14,16,24,16,47,68,0.0002,0.0012,0.0324,0.0322,0.0028,0.0031,9.3335,0.0120,0.0000,4.8654,0.0004,0.3048,0.1195,0.5458,0.0003,0.0000,0.0000,3.5387
2535,32.0261,0.0000,10.7943,4.4725,,true,0,0.008333,0.0000,0.0000,1.00,0.00,0.0000,22,1,335,361,0,0,100,5,17,17,0,0,45079,1415,0,0,880869376,0.000000,0.000000,0.000000,0.00,0,0,0,0,0,20,39,31,15,15,15,15,14,16,24,16,47,68,0.0004,0.0009,0.0324,0.0338,0.0028,0.0041,4.4725,0.0089,0.0000,0.9051,0.0002,0.3896,0.1604,0.0006,0.0006,0.0000,0.0000,0.0003
2536,32.0369,0.0000,10.4500,4.6877,,true,0,0.008333,0.0000,0.0000,1.00,0.00,0.0000,22,1,335,361,0,0,100,5,17,17,0,0,45079,1415,0,0,880869376,0.000000,0.000000,0.000000,0.00,0,0,0,0,0,20,39,31,15,15,15,15,14,16,24,16,47,68,0.0002,0.0009,0.0297,0.0304,0.0027,0.0025,4.6877,0.0082,0.0000,0.6852,0.0009,0.3167,0.1014,0.0011,0.0002,0.0000,0.0000,0.0002
2537,32.0488,0.0000,11.7171,4.9219,,true,0,0.008333,0.0000,0.0000,1.00,0.00,0.0000,22,1,335,361,0,0,100,5,17,17,0,0,45079,1415,0,0,880869376,0.000000,0.000000,0.000000,0.00,0,0,0,0,0,20,39,31,15,15,15,15,14,16,24,16,47,68,0.0002,0.0009,0.0403,0.0282,0.0025,0.0032,4.9219,0.0116,0.0000,0.9311,0.0003,0.4317,0.1288,0.0008,0.0005,0.0000,0.0000,0.0012
2538,32.0599,0.0000,11.5576,4.5850,,true,0,0.008333,0.0000,0.0000,1.00,0.00,0.0000,22,1,335,361,0,0,100,5,17,17,0,0,45079,1415,0,0,880869376,0.000000,0.000000,0.000000,0.00,0,0,0,0,0,20,39,31,15,15,15,15,14,16,24,16,47,68,0.0002,0.0007,0.0331,0.0286,0.0024,0.0029,4.5850,0.0090,0.0000,0.6508,0.0002,0.2819,0.1029,0.0006,0.0003,0.0000,0.0000,0.0002
2539,32.0696,0.0000,9.8611,4.3975,,true,0,0.008333,0.0000,0.0000,1.00,0.00,0.0000,22,1,335,361,0,0,100,5,17,17,0,0,45079,1415,0,0,880869376,0.000000,0.000000,0.000000,0.00,0,0,0,0,0,20,39,31,15,15,15,15,14,16,24,16,47,68,0.0002,0.0006,0.0223,0.0340,0.0025,0.0030,4.3975,0.0056,0.0000,0.6670,0.0005,0.2838,0.0974,0.0005,0.0001,0.0000,0.0000,0.0001
2540,32.0814,0.0000,11.2342,4.8843,,true,0,0.008333,0.0000,0.0000,1.00,0.00,0.0000,22,1,335,361,0,0,100,5,17,17,0,0,45079,1415,0,0,880869376,0.000000,0.000000,0.000000,0.00,0,0,0,0,0,20,39,31,15,15,15,15,14,16,24,16,47,68,0.0002,0.0009,0.0390,0.0394,0.0024,0.0072,4.8843,0.0096,0.0000,0.9651,0.0003,0.3968,0.1334,0.0006,0.0003,0.0000,0.0000,0.0002
2541,32.0923,0.0000,11.1117,4.8587,,true,0,0.008333,0.0000,0.0000,1.00,0.00,0.0000,22,1,335,361,0,2,102,5,17,17,0,0,45079,1415,0,0,880869376,0.000000,0.000000,0.000000,0.00,0,0,0,0,0,20,39,31,15,15,15,15,14,16,24,16,47,68,0.0002,0.0010,0.0395,0.0333,0.0023,0.0056,4.8587,0.0105,0.0000,0.8854,0.0005,0.3726,0.1292,0.0006,0.0004,0.0000,0.0000,0.0003
2542,32.1025,0.0000,10.0434,4.9292,,true,0,0.008333,0.0000,0.0000,1.00,0.00,0.0000,22,1,335,361,0,11,111,5,17,17,0,0,45079,1415,0,0,880869376,0.000000,0.000000,0.000000,0.00,0,0,0,0,0,20,39,31,15,15,15,15,14,16,24,16,47,68,0.0001,0.0012,0.0321,0.0418,0.0047,0.0048,4.9292,0.0094,0.0000,0.8812,0.0003,0.3941,0.1331,0.0006,0.0003,0.0000,0.0000,0.0003
2543,32.1199,0.0000,9.9108,12.2420,,true,0,0.008333,0.0000,0.0000,1.00,0.00,0.0000,22,1,332,361,8,20,120,5,17,17,0,0,45411,1423,24,40,880869376,0.000000,0.000000,0.000000,0.00,0,0,0,0,0,20,39,31,15,15,15,15,14,16,24,17,43,68,0.0002,0.0010,0.0969,0.0273,0.0027,0.0033,12.2420,0.0315,0.0000,6.4718,0.0006,0.4255,0.1686,0.7790,0.0007,0.0000,0.0000,4.5706
2544,32.1275,0.0000,13.4014,6.5185,,true,0,0.008333,0.0000,0.0000,1.00,0.00,0.0000,22,1,329,361,8,69,169,5,17,17,4,0,45740,1427,20,40,880869376,0.000000,0.000000,0.000000,0.00,0,0,0,0,0,20,39,31,15,15,15,15,14,16,24,18,39,68,0.0003,0.0015,0.0380,0.0351,0.0030,0.0034,6.5185,0.0121,0.0000,1.7819,0.0143,0.4188,0.1242,0.7496,0.0087,0.0000,22.8324,0.0003
2545,32.1549,0.0000,25.5997,8.2395,,true,0,0.008333,0.0000,0.0000,1.00,0.00,0.0000,22,1,332,361,8,94,194,5,17,17,8,0,46072,1435,12,40,882966528,0.000000,0.000000,0.000000,0.00,0,0,0,0,0,20,39,31,15,15,15,14,17,20,24,19,35,68,0.0002,0.0018,0.0551,0.0589,0.0051,0.0039,8.2395,0.0186,0.0000,2.0559,0.0349,0.4581,0.1597,0.8090,0.0147,0.0000,43.1894,0.0005
2546,32.1843,0.0000,26.8459,10.3290,,true,0,0.008333,0.0000,0.0000,1.00,0.00,0.0000,22,1,332,361,4,102,202,5,17,17,8,0,46404,1439,4,20,882966528,0.000000,0.000000,0.000000,0.00,0,0,0,0,0,20,39,31,15,15,15,14,17,20,23,22,41,60,0.0002,0.0023,0.0628,0.0528,0.0078,0.0050,10.3290,0.0281,0.0000,2.2768,0.0253,0.5042,0.1900,0.9424,0.0137,0.0000,44.3143,0.0007
2547,32.2070,0.0000,22.5140,10.2188,,true,0,0.008333,0.0000,0.0000,1.00,0.00,0.0000,22,1,335,361,0,103,203,5,17,17,4,0,46739,1439,0,0,882966528,0.000000,0.000000,0.000000,0.00,0,0,0,0,0,20,39,31,15,15,15,14,17,20,23,21,45,60,0.0003,0.0028,0.1164,0.0515,0.0080,0.0257,10.2188,0.0383,0.0000,2.1614,0.0275,0.4427,0.2551,0.8651,0.0119,0.0000,20.7114,0.0006
2548,32.2338,0.0000,22.3899,15.1047,,true,0,0.008333,0.0000,0.0000,1.00,0.00,0.0000,22,1,320,362,8,99,199,5,17,17,0,0,47059,1447,77,40,882966528,0.000000,0.000000,0.000000,0.00,0,0,0,0,0,20,40,27,15,15,15,14,17,21,19,21,48,48,0.0002,0.0016,0.1225,0.0471,0.0052,0.0052,15.1047,0.0310,0.0000,7.5033,0.0007,0.6003,0.1997,0.8199,0.0011,0.0000,0.0000,4.8785
2549,32.2493,0.0000,22.4888,8.1842,,true,0,0.008333,0.0000,0.0000,1.00,0.00,0.0000,22,1,314,362,8,80,180,5,17,17,8,0,47373,1455,69,40,882966528,0.000000,0.000000,0.000000,0.00,0,0,0,0,0,20,39,31,15,15,15,14,18,18,16,17,48,48,0.0003,0.0017,0.0822,0.0568,0.0070,0.0065,8.1842,0.0485,0.0000,2.1292,0.0221,0.3486,0.4216,0.7337,0.0092,0.0000,38.4737,0.0006
2550,32.2745,0.0000,23.4598,9.6266,,true,0,0.008333,0.0000,0.0000,1.00,0.00,0.0000,22,1,311,362,8,65,165,5,17,17,8,0,47684,1463,61,40,885108736,0.000000,0.000000,0.000000,0.00,0,0,0,0,0,20,39,31,15,15,15,14,18,18,16,18,44,48,0.0004,0.0013,0.1059,0.0589,0.0068,0.0043,9.6266,0.0431,0.0000,2.5215,0.0382,0.4644,0.2486,0.7660,0.0153,0.0000,42.5502,0.0002
2551,32.3113,0.0000,36.2278,10.1776,,true,0,0.008333,0.0000,0.0000,1.00,0.00,0.0000,22,1,305,362,8,52,152,5,17,17,8,0,47989,1471,53,40,885108736,0.000000,0.000000,0.000000,0.00,0,0,0,0,0,20,39,30,18,19,15,14,18,18,16,20,38,40,0.0013,0.0018,0.0987,0.0545,0.0074,0.0567,10.1776,0.0267,0.0000,2.5883,0.0866,0.5228,0.2247,0.8265,0.0307,0.0000,39.9604,0.0005
2552,32.3354,0.0000,23.0422,11.3391,,true,0,0.008333,0.0000,0.0000,1.00,0.00,0.0000,22,1,311,362,8,42,142,5,17,17,8,0,48300,1479,45,40,885108736,0.000000,0.000000,0.000000,0.00,0,0,0,0,0,20,39,30,18,18,18,18,18,18,16,20,38,40,0.0003,0.0022,0.0450,0.0527,0.0044,0.0053,11.3391,0.0180,0.0000,2.2096,0.0283,0.4636,0.1687,0.8384,0.0117,0.0000,35.1541,0.0005
2553,32.3573,0.0000,22.8585,10.3588,,true,0,0.008333,0.0000,0.0000,1.00,0.00,0.0000,22,1,305,362,8,34,134,5,17,17,8,0,48605,1487,37,40,885112832,0.000000,0.000000,0.000000,0.00,0,0,0,0,0,20,39,30,18,18,18,18,18,18,16,20,40,32,0.0007,0.0040,0.1151,0.0651,0.0069,0.0066,10.3588,0.0502,0.0000,2.5201,0.0718,0.4729,0.2620,0.9325,0.0308,0.0000,40.1174,0.0007
2554,32.3796,0.0000,23.3069,9.2342,,true,0,0.008333,0.0000,0.0000,1.00,0.00,0.0000,22,1,311,362,8,28,128,5,17,17,8,0,48916,1495,29,40,885223424,0.000000,0.000000,0.000000,0.00,0,0,0,0,0,20,39,30,18,18,18,18,16,24,24,20,42,24,0.0007,0.0016,0.1422,0.0561,0.0074,0.0046,9.2342,0.0308,0.0000,2.2679,0.0349,0.4468,0.2645,0.8828,0.0097,0.0000,37.8338,0.0006
2555,32.4058,0.0000,21.4974,14.1144,,true,0,0.008333,0.0000,0.0000,1.00,0.00,0.0000,22,1,314,362,8,24,124,5,17,17,8,0,49230,1503,21,40,885223424,0.000000,0.000000,0.000000,0.00,0,0,0,0,0,20,39,30,18,18,18,18,16,24,23,24,42,24,0.0002,0.0029,0.1195,0.0424,0.0062,0.0051,14.1144,0.0523,0.0000,2.3709,0.0463,0.5240,0.2401,0.7918,0.0337,0.0000,39.3662,0.0006
2556,32.4302,0.0000,27.3663,10.6549,,true,0,0.008333,0.0000,0.0000,1.00,0.00,0.0000,22,1,320,362,8,20,120,5,17,17,8,0,49550,1511,13,40,885223424,0.000000,0.000000,0.000000,0.00,0,0,0,0,0,20,39,30,18,18,18,18,16,24,21,32,42,24,0.0006,0.0033,0.0402,0.0767,0.0106,0.0091,10.6549,0.0497,0.0000,1.9802,0.0445,0.5773,0.1693,0.5943,0.0272,0.0000,43.3787,0.0009
2557,32.4536,0.0000,23.5242,10.8791,,true,0,0.008333,0.0000,0.0000,1.00,0.00,0.0000,22,1,326,362,5,18,118,5,17,17,8,0,49876,1516,5,25,885223424,0.000000,0.000000,0.000000,0.00,0,0,0,0,0,20,39,30,18,18,18,18,16,24,21,30,50,24,0.0004,0.0021,0.0966,0.0535,0.0088,0.0049,10.8791,0.0273,0.0000,2.3134,0.0221,0.4755,0.3543,0.8419,0.0084,0.0000,40.8426,0.0008
2558,32.4773,0.0000,24.7708,9.8980,,true,0,0.008333,0.0000,0.0000,1.00,0.00,0.0000,22,1,335,362,0,16,116,5,17,17,5,0,50211,1516,0,0,885223424,0.000000,0.000000,0.000000,0.00,0,0,0,0,0,20,39,30,18,18,18,18,16,24,20,32,58,24,0.0002,0.0021,0.0520,0.0655,0.0063,0.0123,9.8980,0.0250,0.0000,1.6582,0.0273,0.3905,0.1952,0.5823,0.0084,0.0000,24.8532,0.0003
2559,32.4998,0.0000,22.8401,9.5322,,true,0,0.008333,0.0000,0.0000,1.00,0.00,0.0000,22,1,335,362,0,14,114,5,17,17,0,0,50211,1516,0,0,885223424,0.000000,0.000000,0.000000,0.00,0,0,0,0,0,20,39,30,18,18,18,18,16,24,20,32,58,24,0.0007,0.0064,0.0938,0.0412,0.0065,0.0055,9.5322,0.0479,0.0000,1.3936,0.0008,0.4796,0.3924,0.0041,0.0029,0.0000,0.0000,0.0004
2560,32.5195,0.0000,22.5701,6.7923,,true,0,0.008333,0.0000,0.0000,1.00,0.00,0.0000,22,1,335,362,0,13,113,5,17,17,0,0,50211,1516,0,0,885223424,0.000000,0.000000,0.000000,0.00,0,0,0,0,0,20,39,30,18,18,18,18,16,24,20,32,58,24,0.0003,0.0022,0.0475,0.0538,0.0056,0.0062,6.7923,0.0220,0.0000,1.2861,0.0006,0.5873,0.2334,0.0019,0.0013,0.0000,0.0000,0.0006
2561,32.5254,0.0000,6.5669,5.2573,,true,0,0.008333,0.0000,0.0000,1.00,0.00,0.0000,22,1,335,362,0,12,112,5,17,17,0,0,50211,1516,0,0,885223424,0.000000,0.000000,0.000000,0.00,0,0,0,0,0,20,39,30,18,18,18,18,16,24,20,32,58,24,0.0003,0.0007,0.0373,0.0291,0.0020,0.0023,5.2573,0.0085,0.0000,0.9861,0.0004,0.4202,0.1473,0.0009,0.0004,0.0000,0.0000,0.0003
2562,32.5319,0.0000,6.6866,5.6771,,true,0,0.008333,0.0000,0.0000,1.00,0.00,0.0000,22,1,335,362,0,12,112,5,17,17,0,0,50211,1516,0,0,885223424,0.000000,0.000000,0.000000,0.00,0,0,0,0,0,20,39,30,18,18,18,18,16,24,20,32,58,24,0.0001,0.0010,0.0661,0.0467,0.0046,0.0065,5.6771,0.0236,0.0000,0.9456,0.0004,0.3730,0.1651,0.0010,0.0004,0.0000,0.0000,0.0010
2563,32.5435,0.0000,7.2466,10.6723,,true,0,0.008333,0.0000,0.0000,1.00,0.00,0.0000,22,1,323,362,8,12,112,5,17,17,0,0,50534,1524,31,40,885223424,0.000000,0.000000,0.000000,0.00,0,0,0,0,0,20,39,30,18,18,18,18,16,24,22,26,50,24,0.0003,0.0008,0.0423,0.0313,0.0028,0.0031,10.6723,0.0130,0.0000,6.7038,0.0005,0.4370,0.1759,0.8263,0.0003,0.0000,0.0000,4.7029
2564,32.5494,0.0000,11.3911,5.1536,,true,0,0.008333,0.0000,0.0000,1.00,0.00,0.0000,22,1,323,362,8,27,127,5,17,17,3,0,50534,1527,28,40,885223424,0.000000,0.000000,0.000000,0.00,0,0,0,0,0,20,39,30,18,18,18,18,16,24,22,26,50,24,0.0001,0.0006,0.0244,0.0277,0.0026,0.0025,5.1536,0.0050,0.0000,1.2710,0.0071,0.3023,0.1218,0.5045,0.0054,0.0000,16.1810,0.0002
2565,32.5862,0.0000,31.3522,10.2025,,true,0,0.008333,0.0000,0.0000,1.00,0.00,0.0000,22,1,320,362,8,45,145,5,17,17,8,0,50854,1535,20,40,885223424,0.000000,0.000000,0.000000,0.00,0,0,0,0,0,20,39,30,18,18,18,18,16,24,22,27,46,24,0.0003,0.0020,0.0830,0.0523,0.0049,0.0043,10.2025,0.0317,0.0000,2.0880,0.0286,0.4530,0.1546,0.8360,0.0098,0.0000,42.5711,0.0009
2566,32.6116,0.0000,24.6244,10.7436,,true,0,0.008333,0.0000,0.0000,1.00,0.00,0.0000,22,1,314,362,8,61,161,5,17,17,8,0,51168,1543,12,40,885735424,0.000000,0.000000,0.000000,0.00,0,0,0,0,0,20,39,30,18,18,18,18,16,24,22,27,48,16,0.0003,0.0026,0.0568,0.0571,0.0059,0.0214,10.7436,0.0229,0.0000,2.9894,0.0353,0.4842,0.1676,0.8336,0.0127,0.0000,43.4875,0.0006
2567,32.6345,0.0000,23.3074,10.5481,,true,0,0.008333,0.0000,0.0000,1.00,0.00,0.0000,22,1,323,362,4,79,179,5,17,17,8,0,51491,1547,4,20,885735424,0.000000,0.000000,0.000000,0.00,0,0,0,0,0,20,39,30,17,21,22,18,16,24,21,31,48,16,0.0003,0.0017,0.0848,0.0606,0.0079,0.0048,10.5481,0.0719,0.0000,2.1338,0.0739,0.4549,0.2079,0.8292,0.0258,0.0000,42.6468,0.0006
2568,32.6579,0.0000,23.9106,9.9387,,true,0,0.008333,0.0000,0.0000,1.00,0.00,0.0000,22,1,335,362,0,95,195,5,17,17,4,0,51826,1547,0,0,885735424,0.000000,0.000000,0.000000,0.00,0,0,0,0,0,20,39,30,17,21,20,24,24,24,21,31,48,16,0.0002,0.0060,0.0717,0.1040,0.0072,0.0150,9.9387,0.0269,0.0000,1.9620,0.0307,0.5094,0.1852,0.7888,0.0186,0.0000,22.4497,0.0004
2569,32.6847,0.0000,23.8550,12.9334,,true,0,0.008333,0.0000,0.0000,1.00,0.00,0.0000,22,1,324,364,8,111,211,5,17,17,0,0,52150,1555,88,40,885735424,0.000000,0.000000,0.000000,0.00,0,0,0,0,0,12,39,30,17,21,20,24,24,24,22,27,48,16,0.0019,0.0039,0.0700,0.0528,0.0062,0.0189,12.9334,0.0297,0.0000,6.8320,0.0007,0.4969,0.1452,0.7423,0.0013,0.0000,0.0000,4.4703
2570,32.7062,0.0000,24.5522,10.0797,,true,0,0.008333,0.0000,0.0000,1.00,0.00,0.0000,22,1,328,364,8,179,279,0,17,17,8,0,52478,1563,80,40,887832576,0.000000,0.000000,0.000000,0.00,4,0,0,0,0,12,39,30,17,21,20,24,24,24,22,27,48,16,0.0002,0.0020,0.0419,0.0476,0.0057,0.0103,10.0797,0.0233,0.0000,1.9411,0.0223,0.3502,0.2001,0.7536,0.0075,0.0000,41.9829,0.0004
2571,32.7452,0.0000,38.9763,9.9318,,true,0,0.008333,0.0000,0.0000,1.00,0.00,0.0000,22,1,337,364,8,208,308,0,17,17,8,0,52815,1571,72,40,889929728,0.000000,0.000000,0.000000,0.00,4,0,0,0,0,12,36,42,17,21,20,24,24,24,22,27,48,16,0.0002,0.0035,0.0872,0.0576,0.0071,0.0046,9.9318,0.0679,0.0000,2.6438,0.0523,0.5435,0.2450,0.8502,0.0245,0.0000,33.8387,0.0005
2572,32.7692,0.0000,22.8787,10.8811,,true,0,0.008333,0.0000,0.0000,1.00,0.00,0.0000,22,1,307,364,8,218,318,0,17,17,8,0,53122,1579,64,40,889929728,0.000000,0.000000,0.000000,0.00,4,0,0,0,0,12,36,42,17,21,20,24,24,24,25,22,20,16,0.0002,0.0048,0.1449,0.0600,0.0062,0.0053,10.8811,0.0459,0.0000,2.6169,0.0412,0.5291,0.2056,0.9453,0.0175,0.0000,36.2275,0.0006
2573,32.8057,0.0000,36.2575,11.0820,,true,0,0.008333,0.0000,0.0000,1.00,0.00,0.0000,22,1,298,364,8,219,319,0,17,17,8,0,53420,1587,56,40,889929728,0.000000,0.000000,0.000000,0.00,4,0,0,0,0,12,36,42,17,21,20,24,24,24,27,15,16,16,0.0010,0.0035,0.1354,0.0954,0.0084,0.0118,11.0820,0.0444,0.0000,2.6979,0.0761,0.6040,0.2718,0.8457,0.0291,0.0000,42.7631,0.0011
2574,32.8269,0.0000,23.1503,9.3733,,true,0,0.008333,0.0000,0.0000,1.00,0.00,0.0000,22,1,298,364,8,216,316,0,17,17,8,0,53420,1595,48,40,889929728,0.000000,0.000000,0.000000,0.00,4,0,0,0,0,12,36,42,17,21,20,24,24,24,27,15,16,16,0.0002,0.0023,0.0798,0.0425,0.0049,0.0084,9.3733,0.0415,0.0000,2.3831,0.0656,0.4854,0.2374,0.7582,0.0344,0.0000,42.5402,0.0005
2575,32.8646,0.0000,36.8566,10.1180,,true,0,0.008333,0.0000,0.0000,1.00,0.00,0.0000,22,1,295,364,8,208,308,0,17,17,8,0,53715,1603,40,40,889929728,0.000000,0.000000,0.000000,0.00,4,0,0,0,0,12,36,42,17,21,20,24,24,24,27,16,12,16,0.0002,0.0021,0.0955,0.0537,0.0055,0.0044,10.1180,0.0386,0.0000,2.6050,0.0549,0.5728,0.2361,0.8658,0.0211,0.0000,38.2585,0.0008
2576,32.8859,0.0000,22.2506,9.2689,,true,0,0.008333,0.0000,0.0000,1.00,0.00,0.0000,22,1,304,364,8,198,298,0,17,17,8,0,54019,1611,32,40,889929728,0.000000,0.000000,0.000000,0.00,4,0,0,0,0,12,36,42,16,24,23,27,27,28,27,16,14,8,0.0002,0.0029,0.0449,0.0519,0.0061,0.0054,9.2689,0.0280,0.0000,1.7672,0.0274,0.3689,0.2181,0.6752,0.0119,0.0000,37.1260,0.0003
2577,32.9238,0.0000,37.6256,9.5375,,true,0,0.008333,0.0000,0.0000,1.00,0.00,0.0000,22,1,307,364,8,184,284,0,17,17,8,0,54326,1619,24,40,889929728,0.000000,0.000000,0.000000,0.00,4,0,0,0,0,12,36,42,16,24,23,27,27,27,31,16,14,8,0.0006,0.0025,0.0532,0.0722,0.0067,0.0104,9.5375,0.0394,0.0000,2.2943,0.0902,0.4988,0.2244,0.8046,0.0222,0.0000,42.0054,0.0004
2578,32.9462,0.0000,23.3773,8.6233,,true,0,0.008333,0.0000,0.0000,1.00,0.00,0.0000,22,1,313,364,8,171,271,0,17,17,8,0,54639,1627,16,40,889929728,0.000000,0.000000,0.000000,0.00,4,0,0,0,0,12,36,42,15,27,27,27,27,27,31,16,14,8,0.0005,0.0054,0.0869,0.0585,0.0060,0.0058,8.6233,0.0312,0.0000,2.3244,0.0763,0.5090,0.2430,0.8449,0.0100,0.0000,40.1876,0.0004
2579,32.9702,0.0000,21.1742,11.3696,,true,0,0.008333,0.0000,0.0000,1.00,0.00,0.0000,22,1,316,364,8,159,259,0,17,17,8,0,54955,1635,8,40,889929728,0.000000,0.000000,0.000000,0.00,4,0,0,0,0,12,36,42,14,31,27,27,27,27,31,16,14,8,0.0002,0.0023,0.0675,0.0563,0.0071,0.0088,11.3696,0.0481,0.0000,2.4267,0.0465,0.5886,0.2992,0.8640,0.0228,0.0000,41.8389,0.0006
2580,32.9920,0.0000,24.0926,9.0599,,true,0,0.008333,0.0000,0.0000,1.00,0.00,0.0000,22,1,334,364,0,147,247,0,17,17,8,0,55289,1635,0,0,889929728,0.000000,0.000000,0.000000,0.00,4,0,0,0,0,12,36,42,13,34,30,30,30,30,35,16,14,8,0.0005,0.0050,0.0884,0.0537,0.0057,0.0048,9.0599,0.0292,0.0000,2.1848,0.0726,0.4842,0.2774,0.8743,0.0196,0.0000,39.6015,0.0004
2581,33.0221,0.0000,23.5911,15.3761,,true,0,0.008333,0.0000,0.0000,1.00,0.00,0.0000,22,1,318,366,8,137,237,5,17,17,0,0,55607,1643,137,40,889929728,0.000000,0.000000,0.000000,0.00,0,0,0,0,0,12,36,44,9,18,30,30,31,27,31,14,20,16,0.0006,0.0032,0.0808,0.0536,0.0076,0.0062,15.3761,0.0419,0.0000,7.3760,0.0005,0.4981,0.1674,0.7497,0.0013,0.0000,0.0000,4.5500
2582,33.0383,0.0000,22.9786,8.8882,,true,0,0.008333,0.0000,0.0000,1.00,0.00,0.0000,22,1,258,366,8,112,212,5,17,17,8,0,55865,1651,129,40,892035072,0.000000,0.000000,0.000000,0.00,0,0,0,0,0,12,36,44,11,15,15,15,14,15,31,14,20,16,0.0002,0.0023,0.0752,0.0484,0.0061,0.0076,8.8882,0.0387,0.0000,2.5423,0.0248,0.4919,0.1650,0.6857,0.0103,0.0000,42.8496,0.0006
2583,33.0778,0.0000,39.9479,8.3725,,true,0,0.008333,0.0000,0.0000,1.00,0.00,0.0000,22,1,234,366,8,90,190,5,17,17,8,0,56099,1659,121,40,894132224,0.000000,0.000000,0.000000,0.00,0,0,0,0,0,12,36,44,11,15,15,15,16,12,12,10,20,16,0.0004,0.0023,0.0507,0.0524,0.0056,0.0064,8.3725,0.0258,0.0000,2.4597,0.0290,0.5477,0.1708,0.5936,0.0113,0.0000,40.6468,0.0008
2584,33.1024,0.0000,23.8777,9.1710,,true,0,0.008333,0.0000,0.0000,1.00,0.00,0.0000,22,1,234,366,8,74,174,5,17,17,8,0,56099,1667,113,40,894132224,0.000000,0.000000,0.000000,0.00,0,0,0,0,0,12,36,44,11,15,15,15,16,12,12,10,20,16,0.0002,0.0036,0.0509,0.0541,0.0055,0.0166,9.1710,0.0277,0.0000,2.3625,0.0408,0.4972,0.1758,0.5670,0.0131,0.0000,39.5412,0.0003
2585,33.1432,0.0000,38.6002,10.9365,,true,0,0.008333,0.0000,0.0000,1.00,0.00,0.0000,22,1,234,366,8,63,163,5,17,17,8,0,56099,1675,105,40,894132224,0.000000,0.000000,0.000000,0.00,0,0,0,0,0,12,36,44,11,15,15,15,16,12,12,10,20,16,0.0003,0.0028,0.0650,0.0770,0.0100,0.0071,10.9365,0.0332,0.0000,2.8747,0.0903,0.5125,0.2590,0.7050,0.0337,0.0000,42.8893,0.0008
2586,33.1661,0.0000,22.6325,11.2517,,true,0,0.008333,0.0000,0.0000,1.00,0.00,0.0000,22,1,234,366,8,55,155,5,17,17,8,0,56099,1683,97,40,894181376,0.000000,0.000000,0.000000,0.00,0,0,0,0,0,12,36,44,11,15,15,15,16,12,12,10,20,16,0.0005,0.0056,0.0837,0.1240,0.0076,0.0065,11.2517,0.0485,0.0000,2.7717,0.0888,0.5457,0.2645,0.6370,0.0287,0.0000,39.1386,0.0004
2587,33.2029,0.0000,38.2608,9.9580,,true,0,0.008333,0.0000,0.0000,1.00,0.00,0.0000,22,1,234,366,8,52,152,5,17,17,8,0,56099,1691,89,40,894181376,0.000000,0.000000,0.000000,0.00,0,0,0,0,0,12,36,44,11,15,15,15,16,12,12,10,20,16,0.0005,0.0022,0.0567,0.0560,0.0067,0.0066,9.9580,0.0201,0.0000,2.5182,0.0420,0.6628,0.2097,0.5653,0.0172,0.0000,43.7581,0.0013
2588,33.2281,0.0000,25.8487,9.3340,,true,0,0.008333,0.0000,0.0000,1.00,0.00,0.0000,22,1,246,366,8,50,150,5,17,17,8,0,56345,1699,81,40,894181376,0.000000,0.000000,0.000000,0.00,0,0,0,0,0,12,36,44,11,15,15,14,18,19,16,10,20,16,0.0003,0.0018,0.0469,0.0623,0.0061,0.0052,9.3340,0.0176,0.0000,2.9056,0.0391,0.6456,0.1125,0.5752,0.0141,0.0000,43.3187,0.0009
2589,33.2659,0.0000,37.6589,9.7034,,true,0,0.008333,0.0000,0.0000,1.00,0.00,0.0000,22,1,249,366,8,51,151,5,17,17,8,0,56594,1707,73,40,894181376,0.000000,0.000000,0.000000,0.00,0,0,0,0,0,12,36,44,11,15,15,14,18,18,20,10,20,16,0.0002,0.0016,0.0672,0.0482,0.0074,0.0047,9.7034,0.0182,0.0000,2.5242,0.0561,0.6626,0.1758,0.6315,0.0337,0.0000,44.4501,0.0008
2590,33.2893,0.0000,22.9567,10.0836,,true,0,0.008333,0.0000,0.0000,1.00,0.00,0.0000,22,1,249,366,8,53,153,5,17,17,8,0,56594,1715,65,40,894181376,0.000000,0.000000,0.000000,0.00,0,0,0,0,0,12,36,44,11,15,15,14,18,18,20,10,20,16,0.0005,0.0017,0.0731,0.0674,0.0091,0.0066,10.0836,0.0272,0.0000,2.5599,0.0813,0.6163,0.1687,0.6235,0.0299,0.0000,43.5597,0.0013
2591,33.3270,0.0000,36.7075,10.8800,,true,0,0.008333,0.0000,0.0000,1.00,0.00,0.0000,22,1,249,366,8,54,154,5,17,17,8,0,56594,1723,57,40,894181376,0.000000,0.000000,0.000000,0.00,0,0,0,0,0,12,36,44,11,15,15,14,18,18,20,10,20,16,0.0003,0.0027,0.0758,0.0582,0.0069,0.0068,10.8800,0.0609,0.0000,1.9347,0.0318,0.4297,0.1458,0.4848,0.0174,0.0000,38.7478,0.0005
2592,33.3498,0.0000,24.4692,9.2928,,true,0,0.008333,0.0000,0.0000,1.00,0.00,0.0000,22,1,249,366,8,54,154,5,17,17,8,0,56594,1731,49,40,894181376,0.000000,0.000000,0.000000,0.00,0,0,0,0,0,12,36,44,11,15,15,14,18,18,20,10,20,16,0.0002,0.0024,0.0495,0.1117,0.0096,0.0153,9.2928,0.0380,0.0000,2.0601,0.0374,0.5572,0.1485,0.5821,0.0123,0.0000,43.1121,0.0007
2593,33.3884,0.0000,37.9392,10.0717,,true,0,0.008333,0.0000,0.0000,1.00,0.00,0.0000,22,1,273,366,8,53,153,5,17,17,8,0,56867,1739,41,40,894181376,0.000000,0.000000,0.000000,0.00,0,0,0,0,0,12,36,43,13,21,21,21,22,18,20,10,20,16,0.0018,0.0020,0.0503,0.0597,0.0143,0.0060,10.0717,0.0256,0.0000,2.2058,0.0630,0.5747,0.1781,0.6616,0.0379,0.0000,44.7944,0.0009
2594,33.4130,0.0000,22.8719,11.7631,,true,0,0.008333,0.0000,0.0000,1.00,0.00,0.0000,22,1,291,366,8,52,152,5,17,17,8,0,57158,1747,33,40,894181376,0.000000,0.000000,0.000000,0.00,0,0,0,0,0,12,36,43,13,21,20,23,29,22,20,8,28,16,0.0002,0.0049,0.0700,0.0827,0.0093,0.0056,11.7631,0.0375,0.0000,2.1975,0.0307,0.5773,0.1967,0.6819,0.0137,0.0000,39.2741,0.0007
2595,33.4488,0.0000,37.5108,9.9091,,true,0,0.008333,0.0000,0.0000,1.00,0.00,0.0000,22,1,294,366,8,51,151,5,17,17,8,0,57452,1755,25,40,894181376,0.000000,0.000000,0.000000,0.00,0,0,0,0,0,12,36,43,13,21,20,23,29,22,20,7,32,16,0.0003,0.0020,0.0629,0.0760,0.0086,0.0056,9.9091,0.0382,0.0000,2.2384,0.0419,0.6028,0.2172,0.7271,0.0166,0.0000,42.6143,0.0011
2596,33.4746,0.0000,26.1528,9.7589,,true,0,0.008333,0.0000,0.0000,1.00,0.00,0.0000,22,1,321,366,8,49,149,5,17,17,8,0,57773,1763,17,40,894181376,0.000000,0.000000,0.000000,0.00,0,0,0,0,0,12,36,42,14,30,30,31,29,22,20,7,32,16,0.0002,0.0025,0.0751,0.0540,0.0066,0.0063,9.7589,0.0285,0.0000,1.6635,0.0236,0.4578,0.1636,0.5512,0.0128,0.0000,44.9243,0.0008
2597,33.5133,0.0000,38.9823,9.4471,,true,0,0.008333,0.0000,0.0000,1.00,0.00,0.0000,22,1,321,366,8,48,148,5,17,17,8,0,57773,1771,9,40,894181376,0.000000,0.000000,0.000000,0.00,0,0,0,0,0,12,36,42,14,30,30,31,29,22,20,7,32,16,0.0003,0.0106,0.0541,0.0476,0.0064,0.0117,9.4471,0.0218,0.0000,2.0802,0.0320,0.5221,0.1987,0.7700,0.0208,0.0000,40.0321,0.0005
2598,33.5381,0.0000,24.5413,9.7111,,true,0,0.008333,0.0000,0.0000,1.00,0.00,0.0000,22,1,333,366,1,46,146,5,17,17,8,0,58106,1772,1,5,894181376,0.000000,0.000000,0.000000,0.00,0,0,0,0,0,12,36,42,14,30,30,31,29,22,20,7,28,32,0.0005,0.0027,0.0712,0.0975,0.0065,0.0066,9.7111,0.0296,0.0000,2.2683,0.0375,0.7619,0.2026,0.6282,0.0235,0.0000,40.8430,0.0011
2599,33.5800,0.0000,37.9106,13.6072,,true,0,0.008333,0.0000,0.0000,1.00,0.00,0.0000,22,1,312,364,8,43,143,5,17,16,1,0,58418,1780,68,40,894181376,0.000000,0.000000,0.000000,0.00,0,0,0,0,0,12,36,42,14,30,30,31,29,22,20,10,20,16,0.0005,0.0021,0.0768,0.0385,0.0082,0.0060,13.6072,0.0416,0.0000,5.5989,0.0101,0.5091,0.2048,0.6620,0.0104,0.0000,6.0872,3.4226
2600,33.6006,0.0000,23.7177,10.6638,,true,0,0.008333,0.0000,0.0000,1.00,0.00,0.0000,22,1,304,364,8,54,154,0,17,16,8,0,58722,1788,60,40,896278528,0.000000,0.000000,0.000000,0.00,4,0,0,0,0,12,36,42,14,31,27,27,29,22,20,12,12,16,0.0002,0.0033,0.1061,0.0427,0.0053,0.0049,10.6638,0.1110,0.0000,2.7677,0.0464,0.5321,0.2712,1.0364,0.0214,0.0000,41.5145,0.0003
2601,33.6415,0.0000,41.0702,10.6120,,true,0,0.008333,0.0000,0.0000,1.00,0.00,0.0000,22,1,304,364,8,61,161,0,17,16,8,0,58722,1796,52,40,896278528,0.000000,0.000000,0.000000,0.00,4,0,0,0,0,12,36,42,14,31,27,27,29,22,20,12,12,16,0.0002,0.0023,0.0396,0.0544,0.0071,0.0046,10.6120,0.0152,0.0000,2.5488,0.0546,0.6827,0.1319,0.7705,0.0265,0.0000,46.0047,0.0007
2602,33.6704,0.0000,27.9080,11.3267,,true,0,0.008333,0.0000,0.0000,1.00,0.00,0.0000,22,1,307,364,8,64,164,0,17,16,8,0,59029,1804,44,40,896278528,0.000000,0.000000,0.000000,0.00,4,0,0,0,0,12,36,42,14,31,27,27,29,22,19,16,12,16,0.0006,0.0036,0.0718,0.0499,0.0063,0.0140,11.3267,0.0183,0.0000,2.6794,0.0769,0.5770,0.2088,0.8595,0.0421,0.0000,46.6911,0.0003
2603,33.7108,0.0000,41.5304,10.1189,,true,0,0.008333,0.0000,0.0000,1.00,0.00,0.0000,22,1,307,364,8,63,163,0,17,16,8,0,59336,1812,36,40,896278528,0.000000,0.000000,0.000000,0.00,4,0,0,0,0,12,36,42,14,31,27,27,28,25,23,16,14,8,0.0002,0.0023,0.0676,0.0540,0.0063,0.0061,10.1189,0.0458,0.0000,2.4223,0.0706,0.5357,0.2710,0.7909,0.0389,0.0000,42.4597,0.0006
2604,33.7354,0.0000,25.0686,9.6468,,true,0,0.008333,0.0000,0.0000,1.00,0.00,0.0000,22,1,301,364,8,62,162,0,16,16,8,0,59637,1820,28,40,896278528,0.000000,0.000000,0.000000,0.00,4,0,0,0,0,12,36,42,14,31,27,27,28,25,23,16,16,0,0.0004,0.0019,0.0644,0.0730,0.0130,0.0057,9.6468,0.0248,0.0000,2.2527,0.0376,0.5861,0.2862,0.6597,0.0152,0.0000,38.8293,0.0007
2605,33.7701,0.0000,36.2113,8.0222,,true,0,0.008333,0.0000,0.0000,1.00,0.00,0.0000,22,1,304,364,8,59,159,0,16,16,8,0,59941,1828,20,40,896278528,0.000000,0.000000,0.000000,0.00,4,0,0,0,0,12,36,42,14,31,27,27,27,29,23,16,16,0,0.0002,0.0017,0.0594,0.0519,0.0069,0.0050,8.0222,0.0257,0.0000,2.2441,0.0664,0.4805,0.2686,0.7800,0.0389,0.0000,35.9297,0.0015
2606,33.7974,0.0000,25.8421,9.5293,,true,0,0.008333,0.0000,0.0000,1.00,0.00,0.0000,22,1,310,364,8,55,155,0,16,16,8,0,60251,1836,12,40,896278528,0.000000,0.000000,0.000000,0.00,4,0,0,0,0,12,36,42,14,31,27,27,27,27,31,16,16,0,0.0005,0.0014,0.0750,0.0519,0.0065,0.0062,9.5293,0.0310,0.0000,2.4102,0.0853,0.5496,0.2985,0.8200,0.0181,0.0000,43.4839,0.0006
2607,33.8364,0.0000,36.6489,11.6623,,true,0,0.008333,0.0000,0.0000,1.00,0.00,0.0000,22,1,325,364,4,51,151,0,16,16,8,0,60576,1840,4,20,896335872,0.000000,0.000000,0.000000,0.00,4,0,0,0,0,12,36,42,13,34,30,30,31,27,30,20,16,0,0.0007,0.0041,0.0671,0.0678,0.0119,0.0101,11.6623,0.0312,0.0000,1.5986,0.0382,0.3913,0.1670,0.5967,0.0117,0.0000,42.1829,0.0005
2608,33.8625,0.0000,28.5130,9.4878,,true,0,0.008333,0.0000,0.0000,1.00,0.00,0.0000,22,1,334,364,0,48,148,0,16,16,4,0,60910,1840,0,0,896335872,0.000000,0.000000,0.000000,0.00,4,0,0,0,0,12,36,42,13,34,30,30,30,30,33,24,16,0,0.0008,0.0023,0.1081,0.0844,0.0081,0.0102,9.4878,0.0392,0.0000,2.0572,0.0570,0.5117,0.3267,0.6785,0.0192,0.0000,24.3169,0.0007
2609,33.9029,0.0000,35.5373,14.3627,,true,0,0.008333,0.0000,0.0000,1.00,0.00,0.0000,22,1,310,364,8,44,144,0,16,16,0,0,61220,1848,52,40,896339968,0.000000,0.000000,0.000000,0.00,4,0,0,0,0,12,36,42,14,30,30,31,28,24,27,16,16,0,0.0004,0.0017,0.0533,0.0838,0.0076,0.0054,14.3627,0.0223,0.0000,6.7583,0.0006,0.5746,0.1609,0.7335,0.0008,0.0000,0.0000,4.5685
2610,33.9256,0.0000,26.1126,11.2513,,true,0,0.008333,0.0000,0.0000,1.00,0.00,0.0000,22,1,301,364,8,33,133,0,16,16,8,0,61521,1856,44,40,896339968,0.000000,0.000000,0.000000,0.00,4,0,0,0,0,12,36,42,15,27,27,28,24,24,26,20,16,0,0.0002,0.0016,0.0501,0.0662,0.0080,0.0071,11.2513,0.0235,0.0000,2.3702,0.0525,0.5801,0.1759,0.8319,0.0194,0.0000,40.8760,0.0010
2611,33.9631,0.0000,39.4157,9.1831,,true,0,0.008333,0.0000,0.0000,1.00,0.00,0.0000,22,1,304,364,8,25,125,0,16,16,8,0,61825,1864,36,40,898437120,0.000000,0.000000,0.000000,0.00,4,0,0,0,0,12,36,42,15,27,27,28,24,24,25,24,16,0,0.0002,0.0014,0.0344,0.0549,0.0050,0.0053,9.1831,0.0206,0.0000,1.5133,0.0272,0.3887,0.1278,0.4974,0.0132,0.0000,39.9061,0.0005
2612,33.9910,0.0000,26.9546,10.0466,,true,0,0.008333,0.0000,0.0000,1.00,0.00,0.0000,22,1,304,364,8,19,119,0,16,16,8,0,61825,1872,28,40,898437120,0.000000,0.000000,0.000000,0.00,4,0,0,0,0,12,36,42,15,27,27,28,24,24,25,24,16,0,0.0026,0.0020,0.0584,0.0568,0.0060,0.0146,10.0466,0.0094,0.0000,2.4826,0.0740,0.5488,0.2894,0.7793,0.0256,0.0000,39.3191,0.0007
2613,34.0309,0.0000,39.7595,10.1580,,true,0,0.008333,0.0000,0.0000,1.00,0.00,0.0000,22,1,304,364,8,14,114,0,16,16,8,0,61825,1880,20,40,898437120,0.000000,0.000000,0.000000,0.00,4,0,0,0,0,12,36,42,15,27,27,28,24,24,25,24,16,0,0.0004,0.0025,0.0945,0.0583,0.0067,0.0064,10.1580,0.0396,0.0000,2.6073,0.0552,0.5647,0.3484,1.0118,0.0243,0.0000,40.8228,0.0004
2614,34.0553,0.0000,24.2135,10.4071,,true,0,0.008333,0.0000,0.0000,1.00,0.00,0.0000,22,1,307,364,8,10,110,0,16,16,8,0,62132,1888,12,40,898437120,0.000000,0.000000,0.000000,0.00,4,0,0,0,0,12,36,42,14,31,27,28,24,24,25,24,16,0,0.0002,0.0020,0.1248,0.0565,0.0067,0.0049,10.4071,0.0528,0.0000,2.4243,0.0524,0.5478,0.2985,0.8288,0.0171,0.0000,37.0698,0.0006
2615,34.0904,0.0000,35.0814,10.2865,,true,0,0.008333,0.0000,0.0000,1.00,0.00,0.0000,22,1,325,364,4,8,108,0,16,16,8,0,62457,1892,4,20,898437120,0.000000,0.000000,0.000000,0.00,4,0,0,0,0,12,36,42,14,30,30,30,30,32,25,24,16,0,0.0004,0.0017,0.0996,0.0861,0.0070,0.0057,10.2865,0.0417,0.0000,2.3714,0.0721,0.5676,0.2849,0.8382,0.0363,0.0000,38.6299,0.0007
2616,34.1169,0.0000,26.7639,10.0865,,true,0,0.008333,0.0000,0.0000,1.00,0.00,0.0000,22,1,334,364,0,6,106,0,16,16,4,0,62791,1892,0,0,898437120,0.000000,0.000000,0.000000,0.00,4,0,0,0,0,12,36,42,14,30,30,30,30,30,32,28,16,0,0.0010,0.0033,0.0743,0.0570,0.0082,0.0064,10.0865,0.0343,0.0000,1.8014,0.0322,0.4298,0.3188,0.6709,0.0108,0.0000,17.4131,0.0005
2617,34.1547,0.0000,37.9388,9.9659,,true,0,0.008333,0.0000,0.0000,1.00,0.00,0.0000,22,1,334,364,0,4,104,0,16,16,0,0,62791,1892,0,0,898437120,0.000000,0.000000,0.000000,0.00,4,0,0,0,0,12,36,42,14,30,30,30,30,30,32,28,16,0,0.0003,0.0062,0.0470,0.0551,0.0101,0.0058,9.9659,0.0221,0.0000,0.8611,0.0006,0.4049,0.1513,0.0013,0.0010,0.0000,0.0000,0.0002
2618,34.1776,0.0000,27.0762,6.1823,,true,0,0.008333,0.0000,0.0000,1.00,0.00,0.0000,22,1,334,364,0,3,103,0,16,16,0,0,62791,1892,0,0,898437120,0.000000,0.000000,0.000000,0.00,4,0,0,0,0,12,36,42,14,30,30,30,30,30,32,28,16,0,0.0003,0.0019,0.0544,0.0533,0.0064,0.0040,6.1823,0.0197,0.0000,1.1763,0.0005,0.6000,0.1615,0.0014,0.0005,0.0000,0.0000,0.0003
2619,34.1841,0.0000,6.0818,5.4434,,true,0,0.008333,0.0000,0.0000,1.00,0.00,0.0000,22,1,334,364,0,2,102,0,16,16,0,0,62791,1892,0,0,898437120,0.000000,0.000000,0.000000,0.00,4,0,0,0,0,12,36,42,14,30,30,30,30,30,32,28,16,0,0.0002,0.0020,0.0429,0.0340,0.0031,0.0049,5.4434,0.0129,0.0000,1.1186,0.0003,0.6020,0.1452,0.0010,0.0003,0.0000,0.0000,0.0004
2620,34.1905,0.0000,6.2830,5.4884,,true,0,0.008333,0.0000,0.0000,1.00,0.00,0.0000,22,1,334,364,0,2,102,0,16,16,0,0,62791,1892,0,0,898437120,0.000000,0.000000,0.000000,0.00,4,0,0,0,0,12,36,42,14,30,30,30,30,30,32,28,16,0,0.0002,0.0023,0.0462,0.0477,0.0043,0.0068,5.4884,0.0165,0.0000,1.0900,0.0008,0.4489,0.1627,0.0015,0.0009,0.0000,0.0000,0.0005
2621,34.1969,0.0000,7.6469,5.6699,,true,0,0.008333,0.0000,0.0000,1.00,0.00,0.0000,22,1,334,364,0,1,101,0,16,16,0,0,62791,1892,0,0,898437120,0.000000,0.000000,0.000000,0.00,4,0,0,0,0,12,36,42,14,30,30,30,30,30,32,28,16,0,0.0004,0.0011,0.0377,0.0351,0.0041,0.0051,5.6699,0.0106,0.0000,1.0959,0.0002,0.5853,0.1438,0.0018,0.0008,0.0000,0.0000,0.0003
2622,34.2055,0.0000,9.3094,5.0409,,true,0,0.008333,0.0000,0.0000,1.00,0.00,0.0000,22,1,334,364,0,1,101,0,16,16,0,0,62791,1892,0,0,898437120,0.000000,0.000000,0.000000,0.00,4,0,0,0,0,12,36,42,14,30,30,30,30,30,32,28,16,0,0.0002,0.0021,0.0625,0.0501,0.0039,0.0062,5.0409,0.0161,0.0000,0.7439,0.0001,0.3711,0.1109,0.0005,0.0001,0.0000,0.0000,0.0002
2623,34.2158,0.0000,9.4903,6.0002,,true,0,0.008333,0.0000,0.0000,1.00,0.00,0.0000,22,1,334,364,0,1,101,0,16,16,0,0,62791,1892,0,0,898437120,0.000000,0.000000,0.000000,0.00,4,0,0,0,0,12,36,42,14,30,30,30,30,30,32,28,16,0,0.0004,0.0010,0.0552,0.0336,0.0028,0.0032,6.0002,0.0211,0.0000,1.0426,0.0004,0.5438,0.1471,0.0014,0.0006,0.0000,0.0000,0.0003
2624,34.2237,0.0000,8.9510,4.9196,,true,0,0.008333,0.0000,0.0000,1.00,0.00,0.0000,22,1,334,364,0,1,101,0,16,16,0,0,62791,1892,0,0,898437120,0.000000,0.000000,0.000000,0.00,4,0,0,0,0,12,36,42,14,30,30,30,30,30,32,28,16,0,0.0003,0.0018,0.0331,0.0679,0.0056,0.0064,4.9196,0.0128,0.0000,0.7211,0.0003,0.3578,0.1110,0.0012,0.0003,0.0000,0.0000,0.0002
2625,34.2332,0.0000,9.0242,5.0023,,true,0,0.008333,0.0000,0.0000,1.00,0.00,0.0000,22,1,334,364,0,0,100,0,16,16,0,0,62791,1892,0,0,898437120,0.000000,0.000000,0.000000,0.00,4,0,0,0,0,12,36,42,14,30,30,30,30,30,32,28,16,0,0.0002,0.0009,0.0494,0.0355,0.0025,0.0030,5.0023,0.0133,0.0000,1.0576,0.0002,0.5845,0.1290,0.0008,0.0005,0.0000,0.0000,0.0008
2626,34.2450,0.0000,11.3150,5.7380,,true,0,0.008333,0.0000,0.0000,1.00,0.00,0.0000,22,1,334,364,0,0,100,0,16,16,0,0,62791,1892,0,0,898437120,0.000000,0.000000,0.000000,0.00,4,0,0,0,0,12,36,42,14,30,30,30,30,30,32,28,16,0,0.0003,0.0022,0.0347,0.0510,0.0028,0.0050,5.7380,0.0122,0.0000,0.7671,0.0002,0.3699,0.1193,0.0011,0.0003,0.0000,0.0000,0.0005
2627,34.2535,0.0000,9.4383,5.0065,,true,0,0.008333,0.0000,0.0000,1.00,0.00,0.0000,22,1,334,364,0,0,100,0,16,16,0,0,62791,1892,0,0,898437120,0.000000,0.000000,0.000000,0.00,4,0,0,0,0,12,36,42,14,30,30,30,30,30,32,28,16,0,0.0002,0.0011,0.0383,0.0266,0.0024,0.0026,5.0065,0.0097,0.0000,0.9743,0.0004,0.5108,0.1278,0.0007,0.0003,0.0000,0.0000,0.0001
2628,34.2637,0.0000,9.6082,5.4373,,true,0,0.008333,0.0000,0.0000,1.00,0.00,0.0000,22,1,334,364,0,0,100,0,16,16,0,0,62791,1892,0,0,898437120,0.000000,0.000000,0.000000,0.00,4,0,0,0,0,12,36,42,14,30,30,30,30,30,32,28,16,0,0.0003,0.0009,0.0389,0.0434,0.0044,0.0035,5.4373,0.0127,0.0000,1.0482,0.0005,0.5215,0.1448,0.0019,0.0006,0.0000,0.0000,0.0004
2629,34.2716,0.0000,8.7018,4.4116,,true,0,0.008333,0.0000,0.0000,1.00,0.00,0.0000,22,1,334,364,0,0,100,0,16,16,0,0,62791,1892,0,0,898437120,0.000000,0.000000,0.000000,0.00,4,0,0,0,0,12,36,42,14,30,30,30,30,30,32,28,16,0,0.0003,0.0008,0.0291,0.0288,0.0027,0.0030,4.4116,0.0063,0.0000,0.6961,0.0002,0.3605,0.0919,0.0007,0.0003,0.0000,0.0000,0.0003
2630,34.2847,0.0000,11.9115,5.7827,,true,0,0.008333,0.0000,0.0000,1.00,0.00,0.0000,22,1,334,364,0,0,100,0,16,16,0,0,62791,1892,0,0,898437120,0.000000,0.000000,0.000000,0.00,4,0,0,0,0,12,36,42,14,30,30,30,30,30,32,28,16,0,0.0003,0.0010,0.0384,0.0354,0.0032,0.0031,5.7827,0.0176,0.0000,0.9783,0.0003,0.5074,0.1416,0.0012,0.0003,0.0000,0.0000,0.0002
2631,34.2933,0.0000,9.6866,4.7679,,true,0,0.008333,0.0000,0.0000,1.00,0.00,0.0000,22,1,334,364,0,0,100,0,16,16,0,0,62791,1892,0,0,898437120,0.000000,0.000000,0.000000,0.00,4,0,0,0,0,12,36,42,14,30,30,30,30,30,32,28,16,0,0.0002,0.0009,0.0263,0.0361,0.0046,0.0031,4.7679,0.0110,0.0000,0.7337,0.0002,0.3621,0.1191,0.0008,0.0007,0.0000,0.0000,0.0003
2632,34.3025,0.0000,8.8587,5.0099,,true,0,0.008333,0.0000,0.0000,1.00,0.00,0.0000,22,1,334,364,0,0,100,0,16,16,0,0,62791,1892,0,0,898437120,0.000000,0.000000,0.000000,0.00,4,0,0,0,0,12,36,42,14,30,30,30,30,30,32,28,16,0,0.0002,0.0019,0.0347,0.0405,0.0054,0.0053,5.0099,0.0186,0.0000,1.0532,0.0003,0.5641,0.1293,0.0006,0.0005,0.0000,0.0000,0.0003
2633,34.3116,0.0000,9.1040,4.9485,,true,0,0.008333,0.0000,0.0000,1.00,0.00,0.0000,22,1,334,364,0,0,100,0,16,16,0,0,62791,1892,0,0,898437120,0.000000,0.000000,0.000000,0.00,4,0,0,0,0,12,36,42,14,30,30,30,30,30,32,28,16,0,0.0002,0.0007,0.0464,0.0289,0.0022,0.0020,4.9485,0.0131,0.0000,1.0026,0.0004,0.5349,0.1262,0.0008,0.0002,0.0000,0.0000,0.0004
2634,34.3214,0.0000,9.3048,5.4669,,true,0,0.008333,0.0000,0.0000,1.00,0.00,0.0000,22,1,334,364,0,0,100,0,16,16,0,0,62791,1892,0,0,898437120,0.000000,0.000000,0.000000,0.00,4,0,0,0,0,12,36,42,14,30,30,30,30,30,32,28,16,0,0.0001,0.0012,0.0452,0.0306,0.0025,0.0035,5.4669,0.0131,0.0000,1.0053,0.0004,0.5428,0.1288,0.0007,0.0004,0.0000,0.0000,0.0002
2635,34.3315,0.0000,10.4618,5.2632,,true,0,0.008333,0.0000,0.0000,1.00,0.00,0.0000,22,1,334,364,0,0,100,0,16,16,0,0,62791,1892,0,0,898437120,0.000000,0.000000,0.000000,0.00,4,0,0,0,0,12,36,42,14,30,30,30,30,30,32,28,16,0,0.0002,0.0012,0.0387,0.0276,0.0028,0.0037,5.2632,0.0133,0.0000,0.9775,0.0002,0.4895,0.1276,0.0014,0.0004,0.0000,0.0000,0.0002
2636,34.3410,0.0000,9.2701,5.4696,,true,0,0.008333,0.0000,0.0000,1.00,0.00,0.0000,22,1,334,364,0,0,100,0,16,16,0,0,62791,1892,0,0,898437120,0.000000,0.000000,0.000000,0.00,4,0,0,0,0,12,36,42,14,30,30,30,30,30,32,28,16,0,0.0002,0.0012,0.0335,0.0349,0.0022,0.0031,5.4696,0.0088,0.0000,0.7795,0.0003,0.3605,0.1042,0.0011,0.0006,0.0000,0.0000,0.0001
2637,34.3502,0.0000,9.3125,4.7385,,true,0,0.008333,0.0000,0.0000,1.00,0.00,0.0000,22,1,334,364,0,0,100,0,16,16,0,0,62791,1892,0,0,898437120,0.000000,0.000000,0.000000,0.00,4,0,0,0,0,12,36,42,14,30,30,30,30,30,32,28,16,0,0.0001,0.0011,0.0274,0.0284,0.0016,0.0030,4.7385,0.0066,0.0000,0.6908,0.0003,0.3517,0.0913,0.0005,0.0002,0.0000,0.0000,0.0001
2638,34.3622,0.0000,11.7760,5.5083,,true,0,0.008333,0.0000,0.0000,1.00,0.00,0.0000,22,1,334,364,0,0,100,0,16,16,0,0,62791,1892,0,0,898437120,0.000000,0.000000,0.000000,0.00,4,0,0,0,0,12,36,42,14,30,30,30,30,30,32,28,16,0,0.0004,0.0018,0.0488,0.0330,0.0026,0.0048,5.5083,0.0135,0.0000,1.0341,0.0023,0.4999,0.1571,0.0011,0.0025,0.0000,0.0000,0.0002
2639,34.3737,0.0000,10.6954,6.1308,,true,0,0.008333,0.0000,0.0000,1.00,0.00,0.0000,22,1,334,364,0,0,100,0,16,16,0,0,62791,1892,0,0,898437120,0.000000,0.000000,0.000000,0.00,4,0,0,0,0,12,36,42,14,30,30,30,30,30,32,28,16,0,0.0002,0.0004,0.0580,0.0379,0.0030,0.0017,6.1308,0.0145,0.0000,1.0243,0.0003,0.5187,0.1510,0.0049,0.0004,0.0000,0.0000,0.0002
2640,34.3857,0.0000,12.2548,5.8133,,true,0,0.008333,0.0000,0.0000,1.00,0.00,0.0000,22,1,334,364,0,0,100,0,16,16,0,0,62791,1892,0,0,898437120,0.000000,0.000000,0.000000,0.00,4,0,0,0,0,12,36,42,14,30,30,30,30,30,32,28,16,0,0.0002,0.0025,0.0352,0.0329,0.0029,0.0066,5.8133,0.0121,0.0000,1.0188,0.0003,0.4968,0.1414,0.0012,0.0006,0.0000,0.0000,0.0003
2641,34.3957,0.0000,10.2732,5.8828,,true,0,0.008333,0.0000,0.0000,1.00,0.00,0.0000,22,1,334,364,0,0,100,0,16,16,0,0,62791,1892,0,0,898437120,0.000000,0.000000,0.000000,0.00,4,0,0,0,0,12,36,42,14,30,30,30,30,30,32,28,16,0,0.0002,0.0011,0.0426,0.0345,0.0037,0.0050,5.8828,0.0159,0.0000,1.0444,0.0003,0.5158,0.1640,0.0007,0.0003,0.0000,0.0000,0.0003
2642,34.4056,0.0000,9.8131,5.4700,,true,0,0.008333,0.0000,0.0000,1.00,0.00,0.0000,22,1,334,364,0,0,100,0,16,16,0,0,62791,1892,0,0,898437120,0.000000,0.000000,0.000000,0.00,4,0,0,0,0,12,36,42,14,30,30,30,30,30,32,28,16,0,0.0004,0.0013,0.0550,0.0265,0.0024,0.0029,5.4700,0.0196,0.0000,0.9861,0.0002,0.4995,0.1570,0.0006,0.0004,0.0000,0.0000,0.0002
2643,34.4197,0.0000,13.9036,5.9038,,true,0,0.008333,0.0000,0.0000,1.00,0.00,0.0000,22,1,334,364,0,0,100,0,16,16,0,0,62791,1892,0,0,898437120,0.000000,0.000000,0.000000,0.00,4,0,0,0,0,12,36,42,14,30,30,30,30,30,32,28,16,0,0.0004,0.0028,0.0444,0.0343,0.0043,0.0114,5.9038,0.0193,0.0000,1.1617,0.0005,0.6181,0.1397,0.0010,0.0006,0.0000,0.0000,0.0006
2644,34.4285,0.0000,9.2047,5.7935,,true,0,0.008333,0.0000,0.0000,1.00,0.00,0.0000,22,1,334,364,0,0,100,0,16,16,0,0,62791,1892,0,0,898437120,0.000000,0.000000,0.000000,0.00,4,0,0,0,0,12,36,42,14,30,30,30,30,30,32,28,16,0,0.0003,0.0010,0.0330,0.0505,0.0026,0.0030,5.7935,0.0093,0.0000,1.0020,0.0005,0.4431,0.1283,0.0013,0.0005,0.0000,0.0000,0.0003
2645,34.4366,0.0000,9.1202,4.6433,,true,0,0.008333,0.0000,0.0000,1.00,0.00,0.0000,22,1,334,364,0,0,100,0,16,16,0,0,62791,1892,0,0,898437120,0.000000,0.000000,0.000000,0.00,4,0,0,0,0,12,36,42,14,30,30,30,30,30,32,28,16,0,0.0001,0.0008,0.0388,0.0329,0.0033,0.0020,4.6433,0.0154,0.0000,0.6865,0.0005,0.3465,0.1002,0.0004,0.0008,0.0000,0.0000,0.0000
2646,34.4474,0.0000,10.6375,4.8157,,true,0,0.008333,0.0000,0.0000,1.00,0.00,0.0000,22,1,334,364,0,0,100,0,16,16,0,0,62791,1892,0,0,898437120,0.000000,0.000000,0.000000,0.00,4,0,0,0,0,12,36,42,14,30,30,30,30,30,32,28,16,0,0.0003,0.0008,0.0377,0.0238,0.0021,0.0018,4.8157,0.0098,0.0000,0.9681,0.0002,0.4923,0.1306,0.0008,0.0003,0.0000,0.0000,0.0004
2647,34.4592,0.0000,10.0594,6.4082,,true,0,0.008333,0.0000,0.0000,1.00,0.00,0.0000,22,1,334,364,0,0,100,0,16,16,0,0,62791,1892,0,0,898437120,0.000000,0.000000,0.000000,0.00,4,0,0,0,0,12,36,42,14,30,30,30,30,30,32,28,16,0,0.0002,0.0010,0.0445,0.0297,0.0024,0.0031,6.4082,0.0143,0.0000,1.0538,0.0007,0.5469,0.1553,0.0013,0.0008,0.0000,0.0000,0.0005
2648,34.4680,0.0000,10.0332,5.4043,,true,0,0.008333,0.0000,0.0000,1.00,0.00,0.0000,22,1,334,364,0,0,100,0,16,16,0,0,62791,1892,0,0,898437120,0.000000,0.000000,0.000000,0.00,4,0,0,0,0,12,36,42,14,30,30,30,30,30,32,28,16,0,0.0002,0.0011,0.0329,0.0311,0.0024,0.0025,5.4043,0.0119,0.0000,0.7449,0.0003,0.3714,0.1090,0.0005,0.0004,0.0000,0.0000,0.0003
2649,34.4778,0.0000,9.3950,5.6791,,true,0,0.008333,0.0000,0.0000,1.00,0.00,0.0000,22,1,334,364,0,1,101,0,16,16,0,0,62791,1892,0,0,898437120,0.000000,0.000000,0.000000,0.00,4,0,0,0,0,12,36,42,14,30,30,30,30,30,32,28,16,0,0.0002,0.0011,0.0354,0.0349,0.0029,0.0037,5.6791,0.0127,0.0000,0.9282,0.0001,0.4825,0.1028,0.0011,0.0004,0.0000,0.0000,0.0003
2650,34.4891,0.0000,11.3755,5.2162,,true,0,0.008333,0.0000,0.0000,1.00,0.00,0.0000,22,1,334,364,0,1,101,0,16,16,0,0,62791,1892,0,0,898437120,0.000000,0.000000,0.000000,0.00,4,0,0,0,0,12,36,42,14,30,30,30,30,30,32,28,16,0,0.0002,0.0010,0.0483,0.0321,0.0030,0.0029,5.2162,0.0479,0.0000,0.9764,0.0003,0.5034,0.1499,0.0007,0.0004,0.0000,0.0000,0.0004
2651,34.5017,0.0000,11.9170,6.0889,,true,0,0.008333,0.0000,0.0000,1.00,0.00,0.0000,22,1,334,364,0,1,101,0,16,16,0,0,62791,1892,0,0,898437120,0.000000,0.000000,0.000000,0.00,4,0,0,0,0,12,36,42,14,30,30,30,30,30,32,28,16,0,0.0008,0.0049,0.0401,0.0365,0.0031,0.0047,6.0889,0.0114,0.0000,1.0189,0.0007,0.4998,0.1596,0.0013,0.0010,0.0000,0.0000,0.0003
2652,34.5098,0.0000,8.9103,5.4930,,true,0,0.008333,0.0000,0.0000,1.00,0.00,0.0000,22,1,334,364,0,2,102,0,16,16,0,0,62791,1892,0,0,898437120,0.000000,0.000000,0.000000,0.00,4,0,0,0,0,12,36,42,14,30,30,30,30,30,32,28,16,0,0.0002,0.0011,0.0376,0.0285,0.0024,0.0023,5.4930,0.0125,0.0000,0.9598,0.0003,0.4939,0.1449,0.0006,0.0005,0.0000,0.0000,0.0002
2653,34.5188,0.0000,9.1631,4.9339,,true,0,0.008333,0.0000,0.0000,1.00,0.00,0.0000,22,1,334,364,0,2,102,0,16,16,0,0,62791,1892,0,0,898437120,0.000000,0.000000,0.000000,0.00,4,0,0,0,0,12,36,42,14,30,30,30,30,30,32,28,16,0,0.0002,0.0008,0.0341,0.0326,0.0049,0.0022,4.9339,0.0096,0.0000,0.9654,0.0004,0.5065,0.1319,0.0008,0.0005,0.0000,0.0000,0.0003
2654,34.5298,0.0000,11.6800,4.5457,,true,0,0.008333,0.0000,0.0000,1.00,0.00,0.0000,22,1,334,364,0,3,103,0,16,16,0,0,62791,1892,0,0,898437120,0.000000,0.000000,0.000000,0.00,4,0,0,0,0,12,36,42,14,30,30,30,30,30,32,28,16,0,0.0001,0.0007,0.0233,0.0247,0.0021,0.0024,4.5457,0.0072,0.0000,0.7002,0.0002,0.3647,0.0959,0.0005,0.0004,0.0000,0.0000,0.0002
2655,34.5411,0.0000,11.2771,4.8367,,true,0,0.008333,0.0000,0.0000,1.00,0.00,0.0000,22,1,334,364,0,3,103,0,16,16,0,0,62791,1892,0,0,898437120,0.000000,0.000000,0.000000,0.00,4,0,0,0,0,12,36,42,14,30,30,30,30,30,32,28,16,0,0.0002,0.0017,0.0401,0.0436,0.0041,0.0025,4.8367,0.0108,0.0000,1.0162,0.0002,0.5203,0.1554,0.0006,0.0004,0.0000,0.0000,0.0006
2656,34.5576,0.0000,10.1360,11.1193,,true,0,0.008333,0.0000,0.0000,1.00,0.00,0.0000,22,1,333,366,4,4,104,5,16,16,0,0,63124,1896,4,20,898437120,0.000000,0.000000,0.000000,0.00,0,0,0,0,0,12,36,42,14,30,30,30,30,30,31,32,16,0,0.0002,0.0010,0.0535,0.0308,0.0034,0.0033,11.1193,0.0163,0.0000,6.6112,0.0007,0.4895,0.1650,0.9222,0.0009,0.0000,0.0000,4.6251
2657,34.5690,0.0000,10.2338,9.2604,,true,0,0.008333,0.0000,0.0000,1.00,0.00,0.0000,22,1,336,366,0,15,115,5,16,16,4,0,63460,1896,0,0,898437120,0.000000,0.000000,0.000000,0.00,0,0,0,0,0,12,36,42,14,30,30,30,30,30,30,36,16,0,0.0003,0.0016,0.0854,0.0328,0.0041,0.0038,9.2604,0.0276,0.0000,1.9564,0.0180,0.5612,0.1632,0.8456,0.0073,0.0000,21.1762,0.0003
2658,34.5989,0.0000,32.8492,8.6885,,true,0,0.008333,0.0000,0.0000,1.00,0.00,0.0000,22,1,336,366,0,21,121,5,16,16,0,0,63460,1896,0,0,898445312,0.000000,0.000000,0.000000,0.00,0,0,0,0,0,12,36,42,14,30,30,30,30,30,30,36,16,0,0.0003,0.0026,0.0369,0.0504,0.0049,0.0080,8.6885,0.0204,0.0000,0.9106,0.0010,0.4025,0.1627,0.0020,0.0006,0.0000,0.0000,0.0007
2659,34.6341,0.0000,36.9119,7.0885,,true,0,0.008333,0.0000,0.0000,1.00,0.00,0.0000,22,1,336,366,0,26,126,5,16,16,0,0,63460,1896,0,0,898445312,0.000000,0.000000,0.000000,0.00,0,0,0,0,0,12,36,42,14,30,30,30,30,30,30,36,16,0,0.0003,0.0033,0.0303,0.0500,0.0064,0.0078,7.0885,0.0209,0.0000,1.3108,0.0008,0.6286,0.2397,0.0012,0.0007,0.0000,0.0000,0.0004
2660,34.6413,0.0000,6.3208,6.2055,,true,0,0.008333,0.0000,0.0000,1.00,0.00,0.0000,22,1,336,366,0,30,130,5,16,16,0,0,63460,1896,0,0,898445312,0.000000,0.000000,0.000000,0.00,0,0,0,0,0,12,36,42,14,30,30,30,30,30,30,36,16,0,0.0002,0.0012,0.0424,0.0368,0.0028,0.0049,6.2055,0.0106,0.0000,1.1771,0.0003,0.6198,0.1944,0.0025,0.0005,0.0000,0.0000,0.0003
2661,34.6520,0.0000,7.0850,9.7459,,true,0,0.008333,0.0000,0.0000,1.00,0.00,0.0000,22,1,325,360,8,34,134,0,16,16,0,0,63785,1904,8,40,898445312,0.000000,0.000000,0.000000,0.00,4,0,0,0,0,12,39,30,14,30,30,30,31,26,31,32,16,0,0.0003,0.0010,0.0277,0.0418,0.0039,0.0036,9.7459,0.0090,0.0000,5.5340,0.0002,0.4453,0.1274,0.5682,0.0005,0.0000,0.0000,3.9354
2662,34.6591,0.0000,9.2129,6.1255,,true,0,0.008333,0.0000,0.0000,1.00,0.00,0.0000,22,1,329,360,4,45,145,0,16,16,4,0,64114,1904,4,20,898445312,0.000000,0.000000,0.000000,0.00,4,0,0,0,0,16,39,30,14,30,30,30,31,26,31,32,16,0,0.0002,0.0008,0.0445,0.0286,0.0036,0.0035,6.1255,0.0114,0.0000,1.6399,0.0136,0.5323,0.1017,0.7044,0.0059,0.0000,18.9714,0.0001
2663,34.6670,0.0000,10.4513,7.0642,,true,0,0.008333,0.0000,0.0000,1.00,0.00,0.0000,22,1,333,360,0,47,147,0,16,16,4,0,64447,1904,0,0,898445312,0.000000,0.000000,0.000000,0.00,4,0,0,0,0,20,39,30,14,30,30,30,31,26,31,32,16,0,0.0001,0.0011,0.0424,0.0479,0.0040,0.0034,7.0642,0.0128,0.0000,2.0650,0.0099,0.4932,0.1025,0.7291,0.0039,0.0000,17.6647,0.0001
2664,34.7021,0.0000,33.7236,8.2533,,true,0,0.008333,0.0000,0.0000,1.00,0.00,0.0000,22,1,333,360,0,47,147,0,16,16,0,0,64447,1904,0,0,898445312,0.000000,0.000000,0.000000,0.00,4,0,0,0,0,20,39,30,14,30,30,30,31,26,31,32,16,0,0.0005,0.0046,0.0951,0.0623,0.0119,0.0067,8.2533,0.0416,0.0000,1.3856,0.0012,0.6499,0.2882,0.0047,0.0016,0.0000,0.0000,0.0009
2665,34.7373,0.0000,36.8314,6.6928,,true,0,0.008333,0.0000,0.0000,1.00,0.00,0.0000,22,1,333,360,0,43,143,0,16,16,0,0,64447,1904,0,0,898445312,0.000000,0.000000,0.000000,0.00,4,0,0,0,0,20,39,30,14,30,30,30,31,26,31,32,16,0,0.0006,0.0016,0.0529,0.1056,0.0070,0.0052,6.6928,0.0251,0.0000,1.2210,0.0003,0.5904,0.2205,0.0009,0.0033,0.0000,0.0000,0.0004
2666,34.7430,0.0000,6.5423,4.7462,,true,0,0.008333,0.0000,0.0000,1.00,0.00,0.0000,22,1,333,360,0,39,139,0,16,16,0,0,64447,1904,0,0,898445312,0.000000,0.000000,0.000000,0.00,4,0,0,0,0,20,39,30,14,30,30,30,31,26,31,32,16,0,0.0002,0.0007,0.0361,0.0281,0.0031,0.0027,4.7462,0.0100,0.0000,1.0898,0.0008,0.5587,0.1831,0.0009,0.0007,0.0000,0.0000,0.0003
2667,34.7500,0.0000,5.9563,6.1934,,true,0,0.008333,0.0000,0.0000,1.00,0.00,0.0000,22,1,333,360,0,36,136,0,16,16,0,0,64447,1904,0,0,898445312,0.000000,0.000000,0.000000,0.00,4,0,0,0,0,20,39,30,14,30,30,30,31,26,31,32,16,0,0.0004,0.0017,0.0590,0.0474,0.0052,0.0054,6.1934,0.0352,0.0000,1.1589,0.0007,0.5700,0.1894,0.0020,0.0009,0.0000,0.0000,0.0004
2668,34.7565,0.0000,7.6186,5.7798,,true,0,0.008333,0.0000,0.0000,1.00,0.00,0.0000,22,1,333,360,0,33,133,0,16,16,0,0,64447,1904,0,0,898445312,0.000000,0.000000,0.000000,0.00,4,0,0,0,0,20,39,30,14,30,30,30,31,26,31,32,16,0,0.0003,0.0008,0.0414,0.0351,0.0036,0.0045,5.7798,0.0119,0.0000,0.9977,0.0004,0.5199,0.1373,0.0011,0.0009,0.0000,0.0000,0.0003
2669,34.7659,0.0000,10.5571,5.0441,,true,0,0.008333,0.0000,0.0000,1.00,0.00,0.0000,22,1,333,360,0,31,131,0,16,16,0,0,64447,1904,0,0,898445312,0.000000,0.000000,0.000000,0.00,4,0,0,0,0,20,39,30,14,30,30,30,31,26,31,32,16,0,0.0004,0.0011,0.0540,0.0343,0.0032,0.0032,5.0441,0.0090,0.0000,0.7941,0.0005,0.4267,0.1068,0.0011,0.0007,0.0000,0.0000,0.0001
2670,34.7752,0.0000,9.9855,4.4978,,true,0,0.008333,0.0000,0.0000,1.00,0.00,0.0000,22,1,333,360,0,28,128,0,16,16,0,0,64447,1904,0,0,898445312,0.000000,0.000000,0.000000,0.00,4,0,0,0,0,20,39,30,14,30,30,30,31,26,31,32,16,0,0.0002,0.0006,0.0396,0.0499,0.0029,0.0026,4.4978,0.0115,0.0000,0.9427,0.0002,0.4934,0.1398,0.0009,0.0003,0.0000,0.0000,0.0003
2671,34.7865,0.0000,10.6876,5.0381,,true,0,0.008333,0.0000,0.0000,1.00,0.00,0.0000,22,1,333,360,0,26,126,0,16,16,0,0,64447,1904,0,0,898445312,0.000000,0.000000,0.000000,0.00,4,0,0,0,0,20,39,30,14,30,30,30,31,26,31,32,16,0,0.0001,0.0006,0.0365,0.0296,0.0037,0.0031,5.0381,0.0109,0.0000,0.8028,0.0003,0.4306,0.1156,0.0010,0.0003,0.0000,0.0000,0.0002
2672,34.7979,0.0000,11.0415,5.1000,,true,0,0.008333,0.0000,0.0000,1.00,0.00,0.0000,22,1,333,360,0,24,124,0,16,16,0,0,64447,1904,0,0,898445312,0.000000,0.000000,0.000000,0.00,4,0,0,0,0,20,39,30,14,30,30,30,31,26,31,32,16,0,0.0002,0.0006,0.0369,0.0315,0.0032,0.0024,5.1000,0.0083,0.0000,0.7070,0.0015,0.3623,0.0898,0.0007,0.0006,0.0000,0.0000,0.0002
2673,34.8094,0.0000,12.4380,4.5198,,true,0,0.008333,0.0000,0.0000,1.00,0.00,0.0000,22,1,333,360,0,22,122,0,16,16,0,0,64447,1904,0,0,898445312,0.000000,0.000000,0.000000,0.00,4,0,0,0,0,20,39,30,14,30,30,30,31,26,31,32,16,0,0.0004,0.0010,0.0278,0.0292,0.0028,0.0035,4.5198,0.0084,0.0000,0.6725,0.0001,0.3544,0.0863,0.0005,0.0003,0.0000,0.0000,0.0001
2674,34.8192,0.0000,9.6372,4.6143,,true,0,0.008333,0.0000,0.0000,1.00,0.00,0.0000,22,1,333,360,0,21,121,0,16,16,0,0,64447,1904,0,0,898445312,0.000000,0.000000,0.000000,0.00,4,0,0,0,0,20,39,30,14,30,30,30,31,26,31,32,16,0,0.0002,0.0015,0.0378,0.0388,0.0033,0.0043,4.6143,0.0110,0.0000,0.9335,0.0002,0.4900,0.1152,0.0006,0.0003,0.0000,0.0000,0.0002
2675,34.8287,0.0000,9.2186,4.6440,,true,0,0.008333,0.0000,0.0000,1.00,0.00,0.0000,22,1,333,360,0,19,119,0,16,16,0,0,64447,1904,0,0,898445312,0.000000,0.000000,0.000000,0.00,4,0,0,0,0,20,39,30,14,30,30,30,31,26,31,32,16,0,0.0002,0.0008,0.0334,0.0295,0.0025,0.0037,4.6440,0.0082,0.0000,0.9618,0.0002,0.5041,0.1429,0.0006,0.0003,0.0000,0.0000,0.0003
2676,34.8405,0.0000,11.6658,4.9427,,true,0,0.008333,0.0000,0.0000,1.00,0.00,0.0000,22,1,333,360,0,18,118,0,16,16,0,0,64447,1904,0,0,898445312,0.000000,0.000000,0.000000,0.00,4,0,0,0,0,20,39,30,14,30,30,30,31,26,31,32,16,0,0.0003,0.0007,0.0318,0.0312,0.0026,0.0025,4.9427,0.0092,0.0000,0.7710,0.0002,0.3641,0.0950,0.0010,0.0002,0.0000,0.0000,0.0002
2677,34.8510,0.0000,10.7939,4.8584,,true,0,0.008333,0.0000,0.0000,1.00,0.00,0.0000,22,1,333,360,0,17,117,0,16,16,0,0,64447,1904,0,0,898445312,0.000000,0.000000,0.000000,0.00,4,0,0,0,0,20,39,30,14,30,30,30,31,26,31,32,16,0,0.0003,0.0011,0.0454,0.0379,0.0050,0.0047,4.8584,0.0137,0.0000,0.9367,0.0004,0.5072,0.1222,0.0006,0.0005,0.0000,0.0000,0.0002
2678,34.8606,0.0000,9.8665,4.5676,,true,0,0.008333,0.0000,0.0000,1.00,0.00,0.0000,22,1,333,360,0,16,116,0,16,16,0,0,64447,1904,0,0,898445312,0.000000,0.000000,0.000000,0.00,4,0,0,0,0,20,39,30,14,30,30,30,31,26,31,32,16,0,0.0002,0.0007,0.0344,0.0284,0.0024,0.0024,4.5676,0.0117,0.0000,0.9373,0.0002,0.5072,0.1309,0.0006,0.0003,0.0000,0.0000,0.0003
2679,34.8699,0.0000,8.9442,4.6518,,true,0,0.008333,0.0000,0.0000,1.00,0.00,0.0000,22,1,333,360,0,15,115,0,16,16,0,0,64447,1904,0,0,898445312,0.000000,0.000000,0.000000,0.00,4,0,0,0,0,20,39,30,14,30,30,30,31,26,31,32,16,0,0.0005,0.0015,0.0413,0.0296,0.0034,0.0060,4.6518,0.0094,0.0000,0.9562,0.0003,0.5281,0.1149,0.0006,0.0003,0.0000,0.0000,0.0005
2680,34.8835,0.0000,13.5916,4.8150,,true,0,0.008333,0.0000,0.0000,1.00,0.00,0.0000,22,1,333,360,0,14,114,0,16,16,0,0,64447,1904,0,0,898797568,0.000000,0.000000,0.000000,0.00,4,0,0,0,0,20,39,30,14,30,30,30,31,26,31,32,16,0,0.0002,0.0012,0.0328,0.0473,0.0021,0.0059,4.8150,0.0100,0.0000,0.8654,0.0002,0.4957,0.0988,0.0010,0.0003,0.0000,0.0000,0.0003
2681,34.8932,0.0000,10.4300,4.2192,,true,0,0.008333,0.0000,0.0000,1.00,0.00,0.0000,22,1,333,360,0,13,113,0,16,16,0,0,64447,1904,0,0,898797568,0.000000,0.000000,0.000000,0.00,4,0,0,0,0,20,39,30,14,30,30,30,31,26,31,32,16,0,0.0004,0.0016,0.0289,0.0421,0.0160,0.0039,4.2192,0.0087,0.0000,0.7125,0.0002,0.3675,0.0948,0.0009,0.0005,0.0000,0.0000,0.0001
2682,34.9040,0.0000,9.9536,4.8699,,true,0,0.008333,0.0000,0.0000,1.00,0.00,0.0000,22,1,333,360,0,13,113,0,16,16,0,0,64447,1904,0,0,898797568,0.000000,0.000000,0.000000,0.00,4,0,0,0,0,20,39,30,14,30,30,30,31,26,31,32,16,0,0.0002,0.0007,0.0349,0.0286,0.0024,0.0028,4.8699,0.0096,0.0000,0.9203,0.0003,0.5062,0.1180,0.0006,0.0003,0.0000,0.0000,0.0002
2683,34.9157,0.0000,10.8541,5.8833,,true,0,0.008333,0.0000,0.0000,1.00,0.00,0.0000,22,1,333,360,0,12,112,0,16,16,0,0,64447,1904,0,0,898797568,0.000000,0.000000,0.000000,0.00,4,0,0,0,0,20,39,30,14,30,30,30,31,26,31,32,16,0,0.0002,0.0012,0.0448,0.0438,0.0056,0.0030,5.8833,0.0152,0.0000,1.0386,0.0007,0.5375,0.1562,0.0015,0.0012,0.0000,0.0000,0.0003
2684,34.9257,0.0000,11.1171,4.6337,,true,0,0.008333,0.0000,0.0000,1.00,0.00,0.0000,22,1,333,360,0,11,111,0,16,16,0,0,64447,1904,0,0,898797568,0.000000,0.000000,0.000000,0.00,4,0,0,0,0,20,39,30,14,30,30,30,31,26,31,32,16,0,0.0002,0.0010,0.0400,0.0198,0.0013,0.0028,4.6337,0.0113,0.0000,0.9407,0.0003,0.5141,0.1188,0.0008,0.0004,0.0000,0.0000,0.0003
2685,34.9358,0.0000,10.1417,4.6796,,true,0,0.008333,0.0000,0.0000,1.00,0.00,0.0000,22,1,333,360,0,11,111,0,16,16,0,0,64447,1904,0,0,898797568,0.000000,0.000000,0.000000,0.00,4,0,0,0,0,20,39,30,14,30,30,30,31,26,31,32,16,0,0.0003,0.0007,0.0391,0.0199,0.0017,0.0024,4.6796,0.0090,0.0000,0.9509,0.0003,0.5042,0.1162,0.0006,0.0006,0.0000,0.0000,0.0003
2686,34.9451,0.0000,9.0617,4.6772,,true,0,0.008333,0.0000,0.0000,1.00,0.00,0.0000,22,1,333,360,0,11,111,0,16,16,0,0,64447,1904,0,0,898797568,0.000000,0.000000,0.000000,0.00,4,0,0,0,0,20,39,30,14,30,30,30,31,26,31,32,16,0,0.0003,0.0010,0.0338,0.0259,0.0019,0.0045,4.6772,0.0112,0.0000,0.8064,0.0005,0.3966,0.1398,0.0017,0.0003,0.0000,0.0000,0.0002
2687,34.9581,0.0000,12.5583,5.2502,,true,0,0.008333,0.0000,0.0000,1.00,0.00,0.0000,22,1,333,360,0,10,110,0,16,16,0,0,64447,1904,0,0,898797568,0.000000,0.000000,0.000000,0.00,4,0,0,0,0,20,39,30,14,30,30,30,31,26,31,32,16,0,0.0001,0.0023,0.0354,0.0502,0.0028,0.0061,5.2502,0.0120,0.0000,0.9773,0.0003,0.5257,0.1194,0.0007,0.0004,0.0000,0.0000,0.0002
2688,34.9695,0.0000,11.5833,5.0947,,true,0,0.008333,0.0000,0.0000,1.00,0.00,0.0000,22,1,333,360,0,10,110,0,16,16,0,0,64447,1904,0,0,898797568,0.000000,0.000000,0.000000,0.00,4,0,0,0,0,20,39,30,14,30,30,30,31,26,31,32,16,0,0.0001,0.0006,0.0292,0.0246,0.0018,0.0024,5.0947,0.0115,0.0000,0.6937,0.0003,0.3671,0.0955,0.0008,0.0002,0.0000,0.0000,0.0003
2689,34.9782,0.0000,9.4524,4.3953,,true,0,0.008333,0.0000,0.0000,1.00,0.00,0.0000,22,1,333,360,0,9,109,0,16,16,0,0,64447,1904,0,0,898797568,0.000000,0.000000,0.000000,0.00,4,0,0,0,0,20,39,30,14,30,30,30,31,26,31,32,16,0,0.0002,0.0013,0.0236,0.0205,0.0021,0.0038,4.3953,0.0069,0.0000,0.6644,0.0001,0.3494,0.0889,0.0005,0.0001,0.0000,0.0000,0.0002
2690,34.9881,0.0000,9.7985,4.4297,,true,0,0.008333,0.0000,0.0000,1.00,0.00,0.0000,22,1,333,360,0,9,109,0,16,16,0,0,64447,1904,0,0,898797568,0.000000,0.000000,0.000000,0.00,4,0,0,0,0,20,39,30,14,30,30,30,31,26,31,32,16,0,0.0001,0.0006,0.0260,0.0320,0.0023,0.0024,4.4297,0.0066,0.0000,0.7521,0.0001,0.3940,0.0851,0.0007,0.0004,0.0000,0.0000,0.0001
2691,35.0015,0.0000,12.7748,5.0821,,true,0,0.008333,0.0000,0.0000,1.00,0.00,0.0000,22,1,333,360,0,9,109,0,16,16,0,0,64447,1904,0,0,898797568,0.000000,0.000000,0.000000,0.00,4,0,0,0,0,20,39,30,14,30,30,30,31,26,31,32,16,0,0.0002,0.0010,0.1072,0.0266,0.0023,0.0038,5.0821,0.0162,0.0000,0.7151,0.0002,0.3665,0.1008,0.0016,0.0003,0.0000,0.0000,0.0001
2692,35.0126,0.0000,11.0374,5.1757,,true,0,0.008333,0.0000,0.0000,1.00,0.00,0.0000,22,1,333,360,0,8,108,0,16,16,0,0,64447,1904,0,0,898797568,0.000000,0.000000,0.000000,0.00,4,0,0,0,0,20,39,30,14,30,30,30,31,26,31,32,16,0,0.0001,0.0016,0.0413,0.0251,0.0022,0.0031,5.1757,0.0118,0.0000,0.9615,0.0006,0.5013,0.1283,0.0007,0.0005,0.0000,0.0000,0.0004
2693,35.0228,0.0000,9.9442,5.3785,,true,0,0.008333,0.0000,0.0000,1.00,0.00,0.0000,22,1,333,360,0,8,108,0,16,16,0,0,64447,1904,0,0,898797568,0.000000,0.000000,0.000000,0.00,4,0,0,0,0,20,39,30,14,30,30,30,31,26,31,32,16,0,0.0002,0.0009,0.0346,0.0319,0.0034,0.0032,5.3785,0.0119,0.0000,0.9264,0.0003,0.4996,0.1237,0.0006,0.0004,0.0000,0.0000,0.0002
2694,35.0320,0.0000,9.3870,5.1078,,true,0,0.008333,0.0000,0.0000,1.00,0.00,0.0000,22,1,333,360,0,8,108,0,16,16,0,0,64447,1904,0,0,898797568,0.000000,0.000000,0.000000,0.00,4,0,0,0,0,20,39,30,14,30,30,30,31,26,31,32,16,0,0.0003,0.0010,0.0359,0.0291,0.0021,0.0036,5.1078,0.0087,0.0000,0.7775,0.0005,0.4116,0.0941,0.0014,0.0003,0.0000,0.0000,0.0003
2695,35.0438,0.0000,11.6500,5.1335,,true,0,0.008333,0.0000,0.0000,1.00,0.00,0.0000,22,1,333,360,0,8,108,0,16,16,0,0,64447,1904,0,0,898797568,0.000000,0.000000,0.000000,0.00,4,0,0,0,0,20,39,30,14,30,30,30,31,26,31,32,16,0,0.0002,0.0020,0.0373,0.0488,0.0063,0.0157,5.1335,0.0132,0.0000,0.9725,0.0004,0.5094,0.1362,0.0007,0.0003,0.0000,0.0000,0.0002
2696,35.0548,0.0000,11.5946,4.8431,,true,0,0.008333,0.0000,0.0000,1.00,0.00,0.0000,22,1,333,360,0,7,107,0,16,16,0,0,64447,1904,0,0,898797568,0.000000,0.000000,0.000000,0.00,4,0,0,0,0,20,39,30,14,30,30,30,31,26,31,32,16,0,0.0003,0.0006,0.0615,0.0255,0.0021,0.0027,4.8431,0.0112,0.0000,0.9588,0.0005,0.5116,0.1286,0.0010,0.0004,0.0000,0.0000,0.0005
2697,35.0642,0.0000,9.6049,4.6522,,true,0,0.008333,0.0000,0.0000,1.00,0.00,0.0000,22,1,333,360,0,7,107,0,16,16,0,0,64447,1904,0,0,898797568,0.000000,0.000000,0.000000,0.00,4,0,0,0,0,20,39,30,14,30,30,30,31,26,31,32,16,0,0.0002,0.0013,0.0446,0.0462,0.0016,0.0057,4.6522,0.0102,0.0000,0.9598,0.0003,0.5035,0.1164,0.0006,0.0005,0.0000,0.0000,0.0004
2698,35.0742,0.0000,9.2488,5.0284,,true,0,0.008333,0.0000,0.0000,1.00,0.00,0.0000,22,1,333,360,0,7,107,0,16,16,0,0,64447,1904,0,0,898797568,0.000000,0.000000,0.000000,0.00,4,0,0,0,0,20,39,30,14,30,30,30,31,26,31,32,16,0,0.0002,0.0015,0.0367,0.0354,0.0036,0.0050,5.0284,0.0091,0.0000,1.0102,0.0003,0.5351,0.1166,0.0005,0.0003,0.0000,0.0000,0.0006
2699,35.0868,0.0000,13.3890,4.6090,,true,0,0.008333,0.0000,0.0000,1.00,0.00,0.0000,22,1,333,360,0,7,107,0,16,16,0,0,64447,1904,0,0,898797568,0.000000,0.000000,0.000000,0.00,4,0,0,0,0,20,39,30,14,30,30,30,31,26,31,32,16,0,0.0003,0.0014,0.0335,0.0452,0.0025,0.0058,4.6090,0.0100,0.0000,0.9396,0.0003,0.5061,0.1193,0.0006,0.0003,0.0000,0.0000,0.0003
2700,35.0972,0.0000,10.3146,4.6344,,true,0,0.008333,0.0000,0.0000,1.00,0.00,0.0000,22,1,333,360,0,7,107,0,16,16,0,0,64447,1904,0,0,898797568,0.000000,0.000000,0.000000,0.00,4,0,0,0,0,20,39,30,14,30,30,30,31,26,31,32,16,0,0.0002,0.0010,0.0342,0.0269,0.0022,0.0019,4.6344,0.0093,0.0000,0.7156,0.0004,0.3608,0.0938,0.0005,0.0004,0.0000,0.0000,0.0004
2701,35.1072,0.0000,9.8066,4.6149,,true,0,0.008333,0.0000,0.0000,1.00,0.00,0.0000,22,1,333,360,0,6,106,0,16,16,0,0,64447,1904,0,0,898797568,0.000000,0.000000,0.000000,0.00,4,0,0,0,0,20,39,30,14,30,30,30,31,26,31,32,16,0,0.0002,0.0008,0.0239,0.0226,0.0027,0.0037,4.6149,0.0081,0.0000,0.7525,0.0002,0.4249,0.0904,0.0007,0.0001,0.0000,0.0000,0.0004
2702,35.1181,0.0000,10.7127,4.9330,,true,0,0.008333,0.0000,0.0000,1.00,0.00,0.0000,22,1,333,360,0,6,106,0,16,16,0,0,64447,1904,0,0,898797568,0.000000,0.000000,0.000000,0.00,4,0,0,0,0,20,39,30,14,30,30,30,31,26,31,32,16,0,0.0001,0.0007,0.0243,0.0238,0.0023,0.0031,4.9330,0.0083,0.0000,0.7371,0.0003,0.3842,0.0875,0.0006,0.0002,0.0000,0.0000,0.0004
2703,35.1290,0.0000,11.3685,4.5736,,true,0,0.008333,0.0000,0.0000,1.00,0.00,0.0000,22,1,333,360,0,6,106,0,16,16,0,0,64447,1904,0,0,898797568,0.000000,0.000000,0.000000,0.00,4,0,0,0,0,20,39,30,14,30,30,30,31,26,31,32,16,0,0.0003,0.0008,0.0239,0.0276,0.0024,0.0030,4.5736,0.0088,0.0000,0.6866,0.0002,0.3668,0.0951,0.0007,0.0003,0.0000,0.0000,0.0002
2704,35.1391,0.0000,10.2876,4.2058,,true,0,0.008333,0.0000,0.0000,1.00,0.00,0.0000,22,1,333,360,0,6,106,0,16,16,0,0,64447,1904,0,0,898797568,0.000000,0.000000,0.000000,0.00,4,0,0,0,0,20,39,30,14,30,30,30,31,26,31,32,16,0,0.0002,0.0004,0.0281,0.0292,0.0031,0.0018,4.2058,0.0059,0.0000,0.6796,0.0002,0.3882,0.0795,0.0003,0.0002,0.0000,0.0000,0.0001
2705,35.1509,0.0000,11.4645,4.7072,,true,0,0.008333,0.0000,0.0000,1.00,0.00,0.0000,22,1,333,360,0,6,106,0,16,16,0,0,64447,1904,0,0,898797568,0.000000,0.000000,0.000000,0.00,4,0,0,0,0,20,39,30,14,30,30,30,31,26,31,32,16,0,0.0002,0.0014,0.0435,0.0204,0.0017,0.0076,4.7072,0.0102,0.0000,0.9527,0.0002,0.5058,0.1110,0.0006,0.0004,0.0000,0.0000,0.0002
2706,35.1611,0.0000,11.1546,3.7818,,true,0,0.008333,0.0000,0.0000,1.00,0.00,0.0000,22,1,333,360,0,6,106,0,16,16,0,0,64447,1904,0,0,898797568,0.000000,0.000000,0.000000,0.00,4,0,0,0,0,20,39,30,14,30,30,30,31,26,31,32,16,0,0.0003,0.0010,0.0237,0.0301,0.0016,0.0049,3.7818,0.0067,0.0000,0.6924,0.0002,0.3709,0.0896,0.0007,0.0001,0.0000,0.0000,0.0002
2707,35.1719,0.0000,9.9016,4.3930,,true,0,0.008333,0.0000,0.0000,1.00,0.00,0.0000,22,1,333,360,0,6,106,0,16,16,0,0,64447,1904,0,0,898797568,0.000000,0.000000,0.000000,0.00,4,0,0,0,0,20,39,30,14,30,30,30,31,26,31,32,16,0,0.0003,0.0010,0.0278,0.0201,0.0024,0.0030,4.3930,0.0084,0.0000,0.7483,0.0002,0.3643,0.1654,0.0007,0.0003,0.0000,0.0000,0.0002
2708,35.1820,0.0000,9.8871,4.5934,,true,0,0.008333,0.0000,0.0000,1.00,0.00,0.0000,22,1,333,360,0,5,105,0,16,16,0,0,64447,1904,0,0,898797568,0.000000,0.000000,0.000000,0.00,4,0,0,0,0,20,39,30,14,30,30,30,31,26,31,32,16,0,0.0002,0.0010,0.0295,0.0298,0.0028,0.0019,4.5934,0.0072,0.0000,0.8452,0.0002,0.3835,0.0935,0.0008,0.0002,0.0000,0.0000,0.0005
2709,35.1933,0.0000,10.7899,5.3073,,true,0,0.008333,0.0000,0.0000,1.00,0.00,0.0000,22,1,333,360,0,5,105,0,16,16,0,0,64447,1904,0,0,898797568,0.000000,0.000000,0.000000,0.00,4,0,0,0,0,20,39,30,14,30,30,30,31,26,31,32,16,0,0.0004,0.0012,0.0432,0.0243,0.0055,0.0031,5.3073,0.0120,0.0000,1.0017,0.0004,0.5101,0.1756,0.0008,0.0004,0.0000,0.0000,0.0003
2710,35.2046,0.0000,11.1649,5.1472,,true,0,0.008333,0.0000,0.0000,1.00,0.00,0.0000,22,1,333,360,0,5,105,0,16,16,0,0,64447,1904,0,0,898797568,0.000000,0.000000,0.000000,0.00,4,0,0,0,0,20,39,30,14,30,30,30,31,26,31,32,16,0,0.0002,0.0020,0.0276,0.0480,0.0031,0.0089,5.1472,0.0073,0.0000,0.6992,0.0002,0.3558,0.0870,0.0007,0.0003,0.0000,0.0000,0.0003
2711,35.2168,0.0000,12.1618,5.4610,,true,0,0.008333,0.0000,0.0000,1.00,0.00,0.0000,22,1,333,360,0,5,105,0,16,16,0,0,64447,1904,0,0,898797568,0.000000,0.000000,0.000000,0.00,4,0,0,0,0,20,39,30,14,30,30,30,31,26,31,32,16,0,0.0003,0.0018,0.0454,0.0357,0.0048,0.0052,5.4610,0.0119,0.0000,0.9348,0.0003,0.4959,0.1256,0.0006,0.0003,0.0000,0.0000,0.0002
2712,35.2268,0.0000,10.5732,4.9259,,true,0,0.008333,0.0000,0.0000,1.00,0.00,0.0000,22,1,333,360,0,5,105,0,16,16,0,0,64447,1904,0,0,898797568,0.000000,0.000000,0.000000,0.00,4,0,0,0,0,20,39,30,14,30,30,30,31,26,31,32,16,0,0.0002,0.0016,0.0431,0.0449,0.0060,0.0045,4.9259,0.0170,0.0000,0.9446,0.0003,0.4969,0.1351,0.0006,0.0003,0.0000,0.0000,0.0003
2713,35.2382,0.0000,9.9156,6.0961,,true,0,0.008333,0.0000,0.0000,1.00,0.00,0.0000,22,1,333,360,0,5,105,0,16,16,0,0,64447,1904,0,0,898797568,0.000000,0.000000,0.000000,0.00,4,0,0,0,0,20,39,30,14,30,30,30,31,26,31,32,16,0,0.0006,0.0017,0.0441,0.0346,0.0026,0.0034,6.0961,0.0128,0.0000,0.9962,0.0003,0.5540,0.1280,0.0010,0.0006,0.0000,0.0000,0.0002
2714,35.2500,0.0000,12.6946,5.4625,,true,0,0.008333,0.0000,0.0000,1.00,0.00,0.0000,22,1,333,360,0,5,105,0,16,16,0,0,64447,1904,0,0,898797568,0.000000,0.000000,0.000000,0.00,4,0,0,0,0,20,39,30,14,30,30,30,31,26,31,32,16,0,0.0002,0.0010,0.0481,0.0369,0.0032,0.0034,5.4625,0.0123,0.0000,0.9865,0.0002,0.5340,0.1315,0.0002,0.0009,0.0000,0.0000,0.0002
2715,35.2595,0.0000,9.6387,5.4294,,true,0,0.008333,0.0000,0.0000,1.00,0.00,0.0000,22,1,333,360,0,5,105,0,16,16,0,0,64447,1904,0,0,898797568,0.000000,0.000000,0.000000,0.00,4,0,0,0,0,20,39,30,14,30,30,30,31,26,31,32,16,0,0.0003,0.0013,0.0367,0.0286,0.0020,0.0036,5.4294,0.0127,0.0000,0.9461,0.0003,0.5087,0.1322,0.0008,0.0004,0.0000,0.0000,0.0003
2716,35.2684,0.0000,9.7702,4.6214,,true,0,0.008333,0.0000,0.0000,1.00,0.00,0.0000,22,1,333,360,0,5,105,0,16,16,0,0,64447,1904,0,0,898797568,0.000000,0.000000,0.000000,0.00,4,0,0,0,0,20,39,30,14,30,30,30,31,26,31,32,16,0,0.0002,0.0009,0.0310,0.0225,0.0016,0.0024,4.6214,0.0086,0.0000,0.7498,0.0003,0.3990,0.0931,0.0007,0.0003,0.0000,0.0000,0.0006
2717,35.2792,0.0000,10.1007,4.9833,,true,0,0.008333,0.0000,0.0000,1.00,0.00,0.0000,22,1,333,360,0,5,105,0,16,16,0,0,64447,1904,0,0,898797568,0.000000,0.000000,0.000000,0.00,4,0,0,0,0,20,39,30,14,30,30,30,31,26,31,32,16,0,0.0002,0.0010,0.0330,0.0305,0.0026,0.0029,4.9833,0.0090,0.0000,0.9272,0.0002,0.5085,0.1194,0.0006,0.0005,0.0000,0.0000,0.0002
2718,35.2904,0.0000,11.3000,4.8625,,true,0,0.008333,0.0000,0.0000,1.00,0.00,0.0000,22,1,333,360,0,5,105,0,16,16,0,0,64447,1904,0,0,898797568,0.000000,0.000000,0.000000,0.00,4,0,0,0,0,20,39,30,14,30,30,30,31,26,31,32,16,0,0.0003,0.0019,0.0678,0.0898,0.0033,0.0056,4.8625,0.0088,0.0000,0.7338,0.0002,0.3578,0.0880,0.0005,0.0003,0.0000,0.0000,0.0002
2719,35.3035,0.0000,12.6877,5.4739,,true,0,0.008333,0.0000,0.0000,1.00,0.00,0.0000,22,1,333,360,0,4,104,0,16,16,0,0,64447,1904,0,0,898797568,0.000000,0.000000,0.000000,0.00,4,0,0,0,0,20,39,30,14,30,30,30,31,26,31,32,16,0,0.0002,0.0009,0.0383,0.0302,0.0028,0.0026,5.4739,0.0108,0.0000,0.9425,0.0003,0.5023,0.1300,0.0010,0.0003,0.0000,0.0000,0.0004
2720,35.3131,0.0000,9.6448,5.3669,,true,0,0.008333,0.0000,0.0000,1.00,0.00,0.0000,22,1,333,360,0,4,104,0,16,16,0,0,64447,1904,0,0,898797568,0.000000,0.000000,0.000000,0.00,4,0,0,0,0,20,39,30,14,30,30,30,31,26,31,32,16,0,0.0003,0.0011,0.0313,0.0288,0.0025,0.0024,5.3669,0.0076,0.0000,0.9630,0.0002,0.4514,0.1000,0.0005,0.0004,0.0000,0.0000,0.0006
2721,35.3243,0.0000,11.4028,5.2145,,true,0,0.008333,0.0000,0.0000,1.00,0.00,0.0000,22,1,333,360,0,4,104,0,16,16,0,0,64447,1904,0,0,898797568,0.000000,0.000000,0.000000,0.00,4,0,0,0,0,20,39,30,14,30,30,30,31,26,31,32,16,0,0.0002,0.0007,0.0405,0.0376,0.0030,0.0027,5.2145,0.0115,0.0000,0.9824,0.0003,0.5417,0.1209,0.0007,0.0005,0.0000,0.0000,0.0004
2722,35.3335,0.0000,10.4659,4.1162,,true,0,0.008333,0.0000,0.0000,1.00,0.00,0.0000,22,1,333,360,0,4,104,0,16,16,0,0,64447,1904,0,0,898797568,0.000000,0.000000,0.000000,0.00,4,0,0,0,0,20,39,30,14,30,30,30,31,26,31,32,16,0,0.0002,0.0006,0.0280,0.0279,0.0026,0.0032,4.1162,0.0071,0.0000,0.6649,0.0002,0.3621,0.0893,0.0006,0.0002,0.0000,0.0000,0.0002
2723,35.3435,0.0000,9.0642,4.7902,,true,0,0.008333,0.0000,0.0000,1.00,0.00,0.0000,22,1,333,360,0,4,104,0,16,16,0,0,64447,1904,0,0,898797568,0.000000,0.000000,0.000000,0.00,4,0,0,0,0,20,39,30,14,30,30,30,31,26,31,32,16,0,0.0004,0.0011,0.0327,0.0340,0.0029,0.0063,4.7902,0.0087,0.0000,1.0129,0.0003,0.5083,0.1434,0.0015,0.0004,0.0000,0.0000,0.0004
2724,35.3567,0.0000,12.5050,5.8056,,true,0,0.008333,0.0000,0.0000,1.00,0.00,0.0000,22,1,333,360,0,4,104,0,16,16,0,0,64447,1904,0,0,898797568,0.000000,0.000000,0.000000,0.00,4,0,0,0,0,20,39,30,14,30,30,30,31,26,31,32,16,0,0.0002,0.0009,0.0389,0.0244,0.0017,0.0037,5.8056,0.0116,0.0000,1.0060,0.0004,0.5171,0.1446,0.0008,0.0004,0.0000,0.0000,0.0005
2725,35.3675,0.0000,11.2862,5.1475,,true,0,0.008333,0.0000,0.0000,1.00,0.00,0.0000,22,1,333,360,0,4,104,0,16,16,0,0,64447,1904,0,0,898797568,0.000000,0.000000,0.000000,0.00,4,0,0,0,0,20,39,30,14,30,30,30,31,26,31,32,16,0,0.0003,0.0032,0.0417,0.0330,0.0026,0.0039,5.1475,0.0142,0.0000,1.0172,0.0003,0.5391,0.1370,0.0008,0.0003,0.0000,0.0000,0.0002
2726,35.3767,0.0000,10.0598,4.3220,,true,0,0.008333,0.0000,0.0000,1.00,0.00,0.0000,22,1,333,360,0,4,104,0,16,16,0,0,64447,1904,0,0,898797568,0.000000,0.000000,0.000000,0.00,4,0,0,0,0,20,39,30,14,30,30,30,31,26,31,32,16,0,0.0002,0.0012,0.0365,0.0263,0.0020,0.0094,4.3220,0.0095,0.0000,0.9481,0.0003,0.5013,0.1171,0.0007,0.0005,0.0000,0.0000,0.0001
2727,35.3863,0.0000,9.4068,4.3063,,true,0,0.008333,0.0000,0.0000,1.00,0.00,0.0000,22,1,333,360,0,4,104,0,16,16,0,0,64447,1904,0,0,898797568,0.000000,0.000000,0.000000,0.00,4,0,0,0,0,20,39,30,14,30,30,30,31,26,31,32,16,0,0.0002,0.0007,0.0331,0.0257,0.0022,0.0027,4.3063,0.0075,0.0000,0.6718,0.0002,0.3594,0.0865,0.0005,0.0003,0.0000,0.0000,0.0002
2728,35.4070,0.0000,11.1916,13.5608,,true,0,0.008333,0.0000,0.0000,1.00,0.00,0.0000,22,1,329,362,8,4,104,5,16,16,0,0,64776,1912,33,40,898797568,0.000000,0.000000,0.000000,0.00,0,0,0,0,0,20,39,30,14,30,30,30,31,26,31,32,16,0,0.0001,0.0021,0.0451,0.0480,0.0052,0.0055,13.5608,0.0202,0.0000,6.8520,0.0003,0.5423,0.1294,0.7321,0.0005,0.0000,0.0000,4.8870
2729,35.4159,0.0000,14.7091,8.0995,,true,0,0.008333,0.0000,0.0000,1.00,0.00,0.0000,22,1,326,362,8,3,103,5,16,16,4,0,65102,1916,29,40,898797568,0.000000,0.000000,0.000000,0.00,0,0,0,0,0,20,39,30,15,26,30,30,31,26,31,32,16,0,0.0004,0.0013,0.0501,0.0518,0.0032,0.0028,8.0995,0.0169,0.0000,2.5184,0.0164,0.6863,0.1865,1.0192,0.0091,0.0000,25.8286,0.0004
2730,35.4277,0.0000,10.9870,8.9217,,true,0,0.008333,0.0000,0.0000,1.00,0.00,0.0000,22,1,317,362,8,2,102,5,16,16,7,0,65419,1923,22,40,898797568,0.000000,0.000000,0.000000,0.00,0,0,0,0,0,20,39,30,15,27,27,27,27,26,31,32,16,0,0.0003,0.0017,0.0380,0.0743,0.0045,0.0039,8.9217,0.0120,0.0000,1.7988,0.0358,0.4416,0.1353,0.6886,0.0062,0.0000,35.3746,0.0006
2731,35.4610,0.0000,30.9997,10.7454,,true,0,0.008333,0.0000,0.0000,1.00,0.00,0.0000,22,1,323,362,8,2,102,5,16,16,8,0,65742,1931,14,40,898797568,0.000000,0.000000,0.000000,0.00,0,0,0,0,0,20,39,30,15,27,27,27,26,29,35,32,16,0,0.0002,0.0026,0.0533,0.0702,0.0072,0.0084,10.7454,0.0196,0.0000,1.9221,0.0376,0.5372,0.1560,0.7235,0.0128,0.0000,40.0034,0.0007
2732,35.5000,0.0000,39.8173,9.9045,,true,0,0.008333,0.0000,0.0000,1.00,0.00,0.0000,22,1,326,362,6,1,101,5,16,16,8,0,66068,1937,6,30,898797568,0.000000,0.000000,0.000000,0.00,0,0,0,0,0,20,39,30,15,27,27,27,26,29,34,36,16,0,0.0003,0.0017,0.0542,0.0588,0.0200,0.0046,9.9045,0.0270,0.0000,2.0805,0.0352,0.5985,0.1889,0.8019,0.0159,0.0000,44.9639,0.0006
2733,35.5293,0.0000,26.9744,12.1685,,true,0,0.008333,0.0000,0.0000,1.00,0.00,0.0000,22,1,335,362,0,1,101,5,16,16,6,0,66403,1937,0,0,898797568,0.000000,0.000000,0.000000,0.00,0,0,0,0,0,20,39,30,15,27,27,27,25,32,37,40,16,0,0.0007,0.0021,0.1055,0.0583,0.0073,0.0057,12.1685,0.0558,0.0000,2.3304,0.0409,0.5890,0.3621,0.8988,0.0162,0.0000,33.2881,0.0012
2734,35.5635,0.0000,35.8455,10.6310,,true,0,0.008333,0.0000,0.0000,1.00,0.00,0.0000,22,1,335,362,0,1,101,5,16,16,0,0,66403,1937,0,0,898953216,0.000000,0.000000,0.000000,0.00,0,0,0,0,0,20,39,30,15,27,27,27,25,32,37,40,16,0,0.0006,0.0022,0.0545,0.0489,0.0059,0.0057,10.6310,0.0274,0.0000,1.3073,0.0012,0.6080,0.2082,0.0031,0.0008,0.0000,0.0000,0.0009
2735,35.5866,0.0000,27.6026,6.2019,,true,0,0.008333,0.0000,0.0000,1.00,0.00,0.0000,22,1,335,362,0,1,101,5,16,16,0,0,66403,1937,0,0,898953216,0.000000,0.000000,0.000000,0.00,0,0,0,0,0,20,39,30,15,27,27,27,25,32,37,40,16,0,0.0003,0.0013,0.0426,0.0560,0.0158,0.0044,6.2019,0.0227,0.0000,0.8718,0.0005,0.4036,0.1623,0.0017,0.0005,0.0000,0.0000,0.0004
2736,35.5929,0.0000,6.7059,5.3232,,true,0,0.008333,0.0000,0.0000,1.00,0.00,0.0000,22,1,335,362,0,0,100,5,16,16,0,0,66403,1937,0,0,898953216,0.000000,0.000000,0.000000,0.00,0,0,0,0,0,20,39,30,15,27,27,27,25,32,37,40,16,0,0.0004,0.0006,0.0392,0.0324,0.0021,0.0113,5.3232,0.0090,0.0000,0.7587,0.0002,0.4156,0.1042,0.0005,0.0003,0.0000,0.0000,0.0003
2737,35.6005,0.0000,6.4059,6.5689,,true,0,0.008333,0.0000,0.0000,1.00,0.00,0.0000,22,1,335,362,0,0,100,5,16,16,0,0,66403,1937,0,0,898953216,0.000000,0.000000,0.000000,0.00,0,0,0,0,0,20,39,30,15,27,27,27,25,32,37,40,16,0,0.0002,0.0018,0.0344,0.0850,0.0089,0.0086,6.5689,0.0270,0.0000,1.0262,0.0002,0.5362,0.1399,0.0012,0.0004,0.0000,0.0000,0.0004
2738,35.6096,0.0000,10.4809,5.9720,,true,0,0.008333,0.0000,0.0000,1.00,0.00,0.0000,22,1,335,362,0,0,100,5,16,16,0,0,66403,1937,0,0,898953216,0.000000,0.000000,0.000000,0.00,0,0,0,0,0,20,39,30,15,27,27,27,25,32,37,40,16,0,0.0002,0.0009,0.0447,0.0295,0.0027,0.0025,5.9720,0.0125,0.0000,1.0097,0.0004,0.5315,0.1475,0.0008,0.0004,0.0000,0.0000,0.0005
2739,35.6229,0.0000,11.8982,7.3124,,true,0,0.008333,0.0000,0.0000,1.00,0.00,0.0000,22,1,335,362,0,0,100,5,16,16,0,0,66403,1937,0,0,898953216,0.000000,0.000000,0.000000,0.00,0,0,0,0,0,20,39,30,15,27,27,27,25,32,37,40,16,0,0.0002,0.0012,0.0424,0.0341,0.0040,0.0028,7.3124,0.0181,0.0000,1.1401,0.0003,0.5100,0.2093,0.0009,0.0011,0.0000,0.0000,0.0004
2740,35.6324,0.0000,11.1839,5.6967,,true,0,0.008333,0.0000,0.0000,1.00,0.00,0.0000,22,1,335,362,0,0,100,5,16,16,0,0,66403,1937,0,0,898953216,0.000000,0.000000,0.000000,0.00,0,0,0,0,0,20,39,30,15,27,27,27,25,32,37,40,16,0,0.0002,0.0008,0.0321,0.0253,0.0022,0.0024,5.6967,0.0104,0.0000,1.2064,0.0003,0.4894,0.1032,0.0009,0.0005,0.0000,0.0000,0.0008
2741,35.6437,0.0000,11.3415,5.8229,,true,0,0.008333,0.0000,0.0000,1.00,0.00,0.0000,22,1,335,362,0,0,100,5,16,16,0,0,66403,1937,0,0,898953216,0.000000,0.000000,0.000000,0.00,0,0,0,0,0,20,39,30,15,27,27,27,25,32,37,40,16,0,0.0003,0.0010,0.0348,0.0488,0.0066,0.0027,5.8229,0.0130,0.0000,1.0068,0.0004,0.5195,0.1433,0.0010,0.0006,0.0000,0.0000,0.0002
2742,35.6613,0.0000,12.4660,7.5950,,true,0,0.008333,0.0000,0.0000,1.00,0.00,0.0000,22,1,335,362,0,0,100,5,16,16,0,0,66403,1937,0,0,898953216,0.000000,0.000000,0.000000,0.00,0,0,0,0,0,20,39,30,15,27,27,27,25,32,37,40,16,0,0.0004,0.0023,0.0539,0.0632,0.0071,0.0058,7.5950,0.0539,0.0000,1.1046,0.0004,0.5301,0.1887,0.0017,0.0009,0.0000,0.0000,0.0003
2743,35.6809,0.0000,23.8776,5.9101,,true,0,0.008333,0.0000,0.0000,1.00,0.00,0.0000,22,1,335,362,0,0,100,5,16,16,0,0,66403,1937,0,0,898953216,0.000000,0.000000,0.000000,0.00,0,0,0,0,0,20,39,30,15,27,27,27,25,32,37,40,16,0,0.0004,0.0013,0.0399,0.0364,0.0034,0.0039,5.9101,0.0195,0.0000,1.1345,0.0003,0.6806,0.1037,0.0012,0.0004,0.0000,0.0000,0.0004
2744,35.6924,0.0000,6.6179,5.4966,,true,0,0.008333,0.0000,0.0000,1.00,0.00,0.0000,22,1,335,362,0,0,100,5,16,16,0,0,66403,1937,0,0,898953216,0.000000,0.000000,0.000000,0.00,0,0,0,0,0,20,39,30,15,27,27,27,25,32,37,40,16,0,0.0002,0.0010,0.0376,0.0319,0.0030,0.0024,5.4966,0.0105,0.0000,0.9584,0.0004,0.5039,0.1264,0.0006,0.0004,0.0000,0.0000,0.0002
2745,35.7091,0.0000,6.9214,5.4622,,true,0,0.008333,0.0000,0.0000,1.00,0.00,0.0000,22,1,335,362,0,0,100,5,16,16,0,0,66403,1937,0,0,898953216,0.000000,0.000000,0.000000,0.00,0,0,0,0,0,20,39,30,15,27,27,27,25,32,37,40,16,0,0.0003,0.0021,0.0389,0.0663,0.0097,0.0086,5.4622,0.0157,0.0000,0.9821,0.0008,0.4100,0.1469,0.0019,0.0007,0.0000,0.0000,0.0008
2746,35.7260,0.0000,11.6807,5.7289,,true,0,0.008333,0.0000,0.0000,1.00,0.00,0.0000,22,1,335,362,0,0,100,5,16,16,0,0,66403,1937,0,0,898953216,0.000000,0.000000,0.000000,0.00,0,0,0,0,0,20,39,30,15,27,27,27,25,32,37,40,16,0,0.0004,0.0028,0.0406,0.0513,0.0073,0.0101,5.7289,0.0121,0.0000,1.1739,0.0003,0.5749,0.1738,0.0012,0.0010,0.0000,0.0000,0.0017
2747,35.7433,0.0000,16.8554,6.3740,,true,0,0.008333,0.0000,0.0000,1.00,0.00,0.0000,22,1,335,362,0,0,100,5,16,16,0,0,66403,1937,0,0,898953216,0.000000,0.000000,0.000000,0.00,0,0,0,0,0,20,39,30,15,27,27,27,25,32,37,40,16,0,0.0003,0.0034,0.0398,0.0456,0.0053,0.0072,6.3740,0.0142,0.0000,1.0302,0.0005,0.5274,0.1492,0.0009,0.0009,0.0000,0.0000,0.0003
2748,35.7603,0.0000,16.7565,6.6525,,true,0,0.008333,0.0000,0.0000,1.00,0.00,0.0000,22,1,335,362,0,0,100,5,16,16,0,0,66403,1937,0,0,898953216,0.000000,0.000000,0.000000,0.00,0,0,0,0,0,20,39,30,15,27,27,27,25,32,37,40,16,0,0.0006,0.0020,0.0483,0.0886,0.0086,0.0066,6.6525,0.0270,0.0000,1.1711,0.0006,0.5659,0.1903,0.0027,0.0008,0.0000,0.0000,0.0009
2749,35.7755,0.0000,16.7235,5.2486,,true,0,0.008333,0.0000,0.0000,1.00,0.00,0.0000,22,1,335,362,0,0,100,5,16,16,0,0,66403,1937,0,0,898953216,0.000000,0.000000,0.000000,0.00,0,0,0,0,0,20,39,30,15,27,27,27,25,32,37,40,16,0,0.0002,0.0012,0.0504,0.0288,0.0022,0.0032,5.2486,0.0155,0.0000,0.9994,0.0003,0.5027,0.1320,0.0011,0.0006,0.0000,0.0000,0.0004
2750,35.7926,0.0000,16.8484,5.6111,,true,0,0.008333,0.0000,0.0000,1.00,0.00,0.0000,22,1,335,362,0,0,100,5,16,16,0,0,66403,1937,0,0,898953216,0.000000,0.000000,0.000000,0.00,0,0,0,0,0,20,39,30,15,27,27,27,25,32,37,40,16,0,0.0002,0.0019,0.0720,0.0439,0.0053,0.0046,5.6111,0.0152,0.0000,1.2966,0.0004,0.8214,0.1240,0.0019,0.0007,0.0000,0.0000,0.0003
2751,35.8088,0.0000,13.9889,5.1705,,true,0,0.008333,0.0000,0.0000,1.00,0.00,0.0000,22,1,335,362,0,0,100,5,16,16,0,0,66403,1937,0,0,898953216,0.000000,0.000000,0.000000,0.00,0,0,0,0,0,20,39,30,15,27,27,27,25,32,37,40,16,0,0.0003,0.0012,0.0334,0.0283,0.0030,0.0032,5.1705,0.0117,0.0000,1.0595,0.0003,0.5083,0.1131,0.0011,0.0008,0.0000,0.0000,0.0004
2752,35.8255,0.0000,17.7938,5.1991,,true,0,0.008333,0.0000,0.0000,1.00,0.00,0.0000,22,1,335,362,0,0,100,5,16,16,0,0,66403,1937,0,0,898953216,0.000000,0.000000,0.000000,0.00,0,0,0,0,0,20,39,30,15,27,27,27,25,32,37,40,16,0,0.0002,0.0013,0.0427,0.0565,0.0088,0.0053,5.1991,0.0124,0.0000,1.0093,0.0006,0.5224,0.1377,0.0008,0.0006,0.0000,0.0000,0.0001
2753,35.8426,0.0000,15.8120,5.6428,,true,0,0.008333,0.0000,0.0000,1.00,0.00,0.0000,22,1,335,362,0,0,100,5,16,16,0,0,66403,1937,0,0,898953216,0.000000,0.000000,0.000000,0.00,0,0,0,0,0,20,39,30,15,27,27,27,25,32,37,40,16,0,0.0003,0.0015,0.0398,0.0376,0.0038,0.0033,5.6428,0.0150,0.0000,1.0754,0.0005,0.5823,0.1468,0.0013,0.0008,0.0000,0.0000,0.0004
2754,35.8587,0.0000,16.7501,5.0718,,true,0,0.008333,0.0000,0.0000,1.00,0.00,0.0000,22,1,335,362,0,0,100,5,16,16,0,0,66403,1937,0,0,898953216,0.000000,0.000000,0.000000,0.00,0,0,0,0,0,20,39,30,15,27,27,27,25,32,37,40,16,0,0.0003,0.0011,0.0344,0.0463,0.0065,0.0046,5.0718,0.0125,0.0000,0.9029,0.0005,0.4171,0.1122,0.0010,0.0002,0.0000,0.0000,0.0003
2755,35.8752,0.0000,17.3628,4.8777,,true,0,0.008333,0.0000,0.0000,1.00,0.00,0.0000,22,1,335,362,0,0,100,5,16,16,0,0,66403,1937,0,0,898953216,0.000000,0.000000,0.000000,0.00,0,0,0,0,0,20,39,30,15,27,27,27,25,32,37,40,16,0,0.0002,0.0016,0.0301,0.0445,0.0032,0.0060,4.8777,0.0071,0.0000,1.0685,0.0004,0.5217,0.1640,0.0010,0.0017,0.0000,0.0000,0.0003
2756,35.8918,0.0000,15.3293,4.8964,,true,0,0.008333,0.0000,0.0000,1.00,0.00,0.0000,22,1,335,362,0,0,100,5,16,16,0,0,66403,1937,0,0,898953216,0.000000,0.000000,0.000000,0.00,0,0,0,0,0,20,39,30,15,27,27,27,25,32,37,40,16,0,0.0002,0.0009,0.0429,0.0398,0.0041,0.0042,4.8964,0.0151,0.0000,0.8239,0.0003,0.4128,0.1244,0.0011,0.0001,0.0000,0.0000,0.0002
2757,35.9089,0.0000,16.6504,5.2403,,true,0,0.008333,0.0000,0.0000,1.00,0.00,0.0000,22,1,335,362,0,0,100,5,16,16,0,0,66403,1937,0,0,898953216,0.000000,0.000000,0.000000,0.00,0,0,0,0,0,20,39,30,15,27,27,27,25,32,37,40,16,0,0.0003,0.0014,0.0425,0.0280,0.0022,0.0026,5.2403,0.0153,0.0000,1.0401,0.0002,0.5269,0.1411,0.0010,0.0003,0.0000,0.0000,0.0003
2758,35.9255,0.0000,16.3625,5.2083,,true,0,0.008333,0.0000,0.0000,1.00,0.00,0.0000,22,1,335,362,0,0,100,5,16,16,0,0,66403,1937,0,0,898953216,0.000000,0.000000,0.000000,0.00,0,0,0,0,0,20,39,30,15,27,27,27,25,32,37,40,16,0,0.0003,0.0012,0.0373,0.0403,0.0049,0.0028,5.2083,0.0145,0.0000,1.1507,0.0004,0.5649,0.1155,0.0011,0.0003,0.0000,0.0000,0.0002
2759,35.9329,0.0000,17.7167,4.7352,,true,0,0.008333,0.0000,0.0000,1.00,0.00,0.0000,22,1,335,362,0,0,100,5,16,16,0,0,66403,1937,0,0,898953216,0.000000,0.000000,0.000000,0.00,0,0,0,0,0,20,39,30,15,27,27,27,25,32,37,40,16,0,0.0003,0.0009,0.0277,0.0255,0.0020,0.0042,4.7352,0.0071,0.0000,0.7487,0.0002,0.3875,0.1161,0.0006,0.0003,0.0000,0.0000,0.0001
2760,35.9429,0.0000,15.9211,6.0388,,true,0,0.008333,0.0000,0.0000,1.00,0.00,0.0000,22,1,335,362,0,0,100,5,16,16,0,0,66403,1937,0,0,898953216,0.000000,0.000000,0.000000,0.00,0,0,0,0,0,20,39,30,15,27,27,27,25,32,37,40,16,0,0.0001,0.0007,0.0284,0.0231,0.0016,0.0024,6.0388,0.0083,0.0000,0.7921,0.0005,0.3945,0.1429,0.0011,0.0003,0.0000,0.0000,0.0004
2761,35.9586,0.0000,7.3290,5.0080,,true,0,0.008333,0.0000,0.0000,1.00,0.00,0.0000,22,1,335,362,0,0,100,5,16,16,0,0,66403,1937,0,0,898953216,0.000000,0.000000,0.000000,0.00,0,0,0,0,0,20,39,30,15,27,27,27,25,32,37,40,16,0,0.0002,0.0060,0.0369,0.0447,0.0064,0.0048,5.0080,0.0134,0.0000,0.9939,0.0004,0.5088,0.1446,0.0011,0.0003,0.0000,0.0000,0.0005
2762,35.9753,0.0000,10.1959,5.0696,,true,0,0.008333,0.0000,0.0000,1.00,0.00,0.0000,22,1,335,362,0,0,100,5,16,16,0,0,66403,1937,0,0,898953216,0.000000,0.000000,0.000000,0.00,0,0,0,0,0,20,39,30,15,27,27,27,25,32,37,40,16,0,0.0003,0.0010,0.0412,0.0331,0.0035,0.0048,5.0696,0.0162,0.0000,1.0483,0.0002,0.5463,0.1195,0.0006,0.0003,0.0000,0.0000,0.0003
2763,35.9913,0.0000,16.2381,4.4146,,true,0,0.008333,0.0000,0.0000,1.00,0.00,0.0000,22,1,335,362,0,0,100,5,16,16,0,0,66403,1937,0,0,898953216,0.000000,0.000000,0.000000,0.00,0,0,0,0,0,20,39,30,15,27,27,27,25,32,37,40,16,0,0.0002,0.0011,0.0281,0.0248,0.0014,0.0035,4.4146,0.0076,0.0000,0.7757,0.0002,0.4108,0.0891,0.0005,0.0003,0.0000,0.0000,0.0002
2764,36.0086,0.0000,15.6111,5.0213,,true,0,0.008333,0.0000,0.0000,1.00,0.00,0.0000,22,1,335,362,0,0,100,5,16,16,0,0,66403,1937,0,0,898953216,0.000000,0.000000,0.000000,0.00,0,0,0,0,0,20,39,30,15,27,27,27,25,32,37,40,16,0,0.0004,0.0021,0.0272,0.0376,0.0046,0.0044,5.0213,0.0078,0.0000,0.7663,0.0006,0.3972,0.0949,0.0005,0.0004,0.0000,0.0000,0.0005
2765,36.0254,0.0000,16.0009,5.0861,,true,0,0.008333,0.0000,0.0000,1.00,0.00,0.0000,22,1,335,362,0,0,100,5,16,16,0,0,66403,1937,0,0,898953216,0.000000,0.000000,0.000000,0.00,0,0,0,0,0,20,39,30,15,27,27,27,25,32,37,40,16,0,0.0001,0.0015,0.0452,0.0396,0.0057,0.0044,5.0861,0.0087,0.0000,1.0435,0.0002,0.5699,0.1305,0.0007,0.0004,0.0000,0.0000,0.0011
2766,36.0421,0.0000,17.5227,5.2182,,true,0,0.008333,0.0000,0.0000,1.00,0.00,0.0000,22,1,335,362,0,0,100,5,16,16,0,0,66403,1937,0,0,898953216,0.000000,0.000000,0.000000,0.00,0,0,0,0,0,20,39,30,15,27,27,27,25,32,37,40,16,0,0.0003,0.0014,0.0319,0.0275,0.0026,0.0034,5.2182,0.0111,0.0000,1.0258,0.0003,0.5016,0.1131,0.0011,0.0004,0.0000,0.0000,0.0003
2767,36.0585,0.0000,17.4835,4.8550,,true,0,0.008333,0.0000,0.0000,1.00,0.00,0.0000,22,1,335,362,0,0,100,5,16,16,0,0,66403,1937,0,0,898953216,0.000000,0.000000,0.000000,0.00,0,0,0,0,0,20,39,30,15,27,27,27,25,32,37,40,16,0,0.0005,0.0015,0.0488,0.0426,0.0039,0.0037,4.8550,0.0110,0.0000,0.7687,0.0002,0.3958,0.0922,0.0005,0.0004,0.0000,0.0000,0.0007
2768,36.0751,0.0000,16.2629,4.7373,,true,0,0.008333,0.0000,0.0000,1.00,0.00,0.0000,22,1,335,362,0,0,100,5,16,16,0,0,66403,1937,0,0,898953216,0.000000,0.000000,0.000000,0.00,0,0,0,0,0,20,39,30,15,27,27,27,25,32,37,40,16,0,0.0002,0.0014,0.0352,0.0352,0.0033,0.0014,4.7373,0.0102,0.0000,0.9383,0.0002,0.4947,0.1245,0.0006,0.0004,0.0000,0.0000,0.0002
2769,36.0924,0.0000,16.0954,5.3782,,true,0,0.008333,0.0000,0.0000,1.00,0.00,0.0000,22,1,335,362,0,0,100,5,16,16,0,0,66403,1937,0,0,898953216,0.000000,0.000000,0.000000,0.00,0,0,0,0,0,20,39,30,15,27,27,27,25,32,37,40,16,0,0.0006,0.0019,0.0417,0.0373,0.0042,0.0072,5.3782,0.0085,0.0000,0.9762,0.0002,0.4944,0.1192,0.0006,0.0003,0.0000,0.0000,0.0004
2770,36.1087,0.0000,16.4904,5.0234,,true,0,0.008333,0.0000,0.0000,1.00,0.00,0.0000,22,1,335,362,0,0,100,5,16,16,0,0,66403,1937,0,0,898953216,0.000000,0.000000,0.000000,0.00,0,0,0,0,0,20,39,30,15,27,27,27,25,32,37,40,16,0,0.0003,0.0012,0.0371,0.0404,0.0040,0.0024,5.0234,0.0091,0.0000,1.0169,0.0002,0.5484,0.1210,0.0006,0.0003,0.0000,0.0000,0.0007
2771,36.1262,0.0000,17.3080,5.8170,,true,0,0.008333,0.0000,0.0000,1.00,0.00,0.0000,22,1,335,362,0,0,100,5,16,16,0,0,66403,1937,0,0,898953216,0.000000,0.000000,0.000000,0.00,0,0,0,0,0,20,39,30,15,27,27,27,25,32,37,40,16,0,0.0002,0.0012,0.0282,0.0477,0.0048,0.0034,5.8170,0.0072,0.0000,1.4018,0.0006,0.7492,0.1754,0.0011,0.0008,0.0000,0.0000,0.0003
2772,36.1419,0.0000,16.4464,4.9458,,true,0,0.008333,0.0000,0.0000,1.00,0.00,0.0000,22,1,335,362,0,0,100,5,16,16,0,0,66403,1937,0,0,898953216,0.000000,0.000000,0.000000,0.00,0,0,0,0,0,20,39,30,15,27,27,27,25,32,37,40,16,0,0.0003,0.0022,0.0343,0.0509,0.0064,0.0064,4.9458,0.0087,0.0000,1.0385,0.0005,0.5345,0.1234,0.0011,0.0003,0.0000,0.0000,0.0003
2773,36.1591,0.0000,17.5010,5.3445,,true,0,0.008333,0.0000,0.0000,1.00,0.00,0.0000,22,1,335,362,0,0,100,5,16,16,0,0,66403,1937,0,0,898953216,0.000000,0.000000,0.000000,0.00,0,0,0,0,0,20,39,30,15,27,27,27,25,32,37,40,16,0,0.0005,0.0013,0.0331,0.0518,0.0065,0.0057,5.3445,0.0097,0.0000,0.8435,0.0002,0.4221,0.0993,0.0007,0.0004,0.0000,0.0000,0.0005
2774,36.1792,0.0000,15.6113,8.8814,,true,0,0.008333,0.0000,0.0000,1.00,0.00,0.0000,22,1,335,362,0,0,100,5,16,16,0,0,66403,1937,0,0,898953216,0.000000,0.000000,0.000000,0.00,0,0,0,0,0,20,39,30,15,27,27,27,25,32,37,40,16,0,0.0003,0.0013,0.0273,0.0622,0.0055,0.0047,8.8814,0.0061,0.0000,5.0152,0.0002,0.3582,0.0870,0.5282,0.0003,0.0000,0.0000,3.6176
2775,36.1925,0.0000,17.2163,5.5132,,true,0,0.008333,0.0000,0.0000,1.00,0.00,0.0000,22,1,335,362,0,0,100,5,16,16,0,0,66403,1937,0,0,898953216,0.000000,0.000000,0.000000,0.00,0,0,0,0,0,20,39,30,15,27,27,27,25,32,37,40,16,0,0.0003,0.0019,0.0440,0.0421,0.0053,0.0051,5.5132,0.0089,0.0000,0.9959,0.0006,0.5169,0.1212,0.0008,0.0006,0.0000,0.0000,0.0004
2776,36.2096,0.0000,20.0108,5.9204,,true,0,0.008333,0.0000,0.0000,1.00,0.00,0.0000,22,1,335,362,0,0,100,5,16,16,0,0,66403,1937,0,0,898953216,0.000000,0.000000,0.000000,0.00,0,0,0,0,0,20,39,30,15,27,27,27,25,32,37,40,16,0,0.0006,0.0017,0.0415,0.0512,0.0057,0.0048,5.9204,0.0147,0.0000,1.3524,0.0005,0.7209,0.1287,0.0016,0.0012,0.0000,0.0000,0.0006
2777,36.2255,0.0000,14.5868,5.2004,,true,0,0.008333,0.0000,0.0000,1.00,0.00,0.0000,22,1,335,362,0,0,100,5,16,16,0,0,66403,1937,0,0,898953216,0.000000,0.000000,0.000000,0.00,0,0,0,0,0,20,39,30,15,27,27,27,25,32,37,40,16,0,0.0002,0.0015,0.0497,0.0471,0.0056,0.0042,5.2004,0.0160,0.0000,1.0193,0.0003,0.5174,0.1456,0.0015,0.0003,0.0000,0.0000,0.0003
2778,36.2422,0.0000,16.6831,5.2986,,true,0,0.008333,0.0000,0.0000,1.00,0.00,0.0000,22,1,335,362,0,0,100,5,16,16,0,0,66403,1937,0,0,898953216,0.000000,0.000000,0.000000,0.00,0,0,0,0,0,20,39,30,15,27,27,27,25,32,37,40,16,0,0.0006,0.0012,0.0276,0.0282,0.0031,0.0079,5.2986,0.0127,0.0000,0.8368,0.0002,0.4316,0.1098,0.0008,0.0008,0.0000,0.0000,0.0002
2779,36.2589,0.0000,15.6626,5.2839,,true,0,0.008333,0.0000,0.0000,1.00,0.00,0.0000,22,1,335,362,0,0,100,5,16,16,0,0,66403,1937,0,0,898953216,0.000000,0.000000,0.000000,0.00,0,0,0,0,0,20,39,30,15,27,27,27,25,32,37,40,16,0,0.0002,0.0012,0.0405,0.0458,0.0050,0.0038,5.2839,0.0118,0.0000,1.0858,0.0002,0.5213,0.1114,0.0008,0.0003,0.0000,0.0000,0.0004
2780,36.2763,0.0000,17.5453,6.0042,,true,0,0.008333,0.0000,0.0000,1.00,0.00,0.0000,22,1,335,362,0,0,100,5,16,16,0,0,66403,1937,0,0,898953216,0.000000,0.000000,0.000000,0.00,0,0,0,0,0,20,39,30,15,27,27,27,25,32,37,40,16,0,0.0004,0.0010,0.0404,0.0635,0.0088,0.0075,6.0042,0.0103,0.0000,1.0424,0.0004,0.5297,0.1320,0.0009,0.0006,0.0000,0.0000,0.0002
2781,36.2923,0.0000,15.3709,5.3743,,true,0,0.008333,0.0000,0.0000,1.00,0.00,0.0000,22,1,335,362,0,0,100,5,16,16,0,0,66403,1937,0,0,898953216,0.000000,0.000000,0.000000,0.00,0,0,0,0,0,20,39,30,15,27,27,27,25,32,37,40,16,0,0.0003,0.0017,0.0601,0.0490,0.0064,0.0050,5.3743,0.0112,0.0000,1.1428,0.0006,0.5512,0.1690,0.0012,0.0007,0.0000,0.0000,0.0004
2782,36.3092,0.0000,17.8145,5.5830,,true,0,0.008333,0.0000,0.0000,1.00,0.00,0.0000,22,1,335,362,0,0,100,5,16,16,0,0,66403,1937,0,0,898953216,0.000000,0.000000,0.000000,0.00,0,0,0,0,0,20,39,30,15,27,27,27,25,32,37,40,16,0,0.0002,0.0015,0.0355,0.0498,0.0044,0.0058,5.5830,0.0160,0.0000,1.3026,0.0005,0.7599,0.1842,0.0009,0.0006,0.0000,0.0000,0.0005
2783,36.3257,0.0000,15.5264,5.4390,,true,0,0.008333,0.0000,0.0000,1.00,0.00,0.0000,22,1,335,362,0,0,100,5,16,16,0,0,66403,1937,0,0,898953216,0.000000,0.000000,0.000000,0.00,0,0,0,0,0,20,39,30,15,27,27,27,25,32,37,40,16,0,0.0002,0.0009,0.0453,0.0341,0.0032,0.0034,5.4390,0.0131,0.0000,0.9905,0.0003,0.5149,0.1368,0.0007,0.0003,0.0000,0.0000,0.0003
2784,36.3419,0.0000,17.6542,4.9777,,true,0,0.008333,0.0000,0.0000,1.00,0.00,0.0000,22,1,335,362,0,0,100,5,16,16,0,0,66403,1937,0,0,898953216,0.000000,0.000000,0.000000,0.00,0,0,0,0,0,20,39,30,15,27,27,27,25,32,37,40,16,0,0.0003,0.0011,0.0362,0.0379,0.0042,0.0038,4.9777,0.0103,0.0000,0.7814,0.0002,0.4022,0.0962,0.0007,0.0005,0.0000,0.0000,0.0002
2785,36.3593,0.0000,16.0065,5.6438,,true,0,0.008333,0.0000,0.0000,1.00,0.00,0.0000,22,1,335,362,0,0,100,5,16,16,0,0,66403,1937,0,0,898953216,0.000000,0.000000,0.000000,0.00,0,0,0,0,0,20,39,30,15,27,27,27,25,32,37,40,16,0,0.0002,0.0046,0.0413,0.0450,0.0059,0.0049,5.6438,0.0255,0.0000,1.0921,0.0002,0.5343,0.1636,0.0007,0.0004,0.0000,0.0000,0.0004
2786,36.3755,0.0000,16.5794,5.2256,,true,0,0.008333,0.0000,0.0000,1.00,0.00,0.0000,22,1,335,362,0,0,100,5,16,16,0,0,66403,1937,0,0,898953216,0.000000,0.000000,0.000000,0.00,0,0,0,0,0,20,39,30,15,27,27,27,25,32,37,40,16,0,0.0007,0.0012,0.0491,0.0358,0.0037,0.0031,5.2256,0.0123,0.0000,1.0185,0.0004,0.5262,0.1453,0.0010,0.0007,0.0000,0.0000,0.0003
2787,36.3926,0.0000,17.5064,5.6299,,true,0,0.008333,0.0000,0.0000,1.00,0.00,0.0000,22,1,335,362,0,0,100,5,16,16,0,0,66403,1937,0,0,898953216,0.000000,0.000000,0.000000,0.00,0,0,0,0,0,20,39,30,15,27,27,27,25,32,37,40,16,0,0.0002,0.0010,0.0373,0.0550,0.0046,0.0069,5.6299,0.0080,0.0000,1.1000,0.0003,0.5180,0.1314,0.0012,0.0007,0.0000,0.0000,0.0001
2788,36.4096,0.0000,15.4015,5.9385,,true,0,0.008333,0.0000,0.0000,1.00,0.00,0.0000,22,1,335,362,0,0,100,5,16,16,0,0,66403,1937,0,0,898953216,0.000000,0.000000,0.000000,0.00,0,0,0,0,0,20,39,30,15,27,27,27,25,32,37,40,16,0,0.0004,0.0029,0.0452,0.0548,0.0081,0.0113,5.9385,0.0165,0.0000,1.1487,0.0004,0.5883,0.1924,0.0006,0.0010,0.0000,0.0000,0.0004
2789,36.4257,0.0000,17.9175,5.3637,,true,0,0.008333,0.0000,0.0000,1.00,0.00,0.0000,22,1,335,362,0,0,100,5,16,16,0,0,66403,1937,0,0,898953216,0.000000,0.000000,0.000000,0.00,0,0,0,0,0,20,39,30,15,27,27,27,25,32,37,40,16,0,0.0002,0.0012,0.0406,0.0418,0.0045,0.0040,5.3637,0.0226,0.0000,1.0436,0.0002,0.5218,0.1643,0.0014,0.0005,0.0000,0.0000,0.0006
2790,36.4427,0.0000,17.5082,5.7318,,true,0,0.008333,0.0000,0.0000,1.00,0.00,0.0000,22,1,335,362,0,0,100,5,16,16,0,0,66403,1937,0,0,898953216,0.000000,0.000000,0.000000,0.00,0,0,0,0,0,20,39,30,15,27,27,27,25,32,37,40,16,0,0.0004,0.0013,0.0407,0.0447,0.0038,0.0090,5.7318,0.0123,0.0000,1.0412,0.0005,0.5002,0.1415,0.0015,0.0004,0.0000,0.0000,0.0003
2791,36.4587,0.0000,14.9744,5.0655,,true,0,0.008333,0.0000,0.0000,1.00,0.00,0.0000,22,1,335,362,0,0,100,5,16,16,0,0,66403,1937,0,0,898953216,0.000000,0.000000,0.000000,0.00,0,0,0,0,0,20,39,30,15,27,27,27,25,32,37,40,16,0,0.0002,0.0012,0.0394,0.0400,0.0124,0.0028,5.0655,0.0135,0.0000,1.0559,0.0004,0.5253,0.1544,0.0012,0.0003,0.0000,0.0000,0.0009
2792,36.4765,0.0000,17.8754,6.1584,,true,0,0.008333,0.0000,0.0000,1.00,0.00,0.0000,22,1,335,362,0,0,100,5,16,16,0,0,66403,1937,0,0,898953216,0.000000,0.000000,0.000000,0.00,0,0,0,0,0,20,39,30,15,27,27,27,25,32,37,40,16,0,0.0002,0.0013,0.0474,0.0496,0.0044,0.0040,6.1584,0.0201,0.0000,1.0925,0.0005,0.5456,0.1932,0.0012,0.0006,0.0000,0.0000,0.0009
2793,36.4926,0.0000,15.3440,5.6205,,true,0,0.008333,0.0000,0.0000,1.00,0.00,0.0000,22,1,335,362,0,0,100,5,16,16,0,0,66403,1937,0,0,898953216,0.000000,0.000000,0.000000,0.00,0,0,0,0,0,20,39,30,15,27,27,27,25,32,37,40,16,0,0.0002,0.0012,0.0387,0.0363,0.0037,0.0027,5.6205,0.0093,0.0000,1.0329,0.0003,0.5568,0.1288,0.0008,0.0004,0.0000,0.0000,0.0007
2794,36.5090,0.0000,20.1756,5.3400,,true,0,0.008333,0.0000,0.0000,1.00,0.00,0.0000,22,1,335,362,0,0,100,5,16,16,0,0,66403,1937,0,0,898953216,0.000000,0.000000,0.000000,0.00,0,0,0,0,0,20,39,30,15,27,27,27,25,32,37,40,16,0,0.0004,0.0012,0.0479,0.0510,0.0064,0.0036,5.3400,0.0174,0.0000,1.2505,0.0007,0.6415,0.1748,0.0010,0.0010,0.0000,0.0000,0.0005
2795,36.5257,0.0000,14.5411,5.4093,,true,0,0.008333,0.0000,0.0000,1.00,0.00,0.0000,22,1,335,362,0,0,100,5,16,16,0,0,66403,1937,0,0,898953216,0.000000,0.000000,0.000000,0.00,0,0,0,0,0,20,39,30,15,27,27,27,25,32,37,40,16,0,0.0003,0.0013,0.0352,0.0601,0.0054,0.0036,5.4093,0.0125,0.0000,1.0523,0.0003,0.4639,0.1294,0.0010,0.0004,0.0000,0.0000,0.0004
2796,36.5421,0.0000,15.2404,5.1568,,true,0,0.008333,0.0000,0.0000,1.00,0.00,0.0000,22,1,335,362,0,0,100,5,16,16,0,0,66403,1937,0,0,898953216,0.000000,0.000000,0.000000,0.00,0,0,0,0,0,20,39,30,15,27,27,27,25,32,37,40,16,0,0.0003,0.0018,0.0364,0.0462,0.0055,0.0067,5.1568,0.0100,0.0000,1.0270,0.0004,0.5136,0.1215,0.0005,0.0003,0.0000,0.0000,0.0002
2797,36.5596,0.0000,17.1237,5.8405,,true,0,0.008333,0.0000,0.0000,1.00,0.00,0.0000,22,1,335,362,0,0,100,5,16,16,0,0,66403,1937,0,0,898953216,0.000000,0.000000,0.000000,0.00,0,0,0,0,0,20,39,30,15,27,27,27,25,32,37,40,16,0,0.0003,0.0016,0.0479,0.0514,0.0059,0.0035,5.8405,0.0144,0.0000,1.0476,0.0002,0.5428,0.1576,0.0008,0.0004,0.0000,0.0000,0.0005
2798,36.5757,0.0000,16.4074,5.3858,,true,0,0.008333,0.0000,0.0000,1.00,0.00,0.0000,22,1,335,362,0,0,100,5,16,16,0,0,66403,1937,0,0,898953216,0.000000,0.000000,0.000000,0.00,0,0,0,0,0,20,39,30,15,27,27,27,25,32,37,40,16,0,0.0002,0.0018,0.0424,0.0396,0.0045,0.0049,5.3858,0.0111,0.0000,1.0819,0.0006,0.5570,0.1762,0.0014,0.0004,0.0000,0.0000,0.0006
2799,36.5927,0.0000,17.9817,5.7089,,true,0,0.008333,0.0000,0.0000,1.00,0.00,0.0000,22,1,335,362,0,0,100,5,16,16,0,0,66403,1937,0,0,898953216,0.000000,0.000000,0.000000,0.00,0,0,0,0,0,20,39,30,15,27,27,27,25,32,37,40,16,0,0.0006,0.0037,0.0416,0.0513,0.0094,0.0061,5.7089,0.0093,0.0000,1.0364,0.0003,0.5175,0.1413,0.0010,0.0006,0.0000,0.0000,0.0004
2800,36.6086,0.0000,15.6920,4.9710,,true,0,0.008333,0.0000,0.0000,1.00,0.00,0.0000,22,1,335,362,0,0,100,5,16,16,0,0,66403,1937,0,0,898953216,0.000000,0.000000,0.000000,0.00,0,0,0,0,0,20,39,30,15,27,27,27,25,32,37,40,16,0,0.0002,0.0011,0.0416,0.0406,0.0051,0.0032,4.9710,0.0117,0.0000,1.0152,0.0004,0.5137,0.1415,0.0014,0.0005,0.0000,0.0000,0.0004
2801,36.6259,0.0000,17.2298,5.5946,,true,0,0.008333,0.0000,0.0000,1.00,0.00,0.0000,22,1,335,362,0,0,100,5,16,16,0,0,66403,1937,0,0,898953216,0.000000,0.000000,0.000000,0.00,0,0,0,0,0,20,39,30,15,27,27,27,25,32,37,40,16,0,0.0003,0.0025,0.0436,0.0373,0.0045,0.0054,5.5946,0.0169,0.0000,0.8452,0.0002,0.4044,0.1255,0.0012,0.0004,0.0000,0.0000,0.0004
2802,36.6419,0.0000,15.9212,4.9750,,true,0,0.008333,0.0000,0.0000,1.00,0.00,0.0000,22,1,335,362,0,0,100,5,16,16,0,0,66403,1937,0,0,898953216,0.000000,0.000000,0.000000,0.00,0,0,0,0,0,20,39,30,15,27,27,27,25,32,37,40,16,0,0.0006,0.0055,0.0380,0.0524,0.0082,0.0046,4.9750,0.0100,0.0000,0.9443,0.0005,0.4663,0.1002,0.0008,0.0003,0.0000,0.0000,0.0003
2803,36.6588,0.0000,17.4240,5.1623,,true,0,0.008333,0.0000,0.0000,1.00,0.00,0.0000,22,1,335,362,0,0,100,5,16,16,0,0,66403,1937,0,0,898953216,0.000000,0.000000,0.000000,0.00,0,0,0,0,0,20,39,30,15,27,27,27,25,32,37,40,16,0,0.0001,0.0020,0.0490,0.0371,0.0036,0.0033,5.1623,0.0093,0.0000,1.0171,0.0002,0.5318,0.1218,0.0006,0.0004,0.0000,0.0000,0.0004
2804,36.6750,0.0000,16.2438,4.7584,,true,0,0.008333,0.0000,0.0000,1.00,0.00,0.0000,22,1,335,362,0,0,100,5,16,16,0,0,66403,1937,0,0,898953216,0.000000,0.000000,0.000000,0.00,0,0,0,0,0,20,39,30,15,27,27,27,25,32,37,40,16,0,0.0002,0.0017,0.0343,0.0502,0.0058,0.0047,4.7584,0.0134,0.0000,0.7036,0.0002,0.3608,0.0928,0.0006,0.0002,0.0000,0.0000,0.0003
2805,36.6924,0.0000,15.8383,5.4442,,true,0,0.008333,0.0000,0.0000,1.00,0.00,0.0000,22,1,335,362,0,0,100,5,16,16,0,0,66403,1937,0,0,898953216,0.000000,0.000000,0.000000,0.00,0,0,0,0,0,20,39,30,15,27,27,27,25,32,37,40,16,0,0.0004,0.0021,0.0487,0.0600,0.0066,0.0040,5.4442,0.0089,0.0000,1.0281,0.0005,0.5121,0.1517,0.0011,0.0009,0.0000,0.0000,0.0002
2806,36.7090,0.0000,16.3302,5.3897,,true,0,0.008333,0.0000,0.0000,1.00,0.00,0.0000,22,1,335,362,0,0,100,5,16,16,0,0,66403,1937,0,0,898953216,0.000000,0.000000,0.000000,0.00,0,0,0,0,0,20,39,30,15,27,27,27,25,32,37,40,16,0,0.0003,0.0012,0.0324,0.0441,0.0035,0.0044,5.3897,0.0113,0.0000,1.0099,0.0004,0.4166,0.1682,0.0014,0.0006,0.0000,0.0000,0.0006
2807,36.7256,0.0000,18.0152,5.2500,,true,0,0.008333,0.0000,0.0000,1.00,0.00,0.0000,22,1,335,362,0,0,100,5,16,16,0,0,66403,1937,0,0,898953216,0.000000,0.000000,0.000000,0.00,0,0,0,0,0,20,39,30,15,27,27,27,25,32,37,40,16,0,0.0002,0.0014,0.0647,0.0440,0.0061,0.0043,5.2500,0.0100,0.0000,1.0173,0.0005,0.5102,0.1570,0.0017,0.0007,0.0000,0.0000,0.0002
2808,36.7439,0.0000,16.3094,6.9317,,true,0,0.008333,0.0000,0.0000,1.00,0.00,0.0000,22,1,335,362,0,0,100,5,16,16,0,0,66403,1937,0,0,898953216,0.000000,0.000000,0.000000,0.00,0,0,0,0,0,20,39,30,15,27,27,27,25,32,37,40,16,0,0.0003,0.0019,0.0582,0.0567,0.0067,0.0043,6.9317,0.0183,0.0000,1.1437,0.0005,0.5696,0.1770,0.0019,0.0004,0.0000,0.0000,0.0004
2809,36.7595,0.0000,16.6414,5.8364,,true,0,0.008333,0.0000,0.0000,1.00,0.00,0.0000,22,1,335,362,0,0,100,5,16,16,0,0,66403,1937,0,0,898953216,0.000000,0.000000,0.000000,0.00,0,0,0,0,0,20,39,30,15,27,27,27,25,32,37,40,16,0,0.0002,0.0010,0.0438,0.0407,0.0035,0.0025,5.8364,0.0124,0.0000,1.1643,0.0005,0.5882,0.2043,0.0016,0.0007,0.0000,0.0000,0.0003
2810,36.7759,0.0000,19.2620,5.5338,,true,0,0.008333,0.0000,0.0000,1.00,0.00,0.0000,22,1,335,362,0,0,100,5,16,16,0,0,66403,1937,0,0,898953216,0.000000,0.000000,0.000000,0.00,0,0,0,0,0,20,39,30,15,27,27,27,25,32,37,40,16,0,0.0004,0.0012,0.0262,0.0671,0.0039,0.0027,5.5338,0.0110,0.0000,1.0254,0.0011,0.4726,0.1245,0.0014,0.0026,0.0000,0.0000,0.0003
2811,36.7924,0.0000,16.5601,5.4445,,true,0,0.008333,0.0000,0.0000,1.00,0.00,0.0000,22,1,335,362,0,0,100,5,16,16,0,0,66403,1937,0,0,898953216,0.000000,0.000000,0.000000,0.00,0,0,0,0,0,20,39,30,15,27,27,27,25,32,37,40,16,0,0.0003,0.0018,0.0453,0.0342,0.0025,0.0063,5.4445,0.0135,0.0000,1.1169,0.0004,0.5169,0.1707,0.0007,0.0003,0.0000,0.0000,0.0003
2812,36.8099,0.0000,14.7022,6.2027,,true,0,0.008333,0.0000,0.0000,1.00,0.00,0.0000,22,1,335,362,0,0,100,5,16,16,0,0,66403,1937,0,0,898953216,0.000000,0.000000,0.000000,0.00,0,0,0,0,0,20,39,30,15,27,27,27,25,32,37,40,16,0,0.0002,0.0018,0.0458,0.0576,0.0069,0.0036,6.2027,0.0134,0.0000,1.0865,0.0003,0.5665,0.1459,0.0012,0.0007,0.0000,0.0000,0.0003
2813,36.8265,0.0000,16.8857,6.1816,,true,0,0.008333,0.0000,0.0000,1.00,0.00,0.0000,22,1,335,362,0,0,100,5,16,16,0,0,66403,1937,0,0,898953216,0.000000,0.000000,0.000000,0.00,0,0,0,0,0,20,39,30,15,27,27,27,25,32,37,40,16,0,0.0003,0.0015,0.0381,0.0378,0.0050,0.0032,6.1816,0.0121,0.0000,1.1902,0.0009,0.5644,0.2252,0.0055,0.0016,0.0000,0.0000,0.0002
2814,36.8429,0.0000,17.0456,5.8609,,true,0,0.008333,0.0000,0.0000,1.00,0.00,0.0000,22,1,335,362,0,0,100,5,16,16,0,0,66403,1937,0,0,898953216,0.000000,0.000000,0.000000,0.00,0,0,0,0,0,20,39,30,15,27,27,27,25,32,37,40,16,0,0.0002,0.0010,0.0365,0.0356,0.0322,0.0033,5.8609,0.0480,0.0000,1.0120,0.0005,0.5333,0.1427,0.0013,0.0009,0.0000,0.0000,0.0003
2815,36.8594,0.0000,17.2226,5.7788,,true,0,0.008333,0.0000,0.0000,1.00,0.00,0.0000,22,1,335,362,0,0,100,5,16,16,0,0,66403,1937,0,0,898953216,0.000000,0.000000,0.000000,0.00,0,0,0,0,0,20,39,30,15,27,27,27,25,32,37,40,16,0,0.0004,0.0012,0.0404,0.0381,0.0039,0.0027,5.7788,0.0132,0.0000,1.0384,0.0004,0.4376,0.1573,0.0011,0.0007,0.0000,0.0000,0.0003
2816,36.8759,0.0000,16.8732,5.5630,,true,0,0.008333,0.0000,0.0000,1.00,0.00,0.0000,22,1,335,362,0,0,100,5,16,16,0,0,66403,1937,0,0,898953216,0.000000,0.000000,0.000000,0.00,0,0,0,0,0,20,39,30,15,27,27,27,25,32,37,40,16,0,0.0002,0.0015,0.0445,0.0404,0.0044,0.0039,5.5630,0.0179,0.0000,1.1916,0.0003,0.6777,0.1618,0.0008,0.0029,0.0000,0.0000,0.0002
2817,36.8925,0.0000,16.1259,5.5121,,true,0,0.008333,0.0000,0.0000,1.00,0.00,0.0000,22,1,335,362,0,0,100,5,16,16,0,0,66403,1937,0,0,898953216,0.000000,0.000000,0.000000,0.00,0,0,0,0,0,20,39,30,15,27,27,27,25,32,37,40,16,0,0.0002,0.0013,0.0425,0.0473,0.0051,0.0060,5.5121,0.0147,0.0000,1.0666,0.0002,0.5497,0.1492,0.0008,0.0005,0.0000,0.0000,0.0008
2818,36.9095,0.0000,16.2797,5.7909,,true,0,0.008333,0.0000,0.0000,1.00,0.00,0.0000,22,1,335,362,0,0,100,5,16,16,0,0,66403,1937,0,0,898953216,0.000000,0.000000,0.000000,0.00,0,0,0,0,0,20,39,30,15,27,27,27,25,32,37,40,16,0,0.0002,0.0015,0.0395,0.0437,0.0066,0.0045,5.7909,0.0159,0.0000,1.0525,0.0010,0.5373,0.1501,0.0010,0.0006,0.0000,0.0000,0.0006
2819,36.9309,0.0000,15.7425,10.4515,,true,0,0.008333,0.0000,0.0000,1.00,0.00,0.0000,22,1,335,362,0,0,100,5,16,16,0,0,66403,1937,0,0,898953216,0.000000,0.000000,0.000000,0.00,0,0,0,0,0,20,39,30,15,27,27,27,25,32,37,40,16,0,0.0002,0.0019,0.0324,0.0453,0.0040,0.0058,10.4515,0.0075,0.0000,6.3348,0.0005,0.3758,0.1111,0.5537,0.0006,0.0000,0.0000,4.9375
2820,36.9425,0.0000,16.9557,5.5010,,true,0,0.008333,0.0000,0.0000,1.00,0.00,0.0000,22,1,335,362,0,0,100,5,16,16,0,0,66403,1937,0,0,898953216,0.000000,0.000000,0.000000,0.00,0,0,0,0,0,20,39,30,15,27,27,27,25,32,37,40,16,0,0.0006,0.0008,0.0369,0.0403,0.0064,0.0035,5.5010,0.0130,0.0000,0.9922,0.0003,0.5043,0.1459,0.0006,0.0004,0.0000,0.0000,0.0003
2821,36.9590,0.0000,21.0164,5.3597,,true,0,0.008333,0.0000,0.0000,1.00,0.00,0.0000,22,1,335,362,0,0,100,5,16,16,0,0,66403,1937,0,0,898953216,0.000000,0.000000,0.000000,0.00,0,0,0,0,0,20,39,30,15,27,27,27,25,32,37,40,16,0,0.0011,0.0015,0.0405,0.0510,0.0066,0.0049,5.3597,0.0090,0.0000,1.0418,0.0006,0.5516,0.1289,0.0010,0.0008,0.0000,0.0000,0.0003
2822,36.9760,0.0000,12.5744,5.7042,,true,0,0.008333,0.0000,0.0000,1.00,0.00,0.0000,22,1,335,362,0,0,100,5,16,16,0,0,66403,1937,0,0,898953216,0.000000,0.000000,0.000000,0.00,0,0,0,0,0,20,39,30,15,27,27,27,25,32,37,40,16,0,0.0002,0.0013,0.0297,0.0498,0.0057,0.0030,5.7042,0.0099,0.0000,0.9384,0.0003,0.4765,0.1511,0.0008,0.0001,0.0000,0.0000,0.0004
2823,36.9923,0.0000,17.2133,5.3350,,true,0,0.008333,0.0000,0.0000,1.00,0.00,0.0000,22,1,335,362,0,0,100,5,16,16,0,0,66403,1937,0,0,898953216,0.000000,0.000000,0.000000,0.00,0,0,0,0,0,20,39,30,15,27,27,27,25,32,37,40,16,0,0.0002,0.0017,0.0451,0.0443,0.0051,0.0046,5.3350,0.0149,0.0000,1.0627,0.0005,0.5470,0.1737,0.0008,0.0005,0.0000,0.0000,0.0003
2824,37.0097,0.0000,16.0341,5.9478,,true,0,0.008333,0.0000,0.0000,1.00,0.00,0.0000,22,1,335,362,0,0,100,5,16,16,0,0,66403,1937,0,0,898953216,0.000000,0.000000,0.000000,0.00,0,0,0,0,0,20,39,30,15,27,27,27,25,32,37,40,16,0,0.0004,0.0013,0.0468,0.0686,0.0081,0.0040,5.9478,0.0140,0.0000,1.0770,0.0004,0.5604,0.1442,0.0012,0.0009,0.0000,0.0000,0.0005
2825,37.0265,0.0000,16.3756,6.1930,,true,0,0.008333,0.0000,0.0000,1.00,0.00,0.0000,22,1,335,362,0,0,100,5,16,16,0,0,66403,1937,0,0,898953216,0.000000,0.000000,0.000000,0.00,0,0,0,0,0,20,39,30,15,27,27,27,25,32,37,40,16,0,0.0003,0.0016,0.0439,0.0434,0.0064,0.0041,6.1930,0.0149,0.0000,1.1052,0.0007,0.5454,0.1649,0.0016,0.0011,0.0000,0.0000,0.0006
2826,37.0427,0.0000,16.6586,5.7399,,true,0,0.008333,0.0000,0.0000,1.00,0.00,0.0000,22,1,335,362,0,0,100,5,16,16,0,0,66403,1937,0,0,898953216,0.000000,0.000000,0.000000,0.00,0,0,0,0,0,20,39,30,15,27,27,27,25,32,37,40,16,0,0.0005,0.0014,0.0428,0.0443,0.0046,0.0050,5.7399,0.0109,0.0000,1.1101,0.0005,0.5663,0.1510,0.0015,0.0006,0.0000,0.0000,0.0004
2827,37.0590,0.0000,18.3682,5.3830,,true,0,0.008333,0.0000,0.0000,1.00,0.00,0.0000,22,1,335,362,0,0,100,5,16,16,0,0,66403,1937,0,0,898953216,0.000000,0.000000,0.000000,0.00,0,0,0,0,0,20,39,30,15,27,27,27,25,32,37,40,16,0,0.0002,0.0019,0.0429,0.0462,0.0048,0.0051,5.3830,0.0175,0.0000,1.0545,0.0003,0.5240,0.1655,0.0011,0.0005,0.0000,0.0000,0.0005
2828,37.0753,0.0000,15.7456,5.0814,,true,0,0.008333,0.0000,0.0000,1.00,0.00,0.0000,22,1,335,362,0,0,100,5,16,16,0,0,66403,1937,0,0,898953216,0.000000,0.000000,0.000000,0.00,0,0,0,0,0,20,39,30,15,27,27,27,25,32,37,40,16,0,0.0007,0.0019,0.0635,0.0821,0.0045,0.0046,5.0814,0.0206,0.0000,1.0279,0.0004,0.4975,0.1617,0.0019,0.0011,0.0000,0.0000,0.0002
2829,37.0922,0.0000,16.5137,5.2912,,true,0,0.008333,0.0000,0.0000,1.00,0.00,0.0000,22,1,335,362,0,0,100,5,16,16,0,0,66403,1937,0,0,898953216,0.000000,0.000000,0.000000,0.00,0,0,0,0,0,20,39,30,15,27,27,27,25,32,37,40,16,0,0.0003,0.0013,0.0401,0.0397,0.0041,0.0046,5.2912,0.0137,0.0000,1.0491,0.0007,0.5444,0.1573,0.0009,0.0010,0.0000,0.0000,0.0003
2830,37.1093,0.0000,15.9688,5.6721,,true,0,0.008333,0.0000,0.0000,1.00,0.00,0.0000,22,1,335,362,0,0,100,5,16,16,0,0,66403,1937,0,0,898953216,0.000000,0.000000,0.000000,0.00,0,0,0,0,0,20,39,30,15,27,27,27,25,32,37,40,16,0,0.0014,0.0025,0.0389,0.0553,0.0085,0.0070,5.6721,0.0151,0.0000,0.9970,0.0003,0.5176,0.1228,0.0018,0.0008,0.0000,0.0000,0.0006
2831,37.1262,0.0000,16.3754,5.9033,,true,0,0.008333,0.0000,0.0000,1.00,0.00,0.0000,22,1,335,362,0,0,100,5,16,16,0,0,66403,1937,0,0,898953216,0.000000,0.000000,0.000000,0.00,0,0,0,0,0,20,39,30,15,27,27,27,25,32,37,40,16,0,0.0009,0.0026,0.0472,0.0472,0.0046,0.0045,5.9033,0.0173,0.0000,1.1313,0.0005,0.5776,0.1643,0.0018,0.0007,0.0000,0.0000,0.0004
2832,37.1428,0.0000,17.4695,5.8659,,true,0,0.008333,0.0000,0.0000,1.00,0.00,0.0000,22,1,335,362,0,0,100,5,16,16,0,0,66403,1937,0,0,898953216,0.000000,0.000000,0.000000,0.00,0,0,0,0,0,20,39,30,15,27,27,27,25,32,37,40,16,0,0.0004,0.0019,0.0345,0.0490,0.0052,0.0058,5.8659,0.0098,0.0000,1.1291,0.0004,0.5291,0.1807,0.0013,0.0004,0.0000,0.0000,0.0007
2833,37.1590,0.0000,17.4516,5.3808,,true,0,0.008333,0.0000,0.0000,1.00,0.00,0.0000,22,1,335,362,0,0,100,5,16,16,0,0,66403,1937,0,0,898953216,0.000000,0.000000,0.000000,0.00,0,0,0,0,0,20,39,30,15,27,27,27,25,32,37,40,16,0,0.0001,0.0016,0.0412,0.0509,0.0052,0.0038,5.3808,0.0125,0.0000,1.0284,0.0004,0.5244,0.1686,0.0010,0.0004,0.0000,0.0000,0.0003
2834,37.1757,0.0000,16.4742,5.4121,,true,0,0.008333,0.0000,0.0000,1.00,0.00,0.0000,22,1,335,362,0,0,100,5,16,16,0,0,66403,1937,0,0,898953216,0.000000,0.000000,0.000000,0.00,0,0,0,0,0,20,39,30,15,27,27,27,25,32,37,40,16,0,0.0003,0.0014,0.0467,0.0466,0.0062,0.0035,5.4121,0.0144,0.0000,1.0771,0.0004,0.5293,0.1875,0.0009,0.0006,0.0000,0.0000,0.0005
2835,37.1926,0.0000,16.0757,5.5741,,true,0,0.008333,0.0000,0.0000,1.00,0.00,0.0000,22,1,335,362,0,0,100,5,16,16,0,0,66403,1937,0,0,898953216,0.000000,0.000000,0.000000,0.00,0,0,0,0,0,20,39,30,15,27,27,27,25,32,37,40,16,0,0.0010,0.0023,0.0395,0.0749,0.0069,0.0065,5.5741,0.0102,0.0000,1.0856,0.0003,0.5697,0.1478,0.0011,0.0004,0.0000,0.0000,0.0003
2836,37.2099,0.0000,15.7576,6.2318,,true,0,0.008333,0.0000,0.0000,1.00,0.00,0.0000,22,1,335,362,0,0,100,5,16,16,0,0,66403,1937,0,0,898953216,0.000000,0.000000,0.000000,0.00,0,0,0,0,0,20,39,30,15,27,27,27,25,32,37,40,16,0,0.0003,0.0039,0.0408,0.0492,0.0059,0.0059,6.2318,0.0099,0.0000,1.0594,0.0004,0.5287,0.1508,0.0010,0.0005,0.0000,0.0000,0.0004
2837,37.2261,0.0000,16.8881,5.7554,,true,0,0.008333,0.0000,0.0000,1.00,0.00,0.0000,22,1,335,362,0,0,100,5,16,16,0,0,66403,1937,0,0,898953216,0.000000,0.000000,0.000000,0.00,0,0,0,0,0,20,39,30,15,27,27,27,25,32,37,40,16,0,0.0003,0.0012,0.0400,0.0450,0.0034,0.0028,5.7554,0.0151,0.0000,1.0105,0.0003,0.5194,0.1664,0.0011,0.0006,0.0000,0.0000,0.0003
2838,37.2425,0.0000,17.4332,5.5966,,true,0,0.008333,0.0000,0.0000,1.00,0.00,0.0000,22,1,335,362,0,0,100,5,16,16,0,0,66403,1937,0,0,898953216,0.000000,0.000000,0.000000,0.00,0,0,0,0,0,20,39,30,15,27,27,27,25,32,37,40,16,0,0.0002,0.0016,0.0374,0.0444,0.0052,0.0052,5.5966,0.0354,0.0000,0.8104,0.0002,0.3822,0.1213,0.0007,0.0006,0.0000,0.0000,0.0004
2839,37.2588,0.0000,17.5629,5.1552,,true,0,0.008333,0.0000,0.0000,1.00,0.00,0.0000,22,1,335,362,0,0,100,5,16,16,0,0,66403,1937,0,0,898953216,0.000000,0.000000,0.000000,0.00,0,0,0,0,0,20,39,30,15,27,27,27,25,32,37,40,16,0,0.0006,0.0016,0.0510,0.0453,0.0113,0.0039,5.1552,0.0166,0.0000,0.9965,0.0002,0.5080,0.1416,0.0010,0.0004,0.0000,0.0000,0.0004
2840,37.2758,0.0000,16.1158,5.5038,,true,0,0.008333,0.0000,0.0000,1.00,0.00,0.0000,22,1,335,362,0,0,100,5,16,16,0,0,66403,1937,0,0,898953216,0.000000,0.000000,0.000000,0.00,0,0,0,0,0,20,39,30,15,27,27,27,25,32,37,40,16,0,0.0005,0.0018,0.0420,0.0480,0.0064,0.0049,5.5038,0.0142,0.0000,1.0587,0.0004,0.5408,0.1658,0.0008,0.0007,0.0000,0.0000,0.0007
2841,37.2922,0.0000,15.5042,5.2386,,true,0,0.008333,0.0000,0.0000,1.00,0.00,0.0000,22,1,335,362,0,0,100,5,16,16,0,0,66403,1937,0,0,898953216,0.000000,0.000000,0.000000,0.00,0,0,0,0,0,20,39,30,15,27,27,27,25,32,37,40,16,0,0.0003,0.0013,0.0613,0.0375,0.0044,0.0026,5.2386,0.0125,0.0000,1.0021,0.0003,0.5250,0.1375,0.0012,0.0008,0.0000,0.0000,0.0003
2842,37.3092,0.0000,16.9622,5.5546,,true,0,0.008333,0.0000,0.0000,1.00,0.00,0.0000,22,1,335,362,0,0,100,5,16,16,0,0,66403,1937,0,0,898953216,0.000000,0.000000,0.000000,0.00,0,0,0,0,0,20,39,30,15,27,27,27,25,32,37,40,16,0,0.0003,0.0020,0.0541,0.0397,0.0038,0.0066,5.5546,0.0111,0.0000,1.1377,0.0007,0.5719,0.1624,0.0006,0.0008,0.0000,0.0000,0.0008
2843,37.3262,0.0000,15.6216,5.8940,,true,0,0.008333,0.0000,0.0000,1.00,0.00,0.0000,22,1,335,362,0,0,100,5,16,16,0,0,66403,1937,0,0,898953216,0.000000,0.000000,0.000000,0.00,0,0,0,0,0,20,39,30,15,27,27,27,25,32,37,40,16,0,0.0002,0.0018,0.0347,0.0454,0.0044,0.0047,5.8940,0.0140,0.0000,1.0930,0.0007,0.5673,0.1492,0.0009,0.0006,0.0000,0.0000,0.0007
2844,37.3421,0.0000,17.3081,5.1421,,true,0,0.008333,0.0000,0.0000,1.00,0.00,0.0000,22,1,335,362,0,0,100,5,16,16,0,0,66403,1937,0,0,898953216,0.000000,0.000000,0.000000,0.00,0,0,0,0,0,20,39,30,15,27,27,27,25,32,37,40,16,0,0.0009,0.0019,0.0359,0.0500,0.0058,0.0034,5.1421,0.0109,0.0000,1.1111,0.0005,0.5286,0.1437,0.0010,0.0022,0.0000,0.0000,0.0008
2845,37.3586,0.0000,18.1759,5.0274,,true,0,0.008333,0.0000,0.0000,1.00,0.00,0.0000,22,1,335,362,0,0,100,5,16,16,0,0,66403,1937,0,0,898953216,0.000000,0.000000,0.000000,0.00,0,0,0,0,0,20,39,30,15,27,27,27,25,32,37,40,16,0,0.0002,0.0019,0.0305,0.0567,0.0059,0.0049,5.0274,0.0120,0.0000,0.8060,0.0004,0.4038,0.1211,0.0011,0.0003,0.0000,0.0000,0.0008
2846,37.3757,0.0000,15.8133,5.4635,,true,0,0.008333,0.0000,0.0000,1.00,0.00,0.0000,22,1,335,362,0,0,100,5,16,16,0,0,66403,1937,0,0,898953216,0.000000,0.000000,0.000000,0.00,0,0,0,0,0,20,39,30,15,27,27,27,25,32,37,40,16,0,0.0004,0.0009,0.0673,0.0483,0.0044,0.0048,5.4635,0.0118,0.0000,1.0692,0.0005,0.5398,0.1464,0.0016,0.0005,0.0000,0.0000,0.0004
2847,37.3929,0.0000,17.0639,5.9625,,true,0,0.008333,0.0000,0.0000,1.00,0.00,0.0000,22,1,335,362,0,0,100,5,16,16,0,0,66403,1937,0,0,898953216,0.000000,0.000000,0.000000,0.00,0,0,0,0,0,20,39,30,15,27,27,27,25,32,37,40,16,0,0.0002,0.0014,0.0398,0.0366,0.0036,0.0042,5.9625,0.0119,0.0000,0.8286,0.0006,0.3946,0.1119,0.0012,0.0005,0.0000,0.0000,0.0001
2848,37.4101,0.0000,16.0195,6.4720,,true,0,0.008333,0.0000,0.0000,1.00,0.00,0.0000,22,1,335,362,0,0,100,5,16,16,0,0,66403,1937,0,0,898953216,0.000000,0.000000,0.000000,0.00,0,0,0,0,0,20,39,30,15,27,27,27,25,32,37,40,16,0,0.0006,0.0021,0.0416,0.0524,0.0063,0.0056,6.4720,0.0178,0.0000,1.1277,0.0015,0.5600,0.1504,0.0014,0.0021,0.0000,0.0000,0.0004
2849,37.4259,0.0000,17.0222,5.5529,,true,0,0.008333,0.0000,0.0000,1.00,0.00,0.0000,22,1,335,362,0,0,100,5,16,16,0,0,66403,1937,0,0,898953216,0.000000,0.000000,0.000000,0.00,0,0,0,0,0,20,39,30,15,27,27,27,25,32,37,40,16,0,0.0003,0.0011,0.0387,0.0459,0.0052,0.0042,5.5529,0.0162,0.0000,1.0719,0.0003,0.5253,0.1975,0.0009,0.0005,0.0000,0.0000,0.0004
2850,37.4424,0.0000,17.4852,5.3656,,true,0,0.008333,0.0000,0.0000,1.00,0.00,0.0000,22,1,335,362,0,0,100,5,16,16,0,0,66403,1937,0,0,898953216,0.000000,0.000000,0.000000,0.00,0,0,0,0,0,20,39,30,15,27,27,27,25,32,37,40,16,0,0.0003,0.0016,0.0756,0.0370,0.0030,0.0049,5.3656,0.0139,0.0000,0.8689,0.0008,0.4094,0.1304,0.0010,0.0007,0.0000,0.0000,0.0006
2851,37.4587,0.0000,16.0900,5.0188,,true,0,0.008333,0.0000,0.0000,1.00,0.00,0.0000,22,1,335,362,0,0,100,5,16,16,0,0,66403,1937,0,0,898953216,0.000000,0.000000,0.000000,0.00,0,0,0,0,0,20,39,30,15,27,27,27,25,32,37,40,16,0,0.0002,0.0008,0.0286,0.0342,0.0033,0.0035,5.0188,0.0090,0.0000,0.8503,0.0003,0.4358,0.1115,0.0007,0.0003,0.0000,0.0000,0.0003
2852,37.4754,0.0000,15.6992,5.1150,,true,0,0.008333,0.0000,0.0000,1.00,0.00,0.0000,22,1,335,362,0,0,100,5,16,16,0,0,66403,1937,0,0,898953216,0.000000,0.000000,0.000000,0.00,0,0,0,0,0,20,39,30,15,27,27,27,25,32,37,40,16,0,0.0002,0.0013,0.0342,0.0392,0.0036,0.0045,5.1150,0.0136,0.0000,1.0620,0.0003,0.5337,0.1833,0.0010,0.0007,0.0000,0.0000,0.0002
2853,37.4922,0.0000,16.3246,5.1467,,true,0,0.008333,0.0000,0.0000,1.00,0.00,0.0000,22,1,335,362,0,0,100,5,16,16,0,0,66403,1937,0,0,898953216,0.000000,0.000000,0.000000,0.00,0,0,0,0,0,20,39,30,15,27,27,27,25,32,37,40,16,0,0.0001,0.0009,0.0428,0.0403,0.0049,0.0032,5.1467,0.0114,0.0000,0.9924,0.0004,0.5047,0.1631,0.0012,0.0005,0.0000,0.0000,0.0004
2854,37.5092,0.0000,17.3011,5.5028,,true,0,0.008333,0.0000,0.0000,1.00,0.00,0.0000,22,1,335,362,0,0,100,5,16,16,0,0,66403,1937,0,0,898953216,0.000000,0.000000,0.000000,0.00,0,0,0,0,0,20,39,30,15,27,27,27,25,32,37,40,16,0,0.0003,0.0014,0.0353,0.0483,0.0056,0.0065,5.5028,0.0149,0.0000,1.0483,0.0002,0.5420,0.1302,0.0006,0.0004,0.0000,0.0000,0.0004
2855,37.5262,0.0000,16.1140,5.8303,,true,0,0.008333,0.0000,0.0000,1.00,0.00,0.0000,22,1,335,362,0,0,100,5,16,16,0,0,66403,1937,0,0,898953216,0.000000,0.000000,0.000000,0.00,0,0,0,0,0,20,39,30,15,27,27,27,25,32,37,40,16,0,0.0004,0.0025,0.0434,0.0502,0.0067,0.0053,5.8303,0.0151,0.0000,1.0786,0.0004,0.5499,0.1522,0.0011,0.0010,0.0000,0.0000,0.0005
2856,37.5427,0.0000,17.1357,5.6994,,true,0,0.008333,0.0000,0.0000,1.00,0.00,0.0000,22,1,335,362,0,0,100,5,16,16,0,0,66403,1937,0,0,898953216,0.000000,0.000000,0.000000,0.00,0,0,0,0,0,20,39,30,15,27,27,27,25,32,37,40,16,0,0.0004,0.0029,0.0398,0.0484,0.0058,0.0061,5.6994,0.0154,0.0000,1.1106,0.0003,0.5371,0.1392,0.0018,0.0012,0.0000,0.0000,0.0005
2857,37.5589,0.0000,17.2465,5.3059,,true,0,0.008333,0.0000,0.0000,1.00,0.00,0.0000,22,1,335,362,0,0,100,5,16,16,0,0,66403,1937,0,0,898953216,0.000000,0.000000,0.000000,0.00,0,0,0,0,0,20,39,30,15,27,27,27,25,32,37,40,16,0,0.0002,0.0018,0.0284,0.0423,0.0048,0.0048,5.3059,0.0109,0.0000,0.8630,0.0004,0.4003,0.1424,0.0011,0.0005,0.0000,0.0000,0.0002
2858,37.5757,0.0000,16.4107,5.3708,,true,0,0.008333,0.0000,0.0000,1.00,0.00,0.0000,22,1,335,362,0,0,100,5,16,16,0,0,66403,1937,0,0,898953216,0.000000,0.000000,0.000000,0.00,0,0,0,0,0,20,39,30,15,27,27,27,25,32,37,40,16,0,0.0003,0.0023,0.0303,0.0567,0.0057,0.0091,5.3708,0.0099,0.0000,1.1350,0.0018,0.5409,0.1210,0.0010,0.0013,0.0000,0.0000,0.0001
2859,37.5925,0.0000,16.4037,5.5217,,true,0,0.008333,0.0000,0.0000,1.00,0.00,0.0000,22,1,335,362,0,0,100,5,16,16,0,0,66403,1937,0,0,898953216,0.000000,0.000000,0.000000,0.00,0,0,0,0,0,20,39,30,15,27,27,27,25,32,37,40,16,0,0.0003,0.0010,0.0400,0.0427,0.0047,0.0038,5.5217,0.0167,0.0000,1.0093,0.0003,0.5161,0.1601,0.0011,0.0004,0.0000,0.0000,0.0002
2860,37.6096,0.0000,16.5750,5.9681,,true,0,0.008333,0.0000,0.0000,1.00,0.00,0.0000,22,1,335,362,0,0,100,5,16,16,0,0,66403,1937,0,0,898953216,0.000000,0.000000,0.000000,0.00,0,0,0,0,0,20,39,30,15,27,27,27,25,32,37,40,16,0,0.0002,0.0020,0.0428,0.0547,0.0070,0.0047,5.9681,0.0144,0.0000,1.0991,0.0003,0.5888,0.1438,0.0009,0.0004,0.0000,0.0000,0.0004
2861,37.6259,0.0000,16.8606,5.5484,,true,0,0.008333,0.0000,0.0000,1.00,0.00,0.0000,22,1,335,362,0,0,100,5,16,16,0,0,66403,1937,0,0,898953216,0.000000,0.000000,0.000000,0.00,0,0,0,0,0,20,39,30,15,27,27,27,25,32,37,40,16,0,0.0007,0.0016,0.0436,0.0350,0.0047,0.0050,5.5484,0.0382,0.0000,0.7916,0.0002,0.3978,0.1202,0.0013,0.0006,0.0000,0.0000,0.0003
2862,37.6426,0.0000,17.1103,5.5820,,true,0,0.008333,0.0000,0.0000,1.00,0.00,0.0000,22,1,335,362,0,0,100,5,16,16,0,0,66403,1937,0,0,898953216,0.000000,0.000000,0.000000,0.00,0,0,0,0,0,20,39,30,15,27,27,27,25,32,37,40,16,0,0.0009,0.0022,0.0482,0.0540,0.0072,0.0066,5.5820,0.0150,0.0000,1.0684,0.0007,0.5297,0.1550,0.0013,0.0009,0.0000,0.0000,0.0006
2863,37.6594,0.0000,16.6948,5.7990,,true,0,0.008333,0.0000,0.0000,1.00,0.00,0.0000,22,1,335,362,0,0,100,5,16,16,0,0,66403,1937,0,0,898953216,0.000000,0.000000,0.000000,0.00,0,0,0,0,0,20,39,30,15,27,27,27,25,32,37,40,16,0,0.0002,0.0014,0.0504,0.0446,0.0060,0.0021,5.7990,0.0254,0.0000,0.9595,0.0003,0.4911,0.1495,0.0011,0.0003,0.0000,0.0000,0.0003
2864,37.6830,0.0000,16.8997,12.7438,,true,0,0.008333,0.0000,0.0000,1.00,0.00,0.0000,22,1,335,362,0,0,100,5,16,16,0,0,66403,1937,0,0,898953216,0.000000,0.000000,0.000000,0.00,0,0,0,0,0,20,39,30,15,27,27,27,25,32,37,40,16,0,0.0003,0.0018,0.0562,0.0331,0.0044,0.0121,12.7438,0.0184,0.0000,8.0191,0.0003,0.5233,0.2015,0.7604,0.0006,0.0000,0.0000,6.1012
2865,37.6926,0.0000,16.7792,5.7032,,true,0,0.008333,0.0000,0.0000,1.00,0.00,0.0000,22,1,335,362,0,0,100,5,16,16,0,0,66403,1937,0,0,898953216,0.000000,0.000000,0.000000,0.00,0,0,0,0,0,20,39,30,15,27,27,27,25,32,37,40,16,0,0.0002,0.0012,0.0389,0.0302,0.0028,0.0037,5.7032,0.0230,0.0000,1.0876,0.0003,0.5401,0.1625,0.0010,0.0003,0.0000,0.0000,0.0005
2866,37.7090,0.0000,23.2627,5.4099,,true,0,0.008333,0.0000,0.0000,1.00,0.00,0.0000,22,1,335,362,0,0,100,5,16,16,0,0,66403,1937,0,0,898953216,0.000000,0.000000,0.000000,0.00,0,0,0,0,0,20,39,30,15,27,27,27,25,32,37,40,16,0,0.0002,0.0011,0.0382,0.0361,0.0038,0.0028,5.4099,0.0113,0.0000,1.0161,0.0003,0.5275,0.1403,0.0011,0.0006,0.0000,0.0000,0.0001
2867,37.7262,0.0000,9.5482,5.8362,,true,0,0.008333,0.0000,0.0000,1.00,0.00,0.0000,22,1,335,362,0,0,100,5,16,16,0,0,66403,1937,0,0,898953216,0.000000,0.000000,0.000000,0.00,0,0,0,0,0,20,39,30,15,27,27,27,25,32,37,40,16,0,0.0004,0.0019,0.0411,0.0613,0.0089,0.0047,5.8362,0.0194,0.0000,1.0721,0.0003,0.4743,0.1308,0.0013,0.0005,0.0000,0.0000,0.0005
2868,37.7427,0.0000,16.9860,5.7655,,true,0,0.008333,0.0000,0.0000,1.00,0.00,0.0000,22,1,335,362,0,0,100,5,16,16,0,0,66403,1937,0,0,898953216,0.000000,0.000000,0.000000,0.00,0,0,0,0,0,20,39,30,15,27,27,27,25,32,37,40,16,0,0.0003,0.0013,0.0494,0.0383,0.0034,0.0044,5.7655,0.0130,0.0000,1.0550,0.0004,0.5203,0.1719,0.0012,0.0008,0.0000,0.0000,0.0003
2869,37.7588,0.0000,16.0458,5.2189,,true,0,0.008333,0.0000,0.0000,1.00,0.00,0.0000,22,1,335,362,0,0,100,5,16,16,0,0,66403,1937,0,0,898953216,0.000000,0.000000,0.000000,0.00,0,0,0,0,0,20,39,30,15,27,27,27,25,32,37,40,16,0,0.0006,0.0020,0.0385,0.0385,0.0029,0.0073,5.2189,0.0118,0.0000,1.0071,0.0002,0.5392,0.1372,0.0006,0.0003,0.0000,0.0000,0.0006
2870,37.7756,0.0000,16.2371,5.3494,,true,0,0.008333,0.0000,0.0000,1.00,0.00,0.0000,22,1,335,362,0,0,100,5,16,16,0,0,66403,1937,0,0,898953216,0.000000,0.000000,0.000000,0.00,0,0,0,0,0,20,39,30,15,27,27,27,25,32,37,40,16,0,0.0004,0.0014,0.0551,0.0462,0.0054,0.0046,5.3494,0.0137,0.0000,1.0148,0.0002,0.5174,0.1288,0.0010,0.0007,0.0000,0.0000,0.0006
2871,37.7925,0.0000,16.3521,5.5245,,true,0,0.008333,0.0000,0.0000,1.00,0.00,0.0000,22,1,335,362,0,0,100,5,16,16,0,0,66403,1937,0,0,898953216,0.000000,0.000000,0.000000,0.00,0,0,0,0,0,20,39,30,15,27,27,27,25,32,37,40,16,0,0.0007,0.0019,0.0424,0.0402,0.0054,0.0060,5.5245,0.0099,0.0000,1.0912,0.0008,0.5247,0.1475,0.0011,0.0015,0.0000,0.0000,0.0004
2872,37.8096,0.0000,16.7929,5.9270,,true,0,0.008333,0.0000,0.0000,1.00,0.00,0.0000,22,1,335,362,0,0,100,5,16,16,0,0,66403,1937,0,0,898953216,0.000000,0.000000,0.000000,0.00,0,0,0,0,0,20,39,30,15,27,27,27,25,32,37,40,16,0,0.0001,0.0022,0.0439,0.0452,0.0073,0.0073,5.9270,0.0119,0.0000,0.8917,0.0003,0.4596,0.1109,0.0009,0.0004,0.0000,0.0000,0.0005
2873,37.8257,0.0000,16.8321,5.4019,,true,0,0.008333,0.0000,0.0000,1.00,0.00,0.0000,22,1,335,362,0,0,100,5,16,16,0,0,66403,1937,0,0,898953216,0.000000,0.000000,0.000000,0.00,0,0,0,0,0,20,39,30,15,27,27,27,25,32,37,40,16,0,0.0002,0.0012,0.0294,0.0351,0.0050,0.0043,5.4019,0.0242,0.0000,0.8071,0.0003,0.4144,0.1194,0.0011,0.0004,0.0000,0.0000,0.0005
2874,37.8422,0.0000,17.1572,5.1772,,true,0,0.008333,0.0000,0.0000,1.00,0.00,0.0000,22,1,335,362,0,0,100,5,16,16,0,0,66403,1937,0,0,898953216,0.000000,0.000000,0.000000,0.00,0,0,0,0,0,20,39,30,15,27,27,27,25,32,37,40,16,0,0.0007,0.0013,0.0474,0.0370,0.0052,0.0039,5.1772,0.0337,0.0000,0.8033,0.0008,0.3814,0.1431,0.0020,0.0004,0.0000,0.0000,0.0003
2875,37.8588,0.0000,17.1348,5.2005,,true,0,0.008333,0.0000,0.0000,1.00,0.00,0.0000,22,1,335,362,0,0,100,5,16,16,0,0,66403,1937,0,0,898953216,0.000000,0.000000,0.000000,0.00,0,0,0,0,0,20,39,30,15,27,27,27,25,32,37,40,16,0,0.0002,0.0017,0.0391,0.0405,0.0055,0.0055,5.2005,0.0084,0.0000,0.9850,0.0002,0.5100,0.1342,0.0012,0.0004,0.0000,0.0000,0.0003
2876,37.8757,0.0000,15.5820,5.4015,,true,0,0.008333,0.0000,0.0000,1.00,0.00,0.0000,22,1,335,362,0,0,100,5,16,16,0,0,66403,1937,0,0,898953216,0.000000,0.000000,0.000000,0.00,0,0,0,0,0,20,39,30,15,27,27,27,25,32,37,40,16,0,0.0003,0.0016,0.0309,0.0348,0.0050,0.0042,5.4015,0.0084,0.0000,0.7928,0.0003,0.3778,0.1528,0.0013,0.0005,0.0000,0.0000,0.0002
2877,37.8923,0.0000,16.7033,5.3410,,true,0,0.008333,0.0000,0.0000,1.00,0.00,0.0000,22,1,335,362,0,0,100,5,16,16,0,0,66403,1937,0,0,898953216,0.000000,0.000000,0.000000,0.00,0,0,0,0,0,20,39,30,15,27,27,27,25,32,37,40,16,0,0.0003,0.0014,0.0425,0.0475,0.0046,0.0048,5.3410,0.0137,0.0000,1.1029,0.0004,0.5155,0.1549,0.0037,0.0006,0.0000,0.0000,0.0002
2878,37.9096,0.0000,17.3155,5.9521,,true,0,0.008333,0.0000,0.0000,1.00,0.00,0.0000,22,1,335,362,0,0,100,5,16,16,0,0,66403,1937,0,0,898953216,0.000000,0.000000,0.000000,0.00,0,0,0,0,0,20,39,30,15,27,27,27,25,32,37,40,16,0,0.0003,0.0021,0.0274,0.0610,0.0082,0.0054,5.9521,0.0116,0.0000,1.3539,0.0003,0.7456,0.1637,0.0008,0.0003,0.0000,0.0000,0.0003
2879,37.9262,0.0000,15.6747,5.8989,,true,0,0.008333,0.0000,0.0000,1.00,0.00,0.0000,22,1,335,362,0,0,100,5,16,16,0,0,66403,1937,0,0,898953216,0.000000,0.000000,0.000000,0.00,0,0,0,0,0,20,39,30,15,27,27,27,25,32,37,40,16,0,0.0004,0.0022,0.0490,0.0587,0.0071,0.0056,5.8989,0.0165,0.0000,1.0637,0.0003,0.5412,0.1693,0.0011,0.0004,0.0000,0.0000,0.0003
2880,37.9424,0.0000,18.0222,5.4847,,true,0,0.008333,0.0000,0.0000,1.00,0.00,0.0000,22,1,335,362,0,0,100,5,16,16,0,0,66403,1937,0,0,898953216,0.000000,0.000000,0.000000,0.00,0,0,0,0,0,20,39,30,15,27,27,27,25,32,37,40,16,0,0.0002,0.0010,0.0399,0.0365,0.0048,0.0037,5.4847,0.0157,0.0000,1.0328,0.0009,0.5431,0.1431,0.0008,0.0004,0.0000,0.0000,0.0007
2881,37.9587,0.0000,17.1900,5.0119,,true,0,0.008333,0.0000,0.0000,1.00,0.00,0.0000,22,1,335,362,0,0,100,5,16,16,0,0,66403,1937,0,0,898953216,0.000000,0.000000,0.000000,0.00,0,0,0,0,0,20,39,30,15,27,27,27,25,32,37,40,16,0,0.0006,0.0015,0.0615,0.0390,0.0049,0.0033,5.0119,0.0133,0.0000,1.0509,0.0005,0.5370,0.1654,0.0017,0.0006,0.0000,0.0000,0.0002
2882,37.9759,0.0000,16.5004,5.5829,,true,0,0.008333,0.0000,0.0000,1.00,0.00,0.0000,22,1,335,362,0,0,100,5,16,16,0,0,66403,1937,0,0,898953216,0.000000,0.000000,0.000000,0.00,0,0,0,0,0,20,39,30,15,27,27,27,25,32,37,40,16,0,0.0002,0.0010,0.0364,0.0393,0.0046,0.0025,5.5829,0.0117,0.0000,1.0208,0.0004,0.5149,0.1613,0.0007,0.0005,0.0000,0.0000,0.0001
2883,37.9926,0.0000,15.7486,5.5894,,true,0,0.008333,0.0000,0.0000,1.00,0.00,0.0000,22,1,335,362,0,0,100,5,16,16,0,0,66403,1937,0,0,898953216,0.000000,0.000000,0.000000,0.00,0,0,0,0,0,20,39,30,15,27,27,27,25,32,37,40,16,0,0.0002,0.0012,0.0457,0.0317,0.0030,0.0031,5.5894,0.0165,0.0000,1.0750,0.0004,0.5284,0.1361,0.0010,0.0007,0.0000,0.0000,0.0005
2884,38.0097,0.0000,16.9378,5.9971,,true,0,0.008333,0.0000,0.0000,1.00,0.00,0.0000,22,1,335,362,0,0,100,5,16,16,0,0,66403,1937,0,0,898953216,0.000000,0.000000,0.000000,0.00,0,0,0,0,0,20,39,30,15,27,27,27,25,32,37,40,16,0,0.0013,0.0014,0.0395,0.0602,0.0086,0.0047,5.9971,0.0098,0.0000,1.3920,0.0003,0.7393,0.1698,0.0013,0.0006,0.0000,0.0000,0.0008
2885,38.0260,0.0000,15.9952,5.6802,,true,0,0.008333,0.0000,0.0000,1.00,0.00,0.0000,22,1,335,362,0,0,100,5,16,16,0,0,66403,1937,0,0,898953216,0.000000,0.000000,0.000000,0.00,0,0,0,0,0,20,39,30,15,27,27,27,25,32,37,40,16,0,0.0004,0.0018,0.0384,0.0418,0.0047,0.0053,5.6802,0.0141,0.0000,0.8657,0.0017,0.4010,0.1312,0.0018,0.0072,0.0000,0.0000,0.0005
2886,38.0427,0.0000,17.1272,5.6965,,true,0,0.008333,0.0000,0.0000,1.00,0.00,0.0000,22,1,335,362,0,0,100,5,16,16,0,0,66403,1937,0,0,898953216,0.000000,0.000000,0.000000,0.00,0,0,0,0,0,20,39,30,15,27,27,27,25,32,37,40,16,0,0.0002,0.0020,0.0395,0.0591,0.0067,0.0053,5.6965,0.0177,0.0000,1.0637,0.0002,0.5047,0.1724,0.0010,0.0003,0.0000,0.0000,0.0005
2887,38.0587,0.0000,18.2221,5.0788,,true,0,0.008333,0.0000,0.0000,1.00,0.00,0.0000,22,1,335,362,0,0,100,5,16,16,0,0,66403,1937,0,0,898953216,0.000000,0.000000,0.000000,0.00,0,0,0,0,0,20,39,30,15,27,27,27,25,32,37,40,16,0,0.0002,0.0011,0.0463,0.0404,0.0089,0.0030,5.0788,0.0129,0.0000,1.0305,0.0008,0.5100,0.1622,0.0017,0.0009,0.0000,0.0000,0.0003
2888,38.0757,0.0000,16.3002,5.3373,,true,0,0.008333,0.0000,0.0000,1.00,0.00,0.0000,22,1,335,362,0,0,100,5,16,16,0,0,66403,1937,0,0,898953216,0.000000,0.000000,0.000000,0.00,0,0,0,0,0,20,39,30,15,27,27,27,25,32,37,40,16,0,0.0002,0.0012,0.0406,0.0458,0.0049,0.0023,5.3373,0.0134,0.0000,1.0422,0.0006,0.5222,0.1412,0.0011,0.0004,0.0000,0.0000,0.0005
2889,38.0920,0.0000,15.7122,5.0597,,true,0,0.008333,0.0000,0.0000,1.00,0.00,0.0000,22,1,335,362,0,0,100,5,16,16,0,0,66403,1937,0,0,898953216,0.000000,0.000000,0.000000,0.00,0,0,0,0,0,20,39,30,15,27,27,27,25,32,37,40,16,0,0.0002,0.0014,0.0441,0.0365,0.0139,0.0039,5.0597,0.0253,0.0000,1.0224,0.0004,0.5141,0.1640,0.0013,0.0005,0.0000,0.0000,0.0005
2890,38.1093,0.0000,16.9538,5.5730,,true,0,0.008333,0.0000,0.0000,1.00,0.00,0.0000,22,1,335,362,0,0,100,5,16,16,0,0,66403,1937,0,0,898953216,0.000000,0.000000,0.000000,0.00,0,0,0,0,0,20,39,30,15,27,27,27,25,32,37,40,16,0,0.0004,0.0043,0.0430,0.0458,0.0059,0.0071,5.5730,0.0129,0.0000,1.1329,0.0006,0.5719,0.1570,0.0009,0.0010,0.0000,0.0000,0.0006
2891,38.1262,0.0000,15.2958,5.8771,,true,0,0.008333,0.0000,0.0000,1.00,0.00,0.0000,22,1,335,362,0,0,100,5,16,16,0,0,66403,1937,0,0,898953216,0.000000,0.000000,0.000000,0.00,0,0,0,0,0,20,39,30,15,27,27,27,25,32,37,40,16,0,0.0002,0.0021,0.0503,0.0526,0.0065,0.0061,5.8771,0.0216,0.0000,1.1016,0.0003,0.5396,0.1778,0.0036,0.0010,0.0000,0.0000,0.0005
2892,38.1427,0.0000,17.3451,5.7707,,true,0,0.008333,0.0000,0.0000,1.00,0.00,0.0000,22,1,335,362,0,0,100,5,16,16,0,0,66403,1937,0,0,898953216,0.000000,0.000000,0.000000,0.00,0,0,0,0,0,20,39,30,15,27,27,27,25,32,37,40,16,0,0.0001,0.0016,0.0434,0.0433,0.0046,0.0038,5.7707,0.0161,0.0000,0.9619,0.0005,0.5048,0.1284,0.0018,0.0008,0.0000,0.0000,0.0006
2893,38.1593,0.0000,17.7746,5.6527,,true,0,0.008333,0.0000,0.0000,1.00,0.00,0.0000,22,1,335,362,0,0,100,5,16,16,0,0,66403,1937,0,0,898953216,0.000000,0.000000,0.000000,0.00,0,0,0,0,0,20,39,30,15,27,27,27,25,32,37,40,16,0,0.0003,0.0020,0.0412,0.0418,0.0046,0.0038,5.6527,0.0126,0.0000,1.0226,0.0003,0.5154,0.1598,0.0017,0.0007,0.0000,0.0000,0.0006
2894,38.1758,0.0000,16.7882,5.4907,,true,0,0.008333,0.0000,0.0000,1.00,0.00,0.0000,22,1,335,362,0,0,100,5,16,16,0,0,66403,1937,0,0,898953216,0.000000,0.000000,0.000000,0.00,0,0,0,0,0,20,39,30,15,27,27,27,25,32,37,40,16,0,0.0002,0.0014,0.0446,0.0422,0.0033,0.0036,5.4907,0.0126,0.0000,1.0423,0.0006,0.5327,0.1672,0.0011,0.0004,0.0000,0.0000,0.0003
2895,38.1930,0.0000,16.8349,6.0069,,true,0,0.008333,0.0000,0.0000,1.00,0.00,0.0000,22,1,335,362,0,0,100,5,16,16,0,0,66403,1937,0,0,898953216,0.000000,0.000000,0.000000,0.00,0,0,0,0,0,20,39,30,15,27,27,27,25,32,37,40,16,0,0.0006,0.0026,0.0520,0.0375,0.0034,0.0048,6.0069,0.0147,0.0000,1.4772,0.0003,0.7524,0.1477,0.0013,0.0005,0.0000,0.0000,0.0008
2896,38.2093,0.0000,15.5916,5.6497,,true,0,0.008333,0.0000,0.0000,1.00,0.00,0.0000,22,1,335,362,0,0,100,5,16,16,0,0,66403,1937,0,0,898953216,0.000000,0.000000,0.000000,0.00,0,0,0,0,0,20,39,30,15,27,27,27,25,32,37,40,16,0,0.0005,0.0020,0.0348,0.0539,0.0356,0.0057,5.6497,0.0170,0.0000,0.8473,0.0004,0.3930,0.1441,0.0005,0.0006,0.0000,0.0000,0.0001
2897,38.2263,0.0000,17.0518,5.9596,,true,0,0.008333,0.0000,0.0000,1.00,0.00,0.0000,22,1,335,362,0,0,100,5,16,16,0,0,66403,1937,0,0,898953216,0.000000,0.000000,0.000000,0.00,0,0,0,0,0,20,39,30,15,27,27,27,25,32,37,40,16,0,0.0002,0.0015,0.0382,0.0369,0.0040,0.0043,5.9596,0.0176,0.0000,1.8507,0.0004,0.5392,0.1795,0.0015,0.0006,0.0000,0.0000,0.0008
2898,38.2427,0.0000,16.8733,5.7556,,true,0,0.008333,0.0000,0.0000,1.00,0.00,0.0000,22,1,335,362,0,0,100,5,16,16,0,0,66403,1937,0,0,898953216,0.000000,0.000000,0.000000,0.00,0,0,0,0,0,20,39,30,15,27,27,27,25,32,37,40,16,0,0.0002,0.0014,0.0400,0.0404,0.0042,0.0047,5.7556,0.0319,0.0000,0.8747,0.0002,0.3875,0.1340,0.0008,0.0003,0.0000,0.0000,0.0003
2899,38.2591,0.0000,16.9408,5.4135,,true,0,0.008333,0.0000,0.0000,1.00,0.00,0.0000,22,1,335,362,0,0,100,5,16,16,0,0,66403,1937,0,0,898953216,0.000000,0.000000,0.000000,0.00,0,0,0,0,0,20,39,30,15,27,27,27,25,32,37,40,16,0,0.0002,0.0020,0.0468,0.0326,0.0049,0.0061,5.4135,0.0180,0.0000,1.0496,0.0005,0.5224,0.1765,0.0016,0.0007,0.0000,0.0000,0.0005
2900,38.2753,0.0000,16.8700,4.9930,,true,0,0.008333,0.0000,0.0000,1.00,0.00,0.0000,22,1,335,362,0,0,100,5,16,16,0,0,66403,1937,0,0,898953216,0.000000,0.000000,0.000000,0.00,0,0,0,0,0,20,39,30,15,27,27,27,25,32,37,40,16,0,0.0003,0.0016,0.0376,0.0364,0.0055,0.0093,4.9930,0.0131,0.0000,1.1641,0.0013,0.5783,0.1174,0.0005,0.0015,0.0000,0.0000,0.0003
2901,38.2923,0.0000,16.4855,5.3272,,true,0,0.008333,0.0000,0.0000,1.00,0.00,0.0000,22,1,335,362,0,0,100,5,16,16,0,0,66403,1937,0,0,898953216,0.000000,0.000000,0.000000,0.00,0,0,0,0,0,20,39,30,15,27,27,27,25,32,37,40,16,0,0.0002,0.0012,0.0406,0.0422,0.0044,0.0041,5.3272,0.0151,0.0000,1.0318,0.0005,0.5431,0.1480,0.0009,0.0005,0.0000,0.0000,0.0007
2902,38.3094,0.0000,15.2365,5.7143,,true,0,0.008333,0.0000,0.0000,1.00,0.00,0.0000,22,1,335,362,0,0,100,5,16,16,0,0,66403,1937,0,0,898953216,0.000000,0.000000,0.000000,0.00,0,0,0,0,0,20,39,30,15,27,27,27,25,32,37,40,16,0,0.0003,0.0016,0.0397,0.0782,0.0076,0.0063,5.7143,0.0145,0.0000,0.9680,0.0002,0.4850,0.0948,0.0010,0.0004,0.0000,0.0000,0.0005
2903,38.3261,0.0000,16.2639,5.7814,,true,0,0.008333,0.0000,0.0000,1.00,0.00,0.0000,22,1,335,362,0,0,100,5,16,16,0,0,66403,1937,0,0,898953216,0.000000,0.000000,0.000000,0.00,0,0,0,0,0,20,39,30,15,27,27,27,25,32,37,40,16,0,0.0003,0.0023,0.0439,0.0669,0.0075,0.0063,5.7814,0.0132,0.0000,1.0944,0.0005,0.5889,0.1296,0.0013,0.0010,0.0000,0.0000,0.0002
2904,38.3425,0.0000,17.4197,5.5287,,true,0,0.008333,0.0000,0.0000,1.00,0.00,0.0000,22,1,335,362,0,0,100,5,16,16,0,0,66403,1937,0,0,898953216,0.000000,0.000000,0.000000,0.00,0,0,0,0,0,20,39,30,15,27,27,27,25,32,37,40,16,0,0.0004,0.0011,0.0353,0.0566,0.0078,0.0068,5.5287,0.0117,0.0000,0.8059,0.0003,0.3908,0.1146,0.0012,0.0002,0.0000,0.0000,0.0006
2905,38.3587,0.0000,16.9707,5.0112,,true,0,0.008333,0.0000,0.0000,1.00,0.00,0.0000,22,1,335,362,0,0,100,5,16,16,0,0,66403,1937,0,0,898953216,0.000000,0.000000,0.000000,0.00,0,0,0,0,0,20,39,30,15,27,27,27,25,32,37,40,16,0,0.0003,0.0008,0.0342,0.0381,0.0046,0.0040,5.0112,0.0069,0.0000,0.8147,0.0002,0.4203,0.0893,0.0005,0.0002,0.0000,0.0000,0.0006
2906,38.3757,0.0000,15.9201,5.3342,,true,0,0.008333,0.0000,0.0000,1.00,0.00,0.0000,22,1,335,362,0,0,100,5,16,16,0,0,66403,1937,0,0,898953216,0.000000,0.000000,0.000000,0.00,0,0,0,0,0,20,39,30,15,27,27,27,25,32,37,40,16,0,0.0002,0.0018,0.0440,0.0512,0.0068,0.0055,5.3342,0.0094,0.0000,1.0153,0.0003,0.5323,0.1383,0.0012,0.0007,0.0000,0.0000,0.0003
2907,38.3922,0.0000,16.3525,5.2355,,true,0,0.008333,0.0000,0.0000,1.00,0.00,0.0000,22,1,335,362,0,0,100,5,16,16,0,0,66403,1937,0,0,898953216,0.000000,0.000000,0.000000,0.00,0,0,0,0,0,20,39,30,15,27,27,27,25,32,37,40,16,0,0.0004,0.0021,0.0404,0.0390,0.0052,0.0054,5.2355,0.0141,0.0000,1.0859,0.0004,0.5260,0.1782,0.0015,0.0010,0.0000,0.0000,0.0006
2908,38.4095,0.0000,17.0074,5.8285,,true,0,0.008333,0.0000,0.0000,1.00,0.00,0.0000,22,1,335,362,0,0,100,5,16,16,0,0,66403,1937,0,0,898953216,0.000000,0.000000,0.000000,0.00,0,0,0,0,0,20,39,30,15,27,27,27,25,32,37,40,16,0,0.0005,0.0016,0.0425,0.0493,0.0070,0.0038,5.8285,0.0175,0.0000,1.0529,0.0008,0.5391,0.1417,0.0010,0.0005,0.0000,0.0000,0.0006
2909,38.4261,0.0000,16.5575,5.7427,,true,0,0.008333,0.0000,0.0000,1.00,0.00,0.0000,22,1,335,362,0,0,100,5,16,16,0,0,66403,1937,0,0,898953216,0.000000,0.000000,0.000000,0.00,0,0,0,0,0,20,39,30,15,27,27,27,25,32,37,40,16,0,0.0002,0.0013,0.0461,0.0508,0.0126,0.0039,5.7427,0.0183,0.0000,1.0474,0.0004,0.5399,0.1431,0.0013,0.0005,0.0000,0.0000,0.0006
2910,38.4484,0.0000,17.3868,11.3679,,true,0,0.008333,0.0000,0.0000,1.00,0.00,0.0000,22,1,335,362,0,0,100,5,16,16,0,0,66403,1937,0,0,898953216,0.000000,0.000000,0.000000,0.00,0,0,0,0,0,20,39,30,15,27,27,27,25,32,37,40,16,0,0.0002,0.0017,0.0429,0.0419,0.0048,0.0040,11.3679,0.0099,0.0000,6.5166,0.0003,0.4980,0.1186,0.7351,0.0004,0.0000,0.0000,4.8307
2911,38.4595,0.0000,17.5339,5.9326,,true,0,0.008333,0.0000,0.0000,1.00,0.00,0.0000,22,1,335,362,0,0,100,5,16,16,0,0,66403,1937,0,0,898953216,0.000000,0.000000,0.000000,0.00,0,0,0,0,0,20,39,30,15,27,27,27,25,32,37,40,16,0,0.0004,0.0010,0.0331,0.0495,0.0051,0.0055,5.9326,0.0077,0.0000,1.3962,0.0006,0.7174,0.1841,0.0024,0.0012,0.0000,0.0000,0.0005
2912,38.4756,0.0000,21.1449,5.2989,,true,0,0.008333,0.0000,0.0000,1.00,0.00,0.0000,22,1,335,362,0,0,100,5,16,16,0,0,66403,1937,0,0,898953216,0.000000,0.000000,0.000000,0.00,0,0,0,0,0,20,39,30,15,27,27,27,25,32,37,40,16,0,0.0003,0.0021,0.0438,0.0477,0.0032,0.0053,5.2989,0.0142,0.0000,0.9835,0.0003,0.4956,0.1340,0.0008,0.0004,0.0000,0.0000,0.0003
2913,38.4925,0.0000,12.3061,5.5078,,true,0,0.008333,0.0000,0.0000,1.00,0.00,0.0000,22,1,335,362,0,0,100,5,16,16,0,0,66403,1937,0,0,898953216,0.000000,0.000000,0.000000,0.00,0,0,0,0,0,20,39,30,15,27,27,27,25,32,37,40,16,0,0.0003,0.0014,0.0406,0.0478,0.0047,0.0038,5.5078,0.0157,0.0000,0.9100,0.0009,0.3866,0.1434,0.0016,0.0006,0.0000,0.0000,0.0004
2914,38.5091,0.0000,16.1934,5.4237,,true,0,0.008333,0.0000,0.0000,1.00,0.00,0.0000,22,1,335,362,0,0,100,5,16,16,0,0,66403,1937,0,0,898953216,0.000000,0.000000,0.000000,0.00,0,0,0,0,0,20,39,30,15,27,27,27,25,32,37,40,16,0,0.0005,0.0012,0.0264,0.0482,0.0057,0.0041,5.4237,0.0131,0.0000,0.9308,0.0004,0.4063,0.1256,0.0010,0.0003,0.0000,0.0000,0.0003
2915,38.5260,0.0000,16.0477,5.6825,,true,0,0.008333,0.0000,0.0000,1.00,0.00,0.0000,22,1,335,362,0,0,100,5,16,16,0,0,66403,1937,0,0,898953216,0.000000,0.000000,0.000000,0.00,0,0,0,0,0,20,39,30,15,27,27,27,25,32,37,40,16,0,0.0003,0.0032,0.0427,0.0488,0.0054,0.0057,5.6825,0.0157,0.0000,1.0924,0.0006,0.6088,0.1320,0.0007,0.0004,0.0000,0.0000,0.0003
2916,38.5427,0.0000,16.2563,5.7172,,true,0,0.008333,0.0000,0.0000,1.00,0.00,0.0000,22,1,335,362,0,0,100,5,16,16,0,0,66403,1937,0,0,898953216,0.000000,0.000000,0.000000,0.00,0,0,0,0,0,20,39,30,15,27,27,27,25,32,37,40,16,0,0.0005,0.0019,0.0384,0.0665,0.0065,0.0048,5.7172,0.0116,0.0000,1.0564,0.0004,0.5204,0.1506,0.0015,0.0008,0.0000,0.0000,0.0006
2917,38.5586,0.0000,16.9740,5.0012,,true,0,0.008333,0.0000,0.0000,1.00,0.00,0.0000,22,1,335,362,0,0,100,5,16,16,0,0,66403,1937,0,0,898953216,0.000000,0.000000,0.000000,0.00,0,0,0,0,0,20,39,30,15,27,27,27,25,32,37,40,16,0,0.0006,0.0013,0.0410,0.0367,0.0031,0.0048,5.0012,0.0094,0.0000,1.0347,0.0004,0.5530,0.1247,0.0006,0.0006,0.0000,0.0000,0.0003
2918,38.5756,0.0000,16.3185,5.2908,,true,0,0.008333,0.0000,0.0000,1.00,0.00,0.0000,22,1,335,362,0,0,100,5,16,16,0,0,66403,1937,0,0,898953216,0.000000,0.000000,0.000000,0.00,0,0,0,0,0,20,39,30,15,27,27,27,25,32,37,40,16,0,0.0003,0.0016,0.0428,0.0478,0.0049,0.0046,5.2908,0.0105,0.0000,1.0021,0.0007,0.5286,0.1332,0.0011,0.0004,0.0000,0.0000,0.0003
2919,38.5922,0.0000,15.9895,5.2550,,true,0,0.008333,0.0000,0.0000,1.00,0.00,0.0000,22,1,335,362,0,0,100,5,16,16,0,0,66403,1937,0,0,898953216,0.000000,0.000000,0.000000,0.00,0,0,0,0,0,20,39,30,15,27,27,27,25,32,37,40,16,0,0.0003,0.0017,0.0439,0.0509,0.0039,0.0049,5.2550,0.0126,0.0000,1.0465,0.0005,0.5055,0.1454,0.0008,0.0006,0.0000,0.0000,0.0003
2920,38.6094,0.0000,17.0232,5.6856,,true,0,0.008333,0.0000,0.0000,1.00,0.00,0.0000,22,1,335,362,0,0,100,5,16,16,0,0,66403,1937,0,0,898953216,0.000000,0.000000,0.000000,0.00,0,0,0,0,0,20,39,30,15,27,27,27,25,32,37,40,16,0,0.0002,0.0013,0.0391,0.0444,0.0051,0.0036,5.6856,0.0146,0.0000,1.0200,0.0004,0.5279,0.1447,0.0012,0.0003,0.0000,0.0000,0.0008
2921,38.6257,0.0000,17.0383,5.4142,,true,0,0.008333,0.0000,0.0000,1.00,0.00,0.0000,22,1,335,362,0,0,100,5,16,16,0,0,66403,1937,0,0,898953216,0.000000,0.000000,0.000000,0.00,0,0,0,0,0,20,39,30,15,27,27,27,25,32,37,40,16,0,0.0003,0.0013,0.0439,0.0417,0.0041,0.0050,5.4142,0.0135,0.0000,1.1106,0.0004,0.5171,0.2217,0.0016,0.0010,0.0000,0.0000,0.0001
2922,38.6424,0.0000,17.1204,5.4127,,true,0,0.008333,0.0000,0.0000,1.00,0.00,0.0000,22,1,335,362,0,0,100,5,16,16,0,0,66403,1937,0,0,898953216,0.000000,0.000000,0.000000,0.00,0,0,0,0,0,20,39,30,15,27,27,27,25,32,37,40,16,0,0.0001,0.0017,0.0454,0.0418,0.0060,0.0037,5.4127,0.0148,0.0000,1.0751,0.0003,0.5649,0.1485,0.0010,0.0012,0.0000,0.0000,0.0004
2923,38.6587,0.0000,16.4680,5.0878,,true,0,0.008333,0.0000,0.0000,1.00,0.00,0.0000,22,1,335,362,0,0,100,5,16,16,0,0,66403,1937,0,0,898953216,0.000000,0.000000,0.000000,0.00,0,0,0,0,0,20,39,30,15,27,27,27,25,32,37,40,16,0,0.0003,0.0013,0.0315,0.0438,0.0132,0.0036,5.0878,0.0340,0.0000,0.9581,0.0002,0.4775,0.1665,0.0014,0.0013,0.0000,0.0000,0.0003
2924,38.6755,0.0000,17.0155,5.1647,,true,0,0.008333,0.0000,0.0000,1.00,0.00,0.0000,22,1,335,362,0,0,100,5,16,16,0,0,66403,1937,0,0,898953216,0.000000,0.000000,0.000000,0.00,0,0,0,0,0,20,39,30,15,27,27,27,25,32,37,40,16,0,0.0006,0.0013,0.0385,0.0538,0.0032,0.0055,5.1647,0.0109,0.0000,1.0152,0.0005,0.5306,0.1379,0.0012,0.0004,0.0000,0.0000,0.0002
2925,38.6915,0.0000,16.4750,4.5962,,true,0,0.008333,0.0000,0.0000,1.00,0.00,0.0000,22,1,335,362,0,0,100,5,16,16,0,0,66403,1937,0,0,898953216,0.000000,0.000000,0.000000,0.00,0,0,0,0,0,20,39,30,15,27,27,27,25,32,37,40,16,0,0.0002,0.0015,0.0301,0.0379,0.0035,0.0042,4.5962,0.0076,0.0000,0.9506,0.0001,0.5365,0.0899,0.0009,0.0003,0.0000,0.0000,0.0003
2926,38.7091,0.0000,16.6748,5.4109,,true,0,0.008333,0.0000,0.0000,1.00,0.00,0.0000,22,1,335,362,0,0,100,5,16,16,0,0,66403,1937,0,0,898953216,0.000000,0.000000,0.000000,0.00,0,0,0,0,0,20,39,30,15,27,27,27,25,32,37,40,16,0,0.0003,0.0014,0.0399,0.0529,0.0103,0.0073,5.4109,0.0129,0.0000,1.0380,0.0003,0.5363,0.1448,0.0009,0.0007,0.0000,0.0000,0.0003
2927,38.7261,0.0000,15.5628,5.7318,,true,0,0.008333,0.0000,0.0000,1.00,0.00,0.0000,22,1,335,362,0,0,100,5,16,16,0,0,66403,1937,0,0,898953216,0.000000,0.000000,0.000000,0.00,0,0,0,0,0,20,39,30,15,27,27,27,25,32,37,40,16,0,0.0004,0.0018,0.0593,0.0405,0.0057,0.0053,5.7318,0.0215,0.0000,0.8376,0.0005,0.4077,0.1634,0.0017,0.0008,0.0000,0.0000,0.0003
2928,38.7423,0.0000,17.5440,5.3098,,true,0,0.008333,0.0000,0.0000,1.00,0.00,0.0000,22,1,335,362,0,0,100,5,16,16,0,0,66403,1937,0,0,898953216,0.000000,0.000000,0.000000,0.00,0,0,0,0,0,20,39,30,15,27,27,27,25,32,37,40,16,0,0.0002,0.0013,0.0380,0.0426,0.0042,0.0037,5.3098,0.0163,0.0000,1.0649,0.0004,0.5364,0.1777,0.0013,0.0005,0.0000,0.0000,0.0003
2929,38.7590,0.0000,17.0526,5.3880,,true,0,0.008333,0.0000,0.0000,1.00,0.00,0.0000,22,1,335,362,0,0,100,5,16,16,0,0,66403,1937,0,0,898953216,0.000000,0.000000,0.000000,0.00,0,0,0,0,0,20,39,30,15,27,27,27,25,32,37,40,16,0,0.0002,0.0012,0.0340,0.0387,0.0048,0.0053,5.3880,0.0103,0.0000,1.0200,0.0004,0.4497,0.1335,0.0005,0.0006,0.0000,0.0000,0.0003
2930,38.7757,0.0000,16.4127,5.4373,,true,0,0.008333,0.0000,0.0000,1.00,0.00,0.0000,22,1,335,362,0,0,100,5,16,16,0,0,66403,1937,0,0,898953216,0.000000,0.000000,0.000000,0.00,0,0,0,0,0,20,39,30,15,27,27,27,25,32,37,40,16,0,0.0004,0.0013,0.0511,0.0371,0.0055,0.0053,5.4373,0.0155,0.0000,1.0318,0.0005,0.5065,0.1487,0.0010,0.0004,0.0000,0.0000,0.0004
2931,38.7924,0.0000,17.3883,5.4025,,true,0,0.008333,0.0000,0.0000,1.00,0.00,0.0000,22,1,335,362,0,0,100,5,16,16,0,0,66403,1937,0,0,898953216,0.000000,0.000000,0.000000,0.00,0,0,0,0,0,20,39,30,15,27,27,27,25,32,37,40,16,0,0.0003,0.0008,0.0263,0.0304,0.0045,0.0041,5.4025,0.0125,0.0000,1.2247,0.0026,0.7122,0.1704,0.0008,0.0004,0.0000,0.0000,0.0005
2932,38.8093,0.0000,16.6140,5.7180,,true,0,0.008333,0.0000,0.0000,1.00,0.00,0.0000,22,1,335,362,0,0,100,5,16,16,0,0,66403,1937,0,0,898953216,0.000000,0.000000,0.000000,0.00,0,0,0,0,0,20,39,30,15,27,27,27,25,32,37,40,16,0,0.0006,0.0012,0.0434,0.0462,0.0057,0.0059,5.7180,0.0105,0.0000,1.0474,0.0003,0.5305,0.1634,0.0012,0.0008,0.0000,0.0000,0.0004
2933,38.8257,0.0000,15.3868,5.4209,,true,0,0.008333,0.0000,0.0000,1.00,0.00,0.0000,22,1,335,362,0,0,100,5,16,16,0,0,66403,1937,0,0,898953216,0.000000,0.000000,0.000000,0.00,0,0,0,0,0,20,39,30,15,27,27,27,25,32,37,40,16,0,0.0002,0.0012,0.0380,0.0376,0.0048,0.0046,5.4209,0.0175,0.0000,0.8991,0.0003,0.4727,0.1465,0.0017,0.0010,0.0000,0.0000,0.0005
2934,38.8425,0.0000,17.0525,5.5093,,true,0,0.008333,0.0000,0.0000,1.00,0.00,0.0000,22,1,335,362,0,0,100,5,16,16,0,0,66403,1937,0,0,898953216,0.000000,0.000000,0.000000,0.00,0,0,0,0,0,20,39,30,15,27,27,27,25,32,37,40,16,0,0.0003,0.0023,0.0307,0.0477,0.0044,0.0041,5.5093,0.0117,0.0000,0.8803,0.0007,0.3935,0.1738,0.0013,0.0010,0.0000,0.0000,0.0002
2935,38.8588,0.0000,16.4563,5.1633,,true,0,0.008333,0.0000,0.0000,1.00,0.00,0.0000,22,1,335,362,0,0,100,5,16,16,0,0,66403,1937,0,0,898953216,0.000000,0.000000,0.000000,0.00,0,0,0,0,0,20,39,30,15,27,27,27,25,32,37,40,16,0,0.0002,0.0014,0.0413,0.0380,0.0042,0.0046,5.1633,0.0137,0.0000,1.0270,0.0004,0.5332,0.1623,0.0009,0.0012,0.0000,0.0000,0.0002
2936,38.8757,0.0000,16.9524,5.4136,,true,0,0.008333,0.0000,0.0000,1.00,0.00,0.0000,22,1,335,362,0,0,100,5,16,16,0,0,66403,1937,0,0,898953216,0.000000,0.000000,0.000000,0.00,0,0,0,0,0,20,39,30,15,27,27,27,25,32,37,40,16,0,0.0003,0.0019,0.0422,0.0605,0.0070,0.0053,5.4136,0.0140,0.0000,1.0122,0.0005,0.5038,0.1479,0.0008,0.0007,0.0000,0.0000,0.0003
2937,38.8925,0.0000,15.8040,5.5143,,true,0,0.008333,0.0000,0.0000,1.00,0.00,0.0000,22,1,335,362,0,0,100,5,16,16,0,0,66403,1937,0,0,898953216,0.000000,0.000000,0.000000,0.00,0,0,0,0,0,20,39,30,15,27,27,27,25,32,37,40,16,0,0.0002,0.0018,0.0500,0.0358,0.0038,0.0042,5.5143,0.0167,0.0000,1.0466,0.0003,0.5179,0.1706,0.0006,0.0005,0.0000,0.0000,0.0003
2938,38.9092,0.0000,17.2431,5.6128,,true,0,0.008333,0.0000,0.0000,1.00,0.00,0.0000,22,1,335,362,0,0,100,5,16,16,0,0,66403,1937,0,0,898953216,0.000000,0.000000,0.000000,0.00,0,0,0,0,0,20,39,30,15,27,27,27,25,32,37,40,16,0,0.0003,0.0012,0.0501,0.0433,0.0056,0.0072,5.6128,0.0207,0.0000,1.0911,0.0002,0.5415,0.2059,0.0010,0.0003,0.0000,0.0000,0.0005
2939,38.9263,0.0000,16.4575,6.0486,,true,0,0.008333,0.0000,0.0000,1.00,0.00,0.0000,22,1,335,362,0,0,100,5,16,16,0,0,66403,1937,0,0,898953216,0.000000,0.000000,0.000000,0.00,0,0,0,0,0,20,39,30,15,27,27,27,25,32,37,40,16,0,0.0002,0.0015,0.0453,0.0421,0.0048,0.0038,6.0486,0.0175,0.0000,1.0955,0.0005,0.5105,0.2015,0.0019,0.0010,0.0000,0.0000,0.0004
2940,38.9429,0.0000,16.8303,5.8560,,true,0,0.008333,0.0000,0.0000,1.00,0.00,0.0000,22,1,335,362,0,0,100,5,16,16,0,0,66403,1937,0,0,898953216,0.000000,0.000000,0.000000,0.00,0,0,0,0,0,20,39,30,15,27,27,27,25,32,37,40,16,0,0.0004,0.0017,0.0353,0.0447,0.0059,0.0067,5.8560,0.0132,0.0000,1.0285,0.0003,0.5219,0.1494,0.0012,0.0004,0.0000,0.0000,0.0006
2941,38.9591,0.0000,17.0313,5.5331,,true,0,0.008333,0.0000,0.0000,1.00,0.00,0.0000,22,1,335,362,0,0,100,5,16,16,0,0,66403,1937,0,0,898953216,0.000000,0.000000,0.000000,0.00,0,0,0,0,0,20,39,30,15,27,27,27,25,32,37,40,16,0,0.0002,0.0009,0.0643,0.0367,0.0038,0.0038,5.5331,0.0207,0.0000,1.0988,0.0009,0.5147,0.2378,0.0010,0.0004,0.0000,0.0000,0.0007
2942,38.9760,0.0000,16.8810,5.7755,,true,0,0.008333,0.0000,0.0000,1.00,0.00,0.0000,22,1,335,362,0,0,100,5,16,16,0,0,66403,1937,0,0,898953216,0.000000,0.000000,0.000000,0.00,0,0,0,0,0,20,39,30,15,27,27,27,25,32,37,40,16,0,0.0003,0.0012,0.0377,0.0390,0.0236,0.0043,5.7755,0.0169,0.0000,1.2660,0.0003,0.6773,0.1296,0.0010,0.0003,0.0000,0.0000,0.0005
2943,38.9930,0.0000,16.9046,6.0325,,true,0,0.008333,0.0000,0.0000,1.00,0.00,0.0000,22,1,335,362,0,0,100,5,16,16,0,0,66403,1937,0,0,898953216,0.000000,0.000000,0.000000,0.00,0,0,0,0,0,20,39,30,15,27,27,27,25,32,37,40,16,0,0.0002,0.0015,0.0441,0.0304,0.0036,0.0029,6.0325,0.0131,0.0000,1.1172,0.0009,0.5594,0.1491,0.0008,0.0005,0.0000,0.0000,0.0003
2944,39.0089,0.0000,17.1911,5.2958,,true,0,0.008333,0.0000,0.0000,1.00,0.00,0.0000,22,1,335,362,0,0,100,5,16,16,0,0,66403,1937,0,0,898953216,0.000000,0.000000,0.000000,0.00,0,0,0,0,0,20,39,30,15,27,27,27,25,32,37,40,16,0,0.0003,0.0008,0.0418,0.0291,0.0024,0.0025,5.2958,0.0089,0.0000,1.1295,0.0003,0.6061,0.1089,0.0007,0.0008,0.0000,0.0000,0.0005
2945,39.0252,0.0000,16.6954,4.9142,,true,0,0.008333,0.0000,0.0000,1.00,0.00,0.0000,22,1,335,362,0,0,100,5,16,16,0,0,66403,1937,0,0,898953216,0.000000,0.000000,0.000000,0.00,0,0,0,0,0,20,39,30,15,27,27,27,25,32,37,40,16,0,0.0002,0.0011,0.0428,0.0462,0.0046,0.0039,4.9142,0.0131,0.0000,0.7773,0.0002,0.3794,0.1038,0.0009,0.0002,0.0000,0.0000,0.0001
2946,39.0427,0.0000,14.7910,5.7325,,true,0,0.008333,0.0000,0.0000,1.00,0.00,0.0000,22,1,335,362,0,0,100,5,16,16,0,0,66403,1937,0,0,898953216,0.000000,0.000000,0.000000,0.00,0,0,0,0,0,20,39,30,15,27,27,27,25,32,37,40,16,0,0.0004,0.0016,0.0396,0.0616,0.0064,0.0056,5.7325,0.0144,0.0000,1.0445,0.0006,0.5160,0.1532,0.0010,0.0009,0.0000,0.0000,0.0004
2947,39.0595,0.0000,16.2537,5.8819,,true,0,0.008333,0.0000,0.0000,1.00,0.00,0.0000,22,1,335,362,0,0,100,5,16,16,0,0,66403,1937,0,0,898953216,0.000000,0.000000,0.000000,0.00,0,0,0,0,0,20,39,30,15,27,27,27,25,32,37,40,16,0,0.0003,0.0015,0.0457,0.0379,0.0051,0.0048,5.8819,0.0142,0.0000,1.1070,0.0014,0.5326,0.1701,0.0012,0.0035,0.0000,0.0000,0.0008
2948,39.0751,0.0000,18.1864,4.8426,,true,0,0.008333,0.0000,0.0000,1.00,0.00,0.0000,22,1,335,362,0,0,100,5,16,16,0,0,66403,1937,0,0,898953216,0.000000,0.000000,0.000000,0.00,0,0,0,0,0,20,39,30,15,27,27,27,25,32,37,40,16,0,0.0003,0.0012,0.0525,0.0458,0.0053,0.0029,4.8426,0.0126,0.0000,1.0323,0.0004,0.5118,0.1691,0.0007,0.0004,0.0000,0.0000,0.0003
2949,39.0922,0.0000,16.8029,5.1607,,true,0,0.008333,0.0000,0.0000,1.00,0.00,0.0000,22,1,335,362,0,0,100,5,16,16,0,0,66403,1937,0,0,898953216,0.000000,0.000000,0.000000,0.00,0,0,0,0,0,20,39,30,15,27,27,27,25,32,37,40,16,0,0.0003,0.0019,0.0443,0.0414,0.0042,0.0045,5.1607,0.0176,0.0000,1.0085,0.0004,0.5108,0.1704,0.0007,0.0003,0.0000,0.0000,0.0002
2950,39.1087,0.0000,15.8587,5.0717,,true,0,0.008333,0.0000,0.0000,1.00,0.00,0.0000,22,1,335,362,0,0,100,5,16,16,0,0,66403,1937,0,0,898953216,0.000000,0.000000,0.000000,0.00,0,0,0,0,0,20,39,30,15,27,27,27,25,32,37,40,16,0,0.0002,0.0014,0.0362,0.0429,0.0058,0.0042,5.0717,0.0096,0.0000,1.0252,0.0004,0.4802,0.1257,0.0018,0.0005,0.0000,0.0000,0.0006
2951,39.1257,0.0000,16.9771,5.3567,,true,0,0.008333,0.0000,0.0000,1.00,0.00,0.0000,22,1,335,362,0,0,100,5,16,16,0,0,66403,1937,0,0,898953216,0.000000,0.000000,0.000000,0.00,0,0,0,0,0,20,39,30,15,27,27,27,25,32,37,40,16,0,0.0009,0.0021,0.0608,0.0544,0.0032,0.0059,5.3567,0.0149,0.0000,1.1305,0.0005,0.5531,0.1176,0.0011,0.0003,0.0000,0.0000,0.0004
2952,39.1428,0.0000,15.8629,5.8410,,true,0,0.008333,0.0000,0.0000,1.00,0.00,0.0000,22,1,335,362,0,0,100,5,16,16,0,0,66403,1937,0,0,898953216,0.000000,0.000000,0.000000,0.00,0,0,0,0,0,20,39,30,15,27,27,27,25,32,37,40,16,0,0.0003,0.0018,0.0419,0.0587,0.0049,0.0051,5.8410,0.0251,0.0000,1.1064,0.0005,0.5652,0.1714,0.0020,0.0007,0.0000,0.0000,0.0004
2953,39.1584,0.0000,17.4854,4.7725,,true,0,0.008333,0.0000,0.0000,1.00,0.00,0.0000,22,1,335,362,0,0,100,5,16,16,0,0,66403,1937,0,0,898953216,0.000000,0.000000,0.000000,0.00,0,0,0,0,0,20,39,30,15,27,27,27,25,32,37,40,16,0,0.0009,0.0042,0.0338,0.0439,0.0054,0.0103,4.7725,0.0132,0.0000,0.8137,0.0003,0.4046,0.1388,0.0008,0.0004,0.0000,0.0000,0.0004
2954,39.1755,0.0000,16.8612,5.2436,,true,0,0.008333,0.0000,0.0000,1.00,0.00,0.0000,22,1,335,362,0,0,100,5,16,16,0,0,66403,1937,0,0,898953216,0.000000,0.000000,0.000000,0.00,0,0,0,0,0,20,39,30,15,27,27,27,25,32,37,40,16,0,0.0005,0.0015,0.0482,0.0411,0.0057,0.0053,5.2436,0.0150,0.0000,1.1285,0.0003,0.5490,0.1523,0.0010,0.0003,0.0000,0.0000,0.0007
2955,39.1929,0.0000,15.5767,6.0034,,true,0,0.008333,0.0000,0.0000,1.00,0.00,0.0000,22,1,335,362,0,0,100,5,16,16,0,0,66403,1937,0,0,898953216,0.000000,0.000000,0.000000,0.00,0,0,0,0,0,20,39,30,15,27,27,27,25,32,37,40,16,0,0.0008,0.0012,0.0349,0.0718,0.0105,0.0037,6.0034,0.0196,0.0000,0.8719,0.0007,0.3803,0.1721,0.0020,0.0004,0.0000,0.0000,0.0004
2956,39.2136,0.0000,16.8297,9.7975,,true,0,0.008333,0.0000,0.0000,1.00,0.00,0.0000,22,1,335,362,0,0,100,5,16,16,0,0,66403,1937,0,0,898953216,0.000000,0.000000,0.000000,0.00,0,0,0,0,0,20,39,30,15,27,27,27,25,32,37,40,16,0,0.0006,0.0015,0.0484,0.0405,0.0038,0.0036,9.7975,0.0175,0.0000,5.0527,0.0006,0.3931,0.1092,0.5643,0.0007,0.0000,0.0000,3.4977
2957,39.2261,0.0000,19.5634,5.7438,,true,0,0.008333,0.0000,0.0000,1.00,0.00,0.0000,22,1,335,362,0,0,100,5,16,16,0,0,66403,1937,0,0,898953216,0.000000,0.000000,0.000000,0.00,0,0,0,0,0,20,39,30,15,27,27,27,25,32,37,40,16,0,0.0009,0.0023,0.0814,0.0524,0.0065,0.0065,5.7438,0.0198,0.0000,1.1238,0.0004,0.5708,0.1462,0.0010,0.0005,0.0000,0.0000,0.0006
2958,39.2428,0.0000,19.7331,5.8333,,true,0,0.008333,0.0000,0.0000,1.00,0.00,0.0000,22,1,335,362,0,0,100,5,16,16,0,0,66403,1937,0,0,898953216,0.000000,0.000000,0.000000,0.00,0,0,0,0,0,20,39,30,15,27,27,27,25,32,37,40,16,0,0.0002,0.0011,0.0405,0.0371,0.0034,0.0029,5.8333,0.0125,0.0000,1.0076,0.0004,0.5065,0.1698,0.0012,0.0004,0.0000,0.0000,0.0003
2959,39.2590,0.0000,13.4674,5.4439,,true,0,0.008333,0.0000,0.0000,1.00,0.00,0.0000,22,1,335,362,0,0,100,5,16,16,0,0,66403,1937,0,0,898953216,0.000000,0.000000,0.000000,0.00,0,0,0,0,0,20,39,30,15,27,27,27,25,32,37,40,16,0,0.0002,0.0013,0.0501,0.0464,0.0063,0.0047,5.4439,0.0140,0.0000,1.0848,0.0004,0.4771,0.1395,0.0033,0.0008,0.0000,0.0000,0.0003
2960,39.2753,0.0000,15.4491,4.9526,,true,0,0.008333,0.0000,0.0000,1.00,0.00,0.0000,22,1,335,362,0,0,100,5,16,16,0,0,66403,1937,0,0,898953216,0.000000,0.000000,0.000000,0.00,0,0,0,0,0,20,39,30,15,27,27,27,25,32,37,40,16,0,0.0003,0.0016,0.0506,0.0416,0.0050,0.0056,4.9526,0.0107,0.0000,0.7865,0.0006,0.3847,0.1182,0.0014,0.0006,0.0000,0.0000,0.0006
2961,39.2929,0.0000,16.3376,5.8782,,true,0,0.008333,0.0000,0.0000,1.00,0.00,0.0000,22,1,335,362,0,0,100,5,16,16,0,0,66403,1937,0,0,898953216,0.000000,0.000000,0.000000,0.00,0,0,0,0,0,20,39,30,15,27,27,27,25,32,37,40,16,0,0.0003,0.0016,0.0467,0.0497,0.0044,0.0041,5.8782,0.0171,0.0000,1.0946,0.0003,0.5397,0.1447,0.0008,0.0004,0.0000,0.0000,0.0003
2962,39.3093,0.0000,16.4086,5.6921,,true,0,0.008333,0.0000,0.0000,1.00,0.00,0.0000,22,1,335,362,0,0,100,5,16,16,0,0,66403,1937,0,0,898953216,0.000000,0.000000,0.000000,0.00,0,0,0,0,0,20,39,30,15,27,27,27,25,32,37,40,16,0,0.0002,0.0027,0.0321,0.0412,0.0357,0.0058,5.6921,0.0091,0.0000,0.7630,0.0002,0.3652,0.1056,0.0006,0.0004,0.0000,0.0000,0.0004
2963,39.3262,0.0000,18.2912,5.8237,,true,0,0.008333,0.0000,0.0000,1.00,0.00,0.0000,22,1,335,362,0,0,100,5,16,16,0,0,66403,1937,0,0,898953216,0.000000,0.000000,0.000000,0.00,0,0,0,0,0,20,39,30,15,27,27,27,25,32,37,40,16,0,0.0003,0.0013,0.0473,0.0352,0.0037,0.0037,5.8237,0.0148,0.0000,1.1204,0.0005,0.5872,0.1654,0.0014,0.0008,0.0000,0.0000,0.0006
2964,39.3431,0.0000,15.6362,6.1231,,true,0,0.008333,0.0000,0.0000,1.00,0.00,0.0000,22,1,335,362,0,0,100,5,16,16,0,0,66403,1937,0,0,898953216,0.000000,0.000000,0.000000,0.00,0,0,0,0,0,20,39,30,15,27,27,27,25,32,37,40,16,0,0.0004,0.0019,0.0459,0.0453,0.0048,0.0046,6.1231,0.0146,0.0000,1.0966,0.0006,0.5786,0.1573,0.0020,0.0008,0.0000,0.0000,0.0004
2965,39.3595,0.0000,16.2943,5.8815,,true,0,0.008333,0.0000,0.0000,1.00,0.00,0.0000,22,1,335,362,0,0,100,5,16,16,0,0,66403,1937,0,0,898953216,0.000000,0.000000,0.000000,0.00,0,0,0,0,0,20,39,30,15,27,27,27,25,32,37,40,16,0,0.0002,0.0016,0.0295,0.0296,0.0039,0.0026,5.8815,0.0115,0.0000,1.1744,0.0007,0.6840,0.1442,0.0012,0.0007,0.0000,0.0000,0.0003
2966,39.3763,0.0000,17.3175,5.9331,,true,0,0.008333,0.0000,0.0000,1.00,0.00,0.0000,22,1,335,362,0,0,100,5,16,16,0,0,66403,1937,0,0,898953216,0.000000,0.000000,0.000000,0.00,0,0,0,0,0,20,39,30,15,27,27,27,25,32,37,40,16,0,0.0004,0.0014,0.0404,0.0473,0.0062,0.0115,5.9331,0.0174,0.0000,1.0591,0.0004,0.5120,0.1829,0.0017,0.0005,0.0000,0.0000,0.0004
2967,39.3918,0.0000,17.0057,4.9031,,true,0,0.008333,0.0000,0.0000,1.00,0.00,0.0000,22,1,335,362,0,0,100,5,16,16,0,0,66403,1937,0,0,898953216,0.000000,0.000000,0.000000,0.00,0,0,0,0,0,20,39,30,15,27,27,27,25,32,37,40,16,0,0.0003,0.0011,0.0522,0.0328,0.0036,0.0031,4.9031,0.0171,0.0000,0.8076,0.0004,0.4470,0.1024,0.0009,0.0007,0.0000,0.0000,0.0004
2968,39.4096,0.0000,17.0675,5.9585,,true,0,0.008333,0.0000,0.0000,1.00,0.00,0.0000,22,1,335,362,0,0,100,5,16,16,0,0,66403,1937,0,0,898953216,0.000000,0.000000,0.000000,0.00,0,0,0,0,0,20,39,30,15,27,27,27,25,32,37,40,16,0,0.0003,0.0022,0.1014,0.0519,0.0069,0.0071,5.9585,0.0347,0.0000,0.7834,0.0002,0.3869,0.1166,0.0004,0.0006,0.0000,0.0000,0.0006
2969,39.4256,0.0000,15.8020,5.3371,,true,0,0.008333,0.0000,0.0000,1.00,0.00,0.0000,22,1,335,362,0,0,100,5,16,16,0,0,66403,1937,0,0,898953216,0.000000,0.000000,0.000000,0.00,0,0,0,0,0,20,39,30,15,27,27,27,25,32,37,40,16,0,0.0004,0.0016,0.0369,0.0503,0.0044,0.0081,5.3371,0.0123,0.0000,0.8511,0.0002,0.4163,0.1193,0.0006,0.0008,0.0000,0.0000,0.0003
2970,39.4424,0.0000,16.7115,5.4596,,true,0,0.008333,0.0000,0.0000,1.00,0.00,0.0000,22,1,335,362,0,0,100,5,16,16,0,0,66403,1937,0,0,898953216,0.000000,0.000000,0.000000,0.00,0,0,0,0,0,20,39,30,15,27,27,27,25,32,37,40,16,0,0.0003,0.0017,0.0409,0.0513,0.0061,0.0062,5.4596,0.0165,0.0000,0.8386,0.0006,0.4189,0.1319,0.0008,0.0006,0.0000,0.0000,0.0004
2971,39.4599,0.0000,16.3096,6.2146,,true,0,0.008333,0.0000,0.0000,1.00,0.00,0.0000,22,1,335,362,0,0,100,5,16,16,0,0,66403,1937,0,0,898953216,0.000000,0.000000,0.000000,0.00,0,0,0,0,0,20,39,30,15,27,27,27,25,32,37,40,16,0,0.0003,0.0022,0.0467,0.0475,0.0059,0.0092,6.2146,0.0204,0.0000,1.1058,0.0003,0.5718,0.1652,0.0011,0.0006,0.0000,0.0000,0.0005
2972,39.4760,0.0000,16.7575,5.7924,,true,0,0.008333,0.0000,0.0000,1.00,0.00,0.0000,22,1,335,362,0,0,100,5,16,16,0,0,66403,1937,0,0,898953216,0.000000,0.000000,0.000000,0.00,0,0,0,0,0,20,39,30,15,27,27,27,25,32,37,40,16,0,0.0002,0.0010,0.0381,0.0345,0.0215,0.0038,5.7924,0.0129,0.0000,0.8291,0.0002,0.3795,0.1093,0.0021,0.0006,0.0000,0.0000,0.0005
2973,39.4926,0.0000,18.0692,5.6379,,true,0,0.008333,0.0000,0.0000,1.00,0.00,0.0000,22,1,335,362,0,0,100,5,16,16,0,0,66403,1937,0,0,898953216,0.000000,0.000000,0.000000,0.00,0,0,0,0,0,20,39,30,15,27,27,27,25,32,37,40,16,0,0.0002,0.0018,0.0505,0.0386,0.0052,0.0046,5.6379,0.0232,0.0000,0.8877,0.0004,0.4172,0.1331,0.0014,0.0006,0.0000,0.0000,0.0003
2974,39.5096,0.0000,15.9266,5.9359,,true,0,0.008333,0.0000,0.0000,1.00,0.00,0.0000,22,1,335,362,0,0,100,5,16,16,0,0,66403,1937,0,0,898953216,0.000000,0.000000,0.000000,0.00,0,0,0,0,0,20,39,30,15,27,27,27,25,32,37,40,16,0,0.0003,0.0018,0.0464,0.0901,0.0041,0.0035,5.9359,0.0179,0.0000,1.0971,0.0004,0.5191,0.2402,0.0009,0.0011,0.0000,0.0000,0.0005
2975,39.5259,0.0000,17.0010,5.6545,,true,0,0.008333,0.0000,0.0000,1.00,0.00,0.0000,22,1,335,362,0,0,100,5,16,16,0,0,66403,1937,0,0,898953216,0.000000,0.000000,0.000000,0.00,0,0,0,0,0,20,39,30,15,27,27,27,25,32,37,40,16,0,0.0003,0.0012,0.0377,0.0365,0.0035,0.0031,5.6545,0.0121,0.0000,1.0342,0.0003,0.5287,0.1413,0.0007,0.0005,0.0000,0.0000,0.0003
2976,39.5433,0.0000,16.8781,6.3851,,true,0,0.008333,0.0000,0.0000,1.00,0.00,0.0000,22,1,335,362,0,0,100,5,16,16,0,0,66403,1937,0,0,898953216,0.000000,0.000000,0.000000,0.00,0,0,0,0,0,20,39,30,15,27,27,27,25,32,37,40,16,0,0.0004,0.0014,0.0339,0.0350,0.0141,0.0031,6.3851,0.0165,0.0000,0.9276,0.0006,0.4638,0.1475,0.0012,0.0004,0.0000,0.0000,0.0005
2977,39.5599,0.0000,16.1964,6.2455,,true,0,0.008333,0.0000,0.0000,1.00,0.00,0.0000,22,1,335,362,0,0,100,5,16,16,0,0,66403,1937,0,0,898953216,0.000000,0.000000,0.000000,0.00,0,0,0,0,0,20,39,30,15,27,27,27,25,32,37,40,16,0,0.0004,0.0016,0.0400,0.0452,0.0074,0.0029,6.2455,0.0182,0.0000,0.7933,0.0002,0.4133,0.1200,0.0007,0.0005,0.0000,0.0000,0.0003
2978,39.5765,0.0000,17.7357,6.2590,,true,0,0.008333,0.0000,0.0000,1.00,0.00,0.0000,22,1,335,362,0,0,100,5,16,16,0,0,66403,1937,0,0,898953216,0.000000,0.000000,0.000000,0.00,0,0,0,0,0,20,39,30,15,27,27,27,25,32,37,40,16,0,0.0005,0.0031,0.0477,0.0352,0.0093,0.0072,6.2590,0.0124,0.0000,1.1721,0.0003,0.6211,0.1193,0.0012,0.0005,0.0000,0.0000,0.0003
2979,39.5924,0.0000,16.8579,5.5028,,true,0,0.008333,0.0000,0.0000,1.00,0.00,0.0000,22,1,335,362,0,0,100,5,16,16,0,0,66403,1937,0,0,898953216,0.000000,0.000000,0.000000,0.00,0,0,0,0,0,20,39,30,15,27,27,27,25,32,37,40,16,0,0.0004,0.0010,0.0341,0.0335,0.0032,0.0149,5.5028,0.0117,0.0000,0.8623,0.0002,0.4129,0.1132,0.0007,0.0006,0.0000,0.0000,0.0007
2980,39.6085,0.0000,17.0539,4.9236,,true,0,0.008333,0.0000,0.0000,1.00,0.00,0.0000,22,1,335,362,0,0,100,5,16,16,0,0,66403,1937,0,0,898953216,0.000000,0.000000,0.000000,0.00,0,0,0,0,0,20,39,30,15,27,27,27,25,32,37,40,16,0,0.0003,0.0030,0.0424,0.0340,0.0030,0.0030,4.9236,0.0119,0.0000,1.0219,0.0003,0.5017,0.1380,0.0008,0.0004,0.0000,0.0000,0.0003
2981,39.6254,0.0000,15.6502,5.0081,,true,0,0.008333,0.0000,0.0000,1.00,0.00,0.0000,22,1,335,362,0,0,100,5,16,16,0,0,66403,1937,0,0,898953216,0.000000,0.000000,0.000000,0.00,0,0,0,0,0,20,39,30,15,27,27,27,25,32,37,40,16,0,0.0003,0.0122,0.0341,0.0409,0.0044,0.0036,5.0081,0.0194,0.0000,1.0431,0.0004,0.4158,0.1476,0.0012,0.0007,0.0000,0.0000,0.0008
2982,39.6425,0.0000,14.3111,5.4951,,true,0,0.008333,0.0000,0.0000,1.00,0.00,0.0000,22,1,335,362,0,0,100,5,16,16,0,0,66403,1937,0,0,898953216,0.000000,0.000000,0.000000,0.00,0,0,0,0,0,20,39,30,15,27,27,27,25,32,37,40,16,0,0.0002,0.0022,0.0470,0.1184,0.0115,0.0056,5.4951,0.0184,0.0000,1.0545,0.0004,0.5378,0.1327,0.0017,0.0008,0.0000,0.0000,0.0003
2983,39.6591,0.0000,16.7437,5.4819,,true,0,0.008333,0.0000,0.0000,1.00,0.00,0.0000,22,1,335,362,0,0,100,5,16,16,0,0,66403,1937,0,0,898953216,0.000000,0.000000,0.000000,0.00,0,0,0,0,0,20,39,30,15,27,27,27,25,32,37,40,16,0,0.0002,0.0013,0.0378,0.0345,0.0043,0.0028,5.4819,0.0153,0.0000,0.8830,0.0005,0.4300,0.1162,0.0009,0.0003,0.0000,0.0000,0.0006
2984,39.6749,0.0000,17.0870,4.6305,,true,0,0.008333,0.0000,0.0000,1.00,0.00,0.0000,22,1,335,362,0,0,100,5,16,16,0,0,66403,1937,0,0,898953216,0.000000,0.000000,0.000000,0.00,0,0,0,0,0,20,39,30,15,27,27,27,25,32,37,40,16,0,0.0004,0.0012,0.0390,0.0322,0.0040,0.0042,4.6305,0.0117,0.0000,0.8368,0.0006,0.4354,0.1133,0.0011,0.0008,0.0000,0.0000,0.0004
2985,39.6915,0.0000,16.7798,4.5897,,true,0,0.008333,0.0000,0.0000,1.00,0.00,0.0000,22,1,335,362,0,0,100,5,16,16,0,0,66403,1937,0,0,898953216,0.000000,0.000000,0.000000,0.00,0,0,0,0,0,20,39,30,15,27,27,27,25,32,37,40,16,0,0.0010,0.0011,0.0260,0.0342,0.0040,0.0041,4.5897,0.0100,0.0000,0.8242,0.0003,0.4190,0.1201,0.0007,0.0005,0.0000,0.0000,0.0002
2986,39.7091,0.0000,17.0759,5.4887,,true,0,0.008333,0.0000,0.0000,1.00,0.00,0.0000,22,1,335,362,0,0,100,5,16,16,0,0,66403,1937,0,0,898953216,0.000000,0.000000,0.000000,0.00,0,0,0,0,0,20,39,30,15,27,27,27,25,32,37,40,16,0,0.0002,0.0010,0.0494,0.0253,0.0023,0.0027,5.4887,0.0164,0.0000,1.2587,0.0005,0.7029,0.1569,0.0011,0.0006,0.0000,0.0000,0.0005
2987,39.7258,0.0000,15.5961,5.4683,,true,0,0.008333,0.0000,0.0000,1.00,0.00,0.0000,22,1,335,362,0,0,100,5,16,16,0,0,66403,1937,0,0,898953216,0.000000,0.000000,0.000000,0.00,0,0,0,0,0,20,39,30,15,27,27,27,25,32,37,40,16,0,0.0004,0.0013,0.0847,0.0439,0.0044,0.0044,5.4683,0.0202,0.0000,1.0411,0.0004,0.5199,0.1523,0.0013,0.0006,0.0000,0.0000,0.0003
2988,39.7427,0.0000,17.3910,5.7729,,true,0,0.008333,0.0000,0.0000,1.00,0.00,0.0000,22,1,335,362,0,0,100,5,16,16,0,0,66403,1937,0,0,898953216,0.000000,0.000000,0.000000,0.00,0,0,0,0,0,20,39,30,15,27,27,27,25,32,37,40,16,0,0.0002,0.0014,0.0381,0.0462,0.0058,0.0041,5.7729,0.0140,0.0000,1.0742,0.0008,0.5463,0.1578,0.0015,0.0004,0.0000,0.0000,0.0006
2989,39.7591,0.0000,16.6611,5.4080,,true,0,0.008333,0.0000,0.0000,1.00,0.00,0.0000,22,1,335,362,0,0,100,5,16,16,0,0,66403,1937,0,0,898953216,0.000000,0.000000,0.000000,0.00,0,0,0,0,0,20,39,30,15,27,27,27,25,32,37,40,16,0,0.0002,0.0014,0.0546,0.0312,0.0038,0.0024,5.4080,0.0141,0.0000,1.0619,0.0003,0.5479,0.1502,0.0008,0.0009,0.0000,0.0000,0.0003
2990,39.7756,0.0000,16.5520,5.3273,,true,0,0.008333,0.0000,0.0000,1.00,0.00,0.0000,22,1,335,362,0,0,100,5,16,16,0,0,66403,1937,0,0,898953216,0.000000,0.000000,0.000000,0.00,0,0,0,0,0,20,39,30,15,27,27,27,25,32,37,40,16,0,0.0003,0.0013,0.0350,0.0392,0.0046,0.0028,5.3273,0.0125,0.0000,0.9266,0.0003,0.4504,0.1137,0.0010,0.0010,0.0000,0.0000,0.0012
2991,39.7925,0.0000,17.7272,5.5650,,true,0,0.008333,0.0000,0.0000,1.00,0.00,0.0000,22,1,335,362,0,0,100,5,16,16,0,0,66403,1937,0,0,898953216,0.000000,0.000000,0.000000,0.00,0,0,0,0,0,20,39,30,15,27,27,27,25,32,37,40,16,0,0.0002,0.0012,0.0437,0.0368,0.0038,0.0030,5.5650,0.0122,0.0000,0.9999,0.0003,0.5250,0.1431,0.0010,0.0007,0.0000,0.0000,0.0003
2992,39.8088,0.0000,16.2118,5.2276,,true,0,0.008333,0.0000,0.0000,1.00,0.00,0.0000,22,1,335,362,0,0,100,5,16,16,0,0,66403,1937,0,0,898953216,0.000000,0.000000,0.000000,0.00,0,0,0,0,0,20,39,30,15,27,27,27,25,32,37,40,16,0,0.0004,0.0013,0.0363,0.0378,0.0035,0.0031,5.2276,0.0113,0.0000,1.0272,0.0004,0.5246,0.1623,0.0013,0.0004,0.0000,0.0000,0.0004
2993,39.8262,0.0000,16.2551,5.8376,,true,0,0.008333,0.0000,0.0000,1.00,0.00,0.0000,22,1,335,362,0,0,100,5,16,16,0,0,66403,1937,0,0,898953216,0.000000,0.000000,0.000000,0.00,0,0,0,0,0,20,39,30,15,27,27,27,25,32,37,40,16,0,0.0003,0.0021,0.0359,0.0428,0.0040,0.0030,5.8376,0.0165,0.0000,0.9531,0.0006,0.4158,0.1315,0.0017,0.0005,0.0000,0.0000,0.0008
2994,39.8433,0.0000,16.8024,6.3013,,true,0,0.008333,0.0000,0.0000,1.00,0.00,0.0000,22,1,335,362,0,0,100,5,16,16,0,0,66403,1937,0,0,898953216,0.000000,0.000000,0.000000,0.00,0,0,0,0,0,20,39,30,15,27,27,27,25,32,37,40,16,0,0.0004,0.0024,0.0464,0.0838,0.0067,0.0051,6.3013,0.0233,0.0000,1.1013,0.0006,0.5419,0.1737,0.0019,0.0059,0.0000,0.0000,0.0004
2995,39.8596,0.0000,16.5951,5.9937,,true,0,0.008333,0.0000,0.0000,1.00,0.00,0.0000,22,1,335,362,0,0,100,5,16,16,0,0,66403,1937,0,0,898953216,0.000000,0.000000,0.000000,0.00,0,0,0,0,0,20,39,30,15,27,27,27,25,32,37,40,16,0,0.0002,0.0021,0.0414,0.0463,0.0056,0.0039,5.9937,0.0174,0.0000,1.4641,0.0003,0.7688,0.2384,0.0008,0.0003,0.0000,0.0000,0.0009
2996,39.8753,0.0000,17.1345,5.0880,,true,0,0.008333,0.0000,0.0000,1.00,0.00,0.0000,22,1,335,362,0,0,100,5,16,16,0,0,66403,1937,0,0,898953216,0.000000,0.000000,0.000000,0.00,0,0,0,0,0,20,39,30,15,27,27,27,25,32,37,40,16,0,0.0006,0.0012,0.0523,0.0425,0.0054,0.0040,5.0880,0.0216,0.0000,1.0529,0.0005,0.5679,0.1410,0.0019,0.0008,0.0000,0.0000,0.0003
2997,39.8920,0.0000,16.4600,5.0745,,true,0,0.008333,0.0000,0.0000,1.00,0.00,0.0000,22,1,335,362,0,0,100,5,16,16,0,0,66403,1937,0,0,898953216,0.000000,0.000000,0.000000,0.00,0,0,0,0,0,20,39,30,15,27,27,27,25,32,37,40,16,0,0.0003,0.0011,0.0298,0.0355,0.0038,0.0049,5.0745,0.0112,0.0000,0.8228,0.0003,0.4170,0.1176,0.0007,0.0007,0.0000,0.0000,0.0003
2998,39.9090,0.0000,16.5984,5.4526,,true,0,0.008333,0.0000,0.0000,1.00,0.00,0.0000,22,1,335,362,0,0,100,5,16,16,0,0,66403,1937,0,0,898953216,0.000000,0.000000,0.000000,0.00,0,0,0,0,0,20,39,30,15,27,27,27,25,32,37,40,16,0,0.0002,0.0012,0.0343,0.0566,0.0062,0.0045,5.4526,0.0110,0.0000,1.0594,0.0005,0.5683,0.1550,0.0017,0.0012,0.0000,0.0000,0.0002
2999,39.9255,0.0000,15.3439,5.2332,,true,0,0.008333,0.0000,0.0000,1.00,0.00,0.0000,22,1,335,362,0,0,100,5,16,16,0,0,66403,1937,0,0,898953216,0.000000,0.000000,0.000000,0.00,0,0,0,0,0,20,39,30,15,27,27,27,25,32,37,40,16,0,0.0003,0.0013,0.0718,0.0260,0.0029,0.0026,5.2332,0.0124,0.0000,1.0152,0.0003,0.5269,0.1481,0.0010,0.0008,0.0000,0.0000,0.0004
3000,39.9427,0.0000,17.6649,5.7381,,true,0,0.008333,0.0000,0.0000,1.00,0.00,0.0000,22,1,335,362,0,0,100,5,16,16,0,0,66403,1937,0,0,898953216,0.000000,0.000000,0.000000,0.00,0,0,0,0,0,20,39,30,15,27,27,27,25,32,37,40,16,0,0.0002,0.0019,0.0363,0.0427,0.0044,0.0047,5.7381,0.0142,0.0000,1.0843,0.0003,0.5637,0.1535,0.0011,0.0003,0.0000,0.0000,0.0005
3001,39.9641,0.0000,15.7828,10.5206,,true,0,0.008333,0.0000,0.0000,1.00,0.00,0.0000,22,1,335,362,0,0,100,5,16,16,0,0,66403,1937,0,0,898953216,0.000000,0.000000,0.000000,0.00,0,0,0,0,0,20,39,30,15,27,27,27,25,32,37,40,16,0,0.0006,0.0014,0.0396,0.0417,0.0053,0.0036,10.5206,0.0102,0.0000,6.2295,0.0002,0.3777,0.0947,0.5505,0.0006,0.0000,0.0000,4.8782
3002,39.9755,0.0000,17.1133,5.2611,,true,0,0.008333,0.0000,0.0000,1.00,0.00,0.0000,22,1,335,362,0,0,100,5,16,16,0,0,66403,1937,0,0,898953216,0.000000,0.000000,0.000000,0.00,0,0,0,0,0,20,39,30,15,27,27,27,25,32,37,40,16,0,0.0002,0.0013,0.0334,0.0426,0.0038,0.0038,5.2611,0.0076,0.0000,0.7787,0.0003,0.3851,0.1010,0.0007,0.0004,0.0000,0.0000,0.0006
3003,39.9928,0.0000,21.1008,5.8976,,true,0,0.008333,0.0000,0.0000,1.00,0.00,0.0000,22,1,335,362,0,0,100,5,16,16,0,0,66403,1937,0,0,898953216,0.000000,0.000000,0.000000,0.00,0,0,0,0,0,20,39,30,15,27,27,27,25,32,37,40,16,0,0.0002,0.0015,0.0493,0.0344,0.0039,0.0037,5.8976,0.0136,0.0000,0.9855,0.0005,0.5168,0.1449,0.0008,0.0007,0.0000,0.0000,0.0002
3004,40.0086,0.0000,13.8350,5.0376,,true,0,0.008333,0.0000,0.0000,1.00,0.00,0.0000,22,1,335,362,0,0,100,5,16,16,0,0,66403,1937,0,0,898953216,0.000000,0.000000,0.000000,0.00,0,0,0,0,0,20,39,30,15,27,27,27,25,32,37,40,16,0,0.0002,0.0011,0.0413,0.0301,0.0038,0.0026,5.0376,0.0128,0.0000,0.9863,0.0003,0.5201,0.1366,0.0009,0.0010,0.0000,0.0000,0.0002
3005,40.0257,0.0000,16.1227,5.3777,,true,0,0.008333,0.0000,0.0000,1.00,0.00,0.0000,22,1,335,362,0,0,100,5,16,16,0,0,66403,1937,0,0,898953216,0.000000,0.000000,0.000000,0.00,0,0,0,0,0,20,39,30,15,27,27,27,25,32,37,40,16,0,0.0002,0.0018,0.0414,0.0361,0.0034,0.0044,5.3777,0.0147,0.0000,1.0480,0.0004,0.5354,0.1567,0.0011,0.0003,0.0000,0.0000,0.0001
3006,40.0427,0.0000,15.4287,5.6262,,true,0,0.008333,0.0000,0.0000,1.00,0.00,0.0000,22,1,335,362,0,0,100,5,16,16,0,0,66403,1937,0,0,898953216,0.000000,0.000000,0.000000,0.00,0,0,0,0,0,20,39,30,15,27,27,27,25,32,37,40,16,0,0.0002,0.0023,0.0511,0.0289,0.0038,0.0054,5.6262,0.0156,0.0000,1.0509,0.0011,0.5089,0.1510,0.0009,0.0013,0.0000,0.0000,0.0006
3007,40.0589,0.0000,16.7975,5.2705,,true,0,0.008333,0.0000,0.0000,1.00,0.00,0.0000,22,1,335,362,0,0,100,5,16,16,0,0,66403,1937,0,0,898953216,0.000000,0.000000,0.000000,0.00,0,0,0,0,0,20,39,30,15,27,27,27,25,32,37,40,16,0,0.0002,0.0013,0.0372,0.0474,0.0072,0.0031,5.2705,0.0145,0.0000,0.8616,0.0008,0.4102,0.1296,0.0012,0.0007,0.0000,0.0000,0.0004
3008,40.0761,0.0000,17.2143,5.7458,,true,0,0.008333,0.0000,0.0000,1.00,0.00,0.0000,22,1,335,362,0,0,100,5,16,16,0,0,66403,1937,0,0,898953216,0.000000,0.000000,0.000000,0.00,0,0,0,0,0,20,39,30,15,27,27,27,25,32,37,40,16,0,0.0002,0.0016,0.0439,0.0480,0.0067,0.0063,5.7458,0.0098,0.0000,1.1664,0.0002,0.6225,0.1438,0.0010,0.0003,0.0000,0.0000,0.0003
3009,40.0919,0.0000,16.3596,4.8920,,true,0,0.008333,0.0000,0.0000,1.00,0.00,0.0000,22,1,335,362,0,0,100,5,16,16,0,0,66403,1937,0,0,898953216,0.000000,0.000000,0.000000,0.00,0,0,0,0,0,20,39,30,15,27,27,27,25,32,37,40,16,0,0.0003,0.0016,0.0288,0.0447,0.0047,0.0031,4.8920,0.0087,0.0000,0.9167,0.0002,0.3923,0.0989,0.0010,0.0004,0.0000,0.0000,0.0005
3010,40.1085,0.0000,18.8381,4.9241,,true,0,0.008333,0.0000,0.0000,1.00,0.00,0.0000,22,1,335,362,0,0,100,5,16,16,0,0,66403,1937,0,0,898953216,0.000000,0.000000,0.000000,0.00,0,0,0,0,0,20,39,30,15,27,27,27,25,32,37,40,16,0,0.0003,0.0012,0.0323,0.0356,0.0113,0.0022,4.9241,0.0099,0.0000,1.0947,0.0003,0.5751,0.0979,0.0005,0.0002,0.0000,0.0000,0.0004
3011,40.1257,0.0000,15.0676,5.2897,,true,0,0.008333,0.0000,0.0000,1.00,0.00,0.0000,22,1,335,362,0,0,100,5,16,16,0,0,66403,1937,0,0,898953216,0.000000,0.000000,0.000000,0.00,0,0,0,0,0,20,39,30,15,27,27,27,25,32,37,40,16,0,0.0003,0.0018,0.0391,0.0588,0.0058,0.0046,5.2897,0.0192,0.0000,1.1129,0.0002,0.4797,0.1216,0.0010,0.0003,0.0000,0.0000,0.0005
3012,40.1430,0.0000,15.4815,5.9619,,true,0,0.008333,0.0000,0.0000,1.00,0.00,0.0000,22,1,335,362,0,0,100,5,16,16,0,0,66403,1937,0,0,898953216,0.000000,0.000000,0.000000,0.00,0,0,0,0,0,20,39,30,15,27,27,27,25,32,37,40,16,0,0.0005,0.0023,0.0456,0.0413,0.0037,0.0060,5.9619,0.0161,0.0000,1.0038,0.0006,0.3986,0.1355,0.0019,0.0004,0.0000,0.0000,0.0006
3013,40.1596,0.0000,16.8965,5.9599,,true,0,0.008333,0.0000,0.0000,1.00,0.00,0.0000,22,1,335,362,0,0,100,5,16,16,0,0,66403,1937,0,0,898953216,0.000000,0.000000,0.000000,0.00,0,0,0,0,0,20,39,30,15,27,27,27,25,32,37,40,16,0,0.0003,0.0014,0.0400,0.0850,0.0113,0.0030,5.9599,0.0134,0.0000,1.0245,0.0004,0.5222,0.1313,0.0008,0.0004,0.0000,0.0000,0.0003
3014,40.1761,0.0000,18.7303,5.7769,,true,0,0.008333,0.0000,0.0000,1.00,0.00,0.0000,22,1,335,362,0,0,100,5,16,16,0,0,66403,1937,0,0,898953216,0.000000,0.000000,0.000000,0.00,0,0,0,0,0,20,39,30,15,27,27,27,25,32,37,40,16,0,0.0002,0.0009,0.0321,0.0356,0.0048,0.0025,5.7769,0.0127,0.0000,0.7529,0.0004,0.3743,0.1130,0.0015,0.0004,0.0000,0.0000,0.0004
3015,40.1926,0.0000,16.3300,5.6874,,true,0,0.008333,0.0000,0.0000,1.00,0.00,0.0000,22,1,335,362,0,0,100,5,16,16,0,0,66403,1937,0,0,898953216,0.000000,0.000000,0.000000,0.00,0,0,0,0,0,20,39,30,15,27,27,27,25,32,37,40,16,0,0.0002,0.0007,0.0534,0.0574,0.0077,0.0030,5.6874,0.0197,0.0000,1.3169,0.0003,0.7104,0.1941,0.0013,0.0006,0.0000,0.0000,0.0002
3016,40.2089,0.0000,17.0109,5.2728,,true,0,0.008333,0.0000,0.0000,1.00,0.00,0.0000,22,1,335,362,0,0,100,5,16,16,0,0,66403,1937,0,0,898953216,0.000000,0.000000,0.000000,0.00,0,0,0,0,0,20,39,30,15,27,27,27,25,32,37,40,16,0,0.0002,0.0009,0.0429,0.0458,0.0035,0.0028,5.2728,0.0130,0.0000,1.0226,0.0003,0.5420,0.1414,0.0010,0.0004,0.0000,0.0000,0.0005
